datetime	theta10	theta20	theta30	theta40
2019-09-12T10:27:58Z	0.152	0.098	0.063	0.091
2019-09-12T10:28:05Z	0.152	0.099	0.063	0.091
2019-09-12T10:48:13Z	0.151	0.098	0.063	0.091
2019-09-12T11:08:20Z	0.151	0.099	0.063	0.091
2019-09-12T11:28:27Z	0.151	0.099	0.064	0.091
2019-09-12T11:48:34Z	0.151	0.099	0.063	0.091
2019-09-12T12:08:41Z	0.151	0.099	0.063	0.091
2019-09-12T12:28:49Z	0.151	0.099	0.063	0.091
2019-09-12T12:48:56Z	0.151	0.099	0.063	0.091
2019-09-12T13:09:03Z	0.15	0.099	0.063	0.091
2019-09-12T13:29:10Z	0.15	0.099	0.063	0.091
2019-09-12T13:49:18Z	0.149	0.099	0.063	0.091
2019-09-12T14:09:25Z	0.149	0.099	0.063	0.091
2019-09-12T14:29:33Z	0.147	0.1	0.064	0.091
2019-09-12T14:49:40Z	0.146	0.1	0.064	0.091
2019-09-12T15:09:47Z	0.144	0.1	0.064	0.091
2019-09-12T15:29:54Z	0.144	0.1	0.064	0.091
2019-09-12T15:50:02Z	0.142	0.1	0.064	0.091
2019-09-12T16:10:09Z	0.141	0.1	0.064	0.091
2019-09-12T16:30:16Z	0.139	0.1	0.064	0.091
2019-09-12T16:50:24Z	0.136	0.1	0.064	0.091
2019-09-12T17:10:31Z	0.136	0.1	0.064	0.091
2019-09-12T17:30:38Z	0.134	0.1	0.065	0.091
2019-09-12T17:50:45Z	0.133	0.1	0.065	0.091
2019-09-12T18:10:52Z	0.132	0.101	0.065	0.091
2019-09-12T18:31:00Z	0.131	0.101	0.065	0.091
2019-09-12T18:51:07Z	0.13	0.101	0.065	0.091
2019-09-12T19:11:14Z	0.129	0.102	0.065	0.091
2019-09-12T19:31:21Z	0.128	0.102	0.065	0.091
2019-09-12T19:51:28Z	0.127	0.102	0.065	0.091
2019-09-12T20:11:35Z	0.126	0.102	0.065	0.091
2019-09-12T20:31:43Z	0.125	0.103	0.065	0.091
2019-09-12T20:51:50Z	0.123	0.105	0.065	0.091
2019-09-12T21:11:57Z	0.123	0.105	0.065	0.091
2019-09-12T21:32:04Z	0.122	0.105	0.065	0.091
2019-09-12T21:52:11Z	0.122	0.105	0.066	0.091
2019-09-12T22:12:18Z	0.121	0.105	0.066	0.091
2019-09-12T22:32:25Z	0.121	0.105	0.066	0.091
2019-09-12T22:52:33Z	0.12	0.105	0.066	0.091
2019-09-12T23:12:40Z	0.12	0.105	0.066	0.091
2019-09-12T23:32:47Z	0.12	0.106	0.066	0.091
2019-09-12T23:52:54Z	0.119	0.105	0.066	0.091
2019-09-13T00:13:01Z	0.119	0.106	0.066	0.091
2019-09-13T00:33:08Z	0.119	0.106	0.066	0.091
2019-09-13T00:53:15Z	0.119	0.105	0.066	0.091
2019-09-13T01:13:22Z	0.119	0.105	0.066	0.091
2019-09-13T01:33:30Z	0.117	0.105	0.066	0.091
2019-09-13T01:53:37Z	0.117	0.105	0.066	0.091
2019-09-13T02:13:44Z	0.118	0.105	0.066	0.091
2019-09-13T02:33:51Z	0.117	0.105	0.066	0.091
2019-09-13T02:53:58Z	0.117	0.105	0.066	0.091
2019-09-13T03:14:05Z	0.117	0.105	0.066	0.091
2019-09-13T03:34:12Z	0.118	0.105	0.067	0.091
2019-09-13T03:54:19Z	0.118	0.105	0.067	0.091
2019-09-13T04:14:26Z	0.117	0.105	0.067	0.091
2019-09-13T04:34:34Z	0.118	0.105	0.067	0.091
2019-09-13T04:54:41Z	0.118	0.104	0.067	0.091
2019-09-13T05:14:48Z	0.117	0.104	0.067	0.091
2019-09-13T05:34:55Z	0.117	0.104	0.067	0.091
2019-09-13T05:55:02Z	0.117	0.104	0.067	0.091
2019-09-13T06:15:09Z	0.117	0.103	0.067	0.091
2019-09-13T06:35:16Z	0.116	0.103	0.067	0.091
2019-09-13T06:55:23Z	0.116	0.103	0.067	0.091
2019-09-13T07:15:31Z	0.116	0.103	0.068	0.091
2019-09-13T07:35:38Z	0.116	0.103	0.068	0.091
2019-09-13T07:55:45Z	0.116	0.102	0.068	0.091
2019-09-13T08:15:52Z	0.116	0.102	0.068	0.091
2019-09-13T08:35:59Z	0.116	0.102	0.068	0.091
2019-09-13T08:56:07Z	0.116	0.101	0.068	0.091
2019-09-13T09:16:14Z	0.116	0.101	0.068	0.091
2019-09-13T09:36:21Z	0.116	0.1	0.068	0.091
2019-09-13T09:56:28Z	0.116	0.101	0.068	0.09
2019-09-13T10:16:36Z	0.116	0.1	0.068	0.09
2019-09-13T10:36:43Z	0.117	0.1	0.068	0.09
2019-09-13T10:56:50Z	0.116	0.1	0.068	0.09
2019-09-13T11:16:58Z	0.116	0.1	0.068	0.09
2019-09-13T11:37:05Z	0.116	0.1	0.069	0.09
2019-09-13T11:57:12Z	0.116	0.1	0.069	0.091
2019-09-13T12:17:19Z	0.116	0.1	0.069	0.091
2019-09-13T12:37:27Z	0.116	0.1	0.069	0.091
2019-09-13T12:57:34Z	0.115	0.098	0.069	0.09
2019-09-13T13:17:41Z	0.116	0.098	0.069	0.091
2019-09-13T13:37:48Z	0.116	0.099	0.069	0.091
2019-09-13T13:57:56Z	0.116	0.098	0.068	0.091
2019-09-13T14:18:03Z	0.116	0.098	0.069	0.091
2019-09-13T14:38:10Z	0.116	0.098	0.069	0.091
2019-09-13T14:58:18Z	0.116	0.098	0.068	0.091
2019-09-13T15:18:25Z	0.116	0.098	0.068	0.091
2019-09-13T15:38:32Z	0.116	0.097	0.068	0.091
2019-09-13T15:58:39Z	0.116	0.097	0.069	0.091
2019-09-13T16:18:47Z	0.116	0.097	0.069	0.091
2019-09-13T16:38:54Z	0.116	0.097	0.069	0.091
2019-09-13T16:59:01Z	0.116	0.097	0.069	0.091
2019-09-13T17:19:08Z	0.117	0.097	0.069	0.091
2019-09-13T17:39:16Z	0.117	0.097	0.069	0.091
2019-09-13T17:59:23Z	0.117	0.097	0.069	0.091
2019-09-13T18:19:30Z	0.117	0.096	0.069	0.091
2019-09-13T18:39:37Z	0.118	0.096	0.069	0.091
2019-09-13T18:59:44Z	0.118	0.096	0.069	0.091
2019-09-13T19:19:51Z	0.118	0.096	0.069	0.091
2019-09-13T19:39:58Z	0.118	0.096	0.069	0.091
2019-09-13T20:00:06Z	0.118	0.096	0.07	0.091
2019-09-13T20:20:13Z	0.118	0.096	0.069	0.091
2019-09-13T20:40:20Z	0.118	0.096	0.07	0.091
2019-09-13T21:00:27Z	0.119	0.096	0.07	0.091
2019-09-13T21:20:34Z	0.119	0.096	0.069	0.091
2019-09-13T21:40:41Z	0.119	0.096	0.07	0.091
2019-09-13T22:00:48Z	0.12	0.096	0.07	0.091
2019-09-13T22:20:55Z	0.119	0.096	0.07	0.091
2019-09-13T22:41:02Z	0.119	0.096	0.07	0.091
2019-09-13T23:01:09Z	0.12	0.096	0.07	0.091
2019-09-13T23:21:17Z	0.12	0.096	0.07	0.091
2019-09-13T23:41:24Z	0.12	0.096	0.07	0.091
2019-09-14T00:01:31Z	0.12	0.096	0.07	0.091
2019-09-14T00:21:38Z	0.12	0.096	0.07	0.091
2019-09-14T00:41:45Z	0.12	0.096	0.07	0.091
2019-09-14T01:01:52Z	0.12	0.096	0.07	0.091
2019-09-14T01:21:59Z	0.12	0.096	0.07	0.091
2019-09-14T01:42:06Z	0.121	0.096	0.07	0.091
2019-09-14T02:02:13Z	0.12	0.096	0.07	0.091
2019-09-14T02:22:20Z	0.121	0.096	0.07	0.091
2019-09-14T02:42:27Z	0.121	0.096	0.07	0.091
2019-09-14T03:02:34Z	0.121	0.096	0.07	0.091
2019-09-14T03:22:41Z	0.121	0.096	0.071	0.091
2019-09-14T03:42:48Z	0.121	0.096	0.07	0.091
2019-09-14T04:02:55Z	0.121	0.096	0.071	0.091
2019-09-14T04:23:02Z	0.121	0.096	0.071	0.091
2019-09-14T04:43:09Z	0.121	0.096	0.071	0.091
2019-09-14T05:03:16Z	0.121	0.096	0.071	0.091
2019-09-14T05:23:23Z	0.121	0.096	0.071	0.091
2019-09-14T05:43:30Z	0.121	0.096	0.071	0.091
2019-09-14T06:03:37Z	0.121	0.096	0.071	0.091
2019-09-14T06:23:45Z	0.121	0.095	0.071	0.091
2019-09-14T06:43:52Z	0.121	0.096	0.071	0.091
2019-09-14T07:03:59Z	0.121	0.095	0.071	0.091
2019-09-14T07:24:06Z	0.122	0.096	0.071	0.091
2019-09-14T07:44:13Z	0.121	0.096	0.071	0.091
2019-09-14T08:04:20Z	0.122	0.096	0.071	0.091
2019-09-14T08:24:28Z	0.122	0.096	0.071	0.091
2019-09-14T08:44:35Z	0.121	0.096	0.071	0.091
2019-09-14T09:04:42Z	0.121	0.095	0.07	0.09
2019-09-14T09:24:49Z	0.121	0.095	0.07	0.09
2019-09-14T09:44:57Z	0.121	0.095	0.07	0.09
2019-09-14T10:05:04Z	0.121	0.095	0.07	0.09
2019-09-14T10:25:11Z	0.121	0.095	0.07	0.09
2019-09-14T10:45:18Z	0.122	0.095	0.071	0.09
2019-09-14T11:05:26Z	0.121	0.095	0.071	0.09
2019-09-14T11:25:33Z	0.121	0.095	0.07	0.09
2019-09-14T11:45:40Z	0.121	0.095	0.071	0.09
2019-09-14T12:05:48Z	0.121	0.095	0.071	0.09
2019-09-14T12:25:55Z	0.121	0.095	0.071	0.09
2019-09-14T12:46:02Z	0.122	0.095	0.071	0.09
2019-09-14T13:06:10Z	0.122	0.095	0.071	0.09
2019-09-14T13:26:17Z	0.121	0.095	0.071	0.09
2019-09-14T13:46:24Z	0.122	0.095	0.071	0.09
2019-09-14T14:06:32Z	0.122	0.095	0.071	0.09
2019-09-14T14:26:39Z	0.121	0.095	0.071	0.09
2019-09-14T14:46:46Z	0.122	0.095	0.072	0.09
2019-09-14T15:06:54Z	0.122	0.095	0.072	0.09
2019-09-14T15:27:01Z	0.122	0.096	0.072	0.09
2019-09-14T15:47:08Z	0.122	0.095	0.072	0.09
2019-09-14T16:07:16Z	0.121	0.095	0.072	0.09
2019-09-14T16:27:23Z	0.122	0.096	0.072	0.091
2019-09-14T16:47:30Z	0.122	0.096	0.072	0.091
2019-09-14T17:07:37Z	0.122	0.096	0.073	0.091
2019-09-14T17:27:45Z	0.122	0.096	0.073	0.091
2019-09-14T17:47:52Z	0.122	0.096	0.073	0.091
2019-09-14T18:07:59Z	0.123	0.096	0.073	0.091
2019-09-14T18:28:06Z	0.123	0.096	0.074	0.091
2019-09-14T18:48:13Z	0.122	0.096	0.073	0.091
2019-09-14T19:08:20Z	0.123	0.097	0.073	0.091
2019-09-14T19:28:28Z	0.123	0.096	0.074	0.091
2019-09-14T19:48:35Z	0.123	0.096	0.074	0.091
2019-09-14T20:08:42Z	0.123	0.096	0.073	0.091
2019-09-14T20:28:49Z	0.123	0.096	0.074	0.091
2019-09-14T20:48:56Z	0.123	0.096	0.074	0.091
2019-09-14T21:09:03Z	0.123	0.096	0.074	0.091
2019-09-14T21:29:10Z	0.123	0.096	0.074	0.091
2019-09-14T21:49:17Z	0.124	0.096	0.074	0.091
2019-09-14T22:09:24Z	0.123	0.097	0.074	0.091
2019-09-14T22:29:31Z	0.123	0.097	0.074	0.091
2019-09-14T22:49:38Z	0.123	0.097	0.074	0.091
2019-09-14T23:09:45Z	0.123	0.097	0.074	0.091
2019-09-14T23:29:52Z	0.123	0.096	0.074	0.091
2019-09-14T23:49:59Z	0.123	0.096	0.074	0.091
2019-09-15T00:10:06Z	0.123	0.097	0.074	0.091
2019-09-15T00:30:13Z	0.123	0.097	0.074	0.091
2019-09-15T00:50:20Z	0.123	0.096	0.074	0.091
2019-09-15T01:10:27Z	0.123	0.096	0.074	0.091
2019-09-15T01:30:34Z	0.123	0.097	0.074	0.091
2019-09-15T01:50:42Z	0.123	0.097	0.074	0.091
2019-09-15T02:10:49Z	0.123	0.097	0.074	0.091
2019-09-15T02:30:56Z	0.123	0.097	0.074	0.091
2019-09-15T02:51:03Z	0.123	0.097	0.074	0.091
2019-09-15T03:11:10Z	0.124	0.097	0.074	0.091
2019-09-15T03:31:17Z	0.124	0.097	0.074	0.091
2019-09-15T03:51:24Z	0.123	0.097	0.074	0.091
2019-09-15T04:11:31Z	0.124	0.097	0.074	0.091
2019-09-15T04:31:38Z	0.124	0.097	0.075	0.091
2019-09-15T04:51:45Z	0.123	0.097	0.074	0.091
2019-09-15T05:11:52Z	0.123	0.097	0.074	0.091
2019-09-15T05:31:59Z	0.124	0.097	0.075	0.091
2019-09-15T05:52:06Z	0.124	0.097	0.074	0.091
2019-09-15T06:12:14Z	0.124	0.097	0.074	0.091
2019-09-15T06:32:21Z	0.123	0.096	0.074	0.091
2019-09-15T06:52:28Z	0.123	0.096	0.074	0.091
2019-09-15T07:12:35Z	0.124	0.096	0.074	0.091
2019-09-15T07:32:42Z	0.124	0.096	0.074	0.09
2019-09-15T07:52:49Z	0.123	0.096	0.074	0.09
2019-09-15T08:12:57Z	0.124	0.096	0.074	0.09
2019-09-15T08:33:04Z	0.124	0.096	0.074	0.09
2019-09-15T08:53:11Z	0.124	0.096	0.074	0.09
2019-09-15T09:13:18Z	0.124	0.096	0.074	0.09
2019-09-15T09:33:25Z	0.123	0.096	0.074	0.09
2019-09-15T09:53:33Z	0.123	0.096	0.074	0.09
2019-09-15T10:13:40Z	0.123	0.096	0.074	0.09
2019-09-15T10:33:47Z	0.123	0.096	0.074	0.09
2019-09-15T10:53:54Z	0.123	0.096	0.075	0.09
2019-09-15T11:14:02Z	0.123	0.096	0.074	0.09
2019-09-15T11:34:09Z	0.123	0.096	0.074	0.09
2019-09-15T11:54:16Z	0.123	0.096	0.074	0.09
2019-09-15T12:14:23Z	0.123	0.096	0.074	0.09
2019-09-15T12:34:31Z	0.123	0.095	0.074	0.09
2019-09-15T12:54:38Z	0.123	0.095	0.074	0.09
2019-09-15T13:14:45Z	0.123	0.095	0.074	0.09
2019-09-15T13:34:53Z	0.123	0.095	0.074	0.09
2019-09-15T13:55:00Z	0.123	0.095	0.074	0.09
2019-09-15T14:15:07Z	0.123	0.096	0.075	0.09
2019-09-15T14:35:15Z	0.123	0.096	0.075	0.09
2019-09-15T14:55:22Z	0.124	0.095	0.075	0.09
2019-09-15T15:15:29Z	0.124	0.096	0.075	0.09
2019-09-15T15:35:37Z	0.124	0.096	0.075	0.09
2019-09-15T15:55:44Z	0.124	0.096	0.075	0.09
2019-09-15T16:15:51Z	0.124	0.096	0.075	0.09
2019-09-15T16:35:59Z	0.124	0.096	0.075	0.091
2019-09-15T16:56:06Z	0.124	0.096	0.075	0.091
2019-09-15T17:16:13Z	0.124	0.096	0.076	0.091
2019-09-15T17:36:20Z	0.124	0.096	0.076	0.091
2019-09-15T17:56:27Z	0.124	0.096	0.076	0.091
2019-09-15T18:16:35Z	0.125	0.096	0.076	0.091
2019-09-15T18:36:42Z	0.124	0.096	0.076	0.091
2019-09-15T18:56:49Z	0.125	0.096	0.076	0.091
2019-09-15T19:16:56Z	0.125	0.096	0.076	0.091
2019-09-15T19:37:03Z	0.125	0.096	0.076	0.091
2019-09-15T19:57:11Z	0.125	0.096	0.076	0.091
2019-09-15T20:17:18Z	0.125	0.096	0.076	0.091
2019-09-15T20:37:25Z	0.125	0.096	0.076	0.091
2019-09-15T20:57:32Z	0.125	0.096	0.076	0.091
2019-09-15T21:17:39Z	0.125	0.096	0.076	0.091
2019-09-15T21:37:46Z	0.125	0.096	0.076	0.091
2019-09-15T21:57:54Z	0.125	0.096	0.076	0.091
2019-09-15T22:18:01Z	0.125	0.096	0.077	0.091
2019-09-15T22:38:08Z	0.125	0.096	0.076	0.091
2019-09-15T22:58:15Z	0.125	0.096	0.076	0.091
2019-09-15T23:18:22Z	0.125	0.096	0.077	0.091
2019-09-15T23:38:29Z	0.125	0.096	0.077	0.091
2019-09-15T23:58:37Z	0.125	0.096	0.077	0.091
2019-09-16T00:18:44Z	0.125	0.096	0.077	0.091
2019-09-16T00:38:51Z	0.125	0.096	0.077	0.091
2019-09-16T00:58:58Z	0.125	0.096	0.077	0.091
2019-09-16T01:19:05Z	0.126	0.096	0.077	0.091
2019-09-16T01:39:12Z	0.125	0.096	0.077	0.091
2019-09-16T01:59:19Z	0.126	0.096	0.077	0.091
2019-09-16T02:19:26Z	0.126	0.096	0.077	0.091
2019-09-16T02:39:34Z	0.126	0.096	0.077	0.091
2019-09-16T02:59:41Z	0.126	0.096	0.077	0.091
2019-09-16T03:19:48Z	0.126	0.096	0.077	0.091
2019-09-16T03:39:55Z	0.126	0.096	0.077	0.091
2019-09-16T04:00:02Z	0.126	0.096	0.077	0.091
2019-09-16T04:20:09Z	0.126	0.096	0.078	0.091
2019-09-16T04:40:16Z	0.126	0.096	0.077	0.091
2019-09-16T05:00:23Z	0.126	0.096	0.077	0.091
2019-09-16T05:20:30Z	0.126	0.096	0.077	0.091
2019-09-16T05:40:37Z	0.126	0.096	0.078	0.091
2019-09-16T06:00:44Z	0.126	0.096	0.077	0.091
2019-09-16T06:20:52Z	0.126	0.096	0.078	0.091
2019-09-16T06:40:59Z	0.126	0.096	0.078	0.091
2019-09-16T07:01:06Z	0.126	0.096	0.078	0.091
2019-09-16T07:21:13Z	0.126	0.096	0.078	0.091
2019-09-16T07:41:20Z	0.126	0.096	0.078	0.091
2019-09-16T08:01:27Z	0.126	0.096	0.078	0.091
2019-09-16T08:21:34Z	0.126	0.096	0.078	0.091
2019-09-16T08:41:41Z	0.126	0.096	0.078	0.091
2019-09-16T09:01:49Z	0.126	0.096	0.078	0.091
2019-09-16T09:21:56Z	0.126	0.096	0.078	0.091
2019-09-16T09:42:03Z	0.126	0.096	0.078	0.091
2019-09-16T10:02:10Z	0.126	0.096	0.078	0.091
2019-09-16T10:22:17Z	0.126	0.096	0.078	0.091
2019-09-16T10:42:24Z	0.126	0.096	0.078	0.091
2019-09-16T11:02:32Z	0.126	0.096	0.078	0.091
2019-09-16T11:22:39Z	0.126	0.096	0.078	0.09
2019-09-16T11:42:46Z	0.126	0.096	0.078	0.091
2019-09-16T12:02:53Z	0.126	0.096	0.078	0.09
2019-09-16T12:23:00Z	0.126	0.096	0.078	0.091
2019-09-16T12:43:08Z	0.125	0.096	0.078	0.09
2019-09-16T13:03:15Z	0.126	0.096	0.078	0.091
2019-09-16T13:23:22Z	0.125	0.096	0.078	0.091
2019-09-16T13:43:29Z	0.126	0.096	0.078	0.091
2019-09-16T14:03:36Z	0.126	0.096	0.078	0.091
2019-09-16T14:23:43Z	0.126	0.096	0.078	0.091
2019-09-16T14:43:51Z	0.126	0.096	0.078	0.091
2019-09-16T15:03:58Z	0.126	0.096	0.078	0.091
2019-09-16T15:24:05Z	0.125	0.096	0.079	0.091
2019-09-16T15:44:12Z	0.126	0.096	0.078	0.091
2019-09-16T16:04:19Z	0.126	0.096	0.078	0.091
2019-09-16T16:24:26Z	0.126	0.096	0.079	0.091
2019-09-16T16:44:34Z	0.126	0.096	0.079	0.091
2019-09-16T17:04:41Z	0.126	0.096	0.079	0.091
2019-09-16T17:24:48Z	0.126	0.096	0.079	0.091
2019-09-16T17:44:55Z	0.126	0.096	0.079	0.091
2019-09-16T18:05:02Z	0.126	0.096	0.079	0.091
2019-09-16T18:25:09Z	0.126	0.096	0.079	0.091
2019-09-16T18:45:16Z	0.126	0.096	0.079	0.091
2019-09-16T19:05:23Z	0.126	0.096	0.079	0.091
2019-09-16T19:25:30Z	0.126	0.096	0.079	0.091
2019-09-16T19:45:38Z	0.126	0.096	0.079	0.091
2019-09-16T20:05:45Z	0.126	0.096	0.079	0.091
2019-09-16T20:25:52Z	0.126	0.096	0.079	0.091
2019-09-16T20:45:59Z	0.126	0.096	0.079	0.091
2019-09-16T21:06:06Z	0.126	0.096	0.079	0.091
2019-09-16T21:26:13Z	0.126	0.096	0.079	0.091
2019-09-16T21:46:20Z	0.126	0.096	0.079	0.091
2019-09-16T22:06:27Z	0.126	0.096	0.079	0.091
2019-09-16T22:26:34Z	0.126	0.096	0.079	0.091
2019-09-16T22:46:42Z	0.126	0.096	0.079	0.091
2019-09-16T23:06:49Z	0.126	0.096	0.079	0.091
2019-09-16T23:26:56Z	0.126	0.096	0.079	0.091
2019-09-16T23:47:03Z	0.126	0.096	0.079	0.091
2019-09-17T00:07:10Z	0.126	0.096	0.079	0.091
2019-09-17T00:27:17Z	0.126	0.096	0.079	0.091
2019-09-17T00:47:24Z	0.126	0.096	0.079	0.091
2019-09-17T01:07:31Z	0.126	0.097	0.079	0.091
2019-09-17T01:27:38Z	0.126	0.096	0.079	0.091
2019-09-17T01:47:45Z	0.126	0.096	0.079	0.091
2019-09-17T02:07:52Z	0.126	0.096	0.079	0.091
2019-09-17T02:28:00Z	0.126	0.096	0.079	0.091
2019-09-17T02:48:07Z	0.126	0.096	0.079	0.091
2019-09-17T03:08:14Z	0.126	0.097	0.079	0.091
2019-09-17T03:28:21Z	0.126	0.096	0.079	0.091
2019-09-17T03:48:28Z	0.126	0.097	0.079	0.091
2019-09-17T04:08:35Z	0.126	0.097	0.079	0.091
2019-09-17T04:28:42Z	0.126	0.096	0.079	0.091
2019-09-17T04:48:49Z	0.126	0.097	0.079	0.091
2019-09-17T05:08:56Z	0.126	0.096	0.08	0.091
2019-09-17T05:29:03Z	0.126	0.096	0.079	0.091
2019-09-17T05:49:11Z	0.126	0.096	0.079	0.091
2019-09-17T06:09:18Z	0.126	0.097	0.079	0.091
2019-09-17T06:29:25Z	0.126	0.097	0.079	0.091
2019-09-17T06:49:32Z	0.125	0.097	0.079	0.091
2019-09-17T07:09:39Z	0.126	0.097	0.079	0.091
2019-09-17T07:29:46Z	0.125	0.097	0.079	0.091
2019-09-17T07:49:53Z	0.125	0.097	0.079	0.091
2019-09-17T08:10:00Z	0.125	0.096	0.08	0.091
2019-09-17T08:30:08Z	0.125	0.097	0.079	0.091
2019-09-17T08:50:15Z	0.125	0.097	0.079	0.091
2019-09-17T09:10:22Z	0.125	0.096	0.079	0.091
2019-09-17T09:30:29Z	0.125	0.096	0.079	0.091
2019-09-17T09:50:36Z	0.125	0.096	0.079	0.09
2019-09-17T10:10:44Z	0.125	0.096	0.08	0.091
2019-09-17T10:30:51Z	0.125	0.097	0.08	0.091
2019-09-17T10:50:58Z	0.125	0.097	0.08	0.091
2019-09-17T11:11:05Z	0.125	0.097	0.08	0.091
2019-09-17T11:31:12Z	0.125	0.097	0.08	0.091
2019-09-17T11:51:19Z	0.125	0.097	0.08	0.091
2019-09-17T12:11:26Z	0.125	0.097	0.08	0.091
2019-09-17T12:31:33Z	0.125	0.097	0.08	0.091
2019-09-17T12:51:41Z	0.126	0.097	0.08	0.091
2019-09-17T13:11:48Z	0.127	0.097	0.08	0.091
2019-09-17T13:31:55Z	0.128	0.097	0.08	0.091
2019-09-17T13:52:02Z	0.129	0.097	0.081	0.091
2019-09-17T14:12:09Z	0.13	0.097	0.08	0.091
2019-09-17T14:32:16Z	0.131	0.097	0.081	0.091
2019-09-17T14:52:23Z	0.131	0.097	0.081	0.091
2019-09-17T15:12:30Z	0.131	0.097	0.081	0.091
2019-09-17T15:32:37Z	0.132	0.097	0.081	0.091
2019-09-17T15:52:45Z	0.132	0.097	0.08	0.091
2019-09-17T16:12:52Z	0.132	0.097	0.081	0.091
2019-09-17T16:32:59Z	0.132	0.097	0.081	0.091
2019-09-17T16:53:06Z	0.132	0.098	0.081	0.091
2019-09-17T17:13:13Z	0.132	0.098	0.081	0.091
2019-09-17T17:33:20Z	0.132	0.098	0.081	0.091
2019-09-17T17:53:27Z	0.132	0.098	0.081	0.091
2019-09-17T18:13:34Z	0.132	0.098	0.081	0.091
2019-09-17T18:33:42Z	0.132	0.098	0.081	0.091
2019-09-17T18:53:49Z	0.132	0.098	0.081	0.091
2019-09-17T19:13:56Z	0.132	0.098	0.081	0.091
2019-09-17T19:34:03Z	0.132	0.098	0.081	0.091
2019-09-17T19:54:10Z	0.132	0.098	0.081	0.091
2019-09-17T20:14:17Z	0.132	0.098	0.081	0.091
2019-09-17T20:34:24Z	0.132	0.098	0.082	0.091
2019-09-17T20:54:31Z	0.132	0.098	0.082	0.091
2019-09-17T21:14:38Z	0.132	0.098	0.082	0.091
2019-09-17T21:34:45Z	0.132	0.098	0.082	0.091
2019-09-17T21:54:52Z	0.132	0.098	0.082	0.091
2019-09-17T22:15:00Z	0.132	0.098	0.082	0.091
2019-09-17T22:35:07Z	0.132	0.098	0.082	0.091
2019-09-17T22:55:14Z	0.132	0.098	0.082	0.091
2019-09-17T23:15:21Z	0.132	0.098	0.082	0.091
2019-09-17T23:35:28Z	0.132	0.098	0.082	0.091
2019-09-17T23:55:35Z	0.132	0.098	0.082	0.091
2019-09-18T00:15:42Z	0.132	0.098	0.082	0.091
2019-09-18T00:35:49Z	0.132	0.098	0.082	0.091
2019-09-18T00:55:56Z	0.132	0.099	0.082	0.091
2019-09-18T01:16:03Z	0.132	0.099	0.082	0.091
2019-09-18T01:36:10Z	0.132	0.098	0.082	0.091
2019-09-18T01:56:17Z	0.132	0.098	0.082	0.091
2019-09-18T02:16:24Z	0.132	0.098	0.082	0.091
2019-09-18T02:36:31Z	0.132	0.099	0.083	0.091
2019-09-18T02:56:38Z	0.132	0.098	0.083	0.091
2019-09-18T03:16:45Z	0.132	0.099	0.083	0.091
2019-09-18T03:36:52Z	0.132	0.099	0.083	0.091
2019-09-18T03:57:00Z	0.132	0.099	0.082	0.091
2019-09-18T04:17:07Z	0.132	0.099	0.083	0.091
2019-09-18T04:37:14Z	0.132	0.099	0.083	0.091
2019-09-18T04:57:21Z	0.132	0.099	0.083	0.091
2019-09-18T05:17:28Z	0.132	0.099	0.083	0.091
2019-09-18T05:37:35Z	0.132	0.099	0.083	0.091
2019-09-18T05:57:42Z	0.132	0.098	0.082	0.091
2019-09-18T06:17:49Z	0.132	0.098	0.082	0.091
2019-09-18T06:37:56Z	0.132	0.098	0.082	0.091
2019-09-18T06:58:03Z	0.132	0.098	0.082	0.091
2019-09-18T07:18:10Z	0.132	0.098	0.082	0.091
2019-09-18T07:38:17Z	0.132	0.099	0.082	0.091
2019-09-18T07:58:25Z	0.132	0.099	0.082	0.091
2019-09-18T08:18:32Z	0.132	0.098	0.082	0.09
2019-09-18T08:38:39Z	0.132	0.098	0.082	0.09
2019-09-18T08:58:46Z	0.132	0.098	0.082	0.09
2019-09-18T09:18:53Z	0.132	0.098	0.082	0.09
2019-09-18T09:39:00Z	0.132	0.098	0.082	0.09
2019-09-18T09:59:08Z	0.132	0.098	0.082	0.09
2019-09-18T10:19:15Z	0.132	0.098	0.082	0.09
2019-09-18T10:39:22Z	0.132	0.098	0.082	0.09
2019-09-18T10:59:29Z	0.132	0.098	0.082	0.09
2019-09-18T11:19:36Z	0.132	0.098	0.082	0.09
2019-09-18T11:39:43Z	0.132	0.098	0.082	0.09
2019-09-18T11:59:51Z	0.132	0.098	0.082	0.09
2019-09-18T12:19:58Z	0.132	0.098	0.082	0.09
2019-09-18T12:40:05Z	0.132	0.098	0.082	0.09
2019-09-18T13:00:12Z	0.132	0.098	0.083	0.09
2019-09-18T13:20:19Z	0.132	0.098	0.082	0.09
2019-09-18T13:40:27Z	0.132	0.098	0.082	0.09
2019-09-18T14:00:34Z	0.132	0.098	0.083	0.09
2019-09-18T14:20:41Z	0.132	0.098	0.083	0.09
2019-09-18T14:40:48Z	0.132	0.098	0.083	0.09
2019-09-18T15:00:56Z	0.131	0.098	0.083	0.09
2019-09-18T15:21:03Z	0.131	0.098	0.083	0.09
2019-09-18T15:41:10Z	0.131	0.099	0.083	0.091
2019-09-18T16:01:17Z	0.131	0.098	0.083	0.09
2019-09-18T16:21:24Z	0.131	0.099	0.083	0.091
2019-09-18T16:41:32Z	0.132	0.099	0.083	0.091
2019-09-18T17:01:39Z	0.131	0.099	0.083	0.091
2019-09-18T17:21:46Z	0.132	0.099	0.083	0.091
2019-09-18T17:41:53Z	0.132	0.099	0.083	0.091
2019-09-18T18:02:00Z	0.131	0.099	0.083	0.091
2019-09-18T18:22:07Z	0.131	0.099	0.083	0.091
2019-09-18T18:42:14Z	0.131	0.099	0.083	0.091
2019-09-18T19:02:21Z	0.131	0.099	0.083	0.091
2019-09-18T19:22:28Z	0.131	0.1	0.083	0.091
2019-09-18T19:42:36Z	0.131	0.1	0.083	0.091
2019-09-18T20:02:43Z	0.132	0.1	0.083	0.091
2019-09-18T20:22:50Z	0.132	0.1	0.083	0.091
2019-09-18T20:42:57Z	0.131	0.1	0.083	0.091
2019-09-18T21:03:04Z	0.131	0.1	0.083	0.091
2019-09-18T21:23:11Z	0.131	0.1	0.083	0.091
2019-09-18T21:43:18Z	0.132	0.1	0.083	0.091
2019-09-18T22:03:25Z	0.132	0.1	0.083	0.091
2019-09-18T22:23:32Z	0.132	0.1	0.083	0.091
2019-09-18T22:43:39Z	0.132	0.1	0.084	0.091
2019-09-18T23:03:46Z	0.132	0.1	0.084	0.091
2019-09-18T23:23:53Z	0.132	0.1	0.083	0.091
2019-09-18T23:44:00Z	0.132	0.1	0.083	0.091
2019-09-19T00:04:07Z	0.132	0.1	0.084	0.091
2019-09-19T00:24:15Z	0.132	0.1	0.084	0.091
2019-09-19T00:44:22Z	0.132	0.1	0.084	0.091
2019-09-19T01:04:29Z	0.131	0.1	0.084	0.091
2019-09-19T01:24:36Z	0.132	0.1	0.083	0.091
2019-09-19T01:44:43Z	0.131	0.1	0.084	0.091
2019-09-19T02:04:50Z	0.132	0.1	0.084	0.091
2019-09-19T02:24:57Z	0.131	0.1	0.084	0.091
2019-09-19T02:45:04Z	0.132	0.1	0.084	0.091
2019-09-19T03:05:11Z	0.131	0.1	0.084	0.091
2019-09-19T03:25:18Z	0.131	0.1	0.084	0.091
2019-09-19T03:45:25Z	0.131	0.1	0.084	0.091
2019-09-19T04:05:32Z	0.131	0.1	0.084	0.091
2019-09-19T04:25:39Z	0.131	0.1	0.084	0.091
2019-09-19T04:45:46Z	0.131	0.1	0.084	0.091
2019-09-19T05:05:53Z	0.131	0.1	0.084	0.091
2019-09-19T05:26:00Z	0.131	0.1	0.084	0.091
2019-09-19T05:46:07Z	0.131	0.1	0.084	0.091
2019-09-19T06:06:14Z	0.131	0.1	0.084	0.091
2019-09-19T06:26:21Z	0.131	0.1	0.084	0.091
2019-09-19T06:46:28Z	0.131	0.1	0.084	0.091
2019-09-19T07:06:35Z	0.131	0.1	0.084	0.091
2019-09-19T07:26:42Z	0.131	0.1	0.084	0.091
2019-09-19T07:46:49Z	0.131	0.1	0.084	0.091
2019-09-19T08:06:57Z	0.131	0.1	0.084	0.091
2019-09-19T08:27:04Z	0.131	0.1	0.083	0.091
2019-09-19T08:47:11Z	0.131	0.099	0.083	0.09
2019-09-19T09:07:18Z	0.13	0.099	0.083	0.09
2019-09-19T09:27:25Z	0.13	0.099	0.083	0.09
2019-09-19T09:47:33Z	0.13	0.099	0.083	0.09
2019-09-19T09:54:45Z	0.13	0.099	0.083	0.09
2019-09-19T10:14:52Z	0.13	0.099	0.083	0.09
2019-09-19T10:35:00Z	0.13	0.099	0.083	0.09
2019-09-19T10:55:07Z	0.13	0.099	0.083	0.09
2019-09-19T11:15:14Z	0.13	0.099	0.083	0.09
2019-09-19T11:35:21Z	0.13	0.099	0.083	0.09
2019-09-19T11:55:28Z	0.13	0.099	0.083	0.09
2019-09-19T12:15:36Z	0.13	0.099	0.083	0.09
2019-09-19T12:35:43Z	0.13	0.099	0.083	0.09
2019-09-19T12:55:50Z	0.13	0.099	0.083	0.09
2019-09-19T13:15:58Z	0.13	0.099	0.083	0.09
2019-09-19T13:36:05Z	0.129	0.099	0.083	0.09
2019-09-19T13:56:12Z	0.13	0.099	0.083	0.09
2019-09-19T14:16:19Z	0.13	0.099	0.083	0.09
2019-09-19T14:36:26Z	0.13	0.099	0.083	0.09
2019-09-19T14:56:34Z	0.13	0.099	0.084	0.09
2019-09-19T15:16:41Z	0.13	0.1	0.084	0.091
2019-09-19T15:36:48Z	0.13	0.099	0.084	0.091
2019-09-19T15:56:55Z	0.13	0.1	0.084	0.091
2019-09-19T16:17:03Z	0.13	0.1	0.084	0.091
2019-09-19T16:37:10Z	0.13	0.1	0.084	0.091
2019-09-19T16:57:17Z	0.13	0.1	0.084	0.091
2019-09-19T17:17:24Z	0.13	0.1	0.084	0.091
2019-09-19T17:37:31Z	0.13	0.1	0.084	0.091
2019-09-19T17:57:38Z	0.13	0.1	0.084	0.091
2019-09-19T18:17:45Z	0.13	0.1	0.084	0.091
2019-09-19T18:37:53Z	0.13	0.1	0.084	0.091
2019-09-19T18:58:00Z	0.131	0.1	0.084	0.091
2019-09-19T19:18:07Z	0.13	0.1	0.085	0.091
2019-09-19T19:38:14Z	0.13	0.1	0.084	0.091
2019-09-19T19:58:21Z	0.13	0.1	0.085	0.091
2019-09-19T20:18:28Z	0.13	0.1	0.085	0.091
2019-09-19T20:38:35Z	0.131	0.1	0.085	0.091
2019-09-19T20:58:42Z	0.13	0.1	0.085	0.091
2019-09-19T21:18:49Z	0.13	0.1	0.085	0.091
2019-09-19T21:38:56Z	0.13	0.1	0.085	0.091
2019-09-19T21:59:03Z	0.13	0.1	0.085	0.091
2019-09-19T22:19:10Z	0.13	0.1	0.085	0.091
2019-09-19T22:39:17Z	0.13	0.1	0.085	0.091
2019-09-19T22:59:24Z	0.13	0.1	0.085	0.091
2019-09-19T23:19:31Z	0.13	0.1	0.085	0.091
2019-09-19T23:39:38Z	0.13	0.1	0.085	0.091
2019-09-19T23:59:45Z	0.13	0.1	0.085	0.091
2019-09-20T00:19:52Z	0.13	0.1	0.085	0.091
2019-09-20T00:39:59Z	0.13	0.1	0.085	0.091
2019-09-20T01:00:06Z	0.13	0.1	0.085	0.091
2019-09-20T01:20:13Z	0.13	0.1	0.085	0.091
2019-09-20T01:40:20Z	0.13	0.1	0.085	0.091
2019-09-20T02:00:27Z	0.13	0.1	0.085	0.091
2019-09-20T02:20:34Z	0.13	0.1	0.085	0.091
2019-09-20T02:40:41Z	0.13	0.1	0.085	0.091
2019-09-20T03:00:48Z	0.13	0.101	0.085	0.091
2019-09-20T03:20:55Z	0.13	0.1	0.085	0.091
2019-09-20T03:41:02Z	0.13	0.1	0.085	0.091
2019-09-20T04:01:09Z	0.13	0.1	0.085	0.091
2019-09-20T04:21:16Z	0.13	0.101	0.085	0.091
2019-09-20T04:41:23Z	0.13	0.1	0.085	0.091
2019-09-20T05:01:30Z	0.13	0.101	0.085	0.091
2019-09-20T05:21:37Z	0.13	0.101	0.085	0.091
2019-09-20T05:41:45Z	0.13	0.1	0.085	0.091
2019-09-20T06:01:52Z	0.13	0.1	0.085	0.091
2019-09-20T06:21:59Z	0.13	0.1	0.085	0.091
2019-09-20T06:42:06Z	0.13	0.1	0.084	0.091
2019-09-20T07:02:13Z	0.13	0.101	0.084	0.091
2019-09-20T07:22:20Z	0.13	0.1	0.084	0.091
2019-09-20T07:42:27Z	0.129	0.1	0.084	0.091
2019-09-20T08:02:34Z	0.129	0.1	0.084	0.091
2019-09-20T08:22:41Z	0.129	0.1	0.084	0.09
2019-09-20T08:42:48Z	0.129	0.1	0.084	0.09
2019-09-20T09:02:55Z	0.129	0.1	0.084	0.09
2019-09-20T09:23:02Z	0.129	0.1	0.084	0.09
2019-09-20T09:43:10Z	0.129	0.1	0.084	0.09
2019-09-20T10:03:17Z	0.129	0.1	0.084	0.09
2019-09-20T10:23:24Z	0.129	0.1	0.084	0.09
2019-09-20T10:43:31Z	0.129	0.1	0.084	0.09
2019-09-20T11:03:38Z	0.129	0.1	0.084	0.09
2019-09-20T11:23:46Z	0.129	0.1	0.084	0.09
2019-09-20T11:43:53Z	0.129	0.099	0.084	0.09
2019-09-20T12:04:00Z	0.128	0.099	0.084	0.09
2019-09-20T12:24:07Z	0.128	0.099	0.084	0.09
2019-09-20T12:44:14Z	0.128	0.099	0.084	0.09
2019-09-20T13:04:22Z	0.128	0.099	0.084	0.09
2019-09-20T13:24:29Z	0.128	0.099	0.084	0.09
2019-09-20T13:44:36Z	0.128	0.1	0.084	0.09
2019-09-20T14:04:43Z	0.128	0.1	0.084	0.09
2019-09-20T14:24:51Z	0.128	0.1	0.084	0.09
2019-09-20T14:44:58Z	0.128	0.1	0.084	0.09
2019-09-20T15:05:05Z	0.128	0.1	0.084	0.09
2019-09-20T15:25:12Z	0.128	0.1	0.084	0.09
2019-09-20T15:45:20Z	0.128	0.1	0.084	0.091
2019-09-20T16:05:27Z	0.128	0.1	0.084	0.091
2019-09-20T16:25:34Z	0.128	0.1	0.084	0.091
2019-09-20T16:45:41Z	0.128	0.1	0.084	0.091
2019-09-20T17:05:48Z	0.128	0.1	0.084	0.091
2019-09-20T17:25:56Z	0.128	0.1	0.084	0.091
2019-09-20T17:46:03Z	0.128	0.1	0.084	0.091
2019-09-20T18:06:10Z	0.128	0.1	0.084	0.091
2019-09-20T18:26:17Z	0.128	0.1	0.084	0.091
2019-09-20T18:46:24Z	0.128	0.1	0.084	0.091
2019-09-20T19:06:31Z	0.128	0.1	0.084	0.091
2019-09-20T19:26:38Z	0.128	0.1	0.084	0.091
2019-09-20T19:46:45Z	0.128	0.101	0.084	0.091
2019-09-20T20:06:53Z	0.128	0.101	0.085	0.091
2019-09-20T20:27:00Z	0.128	0.101	0.085	0.091
2019-09-20T20:47:07Z	0.128	0.101	0.085	0.091
2019-09-20T21:07:14Z	0.128	0.101	0.085	0.091
2019-09-20T21:27:21Z	0.128	0.101	0.085	0.091
2019-09-20T21:47:28Z	0.128	0.101	0.085	0.091
2019-09-20T22:07:35Z	0.128	0.101	0.085	0.091
2019-09-20T22:27:42Z	0.128	0.101	0.085	0.091
2019-09-20T22:47:49Z	0.128	0.101	0.085	0.091
2019-09-20T23:07:56Z	0.128	0.101	0.085	0.091
2019-09-20T23:28:04Z	0.128	0.101	0.085	0.091
2019-09-20T23:48:11Z	0.128	0.101	0.085	0.091
2019-09-21T00:08:18Z	0.128	0.101	0.085	0.091
2019-09-21T00:28:25Z	0.128	0.101	0.085	0.091
2019-09-21T00:48:32Z	0.128	0.101	0.085	0.091
2019-09-21T01:08:39Z	0.128	0.101	0.085	0.091
2019-09-21T01:28:46Z	0.128	0.101	0.085	0.091
2019-09-21T01:48:53Z	0.128	0.101	0.085	0.091
2019-09-21T02:09:00Z	0.128	0.101	0.085	0.091
2019-09-21T02:29:07Z	0.128	0.101	0.085	0.091
2019-09-21T02:49:14Z	0.128	0.101	0.085	0.091
2019-09-21T03:09:21Z	0.128	0.101	0.085	0.091
2019-09-21T03:29:28Z	0.128	0.101	0.085	0.091
2019-09-21T03:49:35Z	0.128	0.101	0.085	0.091
2019-09-21T04:09:42Z	0.128	0.101	0.085	0.091
2019-09-21T04:29:49Z	0.128	0.101	0.085	0.091
2019-09-21T04:49:56Z	0.128	0.101	0.085	0.091
2019-09-21T05:10:03Z	0.128	0.101	0.085	0.091
2019-09-21T05:30:10Z	0.128	0.101	0.085	0.091
2019-09-21T05:50:17Z	0.128	0.101	0.085	0.091
2019-09-21T06:10:24Z	0.127	0.101	0.085	0.091
2019-09-21T06:30:31Z	0.127	0.101	0.085	0.091
2019-09-21T06:50:38Z	0.127	0.101	0.085	0.091
2019-09-21T07:10:46Z	0.127	0.101	0.085	0.091
2019-09-21T07:30:53Z	0.127	0.101	0.085	0.091
2019-09-21T07:51:00Z	0.127	0.1	0.085	0.091
2019-09-21T08:11:07Z	0.127	0.1	0.084	0.091
2019-09-21T08:31:14Z	0.127	0.1	0.084	0.091
2019-09-21T08:51:21Z	0.126	0.1	0.084	0.09
2019-09-21T09:11:29Z	0.126	0.1	0.084	0.09
2019-09-21T09:31:36Z	0.126	0.099	0.084	0.09
2019-09-21T09:51:43Z	0.126	0.099	0.083	0.09
2019-09-21T10:11:51Z	0.126	0.099	0.083	0.09
2019-09-21T10:31:58Z	0.125	0.099	0.083	0.09
2019-09-21T10:52:05Z	0.125	0.099	0.083	0.09
2019-09-21T11:12:12Z	0.125	0.099	0.083	0.09
2019-09-21T11:32:20Z	0.125	0.099	0.083	0.09
2019-09-21T11:52:27Z	0.125	0.099	0.083	0.09
2019-09-21T12:12:34Z	0.125	0.099	0.083	0.09
2019-09-21T12:32:42Z	0.124	0.099	0.083	0.09
2019-09-21T12:52:49Z	0.124	0.099	0.083	0.09
2019-09-21T13:12:57Z	0.124	0.099	0.083	0.09
2019-09-21T13:33:04Z	0.124	0.099	0.083	0.09
2019-09-21T13:53:11Z	0.124	0.099	0.084	0.09
2019-09-21T14:13:19Z	0.124	0.099	0.084	0.09
2019-09-21T14:33:26Z	0.124	0.099	0.084	0.09
2019-09-21T14:53:33Z	0.124	0.099	0.084	0.09
2019-09-21T15:13:41Z	0.124	0.099	0.084	0.09
2019-09-21T15:33:48Z	0.124	0.099	0.084	0.09
2019-09-21T15:53:56Z	0.124	0.099	0.084	0.09
2019-09-21T16:14:03Z	0.124	0.099	0.084	0.091
2019-09-21T16:34:10Z	0.124	0.1	0.084	0.091
2019-09-21T16:54:18Z	0.124	0.1	0.084	0.091
2019-09-21T17:14:25Z	0.124	0.1	0.085	0.091
2019-09-21T17:34:32Z	0.124	0.1	0.085	0.091
2019-09-21T17:54:39Z	0.125	0.1	0.085	0.091
2019-09-21T18:14:46Z	0.125	0.1	0.085	0.091
2019-09-21T18:34:54Z	0.125	0.1	0.085	0.091
2019-09-21T18:55:01Z	0.124	0.1	0.085	0.091
2019-09-21T19:15:08Z	0.125	0.1	0.085	0.091
2019-09-21T19:35:15Z	0.125	0.1	0.085	0.091
2019-09-21T19:55:22Z	0.125	0.1	0.085	0.091
2019-09-21T20:15:29Z	0.125	0.1	0.085	0.091
2019-09-21T20:35:36Z	0.125	0.1	0.085	0.091
2019-09-21T20:55:43Z	0.124	0.1	0.085	0.091
2019-09-21T21:15:50Z	0.124	0.1	0.085	0.091
2019-09-21T21:35:57Z	0.124	0.1	0.085	0.091
2019-09-21T21:56:05Z	0.124	0.1	0.085	0.091
2019-09-21T22:16:12Z	0.124	0.1	0.085	0.091
2019-09-21T22:36:19Z	0.125	0.1	0.085	0.091
2019-09-21T22:56:26Z	0.124	0.1	0.085	0.091
2019-09-21T23:16:33Z	0.124	0.1	0.085	0.091
2019-09-21T23:36:40Z	0.124	0.1	0.085	0.091
2019-09-21T23:56:47Z	0.124	0.1	0.085	0.091
2019-09-22T00:16:54Z	0.124	0.1	0.085	0.091
2019-09-22T00:37:01Z	0.124	0.1	0.085	0.091
2019-09-22T00:57:08Z	0.124	0.1	0.085	0.091
2019-09-22T01:17:15Z	0.124	0.1	0.085	0.091
2019-09-22T01:37:22Z	0.124	0.1	0.085	0.091
2019-09-22T01:57:29Z	0.124	0.1	0.085	0.091
2019-09-22T02:17:36Z	0.124	0.1	0.085	0.091
2019-09-22T02:37:44Z	0.124	0.1	0.085	0.091
2019-09-22T02:57:51Z	0.124	0.1	0.085	0.091
2019-09-22T03:17:58Z	0.124	0.1	0.085	0.091
2019-09-22T03:38:05Z	0.124	0.1	0.085	0.091
2019-09-22T03:58:12Z	0.124	0.1	0.085	0.091
2019-09-22T04:18:19Z	0.124	0.1	0.085	0.091
2019-09-22T04:38:26Z	0.124	0.1	0.085	0.091
2019-09-22T04:58:33Z	0.124	0.1	0.085	0.091
2019-09-22T05:18:40Z	0.124	0.1	0.085	0.091
2019-09-22T05:38:47Z	0.124	0.1	0.085	0.091
2019-09-22T05:58:54Z	0.124	0.1	0.085	0.091
2019-09-22T06:19:01Z	0.124	0.099	0.085	0.091
2019-09-22T06:39:08Z	0.124	0.099	0.085	0.091
2019-09-22T06:59:15Z	0.124	0.099	0.085	0.091
2019-09-22T07:19:22Z	0.124	0.099	0.084	0.091
2019-09-22T07:39:30Z	0.124	0.099	0.084	0.091
2019-09-22T07:59:37Z	0.124	0.099	0.084	0.091
2019-09-22T08:19:44Z	0.124	0.099	0.084	0.091
2019-09-22T08:39:51Z	0.123	0.099	0.084	0.091
2019-09-22T08:59:58Z	0.123	0.098	0.084	0.09
2019-09-22T09:20:06Z	0.123	0.098	0.084	0.09
2019-09-22T09:40:13Z	0.123	0.098	0.083	0.09
2019-09-22T10:00:20Z	0.122	0.098	0.083	0.09
2019-09-22T10:20:27Z	0.122	0.098	0.083	0.09
2019-09-22T10:40:35Z	0.122	0.098	0.083	0.09
2019-09-22T11:00:42Z	0.122	0.098	0.083	0.09
2019-09-22T11:20:49Z	0.122	0.098	0.083	0.09
2019-09-22T11:40:57Z	0.121	0.098	0.083	0.09
2019-09-22T12:01:04Z	0.121	0.098	0.083	0.09
2019-09-22T12:21:11Z	0.121	0.098	0.083	0.09
2019-09-22T12:41:19Z	0.121	0.098	0.083	0.09
2019-09-22T13:01:26Z	0.121	0.098	0.083	0.09
2019-09-22T13:21:33Z	0.121	0.098	0.083	0.09
2019-09-22T13:41:41Z	0.121	0.098	0.083	0.09
2019-09-22T14:01:48Z	0.121	0.098	0.083	0.09
2019-09-22T14:21:55Z	0.121	0.098	0.084	0.09
2019-09-22T14:42:03Z	0.12	0.098	0.084	0.09
2019-09-22T15:02:10Z	0.12	0.098	0.084	0.09
2019-09-22T15:22:18Z	0.12	0.098	0.084	0.09
2019-09-22T15:42:25Z	0.12	0.098	0.083	0.09
2019-09-22T16:02:32Z	0.12	0.098	0.084	0.09
2019-09-22T16:22:40Z	0.12	0.098	0.084	0.091
2019-09-22T16:42:47Z	0.12	0.098	0.084	0.091
2019-09-22T17:02:54Z	0.121	0.098	0.084	0.091
2019-09-22T17:23:01Z	0.121	0.098	0.085	0.091
2019-09-22T17:43:09Z	0.121	0.098	0.085	0.091
2019-09-22T18:03:16Z	0.121	0.098	0.085	0.091
2019-09-22T18:23:23Z	0.121	0.098	0.085	0.091
2019-09-22T18:43:30Z	0.121	0.098	0.085	0.091
2019-09-22T19:03:37Z	0.121	0.098	0.085	0.091
2019-09-22T19:23:44Z	0.121	0.098	0.085	0.091
2019-09-22T19:43:52Z	0.121	0.098	0.085	0.091
2019-09-22T20:03:59Z	0.121	0.098	0.085	0.091
2019-09-22T20:24:06Z	0.12	0.098	0.085	0.091
2019-09-22T20:44:13Z	0.12	0.098	0.085	0.091
2019-09-22T21:04:20Z	0.12	0.098	0.085	0.091
2019-09-22T21:24:27Z	0.121	0.098	0.085	0.091
2019-09-22T21:44:34Z	0.121	0.098	0.085	0.091
2019-09-22T22:04:41Z	0.12	0.098	0.085	0.091
2019-09-22T22:24:48Z	0.12	0.098	0.085	0.091
2019-09-22T22:44:55Z	0.12	0.098	0.085	0.091
2019-09-22T23:05:03Z	0.12	0.098	0.085	0.091
2019-09-22T23:25:10Z	0.12	0.098	0.085	0.091
2019-09-22T23:45:17Z	0.12	0.098	0.085	0.091
2019-09-23T00:05:24Z	0.12	0.098	0.085	0.091
2019-09-23T00:25:31Z	0.12	0.098	0.085	0.091
2019-09-23T00:45:38Z	0.12	0.098	0.085	0.091
2019-09-23T01:05:45Z	0.12	0.098	0.085	0.091
2019-09-23T01:25:52Z	0.12	0.098	0.085	0.091
2019-09-23T01:45:59Z	0.12	0.098	0.085	0.091
2019-09-23T02:06:06Z	0.12	0.098	0.085	0.091
2019-09-23T02:26:13Z	0.12	0.098	0.085	0.091
2019-09-23T02:46:20Z	0.12	0.098	0.085	0.091
2019-09-23T03:06:28Z	0.12	0.098	0.085	0.091
2019-09-23T03:26:35Z	0.12	0.098	0.085	0.091
2019-09-23T03:46:42Z	0.12	0.098	0.085	0.091
2019-09-23T04:06:49Z	0.12	0.098	0.085	0.091
2019-09-23T04:26:56Z	0.12	0.098	0.085	0.091
2019-09-23T04:47:03Z	0.12	0.098	0.085	0.091
2019-09-23T05:07:10Z	0.12	0.098	0.085	0.091
2019-09-23T05:27:17Z	0.12	0.098	0.085	0.091
2019-09-23T05:47:24Z	0.12	0.098	0.085	0.091
2019-09-23T06:07:31Z	0.12	0.098	0.084	0.091
2019-09-23T06:27:38Z	0.119	0.098	0.084	0.091
2019-09-23T06:47:45Z	0.12	0.098	0.084	0.091
2019-09-23T07:07:53Z	0.12	0.098	0.084	0.091
2019-09-23T07:28:00Z	0.119	0.098	0.084	0.091
2019-09-23T07:48:07Z	0.119	0.098	0.084	0.091
2019-09-23T08:08:14Z	0.119	0.098	0.084	0.091
2019-09-23T08:28:21Z	0.119	0.097	0.084	0.091
2019-09-23T08:48:29Z	0.119	0.097	0.084	0.091
2019-09-23T09:08:36Z	0.118	0.097	0.083	0.09
2019-09-23T09:28:43Z	0.118	0.097	0.083	0.09
2019-09-23T09:48:50Z	0.118	0.097	0.083	0.09
2019-09-23T10:08:58Z	0.118	0.097	0.083	0.09
2019-09-23T10:29:05Z	0.118	0.097	0.083	0.09
2019-09-23T10:49:12Z	0.117	0.097	0.083	0.09
2019-09-23T11:09:19Z	0.117	0.096	0.083	0.09
2019-09-23T11:29:27Z	0.117	0.096	0.083	0.09
2019-09-23T11:49:34Z	0.117	0.096	0.083	0.09
2019-09-23T12:09:41Z	0.117	0.096	0.083	0.09
2019-09-23T12:29:49Z	0.117	0.096	0.083	0.09
2019-09-23T12:49:56Z	0.116	0.096	0.083	0.09
2019-09-23T13:10:03Z	0.116	0.096	0.083	0.09
2019-09-23T13:30:11Z	0.116	0.096	0.083	0.09
2019-09-23T13:50:18Z	0.116	0.096	0.083	0.09
2019-09-23T14:10:26Z	0.116	0.096	0.083	0.091
2019-09-23T14:30:33Z	0.116	0.096	0.083	0.091
2019-09-23T14:50:40Z	0.116	0.096	0.083	0.091
2019-09-23T15:10:48Z	0.116	0.096	0.083	0.091
2019-09-23T15:30:55Z	0.116	0.096	0.084	0.091
2019-09-23T15:51:02Z	0.116	0.097	0.084	0.091
2019-09-23T16:11:09Z	0.116	0.097	0.084	0.091
2019-09-23T16:31:16Z	0.116	0.097	0.084	0.091
2019-09-23T16:51:24Z	0.116	0.097	0.084	0.091
2019-09-23T17:11:31Z	0.116	0.097	0.084	0.091
2019-09-23T17:31:38Z	0.116	0.097	0.084	0.091
2019-09-23T17:51:45Z	0.116	0.097	0.084	0.091
2019-09-23T18:11:52Z	0.116	0.097	0.084	0.091
2019-09-23T18:31:59Z	0.116	0.097	0.084	0.091
2019-09-23T18:52:07Z	0.116	0.097	0.084	0.091
2019-09-23T19:12:14Z	0.116	0.097	0.084	0.091
2019-09-23T19:32:21Z	0.116	0.097	0.084	0.091
2019-09-23T19:52:28Z	0.116	0.097	0.084	0.091
2019-09-23T20:12:35Z	0.116	0.097	0.084	0.091
2019-09-23T20:32:42Z	0.116	0.096	0.084	0.091
2019-09-23T20:52:50Z	0.116	0.097	0.084	0.091
2019-09-23T21:12:57Z	0.116	0.096	0.084	0.091
2019-09-23T21:33:04Z	0.116	0.096	0.084	0.091
2019-09-23T21:53:11Z	0.116	0.096	0.084	0.091
2019-09-23T22:13:18Z	0.116	0.097	0.084	0.091
2019-09-23T22:33:25Z	0.116	0.096	0.084	0.091
2019-09-23T22:53:32Z	0.116	0.097	0.084	0.091
2019-09-23T23:13:39Z	0.116	0.096	0.084	0.091
2019-09-23T23:33:47Z	0.116	0.097	0.084	0.091
2019-09-23T23:53:54Z	0.116	0.097	0.084	0.091
2019-09-24T00:14:01Z	0.116	0.097	0.084	0.091
2019-09-24T00:34:08Z	0.116	0.097	0.084	0.091
2019-09-24T00:54:15Z	0.116	0.097	0.084	0.091
2019-09-24T01:14:22Z	0.116	0.096	0.084	0.091
2019-09-24T01:34:29Z	0.116	0.096	0.084	0.091
2019-09-24T01:54:36Z	0.116	0.096	0.084	0.091
2019-09-24T02:14:43Z	0.116	0.096	0.084	0.091
2019-09-24T02:34:50Z	0.116	0.096	0.084	0.091
2019-09-24T02:54:57Z	0.116	0.096	0.084	0.091
2019-09-24T03:15:05Z	0.116	0.096	0.084	0.091
2019-09-24T03:35:12Z	0.116	0.096	0.084	0.091
2019-09-24T03:55:19Z	0.116	0.096	0.084	0.091
2019-09-24T04:15:26Z	0.116	0.096	0.084	0.091
2019-09-24T04:35:33Z	0.115	0.096	0.084	0.091
2019-09-24T04:55:40Z	0.115	0.096	0.084	0.091
2019-09-24T05:15:47Z	0.115	0.096	0.084	0.091
2019-09-24T05:35:55Z	0.115	0.096	0.084	0.091
2019-09-24T05:56:02Z	0.115	0.096	0.084	0.091
2019-09-24T06:16:09Z	0.115	0.096	0.084	0.091
2019-09-24T06:36:16Z	0.115	0.096	0.084	0.091
2019-09-24T06:56:23Z	0.115	0.096	0.084	0.091
2019-09-24T07:16:30Z	0.115	0.096	0.084	0.091
2019-09-24T07:36:37Z	0.115	0.096	0.084	0.091
2019-09-24T07:56:45Z	0.115	0.096	0.083	0.091
2019-09-24T08:16:52Z	0.115	0.096	0.083	0.091
2019-09-24T08:36:59Z	0.115	0.096	0.083	0.091
2019-09-24T08:57:06Z	0.115	0.096	0.083	0.091
2019-09-24T09:17:13Z	0.115	0.095	0.083	0.091
2019-09-24T09:37:20Z	0.115	0.096	0.083	0.091
2019-09-24T09:57:28Z	0.115	0.096	0.083	0.091
2019-09-24T10:17:35Z	0.115	0.095	0.083	0.091
2019-09-24T10:37:42Z	0.115	0.095	0.083	0.091
2019-09-24T10:57:49Z	0.114	0.095	0.083	0.091
2019-09-24T11:17:56Z	0.114	0.095	0.083	0.091
2019-09-24T11:38:04Z	0.114	0.095	0.083	0.091
2019-09-24T11:58:11Z	0.114	0.095	0.083	0.091
2019-09-24T12:18:18Z	0.114	0.095	0.083	0.091
2019-09-24T12:38:26Z	0.114	0.095	0.083	0.091
2019-09-24T12:58:33Z	0.114	0.095	0.083	0.091
2019-09-24T13:18:40Z	0.114	0.095	0.083	0.091
2019-09-24T13:38:47Z	0.113	0.095	0.083	0.091
2019-09-24T13:58:55Z	0.113	0.095	0.083	0.091
2019-09-24T14:19:02Z	0.113	0.095	0.083	0.091
2019-09-24T14:39:09Z	0.113	0.095	0.083	0.091
2019-09-24T14:59:16Z	0.113	0.095	0.083	0.091
2019-09-24T15:19:24Z	0.113	0.095	0.083	0.091
2019-09-24T15:39:31Z	0.113	0.095	0.083	0.091
2019-09-24T15:59:38Z	0.113	0.095	0.083	0.091
2019-09-24T16:19:45Z	0.113	0.095	0.084	0.091
2019-09-24T16:39:53Z	0.113	0.095	0.084	0.091
2019-09-24T17:00:00Z	0.113	0.095	0.084	0.091
2019-09-24T17:20:07Z	0.113	0.095	0.084	0.091
2019-09-24T17:40:14Z	0.113	0.095	0.084	0.091
2019-09-24T18:00:21Z	0.113	0.095	0.084	0.091
2019-09-24T18:20:28Z	0.113	0.095	0.084	0.091
2019-09-24T18:40:36Z	0.113	0.095	0.084	0.091
2019-09-24T19:00:42Z	0.113	0.095	0.084	0.091
2019-09-24T19:20:50Z	0.113	0.095	0.084	0.091
2019-09-24T19:40:57Z	0.113	0.095	0.084	0.091
2019-09-24T20:01:04Z	0.113	0.095	0.084	0.091
2019-09-24T20:21:11Z	0.113	0.095	0.084	0.091
2019-09-24T20:41:18Z	0.113	0.095	0.084	0.092
2019-09-24T21:01:25Z	0.113	0.095	0.084	0.091
2019-09-24T21:21:32Z	0.113	0.095	0.084	0.091
2019-09-24T21:41:39Z	0.113	0.095	0.084	0.091
2019-09-24T22:01:47Z	0.113	0.095	0.083	0.091
2019-09-24T22:21:54Z	0.113	0.095	0.083	0.091
2019-09-24T22:42:01Z	0.113	0.095	0.083	0.091
2019-09-24T23:02:08Z	0.113	0.095	0.083	0.091
2019-09-24T23:22:15Z	0.113	0.095	0.083	0.091
2019-09-24T23:42:22Z	0.113	0.095	0.083	0.091
2019-09-25T00:02:29Z	0.113	0.095	0.083	0.091
2019-09-25T00:22:36Z	0.113	0.095	0.083	0.091
2019-09-25T00:42:44Z	0.113	0.095	0.083	0.091
2019-09-25T01:02:51Z	0.113	0.095	0.083	0.091
2019-09-25T01:22:58Z	0.113	0.095	0.083	0.091
2019-09-25T01:43:05Z	0.113	0.095	0.083	0.091
2019-09-25T02:03:12Z	0.113	0.095	0.083	0.091
2019-09-25T02:23:19Z	0.113	0.095	0.083	0.091
2019-09-25T02:43:26Z	0.113	0.095	0.083	0.091
2019-09-25T03:03:33Z	0.113	0.095	0.083	0.091
2019-09-25T03:23:41Z	0.113	0.095	0.083	0.091
2019-09-25T03:43:48Z	0.113	0.095	0.083	0.091
2019-09-25T04:03:55Z	0.113	0.095	0.083	0.091
2019-09-25T04:24:02Z	0.113	0.095	0.083	0.091
2019-09-25T04:44:09Z	0.113	0.095	0.083	0.091
2019-09-25T05:04:16Z	0.113	0.095	0.084	0.091
2019-09-25T05:24:23Z	0.113	0.095	0.084	0.091
2019-09-25T05:44:30Z	0.113	0.095	0.083	0.091
2019-09-25T06:04:38Z	0.113	0.095	0.083	0.091
2019-09-25T06:24:45Z	0.112	0.095	0.083	0.091
2019-09-25T06:44:52Z	0.113	0.095	0.083	0.091
2019-09-25T07:04:59Z	0.113	0.095	0.083	0.091
2019-09-25T07:25:06Z	0.112	0.095	0.083	0.091
2019-09-25T07:45:13Z	0.112	0.095	0.083	0.091
2019-09-25T08:05:20Z	0.112	0.095	0.083	0.091
2019-09-25T08:25:27Z	0.112	0.095	0.083	0.091
2019-09-25T08:45:35Z	0.112	0.095	0.083	0.091
2019-09-25T09:05:42Z	0.112	0.095	0.083	0.091
2019-09-25T09:25:49Z	0.112	0.095	0.083	0.091
2019-09-25T09:45:56Z	0.112	0.095	0.083	0.091
2019-09-25T10:06:03Z	0.112	0.094	0.083	0.091
2019-09-25T10:26:10Z	0.112	0.095	0.083	0.091
2019-09-25T10:46:18Z	0.112	0.095	0.083	0.091
2019-09-25T11:06:25Z	0.112	0.095	0.083	0.091
2019-09-25T11:26:32Z	0.112	0.095	0.083	0.091
2019-09-25T11:46:39Z	0.112	0.095	0.083	0.091
2019-09-25T12:06:46Z	0.112	0.095	0.083	0.091
2019-09-25T12:26:54Z	0.112	0.095	0.083	0.091
2019-09-25T12:47:01Z	0.112	0.095	0.083	0.091
2019-09-25T13:07:08Z	0.112	0.095	0.083	0.091
2019-09-25T13:27:15Z	0.112	0.095	0.083	0.091
2019-09-25T13:47:22Z	0.112	0.095	0.083	0.091
2019-09-25T14:07:29Z	0.112	0.095	0.083	0.091
2019-09-25T14:27:37Z	0.112	0.095	0.083	0.091
2019-09-25T14:47:44Z	0.112	0.095	0.083	0.091
2019-09-25T15:07:51Z	0.113	0.095	0.083	0.091
2019-09-25T15:27:58Z	0.113	0.094	0.083	0.091
2019-09-25T15:48:05Z	0.113	0.095	0.083	0.091
2019-09-25T16:08:12Z	0.113	0.094	0.083	0.091
2019-09-25T16:28:19Z	0.113	0.095	0.083	0.091
2019-09-25T16:48:27Z	0.113	0.095	0.083	0.091
2019-09-25T17:08:34Z	0.113	0.095	0.083	0.091
2019-09-25T17:28:41Z	0.114	0.095	0.083	0.091
2019-09-25T17:48:48Z	0.114	0.094	0.083	0.091
2019-09-25T18:08:55Z	0.114	0.095	0.083	0.091
2019-09-25T18:29:02Z	0.114	0.094	0.083	0.091
2019-09-25T18:49:09Z	0.114	0.095	0.083	0.091
2019-09-25T19:09:17Z	0.115	0.095	0.083	0.091
2019-09-25T19:29:24Z	0.115	0.095	0.083	0.091
2019-09-25T19:49:31Z	0.115	0.095	0.083	0.091
2019-09-25T20:09:38Z	0.115	0.095	0.083	0.092
2019-09-25T20:29:45Z	0.115	0.095	0.083	0.092
2019-09-25T20:49:52Z	0.115	0.095	0.084	0.092
2019-09-25T21:09:59Z	0.115	0.095	0.083	0.092
2019-09-25T21:30:06Z	0.115	0.095	0.084	0.091
2019-09-25T21:50:14Z	0.115	0.095	0.084	0.092
2019-10-09T15:52:22Z	0.201	0.174	0.173	0.179
2019-10-09T16:12:30Z	0.201	0.174	0.173	0.179
2019-10-09T16:32:37Z	0.201	0.175	0.173	0.179
2019-10-09T16:52:44Z	0.201	0.175	0.174	0.179
2019-10-09T17:12:51Z	0.201	0.175	0.173	0.179
2019-10-09T17:32:58Z	0.201	0.175	0.173	0.179
2019-10-09T17:53:05Z	0.201	0.174	0.173	0.179
2019-10-09T18:13:12Z	0.201	0.174	0.173	0.179
2019-10-09T18:33:19Z	0.201	0.174	0.173	0.179
2019-10-09T18:53:27Z	0.201	0.174	0.173	0.179
2019-10-09T19:13:34Z	0.201	0.174	0.173	0.179
2019-10-09T19:33:41Z	0.201	0.174	0.173	0.179
2019-10-09T19:53:48Z	0.201	0.174	0.173	0.179
2019-10-09T20:13:55Z	0.201	0.175	0.173	0.179
2019-10-09T20:34:02Z	0.201	0.174	0.173	0.179
2019-10-09T20:54:09Z	0.201	0.174	0.173	0.179
2019-10-09T21:14:17Z	0.201	0.174	0.173	0.179
2019-10-09T21:34:24Z	0.201	0.175	0.173	0.179
2019-10-09T21:54:31Z	0.202	0.174	0.174	0.179
2019-10-09T22:14:38Z	0.204	0.175	0.173	0.179
2019-10-09T22:34:45Z	0.204	0.175	0.174	0.179
2019-10-09T22:54:52Z	0.204	0.176	0.174	0.179
2019-10-09T23:14:59Z	0.204	0.176	0.174	0.179
2019-10-09T23:35:06Z	0.204	0.176	0.174	0.179
2019-10-09T23:55:13Z	0.204	0.176	0.174	0.179
2019-10-10T00:15:20Z	0.204	0.176	0.174	0.179
2019-10-10T00:35:28Z	0.204	0.176	0.174	0.179
2019-10-10T00:55:35Z	0.204	0.176	0.174	0.179
2019-10-10T01:15:42Z	0.204	0.176	0.174	0.179
2019-10-10T01:35:49Z	0.204	0.176	0.174	0.179
2019-10-10T01:55:56Z	0.204	0.176	0.174	0.179
2019-10-10T02:16:03Z	0.204	0.176	0.174	0.179
2019-10-10T02:36:10Z	0.203	0.176	0.174	0.179
2019-10-10T02:56:17Z	0.203	0.176	0.174	0.179
2019-10-10T03:16:24Z	0.204	0.176	0.174	0.179
2019-10-10T03:36:32Z	0.204	0.176	0.174	0.179
2019-10-10T03:56:39Z	0.204	0.176	0.174	0.179
2019-10-10T04:16:46Z	0.204	0.176	0.174	0.179
2019-10-10T04:36:53Z	0.203	0.176	0.174	0.179
2019-10-10T04:57:00Z	0.204	0.176	0.174	0.179
2019-10-10T05:17:07Z	0.204	0.176	0.174	0.179
2019-10-10T05:37:14Z	0.203	0.176	0.174	0.179
2019-10-10T05:57:21Z	0.203	0.176	0.174	0.179
2019-10-10T06:17:28Z	0.203	0.176	0.174	0.179
2019-10-10T06:37:36Z	0.203	0.176	0.174	0.179
2019-10-10T06:57:43Z	0.203	0.176	0.174	0.179
2019-10-10T07:17:50Z	0.203	0.176	0.174	0.179
2019-10-10T07:37:57Z	0.203	0.176	0.174	0.179
2019-10-10T07:58:04Z	0.203	0.176	0.174	0.179
2019-10-10T08:18:11Z	0.203	0.176	0.174	0.179
2019-10-10T08:38:18Z	0.203	0.176	0.174	0.179
2019-10-10T08:58:25Z	0.203	0.176	0.174	0.179
2019-10-10T09:18:33Z	0.202	0.175	0.174	0.179
2019-10-10T09:38:40Z	0.202	0.175	0.174	0.179
2019-10-10T09:58:47Z	0.202	0.175	0.174	0.179
2019-10-10T10:18:54Z	0.202	0.175	0.174	0.179
2019-10-10T10:39:01Z	0.202	0.175	0.174	0.178
2019-10-10T10:59:09Z	0.201	0.175	0.173	0.178
2019-10-10T11:19:16Z	0.201	0.175	0.174	0.179
2019-10-10T11:39:23Z	0.201	0.175	0.174	0.179
2019-10-10T11:59:30Z	0.201	0.175	0.174	0.179
2019-10-10T12:19:37Z	0.201	0.175	0.173	0.178
2019-10-10T12:39:45Z	0.201	0.175	0.173	0.178
2019-10-10T12:59:52Z	0.201	0.175	0.173	0.178
2019-10-10T13:19:59Z	0.201	0.174	0.173	0.178
2019-10-10T13:40:06Z	0.2	0.174	0.173	0.178
2019-10-10T14:00:13Z	0.2	0.174	0.173	0.179
2019-10-10T14:20:21Z	0.2	0.175	0.173	0.179
2019-10-10T14:40:28Z	0.203	0.175	0.174	0.179
2019-10-10T15:00:35Z	0.204	0.176	0.174	0.179
2019-10-10T15:20:42Z	0.204	0.176	0.174	0.179
2019-10-10T15:40:49Z	0.204	0.176	0.174	0.179
2019-10-10T16:00:56Z	0.204	0.176	0.174	0.179
2019-10-10T16:21:04Z	0.204	0.176	0.174	0.179
2019-10-10T16:41:11Z	0.204	0.176	0.174	0.179
2019-10-10T17:01:18Z	0.204	0.176	0.174	0.179
2019-10-10T17:21:25Z	0.204	0.176	0.174	0.179
2019-10-10T17:41:32Z	0.204	0.176	0.174	0.179
2019-10-10T18:01:39Z	0.204	0.176	0.174	0.179
2019-10-10T18:21:46Z	0.204	0.176	0.174	0.179
2019-10-10T18:41:53Z	0.205	0.177	0.174	0.179
2019-10-10T19:02:01Z	0.206	0.177	0.175	0.179
2019-10-10T19:22:08Z	0.207	0.178	0.175	0.179
2019-10-10T19:42:15Z	0.207	0.178	0.175	0.179
2019-10-10T20:02:22Z	0.207	0.178	0.175	0.179
2019-10-10T20:22:29Z	0.206	0.178	0.175	0.179
2019-10-10T20:42:36Z	0.206	0.178	0.175	0.179
2019-10-10T21:02:43Z	0.206	0.178	0.175	0.179
2019-10-10T21:22:50Z	0.206	0.178	0.175	0.179
2019-10-10T21:42:57Z	0.206	0.178	0.175	0.179
2019-10-10T22:03:04Z	0.206	0.178	0.175	0.179
2019-10-10T22:23:12Z	0.206	0.178	0.175	0.179
2019-10-10T22:43:19Z	0.206	0.178	0.176	0.179
2019-10-10T23:03:26Z	0.206	0.178	0.176	0.179
2019-10-10T23:23:33Z	0.206	0.178	0.176	0.179
2019-10-10T23:43:40Z	0.206	0.178	0.176	0.179
2019-10-11T00:03:47Z	0.206	0.178	0.176	0.179
2019-10-11T00:23:54Z	0.206	0.178	0.176	0.179
2019-10-11T00:44:01Z	0.206	0.178	0.176	0.179
2019-10-11T01:04:08Z	0.206	0.178	0.176	0.179
2019-10-11T01:24:15Z	0.205	0.178	0.176	0.179
2019-10-11T01:44:22Z	0.205	0.178	0.175	0.179
2019-10-11T02:04:30Z	0.205	0.178	0.176	0.179
2019-10-11T02:24:37Z	0.205	0.178	0.176	0.18
2019-10-11T02:44:44Z	0.205	0.178	0.176	0.179
2019-10-11T03:04:51Z	0.205	0.178	0.176	0.179
2019-10-11T03:24:58Z	0.205	0.178	0.176	0.179
2019-10-11T03:45:05Z	0.205	0.178	0.176	0.179
2019-10-11T04:05:12Z	0.205	0.178	0.175	0.179
2019-10-11T04:25:19Z	0.205	0.178	0.175	0.179
2019-10-11T04:45:26Z	0.205	0.178	0.176	0.179
2019-10-11T05:05:33Z	0.205	0.178	0.175	0.179
2019-10-11T05:25:40Z	0.205	0.178	0.175	0.179
2019-10-11T05:45:47Z	0.205	0.178	0.175	0.179
2019-10-11T06:05:55Z	0.205	0.178	0.175	0.179
2019-10-11T06:26:02Z	0.205	0.178	0.175	0.179
2019-10-11T06:46:09Z	0.204	0.177	0.175	0.179
2019-10-11T07:06:16Z	0.204	0.177	0.175	0.179
2019-10-11T07:26:23Z	0.204	0.177	0.175	0.179
2019-10-11T07:46:30Z	0.204	0.177	0.175	0.179
2019-10-11T08:06:37Z	0.204	0.177	0.175	0.179
2019-10-11T08:26:45Z	0.204	0.177	0.175	0.179
2019-10-11T08:46:52Z	0.204	0.177	0.175	0.179
2019-10-11T09:06:59Z	0.204	0.177	0.175	0.179
2019-10-11T09:27:06Z	0.204	0.177	0.175	0.179
2019-10-11T09:47:13Z	0.204	0.177	0.175	0.179
2019-10-11T10:07:20Z	0.204	0.177	0.175	0.179
2019-10-11T10:27:27Z	0.204	0.177	0.175	0.179
2019-10-11T10:47:35Z	0.203	0.177	0.175	0.179
2019-10-11T11:07:42Z	0.203	0.177	0.175	0.179
2019-10-11T11:27:49Z	0.203	0.177	0.175	0.179
2019-10-11T11:47:56Z	0.203	0.177	0.175	0.179
2019-10-11T12:08:03Z	0.203	0.176	0.175	0.179
2019-10-11T12:28:10Z	0.203	0.176	0.175	0.179
2019-10-11T12:48:18Z	0.203	0.176	0.175	0.179
2019-10-11T13:08:25Z	0.203	0.176	0.175	0.179
2019-10-11T13:28:32Z	0.202	0.176	0.174	0.179
2019-10-11T13:48:39Z	0.202	0.176	0.175	0.179
2019-10-11T14:08:46Z	0.202	0.176	0.174	0.179
2019-10-11T14:28:54Z	0.202	0.176	0.175	0.179
2019-10-11T14:49:01Z	0.202	0.176	0.174	0.179
2019-10-11T15:09:08Z	0.202	0.176	0.174	0.179
2019-10-11T15:29:15Z	0.202	0.176	0.174	0.179
2019-10-11T15:49:22Z	0.202	0.176	0.174	0.179
2019-10-11T16:09:29Z	0.202	0.176	0.174	0.179
2019-10-11T16:29:37Z	0.202	0.176	0.174	0.179
2019-10-11T16:49:44Z	0.202	0.176	0.174	0.179
2019-10-11T17:09:51Z	0.202	0.176	0.174	0.179
2019-10-11T17:29:58Z	0.202	0.176	0.174	0.179
2019-10-11T17:50:05Z	0.202	0.176	0.174	0.179
2019-10-11T18:10:12Z	0.202	0.176	0.174	0.179
2019-10-11T18:30:20Z	0.202	0.176	0.174	0.179
2019-10-11T18:50:27Z	0.202	0.176	0.174	0.179
2019-10-11T19:10:34Z	0.202	0.176	0.174	0.179
2019-10-11T19:30:41Z	0.202	0.176	0.174	0.179
2019-10-11T19:50:48Z	0.202	0.176	0.174	0.179
2019-10-11T20:10:55Z	0.202	0.176	0.174	0.179
2019-10-11T20:31:03Z	0.202	0.176	0.174	0.179
2019-10-11T20:51:10Z	0.202	0.176	0.174	0.179
2019-10-11T21:11:17Z	0.202	0.176	0.174	0.179
2019-10-11T21:31:24Z	0.202	0.176	0.174	0.179
2019-10-11T21:51:31Z	0.202	0.176	0.174	0.179
2019-10-11T22:11:38Z	0.202	0.176	0.174	0.179
2019-10-11T22:31:45Z	0.202	0.176	0.174	0.179
2019-10-11T22:51:53Z	0.202	0.176	0.174	0.179
2019-10-11T23:12:00Z	0.202	0.176	0.174	0.179
2019-10-11T23:32:07Z	0.201	0.176	0.174	0.179
2019-10-11T23:52:14Z	0.201	0.176	0.174	0.179
2019-10-12T00:12:21Z	0.201	0.176	0.174	0.179
2019-10-12T00:32:28Z	0.201	0.176	0.174	0.179
2019-10-12T00:52:35Z	0.201	0.176	0.174	0.179
2019-10-12T01:12:43Z	0.201	0.176	0.174	0.179
2019-10-12T01:32:50Z	0.201	0.176	0.174	0.179
2019-10-12T01:52:57Z	0.201	0.176	0.174	0.179
2019-10-12T02:13:04Z	0.201	0.175	0.174	0.179
2019-10-12T02:33:11Z	0.201	0.175	0.174	0.179
2019-10-12T02:53:18Z	0.201	0.175	0.174	0.179
2019-10-12T03:13:26Z	0.201	0.175	0.174	0.179
2019-10-12T03:33:33Z	0.201	0.175	0.174	0.179
2019-10-12T03:53:40Z	0.201	0.175	0.174	0.179
2019-10-12T04:13:47Z	0.201	0.175	0.174	0.179
2019-10-12T04:33:54Z	0.201	0.175	0.174	0.179
2019-10-12T04:54:01Z	0.201	0.175	0.174	0.179
2019-10-12T05:14:08Z	0.201	0.175	0.174	0.179
2019-10-12T05:34:16Z	0.201	0.175	0.174	0.179
2019-10-12T05:54:23Z	0.201	0.175	0.174	0.179
2019-10-12T06:14:30Z	0.201	0.175	0.174	0.179
2019-10-12T06:34:37Z	0.201	0.175	0.174	0.179
2019-10-12T06:54:44Z	0.201	0.175	0.174	0.179
2019-10-12T07:14:51Z	0.201	0.175	0.174	0.179
2019-10-12T07:34:58Z	0.201	0.175	0.174	0.179
2019-10-12T07:55:06Z	0.2	0.175	0.174	0.179
2019-10-12T08:15:13Z	0.2	0.175	0.173	0.179
2019-10-12T08:35:20Z	0.2	0.174	0.173	0.179
2019-10-12T08:55:27Z	0.2	0.174	0.173	0.178
2019-10-12T09:15:34Z	0.2	0.174	0.173	0.178
2019-10-12T09:35:42Z	0.2	0.174	0.173	0.178
2019-10-12T09:55:49Z	0.2	0.174	0.173	0.178
2019-10-12T10:15:56Z	0.199	0.174	0.173	0.178
2019-10-12T10:36:03Z	0.199	0.174	0.173	0.178
2019-10-12T10:56:10Z	0.199	0.174	0.173	0.178
2019-10-12T11:16:18Z	0.199	0.174	0.173	0.178
2019-10-12T11:36:25Z	0.199	0.174	0.173	0.179
2019-10-12T11:56:32Z	0.199	0.174	0.173	0.179
2019-10-12T12:16:40Z	0.199	0.174	0.173	0.179
2019-10-12T12:36:47Z	0.199	0.174	0.173	0.179
2019-10-12T12:56:54Z	0.199	0.174	0.173	0.179
2019-10-12T13:17:01Z	0.198	0.174	0.173	0.179
2019-10-12T13:37:09Z	0.198	0.174	0.173	0.179
2019-10-12T13:57:16Z	0.198	0.174	0.173	0.179
2019-10-12T14:17:23Z	0.198	0.173	0.173	0.179
2019-10-12T14:37:30Z	0.198	0.173	0.173	0.179
2019-10-12T14:57:38Z	0.198	0.173	0.173	0.179
2019-10-12T15:17:45Z	0.198	0.174	0.173	0.179
2019-10-12T15:37:52Z	0.198	0.173	0.173	0.179
2019-10-12T15:57:59Z	0.198	0.173	0.173	0.179
2019-10-12T16:18:06Z	0.198	0.173	0.173	0.179
2019-10-12T16:38:14Z	0.198	0.174	0.173	0.179
2019-10-12T16:58:21Z	0.198	0.174	0.173	0.179
2019-10-12T17:18:28Z	0.199	0.174	0.173	0.179
2019-10-12T17:38:35Z	0.199	0.174	0.173	0.179
2019-10-12T17:58:42Z	0.199	0.174	0.173	0.179
2019-10-12T18:18:49Z	0.199	0.174	0.173	0.179
2019-10-12T18:38:57Z	0.199	0.174	0.173	0.179
2019-10-12T18:59:04Z	0.199	0.174	0.173	0.179
2019-10-12T19:19:11Z	0.199	0.174	0.173	0.179
2019-10-12T19:39:18Z	0.199	0.173	0.173	0.179
2019-10-12T19:59:25Z	0.198	0.174	0.173	0.179
2019-10-12T20:19:32Z	0.199	0.173	0.173	0.179
2019-10-12T20:39:39Z	0.198	0.173	0.173	0.179
2019-10-12T20:59:47Z	0.198	0.173	0.173	0.179
2019-10-12T21:19:54Z	0.198	0.173	0.173	0.179
2019-10-12T21:40:01Z	0.198	0.173	0.173	0.179
2019-10-12T22:00:08Z	0.198	0.173	0.173	0.179
2019-10-12T22:20:15Z	0.198	0.173	0.172	0.179
2019-10-12T22:40:22Z	0.198	0.173	0.172	0.179
2019-10-12T23:00:29Z	0.198	0.173	0.172	0.178
2019-10-12T23:20:37Z	0.198	0.173	0.172	0.178
2019-10-12T23:40:44Z	0.198	0.173	0.172	0.178
2019-10-13T00:00:51Z	0.198	0.173	0.172	0.178
2019-10-13T00:20:58Z	0.198	0.173	0.172	0.178
2019-10-13T00:41:05Z	0.198	0.173	0.172	0.178
2019-10-13T01:01:12Z	0.198	0.173	0.172	0.178
2019-10-13T01:21:20Z	0.198	0.173	0.172	0.178
2019-10-13T01:41:27Z	0.198	0.173	0.172	0.178
2019-10-13T02:01:34Z	0.198	0.173	0.172	0.178
2019-10-13T02:21:41Z	0.198	0.173	0.172	0.178
2019-10-13T02:41:48Z	0.198	0.173	0.172	0.178
2019-10-13T03:01:55Z	0.198	0.173	0.172	0.179
2019-10-13T03:22:02Z	0.198	0.174	0.172	0.178
2019-10-13T03:42:10Z	0.198	0.174	0.172	0.178
2019-10-13T04:02:17Z	0.198	0.174	0.172	0.178
2019-10-13T04:22:24Z	0.198	0.174	0.172	0.178
2019-10-13T04:42:31Z	0.198	0.174	0.172	0.178
2019-10-13T05:02:38Z	0.198	0.174	0.172	0.178
2019-10-13T05:22:45Z	0.198	0.174	0.172	0.178
2019-10-13T05:42:53Z	0.198	0.174	0.172	0.178
2019-10-13T06:03:00Z	0.198	0.174	0.172	0.178
2019-10-13T06:23:07Z	0.198	0.175	0.172	0.178
2019-10-13T06:43:14Z	0.198	0.174	0.172	0.178
2019-10-13T07:03:21Z	0.198	0.175	0.172	0.178
2019-10-13T07:23:28Z	0.198	0.174	0.172	0.178
2019-10-13T07:43:36Z	0.198	0.174	0.172	0.178
2019-10-13T08:03:43Z	0.197	0.174	0.172	0.178
2019-10-13T08:23:50Z	0.197	0.174	0.172	0.178
2019-10-13T08:43:57Z	0.197	0.174	0.172	0.178
2019-10-13T09:04:04Z	0.197	0.174	0.172	0.178
2019-10-13T09:24:12Z	0.197	0.174	0.171	0.178
2019-10-13T09:44:19Z	0.196	0.174	0.171	0.178
2019-10-13T10:04:26Z	0.196	0.174	0.171	0.178
2019-10-13T10:24:34Z	0.196	0.174	0.171	0.178
2019-10-13T10:44:41Z	0.196	0.174	0.171	0.178
2019-10-13T11:04:48Z	0.196	0.174	0.171	0.178
2019-10-13T11:24:55Z	0.195	0.174	0.171	0.178
2019-10-13T11:45:03Z	0.195	0.174	0.171	0.178
2019-10-13T12:05:10Z	0.195	0.174	0.171	0.178
2019-10-13T12:25:17Z	0.195	0.174	0.171	0.178
2019-10-13T12:45:25Z	0.195	0.174	0.171	0.178
2019-10-13T13:05:32Z	0.195	0.174	0.171	0.178
2019-10-13T13:25:39Z	0.195	0.174	0.171	0.178
2019-10-13T13:45:47Z	0.195	0.174	0.171	0.178
2019-10-13T14:05:54Z	0.195	0.174	0.171	0.178
2019-10-13T14:26:01Z	0.195	0.174	0.171	0.178
2019-10-13T14:46:08Z	0.195	0.174	0.171	0.178
2019-10-13T15:06:16Z	0.195	0.174	0.171	0.178
2019-10-13T15:26:23Z	0.195	0.174	0.171	0.178
2019-10-13T15:46:30Z	0.195	0.174	0.171	0.178
2019-10-13T16:06:37Z	0.195	0.174	0.171	0.178
2019-10-13T16:26:45Z	0.195	0.174	0.171	0.178
2019-10-13T16:46:52Z	0.195	0.174	0.171	0.178
2019-10-13T17:06:59Z	0.195	0.174	0.171	0.178
2019-10-13T17:27:07Z	0.195	0.174	0.171	0.178
2019-10-13T17:47:14Z	0.195	0.174	0.171	0.178
2019-10-13T18:07:21Z	0.195	0.174	0.171	0.178
2019-10-13T18:27:28Z	0.195	0.174	0.171	0.178
2019-10-13T18:47:35Z	0.195	0.174	0.171	0.178
2019-10-13T19:07:43Z	0.195	0.174	0.171	0.178
2019-10-13T19:27:50Z	0.195	0.174	0.171	0.178
2019-10-13T19:47:57Z	0.195	0.174	0.171	0.178
2019-10-13T20:08:04Z	0.195	0.174	0.171	0.178
2019-10-13T20:28:12Z	0.195	0.174	0.171	0.178
2019-10-13T20:48:19Z	0.195	0.174	0.171	0.178
2019-10-13T21:08:26Z	0.195	0.174	0.171	0.178
2019-10-13T21:28:33Z	0.195	0.174	0.171	0.178
2019-10-13T21:48:40Z	0.195	0.174	0.171	0.178
2019-10-13T22:08:48Z	0.195	0.174	0.171	0.178
2019-10-13T22:28:55Z	0.195	0.174	0.17	0.178
2019-10-13T22:49:02Z	0.195	0.174	0.17	0.178
2019-10-13T23:09:09Z	0.195	0.174	0.17	0.178
2019-10-13T23:29:16Z	0.195	0.174	0.17	0.178
2019-10-13T23:49:24Z	0.195	0.174	0.17	0.178
2019-10-14T00:09:31Z	0.195	0.174	0.17	0.178
2019-10-14T00:29:38Z	0.195	0.174	0.17	0.178
2019-10-14T00:49:45Z	0.195	0.173	0.17	0.178
2019-10-14T01:09:52Z	0.195	0.174	0.17	0.178
2019-10-14T01:30:00Z	0.195	0.174	0.17	0.178
2019-10-14T01:50:07Z	0.195	0.174	0.17	0.178
2019-10-14T02:10:14Z	0.195	0.173	0.17	0.178
2019-10-14T02:30:21Z	0.195	0.173	0.17	0.178
2019-10-14T02:50:28Z	0.195	0.173	0.17	0.178
2019-10-14T03:10:36Z	0.195	0.173	0.17	0.178
2019-10-14T03:30:43Z	0.195	0.173	0.17	0.178
2019-10-14T03:50:50Z	0.195	0.174	0.17	0.178
2019-10-14T04:10:57Z	0.195	0.174	0.17	0.178
2019-10-14T04:31:04Z	0.195	0.173	0.17	0.178
2019-10-14T04:51:12Z	0.195	0.173	0.17	0.178
2019-10-14T05:11:19Z	0.195	0.173	0.17	0.178
2019-10-14T05:31:26Z	0.195	0.173	0.17	0.178
2019-10-14T05:51:33Z	0.195	0.173	0.17	0.178
2019-10-14T06:11:40Z	0.195	0.173	0.17	0.178
2019-10-14T06:31:47Z	0.195	0.173	0.17	0.178
2019-10-14T06:51:55Z	0.195	0.173	0.17	0.178
2019-10-14T07:12:02Z	0.195	0.173	0.17	0.178
2019-10-14T07:32:09Z	0.195	0.173	0.17	0.178
2019-10-14T07:52:16Z	0.195	0.173	0.17	0.178
2019-10-14T08:12:23Z	0.195	0.173	0.17	0.178
2019-10-14T08:32:31Z	0.194	0.173	0.17	0.178
2019-10-14T08:52:38Z	0.194	0.173	0.17	0.177
2019-10-14T09:12:45Z	0.194	0.172	0.17	0.177
2019-10-14T09:32:52Z	0.194	0.172	0.169	0.177
2019-10-14T09:53:00Z	0.193	0.172	0.169	0.177
2019-10-14T10:13:07Z	0.193	0.172	0.169	0.177
2019-10-14T10:33:14Z	0.193	0.172	0.169	0.177
2019-10-14T10:53:22Z	0.193	0.172	0.169	0.177
2019-10-14T11:13:29Z	0.193	0.172	0.169	0.177
2019-10-14T11:33:37Z	0.193	0.172	0.169	0.177
2019-10-14T11:53:44Z	0.193	0.172	0.169	0.177
2019-10-14T12:13:51Z	0.192	0.172	0.169	0.177
2019-10-14T12:33:59Z	0.192	0.172	0.169	0.177
2019-10-14T12:54:06Z	0.192	0.172	0.169	0.177
2019-10-14T13:14:14Z	0.192	0.172	0.169	0.177
2019-10-14T13:34:21Z	0.192	0.172	0.169	0.177
2019-10-14T13:54:28Z	0.192	0.172	0.169	0.177
2019-10-14T14:14:36Z	0.192	0.172	0.169	0.177
2019-10-14T14:34:43Z	0.192	0.172	0.169	0.177
2019-10-14T14:54:50Z	0.192	0.172	0.169	0.177
2019-10-14T15:14:58Z	0.192	0.172	0.169	0.177
2019-10-14T15:35:05Z	0.192	0.172	0.169	0.177
2019-10-14T15:55:12Z	0.192	0.172	0.169	0.177
2019-10-14T16:15:19Z	0.192	0.172	0.169	0.177
2019-10-14T16:35:27Z	0.192	0.172	0.169	0.177
2019-10-14T16:55:34Z	0.192	0.172	0.169	0.178
2019-10-14T17:15:41Z	0.192	0.172	0.169	0.178
2019-10-14T17:35:48Z	0.192	0.172	0.169	0.178
2019-10-14T17:55:56Z	0.192	0.172	0.169	0.178
2019-10-14T18:16:03Z	0.192	0.172	0.169	0.178
2019-10-14T18:36:10Z	0.192	0.172	0.169	0.178
2019-10-14T18:56:17Z	0.192	0.172	0.169	0.178
2019-10-14T19:16:24Z	0.192	0.172	0.169	0.178
2019-10-14T19:36:31Z	0.192	0.172	0.169	0.177
2019-10-14T19:56:39Z	0.192	0.172	0.169	0.177
2019-10-14T20:16:46Z	0.192	0.172	0.169	0.177
2019-10-14T20:36:53Z	0.192	0.172	0.169	0.177
2019-10-14T20:57:00Z	0.192	0.172	0.169	0.177
2019-10-14T21:17:07Z	0.192	0.172	0.169	0.177
2019-10-14T21:37:14Z	0.192	0.172	0.169	0.177
2019-10-14T21:57:21Z	0.192	0.172	0.169	0.177
2019-10-14T22:17:29Z	0.192	0.172	0.169	0.177
2019-10-14T22:37:36Z	0.192	0.172	0.169	0.178
2019-10-14T22:57:43Z	0.192	0.172	0.169	0.178
2019-10-14T23:17:50Z	0.192	0.172	0.169	0.178
2019-10-14T23:37:57Z	0.192	0.172	0.169	0.178
2019-10-14T23:58:04Z	0.192	0.172	0.169	0.178
2019-10-15T00:18:11Z	0.192	0.172	0.169	0.178
2019-10-15T00:38:19Z	0.192	0.172	0.169	0.178
2019-10-15T00:58:26Z	0.192	0.172	0.169	0.178
2019-10-15T01:18:33Z	0.192	0.172	0.169	0.178
2019-10-15T01:38:40Z	0.192	0.172	0.169	0.178
2019-10-15T01:58:47Z	0.192	0.172	0.169	0.178
2019-10-15T02:18:54Z	0.192	0.172	0.169	0.178
2019-10-15T02:39:01Z	0.192	0.172	0.169	0.177
2019-10-15T02:59:08Z	0.192	0.172	0.169	0.177
2019-10-15T03:19:16Z	0.192	0.172	0.169	0.177
2019-10-15T03:39:23Z	0.192	0.172	0.169	0.177
2019-10-15T03:59:30Z	0.192	0.171	0.169	0.177
2019-10-15T04:19:37Z	0.192	0.171	0.169	0.177
2019-10-15T04:39:44Z	0.192	0.171	0.169	0.177
2019-10-15T04:59:51Z	0.192	0.171	0.169	0.177
2019-10-15T05:19:58Z	0.192	0.171	0.169	0.177
2019-10-15T05:40:05Z	0.192	0.171	0.169	0.177
2019-10-15T06:00:13Z	0.192	0.171	0.169	0.177
2019-10-15T06:20:20Z	0.192	0.171	0.169	0.177
2019-10-15T06:40:27Z	0.192	0.171	0.169	0.177
2019-10-15T07:00:34Z	0.192	0.171	0.169	0.177
2019-10-15T07:20:41Z	0.192	0.171	0.168	0.177
2019-10-15T07:40:48Z	0.192	0.171	0.168	0.177
2019-10-15T08:00:55Z	0.192	0.171	0.168	0.177
2019-10-15T08:21:02Z	0.192	0.171	0.168	0.177
2019-10-15T08:41:10Z	0.192	0.171	0.168	0.176
2019-10-15T09:01:17Z	0.191	0.17	0.168	0.176
2019-10-15T09:21:24Z	0.191	0.17	0.168	0.176
2019-10-15T09:41:31Z	0.191	0.17	0.168	0.176
2019-10-15T10:01:39Z	0.191	0.17	0.168	0.176
2019-10-15T10:21:46Z	0.191	0.17	0.168	0.176
2019-10-15T10:41:53Z	0.191	0.17	0.168	0.176
2019-10-15T11:02:01Z	0.191	0.17	0.168	0.176
2019-10-15T11:22:08Z	0.191	0.17	0.168	0.176
2019-10-15T11:42:15Z	0.19	0.17	0.167	0.176
2019-10-15T12:02:23Z	0.19	0.17	0.167	0.176
2019-10-15T12:22:30Z	0.19	0.17	0.167	0.176
2019-10-15T12:42:37Z	0.189	0.17	0.167	0.176
2019-10-15T13:02:45Z	0.189	0.17	0.167	0.176
2019-10-15T13:22:52Z	0.189	0.17	0.167	0.176
2019-10-15T13:42:59Z	0.189	0.17	0.167	0.176
2019-10-15T14:03:07Z	0.189	0.17	0.167	0.176
2019-10-15T14:23:14Z	0.189	0.17	0.167	0.176
2019-10-15T14:43:21Z	0.189	0.17	0.167	0.176
2019-10-15T15:03:29Z	0.189	0.17	0.167	0.176
2019-10-15T15:23:36Z	0.19	0.17	0.168	0.176
2019-10-15T15:43:43Z	0.19	0.17	0.168	0.176
2019-10-15T16:03:51Z	0.19	0.17	0.168	0.177
2019-10-15T16:23:58Z	0.19	0.17	0.168	0.177
2019-10-15T16:44:05Z	0.19	0.17	0.168	0.177
2019-10-15T17:04:12Z	0.19	0.17	0.168	0.177
2019-10-15T17:24:19Z	0.19	0.17	0.168	0.177
2019-10-15T17:44:27Z	0.19	0.17	0.168	0.177
2019-10-15T18:04:34Z	0.19	0.17	0.168	0.177
2019-10-15T18:24:41Z	0.19	0.17	0.168	0.177
2019-10-15T18:44:48Z	0.19	0.17	0.168	0.177
2019-10-15T19:04:55Z	0.19	0.17	0.168	0.177
2019-10-15T19:25:02Z	0.19	0.17	0.168	0.177
2019-10-15T19:45:10Z	0.19	0.17	0.168	0.177
2019-10-15T20:05:17Z	0.19	0.17	0.168	0.177
2019-10-15T20:25:24Z	0.19	0.17	0.168	0.177
2019-10-15T20:45:31Z	0.19	0.17	0.168	0.177
2019-10-15T21:05:38Z	0.19	0.17	0.168	0.177
2019-10-15T21:25:45Z	0.19	0.17	0.168	0.177
2019-10-15T21:45:52Z	0.19	0.17	0.168	0.177
2019-10-15T22:05:59Z	0.19	0.17	0.168	0.177
2019-10-15T22:26:06Z	0.19	0.17	0.168	0.177
2019-10-15T22:46:14Z	0.19	0.17	0.168	0.177
2019-10-15T23:06:21Z	0.19	0.17	0.168	0.177
2019-10-15T23:26:28Z	0.19	0.17	0.168	0.177
2019-10-15T23:46:35Z	0.19	0.17	0.168	0.177
2019-10-16T00:06:42Z	0.19	0.17	0.168	0.177
2019-10-16T00:26:49Z	0.19	0.17	0.168	0.177
2019-10-16T00:46:56Z	0.19	0.17	0.167	0.177
2019-10-16T01:07:03Z	0.19	0.17	0.167	0.177
2019-10-16T01:27:10Z	0.19	0.17	0.167	0.177
2019-10-16T01:47:18Z	0.19	0.17	0.167	0.177
2019-10-16T02:07:25Z	0.19	0.17	0.167	0.177
2019-10-16T02:27:32Z	0.19	0.17	0.167	0.176
2019-10-16T02:47:39Z	0.19	0.17	0.167	0.176
2019-10-16T03:07:46Z	0.19	0.17	0.167	0.176
2019-10-16T03:27:53Z	0.19	0.169	0.167	0.176
2019-10-16T03:48:00Z	0.19	0.169	0.167	0.176
2019-10-16T04:08:07Z	0.19	0.169	0.167	0.176
2019-10-16T04:28:14Z	0.19	0.169	0.167	0.176
2019-10-16T04:48:21Z	0.19	0.169	0.167	0.176
2019-10-16T05:08:29Z	0.189	0.169	0.167	0.176
2019-10-16T05:28:36Z	0.189	0.169	0.167	0.176
2019-10-16T05:48:43Z	0.19	0.169	0.167	0.176
2019-10-16T06:08:50Z	0.19	0.169	0.167	0.176
2019-10-16T06:28:57Z	0.19	0.169	0.167	0.176
2019-10-16T06:49:04Z	0.191	0.169	0.167	0.176
2019-10-16T07:09:11Z	0.192	0.169	0.167	0.176
2019-10-16T07:29:19Z	0.193	0.17	0.167	0.176
2019-10-16T07:49:26Z	0.194	0.17	0.167	0.176
2019-10-16T08:09:33Z	0.195	0.17	0.167	0.176
2019-10-16T08:29:40Z	0.196	0.17	0.167	0.176
2019-10-16T08:49:47Z	0.196	0.171	0.167	0.176
2019-10-16T09:09:54Z	0.196	0.171	0.167	0.176
2019-10-16T09:30:01Z	0.197	0.171	0.167	0.176
2019-10-16T09:50:08Z	0.197	0.171	0.168	0.176
2019-10-16T10:10:16Z	0.197	0.171	0.168	0.176
2019-10-16T10:30:23Z	0.197	0.172	0.168	0.176
2019-10-16T10:50:30Z	0.197	0.172	0.168	0.176
2019-10-16T11:10:37Z	0.197	0.172	0.168	0.176
2019-10-16T11:30:44Z	0.197	0.172	0.168	0.176
2019-10-16T11:50:51Z	0.197	0.172	0.168	0.176
2019-10-16T12:10:58Z	0.199	0.172	0.168	0.176
2019-10-16T12:31:05Z	0.202	0.172	0.168	0.176
2019-10-16T12:51:13Z	0.204	0.173	0.168	0.176
2019-10-16T13:11:20Z	0.205	0.174	0.169	0.176
2019-10-16T13:31:27Z	0.205	0.174	0.169	0.176
2019-10-16T13:51:34Z	0.205	0.175	0.169	0.176
2019-10-16T14:11:41Z	0.206	0.175	0.169	0.176
2019-10-16T14:31:48Z	0.208	0.176	0.169	0.176
2019-10-16T14:51:55Z	0.209	0.176	0.169	0.176
2019-10-16T15:12:02Z	0.21	0.177	0.17	0.176
2019-10-16T15:32:10Z	0.21	0.178	0.17	0.176
2019-10-16T15:52:17Z	0.209	0.178	0.17	0.176
2019-10-16T16:12:24Z	0.209	0.178	0.17	0.176
2019-10-16T16:32:31Z	0.209	0.178	0.171	0.177
2019-10-16T16:52:38Z	0.209	0.178	0.171	0.177
2019-10-16T17:12:45Z	0.209	0.179	0.171	0.177
2019-10-16T17:32:52Z	0.208	0.179	0.171	0.177
2019-10-16T17:53:00Z	0.208	0.179	0.171	0.177
2019-10-16T18:13:07Z	0.208	0.179	0.172	0.177
2019-10-16T18:33:14Z	0.208	0.179	0.172	0.177
2019-10-16T18:53:21Z	0.207	0.179	0.172	0.177
2019-10-16T19:13:28Z	0.207	0.179	0.172	0.178
2019-10-16T19:33:35Z	0.207	0.179	0.172	0.178
2019-10-16T19:53:42Z	0.207	0.179	0.172	0.178
2019-10-16T20:13:49Z	0.207	0.179	0.172	0.178
2019-10-16T20:33:56Z	0.206	0.179	0.172	0.178
2019-10-16T20:54:03Z	0.206	0.179	0.172	0.178
2019-10-16T21:14:10Z	0.206	0.178	0.172	0.178
2019-10-16T21:34:17Z	0.206	0.178	0.172	0.178
2019-10-16T21:54:25Z	0.206	0.178	0.172	0.178
2019-10-16T22:14:32Z	0.206	0.178	0.172	0.178
2019-10-16T22:34:39Z	0.206	0.178	0.172	0.178
2019-10-16T22:54:46Z	0.206	0.178	0.172	0.178
2019-10-16T23:14:53Z	0.206	0.178	0.172	0.178
2019-10-16T23:35:00Z	0.205	0.178	0.172	0.178
2019-10-16T23:55:07Z	0.205	0.178	0.172	0.178
2019-10-17T00:15:14Z	0.205	0.178	0.172	0.178
2019-10-17T00:35:22Z	0.205	0.178	0.172	0.178
2019-10-17T00:55:29Z	0.205	0.178	0.172	0.178
2019-10-17T01:15:36Z	0.205	0.178	0.172	0.178
2019-10-17T01:35:43Z	0.205	0.178	0.172	0.178
2019-10-17T01:55:50Z	0.205	0.178	0.172	0.178
2019-10-17T02:15:57Z	0.205	0.178	0.172	0.178
2019-10-17T02:36:04Z	0.204	0.178	0.172	0.178
2019-10-17T02:56:11Z	0.204	0.178	0.172	0.178
2019-10-17T03:16:18Z	0.204	0.178	0.172	0.178
2019-10-17T03:36:26Z	0.204	0.178	0.172	0.178
2019-10-17T03:56:33Z	0.204	0.178	0.172	0.178
2019-10-17T04:16:40Z	0.204	0.178	0.172	0.178
2019-10-17T04:36:47Z	0.204	0.178	0.172	0.178
2019-10-17T04:56:54Z	0.204	0.178	0.172	0.178
2019-10-17T05:17:01Z	0.204	0.178	0.172	0.178
2019-10-17T05:37:08Z	0.204	0.178	0.172	0.178
2019-10-17T05:57:15Z	0.204	0.178	0.172	0.178
2019-10-17T06:17:23Z	0.204	0.178	0.172	0.178
2019-10-17T06:37:30Z	0.204	0.178	0.172	0.178
2019-10-17T06:57:37Z	0.204	0.178	0.172	0.178
2019-10-17T07:17:44Z	0.203	0.178	0.172	0.178
2019-10-17T07:37:51Z	0.203	0.178	0.172	0.178
2019-10-17T07:57:58Z	0.203	0.178	0.172	0.178
2019-10-17T08:18:05Z	0.203	0.178	0.172	0.178
2019-10-17T08:38:13Z	0.203	0.178	0.172	0.178
2019-10-17T08:58:20Z	0.203	0.178	0.172	0.178
2019-10-17T09:18:27Z	0.203	0.177	0.172	0.178
2019-10-17T09:38:34Z	0.203	0.177	0.172	0.178
2019-10-17T09:58:41Z	0.203	0.177	0.172	0.178
2019-10-17T10:18:48Z	0.202	0.177	0.172	0.178
2019-10-17T10:38:56Z	0.202	0.177	0.172	0.178
2019-10-17T10:59:03Z	0.202	0.177	0.172	0.178
2019-10-17T11:19:10Z	0.202	0.177	0.172	0.178
2019-10-17T11:39:17Z	0.202	0.177	0.172	0.178
2019-10-17T11:59:24Z	0.202	0.177	0.172	0.178
2019-10-17T12:19:32Z	0.202	0.177	0.172	0.178
2019-10-17T12:39:39Z	0.201	0.177	0.172	0.178
2019-10-17T12:59:46Z	0.201	0.176	0.172	0.178
2019-10-17T13:19:53Z	0.201	0.176	0.172	0.178
2019-10-17T13:40:00Z	0.201	0.176	0.172	0.178
2019-10-17T14:00:08Z	0.201	0.176	0.172	0.178
2019-10-17T14:20:15Z	0.201	0.176	0.172	0.178
2019-10-17T14:40:22Z	0.201	0.176	0.172	0.178
2019-10-17T15:00:29Z	0.201	0.176	0.172	0.178
2019-10-17T15:20:37Z	0.201	0.176	0.172	0.178
2019-10-17T15:40:44Z	0.201	0.176	0.172	0.178
2019-10-17T16:00:51Z	0.201	0.176	0.172	0.178
2019-10-17T16:20:58Z	0.201	0.176	0.172	0.178
2019-10-17T16:41:05Z	0.201	0.176	0.172	0.178
2019-10-17T17:01:12Z	0.201	0.176	0.172	0.178
2019-10-17T17:21:20Z	0.201	0.176	0.172	0.178
2019-10-17T17:41:27Z	0.201	0.176	0.172	0.178
2019-10-17T18:01:34Z	0.201	0.176	0.172	0.178
2019-10-17T18:21:41Z	0.201	0.176	0.172	0.178
2019-10-17T18:41:48Z	0.201	0.176	0.172	0.178
2019-10-17T19:01:55Z	0.201	0.176	0.172	0.179
2019-10-17T19:22:03Z	0.201	0.176	0.172	0.179
2019-10-17T19:42:10Z	0.201	0.176	0.172	0.179
2019-10-17T20:02:17Z	0.201	0.176	0.172	0.179
2019-10-17T20:22:24Z	0.201	0.176	0.172	0.179
2019-10-17T20:42:31Z	0.201	0.176	0.172	0.179
2019-10-17T21:02:38Z	0.201	0.176	0.172	0.179
2019-10-17T21:22:45Z	0.201	0.176	0.172	0.179
2019-10-17T21:42:52Z	0.201	0.176	0.172	0.179
2019-10-17T22:03:00Z	0.201	0.176	0.172	0.179
2019-10-17T22:23:07Z	0.2	0.176	0.172	0.179
2019-10-17T22:43:14Z	0.2	0.176	0.172	0.179
2019-10-17T23:03:21Z	0.201	0.176	0.172	0.178
2019-10-17T23:23:28Z	0.2	0.176	0.172	0.179
2019-10-17T23:43:35Z	0.2	0.176	0.172	0.178
2019-10-18T00:03:42Z	0.2	0.176	0.172	0.179
2019-10-18T00:23:50Z	0.2	0.176	0.172	0.179
2019-10-18T00:43:57Z	0.2	0.176	0.172	0.178
2019-10-18T01:04:04Z	0.2	0.176	0.172	0.178
2019-10-18T01:24:11Z	0.201	0.176	0.172	0.178
2019-10-18T01:44:18Z	0.201	0.176	0.172	0.178
2019-10-18T02:04:25Z	0.201	0.176	0.172	0.178
2019-10-18T02:24:32Z	0.201	0.176	0.172	0.178
2019-10-18T02:44:39Z	0.201	0.176	0.172	0.178
2019-10-18T03:04:47Z	0.201	0.176	0.172	0.178
2019-10-18T03:24:54Z	0.201	0.176	0.172	0.178
2019-10-18T03:45:01Z	0.201	0.176	0.172	0.179
2019-10-18T04:05:08Z	0.202	0.176	0.172	0.178
2019-10-18T04:25:15Z	0.201	0.176	0.172	0.178
2019-10-18T04:45:22Z	0.201	0.176	0.172	0.179
2019-10-18T05:05:29Z	0.202	0.177	0.172	0.179
2019-10-18T05:25:36Z	0.202	0.177	0.172	0.179
2019-10-18T05:45:44Z	0.201	0.177	0.172	0.179
2019-10-18T06:05:51Z	0.201	0.177	0.172	0.179
2019-10-18T06:25:58Z	0.201	0.177	0.172	0.179
2019-10-18T06:46:05Z	0.201	0.176	0.172	0.179
2019-10-18T07:06:12Z	0.201	0.176	0.172	0.179
2019-10-18T07:26:19Z	0.201	0.176	0.172	0.179
2019-10-18T07:46:26Z	0.201	0.176	0.172	0.178
2019-10-18T08:06:33Z	0.201	0.176	0.172	0.178
2019-10-18T08:26:41Z	0.201	0.176	0.172	0.178
2019-10-18T08:46:48Z	0.201	0.176	0.172	0.178
2019-10-18T09:06:55Z	0.201	0.176	0.172	0.178
2019-10-18T09:27:02Z	0.201	0.176	0.172	0.178
2019-10-18T09:47:09Z	0.2	0.176	0.172	0.178
2019-10-18T10:07:17Z	0.2	0.176	0.172	0.178
2019-10-18T10:27:24Z	0.2	0.176	0.172	0.178
2019-10-18T10:47:31Z	0.2	0.176	0.172	0.178
2019-10-18T11:07:38Z	0.2	0.176	0.172	0.178
2019-10-18T11:27:46Z	0.2	0.176	0.172	0.178
2019-10-18T11:47:53Z	0.2	0.176	0.172	0.178
2019-10-18T12:08:00Z	0.2	0.175	0.172	0.178
2019-10-18T12:28:07Z	0.2	0.175	0.172	0.178
2019-10-18T12:48:15Z	0.2	0.175	0.172	0.178
2019-10-18T13:08:22Z	0.2	0.175	0.172	0.178
2019-10-18T13:28:29Z	0.2	0.175	0.172	0.178
2019-10-18T13:48:37Z	0.2	0.175	0.172	0.178
2019-10-18T14:08:44Z	0.2	0.175	0.172	0.178
2019-10-18T14:28:51Z	0.2	0.175	0.172	0.178
2019-10-18T14:48:58Z	0.2	0.175	0.172	0.178
2019-10-18T15:09:05Z	0.2	0.175	0.172	0.178
2019-10-18T15:29:13Z	0.2	0.175	0.172	0.178
2019-10-18T15:49:20Z	0.2	0.175	0.172	0.178
2019-10-18T16:09:27Z	0.2	0.175	0.172	0.178
2019-10-18T16:29:34Z	0.2	0.175	0.172	0.179
2019-10-18T16:49:41Z	0.2	0.175	0.172	0.179
2019-10-18T17:09:49Z	0.203	0.176	0.172	0.178
2019-10-18T17:29:56Z	0.204	0.176	0.172	0.178
2019-10-18T17:50:03Z	0.204	0.177	0.172	0.179
2019-10-18T18:10:10Z	0.204	0.177	0.172	0.179
2019-10-18T18:30:17Z	0.205	0.178	0.172	0.179
2019-10-18T18:50:24Z	0.205	0.178	0.172	0.179
2019-10-18T19:10:31Z	0.205	0.178	0.173	0.179
2019-10-18T19:30:39Z	0.205	0.178	0.173	0.179
2019-10-18T19:50:46Z	0.205	0.178	0.173	0.179
2019-10-18T20:10:53Z	0.205	0.178	0.173	0.179
2019-10-18T20:31:00Z	0.205	0.178	0.173	0.179
2019-10-18T20:51:07Z	0.204	0.178	0.173	0.179
2019-10-18T21:11:14Z	0.204	0.178	0.173	0.179
2019-10-18T21:31:21Z	0.204	0.178	0.173	0.179
2019-10-18T21:51:28Z	0.204	0.178	0.173	0.179
2019-10-18T22:11:35Z	0.204	0.178	0.173	0.179
2019-10-18T22:31:42Z	0.204	0.178	0.173	0.179
2019-10-18T22:51:49Z	0.204	0.178	0.173	0.179
2019-10-18T23:11:57Z	0.204	0.178	0.173	0.179
2019-10-18T23:32:04Z	0.204	0.178	0.173	0.179
2019-10-18T23:52:11Z	0.204	0.178	0.173	0.179
2019-10-19T00:12:18Z	0.204	0.178	0.173	0.179
2019-10-19T00:32:25Z	0.204	0.178	0.173	0.179
2019-10-19T00:52:32Z	0.204	0.178	0.173	0.179
2019-10-19T01:12:39Z	0.204	0.178	0.173	0.179
2019-10-19T01:32:46Z	0.204	0.178	0.173	0.179
2019-10-19T01:52:53Z	0.204	0.178	0.173	0.179
2019-10-19T02:13:00Z	0.204	0.178	0.173	0.179
2019-10-19T02:33:07Z	0.204	0.178	0.173	0.179
2019-10-19T02:53:14Z	0.204	0.178	0.173	0.179
2019-10-19T03:13:22Z	0.203	0.178	0.173	0.179
2019-10-19T03:33:29Z	0.203	0.178	0.173	0.179
2019-10-19T03:53:36Z	0.203	0.178	0.173	0.179
2019-10-19T04:13:43Z	0.203	0.178	0.173	0.179
2019-10-19T04:33:50Z	0.203	0.178	0.173	0.179
2019-10-19T04:53:57Z	0.203	0.178	0.173	0.179
2019-10-19T05:14:04Z	0.203	0.178	0.173	0.179
2019-10-19T05:34:11Z	0.203	0.178	0.173	0.179
2019-10-19T05:54:18Z	0.203	0.178	0.173	0.179
2019-10-19T06:14:25Z	0.203	0.178	0.173	0.179
2019-10-19T06:34:32Z	0.203	0.178	0.173	0.179
2019-10-19T06:54:40Z	0.203	0.178	0.173	0.179
2019-10-19T07:14:47Z	0.203	0.178	0.173	0.179
2019-10-19T07:34:54Z	0.203	0.178	0.173	0.179
2019-10-19T07:55:01Z	0.203	0.178	0.173	0.179
2019-10-19T08:15:08Z	0.203	0.178	0.173	0.179
2019-10-19T08:35:15Z	0.203	0.178	0.173	0.179
2019-10-19T08:55:22Z	0.202	0.177	0.173	0.179
2019-10-19T09:15:29Z	0.202	0.177	0.173	0.179
2019-10-19T09:35:37Z	0.202	0.177	0.173	0.179
2019-10-19T09:55:44Z	0.203	0.177	0.173	0.179
2019-10-19T10:15:51Z	0.202	0.177	0.173	0.179
2019-10-19T10:35:58Z	0.202	0.177	0.173	0.179
2019-10-19T10:56:05Z	0.202	0.177	0.173	0.179
2019-10-19T11:16:12Z	0.202	0.177	0.173	0.179
2019-10-19T11:36:19Z	0.202	0.177	0.173	0.179
2019-10-19T11:56:27Z	0.202	0.177	0.173	0.179
2019-10-19T12:16:34Z	0.202	0.177	0.173	0.179
2019-10-19T12:36:41Z	0.202	0.177	0.173	0.179
2019-10-19T12:56:48Z	0.202	0.177	0.173	0.179
2019-10-19T13:16:55Z	0.202	0.177	0.173	0.179
2019-10-19T13:37:03Z	0.202	0.177	0.173	0.179
2019-10-19T13:57:10Z	0.202	0.177	0.172	0.179
2019-10-19T14:17:17Z	0.202	0.177	0.172	0.179
2019-10-19T14:37:24Z	0.202	0.177	0.173	0.179
2019-10-19T14:57:31Z	0.201	0.177	0.173	0.179
2019-10-19T15:17:39Z	0.202	0.177	0.173	0.179
2019-10-19T15:37:46Z	0.201	0.177	0.173	0.179
2019-10-19T15:57:53Z	0.202	0.177	0.173	0.179
2019-10-19T16:18:00Z	0.202	0.177	0.173	0.179
2019-10-19T16:38:07Z	0.202	0.177	0.173	0.179
2019-10-19T16:58:14Z	0.202	0.177	0.173	0.179
2019-10-19T17:18:21Z	0.202	0.177	0.173	0.179
2019-10-19T17:38:29Z	0.202	0.177	0.173	0.179
2019-10-19T17:58:36Z	0.201	0.177	0.173	0.179
2019-10-19T18:18:43Z	0.202	0.177	0.173	0.179
2019-10-19T18:38:50Z	0.202	0.177	0.173	0.179
2019-10-19T18:58:57Z	0.201	0.177	0.173	0.179
2019-10-19T19:19:04Z	0.201	0.177	0.173	0.179
2019-10-19T19:39:11Z	0.201	0.177	0.172	0.179
2019-10-19T19:59:18Z	0.201	0.177	0.173	0.179
2019-10-19T20:19:26Z	0.202	0.177	0.173	0.18
2019-10-19T20:39:33Z	0.201	0.177	0.172	0.179
2019-10-19T20:59:40Z	0.201	0.176	0.172	0.179
2019-10-19T21:19:47Z	0.201	0.176	0.172	0.179
2019-10-19T21:39:54Z	0.201	0.176	0.172	0.179
2019-10-19T22:00:01Z	0.201	0.176	0.172	0.179
2019-10-19T22:20:08Z	0.201	0.176	0.172	0.179
2019-10-19T22:40:16Z	0.201	0.176	0.172	0.179
2019-10-19T23:00:23Z	0.201	0.176	0.172	0.179
2019-10-19T23:20:30Z	0.201	0.177	0.172	0.179
2019-10-19T23:40:37Z	0.201	0.176	0.172	0.179
2019-10-20T00:00:44Z	0.201	0.176	0.172	0.179
2019-10-20T00:20:51Z	0.201	0.176	0.172	0.179
2019-10-20T00:40:58Z	0.201	0.176	0.172	0.179
2019-10-20T01:01:06Z	0.201	0.176	0.173	0.179
2019-10-20T01:21:13Z	0.201	0.176	0.172	0.179
2019-10-20T01:41:20Z	0.201	0.176	0.172	0.179
2019-10-20T02:01:27Z	0.201	0.176	0.172	0.179
2019-10-20T02:21:34Z	0.201	0.176	0.172	0.179
2019-10-20T02:41:41Z	0.201	0.176	0.172	0.179
2019-10-20T03:01:48Z	0.201	0.176	0.172	0.179
2019-10-20T03:21:55Z	0.201	0.176	0.172	0.179
2019-10-20T03:42:02Z	0.201	0.176	0.172	0.179
2019-10-20T04:02:09Z	0.201	0.176	0.172	0.179
2019-10-20T04:22:16Z	0.201	0.176	0.172	0.179
2019-10-20T04:42:23Z	0.201	0.176	0.172	0.179
2019-10-20T05:02:31Z	0.201	0.176	0.172	0.179
2019-10-20T05:22:38Z	0.201	0.176	0.172	0.179
2019-10-20T05:42:45Z	0.201	0.176	0.172	0.179
2019-10-20T06:02:52Z	0.201	0.176	0.172	0.179
2019-10-20T06:22:59Z	0.201	0.176	0.172	0.179
2019-10-20T06:43:06Z	0.201	0.176	0.172	0.179
2019-10-20T07:03:13Z	0.201	0.176	0.172	0.179
2019-10-20T07:23:21Z	0.201	0.176	0.172	0.179
2019-10-20T07:43:28Z	0.201	0.176	0.172	0.179
2019-10-20T08:03:35Z	0.2	0.176	0.172	0.179
2019-10-20T08:23:42Z	0.2	0.176	0.172	0.179
2019-10-20T08:43:49Z	0.2	0.176	0.172	0.179
2019-10-20T09:03:56Z	0.2	0.176	0.172	0.179
2019-10-20T09:24:03Z	0.2	0.175	0.172	0.179
2019-10-20T09:44:11Z	0.2	0.175	0.171	0.179
2019-10-20T10:04:18Z	0.2	0.175	0.172	0.179
2019-10-20T10:24:25Z	0.2	0.175	0.172	0.179
2019-10-20T10:44:32Z	0.2	0.175	0.172	0.179
2019-10-20T11:04:40Z	0.2	0.175	0.172	0.179
2019-10-20T11:24:47Z	0.2	0.175	0.172	0.179
2019-10-20T11:44:54Z	0.2	0.175	0.172	0.179
2019-10-20T12:05:01Z	0.2	0.175	0.172	0.179
2019-10-20T12:25:09Z	0.2	0.175	0.172	0.179
2019-10-20T12:45:16Z	0.2	0.175	0.171	0.179
2019-10-20T13:05:23Z	0.199	0.175	0.171	0.179
2019-10-20T13:25:30Z	0.199	0.175	0.171	0.179
2019-10-20T13:45:38Z	0.199	0.175	0.171	0.179
2019-10-20T14:05:45Z	0.199	0.175	0.171	0.179
2019-10-20T14:25:52Z	0.199	0.175	0.171	0.179
2019-10-20T14:46:00Z	0.199	0.175	0.171	0.179
2019-10-20T15:06:07Z	0.199	0.175	0.171	0.179
2019-10-20T15:26:14Z	0.199	0.175	0.172	0.179
2019-10-20T15:46:21Z	0.199	0.175	0.172	0.179
2019-10-20T16:06:29Z	0.199	0.175	0.172	0.179
2019-10-20T16:26:36Z	0.2	0.175	0.172	0.179
2019-10-20T16:46:43Z	0.199	0.175	0.172	0.179
2019-10-20T17:06:50Z	0.2	0.175	0.172	0.179
2019-10-20T17:26:57Z	0.199	0.175	0.172	0.179
2019-10-20T17:47:05Z	0.199	0.175	0.172	0.179
2019-10-20T18:07:12Z	0.199	0.175	0.172	0.179
2019-10-20T18:27:19Z	0.199	0.175	0.172	0.179
2019-10-20T18:47:26Z	0.2	0.175	0.172	0.179
2019-10-20T19:07:33Z	0.2	0.175	0.172	0.179
2019-10-20T19:27:41Z	0.2	0.175	0.172	0.179
2019-10-20T19:47:48Z	0.2	0.175	0.172	0.179
2019-10-20T20:07:55Z	0.199	0.175	0.172	0.179
2019-10-20T20:28:02Z	0.199	0.175	0.171	0.179
2019-10-20T20:48:09Z	0.2	0.175	0.172	0.179
2019-10-20T21:08:16Z	0.199	0.175	0.172	0.179
2019-10-20T21:28:23Z	0.2	0.175	0.172	0.179
2019-10-20T21:48:31Z	0.2	0.175	0.172	0.179
2019-10-20T22:08:38Z	0.2	0.175	0.172	0.179
2019-10-20T22:28:45Z	0.199	0.175	0.171	0.179
2019-10-20T22:48:52Z	0.199	0.175	0.171	0.179
2019-10-20T23:08:59Z	0.2	0.175	0.171	0.179
2019-10-20T23:29:06Z	0.199	0.175	0.171	0.179
2019-10-20T23:49:13Z	0.199	0.175	0.171	0.179
2019-10-21T00:09:21Z	0.199	0.174	0.171	0.179
2019-10-21T00:29:28Z	0.199	0.174	0.171	0.179
2019-10-21T00:49:35Z	0.199	0.175	0.171	0.179
2019-10-21T01:09:42Z	0.199	0.174	0.171	0.179
2019-10-21T01:29:49Z	0.199	0.174	0.171	0.179
2019-10-21T01:49:56Z	0.199	0.174	0.171	0.179
2019-10-21T02:10:03Z	0.199	0.174	0.171	0.179
2019-10-21T02:30:10Z	0.199	0.174	0.171	0.179
2019-10-21T02:50:17Z	0.199	0.174	0.171	0.179
2019-10-21T03:10:25Z	0.199	0.174	0.171	0.179
2019-10-21T03:30:32Z	0.199	0.174	0.171	0.179
2019-10-21T03:50:39Z	0.199	0.174	0.171	0.179
2019-10-21T04:10:46Z	0.2	0.175	0.171	0.179
2019-10-21T04:30:53Z	0.2	0.175	0.171	0.179
2019-10-21T04:51:00Z	0.2	0.175	0.171	0.179
2019-10-21T05:11:07Z	0.2	0.175	0.171	0.179
2019-10-21T05:31:14Z	0.199	0.175	0.171	0.179
2019-10-21T05:51:21Z	0.199	0.175	0.171	0.179
2019-10-21T06:11:29Z	0.199	0.174	0.171	0.179
2019-10-21T06:31:36Z	0.199	0.175	0.171	0.179
2019-10-21T06:51:43Z	0.199	0.174	0.171	0.179
2019-10-21T07:11:50Z	0.199	0.174	0.171	0.179
2019-10-21T07:31:57Z	0.199	0.174	0.171	0.179
2019-10-21T07:52:04Z	0.199	0.174	0.171	0.179
2019-10-21T08:12:11Z	0.199	0.174	0.171	0.179
2019-10-21T08:32:18Z	0.199	0.174	0.171	0.179
2019-10-21T08:52:25Z	0.199	0.174	0.171	0.179
2019-10-21T09:12:33Z	0.199	0.174	0.171	0.179
2019-10-21T09:32:40Z	0.199	0.174	0.171	0.179
2019-10-21T09:52:47Z	0.199	0.174	0.171	0.179
2019-10-21T10:12:54Z	0.199	0.174	0.17	0.179
2019-10-21T10:33:01Z	0.199	0.174	0.17	0.179
2019-10-21T10:53:08Z	0.199	0.174	0.17	0.179
2019-10-21T11:13:16Z	0.199	0.174	0.17	0.179
2019-10-21T11:33:23Z	0.199	0.174	0.17	0.178
2019-10-21T11:53:30Z	0.199	0.174	0.17	0.179
2019-10-21T12:13:37Z	0.198	0.174	0.17	0.178
2019-10-21T12:33:44Z	0.198	0.174	0.17	0.178
2019-10-21T12:53:51Z	0.198	0.174	0.17	0.178
2019-10-21T13:13:59Z	0.198	0.174	0.17	0.178
2019-10-21T13:34:06Z	0.198	0.174	0.17	0.178
2019-10-21T13:54:13Z	0.198	0.174	0.17	0.178
2019-10-21T14:14:21Z	0.198	0.174	0.17	0.178
2019-10-21T14:34:28Z	0.198	0.174	0.17	0.179
2019-10-21T14:54:35Z	0.198	0.174	0.17	0.179
2019-10-21T15:14:42Z	0.198	0.174	0.17	0.179
2019-10-21T15:34:50Z	0.198	0.174	0.17	0.179
2019-10-21T15:54:57Z	0.198	0.174	0.17	0.179
2019-10-21T16:15:04Z	0.198	0.174	0.17	0.179
2019-10-21T16:35:11Z	0.198	0.174	0.17	0.179
2019-10-21T16:55:18Z	0.198	0.174	0.17	0.179
2019-10-21T17:15:25Z	0.198	0.174	0.17	0.179
2019-10-21T17:35:32Z	0.198	0.174	0.17	0.179
2019-10-21T17:55:40Z	0.198	0.174	0.17	0.179
2019-10-21T18:15:47Z	0.198	0.174	0.17	0.179
2019-10-21T18:35:54Z	0.198	0.174	0.17	0.179
2019-10-21T18:56:01Z	0.198	0.174	0.17	0.179
2019-10-21T19:16:08Z	0.198	0.174	0.17	0.179
2019-10-21T19:36:15Z	0.198	0.174	0.17	0.179
2019-10-21T19:56:23Z	0.198	0.174	0.17	0.179
2019-10-21T20:16:30Z	0.198	0.174	0.17	0.179
2019-10-21T20:36:37Z	0.198	0.174	0.17	0.179
2019-10-21T20:56:44Z	0.198	0.174	0.17	0.179
2019-10-21T21:16:51Z	0.198	0.174	0.17	0.179
2019-10-21T21:36:58Z	0.198	0.174	0.17	0.179
2019-10-21T21:57:06Z	0.198	0.174	0.17	0.179
2019-10-21T22:17:13Z	0.198	0.174	0.17	0.179
2019-10-21T22:37:20Z	0.198	0.174	0.17	0.179
2019-10-21T22:57:27Z	0.198	0.174	0.17	0.179
2019-10-21T23:17:34Z	0.198	0.174	0.17	0.179
2019-10-21T23:37:41Z	0.198	0.174	0.17	0.179
2019-10-21T23:57:48Z	0.198	0.174	0.17	0.179
2019-10-22T00:17:55Z	0.198	0.174	0.17	0.179
2019-10-22T00:38:02Z	0.198	0.174	0.17	0.179
2019-10-22T00:58:10Z	0.198	0.174	0.17	0.179
2019-10-22T01:18:17Z	0.198	0.174	0.17	0.179
2019-10-22T01:38:24Z	0.198	0.174	0.17	0.179
2019-10-22T01:58:31Z	0.198	0.174	0.17	0.179
2019-10-22T02:18:38Z	0.198	0.174	0.17	0.179
2019-10-22T02:38:45Z	0.198	0.174	0.17	0.179
2019-10-22T02:58:52Z	0.198	0.174	0.17	0.179
2019-10-22T03:18:59Z	0.198	0.174	0.17	0.179
2019-10-22T03:39:06Z	0.198	0.174	0.17	0.179
2019-10-22T03:59:13Z	0.198	0.174	0.17	0.179
2019-10-22T04:19:20Z	0.198	0.173	0.17	0.179
2019-10-22T04:39:28Z	0.198	0.173	0.17	0.179
2019-10-22T04:59:35Z	0.198	0.174	0.17	0.179
2019-10-22T05:19:42Z	0.198	0.174	0.17	0.179
2019-10-22T05:39:49Z	0.198	0.174	0.17	0.179
2019-10-22T05:59:56Z	0.198	0.174	0.17	0.179
2019-10-22T06:20:03Z	0.198	0.174	0.17	0.179
2019-10-22T06:40:10Z	0.198	0.174	0.17	0.179
2019-10-22T07:00:17Z	0.198	0.173	0.17	0.179
2019-10-22T07:20:24Z	0.198	0.173	0.17	0.179
2019-10-22T07:40:31Z	0.198	0.173	0.17	0.178
2019-10-22T08:00:39Z	0.198	0.173	0.17	0.178
2019-10-22T08:20:46Z	0.198	0.173	0.17	0.178
2019-10-22T08:40:53Z	0.198	0.173	0.17	0.178
2019-10-22T09:01:00Z	0.198	0.173	0.17	0.178
2019-10-22T09:21:07Z	0.198	0.173	0.17	0.178
2019-10-22T09:41:14Z	0.198	0.173	0.17	0.178
2019-10-22T10:01:21Z	0.197	0.173	0.17	0.178
2019-10-22T10:21:29Z	0.197	0.173	0.17	0.178
2019-10-22T10:41:36Z	0.197	0.173	0.17	0.178
2019-10-22T11:01:43Z	0.197	0.173	0.17	0.178
2019-10-22T11:21:50Z	0.197	0.172	0.169	0.178
2019-10-22T11:41:58Z	0.197	0.172	0.169	0.178
2019-10-22T12:02:05Z	0.197	0.172	0.169	0.178
2019-10-22T12:22:12Z	0.197	0.172	0.169	0.178
2019-10-22T12:42:19Z	0.196	0.172	0.169	0.178
2019-10-22T13:02:27Z	0.196	0.172	0.169	0.178
2019-10-22T13:22:34Z	0.196	0.172	0.169	0.178
2019-10-22T13:42:41Z	0.196	0.172	0.169	0.178
2019-10-22T14:02:49Z	0.196	0.172	0.169	0.178
2019-10-22T14:22:56Z	0.196	0.172	0.169	0.178
2019-10-22T14:43:03Z	0.196	0.172	0.17	0.178
2019-10-22T15:03:10Z	0.196	0.172	0.17	0.178
2019-10-22T15:23:18Z	0.196	0.172	0.17	0.178
2019-10-22T15:43:25Z	0.196	0.172	0.17	0.178
2019-10-22T16:03:32Z	0.197	0.172	0.17	0.179
2019-10-22T16:23:39Z	0.197	0.172	0.17	0.179
2019-10-22T16:43:46Z	0.197	0.172	0.17	0.179
2019-10-22T17:03:53Z	0.197	0.172	0.17	0.179
2019-10-22T17:24:01Z	0.197	0.173	0.17	0.179
2019-10-22T17:44:08Z	0.197	0.173	0.17	0.179
2019-10-22T18:04:15Z	0.197	0.172	0.17	0.179
2019-10-22T18:24:22Z	0.197	0.173	0.17	0.179
2019-10-22T18:44:29Z	0.197	0.173	0.17	0.179
2019-10-22T19:04:36Z	0.197	0.173	0.17	0.179
2019-10-22T19:24:43Z	0.197	0.173	0.17	0.179
2019-10-22T19:44:50Z	0.197	0.173	0.17	0.179
2019-10-22T20:04:57Z	0.197	0.173	0.17	0.179
2019-10-22T20:25:05Z	0.197	0.173	0.17	0.179
2019-10-22T20:45:12Z	0.197	0.173	0.17	0.179
2019-10-22T21:05:19Z	0.197	0.173	0.17	0.179
2019-10-22T21:25:26Z	0.197	0.172	0.17	0.179
2019-10-22T21:45:33Z	0.197	0.173	0.17	0.179
2019-10-22T22:05:40Z	0.197	0.173	0.17	0.179
2019-10-22T22:25:47Z	0.197	0.173	0.17	0.179
2019-10-22T22:45:54Z	0.197	0.172	0.17	0.179
2019-10-22T23:06:01Z	0.197	0.172	0.17	0.179
2019-10-22T23:26:08Z	0.197	0.172	0.17	0.179
2019-10-22T23:46:15Z	0.197	0.172	0.17	0.179
2019-10-23T00:06:22Z	0.197	0.172	0.17	0.179
2019-10-23T00:26:30Z	0.197	0.172	0.17	0.179
2019-10-23T00:46:37Z	0.197	0.172	0.17	0.179
2019-10-23T01:06:44Z	0.197	0.172	0.17	0.179
2019-10-23T01:26:51Z	0.197	0.172	0.17	0.179
2019-10-23T01:46:58Z	0.197	0.172	0.17	0.179
2019-10-23T02:07:05Z	0.197	0.172	0.17	0.179
2019-10-23T02:27:12Z	0.197	0.172	0.17	0.179
2019-10-23T02:47:19Z	0.197	0.172	0.17	0.179
2019-10-23T03:07:26Z	0.197	0.172	0.17	0.179
2019-10-23T03:27:33Z	0.197	0.172	0.17	0.179
2019-10-23T03:47:40Z	0.197	0.172	0.17	0.179
2019-10-23T04:07:47Z	0.197	0.172	0.17	0.179
2019-10-23T04:27:54Z	0.197	0.172	0.17	0.179
2019-10-23T04:48:01Z	0.197	0.172	0.17	0.179
2019-10-23T05:08:08Z	0.197	0.172	0.169	0.178
2019-10-23T05:28:15Z	0.197	0.172	0.169	0.178
2019-10-23T05:48:22Z	0.196	0.172	0.169	0.178
2019-10-23T06:08:29Z	0.196	0.172	0.169	0.178
2019-10-23T06:28:36Z	0.196	0.172	0.169	0.178
2019-10-23T06:48:43Z	0.196	0.172	0.169	0.178
2019-10-23T07:08:50Z	0.196	0.172	0.169	0.178
2019-10-23T07:28:58Z	0.196	0.172	0.169	0.178
2019-10-23T07:49:05Z	0.196	0.172	0.169	0.178
2019-10-23T08:09:12Z	0.196	0.172	0.169	0.178
2019-10-23T08:29:19Z	0.196	0.172	0.169	0.178
2019-10-23T08:49:26Z	0.196	0.172	0.169	0.178
2019-10-23T09:09:33Z	0.196	0.172	0.169	0.178
2019-10-23T09:29:41Z	0.196	0.172	0.169	0.178
2019-10-23T09:49:48Z	0.196	0.172	0.169	0.178
2019-10-23T10:09:55Z	0.196	0.172	0.169	0.178
2019-10-23T10:30:02Z	0.196	0.171	0.169	0.178
2019-10-23T10:50:09Z	0.195	0.171	0.169	0.178
2019-10-23T11:10:17Z	0.195	0.171	0.169	0.178
2019-10-23T11:30:24Z	0.195	0.171	0.169	0.178
2019-10-23T11:50:31Z	0.195	0.171	0.169	0.178
2019-10-23T12:10:38Z	0.195	0.171	0.168	0.178
2019-10-23T12:30:46Z	0.195	0.171	0.168	0.178
2019-10-23T12:50:53Z	0.195	0.171	0.168	0.178
2019-10-23T13:11:00Z	0.195	0.171	0.168	0.178
2019-10-23T13:31:07Z	0.195	0.171	0.168	0.178
2019-10-23T13:51:15Z	0.195	0.171	0.169	0.178
2019-10-23T14:11:22Z	0.195	0.171	0.169	0.178
2019-10-23T14:31:29Z	0.195	0.171	0.169	0.178
2019-10-23T14:51:36Z	0.195	0.171	0.168	0.178
2019-10-23T15:11:43Z	0.195	0.171	0.169	0.178
2019-10-23T15:31:51Z	0.195	0.171	0.169	0.178
2019-10-23T15:51:58Z	0.195	0.171	0.169	0.178
2019-10-23T16:12:05Z	0.195	0.171	0.169	0.178
2019-10-23T16:32:12Z	0.195	0.171	0.169	0.178
2019-10-23T16:52:19Z	0.195	0.171	0.169	0.178
2019-10-23T17:12:26Z	0.195	0.171	0.169	0.178
2019-10-23T17:32:34Z	0.195	0.171	0.169	0.178
2019-10-23T17:52:41Z	0.195	0.171	0.169	0.178
2019-10-23T18:12:48Z	0.195	0.171	0.169	0.178
2019-10-23T18:32:55Z	0.195	0.171	0.169	0.178
2019-10-23T18:53:02Z	0.195	0.171	0.169	0.178
2019-10-23T19:13:09Z	0.195	0.171	0.168	0.178
2019-10-23T19:33:16Z	0.195	0.171	0.168	0.178
2019-10-23T19:53:23Z	0.195	0.171	0.168	0.178
2019-10-23T20:13:31Z	0.195	0.171	0.169	0.178
2019-10-23T20:33:38Z	0.195	0.171	0.168	0.178
2019-10-23T20:53:45Z	0.195	0.171	0.168	0.178
2019-10-23T21:13:52Z	0.195	0.171	0.168	0.178
2019-10-23T21:33:59Z	0.195	0.171	0.168	0.178
2019-10-23T21:54:06Z	0.195	0.171	0.168	0.178
2019-10-23T22:14:13Z	0.195	0.171	0.168	0.178
2019-10-23T22:34:20Z	0.195	0.171	0.168	0.178
2019-10-23T22:54:28Z	0.195	0.171	0.168	0.178
2019-10-23T23:14:35Z	0.195	0.171	0.168	0.178
2019-10-23T23:34:42Z	0.195	0.171	0.168	0.178
2019-10-23T23:54:49Z	0.195	0.171	0.168	0.178
2019-10-24T00:14:56Z	0.195	0.171	0.168	0.178
2019-10-24T00:35:03Z	0.195	0.171	0.168	0.178
2019-10-24T00:55:10Z	0.195	0.171	0.168	0.178
2019-10-24T01:15:17Z	0.195	0.171	0.168	0.178
2019-10-24T01:35:25Z	0.195	0.171	0.168	0.178
2019-10-24T01:55:32Z	0.195	0.17	0.168	0.178
2019-10-24T02:15:39Z	0.195	0.171	0.168	0.178
2019-10-24T02:35:46Z	0.195	0.17	0.168	0.178
2019-10-24T02:55:53Z	0.195	0.17	0.168	0.178
2019-10-24T03:16:00Z	0.195	0.171	0.168	0.178
2019-10-24T03:36:07Z	0.195	0.171	0.168	0.178
2019-10-24T03:56:15Z	0.195	0.17	0.168	0.178
2019-10-24T04:16:22Z	0.195	0.17	0.168	0.178
2019-10-24T04:36:29Z	0.195	0.17	0.168	0.178
2019-10-24T04:56:36Z	0.195	0.17	0.168	0.178
2019-10-24T05:16:43Z	0.195	0.17	0.168	0.178
2019-10-24T05:36:50Z	0.195	0.17	0.168	0.178
2019-10-24T05:56:57Z	0.195	0.17	0.168	0.178
2019-10-24T06:17:05Z	0.195	0.17	0.168	0.178
2019-10-24T06:37:12Z	0.195	0.17	0.168	0.178
2019-10-24T06:57:19Z	0.195	0.17	0.168	0.178
2019-10-24T07:17:26Z	0.195	0.17	0.168	0.178
2019-10-24T07:37:33Z	0.195	0.17	0.168	0.178
2019-10-24T07:57:40Z	0.195	0.17	0.168	0.178
2019-10-24T08:17:47Z	0.195	0.17	0.168	0.178
2019-10-24T08:37:54Z	0.195	0.17	0.168	0.178
2019-10-24T08:58:01Z	0.195	0.17	0.168	0.178
2019-10-24T09:18:08Z	0.195	0.17	0.168	0.178
2019-10-24T09:38:16Z	0.194	0.17	0.168	0.178
2019-10-24T09:58:23Z	0.194	0.17	0.168	0.178
2019-10-24T10:18:30Z	0.194	0.17	0.167	0.178
2019-10-24T10:38:37Z	0.194	0.17	0.167	0.178
2019-10-24T10:58:44Z	0.194	0.17	0.167	0.178
2019-10-24T11:18:51Z	0.194	0.17	0.167	0.178
2019-10-24T11:38:59Z	0.194	0.17	0.167	0.178
2019-10-24T11:59:06Z	0.194	0.17	0.167	0.178
2019-10-24T12:19:13Z	0.194	0.17	0.167	0.178
2019-10-24T12:39:20Z	0.194	0.17	0.167	0.178
2019-10-24T12:59:27Z	0.194	0.17	0.167	0.178
2019-10-24T13:19:35Z	0.194	0.17	0.167	0.178
2019-10-24T13:39:42Z	0.194	0.17	0.167	0.178
2019-10-24T13:59:49Z	0.194	0.17	0.167	0.178
2019-10-24T14:19:56Z	0.194	0.17	0.167	0.178
2019-10-24T14:40:03Z	0.194	0.17	0.167	0.178
2019-10-24T15:00:11Z	0.194	0.17	0.167	0.178
2019-10-24T15:20:18Z	0.194	0.17	0.167	0.178
2019-10-24T15:40:25Z	0.194	0.17	0.167	0.178
2019-10-24T16:00:32Z	0.195	0.17	0.168	0.178
2019-10-24T16:20:39Z	0.194	0.17	0.168	0.178
2019-10-24T16:40:47Z	0.194	0.17	0.167	0.178
2019-10-24T17:00:54Z	0.194	0.17	0.167	0.178
2019-10-24T17:21:01Z	0.195	0.17	0.167	0.178
2019-10-24T17:41:08Z	0.194	0.17	0.168	0.178
2019-10-24T18:01:15Z	0.194	0.17	0.167	0.178
2019-10-24T18:21:22Z	0.194	0.17	0.168	0.178
2019-10-24T18:41:29Z	0.195	0.17	0.168	0.178
2019-10-24T19:01:36Z	0.194	0.17	0.168	0.178
2019-10-24T19:21:43Z	0.194	0.17	0.168	0.178
2019-10-24T19:41:51Z	0.194	0.17	0.168	0.178
2019-10-24T20:01:58Z	0.195	0.17	0.168	0.178
2019-10-24T20:22:05Z	0.194	0.17	0.168	0.178
2019-10-24T20:42:12Z	0.195	0.17	0.168	0.178
2019-10-24T21:02:19Z	0.195	0.17	0.168	0.178
2019-10-24T21:22:26Z	0.195	0.17	0.168	0.178
2019-10-24T21:42:33Z	0.195	0.17	0.168	0.178
2019-10-24T22:02:40Z	0.194	0.17	0.168	0.178
2019-10-24T22:22:48Z	0.195	0.17	0.168	0.178
2019-10-24T22:42:55Z	0.195	0.17	0.168	0.178
2019-10-24T23:03:02Z	0.195	0.17	0.168	0.178
2019-10-24T23:23:09Z	0.195	0.17	0.168	0.178
2019-10-24T23:43:16Z	0.194	0.17	0.168	0.178
2019-10-25T00:03:23Z	0.195	0.17	0.168	0.178
2019-10-25T00:23:30Z	0.194	0.17	0.167	0.178
2019-10-25T00:43:37Z	0.194	0.17	0.167	0.178
2019-10-25T01:03:44Z	0.194	0.17	0.167	0.178
2019-10-25T01:23:51Z	0.194	0.17	0.167	0.178
2019-10-25T01:43:58Z	0.194	0.17	0.167	0.178
2019-10-25T02:04:05Z	0.194	0.17	0.167	0.178
2019-10-25T02:24:13Z	0.194	0.17	0.167	0.178
2019-10-25T02:44:20Z	0.194	0.17	0.167	0.178
2019-10-25T03:04:27Z	0.194	0.17	0.167	0.178
2019-10-25T03:24:34Z	0.194	0.17	0.167	0.178
2019-10-25T03:44:41Z	0.194	0.17	0.167	0.178
2019-10-25T04:04:48Z	0.194	0.17	0.167	0.178
2019-10-25T04:24:55Z	0.194	0.17	0.167	0.178
2019-10-25T04:45:02Z	0.194	0.17	0.167	0.178
2019-10-25T05:05:09Z	0.194	0.17	0.167	0.178
2019-10-25T05:25:17Z	0.194	0.17	0.167	0.178
2019-10-25T05:45:24Z	0.194	0.17	0.167	0.178
2019-10-25T06:05:31Z	0.194	0.17	0.167	0.178
2019-10-25T06:25:38Z	0.194	0.17	0.167	0.178
2019-10-25T06:45:45Z	0.194	0.17	0.167	0.178
2019-10-25T07:05:52Z	0.194	0.17	0.167	0.178
2019-10-25T07:25:59Z	0.194	0.17	0.167	0.178
2019-10-25T07:46:07Z	0.194	0.17	0.167	0.178
2019-10-25T08:06:14Z	0.194	0.17	0.167	0.178
2019-10-25T08:26:21Z	0.194	0.17	0.167	0.178
2019-10-25T08:46:28Z	0.194	0.17	0.167	0.177
2019-10-25T09:06:35Z	0.194	0.169	0.167	0.177
2019-10-25T09:26:43Z	0.193	0.169	0.167	0.177
2019-10-25T09:46:50Z	0.193	0.169	0.167	0.177
2019-10-25T10:06:57Z	0.193	0.169	0.167	0.177
2019-10-25T10:27:04Z	0.193	0.169	0.167	0.177
2019-10-25T10:47:12Z	0.193	0.169	0.167	0.177
2019-10-25T11:07:19Z	0.193	0.169	0.167	0.177
2019-10-25T11:27:26Z	0.193	0.169	0.167	0.177
2019-10-25T11:47:33Z	0.193	0.169	0.166	0.177
2019-10-25T12:07:41Z	0.193	0.169	0.167	0.177
2019-10-25T12:27:48Z	0.192	0.169	0.167	0.177
2019-10-25T12:47:55Z	0.192	0.169	0.166	0.177
2019-10-25T13:08:02Z	0.192	0.169	0.166	0.177
2019-10-25T13:28:10Z	0.192	0.169	0.166	0.177
2019-10-25T13:48:17Z	0.192	0.169	0.166	0.177
2019-10-25T14:08:24Z	0.192	0.169	0.167	0.177
2019-10-25T14:28:31Z	0.192	0.169	0.166	0.177
2019-10-25T14:48:38Z	0.192	0.169	0.166	0.177
2019-10-25T15:08:46Z	0.192	0.169	0.166	0.177
2019-10-25T15:28:53Z	0.192	0.169	0.166	0.177
2019-10-25T15:49:00Z	0.192	0.169	0.167	0.178
2019-10-25T16:09:07Z	0.192	0.169	0.167	0.178
2019-10-25T16:29:14Z	0.192	0.169	0.167	0.178
2019-10-25T16:49:22Z	0.192	0.169	0.167	0.178
2019-10-25T17:09:29Z	0.193	0.169	0.167	0.178
2019-10-25T17:29:36Z	0.193	0.169	0.167	0.178
2019-10-25T17:49:43Z	0.193	0.169	0.167	0.178
2019-10-25T18:09:50Z	0.193	0.169	0.167	0.178
2019-10-25T18:29:57Z	0.193	0.169	0.167	0.178
2019-10-25T18:50:04Z	0.193	0.169	0.167	0.178
2019-10-25T19:10:11Z	0.193	0.169	0.167	0.178
2019-10-25T19:30:19Z	0.193	0.169	0.167	0.178
2019-10-25T19:50:26Z	0.193	0.169	0.166	0.178
2019-10-25T20:10:33Z	0.193	0.169	0.166	0.178
2019-10-25T20:30:40Z	0.193	0.169	0.166	0.178
2019-10-25T20:50:47Z	0.193	0.169	0.166	0.178
2019-10-25T21:10:54Z	0.193	0.169	0.166	0.178
2019-10-25T21:31:01Z	0.193	0.169	0.166	0.178
2019-10-25T21:51:08Z	0.193	0.169	0.166	0.178
2019-10-25T22:11:15Z	0.193	0.169	0.166	0.178
2019-10-25T22:31:22Z	0.193	0.169	0.166	0.178
2019-10-25T22:51:30Z	0.193	0.169	0.166	0.177
2019-10-25T23:11:37Z	0.193	0.169	0.166	0.177
2019-10-25T23:31:44Z	0.193	0.169	0.166	0.177
2019-10-25T23:51:51Z	0.193	0.169	0.166	0.177
2019-10-26T00:11:58Z	0.193	0.169	0.166	0.177
2019-10-26T00:32:05Z	0.193	0.169	0.166	0.177
2019-10-26T00:52:12Z	0.193	0.169	0.166	0.177
2019-10-26T01:12:19Z	0.193	0.169	0.166	0.177
2019-10-26T01:32:26Z	0.193	0.169	0.166	0.177
2019-10-26T01:52:34Z	0.193	0.169	0.166	0.177
2019-10-26T02:12:41Z	0.193	0.168	0.166	0.177
2019-10-26T02:32:48Z	0.193	0.169	0.166	0.177
2019-10-26T02:52:55Z	0.192	0.169	0.166	0.177
2019-10-26T03:13:02Z	0.193	0.168	0.166	0.177
2019-10-26T03:33:09Z	0.192	0.168	0.166	0.177
2019-10-26T03:53:16Z	0.192	0.169	0.166	0.178
2019-10-26T04:13:23Z	0.192	0.168	0.166	0.177
2019-10-26T04:33:30Z	0.193	0.168	0.166	0.177
2019-10-26T04:53:37Z	0.192	0.168	0.166	0.177
2019-10-26T05:13:44Z	0.192	0.168	0.166	0.177
2019-10-26T05:33:52Z	0.192	0.168	0.166	0.177
2019-10-26T05:53:59Z	0.192	0.168	0.166	0.178
2019-10-26T06:14:06Z	0.192	0.168	0.166	0.178
2019-10-26T06:34:13Z	0.192	0.168	0.166	0.178
2019-10-26T06:54:20Z	0.192	0.168	0.166	0.178
2019-10-26T07:14:27Z	0.192	0.168	0.166	0.178
2019-10-26T07:34:34Z	0.192	0.168	0.166	0.178
2019-10-26T07:54:41Z	0.192	0.168	0.166	0.178
2019-10-26T08:14:49Z	0.192	0.168	0.166	0.177
2019-10-26T08:34:56Z	0.192	0.168	0.166	0.177
2019-10-26T08:55:03Z	0.192	0.168	0.166	0.177
2019-10-26T09:15:10Z	0.192	0.168	0.166	0.177
2019-10-26T09:35:17Z	0.192	0.168	0.166	0.177
2019-10-26T09:55:24Z	0.192	0.168	0.165	0.177
2019-10-26T10:15:32Z	0.191	0.168	0.166	0.177
2019-10-26T10:35:39Z	0.191	0.168	0.166	0.177
2019-10-26T10:55:46Z	0.191	0.167	0.165	0.177
2019-10-26T11:15:53Z	0.191	0.167	0.165	0.177
2019-10-26T11:36:01Z	0.191	0.167	0.165	0.177
2019-10-26T11:56:08Z	0.191	0.167	0.165	0.177
2019-10-26T12:16:15Z	0.191	0.167	0.165	0.177
2019-10-26T12:36:22Z	0.191	0.167	0.165	0.177
2019-10-26T12:56:30Z	0.19	0.167	0.165	0.177
2019-10-26T13:16:37Z	0.19	0.167	0.165	0.177
2019-10-26T13:36:44Z	0.19	0.167	0.165	0.177
2019-10-26T13:56:51Z	0.19	0.167	0.165	0.177
2019-10-26T14:16:59Z	0.19	0.167	0.165	0.177
2019-10-26T14:37:06Z	0.19	0.167	0.165	0.177
2019-10-26T14:57:13Z	0.19	0.167	0.165	0.177
2019-10-26T15:17:20Z	0.19	0.167	0.165	0.177
2019-10-26T15:37:28Z	0.19	0.167	0.165	0.177
2019-10-26T15:57:35Z	0.19	0.167	0.165	0.177
2019-10-26T16:17:42Z	0.19	0.167	0.165	0.177
2019-10-26T16:37:49Z	0.191	0.167	0.165	0.178
2019-10-26T16:57:56Z	0.191	0.167	0.165	0.178
2019-10-26T17:18:03Z	0.191	0.167	0.165	0.178
2019-10-26T17:38:11Z	0.191	0.167	0.165	0.178
2019-10-26T17:58:18Z	0.191	0.167	0.165	0.178
2019-10-26T18:18:25Z	0.191	0.167	0.165	0.178
2019-10-26T18:38:32Z	0.191	0.167	0.165	0.178
2019-10-26T18:58:39Z	0.191	0.167	0.165	0.178
2019-10-26T19:18:46Z	0.191	0.167	0.165	0.178
2019-10-26T19:38:54Z	0.191	0.167	0.165	0.178
2019-10-26T19:59:01Z	0.191	0.167	0.165	0.178
2019-10-26T20:19:08Z	0.191	0.167	0.165	0.178
2019-10-26T20:39:15Z	0.191	0.167	0.165	0.178
2019-10-26T20:59:22Z	0.191	0.167	0.165	0.178
2019-10-26T21:19:29Z	0.191	0.167	0.165	0.178
2019-10-26T21:39:36Z	0.191	0.167	0.165	0.178
2019-10-26T21:59:43Z	0.191	0.167	0.165	0.178
2019-10-26T22:19:51Z	0.191	0.167	0.165	0.178
2019-10-26T22:39:58Z	0.191	0.167	0.165	0.178
2019-10-26T23:00:05Z	0.191	0.167	0.165	0.178
2019-10-26T23:20:12Z	0.19	0.167	0.165	0.179
2019-10-26T23:40:19Z	0.19	0.167	0.165	0.179
2019-10-27T00:00:26Z	0.19	0.167	0.165	0.179
2019-10-27T00:20:33Z	0.19	0.167	0.165	0.179
2019-10-27T00:40:41Z	0.19	0.167	0.165	0.179
2019-10-27T01:00:48Z	0.19	0.167	0.165	0.179
2019-10-27T01:20:55Z	0.19	0.167	0.165	0.179
2019-10-27T01:41:02Z	0.19	0.167	0.165	0.179
2019-10-27T02:01:09Z	0.19	0.167	0.165	0.179
2019-10-27T02:21:16Z	0.19	0.167	0.164	0.18
2019-10-27T02:41:24Z	0.19	0.167	0.164	0.18
2019-10-27T03:01:31Z	0.19	0.167	0.164	0.18
2019-10-27T03:21:38Z	0.19	0.167	0.164	0.179
2019-10-27T03:41:45Z	0.19	0.167	0.164	0.18
2019-10-27T04:01:52Z	0.19	0.167	0.164	0.18
2019-10-27T04:21:59Z	0.19	0.167	0.164	0.18
2019-10-27T04:42:06Z	0.19	0.167	0.164	0.179
2019-10-27T05:02:13Z	0.19	0.167	0.164	0.18
2019-10-27T05:22:21Z	0.19	0.167	0.164	0.18
2019-10-27T05:42:28Z	0.19	0.167	0.164	0.18
2019-10-27T06:02:35Z	0.19	0.167	0.164	0.18
2019-10-27T06:22:42Z	0.19	0.167	0.164	0.18
2019-10-27T06:42:49Z	0.19	0.167	0.164	0.18
2019-10-27T07:02:56Z	0.19	0.167	0.164	0.18
2019-10-27T07:23:04Z	0.19	0.167	0.164	0.18
2019-10-27T07:43:11Z	0.19	0.167	0.164	0.181
2019-10-27T08:03:18Z	0.19	0.167	0.164	0.18
2019-10-27T08:23:25Z	0.191	0.167	0.164	0.181
2019-10-27T08:43:32Z	0.191	0.167	0.164	0.181
2019-10-27T09:03:39Z	0.191	0.167	0.164	0.181
2019-10-27T09:23:46Z	0.191	0.167	0.164	0.181
2019-10-27T09:43:53Z	0.192	0.167	0.164	0.181
2019-10-27T10:04:01Z	0.192	0.167	0.164	0.181
2019-10-27T10:24:08Z	0.192	0.167	0.164	0.181
2019-10-27T10:44:15Z	0.192	0.167	0.164	0.181
2019-10-27T11:04:22Z	0.192	0.167	0.164	0.181
2019-10-27T11:24:29Z	0.192	0.167	0.164	0.181
2019-10-27T11:44:36Z	0.192	0.167	0.164	0.181
2019-10-27T12:04:43Z	0.192	0.167	0.164	0.181
2019-10-27T12:24:50Z	0.192	0.167	0.164	0.181
2019-10-27T12:44:58Z	0.192	0.167	0.164	0.181
2019-10-27T13:05:05Z	0.192	0.167	0.164	0.181
2019-10-27T13:25:12Z	0.192	0.167	0.165	0.181
2019-10-27T13:45:19Z	0.192	0.167	0.165	0.181
2019-10-27T14:05:26Z	0.192	0.167	0.165	0.181
2019-10-27T14:25:33Z	0.192	0.167	0.165	0.181
2019-10-27T14:45:40Z	0.192	0.167	0.165	0.181
2019-10-27T15:05:47Z	0.192	0.167	0.165	0.181
2019-10-27T15:25:54Z	0.192	0.167	0.165	0.181
2019-10-27T15:46:02Z	0.192	0.167	0.165	0.181
2019-10-27T16:06:09Z	0.192	0.168	0.165	0.181
2019-10-27T16:26:16Z	0.192	0.168	0.165	0.181
2019-10-27T16:46:23Z	0.192	0.167	0.165	0.181
2019-10-27T17:06:30Z	0.192	0.168	0.165	0.181
2019-10-27T17:26:37Z	0.192	0.168	0.165	0.181
2019-10-27T17:46:44Z	0.192	0.168	0.165	0.181
2019-10-27T18:06:51Z	0.192	0.168	0.165	0.181
2019-10-27T18:26:58Z	0.192	0.168	0.165	0.181
2019-10-27T18:47:05Z	0.192	0.168	0.165	0.181
2019-10-27T19:07:12Z	0.192	0.168	0.165	0.181
2019-10-27T19:27:19Z	0.192	0.168	0.165	0.181
2019-10-27T19:47:26Z	0.192	0.168	0.165	0.181
2019-10-27T20:07:33Z	0.192	0.168	0.165	0.181
2019-10-27T20:27:40Z	0.192	0.168	0.165	0.181
2019-10-27T20:47:48Z	0.192	0.168	0.165	0.181
2019-10-27T21:07:55Z	0.192	0.168	0.165	0.181
2019-10-27T21:28:02Z	0.192	0.168	0.165	0.181
2019-10-27T21:48:09Z	0.192	0.168	0.165	0.181
2019-10-27T22:08:16Z	0.192	0.168	0.165	0.181
2019-10-27T22:28:23Z	0.192	0.168	0.165	0.181
2019-10-27T22:48:30Z	0.192	0.168	0.165	0.181
2019-10-27T23:08:37Z	0.192	0.168	0.165	0.181
2019-10-27T23:28:44Z	0.192	0.168	0.165	0.181
2019-10-27T23:48:51Z	0.192	0.168	0.165	0.182
2019-10-28T00:08:58Z	0.192	0.168	0.165	0.181
2019-10-28T00:29:05Z	0.192	0.168	0.165	0.182
2019-10-28T00:49:12Z	0.192	0.168	0.165	0.182
2019-10-28T01:09:19Z	0.192	0.168	0.165	0.182
2019-10-28T01:29:26Z	0.192	0.168	0.165	0.182
2019-10-28T01:49:33Z	0.192	0.168	0.165	0.182
2019-10-28T02:09:40Z	0.192	0.168	0.165	0.182
2019-10-28T02:29:47Z	0.192	0.168	0.165	0.182
2019-10-28T02:49:55Z	0.192	0.168	0.165	0.182
2019-10-28T03:10:02Z	0.192	0.168	0.165	0.182
2019-10-28T03:30:09Z	0.192	0.168	0.165	0.182
2019-10-28T03:50:16Z	0.192	0.168	0.165	0.182
2019-10-28T04:10:23Z	0.192	0.168	0.165	0.182
2019-10-28T04:30:30Z	0.192	0.168	0.165	0.182
2019-10-28T04:50:37Z	0.192	0.168	0.165	0.182
2019-10-28T05:10:44Z	0.192	0.167	0.165	0.182
2019-10-28T05:30:51Z	0.192	0.168	0.165	0.182
2019-10-28T05:50:58Z	0.192	0.168	0.165	0.182
2019-10-28T06:11:05Z	0.192	0.168	0.165	0.182
2019-10-28T06:31:12Z	0.192	0.168	0.165	0.182
2019-10-28T06:51:19Z	0.192	0.167	0.165	0.182
2019-10-28T07:11:26Z	0.192	0.167	0.165	0.182
2019-10-28T07:31:33Z	0.192	0.167	0.165	0.182
2019-10-28T07:51:40Z	0.192	0.167	0.165	0.182
2019-10-28T08:11:47Z	0.192	0.167	0.165	0.182
2019-10-28T08:31:55Z	0.192	0.167	0.164	0.181
2019-10-28T08:52:02Z	0.192	0.167	0.164	0.181
2019-10-28T09:12:09Z	0.191	0.167	0.164	0.181
2019-10-28T09:32:16Z	0.191	0.167	0.164	0.181
2019-10-28T09:52:23Z	0.191	0.167	0.164	0.181
2019-10-28T10:12:30Z	0.191	0.167	0.164	0.181
2019-10-28T10:32:37Z	0.191	0.167	0.164	0.181
2019-10-28T10:52:45Z	0.191	0.167	0.164	0.181
2019-10-28T11:12:52Z	0.191	0.167	0.164	0.181
2019-10-28T11:32:59Z	0.191	0.167	0.164	0.181
2019-10-28T11:53:06Z	0.191	0.167	0.164	0.181
2019-10-28T12:13:13Z	0.191	0.167	0.164	0.181
2019-10-28T12:33:20Z	0.19	0.167	0.164	0.181
2019-10-28T12:53:28Z	0.19	0.167	0.164	0.181
2019-10-28T13:13:35Z	0.19	0.167	0.164	0.181
2019-10-28T13:33:42Z	0.19	0.167	0.164	0.181
2019-10-28T13:53:49Z	0.19	0.167	0.164	0.181
2019-10-28T14:13:56Z	0.19	0.167	0.164	0.181
2019-10-28T14:34:03Z	0.19	0.167	0.164	0.181
2019-10-28T14:54:11Z	0.19	0.167	0.164	0.181
2019-10-28T15:14:18Z	0.19	0.167	0.164	0.181
2019-10-28T15:34:25Z	0.19	0.167	0.164	0.181
2019-10-28T15:54:32Z	0.191	0.167	0.164	0.181
2019-10-28T16:14:39Z	0.191	0.167	0.164	0.181
2019-10-28T16:34:46Z	0.191	0.167	0.164	0.181
2019-10-28T16:54:53Z	0.191	0.167	0.164	0.181
2019-10-28T17:15:00Z	0.191	0.167	0.164	0.181
2019-10-28T17:35:07Z	0.191	0.167	0.164	0.182
2019-10-28T17:55:15Z	0.191	0.167	0.164	0.181
2019-10-28T18:15:22Z	0.191	0.167	0.164	0.181
2019-10-28T18:35:29Z	0.191	0.167	0.164	0.181
2019-10-28T18:55:36Z	0.191	0.167	0.164	0.181
2019-10-28T19:15:43Z	0.191	0.167	0.164	0.181
2019-10-28T19:35:50Z	0.191	0.167	0.164	0.182
2019-10-28T19:55:57Z	0.191	0.167	0.164	0.181
2019-10-28T20:16:04Z	0.191	0.167	0.164	0.182
2019-10-28T20:36:11Z	0.191	0.167	0.164	0.182
2019-10-28T20:56:18Z	0.191	0.167	0.164	0.182
2019-10-28T21:16:25Z	0.191	0.167	0.164	0.182
2019-10-28T21:36:32Z	0.191	0.167	0.164	0.182
2019-10-28T21:56:39Z	0.191	0.167	0.164	0.182
2019-10-28T22:16:46Z	0.191	0.167	0.164	0.182
2019-10-28T22:36:54Z	0.191	0.167	0.164	0.182
2019-10-28T22:57:00Z	0.191	0.167	0.164	0.182
2019-10-28T23:17:08Z	0.191	0.167	0.164	0.182
2019-10-28T23:37:15Z	0.191	0.167	0.164	0.182
2019-10-28T23:57:21Z	0.191	0.167	0.164	0.182
2019-10-29T00:17:28Z	0.191	0.167	0.164	0.182
2019-10-29T00:37:36Z	0.191	0.167	0.164	0.182
2019-10-29T00:57:43Z	0.191	0.167	0.164	0.182
2019-10-29T01:17:50Z	0.191	0.167	0.164	0.182
2019-10-29T01:37:57Z	0.191	0.167	0.164	0.181
2019-10-29T01:58:04Z	0.191	0.167	0.164	0.181
2019-10-29T02:18:11Z	0.191	0.167	0.164	0.181
2019-10-29T02:38:18Z	0.191	0.167	0.164	0.181
2019-10-29T02:58:25Z	0.191	0.167	0.164	0.181
2019-10-29T03:18:32Z	0.191	0.167	0.164	0.181
2019-10-29T03:38:39Z	0.191	0.167	0.164	0.182
2019-10-29T03:58:46Z	0.191	0.167	0.164	0.181
2019-10-29T04:18:53Z	0.191	0.167	0.164	0.181
2019-10-29T04:39:00Z	0.191	0.167	0.164	0.181
2019-10-29T04:59:07Z	0.191	0.167	0.164	0.182
2019-10-29T05:19:14Z	0.191	0.167	0.164	0.182
2019-10-29T05:39:21Z	0.191	0.167	0.164	0.181
2019-10-29T05:59:28Z	0.191	0.167	0.164	0.182
2019-10-29T06:19:35Z	0.191	0.167	0.164	0.181
2019-10-29T06:39:42Z	0.191	0.167	0.164	0.181
2019-10-29T06:59:49Z	0.191	0.167	0.164	0.181
2019-10-29T07:19:56Z	0.191	0.167	0.164	0.181
2019-10-29T07:40:03Z	0.191	0.167	0.164	0.181
2019-10-29T08:00:10Z	0.191	0.167	0.164	0.181
2019-10-29T08:20:17Z	0.191	0.167	0.164	0.181
2019-10-29T08:40:24Z	0.191	0.167	0.164	0.181
2019-10-29T09:00:31Z	0.191	0.167	0.164	0.181
2019-10-29T09:20:39Z	0.191	0.167	0.164	0.181
2019-10-29T09:40:46Z	0.191	0.167	0.164	0.181
2019-10-29T10:00:53Z	0.191	0.167	0.164	0.181
2019-10-29T10:21:00Z	0.191	0.166	0.164	0.181
2019-10-29T10:41:07Z	0.19	0.166	0.164	0.181
2019-10-29T11:01:14Z	0.191	0.167	0.164	0.181
2019-10-29T11:21:21Z	0.19	0.166	0.164	0.181
2019-10-29T11:41:29Z	0.19	0.167	0.164	0.181
2019-10-29T12:01:36Z	0.191	0.167	0.164	0.181
2019-10-29T12:21:43Z	0.19	0.167	0.164	0.181
2019-10-29T12:41:50Z	0.19	0.166	0.164	0.181
2019-10-29T13:01:57Z	0.19	0.167	0.164	0.181
2019-10-29T13:22:04Z	0.19	0.166	0.164	0.181
2019-10-29T13:42:11Z	0.19	0.166	0.164	0.181
2019-10-29T14:02:18Z	0.19	0.166	0.164	0.181
2019-10-29T14:22:26Z	0.19	0.166	0.164	0.181
2019-10-29T14:42:33Z	0.19	0.167	0.164	0.181
2019-10-29T15:02:40Z	0.191	0.167	0.164	0.181
2019-10-29T15:22:47Z	0.191	0.167	0.164	0.181
2019-10-29T15:42:54Z	0.191	0.167	0.164	0.181
2019-10-29T16:03:01Z	0.191	0.167	0.164	0.181
2019-10-29T16:23:08Z	0.191	0.167	0.164	0.181
2019-10-29T16:43:15Z	0.191	0.167	0.164	0.181
2019-10-29T17:03:22Z	0.191	0.167	0.164	0.181
2019-10-29T17:23:30Z	0.191	0.167	0.164	0.181
2019-10-29T17:43:37Z	0.191	0.167	0.164	0.181
2019-10-29T18:03:44Z	0.191	0.167	0.164	0.181
2019-10-29T18:23:51Z	0.191	0.167	0.164	0.181
2019-10-29T18:43:58Z	0.191	0.167	0.164	0.181
2019-10-29T19:04:05Z	0.191	0.167	0.164	0.181
2019-10-29T19:24:12Z	0.191	0.167	0.164	0.181
2019-10-29T19:44:19Z	0.191	0.167	0.164	0.181
2019-10-29T20:04:26Z	0.191	0.167	0.164	0.181
2019-10-29T20:24:33Z	0.191	0.167	0.164	0.181
2019-10-29T20:44:40Z	0.191	0.167	0.164	0.181
2019-10-29T21:04:47Z	0.191	0.167	0.164	0.181
2019-10-29T21:24:54Z	0.191	0.167	0.164	0.181
2019-10-29T21:45:01Z	0.191	0.167	0.164	0.181
2019-10-29T22:05:08Z	0.191	0.167	0.164	0.181
2019-10-29T22:25:15Z	0.191	0.167	0.164	0.181
2019-10-29T22:45:22Z	0.191	0.167	0.164	0.181
2019-10-29T23:05:29Z	0.191	0.167	0.164	0.181
2019-10-29T23:25:36Z	0.191	0.167	0.164	0.181
2019-10-29T23:45:42Z	0.191	0.167	0.164	0.181
2019-10-30T00:05:49Z	0.191	0.167	0.164	0.182
2019-10-30T00:25:56Z	0.191	0.167	0.164	0.181
2019-10-30T00:46:03Z	0.191	0.167	0.164	0.181
2019-10-30T01:06:10Z	0.191	0.167	0.164	0.182
2019-10-30T01:26:17Z	0.191	0.167	0.164	0.181
2019-10-30T01:46:24Z	0.191	0.167	0.164	0.181
2019-10-30T02:06:31Z	0.191	0.167	0.164	0.182
2019-10-30T02:26:38Z	0.191	0.167	0.164	0.182
2019-10-30T02:46:45Z	0.191	0.167	0.164	0.181
2019-10-30T03:06:52Z	0.191	0.167	0.164	0.181
2019-10-30T03:26:59Z	0.191	0.167	0.164	0.182
2019-10-30T03:47:06Z	0.191	0.167	0.164	0.182
2019-10-30T04:07:13Z	0.191	0.167	0.164	0.182
2019-10-30T04:27:20Z	0.191	0.167	0.164	0.182
2019-10-30T04:47:27Z	0.191	0.167	0.164	0.182
2019-10-30T05:07:34Z	0.191	0.167	0.164	0.182
2019-10-30T05:27:41Z	0.191	0.167	0.164	0.182
2019-10-30T05:47:48Z	0.191	0.167	0.164	0.182
2019-10-30T06:07:54Z	0.191	0.167	0.164	0.182
2019-10-30T06:28:01Z	0.191	0.167	0.164	0.182
2019-10-30T06:48:08Z	0.191	0.167	0.164	0.182
2019-10-30T07:08:15Z	0.191	0.167	0.164	0.182
2019-10-30T07:28:22Z	0.191	0.167	0.164	0.181
2019-10-30T07:48:29Z	0.191	0.167	0.164	0.181
2019-10-30T08:08:36Z	0.191	0.167	0.164	0.181
2019-10-30T08:28:44Z	0.191	0.167	0.164	0.181
2019-10-30T08:48:51Z	0.191	0.167	0.164	0.181
2019-10-30T09:08:58Z	0.19	0.166	0.163	0.181
2019-10-30T09:29:05Z	0.19	0.166	0.163	0.181
2019-10-30T09:49:12Z	0.19	0.166	0.163	0.181
2019-10-30T10:09:19Z	0.19	0.166	0.163	0.181
2019-10-30T10:29:26Z	0.19	0.166	0.163	0.18
2019-10-30T10:49:34Z	0.19	0.166	0.163	0.181
2019-10-30T11:09:41Z	0.19	0.166	0.163	0.18
2019-10-30T11:29:48Z	0.19	0.166	0.163	0.181
2019-10-30T11:49:55Z	0.19	0.166	0.163	0.18
2019-10-30T12:10:02Z	0.189	0.166	0.163	0.18
2019-10-30T12:30:09Z	0.189	0.166	0.163	0.18
2019-10-30T12:50:16Z	0.189	0.165	0.163	0.18
2019-10-30T13:10:24Z	0.189	0.165	0.163	0.18
2019-10-30T13:30:31Z	0.189	0.165	0.163	0.18
2019-10-30T13:50:38Z	0.189	0.165	0.163	0.18
2019-10-30T14:10:45Z	0.189	0.165	0.163	0.181
2019-10-30T14:30:52Z	0.189	0.166	0.163	0.181
2019-10-30T14:50:59Z	0.189	0.166	0.163	0.181
2019-10-30T15:11:07Z	0.189	0.166	0.163	0.181
2019-10-30T15:31:14Z	0.189	0.166	0.163	0.181
2019-10-30T15:51:21Z	0.189	0.166	0.164	0.181
2019-10-30T16:11:28Z	0.19	0.166	0.164	0.181
2019-10-30T16:31:35Z	0.19	0.166	0.164	0.181
2019-10-30T16:51:42Z	0.19	0.166	0.164	0.181
2019-10-30T17:11:49Z	0.19	0.166	0.164	0.181
2019-10-30T17:31:56Z	0.19	0.166	0.164	0.181
2019-10-30T17:52:03Z	0.19	0.166	0.164	0.181
2019-10-30T18:12:10Z	0.19	0.166	0.164	0.181
2019-10-30T18:32:17Z	0.19	0.166	0.164	0.181
2019-10-30T18:52:24Z	0.19	0.166	0.164	0.181
2019-10-30T19:12:31Z	0.19	0.167	0.164	0.181
2019-10-30T19:32:38Z	0.19	0.166	0.164	0.181
2019-10-30T19:52:45Z	0.19	0.166	0.164	0.181
2019-10-30T20:12:52Z	0.19	0.166	0.164	0.181
2019-10-30T20:32:59Z	0.19	0.166	0.164	0.181
2019-10-30T20:53:06Z	0.19	0.166	0.164	0.181
2019-10-30T21:13:13Z	0.19	0.166	0.164	0.181
2019-10-30T21:33:20Z	0.19	0.166	0.164	0.181
2019-10-30T21:53:27Z	0.19	0.166	0.164	0.181
2019-10-30T22:13:34Z	0.19	0.166	0.164	0.181
2019-10-30T22:33:41Z	0.19	0.166	0.164	0.181
2019-10-30T22:53:48Z	0.19	0.166	0.164	0.181
2019-10-30T23:13:55Z	0.19	0.166	0.164	0.181
2019-10-30T23:34:02Z	0.19	0.166	0.164	0.181
2019-10-30T23:54:09Z	0.19	0.166	0.164	0.181
2019-10-31T00:14:16Z	0.19	0.166	0.164	0.181
2019-10-31T00:34:23Z	0.19	0.166	0.164	0.181
2019-10-31T00:54:29Z	0.19	0.166	0.164	0.181
2019-10-31T01:14:36Z	0.19	0.166	0.164	0.181
2019-10-31T01:34:43Z	0.19	0.166	0.164	0.181
2019-10-31T01:54:50Z	0.19	0.166	0.164	0.181
2019-10-31T02:14:57Z	0.19	0.166	0.164	0.181
2019-10-31T02:35:04Z	0.19	0.166	0.164	0.181
2019-10-31T02:55:11Z	0.19	0.166	0.164	0.181
2019-10-31T03:15:18Z	0.19	0.166	0.164	0.181
2019-10-31T03:35:25Z	0.19	0.166	0.164	0.181
2019-10-31T03:55:32Z	0.19	0.166	0.164	0.181
2019-10-31T04:15:39Z	0.19	0.166	0.164	0.181
2019-10-31T04:35:46Z	0.19	0.166	0.164	0.181
2019-10-31T04:55:53Z	0.19	0.166	0.164	0.181
2019-10-31T05:16:00Z	0.19	0.166	0.164	0.181
2019-10-31T05:36:07Z	0.19	0.166	0.164	0.181
2019-10-31T05:56:14Z	0.19	0.166	0.164	0.181
2019-10-31T06:16:20Z	0.19	0.166	0.164	0.181
2019-10-31T06:36:27Z	0.19	0.166	0.164	0.181
2019-10-31T06:56:34Z	0.19	0.166	0.163	0.181
2019-10-31T07:16:41Z	0.19	0.166	0.163	0.181
2019-10-31T07:36:48Z	0.19	0.166	0.163	0.181
2019-10-31T07:56:55Z	0.19	0.166	0.163	0.181
2019-10-31T08:17:02Z	0.19	0.166	0.163	0.181
2019-10-31T08:37:09Z	0.19	0.166	0.163	0.181
2019-10-31T08:57:16Z	0.189	0.165	0.163	0.18
2019-10-31T09:17:23Z	0.189	0.165	0.163	0.18
2019-10-31T09:37:30Z	0.189	0.165	0.163	0.18
2019-10-31T09:57:37Z	0.189	0.165	0.163	0.18
2019-10-31T10:17:44Z	0.189	0.165	0.163	0.18
2019-10-31T10:37:51Z	0.189	0.165	0.163	0.18
2019-10-31T10:57:59Z	0.189	0.165	0.163	0.18
2019-10-31T11:18:06Z	0.189	0.165	0.163	0.18
2019-10-31T11:38:13Z	0.189	0.165	0.163	0.18
2019-10-31T11:58:20Z	0.189	0.165	0.163	0.18
2019-10-31T12:18:27Z	0.188	0.165	0.163	0.18
2019-10-31T12:38:34Z	0.188	0.165	0.163	0.18
2019-10-31T12:58:41Z	0.188	0.165	0.163	0.18
2019-10-31T13:18:48Z	0.188	0.165	0.163	0.18
2019-10-31T13:38:56Z	0.188	0.165	0.163	0.18
2019-10-31T13:59:03Z	0.188	0.165	0.163	0.18
2019-10-31T14:19:10Z	0.188	0.165	0.163	0.18
2019-10-31T14:39:17Z	0.188	0.165	0.163	0.18
2019-10-31T14:59:24Z	0.188	0.165	0.163	0.18
2019-10-31T15:19:31Z	0.188	0.165	0.163	0.18
2019-10-31T15:39:38Z	0.188	0.165	0.163	0.18
2019-10-31T15:59:45Z	0.189	0.165	0.163	0.18
2019-10-31T16:19:52Z	0.189	0.165	0.163	0.181
2019-10-31T16:39:59Z	0.189	0.165	0.163	0.181
2019-10-31T17:00:06Z	0.189	0.165	0.163	0.181
2019-10-31T17:20:13Z	0.189	0.165	0.163	0.181
2019-10-31T17:40:20Z	0.189	0.165	0.163	0.181
2019-10-31T18:00:27Z	0.189	0.165	0.163	0.181
2019-10-31T18:20:34Z	0.189	0.165	0.163	0.181
2019-10-31T18:40:41Z	0.189	0.165	0.163	0.181
2019-10-31T19:00:48Z	0.189	0.165	0.163	0.181
2019-10-31T19:20:55Z	0.189	0.165	0.163	0.181
2019-10-31T19:41:02Z	0.189	0.166	0.163	0.181
2019-10-31T20:01:09Z	0.189	0.166	0.163	0.181
2019-10-31T20:21:16Z	0.189	0.166	0.163	0.181
2019-10-31T20:41:23Z	0.189	0.165	0.163	0.181
2019-10-31T21:01:30Z	0.189	0.165	0.163	0.181
2019-10-31T21:21:37Z	0.189	0.165	0.163	0.181
2019-10-31T21:41:44Z	0.189	0.166	0.163	0.181
2019-10-31T22:01:51Z	0.189	0.165	0.163	0.181
2019-10-31T22:21:58Z	0.189	0.165	0.163	0.181
2019-10-31T22:42:05Z	0.189	0.165	0.163	0.181
2019-10-31T23:02:12Z	0.189	0.166	0.163	0.181
2019-10-31T23:22:19Z	0.189	0.166	0.163	0.181
2019-10-31T23:42:25Z	0.189	0.166	0.163	0.181
2019-11-01T00:02:32Z	0.189	0.166	0.163	0.181
2019-11-01T00:22:39Z	0.189	0.166	0.163	0.181
2019-11-01T00:42:46Z	0.189	0.165	0.163	0.181
2019-11-01T01:02:53Z	0.189	0.165	0.163	0.181
2019-11-01T01:23:00Z	0.189	0.165	0.163	0.181
2019-11-01T01:43:07Z	0.189	0.165	0.163	0.181
2019-11-01T02:03:14Z	0.189	0.165	0.163	0.181
2019-11-01T02:23:21Z	0.189	0.166	0.163	0.181
2019-11-01T02:43:28Z	0.189	0.165	0.163	0.181
2019-11-01T03:03:35Z	0.189	0.165	0.163	0.181
2019-11-01T03:23:42Z	0.189	0.165	0.163	0.181
2019-11-01T03:43:49Z	0.189	0.166	0.163	0.181
2019-11-01T04:03:56Z	0.189	0.165	0.163	0.181
2019-11-01T04:24:03Z	0.189	0.165	0.163	0.181
2019-11-01T04:44:10Z	0.189	0.165	0.163	0.181
2019-11-01T05:04:17Z	0.189	0.165	0.163	0.181
2019-11-01T05:24:23Z	0.189	0.165	0.163	0.181
2019-11-01T05:44:30Z	0.189	0.165	0.163	0.18
2019-11-01T06:04:37Z	0.189	0.165	0.163	0.181
2019-11-01T06:24:44Z	0.189	0.165	0.163	0.181
2019-11-01T06:44:51Z	0.189	0.165	0.163	0.181
2019-11-01T07:04:58Z	0.189	0.165	0.163	0.18
2019-11-01T07:25:05Z	0.189	0.165	0.163	0.18
2019-11-01T07:45:12Z	0.189	0.165	0.163	0.18
2019-11-01T08:05:19Z	0.189	0.165	0.163	0.18
2019-11-01T08:25:26Z	0.189	0.165	0.163	0.18
2019-11-01T08:45:33Z	0.189	0.165	0.163	0.18
2019-11-01T09:05:41Z	0.188	0.164	0.162	0.18
2019-11-01T09:25:48Z	0.188	0.164	0.162	0.18
2019-11-01T09:45:55Z	0.188	0.164	0.162	0.18
2019-11-01T10:06:02Z	0.188	0.164	0.162	0.18
2019-11-01T10:26:09Z	0.188	0.164	0.162	0.18
2019-11-01T10:46:16Z	0.188	0.164	0.162	0.18
2019-11-01T11:06:23Z	0.188	0.164	0.162	0.18
2019-11-01T11:26:31Z	0.188	0.164	0.162	0.18
2019-11-01T11:46:38Z	0.188	0.164	0.162	0.18
2019-11-01T12:06:45Z	0.188	0.164	0.162	0.18
2019-11-01T12:26:52Z	0.188	0.164	0.162	0.18
2019-11-01T12:46:59Z	0.188	0.164	0.162	0.18
2019-11-01T13:07:06Z	0.188	0.164	0.162	0.18
2019-11-01T13:27:13Z	0.188	0.164	0.162	0.18
2019-11-01T13:47:20Z	0.188	0.164	0.162	0.18
2019-11-01T14:07:27Z	0.188	0.164	0.162	0.18
2019-11-01T14:27:34Z	0.187	0.164	0.162	0.18
2019-11-01T14:47:41Z	0.188	0.164	0.162	0.18
2019-11-01T15:07:48Z	0.187	0.164	0.162	0.18
2019-11-01T15:27:56Z	0.187	0.164	0.162	0.18
2019-11-01T15:48:03Z	0.187	0.164	0.162	0.18
2019-11-01T16:08:10Z	0.187	0.164	0.162	0.18
2019-11-01T16:28:17Z	0.187	0.164	0.162	0.18
2019-11-01T16:48:24Z	0.187	0.164	0.162	0.18
2019-11-01T17:08:31Z	0.188	0.164	0.162	0.18
2019-11-01T17:28:38Z	0.187	0.164	0.162	0.18
2019-11-01T17:48:45Z	0.188	0.164	0.162	0.18
2019-11-01T18:08:52Z	0.188	0.164	0.162	0.18
2019-11-01T18:28:59Z	0.188	0.164	0.162	0.18
2019-11-01T18:49:06Z	0.188	0.164	0.162	0.18
2019-11-01T19:09:13Z	0.188	0.164	0.162	0.18
2019-11-01T19:29:20Z	0.188	0.164	0.162	0.18
2019-11-01T19:49:27Z	0.188	0.164	0.162	0.18
2019-11-01T20:09:34Z	0.188	0.164	0.162	0.18
2019-11-01T20:29:41Z	0.188	0.164	0.162	0.18
2019-11-01T20:49:48Z	0.188	0.164	0.162	0.18
2019-11-01T21:09:56Z	0.188	0.164	0.162	0.18
2019-11-01T21:30:03Z	0.188	0.164	0.162	0.18
2019-11-01T21:50:10Z	0.188	0.164	0.162	0.18
2019-11-01T22:10:17Z	0.188	0.164	0.162	0.18
2019-11-01T22:30:24Z	0.188	0.164	0.162	0.18
2019-11-01T22:50:31Z	0.188	0.164	0.162	0.18
2019-11-01T23:10:38Z	0.188	0.164	0.162	0.18
2019-11-01T23:30:45Z	0.188	0.164	0.162	0.18
2019-11-01T23:50:52Z	0.188	0.164	0.162	0.18
2019-11-02T00:10:59Z	0.188	0.164	0.162	0.18
2019-11-02T00:31:06Z	0.188	0.164	0.162	0.18
2019-11-02T00:51:13Z	0.188	0.164	0.162	0.18
2019-11-02T01:11:20Z	0.188	0.164	0.162	0.18
2019-11-02T01:31:27Z	0.188	0.164	0.162	0.18
2019-11-02T01:51:35Z	0.188	0.164	0.162	0.18
2019-11-02T02:11:42Z	0.188	0.164	0.162	0.18
2019-11-02T02:31:49Z	0.188	0.164	0.162	0.18
2019-11-02T02:51:56Z	0.188	0.164	0.162	0.18
2019-11-02T03:12:03Z	0.188	0.164	0.162	0.18
2019-11-02T03:32:10Z	0.188	0.164	0.162	0.18
2019-11-02T03:52:17Z	0.188	0.164	0.162	0.18
2019-11-02T04:12:24Z	0.188	0.164	0.162	0.18
2019-11-02T04:32:31Z	0.188	0.164	0.162	0.18
2019-11-02T04:52:38Z	0.188	0.164	0.162	0.18
2019-11-02T05:12:45Z	0.188	0.164	0.162	0.18
2019-11-02T05:32:52Z	0.188	0.164	0.162	0.18
2019-11-02T05:52:59Z	0.188	0.164	0.162	0.18
2019-11-02T06:13:06Z	0.188	0.164	0.162	0.18
2019-11-02T06:33:14Z	0.188	0.164	0.162	0.18
2019-11-02T06:53:21Z	0.188	0.164	0.162	0.18
2019-11-02T07:13:28Z	0.188	0.164	0.162	0.18
2019-11-02T07:33:35Z	0.188	0.164	0.162	0.18
2019-11-02T07:53:42Z	0.188	0.164	0.162	0.18
2019-11-02T08:13:49Z	0.188	0.164	0.162	0.18
2019-11-02T08:33:56Z	0.188	0.164	0.162	0.18
2019-11-02T08:54:03Z	0.188	0.163	0.162	0.18
2019-11-02T09:14:10Z	0.188	0.163	0.162	0.18
2019-11-02T09:34:17Z	0.188	0.163	0.162	0.18
2019-11-02T09:54:24Z	0.188	0.163	0.162	0.18
2019-11-02T10:14:32Z	0.188	0.163	0.162	0.18
2019-11-02T10:34:39Z	0.188	0.163	0.162	0.18
2019-11-02T10:54:46Z	0.188	0.163	0.162	0.18
2019-11-02T11:14:53Z	0.188	0.163	0.162	0.18
2019-11-02T11:35:00Z	0.188	0.163	0.162	0.18
2019-11-02T11:55:07Z	0.188	0.163	0.161	0.18
2019-11-02T12:15:15Z	0.188	0.163	0.161	0.18
2019-11-02T12:35:22Z	0.188	0.163	0.161	0.18
2019-11-02T12:55:29Z	0.188	0.163	0.161	0.18
2019-11-02T13:15:36Z	0.188	0.163	0.161	0.18
2019-11-02T13:35:43Z	0.188	0.163	0.161	0.18
2019-11-02T13:55:51Z	0.188	0.163	0.161	0.18
2019-11-02T14:15:58Z	0.188	0.163	0.161	0.18
2019-11-02T14:36:05Z	0.188	0.163	0.161	0.18
2019-11-02T14:56:12Z	0.188	0.163	0.161	0.18
2019-11-02T15:16:19Z	0.188	0.163	0.161	0.18
2019-11-02T15:36:27Z	0.188	0.163	0.162	0.18
2019-11-02T15:56:34Z	0.188	0.163	0.161	0.18
2019-11-02T16:16:41Z	0.188	0.163	0.162	0.18
2019-11-02T16:36:48Z	0.188	0.163	0.162	0.18
2019-11-02T16:56:55Z	0.188	0.163	0.162	0.18
2019-11-02T17:17:02Z	0.188	0.163	0.162	0.18
2019-11-02T17:37:09Z	0.188	0.163	0.162	0.18
2019-11-02T17:57:17Z	0.188	0.163	0.162	0.18
2019-11-02T18:17:24Z	0.188	0.163	0.162	0.18
2019-11-02T18:37:31Z	0.188	0.163	0.162	0.18
2019-11-02T18:57:38Z	0.188	0.164	0.162	0.18
2019-11-02T19:17:45Z	0.188	0.164	0.162	0.18
2019-11-02T19:37:52Z	0.188	0.163	0.162	0.18
2019-11-02T19:57:59Z	0.188	0.163	0.162	0.18
2019-11-02T20:18:06Z	0.188	0.163	0.162	0.18
2019-11-02T20:38:13Z	0.188	0.163	0.162	0.18
2019-11-02T20:58:21Z	0.188	0.163	0.162	0.18
2019-11-02T21:18:28Z	0.188	0.163	0.162	0.18
2019-11-02T21:38:35Z	0.188	0.163	0.162	0.18
2019-11-02T21:58:42Z	0.188	0.163	0.162	0.18
2019-11-02T22:18:49Z	0.188	0.163	0.162	0.18
2019-11-02T22:38:56Z	0.188	0.163	0.162	0.18
2019-11-02T22:59:03Z	0.188	0.163	0.162	0.18
2019-11-02T23:19:10Z	0.188	0.163	0.162	0.18
2019-11-02T23:39:18Z	0.188	0.163	0.162	0.18
2019-11-02T23:59:25Z	0.188	0.163	0.162	0.18
2019-11-03T00:19:32Z	0.188	0.163	0.162	0.18
2019-11-03T00:39:39Z	0.188	0.163	0.162	0.18
2019-11-03T00:59:46Z	0.188	0.163	0.162	0.18
2019-11-03T01:19:53Z	0.188	0.163	0.162	0.18
2019-11-03T01:40:00Z	0.188	0.163	0.162	0.18
2019-11-03T02:00:07Z	0.188	0.163	0.162	0.18
2019-11-03T02:20:15Z	0.188	0.163	0.161	0.18
2019-11-03T02:40:22Z	0.188	0.163	0.162	0.18
2019-11-03T03:00:29Z	0.192	0.163	0.161	0.18
2019-11-03T03:20:36Z	0.196	0.163	0.161	0.18
2019-11-03T03:40:43Z	0.197	0.164	0.161	0.18
2019-11-03T04:00:50Z	0.198	0.164	0.162	0.18
2019-11-03T04:20:57Z	0.199	0.164	0.162	0.18
2019-11-03T04:41:04Z	0.199	0.165	0.162	0.18
2019-11-03T05:01:12Z	0.199	0.165	0.162	0.18
2019-11-03T05:21:19Z	0.199	0.165	0.162	0.18
2019-11-03T05:41:26Z	0.199	0.166	0.162	0.18
2019-11-03T06:01:33Z	0.2	0.166	0.162	0.18
2019-11-03T06:21:40Z	0.2	0.166	0.162	0.18
2019-11-03T06:41:47Z	0.2	0.167	0.162	0.18
2019-11-03T07:01:54Z	0.201	0.167	0.162	0.18
2019-11-03T07:22:01Z	0.202	0.167	0.162	0.18
2019-11-03T07:42:08Z	0.203	0.167	0.162	0.18
2019-11-03T08:02:16Z	0.204	0.168	0.162	0.18
2019-11-03T08:22:23Z	0.205	0.168	0.162	0.18
2019-11-03T08:42:30Z	0.205	0.168	0.163	0.18
2019-11-03T09:02:37Z	0.205	0.169	0.163	0.18
2019-11-03T09:22:44Z	0.205	0.169	0.163	0.18
2019-11-03T09:42:51Z	0.205	0.17	0.163	0.18
2019-11-03T10:02:58Z	0.205	0.17	0.163	0.18
2019-11-03T10:23:06Z	0.205	0.17	0.163	0.18
2019-11-03T10:43:13Z	0.205	0.17	0.163	0.18
2019-11-03T11:03:20Z	0.204	0.17	0.163	0.18
2019-11-03T11:23:27Z	0.204	0.17	0.163	0.18
2019-11-03T11:43:34Z	0.204	0.17	0.163	0.18
2019-11-03T12:03:41Z	0.204	0.17	0.163	0.18
2019-11-03T12:23:48Z	0.204	0.17	0.163	0.18
2019-11-03T12:43:56Z	0.203	0.17	0.163	0.18
2019-11-03T13:04:03Z	0.203	0.17	0.164	0.18
2019-11-03T13:24:10Z	0.203	0.17	0.164	0.18
2019-11-03T13:44:17Z	0.203	0.171	0.164	0.18
2019-11-03T14:04:24Z	0.203	0.171	0.164	0.18
2019-11-03T14:24:31Z	0.203	0.171	0.164	0.18
2019-11-03T14:44:39Z	0.203	0.17	0.164	0.18
2019-11-03T15:04:46Z	0.203	0.171	0.164	0.18
2019-11-03T15:24:53Z	0.203	0.171	0.164	0.18
2019-11-03T15:45:00Z	0.202	0.171	0.164	0.18
2019-11-03T16:05:07Z	0.202	0.171	0.164	0.181
2019-11-03T16:25:14Z	0.202	0.171	0.164	0.181
2019-11-03T16:45:21Z	0.202	0.171	0.164	0.181
2019-11-03T17:05:29Z	0.202	0.171	0.164	0.181
2019-11-03T17:25:36Z	0.202	0.171	0.164	0.181
2019-11-03T17:45:43Z	0.202	0.171	0.165	0.181
2019-11-03T18:05:50Z	0.202	0.171	0.165	0.181
2019-11-03T18:25:57Z	0.202	0.171	0.165	0.181
2019-11-03T18:46:04Z	0.202	0.171	0.165	0.181
2019-11-03T19:06:11Z	0.202	0.171	0.165	0.181
2019-11-03T19:26:18Z	0.202	0.171	0.165	0.181
2019-11-03T19:46:25Z	0.202	0.171	0.165	0.181
2019-11-03T20:06:32Z	0.202	0.171	0.165	0.181
2019-11-03T20:26:39Z	0.202	0.171	0.165	0.181
2019-11-03T20:46:46Z	0.202	0.171	0.165	0.181
2019-11-03T21:06:54Z	0.202	0.171	0.165	0.181
2019-11-03T21:27:01Z	0.202	0.171	0.165	0.181
2019-11-03T21:47:08Z	0.201	0.171	0.165	0.181
2019-11-03T22:07:15Z	0.201	0.171	0.165	0.181
2019-11-03T22:27:22Z	0.201	0.171	0.165	0.181
2019-11-03T22:47:29Z	0.201	0.171	0.165	0.181
2019-11-03T23:07:36Z	0.201	0.171	0.165	0.181
2019-11-03T23:27:43Z	0.201	0.171	0.165	0.181
2019-11-03T23:47:50Z	0.201	0.171	0.165	0.181
2019-11-04T00:07:57Z	0.201	0.171	0.165	0.181
2019-11-04T00:28:04Z	0.201	0.171	0.165	0.181
2019-11-04T00:48:12Z	0.201	0.171	0.165	0.181
2019-11-04T01:08:19Z	0.201	0.171	0.165	0.181
2019-11-04T01:28:26Z	0.201	0.171	0.165	0.181
2019-11-04T01:48:33Z	0.201	0.171	0.165	0.181
2019-11-04T02:08:40Z	0.201	0.171	0.165	0.181
2019-11-04T02:28:47Z	0.201	0.171	0.165	0.181
2019-11-04T02:48:54Z	0.201	0.171	0.165	0.181
2019-11-04T03:09:01Z	0.201	0.171	0.165	0.181
2019-11-04T03:29:08Z	0.201	0.171	0.165	0.181
2019-11-04T03:49:15Z	0.202	0.171	0.165	0.181
2019-11-04T04:09:22Z	0.204	0.171	0.165	0.181
2019-11-04T04:29:29Z	0.206	0.172	0.166	0.181
2019-11-04T04:49:37Z	0.207	0.172	0.166	0.181
2019-11-04T05:09:44Z	0.208	0.173	0.166	0.181
2019-11-04T05:29:51Z	0.211	0.173	0.166	0.181
2019-11-04T05:49:58Z	0.212	0.174	0.166	0.181
2019-11-04T06:10:05Z	0.212	0.174	0.166	0.181
2019-11-04T06:30:12Z	0.213	0.175	0.166	0.181
2019-11-04T06:50:19Z	0.214	0.176	0.166	0.181
2019-11-04T07:10:26Z	0.216	0.176	0.167	0.181
2019-11-04T07:30:33Z	0.218	0.177	0.167	0.181
2019-11-04T07:50:40Z	0.219	0.178	0.167	0.181
2019-11-04T08:10:47Z	0.221	0.179	0.167	0.181
2019-11-04T08:30:55Z	0.226	0.18	0.167	0.181
2019-11-04T08:51:02Z	0.231	0.182	0.168	0.181
2019-11-04T09:11:09Z	0.231	0.185	0.168	0.182
2019-11-04T09:31:16Z	0.232	0.187	0.169	0.182
2019-11-04T09:51:23Z	0.232	0.189	0.169	0.182
2019-11-04T10:11:30Z	0.231	0.19	0.169	0.182
2019-11-04T10:31:37Z	0.23	0.191	0.17	0.182
2019-11-04T10:51:44Z	0.23	0.191	0.17	0.182
2019-11-04T11:11:51Z	0.229	0.191	0.171	0.182
2019-11-04T11:31:59Z	0.228	0.192	0.171	0.182
2019-11-04T11:44:41Z	0.228	0.192	0.172	0.182
2019-11-04T12:04:49Z	0.226	0.191	0.172	0.182
2019-11-04T12:24:56Z	0.226	0.191	0.172	0.182
2019-11-04T12:45:03Z	0.225	0.191	0.172	0.182
2019-11-04T13:05:10Z	0.224	0.19	0.172	0.182
2019-11-04T13:25:17Z	0.224	0.19	0.173	0.182
2019-11-04T13:45:24Z	0.224	0.19	0.173	0.183
2019-11-04T14:05:32Z	0.224	0.19	0.173	0.183
2019-11-04T14:25:39Z	0.223	0.19	0.173	0.183
2019-11-04T14:45:46Z	0.222	0.19	0.173	0.183
2019-11-04T15:05:53Z	0.222	0.189	0.173	0.183
2019-11-04T15:26:00Z	0.222	0.189	0.173	0.183
2019-11-04T15:46:07Z	0.222	0.189	0.173	0.183
2019-11-04T16:06:14Z	0.222	0.189	0.174	0.184
2019-11-04T16:26:22Z	0.221	0.189	0.174	0.184
2019-11-04T16:46:29Z	0.221	0.188	0.174	0.184
2019-11-04T17:06:36Z	0.221	0.188	0.174	0.184
2019-11-04T17:26:43Z	0.22	0.188	0.174	0.184
2019-11-04T17:46:50Z	0.22	0.188	0.174	0.184
2019-11-04T18:06:57Z	0.22	0.188	0.174	0.184
2019-11-04T18:27:04Z	0.22	0.188	0.174	0.184
2019-11-04T18:47:11Z	0.22	0.188	0.174	0.184
2019-11-04T19:07:18Z	0.22	0.188	0.174	0.184
2019-11-04T19:27:26Z	0.22	0.188	0.174	0.184
2019-11-04T19:47:33Z	0.22	0.188	0.174	0.185
2019-11-04T20:07:40Z	0.22	0.187	0.174	0.185
2019-11-04T20:27:47Z	0.219	0.187	0.174	0.185
2019-11-04T20:47:54Z	0.219	0.187	0.174	0.185
2019-11-04T21:08:01Z	0.219	0.187	0.174	0.185
2019-11-04T21:28:08Z	0.219	0.187	0.174	0.185
2019-11-04T21:48:15Z	0.219	0.187	0.174	0.185
2019-11-04T22:08:22Z	0.218	0.187	0.174	0.185
2019-11-04T22:28:29Z	0.218	0.187	0.174	0.185
2019-11-04T22:48:36Z	0.218	0.187	0.174	0.186
2019-11-04T23:08:43Z	0.218	0.186	0.174	0.186
2019-11-04T23:28:51Z	0.218	0.186	0.174	0.186
2019-11-04T23:48:58Z	0.218	0.186	0.174	0.186
2019-11-05T00:09:05Z	0.218	0.186	0.174	0.186
2019-11-05T00:29:12Z	0.218	0.186	0.174	0.186
2019-11-05T00:49:19Z	0.218	0.186	0.174	0.186
2019-11-05T01:09:26Z	0.218	0.186	0.174	0.186
2019-11-05T01:29:33Z	0.218	0.186	0.174	0.186
2019-11-05T01:49:40Z	0.218	0.186	0.174	0.186
2019-11-05T02:09:47Z	0.217	0.186	0.174	0.186
2019-11-05T02:29:54Z	0.217	0.186	0.174	0.186
2019-11-05T02:50:01Z	0.217	0.186	0.174	0.186
2019-11-05T03:10:08Z	0.217	0.186	0.174	0.186
2019-11-05T03:30:15Z	0.217	0.186	0.174	0.186
2019-11-05T03:50:22Z	0.217	0.186	0.174	0.186
2019-11-05T04:10:30Z	0.217	0.186	0.174	0.186
2019-11-05T04:30:37Z	0.217	0.186	0.174	0.186
2019-11-05T04:50:44Z	0.217	0.186	0.174	0.186
2019-11-05T05:10:51Z	0.217	0.186	0.174	0.186
2019-11-05T05:30:58Z	0.217	0.186	0.174	0.186
2019-11-05T05:51:05Z	0.217	0.185	0.174	0.186
2019-11-05T06:11:12Z	0.216	0.185	0.174	0.186
2019-11-05T06:31:19Z	0.216	0.185	0.174	0.186
2019-11-05T06:51:26Z	0.216	0.185	0.174	0.186
2019-11-05T07:11:33Z	0.216	0.185	0.174	0.186
2019-11-05T07:31:40Z	0.216	0.185	0.174	0.186
2019-11-05T07:51:47Z	0.216	0.185	0.174	0.186
2019-11-05T08:11:55Z	0.216	0.185	0.174	0.186
2019-11-05T08:32:02Z	0.216	0.185	0.174	0.186
2019-11-05T08:52:09Z	0.216	0.185	0.174	0.186
2019-11-05T09:12:16Z	0.216	0.185	0.174	0.186
2019-11-05T09:32:23Z	0.216	0.185	0.174	0.186
2019-11-05T09:52:30Z	0.216	0.185	0.174	0.186
2019-11-05T10:12:37Z	0.215	0.184	0.174	0.186
2019-11-05T10:32:44Z	0.215	0.184	0.174	0.186
2019-11-05T10:52:51Z	0.215	0.184	0.174	0.186
2019-11-05T11:12:59Z	0.215	0.184	0.174	0.187
2019-11-05T11:33:06Z	0.215	0.185	0.174	0.187
2019-11-05T11:53:13Z	0.215	0.184	0.174	0.186
2019-11-05T12:13:20Z	0.215	0.184	0.174	0.186
2019-11-05T12:33:27Z	0.214	0.184	0.174	0.187
2019-11-05T12:53:34Z	0.214	0.184	0.174	0.187
2019-11-05T13:13:41Z	0.214	0.184	0.174	0.187
2019-11-05T13:33:48Z	0.214	0.184	0.174	0.187
2019-11-05T13:53:56Z	0.214	0.184	0.174	0.187
2019-11-05T14:14:03Z	0.214	0.184	0.174	0.187
2019-11-05T14:34:10Z	0.214	0.184	0.174	0.187
2019-11-05T14:54:17Z	0.214	0.184	0.174	0.187
2019-11-05T15:14:24Z	0.214	0.184	0.174	0.187
2019-11-05T15:34:31Z	0.214	0.184	0.174	0.187
2019-11-05T15:54:39Z	0.214	0.184	0.174	0.187
2019-11-05T16:14:46Z	0.214	0.184	0.174	0.187
2019-11-05T16:34:53Z	0.214	0.184	0.174	0.187
2019-11-05T16:55:00Z	0.214	0.184	0.174	0.187
2019-11-05T17:15:07Z	0.214	0.184	0.174	0.187
2019-11-05T17:35:14Z	0.214	0.184	0.174	0.187
2019-11-05T17:55:21Z	0.214	0.184	0.174	0.187
2019-11-05T18:15:28Z	0.214	0.184	0.174	0.187
2019-11-05T18:35:35Z	0.214	0.184	0.174	0.187
2019-11-05T18:55:42Z	0.214	0.184	0.174	0.187
2019-11-05T19:15:49Z	0.214	0.183	0.174	0.187
2019-11-05T19:35:57Z	0.214	0.183	0.174	0.187
2019-11-05T19:56:04Z	0.214	0.183	0.174	0.187
2019-11-05T20:16:11Z	0.214	0.183	0.174	0.187
2019-11-05T20:36:18Z	0.214	0.183	0.174	0.187
2019-11-05T20:56:25Z	0.214	0.183	0.174	0.187
2019-11-05T21:16:32Z	0.214	0.183	0.174	0.187
2019-11-05T21:36:39Z	0.214	0.183	0.174	0.187
2019-11-05T21:56:46Z	0.214	0.183	0.174	0.187
2019-11-05T22:16:53Z	0.214	0.183	0.174	0.187
2019-11-05T22:37:00Z	0.214	0.183	0.174	0.187
2019-11-05T22:57:07Z	0.214	0.183	0.174	0.187
2019-11-05T23:17:14Z	0.213	0.183	0.174	0.187
2019-11-05T23:37:21Z	0.213	0.183	0.174	0.187
2019-11-05T23:57:28Z	0.213	0.183	0.174	0.187
2019-11-06T00:17:35Z	0.214	0.183	0.174	0.187
2019-11-06T00:37:43Z	0.214	0.183	0.174	0.187
2019-11-06T00:57:50Z	0.214	0.183	0.174	0.187
2019-11-06T01:17:57Z	0.214	0.183	0.174	0.187
2019-11-06T01:38:04Z	0.214	0.183	0.174	0.187
2019-11-06T01:58:11Z	0.214	0.183	0.174	0.187
2019-11-06T02:18:18Z	0.214	0.183	0.174	0.187
2019-11-06T02:38:25Z	0.214	0.183	0.174	0.187
2019-11-06T02:58:32Z	0.214	0.183	0.174	0.187
2019-11-06T03:18:39Z	0.214	0.183	0.174	0.187
2019-11-06T03:38:46Z	0.214	0.183	0.174	0.187
2019-11-06T03:58:53Z	0.214	0.183	0.174	0.187
2019-11-06T04:19:00Z	0.214	0.183	0.174	0.187
2019-11-06T04:39:07Z	0.214	0.183	0.174	0.187
2019-11-06T04:59:14Z	0.214	0.183	0.174	0.187
2019-11-06T05:19:22Z	0.214	0.184	0.174	0.187
2019-11-06T05:39:29Z	0.215	0.184	0.174	0.187
2019-11-06T05:59:36Z	0.215	0.184	0.175	0.187
2019-11-06T06:19:43Z	0.215	0.184	0.175	0.187
2019-11-06T06:39:50Z	0.216	0.185	0.175	0.187
2019-11-06T06:59:57Z	0.216	0.185	0.175	0.187
2019-11-06T07:20:04Z	0.216	0.185	0.175	0.187
2019-11-06T07:40:11Z	0.216	0.185	0.175	0.187
2019-11-06T08:00:18Z	0.217	0.186	0.175	0.187
2019-11-06T08:20:25Z	0.217	0.186	0.175	0.187
2019-11-06T08:40:32Z	0.217	0.186	0.176	0.187
2019-11-06T09:00:39Z	0.218	0.186	0.176	0.187
2019-11-06T09:20:46Z	0.218	0.187	0.176	0.187
2019-11-06T09:40:53Z	0.218	0.187	0.176	0.187
2019-11-06T10:01:01Z	0.218	0.187	0.176	0.187
2019-11-06T10:21:08Z	0.218	0.187	0.176	0.188
2019-11-06T10:41:15Z	0.218	0.187	0.176	0.188
2019-11-06T11:01:22Z	0.218	0.187	0.176	0.188
2019-11-06T11:21:29Z	0.218	0.187	0.176	0.188
2019-11-06T11:41:36Z	0.218	0.187	0.176	0.188
2019-11-06T12:01:43Z	0.218	0.187	0.176	0.188
2019-11-06T12:21:50Z	0.218	0.187	0.176	0.188
2019-11-06T12:41:57Z	0.218	0.187	0.176	0.188
2019-11-06T13:02:04Z	0.218	0.187	0.176	0.188
2019-11-06T13:22:11Z	0.218	0.187	0.176	0.188
2019-11-06T13:42:18Z	0.218	0.187	0.176	0.188
2019-11-06T14:02:26Z	0.218	0.187	0.176	0.188
2019-11-06T14:22:33Z	0.218	0.187	0.176	0.188
2019-11-06T14:42:40Z	0.218	0.187	0.176	0.188
2019-11-06T15:02:47Z	0.218	0.187	0.176	0.188
2019-11-06T15:22:54Z	0.218	0.187	0.176	0.188
2019-11-06T15:43:01Z	0.218	0.187	0.176	0.188
2019-11-06T16:03:08Z	0.218	0.187	0.176	0.188
2019-11-06T16:23:15Z	0.218	0.187	0.176	0.188
2019-11-06T16:43:22Z	0.218	0.187	0.176	0.188
2019-11-06T17:03:29Z	0.218	0.187	0.176	0.188
2019-11-06T17:23:36Z	0.218	0.187	0.176	0.188
2019-11-06T17:43:43Z	0.218	0.187	0.176	0.189
2019-11-06T18:03:51Z	0.218	0.187	0.176	0.189
2019-11-06T18:23:58Z	0.218	0.187	0.176	0.189
2019-11-06T18:44:05Z	0.218	0.187	0.176	0.189
2019-11-06T19:04:12Z	0.218	0.187	0.176	0.189
2019-11-06T19:24:19Z	0.217	0.187	0.176	0.189
2019-11-06T19:44:26Z	0.217	0.187	0.176	0.189
2019-11-06T20:04:33Z	0.217	0.187	0.176	0.189
2019-11-06T20:24:40Z	0.217	0.187	0.176	0.189
2019-11-06T20:44:47Z	0.217	0.187	0.176	0.189
2019-11-06T21:04:54Z	0.217	0.187	0.176	0.189
2019-11-06T21:25:01Z	0.217	0.187	0.176	0.189
2019-11-06T21:45:08Z	0.217	0.187	0.176	0.189
2019-11-06T22:05:15Z	0.217	0.187	0.176	0.189
2019-11-06T22:25:22Z	0.217	0.186	0.176	0.189
2019-11-06T22:45:29Z	0.217	0.186	0.176	0.189
2019-11-06T23:05:36Z	0.217	0.186	0.176	0.189
2019-11-06T23:25:43Z	0.217	0.186	0.176	0.189
2019-11-06T23:45:51Z	0.217	0.186	0.176	0.189
2019-11-07T00:05:57Z	0.217	0.186	0.176	0.189
2019-11-07T00:26:04Z	0.217	0.186	0.176	0.189
2019-11-07T00:46:12Z	0.216	0.186	0.176	0.189
2019-11-07T01:06:19Z	0.216	0.186	0.176	0.189
2019-11-07T01:26:26Z	0.216	0.186	0.176	0.189
2019-11-07T01:46:33Z	0.216	0.186	0.176	0.189
2019-11-07T02:06:40Z	0.216	0.186	0.176	0.189
2019-11-07T02:26:47Z	0.216	0.186	0.176	0.189
2019-11-07T02:46:54Z	0.216	0.186	0.176	0.189
2019-11-07T03:07:01Z	0.216	0.186	0.176	0.189
2019-11-07T03:27:08Z	0.216	0.186	0.176	0.189
2019-11-07T03:47:15Z	0.216	0.186	0.176	0.189
2019-11-07T04:07:22Z	0.216	0.186	0.176	0.189
2019-11-07T04:27:29Z	0.216	0.186	0.176	0.189
2019-11-07T04:47:36Z	0.216	0.186	0.176	0.189
2019-11-07T05:07:43Z	0.216	0.186	0.176	0.189
2019-11-07T05:27:50Z	0.216	0.186	0.176	0.189
2019-11-07T05:47:57Z	0.216	0.185	0.176	0.189
2019-11-07T06:08:04Z	0.216	0.186	0.176	0.189
2019-11-07T06:28:11Z	0.215	0.185	0.176	0.189
2019-11-07T06:48:18Z	0.215	0.185	0.176	0.189
2019-11-07T07:08:26Z	0.215	0.185	0.176	0.189
2019-11-07T07:28:33Z	0.215	0.185	0.176	0.189
2019-11-07T07:48:40Z	0.215	0.185	0.176	0.189
2019-11-07T08:08:47Z	0.215	0.185	0.176	0.189
2019-11-07T08:28:54Z	0.215	0.185	0.176	0.189
2019-11-07T08:49:01Z	0.214	0.185	0.176	0.188
2019-11-07T09:09:08Z	0.214	0.185	0.176	0.189
2019-11-07T09:29:15Z	0.214	0.185	0.176	0.188
2019-11-07T09:49:22Z	0.214	0.185	0.176	0.188
2019-11-07T10:09:29Z	0.215	0.185	0.176	0.188
2019-11-07T10:29:36Z	0.214	0.185	0.175	0.188
2019-11-07T10:49:43Z	0.215	0.185	0.175	0.188
2019-11-07T11:09:50Z	0.214	0.185	0.175	0.188
2019-11-07T11:29:58Z	0.214	0.184	0.175	0.188
2019-11-07T11:50:05Z	0.214	0.184	0.175	0.188
2019-11-07T12:10:12Z	0.214	0.184	0.175	0.188
2019-11-07T12:30:19Z	0.214	0.184	0.175	0.188
2019-11-07T12:50:26Z	0.214	0.184	0.175	0.188
2019-11-07T13:10:33Z	0.214	0.184	0.175	0.188
2019-11-07T13:30:40Z	0.214	0.184	0.175	0.188
2019-11-07T13:50:47Z	0.214	0.184	0.175	0.188
2019-11-07T14:10:55Z	0.214	0.184	0.175	0.188
2019-11-07T14:31:02Z	0.214	0.184	0.175	0.188
2019-11-07T14:51:09Z	0.214	0.184	0.175	0.188
2019-11-07T15:11:16Z	0.214	0.184	0.175	0.188
2019-11-07T15:31:23Z	0.214	0.184	0.175	0.189
2019-11-07T15:51:30Z	0.214	0.184	0.175	0.189
2019-11-07T16:11:37Z	0.214	0.184	0.175	0.188
2019-11-07T16:31:44Z	0.214	0.184	0.175	0.188
2019-11-07T16:51:51Z	0.214	0.184	0.175	0.188
2019-11-07T17:11:58Z	0.214	0.184	0.175	0.188
2019-11-07T17:32:06Z	0.214	0.184	0.175	0.188
2019-11-07T17:52:13Z	0.214	0.184	0.175	0.188
2019-11-07T18:12:20Z	0.214	0.184	0.175	0.188
2019-11-07T18:32:27Z	0.214	0.184	0.175	0.188
2019-11-07T18:52:34Z	0.214	0.184	0.175	0.188
2019-11-07T19:12:41Z	0.214	0.184	0.175	0.188
2019-11-07T19:32:48Z	0.214	0.184	0.175	0.188
2019-11-07T19:52:55Z	0.214	0.184	0.175	0.188
2019-11-07T20:13:02Z	0.214	0.184	0.175	0.188
2019-11-07T20:33:09Z	0.214	0.183	0.175	0.188
2019-11-07T20:53:16Z	0.214	0.183	0.175	0.188
2019-11-07T21:13:23Z	0.214	0.183	0.175	0.188
2019-11-07T21:33:30Z	0.214	0.183	0.175	0.188
2019-11-07T21:53:37Z	0.214	0.183	0.175	0.188
2019-11-07T22:13:44Z	0.214	0.183	0.175	0.188
2019-11-07T22:33:52Z	0.214	0.183	0.175	0.188
2019-11-07T22:53:59Z	0.213	0.183	0.175	0.188
2019-11-07T23:14:06Z	0.214	0.183	0.175	0.188
2019-11-07T23:34:13Z	0.214	0.183	0.175	0.188
2019-11-07T23:54:20Z	0.214	0.183	0.175	0.188
2019-11-08T00:14:27Z	0.213	0.183	0.175	0.188
2019-11-08T00:34:34Z	0.213	0.183	0.175	0.188
2019-11-08T00:54:41Z	0.213	0.183	0.175	0.188
2019-11-08T01:14:48Z	0.213	0.183	0.175	0.188
2019-11-08T01:34:55Z	0.213	0.183	0.175	0.188
2019-11-08T01:55:02Z	0.213	0.183	0.175	0.188
2019-11-08T02:15:09Z	0.213	0.183	0.175	0.188
2019-11-08T02:35:16Z	0.213	0.183	0.175	0.188
2019-11-08T02:55:23Z	0.213	0.183	0.175	0.188
2019-11-08T03:15:30Z	0.213	0.183	0.175	0.188
2019-11-08T03:35:37Z	0.213	0.183	0.175	0.188
2019-11-08T03:55:44Z	0.213	0.183	0.175	0.188
2019-11-08T04:15:51Z	0.213	0.183	0.175	0.188
2019-11-08T04:35:58Z	0.213	0.183	0.175	0.188
2019-11-08T04:56:05Z	0.213	0.183	0.175	0.188
2019-11-08T05:16:13Z	0.213	0.183	0.175	0.188
2019-11-08T05:36:20Z	0.213	0.183	0.175	0.188
2019-11-08T05:56:27Z	0.213	0.183	0.175	0.188
2019-11-08T06:16:34Z	0.213	0.183	0.175	0.188
2019-11-08T06:36:40Z	0.213	0.183	0.175	0.188
2019-11-08T06:56:47Z	0.213	0.183	0.175	0.188
2019-11-08T07:16:54Z	0.213	0.183	0.175	0.188
2019-11-08T07:37:01Z	0.213	0.183	0.174	0.188
2019-11-08T07:57:08Z	0.213	0.183	0.174	0.188
2019-11-08T08:17:16Z	0.213	0.183	0.174	0.188
2019-11-08T08:37:23Z	0.213	0.183	0.174	0.188
2019-11-08T08:57:30Z	0.213	0.183	0.174	0.188
2019-11-08T09:17:37Z	0.213	0.183	0.174	0.188
2019-11-08T09:37:44Z	0.213	0.183	0.174	0.188
2019-11-08T09:57:51Z	0.212	0.182	0.174	0.188
2019-11-08T10:17:58Z	0.212	0.182	0.174	0.188
2019-11-08T10:38:05Z	0.212	0.182	0.174	0.188
2019-11-08T10:58:12Z	0.212	0.182	0.174	0.188
2019-11-08T11:18:19Z	0.212	0.182	0.174	0.188
2019-11-08T11:38:26Z	0.212	0.182	0.174	0.188
2019-11-08T11:58:33Z	0.212	0.182	0.174	0.188
2019-11-08T12:18:41Z	0.212	0.182	0.174	0.188
2019-11-08T12:38:48Z	0.212	0.182	0.174	0.188
2019-11-08T12:58:55Z	0.212	0.182	0.174	0.188
2019-11-08T13:19:02Z	0.212	0.182	0.174	0.188
2019-11-08T13:39:09Z	0.212	0.182	0.174	0.188
2019-11-08T13:59:16Z	0.212	0.182	0.174	0.188
2019-11-08T14:19:23Z	0.212	0.182	0.174	0.188
2019-11-08T14:39:30Z	0.212	0.182	0.174	0.188
2019-11-08T14:59:37Z	0.212	0.182	0.174	0.188
2019-11-08T15:19:44Z	0.212	0.182	0.174	0.188
2019-11-08T15:39:51Z	0.212	0.182	0.174	0.188
2019-11-08T15:59:59Z	0.212	0.182	0.174	0.188
2019-11-08T16:20:06Z	0.212	0.182	0.174	0.188
2019-11-08T16:40:13Z	0.212	0.182	0.174	0.188
2019-11-08T17:00:20Z	0.212	0.182	0.174	0.188
2019-11-08T17:20:27Z	0.212	0.182	0.174	0.188
2019-11-08T17:40:34Z	0.212	0.182	0.174	0.188
2019-11-08T18:00:41Z	0.212	0.182	0.174	0.188
2019-11-08T18:20:48Z	0.212	0.182	0.174	0.188
2019-11-08T18:40:55Z	0.212	0.182	0.174	0.188
2019-11-08T19:01:02Z	0.212	0.182	0.174	0.188
2019-11-08T19:21:09Z	0.212	0.182	0.174	0.188
2019-11-08T19:41:16Z	0.212	0.182	0.174	0.188
2019-11-08T20:01:23Z	0.212	0.182	0.174	0.188
2019-11-08T20:21:31Z	0.213	0.183	0.174	0.188
2019-11-08T20:41:38Z	0.214	0.183	0.174	0.188
2019-11-08T21:01:45Z	0.214	0.183	0.174	0.188
2019-11-08T21:21:52Z	0.214	0.183	0.174	0.188
2019-11-08T21:41:59Z	0.214	0.183	0.174	0.188
2019-11-08T22:02:06Z	0.214	0.183	0.174	0.188
2019-11-08T22:22:13Z	0.214	0.184	0.174	0.188
2019-11-08T22:42:20Z	0.214	0.184	0.174	0.188
2019-11-08T23:02:27Z	0.214	0.184	0.175	0.188
2019-11-08T23:22:34Z	0.215	0.184	0.175	0.188
2019-11-08T23:42:41Z	0.216	0.184	0.175	0.188
2019-11-09T00:02:48Z	0.216	0.185	0.175	0.188
2019-11-09T00:22:55Z	0.216	0.185	0.175	0.188
2019-11-09T00:43:02Z	0.216	0.185	0.175	0.188
2019-11-09T01:03:09Z	0.216	0.185	0.175	0.188
2019-11-09T01:23:16Z	0.216	0.185	0.175	0.188
2019-11-09T01:43:23Z	0.216	0.185	0.175	0.188
2019-11-09T02:03:30Z	0.216	0.185	0.175	0.188
2019-11-09T02:23:37Z	0.216	0.185	0.175	0.188
2019-11-09T02:43:44Z	0.216	0.185	0.175	0.188
2019-11-09T03:03:51Z	0.216	0.185	0.176	0.188
2019-11-09T03:23:59Z	0.216	0.185	0.175	0.189
2019-11-09T03:44:06Z	0.216	0.185	0.175	0.189
2019-11-09T04:04:13Z	0.216	0.185	0.176	0.189
2019-11-09T04:24:20Z	0.216	0.185	0.176	0.189
2019-11-09T04:44:27Z	0.216	0.185	0.176	0.189
2019-11-09T05:04:34Z	0.216	0.185	0.176	0.189
2019-11-09T05:24:41Z	0.216	0.185	0.176	0.189
2019-11-09T05:44:48Z	0.216	0.185	0.176	0.189
2019-11-09T06:04:55Z	0.216	0.185	0.176	0.189
2019-11-09T06:25:02Z	0.216	0.185	0.176	0.189
2019-11-09T06:45:09Z	0.216	0.185	0.176	0.189
2019-11-09T07:05:16Z	0.216	0.185	0.176	0.189
2019-11-09T07:25:23Z	0.216	0.185	0.176	0.189
2019-11-09T07:45:30Z	0.216	0.185	0.176	0.189
2019-11-09T08:05:37Z	0.216	0.185	0.176	0.189
2019-11-09T08:25:44Z	0.216	0.186	0.176	0.189
2019-11-09T08:45:51Z	0.216	0.186	0.176	0.189
2019-11-09T09:05:58Z	0.216	0.186	0.176	0.189
2019-11-09T09:26:05Z	0.216	0.186	0.176	0.189
2019-11-09T09:46:13Z	0.216	0.186	0.176	0.189
2019-11-09T10:06:20Z	0.216	0.186	0.176	0.189
2019-11-09T10:26:27Z	0.216	0.186	0.176	0.189
2019-11-09T10:46:34Z	0.216	0.186	0.176	0.189
2019-11-09T11:06:41Z	0.216	0.186	0.176	0.189
2019-11-09T11:26:48Z	0.216	0.186	0.176	0.189
2019-11-09T11:46:55Z	0.216	0.186	0.176	0.189
2019-11-09T12:07:02Z	0.216	0.186	0.176	0.189
2019-11-09T12:27:09Z	0.216	0.186	0.176	0.189
2019-11-09T12:47:16Z	0.216	0.186	0.176	0.189
2019-11-09T13:07:23Z	0.216	0.186	0.176	0.189
2019-11-09T13:27:30Z	0.216	0.186	0.176	0.189
2019-11-09T13:47:37Z	0.218	0.186	0.176	0.189
2019-11-09T14:07:44Z	0.218	0.186	0.176	0.189
2019-11-09T14:27:51Z	0.218	0.187	0.176	0.189
2019-11-09T14:47:59Z	0.218	0.187	0.176	0.189
2019-11-09T15:08:06Z	0.218	0.187	0.176	0.189
2019-11-09T15:28:13Z	0.218	0.187	0.176	0.189
2019-11-09T15:48:20Z	0.218	0.187	0.176	0.189
2019-11-09T16:08:27Z	0.218	0.187	0.177	0.189
2019-11-09T16:28:34Z	0.218	0.187	0.176	0.189
2019-11-09T16:48:41Z	0.218	0.187	0.177	0.189
2019-11-09T17:08:48Z	0.218	0.187	0.177	0.189
2019-11-09T17:28:55Z	0.218	0.187	0.177	0.189
2019-11-09T17:49:02Z	0.218	0.187	0.177	0.189
2019-11-09T18:09:09Z	0.218	0.187	0.177	0.19
2019-11-09T18:29:16Z	0.218	0.187	0.177	0.19
2019-11-09T18:49:23Z	0.218	0.187	0.177	0.19
2019-11-09T19:09:30Z	0.218	0.187	0.177	0.19
2019-11-09T19:29:37Z	0.218	0.187	0.177	0.19
2019-11-09T19:49:44Z	0.218	0.187	0.177	0.19
2019-11-09T20:09:51Z	0.218	0.187	0.177	0.19
2019-11-09T20:29:58Z	0.218	0.187	0.177	0.19
2019-11-09T20:50:05Z	0.217	0.187	0.177	0.19
2019-11-09T21:10:12Z	0.217	0.187	0.177	0.19
2019-11-09T21:30:19Z	0.217	0.187	0.177	0.19
2019-11-09T21:50:26Z	0.217	0.187	0.177	0.19
2019-11-09T22:10:33Z	0.217	0.187	0.177	0.19
2019-11-09T22:30:40Z	0.217	0.187	0.177	0.19
2019-11-09T22:50:47Z	0.217	0.187	0.176	0.189
2019-11-09T23:10:54Z	0.217	0.187	0.177	0.19
2019-11-09T23:31:01Z	0.217	0.186	0.176	0.19
2019-11-09T23:51:08Z	0.217	0.186	0.176	0.19
2019-11-10T00:11:15Z	0.217	0.186	0.176	0.19
2019-11-10T00:31:22Z	0.217	0.186	0.176	0.189
2019-11-10T00:51:29Z	0.217	0.186	0.176	0.19
2019-11-10T01:11:36Z	0.217	0.186	0.176	0.19
2019-11-10T01:31:43Z	0.217	0.186	0.176	0.189
2019-11-10T01:51:50Z	0.217	0.186	0.176	0.19
2019-11-10T02:11:57Z	0.217	0.186	0.176	0.19
2019-11-10T02:32:04Z	0.217	0.186	0.176	0.189
2019-11-10T02:52:11Z	0.217	0.186	0.176	0.19
2019-11-10T03:12:18Z	0.216	0.186	0.176	0.19
2019-11-10T03:32:25Z	0.216	0.186	0.176	0.19
2019-11-10T03:52:32Z	0.216	0.186	0.176	0.19
2019-11-10T04:12:39Z	0.216	0.186	0.176	0.19
2019-11-10T04:32:46Z	0.216	0.186	0.176	0.19
2019-11-10T04:52:53Z	0.216	0.186	0.176	0.19
2019-11-10T05:13:00Z	0.216	0.186	0.176	0.19
2019-11-10T05:33:07Z	0.216	0.186	0.176	0.19
2019-11-10T05:53:14Z	0.216	0.186	0.176	0.19
2019-11-10T06:13:21Z	0.216	0.186	0.176	0.19
2019-11-10T06:33:28Z	0.216	0.186	0.176	0.19
2019-11-10T06:53:35Z	0.216	0.186	0.176	0.19
2019-11-10T07:13:42Z	0.216	0.186	0.176	0.19
2019-11-10T07:33:49Z	0.216	0.186	0.176	0.189
2019-11-10T07:53:56Z	0.216	0.186	0.176	0.19
2019-11-10T08:14:03Z	0.216	0.186	0.176	0.189
2019-11-10T08:34:10Z	0.216	0.186	0.176	0.189
2019-11-10T08:54:17Z	0.216	0.186	0.176	0.189
2019-11-10T09:14:24Z	0.215	0.185	0.176	0.189
2019-11-10T09:34:31Z	0.215	0.185	0.176	0.189
2019-11-10T09:54:38Z	0.215	0.185	0.176	0.189
2019-11-10T10:14:45Z	0.215	0.185	0.176	0.189
2019-11-10T10:34:53Z	0.214	0.185	0.175	0.189
2019-11-10T10:55:00Z	0.214	0.185	0.175	0.189
2019-11-10T11:15:07Z	0.214	0.185	0.175	0.189
2019-11-10T11:35:14Z	0.214	0.185	0.175	0.189
2019-11-10T11:55:21Z	0.214	0.184	0.175	0.189
2019-11-10T12:15:28Z	0.214	0.184	0.175	0.189
2019-11-10T12:35:35Z	0.214	0.184	0.175	0.189
2019-11-10T12:55:43Z	0.214	0.184	0.175	0.189
2019-11-10T13:15:50Z	0.214	0.185	0.175	0.189
2019-11-10T13:35:57Z	0.214	0.184	0.175	0.189
2019-11-10T13:56:04Z	0.214	0.184	0.175	0.189
2019-11-10T14:16:11Z	0.214	0.185	0.176	0.189
2019-11-10T14:36:18Z	0.214	0.185	0.176	0.189
2019-11-10T14:56:25Z	0.214	0.185	0.176	0.189
2019-11-10T15:16:32Z	0.214	0.185	0.176	0.189
2019-11-10T15:36:40Z	0.214	0.185	0.176	0.189
2019-11-10T15:56:47Z	0.214	0.185	0.176	0.189
2019-11-10T16:16:54Z	0.214	0.185	0.176	0.189
2019-11-10T16:37:01Z	0.214	0.185	0.176	0.189
2019-11-10T16:57:08Z	0.214	0.185	0.176	0.189
2019-11-10T17:17:15Z	0.214	0.185	0.176	0.189
2019-11-10T17:37:22Z	0.214	0.185	0.176	0.189
2019-11-10T17:57:29Z	0.214	0.185	0.176	0.189
2019-11-10T18:17:36Z	0.214	0.185	0.176	0.189
2019-11-10T18:37:43Z	0.214	0.185	0.176	0.189
2019-11-10T18:57:50Z	0.214	0.185	0.176	0.189
2019-11-10T19:17:57Z	0.214	0.185	0.176	0.189
2019-11-10T19:38:04Z	0.214	0.185	0.176	0.189
2019-11-10T19:58:11Z	0.214	0.185	0.176	0.189
2019-11-10T20:18:18Z	0.214	0.185	0.176	0.189
2019-11-10T20:38:25Z	0.214	0.185	0.176	0.189
2019-11-10T20:58:32Z	0.214	0.185	0.176	0.189
2019-11-10T21:18:39Z	0.214	0.184	0.176	0.189
2019-11-10T21:38:46Z	0.214	0.184	0.176	0.189
2019-11-10T21:58:52Z	0.214	0.184	0.176	0.189
2019-11-10T22:18:59Z	0.214	0.184	0.176	0.189
2019-11-10T22:39:06Z	0.214	0.184	0.176	0.189
2019-11-10T22:59:13Z	0.214	0.184	0.176	0.189
2019-11-10T23:19:20Z	0.214	0.184	0.176	0.189
2019-11-10T23:39:27Z	0.214	0.184	0.176	0.189
2019-11-10T23:59:34Z	0.214	0.184	0.176	0.189
2019-11-11T00:19:41Z	0.214	0.184	0.176	0.189
2019-11-11T00:39:48Z	0.214	0.184	0.176	0.189
2019-11-11T00:59:55Z	0.214	0.184	0.176	0.189
2019-11-11T01:20:02Z	0.214	0.184	0.176	0.189
2019-11-11T01:40:09Z	0.214	0.184	0.176	0.189
2019-11-11T02:00:16Z	0.214	0.184	0.176	0.189
2019-11-11T02:20:23Z	0.214	0.184	0.176	0.189
2019-11-11T02:40:30Z	0.214	0.184	0.176	0.189
2019-11-11T03:00:37Z	0.214	0.184	0.176	0.189
2019-11-11T03:20:44Z	0.214	0.184	0.175	0.189
2019-11-11T03:40:51Z	0.214	0.184	0.176	0.189
2019-11-11T04:00:58Z	0.214	0.184	0.175	0.189
2019-11-11T04:21:05Z	0.214	0.184	0.175	0.189
2019-11-11T04:41:12Z	0.214	0.184	0.175	0.189
2019-11-11T05:01:19Z	0.214	0.184	0.175	0.189
2019-11-11T05:21:26Z	0.214	0.184	0.175	0.189
2019-11-11T05:41:33Z	0.214	0.184	0.175	0.189
2019-11-11T06:01:40Z	0.214	0.184	0.175	0.189
2019-11-11T06:21:47Z	0.214	0.184	0.175	0.189
2019-11-11T06:41:54Z	0.214	0.184	0.175	0.189
2019-11-11T07:02:01Z	0.214	0.184	0.175	0.189
2019-11-11T07:22:08Z	0.214	0.184	0.175	0.189
2019-11-11T07:42:15Z	0.214	0.184	0.175	0.189
2019-11-11T08:02:22Z	0.214	0.184	0.175	0.189
2019-11-11T08:22:29Z	0.214	0.184	0.175	0.189
2019-11-11T08:42:36Z	0.214	0.184	0.175	0.189
2019-11-11T09:02:43Z	0.214	0.184	0.175	0.189
2019-11-11T09:22:50Z	0.214	0.184	0.175	0.189
2019-11-11T09:42:57Z	0.214	0.183	0.175	0.189
2019-11-11T10:03:04Z	0.213	0.183	0.175	0.189
2019-11-11T10:23:11Z	0.213	0.183	0.175	0.189
2019-11-11T10:43:18Z	0.213	0.183	0.175	0.189
2019-11-11T11:03:25Z	0.213	0.183	0.175	0.189
2019-11-11T11:23:32Z	0.213	0.183	0.175	0.189
2019-11-11T11:43:39Z	0.213	0.183	0.175	0.188
2019-11-11T12:03:46Z	0.213	0.183	0.175	0.188
2019-11-11T12:23:53Z	0.213	0.183	0.174	0.188
2019-11-11T12:44:00Z	0.213	0.183	0.175	0.188
2019-11-11T13:04:07Z	0.213	0.183	0.174	0.188
2019-11-11T13:24:15Z	0.213	0.183	0.174	0.188
2019-11-11T13:44:22Z	0.213	0.183	0.174	0.188
2019-11-11T14:04:29Z	0.213	0.183	0.174	0.188
2019-11-11T14:24:36Z	0.213	0.183	0.175	0.188
2019-11-11T14:44:43Z	0.213	0.183	0.175	0.188
2019-11-11T15:04:50Z	0.213	0.183	0.175	0.189
2019-11-11T15:24:57Z	0.213	0.183	0.175	0.189
2019-11-11T15:45:04Z	0.213	0.183	0.175	0.189
2019-11-11T16:05:11Z	0.213	0.183	0.175	0.189
2019-11-11T16:25:18Z	0.213	0.183	0.175	0.189
2019-11-11T16:45:25Z	0.213	0.183	0.175	0.189
2019-11-11T17:05:32Z	0.213	0.183	0.175	0.189
2019-11-11T17:25:39Z	0.213	0.183	0.175	0.189
2019-11-11T17:45:46Z	0.213	0.183	0.175	0.189
2019-11-11T18:05:53Z	0.213	0.183	0.175	0.189
2019-11-11T18:26:00Z	0.213	0.183	0.175	0.189
2019-11-11T18:46:07Z	0.213	0.183	0.175	0.189
2019-11-11T19:06:14Z	0.213	0.183	0.175	0.189
2019-11-11T19:26:21Z	0.213	0.183	0.175	0.189
2019-11-11T19:46:28Z	0.213	0.183	0.175	0.189
2019-11-11T20:06:35Z	0.213	0.183	0.175	0.189
2019-11-11T20:26:42Z	0.213	0.183	0.175	0.189
2019-11-11T20:46:49Z	0.213	0.183	0.175	0.189
2019-11-11T21:06:56Z	0.213	0.183	0.175	0.189
2019-11-11T21:27:03Z	0.213	0.183	0.175	0.189
2019-11-11T21:47:10Z	0.213	0.183	0.175	0.189
2019-11-11T22:07:17Z	0.213	0.183	0.175	0.189
2019-11-11T22:27:24Z	0.213	0.183	0.175	0.189
2019-11-11T22:47:31Z	0.213	0.183	0.175	0.189
2019-11-11T23:07:38Z	0.213	0.183	0.175	0.189
2019-11-11T23:27:45Z	0.213	0.183	0.175	0.189
2019-11-11T23:47:52Z	0.213	0.183	0.175	0.189
2019-11-12T00:07:59Z	0.213	0.183	0.175	0.189
2019-11-12T00:28:06Z	0.213	0.183	0.174	0.189
2019-11-12T00:48:13Z	0.213	0.183	0.175	0.189
2019-11-12T01:08:20Z	0.213	0.183	0.175	0.189
2019-11-12T01:28:27Z	0.213	0.183	0.175	0.189
2019-11-12T01:48:34Z	0.212	0.183	0.174	0.189
2019-11-12T02:08:41Z	0.212	0.183	0.174	0.188
2019-11-12T02:28:48Z	0.213	0.183	0.175	0.189
2019-11-12T02:48:55Z	0.212	0.183	0.174	0.188
2019-11-12T03:09:02Z	0.212	0.183	0.174	0.188
2019-11-12T03:29:09Z	0.212	0.183	0.174	0.188
2019-11-12T03:49:16Z	0.212	0.183	0.174	0.188
2019-11-12T04:09:23Z	0.212	0.183	0.174	0.188
2019-11-12T04:29:30Z	0.212	0.183	0.174	0.188
2019-11-12T04:49:37Z	0.212	0.183	0.174	0.188
2019-11-12T05:09:44Z	0.212	0.183	0.174	0.188
2019-11-12T05:29:51Z	0.212	0.183	0.174	0.188
2019-11-12T05:49:58Z	0.212	0.183	0.174	0.188
2019-11-12T06:10:05Z	0.212	0.182	0.174	0.188
2019-11-12T06:30:12Z	0.212	0.182	0.174	0.188
2019-11-12T06:50:19Z	0.212	0.182	0.174	0.188
2019-11-12T07:10:26Z	0.212	0.183	0.175	0.189
2019-11-12T07:30:33Z	0.212	0.182	0.174	0.188
2019-11-12T07:50:40Z	0.212	0.182	0.174	0.188
2019-11-12T08:10:47Z	0.212	0.182	0.174	0.188
2019-11-12T08:30:54Z	0.212	0.182	0.174	0.188
2019-11-12T08:51:01Z	0.212	0.182	0.174	0.188
2019-11-12T09:11:08Z	0.212	0.182	0.174	0.188
2019-11-12T09:31:15Z	0.212	0.182	0.174	0.188
2019-11-12T09:51:22Z	0.212	0.182	0.174	0.188
2019-11-12T10:11:29Z	0.212	0.182	0.174	0.188
2019-11-12T10:31:36Z	0.211	0.182	0.174	0.188
2019-11-12T10:51:43Z	0.211	0.182	0.174	0.188
2019-11-12T11:11:50Z	0.211	0.182	0.174	0.188
2019-11-12T11:31:57Z	0.211	0.182	0.174	0.188
2019-11-12T11:52:05Z	0.211	0.182	0.174	0.188
2019-11-12T12:12:12Z	0.211	0.182	0.174	0.188
2019-11-12T12:32:19Z	0.211	0.181	0.174	0.188
2019-11-12T12:52:26Z	0.211	0.181	0.174	0.188
2019-11-12T13:12:33Z	0.211	0.181	0.174	0.188
2019-11-12T13:32:40Z	0.211	0.181	0.174	0.188
2019-11-12T13:52:47Z	0.211	0.181	0.174	0.188
2019-11-12T14:12:54Z	0.211	0.181	0.174	0.188
2019-11-12T14:33:01Z	0.211	0.181	0.174	0.188
2019-11-12T14:53:08Z	0.211	0.181	0.174	0.188
2019-11-12T15:13:15Z	0.211	0.181	0.174	0.188
2019-11-12T15:33:22Z	0.211	0.181	0.174	0.188
2019-11-12T15:53:29Z	0.211	0.181	0.174	0.188
2019-11-12T16:13:36Z	0.211	0.181	0.174	0.188
2019-11-12T16:33:43Z	0.211	0.181	0.174	0.188
2019-11-12T16:53:51Z	0.211	0.181	0.174	0.188
2019-11-12T17:13:58Z	0.211	0.181	0.174	0.188
2019-11-12T17:34:05Z	0.211	0.181	0.174	0.188
2019-11-12T17:54:12Z	0.211	0.181	0.174	0.188
2019-11-12T18:14:19Z	0.211	0.181	0.174	0.188
2019-11-12T18:34:26Z	0.211	0.181	0.174	0.188
2019-11-12T18:54:33Z	0.211	0.181	0.174	0.188
2019-11-12T19:14:40Z	0.211	0.181	0.174	0.188
2019-11-12T19:34:47Z	0.211	0.181	0.174	0.188
2019-11-12T19:54:54Z	0.211	0.181	0.174	0.188
2019-11-12T20:15:01Z	0.211	0.181	0.174	0.188
2019-11-12T20:35:08Z	0.211	0.181	0.174	0.188
2019-11-12T20:55:15Z	0.211	0.181	0.174	0.188
2019-11-12T21:15:22Z	0.211	0.181	0.174	0.188
2019-11-12T21:35:29Z	0.211	0.181	0.174	0.188
2019-11-12T21:55:36Z	0.211	0.181	0.174	0.188
2019-11-12T22:15:43Z	0.211	0.181	0.174	0.188
2019-11-12T22:35:50Z	0.211	0.181	0.174	0.188
2019-11-12T22:55:57Z	0.211	0.181	0.174	0.188
2019-11-12T23:16:04Z	0.211	0.181	0.174	0.188
2019-11-12T23:36:11Z	0.211	0.181	0.174	0.188
2019-11-12T23:56:18Z	0.211	0.181	0.174	0.188
2019-11-13T00:16:25Z	0.211	0.181	0.174	0.188
2019-11-13T00:36:32Z	0.211	0.181	0.174	0.188
2019-11-13T00:56:39Z	0.211	0.181	0.174	0.188
2019-11-13T01:16:46Z	0.211	0.181	0.174	0.188
2019-11-13T01:36:53Z	0.211	0.181	0.174	0.188
2019-11-13T01:57:00Z	0.21	0.181	0.174	0.188
2019-11-13T02:17:07Z	0.21	0.181	0.174	0.188
2019-11-13T02:37:14Z	0.211	0.181	0.174	0.188
2019-11-13T02:57:21Z	0.21	0.181	0.174	0.188
2019-11-13T03:17:28Z	0.21	0.181	0.173	0.188
2019-11-13T03:37:35Z	0.21	0.181	0.174	0.188
2019-11-13T03:57:42Z	0.21	0.181	0.174	0.188
2019-11-13T04:17:49Z	0.21	0.181	0.174	0.188
2019-11-13T04:37:56Z	0.21	0.181	0.174	0.188
2019-11-13T04:58:03Z	0.21	0.181	0.174	0.188
2019-11-13T05:18:10Z	0.21	0.181	0.174	0.188
2019-11-13T05:38:17Z	0.21	0.181	0.174	0.188
2019-11-13T05:58:24Z	0.21	0.181	0.174	0.188
2019-11-13T06:18:31Z	0.21	0.181	0.174	0.188
2019-11-13T06:38:38Z	0.21	0.181	0.173	0.188
2019-11-13T06:58:45Z	0.21	0.181	0.174	0.188
2019-11-13T07:18:52Z	0.21	0.181	0.173	0.188
2019-11-13T07:38:59Z	0.21	0.181	0.173	0.188
2019-11-13T07:59:06Z	0.21	0.181	0.173	0.188
2019-11-13T08:19:13Z	0.21	0.181	0.173	0.188
2019-11-13T08:39:21Z	0.21	0.181	0.173	0.188
2019-11-13T08:59:28Z	0.21	0.181	0.173	0.188
2019-11-13T09:19:35Z	0.21	0.181	0.173	0.188
2019-11-13T09:39:42Z	0.21	0.181	0.173	0.188
2019-11-13T09:59:49Z	0.21	0.181	0.173	0.188
2019-11-13T10:19:56Z	0.21	0.181	0.173	0.188
2019-11-13T10:40:03Z	0.21	0.181	0.173	0.188
2019-11-13T11:00:10Z	0.21	0.181	0.173	0.188
2019-11-13T11:20:17Z	0.21	0.181	0.173	0.188
2019-11-13T11:40:24Z	0.21	0.181	0.173	0.188
2019-11-13T12:00:31Z	0.21	0.18	0.173	0.188
2019-11-13T12:20:38Z	0.21	0.18	0.173	0.188
2019-11-13T12:40:45Z	0.209	0.18	0.173	0.187
2019-11-13T13:00:52Z	0.209	0.18	0.173	0.187
2019-11-13T13:20:59Z	0.209	0.18	0.173	0.188
2019-11-13T13:41:06Z	0.209	0.18	0.173	0.188
2019-11-13T14:01:13Z	0.21	0.18	0.173	0.188
2019-11-13T14:21:20Z	0.209	0.18	0.173	0.188
2019-11-13T14:41:28Z	0.209	0.18	0.173	0.188
2019-11-13T15:01:35Z	0.209	0.18	0.173	0.188
2019-11-13T15:21:42Z	0.209	0.18	0.173	0.188
2019-11-13T15:41:49Z	0.21	0.181	0.173	0.188
2019-11-13T16:01:56Z	0.209	0.181	0.173	0.188
2019-11-13T16:22:03Z	0.21	0.181	0.173	0.188
2019-11-13T16:42:10Z	0.21	0.18	0.173	0.188
2019-11-13T17:02:17Z	0.21	0.18	0.173	0.188
2019-11-13T17:22:24Z	0.21	0.18	0.173	0.188
2019-11-13T17:42:31Z	0.21	0.18	0.173	0.188
2019-11-13T18:02:38Z	0.21	0.18	0.173	0.188
2019-11-13T18:22:45Z	0.21	0.181	0.173	0.188
2019-11-13T18:42:52Z	0.21	0.181	0.173	0.188
2019-11-13T19:02:59Z	0.21	0.181	0.173	0.188
2019-11-13T19:23:06Z	0.21	0.18	0.173	0.188
2019-11-13T19:43:13Z	0.21	0.181	0.173	0.188
2019-11-13T20:03:20Z	0.21	0.181	0.173	0.188
2019-11-13T20:23:27Z	0.21	0.18	0.173	0.188
2019-11-13T20:43:34Z	0.209	0.18	0.173	0.188
2019-11-13T21:03:41Z	0.209	0.18	0.173	0.187
2019-11-13T21:23:48Z	0.209	0.18	0.173	0.187
2019-11-13T21:43:55Z	0.209	0.18	0.173	0.187
2019-11-13T22:04:02Z	0.209	0.18	0.173	0.187
2019-11-13T22:24:09Z	0.209	0.18	0.173	0.187
2019-11-13T22:44:16Z	0.209	0.18	0.173	0.187
2019-11-13T23:04:23Z	0.209	0.18	0.173	0.187
2019-11-13T23:24:30Z	0.209	0.18	0.173	0.187
2019-11-13T23:44:37Z	0.209	0.18	0.173	0.187
2019-11-14T00:04:44Z	0.209	0.18	0.173	0.187
2019-11-14T00:24:51Z	0.209	0.18	0.173	0.187
2019-11-14T00:44:58Z	0.209	0.18	0.173	0.187
2019-11-14T01:05:05Z	0.209	0.18	0.173	0.187
2019-11-14T01:25:12Z	0.209	0.18	0.173	0.187
2019-11-14T01:45:19Z	0.209	0.18	0.173	0.187
2019-11-14T02:05:26Z	0.209	0.18	0.173	0.187
2019-11-14T02:25:33Z	0.209	0.18	0.173	0.187
2019-11-14T02:45:40Z	0.209	0.18	0.173	0.187
2019-11-14T03:05:47Z	0.209	0.18	0.173	0.187
2019-11-14T03:25:54Z	0.209	0.18	0.173	0.187
2019-11-14T03:46:01Z	0.209	0.18	0.173	0.187
2019-11-14T04:06:08Z	0.209	0.18	0.173	0.187
2019-11-14T04:26:15Z	0.209	0.18	0.173	0.187
2019-11-14T04:46:22Z	0.209	0.18	0.173	0.187
2019-11-14T05:06:29Z	0.209	0.18	0.173	0.187
2019-11-14T05:26:36Z	0.209	0.18	0.173	0.187
2019-11-14T05:46:43Z	0.209	0.18	0.173	0.187
2019-11-14T06:06:50Z	0.209	0.18	0.173	0.187
2019-11-14T06:26:57Z	0.209	0.18	0.173	0.187
2019-11-14T06:47:04Z	0.209	0.18	0.173	0.188
2019-11-14T07:07:11Z	0.209	0.18	0.173	0.188
2019-11-14T07:27:18Z	0.209	0.18	0.173	0.187
2019-11-14T07:47:25Z	0.209	0.18	0.173	0.187
2019-11-14T08:07:32Z	0.209	0.18	0.173	0.187
2019-11-14T08:27:39Z	0.209	0.18	0.173	0.187
2019-11-14T08:47:46Z	0.209	0.18	0.173	0.187
2019-11-14T09:07:53Z	0.209	0.18	0.173	0.187
2019-11-14T09:28:01Z	0.209	0.179	0.172	0.187
2019-11-14T09:48:08Z	0.208	0.179	0.172	0.187
2019-11-14T10:08:15Z	0.208	0.179	0.172	0.187
2019-11-14T10:28:22Z	0.208	0.179	0.172	0.187
2019-11-14T10:48:29Z	0.208	0.179	0.172	0.187
2019-11-14T11:08:36Z	0.208	0.179	0.172	0.187
2019-11-14T11:28:43Z	0.208	0.179	0.172	0.187
2019-11-14T11:48:50Z	0.208	0.179	0.172	0.187
2019-11-14T12:08:57Z	0.208	0.179	0.172	0.187
2019-11-14T12:29:05Z	0.208	0.179	0.172	0.187
2019-11-14T12:49:12Z	0.208	0.179	0.172	0.187
2019-11-14T13:09:19Z	0.207	0.179	0.172	0.187
2019-11-14T13:29:26Z	0.207	0.179	0.172	0.187
2019-11-14T13:49:33Z	0.207	0.179	0.172	0.187
2019-11-14T14:09:40Z	0.208	0.179	0.172	0.187
2019-11-14T14:29:47Z	0.208	0.179	0.172	0.187
2019-11-14T14:49:54Z	0.208	0.179	0.172	0.187
2019-11-14T15:10:01Z	0.208	0.179	0.172	0.187
2019-11-14T15:30:09Z	0.208	0.179	0.172	0.187
2019-11-14T15:50:16Z	0.208	0.179	0.172	0.187
2019-11-14T16:10:23Z	0.208	0.179	0.172	0.187
2019-11-14T16:30:30Z	0.208	0.179	0.172	0.187
2019-11-14T16:50:37Z	0.208	0.179	0.172	0.187
2019-11-14T17:10:44Z	0.208	0.179	0.172	0.187
2019-11-14T17:30:51Z	0.208	0.179	0.172	0.188
2019-11-14T17:50:58Z	0.208	0.179	0.172	0.187
2019-11-14T18:11:05Z	0.208	0.179	0.172	0.188
2019-11-14T18:31:12Z	0.208	0.179	0.172	0.187
2019-11-14T18:51:19Z	0.208	0.179	0.172	0.188
2019-11-14T19:11:26Z	0.208	0.179	0.172	0.188
2019-11-14T19:31:33Z	0.208	0.179	0.172	0.188
2019-11-14T19:51:40Z	0.208	0.179	0.172	0.187
2019-11-14T20:11:47Z	0.208	0.179	0.172	0.187
2019-11-14T20:31:54Z	0.208	0.179	0.172	0.187
2019-11-14T20:52:01Z	0.208	0.179	0.172	0.187
2019-11-14T21:12:08Z	0.208	0.179	0.172	0.187
2019-11-14T21:32:15Z	0.208	0.179	0.172	0.187
2019-11-14T21:52:22Z	0.208	0.179	0.172	0.187
2019-11-14T22:12:29Z	0.208	0.179	0.172	0.187
2019-11-14T22:32:36Z	0.208	0.179	0.172	0.187
2019-11-14T22:52:43Z	0.208	0.179	0.172	0.187
2019-11-14T23:12:50Z	0.208	0.179	0.172	0.187
2019-11-14T23:32:57Z	0.208	0.179	0.172	0.187
2019-11-14T23:53:04Z	0.208	0.179	0.172	0.187
2019-11-15T00:13:11Z	0.208	0.179	0.172	0.187
2019-11-15T00:33:18Z	0.208	0.179	0.172	0.187
2019-11-15T00:53:25Z	0.208	0.179	0.172	0.187
2019-11-15T01:13:32Z	0.208	0.179	0.172	0.187
2019-11-15T01:33:39Z	0.208	0.179	0.172	0.187
2019-11-15T01:53:46Z	0.208	0.179	0.172	0.187
2019-11-15T02:13:53Z	0.208	0.179	0.172	0.187
2019-11-15T02:34:00Z	0.208	0.179	0.172	0.187
2019-11-15T02:54:07Z	0.207	0.179	0.172	0.187
2019-11-15T03:14:14Z	0.207	0.179	0.172	0.187
2019-11-15T03:34:21Z	0.207	0.179	0.172	0.187
2019-11-15T03:54:28Z	0.207	0.179	0.172	0.187
2019-11-15T04:14:35Z	0.207	0.179	0.172	0.187
2019-11-15T04:34:42Z	0.207	0.179	0.172	0.187
2019-11-15T04:54:49Z	0.207	0.179	0.172	0.187
2019-11-15T05:14:56Z	0.207	0.179	0.172	0.187
2019-11-15T05:35:03Z	0.207	0.179	0.172	0.187
2019-11-15T05:55:10Z	0.207	0.178	0.172	0.187
2019-11-15T06:15:18Z	0.207	0.178	0.172	0.187
2019-11-15T06:35:25Z	0.207	0.179	0.172	0.187
2019-11-15T06:55:32Z	0.207	0.178	0.172	0.187
2019-11-15T07:15:39Z	0.207	0.178	0.172	0.187
2019-11-15T07:35:46Z	0.207	0.178	0.172	0.187
2019-11-15T07:55:53Z	0.207	0.178	0.172	0.187
2019-11-15T08:16:00Z	0.207	0.178	0.172	0.187
2019-11-15T08:36:07Z	0.207	0.178	0.172	0.187
2019-11-15T08:56:14Z	0.207	0.178	0.172	0.187
2019-11-15T09:16:21Z	0.207	0.178	0.172	0.187
2019-11-15T09:36:28Z	0.207	0.178	0.172	0.187
2019-11-15T09:56:35Z	0.207	0.178	0.172	0.187
2019-11-15T10:16:42Z	0.207	0.178	0.172	0.187
2019-11-15T10:36:49Z	0.207	0.178	0.172	0.187
2019-11-15T10:56:56Z	0.207	0.178	0.172	0.187
2019-11-15T11:17:03Z	0.206	0.178	0.171	0.187
2019-11-15T11:37:10Z	0.206	0.178	0.171	0.186
2019-11-15T11:57:17Z	0.206	0.178	0.171	0.186
2019-11-15T12:17:24Z	0.206	0.178	0.171	0.187
2019-11-15T12:37:32Z	0.206	0.178	0.171	0.186
2019-11-15T12:57:39Z	0.206	0.178	0.171	0.186
2019-11-15T13:17:46Z	0.206	0.178	0.171	0.186
2019-11-15T13:37:53Z	0.206	0.178	0.171	0.186
2019-11-15T13:58:00Z	0.206	0.178	0.171	0.186
2019-11-15T14:18:07Z	0.206	0.178	0.171	0.186
2019-11-15T14:38:14Z	0.206	0.178	0.171	0.186
2019-11-15T14:58:21Z	0.206	0.178	0.171	0.186
2019-11-15T15:18:28Z	0.206	0.178	0.171	0.186
2019-11-15T15:38:36Z	0.206	0.178	0.171	0.186
2019-11-15T15:58:43Z	0.206	0.178	0.171	0.186
2019-11-15T16:18:50Z	0.206	0.178	0.171	0.187
2019-11-15T16:38:57Z	0.206	0.178	0.171	0.187
2019-11-15T16:59:04Z	0.206	0.178	0.171	0.187
2019-11-15T17:19:11Z	0.206	0.178	0.171	0.187
2019-11-15T17:39:18Z	0.206	0.178	0.171	0.187
2019-11-15T17:59:25Z	0.206	0.178	0.171	0.187
2019-11-15T18:19:32Z	0.206	0.178	0.171	0.187
2019-11-15T18:39:39Z	0.206	0.178	0.171	0.187
2019-11-15T18:59:46Z	0.206	0.178	0.171	0.187
2019-11-15T19:19:53Z	0.206	0.178	0.171	0.187
2019-11-15T19:40:01Z	0.206	0.178	0.171	0.187
2019-11-15T20:00:08Z	0.206	0.178	0.171	0.187
2019-11-15T20:20:15Z	0.206	0.178	0.171	0.187
2019-11-15T20:40:22Z	0.206	0.178	0.171	0.187
2019-11-15T21:00:29Z	0.206	0.178	0.171	0.187
2019-11-15T21:20:36Z	0.206	0.178	0.171	0.187
2019-11-15T21:40:43Z	0.206	0.178	0.171	0.187
2019-11-15T22:00:50Z	0.206	0.178	0.171	0.187
2019-11-15T22:20:57Z	0.206	0.178	0.171	0.187
2019-11-15T22:41:04Z	0.206	0.178	0.171	0.187
2019-11-15T23:01:11Z	0.206	0.178	0.171	0.187
2019-11-15T23:21:18Z	0.206	0.178	0.171	0.187
2019-11-15T23:41:25Z	0.206	0.178	0.171	0.187
2019-11-16T00:01:33Z	0.206	0.178	0.171	0.187
2019-11-16T00:21:40Z	0.206	0.178	0.171	0.187
2019-11-16T00:41:47Z	0.206	0.178	0.171	0.187
2019-11-16T01:01:54Z	0.206	0.178	0.171	0.187
2019-11-16T01:22:01Z	0.206	0.178	0.171	0.187
2019-11-16T01:42:08Z	0.206	0.178	0.171	0.187
2019-11-16T02:02:15Z	0.206	0.178	0.171	0.187
2019-11-16T02:22:22Z	0.206	0.178	0.171	0.187
2019-11-16T02:42:29Z	0.206	0.178	0.171	0.187
2019-11-16T03:02:36Z	0.206	0.178	0.171	0.187
2019-11-16T03:22:43Z	0.206	0.178	0.171	0.187
2019-11-16T03:42:50Z	0.206	0.178	0.171	0.187
2019-11-16T04:02:57Z	0.206	0.178	0.171	0.187
2019-11-16T04:23:04Z	0.206	0.178	0.171	0.187
2019-11-16T04:43:11Z	0.206	0.178	0.171	0.187
2019-11-16T05:03:18Z	0.207	0.178	0.171	0.187
2019-11-16T05:23:25Z	0.207	0.178	0.171	0.187
2019-11-16T05:43:32Z	0.207	0.178	0.171	0.187
2019-11-16T06:03:40Z	0.208	0.178	0.171	0.187
2019-11-16T06:23:47Z	0.211	0.178	0.171	0.187
2019-11-16T06:43:54Z	0.213	0.179	0.171	0.187
2019-11-16T07:04:01Z	0.214	0.18	0.171	0.187
2019-11-16T07:24:08Z	0.214	0.18	0.172	0.187
2019-11-16T07:44:15Z	0.214	0.181	0.172	0.187
2019-11-16T08:04:22Z	0.214	0.181	0.172	0.187
2019-11-16T08:24:29Z	0.214	0.181	0.172	0.187
2019-11-16T08:44:36Z	0.214	0.181	0.172	0.187
2019-11-16T09:04:43Z	0.214	0.181	0.172	0.187
2019-11-16T09:24:50Z	0.214	0.181	0.172	0.187
2019-11-16T09:44:57Z	0.214	0.181	0.172	0.187
2019-11-16T10:05:04Z	0.214	0.182	0.172	0.187
2019-11-16T10:25:11Z	0.214	0.182	0.172	0.187
2019-11-16T10:45:18Z	0.214	0.182	0.172	0.187
2019-11-16T11:05:25Z	0.214	0.182	0.173	0.187
2019-11-16T11:25:32Z	0.213	0.182	0.173	0.187
2019-11-16T11:45:39Z	0.213	0.182	0.173	0.187
2019-11-16T12:05:46Z	0.213	0.182	0.173	0.187
2019-11-16T12:25:53Z	0.213	0.182	0.173	0.187
2019-11-16T12:46:01Z	0.213	0.182	0.173	0.188
2019-11-16T13:06:08Z	0.213	0.182	0.173	0.188
2019-11-16T13:26:15Z	0.213	0.182	0.173	0.188
2019-11-16T13:46:22Z	0.213	0.182	0.173	0.188
2019-11-16T14:06:29Z	0.213	0.182	0.173	0.188
2019-11-16T14:26:36Z	0.213	0.182	0.173	0.188
2019-11-16T14:46:43Z	0.213	0.182	0.173	0.188
2019-11-16T15:06:50Z	0.213	0.182	0.173	0.188
2019-11-16T15:26:57Z	0.213	0.182	0.173	0.188
2019-11-16T15:47:04Z	0.212	0.182	0.173	0.188
2019-11-16T16:07:11Z	0.212	0.182	0.173	0.188
2019-11-16T16:27:18Z	0.212	0.182	0.173	0.188
2019-11-16T16:47:25Z	0.212	0.182	0.173	0.188
2019-11-16T17:07:32Z	0.212	0.182	0.173	0.188
2019-11-16T17:27:39Z	0.212	0.182	0.173	0.188
2019-11-16T17:47:46Z	0.212	0.182	0.173	0.188
2019-11-16T18:07:53Z	0.212	0.182	0.173	0.188
2019-11-16T18:28:00Z	0.212	0.182	0.173	0.188
2019-11-16T18:48:07Z	0.212	0.182	0.173	0.188
2019-11-16T19:08:14Z	0.212	0.182	0.173	0.188
2019-11-16T19:28:21Z	0.212	0.182	0.173	0.188
2019-11-16T19:48:28Z	0.212	0.182	0.173	0.188
2019-11-16T20:08:35Z	0.212	0.182	0.173	0.188
2019-11-16T20:28:42Z	0.212	0.182	0.173	0.188
2019-11-16T20:48:49Z	0.212	0.182	0.173	0.188
2019-11-16T21:08:56Z	0.212	0.182	0.173	0.188
2019-11-16T21:29:03Z	0.212	0.182	0.173	0.188
2019-11-16T21:49:10Z	0.212	0.182	0.173	0.188
2019-11-16T22:09:17Z	0.212	0.182	0.173	0.188
2019-11-16T22:29:24Z	0.212	0.182	0.173	0.188
2019-11-16T22:49:31Z	0.212	0.182	0.173	0.188
2019-11-16T23:09:38Z	0.212	0.182	0.173	0.188
2019-11-16T23:29:45Z	0.212	0.182	0.173	0.188
2019-11-16T23:49:52Z	0.212	0.182	0.173	0.188
2019-11-17T00:09:59Z	0.212	0.182	0.173	0.188
2019-11-17T00:30:06Z	0.212	0.182	0.173	0.188
2019-11-17T00:50:13Z	0.212	0.182	0.173	0.188
2019-11-17T01:10:20Z	0.212	0.182	0.173	0.188
2019-11-17T01:30:27Z	0.212	0.182	0.173	0.188
2019-11-17T01:50:34Z	0.212	0.182	0.173	0.188
2019-11-17T02:10:41Z	0.212	0.182	0.173	0.188
2019-11-17T02:30:48Z	0.212	0.182	0.173	0.188
2019-11-17T02:50:55Z	0.212	0.182	0.173	0.188
2019-11-17T03:11:02Z	0.211	0.182	0.173	0.188
2019-11-17T03:31:09Z	0.211	0.182	0.173	0.188
2019-11-17T03:51:16Z	0.211	0.182	0.173	0.188
2019-11-17T04:11:23Z	0.211	0.182	0.173	0.188
2019-11-17T04:31:30Z	0.211	0.182	0.173	0.188
2019-11-17T04:51:37Z	0.211	0.182	0.173	0.188
2019-11-17T05:11:44Z	0.211	0.182	0.173	0.188
2019-11-17T05:31:51Z	0.211	0.182	0.173	0.188
2019-11-17T05:51:58Z	0.211	0.182	0.173	0.188
2019-11-17T06:12:05Z	0.211	0.182	0.173	0.188
2019-11-17T06:32:12Z	0.211	0.181	0.173	0.188
2019-11-17T06:52:19Z	0.211	0.181	0.173	0.189
2019-11-17T07:12:26Z	0.211	0.181	0.173	0.188
2019-11-17T07:32:33Z	0.211	0.181	0.173	0.188
2019-11-17T07:52:40Z	0.211	0.181	0.173	0.188
2019-11-17T08:12:47Z	0.211	0.181	0.173	0.188
2019-11-17T08:32:54Z	0.211	0.181	0.173	0.188
2019-11-17T08:53:01Z	0.211	0.181	0.173	0.188
2019-11-17T09:13:08Z	0.211	0.181	0.173	0.188
2019-11-17T09:33:15Z	0.211	0.182	0.173	0.188
2019-11-17T09:53:22Z	0.212	0.182	0.173	0.188
2019-11-17T10:13:29Z	0.212	0.182	0.173	0.188
2019-11-17T10:33:36Z	0.213	0.182	0.173	0.188
2019-11-17T10:53:43Z	0.214	0.183	0.173	0.188
2019-11-17T11:13:50Z	0.215	0.183	0.174	0.188
2019-11-17T11:33:57Z	0.216	0.183	0.174	0.188
2019-11-17T11:54:04Z	0.216	0.184	0.174	0.188
2019-11-17T12:14:11Z	0.216	0.184	0.174	0.188
2019-11-17T12:34:18Z	0.216	0.184	0.174	0.188
2019-11-17T12:54:25Z	0.216	0.184	0.174	0.188
2019-11-17T13:14:32Z	0.216	0.184	0.174	0.188
2019-11-17T13:34:39Z	0.216	0.184	0.174	0.188
2019-11-17T13:54:46Z	0.216	0.184	0.174	0.188
2019-11-17T14:14:53Z	0.216	0.184	0.174	0.189
2019-11-17T14:35:00Z	0.216	0.184	0.174	0.189
2019-11-17T14:55:07Z	0.216	0.185	0.174	0.189
2019-11-17T15:15:14Z	0.216	0.184	0.174	0.189
2019-11-17T15:35:21Z	0.216	0.185	0.174	0.189
2019-11-17T15:55:28Z	0.215	0.184	0.174	0.189
2019-11-17T16:15:35Z	0.215	0.184	0.174	0.189
2019-11-17T16:35:42Z	0.215	0.184	0.174	0.189
2019-11-17T16:55:49Z	0.215	0.184	0.174	0.189
2019-11-17T17:15:56Z	0.215	0.184	0.174	0.189
2019-11-17T17:36:03Z	0.215	0.184	0.174	0.189
2019-11-17T17:56:10Z	0.215	0.184	0.174	0.189
2019-11-17T18:16:17Z	0.215	0.184	0.174	0.189
2019-11-17T18:36:24Z	0.214	0.184	0.174	0.189
2019-11-17T18:56:32Z	0.214	0.184	0.174	0.189
2019-11-17T19:16:39Z	0.214	0.184	0.174	0.189
2019-11-17T19:36:46Z	0.214	0.184	0.175	0.189
2019-11-17T19:56:53Z	0.214	0.184	0.175	0.189
2019-11-17T20:17:00Z	0.214	0.184	0.175	0.189
2019-11-17T20:37:07Z	0.214	0.184	0.175	0.189
2019-11-17T20:57:14Z	0.214	0.184	0.175	0.189
2019-11-17T21:17:21Z	0.214	0.184	0.175	0.189
2019-11-17T21:37:28Z	0.214	0.184	0.175	0.189
2019-11-17T21:57:35Z	0.214	0.184	0.175	0.189
2019-11-17T22:17:42Z	0.214	0.184	0.174	0.189
2019-11-17T22:37:49Z	0.214	0.184	0.174	0.189
2019-11-17T22:57:56Z	0.214	0.184	0.174	0.189
2019-11-17T23:18:03Z	0.214	0.184	0.174	0.189
2019-11-17T23:38:10Z	0.214	0.184	0.174	0.189
2019-11-17T23:58:17Z	0.214	0.184	0.174	0.189
2019-11-18T00:18:24Z	0.214	0.184	0.174	0.189
2019-11-18T00:38:32Z	0.214	0.184	0.174	0.189
2019-11-18T00:58:39Z	0.214	0.183	0.174	0.189
2019-11-18T01:18:46Z	0.214	0.183	0.174	0.189
2019-11-18T01:38:53Z	0.214	0.183	0.174	0.189
2019-11-18T01:59:00Z	0.214	0.183	0.174	0.189
2019-11-18T02:19:07Z	0.214	0.183	0.174	0.189
2019-11-18T02:39:14Z	0.214	0.183	0.174	0.189
2019-11-18T02:59:21Z	0.214	0.183	0.174	0.189
2019-11-18T03:19:28Z	0.214	0.183	0.174	0.189
2019-11-18T03:39:35Z	0.214	0.183	0.174	0.189
2019-11-18T03:59:42Z	0.214	0.183	0.174	0.189
2019-11-18T04:19:49Z	0.213	0.183	0.174	0.189
2019-11-18T04:39:56Z	0.213	0.183	0.174	0.189
2019-11-18T05:00:03Z	0.213	0.183	0.174	0.189
2019-11-18T05:20:10Z	0.213	0.183	0.174	0.189
2019-11-18T05:40:17Z	0.213	0.183	0.174	0.189
2019-11-18T06:00:25Z	0.213	0.183	0.174	0.189
2019-11-18T06:20:32Z	0.213	0.183	0.174	0.189
2019-11-18T06:40:39Z	0.213	0.183	0.174	0.189
2019-11-18T07:00:46Z	0.213	0.183	0.174	0.189
2019-11-18T07:20:53Z	0.213	0.183	0.174	0.189
2019-11-18T07:41:00Z	0.213	0.183	0.174	0.189
2019-11-18T08:01:07Z	0.213	0.183	0.174	0.189
2019-11-18T08:21:14Z	0.213	0.183	0.174	0.189
2019-11-18T08:41:21Z	0.213	0.183	0.174	0.189
2019-11-18T09:01:28Z	0.213	0.183	0.174	0.189
2019-11-18T09:21:35Z	0.213	0.183	0.174	0.189
2019-11-18T09:41:43Z	0.213	0.183	0.174	0.189
2019-11-18T10:01:50Z	0.213	0.183	0.174	0.189
2019-11-18T10:21:57Z	0.213	0.183	0.174	0.189
2019-11-18T10:42:04Z	0.213	0.183	0.174	0.189
2019-11-18T11:02:11Z	0.213	0.183	0.174	0.189
2019-11-18T11:22:18Z	0.213	0.183	0.174	0.189
2019-11-18T11:42:25Z	0.213	0.183	0.174	0.189
2019-11-18T12:02:32Z	0.213	0.183	0.174	0.189
2019-11-18T12:22:39Z	0.213	0.183	0.174	0.189
2019-11-18T12:42:46Z	0.213	0.183	0.174	0.189
2019-11-18T13:02:53Z	0.213	0.183	0.174	0.189
2019-11-18T13:23:00Z	0.213	0.183	0.174	0.189
2019-11-18T13:43:07Z	0.213	0.183	0.174	0.189
2019-11-18T14:03:14Z	0.213	0.183	0.174	0.189
2019-11-18T14:23:21Z	0.213	0.183	0.174	0.189
2019-11-18T14:43:28Z	0.213	0.183	0.174	0.189
2019-11-18T15:03:36Z	0.213	0.183	0.174	0.189
2019-11-18T15:23:43Z	0.213	0.183	0.174	0.189
2019-11-18T15:43:50Z	0.214	0.183	0.175	0.189
2019-11-18T16:03:57Z	0.214	0.184	0.175	0.189
2019-11-18T16:24:04Z	0.214	0.184	0.175	0.189
2019-11-18T16:44:11Z	0.214	0.184	0.175	0.189
2019-11-18T17:04:18Z	0.214	0.184	0.175	0.189
2019-11-18T17:24:25Z	0.214	0.184	0.175	0.189
2019-11-18T17:44:32Z	0.214	0.184	0.175	0.189
2019-11-18T18:04:39Z	0.214	0.184	0.175	0.189
2019-11-18T18:24:46Z	0.214	0.184	0.175	0.189
2019-11-18T18:44:53Z	0.214	0.184	0.175	0.189
2019-11-18T19:05:00Z	0.214	0.184	0.175	0.189
2019-11-18T19:25:07Z	0.214	0.184	0.175	0.189
2019-11-18T19:45:14Z	0.214	0.184	0.175	0.19
2019-11-18T20:05:21Z	0.214	0.184	0.175	0.19
2019-11-18T20:25:28Z	0.214	0.184	0.175	0.19
2019-11-18T20:45:35Z	0.214	0.184	0.175	0.19
2019-11-18T21:05:42Z	0.214	0.184	0.175	0.19
2019-11-18T21:25:49Z	0.214	0.184	0.175	0.19
2019-11-18T21:45:57Z	0.214	0.184	0.175	0.19
2019-11-18T22:06:03Z	0.214	0.184	0.175	0.19
2019-11-18T22:26:11Z	0.214	0.184	0.175	0.19
2019-11-18T22:46:18Z	0.214	0.184	0.175	0.19
2019-11-18T23:06:25Z	0.214	0.184	0.175	0.19
2019-11-18T23:26:32Z	0.214	0.184	0.175	0.19
2019-11-18T23:46:39Z	0.214	0.184	0.175	0.19
2019-11-19T00:06:46Z	0.214	0.184	0.175	0.19
2019-11-19T00:26:53Z	0.214	0.184	0.175	0.19
2019-11-19T00:47:00Z	0.214	0.184	0.175	0.19
2019-11-19T01:07:07Z	0.214	0.184	0.175	0.19
2019-11-19T01:27:14Z	0.214	0.184	0.175	0.19
2019-11-19T01:47:21Z	0.214	0.184	0.175	0.189
2019-11-19T02:07:28Z	0.214	0.184	0.175	0.19
2019-11-19T02:27:35Z	0.214	0.184	0.175	0.189
2019-11-19T02:47:42Z	0.214	0.184	0.175	0.189
2019-11-19T03:07:49Z	0.214	0.184	0.175	0.189
2019-11-19T03:27:56Z	0.214	0.184	0.175	0.189
2019-11-19T03:48:03Z	0.214	0.184	0.175	0.189
2019-11-19T04:08:10Z	0.214	0.184	0.175	0.189
2019-11-19T04:28:17Z	0.214	0.184	0.175	0.189
2019-11-19T04:48:24Z	0.214	0.184	0.175	0.189
2019-11-19T05:08:31Z	0.214	0.184	0.175	0.189
2019-11-19T05:28:38Z	0.213	0.183	0.175	0.189
2019-11-19T05:48:46Z	0.213	0.184	0.175	0.189
2019-11-19T06:08:53Z	0.213	0.183	0.175	0.189
2019-11-19T06:29:00Z	0.213	0.183	0.175	0.189
2019-11-19T06:49:07Z	0.213	0.183	0.175	0.189
2019-11-19T07:09:14Z	0.213	0.183	0.175	0.189
2019-11-19T07:29:21Z	0.213	0.183	0.175	0.189
2019-11-19T07:49:28Z	0.213	0.183	0.175	0.189
2019-11-19T08:09:35Z	0.213	0.183	0.175	0.189
2019-11-19T08:29:42Z	0.213	0.183	0.175	0.189
2019-11-19T08:49:49Z	0.213	0.183	0.175	0.189
2019-11-19T09:09:56Z	0.213	0.183	0.174	0.189
2019-11-19T09:30:03Z	0.213	0.183	0.174	0.189
2019-11-19T09:50:10Z	0.212	0.183	0.174	0.189
2019-11-19T10:10:17Z	0.212	0.183	0.174	0.189
2019-11-19T10:30:25Z	0.212	0.183	0.174	0.189
2019-11-19T10:50:32Z	0.212	0.183	0.174	0.189
2019-11-19T11:10:39Z	0.212	0.183	0.174	0.189
2019-11-19T11:30:46Z	0.212	0.183	0.174	0.189
2019-11-19T11:50:53Z	0.212	0.183	0.174	0.189
2019-11-19T12:11:00Z	0.212	0.183	0.174	0.189
2019-11-19T12:31:07Z	0.212	0.182	0.174	0.189
2019-11-19T12:51:14Z	0.212	0.183	0.174	0.189
2019-11-19T13:11:22Z	0.212	0.183	0.174	0.189
2019-11-19T13:31:29Z	0.212	0.183	0.174	0.189
2019-11-19T13:51:36Z	0.212	0.183	0.174	0.189
2019-11-19T14:11:43Z	0.212	0.183	0.174	0.189
2019-11-19T14:31:50Z	0.212	0.183	0.174	0.19
2019-11-19T14:51:57Z	0.212	0.183	0.174	0.189
2019-11-19T15:12:04Z	0.212	0.183	0.174	0.189
2019-11-19T15:32:11Z	0.212	0.183	0.174	0.189
2019-11-19T15:52:18Z	0.212	0.183	0.174	0.189
2019-11-19T16:12:25Z	0.212	0.183	0.174	0.189
2019-11-19T16:32:32Z	0.212	0.183	0.174	0.189
2019-11-19T16:52:39Z	0.212	0.183	0.174	0.189
2019-11-19T17:12:46Z	0.212	0.183	0.174	0.189
2019-11-19T17:32:53Z	0.212	0.183	0.174	0.189
2019-11-19T17:53:00Z	0.212	0.183	0.174	0.189
2019-11-19T18:13:08Z	0.212	0.183	0.174	0.189
2019-11-19T18:33:15Z	0.212	0.183	0.174	0.189
2019-11-19T18:53:22Z	0.212	0.183	0.174	0.189
2019-11-19T19:13:29Z	0.212	0.183	0.175	0.189
2019-11-19T19:33:36Z	0.212	0.183	0.175	0.19
2019-11-19T19:53:43Z	0.212	0.183	0.174	0.189
2019-11-19T20:13:50Z	0.212	0.183	0.174	0.189
2019-11-19T20:33:57Z	0.212	0.183	0.175	0.189
2019-11-19T20:54:04Z	0.212	0.183	0.175	0.19
2019-11-19T21:14:11Z	0.212	0.183	0.175	0.19
2019-11-19T21:34:18Z	0.212	0.183	0.175	0.19
2019-11-19T21:54:25Z	0.212	0.183	0.175	0.19
2019-11-19T22:14:32Z	0.212	0.183	0.175	0.19
2019-11-19T22:34:39Z	0.213	0.183	0.175	0.189
2019-11-19T22:54:46Z	0.214	0.183	0.175	0.189
2019-11-19T23:14:53Z	0.217	0.184	0.175	0.19
2019-11-19T23:35:00Z	0.218	0.185	0.175	0.19
2019-11-19T23:55:07Z	0.22	0.186	0.176	0.19
2019-11-20T00:15:14Z	0.22	0.186	0.176	0.19
2019-11-20T00:35:21Z	0.221	0.187	0.176	0.19
2019-11-20T00:55:28Z	0.222	0.188	0.176	0.19
2019-11-20T01:15:35Z	0.222	0.188	0.176	0.19
2019-11-20T01:35:42Z	0.223	0.189	0.177	0.19
2019-11-20T01:55:49Z	0.224	0.189	0.177	0.19
2019-11-20T02:15:56Z	0.224	0.19	0.177	0.19
2019-11-20T02:36:04Z	0.224	0.19	0.177	0.19
2019-11-20T02:56:11Z	0.224	0.191	0.177	0.19
2019-11-20T03:16:18Z	0.225	0.191	0.178	0.19
2019-11-20T03:36:25Z	0.226	0.192	0.178	0.19
2019-11-20T03:56:32Z	0.226	0.192	0.178	0.19
2019-11-20T04:16:39Z	0.226	0.193	0.178	0.19
2019-11-20T04:36:46Z	0.226	0.193	0.178	0.19
2019-11-20T04:56:53Z	0.226	0.193	0.179	0.191
2019-11-20T05:17:00Z	0.226	0.193	0.179	0.191
2019-11-20T05:37:07Z	0.226	0.193	0.179	0.191
2019-11-20T05:57:14Z	0.225	0.193	0.179	0.191
2019-11-20T06:17:21Z	0.225	0.193	0.179	0.191
2019-11-20T06:37:28Z	0.225	0.193	0.179	0.191
2019-11-20T06:57:35Z	0.224	0.193	0.179	0.191
2019-11-20T07:17:42Z	0.224	0.193	0.179	0.191
2019-11-20T07:37:49Z	0.224	0.193	0.179	0.192
2019-11-20T07:57:56Z	0.224	0.193	0.179	0.192
2019-11-20T08:18:03Z	0.224	0.193	0.179	0.192
2019-11-20T08:38:10Z	0.224	0.193	0.179	0.192
2019-11-20T08:58:17Z	0.224	0.193	0.179	0.192
2019-11-20T09:18:24Z	0.224	0.193	0.179	0.192
2019-11-20T09:38:31Z	0.224	0.193	0.179	0.192
2019-11-20T09:58:38Z	0.224	0.193	0.179	0.192
2019-11-20T10:18:45Z	0.224	0.193	0.179	0.192
2019-11-20T10:38:52Z	0.224	0.193	0.179	0.192
2019-11-20T10:58:59Z	0.223	0.192	0.179	0.192
2019-11-20T11:19:06Z	0.223	0.192	0.179	0.192
2019-11-20T11:39:13Z	0.223	0.192	0.179	0.192
2019-11-20T11:59:20Z	0.223	0.192	0.179	0.192
2019-11-20T12:19:28Z	0.222	0.192	0.179	0.192
2019-11-20T12:39:35Z	0.222	0.192	0.179	0.192
2019-11-20T12:59:42Z	0.222	0.192	0.179	0.192
2019-11-20T13:19:49Z	0.222	0.192	0.179	0.192
2019-11-20T13:39:56Z	0.222	0.192	0.179	0.192
2019-11-20T14:00:03Z	0.222	0.192	0.179	0.192
2019-11-20T14:20:10Z	0.222	0.192	0.179	0.192
2019-11-20T14:40:17Z	0.222	0.192	0.179	0.192
2019-11-20T15:00:24Z	0.222	0.192	0.179	0.192
2019-11-20T15:20:31Z	0.222	0.191	0.179	0.192
2019-11-20T15:40:38Z	0.222	0.191	0.179	0.192
2019-11-20T16:00:45Z	0.221	0.191	0.179	0.192
2019-11-20T16:20:52Z	0.221	0.191	0.179	0.192
2019-11-20T16:40:59Z	0.221	0.191	0.179	0.192
2019-11-20T17:01:06Z	0.221	0.191	0.179	0.192
2019-11-20T17:21:13Z	0.221	0.191	0.179	0.192
2019-11-20T17:41:20Z	0.22	0.191	0.179	0.192
2019-11-20T18:01:27Z	0.22	0.191	0.179	0.192
2019-11-20T18:21:34Z	0.22	0.191	0.179	0.192
2019-11-20T18:41:41Z	0.22	0.19	0.179	0.192
2019-11-20T19:01:48Z	0.22	0.19	0.179	0.192
2019-11-20T19:21:56Z	0.22	0.19	0.179	0.192
2019-11-20T19:42:03Z	0.22	0.19	0.179	0.192
2019-11-20T20:02:10Z	0.22	0.19	0.179	0.192
2019-11-20T20:22:17Z	0.22	0.19	0.179	0.192
2019-11-20T20:42:24Z	0.22	0.19	0.179	0.192
2019-11-20T21:02:31Z	0.22	0.19	0.179	0.192
2019-11-20T21:22:38Z	0.22	0.19	0.179	0.192
2019-11-20T21:42:45Z	0.22	0.19	0.179	0.192
2019-11-20T22:02:52Z	0.22	0.19	0.179	0.192
2019-11-20T22:22:59Z	0.22	0.19	0.179	0.192
2019-11-20T22:43:06Z	0.22	0.19	0.179	0.192
2019-11-20T23:03:13Z	0.22	0.19	0.179	0.192
2019-11-20T23:23:20Z	0.22	0.19	0.179	0.192
2019-11-20T23:43:27Z	0.22	0.19	0.179	0.192
2019-11-21T00:03:34Z	0.22	0.19	0.179	0.192
2019-11-21T00:23:41Z	0.22	0.19	0.179	0.192
2019-11-21T00:43:48Z	0.22	0.19	0.179	0.192
2019-11-21T01:03:55Z	0.219	0.189	0.179	0.192
2019-11-21T01:24:02Z	0.219	0.189	0.179	0.192
2019-11-21T01:44:09Z	0.219	0.189	0.179	0.192
2019-11-21T02:04:16Z	0.219	0.189	0.178	0.192
2019-11-21T02:24:23Z	0.219	0.189	0.178	0.192
2019-11-21T02:44:30Z	0.219	0.189	0.178	0.192
2019-11-21T03:04:37Z	0.219	0.189	0.178	0.192
2019-11-21T03:24:44Z	0.218	0.189	0.178	0.192
2019-11-21T03:44:51Z	0.218	0.189	0.178	0.192
2019-11-21T04:04:58Z	0.218	0.189	0.178	0.192
2019-11-21T04:25:05Z	0.218	0.189	0.178	0.192
2019-11-21T04:45:13Z	0.218	0.189	0.178	0.192
2019-11-21T05:05:20Z	0.218	0.189	0.178	0.192
2019-11-21T05:25:27Z	0.218	0.189	0.178	0.192
2019-11-21T05:45:34Z	0.218	0.188	0.178	0.192
2019-11-21T06:05:41Z	0.218	0.188	0.178	0.192
2019-11-21T06:25:48Z	0.218	0.188	0.178	0.192
2019-11-21T06:45:55Z	0.218	0.188	0.178	0.192
2019-11-21T07:06:02Z	0.218	0.188	0.178	0.192
2019-11-21T07:26:09Z	0.218	0.188	0.178	0.192
2019-11-21T07:46:16Z	0.218	0.188	0.178	0.192
2019-11-21T08:06:23Z	0.218	0.188	0.178	0.192
2019-11-21T08:26:30Z	0.218	0.188	0.178	0.192
2019-11-21T08:46:37Z	0.218	0.188	0.178	0.192
2019-11-21T09:06:44Z	0.218	0.188	0.178	0.192
2019-11-21T09:26:51Z	0.218	0.188	0.178	0.192
2019-11-21T09:46:58Z	0.218	0.188	0.178	0.192
2019-11-21T10:07:05Z	0.218	0.188	0.178	0.192
2019-11-21T10:27:12Z	0.218	0.188	0.178	0.192
2019-11-21T10:47:20Z	0.218	0.188	0.178	0.192
2019-11-21T10:59:04Z	0.218	0.188	0.178	0.192
2019-11-21T11:19:11Z	0.218	0.188	0.178	0.192
2019-11-21T11:39:18Z	0.218	0.188	0.178	0.192
2019-11-21T11:59:25Z	0.217	0.188	0.178	0.192
2019-11-21T12:19:32Z	0.217	0.188	0.178	0.192
2019-11-21T12:39:39Z	0.217	0.188	0.178	0.192
2019-11-21T12:59:46Z	0.217	0.188	0.178	0.192
2019-11-21T13:19:53Z	0.217	0.188	0.178	0.192
2019-11-21T13:40:00Z	0.217	0.188	0.178	0.192
2019-11-21T14:00:07Z	0.217	0.188	0.178	0.192
2019-11-21T14:20:14Z	0.217	0.188	0.178	0.192
2019-11-21T14:40:21Z	0.217	0.187	0.178	0.192
2019-11-21T15:00:28Z	0.217	0.187	0.178	0.192
2019-11-21T15:20:35Z	0.217	0.187	0.178	0.192
2019-11-21T15:40:42Z	0.217	0.187	0.178	0.192
2019-11-21T16:00:49Z	0.217	0.187	0.178	0.192
2019-11-21T16:20:57Z	0.217	0.187	0.178	0.192
2019-11-21T16:41:04Z	0.217	0.188	0.178	0.192
2019-11-21T17:01:11Z	0.218	0.188	0.178	0.192
2019-11-21T17:21:18Z	0.218	0.188	0.178	0.192
2019-11-21T17:41:25Z	0.218	0.188	0.178	0.192
2019-11-21T18:01:32Z	0.218	0.188	0.178	0.192
2019-11-21T18:21:39Z	0.218	0.188	0.178	0.192
2019-11-21T18:41:46Z	0.218	0.188	0.178	0.192
2019-11-21T19:01:53Z	0.218	0.188	0.178	0.192
2019-11-21T19:22:00Z	0.218	0.188	0.178	0.192
2019-11-21T19:42:07Z	0.218	0.188	0.178	0.192
2019-11-21T20:02:14Z	0.22	0.188	0.178	0.192
2019-11-21T20:22:21Z	0.222	0.189	0.178	0.192
2019-11-21T20:42:28Z	0.224	0.19	0.179	0.192
2019-11-21T21:02:36Z	0.226	0.191	0.179	0.192
2019-11-21T21:22:43Z	0.226	0.192	0.179	0.192
2019-11-21T21:42:50Z	0.227	0.193	0.179	0.192
2019-11-21T22:02:57Z	0.228	0.194	0.18	0.192
2019-11-21T22:23:04Z	0.228	0.194	0.18	0.192
2019-11-21T22:43:11Z	0.228	0.195	0.18	0.192
2019-11-21T23:03:18Z	0.228	0.195	0.18	0.193
2019-11-21T23:23:25Z	0.227	0.195	0.18	0.193
2019-11-21T23:43:32Z	0.227	0.195	0.181	0.193
2019-11-22T00:03:39Z	0.226	0.195	0.181	0.193
2019-11-22T00:23:46Z	0.226	0.195	0.181	0.193
2019-11-22T00:43:53Z	0.226	0.195	0.181	0.193
2019-11-22T01:04:00Z	0.226	0.195	0.181	0.193
2019-11-22T01:24:08Z	0.226	0.194	0.181	0.193
2019-11-22T01:44:15Z	0.226	0.194	0.181	0.193
2019-11-22T02:04:22Z	0.226	0.194	0.181	0.193
2019-11-22T02:24:29Z	0.225	0.194	0.181	0.194
2019-11-22T02:44:36Z	0.225	0.194	0.181	0.193
2019-11-22T03:04:43Z	0.224	0.194	0.181	0.194
2019-11-22T03:24:50Z	0.224	0.194	0.181	0.194
2019-11-22T03:44:57Z	0.224	0.194	0.181	0.194
2019-11-22T04:05:04Z	0.224	0.194	0.181	0.194
2019-11-22T04:25:11Z	0.224	0.193	0.181	0.194
2019-11-22T04:45:18Z	0.224	0.193	0.181	0.194
2019-11-22T05:05:25Z	0.224	0.193	0.181	0.194
2019-11-22T05:25:32Z	0.224	0.193	0.181	0.194
2019-11-22T05:45:39Z	0.224	0.193	0.181	0.194
2019-11-22T06:05:46Z	0.224	0.193	0.181	0.194
2019-11-22T06:25:53Z	0.224	0.193	0.181	0.194
2019-11-22T06:46:00Z	0.223	0.193	0.181	0.194
2019-11-22T07:06:08Z	0.223	0.193	0.18	0.194
2019-11-22T07:26:15Z	0.223	0.193	0.18	0.194
2019-11-22T07:46:22Z	0.223	0.192	0.18	0.194
2019-11-22T08:06:29Z	0.222	0.192	0.18	0.194
2019-11-22T08:26:36Z	0.222	0.192	0.18	0.193
2019-11-22T08:46:43Z	0.222	0.192	0.18	0.193
2019-11-22T09:06:50Z	0.222	0.192	0.18	0.193
2019-11-22T09:26:57Z	0.222	0.192	0.18	0.193
2019-11-22T09:47:04Z	0.222	0.192	0.18	0.193
2019-11-22T10:07:11Z	0.222	0.192	0.18	0.193
2019-11-22T10:27:18Z	0.222	0.192	0.18	0.193
2019-11-22T10:47:25Z	0.222	0.192	0.18	0.193
2019-11-22T11:07:32Z	0.222	0.191	0.18	0.193
2019-11-22T11:27:39Z	0.222	0.191	0.18	0.193
2019-11-22T11:47:46Z	0.221	0.191	0.18	0.193
2019-11-22T12:07:54Z	0.221	0.191	0.18	0.193
2019-11-22T12:28:01Z	0.221	0.191	0.18	0.193
2019-11-22T12:48:08Z	0.221	0.191	0.18	0.193
2019-11-22T13:08:15Z	0.221	0.191	0.18	0.193
2019-11-22T13:28:22Z	0.221	0.191	0.18	0.193
2019-11-22T13:48:29Z	0.22	0.191	0.18	0.193
2019-11-22T14:08:36Z	0.22	0.191	0.179	0.193
2019-11-22T14:28:43Z	0.22	0.19	0.179	0.193
2019-11-22T14:48:50Z	0.22	0.19	0.179	0.193
2019-11-22T15:08:57Z	0.22	0.19	0.18	0.193
2019-11-22T15:29:05Z	0.22	0.19	0.179	0.193
2019-11-22T15:49:12Z	0.22	0.19	0.179	0.193
2019-11-22T16:09:19Z	0.22	0.19	0.179	0.193
2019-11-22T16:29:26Z	0.22	0.19	0.179	0.193
2019-11-22T16:49:33Z	0.22	0.19	0.179	0.193
2019-11-22T17:09:40Z	0.22	0.19	0.179	0.193
2019-11-22T17:29:47Z	0.22	0.19	0.179	0.193
2019-11-22T17:49:54Z	0.22	0.19	0.179	0.193
2019-11-22T18:10:01Z	0.22	0.19	0.179	0.193
2019-11-22T18:30:08Z	0.22	0.19	0.179	0.193
2019-11-22T18:50:15Z	0.22	0.19	0.179	0.193
2019-11-22T19:10:22Z	0.22	0.19	0.179	0.193
2019-11-22T19:30:29Z	0.22	0.19	0.179	0.193
2019-11-22T19:50:36Z	0.22	0.19	0.179	0.193
2019-11-22T20:10:43Z	0.22	0.19	0.179	0.193
2019-11-22T20:30:50Z	0.22	0.19	0.179	0.193
2019-11-22T20:50:58Z	0.22	0.189	0.179	0.193
2019-11-22T21:11:05Z	0.22	0.189	0.179	0.193
2019-11-22T21:31:12Z	0.219	0.189	0.179	0.193
2019-11-22T21:51:19Z	0.219	0.189	0.179	0.193
2019-11-22T22:11:26Z	0.219	0.189	0.179	0.193
2019-11-22T22:31:33Z	0.219	0.189	0.179	0.193
2019-11-22T22:51:40Z	0.219	0.189	0.179	0.193
2019-11-22T23:11:47Z	0.219	0.189	0.179	0.193
2019-11-22T23:31:54Z	0.219	0.189	0.179	0.193
2019-11-22T23:52:01Z	0.219	0.189	0.179	0.193
2019-11-23T00:12:08Z	0.219	0.189	0.179	0.193
2019-11-23T00:32:15Z	0.219	0.189	0.179	0.193
2019-11-23T00:52:22Z	0.218	0.189	0.179	0.193
2019-11-23T01:12:29Z	0.218	0.189	0.179	0.193
2019-11-23T01:32:36Z	0.218	0.189	0.179	0.192
2019-11-23T01:52:43Z	0.218	0.189	0.179	0.192
2019-11-23T02:12:50Z	0.218	0.188	0.178	0.192
2019-11-23T02:32:57Z	0.218	0.188	0.179	0.192
2019-11-23T02:53:05Z	0.218	0.188	0.178	0.192
2019-11-23T03:13:12Z	0.218	0.188	0.178	0.192
2019-11-23T03:33:19Z	0.218	0.188	0.178	0.192
2019-11-23T03:53:26Z	0.218	0.188	0.178	0.192
2019-11-23T04:13:33Z	0.218	0.188	0.178	0.192
2019-11-23T04:33:40Z	0.218	0.188	0.178	0.192
2019-11-23T04:53:47Z	0.218	0.188	0.178	0.192
2019-11-23T05:13:54Z	0.218	0.188	0.178	0.192
2019-11-23T05:34:01Z	0.218	0.188	0.178	0.192
2019-11-23T05:54:08Z	0.218	0.188	0.178	0.192
2019-11-23T06:14:15Z	0.218	0.188	0.178	0.192
2019-11-23T06:34:22Z	0.218	0.188	0.178	0.192
2019-11-23T06:54:29Z	0.218	0.188	0.178	0.192
2019-11-23T07:14:36Z	0.218	0.188	0.178	0.192
2019-11-23T07:34:43Z	0.218	0.188	0.178	0.192
2019-11-23T07:54:51Z	0.218	0.188	0.178	0.192
2019-11-23T08:14:58Z	0.218	0.188	0.178	0.192
2019-11-23T08:35:05Z	0.218	0.188	0.178	0.192
2019-11-23T08:55:12Z	0.218	0.188	0.178	0.192
2019-11-23T09:15:19Z	0.218	0.188	0.178	0.192
2019-11-23T09:35:26Z	0.218	0.188	0.178	0.192
2019-11-23T09:55:33Z	0.218	0.188	0.178	0.192
2019-11-23T10:15:40Z	0.218	0.188	0.178	0.192
2019-11-23T10:35:47Z	0.218	0.188	0.178	0.192
2019-11-23T10:55:54Z	0.218	0.188	0.178	0.192
2019-11-23T11:16:01Z	0.217	0.188	0.178	0.192
2019-11-23T11:36:08Z	0.217	0.187	0.178	0.192
2019-11-23T11:56:15Z	0.217	0.187	0.178	0.192
2019-11-23T12:16:22Z	0.217	0.187	0.178	0.192
2019-11-23T12:36:29Z	0.217	0.187	0.178	0.192
2019-11-23T12:56:36Z	0.217	0.187	0.178	0.192
2019-11-23T13:16:43Z	0.217	0.187	0.178	0.192
2019-11-23T13:36:50Z	0.217	0.187	0.178	0.192
2019-11-23T13:56:57Z	0.217	0.187	0.178	0.192
2019-11-23T14:17:04Z	0.217	0.187	0.178	0.192
2019-11-23T14:37:12Z	0.217	0.187	0.178	0.192
2019-11-23T14:57:19Z	0.217	0.187	0.178	0.192
2019-11-23T15:17:26Z	0.217	0.187	0.178	0.192
2019-11-23T15:37:33Z	0.217	0.187	0.178	0.192
2019-11-23T15:57:40Z	0.217	0.187	0.178	0.192
2019-11-23T16:17:47Z	0.217	0.187	0.178	0.192
2019-11-23T16:37:54Z	0.217	0.187	0.178	0.192
2019-11-23T16:58:01Z	0.217	0.187	0.178	0.192
2019-11-23T17:18:08Z	0.217	0.187	0.178	0.192
2019-11-23T17:38:15Z	0.217	0.187	0.178	0.192
2019-11-23T17:58:22Z	0.217	0.187	0.178	0.192
2019-11-23T18:18:29Z	0.217	0.187	0.178	0.192
2019-11-23T18:38:36Z	0.217	0.187	0.178	0.192
2019-11-23T18:58:43Z	0.217	0.187	0.178	0.192
2019-11-23T19:18:50Z	0.217	0.187	0.178	0.192
2019-11-23T19:38:57Z	0.217	0.187	0.178	0.192
2019-11-23T19:59:04Z	0.217	0.187	0.178	0.192
2019-11-23T20:19:11Z	0.217	0.187	0.178	0.192
2019-11-23T20:39:19Z	0.217	0.187	0.178	0.192
2019-11-23T20:59:26Z	0.217	0.187	0.178	0.192
2019-11-23T21:19:33Z	0.216	0.187	0.178	0.192
2019-11-23T21:39:40Z	0.217	0.187	0.178	0.192
2019-11-23T21:59:47Z	0.216	0.187	0.178	0.192
2019-11-23T22:19:54Z	0.216	0.186	0.177	0.192
2019-11-23T22:40:01Z	0.216	0.186	0.178	0.192
2019-11-23T23:00:08Z	0.216	0.186	0.178	0.192
2019-11-23T23:20:15Z	0.216	0.186	0.178	0.192
2019-11-23T23:40:22Z	0.216	0.186	0.177	0.192
2019-11-24T00:00:29Z	0.216	0.186	0.177	0.192
2019-11-24T00:20:36Z	0.216	0.186	0.177	0.192
2019-11-24T00:40:43Z	0.216	0.186	0.177	0.192
2019-11-24T01:00:50Z	0.216	0.186	0.177	0.192
2019-11-24T01:20:57Z	0.216	0.186	0.177	0.192
2019-11-24T01:41:04Z	0.216	0.186	0.177	0.192
2019-11-24T02:01:11Z	0.216	0.186	0.177	0.192
2019-11-24T02:21:18Z	0.216	0.186	0.177	0.192
2019-11-24T02:41:25Z	0.216	0.186	0.177	0.192
2019-11-24T03:01:32Z	0.216	0.186	0.177	0.192
2019-11-24T03:21:39Z	0.216	0.186	0.177	0.192
2019-11-24T03:41:46Z	0.216	0.186	0.177	0.192
2019-11-24T04:01:53Z	0.216	0.186	0.177	0.192
2019-11-24T04:22:00Z	0.216	0.186	0.177	0.192
2019-11-24T04:42:07Z	0.216	0.186	0.177	0.192
2019-11-24T05:02:14Z	0.216	0.186	0.177	0.192
2019-11-24T05:22:21Z	0.216	0.186	0.177	0.192
2019-11-24T05:42:28Z	0.216	0.186	0.177	0.192
2019-11-24T06:02:35Z	0.216	0.186	0.177	0.192
2019-11-24T06:22:42Z	0.216	0.186	0.177	0.192
2019-11-24T06:42:49Z	0.216	0.186	0.177	0.192
2019-11-24T07:02:56Z	0.216	0.186	0.177	0.191
2019-11-24T07:23:03Z	0.216	0.186	0.177	0.191
2019-11-24T07:43:10Z	0.216	0.186	0.177	0.191
2019-11-24T08:03:17Z	0.216	0.186	0.177	0.191
2019-11-24T08:23:24Z	0.216	0.186	0.177	0.191
2019-11-24T08:43:31Z	0.215	0.186	0.177	0.191
2019-11-24T09:03:38Z	0.215	0.186	0.177	0.191
2019-11-24T09:23:45Z	0.215	0.186	0.177	0.191
2019-11-24T09:43:52Z	0.215	0.186	0.177	0.191
2019-11-24T10:03:59Z	0.215	0.186	0.177	0.191
2019-11-24T10:24:06Z	0.215	0.186	0.177	0.191
2019-11-24T10:44:13Z	0.214	0.186	0.177	0.191
2019-11-24T11:04:20Z	0.214	0.185	0.177	0.191
2019-11-24T11:24:28Z	0.214	0.185	0.177	0.191
2019-11-24T11:44:35Z	0.214	0.185	0.177	0.191
2019-11-24T12:04:42Z	0.214	0.185	0.177	0.191
2019-11-24T12:24:49Z	0.214	0.185	0.177	0.191
2019-11-24T12:44:56Z	0.214	0.185	0.177	0.191
2019-11-24T13:05:03Z	0.214	0.185	0.177	0.191
2019-11-24T13:25:10Z	0.214	0.185	0.177	0.191
2019-11-24T13:45:17Z	0.214	0.185	0.177	0.191
2019-11-24T14:05:24Z	0.214	0.185	0.177	0.191
2019-11-24T14:25:31Z	0.214	0.185	0.177	0.191
2019-11-24T14:45:38Z	0.214	0.185	0.177	0.191
2019-11-24T15:05:45Z	0.214	0.185	0.177	0.191
2019-11-24T15:25:52Z	0.214	0.185	0.177	0.191
2019-11-24T15:45:59Z	0.214	0.185	0.177	0.191
2019-11-24T16:06:07Z	0.214	0.185	0.177	0.191
2019-11-24T16:26:13Z	0.214	0.185	0.177	0.191
2019-11-24T16:46:20Z	0.214	0.185	0.177	0.191
2019-11-24T17:06:27Z	0.214	0.185	0.177	0.191
2019-11-24T17:26:34Z	0.214	0.185	0.177	0.191
2019-11-24T17:46:41Z	0.214	0.185	0.177	0.191
2019-11-24T18:06:48Z	0.214	0.185	0.177	0.191
2019-11-24T18:26:55Z	0.214	0.185	0.177	0.19
2019-11-24T18:47:02Z	0.214	0.185	0.176	0.19
2019-11-24T19:07:10Z	0.214	0.185	0.177	0.19
2019-11-24T19:27:17Z	0.214	0.185	0.176	0.19
2019-11-24T19:47:24Z	0.214	0.185	0.176	0.19
2019-11-24T20:07:31Z	0.214	0.185	0.176	0.19
2019-11-24T20:27:38Z	0.214	0.185	0.176	0.19
2019-11-24T20:47:45Z	0.214	0.185	0.176	0.19
2019-11-24T21:07:52Z	0.214	0.185	0.177	0.19
2019-11-24T21:27:59Z	0.214	0.185	0.176	0.19
2019-11-24T21:48:06Z	0.214	0.185	0.176	0.19
2019-11-24T22:08:13Z	0.214	0.185	0.176	0.19
2019-11-24T22:28:20Z	0.214	0.185	0.176	0.19
2019-11-24T22:48:27Z	0.214	0.185	0.176	0.19
2019-11-24T23:08:34Z	0.214	0.185	0.176	0.19
2019-11-24T23:28:41Z	0.214	0.185	0.176	0.19
2019-11-24T23:48:48Z	0.214	0.185	0.176	0.19
2019-11-25T00:08:55Z	0.214	0.185	0.176	0.19
2019-11-25T00:29:02Z	0.214	0.185	0.176	0.19
2019-11-25T00:49:09Z	0.214	0.185	0.176	0.19
2019-11-25T01:09:16Z	0.214	0.185	0.176	0.19
2019-11-25T01:29:23Z	0.214	0.185	0.176	0.19
2019-11-25T01:49:30Z	0.214	0.185	0.176	0.19
2019-11-25T02:09:37Z	0.214	0.185	0.176	0.19
2019-11-25T02:29:44Z	0.214	0.185	0.176	0.19
2019-11-25T02:49:51Z	0.214	0.185	0.176	0.19
2019-11-25T03:09:58Z	0.214	0.184	0.176	0.191
2019-11-25T03:30:05Z	0.214	0.185	0.176	0.191
2019-11-25T03:50:12Z	0.214	0.185	0.176	0.191
2019-11-25T04:10:19Z	0.214	0.185	0.176	0.191
2019-11-25T04:30:26Z	0.214	0.184	0.176	0.191
2019-11-25T04:50:33Z	0.214	0.184	0.176	0.191
2019-11-25T05:10:40Z	0.214	0.184	0.176	0.191
2019-11-25T05:30:47Z	0.214	0.184	0.176	0.191
2019-11-25T05:50:54Z	0.214	0.184	0.176	0.191
2019-11-25T06:11:01Z	0.214	0.184	0.176	0.191
2019-11-25T06:31:08Z	0.214	0.184	0.176	0.191
2019-11-25T06:51:15Z	0.214	0.184	0.176	0.191
2019-11-25T07:11:23Z	0.214	0.184	0.176	0.191
2019-11-25T07:31:30Z	0.214	0.184	0.176	0.191
2019-11-25T07:51:37Z	0.214	0.184	0.176	0.191
2019-11-25T08:11:44Z	0.214	0.184	0.176	0.191
2019-11-25T08:31:51Z	0.214	0.184	0.176	0.191
2019-11-25T08:51:58Z	0.214	0.184	0.176	0.191
2019-11-25T09:12:05Z	0.214	0.184	0.176	0.192
2019-11-25T09:32:12Z	0.214	0.184	0.176	0.191
2019-11-25T09:52:19Z	0.214	0.184	0.176	0.191
2019-11-25T10:12:26Z	0.214	0.184	0.176	0.191
2019-11-25T10:32:33Z	0.214	0.184	0.176	0.191
2019-11-25T10:52:40Z	0.213	0.184	0.176	0.191
2019-11-25T11:12:47Z	0.213	0.184	0.176	0.191
2019-11-25T11:32:54Z	0.213	0.184	0.176	0.191
2019-11-25T11:53:01Z	0.213	0.184	0.176	0.192
2019-11-25T12:13:08Z	0.213	0.184	0.176	0.191
2019-11-25T12:33:15Z	0.213	0.184	0.176	0.191
2019-11-25T12:53:22Z	0.213	0.184	0.176	0.191
2019-11-25T13:13:29Z	0.213	0.184	0.176	0.191
2019-11-25T13:33:36Z	0.213	0.184	0.176	0.191
2019-11-25T13:53:43Z	0.213	0.184	0.176	0.191
2019-11-25T14:13:51Z	0.213	0.184	0.176	0.191
2019-11-25T14:33:58Z	0.213	0.184	0.176	0.191
2019-11-25T14:54:05Z	0.213	0.184	0.176	0.191
2019-11-25T15:14:12Z	0.213	0.184	0.176	0.191
2019-11-25T15:34:19Z	0.213	0.184	0.176	0.191
2019-11-25T15:54:26Z	0.213	0.184	0.176	0.191
2019-11-25T16:14:33Z	0.213	0.184	0.176	0.191
2019-11-25T16:34:40Z	0.213	0.184	0.176	0.191
2019-11-25T16:54:47Z	0.213	0.184	0.176	0.191
2019-11-25T17:14:54Z	0.213	0.184	0.176	0.191
2019-11-25T17:35:01Z	0.213	0.184	0.176	0.191
2019-11-25T17:55:08Z	0.213	0.184	0.176	0.191
2019-11-25T18:15:15Z	0.213	0.184	0.176	0.191
2019-11-25T18:35:22Z	0.213	0.183	0.176	0.191
2019-11-25T18:55:29Z	0.213	0.183	0.176	0.191
2019-11-25T19:15:36Z	0.213	0.184	0.176	0.191
2019-11-25T19:35:43Z	0.213	0.184	0.176	0.191
2019-11-25T19:55:50Z	0.213	0.183	0.176	0.191
2019-11-25T20:15:57Z	0.213	0.183	0.176	0.191
2019-11-25T20:36:04Z	0.213	0.183	0.176	0.191
2019-11-25T20:56:11Z	0.213	0.183	0.176	0.191
2019-11-25T21:16:18Z	0.213	0.183	0.176	0.191
2019-11-25T21:36:25Z	0.213	0.183	0.176	0.191
2019-11-25T21:56:32Z	0.213	0.183	0.176	0.191
2019-11-25T22:16:39Z	0.213	0.183	0.176	0.191
2019-11-25T22:36:46Z	0.213	0.183	0.176	0.191
2019-11-25T22:56:53Z	0.213	0.183	0.176	0.191
2019-11-25T23:17:00Z	0.213	0.183	0.176	0.191
2019-11-25T23:37:07Z	0.213	0.183	0.176	0.191
2019-11-25T23:57:14Z	0.213	0.183	0.176	0.191
2019-11-26T00:17:21Z	0.213	0.183	0.176	0.191
2019-11-26T00:37:28Z	0.213	0.183	0.176	0.191
2019-11-26T00:57:35Z	0.213	0.183	0.176	0.191
2019-11-26T01:17:42Z	0.213	0.183	0.176	0.191
2019-11-26T01:37:49Z	0.213	0.183	0.176	0.191
2019-11-26T01:57:56Z	0.213	0.183	0.176	0.191
2019-11-26T02:18:04Z	0.213	0.183	0.176	0.191
2019-11-26T02:38:11Z	0.213	0.183	0.176	0.191
2019-11-26T02:58:18Z	0.213	0.183	0.175	0.191
2019-11-26T03:18:25Z	0.213	0.183	0.175	0.191
2019-11-26T03:38:32Z	0.212	0.183	0.175	0.191
2019-11-26T03:58:39Z	0.212	0.183	0.175	0.191
2019-11-26T04:18:46Z	0.212	0.183	0.175	0.191
2019-11-26T04:38:53Z	0.212	0.183	0.175	0.191
2019-11-26T04:59:00Z	0.212	0.183	0.175	0.191
2019-11-26T05:19:07Z	0.213	0.183	0.175	0.191
2019-11-26T05:39:14Z	0.213	0.183	0.175	0.191
2019-11-26T05:59:21Z	0.212	0.183	0.175	0.191
2019-11-26T06:19:28Z	0.212	0.183	0.175	0.191
2019-11-26T06:39:35Z	0.212	0.183	0.175	0.191
2019-11-26T06:59:42Z	0.212	0.183	0.175	0.191
2019-11-26T07:19:49Z	0.212	0.183	0.175	0.191
2019-11-26T07:39:56Z	0.212	0.183	0.175	0.191
2019-11-26T08:00:03Z	0.212	0.183	0.175	0.191
2019-11-26T08:20:10Z	0.212	0.183	0.175	0.191
2019-11-26T08:40:17Z	0.212	0.183	0.175	0.191
2019-11-26T09:00:24Z	0.212	0.183	0.175	0.191
2019-11-26T09:20:31Z	0.212	0.183	0.175	0.191
2019-11-26T09:40:38Z	0.212	0.183	0.175	0.191
2019-11-26T10:00:45Z	0.212	0.183	0.175	0.191
2019-11-26T10:20:52Z	0.212	0.183	0.175	0.191
2019-11-26T10:40:59Z	0.212	0.183	0.175	0.191
2019-11-26T11:01:06Z	0.212	0.183	0.175	0.191
2019-11-26T11:21:13Z	0.212	0.183	0.175	0.191
2019-11-26T11:41:21Z	0.212	0.183	0.175	0.191
2019-11-26T12:01:28Z	0.212	0.183	0.175	0.191
2019-11-26T12:21:35Z	0.212	0.183	0.175	0.191
2019-11-26T12:41:42Z	0.212	0.183	0.175	0.191
2019-11-26T13:01:49Z	0.212	0.183	0.175	0.191
2019-11-26T13:21:56Z	0.212	0.183	0.175	0.191
2019-11-26T13:42:03Z	0.212	0.183	0.175	0.191
2019-11-26T14:02:10Z	0.212	0.183	0.175	0.191
2019-11-26T14:22:17Z	0.212	0.183	0.175	0.191
2019-11-26T14:42:24Z	0.212	0.183	0.175	0.191
2019-11-26T15:02:31Z	0.212	0.183	0.175	0.191
2019-11-26T15:22:38Z	0.212	0.182	0.175	0.191
2019-11-26T15:42:45Z	0.212	0.182	0.175	0.191
2019-11-26T16:02:52Z	0.212	0.183	0.175	0.191
2019-11-26T16:23:00Z	0.212	0.182	0.175	0.191
2019-11-26T16:43:07Z	0.212	0.183	0.175	0.191
2019-11-26T17:03:14Z	0.212	0.182	0.175	0.191
2019-11-26T17:23:21Z	0.212	0.183	0.175	0.191
2019-11-26T17:43:28Z	0.212	0.183	0.175	0.191
2019-11-26T18:03:35Z	0.212	0.182	0.175	0.191
2019-11-26T18:23:42Z	0.212	0.182	0.175	0.191
2019-11-26T18:43:49Z	0.211	0.182	0.175	0.191
2019-11-26T19:03:56Z	0.212	0.182	0.175	0.191
2019-11-26T19:24:03Z	0.211	0.182	0.175	0.191
2019-11-26T19:44:10Z	0.211	0.182	0.175	0.191
2019-11-26T20:04:17Z	0.211	0.182	0.175	0.191
2019-11-26T20:24:24Z	0.211	0.182	0.174	0.191
2019-11-26T20:44:31Z	0.211	0.182	0.174	0.191
2019-11-26T21:04:38Z	0.211	0.182	0.174	0.191
2019-11-26T21:24:45Z	0.211	0.182	0.174	0.191
2019-11-26T21:44:52Z	0.211	0.182	0.174	0.191
2019-11-26T22:04:59Z	0.211	0.182	0.174	0.191
2019-11-26T22:25:06Z	0.211	0.182	0.174	0.191
2019-11-26T22:45:13Z	0.211	0.182	0.174	0.191
2019-11-26T23:05:21Z	0.211	0.182	0.174	0.191
2019-11-26T23:25:28Z	0.211	0.182	0.174	0.191
2019-11-26T23:45:35Z	0.211	0.182	0.174	0.191
2019-11-27T00:05:42Z	0.211	0.182	0.175	0.191
2019-11-27T00:25:49Z	0.211	0.182	0.174	0.191
2019-11-27T00:45:56Z	0.211	0.182	0.174	0.191
2019-11-27T01:06:03Z	0.211	0.182	0.174	0.191
2019-11-27T01:26:10Z	0.211	0.182	0.174	0.191
2019-11-27T01:46:17Z	0.211	0.182	0.174	0.191
2019-11-27T02:06:24Z	0.211	0.182	0.174	0.191
2019-11-27T02:26:31Z	0.211	0.182	0.174	0.191
2019-11-27T02:46:38Z	0.211	0.182	0.174	0.191
2019-11-27T03:06:45Z	0.211	0.182	0.174	0.191
2019-11-27T03:26:52Z	0.211	0.182	0.174	0.191
2019-11-27T03:46:59Z	0.211	0.182	0.174	0.191
2019-11-27T04:07:06Z	0.211	0.182	0.174	0.191
2019-11-27T04:27:14Z	0.211	0.182	0.174	0.191
2019-11-27T04:47:20Z	0.211	0.182	0.174	0.191
2019-11-27T05:07:27Z	0.211	0.182	0.174	0.191
2019-11-27T05:27:35Z	0.211	0.182	0.174	0.191
2019-11-27T05:47:42Z	0.211	0.182	0.174	0.191
2019-11-27T06:07:49Z	0.211	0.182	0.174	0.191
2019-11-27T06:27:56Z	0.211	0.182	0.174	0.191
2019-11-27T06:48:03Z	0.211	0.182	0.174	0.191
2019-11-27T07:08:10Z	0.211	0.182	0.174	0.191
2019-11-27T07:28:17Z	0.211	0.182	0.174	0.191
2019-11-27T07:48:24Z	0.211	0.182	0.174	0.191
2019-11-27T08:08:31Z	0.211	0.182	0.174	0.191
2019-11-27T08:28:38Z	0.211	0.182	0.174	0.191
2019-11-27T08:48:45Z	0.211	0.182	0.174	0.191
2019-11-27T09:08:52Z	0.211	0.182	0.174	0.191
2019-11-27T09:28:59Z	0.211	0.182	0.174	0.191
2019-11-27T09:49:06Z	0.211	0.181	0.174	0.191
2019-11-27T10:09:13Z	0.211	0.182	0.174	0.191
2019-11-27T10:29:20Z	0.211	0.181	0.174	0.191
2019-11-27T10:49:27Z	0.211	0.181	0.174	0.191
2019-11-27T11:09:34Z	0.211	0.181	0.174	0.191
2019-11-27T11:29:41Z	0.211	0.181	0.174	0.191
2019-11-27T11:49:48Z	0.211	0.181	0.174	0.191
2019-11-27T12:09:55Z	0.211	0.181	0.174	0.191
2019-11-27T12:30:02Z	0.211	0.181	0.174	0.191
2019-11-27T12:50:10Z	0.21	0.181	0.174	0.191
2019-11-27T13:10:17Z	0.21	0.181	0.174	0.191
2019-11-27T13:30:24Z	0.21	0.181	0.174	0.191
2019-11-27T13:50:31Z	0.211	0.181	0.174	0.191
2019-11-27T14:10:38Z	0.212	0.182	0.174	0.191
2019-11-27T14:30:45Z	0.213	0.182	0.174	0.191
2019-11-27T14:50:52Z	0.214	0.183	0.174	0.191
2019-11-27T15:10:59Z	0.214	0.183	0.174	0.191
2019-11-27T15:31:06Z	0.215	0.183	0.174	0.191
2019-11-27T15:51:13Z	0.216	0.183	0.175	0.191
2019-11-27T16:11:20Z	0.216	0.184	0.175	0.191
2019-11-27T16:31:27Z	0.216	0.184	0.175	0.191
2019-11-27T16:51:34Z	0.216	0.184	0.175	0.191
2019-11-27T17:11:41Z	0.216	0.185	0.175	0.191
2019-11-27T17:31:48Z	0.216	0.185	0.175	0.191
2019-11-27T17:51:55Z	0.216	0.185	0.175	0.191
2019-11-27T18:12:02Z	0.216	0.185	0.175	0.191
2019-11-27T18:32:09Z	0.216	0.185	0.175	0.191
2019-11-27T18:52:16Z	0.216	0.185	0.176	0.191
2019-11-27T19:12:23Z	0.216	0.185	0.176	0.191
2019-11-27T19:32:30Z	0.216	0.185	0.176	0.191
2019-11-27T19:52:37Z	0.216	0.185	0.176	0.191
2019-11-27T20:12:45Z	0.216	0.185	0.176	0.191
2019-11-27T20:32:52Z	0.216	0.185	0.176	0.191
2019-11-27T20:52:59Z	0.216	0.185	0.176	0.191
2019-11-27T21:13:06Z	0.216	0.185	0.176	0.191
2019-11-27T21:33:13Z	0.216	0.185	0.176	0.191
2019-11-27T21:53:20Z	0.216	0.185	0.176	0.191
2019-11-27T22:13:27Z	0.215	0.185	0.176	0.191
2019-11-27T22:33:34Z	0.215	0.185	0.176	0.191
2019-11-27T22:53:41Z	0.215	0.185	0.176	0.191
2019-11-27T23:13:48Z	0.215	0.185	0.176	0.191
2019-11-27T23:33:55Z	0.215	0.185	0.176	0.191
2019-11-27T23:54:02Z	0.215	0.185	0.176	0.191
2019-11-28T00:14:09Z	0.215	0.185	0.176	0.191
2019-11-28T00:34:16Z	0.215	0.184	0.176	0.191
2019-11-28T00:54:23Z	0.215	0.184	0.176	0.191
2019-11-28T01:14:31Z	0.214	0.184	0.176	0.191
2019-11-28T01:34:38Z	0.214	0.184	0.176	0.191
2019-11-28T01:54:45Z	0.214	0.184	0.176	0.191
2019-11-28T02:14:52Z	0.214	0.184	0.176	0.191
2019-11-28T02:34:59Z	0.214	0.184	0.176	0.191
2019-11-28T02:55:06Z	0.214	0.184	0.176	0.191
2019-11-28T03:15:13Z	0.214	0.184	0.176	0.191
2019-11-28T03:35:20Z	0.214	0.184	0.176	0.191
2019-11-28T03:55:27Z	0.214	0.184	0.176	0.191
2019-11-28T04:15:34Z	0.214	0.184	0.176	0.191
2019-11-28T04:35:41Z	0.214	0.184	0.176	0.192
2019-11-28T04:55:48Z	0.214	0.184	0.176	0.191
2019-11-28T05:15:55Z	0.214	0.184	0.176	0.191
2019-11-28T05:36:02Z	0.214	0.184	0.176	0.191
2019-11-28T05:56:10Z	0.214	0.184	0.176	0.191
2019-11-28T06:16:17Z	0.214	0.184	0.176	0.191
2019-11-28T06:36:24Z	0.214	0.184	0.176	0.192
2019-11-28T06:56:31Z	0.214	0.184	0.176	0.192
2019-11-28T07:16:38Z	0.214	0.184	0.176	0.192
2019-11-28T07:36:45Z	0.214	0.184	0.176	0.191
2019-11-28T07:56:52Z	0.214	0.184	0.176	0.191
2019-11-28T08:16:59Z	0.214	0.184	0.176	0.191
2019-11-28T08:37:06Z	0.214	0.184	0.176	0.191
2019-11-28T08:57:13Z	0.214	0.183	0.175	0.191
2019-11-28T09:17:20Z	0.214	0.183	0.175	0.191
2019-11-28T09:37:27Z	0.214	0.183	0.176	0.191
2019-11-28T09:57:34Z	0.213	0.183	0.175	0.191
2019-11-28T10:17:41Z	0.213	0.183	0.175	0.191
2019-11-28T10:37:48Z	0.213	0.183	0.175	0.191
2019-11-28T10:57:56Z	0.213	0.183	0.175	0.191
2019-11-28T11:18:03Z	0.213	0.183	0.175	0.191
2019-11-28T11:38:10Z	0.213	0.183	0.175	0.191
2019-11-28T11:58:17Z	0.213	0.183	0.175	0.191
2019-11-28T12:18:24Z	0.213	0.183	0.175	0.191
2019-11-28T12:38:31Z	0.213	0.183	0.175	0.191
2019-11-28T12:58:38Z	0.213	0.183	0.175	0.191
2019-11-28T13:18:46Z	0.213	0.183	0.175	0.191
2019-11-28T13:38:53Z	0.212	0.183	0.175	0.191
2019-11-28T13:59:00Z	0.213	0.183	0.175	0.191
2019-11-28T14:19:07Z	0.212	0.183	0.175	0.191
2019-11-28T14:39:14Z	0.212	0.183	0.175	0.191
2019-11-28T14:59:21Z	0.212	0.183	0.175	0.191
2019-11-28T15:19:28Z	0.212	0.183	0.175	0.191
2019-11-28T15:39:35Z	0.212	0.183	0.175	0.191
2019-11-28T15:59:42Z	0.212	0.183	0.175	0.191
2019-11-28T16:19:49Z	0.212	0.183	0.175	0.191
2019-11-28T16:39:56Z	0.212	0.183	0.175	0.191
2019-11-28T17:00:03Z	0.212	0.183	0.175	0.191
2019-11-28T17:20:10Z	0.212	0.183	0.175	0.191
2019-11-28T17:40:17Z	0.212	0.183	0.175	0.191
2019-11-28T18:00:25Z	0.212	0.183	0.175	0.191
2019-11-28T18:20:32Z	0.212	0.183	0.175	0.191
2019-11-28T18:40:39Z	0.212	0.183	0.175	0.191
2019-11-28T19:00:46Z	0.212	0.183	0.175	0.191
2019-11-28T19:20:53Z	0.212	0.183	0.175	0.191
2019-11-28T19:41:00Z	0.212	0.183	0.175	0.191
2019-11-28T20:01:07Z	0.213	0.183	0.175	0.191
2019-11-28T20:21:14Z	0.213	0.183	0.175	0.191
2019-11-28T20:41:21Z	0.213	0.183	0.175	0.191
2019-11-28T21:01:28Z	0.213	0.183	0.175	0.191
2019-11-28T21:21:35Z	0.213	0.183	0.175	0.191
2019-11-28T21:41:42Z	0.213	0.183	0.175	0.191
2019-11-28T22:01:49Z	0.213	0.183	0.175	0.191
2019-11-28T22:21:57Z	0.212	0.183	0.175	0.191
2019-11-28T22:42:04Z	0.213	0.183	0.175	0.191
2019-11-28T23:02:11Z	0.213	0.183	0.175	0.191
2019-11-28T23:22:18Z	0.212	0.183	0.175	0.191
2019-11-28T23:42:25Z	0.212	0.183	0.175	0.191
2019-11-29T00:02:32Z	0.212	0.183	0.175	0.191
2019-11-29T00:22:39Z	0.212	0.183	0.175	0.191
2019-11-29T00:42:46Z	0.212	0.183	0.175	0.191
2019-11-29T01:02:53Z	0.213	0.183	0.175	0.191
2019-11-29T01:23:00Z	0.213	0.183	0.175	0.191
2019-11-29T01:43:07Z	0.213	0.183	0.175	0.191
2019-11-29T02:03:14Z	0.213	0.183	0.175	0.191
2019-11-29T02:23:21Z	0.213	0.183	0.175	0.191
2019-11-29T02:43:28Z	0.213	0.183	0.175	0.191
2019-11-29T03:03:35Z	0.213	0.183	0.175	0.191
2019-11-29T03:23:42Z	0.213	0.183	0.175	0.191
2019-11-29T03:43:50Z	0.213	0.183	0.175	0.191
2019-11-29T04:03:57Z	0.213	0.183	0.175	0.191
2019-11-29T04:24:04Z	0.213	0.183	0.176	0.191
2019-11-29T04:44:11Z	0.214	0.183	0.176	0.191
2019-11-29T05:04:18Z	0.214	0.183	0.176	0.191
2019-11-29T05:24:25Z	0.214	0.183	0.176	0.191
2019-11-29T05:44:32Z	0.214	0.183	0.176	0.191
2019-11-29T06:04:39Z	0.214	0.183	0.176	0.191
2019-11-29T06:24:46Z	0.214	0.183	0.176	0.191
2019-11-29T06:44:53Z	0.214	0.184	0.176	0.191
2019-11-29T07:05:00Z	0.214	0.183	0.176	0.191
2019-11-29T07:25:07Z	0.214	0.183	0.176	0.191
2019-11-29T07:45:14Z	0.214	0.183	0.176	0.191
2019-11-29T08:05:21Z	0.214	0.183	0.175	0.191
2019-11-29T08:25:28Z	0.214	0.183	0.176	0.191
2019-11-29T08:45:35Z	0.213	0.183	0.176	0.191
2019-11-29T09:05:42Z	0.213	0.183	0.175	0.191
2019-11-29T09:25:49Z	0.213	0.183	0.175	0.191
2019-11-29T09:45:56Z	0.213	0.183	0.175	0.191
2019-11-29T10:06:03Z	0.213	0.183	0.175	0.191
2019-11-29T10:26:10Z	0.213	0.183	0.175	0.191
2019-11-29T10:46:17Z	0.213	0.183	0.175	0.191
2019-11-29T11:06:24Z	0.213	0.183	0.175	0.191
2019-11-29T11:26:31Z	0.213	0.183	0.175	0.191
2019-11-29T11:46:38Z	0.213	0.183	0.175	0.191
2019-11-29T12:06:46Z	0.213	0.183	0.175	0.191
2019-11-29T12:26:53Z	0.212	0.183	0.175	0.191
2019-11-29T12:47:00Z	0.213	0.183	0.175	0.191
2019-11-29T13:07:07Z	0.213	0.183	0.175	0.191
2019-11-29T13:27:14Z	0.213	0.183	0.175	0.191
2019-11-29T13:47:21Z	0.213	0.183	0.175	0.191
2019-11-29T14:07:28Z	0.213	0.183	0.175	0.191
2019-11-29T14:27:35Z	0.213	0.183	0.175	0.191
2019-11-29T14:47:42Z	0.212	0.183	0.175	0.191
2019-11-29T15:07:49Z	0.212	0.183	0.175	0.191
2019-11-29T15:27:56Z	0.213	0.183	0.175	0.191
2019-11-29T15:48:03Z	0.212	0.183	0.175	0.191
2019-11-29T16:08:10Z	0.213	0.183	0.175	0.191
2019-11-29T16:28:17Z	0.212	0.183	0.175	0.191
2019-11-29T16:48:24Z	0.212	0.183	0.175	0.191
2019-11-29T17:08:31Z	0.212	0.183	0.175	0.191
2019-11-29T17:28:38Z	0.212	0.183	0.175	0.191
2019-11-29T17:48:45Z	0.212	0.183	0.175	0.191
2019-11-29T18:08:52Z	0.213	0.183	0.175	0.191
2019-11-29T18:28:59Z	0.213	0.183	0.175	0.191
2019-11-29T18:49:06Z	0.213	0.183	0.175	0.191
2019-11-29T19:09:13Z	0.213	0.183	0.175	0.191
2019-11-29T19:29:20Z	0.213	0.183	0.175	0.191
2019-11-29T19:49:27Z	0.213	0.183	0.175	0.191
2019-11-29T20:09:34Z	0.213	0.183	0.175	0.191
2019-11-29T20:29:41Z	0.213	0.183	0.175	0.191
2019-11-29T20:49:48Z	0.213	0.183	0.176	0.191
2019-11-29T21:09:55Z	0.213	0.183	0.176	0.191
2019-11-29T21:30:02Z	0.213	0.183	0.176	0.191
2019-11-29T21:50:09Z	0.213	0.183	0.175	0.191
2019-11-29T22:10:16Z	0.213	0.183	0.175	0.191
2019-11-29T22:30:23Z	0.213	0.183	0.176	0.191
2019-11-29T22:50:30Z	0.213	0.183	0.176	0.191
2019-11-29T23:10:37Z	0.213	0.183	0.175	0.191
2019-11-29T23:30:44Z	0.213	0.183	0.175	0.191
2019-11-29T23:50:51Z	0.213	0.183	0.175	0.191
2019-11-30T00:10:58Z	0.213	0.183	0.175	0.192
2019-11-30T00:31:05Z	0.213	0.183	0.175	0.191
2019-11-30T00:51:12Z	0.213	0.183	0.176	0.191
2019-11-30T01:11:19Z	0.213	0.183	0.176	0.191
2019-11-30T01:31:26Z	0.213	0.183	0.176	0.192
2019-11-30T01:51:33Z	0.213	0.183	0.176	0.192
2019-11-30T02:11:40Z	0.213	0.183	0.176	0.191
2019-11-30T02:31:47Z	0.213	0.183	0.176	0.191
2019-11-30T02:51:53Z	0.213	0.183	0.176	0.191
2019-11-30T03:12:00Z	0.213	0.183	0.175	0.191
2019-11-30T03:32:07Z	0.213	0.183	0.176	0.192
2019-11-30T03:52:14Z	0.213	0.183	0.176	0.192
2019-11-30T04:12:21Z	0.213	0.183	0.175	0.192
2019-11-30T04:32:28Z	0.213	0.183	0.176	0.192
2019-11-30T04:52:35Z	0.213	0.183	0.175	0.191
2019-11-30T05:12:42Z	0.213	0.183	0.175	0.191
2019-11-30T05:32:49Z	0.213	0.183	0.175	0.191
2019-11-30T05:52:56Z	0.213	0.183	0.175	0.191
2019-11-30T06:13:03Z	0.212	0.183	0.175	0.191
2019-11-30T06:33:10Z	0.212	0.183	0.175	0.191
2019-11-30T06:53:17Z	0.212	0.183	0.175	0.191
2019-11-30T07:13:24Z	0.212	0.183	0.175	0.191
2019-11-30T07:33:31Z	0.212	0.183	0.175	0.191
2019-11-30T07:53:38Z	0.212	0.183	0.175	0.191
2019-11-30T08:13:45Z	0.212	0.183	0.175	0.191
2019-11-30T08:33:52Z	0.212	0.183	0.175	0.191
2019-11-30T08:53:59Z	0.212	0.183	0.175	0.191
2019-11-30T09:14:06Z	0.212	0.183	0.175	0.191
2019-11-30T09:34:13Z	0.212	0.183	0.175	0.191
2019-11-30T09:54:20Z	0.212	0.183	0.175	0.191
2019-11-30T10:14:27Z	0.212	0.182	0.175	0.191
2019-11-30T10:34:34Z	0.212	0.182	0.175	0.191
2019-11-30T10:54:41Z	0.212	0.182	0.175	0.191
2019-11-30T11:14:48Z	0.212	0.182	0.174	0.191
2019-11-30T11:34:55Z	0.212	0.182	0.174	0.191
2019-11-30T11:55:02Z	0.212	0.182	0.175	0.191
2019-11-30T12:15:09Z	0.212	0.182	0.174	0.191
2019-11-30T12:35:16Z	0.212	0.182	0.175	0.191
2019-11-30T12:55:23Z	0.212	0.182	0.174	0.191
2019-11-30T13:15:30Z	0.211	0.182	0.174	0.191
2019-11-30T13:35:37Z	0.212	0.182	0.174	0.191
2019-11-30T13:55:44Z	0.212	0.182	0.175	0.191
2019-11-30T14:15:52Z	0.212	0.182	0.175	0.191
2019-11-30T14:35:59Z	0.212	0.182	0.175	0.191
2019-11-30T14:56:06Z	0.212	0.183	0.175	0.191
2019-11-30T15:16:13Z	0.212	0.183	0.175	0.191
2019-11-30T15:36:20Z	0.212	0.183	0.175	0.191
2019-11-30T15:56:27Z	0.212	0.183	0.175	0.191
2019-11-30T16:16:34Z	0.212	0.183	0.175	0.191
2019-11-30T16:36:40Z	0.212	0.183	0.175	0.191
2019-11-30T16:56:47Z	0.212	0.183	0.175	0.191
2019-11-30T17:16:54Z	0.212	0.183	0.175	0.191
2019-11-30T17:37:01Z	0.212	0.183	0.175	0.191
2019-11-30T17:57:08Z	0.212	0.183	0.175	0.191
2019-11-30T18:17:15Z	0.212	0.183	0.175	0.191
2019-11-30T18:37:22Z	0.212	0.182	0.175	0.191
2019-11-30T18:57:29Z	0.212	0.182	0.175	0.191
2019-11-30T19:17:36Z	0.212	0.182	0.175	0.191
2019-11-30T19:37:43Z	0.212	0.183	0.175	0.191
2019-11-30T19:57:50Z	0.212	0.183	0.175	0.191
2019-11-30T20:17:57Z	0.212	0.182	0.175	0.191
2019-11-30T20:38:04Z	0.212	0.182	0.175	0.191
2019-11-30T20:58:11Z	0.212	0.183	0.175	0.191
2019-11-30T21:18:18Z	0.212	0.182	0.175	0.191
2019-11-30T21:38:25Z	0.212	0.183	0.175	0.191
2019-11-30T21:58:32Z	0.212	0.182	0.175	0.191
2019-11-30T22:18:39Z	0.212	0.183	0.175	0.191
2019-11-30T22:38:46Z	0.212	0.183	0.175	0.191
2019-11-30T22:58:53Z	0.212	0.183	0.175	0.191
2019-11-30T23:19:00Z	0.212	0.182	0.175	0.191
2019-11-30T23:39:07Z	0.212	0.183	0.175	0.191
2019-11-30T23:59:14Z	0.212	0.183	0.175	0.191
2019-12-01T00:19:21Z	0.212	0.183	0.175	0.191
2019-12-01T00:39:28Z	0.212	0.183	0.175	0.191
2019-12-01T00:59:35Z	0.212	0.182	0.175	0.191
2019-12-01T01:19:42Z	0.212	0.183	0.175	0.191
2019-12-01T01:39:49Z	0.212	0.183	0.175	0.191
2019-12-01T01:59:56Z	0.212	0.182	0.175	0.191
2019-12-01T02:20:03Z	0.212	0.182	0.175	0.191
2019-12-01T02:40:09Z	0.212	0.182	0.175	0.191
2019-12-01T03:00:16Z	0.212	0.182	0.175	0.191
2019-12-01T03:20:23Z	0.212	0.182	0.175	0.191
2019-12-01T03:40:30Z	0.211	0.182	0.175	0.191
2019-12-01T04:00:37Z	0.211	0.182	0.175	0.191
2019-12-01T04:20:44Z	0.211	0.182	0.175	0.191
2019-12-01T04:40:51Z	0.211	0.182	0.175	0.191
2019-12-01T05:00:58Z	0.211	0.182	0.175	0.191
2019-12-01T05:21:05Z	0.211	0.182	0.175	0.191
2019-12-01T05:41:12Z	0.212	0.182	0.175	0.191
2019-12-01T06:01:19Z	0.212	0.182	0.175	0.191
2019-12-01T06:21:26Z	0.211	0.182	0.175	0.191
2019-12-01T06:41:33Z	0.211	0.182	0.175	0.191
2019-12-01T07:01:40Z	0.211	0.182	0.175	0.191
2019-12-01T07:21:47Z	0.211	0.182	0.175	0.191
2019-12-01T07:41:54Z	0.211	0.182	0.175	0.191
2019-12-01T08:02:01Z	0.211	0.182	0.175	0.191
2019-12-01T08:22:08Z	0.211	0.182	0.174	0.191
2019-12-01T08:42:15Z	0.211	0.182	0.175	0.191
2019-12-01T09:02:22Z	0.211	0.182	0.174	0.191
2019-12-01T09:22:29Z	0.211	0.182	0.175	0.191
2019-12-01T09:42:36Z	0.211	0.182	0.175	0.191
2019-12-01T10:02:43Z	0.211	0.182	0.174	0.191
2019-12-01T10:22:50Z	0.211	0.182	0.174	0.191
2019-12-01T10:42:57Z	0.211	0.182	0.174	0.191
2019-12-01T11:03:04Z	0.211	0.182	0.174	0.191
2019-12-01T11:23:11Z	0.211	0.182	0.174	0.191
2019-12-01T11:43:18Z	0.211	0.182	0.174	0.191
2019-12-01T12:03:25Z	0.211	0.182	0.174	0.191
2019-12-01T12:23:32Z	0.211	0.182	0.174	0.191
2019-12-01T12:43:39Z	0.211	0.182	0.174	0.191
2019-12-01T13:03:46Z	0.211	0.182	0.174	0.191
2019-12-01T13:23:53Z	0.211	0.182	0.174	0.191
2019-12-01T13:44:00Z	0.211	0.182	0.174	0.191
2019-12-01T14:04:07Z	0.211	0.182	0.174	0.191
2019-12-01T14:24:14Z	0.211	0.182	0.174	0.191
2019-12-01T14:44:21Z	0.211	0.182	0.174	0.191
2019-12-01T15:04:28Z	0.211	0.182	0.174	0.191
2019-12-01T15:24:35Z	0.211	0.182	0.174	0.191
2019-12-01T15:44:42Z	0.211	0.182	0.174	0.191
2019-12-01T16:04:49Z	0.211	0.182	0.174	0.191
2019-12-01T16:24:56Z	0.211	0.182	0.174	0.191
2019-12-01T16:45:03Z	0.211	0.182	0.174	0.191
2019-12-01T17:05:10Z	0.211	0.182	0.174	0.191
2019-12-01T17:25:17Z	0.211	0.182	0.174	0.191
2019-12-01T17:45:24Z	0.211	0.182	0.174	0.191
2019-12-01T18:05:31Z	0.211	0.182	0.174	0.191
2019-12-01T18:25:38Z	0.211	0.182	0.174	0.191
2019-12-01T18:45:45Z	0.211	0.182	0.174	0.191
2019-12-01T19:05:52Z	0.211	0.182	0.174	0.191
2019-12-01T19:25:59Z	0.211	0.182	0.174	0.191
2019-12-01T19:46:06Z	0.211	0.182	0.174	0.191
2019-12-01T20:06:13Z	0.211	0.182	0.174	0.191
2019-12-01T20:26:20Z	0.211	0.182	0.174	0.191
2019-12-01T20:46:27Z	0.211	0.182	0.174	0.191
2019-12-01T21:06:34Z	0.211	0.182	0.174	0.191
2019-12-01T21:26:41Z	0.211	0.181	0.174	0.191
2019-12-01T21:46:48Z	0.211	0.182	0.174	0.191
2019-12-01T22:06:55Z	0.211	0.181	0.174	0.191
2019-12-01T22:27:02Z	0.211	0.182	0.174	0.191
2019-12-01T22:47:09Z	0.211	0.182	0.174	0.191
2019-12-01T23:07:16Z	0.211	0.182	0.174	0.191
2019-12-01T23:27:23Z	0.211	0.182	0.174	0.191
2019-12-01T23:47:30Z	0.211	0.182	0.174	0.191
2019-12-02T00:07:37Z	0.211	0.182	0.174	0.191
2019-12-02T00:27:44Z	0.211	0.182	0.174	0.191
2019-12-02T00:47:51Z	0.211	0.181	0.174	0.191
2019-12-02T01:07:58Z	0.211	0.182	0.174	0.191
2019-12-02T01:28:05Z	0.211	0.181	0.174	0.191
2019-12-02T01:48:12Z	0.211	0.181	0.174	0.191
2019-12-02T02:08:19Z	0.211	0.182	0.174	0.191
2019-12-02T02:28:26Z	0.211	0.181	0.174	0.191
2019-12-02T02:48:33Z	0.211	0.181	0.174	0.191
2019-12-02T03:08:40Z	0.211	0.181	0.174	0.191
2019-12-02T03:28:47Z	0.211	0.181	0.174	0.191
2019-12-02T03:48:54Z	0.211	0.181	0.174	0.191
2019-12-02T04:09:01Z	0.211	0.181	0.174	0.191
2019-12-02T04:29:08Z	0.211	0.181	0.174	0.19
2019-12-02T04:49:15Z	0.211	0.181	0.174	0.191
2019-12-02T05:09:22Z	0.211	0.181	0.174	0.191
2019-12-02T05:29:29Z	0.211	0.181	0.174	0.191
2019-12-02T05:49:36Z	0.211	0.181	0.174	0.191
2019-12-02T06:09:43Z	0.211	0.181	0.174	0.19
2019-12-02T06:29:50Z	0.211	0.181	0.174	0.19
2019-12-02T06:49:57Z	0.211	0.181	0.174	0.191
2019-12-02T07:10:04Z	0.211	0.181	0.174	0.19
2019-12-02T07:30:11Z	0.211	0.181	0.174	0.191
2019-12-02T07:50:18Z	0.211	0.181	0.174	0.191
2019-12-02T08:10:25Z	0.211	0.181	0.174	0.19
2019-12-02T08:30:32Z	0.211	0.181	0.174	0.191
2019-12-02T08:50:39Z	0.21	0.181	0.174	0.191
2019-12-02T09:10:46Z	0.211	0.181	0.174	0.19
2019-12-02T09:30:53Z	0.211	0.181	0.174	0.19
2019-12-02T09:51:00Z	0.211	0.181	0.174	0.19
2019-12-02T10:11:07Z	0.21	0.181	0.174	0.19
2019-12-02T10:31:14Z	0.21	0.181	0.174	0.19
2019-12-02T10:51:21Z	0.21	0.181	0.174	0.19
2019-12-02T11:11:28Z	0.21	0.181	0.174	0.19
2019-12-02T11:31:35Z	0.21	0.181	0.174	0.19
2019-12-02T11:51:42Z	0.21	0.181	0.174	0.19
2019-12-02T12:11:49Z	0.21	0.181	0.174	0.19
2019-12-02T12:31:56Z	0.21	0.181	0.174	0.19
2019-12-02T12:52:03Z	0.21	0.181	0.174	0.19
2019-12-02T13:12:10Z	0.21	0.181	0.174	0.19
2019-12-02T13:32:17Z	0.21	0.181	0.174	0.19
2019-12-02T13:52:24Z	0.21	0.181	0.174	0.19
2019-12-02T14:12:31Z	0.21	0.181	0.174	0.19
2019-12-02T14:32:38Z	0.21	0.181	0.174	0.19
2019-12-02T14:52:45Z	0.21	0.181	0.174	0.19
2019-12-02T15:12:52Z	0.21	0.181	0.174	0.19
2019-12-02T15:32:59Z	0.21	0.181	0.174	0.19
2019-12-02T15:53:06Z	0.21	0.181	0.174	0.19
2019-12-02T16:13:13Z	0.21	0.181	0.174	0.19
2019-12-02T16:33:20Z	0.21	0.181	0.174	0.19
2019-12-02T16:53:27Z	0.21	0.181	0.174	0.19
2019-12-02T17:13:35Z	0.21	0.181	0.174	0.19
2019-12-02T17:33:42Z	0.21	0.181	0.174	0.19
2019-12-02T17:53:49Z	0.21	0.181	0.174	0.19
2019-12-02T18:13:56Z	0.21	0.181	0.174	0.19
2019-12-02T18:34:03Z	0.21	0.181	0.174	0.19
2019-12-02T18:54:10Z	0.21	0.181	0.174	0.19
2019-12-02T19:14:17Z	0.21	0.181	0.174	0.19
2019-12-02T19:34:24Z	0.21	0.181	0.174	0.19
2019-12-02T19:54:31Z	0.21	0.181	0.174	0.19
2019-12-02T20:14:38Z	0.21	0.181	0.174	0.19
2019-12-02T20:34:45Z	0.21	0.181	0.174	0.19
2019-12-02T20:54:52Z	0.21	0.181	0.174	0.19
2019-12-02T21:14:59Z	0.21	0.181	0.174	0.19
2019-12-02T21:35:06Z	0.21	0.181	0.174	0.19
2019-12-02T21:55:13Z	0.21	0.181	0.174	0.19
2019-12-02T22:15:20Z	0.21	0.181	0.174	0.19
2019-12-02T22:35:27Z	0.211	0.181	0.174	0.19
2019-12-02T22:55:34Z	0.21	0.181	0.174	0.19
2019-12-02T23:15:41Z	0.21	0.181	0.174	0.19
2019-12-02T23:35:48Z	0.211	0.181	0.174	0.19
2019-12-02T23:55:55Z	0.211	0.181	0.174	0.19
2019-12-03T00:16:02Z	0.211	0.181	0.174	0.19
2019-12-03T00:36:08Z	0.211	0.181	0.174	0.19
2019-12-03T00:56:15Z	0.211	0.181	0.174	0.19
2019-12-03T01:16:22Z	0.211	0.181	0.174	0.19
2019-12-03T01:36:29Z	0.211	0.181	0.174	0.191
2019-12-03T01:56:36Z	0.21	0.181	0.174	0.19
2019-12-03T02:16:43Z	0.211	0.181	0.174	0.19
2019-12-03T02:36:50Z	0.211	0.181	0.174	0.191
2019-12-03T02:56:57Z	0.211	0.181	0.174	0.191
2019-12-03T03:17:04Z	0.211	0.181	0.174	0.191
2019-12-03T03:37:11Z	0.21	0.181	0.174	0.191
2019-12-03T03:57:18Z	0.21	0.181	0.174	0.191
2019-12-03T04:17:25Z	0.21	0.181	0.174	0.191
2019-12-03T04:37:32Z	0.21	0.181	0.174	0.191
2019-12-03T04:57:39Z	0.21	0.181	0.174	0.191
2019-12-03T05:17:46Z	0.21	0.181	0.174	0.191
2019-12-03T05:37:52Z	0.21	0.181	0.174	0.191
2019-12-03T05:57:59Z	0.21	0.181	0.174	0.191
2019-12-03T06:18:06Z	0.21	0.181	0.174	0.191
2019-12-03T06:38:13Z	0.21	0.181	0.174	0.191
2019-12-03T06:58:20Z	0.21	0.181	0.174	0.191
2019-12-03T07:18:27Z	0.21	0.181	0.174	0.191
2019-12-03T07:38:34Z	0.21	0.181	0.174	0.191
2019-12-03T07:58:41Z	0.21	0.181	0.174	0.191
2019-12-03T08:18:48Z	0.21	0.181	0.174	0.191
2019-12-03T08:38:55Z	0.21	0.181	0.174	0.191
2019-12-03T08:59:02Z	0.21	0.181	0.174	0.191
2019-12-03T09:19:09Z	0.21	0.181	0.174	0.19
2019-12-03T09:39:16Z	0.21	0.181	0.174	0.19
2019-12-03T09:59:23Z	0.21	0.181	0.174	0.19
2019-12-03T10:19:30Z	0.21	0.181	0.174	0.19
2019-12-03T10:39:37Z	0.21	0.181	0.174	0.19
2019-12-03T10:59:44Z	0.21	0.181	0.174	0.19
2019-12-03T11:19:51Z	0.21	0.181	0.173	0.19
2019-12-03T11:39:58Z	0.21	0.181	0.174	0.19
2019-12-03T12:00:05Z	0.21	0.181	0.174	0.19
2019-12-03T12:20:12Z	0.21	0.181	0.174	0.19
2019-12-03T12:40:19Z	0.21	0.181	0.174	0.19
2019-12-03T13:00:26Z	0.21	0.181	0.174	0.19
2019-12-03T13:20:33Z	0.21	0.181	0.174	0.19
2019-12-03T13:40:41Z	0.21	0.181	0.174	0.19
2019-12-03T14:00:48Z	0.21	0.181	0.174	0.19
2019-12-03T14:20:55Z	0.21	0.181	0.174	0.19
2019-12-03T14:41:02Z	0.21	0.181	0.174	0.19
2019-12-03T15:01:09Z	0.21	0.181	0.174	0.19
2019-12-03T15:21:16Z	0.21	0.181	0.174	0.19
2019-12-03T15:41:23Z	0.21	0.181	0.174	0.19
2019-12-03T16:01:30Z	0.21	0.181	0.174	0.19
2019-12-03T16:21:37Z	0.21	0.181	0.174	0.19
2019-12-03T16:41:44Z	0.21	0.181	0.174	0.19
2019-12-03T17:01:51Z	0.21	0.181	0.174	0.19
2019-12-03T17:21:58Z	0.21	0.181	0.174	0.19
2019-12-03T17:42:05Z	0.21	0.181	0.174	0.19
2019-12-03T18:02:12Z	0.21	0.181	0.174	0.19
2019-12-03T18:22:19Z	0.21	0.181	0.174	0.19
2019-12-03T18:42:26Z	0.21	0.181	0.174	0.19
2019-12-03T19:02:33Z	0.21	0.181	0.174	0.189
2019-12-03T19:22:40Z	0.21	0.181	0.174	0.189
2019-12-03T19:42:47Z	0.21	0.181	0.174	0.189
2019-12-03T20:02:54Z	0.21	0.181	0.174	0.189
2019-12-03T20:23:01Z	0.21	0.181	0.174	0.189
2019-12-03T20:43:08Z	0.21	0.181	0.174	0.189
2019-12-03T21:03:15Z	0.21	0.181	0.174	0.189
2019-12-03T21:23:22Z	0.21	0.181	0.174	0.189
2019-12-03T21:43:29Z	0.21	0.181	0.174	0.189
2019-12-03T22:03:36Z	0.21	0.181	0.174	0.189
2019-12-03T22:23:43Z	0.21	0.181	0.174	0.189
2019-12-03T22:43:50Z	0.21	0.181	0.174	0.189
2019-12-03T23:03:57Z	0.21	0.181	0.174	0.189
2019-12-03T23:24:04Z	0.21	0.181	0.174	0.189
2019-12-03T23:44:11Z	0.21	0.181	0.174	0.189
2019-12-04T00:04:18Z	0.21	0.181	0.174	0.189
2019-12-04T00:24:25Z	0.21	0.181	0.174	0.189
2019-12-04T00:44:33Z	0.21	0.181	0.174	0.189
2019-12-04T01:04:40Z	0.21	0.181	0.174	0.189
2019-12-04T01:24:47Z	0.21	0.181	0.174	0.189
2019-12-04T01:44:54Z	0.21	0.181	0.174	0.189
2019-12-04T02:05:01Z	0.21	0.181	0.174	0.188
2019-12-04T02:25:08Z	0.21	0.181	0.174	0.188
2019-12-04T02:45:15Z	0.21	0.181	0.174	0.188
2019-12-04T03:05:22Z	0.21	0.181	0.174	0.188
2019-12-04T03:25:29Z	0.21	0.181	0.174	0.188
2019-12-04T03:45:36Z	0.21	0.181	0.174	0.188
2019-12-04T04:05:43Z	0.21	0.181	0.174	0.188
2019-12-04T04:25:50Z	0.21	0.181	0.174	0.188
2019-12-04T04:45:57Z	0.21	0.181	0.174	0.188
2019-12-04T05:06:04Z	0.21	0.181	0.174	0.188
2019-12-04T05:26:11Z	0.21	0.181	0.174	0.188
2019-12-04T05:46:18Z	0.21	0.181	0.174	0.188
2019-12-04T06:06:25Z	0.21	0.181	0.174	0.187
2019-12-04T06:26:32Z	0.21	0.181	0.174	0.187
2019-12-04T06:46:39Z	0.21	0.181	0.174	0.187
2019-12-04T07:06:46Z	0.21	0.181	0.174	0.187
2019-12-04T07:26:53Z	0.21	0.181	0.174	0.187
2019-12-04T07:47:00Z	0.21	0.181	0.174	0.187
2019-12-04T08:07:07Z	0.21	0.181	0.174	0.187
2019-12-04T08:27:14Z	0.21	0.181	0.174	0.187
2019-12-04T08:47:21Z	0.21	0.181	0.174	0.186
2019-12-04T09:07:28Z	0.21	0.181	0.174	0.186
2019-12-04T09:27:35Z	0.21	0.181	0.174	0.186
2019-12-04T09:47:42Z	0.21	0.181	0.173	0.186
2019-12-04T10:07:49Z	0.21	0.18	0.173	0.186
2019-12-04T10:27:56Z	0.21	0.18	0.173	0.186
2019-12-04T10:48:03Z	0.209	0.18	0.173	0.186
2019-12-04T11:08:10Z	0.209	0.18	0.173	0.186
2019-12-04T11:28:18Z	0.209	0.18	0.173	0.186
2019-12-04T11:48:25Z	0.209	0.18	0.173	0.186
2019-12-04T12:08:32Z	0.209	0.18	0.173	0.186
2019-12-04T12:28:39Z	0.209	0.18	0.173	0.186
2019-12-04T12:48:46Z	0.209	0.18	0.173	0.186
2019-12-04T13:08:53Z	0.209	0.18	0.173	0.186
2019-12-04T13:29:00Z	0.209	0.18	0.173	0.186
2019-12-04T13:49:07Z	0.209	0.18	0.173	0.186
2019-12-04T14:09:14Z	0.209	0.18	0.173	0.186
2019-12-04T14:29:21Z	0.209	0.18	0.174	0.186
2019-12-04T14:49:28Z	0.209	0.18	0.174	0.186
2019-12-04T15:09:36Z	0.21	0.181	0.174	0.186
2019-12-04T15:29:43Z	0.209	0.181	0.174	0.186
2019-12-04T15:49:50Z	0.21	0.181	0.174	0.186
2019-12-04T16:09:57Z	0.21	0.181	0.174	0.186
2019-12-04T16:30:04Z	0.21	0.181	0.174	0.186
2019-12-04T16:50:11Z	0.21	0.181	0.174	0.186
2019-12-04T17:10:18Z	0.21	0.181	0.174	0.186
2019-12-04T17:30:25Z	0.21	0.181	0.174	0.186
2019-12-04T17:50:32Z	0.21	0.181	0.174	0.186
2019-12-04T18:10:39Z	0.21	0.181	0.174	0.186
2019-12-04T18:30:46Z	0.21	0.181	0.174	0.186
2019-12-04T18:50:53Z	0.21	0.181	0.174	0.186
2019-12-04T19:11:00Z	0.21	0.181	0.174	0.186
2019-12-04T19:31:07Z	0.21	0.181	0.174	0.186
2019-12-04T19:51:14Z	0.21	0.181	0.174	0.186
2019-12-04T20:11:21Z	0.21	0.18	0.174	0.186
2019-12-04T20:31:28Z	0.21	0.18	0.174	0.187
2019-12-04T20:51:34Z	0.21	0.181	0.174	0.187
2019-12-04T21:11:41Z	0.21	0.181	0.174	0.187
2019-12-04T21:31:48Z	0.21	0.181	0.174	0.187
2019-12-04T21:51:55Z	0.21	0.181	0.174	0.187
2019-12-04T22:12:02Z	0.21	0.181	0.174	0.186
2019-12-04T22:32:09Z	0.21	0.181	0.174	0.187
2019-12-04T22:52:16Z	0.21	0.181	0.174	0.186
2019-12-04T23:12:23Z	0.21	0.181	0.174	0.186
2019-12-04T23:32:30Z	0.21	0.181	0.174	0.186
2019-12-04T23:52:37Z	0.21	0.181	0.174	0.186
2019-12-05T00:12:44Z	0.21	0.181	0.174	0.186
2019-12-05T00:32:51Z	0.21	0.18	0.174	0.186
2019-12-05T00:52:58Z	0.21	0.181	0.174	0.186
2019-12-05T01:13:05Z	0.21	0.181	0.174	0.186
2019-12-05T01:33:12Z	0.21	0.181	0.174	0.186
2019-12-05T01:53:19Z	0.21	0.181	0.174	0.186
2019-12-05T02:13:26Z	0.21	0.181	0.174	0.186
2019-12-05T02:33:33Z	0.21	0.181	0.174	0.186
2019-12-05T02:53:40Z	0.21	0.181	0.174	0.186
2019-12-05T03:13:47Z	0.21	0.181	0.174	0.186
2019-12-05T03:33:54Z	0.21	0.181	0.174	0.186
2019-12-05T03:54:00Z	0.21	0.181	0.174	0.186
2019-12-05T04:14:07Z	0.21	0.181	0.174	0.186
2019-12-05T04:34:14Z	0.21	0.18	0.174	0.186
2019-12-05T04:54:21Z	0.21	0.181	0.174	0.186
2019-12-05T05:14:28Z	0.21	0.181	0.174	0.186
2019-12-05T05:34:35Z	0.21	0.181	0.174	0.186
2019-12-05T05:54:42Z	0.21	0.181	0.174	0.186
2019-12-05T06:14:49Z	0.21	0.18	0.174	0.186
2019-12-05T06:34:56Z	0.21	0.181	0.174	0.186
2019-12-05T06:55:03Z	0.209	0.181	0.174	0.186
2019-12-05T07:15:10Z	0.21	0.181	0.174	0.186
2019-12-05T07:35:17Z	0.209	0.18	0.174	0.186
2019-12-05T07:55:24Z	0.209	0.18	0.174	0.186
2019-12-05T08:15:31Z	0.209	0.18	0.174	0.186
2019-12-05T08:35:38Z	0.209	0.18	0.173	0.186
2019-12-05T08:55:45Z	0.209	0.18	0.173	0.186
2019-12-05T09:15:52Z	0.209	0.18	0.173	0.186
2019-12-05T09:35:59Z	0.209	0.18	0.173	0.186
2019-12-05T09:56:06Z	0.209	0.18	0.173	0.186
2019-12-05T10:16:13Z	0.209	0.18	0.173	0.185
2019-12-05T10:36:20Z	0.209	0.18	0.173	0.185
2019-12-05T10:56:27Z	0.209	0.18	0.173	0.185
2019-12-05T11:16:40Z	0.209	0.179	0.173	0.185
2019-12-05T11:17:45Z	0.209	0.18	0.173	0.185
2019-12-05T11:20:02Z	0.209	0.179	0.173	0.185
2019-12-05T11:40:02Z	0.209	0.179	0.173	0.186
2019-12-05T12:00:02Z	0.209	0.179	0.173	0.186
2019-12-05T12:20:02Z	0.209	0.179	0.173	0.186
2019-12-05T12:40:02Z	0.209	0.179	0.173	0.186
2019-12-05T13:00:02Z	0.209	0.179	0.173	0.186
2019-12-05T13:20:02Z	0.209	0.179	0.173	0.186
2019-12-05T13:40:02Z	0.209	0.179	0.173	0.186
2019-12-05T14:00:02Z	0.209	0.179	0.173	0.186
2019-12-05T14:20:02Z	0.209	0.18	0.173	0.186
2019-12-05T14:40:02Z	0.209	0.18	0.173	0.186
2019-12-05T15:00:02Z	0.209	0.18	0.173	0.186
2019-12-05T15:20:02Z	0.209	0.18	0.173	0.186
2019-12-05T15:40:02Z	0.209	0.18	0.173	0.186
2019-12-05T16:00:02Z	0.209	0.18	0.173	0.187
2019-12-05T16:20:02Z	0.209	0.18	0.173	0.187
2019-12-05T16:40:02Z	0.209	0.18	0.173	0.187
2019-12-05T17:00:02Z	0.209	0.18	0.173	0.187
2019-12-05T17:20:02Z	0.209	0.18	0.173	0.187
2019-12-05T17:40:02Z	0.209	0.18	0.173	0.187
2019-12-05T18:00:02Z	0.209	0.18	0.173	0.187
2019-12-05T18:20:02Z	0.209	0.18	0.173	0.188
2019-12-05T18:40:02Z	0.209	0.18	0.173	0.188
2019-12-05T19:00:02Z	0.209	0.18	0.173	0.188
2019-12-05T19:20:02Z	0.209	0.18	0.173	0.188
2019-12-05T19:40:02Z	0.209	0.18	0.173	0.188
2019-12-05T20:00:02Z	0.209	0.18	0.173	0.188
2019-12-05T20:20:02Z	0.209	0.18	0.173	0.189
2019-12-05T20:40:02Z	0.209	0.18	0.173	0.188
2019-12-05T21:00:02Z	0.209	0.18	0.173	0.189
2019-12-05T21:20:02Z	0.209	0.18	0.173	0.189
2019-12-05T21:40:02Z	0.209	0.18	0.173	0.189
2019-12-05T22:00:02Z	0.209	0.18	0.173	0.189
2019-12-05T22:20:02Z	0.209	0.18	0.173	0.189
2019-12-05T22:40:02Z	0.209	0.18	0.173	0.189
2019-12-05T23:00:02Z	0.209	0.18	0.173	0.189
2019-12-05T23:20:02Z	0.209	0.18	0.173	0.189
2019-12-05T23:40:02Z	0.209	0.18	0.173	0.189
2019-12-06T00:00:02Z	0.209	0.18	0.173	0.189
2019-12-06T00:20:02Z	0.209	0.18	0.173	0.189
2019-12-06T00:40:02Z	0.209	0.18	0.173	0.189
2019-12-06T01:00:02Z	0.209	0.18	0.173	0.189
2019-12-06T01:20:02Z	0.209	0.18	0.173	0.189
2019-12-06T01:40:02Z	0.209	0.18	0.173	0.189
2019-12-06T02:00:02Z	0.209	0.18	0.173	0.189
2019-12-06T02:20:02Z	0.209	0.18	0.173	0.189
2019-12-06T02:40:02Z	0.209	0.18	0.173	0.189
2019-12-06T03:00:02Z	0.209	0.18	0.173	0.189
2019-12-06T03:20:02Z	0.209	0.18	0.173	0.189
2019-12-06T03:40:02Z	0.209	0.18	0.173	0.19
2019-12-06T04:00:02Z	0.209	0.18	0.173	0.19
2019-12-06T04:20:02Z	0.209	0.18	0.173	0.19
2019-12-06T04:40:02Z	0.209	0.18	0.173	0.19
2019-12-06T05:00:02Z	0.209	0.18	0.173	0.19
2019-12-06T05:20:02Z	0.209	0.18	0.173	0.19
2019-12-06T05:40:02Z	0.209	0.18	0.173	0.19
2019-12-06T06:00:02Z	0.209	0.18	0.173	0.19
2019-12-06T06:20:02Z	0.209	0.18	0.173	0.19
2019-12-06T06:40:02Z	0.209	0.18	0.173	0.19
2019-12-06T07:00:02Z	0.209	0.18	0.173	0.19
2019-12-06T07:20:02Z	0.209	0.18	0.173	0.19
2019-12-06T07:40:02Z	0.209	0.179	0.173	0.19
2019-12-06T08:00:02Z	0.209	0.179	0.173	0.19
2019-12-06T08:20:02Z	0.209	0.179	0.173	0.19
2019-12-06T08:40:02Z	0.209	0.179	0.173	0.19
2019-12-06T09:00:02Z	0.209	0.179	0.173	0.19
2019-12-06T09:20:02Z	0.209	0.179	0.173	0.19
2019-12-06T09:40:02Z	0.208	0.179	0.173	0.19
2019-12-06T10:00:02Z	0.208	0.179	0.173	0.19
2019-12-06T10:20:02Z	0.208	0.179	0.173	0.19
2019-12-06T10:40:02Z	0.208	0.179	0.173	0.19
2019-12-06T11:00:02Z	0.208	0.179	0.173	0.19
2019-12-06T11:20:02Z	0.208	0.179	0.173	0.191
2019-12-06T11:40:02Z	0.208	0.179	0.173	0.19
2019-12-06T12:00:02Z	0.208	0.179	0.173	0.191
2019-12-06T12:20:02Z	0.209	0.179	0.173	0.191
2019-12-06T12:40:02Z	0.209	0.18	0.173	0.191
2019-12-06T13:00:02Z	0.21	0.18	0.173	0.191
2019-12-06T13:20:02Z	0.21	0.18	0.173	0.191
2019-12-06T13:40:02Z	0.211	0.18	0.173	0.191
2019-12-06T14:00:02Z	0.212	0.181	0.173	0.191
2019-12-06T14:20:02Z	0.213	0.181	0.173	0.191
2019-12-06T14:40:02Z	0.213	0.181	0.173	0.191
2019-12-06T15:00:02Z	0.214	0.181	0.174	0.191
2019-12-06T15:20:02Z	0.214	0.181	0.174	0.191
2019-12-06T15:40:02Z	0.215	0.182	0.174	0.191
2019-12-06T16:00:02Z	0.216	0.182	0.174	0.191
2019-12-06T16:20:02Z	0.216	0.183	0.174	0.191
2019-12-06T16:40:02Z	0.217	0.183	0.174	0.191
2019-12-06T17:00:02Z	0.217	0.183	0.174	0.191
2019-12-06T17:20:02Z	0.218	0.183	0.174	0.191
2019-12-06T17:40:02Z	0.218	0.184	0.174	0.191
2019-12-06T18:00:02Z	0.22	0.184	0.175	0.191
2019-12-06T18:20:02Z	0.22	0.185	0.175	0.191
2019-12-06T18:40:02Z	0.222	0.186	0.175	0.191
2019-12-06T19:00:02Z	0.222	0.186	0.175	0.191
2019-12-06T19:20:02Z	0.224	0.187	0.175	0.191
2019-12-06T19:40:02Z	0.224	0.187	0.175	0.191
2019-12-06T20:00:02Z	0.224	0.188	0.176	0.191
2019-12-06T20:20:02Z	0.224	0.188	0.176	0.191
2019-12-06T20:40:02Z	0.224	0.188	0.176	0.191
2019-12-06T21:00:02Z	0.224	0.189	0.176	0.192
2019-12-06T21:20:02Z	0.224	0.189	0.176	0.192
2019-12-06T21:40:02Z	0.224	0.189	0.176	0.192
2019-12-06T22:00:02Z	0.224	0.189	0.176	0.192
2019-12-06T22:20:02Z	0.223	0.189	0.177	0.192
2019-12-06T22:40:02Z	0.223	0.189	0.177	0.192
2019-12-06T23:00:02Z	0.223	0.189	0.177	0.192
2019-12-06T23:20:02Z	0.223	0.189	0.177	0.192
2019-12-06T23:40:02Z	0.222	0.189	0.177	0.192
2019-12-07T00:00:02Z	0.222	0.189	0.177	0.192
2019-12-07T00:20:02Z	0.222	0.189	0.177	0.192
2019-12-07T00:40:02Z	0.222	0.189	0.177	0.192
2019-12-07T01:00:02Z	0.222	0.189	0.177	0.192
2019-12-07T01:20:02Z	0.222	0.189	0.177	0.193
2019-12-07T01:40:02Z	0.222	0.189	0.177	0.193
2019-12-07T02:00:02Z	0.222	0.189	0.177	0.193
2019-12-07T02:20:02Z	0.222	0.189	0.177	0.193
2019-12-07T02:40:02Z	0.222	0.189	0.177	0.193
2019-12-07T03:00:02Z	0.222	0.189	0.177	0.193
2019-12-07T03:20:02Z	0.222	0.189	0.177	0.193
2019-12-07T03:40:02Z	0.222	0.189	0.177	0.193
2019-12-07T04:00:02Z	0.222	0.189	0.177	0.193
2019-12-07T04:20:02Z	0.221	0.189	0.177	0.193
2019-12-07T04:40:02Z	0.221	0.189	0.177	0.193
2019-12-07T05:00:02Z	0.221	0.189	0.178	0.193
2019-12-07T05:20:02Z	0.221	0.189	0.178	0.193
2019-12-07T05:40:02Z	0.221	0.189	0.178	0.193
2019-12-07T06:00:02Z	0.222	0.189	0.178	0.193
2019-12-07T06:20:02Z	0.223	0.189	0.178	0.193
2019-12-07T06:40:02Z	0.223	0.19	0.178	0.194
2019-12-07T07:00:02Z	0.223	0.19	0.178	0.194
2019-12-07T07:20:02Z	0.223	0.19	0.178	0.194
2019-12-07T07:40:02Z	0.223	0.19	0.178	0.194
2019-12-07T08:00:02Z	0.223	0.19	0.178	0.194
2019-12-07T08:20:02Z	0.223	0.19	0.178	0.194
2019-12-07T08:40:02Z	0.222	0.19	0.178	0.194
2019-12-07T09:00:02Z	0.222	0.19	0.178	0.194
2019-12-07T09:20:02Z	0.222	0.19	0.178	0.194
2019-12-07T09:40:02Z	0.222	0.19	0.178	0.194
2019-12-07T10:00:02Z	0.222	0.19	0.178	0.194
2019-12-07T10:20:02Z	0.222	0.19	0.178	0.194
2019-12-07T10:40:02Z	0.222	0.19	0.178	0.194
2019-12-07T11:00:02Z	0.222	0.19	0.178	0.194
2019-12-07T11:20:02Z	0.222	0.19	0.178	0.194
2019-12-07T11:40:02Z	0.222	0.19	0.178	0.194
2019-12-07T12:00:02Z	0.221	0.19	0.178	0.194
2019-12-07T12:20:02Z	0.221	0.19	0.178	0.194
2019-12-07T12:40:02Z	0.221	0.189	0.178	0.194
2019-12-07T13:00:02Z	0.22	0.189	0.178	0.194
2019-12-07T13:20:02Z	0.22	0.189	0.178	0.194
2019-12-07T13:40:02Z	0.22	0.189	0.178	0.194
2019-12-07T14:00:02Z	0.22	0.189	0.178	0.194
2019-12-07T14:20:02Z	0.22	0.189	0.178	0.194
2019-12-07T14:40:02Z	0.22	0.189	0.178	0.194
2019-12-07T15:00:02Z	0.22	0.189	0.178	0.194
2019-12-07T15:20:02Z	0.22	0.189	0.178	0.194
2019-12-07T15:40:02Z	0.22	0.189	0.178	0.194
2019-12-07T16:00:02Z	0.22	0.189	0.178	0.194
2019-12-07T16:20:02Z	0.22	0.189	0.178	0.194
2019-12-07T16:40:02Z	0.22	0.189	0.178	0.194
2019-12-07T17:00:02Z	0.22	0.189	0.178	0.194
2019-12-07T17:20:02Z	0.22	0.189	0.178	0.194
2019-12-07T17:40:02Z	0.22	0.188	0.178	0.194
2019-12-07T18:00:02Z	0.22	0.188	0.178	0.194
2019-12-07T18:20:02Z	0.22	0.188	0.178	0.194
2019-12-07T18:40:02Z	0.22	0.188	0.178	0.194
2019-12-07T19:00:02Z	0.219	0.188	0.178	0.194
2019-12-07T19:20:02Z	0.219	0.188	0.178	0.194
2019-12-07T19:40:02Z	0.219	0.188	0.178	0.194
2019-12-07T20:00:02Z	0.219	0.188	0.178	0.194
2019-12-07T20:20:02Z	0.219	0.188	0.178	0.194
2019-12-07T20:40:02Z	0.219	0.188	0.178	0.194
2019-12-07T21:00:02Z	0.218	0.188	0.178	0.194
2019-12-07T21:20:02Z	0.218	0.188	0.178	0.194
2019-12-07T21:40:02Z	0.218	0.188	0.178	0.194
2019-12-07T22:00:02Z	0.218	0.188	0.178	0.194
2019-12-07T22:20:02Z	0.218	0.188	0.178	0.194
2019-12-07T22:40:02Z	0.218	0.188	0.178	0.194
2019-12-07T23:00:02Z	0.218	0.188	0.178	0.194
2019-12-07T23:20:02Z	0.218	0.188	0.178	0.194
2019-12-07T23:40:02Z	0.218	0.188	0.178	0.194
2019-12-08T00:00:02Z	0.218	0.188	0.178	0.194
2019-12-08T00:20:02Z	0.218	0.188	0.178	0.194
2019-12-08T00:40:02Z	0.218	0.188	0.178	0.194
2019-12-08T01:00:02Z	0.218	0.188	0.178	0.194
2019-12-08T01:20:02Z	0.218	0.188	0.178	0.194
2019-12-08T01:40:02Z	0.218	0.188	0.178	0.194
2019-12-08T02:00:02Z	0.218	0.188	0.178	0.194
2019-12-08T02:20:02Z	0.218	0.188	0.178	0.194
2019-12-08T02:40:02Z	0.218	0.187	0.178	0.194
2019-12-08T03:00:02Z	0.218	0.187	0.178	0.194
2019-12-08T03:20:02Z	0.218	0.187	0.178	0.194
2019-12-08T03:40:02Z	0.218	0.187	0.178	0.194
2019-12-08T04:00:02Z	0.218	0.187	0.178	0.194
2019-12-08T04:20:02Z	0.218	0.187	0.178	0.194
2019-12-08T04:40:02Z	0.218	0.187	0.178	0.194
2019-12-08T05:00:02Z	0.217	0.187	0.178	0.194
2019-12-08T05:20:02Z	0.217	0.187	0.178	0.194
2019-12-08T05:40:02Z	0.217	0.187	0.178	0.194
2019-12-08T06:00:02Z	0.217	0.187	0.178	0.194
2019-12-08T06:20:02Z	0.217	0.187	0.178	0.194
2019-12-08T06:40:02Z	0.217	0.187	0.178	0.194
2019-12-08T07:00:02Z	0.217	0.187	0.178	0.194
2019-12-08T07:20:02Z	0.217	0.187	0.178	0.194
2019-12-08T07:40:02Z	0.217	0.187	0.178	0.194
2019-12-08T08:00:02Z	0.217	0.187	0.178	0.194
2019-12-08T08:20:02Z	0.217	0.186	0.178	0.194
2019-12-08T08:40:02Z	0.217	0.186	0.178	0.194
2019-12-08T09:00:02Z	0.217	0.186	0.178	0.194
2019-12-08T09:20:02Z	0.217	0.186	0.177	0.194
2019-12-08T09:40:02Z	0.217	0.186	0.177	0.194
2019-12-08T10:00:02Z	0.216	0.186	0.177	0.194
2019-12-08T10:20:02Z	0.216	0.186	0.177	0.194
2019-12-08T10:40:02Z	0.216	0.186	0.177	0.194
2019-12-08T11:00:02Z	0.216	0.186	0.177	0.194
2019-12-08T11:20:02Z	0.216	0.186	0.177	0.194
2019-12-08T11:40:02Z	0.216	0.186	0.177	0.194
2019-12-08T12:00:02Z	0.216	0.186	0.177	0.194
2019-12-08T12:20:02Z	0.216	0.186	0.177	0.194
2019-12-08T12:40:02Z	0.216	0.186	0.177	0.194
2019-12-08T13:00:02Z	0.216	0.186	0.177	0.194
2019-12-08T13:20:02Z	0.216	0.186	0.177	0.194
2019-12-08T13:40:02Z	0.216	0.186	0.177	0.194
2019-12-08T14:00:02Z	0.216	0.186	0.177	0.194
2019-12-08T14:20:02Z	0.216	0.186	0.177	0.194
2019-12-08T14:40:02Z	0.216	0.186	0.177	0.194
2019-12-08T15:00:02Z	0.216	0.186	0.177	0.194
2019-12-08T15:20:02Z	0.216	0.186	0.177	0.194
2019-12-08T15:40:02Z	0.216	0.186	0.177	0.194
2019-12-08T16:00:02Z	0.215	0.186	0.177	0.194
2019-12-08T16:20:02Z	0.215	0.186	0.177	0.194
2019-12-08T16:40:02Z	0.215	0.186	0.177	0.194
2019-12-08T17:00:02Z	0.215	0.185	0.177	0.194
2019-12-08T17:20:02Z	0.215	0.186	0.177	0.194
2019-12-08T17:40:02Z	0.215	0.185	0.177	0.194
2019-12-08T18:00:02Z	0.215	0.185	0.177	0.194
2019-12-08T18:20:02Z	0.215	0.185	0.177	0.194
2019-12-08T18:40:02Z	0.215	0.185	0.177	0.194
2019-12-08T19:00:02Z	0.215	0.185	0.177	0.194
2019-12-08T19:20:02Z	0.215	0.185	0.177	0.194
2019-12-08T19:40:02Z	0.215	0.185	0.177	0.194
2019-12-08T20:00:02Z	0.215	0.185	0.177	0.194
2019-12-08T20:20:02Z	0.215	0.185	0.177	0.194
2019-12-08T20:40:02Z	0.215	0.185	0.177	0.194
2019-12-08T21:00:02Z	0.215	0.185	0.177	0.194
2019-12-08T21:20:02Z	0.215	0.185	0.177	0.194
2019-12-08T21:40:02Z	0.215	0.185	0.177	0.194
2019-12-08T22:00:02Z	0.215	0.185	0.177	0.194
2019-12-08T22:20:02Z	0.215	0.185	0.177	0.194
2019-12-08T22:40:02Z	0.215	0.185	0.177	0.194
2019-12-08T23:00:02Z	0.215	0.185	0.177	0.194
2019-12-08T23:20:02Z	0.215	0.185	0.177	0.194
2019-12-08T23:40:02Z	0.215	0.185	0.177	0.194
2019-12-09T00:00:02Z	0.214	0.185	0.177	0.194
2019-12-09T00:20:02Z	0.214	0.185	0.177	0.194
2019-12-09T00:40:02Z	0.214	0.185	0.177	0.194
2019-12-09T01:00:02Z	0.214	0.185	0.177	0.194
2019-12-09T01:20:02Z	0.214	0.185	0.177	0.194
2019-12-09T01:40:02Z	0.214	0.185	0.177	0.194
2019-12-09T02:00:02Z	0.214	0.185	0.177	0.194
2019-12-09T02:20:02Z	0.214	0.185	0.177	0.194
2019-12-09T02:40:02Z	0.214	0.185	0.177	0.194
2019-12-09T03:00:02Z	0.214	0.185	0.177	0.194
2019-12-09T03:20:02Z	0.214	0.185	0.177	0.194
2019-12-09T03:40:02Z	0.214	0.185	0.177	0.194
2019-12-09T04:00:02Z	0.214	0.185	0.177	0.194
2019-12-09T04:20:02Z	0.214	0.185	0.177	0.194
2019-12-09T04:40:02Z	0.214	0.185	0.177	0.194
2019-12-09T05:00:02Z	0.214	0.185	0.177	0.194
2019-12-09T05:20:02Z	0.214	0.185	0.177	0.194
2019-12-09T05:40:02Z	0.214	0.185	0.177	0.194
2019-12-09T06:00:02Z	0.214	0.185	0.177	0.194
2019-12-09T06:20:02Z	0.214	0.185	0.177	0.194
2019-12-09T06:40:02Z	0.214	0.185	0.177	0.194
2019-12-09T07:00:02Z	0.214	0.185	0.177	0.194
2019-12-09T07:20:02Z	0.214	0.185	0.177	0.194
2019-12-09T07:40:02Z	0.214	0.185	0.177	0.194
2019-12-09T08:00:02Z	0.214	0.185	0.177	0.194
2019-12-09T08:20:02Z	0.214	0.184	0.177	0.194
2019-12-09T08:40:02Z	0.214	0.184	0.177	0.194
2019-12-09T09:00:02Z	0.214	0.184	0.176	0.194
2019-12-09T09:20:02Z	0.214	0.184	0.176	0.194
2019-12-09T09:40:02Z	0.214	0.184	0.176	0.193
2019-12-09T10:00:02Z	0.214	0.184	0.176	0.193
2019-12-09T10:20:02Z	0.214	0.184	0.176	0.193
2019-12-09T10:40:02Z	0.214	0.184	0.176	0.193
2019-12-09T11:00:02Z	0.214	0.183	0.176	0.193
2019-12-09T11:20:02Z	0.213	0.183	0.176	0.193
2019-12-09T11:40:02Z	0.213	0.183	0.176	0.193
2019-12-09T12:00:02Z	0.213	0.184	0.176	0.193
2019-12-09T12:20:02Z	0.213	0.183	0.176	0.193
2019-12-09T12:40:02Z	0.213	0.183	0.176	0.193
2019-12-09T13:00:02Z	0.213	0.183	0.176	0.193
2019-12-09T13:20:02Z	0.213	0.183	0.176	0.193
2019-12-09T13:40:02Z	0.213	0.183	0.176	0.193
2019-12-09T14:00:02Z	0.213	0.183	0.176	0.193
2019-12-09T14:20:02Z	0.213	0.183	0.176	0.193
2019-12-09T14:40:02Z	0.213	0.183	0.176	0.193
2019-12-09T15:00:02Z	0.213	0.183	0.176	0.193
2019-12-09T15:20:02Z	0.213	0.183	0.176	0.193
2019-12-09T15:40:02Z	0.213	0.183	0.176	0.193
2019-12-09T16:00:02Z	0.213	0.183	0.176	0.193
2019-12-09T16:20:02Z	0.213	0.183	0.176	0.193
2019-12-09T16:40:02Z	0.213	0.183	0.176	0.193
2019-12-09T17:00:02Z	0.213	0.183	0.176	0.193
2019-12-09T17:20:02Z	0.213	0.183	0.176	0.193
2019-12-09T17:40:02Z	0.213	0.183	0.176	0.193
2019-12-09T18:00:02Z	0.213	0.183	0.176	0.194
2019-12-09T18:20:02Z	0.213	0.183	0.176	0.194
2019-12-09T18:40:02Z	0.213	0.184	0.176	0.194
2019-12-09T19:00:02Z	0.213	0.184	0.176	0.194
2019-12-09T19:20:02Z	0.214	0.184	0.176	0.194
2019-12-09T19:40:02Z	0.214	0.184	0.176	0.193
2019-12-09T20:00:02Z	0.214	0.184	0.176	0.193
2019-12-09T20:20:02Z	0.214	0.184	0.176	0.193
2019-12-09T20:40:02Z	0.214	0.184	0.176	0.194
2019-12-09T21:00:02Z	0.214	0.184	0.176	0.193
2019-12-09T21:20:02Z	0.214	0.184	0.176	0.193
2019-12-09T21:40:02Z	0.214	0.184	0.176	0.194
2019-12-09T22:00:02Z	0.214	0.184	0.176	0.193
2019-12-09T22:20:02Z	0.214	0.184	0.176	0.193
2019-12-09T22:40:02Z	0.214	0.184	0.176	0.193
2019-12-09T23:00:02Z	0.214	0.184	0.176	0.193
2019-12-09T23:20:02Z	0.214	0.184	0.176	0.193
2019-12-09T23:40:02Z	0.214	0.184	0.176	0.194
2019-12-10T00:00:02Z	0.214	0.184	0.176	0.194
2019-12-10T00:20:02Z	0.214	0.184	0.176	0.193
2019-12-10T00:40:02Z	0.214	0.185	0.176	0.193
2019-12-10T01:00:02Z	0.214	0.184	0.176	0.194
2019-12-10T01:20:02Z	0.214	0.184	0.176	0.193
2019-12-10T01:40:02Z	0.214	0.184	0.176	0.194
2019-12-10T02:00:02Z	0.214	0.184	0.176	0.194
2019-12-10T02:20:02Z	0.214	0.185	0.176	0.194
2019-12-10T02:40:02Z	0.214	0.185	0.176	0.194
2019-12-10T03:00:02Z	0.214	0.185	0.176	0.194
2019-12-10T03:20:02Z	0.214	0.185	0.176	0.194
2019-12-10T03:40:02Z	0.214	0.184	0.177	0.194
2019-12-10T04:00:02Z	0.214	0.185	0.176	0.194
2019-12-10T04:20:02Z	0.214	0.184	0.176	0.194
2019-12-10T04:40:02Z	0.214	0.185	0.176	0.194
2019-12-10T05:00:02Z	0.214	0.185	0.176	0.194
2019-12-10T05:20:02Z	0.214	0.184	0.176	0.194
2019-12-10T05:40:02Z	0.214	0.184	0.176	0.194
2019-12-10T06:00:02Z	0.214	0.184	0.176	0.194
2019-12-10T06:20:02Z	0.214	0.184	0.176	0.194
2019-12-10T06:40:02Z	0.214	0.184	0.176	0.194
2019-12-10T07:00:02Z	0.214	0.184	0.176	0.194
2019-12-10T07:20:02Z	0.214	0.184	0.176	0.194
2019-12-10T07:40:02Z	0.214	0.184	0.176	0.194
2019-12-10T08:00:02Z	0.214	0.184	0.176	0.193
2019-12-10T08:20:02Z	0.214	0.184	0.176	0.193
2019-12-10T08:40:02Z	0.214	0.184	0.176	0.193
2019-12-10T09:00:02Z	0.214	0.184	0.176	0.193
2019-12-10T09:20:02Z	0.214	0.184	0.176	0.193
2019-12-10T09:40:02Z	0.214	0.184	0.176	0.193
2019-12-10T10:00:02Z	0.214	0.184	0.176	0.193
2019-12-10T10:20:02Z	0.214	0.184	0.176	0.193
2019-12-10T10:40:02Z	0.214	0.184	0.176	0.193
2019-12-10T11:00:02Z	0.214	0.184	0.176	0.193
2019-12-10T11:20:02Z	0.214	0.184	0.176	0.193
2019-12-10T11:40:02Z	0.214	0.184	0.176	0.193
2019-12-10T12:00:02Z	0.214	0.184	0.176	0.193
2019-12-10T12:20:02Z	0.214	0.184	0.176	0.193
2019-12-10T12:40:02Z	0.214	0.184	0.176	0.193
2019-12-10T13:00:02Z	0.214	0.184	0.176	0.193
2019-12-10T13:20:02Z	0.214	0.184	0.176	0.193
2019-12-10T13:40:02Z	0.214	0.184	0.176	0.193
2019-12-10T14:00:02Z	0.214	0.184	0.176	0.193
2019-12-10T14:20:02Z	0.214	0.184	0.176	0.193
2019-12-10T14:40:02Z	0.214	0.184	0.176	0.193
2019-12-10T15:00:02Z	0.214	0.184	0.176	0.193
2019-12-10T15:20:02Z	0.214	0.184	0.176	0.193
2019-12-10T15:40:02Z	0.214	0.184	0.176	0.193
2019-12-10T16:00:02Z	0.214	0.184	0.176	0.194
2019-12-10T16:20:02Z	0.214	0.184	0.176	0.194
2019-12-10T16:40:02Z	0.214	0.184	0.176	0.193
2019-12-10T17:00:02Z	0.214	0.184	0.176	0.194
2019-12-10T17:20:02Z	0.214	0.184	0.176	0.193
2019-12-10T17:40:02Z	0.214	0.184	0.176	0.193
2019-12-10T18:00:02Z	0.214	0.184	0.176	0.193
2019-12-10T18:20:02Z	0.214	0.184	0.176	0.193
2019-12-10T18:40:02Z	0.214	0.184	0.176	0.193
2019-12-10T19:00:02Z	0.214	0.184	0.176	0.194
2019-12-10T19:20:02Z	0.214	0.184	0.176	0.193
2019-12-10T19:40:02Z	0.214	0.184	0.176	0.193
2019-12-10T20:00:02Z	0.214	0.184	0.176	0.193
2019-12-10T20:20:02Z	0.214	0.184	0.176	0.193
2019-12-10T20:40:02Z	0.214	0.184	0.176	0.193
2019-12-10T21:00:02Z	0.214	0.184	0.176	0.193
2019-12-10T21:20:02Z	0.214	0.184	0.176	0.193
2019-12-10T21:40:02Z	0.214	0.184	0.176	0.193
2019-12-10T22:00:02Z	0.214	0.184	0.176	0.193
2019-12-10T22:20:02Z	0.214	0.184	0.176	0.193
2019-12-10T22:40:02Z	0.214	0.184	0.176	0.193
2019-12-10T23:00:02Z	0.214	0.184	0.176	0.193
2019-12-10T23:20:02Z	0.214	0.184	0.176	0.193
2019-12-10T23:40:02Z	0.214	0.184	0.176	0.193
2019-12-11T00:00:02Z	0.214	0.184	0.176	0.193
2019-12-11T00:20:02Z	0.214	0.184	0.176	0.193
2019-12-11T00:40:02Z	0.214	0.184	0.176	0.193
2019-12-11T01:00:02Z	0.214	0.184	0.176	0.193
2019-12-11T01:20:02Z	0.214	0.184	0.176	0.193
2019-12-11T01:40:02Z	0.214	0.184	0.176	0.193
2019-12-11T02:00:02Z	0.214	0.184	0.176	0.193
2019-12-11T02:20:02Z	0.214	0.184	0.176	0.193
2019-12-11T02:40:02Z	0.214	0.184	0.176	0.193
2019-12-11T03:00:02Z	0.214	0.184	0.176	0.193
2019-12-11T03:20:02Z	0.214	0.184	0.176	0.193
2019-12-11T03:40:02Z	0.214	0.184	0.176	0.193
2019-12-11T04:00:02Z	0.214	0.184	0.176	0.193
2019-12-11T04:20:02Z	0.214	0.183	0.176	0.193
2019-12-11T04:40:02Z	0.213	0.183	0.176	0.193
2019-12-11T05:00:02Z	0.213	0.184	0.176	0.193
2019-12-11T05:20:02Z	0.213	0.183	0.176	0.193
2019-12-11T05:40:02Z	0.214	0.183	0.176	0.193
2019-12-11T06:00:02Z	0.213	0.183	0.176	0.193
2019-12-11T06:20:02Z	0.213	0.183	0.176	0.193
2019-12-11T06:40:02Z	0.213	0.183	0.176	0.193
2019-12-11T07:00:02Z	0.213	0.183	0.176	0.193
2019-12-11T07:20:02Z	0.213	0.183	0.176	0.193
2019-12-11T07:40:02Z	0.213	0.183	0.176	0.193
2019-12-11T08:00:02Z	0.213	0.183	0.176	0.193
2019-12-11T08:20:02Z	0.213	0.183	0.176	0.193
2019-12-11T08:40:02Z	0.213	0.183	0.176	0.193
2019-12-11T09:00:02Z	0.213	0.183	0.176	0.193
2019-12-11T09:20:02Z	0.213	0.183	0.176	0.193
2019-12-11T09:40:02Z	0.213	0.183	0.176	0.193
2019-12-11T10:00:02Z	0.213	0.183	0.176	0.193
2019-12-11T10:20:02Z	0.213	0.183	0.176	0.193
2019-12-11T10:40:02Z	0.213	0.183	0.176	0.193
2019-12-11T11:00:02Z	0.213	0.183	0.176	0.193
2019-12-11T11:20:02Z	0.213	0.183	0.176	0.193
2019-12-11T11:40:02Z	0.213	0.183	0.176	0.193
2019-12-11T12:00:02Z	0.213	0.183	0.176	0.193
2019-12-11T12:20:02Z	0.213	0.183	0.176	0.193
2019-12-11T12:40:02Z	0.213	0.183	0.176	0.193
2019-12-11T13:00:02Z	0.213	0.183	0.176	0.193
2019-12-11T13:20:02Z	0.213	0.183	0.176	0.193
2019-12-11T13:40:02Z	0.213	0.183	0.176	0.193
2019-12-11T14:00:02Z	0.213	0.183	0.176	0.193
2019-12-11T14:20:02Z	0.213	0.183	0.176	0.193
2019-12-11T14:40:02Z	0.213	0.183	0.176	0.193
2019-12-11T15:00:02Z	0.212	0.183	0.176	0.193
2019-12-11T15:20:02Z	0.212	0.183	0.176	0.193
2019-12-11T15:40:02Z	0.212	0.183	0.176	0.193
2019-12-11T16:00:02Z	0.212	0.183	0.176	0.193
2019-12-11T16:20:02Z	0.212	0.183	0.176	0.193
2019-12-11T16:40:02Z	0.212	0.183	0.176	0.193
2019-12-11T17:00:02Z	0.212	0.183	0.176	0.193
2019-12-11T17:20:02Z	0.212	0.183	0.176	0.193
2019-12-11T17:40:02Z	0.212	0.183	0.176	0.193
2019-12-11T18:00:02Z	0.212	0.183	0.176	0.193
2019-12-11T18:20:02Z	0.212	0.183	0.176	0.193
2019-12-11T18:40:02Z	0.212	0.183	0.176	0.193
2019-12-11T19:00:02Z	0.212	0.183	0.176	0.193
2019-12-11T19:20:02Z	0.212	0.183	0.176	0.193
2019-12-11T19:40:02Z	0.212	0.183	0.176	0.193
2019-12-11T20:00:02Z	0.212	0.183	0.176	0.193
2019-12-11T20:20:02Z	0.212	0.183	0.176	0.193
2019-12-11T20:40:02Z	0.212	0.183	0.175	0.193
2019-12-11T21:00:02Z	0.212	0.183	0.176	0.193
2019-12-11T21:20:02Z	0.212	0.183	0.175	0.193
2019-12-11T21:40:02Z	0.212	0.183	0.175	0.193
2019-12-11T22:00:02Z	0.212	0.183	0.175	0.193
2019-12-11T22:20:02Z	0.212	0.183	0.175	0.193
2019-12-11T22:40:02Z	0.212	0.183	0.175	0.193
2019-12-11T23:00:02Z	0.212	0.183	0.175	0.193
2019-12-11T23:20:02Z	0.212	0.183	0.176	0.193
2019-12-11T23:40:02Z	0.212	0.183	0.176	0.193
2019-12-12T00:00:02Z	0.212	0.183	0.176	0.193
2019-12-12T00:20:02Z	0.212	0.183	0.176	0.193
2019-12-12T00:40:02Z	0.212	0.183	0.176	0.193
2019-12-12T01:00:02Z	0.213	0.183	0.176	0.193
2019-12-12T01:20:02Z	0.213	0.183	0.176	0.193
2019-12-12T01:40:02Z	0.214	0.183	0.176	0.193
2019-12-12T02:00:02Z	0.214	0.183	0.176	0.193
2019-12-12T02:20:02Z	0.214	0.184	0.176	0.193
2019-12-12T02:40:02Z	0.215	0.184	0.176	0.193
2019-12-12T03:00:02Z	0.216	0.184	0.176	0.193
2019-12-12T03:20:02Z	0.216	0.185	0.176	0.193
2019-12-12T03:40:02Z	0.217	0.185	0.176	0.193
2019-12-12T04:00:02Z	0.217	0.185	0.176	0.193
2019-12-12T04:20:02Z	0.218	0.186	0.176	0.193
2019-12-12T04:40:02Z	0.218	0.186	0.176	0.193
2019-12-12T05:00:02Z	0.218	0.186	0.176	0.193
2019-12-12T05:20:02Z	0.218	0.186	0.177	0.193
2019-12-12T05:40:02Z	0.218	0.186	0.177	0.193
2019-12-12T06:00:02Z	0.218	0.186	0.177	0.193
2019-12-12T06:20:02Z	0.218	0.186	0.177	0.193
2019-12-12T06:40:02Z	0.218	0.186	0.177	0.193
2019-12-12T07:00:02Z	0.218	0.187	0.177	0.193
2019-12-12T07:20:02Z	0.218	0.186	0.177	0.193
2019-12-12T07:40:02Z	0.218	0.187	0.177	0.194
2019-12-12T08:00:02Z	0.218	0.187	0.177	0.193
2019-12-12T08:20:02Z	0.218	0.187	0.177	0.194
2019-12-12T08:40:02Z	0.218	0.186	0.177	0.194
2019-12-12T09:00:02Z	0.218	0.186	0.177	0.194
2019-12-12T09:20:02Z	0.218	0.187	0.177	0.194
2019-12-12T09:40:02Z	0.218	0.186	0.177	0.194
2019-12-12T10:00:02Z	0.218	0.186	0.177	0.194
2019-12-12T10:20:02Z	0.218	0.186	0.177	0.194
2019-12-12T10:40:02Z	0.218	0.186	0.177	0.194
2019-12-12T11:00:02Z	0.218	0.186	0.177	0.194
2019-12-12T11:20:02Z	0.218	0.186	0.177	0.194
2019-12-12T11:40:02Z	0.217	0.186	0.177	0.194
2019-12-12T12:00:02Z	0.217	0.186	0.177	0.194
2019-12-12T12:20:02Z	0.217	0.186	0.177	0.194
2019-12-12T12:40:02Z	0.217	0.186	0.177	0.194
2019-12-12T13:00:02Z	0.217	0.186	0.177	0.194
2019-12-12T13:20:02Z	0.217	0.186	0.177	0.194
2019-12-12T13:40:02Z	0.217	0.186	0.177	0.194
2019-12-12T14:00:02Z	0.217	0.186	0.177	0.194
2019-12-12T14:20:02Z	0.217	0.186	0.177	0.194
2019-12-12T14:40:02Z	0.217	0.186	0.177	0.194
2019-12-12T15:00:02Z	0.217	0.186	0.177	0.194
2019-12-12T15:20:02Z	0.217	0.186	0.177	0.194
2019-12-12T15:40:02Z	0.217	0.186	0.177	0.194
2019-12-12T16:00:02Z	0.217	0.186	0.177	0.194
2019-12-12T16:20:02Z	0.217	0.186	0.177	0.194
2019-12-12T16:40:02Z	0.217	0.186	0.177	0.194
2019-12-12T17:00:02Z	0.217	0.186	0.177	0.194
2019-12-12T17:20:02Z	0.217	0.186	0.177	0.194
2019-12-12T17:40:02Z	0.217	0.186	0.177	0.194
2019-12-12T18:00:02Z	0.217	0.186	0.177	0.194
2019-12-12T18:20:02Z	0.217	0.186	0.177	0.194
2019-12-12T18:40:02Z	0.217	0.186	0.177	0.194
2019-12-12T19:00:02Z	0.217	0.186	0.177	0.194
2019-12-12T19:20:02Z	0.217	0.186	0.177	0.194
2019-12-12T19:40:02Z	0.217	0.186	0.177	0.194
2019-12-12T20:00:02Z	0.217	0.186	0.177	0.194
2019-12-12T20:20:02Z	0.216	0.186	0.177	0.194
2019-12-12T20:40:02Z	0.216	0.186	0.177	0.194
2019-12-12T21:00:02Z	0.216	0.186	0.177	0.194
2019-12-12T21:20:02Z	0.216	0.186	0.177	0.194
2019-12-12T21:40:02Z	0.216	0.186	0.177	0.194
2019-12-12T22:00:02Z	0.216	0.186	0.177	0.194
2019-12-12T22:20:02Z	0.216	0.186	0.177	0.194
2019-12-12T22:40:02Z	0.216	0.186	0.177	0.194
2019-12-12T23:00:02Z	0.216	0.186	0.177	0.194
2019-12-12T23:20:02Z	0.216	0.186	0.177	0.194
2019-12-12T23:40:02Z	0.216	0.186	0.177	0.194
2019-12-13T00:00:02Z	0.216	0.186	0.177	0.194
2019-12-13T00:20:02Z	0.216	0.186	0.177	0.194
2019-12-13T00:40:02Z	0.216	0.186	0.177	0.194
2019-12-13T01:00:02Z	0.216	0.186	0.177	0.194
2019-12-13T01:20:02Z	0.216	0.186	0.177	0.194
2019-12-13T01:40:02Z	0.216	0.186	0.177	0.194
2019-12-13T02:00:02Z	0.216	0.186	0.177	0.194
2019-12-13T02:20:02Z	0.216	0.186	0.177	0.194
2019-12-13T02:40:02Z	0.216	0.186	0.177	0.194
2019-12-13T03:00:02Z	0.216	0.186	0.177	0.194
2019-12-13T03:20:02Z	0.216	0.186	0.177	0.194
2019-12-13T03:40:02Z	0.216	0.186	0.177	0.194
2019-12-13T04:00:02Z	0.216	0.186	0.177	0.194
2019-12-13T04:20:02Z	0.216	0.186	0.177	0.194
2019-12-13T04:40:02Z	0.216	0.186	0.177	0.194
2019-12-13T05:00:02Z	0.216	0.186	0.177	0.194
2019-12-13T05:20:02Z	0.216	0.186	0.177	0.194
2019-12-13T05:40:02Z	0.216	0.186	0.177	0.194
2019-12-13T06:00:02Z	0.216	0.186	0.177	0.194
2019-12-13T06:20:02Z	0.216	0.186	0.177	0.194
2019-12-13T06:40:02Z	0.216	0.186	0.177	0.194
2019-12-13T07:00:02Z	0.216	0.186	0.177	0.194
2019-12-13T07:20:02Z	0.216	0.186	0.177	0.194
2019-12-13T07:40:02Z	0.216	0.186	0.177	0.194
2019-12-13T08:00:02Z	0.216	0.186	0.177	0.194
2019-12-13T08:20:02Z	0.216	0.185	0.177	0.194
2019-12-13T08:40:02Z	0.215	0.185	0.177	0.194
2019-12-13T09:00:02Z	0.215	0.185	0.177	0.194
2019-12-13T09:20:02Z	0.215	0.185	0.177	0.194
2019-12-13T09:40:02Z	0.215	0.185	0.177	0.194
2019-12-13T10:00:02Z	0.215	0.185	0.177	0.194
2019-12-13T10:20:02Z	0.215	0.185	0.177	0.193
2019-12-13T10:40:02Z	0.215	0.185	0.177	0.194
2019-12-13T11:00:02Z	0.215	0.185	0.177	0.194
2019-12-13T11:20:02Z	0.215	0.185	0.177	0.194
2019-12-13T11:40:02Z	0.215	0.185	0.177	0.193
2019-12-13T12:00:02Z	0.215	0.185	0.177	0.193
2019-12-13T12:20:02Z	0.215	0.185	0.177	0.193
2019-12-13T12:40:02Z	0.215	0.185	0.177	0.193
2019-12-13T13:00:02Z	0.215	0.185	0.177	0.193
2019-12-13T13:20:02Z	0.215	0.185	0.177	0.193
2019-12-13T13:40:02Z	0.215	0.185	0.177	0.194
2019-12-13T14:00:02Z	0.215	0.185	0.177	0.194
2019-12-13T14:20:02Z	0.215	0.185	0.177	0.194
2019-12-13T14:40:02Z	0.215	0.185	0.177	0.194
2019-12-13T15:00:02Z	0.215	0.185	0.177	0.194
2019-12-13T15:20:02Z	0.215	0.185	0.177	0.194
2019-12-13T15:40:02Z	0.215	0.185	0.177	0.194
2019-12-13T16:00:02Z	0.214	0.185	0.177	0.194
2019-12-13T16:20:02Z	0.215	0.185	0.177	0.194
2019-12-13T16:40:02Z	0.214	0.185	0.177	0.194
2019-12-13T17:00:02Z	0.214	0.185	0.177	0.194
2019-12-13T17:20:02Z	0.214	0.185	0.177	0.194
2019-12-13T17:40:02Z	0.214	0.185	0.177	0.194
2019-12-13T18:00:02Z	0.214	0.185	0.177	0.194
2019-12-13T18:20:02Z	0.214	0.185	0.177	0.194
2019-12-13T18:40:02Z	0.214	0.185	0.177	0.194
2019-12-13T19:00:02Z	0.214	0.185	0.177	0.194
2019-12-13T19:20:02Z	0.214	0.185	0.177	0.193
2019-12-13T19:40:02Z	0.215	0.185	0.177	0.194
2019-12-13T20:00:02Z	0.214	0.185	0.177	0.194
2019-12-13T20:20:02Z	0.214	0.185	0.177	0.194
2019-12-13T20:40:02Z	0.214	0.185	0.177	0.193
2019-12-13T21:00:02Z	0.214	0.185	0.177	0.193
2019-12-13T21:20:02Z	0.214	0.185	0.177	0.193
2019-12-13T21:40:02Z	0.214	0.185	0.177	0.194
2019-12-13T22:00:02Z	0.214	0.185	0.177	0.193
2019-12-13T22:20:02Z	0.214	0.185	0.177	0.194
2019-12-13T22:40:02Z	0.214	0.185	0.177	0.193
2019-12-13T23:00:02Z	0.214	0.185	0.177	0.194
2019-12-13T23:20:02Z	0.214	0.185	0.177	0.193
2019-12-13T23:40:02Z	0.214	0.185	0.177	0.193
2019-12-14T00:00:02Z	0.214	0.184	0.176	0.193
2019-12-14T00:20:02Z	0.214	0.184	0.176	0.193
2019-12-14T00:40:02Z	0.214	0.184	0.176	0.193
2019-12-14T01:00:02Z	0.214	0.184	0.177	0.194
2019-12-14T01:20:02Z	0.214	0.184	0.176	0.193
2019-12-14T01:40:02Z	0.214	0.184	0.176	0.193
2019-12-14T02:00:02Z	0.214	0.184	0.177	0.194
2019-12-14T02:20:02Z	0.214	0.184	0.177	0.194
2019-12-14T02:40:02Z	0.214	0.184	0.177	0.194
2019-12-14T03:00:02Z	0.214	0.184	0.177	0.194
2019-12-14T03:20:02Z	0.214	0.184	0.177	0.194
2019-12-14T03:40:02Z	0.214	0.184	0.177	0.194
2019-12-14T04:00:02Z	0.214	0.184	0.177	0.194
2019-12-14T04:20:02Z	0.214	0.184	0.177	0.194
2019-12-14T04:40:02Z	0.215	0.185	0.177	0.194
2019-12-14T05:00:02Z	0.215	0.185	0.177	0.194
2019-12-14T05:20:02Z	0.216	0.185	0.177	0.194
2019-12-14T05:40:02Z	0.216	0.185	0.177	0.193
2019-12-14T06:00:02Z	0.216	0.185	0.177	0.193
2019-12-14T06:20:02Z	0.216	0.185	0.177	0.193
2019-12-14T06:40:02Z	0.216	0.185	0.177	0.193
2019-12-14T07:00:02Z	0.216	0.185	0.177	0.193
2019-12-14T07:20:02Z	0.216	0.185	0.177	0.193
2019-12-14T07:40:02Z	0.216	0.185	0.177	0.194
2019-12-14T08:00:02Z	0.216	0.186	0.177	0.193
2019-12-14T08:20:02Z	0.216	0.186	0.177	0.193
2019-12-14T08:40:02Z	0.216	0.185	0.177	0.194
2019-12-14T09:00:02Z	0.216	0.185	0.177	0.194
2019-12-14T09:20:02Z	0.216	0.185	0.177	0.194
2019-12-14T09:40:02Z	0.216	0.185	0.177	0.194
2019-12-14T10:00:02Z	0.216	0.186	0.177	0.194
2019-12-14T10:20:02Z	0.216	0.186	0.177	0.194
2019-12-14T10:40:02Z	0.217	0.186	0.177	0.194
2019-12-14T11:00:02Z	0.219	0.186	0.177	0.194
2019-12-14T11:20:02Z	0.221	0.187	0.177	0.194
2019-12-14T11:40:02Z	0.223	0.188	0.177	0.194
2019-12-14T12:00:02Z	0.224	0.188	0.178	0.194
2019-12-14T12:20:02Z	0.226	0.189	0.178	0.194
2019-12-14T12:40:02Z	0.228	0.19	0.178	0.194
2019-12-14T13:00:02Z	0.228	0.191	0.178	0.194
2019-12-14T13:20:02Z	0.228	0.192	0.178	0.194
2019-12-14T13:40:02Z	0.228	0.192	0.178	0.194
2019-12-14T14:00:02Z	0.228	0.192	0.179	0.194
2019-12-14T14:20:02Z	0.228	0.192	0.179	0.194
2019-12-14T14:40:02Z	0.227	0.193	0.179	0.194
2019-12-14T15:00:02Z	0.227	0.193	0.179	0.194
2019-12-14T15:20:02Z	0.227	0.193	0.179	0.194
2019-12-14T15:40:02Z	0.229	0.194	0.179	0.194
2019-12-14T16:00:02Z	0.23	0.194	0.18	0.194
2019-12-14T16:20:02Z	0.23	0.195	0.18	0.195
2019-12-14T16:40:02Z	0.23	0.195	0.18	0.195
2019-12-14T17:00:02Z	0.23	0.196	0.18	0.195
2019-12-14T17:20:02Z	0.229	0.196	0.18	0.195
2019-12-14T17:40:02Z	0.229	0.196	0.18	0.195
2019-12-14T18:00:02Z	0.229	0.196	0.181	0.195
2019-12-14T18:20:02Z	0.229	0.196	0.181	0.195
2019-12-14T18:40:02Z	0.228	0.196	0.181	0.196
2019-12-14T19:00:02Z	0.228	0.196	0.181	0.195
2019-12-14T19:20:02Z	0.228	0.196	0.181	0.196
2019-12-14T19:40:02Z	0.228	0.195	0.181	0.196
2019-12-14T20:00:02Z	0.227	0.195	0.181	0.196
2019-12-14T20:20:02Z	0.227	0.195	0.181	0.196
2019-12-14T20:40:02Z	0.227	0.195	0.181	0.196
2019-12-14T21:00:02Z	0.227	0.195	0.181	0.196
2019-12-14T21:20:02Z	0.226	0.195	0.181	0.196
2019-12-14T21:40:02Z	0.226	0.195	0.181	0.196
2019-12-14T22:00:02Z	0.226	0.195	0.181	0.196
2019-12-14T22:20:02Z	0.226	0.194	0.181	0.196
2019-12-14T22:40:02Z	0.226	0.194	0.181	0.196
2019-12-14T23:00:02Z	0.226	0.195	0.181	0.196
2019-12-14T23:20:02Z	0.226	0.194	0.181	0.196
2019-12-14T23:40:02Z	0.226	0.194	0.181	0.196
2019-12-15T00:00:02Z	0.226	0.194	0.181	0.196
2019-12-15T00:20:02Z	0.226	0.194	0.181	0.196
2019-12-15T00:40:02Z	0.225	0.194	0.181	0.196
2019-12-15T01:00:02Z	0.225	0.194	0.181	0.196
2019-12-15T01:20:02Z	0.225	0.194	0.181	0.196
2019-12-15T01:40:02Z	0.225	0.194	0.181	0.196
2019-12-15T02:00:02Z	0.224	0.194	0.181	0.196
2019-12-15T02:20:02Z	0.224	0.194	0.181	0.197
2019-12-15T02:40:02Z	0.224	0.194	0.181	0.196
2019-12-15T03:00:02Z	0.224	0.194	0.181	0.196
2019-12-15T03:20:02Z	0.224	0.194	0.181	0.196
2019-12-15T03:40:02Z	0.224	0.193	0.181	0.196
2019-12-15T04:00:02Z	0.224	0.193	0.181	0.196
2019-12-15T04:20:02Z	0.224	0.193	0.181	0.196
2019-12-15T04:40:02Z	0.224	0.193	0.181	0.196
2019-12-15T05:00:02Z	0.224	0.193	0.181	0.196
2019-12-15T05:20:02Z	0.224	0.193	0.181	0.196
2019-12-15T05:40:02Z	0.224	0.193	0.181	0.196
2019-12-15T06:00:02Z	0.224	0.193	0.181	0.196
2019-12-15T06:20:02Z	0.224	0.193	0.181	0.196
2019-12-15T06:40:02Z	0.223	0.192	0.181	0.196
2019-12-15T07:00:02Z	0.223	0.192	0.181	0.196
2019-12-15T07:20:02Z	0.223	0.192	0.181	0.196
2019-12-15T07:40:02Z	0.224	0.192	0.181	0.196
2019-12-15T08:00:02Z	0.224	0.192	0.181	0.196
2019-12-15T08:20:02Z	0.224	0.192	0.18	0.196
2019-12-15T08:40:02Z	0.224	0.193	0.181	0.196
2019-12-15T09:00:02Z	0.224	0.193	0.181	0.196
2019-12-15T09:20:02Z	0.224	0.193	0.181	0.196
2019-12-15T09:40:02Z	0.225	0.193	0.181	0.196
2019-12-15T10:00:02Z	0.226	0.194	0.181	0.196
2019-12-15T10:20:02Z	0.226	0.194	0.181	0.196
2019-12-15T10:40:02Z	0.226	0.194	0.181	0.196
2019-12-15T11:00:02Z	0.226	0.194	0.181	0.196
2019-12-15T11:20:02Z	0.226	0.194	0.181	0.196
2019-12-15T11:40:02Z	0.226	0.194	0.181	0.196
2019-12-15T12:00:02Z	0.225	0.194	0.181	0.196
2019-12-15T12:20:02Z	0.225	0.194	0.181	0.196
2019-12-15T12:40:02Z	0.225	0.194	0.181	0.196
2019-12-15T13:00:02Z	0.224	0.194	0.181	0.196
2019-12-15T13:20:02Z	0.224	0.194	0.181	0.196
2019-12-15T13:40:02Z	0.224	0.194	0.181	0.196
2019-12-15T14:00:02Z	0.224	0.193	0.181	0.196
2019-12-15T14:20:02Z	0.224	0.193	0.181	0.196
2019-12-15T14:40:02Z	0.224	0.193	0.181	0.196
2019-12-15T15:00:02Z	0.224	0.193	0.181	0.197
2019-12-15T15:20:02Z	0.224	0.193	0.181	0.196
2019-12-15T15:40:02Z	0.224	0.193	0.181	0.196
2019-12-15T16:00:02Z	0.224	0.193	0.181	0.196
2019-12-15T16:20:02Z	0.224	0.193	0.181	0.196
2019-12-15T16:40:02Z	0.224	0.193	0.181	0.196
2019-12-15T17:00:02Z	0.224	0.193	0.181	0.196
2019-12-15T17:20:02Z	0.223	0.192	0.181	0.196
2019-12-15T17:40:02Z	0.223	0.192	0.181	0.196
2019-12-15T18:00:02Z	0.223	0.192	0.181	0.196
2019-12-15T18:20:02Z	0.223	0.192	0.181	0.196
2019-12-15T18:40:02Z	0.223	0.192	0.181	0.196
2019-12-15T19:00:02Z	0.222	0.192	0.181	0.196
2019-12-15T19:20:02Z	0.222	0.192	0.181	0.196
2019-12-15T19:40:02Z	0.222	0.192	0.18	0.196
2019-12-15T20:00:02Z	0.222	0.192	0.18	0.196
2019-12-15T20:20:02Z	0.222	0.192	0.18	0.196
2019-12-15T20:40:02Z	0.222	0.192	0.18	0.196
2019-12-15T21:00:02Z	0.222	0.192	0.18	0.196
2019-12-15T21:20:02Z	0.222	0.192	0.18	0.196
2019-12-15T21:40:02Z	0.222	0.192	0.18	0.196
2019-12-15T22:00:02Z	0.222	0.192	0.18	0.196
2019-12-15T22:20:02Z	0.222	0.192	0.18	0.196
2019-12-15T22:40:02Z	0.222	0.192	0.18	0.196
2019-12-15T23:00:02Z	0.222	0.191	0.18	0.196
2019-12-15T23:20:02Z	0.222	0.191	0.18	0.196
2019-12-15T23:40:02Z	0.222	0.191	0.18	0.196
2019-12-16T00:00:02Z	0.222	0.191	0.18	0.196
2019-12-16T00:20:02Z	0.222	0.191	0.18	0.196
2019-12-16T00:40:02Z	0.222	0.191	0.18	0.196
2019-12-16T01:00:02Z	0.222	0.191	0.18	0.196
2019-12-16T01:20:02Z	0.222	0.191	0.18	0.196
2019-12-16T01:40:02Z	0.222	0.191	0.18	0.196
2019-12-16T02:00:02Z	0.222	0.191	0.18	0.196
2019-12-16T02:20:02Z	0.222	0.191	0.18	0.196
2019-12-16T02:40:02Z	0.222	0.191	0.18	0.196
2019-12-16T03:00:02Z	0.221	0.191	0.18	0.196
2019-12-16T03:20:02Z	0.221	0.191	0.18	0.196
2019-12-16T03:40:02Z	0.221	0.19	0.18	0.196
2019-12-16T04:00:02Z	0.221	0.19	0.18	0.196
2019-12-16T04:20:02Z	0.221	0.19	0.18	0.196
2019-12-16T04:40:02Z	0.221	0.19	0.18	0.196
2019-12-16T05:00:02Z	0.221	0.19	0.18	0.196
2019-12-16T05:20:02Z	0.221	0.19	0.18	0.196
2019-12-16T05:40:02Z	0.22	0.19	0.18	0.196
2019-12-16T06:00:02Z	0.22	0.19	0.18	0.196
2019-12-16T06:20:02Z	0.22	0.19	0.18	0.196
2019-12-16T06:40:02Z	0.22	0.19	0.18	0.196
2019-12-16T07:00:02Z	0.22	0.19	0.18	0.196
2019-12-16T07:20:02Z	0.22	0.19	0.18	0.196
2019-12-16T07:40:02Z	0.22	0.19	0.18	0.196
2019-12-16T08:00:02Z	0.22	0.19	0.18	0.195
2019-12-16T08:20:02Z	0.22	0.19	0.179	0.195
2019-12-16T08:40:02Z	0.22	0.19	0.179	0.195
2019-12-16T09:00:02Z	0.22	0.19	0.179	0.195
2019-12-16T09:20:02Z	0.22	0.19	0.179	0.195
2019-12-16T09:40:02Z	0.22	0.19	0.179	0.195
2019-12-16T10:00:02Z	0.22	0.19	0.179	0.195
2019-12-16T10:20:02Z	0.22	0.19	0.179	0.195
2019-12-16T10:40:02Z	0.22	0.19	0.179	0.195
2019-12-16T11:00:02Z	0.22	0.19	0.179	0.195
2019-12-16T11:20:02Z	0.22	0.189	0.179	0.195
2019-12-16T11:40:02Z	0.22	0.189	0.179	0.195
2019-12-16T12:00:02Z	0.22	0.189	0.179	0.195
2019-12-16T12:20:02Z	0.22	0.189	0.179	0.195
2019-12-16T12:40:02Z	0.22	0.189	0.179	0.195
2019-12-16T13:00:02Z	0.22	0.189	0.179	0.195
2019-12-16T13:20:02Z	0.22	0.189	0.179	0.195
2019-12-16T13:40:02Z	0.22	0.189	0.179	0.195
2019-12-16T14:00:02Z	0.219	0.189	0.179	0.195
2019-12-16T14:20:02Z	0.219	0.189	0.179	0.195
2019-12-16T14:40:02Z	0.219	0.189	0.179	0.195
2019-12-16T15:00:02Z	0.219	0.189	0.179	0.195
2019-12-16T15:20:02Z	0.219	0.189	0.179	0.195
2019-12-16T15:40:02Z	0.219	0.189	0.179	0.195
2019-12-16T16:00:02Z	0.219	0.189	0.179	0.195
2019-12-16T16:20:02Z	0.219	0.189	0.179	0.195
2019-12-16T16:40:02Z	0.219	0.189	0.179	0.195
2019-12-16T17:00:02Z	0.219	0.189	0.179	0.195
2019-12-16T17:20:02Z	0.219	0.189	0.179	0.195
2019-12-16T17:40:02Z	0.219	0.189	0.179	0.195
2019-12-16T18:00:02Z	0.219	0.189	0.179	0.195
2019-12-16T18:20:02Z	0.219	0.189	0.179	0.195
2019-12-16T18:40:02Z	0.219	0.189	0.179	0.195
2019-12-16T19:00:02Z	0.219	0.189	0.179	0.195
2019-12-16T19:20:02Z	0.219	0.189	0.179	0.195
2019-12-16T19:40:02Z	0.219	0.189	0.179	0.195
2019-12-16T20:00:02Z	0.219	0.189	0.179	0.195
2019-12-16T20:20:02Z	0.219	0.189	0.179	0.195
2019-12-16T20:40:02Z	0.219	0.189	0.179	0.195
2019-12-16T21:00:02Z	0.219	0.188	0.179	0.195
2019-12-16T21:20:02Z	0.219	0.188	0.179	0.195
2019-12-16T21:40:02Z	0.218	0.188	0.179	0.195
2019-12-16T22:00:02Z	0.218	0.188	0.179	0.195
2019-12-16T22:20:02Z	0.218	0.188	0.179	0.195
2019-12-16T22:40:02Z	0.218	0.188	0.179	0.195
2019-12-16T23:00:02Z	0.218	0.188	0.179	0.195
2019-12-16T23:20:02Z	0.218	0.188	0.179	0.195
2019-12-16T23:40:02Z	0.218	0.188	0.179	0.195
2019-12-17T00:00:02Z	0.218	0.188	0.179	0.195
2019-12-17T00:20:02Z	0.218	0.188	0.179	0.195
2019-12-17T00:40:02Z	0.218	0.188	0.179	0.195
2019-12-17T01:00:02Z	0.218	0.188	0.179	0.195
2019-12-17T01:20:02Z	0.218	0.188	0.179	0.195
2019-12-17T01:40:02Z	0.218	0.188	0.179	0.195
2019-12-17T02:00:02Z	0.218	0.188	0.179	0.195
2019-12-17T02:20:02Z	0.218	0.188	0.179	0.195
2019-12-17T02:40:02Z	0.218	0.188	0.179	0.195
2019-12-17T03:00:02Z	0.218	0.188	0.179	0.195
2019-12-17T03:20:02Z	0.218	0.188	0.179	0.195
2019-12-17T03:40:02Z	0.218	0.188	0.179	0.195
2019-12-17T04:00:02Z	0.218	0.188	0.178	0.195
2019-12-17T04:20:02Z	0.218	0.188	0.178	0.195
2019-12-17T04:40:02Z	0.218	0.188	0.178	0.195
2019-12-17T05:00:02Z	0.218	0.188	0.178	0.195
2019-12-17T05:20:02Z	0.218	0.188	0.178	0.195
2019-12-17T05:40:02Z	0.218	0.188	0.178	0.195
2019-12-17T06:00:02Z	0.218	0.188	0.178	0.195
2019-12-17T06:20:02Z	0.218	0.188	0.178	0.195
2019-12-17T06:40:02Z	0.218	0.188	0.178	0.195
2019-12-17T07:00:02Z	0.218	0.188	0.178	0.195
2019-12-17T07:20:02Z	0.218	0.188	0.178	0.195
2019-12-17T07:40:02Z	0.218	0.188	0.178	0.195
2019-12-17T08:00:02Z	0.218	0.188	0.178	0.194
2019-12-17T08:20:02Z	0.218	0.188	0.178	0.194
2019-12-17T08:40:02Z	0.218	0.188	0.178	0.194
2019-12-17T09:00:02Z	0.218	0.188	0.178	0.194
2019-12-17T09:20:02Z	0.218	0.188	0.178	0.194
2019-12-17T09:40:02Z	0.218	0.187	0.178	0.194
2019-12-17T10:00:02Z	0.218	0.187	0.178	0.194
2019-12-17T10:20:02Z	0.218	0.187	0.178	0.194
2019-12-17T10:40:02Z	0.218	0.187	0.178	0.194
2019-12-17T11:00:02Z	0.218	0.187	0.178	0.194
2019-12-17T11:20:02Z	0.218	0.187	0.178	0.194
2019-12-17T11:40:02Z	0.217	0.187	0.178	0.194
2019-12-17T12:00:02Z	0.217	0.187	0.178	0.194
2019-12-17T12:20:02Z	0.217	0.187	0.178	0.194
2019-12-17T12:40:02Z	0.217	0.187	0.178	0.194
2019-12-17T13:00:02Z	0.217	0.187	0.178	0.194
2019-12-17T13:20:02Z	0.217	0.187	0.178	0.194
2019-12-17T13:40:02Z	0.217	0.187	0.178	0.194
2019-12-17T14:00:02Z	0.217	0.187	0.178	0.194
2019-12-17T14:20:02Z	0.217	0.187	0.178	0.194
2019-12-17T14:40:02Z	0.217	0.187	0.178	0.194
2019-12-17T15:00:02Z	0.217	0.187	0.178	0.194
2019-12-17T15:20:02Z	0.217	0.187	0.178	0.194
2019-12-17T15:40:02Z	0.217	0.187	0.178	0.194
2019-12-17T16:00:02Z	0.217	0.187	0.178	0.194
2019-12-17T16:20:02Z	0.217	0.187	0.178	0.194
2019-12-17T16:40:02Z	0.217	0.187	0.178	0.194
2019-12-17T17:00:02Z	0.217	0.187	0.178	0.194
2019-12-17T17:20:02Z	0.217	0.187	0.178	0.194
2019-12-17T17:40:02Z	0.217	0.187	0.178	0.194
2019-12-17T18:00:02Z	0.217	0.187	0.178	0.194
2019-12-17T18:20:02Z	0.217	0.187	0.178	0.194
2019-12-17T18:40:02Z	0.217	0.186	0.178	0.194
2019-12-17T19:00:02Z	0.217	0.186	0.178	0.194
2019-12-17T19:20:02Z	0.217	0.186	0.178	0.194
2019-12-17T19:40:02Z	0.217	0.186	0.178	0.194
2019-12-17T20:00:02Z	0.217	0.186	0.178	0.194
2019-12-17T20:20:02Z	0.217	0.186	0.178	0.194
2019-12-17T20:40:02Z	0.217	0.186	0.178	0.194
2019-12-17T21:00:02Z	0.217	0.186	0.178	0.194
2019-12-17T21:20:02Z	0.217	0.186	0.178	0.194
2019-12-17T21:40:02Z	0.217	0.186	0.178	0.194
2019-12-17T22:00:02Z	0.216	0.186	0.178	0.194
2019-12-17T22:20:02Z	0.216	0.186	0.177	0.194
2019-12-17T22:40:02Z	0.216	0.186	0.177	0.194
2019-12-17T23:00:02Z	0.216	0.186	0.177	0.194
2019-12-17T23:20:02Z	0.216	0.186	0.177	0.194
2019-12-17T23:40:02Z	0.216	0.186	0.177	0.194
2019-12-18T00:00:02Z	0.216	0.186	0.177	0.194
2019-12-18T00:20:02Z	0.216	0.186	0.177	0.194
2019-12-18T00:40:02Z	0.216	0.186	0.177	0.194
2019-12-18T01:00:02Z	0.216	0.186	0.177	0.194
2019-12-18T01:20:02Z	0.216	0.186	0.177	0.194
2019-12-18T01:40:02Z	0.216	0.186	0.177	0.194
2019-12-18T02:00:02Z	0.216	0.186	0.177	0.194
2019-12-18T02:20:02Z	0.216	0.186	0.177	0.194
2019-12-18T02:40:02Z	0.216	0.186	0.177	0.194
2019-12-18T03:00:02Z	0.216	0.186	0.177	0.194
2019-12-18T03:20:02Z	0.216	0.186	0.177	0.194
2019-12-18T03:40:02Z	0.216	0.186	0.177	0.194
2019-12-18T04:00:02Z	0.216	0.186	0.177	0.194
2019-12-18T04:20:02Z	0.216	0.186	0.177	0.194
2019-12-18T04:40:02Z	0.216	0.186	0.177	0.194
2019-12-18T05:00:02Z	0.216	0.186	0.177	0.194
2019-12-18T05:20:02Z	0.216	0.186	0.177	0.194
2019-12-18T05:40:02Z	0.216	0.186	0.177	0.194
2019-12-18T06:00:02Z	0.216	0.186	0.177	0.194
2019-12-18T06:20:02Z	0.216	0.186	0.177	0.194
2019-12-18T06:40:02Z	0.216	0.186	0.177	0.194
2019-12-18T07:00:02Z	0.216	0.186	0.177	0.194
2019-12-18T07:20:02Z	0.216	0.186	0.177	0.194
2019-12-18T07:40:02Z	0.216	0.186	0.177	0.194
2019-12-18T08:00:02Z	0.216	0.186	0.177	0.194
2019-12-18T08:20:02Z	0.216	0.186	0.177	0.194
2019-12-18T08:40:02Z	0.216	0.186	0.177	0.194
2019-12-18T09:00:02Z	0.216	0.186	0.177	0.194
2019-12-18T09:20:02Z	0.215	0.186	0.177	0.194
2019-12-18T09:40:02Z	0.215	0.185	0.177	0.194
2019-12-18T10:00:02Z	0.215	0.185	0.177	0.194
2019-12-18T10:20:02Z	0.215	0.185	0.177	0.194
2019-12-18T10:40:02Z	0.215	0.185	0.177	0.194
2019-12-18T11:00:02Z	0.215	0.185	0.177	0.194
2019-12-18T11:20:02Z	0.215	0.185	0.177	0.194
2019-12-18T11:40:02Z	0.215	0.185	0.177	0.194
2019-12-18T12:00:02Z	0.215	0.185	0.177	0.194
2019-12-18T12:20:02Z	0.215	0.185	0.177	0.194
2019-12-18T12:40:02Z	0.214	0.185	0.177	0.194
2019-12-18T13:00:02Z	0.214	0.185	0.177	0.194
2019-12-18T13:20:02Z	0.214	0.185	0.177	0.194
2019-12-18T13:40:02Z	0.214	0.185	0.177	0.194
2019-12-18T14:00:02Z	0.214	0.185	0.177	0.194
2019-12-18T14:20:02Z	0.215	0.185	0.177	0.194
2019-12-18T14:40:02Z	0.215	0.185	0.177	0.194
2019-12-18T15:00:02Z	0.215	0.185	0.177	0.194
2019-12-18T15:20:02Z	0.215	0.185	0.177	0.194
2019-12-18T15:40:02Z	0.215	0.185	0.177	0.194
2019-12-18T16:00:02Z	0.215	0.185	0.177	0.194
2019-12-18T16:20:02Z	0.215	0.185	0.177	0.194
2019-12-18T16:40:02Z	0.215	0.185	0.177	0.194
2019-12-18T17:00:02Z	0.215	0.185	0.177	0.194
2019-12-18T17:20:02Z	0.215	0.185	0.177	0.194
2019-12-18T17:40:02Z	0.216	0.186	0.177	0.194
2019-12-18T18:00:02Z	0.216	0.186	0.177	0.194
2019-12-18T18:20:02Z	0.216	0.186	0.177	0.194
2019-12-18T18:40:02Z	0.215	0.185	0.177	0.194
2019-12-18T19:00:02Z	0.215	0.185	0.177	0.194
2019-12-18T19:20:02Z	0.216	0.185	0.177	0.194
2019-12-18T19:40:02Z	0.216	0.186	0.177	0.194
2019-12-18T20:00:02Z	0.215	0.185	0.177	0.194
2019-12-18T20:20:02Z	0.216	0.186	0.177	0.194
2019-12-18T20:40:02Z	0.216	0.185	0.177	0.194
2019-12-18T21:00:02Z	0.215	0.185	0.177	0.194
2019-12-18T21:20:02Z	0.216	0.185	0.177	0.194
2019-12-18T21:40:02Z	0.215	0.185	0.177	0.194
2019-12-18T22:00:02Z	0.215	0.185	0.177	0.194
2019-12-18T22:20:02Z	0.215	0.185	0.177	0.194
2019-12-18T22:40:02Z	0.215	0.185	0.177	0.194
2019-12-18T23:00:02Z	0.215	0.185	0.177	0.194
2019-12-18T23:20:02Z	0.216	0.185	0.177	0.194
2019-12-18T23:40:02Z	0.215	0.185	0.177	0.194
2019-12-19T00:00:02Z	0.215	0.185	0.177	0.194
2019-12-19T00:20:02Z	0.215	0.185	0.177	0.194
2019-12-19T00:40:02Z	0.215	0.185	0.177	0.194
2019-12-19T01:00:02Z	0.215	0.185	0.177	0.194
2019-12-19T01:20:02Z	0.215	0.185	0.177	0.194
2019-12-19T01:40:02Z	0.215	0.185	0.177	0.194
2019-12-19T02:00:02Z	0.215	0.185	0.177	0.194
2019-12-19T02:20:02Z	0.215	0.185	0.177	0.194
2019-12-19T02:40:02Z	0.215	0.185	0.177	0.194
2019-12-19T03:00:02Z	0.215	0.185	0.177	0.194
2019-12-19T03:20:02Z	0.215	0.185	0.177	0.194
2019-12-19T03:40:02Z	0.215	0.185	0.177	0.194
2019-12-19T04:00:02Z	0.215	0.185	0.177	0.194
2019-12-19T04:20:02Z	0.215	0.185	0.177	0.194
2019-12-19T04:40:02Z	0.215	0.185	0.177	0.194
2019-12-19T05:00:02Z	0.215	0.185	0.177	0.194
2019-12-19T05:20:02Z	0.215	0.185	0.177	0.194
2019-12-19T05:40:02Z	0.215	0.185	0.177	0.194
2019-12-19T06:00:02Z	0.215	0.185	0.177	0.194
2019-12-19T06:20:02Z	0.215	0.185	0.177	0.194
2019-12-19T06:40:02Z	0.215	0.185	0.177	0.194
2019-12-19T07:00:02Z	0.215	0.185	0.177	0.194
2019-12-19T07:20:02Z	0.215	0.185	0.177	0.194
2019-12-19T07:40:02Z	0.215	0.185	0.177	0.194
2019-12-19T08:00:02Z	0.214	0.185	0.177	0.194
2019-12-19T08:20:02Z	0.214	0.185	0.177	0.194
2019-12-19T08:40:02Z	0.215	0.185	0.177	0.194
2019-12-19T09:00:02Z	0.215	0.185	0.177	0.194
2019-12-19T09:20:02Z	0.214	0.185	0.177	0.194
2019-12-19T09:40:02Z	0.215	0.185	0.177	0.194
2019-12-19T10:00:02Z	0.214	0.185	0.177	0.194
2019-12-19T10:20:02Z	0.214	0.185	0.177	0.194
2019-12-19T10:40:02Z	0.214	0.184	0.176	0.193
2019-12-19T11:00:02Z	0.214	0.184	0.176	0.193
2019-12-19T11:20:02Z	0.214	0.184	0.176	0.193
2019-12-19T11:40:02Z	0.214	0.184	0.176	0.193
2019-12-19T12:00:02Z	0.214	0.184	0.176	0.193
2019-12-19T12:20:02Z	0.214	0.184	0.176	0.193
2019-12-19T12:40:02Z	0.214	0.184	0.176	0.193
2019-12-19T13:00:02Z	0.214	0.184	0.176	0.193
2019-12-19T13:20:02Z	0.214	0.184	0.176	0.193
2019-12-19T13:40:02Z	0.214	0.184	0.176	0.193
2019-12-19T14:00:02Z	0.214	0.184	0.176	0.193
2019-12-19T14:20:02Z	0.214	0.184	0.176	0.193
2019-12-19T14:40:02Z	0.214	0.184	0.176	0.193
2019-12-19T15:00:02Z	0.214	0.184	0.176	0.193
2019-12-19T15:20:02Z	0.214	0.184	0.176	0.193
2019-12-19T15:40:02Z	0.214	0.184	0.176	0.193
2019-12-19T16:00:02Z	0.214	0.184	0.176	0.193
2019-12-19T16:20:02Z	0.214	0.184	0.176	0.193
2019-12-19T16:40:02Z	0.214	0.184	0.176	0.193
2019-12-19T17:00:02Z	0.214	0.184	0.176	0.193
2019-12-19T17:20:02Z	0.214	0.184	0.176	0.193
2019-12-19T17:40:02Z	0.214	0.184	0.176	0.193
2019-12-19T18:00:02Z	0.214	0.184	0.176	0.193
2019-12-19T18:20:02Z	0.214	0.184	0.176	0.193
2019-12-19T18:40:02Z	0.214	0.184	0.176	0.194
2019-12-19T19:00:02Z	0.214	0.184	0.176	0.193
2019-12-19T19:20:02Z	0.214	0.184	0.176	0.193
2019-12-19T19:40:02Z	0.214	0.184	0.177	0.194
2019-12-19T20:00:02Z	0.214	0.184	0.177	0.194
2019-12-19T20:20:02Z	0.214	0.184	0.176	0.193
2019-12-19T20:40:02Z	0.214	0.184	0.176	0.193
2019-12-19T21:00:02Z	0.214	0.184	0.176	0.193
2019-12-19T21:20:02Z	0.214	0.184	0.176	0.193
2019-12-19T21:40:02Z	0.214	0.184	0.176	0.193
2019-12-19T22:00:02Z	0.214	0.184	0.176	0.193
2019-12-19T22:20:02Z	0.214	0.184	0.176	0.193
2019-12-19T22:40:02Z	0.214	0.184	0.176	0.193
2019-12-19T23:00:02Z	0.214	0.184	0.176	0.193
2019-12-19T23:20:02Z	0.214	0.184	0.176	0.193
2019-12-19T23:40:02Z	0.214	0.184	0.176	0.193
2019-12-20T00:00:02Z	0.214	0.184	0.176	0.193
2019-12-20T00:20:02Z	0.214	0.184	0.176	0.193
2019-12-20T00:40:02Z	0.214	0.184	0.176	0.193
2019-12-20T01:00:02Z	0.214	0.184	0.176	0.194
2019-12-20T01:20:02Z	0.214	0.184	0.176	0.194
2019-12-20T01:40:02Z	0.214	0.184	0.176	0.194
2019-12-20T02:00:02Z	0.214	0.184	0.177	0.194
2019-12-20T02:20:02Z	0.214	0.184	0.177	0.194
2019-12-20T02:40:02Z	0.214	0.184	0.177	0.194
2019-12-20T03:00:02Z	0.214	0.184	0.177	0.194
2019-12-20T03:20:02Z	0.214	0.184	0.177	0.194
2019-12-20T03:40:02Z	0.214	0.184	0.177	0.194
2019-12-20T04:00:02Z	0.214	0.184	0.177	0.194
2019-12-20T04:20:02Z	0.214	0.184	0.177	0.194
2019-12-20T04:40:02Z	0.214	0.184	0.177	0.194
2019-12-20T05:00:02Z	0.214	0.184	0.177	0.194
2019-12-20T05:20:02Z	0.214	0.184	0.176	0.194
2019-12-20T05:40:02Z	0.214	0.184	0.176	0.194
2019-12-20T06:00:02Z	0.214	0.184	0.177	0.194
2019-12-20T06:20:02Z	0.214	0.184	0.176	0.194
2019-12-20T06:40:02Z	0.214	0.184	0.176	0.194
2019-12-20T07:00:02Z	0.214	0.184	0.177	0.194
2019-12-20T07:20:02Z	0.214	0.184	0.177	0.194
2019-12-20T07:40:02Z	0.214	0.184	0.176	0.194
2019-12-20T08:00:02Z	0.214	0.184	0.177	0.194
2019-12-20T08:20:02Z	0.214	0.184	0.176	0.193
2019-12-20T08:40:02Z	0.214	0.184	0.176	0.193
2019-12-20T09:00:02Z	0.214	0.183	0.176	0.193
2019-12-20T09:20:02Z	0.214	0.183	0.176	0.193
2019-12-20T09:40:02Z	0.214	0.183	0.176	0.193
2019-12-20T10:00:02Z	0.214	0.183	0.176	0.193
2019-12-20T10:20:02Z	0.214	0.183	0.176	0.193
2019-12-20T10:40:02Z	0.214	0.183	0.176	0.193
2019-12-20T11:00:02Z	0.214	0.183	0.176	0.193
2019-12-20T11:20:02Z	0.214	0.183	0.176	0.193
2019-12-20T11:40:02Z	0.214	0.183	0.176	0.193
2019-12-20T12:00:02Z	0.213	0.183	0.176	0.193
2019-12-20T12:20:02Z	0.214	0.183	0.176	0.193
2019-12-20T12:40:02Z	0.214	0.183	0.176	0.193
2019-12-20T13:00:02Z	0.214	0.183	0.176	0.193
2019-12-20T13:20:02Z	0.214	0.183	0.176	0.193
2019-12-20T13:40:02Z	0.213	0.183	0.176	0.193
2019-12-20T14:00:02Z	0.214	0.183	0.176	0.193
2019-12-20T14:20:02Z	0.214	0.183	0.176	0.193
2019-12-20T14:40:02Z	0.214	0.183	0.176	0.193
2019-12-20T15:00:02Z	0.214	0.183	0.176	0.193
2019-12-20T15:20:02Z	0.214	0.183	0.176	0.193
2019-12-20T15:40:02Z	0.214	0.183	0.176	0.193
2019-12-20T16:00:02Z	0.214	0.183	0.176	0.193
2019-12-20T16:20:02Z	0.214	0.183	0.176	0.193
2019-12-20T16:40:02Z	0.214	0.183	0.176	0.193
2019-12-20T17:00:02Z	0.214	0.183	0.176	0.193
2019-12-20T17:20:02Z	0.214	0.183	0.176	0.193
2019-12-20T17:40:02Z	0.214	0.183	0.176	0.193
2019-12-20T18:00:02Z	0.214	0.183	0.176	0.193
2019-12-20T18:20:02Z	0.214	0.183	0.176	0.193
2019-12-20T18:40:02Z	0.214	0.183	0.176	0.193
2019-12-20T19:00:02Z	0.214	0.183	0.176	0.193
2019-12-20T19:20:02Z	0.214	0.183	0.176	0.193
2019-12-20T19:40:02Z	0.214	0.183	0.176	0.193
2019-12-20T20:00:02Z	0.214	0.183	0.176	0.193
2019-12-20T20:20:02Z	0.214	0.183	0.176	0.193
2019-12-20T20:40:02Z	0.214	0.183	0.176	0.193
2019-12-20T21:00:02Z	0.214	0.183	0.176	0.193
2019-12-20T21:20:02Z	0.214	0.183	0.176	0.193
2019-12-20T21:40:02Z	0.214	0.183	0.176	0.193
2019-12-20T22:00:02Z	0.214	0.183	0.176	0.193
2019-12-20T22:20:02Z	0.214	0.183	0.176	0.193
2019-12-20T22:40:02Z	0.214	0.183	0.176	0.193
2019-12-20T23:00:02Z	0.214	0.183	0.176	0.193
2019-12-20T23:20:02Z	0.214	0.183	0.176	0.193
2019-12-20T23:40:02Z	0.214	0.183	0.176	0.193
2019-12-21T00:00:02Z	0.214	0.183	0.176	0.193
2019-12-21T00:20:02Z	0.214	0.183	0.176	0.193
2019-12-21T00:40:02Z	0.214	0.184	0.176	0.193
2019-12-21T01:00:02Z	0.214	0.184	0.176	0.193
2019-12-21T01:20:02Z	0.215	0.184	0.176	0.193
2019-12-21T01:40:02Z	0.216	0.184	0.176	0.193
2019-12-21T02:00:02Z	0.217	0.184	0.176	0.193
2019-12-21T02:20:02Z	0.217	0.185	0.176	0.193
2019-12-21T02:40:02Z	0.217	0.185	0.176	0.193
2019-12-21T03:00:02Z	0.217	0.185	0.176	0.193
2019-12-21T03:20:02Z	0.217	0.185	0.176	0.193
2019-12-21T03:40:02Z	0.217	0.185	0.177	0.193
2019-12-21T04:00:02Z	0.217	0.186	0.177	0.193
2019-12-21T04:20:02Z	0.217	0.186	0.177	0.193
2019-12-21T04:40:02Z	0.217	0.186	0.177	0.193
2019-12-21T05:00:02Z	0.217	0.186	0.177	0.193
2019-12-21T05:20:02Z	0.217	0.186	0.177	0.193
2019-12-21T05:40:02Z	0.217	0.186	0.177	0.193
2019-12-21T06:00:02Z	0.217	0.186	0.177	0.193
2019-12-21T06:20:02Z	0.217	0.186	0.177	0.193
2019-12-21T06:40:02Z	0.217	0.186	0.177	0.193
2019-12-21T07:00:02Z	0.217	0.186	0.177	0.194
2019-12-21T07:20:02Z	0.217	0.186	0.177	0.194
2019-12-21T07:40:02Z	0.217	0.186	0.177	0.194
2019-12-21T08:00:02Z	0.217	0.186	0.177	0.194
2019-12-21T08:20:02Z	0.217	0.186	0.177	0.194
2019-12-21T08:40:02Z	0.217	0.186	0.177	0.194
2019-12-21T09:00:02Z	0.217	0.186	0.177	0.194
2019-12-21T09:20:02Z	0.217	0.186	0.177	0.194
2019-12-21T09:40:02Z	0.217	0.186	0.177	0.193
2019-12-21T10:00:02Z	0.217	0.186	0.177	0.193
2019-12-21T10:20:02Z	0.217	0.185	0.177	0.193
2019-12-21T10:40:02Z	0.217	0.186	0.177	0.193
2019-12-21T11:00:02Z	0.217	0.186	0.177	0.193
2019-12-21T11:20:02Z	0.217	0.185	0.177	0.193
2019-12-21T11:40:02Z	0.216	0.185	0.177	0.193
2019-12-21T12:00:02Z	0.216	0.185	0.177	0.193
2019-12-21T12:20:02Z	0.216	0.185	0.177	0.193
2019-12-21T12:40:02Z	0.216	0.185	0.177	0.193
2019-12-21T13:00:02Z	0.216	0.185	0.177	0.193
2019-12-21T13:20:02Z	0.216	0.185	0.177	0.193
2019-12-21T13:40:02Z	0.216	0.185	0.177	0.193
2019-12-21T14:00:02Z	0.216	0.185	0.177	0.194
2019-12-21T14:20:02Z	0.216	0.186	0.177	0.194
2019-12-21T14:40:02Z	0.217	0.186	0.177	0.194
2019-12-21T15:00:02Z	0.217	0.186	0.177	0.194
2019-12-21T15:20:02Z	0.216	0.186	0.177	0.194
2019-12-21T15:40:02Z	0.217	0.186	0.177	0.194
2019-12-21T16:00:02Z	0.217	0.186	0.177	0.194
2019-12-21T16:20:02Z	0.216	0.186	0.177	0.194
2019-12-21T16:40:02Z	0.216	0.186	0.177	0.194
2019-12-21T17:00:02Z	0.216	0.186	0.177	0.194
2019-12-21T17:20:02Z	0.216	0.186	0.177	0.194
2019-12-21T17:40:02Z	0.216	0.186	0.177	0.194
2019-12-21T18:00:02Z	0.216	0.186	0.177	0.194
2019-12-21T18:20:02Z	0.216	0.186	0.177	0.194
2019-12-21T18:40:02Z	0.216	0.186	0.177	0.194
2019-12-21T19:00:02Z	0.216	0.186	0.177	0.194
2019-12-21T19:20:02Z	0.216	0.186	0.177	0.194
2019-12-21T19:40:02Z	0.216	0.186	0.177	0.194
2019-12-21T20:00:02Z	0.216	0.186	0.177	0.194
2019-12-21T20:20:02Z	0.216	0.186	0.177	0.194
2019-12-21T20:40:02Z	0.216	0.186	0.177	0.194
2019-12-21T21:00:02Z	0.216	0.186	0.177	0.194
2019-12-21T21:20:02Z	0.216	0.186	0.177	0.194
2019-12-21T21:40:02Z	0.216	0.186	0.177	0.194
2019-12-21T22:00:02Z	0.216	0.186	0.177	0.194
2019-12-21T22:20:02Z	0.216	0.185	0.177	0.194
2019-12-21T22:40:02Z	0.216	0.186	0.177	0.194
2019-12-21T23:00:02Z	0.216	0.186	0.177	0.194
2019-12-21T23:20:02Z	0.216	0.185	0.177	0.194
2019-12-21T23:40:02Z	0.216	0.185	0.177	0.194
2019-12-22T00:00:02Z	0.216	0.185	0.177	0.194
2019-12-22T00:20:02Z	0.216	0.185	0.177	0.194
2019-12-22T00:40:02Z	0.216	0.185	0.177	0.194
2019-12-22T01:00:02Z	0.216	0.185	0.177	0.194
2019-12-22T01:20:02Z	0.216	0.185	0.177	0.194
2019-12-22T01:40:02Z	0.216	0.186	0.177	0.194
2019-12-22T02:00:02Z	0.216	0.185	0.177	0.194
2019-12-22T02:20:02Z	0.216	0.185	0.177	0.194
2019-12-22T02:40:02Z	0.216	0.185	0.177	0.194
2019-12-22T03:00:02Z	0.216	0.185	0.177	0.194
2019-12-22T03:20:02Z	0.216	0.185	0.177	0.194
2019-12-22T03:40:02Z	0.216	0.185	0.177	0.194
2019-12-22T04:00:02Z	0.216	0.185	0.177	0.194
2019-12-22T04:20:02Z	0.216	0.185	0.177	0.194
2019-12-22T04:40:02Z	0.216	0.185	0.177	0.194
2019-12-22T05:00:02Z	0.216	0.185	0.177	0.194
2019-12-22T05:20:02Z	0.216	0.185	0.177	0.194
2019-12-22T05:40:02Z	0.216	0.185	0.177	0.194
2019-12-22T06:00:02Z	0.216	0.185	0.177	0.194
2019-12-22T06:20:02Z	0.216	0.185	0.177	0.194
2019-12-22T06:40:02Z	0.216	0.185	0.177	0.194
2019-12-22T07:00:02Z	0.216	0.185	0.177	0.194
2019-12-22T07:20:02Z	0.215	0.185	0.177	0.194
2019-12-22T07:40:02Z	0.215	0.185	0.177	0.194
2019-12-22T08:00:02Z	0.216	0.185	0.177	0.194
2019-12-22T08:20:02Z	0.215	0.185	0.177	0.194
2019-12-22T08:40:02Z	0.215	0.185	0.177	0.194
2019-12-22T09:00:02Z	0.216	0.185	0.177	0.194
2019-12-22T09:20:02Z	0.216	0.185	0.177	0.194
2019-12-22T09:40:02Z	0.216	0.185	0.177	0.194
2019-12-22T10:00:02Z	0.216	0.185	0.177	0.194
2019-12-22T10:20:02Z	0.216	0.185	0.177	0.194
2019-12-22T10:40:02Z	0.216	0.185	0.177	0.194
2019-12-22T11:00:02Z	0.216	0.185	0.177	0.194
2019-12-22T11:20:02Z	0.216	0.185	0.177	0.194
2019-12-22T11:40:02Z	0.216	0.185	0.177	0.194
2019-12-22T12:00:02Z	0.216	0.185	0.177	0.194
2019-12-22T12:20:02Z	0.216	0.185	0.177	0.194
2019-12-22T12:40:02Z	0.216	0.185	0.177	0.194
2019-12-22T13:00:02Z	0.215	0.185	0.177	0.194
2019-12-22T13:20:02Z	0.216	0.185	0.177	0.193
2019-12-22T13:40:02Z	0.216	0.185	0.177	0.194
2019-12-22T14:00:02Z	0.216	0.185	0.177	0.194
2019-12-22T14:20:02Z	0.216	0.185	0.177	0.194
2019-12-22T14:40:02Z	0.215	0.185	0.177	0.194
2019-12-22T15:00:02Z	0.216	0.185	0.177	0.194
2019-12-22T15:20:02Z	0.215	0.185	0.177	0.194
2019-12-22T15:40:02Z	0.215	0.185	0.177	0.194
2019-12-22T16:00:02Z	0.215	0.185	0.177	0.194
2019-12-22T16:20:02Z	0.215	0.185	0.177	0.194
2019-12-22T16:40:02Z	0.215	0.185	0.177	0.193
2019-12-22T17:00:02Z	0.215	0.185	0.177	0.194
2019-12-22T17:20:02Z	0.215	0.185	0.177	0.194
2019-12-22T17:40:02Z	0.215	0.185	0.177	0.194
2019-12-22T18:00:02Z	0.215	0.185	0.177	0.194
2019-12-22T18:20:02Z	0.215	0.185	0.177	0.194
2019-12-22T18:40:02Z	0.215	0.185	0.177	0.193
2019-12-22T19:00:02Z	0.215	0.185	0.177	0.194
2019-12-22T19:20:02Z	0.215	0.185	0.177	0.194
2019-12-22T19:40:02Z	0.215	0.185	0.177	0.193
2019-12-22T20:00:02Z	0.215	0.184	0.177	0.194
2019-12-22T20:20:02Z	0.215	0.185	0.177	0.193
2019-12-22T20:40:02Z	0.215	0.185	0.177	0.193
2019-12-22T21:00:02Z	0.215	0.185	0.177	0.193
2019-12-22T21:20:02Z	0.215	0.184	0.177	0.193
2019-12-22T21:40:02Z	0.215	0.184	0.177	0.194
2019-12-22T22:00:02Z	0.215	0.184	0.177	0.194
2019-12-22T22:20:02Z	0.215	0.184	0.177	0.194
2019-12-22T22:40:02Z	0.215	0.184	0.177	0.194
2019-12-22T23:00:02Z	0.215	0.184	0.177	0.194
2019-12-22T23:20:02Z	0.215	0.184	0.177	0.194
2019-12-22T23:40:02Z	0.215	0.184	0.177	0.193
2019-12-23T00:00:02Z	0.215	0.184	0.177	0.194
2019-12-23T00:20:02Z	0.215	0.184	0.177	0.194
2019-12-23T00:40:02Z	0.214	0.184	0.177	0.194
2019-12-23T01:00:02Z	0.215	0.184	0.177	0.194
2019-12-23T01:20:02Z	0.214	0.184	0.177	0.194
2019-12-23T01:40:02Z	0.214	0.184	0.177	0.194
2019-12-23T02:00:02Z	0.214	0.184	0.177	0.194
2019-12-23T02:20:02Z	0.214	0.184	0.177	0.194
2019-12-23T02:40:02Z	0.214	0.184	0.177	0.193
2019-12-23T03:00:02Z	0.214	0.184	0.177	0.193
2019-12-23T03:20:02Z	0.214	0.184	0.177	0.193
2019-12-23T03:40:02Z	0.214	0.184	0.177	0.193
2019-12-23T04:00:02Z	0.214	0.184	0.177	0.193
2019-12-23T04:20:02Z	0.214	0.184	0.177	0.193
2019-12-23T04:40:02Z	0.214	0.184	0.177	0.193
2019-12-23T05:00:02Z	0.214	0.184	0.177	0.193
2019-12-23T05:20:02Z	0.214	0.184	0.177	0.193
2019-12-23T05:40:02Z	0.214	0.184	0.177	0.193
2019-12-23T06:00:02Z	0.214	0.184	0.177	0.193
2019-12-23T06:20:02Z	0.214	0.184	0.177	0.193
2019-12-23T06:40:02Z	0.214	0.184	0.177	0.194
2019-12-23T07:00:02Z	0.214	0.184	0.177	0.193
2019-12-23T07:20:02Z	0.214	0.184	0.177	0.194
2019-12-23T07:40:02Z	0.215	0.184	0.177	0.194
2019-12-23T08:00:02Z	0.215	0.184	0.177	0.193
2019-12-23T08:20:02Z	0.215	0.184	0.177	0.193
2019-12-23T08:40:02Z	0.215	0.184	0.177	0.193
2019-12-23T09:00:02Z	0.216	0.185	0.177	0.194
2019-12-23T09:20:02Z	0.216	0.185	0.177	0.193
2019-12-23T09:40:02Z	0.216	0.185	0.177	0.193
2019-12-23T10:00:02Z	0.216	0.185	0.177	0.193
2019-12-23T10:20:02Z	0.216	0.185	0.177	0.193
2019-12-23T10:40:02Z	0.216	0.185	0.177	0.193
2019-12-23T11:00:02Z	0.216	0.185	0.177	0.193
2019-12-23T11:20:02Z	0.216	0.185	0.177	0.193
2019-12-23T11:40:02Z	0.216	0.185	0.177	0.193
2019-12-23T12:00:02Z	0.215	0.184	0.177	0.193
2019-12-23T12:20:02Z	0.215	0.184	0.177	0.193
2019-12-23T12:40:02Z	0.215	0.184	0.177	0.193
2019-12-23T13:00:02Z	0.215	0.184	0.177	0.193
2019-12-23T13:20:02Z	0.216	0.185	0.177	0.193
2019-12-23T13:40:02Z	0.215	0.185	0.177	0.193
2019-12-23T14:00:02Z	0.216	0.185	0.177	0.193
2019-12-23T14:20:02Z	0.216	0.185	0.177	0.193
2019-12-23T14:40:02Z	0.215	0.185	0.177	0.193
2019-12-23T15:00:02Z	0.215	0.185	0.177	0.194
2019-12-23T15:20:02Z	0.215	0.185	0.177	0.194
2019-12-23T15:40:02Z	0.216	0.185	0.177	0.194
2019-12-23T16:00:02Z	0.215	0.185	0.177	0.194
2019-12-23T16:20:02Z	0.215	0.185	0.177	0.194
2019-12-23T16:40:02Z	0.215	0.185	0.177	0.194
2019-12-23T17:00:02Z	0.215	0.185	0.177	0.194
2019-12-23T17:20:02Z	0.215	0.185	0.177	0.194
2019-12-23T17:40:02Z	0.215	0.185	0.177	0.194
2019-12-23T18:00:02Z	0.215	0.184	0.177	0.194
2019-12-23T18:20:02Z	0.215	0.185	0.177	0.194
2019-12-23T18:40:02Z	0.215	0.184	0.177	0.194
2019-12-23T19:00:02Z	0.215	0.185	0.177	0.194
2019-12-23T19:20:02Z	0.215	0.185	0.177	0.194
2019-12-23T19:40:02Z	0.215	0.184	0.177	0.194
2019-12-23T20:00:02Z	0.215	0.185	0.177	0.194
2019-12-23T20:20:02Z	0.215	0.184	0.177	0.194
2019-12-23T20:40:02Z	0.215	0.184	0.177	0.194
2019-12-23T21:00:02Z	0.215	0.184	0.177	0.194
2019-12-23T21:20:02Z	0.215	0.184	0.177	0.194
2019-12-23T21:40:02Z	0.215	0.184	0.177	0.194
2019-12-23T22:00:02Z	0.215	0.184	0.177	0.193
2019-12-23T22:20:02Z	0.215	0.184	0.177	0.194
2019-12-23T22:40:02Z	0.215	0.184	0.177	0.194
2019-12-23T23:00:02Z	0.215	0.184	0.177	0.194
2019-12-23T23:20:02Z	0.215	0.184	0.177	0.194
2019-12-23T23:40:02Z	0.215	0.184	0.177	0.194
2019-12-24T00:00:02Z	0.215	0.184	0.177	0.193
2019-12-24T00:20:02Z	0.215	0.184	0.177	0.194
2019-12-24T00:40:02Z	0.214	0.184	0.177	0.194
2019-12-24T01:00:02Z	0.215	0.184	0.177	0.194
2019-12-24T01:20:02Z	0.214	0.184	0.177	0.194
2019-12-24T01:40:02Z	0.214	0.184	0.177	0.194
2019-12-24T02:00:02Z	0.214	0.184	0.177	0.193
2019-12-24T02:20:02Z	0.214	0.184	0.177	0.193
2019-12-24T02:40:02Z	0.214	0.184	0.177	0.194
2019-12-24T03:00:02Z	0.214	0.184	0.177	0.194
2019-12-24T03:20:02Z	0.214	0.184	0.177	0.194
2019-12-24T03:40:02Z	0.214	0.184	0.177	0.194
2019-12-24T04:00:02Z	0.214	0.184	0.177	0.194
2019-12-24T04:20:02Z	0.214	0.184	0.177	0.194
2019-12-24T04:40:02Z	0.214	0.184	0.177	0.194
2019-12-24T05:00:02Z	0.214	0.184	0.177	0.194
2019-12-24T05:20:02Z	0.214	0.184	0.177	0.194
2019-12-24T05:40:02Z	0.214	0.184	0.177	0.194
2019-12-24T06:00:02Z	0.214	0.184	0.177	0.194
2019-12-24T06:20:02Z	0.214	0.184	0.177	0.193
2019-12-24T06:40:02Z	0.214	0.184	0.177	0.194
2019-12-24T07:00:02Z	0.214	0.184	0.177	0.194
2019-12-24T07:20:02Z	0.214	0.184	0.177	0.194
2019-12-24T07:40:02Z	0.214	0.184	0.177	0.193
2019-12-24T08:00:02Z	0.214	0.184	0.177	0.194
2019-12-24T08:20:02Z	0.214	0.184	0.177	0.194
2019-12-24T08:40:02Z	0.214	0.184	0.177	0.193
2019-12-24T09:00:02Z	0.214	0.184	0.177	0.193
2019-12-24T09:20:02Z	0.214	0.184	0.177	0.193
2019-12-24T09:40:02Z	0.214	0.184	0.177	0.193
2019-12-24T10:00:02Z	0.214	0.184	0.177	0.193
2019-12-24T10:20:02Z	0.214	0.183	0.177	0.193
2019-12-24T10:40:02Z	0.214	0.183	0.176	0.193
2019-12-24T11:00:02Z	0.214	0.183	0.176	0.193
2019-12-24T11:20:02Z	0.214	0.183	0.176	0.193
2019-12-24T11:40:02Z	0.214	0.183	0.177	0.193
2019-12-24T12:00:02Z	0.214	0.183	0.176	0.193
2019-12-24T12:20:02Z	0.214	0.183	0.177	0.193
2019-12-24T12:40:02Z	0.214	0.183	0.177	0.193
2019-12-24T13:00:02Z	0.214	0.183	0.177	0.193
2019-12-24T13:20:02Z	0.214	0.183	0.177	0.193
2019-12-24T13:40:02Z	0.214	0.183	0.177	0.193
2019-12-24T14:00:02Z	0.214	0.183	0.177	0.193
2019-12-24T14:20:02Z	0.214	0.183	0.177	0.193
2019-12-24T14:40:02Z	0.214	0.183	0.177	0.193
2019-12-24T15:00:02Z	0.214	0.183	0.177	0.193
2019-12-24T15:20:02Z	0.214	0.183	0.177	0.193
2019-12-24T15:40:02Z	0.214	0.183	0.177	0.193
2019-12-24T16:00:02Z	0.214	0.183	0.177	0.193
2019-12-24T16:20:02Z	0.214	0.184	0.177	0.194
2019-12-24T16:40:02Z	0.214	0.184	0.177	0.193
2019-12-24T17:00:02Z	0.216	0.184	0.177	0.194
2019-12-24T17:20:02Z	0.218	0.184	0.177	0.194
2019-12-24T17:40:02Z	0.218	0.185	0.177	0.193
2019-12-24T18:00:02Z	0.219	0.185	0.177	0.194
2019-12-24T18:20:02Z	0.219	0.186	0.177	0.194
2019-12-24T18:40:02Z	0.219	0.186	0.177	0.194
2019-12-24T19:00:02Z	0.219	0.186	0.177	0.194
2019-12-24T19:20:02Z	0.219	0.186	0.177	0.194
2019-12-24T19:40:02Z	0.219	0.186	0.177	0.194
2019-12-24T20:00:02Z	0.219	0.186	0.178	0.194
2019-12-24T20:20:02Z	0.219	0.187	0.178	0.194
2019-12-24T20:40:02Z	0.219	0.187	0.178	0.194
2019-12-24T21:00:02Z	0.219	0.187	0.178	0.194
2019-12-24T21:20:02Z	0.219	0.187	0.178	0.194
2019-12-24T21:40:02Z	0.219	0.187	0.178	0.194
2019-12-24T22:00:02Z	0.218	0.187	0.178	0.194
2019-12-24T22:20:02Z	0.218	0.187	0.178	0.194
2019-12-24T22:40:02Z	0.218	0.187	0.178	0.194
2019-12-24T23:00:02Z	0.218	0.187	0.178	0.194
2019-12-24T23:20:02Z	0.218	0.187	0.178	0.194
2019-12-24T23:40:02Z	0.218	0.187	0.178	0.194
2019-12-25T00:00:02Z	0.218	0.187	0.178	0.194
2019-12-25T00:20:02Z	0.218	0.187	0.178	0.194
2019-12-25T00:40:02Z	0.218	0.187	0.178	0.194
2019-12-25T01:00:02Z	0.218	0.187	0.178	0.194
2019-12-25T01:20:02Z	0.218	0.187	0.178	0.194
2019-12-25T01:40:02Z	0.218	0.187	0.178	0.194
2019-12-25T02:00:02Z	0.218	0.187	0.178	0.194
2019-12-25T02:20:02Z	0.218	0.187	0.178	0.194
2019-12-25T02:40:02Z	0.218	0.187	0.178	0.194
2019-12-25T03:00:02Z	0.218	0.187	0.178	0.194
2019-12-25T03:20:02Z	0.218	0.187	0.178	0.194
2019-12-25T03:40:02Z	0.218	0.187	0.178	0.194
2019-12-25T04:00:02Z	0.218	0.187	0.178	0.194
2019-12-25T04:20:02Z	0.218	0.186	0.178	0.194
2019-12-25T04:40:02Z	0.218	0.187	0.178	0.194
2019-12-25T05:00:02Z	0.218	0.186	0.178	0.194
2019-12-25T05:20:02Z	0.218	0.186	0.178	0.194
2019-12-25T05:40:02Z	0.218	0.186	0.178	0.194
2019-12-25T06:00:02Z	0.218	0.186	0.178	0.194
2019-12-25T06:20:02Z	0.218	0.186	0.178	0.194
2019-12-25T06:40:02Z	0.218	0.186	0.178	0.194
2019-12-25T07:00:02Z	0.218	0.186	0.178	0.194
2019-12-25T07:20:02Z	0.218	0.186	0.178	0.194
2019-12-25T07:40:02Z	0.218	0.186	0.178	0.194
2019-12-25T08:00:02Z	0.218	0.186	0.178	0.194
2019-12-25T08:20:02Z	0.218	0.186	0.178	0.194
2019-12-25T08:40:02Z	0.218	0.186	0.178	0.194
2019-12-25T09:00:02Z	0.218	0.186	0.178	0.194
2019-12-25T09:20:02Z	0.217	0.186	0.178	0.194
2019-12-25T09:40:02Z	0.217	0.186	0.178	0.194
2019-12-25T10:00:02Z	0.217	0.186	0.178	0.194
2019-12-25T10:20:02Z	0.217	0.186	0.178	0.194
2019-12-25T10:40:02Z	0.217	0.186	0.178	0.194
2019-12-25T11:00:02Z	0.217	0.186	0.178	0.194
2019-12-25T11:20:02Z	0.217	0.186	0.178	0.194
2019-12-25T11:40:02Z	0.217	0.186	0.178	0.194
2019-12-25T12:00:02Z	0.217	0.186	0.178	0.194
2019-12-25T12:20:02Z	0.217	0.186	0.178	0.194
2019-12-25T12:40:02Z	0.217	0.186	0.178	0.194
2019-12-25T13:00:02Z	0.217	0.186	0.178	0.194
2019-12-25T13:20:02Z	0.217	0.186	0.178	0.194
2019-12-25T13:40:02Z	0.217	0.186	0.178	0.194
2019-12-25T14:00:02Z	0.217	0.186	0.178	0.194
2019-12-25T14:20:02Z	0.217	0.186	0.178	0.194
2019-12-25T14:40:02Z	0.217	0.186	0.178	0.194
2019-12-25T15:00:02Z	0.217	0.186	0.178	0.194
2019-12-25T15:20:02Z	0.217	0.186	0.178	0.194
2019-12-25T15:40:02Z	0.217	0.186	0.178	0.194
2019-12-25T16:00:02Z	0.217	0.186	0.178	0.194
2019-12-25T16:20:02Z	0.217	0.186	0.178	0.194
2019-12-25T16:40:02Z	0.217	0.186	0.178	0.194
2019-12-25T17:00:02Z	0.217	0.186	0.178	0.194
2019-12-25T17:20:02Z	0.217	0.186	0.178	0.194
2019-12-25T17:40:02Z	0.217	0.186	0.178	0.194
2019-12-25T18:00:02Z	0.217	0.186	0.178	0.194
2019-12-25T18:20:02Z	0.217	0.186	0.178	0.194
2019-12-25T18:40:02Z	0.217	0.186	0.178	0.194
2019-12-25T19:00:02Z	0.217	0.186	0.178	0.194
2019-12-25T19:20:02Z	0.217	0.186	0.178	0.194
2019-12-25T19:40:02Z	0.217	0.186	0.178	0.194
2019-12-25T20:00:02Z	0.217	0.186	0.178	0.194
2019-12-25T20:20:02Z	0.217	0.186	0.178	0.194
2019-12-25T20:40:02Z	0.217	0.186	0.178	0.194
2019-12-25T21:00:02Z	0.217	0.186	0.178	0.194
2019-12-25T21:20:02Z	0.217	0.186	0.178	0.194
2019-12-25T21:40:02Z	0.217	0.186	0.178	0.194
2019-12-25T22:00:02Z	0.217	0.186	0.178	0.194
2019-12-25T22:20:02Z	0.217	0.186	0.178	0.194
2019-12-25T22:40:02Z	0.217	0.186	0.178	0.194
2019-12-25T23:00:02Z	0.217	0.186	0.178	0.194
2019-12-25T23:20:02Z	0.217	0.186	0.178	0.194
2019-12-25T23:40:02Z	0.217	0.186	0.178	0.194
2019-12-26T00:00:02Z	0.217	0.186	0.178	0.194
2019-12-26T00:20:02Z	0.217	0.186	0.178	0.194
2019-12-26T00:40:02Z	0.217	0.186	0.178	0.194
2019-12-26T01:00:02Z	0.217	0.186	0.178	0.194
2019-12-26T01:20:02Z	0.217	0.186	0.178	0.194
2019-12-26T01:40:02Z	0.217	0.186	0.178	0.194
2019-12-26T02:00:02Z	0.217	0.186	0.178	0.194
2019-12-26T02:20:02Z	0.217	0.186	0.178	0.194
2019-12-26T02:40:02Z	0.217	0.186	0.178	0.194
2019-12-26T03:00:02Z	0.217	0.186	0.178	0.194
2019-12-26T03:20:02Z	0.217	0.186	0.178	0.194
2019-12-26T03:40:02Z	0.217	0.186	0.178	0.194
2019-12-26T04:00:02Z	0.217	0.186	0.178	0.194
2019-12-26T04:20:02Z	0.217	0.186	0.178	0.194
2019-12-26T04:40:02Z	0.217	0.186	0.178	0.194
2019-12-26T05:00:02Z	0.217	0.186	0.178	0.194
2019-12-26T05:20:02Z	0.217	0.186	0.178	0.194
2019-12-26T05:40:02Z	0.217	0.186	0.178	0.194
2019-12-26T06:00:02Z	0.217	0.186	0.178	0.194
2019-12-26T06:20:02Z	0.217	0.186	0.178	0.194
2019-12-26T06:40:02Z	0.217	0.186	0.178	0.194
2019-12-26T07:00:02Z	0.217	0.186	0.178	0.194
2019-12-26T07:20:02Z	0.217	0.186	0.178	0.194
2019-12-26T07:40:02Z	0.217	0.186	0.178	0.194
2019-12-26T08:00:02Z	0.217	0.186	0.178	0.194
2019-12-26T08:20:02Z	0.217	0.186	0.178	0.194
2019-12-26T08:40:02Z	0.217	0.186	0.178	0.194
2019-12-26T09:00:02Z	0.217	0.186	0.178	0.194
2019-12-26T09:20:02Z	0.217	0.186	0.178	0.194
2019-12-26T09:40:02Z	0.217	0.186	0.178	0.194
2019-12-26T10:00:02Z	0.217	0.186	0.178	0.194
2019-12-26T10:20:02Z	0.217	0.186	0.178	0.194
2019-12-26T10:40:02Z	0.217	0.186	0.178	0.194
2019-12-26T11:00:02Z	0.217	0.186	0.178	0.194
2019-12-26T11:20:02Z	0.217	0.186	0.178	0.194
2019-12-26T11:40:02Z	0.217	0.186	0.178	0.194
2019-12-26T12:00:02Z	0.217	0.186	0.178	0.194
2019-12-26T12:20:02Z	0.217	0.186	0.178	0.194
2019-12-26T12:40:02Z	0.217	0.186	0.178	0.194
2019-12-26T13:00:02Z	0.217	0.186	0.178	0.194
2019-12-26T13:20:02Z	0.217	0.186	0.178	0.194
2019-12-26T13:40:02Z	0.217	0.186	0.178	0.194
2019-12-26T14:00:02Z	0.217	0.186	0.178	0.194
2019-12-26T14:20:02Z	0.217	0.186	0.178	0.194
2019-12-26T14:40:02Z	0.217	0.186	0.178	0.194
2019-12-26T15:00:02Z	0.217	0.186	0.178	0.194
2019-12-26T15:20:02Z	0.217	0.186	0.178	0.194
2019-12-26T15:40:02Z	0.217	0.186	0.178	0.194
2019-12-26T16:00:02Z	0.217	0.186	0.178	0.194
2019-12-26T16:20:02Z	0.217	0.186	0.178	0.194
2019-12-26T16:40:02Z	0.217	0.186	0.178	0.194
2019-12-26T17:00:02Z	0.217	0.186	0.178	0.194
2019-12-26T17:20:02Z	0.217	0.186	0.178	0.194
2019-12-26T17:40:02Z	0.217	0.186	0.178	0.194
2019-12-26T18:00:02Z	0.217	0.186	0.178	0.194
2019-12-26T18:20:02Z	0.217	0.186	0.178	0.194
2019-12-26T18:40:02Z	0.217	0.186	0.178	0.194
2019-12-26T19:00:02Z	0.217	0.186	0.178	0.194
2019-12-26T19:20:02Z	0.217	0.186	0.178	0.194
2019-12-26T19:40:02Z	0.217	0.186	0.178	0.194
2019-12-26T20:00:02Z	0.217	0.186	0.178	0.194
2019-12-26T20:20:02Z	0.217	0.186	0.178	0.194
2019-12-26T20:40:02Z	0.217	0.186	0.178	0.194
2019-12-26T21:00:02Z	0.217	0.186	0.178	0.194
2019-12-26T21:20:02Z	0.217	0.186	0.178	0.194
2019-12-26T21:40:02Z	0.216	0.186	0.178	0.194
2019-12-26T22:00:02Z	0.216	0.186	0.178	0.194
2019-12-26T22:20:02Z	0.217	0.186	0.178	0.194
2019-12-26T22:40:02Z	0.217	0.186	0.178	0.194
2019-12-26T23:00:02Z	0.217	0.186	0.178	0.194
2019-12-26T23:20:02Z	0.218	0.186	0.178	0.194
2019-12-26T23:40:02Z	0.218	0.186	0.178	0.194
2019-12-27T00:00:02Z	0.219	0.186	0.178	0.194
2019-12-27T00:20:02Z	0.219	0.187	0.178	0.194
2019-12-27T00:40:02Z	0.22	0.187	0.178	0.194
2019-12-27T01:00:02Z	0.22	0.187	0.178	0.194
2019-12-27T01:20:02Z	0.22	0.188	0.178	0.194
2019-12-27T01:40:02Z	0.22	0.188	0.179	0.194
2019-12-27T02:00:02Z	0.22	0.188	0.179	0.194
2019-12-27T02:20:02Z	0.22	0.188	0.179	0.194
2019-12-27T02:40:02Z	0.22	0.188	0.179	0.194
2019-12-27T03:00:02Z	0.22	0.188	0.179	0.194
2019-12-27T03:20:02Z	0.219	0.188	0.179	0.194
2019-12-27T03:40:02Z	0.219	0.188	0.179	0.194
2019-12-27T04:00:02Z	0.219	0.188	0.179	0.194
2019-12-27T04:20:02Z	0.219	0.188	0.179	0.194
2019-12-27T04:40:02Z	0.219	0.188	0.179	0.194
2019-12-27T05:00:02Z	0.219	0.188	0.179	0.194
2019-12-27T05:20:02Z	0.219	0.188	0.179	0.194
2019-12-27T05:40:02Z	0.219	0.188	0.179	0.194
2019-12-27T06:00:02Z	0.219	0.188	0.179	0.195
2019-12-27T06:20:02Z	0.219	0.188	0.179	0.195
2019-12-27T06:40:02Z	0.219	0.188	0.179	0.194
2019-12-27T07:00:02Z	0.219	0.188	0.179	0.194
2019-12-27T07:20:02Z	0.219	0.188	0.179	0.194
2019-12-27T07:40:02Z	0.219	0.188	0.179	0.195
2019-12-27T08:00:02Z	0.218	0.188	0.179	0.194
2019-12-27T08:20:02Z	0.219	0.188	0.179	0.194
2019-12-27T08:40:02Z	0.218	0.188	0.179	0.194
2019-12-27T09:00:02Z	0.218	0.187	0.179	0.194
2019-12-27T09:20:02Z	0.218	0.187	0.179	0.194
2019-12-27T09:40:02Z	0.218	0.187	0.179	0.194
2019-12-27T10:00:02Z	0.218	0.187	0.179	0.194
2019-12-27T10:20:02Z	0.218	0.187	0.179	0.194
2019-12-27T10:40:02Z	0.218	0.187	0.179	0.194
2019-12-27T11:00:02Z	0.218	0.187	0.179	0.194
2019-12-27T11:20:02Z	0.218	0.187	0.179	0.194
2019-12-27T11:40:02Z	0.218	0.187	0.179	0.194
2019-12-27T12:00:02Z	0.218	0.187	0.179	0.194
2019-12-27T12:20:02Z	0.218	0.187	0.179	0.194
2019-12-27T12:40:02Z	0.218	0.187	0.179	0.194
2019-12-27T13:00:02Z	0.218	0.187	0.179	0.194
2019-12-27T13:20:02Z	0.218	0.187	0.179	0.194
2019-12-27T13:40:02Z	0.218	0.187	0.179	0.194
2019-12-27T14:00:02Z	0.218	0.187	0.179	0.194
2019-12-27T14:20:02Z	0.218	0.187	0.179	0.194
2019-12-27T14:40:02Z	0.218	0.187	0.179	0.194
2019-12-27T15:00:02Z	0.218	0.187	0.179	0.194
2019-12-27T15:20:02Z	0.218	0.187	0.179	0.194
2019-12-27T15:40:02Z	0.218	0.187	0.179	0.194
2019-12-27T16:00:02Z	0.218	0.187	0.179	0.194
2019-12-27T16:20:02Z	0.218	0.187	0.179	0.194
2019-12-27T16:40:02Z	0.218	0.187	0.179	0.194
2019-12-27T17:00:02Z	0.218	0.187	0.179	0.194
2019-12-27T17:20:02Z	0.218	0.187	0.179	0.194
2019-12-27T17:40:02Z	0.218	0.187	0.179	0.195
2019-12-27T18:00:02Z	0.218	0.187	0.179	0.195
2019-12-27T18:20:02Z	0.218	0.187	0.179	0.195
2019-12-27T18:40:02Z	0.218	0.187	0.179	0.194
2019-12-27T19:00:02Z	0.218	0.187	0.179	0.195
2019-12-27T19:20:02Z	0.218	0.187	0.179	0.195
2019-12-27T19:40:02Z	0.218	0.187	0.179	0.195
2019-12-27T20:00:02Z	0.218	0.187	0.179	0.195
2019-12-27T20:20:02Z	0.218	0.187	0.179	0.195
2019-12-27T20:40:02Z	0.218	0.187	0.179	0.195
2019-12-27T21:00:02Z	0.218	0.187	0.179	0.195
2019-12-27T21:20:02Z	0.218	0.187	0.179	0.195
2019-12-27T21:40:02Z	0.218	0.187	0.179	0.195
2019-12-27T22:00:02Z	0.218	0.187	0.179	0.195
2019-12-27T22:20:02Z	0.218	0.187	0.179	0.195
2019-12-27T22:40:02Z	0.218	0.187	0.179	0.195
2019-12-27T23:00:02Z	0.218	0.187	0.179	0.195
2019-12-27T23:20:02Z	0.218	0.187	0.179	0.195
2019-12-27T23:40:02Z	0.218	0.187	0.179	0.194
2019-12-28T00:00:02Z	0.218	0.187	0.179	0.194
2019-12-28T00:20:02Z	0.218	0.187	0.179	0.194
2019-12-28T00:40:02Z	0.218	0.187	0.179	0.194
2019-12-28T01:00:02Z	0.218	0.187	0.179	0.194
2019-12-28T01:20:02Z	0.218	0.187	0.179	0.194
2019-12-28T01:40:02Z	0.218	0.187	0.179	0.194
2019-12-28T02:00:02Z	0.218	0.187	0.179	0.195
2019-12-28T02:20:02Z	0.218	0.187	0.179	0.194
2019-12-28T02:40:02Z	0.218	0.187	0.179	0.194
2019-12-28T03:00:02Z	0.218	0.187	0.179	0.194
2019-12-28T03:20:02Z	0.218	0.187	0.179	0.194
2019-12-28T03:40:02Z	0.218	0.187	0.179	0.194
2019-12-28T04:00:02Z	0.218	0.187	0.179	0.194
2019-12-28T04:20:02Z	0.218	0.187	0.179	0.194
2019-12-28T04:40:02Z	0.218	0.187	0.179	0.194
2019-12-28T05:00:02Z	0.218	0.187	0.179	0.194
2019-12-28T05:20:02Z	0.218	0.187	0.179	0.194
2019-12-28T05:40:02Z	0.218	0.187	0.179	0.194
2019-12-28T06:00:02Z	0.218	0.187	0.179	0.194
2019-12-28T06:20:02Z	0.218	0.187	0.179	0.194
2019-12-28T06:40:02Z	0.218	0.187	0.179	0.194
2019-12-28T07:00:02Z	0.218	0.186	0.179	0.194
2019-12-28T07:20:02Z	0.218	0.187	0.179	0.194
2019-12-28T07:40:02Z	0.218	0.186	0.179	0.194
2019-12-28T08:00:02Z	0.218	0.186	0.179	0.194
2019-12-28T08:20:02Z	0.218	0.186	0.179	0.194
2019-12-28T08:40:02Z	0.218	0.186	0.178	0.194
2019-12-28T09:00:02Z	0.218	0.186	0.178	0.194
2019-12-28T09:20:02Z	0.217	0.186	0.178	0.194
2019-12-28T09:40:02Z	0.217	0.186	0.178	0.194
2019-12-28T10:00:02Z	0.217	0.186	0.178	0.194
2019-12-28T10:20:02Z	0.217	0.186	0.178	0.194
2019-12-28T10:40:02Z	0.217	0.186	0.178	0.194
2019-12-28T11:00:02Z	0.217	0.186	0.178	0.194
2019-12-28T11:20:02Z	0.217	0.186	0.178	0.194
2019-12-28T11:40:02Z	0.217	0.186	0.178	0.194
2019-12-28T12:00:02Z	0.217	0.186	0.178	0.194
2019-12-28T12:20:02Z	0.217	0.186	0.178	0.194
2019-12-28T12:40:02Z	0.217	0.186	0.178	0.194
2019-12-28T13:00:02Z	0.217	0.186	0.178	0.194
2019-12-28T13:20:02Z	0.217	0.186	0.178	0.194
2019-12-28T13:40:02Z	0.217	0.186	0.178	0.194
2019-12-28T14:00:02Z	0.217	0.186	0.178	0.194
2019-12-28T14:20:02Z	0.217	0.186	0.178	0.194
2019-12-28T14:40:02Z	0.217	0.186	0.178	0.194
2019-12-28T15:00:02Z	0.217	0.186	0.178	0.194
2019-12-28T15:20:02Z	0.217	0.186	0.178	0.194
2019-12-28T15:40:02Z	0.217	0.186	0.178	0.194
2019-12-28T16:00:02Z	0.217	0.186	0.178	0.194
2019-12-28T16:20:02Z	0.217	0.186	0.178	0.194
2019-12-28T16:40:02Z	0.217	0.186	0.178	0.194
2019-12-28T17:00:02Z	0.217	0.186	0.178	0.194
2019-12-28T17:20:02Z	0.217	0.186	0.178	0.194
2019-12-28T17:40:02Z	0.217	0.186	0.178	0.194
2019-12-28T18:00:02Z	0.217	0.186	0.178	0.194
2019-12-28T18:20:02Z	0.217	0.186	0.178	0.194
2019-12-28T18:40:02Z	0.217	0.186	0.178	0.194
2019-12-28T19:00:02Z	0.217	0.186	0.178	0.194
2019-12-28T19:20:02Z	0.217	0.186	0.178	0.194
2019-12-28T19:40:02Z	0.217	0.186	0.178	0.194
2019-12-28T20:00:02Z	0.217	0.186	0.178	0.194
2019-12-28T20:20:02Z	0.217	0.186	0.178	0.194
2019-12-28T20:40:02Z	0.217	0.186	0.178	0.194
2019-12-28T21:00:02Z	0.217	0.186	0.178	0.194
2019-12-28T21:20:02Z	0.217	0.186	0.178	0.194
2019-12-28T21:40:02Z	0.217	0.186	0.178	0.194
2019-12-28T22:00:02Z	0.217	0.186	0.178	0.194
2019-12-28T22:20:02Z	0.217	0.186	0.178	0.194
2019-12-28T22:40:02Z	0.217	0.186	0.178	0.194
2019-12-28T23:00:02Z	0.217	0.186	0.178	0.194
2019-12-28T23:20:02Z	0.217	0.186	0.178	0.194
2019-12-28T23:40:02Z	0.217	0.186	0.178	0.194
2019-12-29T00:00:02Z	0.217	0.186	0.178	0.194
2019-12-29T00:20:02Z	0.217	0.186	0.178	0.194
2019-12-29T00:40:02Z	0.217	0.186	0.178	0.194
2019-12-29T01:00:02Z	0.217	0.186	0.178	0.194
2019-12-29T01:20:02Z	0.217	0.186	0.178	0.194
2019-12-29T01:40:02Z	0.217	0.186	0.178	0.194
2019-12-29T02:00:02Z	0.217	0.186	0.178	0.194
2019-12-29T02:20:02Z	0.217	0.186	0.178	0.194
2019-12-29T02:40:02Z	0.217	0.186	0.178	0.194
2019-12-29T03:00:02Z	0.217	0.186	0.178	0.194
2019-12-29T03:20:02Z	0.217	0.186	0.178	0.194
2019-12-29T03:40:02Z	0.217	0.186	0.178	0.194
2019-12-29T04:00:02Z	0.217	0.186	0.178	0.194
2019-12-29T04:20:02Z	0.217	0.186	0.178	0.194
2019-12-29T04:40:02Z	0.217	0.186	0.178	0.194
2019-12-29T05:00:02Z	0.217	0.186	0.178	0.194
2019-12-29T05:20:02Z	0.217	0.186	0.178	0.194
2019-12-29T05:40:02Z	0.217	0.186	0.178	0.194
2019-12-29T06:00:02Z	0.217	0.186	0.178	0.194
2019-12-29T06:20:02Z	0.217	0.186	0.178	0.194
2019-12-29T06:40:02Z	0.217	0.186	0.178	0.194
2019-12-29T07:00:02Z	0.217	0.186	0.178	0.194
2019-12-29T07:20:02Z	0.217	0.186	0.178	0.194
2019-12-29T07:40:02Z	0.217	0.186	0.178	0.194
2019-12-29T08:00:02Z	0.217	0.186	0.178	0.194
2019-12-29T08:20:02Z	0.216	0.186	0.178	0.194
2019-12-29T08:40:02Z	0.216	0.186	0.178	0.194
2019-12-29T09:00:02Z	0.216	0.186	0.178	0.194
2019-12-29T09:20:02Z	0.216	0.185	0.178	0.194
2019-12-29T09:40:02Z	0.216	0.185	0.178	0.194
2019-12-29T10:00:02Z	0.216	0.185	0.178	0.194
2019-12-29T10:20:02Z	0.216	0.185	0.178	0.194
2019-12-29T10:40:02Z	0.216	0.185	0.178	0.194
2019-12-29T11:00:02Z	0.216	0.185	0.178	0.194
2019-12-29T11:20:02Z	0.216	0.185	0.178	0.194
2019-12-29T11:40:02Z	0.216	0.185	0.178	0.194
2019-12-29T12:00:02Z	0.216	0.185	0.178	0.194
2019-12-29T12:20:02Z	0.216	0.185	0.178	0.194
2019-12-29T12:40:02Z	0.216	0.185	0.178	0.194
2019-12-29T13:00:02Z	0.216	0.185	0.178	0.194
2019-12-29T13:20:02Z	0.216	0.185	0.178	0.194
2019-12-29T13:40:02Z	0.216	0.185	0.178	0.194
2019-12-29T14:00:02Z	0.216	0.185	0.178	0.194
2019-12-29T14:20:02Z	0.216	0.185	0.178	0.194
2019-12-29T14:40:02Z	0.216	0.185	0.178	0.194
2019-12-29T15:00:02Z	0.216	0.185	0.178	0.194
2019-12-29T15:20:02Z	0.216	0.185	0.178	0.194
2019-12-29T15:40:02Z	0.216	0.185	0.178	0.194
2019-12-29T16:00:02Z	0.216	0.185	0.178	0.194
2019-12-29T16:20:02Z	0.216	0.185	0.178	0.194
2019-12-29T16:40:02Z	0.216	0.185	0.178	0.194
2019-12-29T17:00:02Z	0.216	0.185	0.178	0.194
2019-12-29T17:20:02Z	0.216	0.185	0.178	0.194
2019-12-29T17:40:02Z	0.216	0.185	0.178	0.194
2019-12-29T18:00:02Z	0.216	0.185	0.178	0.194
2019-12-29T18:20:02Z	0.216	0.185	0.178	0.194
2019-12-29T18:40:02Z	0.216	0.185	0.178	0.194
2019-12-29T19:00:02Z	0.216	0.185	0.178	0.194
2019-12-29T19:20:02Z	0.216	0.185	0.178	0.194
2019-12-29T19:40:02Z	0.216	0.185	0.178	0.194
2019-12-29T20:00:02Z	0.216	0.185	0.178	0.194
2019-12-29T20:20:02Z	0.216	0.185	0.178	0.194
2019-12-29T20:40:02Z	0.216	0.185	0.178	0.194
2019-12-29T21:00:02Z	0.216	0.185	0.178	0.194
2019-12-29T21:20:02Z	0.216	0.185	0.178	0.194
2019-12-29T21:40:02Z	0.216	0.185	0.178	0.194
2019-12-29T22:00:02Z	0.216	0.185	0.178	0.194
2019-12-29T22:20:02Z	0.216	0.185	0.178	0.194
2019-12-29T22:40:02Z	0.216	0.185	0.178	0.194
2019-12-29T23:00:02Z	0.216	0.185	0.178	0.194
2019-12-29T23:20:02Z	0.216	0.185	0.178	0.194
2019-12-29T23:40:02Z	0.216	0.185	0.178	0.194
2019-12-30T00:00:02Z	0.216	0.185	0.178	0.194
2019-12-30T00:20:02Z	0.216	0.185	0.178	0.194
2019-12-30T00:40:02Z	0.216	0.185	0.178	0.194
2019-12-30T01:00:02Z	0.216	0.185	0.178	0.194
2019-12-30T01:20:02Z	0.216	0.185	0.178	0.194
2019-12-30T01:40:02Z	0.215	0.185	0.178	0.194
2019-12-30T02:00:02Z	0.215	0.185	0.178	0.194
2019-12-30T02:20:02Z	0.215	0.185	0.178	0.194
2019-12-30T02:40:02Z	0.215	0.185	0.178	0.194
2019-12-30T03:00:02Z	0.215	0.185	0.178	0.194
2019-12-30T03:20:02Z	0.215	0.184	0.178	0.194
2019-12-30T03:40:02Z	0.215	0.184	0.178	0.194
2019-12-30T04:00:02Z	0.215	0.184	0.177	0.194
2019-12-30T04:20:02Z	0.215	0.184	0.177	0.194
2019-12-30T04:40:02Z	0.215	0.184	0.177	0.194
2019-12-30T05:00:02Z	0.215	0.184	0.178	0.194
2019-12-30T05:20:02Z	0.215	0.184	0.177	0.194
2019-12-30T05:40:02Z	0.215	0.184	0.178	0.194
2019-12-30T06:00:02Z	0.215	0.184	0.177	0.194
2019-12-30T06:20:02Z	0.215	0.184	0.177	0.194
2019-12-30T06:40:02Z	0.215	0.184	0.177	0.194
2019-12-30T07:00:02Z	0.215	0.184	0.177	0.194
2019-12-30T07:20:02Z	0.215	0.184	0.177	0.194
2019-12-30T07:40:02Z	0.215	0.184	0.177	0.194
2019-12-30T08:00:02Z	0.215	0.184	0.177	0.194
2019-12-30T08:20:02Z	0.214	0.184	0.177	0.194
2019-12-30T08:40:02Z	0.214	0.184	0.177	0.194
2019-12-30T09:00:02Z	0.214	0.184	0.177	0.194
2019-12-30T09:20:02Z	0.214	0.184	0.177	0.194
2019-12-30T09:40:02Z	0.214	0.184	0.177	0.194
2019-12-30T10:00:02Z	0.214	0.184	0.177	0.194
2019-12-30T10:20:02Z	0.214	0.184	0.177	0.194
2019-12-30T10:40:02Z	0.214	0.184	0.177	0.194
2019-12-30T11:00:02Z	0.214	0.184	0.177	0.193
2019-12-30T11:20:02Z	0.214	0.184	0.177	0.193
2019-12-30T11:40:02Z	0.214	0.183	0.177	0.193
2019-12-30T12:00:02Z	0.214	0.183	0.177	0.193
2019-12-30T12:20:02Z	0.214	0.183	0.177	0.193
2019-12-30T12:40:02Z	0.214	0.183	0.177	0.193
2019-12-30T13:00:02Z	0.214	0.183	0.177	0.193
2019-12-30T13:20:02Z	0.214	0.183	0.177	0.193
2019-12-30T13:40:02Z	0.214	0.183	0.177	0.193
2019-12-30T14:00:02Z	0.214	0.183	0.177	0.193
2019-12-30T14:20:02Z	0.214	0.183	0.177	0.193
2019-12-30T14:40:02Z	0.214	0.183	0.177	0.193
2019-12-30T15:00:02Z	0.214	0.183	0.177	0.193
2019-12-30T15:20:02Z	0.214	0.183	0.177	0.194
2019-12-30T15:40:02Z	0.214	0.183	0.177	0.194
2019-12-30T16:00:02Z	0.214	0.183	0.177	0.194
2019-12-30T16:20:02Z	0.214	0.183	0.177	0.194
2019-12-30T16:40:02Z	0.214	0.183	0.177	0.194
2019-12-30T17:00:02Z	0.214	0.183	0.177	0.194
2019-12-30T17:20:02Z	0.214	0.183	0.177	0.194
2019-12-30T17:40:02Z	0.214	0.183	0.177	0.194
2019-12-30T18:00:02Z	0.214	0.183	0.177	0.194
2019-12-30T18:20:02Z	0.214	0.183	0.177	0.194
2019-12-30T18:40:02Z	0.214	0.183	0.177	0.194
2019-12-30T19:00:02Z	0.214	0.183	0.177	0.194
2019-12-30T19:20:02Z	0.214	0.183	0.177	0.194
2019-12-30T19:40:02Z	0.214	0.183	0.177	0.194
2019-12-30T20:00:02Z	0.214	0.183	0.177	0.194
2019-12-30T20:20:02Z	0.214	0.183	0.177	0.194
2019-12-30T20:40:02Z	0.214	0.183	0.177	0.194
2019-12-30T21:00:02Z	0.214	0.183	0.177	0.194
2019-12-30T21:20:02Z	0.214	0.183	0.177	0.194
2019-12-30T21:40:02Z	0.214	0.183	0.177	0.194
2019-12-30T22:00:02Z	0.214	0.183	0.177	0.194
2019-12-30T22:20:02Z	0.214	0.183	0.177	0.194
2019-12-30T22:40:02Z	0.214	0.183	0.177	0.194
2019-12-30T23:00:02Z	0.214	0.183	0.177	0.194
2019-12-30T23:20:02Z	0.214	0.183	0.177	0.194
2019-12-30T23:40:02Z	0.214	0.183	0.177	0.193
2019-12-31T00:00:02Z	0.214	0.183	0.177	0.193
2019-12-31T00:20:02Z	0.214	0.183	0.177	0.193
2019-12-31T00:40:02Z	0.214	0.183	0.177	0.193
2019-12-31T01:00:02Z	0.214	0.183	0.177	0.193
2019-12-31T01:20:02Z	0.214	0.183	0.177	0.193
2019-12-31T01:40:02Z	0.214	0.183	0.177	0.193
2019-12-31T02:00:02Z	0.214	0.183	0.177	0.193
2019-12-31T02:20:02Z	0.214	0.183	0.177	0.193
2019-12-31T02:40:02Z	0.213	0.183	0.177	0.193
2019-12-31T03:00:02Z	0.213	0.183	0.177	0.193
2019-12-31T03:20:02Z	0.213	0.183	0.177	0.193
2019-12-31T03:40:02Z	0.213	0.183	0.177	0.193
2019-12-31T04:00:02Z	0.213	0.183	0.177	0.193
2019-12-31T04:20:02Z	0.213	0.183	0.177	0.193
2019-12-31T04:40:02Z	0.213	0.183	0.177	0.193
2019-12-31T05:00:02Z	0.213	0.183	0.177	0.193
2019-12-31T05:20:02Z	0.213	0.183	0.177	0.193
2019-12-31T05:40:02Z	0.213	0.183	0.177	0.193
2019-12-31T06:00:02Z	0.213	0.183	0.177	0.193
2019-12-31T06:20:02Z	0.213	0.183	0.177	0.193
2019-12-31T06:40:02Z	0.213	0.183	0.177	0.193
2019-12-31T07:00:02Z	0.213	0.183	0.177	0.193
2019-12-31T07:20:02Z	0.213	0.183	0.177	0.193
2019-12-31T07:40:02Z	0.213	0.183	0.177	0.193
2019-12-31T08:00:02Z	0.213	0.183	0.177	0.193
2019-12-31T08:20:02Z	0.213	0.183	0.176	0.193
2019-12-31T08:40:02Z	0.213	0.183	0.176	0.193
2019-12-31T09:00:02Z	0.213	0.183	0.177	0.193
2019-12-31T09:20:02Z	0.213	0.183	0.176	0.193
2019-12-31T09:40:02Z	0.213	0.183	0.176	0.193
2019-12-31T10:00:02Z	0.213	0.183	0.176	0.193
2019-12-31T10:20:02Z	0.213	0.182	0.176	0.193
2019-12-31T10:40:02Z	0.213	0.182	0.176	0.193
2019-12-31T11:00:02Z	0.213	0.182	0.176	0.193
2019-12-31T11:20:02Z	0.213	0.182	0.176	0.193
2019-12-31T11:40:02Z	0.213	0.182	0.176	0.193
2019-12-31T12:00:02Z	0.213	0.182	0.176	0.193
2019-12-31T12:20:02Z	0.213	0.182	0.176	0.193
2019-12-31T12:40:02Z	0.213	0.182	0.176	0.193
2019-12-31T13:00:02Z	0.213	0.182	0.176	0.193
2019-12-31T13:20:02Z	0.213	0.182	0.176	0.193
2019-12-31T13:40:02Z	0.213	0.182	0.176	0.193
2019-12-31T14:00:02Z	0.213	0.182	0.176	0.193
2019-12-31T14:20:02Z	0.213	0.182	0.176	0.193
2019-12-31T14:40:02Z	0.213	0.182	0.176	0.193
2019-12-31T15:00:02Z	0.213	0.182	0.176	0.193
2019-12-31T15:20:02Z	0.213	0.182	0.176	0.193
2019-12-31T15:40:02Z	0.213	0.182	0.176	0.193
2019-12-31T16:00:02Z	0.213	0.182	0.176	0.193
2019-12-31T16:20:02Z	0.213	0.182	0.176	0.193
2019-12-31T16:40:02Z	0.213	0.182	0.176	0.193
2019-12-31T17:00:02Z	0.213	0.182	0.176	0.193
2019-12-31T17:20:02Z	0.213	0.182	0.176	0.193
2019-12-31T17:40:02Z	0.213	0.182	0.176	0.193
2019-12-31T18:00:02Z	0.213	0.182	0.176	0.193
2019-12-31T18:20:02Z	0.213	0.182	0.176	0.193
2019-12-31T18:40:02Z	0.213	0.182	0.176	0.193
2019-12-31T19:00:02Z	0.213	0.182	0.176	0.193
2019-12-31T19:20:02Z	0.213	0.182	0.176	0.193
2019-12-31T19:40:02Z	0.213	0.182	0.176	0.193
2019-12-31T20:00:02Z	0.213	0.183	0.176	0.193
2019-12-31T20:20:02Z	0.213	0.182	0.176	0.193
2019-12-31T20:40:02Z	0.213	0.182	0.176	0.193
2019-12-31T21:00:02Z	0.213	0.182	0.176	0.193
2019-12-31T21:20:02Z	0.213	0.182	0.176	0.193
2019-12-31T21:40:02Z	0.213	0.182	0.176	0.193
2019-12-31T22:00:02Z	0.213	0.182	0.176	0.193
2019-12-31T22:20:02Z	0.213	0.183	0.176	0.193
2019-12-31T22:40:02Z	0.213	0.183	0.176	0.193
2019-12-31T23:00:02Z	0.213	0.183	0.176	0.193
2019-12-31T23:20:02Z	0.213	0.183	0.176	0.193
2019-12-31T23:40:02Z	0.213	0.183	0.176	0.193
2020-01-01T00:00:02Z	0.213	0.183	0.176	0.193
2020-01-01T00:20:02Z	0.213	0.183	0.176	0.193
2020-01-01T00:40:02Z	0.213	0.183	0.176	0.193
2020-01-01T01:00:02Z	0.213	0.183	0.176	0.193
2020-01-01T01:20:02Z	0.213	0.183	0.176	0.193
2020-01-01T01:40:02Z	0.213	0.183	0.176	0.193
2020-01-01T02:00:02Z	0.213	0.183	0.176	0.193
2020-01-01T02:20:02Z	0.213	0.183	0.176	0.193
2020-01-01T02:40:02Z	0.213	0.183	0.176	0.193
2020-01-01T03:00:02Z	0.213	0.183	0.176	0.193
2020-01-01T03:20:02Z	0.213	0.183	0.176	0.193
2020-01-01T03:40:02Z	0.213	0.183	0.176	0.193
2020-01-01T04:00:02Z	0.213	0.183	0.176	0.193
2020-01-01T04:20:02Z	0.213	0.183	0.176	0.193
2020-01-01T04:40:02Z	0.213	0.183	0.176	0.193
2020-01-01T05:00:02Z	0.213	0.182	0.176	0.193
2020-01-01T05:20:02Z	0.213	0.183	0.176	0.193
2020-01-01T05:40:02Z	0.213	0.182	0.176	0.193
2020-01-01T06:00:02Z	0.213	0.183	0.176	0.193
2020-01-01T06:20:02Z	0.213	0.183	0.176	0.193
2020-01-01T06:40:02Z	0.213	0.183	0.176	0.193
2020-01-01T07:00:02Z	0.213	0.183	0.176	0.193
2020-01-01T07:20:02Z	0.213	0.183	0.176	0.193
2020-01-01T07:40:02Z	0.213	0.183	0.176	0.193
2020-01-01T08:00:02Z	0.213	0.182	0.176	0.193
2020-01-01T08:20:02Z	0.213	0.183	0.176	0.193
2020-01-01T08:40:02Z	0.213	0.183	0.176	0.193
2020-01-01T09:00:02Z	0.213	0.182	0.176	0.193
2020-01-01T09:20:02Z	0.213	0.182	0.176	0.193
2020-01-01T09:40:02Z	0.213	0.182	0.176	0.193
2020-01-01T10:00:02Z	0.213	0.182	0.176	0.193
2020-01-01T10:20:02Z	0.213	0.182	0.176	0.193
2020-01-01T10:40:02Z	0.212	0.182	0.176	0.193
2020-01-01T11:00:02Z	0.212	0.182	0.176	0.193
2020-01-01T11:20:02Z	0.213	0.182	0.176	0.193
2020-01-01T11:40:02Z	0.213	0.182	0.176	0.193
2020-01-01T12:00:02Z	0.212	0.182	0.176	0.193
2020-01-01T12:20:02Z	0.212	0.182	0.176	0.193
2020-01-01T12:40:02Z	0.212	0.182	0.176	0.192
2020-01-01T13:00:02Z	0.212	0.182	0.176	0.193
2020-01-01T13:20:02Z	0.212	0.182	0.176	0.193
2020-01-01T13:40:02Z	0.212	0.182	0.176	0.193
2020-01-01T14:00:02Z	0.212	0.182	0.176	0.193
2020-01-01T14:20:02Z	0.212	0.182	0.176	0.193
2020-01-01T14:40:02Z	0.212	0.182	0.176	0.193
2020-01-01T15:00:02Z	0.213	0.182	0.176	0.193
2020-01-01T15:20:02Z	0.213	0.182	0.176	0.193
2020-01-01T15:40:02Z	0.213	0.182	0.176	0.193
2020-01-01T16:00:02Z	0.213	0.182	0.176	0.193
2020-01-01T16:20:02Z	0.213	0.182	0.176	0.193
2020-01-01T16:40:02Z	0.213	0.182	0.176	0.193
2020-01-01T17:00:02Z	0.213	0.182	0.176	0.193
2020-01-01T17:20:02Z	0.213	0.182	0.176	0.193
2020-01-01T17:40:02Z	0.213	0.182	0.176	0.193
2020-01-01T18:00:02Z	0.213	0.182	0.176	0.193
2020-01-01T18:20:02Z	0.213	0.182	0.176	0.193
2020-01-01T18:40:02Z	0.213	0.182	0.176	0.193
2020-01-01T19:00:02Z	0.213	0.182	0.176	0.193
2020-01-01T19:20:02Z	0.213	0.182	0.176	0.193
2020-01-01T19:40:02Z	0.213	0.182	0.176	0.193
2020-01-01T20:00:02Z	0.213	0.182	0.176	0.193
2020-01-01T20:20:02Z	0.213	0.182	0.176	0.193
2020-01-01T20:40:02Z	0.213	0.182	0.176	0.193
2020-01-01T21:00:02Z	0.213	0.182	0.176	0.193
2020-01-01T21:20:02Z	0.213	0.182	0.176	0.193
2020-01-01T21:40:02Z	0.213	0.182	0.176	0.193
2020-01-01T22:00:02Z	0.213	0.182	0.176	0.193
2020-01-01T22:20:02Z	0.213	0.182	0.176	0.193
2020-01-01T22:40:02Z	0.213	0.182	0.176	0.193
2020-01-01T23:00:02Z	0.213	0.182	0.176	0.193
2020-01-01T23:20:02Z	0.213	0.182	0.176	0.193
2020-01-01T23:40:02Z	0.213	0.182	0.176	0.193
2020-01-02T00:00:02Z	0.213	0.182	0.176	0.193
2020-01-02T00:20:02Z	0.213	0.182	0.176	0.193
2020-01-02T00:40:02Z	0.213	0.182	0.176	0.193
2020-01-02T01:00:02Z	0.213	0.183	0.176	0.193
2020-01-02T01:20:02Z	0.213	0.182	0.176	0.193
2020-01-02T01:40:02Z	0.213	0.182	0.176	0.193
2020-01-02T02:00:02Z	0.213	0.182	0.176	0.193
2020-01-02T02:20:02Z	0.213	0.182	0.176	0.193
2020-01-02T02:40:02Z	0.213	0.182	0.176	0.193
2020-01-02T03:00:02Z	0.213	0.182	0.176	0.193
2020-01-02T03:20:02Z	0.213	0.182	0.176	0.193
2020-01-02T03:40:02Z	0.213	0.182	0.176	0.193
2020-01-02T04:00:02Z	0.213	0.182	0.176	0.193
2020-01-02T04:20:02Z	0.213	0.182	0.176	0.193
2020-01-02T04:40:02Z	0.212	0.182	0.176	0.193
2020-01-02T05:00:02Z	0.212	0.182	0.176	0.193
2020-01-02T05:20:02Z	0.212	0.182	0.176	0.193
2020-01-02T05:40:02Z	0.212	0.182	0.176	0.193
2020-01-02T06:00:02Z	0.212	0.182	0.176	0.193
2020-01-02T06:20:02Z	0.212	0.182	0.176	0.193
2020-01-02T06:40:02Z	0.212	0.182	0.176	0.193
2020-01-02T07:00:02Z	0.212	0.182	0.176	0.193
2020-01-02T07:20:02Z	0.212	0.182	0.176	0.193
2020-01-02T07:40:02Z	0.212	0.182	0.176	0.193
2020-01-02T08:00:02Z	0.212	0.182	0.176	0.193
2020-01-02T08:20:02Z	0.212	0.182	0.176	0.193
2020-01-02T08:40:02Z	0.212	0.182	0.176	0.193
2020-01-02T09:00:02Z	0.212	0.182	0.176	0.193
2020-01-02T09:20:02Z	0.212	0.181	0.176	0.193
2020-01-02T09:40:02Z	0.212	0.181	0.176	0.193
2020-01-02T10:00:02Z	0.212	0.181	0.175	0.192
2020-01-02T10:20:02Z	0.212	0.181	0.175	0.192
2020-01-02T10:40:02Z	0.212	0.181	0.175	0.192
2020-01-02T11:00:02Z	0.212	0.181	0.175	0.192
2020-01-02T11:20:02Z	0.212	0.181	0.175	0.192
2020-01-02T11:40:02Z	0.212	0.181	0.175	0.192
2020-01-02T12:00:02Z	0.212	0.181	0.175	0.192
2020-01-02T12:20:02Z	0.212	0.181	0.175	0.192
2020-01-02T12:40:02Z	0.212	0.181	0.175	0.192
2020-01-02T13:00:02Z	0.212	0.181	0.175	0.192
2020-01-02T13:20:02Z	0.212	0.181	0.175	0.192
2020-01-02T13:40:02Z	0.212	0.181	0.175	0.192
2020-01-02T14:00:02Z	0.212	0.181	0.175	0.192
2020-01-02T14:20:02Z	0.212	0.181	0.175	0.192
2020-01-02T14:40:02Z	0.212	0.181	0.176	0.192
2020-01-02T15:00:02Z	0.212	0.182	0.176	0.193
2020-01-02T15:20:02Z	0.212	0.182	0.176	0.193
2020-01-02T15:40:02Z	0.212	0.182	0.176	0.193
2020-01-02T16:00:02Z	0.213	0.182	0.176	0.193
2020-01-02T16:20:02Z	0.212	0.182	0.176	0.193
2020-01-02T16:40:02Z	0.213	0.182	0.176	0.193
2020-01-02T17:00:02Z	0.213	0.182	0.176	0.193
2020-01-02T17:20:02Z	0.213	0.182	0.176	0.193
2020-01-02T17:40:02Z	0.213	0.182	0.176	0.193
2020-01-02T18:00:02Z	0.213	0.182	0.176	0.193
2020-01-02T18:20:02Z	0.213	0.182	0.176	0.193
2020-01-02T18:40:02Z	0.213	0.182	0.176	0.193
2020-01-02T19:00:02Z	0.213	0.182	0.176	0.193
2020-01-02T19:20:02Z	0.213	0.182	0.176	0.193
2020-01-02T19:40:02Z	0.213	0.182	0.176	0.193
2020-01-02T20:00:02Z	0.213	0.182	0.176	0.193
2020-01-02T20:20:02Z	0.213	0.182	0.176	0.193
2020-01-02T20:40:02Z	0.213	0.182	0.176	0.193
2020-01-02T21:00:02Z	0.213	0.182	0.176	0.193
2020-01-02T21:20:02Z	0.212	0.182	0.176	0.193
2020-01-02T21:40:02Z	0.213	0.182	0.176	0.193
2020-01-02T22:00:02Z	0.212	0.182	0.176	0.192
2020-01-02T22:20:02Z	0.212	0.182	0.176	0.192
2020-01-02T22:40:02Z	0.212	0.182	0.176	0.192
2020-01-02T23:00:02Z	0.212	0.182	0.176	0.193
2020-01-02T23:20:02Z	0.212	0.182	0.176	0.193
2020-01-02T23:40:02Z	0.212	0.182	0.176	0.193
2020-01-03T00:00:02Z	0.212	0.182	0.176	0.192
2020-01-03T00:20:02Z	0.212	0.182	0.176	0.192
2020-01-03T00:40:02Z	0.212	0.182	0.176	0.192
2020-01-03T01:00:02Z	0.212	0.182	0.176	0.193
2020-01-03T01:20:02Z	0.212	0.182	0.176	0.192
2020-01-03T01:40:02Z	0.212	0.182	0.176	0.192
2020-01-03T02:00:02Z	0.212	0.182	0.176	0.193
2020-01-03T02:20:02Z	0.212	0.182	0.176	0.192
2020-01-03T02:40:02Z	0.212	0.182	0.176	0.192
2020-01-03T03:00:02Z	0.212	0.182	0.176	0.192
2020-01-03T03:20:02Z	0.212	0.182	0.176	0.192
2020-01-03T03:40:02Z	0.212	0.182	0.176	0.192
2020-01-03T04:00:02Z	0.212	0.182	0.176	0.193
2020-01-03T04:20:02Z	0.212	0.182	0.176	0.192
2020-01-03T04:40:02Z	0.212	0.182	0.176	0.192
2020-01-03T05:00:02Z	0.212	0.181	0.176	0.192
2020-01-03T05:20:02Z	0.212	0.181	0.176	0.192
2020-01-03T05:40:02Z	0.212	0.181	0.175	0.192
2020-01-03T06:00:02Z	0.212	0.181	0.175	0.192
2020-01-03T06:20:02Z	0.212	0.181	0.175	0.192
2020-01-03T06:40:02Z	0.212	0.181	0.175	0.192
2020-01-03T07:00:02Z	0.212	0.181	0.175	0.192
2020-01-03T07:20:02Z	0.212	0.181	0.175	0.192
2020-01-03T07:40:02Z	0.212	0.181	0.175	0.192
2020-01-03T08:00:02Z	0.212	0.181	0.175	0.192
2020-01-03T08:20:02Z	0.212	0.181	0.175	0.192
2020-01-03T08:40:02Z	0.212	0.181	0.175	0.192
2020-01-03T09:00:02Z	0.212	0.181	0.175	0.192
2020-01-03T09:20:02Z	0.212	0.181	0.175	0.192
2020-01-03T09:40:02Z	0.212	0.181	0.175	0.192
2020-01-03T10:00:02Z	0.212	0.181	0.175	0.192
2020-01-03T10:20:02Z	0.212	0.181	0.175	0.192
2020-01-03T10:40:02Z	0.212	0.181	0.175	0.192
2020-01-03T11:00:02Z	0.212	0.181	0.175	0.192
2020-01-03T11:20:02Z	0.212	0.181	0.175	0.192
2020-01-03T11:40:02Z	0.212	0.181	0.175	0.192
2020-01-03T12:00:02Z	0.212	0.181	0.175	0.192
2020-01-03T12:20:02Z	0.212	0.181	0.175	0.192
2020-01-03T12:40:02Z	0.212	0.181	0.175	0.192
2020-01-03T13:00:02Z	0.212	0.181	0.175	0.192
2020-01-03T13:20:02Z	0.212	0.181	0.175	0.192
2020-01-03T13:40:02Z	0.212	0.181	0.175	0.192
2020-01-03T14:00:02Z	0.212	0.181	0.175	0.192
2020-01-03T14:20:02Z	0.212	0.181	0.175	0.192
2020-01-03T14:40:02Z	0.212	0.181	0.175	0.192
2020-01-03T15:00:02Z	0.211	0.181	0.175	0.192
2020-01-03T15:20:02Z	0.211	0.181	0.176	0.192
2020-01-03T15:40:02Z	0.211	0.181	0.175	0.192
2020-01-03T16:00:02Z	0.212	0.181	0.175	0.192
2020-01-03T16:20:02Z	0.212	0.181	0.175	0.192
2020-01-03T16:40:02Z	0.212	0.181	0.175	0.192
2020-01-03T17:00:02Z	0.212	0.181	0.175	0.192
2020-01-03T17:20:02Z	0.212	0.181	0.175	0.192
2020-01-03T17:40:02Z	0.212	0.181	0.175	0.192
2020-01-03T18:00:02Z	0.212	0.181	0.175	0.192
2020-01-03T18:20:02Z	0.212	0.181	0.175	0.192
2020-01-03T18:40:02Z	0.213	0.181	0.175	0.192
2020-01-03T19:00:02Z	0.213	0.181	0.175	0.192
2020-01-03T19:20:02Z	0.213	0.182	0.175	0.192
2020-01-03T19:40:02Z	0.214	0.182	0.176	0.192
2020-01-03T20:00:02Z	0.215	0.182	0.176	0.192
2020-01-03T20:20:02Z	0.216	0.183	0.176	0.192
2020-01-03T20:40:02Z	0.217	0.183	0.176	0.192
2020-01-03T21:00:02Z	0.218	0.183	0.176	0.192
2020-01-03T21:20:02Z	0.218	0.183	0.176	0.192
2020-01-03T21:40:02Z	0.218	0.183	0.176	0.192
2020-01-03T22:00:02Z	0.219	0.184	0.176	0.192
2020-01-03T22:20:02Z	0.22	0.184	0.176	0.192
2020-01-03T22:40:02Z	0.22	0.185	0.176	0.192
2020-01-03T23:00:02Z	0.22	0.185	0.176	0.192
2020-01-03T23:20:02Z	0.22	0.185	0.176	0.192
2020-01-03T23:40:02Z	0.22	0.185	0.176	0.192
2020-01-04T00:00:02Z	0.22	0.186	0.177	0.192
2020-01-04T00:20:02Z	0.22	0.186	0.177	0.193
2020-01-04T00:40:02Z	0.22	0.186	0.177	0.193
2020-01-04T01:00:02Z	0.22	0.186	0.177	0.193
2020-01-04T01:20:02Z	0.22	0.186	0.177	0.193
2020-01-04T01:40:02Z	0.219	0.186	0.177	0.193
2020-01-04T02:00:02Z	0.219	0.186	0.177	0.193
2020-01-04T02:20:02Z	0.219	0.186	0.177	0.193
2020-01-04T02:40:02Z	0.219	0.186	0.177	0.193
2020-01-04T03:00:02Z	0.219	0.186	0.177	0.193
2020-01-04T03:20:02Z	0.218	0.186	0.177	0.193
2020-01-04T03:40:02Z	0.218	0.186	0.177	0.193
2020-01-04T04:00:02Z	0.218	0.186	0.177	0.193
2020-01-04T04:20:02Z	0.218	0.186	0.177	0.193
2020-01-04T04:40:02Z	0.218	0.186	0.177	0.193
2020-01-04T05:00:02Z	0.218	0.186	0.177	0.193
2020-01-04T05:20:02Z	0.218	0.186	0.177	0.193
2020-01-04T05:40:02Z	0.218	0.186	0.177	0.193
2020-01-04T06:00:02Z	0.218	0.186	0.177	0.193
2020-01-04T06:20:02Z	0.218	0.186	0.177	0.193
2020-01-04T06:40:02Z	0.218	0.186	0.177	0.193
2020-01-04T07:00:02Z	0.218	0.186	0.177	0.193
2020-01-04T07:20:02Z	0.218	0.186	0.177	0.193
2020-01-04T07:40:02Z	0.218	0.186	0.177	0.193
2020-01-04T08:00:02Z	0.218	0.186	0.177	0.193
2020-01-04T08:20:02Z	0.218	0.186	0.177	0.193
2020-01-04T08:40:02Z	0.218	0.186	0.177	0.193
2020-01-04T09:00:02Z	0.218	0.186	0.177	0.193
2020-01-04T09:20:02Z	0.218	0.185	0.177	0.193
2020-01-04T09:40:02Z	0.218	0.185	0.177	0.193
2020-01-04T10:00:02Z	0.218	0.186	0.177	0.193
2020-01-04T10:20:02Z	0.218	0.185	0.177	0.193
2020-01-04T10:40:02Z	0.217	0.185	0.177	0.193
2020-01-04T11:00:02Z	0.217	0.186	0.178	0.193
2020-01-04T11:20:02Z	0.217	0.186	0.178	0.193
2020-01-04T11:40:02Z	0.218	0.186	0.177	0.193
2020-01-04T12:00:02Z	0.218	0.186	0.177	0.193
2020-01-04T12:20:02Z	0.218	0.186	0.178	0.193
2020-01-04T12:40:02Z	0.218	0.186	0.178	0.193
2020-01-04T13:00:02Z	0.218	0.186	0.178	0.193
2020-01-04T13:20:02Z	0.218	0.186	0.178	0.193
2020-01-04T13:40:02Z	0.218	0.186	0.178	0.193
2020-01-04T14:00:02Z	0.219	0.186	0.178	0.193
2020-01-04T14:20:02Z	0.22	0.186	0.178	0.193
2020-01-04T14:40:02Z	0.22	0.186	0.178	0.194
2020-01-04T15:00:02Z	0.22	0.187	0.178	0.194
2020-01-04T15:20:02Z	0.22	0.187	0.178	0.194
2020-01-04T15:40:02Z	0.22	0.187	0.178	0.194
2020-01-04T16:00:02Z	0.22	0.187	0.178	0.194
2020-01-04T16:20:02Z	0.22	0.187	0.178	0.194
2020-01-04T16:40:02Z	0.22	0.187	0.178	0.194
2020-01-04T17:00:02Z	0.22	0.187	0.178	0.194
2020-01-04T17:20:02Z	0.22	0.187	0.178	0.194
2020-01-04T17:40:02Z	0.22	0.187	0.178	0.194
2020-01-04T18:00:02Z	0.22	0.187	0.178	0.194
2020-01-04T18:20:02Z	0.22	0.187	0.178	0.194
2020-01-04T18:40:02Z	0.22	0.187	0.178	0.194
2020-01-04T19:00:02Z	0.22	0.187	0.178	0.194
2020-01-04T19:20:02Z	0.22	0.187	0.178	0.194
2020-01-04T19:40:02Z	0.22	0.187	0.178	0.194
2020-01-04T20:00:02Z	0.22	0.187	0.178	0.194
2020-01-04T20:20:02Z	0.22	0.187	0.178	0.194
2020-01-04T20:40:02Z	0.22	0.187	0.178	0.194
2020-01-04T21:00:02Z	0.219	0.187	0.178	0.194
2020-01-04T21:20:02Z	0.22	0.187	0.178	0.194
2020-01-04T21:40:02Z	0.219	0.187	0.178	0.194
2020-01-04T22:00:02Z	0.219	0.187	0.178	0.194
2020-01-04T22:20:02Z	0.219	0.187	0.179	0.194
2020-01-04T22:40:02Z	0.219	0.187	0.178	0.194
2020-01-04T23:00:02Z	0.219	0.187	0.178	0.194
2020-01-04T23:20:02Z	0.219	0.187	0.179	0.194
2020-01-04T23:40:02Z	0.219	0.187	0.179	0.194
2020-01-05T00:00:02Z	0.219	0.187	0.179	0.194
2020-01-05T00:20:02Z	0.219	0.187	0.178	0.194
2020-01-05T00:40:02Z	0.219	0.187	0.179	0.194
2020-01-05T01:00:02Z	0.219	0.187	0.179	0.194
2020-01-05T01:20:02Z	0.219	0.187	0.179	0.194
2020-01-05T01:40:02Z	0.219	0.187	0.179	0.194
2020-01-05T02:00:02Z	0.219	0.187	0.179	0.194
2020-01-05T02:20:02Z	0.219	0.187	0.179	0.194
2020-01-05T02:40:02Z	0.219	0.187	0.179	0.194
2020-01-05T03:00:02Z	0.218	0.187	0.179	0.194
2020-01-05T03:20:02Z	0.218	0.187	0.179	0.194
2020-01-05T03:40:02Z	0.218	0.187	0.179	0.194
2020-01-05T04:00:02Z	0.218	0.187	0.179	0.194
2020-01-05T04:20:02Z	0.218	0.187	0.179	0.194
2020-01-05T04:40:02Z	0.218	0.187	0.179	0.194
2020-01-05T05:00:02Z	0.218	0.187	0.179	0.194
2020-01-05T05:20:02Z	0.218	0.187	0.179	0.194
2020-01-05T05:40:02Z	0.218	0.187	0.179	0.194
2020-01-05T06:00:02Z	0.218	0.187	0.179	0.194
2020-01-05T06:20:02Z	0.218	0.187	0.179	0.194
2020-01-05T06:40:02Z	0.218	0.187	0.179	0.194
2020-01-05T07:00:02Z	0.218	0.187	0.179	0.194
2020-01-05T07:20:02Z	0.218	0.187	0.179	0.194
2020-01-05T07:40:02Z	0.218	0.187	0.179	0.194
2020-01-05T08:00:02Z	0.218	0.187	0.179	0.194
2020-01-05T08:20:02Z	0.218	0.187	0.179	0.194
2020-01-05T08:40:02Z	0.218	0.186	0.179	0.194
2020-01-05T09:00:02Z	0.218	0.186	0.178	0.194
2020-01-05T09:20:02Z	0.218	0.186	0.178	0.194
2020-01-05T09:40:02Z	0.218	0.186	0.178	0.194
2020-01-05T10:00:02Z	0.218	0.186	0.178	0.194
2020-01-05T10:20:02Z	0.218	0.186	0.178	0.194
2020-01-05T10:40:02Z	0.218	0.186	0.178	0.194
2020-01-05T11:00:02Z	0.218	0.186	0.178	0.194
2020-01-05T11:20:02Z	0.218	0.186	0.178	0.194
2020-01-05T11:40:02Z	0.218	0.186	0.178	0.194
2020-01-05T12:00:02Z	0.218	0.186	0.178	0.194
2020-01-05T12:20:02Z	0.218	0.186	0.178	0.194
2020-01-05T12:40:02Z	0.218	0.186	0.178	0.194
2020-01-05T13:00:02Z	0.218	0.186	0.178	0.194
2020-01-05T13:20:02Z	0.218	0.186	0.178	0.194
2020-01-05T13:40:02Z	0.218	0.186	0.178	0.194
2020-01-05T14:00:02Z	0.218	0.186	0.178	0.194
2020-01-05T14:20:02Z	0.218	0.186	0.178	0.194
2020-01-05T14:40:02Z	0.218	0.186	0.178	0.194
2020-01-05T15:00:02Z	0.218	0.186	0.178	0.194
2020-01-05T15:20:02Z	0.218	0.186	0.178	0.194
2020-01-05T15:40:02Z	0.218	0.186	0.178	0.194
2020-01-05T16:00:02Z	0.218	0.186	0.178	0.194
2020-01-05T16:20:02Z	0.218	0.186	0.178	0.194
2020-01-05T16:40:02Z	0.218	0.186	0.178	0.194
2020-01-05T17:00:02Z	0.218	0.186	0.178	0.194
2020-01-05T17:20:02Z	0.218	0.186	0.178	0.194
2020-01-05T17:40:02Z	0.218	0.186	0.178	0.194
2020-01-05T18:00:02Z	0.218	0.186	0.178	0.194
2020-01-05T18:20:02Z	0.218	0.186	0.178	0.194
2020-01-05T18:40:02Z	0.218	0.186	0.178	0.194
2020-01-05T19:00:02Z	0.218	0.186	0.178	0.194
2020-01-05T19:20:02Z	0.218	0.186	0.178	0.194
2020-01-05T19:40:02Z	0.218	0.186	0.178	0.194
2020-01-05T20:00:02Z	0.218	0.186	0.178	0.194
2020-01-05T20:20:02Z	0.218	0.186	0.178	0.194
2020-01-05T20:40:02Z	0.217	0.186	0.178	0.194
2020-01-05T21:00:02Z	0.218	0.186	0.178	0.194
2020-01-05T21:20:02Z	0.217	0.186	0.178	0.194
2020-01-05T21:40:02Z	0.217	0.186	0.178	0.194
2020-01-05T22:00:02Z	0.217	0.186	0.178	0.194
2020-01-05T22:20:02Z	0.217	0.186	0.178	0.194
2020-01-05T22:40:02Z	0.217	0.186	0.178	0.194
2020-01-05T23:00:02Z	0.217	0.186	0.178	0.194
2020-01-05T23:20:02Z	0.217	0.186	0.178	0.194
2020-01-05T23:40:02Z	0.217	0.186	0.178	0.194
2020-01-06T00:00:02Z	0.217	0.186	0.178	0.194
2020-01-06T00:20:02Z	0.217	0.186	0.178	0.194
2020-01-06T00:40:02Z	0.217	0.186	0.178	0.194
2020-01-06T01:00:02Z	0.217	0.186	0.178	0.194
2020-01-06T01:20:02Z	0.217	0.186	0.178	0.194
2020-01-06T01:40:02Z	0.217	0.186	0.178	0.194
2020-01-06T02:00:02Z	0.217	0.186	0.178	0.194
2020-01-06T02:20:02Z	0.217	0.186	0.178	0.194
2020-01-06T02:40:02Z	0.217	0.186	0.178	0.194
2020-01-06T03:00:02Z	0.217	0.186	0.178	0.194
2020-01-06T03:20:02Z	0.217	0.186	0.178	0.194
2020-01-06T03:40:02Z	0.217	0.186	0.178	0.194
2020-01-06T04:00:02Z	0.217	0.186	0.178	0.194
2020-01-06T04:20:02Z	0.217	0.186	0.178	0.194
2020-01-06T04:40:02Z	0.217	0.186	0.178	0.194
2020-01-06T05:00:02Z	0.217	0.186	0.178	0.194
2020-01-06T05:20:02Z	0.217	0.186	0.178	0.194
2020-01-06T05:40:02Z	0.217	0.186	0.178	0.194
2020-01-06T06:00:02Z	0.217	0.186	0.178	0.194
2020-01-06T06:20:02Z	0.217	0.186	0.178	0.194
2020-01-06T06:40:02Z	0.217	0.186	0.178	0.194
2020-01-06T07:00:02Z	0.217	0.186	0.178	0.194
2020-01-06T07:20:02Z	0.217	0.186	0.178	0.194
2020-01-06T07:40:02Z	0.217	0.186	0.178	0.194
2020-01-06T08:00:02Z	0.217	0.186	0.178	0.194
2020-01-06T08:20:02Z	0.217	0.185	0.178	0.194
2020-01-06T08:40:02Z	0.217	0.185	0.178	0.194
2020-01-06T09:00:02Z	0.216	0.185	0.178	0.194
2020-01-06T09:20:02Z	0.216	0.185	0.178	0.194
2020-01-06T09:40:02Z	0.216	0.185	0.178	0.194
2020-01-06T10:00:02Z	0.216	0.185	0.178	0.194
2020-01-06T10:20:02Z	0.216	0.185	0.178	0.194
2020-01-06T10:40:02Z	0.216	0.185	0.178	0.194
2020-01-06T11:00:02Z	0.216	0.185	0.178	0.194
2020-01-06T11:20:02Z	0.216	0.185	0.178	0.194
2020-01-06T11:40:02Z	0.216	0.185	0.178	0.194
2020-01-06T12:00:02Z	0.216	0.185	0.178	0.194
2020-01-06T12:20:02Z	0.216	0.185	0.178	0.194
2020-01-06T12:40:02Z	0.216	0.185	0.178	0.194
2020-01-06T13:00:02Z	0.216	0.185	0.178	0.194
2020-01-06T13:20:02Z	0.216	0.185	0.178	0.194
2020-01-06T13:40:02Z	0.216	0.185	0.178	0.194
2020-01-06T14:00:02Z	0.216	0.185	0.178	0.194
2020-01-06T14:20:02Z	0.216	0.185	0.178	0.194
2020-01-06T14:40:02Z	0.216	0.185	0.178	0.194
2020-01-06T15:00:02Z	0.216	0.185	0.178	0.194
2020-01-06T15:20:02Z	0.216	0.185	0.178	0.194
2020-01-06T15:40:02Z	0.216	0.185	0.178	0.194
2020-01-06T16:00:02Z	0.216	0.185	0.178	0.194
2020-01-06T16:20:02Z	0.216	0.185	0.178	0.194
2020-01-06T16:40:02Z	0.216	0.185	0.178	0.194
2020-01-06T17:00:02Z	0.216	0.185	0.178	0.194
2020-01-06T17:20:02Z	0.216	0.185	0.178	0.194
2020-01-06T17:40:02Z	0.216	0.185	0.178	0.194
2020-01-06T18:00:02Z	0.216	0.185	0.178	0.194
2020-01-06T18:20:02Z	0.216	0.185	0.178	0.194
2020-01-06T18:40:02Z	0.216	0.185	0.178	0.194
2020-01-06T19:00:02Z	0.216	0.185	0.178	0.194
2020-01-06T19:20:02Z	0.216	0.185	0.178	0.194
2020-01-06T19:40:02Z	0.216	0.185	0.178	0.194
2020-01-06T20:00:02Z	0.216	0.185	0.178	0.194
2020-01-06T20:20:02Z	0.216	0.185	0.178	0.194
2020-01-06T20:40:02Z	0.216	0.185	0.178	0.194
2020-01-06T21:00:02Z	0.216	0.185	0.178	0.194
2020-01-06T21:20:02Z	0.216	0.185	0.178	0.194
2020-01-06T21:40:02Z	0.216	0.185	0.178	0.194
2020-01-06T22:00:02Z	0.216	0.185	0.178	0.194
2020-01-06T22:20:02Z	0.216	0.185	0.178	0.194
2020-01-06T22:40:02Z	0.216	0.185	0.178	0.194
2020-01-06T23:00:02Z	0.216	0.185	0.178	0.194
2020-01-06T23:20:02Z	0.216	0.185	0.178	0.194
2020-01-06T23:40:02Z	0.216	0.185	0.178	0.194
2020-01-07T00:00:02Z	0.216	0.185	0.178	0.194
2020-01-07T00:20:02Z	0.216	0.185	0.178	0.194
2020-01-07T00:40:02Z	0.216	0.185	0.178	0.194
2020-01-07T01:00:02Z	0.216	0.185	0.178	0.194
2020-01-07T01:20:02Z	0.216	0.185	0.178	0.194
2020-01-07T01:40:02Z	0.216	0.185	0.178	0.194
2020-01-07T02:00:02Z	0.216	0.185	0.178	0.194
2020-01-07T02:20:02Z	0.216	0.185	0.178	0.194
2020-01-07T02:40:02Z	0.216	0.185	0.178	0.194
2020-01-07T03:00:02Z	0.216	0.185	0.178	0.194
2020-01-07T03:20:02Z	0.216	0.185	0.178	0.194
2020-01-07T03:40:02Z	0.216	0.185	0.178	0.194
2020-01-07T04:00:02Z	0.216	0.185	0.178	0.194
2020-01-07T04:20:02Z	0.216	0.185	0.178	0.194
2020-01-07T04:40:02Z	0.216	0.185	0.178	0.194
2020-01-07T05:00:02Z	0.216	0.185	0.178	0.194
2020-01-07T05:20:02Z	0.216	0.185	0.178	0.194
2020-01-07T05:40:02Z	0.216	0.185	0.178	0.194
2020-01-07T06:00:02Z	0.216	0.185	0.178	0.194
2020-01-07T06:20:02Z	0.216	0.185	0.178	0.194
2020-01-07T06:40:02Z	0.216	0.185	0.178	0.194
2020-01-07T07:00:02Z	0.216	0.185	0.178	0.194
2020-01-07T07:20:02Z	0.216	0.185	0.178	0.194
2020-01-07T07:40:02Z	0.216	0.185	0.178	0.194
2020-01-07T08:00:02Z	0.215	0.184	0.177	0.194
2020-01-07T08:20:02Z	0.215	0.184	0.177	0.194
2020-01-07T08:40:02Z	0.215	0.184	0.177	0.194
2020-01-07T09:00:02Z	0.215	0.184	0.177	0.194
2020-01-07T09:20:02Z	0.215	0.184	0.177	0.194
2020-01-07T09:40:02Z	0.215	0.184	0.177	0.194
2020-01-07T10:00:02Z	0.215	0.184	0.177	0.194
2020-01-07T10:20:02Z	0.215	0.184	0.177	0.194
2020-01-07T10:40:02Z	0.215	0.184	0.177	0.194
2020-01-07T11:00:02Z	0.215	0.184	0.177	0.194
2020-01-07T11:20:02Z	0.215	0.184	0.177	0.194
2020-01-07T11:40:02Z	0.215	0.184	0.177	0.194
2020-01-07T12:00:02Z	0.215	0.184	0.177	0.194
2020-01-07T12:20:02Z	0.215	0.184	0.177	0.194
2020-01-07T12:40:02Z	0.215	0.184	0.177	0.194
2020-01-07T13:00:02Z	0.215	0.184	0.177	0.194
2020-01-07T13:20:02Z	0.215	0.184	0.177	0.194
2020-01-07T13:40:02Z	0.215	0.184	0.177	0.194
2020-01-07T14:00:02Z	0.215	0.184	0.177	0.194
2020-01-07T14:20:02Z	0.215	0.184	0.177	0.194
2020-01-07T14:40:02Z	0.215	0.184	0.177	0.194
2020-01-07T15:00:02Z	0.215	0.184	0.177	0.194
2020-01-07T15:20:02Z	0.215	0.184	0.177	0.194
2020-01-07T15:40:02Z	0.215	0.184	0.177	0.194
2020-01-07T16:00:02Z	0.215	0.184	0.177	0.194
2020-01-07T16:20:02Z	0.215	0.184	0.177	0.194
2020-01-07T16:40:02Z	0.215	0.184	0.177	0.193
2020-01-07T17:00:02Z	0.215	0.184	0.177	0.194
2020-01-07T17:20:02Z	0.215	0.184	0.177	0.194
2020-01-07T17:40:02Z	0.215	0.184	0.177	0.194
2020-01-07T18:00:02Z	0.215	0.184	0.177	0.194
2020-01-07T18:20:02Z	0.215	0.184	0.177	0.194
2020-01-07T18:40:02Z	0.215	0.184	0.177	0.194
2020-01-07T19:00:02Z	0.215	0.184	0.177	0.193
2020-01-07T19:20:02Z	0.215	0.184	0.177	0.193
2020-01-07T19:40:02Z	0.215	0.184	0.177	0.194
2020-01-07T20:00:02Z	0.215	0.184	0.177	0.194
2020-01-07T20:20:02Z	0.215	0.184	0.177	0.194
2020-01-07T20:40:02Z	0.215	0.184	0.177	0.194
2020-01-07T21:00:02Z	0.215	0.184	0.177	0.194
2020-01-07T21:20:02Z	0.215	0.184	0.177	0.194
2020-01-07T21:40:02Z	0.215	0.184	0.177	0.194
2020-01-07T22:00:02Z	0.215	0.184	0.177	0.194
2020-01-07T22:20:02Z	0.215	0.184	0.177	0.194
2020-01-07T22:40:02Z	0.215	0.184	0.177	0.194
2020-01-07T23:00:02Z	0.215	0.184	0.177	0.194
2020-01-07T23:20:02Z	0.215	0.184	0.177	0.194
2020-01-07T23:40:02Z	0.215	0.184	0.177	0.194
2020-01-08T00:00:02Z	0.215	0.184	0.177	0.194
2020-01-08T00:20:02Z	0.215	0.184	0.177	0.193
2020-01-08T00:40:02Z	0.214	0.184	0.177	0.193
2020-01-08T01:00:02Z	0.215	0.184	0.177	0.194
2020-01-08T01:20:02Z	0.214	0.184	0.177	0.193
2020-01-08T01:40:02Z	0.214	0.184	0.177	0.193
2020-01-08T02:00:02Z	0.214	0.184	0.177	0.193
2020-01-08T02:20:02Z	0.214	0.184	0.177	0.193
2020-01-08T02:40:02Z	0.214	0.184	0.177	0.193
2020-01-08T03:00:02Z	0.214	0.184	0.177	0.193
2020-01-08T03:20:02Z	0.214	0.184	0.177	0.193
2020-01-08T03:40:02Z	0.214	0.184	0.177	0.193
2020-01-08T04:00:02Z	0.214	0.184	0.177	0.193
2020-01-08T04:20:02Z	0.214	0.184	0.177	0.193
2020-01-08T04:40:02Z	0.214	0.184	0.177	0.193
2020-01-08T05:00:02Z	0.214	0.184	0.177	0.193
2020-01-08T05:20:02Z	0.214	0.184	0.177	0.193
2020-01-08T05:40:02Z	0.214	0.184	0.177	0.193
2020-01-08T06:00:02Z	0.214	0.184	0.177	0.193
2020-01-08T06:20:02Z	0.214	0.184	0.177	0.193
2020-01-08T06:40:02Z	0.214	0.184	0.177	0.193
2020-01-08T07:00:02Z	0.214	0.184	0.177	0.193
2020-01-08T07:20:02Z	0.214	0.184	0.177	0.193
2020-01-08T07:40:02Z	0.214	0.184	0.177	0.194
2020-01-08T08:00:02Z	0.214	0.184	0.177	0.193
2020-01-08T08:20:02Z	0.215	0.184	0.177	0.193
2020-01-08T08:40:02Z	0.215	0.184	0.177	0.193
2020-01-08T09:00:02Z	0.215	0.184	0.177	0.193
2020-01-08T09:20:02Z	0.215	0.184	0.177	0.193
2020-01-08T09:40:02Z	0.215	0.184	0.177	0.193
2020-01-08T10:00:02Z	0.215	0.184	0.177	0.193
2020-01-08T10:20:02Z	0.215	0.184	0.177	0.193
2020-01-08T10:40:02Z	0.215	0.184	0.177	0.193
2020-01-08T11:00:02Z	0.215	0.184	0.177	0.193
2020-01-08T11:20:02Z	0.215	0.184	0.177	0.193
2020-01-08T11:40:02Z	0.215	0.184	0.177	0.193
2020-01-08T12:00:02Z	0.215	0.184	0.177	0.193
2020-01-08T12:20:02Z	0.215	0.184	0.177	0.193
2020-01-08T12:40:02Z	0.215	0.184	0.177	0.193
2020-01-08T13:00:02Z	0.215	0.184	0.177	0.193
2020-01-08T13:20:02Z	0.215	0.184	0.177	0.193
2020-01-08T13:40:02Z	0.215	0.184	0.177	0.193
2020-01-08T14:00:02Z	0.215	0.184	0.177	0.193
2020-01-08T14:20:02Z	0.215	0.184	0.177	0.193
2020-01-08T14:40:02Z	0.215	0.184	0.177	0.193
2020-01-08T15:00:02Z	0.215	0.184	0.177	0.193
2020-01-08T15:20:02Z	0.215	0.184	0.177	0.193
2020-01-08T15:40:02Z	0.215	0.184	0.177	0.193
2020-01-08T16:00:02Z	0.215	0.184	0.177	0.193
2020-01-08T16:20:02Z	0.215	0.184	0.177	0.193
2020-01-08T16:40:02Z	0.215	0.184	0.177	0.193
2020-01-08T17:00:02Z	0.215	0.184	0.177	0.193
2020-01-08T17:20:02Z	0.215	0.184	0.177	0.193
2020-01-08T17:40:02Z	0.214	0.184	0.177	0.193
2020-01-08T18:00:02Z	0.214	0.184	0.177	0.193
2020-01-08T18:20:02Z	0.214	0.184	0.177	0.193
2020-01-08T18:40:02Z	0.214	0.184	0.177	0.193
2020-01-08T19:00:02Z	0.214	0.184	0.177	0.193
2020-01-08T19:20:02Z	0.214	0.184	0.177	0.193
2020-01-08T19:40:02Z	0.214	0.184	0.177	0.193
2020-01-08T20:00:02Z	0.214	0.184	0.177	0.193
2020-01-08T20:20:02Z	0.214	0.184	0.177	0.193
2020-01-08T20:40:02Z	0.214	0.184	0.177	0.193
2020-01-08T21:00:02Z	0.214	0.184	0.177	0.193
2020-01-08T21:20:02Z	0.214	0.184	0.177	0.193
2020-01-08T21:40:02Z	0.214	0.184	0.177	0.193
2020-01-08T22:00:02Z	0.214	0.184	0.177	0.193
2020-01-08T22:20:02Z	0.214	0.184	0.177	0.193
2020-01-08T22:40:02Z	0.214	0.184	0.177	0.193
2020-01-08T23:00:02Z	0.214	0.184	0.177	0.193
2020-01-08T23:20:02Z	0.214	0.184	0.177	0.193
2020-01-08T23:40:02Z	0.214	0.184	0.177	0.193
2020-01-09T00:00:02Z	0.214	0.184	0.177	0.193
2020-01-09T00:20:02Z	0.214	0.184	0.177	0.193
2020-01-09T00:40:02Z	0.214	0.184	0.177	0.194
2020-01-09T01:00:02Z	0.215	0.184	0.177	0.194
2020-01-09T01:20:02Z	0.215	0.184	0.177	0.194
2020-01-09T01:40:02Z	0.216	0.184	0.177	0.193
2020-01-09T02:00:02Z	0.216	0.184	0.177	0.194
2020-01-09T02:20:02Z	0.216	0.184	0.177	0.194
2020-01-09T02:40:02Z	0.217	0.184	0.177	0.193
2020-01-09T03:00:02Z	0.217	0.185	0.177	0.194
2020-01-09T03:20:02Z	0.218	0.185	0.177	0.194
2020-01-09T03:40:02Z	0.218	0.185	0.177	0.194
2020-01-09T04:00:02Z	0.218	0.186	0.178	0.194
2020-01-09T04:20:02Z	0.218	0.186	0.178	0.194
2020-01-09T04:40:02Z	0.218	0.186	0.178	0.194
2020-01-09T05:00:02Z	0.219	0.186	0.178	0.194
2020-01-09T05:20:02Z	0.219	0.186	0.178	0.194
2020-01-09T05:40:02Z	0.219	0.186	0.178	0.194
2020-01-09T06:00:02Z	0.219	0.186	0.178	0.194
2020-01-09T06:20:02Z	0.219	0.186	0.178	0.194
2020-01-09T06:40:02Z	0.219	0.186	0.178	0.194
2020-01-09T07:00:02Z	0.219	0.186	0.178	0.194
2020-01-09T07:20:02Z	0.219	0.186	0.178	0.194
2020-01-09T07:40:02Z	0.219	0.187	0.178	0.194
2020-01-09T08:00:02Z	0.219	0.187	0.178	0.194
2020-01-09T08:20:02Z	0.219	0.187	0.178	0.194
2020-01-09T08:40:02Z	0.219	0.186	0.178	0.194
2020-01-09T09:00:02Z	0.219	0.187	0.178	0.194
2020-01-09T09:20:02Z	0.219	0.187	0.178	0.194
2020-01-09T09:40:02Z	0.219	0.187	0.178	0.194
2020-01-09T10:00:02Z	0.218	0.187	0.178	0.194
2020-01-09T10:20:02Z	0.218	0.187	0.178	0.194
2020-01-09T10:40:02Z	0.218	0.186	0.178	0.194
2020-01-09T11:00:02Z	0.218	0.186	0.178	0.194
2020-01-09T11:20:02Z	0.218	0.187	0.178	0.194
2020-01-09T11:22:37Z	0.218	0.187	0.178	0.194
2020-01-09T11:40:02Z	0.218	0.186	0.178	0.194
2020-01-09T12:00:02Z	0.218	0.186	0.178	0.194
2020-01-09T12:20:02Z	0.218	0.187	0.178	0.194
2020-01-09T12:40:02Z	0.218	0.187	0.178	0.194
2020-01-09T13:00:02Z	0.218	0.186	0.178	0.194
2020-01-09T13:20:02Z	0.218	0.186	0.178	0.194
2020-01-09T13:40:02Z	0.218	0.186	0.178	0.194
2020-01-09T14:00:02Z	0.218	0.187	0.178	0.194
2020-01-09T14:20:02Z	0.218	0.187	0.178	0.194
2020-01-09T14:40:02Z	0.22	0.187	0.179	0.194
2020-01-09T15:00:02Z	0.22	0.187	0.179	0.194
2020-01-09T15:20:02Z	0.222	0.188	0.179	0.194
2020-01-09T15:40:02Z	0.222	0.188	0.179	0.194
2020-01-09T16:00:02Z	0.223	0.188	0.179	0.194
2020-01-09T16:20:02Z	0.224	0.188	0.179	0.194
2020-01-09T16:40:02Z	0.224	0.189	0.179	0.194
2020-01-09T17:00:02Z	0.224	0.189	0.179	0.194
2020-01-09T17:20:02Z	0.224	0.19	0.179	0.194
2020-01-09T17:40:02Z	0.224	0.19	0.179	0.194
2020-01-09T18:00:02Z	0.224	0.19	0.179	0.194
2020-01-09T18:20:02Z	0.224	0.19	0.179	0.194
2020-01-09T18:40:02Z	0.224	0.19	0.179	0.194
2020-01-09T19:00:02Z	0.224	0.19	0.18	0.194
2020-01-09T19:20:02Z	0.224	0.19	0.18	0.195
2020-01-09T19:40:02Z	0.224	0.19	0.18	0.195
2020-01-09T20:00:02Z	0.224	0.19	0.18	0.195
2020-01-09T20:20:02Z	0.224	0.19	0.18	0.195
2020-01-09T20:40:02Z	0.224	0.19	0.18	0.195
2020-01-09T21:00:02Z	0.224	0.19	0.18	0.195
2020-01-09T21:20:02Z	0.223	0.19	0.18	0.195
2020-01-09T21:40:02Z	0.223	0.19	0.18	0.195
2020-01-09T22:00:02Z	0.223	0.19	0.18	0.195
2020-01-09T22:20:02Z	0.223	0.19	0.18	0.195
2020-01-09T22:40:02Z	0.223	0.19	0.18	0.195
2020-01-09T23:00:02Z	0.223	0.19	0.18	0.195
2020-01-09T23:20:02Z	0.222	0.19	0.18	0.195
2020-01-09T23:40:02Z	0.222	0.19	0.18	0.195
2020-01-10T00:00:02Z	0.222	0.19	0.18	0.195
2020-01-10T00:20:02Z	0.222	0.19	0.18	0.195
2020-01-10T00:40:02Z	0.222	0.19	0.18	0.195
2020-01-10T01:00:02Z	0.222	0.19	0.18	0.195
2020-01-10T01:20:02Z	0.222	0.19	0.18	0.195
2020-01-10T01:40:02Z	0.222	0.19	0.18	0.195
2020-01-10T02:00:02Z	0.223	0.19	0.18	0.195
2020-01-10T02:20:02Z	0.223	0.19	0.18	0.195
2020-01-10T02:40:02Z	0.223	0.19	0.18	0.195
2020-01-10T03:00:02Z	0.224	0.19	0.18	0.195
2020-01-10T03:20:02Z	0.224	0.191	0.18	0.195
2020-01-10T03:40:02Z	0.225	0.191	0.181	0.195
2020-01-10T04:00:02Z	0.226	0.192	0.181	0.195
2020-01-10T04:20:02Z	0.226	0.192	0.181	0.195
2020-01-10T04:40:02Z	0.226	0.192	0.181	0.196
2020-01-10T05:00:02Z	0.226	0.192	0.181	0.196
2020-01-10T05:20:02Z	0.227	0.192	0.182	0.196
2020-01-10T05:40:02Z	0.229	0.193	0.182	0.196
2020-01-10T06:00:02Z	0.23	0.194	0.182	0.196
2020-01-10T06:20:02Z	0.23	0.194	0.182	0.196
2020-01-10T06:40:02Z	0.23	0.195	0.182	0.196
2020-01-10T07:00:02Z	0.23	0.195	0.182	0.196
2020-01-10T07:20:02Z	0.231	0.196	0.182	0.196
2020-01-10T07:40:02Z	0.231	0.196	0.183	0.196
2020-01-10T08:00:02Z	0.231	0.196	0.183	0.196
2020-01-10T08:20:02Z	0.231	0.197	0.183	0.196
2020-01-10T08:40:02Z	0.231	0.197	0.183	0.197
2020-01-10T09:00:02Z	0.231	0.197	0.183	0.197
2020-01-10T09:20:02Z	0.23	0.197	0.183	0.197
2020-01-10T09:40:02Z	0.23	0.197	0.183	0.197
2020-01-10T10:00:02Z	0.23	0.197	0.183	0.197
2020-01-10T10:20:02Z	0.23	0.196	0.183	0.197
2020-01-10T10:40:02Z	0.229	0.196	0.183	0.197
2020-01-10T11:00:02Z	0.229	0.196	0.183	0.197
2020-01-10T11:20:02Z	0.229	0.196	0.183	0.197
2020-01-10T11:40:02Z	0.228	0.196	0.183	0.197
2020-01-10T12:00:02Z	0.228	0.196	0.183	0.197
2020-01-10T12:20:02Z	0.228	0.196	0.183	0.197
2020-01-10T12:40:02Z	0.228	0.195	0.183	0.197
2020-01-10T13:00:02Z	0.227	0.195	0.183	0.197
2020-01-10T13:20:02Z	0.227	0.195	0.183	0.197
2020-01-10T13:40:02Z	0.227	0.195	0.183	0.197
2020-01-10T14:00:02Z	0.226	0.195	0.183	0.197
2020-01-10T14:20:02Z	0.226	0.195	0.183	0.197
2020-01-10T14:40:02Z	0.226	0.195	0.183	0.197
2020-01-10T15:00:02Z	0.226	0.194	0.183	0.197
2020-01-10T15:20:02Z	0.226	0.194	0.183	0.197
2020-01-10T15:40:02Z	0.226	0.194	0.183	0.197
2020-01-10T16:00:02Z	0.226	0.194	0.183	0.197
2020-01-10T16:20:02Z	0.226	0.194	0.183	0.197
2020-01-10T16:40:02Z	0.226	0.194	0.183	0.197
2020-01-10T17:00:02Z	0.226	0.194	0.183	0.197
2020-01-10T17:20:02Z	0.226	0.194	0.183	0.197
2020-01-10T17:40:02Z	0.226	0.194	0.183	0.197
2020-01-10T18:00:02Z	0.226	0.194	0.183	0.197
2020-01-10T18:20:02Z	0.226	0.194	0.183	0.197
2020-01-10T18:40:02Z	0.226	0.194	0.183	0.197
2020-01-10T19:00:02Z	0.226	0.194	0.183	0.197
2020-01-10T19:20:02Z	0.226	0.194	0.183	0.197
2020-01-10T19:40:02Z	0.226	0.194	0.183	0.197
2020-01-10T20:00:02Z	0.226	0.194	0.183	0.197
2020-01-10T20:20:02Z	0.225	0.194	0.183	0.197
2020-01-10T20:40:02Z	0.225	0.194	0.183	0.197
2020-01-10T21:00:02Z	0.225	0.194	0.183	0.197
2020-01-10T21:20:02Z	0.225	0.193	0.183	0.197
2020-01-10T21:40:02Z	0.225	0.193	0.183	0.197
2020-01-10T22:00:02Z	0.224	0.193	0.183	0.197
2020-01-10T22:20:02Z	0.224	0.193	0.182	0.197
2020-01-10T22:40:02Z	0.224	0.193	0.182	0.197
2020-01-10T23:00:02Z	0.224	0.193	0.182	0.197
2020-01-10T23:20:02Z	0.224	0.193	0.182	0.197
2020-01-10T23:40:02Z	0.224	0.193	0.182	0.197
2020-01-11T00:00:02Z	0.224	0.193	0.182	0.197
2020-01-11T00:20:02Z	0.224	0.193	0.182	0.197
2020-01-11T00:40:02Z	0.224	0.193	0.182	0.197
2020-01-11T01:00:02Z	0.224	0.192	0.182	0.197
2020-01-11T01:20:02Z	0.224	0.192	0.182	0.197
2020-01-11T01:40:02Z	0.224	0.192	0.182	0.197
2020-01-11T02:00:02Z	0.224	0.192	0.182	0.197
2020-01-11T02:20:02Z	0.224	0.192	0.182	0.197
2020-01-11T02:40:02Z	0.224	0.192	0.182	0.197
2020-01-11T03:00:02Z	0.224	0.192	0.182	0.197
2020-01-11T03:20:02Z	0.224	0.192	0.182	0.197
2020-01-11T03:40:02Z	0.224	0.192	0.182	0.197
2020-01-11T04:00:02Z	0.224	0.192	0.182	0.197
2020-01-11T04:20:02Z	0.224	0.192	0.182	0.197
2020-01-11T04:40:02Z	0.224	0.192	0.182	0.197
2020-01-11T05:00:02Z	0.224	0.192	0.182	0.197
2020-01-11T05:20:02Z	0.224	0.192	0.182	0.197
2020-01-11T05:40:02Z	0.224	0.192	0.182	0.197
2020-01-11T06:00:02Z	0.223	0.192	0.182	0.197
2020-01-11T06:20:02Z	0.223	0.192	0.182	0.197
2020-01-11T06:40:02Z	0.223	0.192	0.182	0.197
2020-01-11T07:00:02Z	0.223	0.192	0.182	0.197
2020-01-11T07:20:02Z	0.223	0.192	0.182	0.197
2020-01-11T07:40:02Z	0.223	0.192	0.182	0.197
2020-01-11T08:00:02Z	0.223	0.192	0.182	0.197
2020-01-11T08:20:02Z	0.223	0.191	0.182	0.196
2020-01-11T08:40:02Z	0.222	0.191	0.182	0.196
2020-01-11T09:00:02Z	0.222	0.191	0.181	0.196
2020-01-11T09:20:02Z	0.222	0.191	0.181	0.196
2020-01-11T09:40:02Z	0.222	0.191	0.181	0.196
2020-01-11T10:00:02Z	0.222	0.191	0.181	0.196
2020-01-11T10:20:02Z	0.222	0.191	0.181	0.196
2020-01-11T10:40:02Z	0.222	0.191	0.181	0.196
2020-01-11T11:00:02Z	0.222	0.19	0.181	0.196
2020-01-11T11:20:02Z	0.222	0.19	0.181	0.196
2020-01-11T11:40:02Z	0.222	0.19	0.181	0.196
2020-01-11T12:00:02Z	0.222	0.19	0.181	0.196
2020-01-11T12:20:02Z	0.222	0.19	0.181	0.196
2020-01-11T12:40:02Z	0.222	0.19	0.181	0.196
2020-01-11T13:00:02Z	0.222	0.19	0.181	0.196
2020-01-11T13:20:02Z	0.222	0.19	0.181	0.196
2020-01-11T13:40:02Z	0.222	0.19	0.181	0.196
2020-01-11T14:00:02Z	0.222	0.19	0.181	0.196
2020-01-11T14:20:02Z	0.222	0.19	0.181	0.196
2020-01-11T14:40:02Z	0.222	0.19	0.181	0.196
2020-01-11T15:00:02Z	0.222	0.19	0.181	0.196
2020-01-11T15:20:02Z	0.222	0.19	0.181	0.196
2020-01-11T15:40:02Z	0.222	0.19	0.181	0.196
2020-01-11T16:00:02Z	0.222	0.19	0.181	0.196
2020-01-11T16:20:02Z	0.222	0.19	0.181	0.196
2020-01-11T16:40:02Z	0.222	0.19	0.181	0.196
2020-01-11T17:00:02Z	0.222	0.19	0.181	0.196
2020-01-11T17:20:02Z	0.222	0.19	0.181	0.196
2020-01-11T17:40:02Z	0.222	0.19	0.181	0.196
2020-01-11T18:00:02Z	0.222	0.19	0.181	0.196
2020-01-11T18:20:02Z	0.222	0.19	0.181	0.196
2020-01-11T18:40:02Z	0.221	0.19	0.181	0.196
2020-01-11T19:00:02Z	0.222	0.19	0.181	0.196
2020-01-11T19:20:02Z	0.221	0.19	0.181	0.196
2020-01-11T19:40:02Z	0.221	0.19	0.181	0.196
2020-01-11T20:00:02Z	0.221	0.19	0.181	0.196
2020-01-11T20:20:02Z	0.221	0.19	0.181	0.196
2020-01-11T20:40:02Z	0.221	0.19	0.181	0.196
2020-01-11T21:00:02Z	0.221	0.19	0.18	0.196
2020-01-11T21:20:02Z	0.221	0.19	0.18	0.196
2020-01-11T21:40:02Z	0.221	0.19	0.18	0.196
2020-01-11T22:00:02Z	0.221	0.19	0.18	0.196
2020-01-11T22:20:02Z	0.221	0.19	0.18	0.196
2020-01-11T22:40:02Z	0.221	0.19	0.18	0.196
2020-01-11T23:00:02Z	0.221	0.19	0.18	0.196
2020-01-11T23:20:02Z	0.221	0.19	0.18	0.196
2020-01-11T23:40:02Z	0.221	0.19	0.18	0.196
2020-01-12T00:00:02Z	0.22	0.19	0.18	0.196
2020-01-12T00:20:02Z	0.221	0.19	0.18	0.196
2020-01-12T00:40:02Z	0.22	0.19	0.18	0.196
2020-01-12T01:00:02Z	0.22	0.19	0.18	0.196
2020-01-12T01:20:02Z	0.221	0.19	0.18	0.196
2020-01-12T01:40:02Z	0.22	0.19	0.18	0.196
2020-01-12T02:00:02Z	0.22	0.19	0.18	0.196
2020-01-12T02:20:02Z	0.22	0.189	0.18	0.196
2020-01-12T02:40:02Z	0.22	0.189	0.18	0.196
2020-01-12T03:00:02Z	0.22	0.189	0.18	0.196
2020-01-12T03:20:02Z	0.22	0.189	0.18	0.196
2020-01-12T03:40:02Z	0.22	0.189	0.18	0.196
2020-01-12T04:00:02Z	0.22	0.189	0.18	0.196
2020-01-12T04:20:02Z	0.22	0.189	0.18	0.196
2020-01-12T04:40:02Z	0.22	0.189	0.18	0.196
2020-01-12T05:00:02Z	0.22	0.189	0.18	0.196
2020-01-12T05:20:02Z	0.22	0.189	0.18	0.196
2020-01-12T05:40:02Z	0.22	0.189	0.18	0.196
2020-01-12T06:00:02Z	0.22	0.189	0.18	0.196
2020-01-12T06:20:02Z	0.22	0.189	0.18	0.196
2020-01-12T06:40:02Z	0.22	0.189	0.18	0.196
2020-01-12T07:00:02Z	0.22	0.189	0.18	0.196
2020-01-12T07:20:02Z	0.22	0.189	0.18	0.196
2020-01-12T07:40:02Z	0.22	0.189	0.18	0.196
2020-01-12T08:00:02Z	0.22	0.189	0.18	0.196
2020-01-12T08:20:02Z	0.22	0.189	0.18	0.195
2020-01-12T08:40:02Z	0.22	0.189	0.18	0.195
2020-01-12T09:00:02Z	0.22	0.189	0.18	0.195
2020-01-12T09:20:02Z	0.22	0.189	0.18	0.195
2020-01-12T09:40:02Z	0.22	0.188	0.18	0.195
2020-01-12T10:00:02Z	0.22	0.188	0.18	0.195
2020-01-12T10:20:02Z	0.22	0.188	0.18	0.195
2020-01-12T10:40:02Z	0.22	0.188	0.18	0.195
2020-01-12T11:00:02Z	0.22	0.188	0.179	0.195
2020-01-12T11:20:02Z	0.219	0.188	0.179	0.195
2020-01-12T11:40:02Z	0.219	0.188	0.179	0.195
2020-01-12T12:00:02Z	0.219	0.188	0.179	0.195
2020-01-12T12:20:02Z	0.219	0.188	0.179	0.195
2020-01-12T12:40:02Z	0.219	0.188	0.179	0.195
2020-01-12T13:00:02Z	0.219	0.188	0.179	0.195
2020-01-12T13:20:02Z	0.219	0.188	0.179	0.195
2020-01-12T13:40:02Z	0.219	0.188	0.179	0.195
2020-01-12T14:00:02Z	0.219	0.188	0.179	0.195
2020-01-12T14:20:02Z	0.219	0.188	0.179	0.195
2020-01-12T14:40:02Z	0.219	0.188	0.179	0.195
2020-01-12T15:00:02Z	0.219	0.188	0.179	0.195
2020-01-12T15:20:02Z	0.219	0.188	0.179	0.195
2020-01-12T15:40:02Z	0.219	0.188	0.179	0.195
2020-01-12T16:00:02Z	0.219	0.188	0.179	0.195
2020-01-12T16:20:02Z	0.219	0.188	0.179	0.195
2020-01-12T16:40:02Z	0.219	0.188	0.179	0.195
2020-01-12T17:00:02Z	0.218	0.188	0.179	0.195
2020-01-12T17:20:02Z	0.218	0.188	0.179	0.195
2020-01-12T17:40:02Z	0.218	0.188	0.179	0.195
2020-01-12T18:00:02Z	0.218	0.188	0.179	0.195
2020-01-12T18:20:02Z	0.218	0.188	0.179	0.195
2020-01-12T18:40:02Z	0.218	0.188	0.179	0.195
2020-01-12T19:00:02Z	0.218	0.188	0.179	0.195
2020-01-12T19:20:02Z	0.218	0.188	0.179	0.195
2020-01-12T19:40:02Z	0.218	0.188	0.179	0.195
2020-01-12T20:00:02Z	0.218	0.188	0.179	0.195
2020-01-12T20:20:02Z	0.218	0.188	0.179	0.195
2020-01-12T20:40:02Z	0.218	0.188	0.179	0.195
2020-01-12T21:00:02Z	0.218	0.188	0.179	0.195
2020-01-12T21:20:02Z	0.218	0.187	0.179	0.195
2020-01-12T21:40:02Z	0.218	0.187	0.179	0.195
2020-01-12T22:00:02Z	0.218	0.187	0.179	0.195
2020-01-12T22:20:02Z	0.218	0.187	0.179	0.195
2020-01-12T22:40:02Z	0.218	0.187	0.179	0.195
2020-01-12T23:00:02Z	0.218	0.187	0.179	0.195
2020-01-12T23:20:02Z	0.218	0.187	0.179	0.195
2020-01-12T23:40:02Z	0.218	0.187	0.179	0.195
2020-01-13T00:00:02Z	0.218	0.187	0.179	0.195
2020-01-13T00:20:02Z	0.218	0.187	0.179	0.195
2020-01-13T00:40:02Z	0.218	0.187	0.179	0.195
2020-01-13T01:00:02Z	0.218	0.187	0.179	0.195
2020-01-13T01:20:02Z	0.218	0.187	0.179	0.195
2020-01-13T01:40:02Z	0.218	0.187	0.179	0.195
2020-01-13T02:00:02Z	0.218	0.187	0.179	0.195
2020-01-13T02:20:02Z	0.218	0.187	0.179	0.195
2020-01-13T02:40:02Z	0.218	0.187	0.179	0.195
2020-01-13T03:00:02Z	0.218	0.187	0.179	0.195
2020-01-13T03:20:02Z	0.218	0.187	0.179	0.195
2020-01-13T03:40:02Z	0.218	0.187	0.179	0.195
2020-01-13T04:00:02Z	0.218	0.187	0.179	0.195
2020-01-13T04:20:02Z	0.218	0.187	0.179	0.195
2020-01-13T04:40:02Z	0.218	0.187	0.179	0.195
2020-01-13T05:00:02Z	0.218	0.187	0.179	0.195
2020-01-13T05:20:02Z	0.218	0.187	0.179	0.195
2020-01-13T05:40:02Z	0.218	0.187	0.179	0.195
2020-01-13T06:00:02Z	0.218	0.187	0.179	0.195
2020-01-13T06:20:02Z	0.218	0.187	0.179	0.195
2020-01-13T06:40:02Z	0.218	0.187	0.179	0.195
2020-01-13T07:00:02Z	0.218	0.187	0.179	0.195
2020-01-13T07:20:02Z	0.218	0.187	0.179	0.195
2020-01-13T07:40:02Z	0.218	0.187	0.179	0.195
2020-01-13T08:00:02Z	0.218	0.187	0.179	0.195
2020-01-13T08:20:02Z	0.218	0.187	0.179	0.195
2020-01-13T08:40:02Z	0.218	0.187	0.179	0.195
2020-01-13T09:00:02Z	0.218	0.187	0.179	0.195
2020-01-13T09:20:02Z	0.218	0.187	0.179	0.195
2020-01-13T09:40:02Z	0.218	0.186	0.179	0.194
2020-01-13T10:00:02Z	0.218	0.186	0.179	0.194
2020-01-13T10:20:02Z	0.218	0.187	0.179	0.194
2020-01-13T10:40:02Z	0.218	0.186	0.179	0.194
2020-01-13T11:00:02Z	0.218	0.186	0.179	0.194
2020-01-13T11:20:02Z	0.218	0.186	0.178	0.194
2020-01-13T11:40:02Z	0.218	0.186	0.178	0.194
2020-01-13T12:00:02Z	0.218	0.186	0.178	0.194
2020-01-13T12:20:02Z	0.218	0.186	0.178	0.194
2020-01-13T12:40:02Z	0.218	0.186	0.178	0.194
2020-01-13T13:00:02Z	0.217	0.186	0.178	0.194
2020-01-13T13:20:02Z	0.218	0.186	0.178	0.194
2020-01-13T13:40:02Z	0.217	0.186	0.178	0.194
2020-01-13T14:00:02Z	0.218	0.186	0.178	0.194
2020-01-13T14:20:02Z	0.218	0.186	0.178	0.194
2020-01-13T14:40:02Z	0.217	0.186	0.178	0.194
2020-01-13T15:00:02Z	0.217	0.186	0.178	0.194
2020-01-13T15:20:02Z	0.218	0.186	0.178	0.194
2020-01-13T15:40:02Z	0.217	0.186	0.178	0.194
2020-01-13T16:00:02Z	0.218	0.186	0.178	0.194
2020-01-13T16:20:02Z	0.218	0.186	0.178	0.194
2020-01-13T16:40:02Z	0.218	0.186	0.178	0.194
2020-01-13T17:00:02Z	0.218	0.186	0.178	0.194
2020-01-13T17:20:02Z	0.217	0.186	0.178	0.194
2020-01-13T17:40:02Z	0.218	0.186	0.178	0.194
2020-01-13T18:00:02Z	0.217	0.186	0.178	0.194
2020-01-13T18:20:02Z	0.217	0.186	0.178	0.194
2020-01-13T18:40:02Z	0.218	0.186	0.178	0.194
2020-01-13T19:00:02Z	0.218	0.186	0.178	0.195
2020-01-13T19:20:02Z	0.218	0.186	0.178	0.195
2020-01-13T19:40:02Z	0.218	0.186	0.178	0.195
2020-01-13T20:00:02Z	0.217	0.186	0.178	0.194
2020-01-13T20:20:02Z	0.218	0.186	0.178	0.194
2020-01-13T20:40:02Z	0.218	0.186	0.178	0.195
2020-01-13T21:00:02Z	0.218	0.186	0.178	0.194
2020-01-13T21:20:02Z	0.218	0.186	0.178	0.194
2020-01-13T21:40:02Z	0.217	0.186	0.178	0.194
2020-01-13T22:00:02Z	0.217	0.186	0.178	0.194
2020-01-13T22:20:02Z	0.217	0.186	0.178	0.194
2020-01-13T22:40:02Z	0.217	0.186	0.178	0.194
2020-01-13T23:00:02Z	0.218	0.186	0.178	0.194
2020-01-13T23:20:02Z	0.218	0.186	0.178	0.194
2020-01-13T23:40:02Z	0.217	0.186	0.178	0.194
2020-01-14T00:00:02Z	0.217	0.186	0.178	0.194
2020-01-14T00:20:02Z	0.217	0.186	0.178	0.194
2020-01-14T00:40:02Z	0.217	0.186	0.178	0.194
2020-01-14T01:00:02Z	0.217	0.186	0.178	0.194
2020-01-14T01:20:02Z	0.217	0.186	0.178	0.194
2020-01-14T01:40:02Z	0.217	0.186	0.178	0.194
2020-01-14T02:00:02Z	0.217	0.186	0.178	0.194
2020-01-14T02:20:02Z	0.217	0.186	0.178	0.194
2020-01-14T02:40:02Z	0.217	0.186	0.178	0.194
2020-01-14T03:00:02Z	0.217	0.186	0.178	0.194
2020-01-14T03:20:02Z	0.217	0.186	0.178	0.194
2020-01-14T03:40:02Z	0.217	0.186	0.178	0.194
2020-01-14T04:00:02Z	0.217	0.186	0.178	0.194
2020-01-14T04:20:02Z	0.217	0.186	0.178	0.194
2020-01-14T04:40:02Z	0.217	0.186	0.178	0.194
2020-01-14T05:00:02Z	0.217	0.186	0.178	0.194
2020-01-14T05:20:02Z	0.217	0.186	0.178	0.194
2020-01-14T05:40:02Z	0.217	0.186	0.178	0.194
2020-01-14T06:00:02Z	0.217	0.186	0.178	0.194
2020-01-14T06:20:02Z	0.217	0.186	0.178	0.194
2020-01-14T06:40:02Z	0.217	0.186	0.178	0.194
2020-01-14T07:00:02Z	0.217	0.186	0.178	0.194
2020-01-14T07:20:02Z	0.217	0.186	0.178	0.194
2020-01-14T07:40:02Z	0.217	0.186	0.178	0.194
2020-01-14T08:00:02Z	0.217	0.186	0.178	0.194
2020-01-14T08:20:02Z	0.217	0.186	0.178	0.194
2020-01-14T08:40:02Z	0.217	0.186	0.178	0.194
2020-01-14T09:00:02Z	0.217	0.186	0.178	0.194
2020-01-14T09:20:02Z	0.217	0.186	0.178	0.194
2020-01-14T09:40:02Z	0.217	0.186	0.178	0.194
2020-01-14T10:00:02Z	0.217	0.186	0.178	0.194
2020-01-14T10:20:02Z	0.217	0.186	0.178	0.194
2020-01-14T10:40:02Z	0.217	0.185	0.178	0.194
2020-01-14T11:00:02Z	0.217	0.185	0.178	0.194
2020-01-14T11:20:02Z	0.216	0.185	0.178	0.194
2020-01-14T11:40:02Z	0.216	0.185	0.178	0.194
2020-01-14T12:00:02Z	0.216	0.185	0.178	0.194
2020-01-14T12:20:02Z	0.216	0.185	0.178	0.194
2020-01-14T12:40:02Z	0.216	0.185	0.178	0.194
2020-01-14T13:00:02Z	0.216	0.185	0.178	0.194
2020-01-14T13:20:02Z	0.216	0.185	0.178	0.194
2020-01-14T13:40:02Z	0.216	0.185	0.178	0.194
2020-01-14T14:00:02Z	0.216	0.185	0.178	0.194
2020-01-14T14:20:02Z	0.216	0.185	0.178	0.194
2020-01-14T14:40:02Z	0.216	0.185	0.178	0.194
2020-01-14T15:00:02Z	0.216	0.185	0.178	0.194
2020-01-14T15:20:02Z	0.216	0.185	0.178	0.194
2020-01-14T15:40:02Z	0.216	0.185	0.178	0.194
2020-01-14T16:00:02Z	0.216	0.185	0.178	0.194
2020-01-14T16:20:02Z	0.216	0.185	0.177	0.194
2020-01-14T16:40:02Z	0.216	0.185	0.178	0.194
2020-01-14T17:00:02Z	0.216	0.185	0.178	0.194
2020-01-14T17:20:02Z	0.216	0.185	0.177	0.194
2020-01-14T17:40:02Z	0.216	0.185	0.177	0.194
2020-01-14T18:00:02Z	0.216	0.185	0.177	0.194
2020-01-14T18:20:02Z	0.216	0.185	0.177	0.194
2020-01-14T18:40:02Z	0.216	0.185	0.177	0.194
2020-01-14T19:00:02Z	0.216	0.184	0.177	0.194
2020-01-14T19:20:02Z	0.216	0.185	0.177	0.194
2020-01-14T19:40:02Z	0.216	0.185	0.177	0.194
2020-01-14T20:00:02Z	0.216	0.185	0.177	0.194
2020-01-14T20:20:02Z	0.216	0.185	0.177	0.194
2020-01-14T20:40:02Z	0.216	0.184	0.177	0.194
2020-01-14T21:00:02Z	0.216	0.184	0.177	0.194
2020-01-14T21:20:02Z	0.215	0.184	0.177	0.194
2020-01-14T21:40:02Z	0.215	0.184	0.177	0.194
2020-01-14T22:00:02Z	0.215	0.184	0.177	0.194
2020-01-14T22:20:02Z	0.215	0.184	0.177	0.194
2020-01-14T22:40:02Z	0.215	0.184	0.177	0.194
2020-01-14T23:00:02Z	0.215	0.184	0.177	0.194
2020-01-14T23:20:02Z	0.215	0.184	0.177	0.194
2020-01-14T23:40:02Z	0.215	0.184	0.177	0.194
2020-01-15T00:00:02Z	0.215	0.184	0.177	0.194
2020-01-15T00:20:02Z	0.215	0.184	0.177	0.194
2020-01-15T00:40:02Z	0.215	0.184	0.177	0.194
2020-01-15T01:00:02Z	0.215	0.184	0.177	0.194
2020-01-15T01:20:02Z	0.215	0.184	0.177	0.194
2020-01-15T01:40:02Z	0.215	0.184	0.177	0.194
2020-01-15T02:00:02Z	0.215	0.184	0.177	0.194
2020-01-15T02:20:02Z	0.215	0.184	0.177	0.194
2020-01-15T02:40:02Z	0.215	0.184	0.177	0.194
2020-01-15T03:00:02Z	0.215	0.184	0.177	0.194
2020-01-15T03:20:02Z	0.215	0.184	0.177	0.194
2020-01-15T03:40:02Z	0.215	0.184	0.177	0.194
2020-01-15T04:00:02Z	0.214	0.184	0.177	0.194
2020-01-15T04:20:02Z	0.215	0.184	0.177	0.194
2020-01-15T04:40:02Z	0.214	0.184	0.177	0.194
2020-01-15T05:00:02Z	0.214	0.184	0.177	0.194
2020-01-15T05:20:02Z	0.214	0.184	0.177	0.194
2020-01-15T05:40:02Z	0.214	0.184	0.177	0.194
2020-01-15T06:00:02Z	0.214	0.184	0.177	0.194
2020-01-15T06:20:02Z	0.214	0.184	0.177	0.194
2020-01-15T06:40:02Z	0.214	0.184	0.177	0.194
2020-01-15T07:00:02Z	0.214	0.184	0.177	0.194
2020-01-15T07:20:02Z	0.214	0.184	0.177	0.194
2020-01-15T07:40:02Z	0.214	0.184	0.177	0.194
2020-01-15T08:00:02Z	0.214	0.184	0.177	0.194
2020-01-15T08:20:02Z	0.214	0.184	0.177	0.194
2020-01-15T08:40:02Z	0.214	0.183	0.177	0.194
2020-01-15T09:00:02Z	0.214	0.183	0.177	0.193
2020-01-15T09:20:02Z	0.214	0.183	0.177	0.193
2020-01-15T09:40:02Z	0.214	0.183	0.177	0.193
2020-01-15T10:00:02Z	0.214	0.183	0.177	0.193
2020-01-15T10:20:02Z	0.214	0.183	0.177	0.193
2020-01-15T10:40:02Z	0.214	0.183	0.177	0.194
2020-01-15T11:00:02Z	0.214	0.183	0.177	0.193
2020-01-15T11:20:02Z	0.214	0.183	0.176	0.193
2020-01-15T11:40:02Z	0.214	0.183	0.176	0.193
2020-01-15T12:00:02Z	0.214	0.183	0.176	0.193
2020-01-15T12:20:02Z	0.214	0.183	0.176	0.193
2020-01-15T12:40:02Z	0.214	0.183	0.176	0.193
2020-01-15T13:00:02Z	0.213	0.183	0.176	0.193
2020-01-15T13:20:02Z	0.213	0.183	0.176	0.193
2020-01-15T13:40:02Z	0.213	0.183	0.176	0.193
2020-01-15T14:00:02Z	0.214	0.183	0.176	0.193
2020-01-15T14:20:02Z	0.214	0.183	0.176	0.193
2020-01-15T14:40:02Z	0.214	0.183	0.176	0.193
2020-01-15T15:00:02Z	0.214	0.183	0.177	0.193
2020-01-15T15:20:02Z	0.214	0.183	0.176	0.193
2020-01-15T15:40:02Z	0.213	0.183	0.177	0.193
2020-01-15T16:00:02Z	0.214	0.183	0.177	0.194
2020-01-15T16:20:02Z	0.214	0.183	0.177	0.194
2020-01-15T16:40:02Z	0.214	0.183	0.177	0.193
2020-01-15T17:00:02Z	0.214	0.183	0.176	0.193
2020-01-15T17:20:02Z	0.214	0.183	0.177	0.194
2020-01-15T17:40:02Z	0.214	0.183	0.176	0.194
2020-01-15T18:00:02Z	0.214	0.183	0.177	0.194
2020-01-15T18:20:02Z	0.214	0.183	0.177	0.194
2020-01-15T18:40:02Z	0.214	0.183	0.177	0.194
2020-01-15T19:00:02Z	0.214	0.183	0.177	0.194
2020-01-15T19:20:02Z	0.214	0.183	0.176	0.194
2020-01-15T19:40:02Z	0.214	0.183	0.176	0.194
2020-01-15T20:00:02Z	0.214	0.183	0.176	0.193
2020-01-15T20:20:02Z	0.214	0.183	0.176	0.193
2020-01-15T20:40:02Z	0.214	0.183	0.176	0.193
2020-01-15T21:00:02Z	0.214	0.183	0.176	0.193
2020-01-15T21:20:02Z	0.214	0.183	0.176	0.193
2020-01-15T21:40:02Z	0.214	0.183	0.176	0.193
2020-01-15T22:00:02Z	0.214	0.183	0.176	0.193
2020-01-15T22:20:02Z	0.214	0.183	0.176	0.193
2020-01-15T22:40:02Z	0.213	0.183	0.176	0.193
2020-01-15T23:00:02Z	0.214	0.183	0.176	0.193
2020-01-15T23:20:02Z	0.213	0.183	0.176	0.193
2020-01-15T23:40:02Z	0.213	0.183	0.176	0.193
2020-01-16T00:00:02Z	0.213	0.183	0.176	0.193
2020-01-16T00:20:02Z	0.213	0.183	0.176	0.193
2020-01-16T00:40:02Z	0.213	0.183	0.176	0.193
2020-01-16T01:00:02Z	0.213	0.183	0.176	0.193
2020-01-16T01:20:02Z	0.213	0.183	0.176	0.193
2020-01-16T01:40:02Z	0.213	0.183	0.176	0.193
2020-01-16T02:00:02Z	0.213	0.183	0.176	0.193
2020-01-16T02:20:02Z	0.213	0.183	0.176	0.193
2020-01-16T02:40:02Z	0.213	0.183	0.176	0.193
2020-01-16T03:00:02Z	0.214	0.183	0.176	0.193
2020-01-16T03:20:02Z	0.214	0.183	0.176	0.193
2020-01-16T03:40:02Z	0.214	0.183	0.176	0.194
2020-01-16T04:00:02Z	0.214	0.183	0.176	0.193
2020-01-16T04:20:02Z	0.214	0.183	0.176	0.194
2020-01-16T04:40:02Z	0.214	0.183	0.176	0.194
2020-01-16T05:00:02Z	0.214	0.183	0.176	0.193
2020-01-16T05:20:02Z	0.214	0.183	0.176	0.194
2020-01-16T05:40:02Z	0.214	0.183	0.176	0.193
2020-01-16T06:00:02Z	0.214	0.183	0.176	0.193
2020-01-16T06:20:02Z	0.214	0.183	0.176	0.193
2020-01-16T06:40:02Z	0.214	0.183	0.176	0.193
2020-01-16T07:00:02Z	0.214	0.183	0.176	0.193
2020-01-16T07:20:02Z	0.214	0.183	0.176	0.193
2020-01-16T07:40:02Z	0.214	0.183	0.176	0.193
2020-01-16T08:00:02Z	0.214	0.183	0.176	0.193
2020-01-16T08:20:02Z	0.214	0.183	0.176	0.193
2020-01-16T08:40:02Z	0.214	0.183	0.176	0.193
2020-01-16T09:00:02Z	0.213	0.183	0.176	0.193
2020-01-16T09:20:02Z	0.213	0.183	0.176	0.193
2020-01-16T09:40:02Z	0.213	0.183	0.176	0.193
2020-01-16T10:00:02Z	0.213	0.183	0.176	0.193
2020-01-16T10:20:02Z	0.213	0.182	0.176	0.193
2020-01-16T10:40:02Z	0.213	0.182	0.176	0.193
2020-01-16T11:00:02Z	0.213	0.182	0.176	0.193
2020-01-16T11:20:02Z	0.213	0.182	0.176	0.193
2020-01-16T11:40:02Z	0.213	0.182	0.176	0.193
2020-01-16T12:00:02Z	0.213	0.182	0.176	0.193
2020-01-16T12:20:02Z	0.213	0.182	0.176	0.193
2020-01-16T12:40:02Z	0.213	0.182	0.175	0.193
2020-01-16T13:00:02Z	0.212	0.182	0.175	0.192
2020-01-16T13:20:02Z	0.212	0.182	0.176	0.193
2020-01-16T13:40:02Z	0.212	0.182	0.176	0.193
2020-01-16T14:00:02Z	0.212	0.182	0.176	0.193
2020-01-16T14:20:02Z	0.212	0.182	0.176	0.193
2020-01-16T14:40:02Z	0.213	0.182	0.176	0.193
2020-01-16T15:00:02Z	0.213	0.182	0.176	0.193
2020-01-16T15:20:02Z	0.213	0.183	0.176	0.193
2020-01-16T15:40:02Z	0.213	0.183	0.176	0.193
2020-01-16T16:00:02Z	0.213	0.183	0.176	0.193
2020-01-16T16:20:02Z	0.213	0.183	0.176	0.193
2020-01-16T16:40:02Z	0.213	0.183	0.176	0.193
2020-01-16T17:00:02Z	0.213	0.183	0.176	0.193
2020-01-16T17:20:02Z	0.213	0.183	0.176	0.193
2020-01-16T17:40:02Z	0.213	0.183	0.176	0.193
2020-01-16T18:00:02Z	0.213	0.183	0.176	0.193
2020-01-16T18:20:02Z	0.213	0.183	0.176	0.193
2020-01-16T18:40:02Z	0.213	0.183	0.176	0.193
2020-01-16T19:00:02Z	0.213	0.183	0.176	0.193
2020-01-16T19:20:02Z	0.213	0.183	0.176	0.193
2020-01-16T19:40:02Z	0.213	0.183	0.176	0.193
2020-01-16T20:00:02Z	0.213	0.183	0.176	0.193
2020-01-16T20:20:02Z	0.213	0.183	0.176	0.193
2020-01-16T20:40:02Z	0.213	0.183	0.176	0.193
2020-01-16T21:00:02Z	0.213	0.183	0.176	0.193
2020-01-16T21:20:02Z	0.213	0.183	0.176	0.193
2020-01-16T21:40:02Z	0.213	0.183	0.176	0.193
2020-01-16T22:00:02Z	0.213	0.183	0.176	0.193
2020-01-16T22:20:02Z	0.213	0.183	0.176	0.193
2020-01-16T22:40:02Z	0.213	0.183	0.176	0.193
2020-01-16T23:00:02Z	0.213	0.183	0.176	0.193
2020-01-16T23:20:02Z	0.213	0.183	0.176	0.193
2020-01-16T23:40:02Z	0.213	0.183	0.176	0.193
2020-01-17T00:00:02Z	0.213	0.183	0.176	0.193
2020-01-17T00:20:02Z	0.213	0.183	0.176	0.193
2020-01-17T00:40:02Z	0.213	0.183	0.176	0.193
2020-01-17T01:00:02Z	0.213	0.183	0.176	0.193
2020-01-17T01:20:02Z	0.213	0.183	0.176	0.193
2020-01-17T01:40:02Z	0.213	0.183	0.176	0.193
2020-01-17T02:00:02Z	0.213	0.183	0.176	0.193
2020-01-17T02:20:02Z	0.213	0.183	0.176	0.193
2020-01-17T02:40:02Z	0.213	0.183	0.176	0.193
2020-01-17T03:00:02Z	0.213	0.183	0.176	0.193
2020-01-17T03:20:02Z	0.213	0.183	0.176	0.193
2020-01-17T03:40:02Z	0.213	0.183	0.176	0.193
2020-01-17T04:00:02Z	0.213	0.183	0.176	0.193
2020-01-17T04:20:02Z	0.213	0.183	0.176	0.193
2020-01-17T04:40:02Z	0.213	0.183	0.176	0.193
2020-01-17T05:00:02Z	0.213	0.183	0.176	0.193
2020-01-17T05:20:02Z	0.213	0.183	0.176	0.193
2020-01-17T05:40:02Z	0.213	0.183	0.176	0.193
2020-01-17T06:00:02Z	0.213	0.183	0.176	0.193
2020-01-17T06:20:02Z	0.213	0.183	0.176	0.193
2020-01-17T06:40:02Z	0.213	0.183	0.176	0.193
2020-01-17T07:00:02Z	0.213	0.183	0.176	0.193
2020-01-17T07:20:02Z	0.213	0.183	0.176	0.193
2020-01-17T07:40:02Z	0.213	0.183	0.176	0.193
2020-01-17T08:00:02Z	0.213	0.183	0.176	0.193
2020-01-17T08:20:02Z	0.213	0.183	0.176	0.193
2020-01-17T08:40:02Z	0.213	0.183	0.176	0.193
2020-01-17T09:00:02Z	0.213	0.182	0.176	0.193
2020-01-17T09:20:02Z	0.213	0.182	0.176	0.193
2020-01-17T09:40:02Z	0.213	0.182	0.175	0.193
2020-01-17T10:00:02Z	0.213	0.182	0.175	0.193
2020-01-17T10:20:02Z	0.213	0.182	0.175	0.193
2020-01-17T10:40:02Z	0.213	0.182	0.175	0.193
2020-01-17T11:00:02Z	0.212	0.182	0.175	0.192
2020-01-17T11:20:02Z	0.212	0.182	0.175	0.192
2020-01-17T11:40:02Z	0.212	0.182	0.175	0.192
2020-01-17T12:00:02Z	0.212	0.182	0.175	0.192
2020-01-17T12:20:02Z	0.212	0.182	0.175	0.192
2020-01-17T12:40:02Z	0.212	0.182	0.175	0.192
2020-01-17T13:00:02Z	0.212	0.182	0.175	0.192
2020-01-17T13:20:02Z	0.212	0.181	0.175	0.192
2020-01-17T13:40:02Z	0.212	0.182	0.175	0.192
2020-01-17T14:00:02Z	0.212	0.182	0.175	0.192
2020-01-17T14:20:02Z	0.212	0.182	0.175	0.192
2020-01-17T14:40:02Z	0.212	0.182	0.175	0.193
2020-01-17T15:00:02Z	0.212	0.182	0.175	0.193
2020-01-17T15:20:02Z	0.212	0.182	0.175	0.193
2020-01-17T15:40:02Z	0.212	0.182	0.175	0.193
2020-01-17T16:00:02Z	0.212	0.182	0.175	0.193
2020-01-17T16:20:02Z	0.212	0.182	0.175	0.193
2020-01-17T16:40:02Z	0.212	0.182	0.175	0.193
2020-01-17T17:00:02Z	0.212	0.182	0.175	0.193
2020-01-17T17:20:02Z	0.213	0.182	0.175	0.193
2020-01-17T17:40:02Z	0.212	0.182	0.175	0.193
2020-01-17T18:00:02Z	0.212	0.182	0.175	0.193
2020-01-17T18:20:02Z	0.212	0.182	0.175	0.193
2020-01-17T18:40:02Z	0.212	0.182	0.175	0.193
2020-01-17T19:00:02Z	0.212	0.182	0.175	0.193
2020-01-17T19:20:02Z	0.212	0.182	0.175	0.193
2020-01-17T19:40:02Z	0.212	0.182	0.175	0.193
2020-01-17T20:00:02Z	0.212	0.182	0.175	0.193
2020-01-17T20:20:02Z	0.212	0.182	0.175	0.193
2020-01-17T20:40:02Z	0.212	0.182	0.175	0.193
2020-01-17T21:00:02Z	0.212	0.182	0.175	0.193
2020-01-17T21:20:02Z	0.212	0.182	0.175	0.193
2020-01-17T21:40:02Z	0.212	0.182	0.175	0.193
2020-01-17T22:00:02Z	0.212	0.182	0.175	0.193
2020-01-17T22:20:02Z	0.212	0.182	0.175	0.192
2020-01-17T22:40:02Z	0.212	0.182	0.175	0.193
2020-01-17T23:00:02Z	0.212	0.182	0.175	0.193
2020-01-17T23:20:02Z	0.212	0.182	0.175	0.192
2020-01-17T23:40:02Z	0.212	0.182	0.175	0.192
2020-01-18T00:00:02Z	0.212	0.182	0.175	0.192
2020-01-18T00:20:02Z	0.212	0.182	0.175	0.192
2020-01-18T00:40:02Z	0.212	0.182	0.175	0.192
2020-01-18T01:00:02Z	0.212	0.182	0.175	0.193
2020-01-18T01:20:02Z	0.212	0.182	0.175	0.192
2020-01-18T01:40:02Z	0.212	0.182	0.175	0.192
2020-01-18T02:00:02Z	0.212	0.182	0.175	0.192
2020-01-18T02:20:02Z	0.212	0.182	0.175	0.192
2020-01-18T02:40:02Z	0.212	0.182	0.175	0.192
2020-01-18T03:00:02Z	0.212	0.182	0.175	0.192
2020-01-18T03:20:02Z	0.212	0.182	0.175	0.192
2020-01-18T03:40:02Z	0.212	0.182	0.175	0.192
2020-01-18T04:00:02Z	0.212	0.182	0.175	0.193
2020-01-18T04:20:02Z	0.212	0.182	0.175	0.193
2020-01-18T04:40:02Z	0.212	0.182	0.175	0.193
2020-01-18T05:00:02Z	0.212	0.182	0.175	0.192
2020-01-18T05:20:02Z	0.212	0.182	0.175	0.193
2020-01-18T05:40:02Z	0.212	0.182	0.175	0.193
2020-01-18T06:00:02Z	0.212	0.182	0.175	0.193
2020-01-18T06:20:02Z	0.212	0.182	0.175	0.193
2020-01-18T06:40:02Z	0.212	0.182	0.175	0.193
2020-01-18T07:00:02Z	0.212	0.182	0.175	0.193
2020-01-18T07:20:02Z	0.212	0.182	0.175	0.193
2020-01-18T07:40:02Z	0.213	0.182	0.175	0.193
2020-01-18T08:00:02Z	0.212	0.182	0.175	0.193
2020-01-18T08:20:02Z	0.212	0.182	0.175	0.192
2020-01-18T08:40:02Z	0.212	0.182	0.175	0.192
2020-01-18T09:00:02Z	0.212	0.182	0.175	0.192
2020-01-18T09:20:02Z	0.212	0.182	0.175	0.192
2020-01-18T09:40:02Z	0.212	0.181	0.175	0.192
2020-01-18T10:00:02Z	0.212	0.181	0.175	0.192
2020-01-18T10:20:02Z	0.212	0.181	0.175	0.192
2020-01-18T10:40:02Z	0.212	0.181	0.175	0.192
2020-01-18T11:00:02Z	0.212	0.181	0.175	0.192
2020-01-18T11:20:02Z	0.212	0.181	0.175	0.192
2020-01-18T11:40:02Z	0.212	0.181	0.175	0.192
2020-01-18T12:00:02Z	0.212	0.181	0.175	0.192
2020-01-18T12:20:02Z	0.212	0.181	0.175	0.192
2020-01-18T12:40:02Z	0.212	0.181	0.175	0.192
2020-01-18T13:00:02Z	0.212	0.181	0.175	0.192
2020-01-18T13:20:02Z	0.212	0.181	0.174	0.192
2020-01-18T13:40:02Z	0.212	0.181	0.175	0.192
2020-01-18T14:00:02Z	0.212	0.181	0.175	0.192
2020-01-18T14:20:02Z	0.212	0.181	0.175	0.192
2020-01-18T14:40:02Z	0.212	0.181	0.175	0.192
2020-01-18T15:00:02Z	0.212	0.181	0.175	0.192
2020-01-18T15:20:02Z	0.212	0.181	0.175	0.192
2020-01-18T15:40:02Z	0.212	0.181	0.175	0.192
2020-01-18T16:00:02Z	0.212	0.181	0.175	0.192
2020-01-18T16:20:02Z	0.212	0.181	0.175	0.192
2020-01-18T16:40:02Z	0.212	0.181	0.175	0.192
2020-01-18T17:00:02Z	0.212	0.181	0.175	0.192
2020-01-18T17:20:02Z	0.212	0.182	0.175	0.192
2020-01-18T17:40:02Z	0.212	0.181	0.175	0.192
2020-01-18T18:00:02Z	0.212	0.181	0.175	0.192
2020-01-18T18:20:02Z	0.212	0.181	0.175	0.192
2020-01-18T18:40:02Z	0.212	0.182	0.175	0.192
2020-01-18T19:00:02Z	0.212	0.182	0.175	0.193
2020-01-18T19:20:02Z	0.212	0.181	0.175	0.192
2020-01-18T19:40:02Z	0.212	0.181	0.175	0.192
2020-01-18T20:00:02Z	0.212	0.181	0.175	0.192
2020-01-18T20:20:02Z	0.212	0.181	0.175	0.192
2020-01-18T20:40:02Z	0.212	0.182	0.175	0.193
2020-01-18T21:00:02Z	0.212	0.181	0.175	0.192
2020-01-18T21:20:02Z	0.212	0.181	0.175	0.192
2020-01-18T21:40:02Z	0.212	0.181	0.175	0.192
2020-01-18T22:00:02Z	0.212	0.181	0.175	0.192
2020-01-18T22:20:02Z	0.212	0.181	0.175	0.192
2020-01-18T22:40:02Z	0.212	0.181	0.175	0.192
2020-01-18T23:00:02Z	0.212	0.181	0.175	0.192
2020-01-18T23:20:02Z	0.212	0.181	0.175	0.192
2020-01-18T23:40:02Z	0.212	0.181	0.175	0.192
2020-01-19T00:00:02Z	0.212	0.181	0.174	0.192
2020-01-19T00:20:02Z	0.212	0.181	0.174	0.192
2020-01-19T00:40:02Z	0.212	0.181	0.175	0.192
2020-01-19T01:00:02Z	0.212	0.181	0.175	0.192
2020-01-19T01:20:02Z	0.212	0.181	0.175	0.192
2020-01-19T01:40:02Z	0.212	0.181	0.175	0.192
2020-01-19T02:00:02Z	0.212	0.181	0.175	0.192
2020-01-19T02:20:02Z	0.212	0.181	0.175	0.192
2020-01-19T02:40:02Z	0.212	0.181	0.175	0.192
2020-01-19T03:00:02Z	0.212	0.181	0.174	0.192
2020-01-19T03:20:02Z	0.212	0.181	0.174	0.192
2020-01-19T03:40:02Z	0.212	0.181	0.175	0.192
2020-01-19T04:00:02Z	0.212	0.181	0.174	0.192
2020-01-19T04:20:02Z	0.212	0.181	0.174	0.192
2020-01-19T04:40:02Z	0.212	0.181	0.174	0.192
2020-01-19T05:00:02Z	0.212	0.181	0.174	0.192
2020-01-19T05:20:02Z	0.212	0.181	0.174	0.192
2020-01-19T05:40:02Z	0.212	0.181	0.174	0.192
2020-01-19T06:00:02Z	0.212	0.181	0.174	0.192
2020-01-19T06:20:02Z	0.212	0.181	0.174	0.192
2020-01-19T06:40:02Z	0.212	0.181	0.174	0.192
2020-01-19T07:00:02Z	0.212	0.181	0.174	0.192
2020-01-19T07:20:02Z	0.212	0.181	0.174	0.192
2020-01-19T07:40:02Z	0.212	0.181	0.174	0.192
2020-01-19T08:00:02Z	0.212	0.181	0.174	0.192
2020-01-19T08:20:02Z	0.212	0.181	0.174	0.192
2020-01-19T08:40:02Z	0.212	0.181	0.174	0.192
2020-01-19T09:00:02Z	0.212	0.181	0.174	0.192
2020-01-19T09:20:02Z	0.212	0.181	0.174	0.192
2020-01-19T09:40:02Z	0.212	0.181	0.174	0.192
2020-01-19T10:00:02Z	0.212	0.181	0.174	0.192
2020-01-19T10:20:02Z	0.212	0.181	0.174	0.192
2020-01-19T10:40:02Z	0.212	0.181	0.174	0.192
2020-01-19T11:00:02Z	0.212	0.181	0.174	0.192
2020-01-19T11:20:02Z	0.212	0.181	0.174	0.192
2020-01-19T11:40:02Z	0.212	0.181	0.174	0.192
2020-01-19T12:00:02Z	0.212	0.181	0.174	0.192
2020-01-19T12:20:02Z	0.212	0.181	0.174	0.192
2020-01-19T12:40:02Z	0.212	0.181	0.174	0.192
2020-01-19T13:00:02Z	0.212	0.181	0.174	0.192
2020-01-19T13:20:02Z	0.211	0.181	0.174	0.192
2020-01-19T13:40:02Z	0.212	0.181	0.174	0.192
2020-01-19T14:00:02Z	0.212	0.181	0.174	0.192
2020-01-19T14:20:02Z	0.212	0.181	0.174	0.192
2020-01-19T14:40:02Z	0.212	0.181	0.174	0.192
2020-01-19T15:00:02Z	0.212	0.181	0.174	0.192
2020-01-19T15:20:02Z	0.212	0.181	0.174	0.192
2020-01-19T15:40:02Z	0.212	0.181	0.174	0.192
2020-01-19T16:00:02Z	0.212	0.181	0.174	0.192
2020-01-19T16:20:02Z	0.212	0.181	0.174	0.192
2020-01-19T16:40:02Z	0.212	0.181	0.174	0.192
2020-01-19T17:00:02Z	0.212	0.181	0.174	0.192
2020-01-19T17:20:02Z	0.212	0.181	0.174	0.192
2020-01-19T17:40:02Z	0.212	0.181	0.174	0.192
2020-01-19T18:00:02Z	0.212	0.181	0.174	0.192
2020-01-19T18:20:02Z	0.212	0.181	0.174	0.192
2020-01-19T18:40:02Z	0.212	0.181	0.174	0.192
2020-01-19T19:00:02Z	0.212	0.181	0.174	0.192
2020-01-19T19:20:02Z	0.212	0.181	0.174	0.192
2020-01-19T19:40:02Z	0.212	0.181	0.174	0.192
2020-01-19T20:00:02Z	0.212	0.181	0.174	0.192
2020-01-19T20:20:02Z	0.212	0.181	0.174	0.192
2020-01-19T20:40:02Z	0.212	0.181	0.174	0.192
2020-01-19T21:00:02Z	0.212	0.181	0.174	0.192
2020-01-19T21:20:02Z	0.212	0.181	0.174	0.192
2020-01-19T21:40:02Z	0.212	0.181	0.174	0.192
2020-01-19T22:00:02Z	0.212	0.181	0.174	0.192
2020-01-19T22:20:02Z	0.212	0.181	0.174	0.192
2020-01-19T22:40:02Z	0.212	0.181	0.174	0.192
2020-01-19T23:00:02Z	0.212	0.181	0.174	0.192
2020-01-19T23:20:02Z	0.212	0.181	0.174	0.192
2020-01-19T23:40:02Z	0.212	0.181	0.174	0.192
2020-01-20T00:00:02Z	0.212	0.181	0.174	0.192
2020-01-20T00:20:02Z	0.212	0.181	0.174	0.192
2020-01-20T00:40:02Z	0.212	0.181	0.174	0.192
2020-01-20T01:00:02Z	0.212	0.181	0.174	0.192
2020-01-20T01:20:02Z	0.212	0.181	0.174	0.192
2020-01-20T01:40:02Z	0.212	0.181	0.174	0.192
2020-01-20T02:00:02Z	0.212	0.181	0.174	0.192
2020-01-20T02:20:02Z	0.212	0.181	0.174	0.192
2020-01-20T02:40:02Z	0.212	0.181	0.174	0.192
2020-01-20T03:00:02Z	0.212	0.181	0.174	0.192
2020-01-20T03:20:02Z	0.212	0.181	0.174	0.192
2020-01-20T03:40:02Z	0.212	0.181	0.174	0.192
2020-01-20T04:00:02Z	0.212	0.181	0.174	0.192
2020-01-20T04:20:02Z	0.212	0.181	0.175	0.192
2020-01-20T04:40:02Z	0.212	0.181	0.174	0.192
2020-01-20T05:00:02Z	0.212	0.181	0.174	0.192
2020-01-20T05:20:02Z	0.212	0.182	0.174	0.192
2020-01-20T05:40:02Z	0.212	0.181	0.174	0.192
2020-01-20T06:00:02Z	0.212	0.181	0.174	0.192
2020-01-20T06:20:02Z	0.212	0.182	0.175	0.192
2020-01-20T06:40:02Z	0.212	0.181	0.174	0.192
2020-01-20T07:00:02Z	0.212	0.181	0.174	0.192
2020-01-20T07:20:02Z	0.212	0.181	0.174	0.192
2020-01-20T07:40:02Z	0.212	0.181	0.174	0.192
2020-01-20T08:00:02Z	0.212	0.181	0.174	0.192
2020-01-20T08:20:02Z	0.212	0.181	0.174	0.192
2020-01-20T08:40:02Z	0.212	0.181	0.174	0.192
2020-01-20T09:00:02Z	0.212	0.181	0.174	0.192
2020-01-20T09:20:02Z	0.212	0.181	0.174	0.192
2020-01-20T09:40:02Z	0.212	0.181	0.174	0.192
2020-01-20T10:00:02Z	0.212	0.181	0.174	0.192
2020-01-20T10:20:02Z	0.212	0.181	0.174	0.192
2020-01-20T10:40:02Z	0.212	0.181	0.174	0.192
2020-01-20T11:00:02Z	0.212	0.181	0.174	0.192
2020-01-20T11:20:02Z	0.212	0.181	0.174	0.192
2020-01-20T11:40:02Z	0.212	0.181	0.174	0.192
2020-01-20T12:00:02Z	0.212	0.181	0.174	0.192
2020-01-20T12:20:02Z	0.211	0.181	0.174	0.192
2020-01-20T12:40:02Z	0.211	0.181	0.174	0.192
2020-01-20T13:00:02Z	0.211	0.181	0.174	0.192
2020-01-20T13:20:02Z	0.211	0.181	0.174	0.192
2020-01-20T13:40:02Z	0.211	0.181	0.174	0.192
2020-01-20T14:00:02Z	0.212	0.181	0.174	0.192
2020-01-20T14:20:02Z	0.212	0.181	0.174	0.192
2020-01-20T14:40:02Z	0.212	0.181	0.174	0.192
2020-01-20T15:00:02Z	0.211	0.181	0.174	0.192
2020-01-20T15:20:02Z	0.211	0.181	0.174	0.192
2020-01-20T15:40:02Z	0.211	0.181	0.174	0.192
2020-01-20T16:00:02Z	0.212	0.181	0.174	0.192
2020-01-20T16:20:02Z	0.211	0.181	0.174	0.192
2020-01-20T16:40:02Z	0.212	0.181	0.174	0.192
2020-01-20T17:00:02Z	0.212	0.181	0.174	0.192
2020-01-20T17:20:02Z	0.212	0.181	0.174	0.192
2020-01-20T17:40:02Z	0.212	0.181	0.174	0.192
2020-01-20T18:00:02Z	0.212	0.181	0.174	0.192
2020-01-20T18:20:02Z	0.212	0.181	0.174	0.192
2020-01-20T18:40:02Z	0.212	0.181	0.174	0.192
2020-01-20T19:00:02Z	0.212	0.181	0.174	0.192
2020-01-20T19:20:02Z	0.212	0.181	0.174	0.192
2020-01-20T19:40:02Z	0.212	0.181	0.174	0.192
2020-01-20T20:00:02Z	0.212	0.181	0.174	0.192
2020-01-20T20:20:02Z	0.212	0.181	0.174	0.192
2020-01-20T20:40:02Z	0.212	0.181	0.174	0.192
2020-01-20T21:00:02Z	0.212	0.181	0.174	0.192
2020-01-20T21:20:02Z	0.212	0.181	0.174	0.192
2020-01-20T21:40:02Z	0.212	0.181	0.174	0.192
2020-01-20T22:00:02Z	0.212	0.181	0.174	0.192
2020-01-20T22:20:02Z	0.212	0.181	0.174	0.192
2020-01-20T22:40:02Z	0.212	0.181	0.174	0.192
2020-01-20T23:00:02Z	0.212	0.181	0.174	0.192
2020-01-20T23:20:02Z	0.212	0.181	0.174	0.192
2020-01-20T23:40:02Z	0.212	0.181	0.174	0.192
2020-01-21T00:00:02Z	0.212	0.181	0.174	0.192
2020-01-21T00:20:02Z	0.212	0.181	0.174	0.192
2020-01-21T00:40:02Z	0.212	0.181	0.174	0.192
2020-01-21T01:00:02Z	0.212	0.181	0.174	0.192
2020-01-21T01:20:02Z	0.212	0.181	0.174	0.192
2020-01-21T01:40:02Z	0.212	0.181	0.174	0.192
2020-01-21T02:00:02Z	0.212	0.181	0.174	0.192
2020-01-21T02:20:02Z	0.212	0.181	0.174	0.192
2020-01-21T02:40:02Z	0.212	0.181	0.174	0.192
2020-01-21T03:00:02Z	0.212	0.181	0.174	0.192
2020-01-21T03:20:02Z	0.212	0.181	0.174	0.192
2020-01-21T03:40:02Z	0.212	0.181	0.174	0.192
2020-01-21T04:00:02Z	0.212	0.181	0.174	0.192
2020-01-21T04:20:02Z	0.212	0.181	0.174	0.192
2020-01-21T04:40:02Z	0.212	0.181	0.174	0.192
2020-01-21T05:00:02Z	0.212	0.181	0.174	0.192
2020-01-21T05:20:02Z	0.212	0.181	0.174	0.192
2020-01-21T05:40:02Z	0.212	0.181	0.174	0.192
2020-01-21T06:00:02Z	0.212	0.181	0.174	0.192
2020-01-21T06:20:02Z	0.212	0.181	0.174	0.192
2020-01-21T06:40:02Z	0.212	0.181	0.174	0.192
2020-01-21T07:00:02Z	0.212	0.181	0.174	0.192
2020-01-21T07:20:02Z	0.212	0.181	0.174	0.192
2020-01-21T07:40:02Z	0.212	0.181	0.174	0.192
2020-01-21T08:00:02Z	0.212	0.181	0.174	0.192
2020-01-21T08:20:02Z	0.212	0.181	0.174	0.192
2020-01-21T08:40:02Z	0.211	0.181	0.174	0.192
2020-01-21T09:00:02Z	0.211	0.181	0.174	0.192
2020-01-21T09:20:02Z	0.211	0.181	0.174	0.192
2020-01-21T09:40:02Z	0.211	0.181	0.174	0.191
2020-01-21T10:00:02Z	0.211	0.181	0.174	0.191
2020-01-21T10:20:02Z	0.211	0.181	0.174	0.191
2020-01-21T10:40:02Z	0.211	0.181	0.174	0.191
2020-01-21T11:00:02Z	0.211	0.181	0.174	0.191
2020-01-21T11:20:02Z	0.211	0.18	0.173	0.191
2020-01-21T11:40:02Z	0.211	0.18	0.173	0.191
2020-01-21T12:00:02Z	0.211	0.18	0.173	0.191
2020-01-21T12:20:02Z	0.211	0.18	0.173	0.191
2020-01-21T12:40:02Z	0.211	0.18	0.173	0.191
2020-01-21T13:00:02Z	0.211	0.18	0.173	0.191
2020-01-21T13:20:02Z	0.211	0.18	0.173	0.191
2020-01-21T13:40:02Z	0.21	0.18	0.173	0.191
2020-01-21T14:00:02Z	0.21	0.18	0.173	0.191
2020-01-21T14:20:02Z	0.211	0.18	0.173	0.191
2020-01-21T14:40:02Z	0.211	0.181	0.174	0.191
2020-01-21T15:00:02Z	0.211	0.181	0.174	0.192
2020-01-21T15:20:02Z	0.211	0.181	0.174	0.192
2020-01-21T15:40:02Z	0.211	0.181	0.174	0.192
2020-01-21T16:00:02Z	0.211	0.181	0.174	0.192
2020-01-21T16:20:02Z	0.211	0.181	0.174	0.192
2020-01-21T16:40:02Z	0.211	0.181	0.174	0.192
2020-01-21T17:00:02Z	0.211	0.181	0.174	0.192
2020-01-21T17:20:02Z	0.211	0.181	0.174	0.192
2020-01-21T17:40:02Z	0.211	0.181	0.174	0.192
2020-01-21T18:00:02Z	0.211	0.181	0.174	0.192
2020-01-21T18:20:02Z	0.211	0.181	0.174	0.192
2020-01-21T18:40:02Z	0.211	0.181	0.174	0.192
2020-01-21T19:00:02Z	0.211	0.181	0.174	0.192
2020-01-21T19:20:02Z	0.211	0.181	0.174	0.192
2020-01-21T19:40:02Z	0.211	0.181	0.174	0.192
2020-01-21T20:00:02Z	0.211	0.181	0.174	0.192
2020-01-21T20:20:02Z	0.211	0.181	0.174	0.192
2020-01-21T20:40:02Z	0.211	0.181	0.174	0.192
2020-01-21T21:00:02Z	0.211	0.181	0.174	0.192
2020-01-21T21:20:02Z	0.211	0.181	0.174	0.192
2020-01-21T21:40:02Z	0.211	0.181	0.174	0.192
2020-01-21T22:00:02Z	0.211	0.181	0.174	0.192
2020-01-21T22:20:02Z	0.211	0.181	0.174	0.192
2020-01-21T22:40:02Z	0.211	0.181	0.174	0.192
2020-01-21T23:00:02Z	0.211	0.181	0.174	0.192
2020-01-21T23:20:02Z	0.211	0.181	0.174	0.192
2020-01-21T23:40:02Z	0.211	0.181	0.174	0.192
2020-01-22T00:00:02Z	0.211	0.181	0.174	0.192
2020-01-22T00:20:02Z	0.211	0.181	0.174	0.192
2020-01-22T00:40:02Z	0.211	0.181	0.174	0.192
2020-01-22T01:00:02Z	0.211	0.181	0.174	0.192
2020-01-22T01:20:02Z	0.211	0.181	0.174	0.192
2020-01-22T01:40:02Z	0.211	0.181	0.174	0.191
2020-01-22T02:00:02Z	0.211	0.181	0.174	0.191
2020-01-22T02:20:02Z	0.211	0.181	0.174	0.192
2020-01-22T02:40:02Z	0.211	0.181	0.174	0.191
2020-01-22T03:00:02Z	0.211	0.18	0.174	0.192
2020-01-22T03:20:02Z	0.211	0.181	0.174	0.191
2020-01-22T03:40:02Z	0.211	0.18	0.174	0.191
2020-01-22T04:00:02Z	0.211	0.181	0.174	0.191
2020-01-22T04:20:02Z	0.211	0.18	0.174	0.191
2020-01-22T04:40:02Z	0.211	0.181	0.174	0.191
2020-01-22T05:00:02Z	0.211	0.181	0.174	0.191
2020-01-22T05:20:02Z	0.211	0.18	0.174	0.191
2020-01-22T05:40:02Z	0.211	0.18	0.174	0.191
2020-01-22T06:00:02Z	0.211	0.18	0.174	0.191
2020-01-22T06:20:02Z	0.211	0.18	0.174	0.191
2020-01-22T06:40:02Z	0.211	0.18	0.174	0.191
2020-01-22T07:00:02Z	0.211	0.18	0.174	0.192
2020-01-22T07:20:02Z	0.211	0.18	0.174	0.191
2020-01-22T07:40:02Z	0.211	0.18	0.174	0.191
2020-01-22T08:00:02Z	0.211	0.18	0.174	0.191
2020-01-22T08:20:02Z	0.211	0.18	0.174	0.191
2020-01-22T08:40:02Z	0.211	0.18	0.173	0.191
2020-01-22T09:00:02Z	0.211	0.18	0.173	0.191
2020-01-22T09:20:02Z	0.211	0.18	0.174	0.191
2020-01-22T09:40:02Z	0.211	0.18	0.173	0.191
2020-01-22T10:00:02Z	0.211	0.18	0.173	0.191
2020-01-22T10:20:02Z	0.211	0.18	0.173	0.191
2020-01-22T10:40:02Z	0.211	0.18	0.173	0.191
2020-01-22T11:00:02Z	0.211	0.18	0.173	0.191
2020-01-22T11:20:02Z	0.211	0.18	0.173	0.191
2020-01-22T11:40:02Z	0.211	0.18	0.173	0.191
2020-01-22T12:00:02Z	0.211	0.18	0.173	0.191
2020-01-22T12:20:02Z	0.21	0.18	0.173	0.191
2020-01-22T12:40:02Z	0.21	0.18	0.173	0.191
2020-01-22T13:00:02Z	0.21	0.18	0.173	0.191
2020-01-22T13:20:02Z	0.21	0.18	0.173	0.191
2020-01-22T13:40:02Z	0.21	0.18	0.173	0.191
2020-01-22T14:00:02Z	0.21	0.18	0.173	0.191
2020-01-22T14:20:02Z	0.21	0.18	0.173	0.191
2020-01-22T14:40:02Z	0.211	0.18	0.173	0.191
2020-01-22T15:00:02Z	0.21	0.18	0.173	0.191
2020-01-22T15:20:02Z	0.21	0.18	0.173	0.191
2020-01-22T15:40:02Z	0.21	0.18	0.173	0.191
2020-01-22T16:00:02Z	0.21	0.18	0.173	0.191
2020-01-22T16:20:02Z	0.21	0.18	0.173	0.191
2020-01-22T16:40:02Z	0.21	0.18	0.173	0.191
2020-01-22T17:00:02Z	0.21	0.18	0.173	0.191
2020-01-22T17:20:02Z	0.21	0.18	0.173	0.191
2020-01-22T17:40:02Z	0.21	0.18	0.173	0.191
2020-01-22T18:00:02Z	0.21	0.18	0.173	0.191
2020-01-22T18:20:02Z	0.21	0.18	0.173	0.191
2020-01-22T18:40:02Z	0.21	0.18	0.173	0.191
2020-01-22T19:00:02Z	0.21	0.18	0.173	0.191
2020-01-22T19:20:02Z	0.21	0.18	0.173	0.191
2020-01-22T19:40:02Z	0.21	0.18	0.173	0.191
2020-01-22T20:00:02Z	0.21	0.18	0.173	0.191
2020-01-22T20:20:02Z	0.21	0.18	0.173	0.191
2020-01-22T20:40:02Z	0.21	0.18	0.173	0.191
2020-01-22T21:00:02Z	0.21	0.18	0.173	0.191
2020-01-22T21:20:02Z	0.21	0.18	0.173	0.191
2020-01-22T21:40:02Z	0.211	0.18	0.173	0.191
2020-01-22T22:00:02Z	0.211	0.18	0.173	0.191
2020-01-22T22:20:02Z	0.211	0.18	0.173	0.191
2020-01-22T22:40:02Z	0.211	0.18	0.174	0.191
2020-01-22T23:00:02Z	0.211	0.18	0.174	0.191
2020-01-22T23:20:02Z	0.211	0.181	0.174	0.192
2020-01-22T23:40:02Z	0.211	0.181	0.174	0.192
2020-01-23T00:00:02Z	0.211	0.181	0.174	0.191
2020-01-23T00:20:02Z	0.211	0.181	0.174	0.192
2020-01-23T00:40:02Z	0.211	0.181	0.174	0.192
2020-01-23T01:00:02Z	0.211	0.181	0.174	0.192
2020-01-23T01:20:02Z	0.211	0.181	0.174	0.192
2020-01-23T01:40:02Z	0.211	0.181	0.174	0.192
2020-01-23T02:00:02Z	0.211	0.181	0.174	0.192
2020-01-23T02:20:02Z	0.211	0.181	0.174	0.192
2020-01-23T02:40:02Z	0.211	0.181	0.174	0.192
2020-01-23T03:00:02Z	0.211	0.18	0.174	0.192
2020-01-23T03:20:02Z	0.211	0.18	0.173	0.191
2020-01-23T03:40:02Z	0.211	0.18	0.173	0.191
2020-01-23T04:00:02Z	0.211	0.18	0.173	0.191
2020-01-23T04:20:02Z	0.211	0.18	0.173	0.191
2020-01-23T04:40:02Z	0.211	0.18	0.174	0.191
2020-01-23T05:00:02Z	0.211	0.18	0.173	0.191
2020-01-23T05:20:02Z	0.211	0.18	0.173	0.191
2020-01-23T05:40:02Z	0.211	0.18	0.173	0.191
2020-01-23T06:00:02Z	0.211	0.18	0.173	0.191
2020-01-23T06:20:02Z	0.211	0.18	0.173	0.191
2020-01-23T06:40:02Z	0.21	0.18	0.173	0.191
2020-01-23T07:00:02Z	0.211	0.18	0.173	0.191
2020-01-23T07:20:02Z	0.211	0.18	0.173	0.191
2020-01-23T07:40:02Z	0.21	0.18	0.173	0.191
2020-01-23T08:00:02Z	0.21	0.18	0.173	0.191
2020-01-23T08:20:02Z	0.21	0.18	0.173	0.191
2020-01-23T08:40:02Z	0.21	0.18	0.173	0.191
2020-01-23T09:00:02Z	0.21	0.18	0.173	0.191
2020-01-23T09:20:02Z	0.21	0.18	0.173	0.191
2020-01-23T09:40:02Z	0.21	0.18	0.173	0.191
2020-01-23T10:00:02Z	0.21	0.18	0.173	0.191
2020-01-23T10:20:02Z	0.21	0.18	0.173	0.191
2020-01-23T10:40:02Z	0.21	0.18	0.173	0.191
2020-01-23T11:00:02Z	0.21	0.18	0.173	0.191
2020-01-23T11:20:02Z	0.21	0.18	0.173	0.191
2020-01-23T11:40:02Z	0.21	0.18	0.173	0.191
2020-01-23T12:00:02Z	0.21	0.18	0.173	0.191
2020-01-23T12:20:02Z	0.21	0.18	0.173	0.191
2020-01-23T12:40:02Z	0.21	0.18	0.173	0.191
2020-01-23T13:00:02Z	0.21	0.18	0.173	0.191
2020-01-23T13:20:02Z	0.21	0.18	0.173	0.191
2020-01-23T13:40:02Z	0.21	0.18	0.173	0.191
2020-01-23T14:00:02Z	0.21	0.18	0.173	0.191
2020-01-23T14:20:02Z	0.21	0.18	0.173	0.191
2020-01-23T14:40:02Z	0.21	0.18	0.173	0.191
2020-01-23T15:00:02Z	0.21	0.18	0.173	0.191
2020-01-23T15:20:02Z	0.21	0.18	0.173	0.191
2020-01-23T15:40:02Z	0.21	0.18	0.173	0.191
2020-01-23T16:00:02Z	0.21	0.18	0.173	0.191
2020-01-23T16:20:02Z	0.21	0.18	0.173	0.191
2020-01-23T16:40:02Z	0.21	0.18	0.173	0.191
2020-01-23T17:00:02Z	0.21	0.18	0.173	0.191
2020-01-23T17:20:02Z	0.21	0.18	0.173	0.191
2020-01-23T17:40:02Z	0.21	0.18	0.173	0.191
2020-01-23T18:00:02Z	0.21	0.18	0.173	0.191
2020-01-23T18:20:02Z	0.21	0.18	0.173	0.191
2020-01-23T18:40:02Z	0.21	0.18	0.173	0.191
2020-01-23T19:00:02Z	0.21	0.18	0.173	0.191
2020-01-23T19:20:02Z	0.21	0.18	0.173	0.191
2020-01-23T19:40:02Z	0.21	0.18	0.173	0.191
2020-01-23T20:00:02Z	0.21	0.18	0.173	0.191
2020-01-23T20:20:02Z	0.21	0.18	0.173	0.191
2020-01-23T20:40:02Z	0.21	0.18	0.173	0.191
2020-01-23T21:00:02Z	0.21	0.18	0.173	0.191
2020-01-23T21:20:02Z	0.21	0.18	0.173	0.191
2020-01-23T21:40:02Z	0.21	0.18	0.173	0.191
2020-01-23T22:00:02Z	0.21	0.18	0.173	0.191
2020-01-23T22:20:02Z	0.21	0.18	0.173	0.191
2020-01-23T22:40:02Z	0.21	0.18	0.173	0.191
2020-01-23T23:00:02Z	0.21	0.18	0.173	0.191
2020-01-23T23:20:02Z	0.21	0.18	0.173	0.191
2020-01-23T23:40:02Z	0.21	0.18	0.173	0.191
2020-01-24T00:00:02Z	0.21	0.18	0.173	0.191
2020-01-24T00:20:02Z	0.21	0.18	0.173	0.191
2020-01-24T00:40:02Z	0.21	0.18	0.173	0.191
2020-01-24T01:00:02Z	0.211	0.18	0.173	0.191
2020-01-24T01:20:02Z	0.21	0.18	0.173	0.191
2020-01-24T01:40:02Z	0.21	0.18	0.173	0.191
2020-01-24T02:00:02Z	0.21	0.18	0.173	0.191
2020-01-24T02:20:02Z	0.21	0.18	0.173	0.191
2020-01-24T02:40:02Z	0.211	0.18	0.173	0.191
2020-01-24T03:00:02Z	0.211	0.18	0.173	0.191
2020-01-24T03:20:02Z	0.21	0.18	0.173	0.191
2020-01-24T03:40:02Z	0.21	0.18	0.173	0.191
2020-01-24T04:00:02Z	0.21	0.18	0.173	0.191
2020-01-24T04:20:02Z	0.21	0.18	0.173	0.191
2020-01-24T04:40:02Z	0.21	0.18	0.173	0.191
2020-01-24T05:00:02Z	0.21	0.18	0.173	0.191
2020-01-24T05:20:02Z	0.21	0.18	0.173	0.191
2020-01-24T05:40:02Z	0.21	0.18	0.173	0.191
2020-01-24T06:00:02Z	0.21	0.18	0.173	0.191
2020-01-24T06:20:02Z	0.21	0.18	0.173	0.191
2020-01-24T06:40:02Z	0.21	0.18	0.173	0.191
2020-01-24T07:00:02Z	0.21	0.18	0.173	0.191
2020-01-24T07:20:02Z	0.21	0.18	0.173	0.191
2020-01-24T07:40:02Z	0.21	0.18	0.173	0.191
2020-01-24T08:00:02Z	0.21	0.18	0.173	0.191
2020-01-24T08:20:02Z	0.21	0.18	0.173	0.191
2020-01-24T08:40:02Z	0.21	0.18	0.173	0.191
2020-01-24T09:00:02Z	0.21	0.18	0.173	0.191
2020-01-24T09:20:02Z	0.21	0.18	0.173	0.191
2020-01-24T09:40:02Z	0.21	0.179	0.173	0.191
2020-01-24T10:00:02Z	0.21	0.179	0.173	0.191
2020-01-24T10:20:02Z	0.21	0.179	0.173	0.191
2020-01-24T10:40:02Z	0.21	0.179	0.173	0.191
2020-01-24T11:00:02Z	0.21	0.179	0.173	0.191
2020-01-24T11:20:02Z	0.21	0.179	0.173	0.191
2020-01-24T11:40:02Z	0.21	0.179	0.173	0.191
2020-01-24T12:00:02Z	0.21	0.179	0.173	0.191
2020-01-24T12:20:02Z	0.21	0.179	0.173	0.191
2020-01-24T12:40:02Z	0.21	0.179	0.173	0.191
2020-01-24T13:00:02Z	0.209	0.179	0.173	0.191
2020-01-24T13:20:02Z	0.209	0.179	0.173	0.191
2020-01-24T13:40:02Z	0.21	0.179	0.173	0.191
2020-01-24T14:00:02Z	0.21	0.179	0.173	0.191
2020-01-24T14:20:02Z	0.21	0.179	0.173	0.191
2020-01-24T14:40:02Z	0.21	0.179	0.173	0.191
2020-01-24T15:00:02Z	0.21	0.179	0.173	0.191
2020-01-24T15:20:02Z	0.21	0.18	0.173	0.191
2020-01-24T15:40:02Z	0.21	0.18	0.173	0.191
2020-01-24T16:00:02Z	0.21	0.18	0.173	0.191
2020-01-24T16:20:02Z	0.21	0.18	0.173	0.191
2020-01-24T16:40:02Z	0.21	0.18	0.173	0.191
2020-01-24T17:00:02Z	0.21	0.18	0.173	0.191
2020-01-24T17:20:02Z	0.21	0.18	0.173	0.191
2020-01-24T17:40:02Z	0.21	0.18	0.173	0.191
2020-01-24T18:00:02Z	0.21	0.18	0.173	0.191
2020-01-24T18:20:02Z	0.21	0.18	0.173	0.191
2020-01-24T18:40:02Z	0.21	0.18	0.173	0.191
2020-01-24T19:00:02Z	0.21	0.18	0.173	0.191
2020-01-24T19:20:02Z	0.21	0.18	0.173	0.191
2020-01-24T19:40:02Z	0.21	0.18	0.173	0.191
2020-01-24T20:00:02Z	0.21	0.18	0.173	0.191
2020-01-24T20:20:02Z	0.21	0.18	0.173	0.191
2020-01-24T20:40:02Z	0.21	0.18	0.173	0.191
2020-01-24T21:00:02Z	0.21	0.18	0.173	0.191
2020-01-24T21:20:02Z	0.21	0.18	0.173	0.191
2020-01-24T21:40:02Z	0.21	0.18	0.173	0.191
2020-01-24T22:00:02Z	0.21	0.18	0.173	0.191
2020-01-24T22:20:02Z	0.21	0.18	0.173	0.191
2020-01-24T22:40:02Z	0.21	0.18	0.173	0.191
2020-01-24T23:00:02Z	0.21	0.18	0.173	0.191
2020-01-24T23:20:02Z	0.21	0.18	0.173	0.191
2020-01-24T23:40:02Z	0.21	0.18	0.173	0.191
2020-01-25T00:00:02Z	0.21	0.18	0.173	0.191
2020-01-25T00:20:02Z	0.21	0.18	0.173	0.191
2020-01-25T00:40:02Z	0.21	0.18	0.173	0.191
2020-01-25T01:00:02Z	0.21	0.18	0.173	0.191
2020-01-25T01:20:02Z	0.21	0.18	0.173	0.191
2020-01-25T01:40:02Z	0.21	0.18	0.173	0.191
2020-01-25T02:00:02Z	0.21	0.18	0.173	0.191
2020-01-25T02:20:02Z	0.21	0.18	0.173	0.191
2020-01-25T02:40:02Z	0.21	0.18	0.173	0.191
2020-01-25T03:00:02Z	0.21	0.18	0.173	0.191
2020-01-25T03:20:02Z	0.21	0.18	0.173	0.191
2020-01-25T03:40:02Z	0.21	0.18	0.173	0.191
2020-01-25T04:00:02Z	0.21	0.18	0.173	0.191
2020-01-25T04:20:02Z	0.21	0.18	0.173	0.191
2020-01-25T04:40:02Z	0.21	0.18	0.173	0.191
2020-01-25T05:00:02Z	0.21	0.18	0.173	0.191
2020-01-25T05:20:02Z	0.21	0.18	0.173	0.191
2020-01-25T05:40:02Z	0.21	0.18	0.173	0.191
2020-01-25T06:00:02Z	0.21	0.18	0.173	0.191
2020-01-25T06:20:02Z	0.21	0.18	0.173	0.191
2020-01-25T06:40:02Z	0.21	0.18	0.173	0.191
2020-01-25T07:00:02Z	0.21	0.18	0.173	0.191
2020-01-25T07:20:02Z	0.21	0.18	0.173	0.191
2020-01-25T07:40:02Z	0.21	0.18	0.173	0.191
2020-01-25T08:00:02Z	0.21	0.18	0.173	0.191
2020-01-25T08:20:02Z	0.21	0.18	0.173	0.191
2020-01-25T08:40:02Z	0.21	0.18	0.173	0.191
2020-01-25T09:00:02Z	0.21	0.18	0.173	0.191
2020-01-25T09:20:02Z	0.21	0.18	0.173	0.191
2020-01-25T09:40:02Z	0.21	0.18	0.173	0.191
2020-01-25T10:00:02Z	0.21	0.18	0.173	0.191
2020-01-25T10:20:02Z	0.21	0.18	0.173	0.191
2020-01-25T10:40:02Z	0.21	0.18	0.173	0.191
2020-01-25T11:00:02Z	0.21	0.18	0.173	0.191
2020-01-25T11:20:02Z	0.21	0.18	0.173	0.191
2020-01-25T11:40:02Z	0.21	0.18	0.173	0.191
2020-01-25T12:00:02Z	0.21	0.18	0.173	0.191
2020-01-25T12:20:02Z	0.21	0.18	0.173	0.191
2020-01-25T12:40:02Z	0.21	0.18	0.173	0.191
2020-01-25T13:00:02Z	0.21	0.18	0.173	0.191
2020-01-25T13:20:02Z	0.21	0.18	0.173	0.191
2020-01-25T13:40:02Z	0.21	0.18	0.173	0.191
2020-01-25T14:00:02Z	0.21	0.18	0.173	0.191
2020-01-25T14:20:02Z	0.21	0.18	0.173	0.191
2020-01-25T14:40:02Z	0.21	0.18	0.173	0.191
2020-01-25T15:00:02Z	0.21	0.18	0.173	0.191
2020-01-25T15:20:02Z	0.21	0.18	0.173	0.191
2020-01-25T15:40:02Z	0.21	0.18	0.173	0.191
2020-01-25T16:00:02Z	0.21	0.18	0.173	0.191
2020-01-25T16:20:02Z	0.211	0.18	0.173	0.191
2020-01-25T16:40:02Z	0.21	0.18	0.173	0.191
2020-01-25T17:00:02Z	0.21	0.18	0.173	0.191
2020-01-25T17:20:02Z	0.211	0.18	0.173	0.191
2020-01-25T17:40:02Z	0.21	0.18	0.173	0.191
2020-01-25T18:00:02Z	0.21	0.18	0.173	0.191
2020-01-25T18:20:02Z	0.211	0.18	0.173	0.191
2020-01-25T18:40:02Z	0.211	0.18	0.173	0.191
2020-01-25T19:00:02Z	0.21	0.18	0.173	0.191
2020-01-25T19:20:02Z	0.211	0.18	0.173	0.191
2020-01-25T19:40:02Z	0.21	0.18	0.173	0.191
2020-01-25T20:00:02Z	0.211	0.18	0.173	0.191
2020-01-25T20:20:02Z	0.211	0.18	0.173	0.191
2020-01-25T20:40:02Z	0.211	0.18	0.173	0.191
2020-01-25T21:00:02Z	0.211	0.18	0.173	0.191
2020-01-25T21:20:02Z	0.211	0.18	0.173	0.191
2020-01-25T21:40:02Z	0.211	0.18	0.173	0.191
2020-01-25T22:00:02Z	0.211	0.18	0.173	0.191
2020-01-25T22:20:02Z	0.211	0.18	0.173	0.191
2020-01-25T22:40:02Z	0.211	0.18	0.173	0.191
2020-01-25T23:00:02Z	0.211	0.18	0.173	0.191
2020-01-25T23:20:02Z	0.211	0.18	0.173	0.191
2020-01-25T23:40:02Z	0.211	0.18	0.173	0.191
2020-01-26T00:00:02Z	0.211	0.18	0.173	0.191
2020-01-26T00:20:02Z	0.211	0.18	0.173	0.191
2020-01-26T00:40:02Z	0.211	0.18	0.173	0.191
2020-01-26T01:00:02Z	0.211	0.18	0.173	0.191
2020-01-26T01:20:02Z	0.211	0.18	0.173	0.191
2020-01-26T01:40:02Z	0.211	0.18	0.173	0.191
2020-01-26T02:00:02Z	0.211	0.18	0.173	0.191
2020-01-26T02:20:02Z	0.211	0.18	0.173	0.191
2020-01-26T02:40:02Z	0.211	0.18	0.173	0.191
2020-01-26T03:00:02Z	0.211	0.18	0.173	0.191
2020-01-26T03:20:02Z	0.211	0.18	0.173	0.191
2020-01-26T03:40:02Z	0.211	0.18	0.173	0.191
2020-01-26T04:00:02Z	0.211	0.18	0.173	0.191
2020-01-26T04:20:02Z	0.211	0.18	0.173	0.191
2020-01-26T04:40:02Z	0.211	0.18	0.173	0.191
2020-01-26T05:00:02Z	0.211	0.18	0.173	0.191
2020-01-26T05:20:02Z	0.211	0.18	0.173	0.191
2020-01-26T05:40:02Z	0.211	0.18	0.173	0.191
2020-01-26T06:00:02Z	0.211	0.18	0.173	0.191
2020-01-26T06:20:02Z	0.211	0.18	0.173	0.191
2020-01-26T06:40:02Z	0.211	0.18	0.173	0.191
2020-01-26T07:00:02Z	0.211	0.18	0.173	0.191
2020-01-26T07:20:02Z	0.211	0.18	0.173	0.191
2020-01-26T07:40:02Z	0.211	0.18	0.173	0.191
2020-01-26T08:00:02Z	0.211	0.18	0.173	0.191
2020-01-26T08:20:02Z	0.21	0.18	0.173	0.191
2020-01-26T08:40:02Z	0.21	0.18	0.173	0.191
2020-01-26T09:00:02Z	0.211	0.18	0.173	0.191
2020-01-26T09:20:02Z	0.21	0.18	0.173	0.191
2020-01-26T09:40:02Z	0.21	0.18	0.173	0.191
2020-01-26T10:00:02Z	0.21	0.18	0.173	0.191
2020-01-26T10:20:02Z	0.21	0.18	0.173	0.191
2020-01-26T10:40:02Z	0.21	0.18	0.173	0.191
2020-01-26T11:00:02Z	0.21	0.18	0.173	0.191
2020-01-26T11:20:02Z	0.21	0.18	0.173	0.191
2020-01-26T11:40:02Z	0.21	0.18	0.173	0.191
2020-01-26T12:00:02Z	0.21	0.18	0.173	0.191
2020-01-26T12:20:02Z	0.21	0.18	0.173	0.191
2020-01-26T12:40:02Z	0.21	0.18	0.173	0.191
2020-01-26T13:00:02Z	0.21	0.18	0.173	0.191
2020-01-26T13:20:02Z	0.21	0.18	0.173	0.191
2020-01-26T13:40:02Z	0.21	0.18	0.173	0.191
2020-01-26T14:00:02Z	0.21	0.18	0.173	0.191
2020-01-26T14:20:02Z	0.21	0.18	0.173	0.191
2020-01-26T14:40:02Z	0.21	0.18	0.173	0.191
2020-01-26T15:00:02Z	0.21	0.18	0.173	0.191
2020-01-26T15:20:02Z	0.21	0.18	0.173	0.191
2020-01-26T15:40:02Z	0.21	0.18	0.173	0.191
2020-01-26T16:00:02Z	0.21	0.18	0.173	0.191
2020-01-26T16:20:02Z	0.21	0.18	0.173	0.191
2020-01-26T16:40:02Z	0.21	0.18	0.173	0.191
2020-01-26T17:00:02Z	0.21	0.18	0.173	0.191
2020-01-26T17:20:02Z	0.21	0.18	0.173	0.191
2020-01-26T17:40:02Z	0.21	0.18	0.173	0.191
2020-01-26T18:00:02Z	0.21	0.18	0.173	0.191
2020-01-26T18:20:02Z	0.21	0.18	0.173	0.191
2020-01-26T18:40:02Z	0.21	0.18	0.173	0.191
2020-01-26T19:00:02Z	0.21	0.18	0.173	0.191
2020-01-26T19:20:02Z	0.21	0.18	0.173	0.191
2020-01-26T19:40:02Z	0.21	0.18	0.173	0.191
2020-01-26T20:00:02Z	0.21	0.18	0.173	0.191
2020-01-26T20:20:02Z	0.21	0.18	0.173	0.191
2020-01-26T20:40:02Z	0.21	0.18	0.173	0.191
2020-01-26T21:00:02Z	0.21	0.18	0.173	0.191
2020-01-26T21:20:02Z	0.21	0.18	0.173	0.191
2020-01-26T21:40:02Z	0.21	0.18	0.173	0.191
2020-01-26T22:00:02Z	0.21	0.18	0.173	0.191
2020-01-26T22:20:02Z	0.21	0.18	0.173	0.191
2020-01-26T22:40:02Z	0.21	0.18	0.173	0.191
2020-01-26T23:00:02Z	0.21	0.18	0.173	0.191
2020-01-26T23:20:02Z	0.21	0.18	0.173	0.191
2020-01-26T23:40:02Z	0.21	0.18	0.173	0.191
2020-01-27T00:00:02Z	0.21	0.18	0.173	0.191
2020-01-27T00:20:02Z	0.21	0.18	0.173	0.191
2020-01-27T00:40:02Z	0.21	0.18	0.173	0.191
2020-01-27T01:00:02Z	0.21	0.18	0.173	0.191
2020-01-27T01:20:02Z	0.21	0.18	0.173	0.191
2020-01-27T01:40:02Z	0.21	0.18	0.173	0.191
2020-01-27T02:00:02Z	0.21	0.18	0.173	0.191
2020-01-27T02:20:02Z	0.21	0.18	0.173	0.191
2020-01-27T02:40:02Z	0.21	0.18	0.173	0.191
2020-01-27T03:00:02Z	0.21	0.18	0.173	0.191
2020-01-27T03:20:02Z	0.21	0.18	0.173	0.191
2020-01-27T03:40:02Z	0.21	0.18	0.173	0.191
2020-01-27T04:00:02Z	0.21	0.18	0.173	0.191
2020-01-27T04:20:02Z	0.21	0.18	0.173	0.191
2020-01-27T04:40:02Z	0.21	0.18	0.173	0.191
2020-01-27T05:00:02Z	0.21	0.18	0.173	0.191
2020-01-27T05:20:02Z	0.21	0.18	0.173	0.191
2020-01-27T05:40:02Z	0.21	0.18	0.173	0.191
2020-01-27T06:00:02Z	0.21	0.18	0.173	0.191
2020-01-27T06:20:02Z	0.21	0.18	0.173	0.191
2020-01-27T06:40:02Z	0.21	0.18	0.173	0.191
2020-01-27T07:00:02Z	0.21	0.18	0.173	0.191
2020-01-27T07:20:02Z	0.21	0.18	0.173	0.191
2020-01-27T07:40:02Z	0.21	0.18	0.173	0.191
2020-01-27T08:00:02Z	0.21	0.18	0.173	0.191
2020-01-27T08:20:02Z	0.21	0.18	0.173	0.191
2020-01-27T08:40:02Z	0.21	0.18	0.173	0.191
2020-01-27T09:00:02Z	0.21	0.179	0.172	0.19
2020-01-27T09:20:02Z	0.21	0.179	0.172	0.19
2020-01-27T09:40:02Z	0.21	0.179	0.172	0.19
2020-01-27T10:00:02Z	0.21	0.179	0.172	0.19
2020-01-27T10:20:02Z	0.21	0.179	0.172	0.19
2020-01-27T10:40:02Z	0.21	0.179	0.172	0.19
2020-01-27T11:00:02Z	0.21	0.179	0.172	0.19
2020-01-27T11:20:02Z	0.21	0.179	0.172	0.19
2020-01-27T11:40:02Z	0.209	0.179	0.172	0.19
2020-01-27T12:00:02Z	0.209	0.179	0.172	0.19
2020-01-27T12:20:02Z	0.209	0.179	0.172	0.19
2020-01-27T12:40:02Z	0.209	0.179	0.172	0.19
2020-01-27T13:00:02Z	0.209	0.179	0.172	0.19
2020-01-27T13:20:02Z	0.209	0.179	0.172	0.19
2020-01-27T13:40:02Z	0.209	0.179	0.172	0.19
2020-01-27T14:00:02Z	0.209	0.179	0.172	0.19
2020-01-27T14:20:02Z	0.209	0.179	0.172	0.19
2020-01-27T14:40:02Z	0.209	0.179	0.172	0.19
2020-01-27T15:00:02Z	0.209	0.179	0.172	0.19
2020-01-27T15:20:02Z	0.209	0.179	0.172	0.19
2020-01-27T15:40:02Z	0.209	0.179	0.172	0.19
2020-01-27T16:00:02Z	0.209	0.179	0.172	0.19
2020-01-27T16:20:02Z	0.209	0.179	0.172	0.19
2020-01-27T16:40:02Z	0.209	0.179	0.172	0.19
2020-01-27T17:00:02Z	0.209	0.179	0.172	0.19
2020-01-27T17:20:02Z	0.209	0.179	0.172	0.19
2020-01-27T17:40:02Z	0.209	0.179	0.172	0.19
2020-01-27T18:00:02Z	0.209	0.179	0.172	0.19
2020-01-27T18:20:02Z	0.209	0.179	0.172	0.19
2020-01-27T18:40:02Z	0.209	0.179	0.172	0.19
2020-01-27T19:00:02Z	0.209	0.179	0.172	0.19
2020-01-27T19:20:02Z	0.209	0.179	0.172	0.19
2020-01-27T19:40:02Z	0.209	0.179	0.172	0.191
2020-01-27T20:00:02Z	0.209	0.179	0.173	0.191
2020-01-27T20:20:02Z	0.209	0.179	0.172	0.191
2020-01-27T20:40:02Z	0.209	0.179	0.173	0.191
2020-01-27T21:00:02Z	0.21	0.179	0.173	0.191
2020-01-27T21:20:02Z	0.21	0.179	0.172	0.191
2020-01-27T21:40:02Z	0.211	0.179	0.173	0.191
2020-01-27T22:00:02Z	0.212	0.179	0.173	0.191
2020-01-27T22:20:02Z	0.212	0.18	0.173	0.191
2020-01-27T22:40:02Z	0.212	0.18	0.173	0.191
2020-01-27T23:00:02Z	0.213	0.18	0.173	0.191
2020-01-27T23:20:02Z	0.213	0.18	0.173	0.191
2020-01-27T23:40:02Z	0.213	0.18	0.173	0.191
2020-01-28T00:00:02Z	0.213	0.18	0.173	0.191
2020-01-28T00:20:02Z	0.213	0.181	0.173	0.191
2020-01-28T00:40:02Z	0.213	0.181	0.173	0.191
2020-01-28T01:00:02Z	0.213	0.181	0.173	0.191
2020-01-28T01:20:02Z	0.213	0.181	0.173	0.191
2020-01-28T01:40:02Z	0.213	0.181	0.173	0.191
2020-01-28T02:00:02Z	0.213	0.181	0.173	0.191
2020-01-28T02:20:02Z	0.213	0.181	0.173	0.191
2020-01-28T02:40:02Z	0.213	0.181	0.173	0.191
2020-01-28T03:00:02Z	0.213	0.181	0.173	0.191
2020-01-28T03:20:02Z	0.213	0.181	0.173	0.191
2020-01-28T03:40:02Z	0.213	0.181	0.173	0.191
2020-01-28T04:00:02Z	0.213	0.181	0.173	0.191
2020-01-28T04:20:02Z	0.213	0.181	0.173	0.191
2020-01-28T04:40:02Z	0.213	0.181	0.173	0.191
2020-01-28T05:00:02Z	0.215	0.181	0.173	0.191
2020-01-28T05:20:02Z	0.219	0.181	0.173	0.191
2020-01-28T05:40:02Z	0.222	0.182	0.173	0.191
2020-01-28T06:00:02Z	0.226	0.182	0.173	0.191
2020-01-28T06:20:02Z	0.228	0.183	0.173	0.191
2020-01-28T06:40:02Z	0.228	0.183	0.173	0.191
2020-01-28T07:00:02Z	0.228	0.183	0.173	0.191
2020-01-28T07:20:02Z	0.228	0.184	0.174	0.191
2020-01-28T07:40:02Z	0.228	0.184	0.174	0.191
2020-01-28T08:00:02Z	0.228	0.185	0.174	0.191
2020-01-28T08:20:02Z	0.227	0.185	0.174	0.191
2020-01-28T08:40:02Z	0.226	0.186	0.174	0.191
2020-01-28T09:00:02Z	0.226	0.186	0.174	0.191
2020-01-28T09:20:02Z	0.226	0.186	0.174	0.191
2020-01-28T09:40:02Z	0.225	0.186	0.174	0.191
2020-01-28T10:00:02Z	0.225	0.186	0.174	0.191
2020-01-28T10:20:02Z	0.224	0.186	0.174	0.191
2020-01-28T10:40:02Z	0.224	0.186	0.174	0.191
2020-01-28T11:00:02Z	0.224	0.186	0.174	0.191
2020-01-28T11:20:02Z	0.224	0.186	0.174	0.191
2020-01-28T11:40:02Z	0.224	0.186	0.175	0.191
2020-01-28T12:00:02Z	0.224	0.186	0.175	0.191
2020-01-28T12:20:02Z	0.223	0.186	0.175	0.191
2020-01-28T12:40:02Z	0.223	0.186	0.175	0.191
2020-01-28T13:00:02Z	0.222	0.186	0.175	0.191
2020-01-28T13:20:02Z	0.222	0.186	0.175	0.191
2020-01-28T13:40:02Z	0.222	0.186	0.175	0.191
2020-01-28T14:00:02Z	0.222	0.186	0.175	0.191
2020-01-28T14:20:02Z	0.223	0.186	0.176	0.192
2020-01-28T14:40:02Z	0.226	0.187	0.176	0.192
2020-01-28T15:00:02Z	0.228	0.187	0.176	0.192
2020-01-28T15:20:02Z	0.23	0.188	0.176	0.192
2020-01-28T15:40:02Z	0.232	0.188	0.176	0.192
2020-01-28T16:00:02Z	0.233	0.189	0.176	0.192
2020-01-28T16:20:02Z	0.233	0.19	0.176	0.192
2020-01-28T16:40:02Z	0.233	0.19	0.176	0.192
2020-01-28T17:00:02Z	0.233	0.191	0.177	0.192
2020-01-28T17:20:02Z	0.232	0.191	0.177	0.192
2020-01-28T17:40:02Z	0.232	0.192	0.177	0.192
2020-01-28T18:00:02Z	0.232	0.192	0.177	0.192
2020-01-28T18:20:02Z	0.231	0.192	0.177	0.192
2020-01-28T18:40:02Z	0.231	0.192	0.177	0.192
2020-01-28T19:00:02Z	0.231	0.192	0.177	0.192
2020-01-28T19:20:02Z	0.23	0.192	0.177	0.192
2020-01-28T19:40:02Z	0.23	0.192	0.177	0.192
2020-01-28T20:00:02Z	0.23	0.192	0.178	0.192
2020-01-28T20:20:02Z	0.23	0.192	0.178	0.192
2020-01-28T20:40:02Z	0.229	0.192	0.178	0.192
2020-01-28T21:00:02Z	0.229	0.192	0.178	0.193
2020-01-28T21:20:02Z	0.229	0.192	0.178	0.193
2020-01-28T21:40:02Z	0.229	0.192	0.178	0.193
2020-01-28T22:00:02Z	0.228	0.192	0.178	0.193
2020-01-28T22:20:02Z	0.229	0.192	0.178	0.193
2020-01-28T22:40:02Z	0.23	0.192	0.178	0.193
2020-01-28T23:00:02Z	0.231	0.192	0.178	0.193
2020-01-28T23:20:02Z	0.231	0.193	0.178	0.193
2020-01-28T23:40:02Z	0.231	0.193	0.179	0.193
2020-01-29T00:00:02Z	0.231	0.193	0.179	0.193
2020-01-29T00:20:02Z	0.231	0.193	0.179	0.193
2020-01-29T00:40:02Z	0.231	0.193	0.179	0.193
2020-01-29T01:00:02Z	0.231	0.193	0.179	0.193
2020-01-29T01:20:02Z	0.231	0.194	0.179	0.194
2020-01-29T01:40:02Z	0.231	0.193	0.179	0.193
2020-01-29T02:00:02Z	0.231	0.194	0.179	0.194
2020-01-29T02:20:02Z	0.23	0.193	0.179	0.194
2020-01-29T02:40:02Z	0.23	0.193	0.179	0.194
2020-01-29T03:00:02Z	0.23	0.193	0.179	0.194
2020-01-29T03:20:02Z	0.23	0.193	0.179	0.194
2020-01-29T03:40:02Z	0.23	0.193	0.18	0.194
2020-01-29T04:00:02Z	0.229	0.193	0.18	0.194
2020-01-29T04:20:02Z	0.229	0.193	0.18	0.194
2020-01-29T04:40:02Z	0.229	0.193	0.18	0.194
2020-01-29T05:00:02Z	0.229	0.193	0.18	0.194
2020-01-29T05:20:02Z	0.229	0.193	0.18	0.194
2020-01-29T05:40:02Z	0.228	0.193	0.18	0.194
2020-01-29T06:00:02Z	0.228	0.193	0.18	0.194
2020-01-29T06:20:02Z	0.228	0.193	0.18	0.194
2020-01-29T06:40:02Z	0.228	0.193	0.18	0.194
2020-01-29T07:00:02Z	0.228	0.192	0.18	0.194
2020-01-29T07:20:02Z	0.228	0.192	0.18	0.194
2020-01-29T07:40:02Z	0.227	0.192	0.18	0.194
2020-01-29T08:00:02Z	0.227	0.192	0.18	0.194
2020-01-29T08:20:02Z	0.227	0.192	0.18	0.194
2020-01-29T08:40:02Z	0.227	0.192	0.18	0.194
2020-01-29T09:00:02Z	0.226	0.192	0.18	0.194
2020-01-29T09:20:02Z	0.226	0.192	0.18	0.194
2020-01-29T09:40:02Z	0.226	0.192	0.18	0.194
2020-01-29T10:00:02Z	0.226	0.192	0.18	0.194
2020-01-29T10:20:02Z	0.226	0.192	0.179	0.194
2020-01-29T10:40:02Z	0.226	0.192	0.18	0.194
2020-01-29T11:00:02Z	0.226	0.192	0.18	0.194
2020-01-29T11:20:02Z	0.226	0.192	0.18	0.194
2020-01-29T11:40:02Z	0.226	0.191	0.18	0.194
2020-01-29T12:00:02Z	0.225	0.191	0.179	0.194
2020-01-29T12:20:02Z	0.225	0.191	0.18	0.194
2020-01-29T12:40:02Z	0.225	0.191	0.179	0.194
2020-01-29T13:00:02Z	0.225	0.191	0.179	0.194
2020-01-29T13:20:02Z	0.224	0.191	0.179	0.194
2020-01-29T13:40:02Z	0.224	0.191	0.179	0.194
2020-01-29T14:00:02Z	0.224	0.191	0.179	0.194
2020-01-29T14:20:02Z	0.224	0.191	0.179	0.194
2020-01-29T14:40:02Z	0.224	0.191	0.179	0.194
2020-01-29T15:00:02Z	0.224	0.191	0.179	0.194
2020-01-29T15:20:02Z	0.224	0.19	0.179	0.194
2020-01-29T15:40:02Z	0.224	0.19	0.179	0.194
2020-01-29T16:00:02Z	0.224	0.19	0.179	0.194
2020-01-29T16:20:02Z	0.224	0.19	0.179	0.194
2020-01-29T16:40:02Z	0.224	0.19	0.179	0.194
2020-01-29T17:00:02Z	0.224	0.19	0.179	0.194
2020-01-29T17:20:02Z	0.224	0.19	0.179	0.194
2020-01-29T17:40:02Z	0.224	0.19	0.179	0.194
2020-01-29T18:00:02Z	0.224	0.19	0.179	0.194
2020-01-29T18:20:02Z	0.224	0.19	0.179	0.194
2020-01-29T18:40:02Z	0.224	0.19	0.179	0.195
2020-01-29T19:00:02Z	0.224	0.19	0.179	0.195
2020-01-29T19:20:02Z	0.224	0.19	0.18	0.195
2020-01-29T19:40:02Z	0.224	0.19	0.18	0.195
2020-01-29T20:00:02Z	0.224	0.19	0.18	0.195
2020-01-29T20:20:02Z	0.224	0.19	0.18	0.195
2020-01-29T20:40:02Z	0.224	0.19	0.18	0.195
2020-01-29T21:00:02Z	0.224	0.19	0.18	0.195
2020-01-29T21:20:02Z	0.224	0.19	0.18	0.195
2020-01-29T21:40:02Z	0.224	0.19	0.18	0.195
2020-01-29T22:00:02Z	0.224	0.19	0.18	0.195
2020-01-29T22:20:02Z	0.224	0.19	0.18	0.195
2020-01-29T22:40:02Z	0.224	0.19	0.18	0.195
2020-01-29T23:00:02Z	0.224	0.19	0.18	0.195
2020-01-29T23:20:02Z	0.224	0.19	0.18	0.195
2020-01-29T23:40:02Z	0.224	0.19	0.18	0.195
2020-01-30T00:00:02Z	0.224	0.19	0.18	0.195
2020-01-30T00:20:02Z	0.224	0.19	0.18	0.195
2020-01-30T00:40:02Z	0.224	0.19	0.18	0.195
2020-01-30T01:00:02Z	0.224	0.19	0.18	0.195
2020-01-30T01:20:02Z	0.224	0.19	0.18	0.195
2020-01-30T01:40:02Z	0.224	0.19	0.18	0.195
2020-01-30T02:00:02Z	0.224	0.19	0.18	0.195
2020-01-30T02:20:02Z	0.224	0.19	0.18	0.195
2020-01-30T02:40:02Z	0.224	0.19	0.18	0.195
2020-01-30T03:00:02Z	0.224	0.19	0.179	0.195
2020-01-30T03:20:02Z	0.224	0.19	0.179	0.195
2020-01-30T03:40:02Z	0.224	0.19	0.18	0.195
2020-01-30T04:00:02Z	0.224	0.19	0.18	0.195
2020-01-30T04:20:02Z	0.223	0.19	0.179	0.195
2020-01-30T04:40:02Z	0.223	0.19	0.179	0.195
2020-01-30T05:00:02Z	0.223	0.19	0.18	0.195
2020-01-30T05:20:02Z	0.224	0.19	0.18	0.195
2020-01-30T05:40:02Z	0.224	0.19	0.18	0.195
2020-01-30T06:00:02Z	0.224	0.19	0.18	0.195
2020-01-30T06:20:02Z	0.225	0.191	0.18	0.195
2020-01-30T06:40:02Z	0.226	0.191	0.18	0.195
2020-01-30T07:00:02Z	0.226	0.191	0.18	0.195
2020-01-30T07:20:02Z	0.226	0.192	0.18	0.195
2020-01-30T07:40:02Z	0.227	0.192	0.18	0.195
2020-01-30T08:00:02Z	0.227	0.192	0.18	0.195
2020-01-30T08:20:02Z	0.227	0.192	0.18	0.195
2020-01-30T08:40:02Z	0.227	0.192	0.18	0.195
2020-01-30T09:00:02Z	0.227	0.192	0.18	0.195
2020-01-30T09:20:02Z	0.227	0.192	0.18	0.195
2020-01-30T09:40:02Z	0.226	0.192	0.18	0.195
2020-01-30T10:00:02Z	0.226	0.192	0.18	0.195
2020-01-30T10:20:02Z	0.226	0.192	0.18	0.195
2020-01-30T10:40:02Z	0.226	0.192	0.18	0.195
2020-01-30T11:00:02Z	0.226	0.192	0.18	0.195
2020-01-30T11:20:02Z	0.226	0.192	0.18	0.195
2020-01-30T11:40:02Z	0.226	0.192	0.18	0.195
2020-01-30T12:00:02Z	0.226	0.192	0.18	0.195
2020-01-30T12:20:02Z	0.226	0.192	0.18	0.195
2020-01-30T12:40:02Z	0.226	0.192	0.18	0.195
2020-01-30T13:00:02Z	0.226	0.192	0.18	0.195
2020-01-30T13:20:02Z	0.226	0.192	0.18	0.195
2020-01-30T13:40:02Z	0.225	0.192	0.18	0.195
2020-01-30T14:00:02Z	0.225	0.192	0.18	0.195
2020-01-30T14:20:02Z	0.225	0.192	0.18	0.195
2020-01-30T14:40:02Z	0.225	0.192	0.18	0.195
2020-01-30T15:00:02Z	0.225	0.192	0.18	0.195
2020-01-30T15:20:02Z	0.224	0.191	0.18	0.195
2020-01-30T15:40:02Z	0.224	0.191	0.18	0.195
2020-01-30T16:00:02Z	0.224	0.191	0.18	0.195
2020-01-30T16:20:02Z	0.224	0.191	0.18	0.195
2020-01-30T16:40:02Z	0.224	0.191	0.18	0.195
2020-01-30T17:00:02Z	0.224	0.191	0.18	0.195
2020-01-30T17:20:02Z	0.224	0.191	0.18	0.195
2020-01-30T17:40:02Z	0.224	0.191	0.18	0.195
2020-01-30T18:00:02Z	0.224	0.191	0.18	0.195
2020-01-30T18:20:02Z	0.224	0.191	0.18	0.195
2020-01-30T18:40:02Z	0.224	0.191	0.18	0.195
2020-01-30T19:00:02Z	0.224	0.191	0.18	0.195
2020-01-30T19:20:02Z	0.224	0.191	0.18	0.195
2020-01-30T19:40:02Z	0.224	0.191	0.18	0.195
2020-01-30T20:00:02Z	0.224	0.191	0.18	0.195
2020-01-30T20:20:02Z	0.224	0.191	0.18	0.195
2020-01-30T20:40:02Z	0.224	0.191	0.18	0.195
2020-01-30T21:00:02Z	0.224	0.191	0.18	0.195
2020-01-30T21:20:02Z	0.224	0.19	0.18	0.195
2020-01-30T21:40:02Z	0.224	0.191	0.18	0.195
2020-01-30T22:00:02Z	0.224	0.191	0.18	0.195
2020-01-30T22:20:02Z	0.224	0.191	0.18	0.195
2020-01-30T22:40:02Z	0.224	0.19	0.18	0.195
2020-01-30T23:00:02Z	0.224	0.19	0.18	0.195
2020-01-30T23:20:02Z	0.224	0.19	0.18	0.195
2020-01-30T23:40:02Z	0.224	0.19	0.18	0.195
2020-01-31T00:00:02Z	0.224	0.19	0.18	0.195
2020-01-31T00:20:02Z	0.224	0.19	0.18	0.195
2020-01-31T00:40:02Z	0.224	0.19	0.18	0.195
2020-01-31T01:00:02Z	0.224	0.19	0.18	0.195
2020-01-31T01:20:02Z	0.224	0.19	0.18	0.195
2020-01-31T01:40:02Z	0.223	0.19	0.18	0.195
2020-01-31T02:00:02Z	0.224	0.19	0.18	0.195
2020-01-31T02:20:02Z	0.223	0.19	0.18	0.195
2020-01-31T02:40:02Z	0.224	0.19	0.18	0.195
2020-01-31T03:00:02Z	0.224	0.19	0.18	0.195
2020-01-31T03:20:02Z	0.224	0.19	0.18	0.195
2020-01-31T03:40:02Z	0.224	0.19	0.18	0.195
2020-01-31T04:00:02Z	0.224	0.19	0.18	0.195
2020-01-31T04:20:02Z	0.224	0.19	0.18	0.195
2020-01-31T04:40:02Z	0.224	0.19	0.18	0.195
2020-01-31T05:00:02Z	0.224	0.19	0.18	0.195
2020-01-31T05:20:02Z	0.224	0.19	0.18	0.195
2020-01-31T05:40:02Z	0.224	0.19	0.18	0.195
2020-01-31T06:00:02Z	0.224	0.19	0.18	0.195
2020-01-31T06:20:02Z	0.224	0.19	0.18	0.195
2020-01-31T06:40:02Z	0.224	0.19	0.18	0.195
2020-01-31T07:00:02Z	0.224	0.19	0.18	0.195
2020-01-31T07:20:02Z	0.224	0.19	0.18	0.195
2020-01-31T07:40:02Z	0.224	0.19	0.18	0.195
2020-01-31T08:00:02Z	0.224	0.19	0.18	0.195
2020-01-31T08:20:02Z	0.224	0.19	0.18	0.195
2020-01-31T08:40:02Z	0.223	0.19	0.18	0.195
2020-01-31T09:00:02Z	0.223	0.19	0.179	0.195
2020-01-31T09:20:02Z	0.223	0.19	0.179	0.195
2020-01-31T09:40:02Z	0.223	0.19	0.179	0.195
2020-01-31T10:00:02Z	0.223	0.19	0.179	0.195
2020-01-31T10:20:02Z	0.223	0.19	0.179	0.195
2020-01-31T10:40:02Z	0.222	0.19	0.179	0.195
2020-01-31T11:00:02Z	0.222	0.19	0.179	0.195
2020-01-31T11:20:02Z	0.222	0.19	0.179	0.195
2020-01-31T11:40:02Z	0.222	0.19	0.179	0.195
2020-01-31T12:00:02Z	0.222	0.19	0.179	0.195
2020-01-31T12:20:02Z	0.222	0.19	0.179	0.195
2020-01-31T12:40:02Z	0.222	0.19	0.179	0.195
2020-01-31T13:00:02Z	0.222	0.19	0.179	0.195
2020-01-31T13:20:02Z	0.222	0.19	0.179	0.195
2020-01-31T13:40:02Z	0.222	0.19	0.179	0.195
2020-01-31T14:00:02Z	0.222	0.19	0.179	0.195
2020-01-31T14:20:02Z	0.222	0.19	0.179	0.195
2020-01-31T14:40:02Z	0.222	0.189	0.179	0.195
2020-01-31T15:00:02Z	0.222	0.19	0.179	0.195
2020-01-31T15:20:02Z	0.222	0.189	0.179	0.195
2020-01-31T15:40:02Z	0.222	0.189	0.179	0.195
2020-01-31T16:00:02Z	0.222	0.189	0.179	0.195
2020-01-31T16:20:02Z	0.222	0.189	0.179	0.195
2020-01-31T16:40:02Z	0.222	0.189	0.179	0.195
2020-01-31T17:00:02Z	0.222	0.189	0.179	0.195
2020-01-31T17:20:02Z	0.222	0.189	0.179	0.195
2020-01-31T17:40:02Z	0.222	0.189	0.179	0.195
2020-01-31T18:00:02Z	0.222	0.189	0.179	0.195
2020-01-31T18:20:02Z	0.222	0.189	0.179	0.195
2020-01-31T18:40:02Z	0.222	0.189	0.179	0.195
2020-01-31T19:00:02Z	0.222	0.189	0.179	0.195
2020-01-31T19:20:02Z	0.222	0.189	0.179	0.195
2020-01-31T19:40:02Z	0.222	0.189	0.179	0.195
2020-01-31T20:00:02Z	0.222	0.189	0.179	0.195
2020-01-31T20:20:02Z	0.222	0.189	0.179	0.195
2020-01-31T20:40:02Z	0.222	0.189	0.179	0.195
2020-01-31T21:00:02Z	0.222	0.189	0.179	0.195
2020-01-31T21:20:02Z	0.221	0.189	0.179	0.195
2020-01-31T21:40:02Z	0.221	0.189	0.179	0.195
2020-01-31T22:00:02Z	0.221	0.189	0.179	0.195
2020-01-31T22:20:02Z	0.221	0.189	0.179	0.195
2020-01-31T22:40:02Z	0.221	0.189	0.179	0.195
2020-01-31T23:00:02Z	0.221	0.189	0.179	0.195
2020-01-31T23:20:02Z	0.221	0.189	0.179	0.194
2020-01-31T23:40:02Z	0.221	0.188	0.179	0.194
2020-02-01T00:00:02Z	0.221	0.188	0.179	0.194
2020-02-01T00:20:02Z	0.221	0.188	0.179	0.194
2020-02-01T00:40:02Z	0.221	0.188	0.179	0.194
2020-02-01T01:00:02Z	0.221	0.188	0.179	0.194
2020-02-01T01:20:02Z	0.22	0.188	0.179	0.194
2020-02-01T01:40:02Z	0.221	0.188	0.179	0.195
2020-02-01T02:00:02Z	0.22	0.188	0.179	0.194
2020-02-01T02:20:02Z	0.22	0.188	0.179	0.194
2020-02-01T02:40:02Z	0.22	0.188	0.179	0.194
2020-02-01T03:00:02Z	0.22	0.188	0.179	0.194
2020-02-01T03:20:02Z	0.22	0.188	0.179	0.194
2020-02-01T03:40:02Z	0.22	0.188	0.179	0.194
2020-02-01T04:00:02Z	0.22	0.188	0.179	0.194
2020-02-01T04:20:02Z	0.22	0.188	0.179	0.194
2020-02-01T04:40:02Z	0.22	0.188	0.179	0.194
2020-02-01T05:00:02Z	0.22	0.188	0.179	0.194
2020-02-01T05:20:02Z	0.22	0.188	0.179	0.194
2020-02-01T05:40:02Z	0.22	0.188	0.179	0.194
2020-02-01T06:00:02Z	0.22	0.188	0.179	0.194
2020-02-01T06:20:02Z	0.22	0.188	0.178	0.194
2020-02-01T06:40:02Z	0.22	0.188	0.178	0.194
2020-02-01T07:00:02Z	0.22	0.188	0.178	0.194
2020-02-01T07:20:02Z	0.22	0.188	0.178	0.194
2020-02-01T07:40:02Z	0.22	0.188	0.178	0.194
2020-02-01T08:00:02Z	0.22	0.188	0.178	0.194
2020-02-01T08:20:02Z	0.22	0.188	0.178	0.194
2020-02-01T08:40:02Z	0.22	0.188	0.178	0.194
2020-02-01T09:00:02Z	0.22	0.188	0.178	0.194
2020-02-01T09:20:02Z	0.22	0.188	0.178	0.194
2020-02-01T09:40:02Z	0.22	0.188	0.178	0.194
2020-02-01T10:00:02Z	0.22	0.188	0.178	0.194
2020-02-01T10:20:02Z	0.22	0.188	0.179	0.194
2020-02-01T10:40:02Z	0.222	0.188	0.178	0.194
2020-02-01T11:00:02Z	0.222	0.188	0.178	0.194
2020-02-01T11:20:02Z	0.222	0.188	0.179	0.194
2020-02-01T11:40:02Z	0.224	0.189	0.179	0.194
2020-02-01T12:00:02Z	0.224	0.189	0.179	0.194
2020-02-01T12:20:02Z	0.228	0.19	0.179	0.194
2020-02-01T12:40:02Z	0.232	0.191	0.179	0.194
2020-02-01T13:00:02Z	0.234	0.192	0.179	0.195
2020-02-01T13:20:02Z	0.235	0.193	0.179	0.195
2020-02-01T13:40:02Z	0.237	0.194	0.18	0.195
2020-02-01T14:00:02Z	0.24	0.195	0.18	0.195
2020-02-01T14:20:02Z	0.241	0.197	0.18	0.195
2020-02-01T14:40:02Z	0.241	0.198	0.181	0.195
2020-02-01T15:00:02Z	0.242	0.2	0.182	0.195
2020-02-01T15:20:02Z	0.244	0.201	0.182	0.195
2020-02-01T15:40:02Z	0.244	0.203	0.182	0.196
2020-02-01T16:00:02Z	0.244	0.204	0.183	0.196
2020-02-01T16:20:02Z	0.243	0.205	0.183	0.196
2020-02-01T16:40:02Z	0.242	0.205	0.184	0.196
2020-02-01T17:00:02Z	0.242	0.205	0.184	0.197
2020-02-01T17:20:02Z	0.241	0.205	0.185	0.197
2020-02-01T17:40:02Z	0.241	0.204	0.185	0.197
2020-02-01T18:00:02Z	0.24	0.204	0.185	0.197
2020-02-01T18:20:02Z	0.24	0.204	0.185	0.198
2020-02-01T18:40:02Z	0.239	0.204	0.185	0.198
2020-02-01T19:00:02Z	0.238	0.204	0.185	0.198
2020-02-01T19:20:02Z	0.238	0.203	0.185	0.198
2020-02-01T19:40:02Z	0.237	0.203	0.185	0.198
2020-02-01T20:00:02Z	0.237	0.203	0.185	0.198
2020-02-01T20:20:02Z	0.237	0.202	0.185	0.198
2020-02-01T20:40:02Z	0.236	0.202	0.185	0.198
2020-02-01T21:00:02Z	0.236	0.202	0.185	0.198
2020-02-01T21:20:02Z	0.236	0.202	0.185	0.198
2020-02-01T21:40:02Z	0.235	0.202	0.185	0.198
2020-02-01T22:00:02Z	0.235	0.201	0.185	0.198
2020-02-01T22:20:02Z	0.235	0.201	0.185	0.198
2020-02-01T22:40:02Z	0.235	0.201	0.185	0.198
2020-02-01T23:00:02Z	0.234	0.2	0.184	0.198
2020-02-01T23:20:02Z	0.234	0.2	0.184	0.198
2020-02-01T23:40:02Z	0.234	0.2	0.184	0.198
2020-02-02T00:00:02Z	0.234	0.2	0.184	0.198
2020-02-02T00:20:02Z	0.234	0.2	0.184	0.198
2020-02-02T00:40:02Z	0.233	0.2	0.184	0.198
2020-02-02T01:00:02Z	0.233	0.199	0.184	0.198
2020-02-02T01:20:02Z	0.233	0.199	0.184	0.198
2020-02-02T01:40:02Z	0.233	0.199	0.184	0.198
2020-02-02T02:00:02Z	0.233	0.199	0.184	0.198
2020-02-02T02:20:02Z	0.232	0.199	0.184	0.198
2020-02-02T02:40:02Z	0.232	0.198	0.184	0.198
2020-02-02T03:00:02Z	0.232	0.198	0.184	0.198
2020-02-02T03:20:02Z	0.232	0.198	0.184	0.198
2020-02-02T03:40:02Z	0.232	0.198	0.183	0.198
2020-02-02T04:00:02Z	0.232	0.198	0.183	0.198
2020-02-02T04:20:02Z	0.231	0.198	0.183	0.198
2020-02-02T04:40:02Z	0.231	0.198	0.183	0.198
2020-02-02T05:00:02Z	0.231	0.198	0.183	0.198
2020-02-02T05:20:02Z	0.231	0.197	0.183	0.198
2020-02-02T05:40:02Z	0.231	0.197	0.183	0.198
2020-02-02T06:00:02Z	0.231	0.197	0.183	0.198
2020-02-02T06:20:02Z	0.23	0.197	0.183	0.198
2020-02-02T06:40:02Z	0.23	0.197	0.183	0.198
2020-02-02T07:00:02Z	0.23	0.197	0.183	0.198
2020-02-02T07:20:02Z	0.23	0.196	0.183	0.198
2020-02-02T07:40:02Z	0.23	0.196	0.183	0.198
2020-02-02T08:00:02Z	0.23	0.196	0.183	0.198
2020-02-02T08:20:02Z	0.23	0.196	0.183	0.198
2020-02-02T08:40:02Z	0.23	0.196	0.183	0.198
2020-02-02T09:00:02Z	0.229	0.196	0.183	0.198
2020-02-02T09:20:02Z	0.229	0.196	0.183	0.198
2020-02-02T09:40:02Z	0.229	0.196	0.183	0.198
2020-02-02T10:00:02Z	0.229	0.196	0.182	0.198
2020-02-02T10:20:02Z	0.229	0.196	0.182	0.197
2020-02-02T10:40:02Z	0.229	0.195	0.182	0.197
2020-02-02T11:00:02Z	0.229	0.195	0.182	0.197
2020-02-02T11:20:02Z	0.229	0.195	0.182	0.197
2020-02-02T11:40:02Z	0.228	0.195	0.182	0.197
2020-02-02T12:00:02Z	0.229	0.195	0.182	0.197
2020-02-02T12:20:02Z	0.228	0.195	0.182	0.197
2020-02-02T12:40:02Z	0.228	0.195	0.182	0.197
2020-02-02T13:00:02Z	0.228	0.195	0.182	0.197
2020-02-02T13:20:02Z	0.228	0.195	0.182	0.197
2020-02-02T13:40:02Z	0.229	0.195	0.182	0.197
2020-02-02T14:00:02Z	0.229	0.195	0.182	0.197
2020-02-02T14:20:02Z	0.229	0.195	0.182	0.197
2020-02-02T14:40:02Z	0.229	0.195	0.182	0.197
2020-02-02T15:00:02Z	0.229	0.196	0.182	0.197
2020-02-02T15:20:02Z	0.229	0.196	0.182	0.197
2020-02-02T15:40:02Z	0.229	0.196	0.182	0.197
2020-02-02T16:00:02Z	0.229	0.196	0.182	0.197
2020-02-02T16:20:02Z	0.229	0.196	0.182	0.197
2020-02-02T16:40:02Z	0.23	0.196	0.182	0.197
2020-02-02T17:00:02Z	0.23	0.196	0.182	0.197
2020-02-02T17:20:02Z	0.23	0.196	0.182	0.197
2020-02-02T17:40:02Z	0.23	0.196	0.182	0.197
2020-02-02T18:00:02Z	0.229	0.196	0.183	0.197
2020-02-02T18:20:02Z	0.23	0.196	0.183	0.198
2020-02-02T18:40:02Z	0.23	0.196	0.183	0.197
2020-02-02T19:00:02Z	0.23	0.196	0.183	0.197
2020-02-02T19:20:02Z	0.23	0.196	0.183	0.197
2020-02-02T19:40:02Z	0.231	0.196	0.183	0.198
2020-02-02T20:00:02Z	0.231	0.197	0.183	0.197
2020-02-02T20:20:02Z	0.231	0.197	0.183	0.198
2020-02-02T20:40:02Z	0.232	0.197	0.183	0.198
2020-02-02T21:00:02Z	0.232	0.197	0.183	0.198
2020-02-02T21:20:02Z	0.232	0.197	0.183	0.198
2020-02-02T21:40:02Z	0.232	0.198	0.183	0.198
2020-02-02T22:00:02Z	0.232	0.198	0.183	0.198
2020-02-02T22:20:02Z	0.232	0.198	0.183	0.198
2020-02-02T22:40:02Z	0.232	0.198	0.183	0.198
2020-02-02T23:00:02Z	0.233	0.198	0.183	0.198
2020-02-02T23:20:02Z	0.233	0.198	0.183	0.198
2020-02-02T23:40:02Z	0.233	0.198	0.184	0.198
2020-02-03T00:00:02Z	0.232	0.198	0.183	0.198
2020-02-03T00:20:02Z	0.232	0.198	0.183	0.198
2020-02-03T00:40:02Z	0.232	0.198	0.183	0.198
2020-02-03T01:00:02Z	0.232	0.198	0.183	0.198
2020-02-03T01:20:02Z	0.232	0.198	0.184	0.198
2020-02-03T01:40:02Z	0.232	0.198	0.183	0.198
2020-02-03T02:00:02Z	0.232	0.198	0.183	0.198
2020-02-03T02:20:02Z	0.231	0.198	0.183	0.198
2020-02-03T02:40:02Z	0.231	0.198	0.183	0.198
2020-02-03T03:00:02Z	0.231	0.198	0.183	0.198
2020-02-03T03:20:02Z	0.231	0.198	0.183	0.198
2020-02-03T03:40:02Z	0.231	0.197	0.183	0.198
2020-02-03T04:00:02Z	0.231	0.197	0.183	0.198
2020-02-03T04:20:02Z	0.231	0.197	0.183	0.198
2020-02-03T04:40:02Z	0.231	0.197	0.183	0.198
2020-02-03T05:00:02Z	0.231	0.197	0.183	0.198
2020-02-03T05:20:02Z	0.231	0.197	0.183	0.198
2020-02-03T05:40:02Z	0.231	0.197	0.183	0.198
2020-02-03T06:00:02Z	0.23	0.197	0.183	0.198
2020-02-03T06:20:02Z	0.231	0.197	0.183	0.198
2020-02-03T06:40:02Z	0.231	0.197	0.183	0.198
2020-02-03T07:00:02Z	0.231	0.197	0.183	0.198
2020-02-03T07:20:02Z	0.231	0.197	0.183	0.198
2020-02-03T07:40:02Z	0.231	0.197	0.183	0.198
2020-02-03T08:00:02Z	0.231	0.197	0.183	0.198
2020-02-03T08:20:02Z	0.231	0.197	0.183	0.198
2020-02-03T08:40:02Z	0.232	0.197	0.183	0.198
2020-02-03T09:00:02Z	0.233	0.198	0.183	0.198
2020-02-03T09:20:02Z	0.234	0.198	0.183	0.198
2020-02-03T09:40:02Z	0.234	0.198	0.183	0.198
2020-02-03T10:00:02Z	0.234	0.198	0.183	0.198
2020-02-03T10:20:02Z	0.234	0.198	0.183	0.198
2020-02-03T10:40:02Z	0.233	0.199	0.183	0.198
2020-02-03T11:00:02Z	0.233	0.198	0.183	0.198
2020-02-03T11:20:02Z	0.233	0.198	0.183	0.198
2020-02-03T11:40:02Z	0.233	0.198	0.183	0.198
2020-02-03T12:00:02Z	0.233	0.198	0.183	0.198
2020-02-03T12:20:02Z	0.232	0.198	0.183	0.198
2020-02-03T12:40:02Z	0.232	0.198	0.183	0.198
2020-02-03T13:00:02Z	0.232	0.198	0.183	0.198
2020-02-03T13:20:02Z	0.232	0.198	0.183	0.198
2020-02-03T13:40:02Z	0.232	0.198	0.184	0.198
2020-02-03T14:00:02Z	0.232	0.198	0.184	0.198
2020-02-03T14:20:02Z	0.231	0.198	0.183	0.198
2020-02-03T14:40:02Z	0.231	0.198	0.183	0.198
2020-02-03T15:00:02Z	0.231	0.198	0.183	0.198
2020-02-03T15:20:02Z	0.231	0.198	0.183	0.198
2020-02-03T15:40:02Z	0.231	0.198	0.183	0.198
2020-02-03T16:00:02Z	0.231	0.197	0.183	0.198
2020-02-03T16:20:02Z	0.231	0.197	0.183	0.198
2020-02-03T16:40:02Z	0.231	0.197	0.183	0.198
2020-02-03T17:00:02Z	0.231	0.197	0.183	0.198
2020-02-03T17:20:02Z	0.231	0.197	0.183	0.198
2020-02-03T17:40:02Z	0.231	0.197	0.183	0.198
2020-02-03T18:00:02Z	0.231	0.197	0.183	0.198
2020-02-03T18:20:02Z	0.231	0.197	0.183	0.198
2020-02-03T18:40:02Z	0.231	0.197	0.183	0.198
2020-02-03T19:00:02Z	0.231	0.197	0.183	0.198
2020-02-03T19:20:02Z	0.231	0.197	0.183	0.198
2020-02-03T19:40:02Z	0.231	0.197	0.183	0.198
2020-02-03T20:00:02Z	0.231	0.197	0.183	0.198
2020-02-03T20:20:02Z	0.231	0.197	0.183	0.198
2020-02-03T20:40:02Z	0.231	0.197	0.183	0.198
2020-02-03T21:00:02Z	0.231	0.197	0.183	0.198
2020-02-03T21:20:02Z	0.23	0.197	0.183	0.198
2020-02-03T21:40:02Z	0.23	0.197	0.183	0.198
2020-02-03T22:00:02Z	0.23	0.196	0.183	0.198
2020-02-03T22:20:02Z	0.23	0.196	0.183	0.198
2020-02-03T22:40:02Z	0.23	0.196	0.183	0.198
2020-02-03T23:00:02Z	0.23	0.196	0.183	0.198
2020-02-03T23:20:02Z	0.23	0.196	0.183	0.198
2020-02-03T23:40:02Z	0.23	0.196	0.183	0.198
2020-02-04T00:00:02Z	0.23	0.196	0.183	0.198
2020-02-04T00:20:02Z	0.23	0.196	0.183	0.198
2020-02-04T00:40:02Z	0.23	0.196	0.183	0.198
2020-02-04T01:00:02Z	0.23	0.196	0.183	0.198
2020-02-04T01:20:02Z	0.229	0.196	0.183	0.198
2020-02-04T01:40:02Z	0.229	0.196	0.183	0.198
2020-02-04T02:00:02Z	0.229	0.196	0.183	0.198
2020-02-04T02:20:02Z	0.229	0.196	0.182	0.198
2020-02-04T02:40:02Z	0.229	0.196	0.182	0.198
2020-02-04T03:00:02Z	0.229	0.196	0.182	0.198
2020-02-04T03:20:02Z	0.229	0.196	0.182	0.198
2020-02-04T03:40:02Z	0.229	0.195	0.182	0.197
2020-02-04T04:00:02Z	0.229	0.195	0.182	0.197
2020-02-04T04:20:02Z	0.229	0.195	0.182	0.197
2020-02-04T04:40:02Z	0.229	0.195	0.182	0.197
2020-02-04T05:00:02Z	0.229	0.195	0.182	0.197
2020-02-04T05:20:02Z	0.229	0.195	0.182	0.197
2020-02-04T05:40:02Z	0.229	0.195	0.182	0.197
2020-02-04T06:00:02Z	0.229	0.195	0.182	0.197
2020-02-04T06:20:02Z	0.229	0.195	0.182	0.197
2020-02-04T06:40:02Z	0.229	0.195	0.182	0.197
2020-02-04T07:00:02Z	0.229	0.195	0.182	0.197
2020-02-04T07:20:02Z	0.229	0.195	0.182	0.197
2020-02-04T07:40:02Z	0.229	0.195	0.182	0.197
2020-02-04T08:00:02Z	0.229	0.195	0.182	0.197
2020-02-04T08:20:02Z	0.229	0.195	0.182	0.197
2020-02-04T08:40:02Z	0.228	0.195	0.182	0.197
2020-02-04T09:00:02Z	0.228	0.194	0.182	0.197
2020-02-04T09:20:02Z	0.228	0.194	0.182	0.197
2020-02-04T09:40:02Z	0.228	0.194	0.182	0.197
2020-02-04T10:00:02Z	0.228	0.194	0.182	0.197
2020-02-04T10:20:02Z	0.228	0.194	0.182	0.197
2020-02-04T10:40:02Z	0.228	0.194	0.182	0.197
2020-02-04T11:00:02Z	0.228	0.194	0.182	0.197
2020-02-04T11:20:02Z	0.228	0.194	0.182	0.197
2020-02-04T11:40:02Z	0.228	0.194	0.182	0.197
2020-02-04T12:00:02Z	0.228	0.194	0.182	0.197
2020-02-04T12:20:02Z	0.228	0.194	0.182	0.197
2020-02-04T12:40:02Z	0.228	0.194	0.182	0.197
2020-02-04T13:00:02Z	0.228	0.194	0.182	0.197
2020-02-04T13:20:02Z	0.227	0.194	0.181	0.196
2020-02-04T13:40:02Z	0.227	0.194	0.181	0.197
2020-02-04T14:00:02Z	0.227	0.194	0.181	0.197
2020-02-04T14:20:02Z	0.227	0.194	0.181	0.197
2020-02-04T14:40:02Z	0.227	0.194	0.181	0.197
2020-02-04T15:00:02Z	0.227	0.194	0.181	0.197
2020-02-04T15:20:02Z	0.227	0.194	0.181	0.197
2020-02-04T15:40:02Z	0.227	0.194	0.181	0.197
2020-02-04T16:00:02Z	0.227	0.194	0.181	0.197
2020-02-04T16:20:02Z	0.227	0.194	0.181	0.197
2020-02-04T16:40:02Z	0.226	0.194	0.181	0.197
2020-02-04T17:00:02Z	0.226	0.193	0.181	0.197
2020-02-04T17:20:02Z	0.226	0.193	0.181	0.197
2020-02-04T17:40:02Z	0.226	0.193	0.181	0.197
2020-02-04T18:00:02Z	0.227	0.194	0.182	0.197
2020-02-04T18:20:02Z	0.226	0.193	0.181	0.196
2020-02-04T18:40:02Z	0.226	0.193	0.181	0.197
2020-02-04T19:00:02Z	0.226	0.193	0.181	0.196
2020-02-04T19:20:02Z	0.226	0.193	0.181	0.196
2020-02-04T19:40:02Z	0.226	0.193	0.181	0.197
2020-02-04T20:00:02Z	0.226	0.193	0.181	0.197
2020-02-04T20:20:02Z	0.226	0.193	0.181	0.196
2020-02-04T20:40:02Z	0.226	0.193	0.181	0.196
2020-02-04T21:00:02Z	0.226	0.193	0.181	0.196
2020-02-04T21:20:02Z	0.226	0.193	0.181	0.196
2020-02-04T21:40:02Z	0.226	0.193	0.181	0.196
2020-02-04T22:00:02Z	0.226	0.193	0.181	0.196
2020-02-04T22:20:02Z	0.226	0.193	0.181	0.196
2020-02-04T22:40:02Z	0.226	0.193	0.181	0.196
2020-02-04T23:00:02Z	0.226	0.193	0.181	0.196
2020-02-04T23:20:02Z	0.226	0.193	0.181	0.196
2020-02-04T23:40:02Z	0.226	0.193	0.181	0.196
2020-02-05T00:00:02Z	0.226	0.193	0.181	0.196
2020-02-05T00:20:02Z	0.226	0.193	0.181	0.196
2020-02-05T00:40:02Z	0.226	0.193	0.181	0.196
2020-02-05T01:00:02Z	0.226	0.193	0.181	0.196
2020-02-05T01:20:02Z	0.226	0.193	0.181	0.196
2020-02-05T01:40:02Z	0.226	0.193	0.181	0.196
2020-02-05T02:00:02Z	0.226	0.193	0.181	0.196
2020-02-05T02:20:02Z	0.226	0.193	0.181	0.197
2020-02-05T02:40:02Z	0.226	0.193	0.18	0.196
2020-02-05T03:00:02Z	0.226	0.193	0.18	0.196
2020-02-05T03:20:02Z	0.226	0.193	0.18	0.196
2020-02-05T03:40:02Z	0.226	0.193	0.18	0.196
2020-02-05T04:00:02Z	0.226	0.193	0.18	0.196
2020-02-05T04:20:02Z	0.226	0.193	0.18	0.196
2020-02-05T04:40:02Z	0.226	0.193	0.18	0.196
2020-02-05T05:00:02Z	0.226	0.193	0.18	0.196
2020-02-05T05:20:02Z	0.226	0.193	0.18	0.196
2020-02-05T05:40:02Z	0.226	0.193	0.18	0.196
2020-02-05T06:00:02Z	0.226	0.193	0.18	0.196
2020-02-05T06:20:02Z	0.226	0.193	0.18	0.196
2020-02-05T06:40:02Z	0.226	0.193	0.18	0.196
2020-02-05T07:00:02Z	0.226	0.193	0.18	0.196
2020-02-05T07:20:02Z	0.226	0.193	0.18	0.196
2020-02-05T07:40:02Z	0.226	0.193	0.18	0.196
2020-02-05T08:00:02Z	0.226	0.193	0.18	0.196
2020-02-05T08:20:02Z	0.226	0.193	0.18	0.196
2020-02-05T08:40:02Z	0.226	0.192	0.18	0.196
2020-02-05T09:00:02Z	0.226	0.192	0.18	0.196
2020-02-05T09:20:02Z	0.226	0.192	0.18	0.196
2020-02-05T09:40:02Z	0.226	0.192	0.18	0.196
2020-02-05T10:00:02Z	0.226	0.192	0.18	0.196
2020-02-05T10:20:02Z	0.226	0.192	0.18	0.195
2020-02-05T10:40:02Z	0.226	0.192	0.18	0.195
2020-02-05T11:00:02Z	0.226	0.192	0.18	0.195
2020-02-05T11:20:02Z	0.225	0.192	0.18	0.195
2020-02-05T11:40:02Z	0.225	0.192	0.18	0.195
2020-02-05T12:00:02Z	0.225	0.192	0.18	0.195
2020-02-05T12:20:02Z	0.225	0.192	0.18	0.195
2020-02-05T12:40:02Z	0.224	0.192	0.18	0.195
2020-02-05T13:00:02Z	0.224	0.192	0.18	0.195
2020-02-05T13:20:02Z	0.224	0.191	0.18	0.195
2020-02-05T13:40:02Z	0.224	0.191	0.18	0.195
2020-02-05T14:00:02Z	0.224	0.191	0.18	0.195
2020-02-05T14:20:02Z	0.224	0.191	0.18	0.195
2020-02-05T14:40:02Z	0.224	0.191	0.18	0.195
2020-02-05T15:00:02Z	0.224	0.191	0.18	0.195
2020-02-05T15:20:02Z	0.224	0.192	0.18	0.195
2020-02-05T15:40:02Z	0.224	0.192	0.18	0.196
2020-02-05T16:00:02Z	0.225	0.192	0.18	0.196
2020-02-05T16:20:02Z	0.225	0.192	0.18	0.196
2020-02-05T16:40:02Z	0.224	0.192	0.18	0.196
2020-02-05T17:00:02Z	0.225	0.192	0.18	0.196
2020-02-05T17:20:02Z	0.225	0.192	0.18	0.196
2020-02-05T17:40:02Z	0.224	0.192	0.18	0.196
2020-02-05T18:00:02Z	0.224	0.192	0.18	0.196
2020-02-05T18:20:02Z	0.224	0.192	0.18	0.196
2020-02-05T18:40:02Z	0.224	0.192	0.18	0.196
2020-02-05T19:00:02Z	0.224	0.192	0.18	0.196
2020-02-05T19:20:02Z	0.224	0.192	0.18	0.196
2020-02-05T19:40:02Z	0.224	0.192	0.18	0.196
2020-02-05T20:00:02Z	0.224	0.191	0.18	0.196
2020-02-05T20:20:02Z	0.224	0.192	0.18	0.196
2020-02-05T20:40:02Z	0.224	0.192	0.18	0.196
2020-02-05T21:00:02Z	0.224	0.192	0.18	0.196
2020-02-05T21:20:02Z	0.224	0.192	0.18	0.196
2020-02-05T21:40:02Z	0.224	0.192	0.18	0.196
2020-02-05T22:00:02Z	0.224	0.191	0.18	0.195
2020-02-05T22:20:02Z	0.224	0.191	0.18	0.195
2020-02-05T22:40:02Z	0.224	0.191	0.18	0.195
2020-02-05T23:00:02Z	0.224	0.191	0.18	0.195
2020-02-05T23:20:02Z	0.224	0.191	0.18	0.195
2020-02-05T23:40:02Z	0.224	0.191	0.18	0.195
2020-02-06T00:00:02Z	0.224	0.191	0.18	0.195
2020-02-06T00:20:02Z	0.224	0.191	0.18	0.195
2020-02-06T00:40:02Z	0.224	0.191	0.18	0.195
2020-02-06T01:00:02Z	0.224	0.191	0.18	0.195
2020-02-06T01:20:02Z	0.224	0.191	0.18	0.195
2020-02-06T01:40:02Z	0.224	0.191	0.18	0.195
2020-02-06T02:00:02Z	0.224	0.191	0.18	0.195
2020-02-06T02:20:02Z	0.224	0.191	0.18	0.195
2020-02-06T02:40:02Z	0.224	0.191	0.18	0.195
2020-02-06T03:00:02Z	0.224	0.191	0.18	0.195
2020-02-06T03:20:02Z	0.224	0.191	0.18	0.195
2020-02-06T03:40:02Z	0.224	0.191	0.179	0.195
2020-02-06T04:00:02Z	0.224	0.191	0.179	0.195
2020-02-06T04:20:02Z	0.224	0.191	0.179	0.195
2020-02-06T04:40:02Z	0.224	0.191	0.179	0.195
2020-02-06T05:00:02Z	0.224	0.191	0.179	0.195
2020-02-06T05:20:02Z	0.224	0.191	0.179	0.195
2020-02-06T05:40:02Z	0.224	0.191	0.179	0.195
2020-02-06T06:00:02Z	0.224	0.191	0.179	0.195
2020-02-06T06:20:02Z	0.224	0.191	0.179	0.195
2020-02-06T06:40:02Z	0.224	0.191	0.179	0.195
2020-02-06T07:00:02Z	0.224	0.191	0.179	0.195
2020-02-06T07:20:02Z	0.224	0.191	0.179	0.195
2020-02-06T07:40:02Z	0.224	0.19	0.179	0.195
2020-02-06T08:00:02Z	0.224	0.191	0.179	0.195
2020-02-06T08:20:02Z	0.224	0.19	0.179	0.195
2020-02-06T08:40:02Z	0.224	0.19	0.179	0.195
2020-02-06T09:00:02Z	0.224	0.19	0.179	0.195
2020-02-06T09:20:02Z	0.224	0.19	0.179	0.195
2020-02-06T09:40:02Z	0.224	0.19	0.179	0.195
2020-02-06T10:00:02Z	0.224	0.19	0.179	0.195
2020-02-06T10:20:02Z	0.224	0.19	0.179	0.195
2020-02-06T10:40:02Z	0.224	0.19	0.179	0.195
2020-02-06T11:00:02Z	0.223	0.19	0.179	0.195
2020-02-06T11:20:02Z	0.223	0.19	0.179	0.195
2020-02-06T11:40:02Z	0.223	0.19	0.179	0.195
2020-02-06T12:00:02Z	0.223	0.19	0.179	0.195
2020-02-06T12:20:02Z	0.223	0.19	0.179	0.195
2020-02-06T12:40:02Z	0.223	0.19	0.179	0.195
2020-02-06T13:00:02Z	0.223	0.19	0.179	0.195
2020-02-06T13:20:02Z	0.223	0.19	0.179	0.195
2020-02-06T13:40:02Z	0.223	0.19	0.179	0.195
2020-02-06T14:00:02Z	0.223	0.19	0.179	0.195
2020-02-06T14:20:02Z	0.223	0.19	0.179	0.195
2020-02-06T14:40:02Z	0.223	0.19	0.179	0.195
2020-02-06T15:00:02Z	0.223	0.19	0.179	0.195
2020-02-06T15:20:02Z	0.222	0.19	0.179	0.195
2020-02-06T15:40:02Z	0.222	0.19	0.179	0.195
2020-02-06T16:00:02Z	0.222	0.19	0.179	0.195
2020-02-06T16:20:02Z	0.222	0.19	0.179	0.195
2020-02-06T16:40:02Z	0.222	0.19	0.179	0.195
2020-02-06T17:00:02Z	0.222	0.19	0.179	0.195
2020-02-06T17:20:02Z	0.222	0.19	0.179	0.195
2020-02-06T17:40:02Z	0.222	0.19	0.179	0.195
2020-02-06T18:00:02Z	0.222	0.19	0.179	0.195
2020-02-06T18:20:02Z	0.222	0.19	0.179	0.195
2020-02-06T18:40:02Z	0.222	0.19	0.179	0.195
2020-02-06T19:00:02Z	0.222	0.19	0.179	0.195
2020-02-06T19:20:02Z	0.222	0.19	0.179	0.195
2020-02-06T19:40:02Z	0.222	0.19	0.179	0.195
2020-02-06T20:00:02Z	0.222	0.19	0.179	0.195
2020-02-06T20:20:02Z	0.222	0.19	0.179	0.195
2020-02-06T20:40:02Z	0.222	0.19	0.179	0.195
2020-02-06T21:00:02Z	0.222	0.19	0.179	0.195
2020-02-06T21:20:02Z	0.222	0.19	0.179	0.195
2020-02-06T21:40:02Z	0.222	0.19	0.179	0.195
2020-02-06T22:00:02Z	0.222	0.19	0.179	0.195
2020-02-06T22:20:02Z	0.222	0.19	0.179	0.195
2020-02-06T22:40:02Z	0.222	0.19	0.179	0.195
2020-02-06T23:00:02Z	0.222	0.19	0.179	0.195
2020-02-06T23:20:02Z	0.222	0.19	0.179	0.195
2020-02-06T23:40:02Z	0.222	0.19	0.179	0.195
2020-02-07T00:00:02Z	0.222	0.19	0.179	0.195
2020-02-07T00:20:02Z	0.222	0.19	0.179	0.195
2020-02-07T00:40:02Z	0.222	0.19	0.179	0.194
2020-02-07T01:00:02Z	0.222	0.19	0.179	0.195
2020-02-07T01:20:02Z	0.222	0.189	0.179	0.195
2020-02-07T01:40:02Z	0.222	0.189	0.179	0.195
2020-02-07T02:00:02Z	0.222	0.189	0.179	0.195
2020-02-07T02:20:02Z	0.222	0.189	0.179	0.194
2020-02-07T02:40:02Z	0.222	0.189	0.179	0.194
2020-02-07T03:00:02Z	0.222	0.189	0.178	0.194
2020-02-07T03:20:02Z	0.222	0.189	0.179	0.195
2020-02-07T03:40:02Z	0.222	0.189	0.179	0.194
2020-02-07T04:00:02Z	0.222	0.189	0.178	0.194
2020-02-07T04:20:02Z	0.222	0.189	0.179	0.194
2020-02-07T04:40:02Z	0.222	0.189	0.179	0.194
2020-02-07T05:00:02Z	0.222	0.189	0.178	0.194
2020-02-07T05:20:02Z	0.222	0.189	0.179	0.194
2020-02-07T05:40:02Z	0.222	0.189	0.179	0.194
2020-02-07T06:00:02Z	0.222	0.189	0.179	0.194
2020-02-07T06:20:02Z	0.222	0.189	0.178	0.194
2020-02-07T06:40:02Z	0.222	0.189	0.178	0.194
2020-02-07T07:00:02Z	0.222	0.189	0.178	0.194
2020-02-07T07:20:02Z	0.222	0.189	0.178	0.194
2020-02-07T07:40:02Z	0.222	0.189	0.178	0.194
2020-02-07T08:00:02Z	0.222	0.189	0.178	0.194
2020-02-07T08:20:02Z	0.222	0.189	0.178	0.194
2020-02-07T08:40:02Z	0.222	0.189	0.178	0.194
2020-02-07T09:00:02Z	0.222	0.189	0.178	0.194
2020-02-07T09:20:02Z	0.222	0.189	0.178	0.194
2020-02-07T09:40:02Z	0.222	0.189	0.178	0.194
2020-02-07T10:00:02Z	0.222	0.189	0.178	0.194
2020-02-07T10:20:02Z	0.222	0.189	0.178	0.194
2020-02-07T10:40:02Z	0.222	0.189	0.178	0.194
2020-02-07T11:00:02Z	0.222	0.189	0.178	0.194
2020-02-07T11:20:02Z	0.222	0.189	0.178	0.194
2020-02-07T11:40:02Z	0.222	0.189	0.178	0.194
2020-02-07T12:00:02Z	0.222	0.188	0.178	0.194
2020-02-07T12:20:02Z	0.222	0.189	0.178	0.194
2020-02-07T12:40:02Z	0.222	0.189	0.178	0.194
2020-02-07T13:00:02Z	0.222	0.189	0.178	0.194
2020-02-07T13:20:02Z	0.222	0.189	0.178	0.194
2020-02-07T13:40:02Z	0.222	0.189	0.178	0.194
2020-02-07T14:00:02Z	0.222	0.189	0.178	0.194
2020-02-07T14:20:02Z	0.222	0.189	0.178	0.194
2020-02-07T14:40:02Z	0.222	0.189	0.178	0.194
2020-02-07T15:00:02Z	0.222	0.188	0.178	0.194
2020-02-07T15:20:02Z	0.222	0.188	0.178	0.194
2020-02-07T15:40:02Z	0.222	0.189	0.178	0.194
2020-02-07T16:00:02Z	0.222	0.188	0.178	0.194
2020-02-07T16:20:02Z	0.222	0.188	0.178	0.194
2020-02-07T16:40:02Z	0.222	0.189	0.178	0.194
2020-02-07T17:00:02Z	0.221	0.189	0.178	0.194
2020-02-07T17:20:02Z	0.222	0.188	0.178	0.194
2020-02-07T17:40:02Z	0.222	0.189	0.178	0.194
2020-02-07T18:00:02Z	0.222	0.189	0.178	0.194
2020-02-07T18:20:02Z	0.222	0.189	0.178	0.194
2020-02-07T18:40:02Z	0.222	0.188	0.178	0.194
2020-02-07T19:00:02Z	0.221	0.188	0.178	0.194
2020-02-07T19:20:02Z	0.221	0.188	0.178	0.194
2020-02-07T19:40:02Z	0.221	0.188	0.178	0.194
2020-02-07T20:00:02Z	0.221	0.188	0.178	0.194
2020-02-07T20:20:02Z	0.221	0.188	0.178	0.194
2020-02-07T20:40:02Z	0.221	0.188	0.178	0.194
2020-02-07T21:00:02Z	0.221	0.188	0.178	0.194
2020-02-07T21:20:02Z	0.221	0.188	0.178	0.194
2020-02-07T21:40:02Z	0.221	0.188	0.178	0.194
2020-02-07T22:00:02Z	0.221	0.188	0.178	0.194
2020-02-07T22:20:02Z	0.221	0.188	0.178	0.194
2020-02-07T22:40:02Z	0.221	0.188	0.178	0.194
2020-02-07T23:00:02Z	0.221	0.188	0.178	0.194
2020-02-07T23:20:02Z	0.221	0.188	0.178	0.194
2020-02-07T23:40:02Z	0.221	0.188	0.178	0.194
2020-02-08T00:00:02Z	0.221	0.188	0.178	0.194
2020-02-08T00:20:02Z	0.221	0.188	0.178	0.194
2020-02-08T00:40:02Z	0.221	0.188	0.178	0.194
2020-02-08T01:00:02Z	0.221	0.188	0.178	0.194
2020-02-08T01:20:02Z	0.221	0.188	0.178	0.194
2020-02-08T01:40:02Z	0.221	0.188	0.178	0.194
2020-02-08T02:00:02Z	0.221	0.188	0.178	0.194
2020-02-08T02:20:02Z	0.221	0.188	0.178	0.194
2020-02-08T02:40:02Z	0.221	0.188	0.178	0.194
2020-02-08T03:00:02Z	0.221	0.188	0.178	0.194
2020-02-08T03:20:02Z	0.221	0.188	0.178	0.194
2020-02-08T03:40:02Z	0.221	0.188	0.178	0.194
2020-02-08T04:00:02Z	0.221	0.188	0.178	0.194
2020-02-08T04:20:02Z	0.221	0.188	0.178	0.194
2020-02-08T04:40:02Z	0.221	0.188	0.178	0.194
2020-02-08T05:00:02Z	0.221	0.188	0.178	0.194
2020-02-08T05:20:02Z	0.221	0.188	0.178	0.194
2020-02-08T05:40:02Z	0.221	0.188	0.178	0.194
2020-02-08T06:00:02Z	0.221	0.188	0.178	0.194
2020-02-08T06:20:02Z	0.221	0.188	0.178	0.194
2020-02-08T06:40:02Z	0.221	0.188	0.178	0.194
2020-02-08T07:00:02Z	0.221	0.188	0.178	0.194
2020-02-08T07:20:02Z	0.221	0.188	0.178	0.194
2020-02-08T07:40:02Z	0.221	0.188	0.178	0.194
2020-02-08T08:00:02Z	0.221	0.188	0.178	0.194
2020-02-08T08:20:02Z	0.221	0.188	0.178	0.194
2020-02-08T08:40:02Z	0.221	0.188	0.178	0.194
2020-02-08T09:00:02Z	0.22	0.188	0.178	0.194
2020-02-08T09:20:02Z	0.22	0.188	0.178	0.194
2020-02-08T09:40:02Z	0.22	0.188	0.178	0.194
2020-02-08T10:00:02Z	0.22	0.188	0.178	0.194
2020-02-08T10:20:02Z	0.22	0.188	0.178	0.194
2020-02-08T10:40:02Z	0.22	0.187	0.178	0.194
2020-02-08T11:00:02Z	0.22	0.187	0.178	0.194
2020-02-08T11:20:02Z	0.22	0.187	0.177	0.194
2020-02-08T11:40:02Z	0.22	0.187	0.177	0.194
2020-02-08T12:00:02Z	0.22	0.187	0.177	0.194
2020-02-08T12:20:02Z	0.22	0.187	0.177	0.194
2020-02-08T12:40:02Z	0.22	0.187	0.177	0.194
2020-02-08T13:00:02Z	0.219	0.187	0.177	0.194
2020-02-08T13:20:02Z	0.219	0.187	0.177	0.194
2020-02-08T13:40:02Z	0.219	0.187	0.177	0.194
2020-02-08T14:00:02Z	0.219	0.187	0.177	0.194
2020-02-08T14:20:02Z	0.219	0.187	0.178	0.194
2020-02-08T14:40:02Z	0.219	0.187	0.178	0.194
2020-02-08T15:00:02Z	0.22	0.187	0.178	0.194
2020-02-08T15:20:02Z	0.219	0.187	0.178	0.194
2020-02-08T15:40:02Z	0.22	0.187	0.178	0.194
2020-02-08T16:00:02Z	0.219	0.187	0.178	0.194
2020-02-08T16:20:02Z	0.22	0.187	0.178	0.194
2020-02-08T16:40:02Z	0.22	0.187	0.178	0.194
2020-02-08T17:00:02Z	0.22	0.187	0.178	0.194
2020-02-08T17:20:02Z	0.22	0.187	0.178	0.194
2020-02-08T17:40:02Z	0.22	0.187	0.178	0.194
2020-02-08T18:00:02Z	0.22	0.187	0.178	0.194
2020-02-08T18:20:02Z	0.22	0.187	0.178	0.194
2020-02-08T18:40:02Z	0.22	0.187	0.178	0.194
2020-02-08T19:00:02Z	0.22	0.187	0.178	0.194
2020-02-08T19:20:02Z	0.22	0.187	0.178	0.194
2020-02-08T19:40:02Z	0.22	0.187	0.178	0.194
2020-02-08T20:00:02Z	0.219	0.187	0.178	0.194
2020-02-08T20:20:02Z	0.219	0.187	0.178	0.194
2020-02-08T20:40:02Z	0.219	0.187	0.178	0.194
2020-02-08T21:00:02Z	0.219	0.187	0.178	0.194
2020-02-08T21:20:02Z	0.219	0.187	0.178	0.194
2020-02-08T21:40:02Z	0.219	0.187	0.178	0.194
2020-02-08T22:00:02Z	0.219	0.187	0.178	0.194
2020-02-08T22:20:02Z	0.219	0.187	0.178	0.194
2020-02-08T22:40:02Z	0.219	0.187	0.178	0.194
2020-02-08T23:00:02Z	0.219	0.187	0.178	0.194
2020-02-08T23:20:02Z	0.219	0.187	0.178	0.194
2020-02-08T23:40:02Z	0.219	0.187	0.178	0.194
2020-02-09T00:00:02Z	0.219	0.187	0.178	0.194
2020-02-09T00:20:02Z	0.219	0.187	0.178	0.194
2020-02-09T00:40:02Z	0.219	0.187	0.178	0.194
2020-02-09T01:00:02Z	0.219	0.187	0.178	0.194
2020-02-09T01:20:02Z	0.219	0.187	0.178	0.194
2020-02-09T01:40:02Z	0.219	0.187	0.178	0.194
2020-02-09T02:00:02Z	0.219	0.187	0.177	0.194
2020-02-09T02:20:02Z	0.218	0.187	0.178	0.194
2020-02-09T02:40:02Z	0.218	0.187	0.178	0.194
2020-02-09T03:00:02Z	0.218	0.187	0.177	0.194
2020-02-09T03:20:02Z	0.218	0.187	0.177	0.194
2020-02-09T03:40:02Z	0.218	0.187	0.177	0.194
2020-02-09T04:00:02Z	0.218	0.187	0.177	0.194
2020-02-09T04:20:02Z	0.218	0.187	0.178	0.194
2020-02-09T04:40:02Z	0.218	0.187	0.178	0.194
2020-02-09T05:00:02Z	0.218	0.187	0.177	0.194
2020-02-09T05:20:02Z	0.218	0.187	0.177	0.194
2020-02-09T05:40:02Z	0.218	0.187	0.177	0.194
2020-02-09T06:00:02Z	0.218	0.187	0.178	0.194
2020-02-09T06:20:02Z	0.218	0.187	0.177	0.194
2020-02-09T06:40:02Z	0.218	0.187	0.177	0.194
2020-02-09T07:00:02Z	0.218	0.187	0.177	0.194
2020-02-09T07:20:02Z	0.218	0.187	0.177	0.194
2020-02-09T07:40:02Z	0.218	0.187	0.177	0.194
2020-02-09T08:00:02Z	0.218	0.186	0.177	0.194
2020-02-09T08:20:02Z	0.218	0.186	0.177	0.194
2020-02-09T08:40:02Z	0.218	0.186	0.177	0.194
2020-02-09T09:00:02Z	0.218	0.186	0.177	0.193
2020-02-09T09:20:02Z	0.217	0.186	0.177	0.193
2020-02-09T09:40:02Z	0.217	0.186	0.177	0.193
2020-02-09T10:00:02Z	0.217	0.186	0.177	0.193
2020-02-09T10:20:02Z	0.217	0.186	0.177	0.193
2020-02-09T10:40:02Z	0.217	0.186	0.177	0.193
2020-02-09T11:00:02Z	0.216	0.186	0.177	0.193
2020-02-09T11:20:02Z	0.216	0.186	0.177	0.193
2020-02-09T11:40:02Z	0.216	0.186	0.177	0.193
2020-02-09T12:00:02Z	0.216	0.186	0.177	0.193
2020-02-09T12:20:02Z	0.216	0.186	0.177	0.193
2020-02-09T12:40:02Z	0.216	0.186	0.177	0.193
2020-02-09T13:00:02Z	0.216	0.186	0.177	0.193
2020-02-09T13:20:02Z	0.216	0.186	0.177	0.193
2020-02-09T13:40:02Z	0.216	0.186	0.177	0.193
2020-02-09T14:00:02Z	0.215	0.186	0.177	0.193
2020-02-09T14:20:02Z	0.215	0.186	0.177	0.193
2020-02-09T14:40:02Z	0.215	0.186	0.177	0.193
2020-02-09T15:00:02Z	0.215	0.186	0.177	0.193
2020-02-09T15:20:02Z	0.215	0.186	0.177	0.193
2020-02-09T15:40:02Z	0.215	0.186	0.177	0.193
2020-02-09T16:00:02Z	0.215	0.185	0.177	0.193
2020-02-09T16:20:02Z	0.215	0.185	0.177	0.193
2020-02-09T16:40:02Z	0.215	0.185	0.177	0.193
2020-02-09T17:00:02Z	0.215	0.185	0.177	0.193
2020-02-09T17:20:02Z	0.214	0.185	0.177	0.193
2020-02-09T17:40:02Z	0.214	0.185	0.177	0.193
2020-02-09T18:00:02Z	0.214	0.185	0.177	0.193
2020-02-09T18:20:02Z	0.214	0.185	0.176	0.193
2020-02-09T18:40:02Z	0.214	0.185	0.177	0.193
2020-02-09T19:00:02Z	0.214	0.185	0.176	0.193
2020-02-09T19:20:02Z	0.214	0.185	0.176	0.193
2020-02-09T19:40:02Z	0.214	0.185	0.177	0.193
2020-02-09T20:00:02Z	0.214	0.185	0.177	0.193
2020-02-09T20:20:02Z	0.214	0.185	0.176	0.193
2020-02-09T20:40:02Z	0.214	0.185	0.176	0.193
2020-02-09T21:00:02Z	0.214	0.185	0.176	0.193
2020-02-09T21:20:02Z	0.214	0.185	0.176	0.193
2020-02-09T21:40:02Z	0.214	0.185	0.176	0.193
2020-02-09T22:00:02Z	0.214	0.185	0.176	0.193
2020-02-09T22:20:02Z	0.214	0.185	0.176	0.193
2020-02-09T22:40:02Z	0.214	0.185	0.176	0.193
2020-02-09T23:00:02Z	0.214	0.185	0.176	0.193
2020-02-09T23:20:02Z	0.214	0.185	0.176	0.193
2020-02-09T23:40:02Z	0.214	0.184	0.176	0.193
2020-02-10T00:00:02Z	0.214	0.184	0.176	0.193
2020-02-10T00:20:02Z	0.214	0.184	0.176	0.193
2020-02-10T00:40:02Z	0.214	0.184	0.176	0.193
2020-02-10T01:00:02Z	0.213	0.184	0.176	0.193
2020-02-10T01:20:02Z	0.213	0.184	0.176	0.193
2020-02-10T01:40:02Z	0.217	0.185	0.177	0.193
2020-02-10T02:00:02Z	0.23	0.186	0.177	0.193
2020-02-10T02:20:02Z	0.248	0.186	0.177	0.193
2020-02-10T02:40:02Z	0.256	0.201	0.177	0.193
2020-02-10T03:00:02Z	0.254	0.206	0.177	0.193
2020-02-10T03:20:02Z	0.253	0.207	0.178	0.193
2020-02-10T03:40:02Z	0.252	0.207	0.178	0.193
2020-02-10T04:00:02Z	0.253	0.208	0.178	0.193
2020-02-10T04:20:02Z	0.252	0.208	0.179	0.193
2020-02-10T04:40:02Z	0.252	0.209	0.179	0.193
2020-02-10T05:00:02Z	0.25	0.208	0.18	0.194
2020-02-10T05:20:02Z	0.249	0.208	0.18	0.194
2020-02-10T05:40:02Z	0.249	0.208	0.18	0.194
2020-02-10T06:00:02Z	0.251	0.209	0.181	0.194
2020-02-10T06:20:02Z	0.251	0.209	0.181	0.194
2020-02-10T06:40:02Z	0.25	0.21	0.182	0.194
2020-02-10T07:00:02Z	0.25	0.209	0.182	0.194
2020-02-10T07:20:02Z	0.249	0.209	0.182	0.194
2020-02-10T07:40:02Z	0.248	0.208	0.182	0.194
2020-02-10T08:00:02Z	0.248	0.208	0.183	0.195
2020-02-10T08:20:02Z	0.248	0.208	0.183	0.195
2020-02-10T08:40:02Z	0.247	0.208	0.183	0.195
2020-02-10T09:00:02Z	0.247	0.208	0.183	0.195
2020-02-10T09:20:02Z	0.246	0.207	0.183	0.195
2020-02-10T09:40:02Z	0.247	0.208	0.183	0.196
2020-02-10T10:00:02Z	0.25	0.208	0.184	0.196
2020-02-10T10:20:02Z	0.257	0.213	0.184	0.196
2020-02-10T10:40:02Z	0.256	0.215	0.187	0.196
2020-02-10T11:00:02Z	0.255	0.215	0.189	0.197
2020-02-10T11:20:02Z	0.254	0.215	0.19	0.197
2020-02-10T11:40:02Z	0.253	0.214	0.19	0.197
2020-02-10T12:00:02Z	0.252	0.214	0.19	0.198
2020-02-10T12:20:02Z	0.252	0.214	0.19	0.198
2020-02-10T12:40:02Z	0.252	0.213	0.19	0.198
2020-02-10T13:00:02Z	0.25	0.212	0.19	0.199
2020-02-10T13:20:02Z	0.25	0.212	0.19	0.2
2020-02-10T13:40:02Z	0.249	0.212	0.19	0.2
2020-02-10T14:00:02Z	0.248	0.211	0.19	0.2
2020-02-10T14:20:02Z	0.247	0.21	0.189	0.2
2020-02-10T14:40:02Z	0.247	0.21	0.189	0.2
2020-02-10T15:00:02Z	0.246	0.21	0.189	0.2
2020-02-10T15:20:02Z	0.246	0.209	0.189	0.2
2020-02-10T15:40:02Z	0.245	0.209	0.189	0.2
2020-02-10T16:00:02Z	0.244	0.209	0.189	0.2
2020-02-10T16:20:02Z	0.244	0.208	0.189	0.2
2020-02-10T16:40:02Z	0.244	0.208	0.188	0.2
2020-02-10T17:00:02Z	0.244	0.208	0.188	0.2
2020-02-10T17:20:02Z	0.243	0.208	0.188	0.2
2020-02-10T17:40:02Z	0.243	0.208	0.188	0.2
2020-02-10T18:00:02Z	0.242	0.207	0.188	0.2
2020-02-10T18:20:02Z	0.242	0.207	0.188	0.2
2020-02-10T18:40:02Z	0.241	0.207	0.188	0.2
2020-02-10T19:00:02Z	0.241	0.206	0.188	0.2
2020-02-10T19:20:02Z	0.242	0.206	0.188	0.2
2020-02-10T19:40:02Z	0.241	0.206	0.188	0.2
2020-02-10T20:00:02Z	0.241	0.206	0.187	0.2
2020-02-10T20:20:02Z	0.241	0.206	0.187	0.2
2020-02-10T20:40:02Z	0.24	0.206	0.187	0.2
2020-02-10T21:00:02Z	0.239	0.205	0.187	0.2
2020-02-10T21:20:02Z	0.239	0.205	0.187	0.2
2020-02-10T21:40:02Z	0.238	0.205	0.187	0.199
2020-02-10T22:00:02Z	0.238	0.205	0.186	0.199
2020-02-10T22:20:02Z	0.238	0.204	0.186	0.199
2020-02-10T22:40:02Z	0.237	0.204	0.186	0.199
2020-02-10T23:00:02Z	0.237	0.204	0.186	0.199
2020-02-10T23:20:02Z	0.237	0.204	0.186	0.199
2020-02-10T23:40:02Z	0.237	0.204	0.186	0.199
2020-02-11T00:00:02Z	0.237	0.204	0.186	0.199
2020-02-11T00:20:02Z	0.236	0.204	0.186	0.199
2020-02-11T00:40:02Z	0.237	0.204	0.186	0.199
2020-02-11T01:00:02Z	0.24	0.204	0.186	0.199
2020-02-11T01:20:02Z	0.24	0.205	0.186	0.199
2020-02-11T01:40:02Z	0.24	0.205	0.186	0.199
2020-02-11T02:00:02Z	0.24	0.205	0.186	0.199
2020-02-11T02:20:02Z	0.239	0.205	0.186	0.199
2020-02-11T02:40:02Z	0.239	0.205	0.186	0.199
2020-02-11T03:00:02Z	0.238	0.205	0.186	0.199
2020-02-11T03:20:02Z	0.238	0.205	0.186	0.199
2020-02-11T03:40:02Z	0.238	0.204	0.186	0.199
2020-02-11T04:00:02Z	0.237	0.204	0.186	0.199
2020-02-11T04:20:02Z	0.237	0.204	0.186	0.199
2020-02-11T04:40:02Z	0.237	0.204	0.186	0.199
2020-02-11T05:00:02Z	0.237	0.204	0.186	0.199
2020-02-11T05:20:02Z	0.237	0.204	0.186	0.199
2020-02-11T05:40:02Z	0.236	0.204	0.186	0.199
2020-02-11T06:00:02Z	0.236	0.204	0.186	0.199
2020-02-11T06:20:02Z	0.236	0.203	0.186	0.199
2020-02-11T06:40:02Z	0.236	0.203	0.186	0.199
2020-02-11T07:00:02Z	0.235	0.203	0.186	0.198
2020-02-11T07:20:02Z	0.235	0.203	0.186	0.198
2020-02-11T07:40:02Z	0.235	0.203	0.186	0.198
2020-02-11T08:00:02Z	0.235	0.202	0.186	0.198
2020-02-11T08:20:02Z	0.235	0.202	0.185	0.198
2020-02-11T08:40:02Z	0.235	0.202	0.185	0.198
2020-02-11T09:00:02Z	0.234	0.202	0.185	0.198
2020-02-11T09:20:02Z	0.234	0.202	0.185	0.198
2020-02-11T09:40:02Z	0.234	0.202	0.185	0.198
2020-02-11T10:00:02Z	0.233	0.202	0.185	0.198
2020-02-11T10:20:02Z	0.233	0.202	0.185	0.198
2020-02-11T10:40:02Z	0.233	0.201	0.185	0.198
2020-02-11T11:00:02Z	0.233	0.201	0.185	0.198
2020-02-11T11:20:02Z	0.233	0.201	0.185	0.198
2020-02-11T11:40:02Z	0.232	0.201	0.185	0.198
2020-02-11T12:00:02Z	0.232	0.2	0.185	0.198
2020-02-11T12:20:02Z	0.232	0.2	0.185	0.198
2020-02-11T12:40:02Z	0.232	0.2	0.185	0.198
2020-02-11T13:00:02Z	0.232	0.2	0.185	0.198
2020-02-11T13:20:02Z	0.232	0.2	0.184	0.198
2020-02-11T13:40:02Z	0.231	0.2	0.184	0.198
2020-02-11T14:00:02Z	0.231	0.2	0.184	0.198
2020-02-11T14:20:02Z	0.231	0.2	0.184	0.198
2020-02-11T14:40:02Z	0.231	0.2	0.184	0.198
2020-02-11T15:00:02Z	0.231	0.2	0.184	0.198
2020-02-11T15:20:02Z	0.23	0.199	0.184	0.198
2020-02-11T15:40:02Z	0.23	0.199	0.184	0.198
2020-02-11T16:00:02Z	0.23	0.199	0.184	0.198
2020-02-11T16:20:02Z	0.23	0.199	0.184	0.198
2020-02-11T16:40:02Z	0.23	0.199	0.184	0.198
2020-02-11T17:00:02Z	0.23	0.199	0.184	0.198
2020-02-11T17:20:02Z	0.23	0.199	0.184	0.198
2020-02-11T17:40:02Z	0.23	0.199	0.184	0.198
2020-02-11T18:00:02Z	0.23	0.199	0.184	0.198
2020-02-11T18:20:02Z	0.23	0.199	0.184	0.198
2020-02-11T18:40:02Z	0.23	0.199	0.184	0.198
2020-02-11T19:00:02Z	0.229	0.199	0.184	0.198
2020-02-11T19:20:02Z	0.229	0.198	0.184	0.198
2020-02-11T19:40:02Z	0.229	0.198	0.184	0.198
2020-02-11T20:00:02Z	0.229	0.198	0.184	0.198
2020-02-11T20:20:02Z	0.229	0.198	0.184	0.197
2020-02-11T20:40:02Z	0.229	0.198	0.184	0.198
2020-02-11T21:00:02Z	0.229	0.198	0.184	0.197
2020-02-11T21:20:02Z	0.229	0.198	0.184	0.197
2020-02-11T21:40:02Z	0.229	0.198	0.184	0.197
2020-02-11T22:00:02Z	0.229	0.198	0.184	0.197
2020-02-11T22:20:02Z	0.229	0.198	0.183	0.197
2020-02-11T22:40:02Z	0.229	0.198	0.183	0.197
2020-02-11T23:00:02Z	0.229	0.198	0.183	0.197
2020-02-11T23:20:02Z	0.229	0.198	0.183	0.197
2020-02-11T23:40:02Z	0.229	0.198	0.183	0.197
2020-02-12T00:00:02Z	0.229	0.198	0.183	0.197
2020-02-12T00:20:02Z	0.229	0.198	0.183	0.197
2020-02-12T00:40:02Z	0.229	0.198	0.183	0.197
2020-02-12T01:00:02Z	0.229	0.198	0.183	0.197
2020-02-12T01:20:02Z	0.229	0.198	0.183	0.197
2020-02-12T01:40:02Z	0.229	0.198	0.183	0.197
2020-02-12T02:00:02Z	0.229	0.197	0.183	0.197
2020-02-12T02:20:02Z	0.229	0.198	0.183	0.197
2020-02-12T02:40:02Z	0.229	0.197	0.183	0.197
2020-02-12T03:00:02Z	0.229	0.197	0.183	0.197
2020-02-12T03:20:02Z	0.229	0.197	0.183	0.197
2020-02-12T03:40:02Z	0.229	0.197	0.183	0.197
2020-02-12T04:00:02Z	0.229	0.197	0.183	0.197
2020-02-12T04:20:02Z	0.229	0.197	0.183	0.197
2020-02-12T04:40:02Z	0.229	0.197	0.183	0.197
2020-02-12T05:00:02Z	0.229	0.197	0.183	0.197
2020-02-12T05:20:02Z	0.229	0.197	0.183	0.197
2020-02-12T05:40:02Z	0.228	0.197	0.183	0.197
2020-02-12T06:00:02Z	0.229	0.196	0.183	0.197
2020-02-12T06:20:02Z	0.229	0.196	0.183	0.197
2020-02-12T06:40:02Z	0.228	0.196	0.183	0.197
2020-02-12T07:00:02Z	0.228	0.196	0.183	0.197
2020-02-12T07:20:02Z	0.229	0.196	0.183	0.197
2020-02-12T07:40:02Z	0.228	0.196	0.183	0.197
2020-02-12T08:00:02Z	0.229	0.196	0.183	0.197
2020-02-12T08:20:02Z	0.228	0.196	0.183	0.197
2020-02-12T08:40:02Z	0.228	0.196	0.182	0.197
2020-02-12T09:00:02Z	0.228	0.196	0.182	0.197
2020-02-12T09:20:02Z	0.228	0.196	0.182	0.196
2020-02-12T09:40:02Z	0.228	0.196	0.182	0.196
2020-02-12T10:00:02Z	0.228	0.196	0.182	0.196
2020-02-12T10:20:02Z	0.228	0.196	0.182	0.196
2020-02-12T10:40:02Z	0.228	0.196	0.182	0.196
2020-02-12T11:00:02Z	0.228	0.196	0.182	0.196
2020-02-12T11:20:02Z	0.228	0.196	0.182	0.196
2020-02-12T11:40:02Z	0.228	0.195	0.182	0.196
2020-02-12T12:00:02Z	0.228	0.195	0.182	0.196
2020-02-12T12:20:02Z	0.227	0.195	0.182	0.196
2020-02-12T12:40:02Z	0.227	0.195	0.182	0.196
2020-02-12T13:00:02Z	0.227	0.195	0.182	0.196
2020-02-12T13:20:02Z	0.227	0.195	0.182	0.196
2020-02-12T13:40:02Z	0.227	0.195	0.182	0.196
2020-02-12T14:00:02Z	0.227	0.195	0.182	0.196
2020-02-12T14:20:02Z	0.226	0.195	0.182	0.196
2020-02-12T14:40:02Z	0.226	0.195	0.182	0.196
2020-02-12T15:00:02Z	0.226	0.195	0.182	0.196
2020-02-12T15:20:02Z	0.226	0.195	0.182	0.196
2020-02-12T15:40:02Z	0.226	0.194	0.182	0.196
2020-02-12T16:00:02Z	0.226	0.195	0.182	0.196
2020-02-12T16:20:02Z	0.226	0.195	0.182	0.196
2020-02-12T16:40:02Z	0.226	0.194	0.182	0.196
2020-02-12T17:00:02Z	0.226	0.195	0.182	0.196
2020-02-12T17:20:02Z	0.226	0.194	0.182	0.196
2020-02-12T17:40:02Z	0.226	0.194	0.182	0.196
2020-02-12T18:00:02Z	0.226	0.194	0.182	0.196
2020-02-12T18:20:02Z	0.226	0.194	0.182	0.196
2020-02-12T18:40:02Z	0.226	0.194	0.182	0.196
2020-02-12T19:00:02Z	0.226	0.194	0.182	0.196
2020-02-12T19:20:02Z	0.226	0.194	0.182	0.196
2020-02-12T19:40:02Z	0.226	0.194	0.182	0.196
2020-02-12T20:00:02Z	0.226	0.194	0.182	0.196
2020-02-12T20:20:02Z	0.226	0.194	0.182	0.196
2020-02-12T20:40:02Z	0.226	0.194	0.182	0.196
2020-02-12T21:00:02Z	0.226	0.194	0.182	0.196
2020-02-12T21:20:02Z	0.226	0.194	0.182	0.196
2020-02-12T21:40:02Z	0.226	0.194	0.181	0.196
2020-02-12T22:00:02Z	0.226	0.194	0.181	0.196
2020-02-12T22:20:02Z	0.226	0.194	0.181	0.196
2020-02-12T22:40:02Z	0.227	0.194	0.181	0.196
2020-02-12T23:00:02Z	0.227	0.194	0.181	0.196
2020-02-12T23:20:02Z	0.227	0.194	0.181	0.196
2020-02-12T23:40:02Z	0.227	0.194	0.181	0.196
2020-02-13T00:00:02Z	0.227	0.194	0.181	0.196
2020-02-13T00:20:02Z	0.227	0.194	0.181	0.196
2020-02-13T00:40:02Z	0.227	0.194	0.181	0.196
2020-02-13T01:00:02Z	0.227	0.194	0.181	0.196
2020-02-13T01:20:02Z	0.227	0.194	0.181	0.196
2020-02-13T01:40:02Z	0.227	0.194	0.181	0.195
2020-02-13T02:00:02Z	0.227	0.194	0.181	0.195
2020-02-13T02:20:02Z	0.227	0.194	0.181	0.195
2020-02-13T02:40:02Z	0.227	0.194	0.181	0.195
2020-02-13T03:00:02Z	0.228	0.194	0.181	0.195
2020-02-13T03:20:02Z	0.227	0.194	0.181	0.195
2020-02-13T03:40:02Z	0.227	0.194	0.181	0.195
2020-02-13T04:00:02Z	0.227	0.194	0.181	0.195
2020-02-13T04:20:02Z	0.227	0.194	0.181	0.195
2020-02-13T04:40:02Z	0.227	0.194	0.181	0.195
2020-02-13T05:00:02Z	0.227	0.194	0.181	0.195
2020-02-13T05:20:02Z	0.227	0.194	0.181	0.195
2020-02-13T05:40:02Z	0.227	0.194	0.181	0.195
2020-02-13T06:00:02Z	0.227	0.194	0.181	0.195
2020-02-13T06:20:02Z	0.227	0.194	0.181	0.195
2020-02-13T06:40:02Z	0.227	0.194	0.181	0.195
2020-02-13T07:00:02Z	0.227	0.194	0.181	0.195
2020-02-13T07:20:02Z	0.227	0.194	0.181	0.195
2020-02-13T07:40:02Z	0.227	0.194	0.181	0.195
2020-02-13T08:00:02Z	0.227	0.194	0.181	0.195
2020-02-13T08:20:02Z	0.227	0.194	0.181	0.195
2020-02-13T08:40:02Z	0.226	0.193	0.18	0.195
2020-02-13T09:00:02Z	0.226	0.193	0.18	0.195
2020-02-13T09:20:02Z	0.226	0.193	0.18	0.195
2020-02-13T09:40:02Z	0.226	0.193	0.18	0.195
2020-02-13T10:00:02Z	0.226	0.193	0.18	0.195
2020-02-13T10:20:02Z	0.226	0.193	0.18	0.195
2020-02-13T10:40:02Z	0.226	0.193	0.18	0.195
2020-02-13T11:00:02Z	0.226	0.193	0.18	0.195
2020-02-13T11:20:02Z	0.226	0.193	0.18	0.195
2020-02-13T11:40:02Z	0.226	0.193	0.18	0.195
2020-02-13T12:00:02Z	0.226	0.193	0.18	0.195
2020-02-13T12:20:02Z	0.226	0.193	0.18	0.195
2020-02-13T12:40:02Z	0.226	0.193	0.18	0.195
2020-02-13T13:00:02Z	0.226	0.193	0.18	0.195
2020-02-13T13:20:02Z	0.226	0.193	0.18	0.195
2020-02-13T13:40:02Z	0.226	0.193	0.18	0.195
2020-02-13T14:00:02Z	0.226	0.193	0.18	0.195
2020-02-13T14:20:02Z	0.226	0.193	0.18	0.195
2020-02-13T14:40:02Z	0.226	0.193	0.18	0.195
2020-02-13T15:00:02Z	0.226	0.193	0.18	0.195
2020-02-13T15:20:02Z	0.226	0.192	0.18	0.195
2020-02-13T15:40:02Z	0.226	0.192	0.18	0.195
2020-02-13T16:00:02Z	0.226	0.192	0.18	0.195
2020-02-13T16:20:02Z	0.226	0.192	0.18	0.195
2020-02-13T16:40:02Z	0.226	0.192	0.18	0.195
2020-02-13T17:00:02Z	0.226	0.192	0.18	0.195
2020-02-13T17:20:02Z	0.226	0.193	0.18	0.195
2020-02-13T17:40:02Z	0.226	0.192	0.18	0.195
2020-02-13T18:00:02Z	0.226	0.193	0.18	0.195
2020-02-13T18:20:02Z	0.226	0.193	0.18	0.195
2020-02-13T18:40:02Z	0.226	0.193	0.18	0.195
2020-02-13T19:00:02Z	0.226	0.193	0.18	0.195
2020-02-13T19:20:02Z	0.226	0.193	0.18	0.195
2020-02-13T19:40:02Z	0.226	0.193	0.18	0.195
2020-02-13T20:00:02Z	0.226	0.192	0.18	0.195
2020-02-13T20:20:02Z	0.226	0.193	0.18	0.195
2020-02-13T20:40:02Z	0.226	0.193	0.18	0.195
2020-02-13T21:00:02Z	0.227	0.193	0.18	0.195
2020-02-13T21:20:02Z	0.228	0.193	0.18	0.195
2020-02-13T21:40:02Z	0.228	0.193	0.18	0.195
2020-02-13T22:00:02Z	0.229	0.193	0.18	0.195
2020-02-13T22:20:02Z	0.229	0.194	0.18	0.195
2020-02-13T22:40:02Z	0.229	0.194	0.18	0.195
2020-02-13T23:00:02Z	0.229	0.194	0.18	0.195
2020-02-13T23:20:02Z	0.229	0.194	0.18	0.195
2020-02-13T23:40:02Z	0.229	0.194	0.18	0.195
2020-02-14T00:00:02Z	0.229	0.194	0.18	0.195
2020-02-14T00:20:02Z	0.229	0.194	0.181	0.195
2020-02-14T00:40:02Z	0.229	0.194	0.181	0.195
2020-02-14T01:00:02Z	0.229	0.194	0.181	0.195
2020-02-14T01:20:02Z	0.229	0.194	0.181	0.195
2020-02-14T01:40:02Z	0.229	0.194	0.181	0.195
2020-02-14T02:00:02Z	0.229	0.194	0.181	0.195
2020-02-14T02:20:02Z	0.228	0.194	0.181	0.195
2020-02-14T02:40:02Z	0.228	0.194	0.181	0.195
2020-02-14T03:00:02Z	0.228	0.194	0.181	0.195
2020-02-14T03:20:02Z	0.228	0.194	0.181	0.195
2020-02-14T03:40:02Z	0.228	0.194	0.181	0.195
2020-02-14T04:00:02Z	0.228	0.194	0.181	0.195
2020-02-14T04:20:02Z	0.228	0.194	0.181	0.195
2020-02-14T04:40:02Z	0.228	0.194	0.181	0.195
2020-02-14T05:00:02Z	0.228	0.194	0.181	0.195
2020-02-14T05:20:02Z	0.228	0.194	0.181	0.195
2020-02-14T05:40:02Z	0.228	0.194	0.181	0.195
2020-02-14T06:00:02Z	0.228	0.194	0.181	0.195
2020-02-14T06:20:02Z	0.228	0.194	0.181	0.195
2020-02-14T06:40:02Z	0.228	0.194	0.181	0.195
2020-02-14T07:00:02Z	0.228	0.194	0.181	0.195
2020-02-14T07:20:02Z	0.228	0.194	0.18	0.195
2020-02-14T07:40:02Z	0.227	0.193	0.18	0.195
2020-02-14T08:00:02Z	0.227	0.193	0.18	0.195
2020-02-14T08:20:02Z	0.227	0.193	0.18	0.195
2020-02-14T08:40:02Z	0.227	0.193	0.18	0.195
2020-02-14T09:00:02Z	0.227	0.193	0.18	0.195
2020-02-14T09:20:02Z	0.227	0.193	0.18	0.195
2020-02-14T09:40:02Z	0.227	0.193	0.18	0.195
2020-02-14T10:00:02Z	0.227	0.193	0.18	0.195
2020-02-14T10:20:02Z	0.227	0.193	0.18	0.195
2020-02-14T10:40:02Z	0.227	0.193	0.18	0.195
2020-02-14T11:00:02Z	0.227	0.193	0.18	0.195
2020-02-14T11:20:02Z	0.227	0.193	0.18	0.195
2020-02-14T11:40:02Z	0.227	0.193	0.18	0.195
2020-02-14T12:00:02Z	0.227	0.193	0.18	0.195
2020-02-14T12:20:02Z	0.228	0.193	0.18	0.195
2020-02-14T12:40:02Z	0.228	0.193	0.18	0.195
2020-02-14T13:00:02Z	0.228	0.193	0.18	0.195
2020-02-14T13:20:02Z	0.228	0.193	0.18	0.195
2020-02-14T13:40:02Z	0.228	0.193	0.18	0.195
2020-02-14T14:00:02Z	0.228	0.193	0.18	0.195
2020-02-14T14:20:02Z	0.227	0.193	0.18	0.195
2020-02-14T14:40:02Z	0.228	0.193	0.18	0.195
2020-02-14T15:00:02Z	0.227	0.193	0.18	0.195
2020-02-14T15:20:02Z	0.227	0.193	0.18	0.195
2020-02-14T15:40:02Z	0.227	0.194	0.18	0.195
2020-02-14T16:00:02Z	0.227	0.193	0.18	0.195
2020-02-14T16:20:02Z	0.227	0.194	0.18	0.195
2020-02-14T16:40:02Z	0.227	0.193	0.18	0.195
2020-02-14T17:00:02Z	0.227	0.193	0.18	0.195
2020-02-14T17:20:02Z	0.227	0.193	0.18	0.195
2020-02-14T17:40:02Z	0.227	0.194	0.18	0.195
2020-02-14T18:00:02Z	0.227	0.194	0.181	0.195
2020-02-14T18:20:02Z	0.227	0.194	0.18	0.195
2020-02-14T18:40:02Z	0.228	0.194	0.181	0.195
2020-02-14T19:00:02Z	0.227	0.193	0.18	0.195
2020-02-14T19:20:02Z	0.227	0.193	0.181	0.195
2020-02-14T19:40:02Z	0.227	0.194	0.181	0.195
2020-02-14T20:00:02Z	0.227	0.194	0.181	0.195
2020-02-14T20:20:02Z	0.227	0.194	0.181	0.195
2020-02-14T20:40:02Z	0.227	0.194	0.181	0.195
2020-02-14T21:00:02Z	0.227	0.193	0.181	0.195
2020-02-14T21:20:02Z	0.227	0.193	0.18	0.195
2020-02-14T21:40:02Z	0.227	0.193	0.18	0.195
2020-02-14T22:00:02Z	0.227	0.193	0.18	0.195
2020-02-14T22:20:02Z	0.227	0.193	0.18	0.195
2020-02-14T22:40:02Z	0.227	0.193	0.18	0.195
2020-02-14T23:00:02Z	0.227	0.193	0.18	0.195
2020-02-14T23:20:02Z	0.227	0.193	0.18	0.195
2020-02-14T23:40:02Z	0.227	0.193	0.18	0.195
2020-02-15T00:00:02Z	0.226	0.193	0.18	0.195
2020-02-15T00:20:02Z	0.226	0.193	0.18	0.195
2020-02-15T00:40:02Z	0.226	0.193	0.18	0.195
2020-02-15T01:00:02Z	0.227	0.193	0.18	0.195
2020-02-15T01:20:02Z	0.227	0.193	0.18	0.195
2020-02-15T01:40:02Z	0.226	0.193	0.18	0.195
2020-02-15T02:00:02Z	0.226	0.193	0.18	0.195
2020-02-15T02:20:02Z	0.226	0.193	0.18	0.195
2020-02-15T02:40:02Z	0.226	0.193	0.18	0.195
2020-02-15T03:00:02Z	0.226	0.193	0.18	0.195
2020-02-15T03:20:02Z	0.226	0.193	0.18	0.195
2020-02-15T03:40:02Z	0.226	0.193	0.18	0.195
2020-02-15T04:00:02Z	0.226	0.193	0.18	0.195
2020-02-15T04:20:02Z	0.226	0.193	0.18	0.195
2020-02-15T04:40:02Z	0.226	0.193	0.18	0.195
2020-02-15T05:00:02Z	0.226	0.193	0.18	0.195
2020-02-15T05:20:02Z	0.226	0.193	0.18	0.195
2020-02-15T05:40:02Z	0.226	0.193	0.18	0.195
2020-02-15T06:00:02Z	0.226	0.193	0.18	0.195
2020-02-15T06:20:02Z	0.226	0.193	0.18	0.195
2020-02-15T06:40:02Z	0.226	0.193	0.18	0.195
2020-02-15T07:00:02Z	0.226	0.193	0.18	0.195
2020-02-15T07:20:02Z	0.226	0.193	0.18	0.195
2020-02-15T07:40:02Z	0.226	0.193	0.18	0.195
2020-02-15T08:00:02Z	0.226	0.193	0.18	0.195
2020-02-15T08:20:02Z	0.226	0.193	0.18	0.195
2020-02-15T08:40:02Z	0.226	0.192	0.18	0.195
2020-02-15T09:00:02Z	0.226	0.192	0.18	0.194
2020-02-15T09:20:02Z	0.226	0.192	0.18	0.194
2020-02-15T09:40:02Z	0.226	0.192	0.18	0.194
2020-02-15T10:00:02Z	0.226	0.192	0.18	0.194
2020-02-15T10:20:02Z	0.226	0.192	0.18	0.194
2020-02-15T10:40:02Z	0.226	0.192	0.18	0.194
2020-02-15T11:00:02Z	0.226	0.192	0.18	0.194
2020-02-15T11:20:02Z	0.226	0.192	0.18	0.194
2020-02-15T11:40:02Z	0.226	0.192	0.18	0.194
2020-02-15T12:00:02Z	0.226	0.192	0.179	0.194
2020-02-15T12:20:02Z	0.225	0.192	0.179	0.194
2020-02-15T12:40:02Z	0.225	0.192	0.179	0.194
2020-02-15T13:00:02Z	0.225	0.192	0.179	0.194
2020-02-15T13:20:02Z	0.225	0.192	0.179	0.194
2020-02-15T13:40:02Z	0.224	0.192	0.179	0.194
2020-02-15T14:00:02Z	0.224	0.192	0.179	0.194
2020-02-15T14:20:02Z	0.224	0.192	0.179	0.194
2020-02-15T14:40:02Z	0.224	0.192	0.179	0.194
2020-02-15T15:00:02Z	0.224	0.192	0.179	0.194
2020-02-15T15:20:02Z	0.224	0.192	0.179	0.194
2020-02-15T15:40:02Z	0.224	0.192	0.18	0.194
2020-02-15T16:00:02Z	0.224	0.192	0.18	0.194
2020-02-15T16:20:02Z	0.226	0.192	0.18	0.194
2020-02-15T16:40:02Z	0.226	0.192	0.18	0.194
2020-02-15T17:00:02Z	0.226	0.192	0.18	0.195
2020-02-15T17:20:02Z	0.226	0.192	0.18	0.194
2020-02-15T17:40:02Z	0.226	0.192	0.18	0.195
2020-02-15T18:00:02Z	0.226	0.192	0.18	0.195
2020-02-15T18:20:02Z	0.226	0.192	0.18	0.195
2020-02-15T18:40:02Z	0.226	0.192	0.18	0.195
2020-02-15T19:00:02Z	0.227	0.192	0.18	0.194
2020-02-15T19:20:02Z	0.226	0.192	0.18	0.194
2020-02-15T19:40:02Z	0.227	0.192	0.18	0.194
2020-02-15T20:00:02Z	0.226	0.192	0.18	0.194
2020-02-15T20:20:02Z	0.226	0.192	0.18	0.194
2020-02-15T20:40:02Z	0.226	0.192	0.18	0.194
2020-02-15T21:00:02Z	0.226	0.192	0.18	0.194
2020-02-15T21:20:02Z	0.226	0.192	0.18	0.194
2020-02-15T21:40:02Z	0.226	0.192	0.18	0.194
2020-02-15T22:00:02Z	0.226	0.192	0.179	0.194
2020-02-15T22:20:02Z	0.226	0.192	0.179	0.194
2020-02-15T22:40:02Z	0.226	0.191	0.179	0.194
2020-02-15T23:00:02Z	0.226	0.192	0.179	0.194
2020-02-15T23:20:02Z	0.226	0.192	0.179	0.194
2020-02-15T23:40:02Z	0.226	0.191	0.179	0.194
2020-02-16T00:00:02Z	0.226	0.192	0.179	0.194
2020-02-16T00:20:02Z	0.226	0.191	0.179	0.194
2020-02-16T00:40:02Z	0.226	0.191	0.179	0.194
2020-02-16T01:00:02Z	0.226	0.191	0.179	0.194
2020-02-16T01:20:02Z	0.226	0.191	0.179	0.194
2020-02-16T01:40:02Z	0.226	0.191	0.179	0.194
2020-02-16T02:00:02Z	0.226	0.191	0.179	0.194
2020-02-16T02:20:02Z	0.226	0.191	0.179	0.194
2020-02-16T02:40:02Z	0.226	0.191	0.179	0.194
2020-02-16T03:00:02Z	0.226	0.191	0.179	0.194
2020-02-16T03:20:02Z	0.226	0.191	0.179	0.194
2020-02-16T03:40:02Z	0.226	0.191	0.179	0.194
2020-02-16T04:00:02Z	0.226	0.191	0.179	0.194
2020-02-16T04:20:02Z	0.226	0.191	0.179	0.194
2020-02-16T04:40:02Z	0.226	0.191	0.179	0.194
2020-02-16T05:00:02Z	0.226	0.191	0.179	0.194
2020-02-16T05:20:02Z	0.226	0.191	0.179	0.194
2020-02-16T05:40:02Z	0.226	0.191	0.179	0.194
2020-02-16T06:00:02Z	0.226	0.191	0.179	0.194
2020-02-16T06:20:02Z	0.226	0.191	0.179	0.194
2020-02-16T06:40:02Z	0.226	0.191	0.179	0.194
2020-02-16T07:00:02Z	0.226	0.191	0.179	0.194
2020-02-16T07:20:02Z	0.226	0.191	0.179	0.194
2020-02-16T07:40:02Z	0.226	0.191	0.179	0.194
2020-02-16T08:00:02Z	0.226	0.191	0.179	0.194
2020-02-16T08:20:02Z	0.226	0.19	0.179	0.194
2020-02-16T08:40:02Z	0.226	0.19	0.179	0.194
2020-02-16T09:00:02Z	0.226	0.19	0.179	0.194
2020-02-16T09:20:02Z	0.226	0.19	0.179	0.194
2020-02-16T09:40:02Z	0.226	0.19	0.179	0.194
2020-02-16T10:00:02Z	0.226	0.191	0.179	0.194
2020-02-16T10:20:02Z	0.227	0.191	0.179	0.194
2020-02-16T10:40:02Z	0.227	0.191	0.179	0.194
2020-02-16T11:00:02Z	0.228	0.191	0.179	0.194
2020-02-16T11:20:02Z	0.228	0.191	0.179	0.194
2020-02-16T11:40:02Z	0.228	0.191	0.179	0.194
2020-02-16T12:00:02Z	0.228	0.191	0.179	0.194
2020-02-16T12:20:02Z	0.228	0.191	0.179	0.194
2020-02-16T12:40:02Z	0.227	0.191	0.179	0.194
2020-02-16T13:00:02Z	0.227	0.191	0.179	0.194
2020-02-16T13:20:02Z	0.227	0.191	0.179	0.194
2020-02-16T13:40:02Z	0.226	0.191	0.179	0.194
2020-02-16T14:00:02Z	0.226	0.191	0.179	0.194
2020-02-16T14:20:02Z	0.226	0.191	0.179	0.194
2020-02-16T14:40:02Z	0.226	0.191	0.179	0.194
2020-02-16T15:00:02Z	0.226	0.191	0.179	0.194
2020-02-16T15:20:02Z	0.226	0.191	0.179	0.194
2020-02-16T15:40:02Z	0.226	0.191	0.179	0.194
2020-02-16T16:00:02Z	0.226	0.191	0.179	0.194
2020-02-16T16:20:02Z	0.226	0.191	0.179	0.194
2020-02-16T16:40:02Z	0.226	0.191	0.179	0.194
2020-02-16T17:00:02Z	0.226	0.191	0.179	0.194
2020-02-16T17:20:02Z	0.226	0.191	0.179	0.194
2020-02-16T17:40:02Z	0.226	0.191	0.179	0.194
2020-02-16T18:00:02Z	0.226	0.191	0.179	0.194
2020-02-16T18:20:02Z	0.226	0.191	0.179	0.194
2020-02-16T18:40:02Z	0.226	0.191	0.179	0.194
2020-02-16T19:00:02Z	0.226	0.191	0.179	0.194
2020-02-16T19:20:02Z	0.226	0.19	0.179	0.194
2020-02-16T19:40:02Z	0.226	0.19	0.179	0.194
2020-02-16T20:00:02Z	0.226	0.19	0.179	0.194
2020-02-16T20:20:02Z	0.226	0.19	0.179	0.194
2020-02-16T20:40:02Z	0.226	0.19	0.179	0.194
2020-02-16T21:00:02Z	0.226	0.19	0.179	0.194
2020-02-16T21:20:02Z	0.226	0.19	0.179	0.194
2020-02-16T21:40:02Z	0.226	0.19	0.179	0.194
2020-02-16T22:00:02Z	0.225	0.19	0.179	0.194
2020-02-16T22:20:02Z	0.225	0.19	0.178	0.194
2020-02-16T22:40:02Z	0.225	0.19	0.178	0.194
2020-02-16T23:00:02Z	0.225	0.19	0.178	0.194
2020-02-16T23:20:02Z	0.225	0.19	0.179	0.194
2020-02-16T23:40:02Z	0.225	0.19	0.179	0.194
2020-02-17T00:00:02Z	0.225	0.19	0.179	0.194
2020-02-17T00:20:02Z	0.225	0.19	0.179	0.194
2020-02-17T00:40:02Z	0.225	0.19	0.179	0.194
2020-02-17T01:00:02Z	0.225	0.19	0.179	0.194
2020-02-17T01:20:02Z	0.225	0.19	0.179	0.194
2020-02-17T01:40:02Z	0.225	0.19	0.179	0.194
2020-02-17T02:00:02Z	0.225	0.19	0.179	0.194
2020-02-17T02:20:02Z	0.225	0.19	0.179	0.194
2020-02-17T02:40:02Z	0.225	0.19	0.179	0.194
2020-02-17T03:00:02Z	0.225	0.19	0.179	0.194
2020-02-17T03:20:02Z	0.225	0.19	0.179	0.194
2020-02-17T03:40:02Z	0.225	0.19	0.179	0.194
2020-02-17T04:00:02Z	0.225	0.19	0.179	0.194
2020-02-17T04:20:02Z	0.225	0.19	0.179	0.194
2020-02-17T04:40:02Z	0.225	0.19	0.178	0.194
2020-02-17T05:00:02Z	0.225	0.19	0.178	0.194
2020-02-17T05:20:02Z	0.225	0.19	0.179	0.194
2020-02-17T05:40:02Z	0.225	0.19	0.178	0.194
2020-02-17T06:00:02Z	0.225	0.19	0.178	0.194
2020-02-17T06:20:02Z	0.225	0.19	0.178	0.194
2020-02-17T06:40:02Z	0.225	0.19	0.178	0.194
2020-02-17T07:00:02Z	0.225	0.19	0.178	0.194
2020-02-17T07:20:02Z	0.225	0.19	0.178	0.194
2020-02-17T07:40:02Z	0.225	0.19	0.178	0.194
2020-02-17T08:00:02Z	0.224	0.19	0.178	0.194
2020-02-17T08:20:02Z	0.224	0.19	0.178	0.194
2020-02-17T08:40:02Z	0.224	0.19	0.178	0.194
2020-02-17T09:00:02Z	0.224	0.19	0.178	0.194
2020-02-17T09:20:02Z	0.224	0.19	0.178	0.194
2020-02-17T09:40:02Z	0.224	0.19	0.178	0.194
2020-02-17T10:00:02Z	0.224	0.19	0.178	0.194
2020-02-17T10:20:02Z	0.224	0.19	0.178	0.194
2020-02-17T10:40:02Z	0.224	0.189	0.178	0.194
2020-02-17T11:00:02Z	0.224	0.189	0.178	0.194
2020-02-17T11:20:02Z	0.224	0.189	0.178	0.194
2020-02-17T11:40:02Z	0.224	0.189	0.178	0.194
2020-02-17T12:00:02Z	0.224	0.189	0.178	0.194
2020-02-17T12:20:02Z	0.224	0.189	0.178	0.194
2020-02-17T12:40:02Z	0.223	0.189	0.178	0.194
2020-02-17T13:00:02Z	0.223	0.189	0.178	0.194
2020-02-17T13:20:02Z	0.223	0.189	0.178	0.194
2020-02-17T13:40:02Z	0.223	0.189	0.178	0.194
2020-02-17T14:00:02Z	0.223	0.189	0.178	0.194
2020-02-17T14:20:02Z	0.223	0.189	0.178	0.194
2020-02-17T14:40:02Z	0.223	0.189	0.178	0.194
2020-02-17T15:00:02Z	0.222	0.189	0.178	0.194
2020-02-17T15:20:02Z	0.222	0.189	0.178	0.194
2020-02-17T15:40:02Z	0.222	0.189	0.178	0.194
2020-02-17T16:00:02Z	0.223	0.189	0.178	0.194
2020-02-17T16:20:02Z	0.222	0.189	0.178	0.194
2020-02-17T16:40:02Z	0.223	0.189	0.178	0.194
2020-02-17T17:00:02Z	0.223	0.189	0.178	0.194
2020-02-17T17:20:02Z	0.223	0.189	0.178	0.194
2020-02-17T17:40:02Z	0.223	0.189	0.178	0.194
2020-02-17T18:00:02Z	0.223	0.189	0.178	0.194
2020-02-17T18:20:02Z	0.223	0.189	0.178	0.194
2020-02-17T18:40:02Z	0.223	0.189	0.178	0.194
2020-02-17T19:00:02Z	0.223	0.189	0.178	0.194
2020-02-17T19:20:02Z	0.223	0.189	0.178	0.194
2020-02-17T19:40:02Z	0.223	0.189	0.178	0.194
2020-02-17T20:00:02Z	0.223	0.189	0.178	0.194
2020-02-17T20:20:02Z	0.223	0.189	0.178	0.194
2020-02-17T20:40:02Z	0.223	0.189	0.178	0.194
2020-02-17T21:00:02Z	0.223	0.189	0.178	0.194
2020-02-17T21:20:02Z	0.222	0.189	0.178	0.194
2020-02-17T21:40:02Z	0.223	0.189	0.178	0.194
2020-02-17T22:00:02Z	0.223	0.189	0.178	0.194
2020-02-17T22:20:02Z	0.223	0.189	0.178	0.194
2020-02-17T22:40:02Z	0.223	0.189	0.178	0.194
2020-02-17T23:00:02Z	0.223	0.189	0.178	0.194
2020-02-17T23:20:02Z	0.223	0.189	0.178	0.194
2020-02-17T23:40:02Z	0.223	0.189	0.178	0.194
2020-02-18T00:00:02Z	0.223	0.189	0.178	0.194
2020-02-18T00:20:02Z	0.223	0.189	0.178	0.194
2020-02-18T00:40:02Z	0.222	0.189	0.178	0.194
2020-02-18T01:00:02Z	0.223	0.189	0.178	0.194
2020-02-18T01:20:02Z	0.223	0.189	0.178	0.194
2020-02-18T01:40:02Z	0.223	0.189	0.178	0.194
2020-02-18T02:00:02Z	0.223	0.189	0.178	0.194
2020-02-18T02:20:02Z	0.223	0.189	0.178	0.194
2020-02-18T02:40:02Z	0.223	0.189	0.178	0.194
2020-02-18T03:00:02Z	0.223	0.188	0.178	0.194
2020-02-18T03:20:02Z	0.223	0.189	0.178	0.194
2020-02-18T03:40:02Z	0.223	0.189	0.178	0.194
2020-02-18T04:00:02Z	0.223	0.189	0.178	0.194
2020-02-18T04:20:02Z	0.223	0.189	0.178	0.194
2020-02-18T04:40:02Z	0.223	0.189	0.178	0.194
2020-02-18T05:00:02Z	0.223	0.189	0.178	0.194
2020-02-18T05:20:02Z	0.223	0.189	0.178	0.194
2020-02-18T05:40:02Z	0.223	0.189	0.178	0.194
2020-02-18T06:00:02Z	0.223	0.189	0.178	0.194
2020-02-18T06:20:02Z	0.223	0.189	0.178	0.194
2020-02-18T06:40:02Z	0.223	0.189	0.178	0.193
2020-02-18T07:00:02Z	0.223	0.189	0.178	0.193
2020-02-18T07:20:02Z	0.223	0.189	0.178	0.193
2020-02-18T07:40:02Z	0.223	0.188	0.177	0.193
2020-02-18T08:00:02Z	0.223	0.188	0.177	0.193
2020-02-18T08:20:02Z	0.223	0.188	0.177	0.193
2020-02-18T08:40:02Z	0.223	0.188	0.177	0.193
2020-02-18T09:00:02Z	0.223	0.188	0.177	0.193
2020-02-18T09:20:02Z	0.222	0.188	0.177	0.193
2020-02-18T09:40:02Z	0.222	0.188	0.177	0.193
2020-02-18T10:00:02Z	0.222	0.188	0.177	0.193
2020-02-18T10:20:02Z	0.222	0.188	0.177	0.193
2020-02-18T10:40:02Z	0.222	0.188	0.177	0.193
2020-02-18T11:00:02Z	0.222	0.188	0.177	0.193
2020-02-18T11:20:02Z	0.222	0.188	0.177	0.193
2020-02-18T11:40:02Z	0.222	0.188	0.177	0.193
2020-02-18T12:00:02Z	0.222	0.188	0.177	0.193
2020-02-18T12:20:02Z	0.222	0.188	0.177	0.193
2020-02-18T12:40:02Z	0.222	0.188	0.177	0.193
2020-02-18T13:00:02Z	0.222	0.188	0.177	0.193
2020-02-18T13:20:02Z	0.222	0.188	0.177	0.193
2020-02-18T13:40:02Z	0.222	0.188	0.177	0.193
2020-02-18T14:00:02Z	0.222	0.188	0.177	0.193
2020-02-18T14:20:02Z	0.222	0.188	0.177	0.193
2020-02-18T14:40:02Z	0.222	0.188	0.177	0.193
2020-02-18T15:00:02Z	0.222	0.188	0.177	0.193
2020-02-18T15:20:02Z	0.222	0.188	0.177	0.193
2020-02-18T15:40:02Z	0.222	0.188	0.177	0.193
2020-02-18T16:00:02Z	0.222	0.188	0.177	0.193
2020-02-18T16:20:02Z	0.222	0.188	0.177	0.193
2020-02-18T16:40:02Z	0.222	0.188	0.177	0.193
2020-02-18T17:00:02Z	0.222	0.188	0.177	0.193
2020-02-18T17:20:02Z	0.222	0.188	0.177	0.193
2020-02-18T17:40:02Z	0.222	0.188	0.177	0.193
2020-02-18T18:00:02Z	0.222	0.188	0.177	0.193
2020-02-18T18:20:02Z	0.222	0.188	0.177	0.193
2020-02-18T18:40:02Z	0.222	0.188	0.177	0.193
2020-02-18T19:00:02Z	0.222	0.188	0.177	0.193
2020-02-18T19:20:02Z	0.222	0.188	0.177	0.193
2020-02-18T19:40:02Z	0.222	0.188	0.177	0.193
2020-02-18T20:00:02Z	0.222	0.188	0.177	0.193
2020-02-18T20:20:02Z	0.222	0.188	0.177	0.193
2020-02-18T20:40:02Z	0.222	0.188	0.177	0.193
2020-02-18T21:00:02Z	0.222	0.188	0.177	0.193
2020-02-18T21:20:02Z	0.222	0.188	0.177	0.193
2020-02-18T21:40:02Z	0.222	0.188	0.177	0.193
2020-02-18T22:00:02Z	0.222	0.188	0.177	0.193
2020-02-18T22:20:02Z	0.222	0.188	0.177	0.193
2020-02-18T22:40:02Z	0.222	0.188	0.177	0.193
2020-02-18T23:00:02Z	0.222	0.188	0.177	0.193
2020-02-18T23:20:02Z	0.222	0.188	0.177	0.193
2020-02-18T23:40:02Z	0.222	0.188	0.177	0.193
2020-02-19T00:00:02Z	0.222	0.188	0.177	0.193
2020-02-19T00:20:02Z	0.222	0.188	0.177	0.193
2020-02-19T00:40:02Z	0.222	0.188	0.177	0.193
2020-02-19T01:00:02Z	0.222	0.188	0.177	0.193
2020-02-19T01:20:02Z	0.222	0.188	0.177	0.193
2020-02-19T01:40:02Z	0.222	0.188	0.177	0.193
2020-02-19T02:00:02Z	0.222	0.188	0.177	0.193
2020-02-19T02:20:02Z	0.222	0.188	0.177	0.193
2020-02-19T02:40:02Z	0.222	0.188	0.177	0.193
2020-02-19T03:00:02Z	0.222	0.188	0.177	0.193
2020-02-19T03:20:02Z	0.222	0.188	0.177	0.193
2020-02-19T03:40:02Z	0.222	0.188	0.177	0.193
2020-02-19T04:00:02Z	0.222	0.188	0.177	0.193
2020-02-19T04:20:02Z	0.222	0.188	0.177	0.193
2020-02-19T04:40:02Z	0.222	0.188	0.177	0.193
2020-02-19T05:00:02Z	0.222	0.188	0.177	0.193
2020-02-19T05:20:02Z	0.222	0.188	0.177	0.193
2020-02-19T05:40:02Z	0.222	0.188	0.177	0.193
2020-02-19T06:00:02Z	0.222	0.188	0.177	0.193
2020-02-19T06:20:02Z	0.222	0.188	0.177	0.193
2020-02-19T06:40:02Z	0.222	0.188	0.177	0.193
2020-02-19T07:00:02Z	0.222	0.188	0.177	0.193
2020-02-19T07:20:02Z	0.222	0.188	0.177	0.193
2020-02-19T07:40:02Z	0.222	0.188	0.177	0.193
2020-02-19T08:00:02Z	0.222	0.188	0.177	0.193
2020-02-19T08:20:02Z	0.223	0.188	0.177	0.193
2020-02-19T08:40:02Z	0.223	0.188	0.177	0.193
2020-02-19T09:00:02Z	0.226	0.188	0.177	0.193
2020-02-19T09:20:02Z	0.228	0.189	0.177	0.193
2020-02-19T09:40:02Z	0.228	0.189	0.177	0.193
2020-02-19T10:00:02Z	0.228	0.189	0.177	0.193
2020-02-19T10:20:02Z	0.228	0.189	0.177	0.193
2020-02-19T10:40:02Z	0.228	0.19	0.177	0.193
2020-02-19T11:00:02Z	0.228	0.19	0.177	0.193
2020-02-19T11:20:02Z	0.227	0.19	0.177	0.193
2020-02-19T11:40:02Z	0.227	0.19	0.177	0.193
2020-02-19T12:00:02Z	0.227	0.19	0.177	0.193
2020-02-19T12:20:02Z	0.227	0.19	0.177	0.193
2020-02-19T12:40:02Z	0.227	0.19	0.177	0.193
2020-02-19T13:00:02Z	0.226	0.19	0.177	0.193
2020-02-19T13:20:02Z	0.226	0.19	0.177	0.193
2020-02-19T13:40:02Z	0.226	0.19	0.177	0.193
2020-02-19T14:00:02Z	0.226	0.19	0.178	0.193
2020-02-19T14:20:02Z	0.226	0.19	0.177	0.193
2020-02-19T14:40:02Z	0.226	0.19	0.178	0.193
2020-02-19T15:00:02Z	0.226	0.19	0.177	0.193
2020-02-19T15:20:02Z	0.226	0.19	0.178	0.193
2020-02-19T15:40:02Z	0.226	0.19	0.178	0.193
2020-02-19T16:00:02Z	0.226	0.19	0.178	0.193
2020-02-19T16:20:02Z	0.226	0.19	0.178	0.193
2020-02-19T16:40:02Z	0.226	0.19	0.178	0.193
2020-02-19T17:00:02Z	0.226	0.19	0.178	0.193
2020-02-19T17:20:02Z	0.226	0.19	0.178	0.193
2020-02-19T17:40:02Z	0.226	0.19	0.178	0.193
2020-02-19T18:00:02Z	0.226	0.19	0.178	0.193
2020-02-19T18:20:02Z	0.226	0.19	0.178	0.193
2020-02-19T18:40:02Z	0.226	0.19	0.178	0.193
2020-02-19T19:00:02Z	0.226	0.19	0.178	0.194
2020-02-19T19:20:02Z	0.226	0.19	0.178	0.194
2020-02-19T19:40:02Z	0.226	0.19	0.178	0.193
2020-02-19T20:00:02Z	0.226	0.19	0.178	0.193
2020-02-19T20:20:02Z	0.226	0.19	0.178	0.193
2020-02-19T20:40:02Z	0.226	0.19	0.178	0.194
2020-02-19T21:00:02Z	0.226	0.19	0.178	0.194
2020-02-19T21:20:02Z	0.226	0.19	0.178	0.194
2020-02-19T21:40:02Z	0.226	0.19	0.178	0.194
2020-02-19T22:00:02Z	0.226	0.19	0.178	0.194
2020-02-19T22:20:02Z	0.226	0.19	0.178	0.194
2020-02-19T22:40:02Z	0.226	0.19	0.178	0.194
2020-02-19T23:00:02Z	0.226	0.19	0.178	0.194
2020-02-19T23:20:02Z	0.226	0.19	0.178	0.194
2020-02-19T23:40:02Z	0.226	0.19	0.178	0.194
2020-02-20T00:00:02Z	0.226	0.19	0.178	0.194
2020-02-20T00:20:02Z	0.226	0.19	0.178	0.194
2020-02-20T00:40:02Z	0.226	0.19	0.178	0.194
2020-02-20T01:00:02Z	0.226	0.19	0.178	0.194
2020-02-20T01:20:02Z	0.226	0.191	0.178	0.194
2020-02-20T01:40:02Z	0.226	0.191	0.178	0.194
2020-02-20T02:00:02Z	0.226	0.191	0.178	0.194
2020-02-20T02:20:02Z	0.226	0.191	0.178	0.194
2020-02-20T02:40:02Z	0.226	0.191	0.178	0.194
2020-02-20T03:00:02Z	0.226	0.191	0.178	0.194
2020-02-20T03:20:02Z	0.226	0.191	0.178	0.194
2020-02-20T03:40:02Z	0.226	0.191	0.178	0.194
2020-02-20T04:00:02Z	0.226	0.191	0.178	0.194
2020-02-20T04:20:02Z	0.226	0.191	0.178	0.194
2020-02-20T04:40:02Z	0.226	0.191	0.178	0.194
2020-02-20T05:00:02Z	0.226	0.191	0.178	0.194
2020-02-20T05:20:02Z	0.226	0.191	0.178	0.194
2020-02-20T05:40:02Z	0.226	0.191	0.178	0.194
2020-02-20T06:00:02Z	0.226	0.19	0.178	0.194
2020-02-20T06:20:02Z	0.226	0.19	0.178	0.194
2020-02-20T06:40:02Z	0.226	0.19	0.178	0.194
2020-02-20T07:00:02Z	0.226	0.19	0.178	0.194
2020-02-20T07:20:02Z	0.226	0.19	0.178	0.194
2020-02-20T07:40:02Z	0.226	0.19	0.178	0.194
2020-02-20T08:00:02Z	0.226	0.19	0.178	0.194
2020-02-20T08:20:02Z	0.226	0.19	0.178	0.194
2020-02-20T08:40:02Z	0.226	0.19	0.178	0.194
2020-02-20T09:00:02Z	0.225	0.19	0.178	0.194
2020-02-20T09:20:02Z	0.225	0.19	0.178	0.194
2020-02-20T09:40:02Z	0.225	0.19	0.178	0.194
2020-02-20T10:00:02Z	0.225	0.19	0.178	0.194
2020-02-20T10:20:02Z	0.225	0.19	0.178	0.194
2020-02-20T10:40:02Z	0.225	0.19	0.178	0.194
2020-02-20T11:00:02Z	0.225	0.19	0.178	0.194
2020-02-20T11:20:02Z	0.225	0.19	0.178	0.194
2020-02-20T11:40:02Z	0.225	0.19	0.178	0.194
2020-02-20T12:00:02Z	0.225	0.19	0.178	0.194
2020-02-20T12:20:02Z	0.225	0.19	0.178	0.194
2020-02-20T12:40:02Z	0.226	0.19	0.178	0.194
2020-02-20T13:00:02Z	0.226	0.19	0.178	0.194
2020-02-20T13:20:02Z	0.226	0.19	0.178	0.193
2020-02-20T13:40:02Z	0.226	0.19	0.178	0.194
2020-02-20T14:00:02Z	0.226	0.19	0.178	0.194
2020-02-20T14:20:02Z	0.226	0.19	0.178	0.194
2020-02-20T14:40:02Z	0.226	0.19	0.178	0.194
2020-02-20T15:00:02Z	0.226	0.191	0.178	0.194
2020-02-20T15:20:02Z	0.226	0.19	0.178	0.194
2020-02-20T15:40:02Z	0.226	0.191	0.178	0.194
2020-02-20T16:00:02Z	0.226	0.191	0.178	0.194
2020-02-20T16:20:02Z	0.226	0.191	0.178	0.194
2020-02-20T16:40:02Z	0.226	0.191	0.178	0.194
2020-02-20T17:00:02Z	0.226	0.191	0.178	0.194
2020-02-20T17:20:02Z	0.226	0.191	0.178	0.194
2020-02-20T17:40:02Z	0.226	0.191	0.178	0.194
2020-02-20T18:00:02Z	0.226	0.19	0.178	0.194
2020-02-20T18:20:02Z	0.226	0.19	0.178	0.194
2020-02-20T18:40:02Z	0.226	0.19	0.178	0.194
2020-02-20T19:00:02Z	0.226	0.191	0.178	0.194
2020-02-20T19:20:02Z	0.226	0.19	0.178	0.194
2020-02-20T19:40:02Z	0.226	0.19	0.178	0.194
2020-02-20T20:00:02Z	0.226	0.19	0.178	0.194
2020-02-20T20:20:02Z	0.226	0.19	0.178	0.194
2020-02-20T20:40:02Z	0.226	0.19	0.178	0.194
2020-02-20T21:00:02Z	0.226	0.19	0.178	0.194
2020-02-20T21:20:02Z	0.226	0.19	0.178	0.194
2020-02-20T21:40:02Z	0.226	0.19	0.178	0.194
2020-02-20T22:00:02Z	0.226	0.19	0.178	0.194
2020-02-20T22:20:02Z	0.226	0.19	0.178	0.194
2020-02-20T22:40:02Z	0.226	0.19	0.178	0.194
2020-02-20T23:00:02Z	0.226	0.19	0.178	0.194
2020-02-20T23:20:02Z	0.226	0.19	0.178	0.194
2020-02-20T23:40:02Z	0.226	0.19	0.178	0.194
2020-02-21T00:00:02Z	0.226	0.19	0.178	0.194
2020-02-21T00:20:02Z	0.226	0.19	0.178	0.194
2020-02-21T00:40:02Z	0.226	0.19	0.178	0.194
2020-02-21T01:00:02Z	0.227	0.19	0.178	0.194
2020-02-21T01:20:02Z	0.23	0.191	0.178	0.194
2020-02-21T01:40:02Z	0.233	0.191	0.178	0.194
2020-02-21T02:00:02Z	0.234	0.192	0.178	0.194
2020-02-21T02:20:02Z	0.234	0.192	0.179	0.194
2020-02-21T02:40:02Z	0.235	0.193	0.179	0.194
2020-02-21T03:00:02Z	0.235	0.193	0.179	0.194
2020-02-21T03:20:02Z	0.235	0.194	0.179	0.194
2020-02-21T03:40:02Z	0.235	0.194	0.179	0.194
2020-02-21T04:00:02Z	0.234	0.194	0.179	0.194
2020-02-21T04:20:02Z	0.235	0.194	0.179	0.194
2020-02-21T04:40:02Z	0.235	0.194	0.18	0.194
2020-02-21T05:00:02Z	0.235	0.194	0.18	0.194
2020-02-21T05:20:02Z	0.234	0.195	0.18	0.194
2020-02-21T05:40:02Z	0.234	0.195	0.18	0.194
2020-02-21T06:00:02Z	0.234	0.195	0.18	0.194
2020-02-21T06:20:02Z	0.234	0.195	0.18	0.194
2020-02-21T06:40:02Z	0.234	0.195	0.18	0.194
2020-02-21T07:00:02Z	0.234	0.195	0.18	0.194
2020-02-21T07:20:02Z	0.234	0.195	0.18	0.194
2020-02-21T07:40:02Z	0.233	0.195	0.18	0.194
2020-02-21T08:00:02Z	0.233	0.195	0.18	0.194
2020-02-21T08:20:02Z	0.233	0.195	0.18	0.194
2020-02-21T08:40:02Z	0.233	0.194	0.18	0.194
2020-02-21T09:00:02Z	0.233	0.194	0.18	0.194
2020-02-21T09:20:02Z	0.232	0.194	0.18	0.194
2020-02-21T09:40:02Z	0.232	0.194	0.18	0.194
2020-02-21T10:00:02Z	0.232	0.194	0.18	0.194
2020-02-21T10:20:02Z	0.232	0.194	0.18	0.194
2020-02-21T10:40:02Z	0.232	0.194	0.18	0.194
2020-02-21T11:00:02Z	0.232	0.194	0.18	0.194
2020-02-21T11:20:02Z	0.232	0.194	0.18	0.194
2020-02-21T11:40:02Z	0.231	0.194	0.18	0.194
2020-02-21T12:00:02Z	0.231	0.194	0.18	0.194
2020-02-21T12:20:02Z	0.231	0.194	0.18	0.194
2020-02-21T12:40:02Z	0.231	0.194	0.18	0.194
2020-02-21T13:00:02Z	0.231	0.194	0.18	0.194
2020-02-21T13:20:02Z	0.231	0.194	0.18	0.194
2020-02-21T13:40:02Z	0.23	0.194	0.18	0.194
2020-02-21T14:00:02Z	0.23	0.194	0.18	0.194
2020-02-21T14:20:02Z	0.23	0.194	0.18	0.194
2020-02-21T14:40:02Z	0.23	0.194	0.18	0.194
2020-02-21T15:00:02Z	0.23	0.193	0.18	0.194
2020-02-21T15:20:02Z	0.23	0.193	0.18	0.194
2020-02-21T15:40:02Z	0.23	0.193	0.18	0.194
2020-02-21T16:00:02Z	0.23	0.194	0.18	0.195
2020-02-21T16:20:02Z	0.23	0.194	0.18	0.195
2020-02-21T16:40:02Z	0.23	0.194	0.18	0.195
2020-02-21T17:00:02Z	0.23	0.194	0.18	0.195
2020-02-21T17:20:02Z	0.23	0.194	0.18	0.195
2020-02-21T17:40:02Z	0.229	0.193	0.18	0.195
2020-02-21T18:00:02Z	0.229	0.193	0.18	0.195
2020-02-21T18:20:02Z	0.229	0.193	0.18	0.195
2020-02-21T18:40:02Z	0.229	0.193	0.18	0.195
2020-02-21T19:00:02Z	0.229	0.193	0.18	0.195
2020-02-21T19:20:02Z	0.229	0.193	0.18	0.195
2020-02-21T19:40:02Z	0.229	0.193	0.18	0.195
2020-02-21T20:00:02Z	0.229	0.193	0.18	0.195
2020-02-21T20:20:02Z	0.229	0.193	0.18	0.195
2020-02-21T20:40:02Z	0.229	0.193	0.18	0.195
2020-02-21T21:00:02Z	0.229	0.193	0.18	0.195
2020-02-21T21:20:02Z	0.229	0.193	0.18	0.195
2020-02-21T21:40:02Z	0.229	0.193	0.18	0.195
2020-02-21T22:00:02Z	0.229	0.193	0.18	0.195
2020-02-21T22:20:02Z	0.229	0.193	0.18	0.195
2020-02-21T22:40:02Z	0.229	0.193	0.18	0.195
2020-02-21T23:00:02Z	0.229	0.193	0.18	0.195
2020-02-21T23:20:02Z	0.229	0.193	0.18	0.195
2020-02-21T23:40:02Z	0.229	0.193	0.18	0.195
2020-02-22T00:00:02Z	0.228	0.192	0.18	0.194
2020-02-22T00:20:02Z	0.228	0.192	0.18	0.195
2020-02-22T00:40:02Z	0.228	0.193	0.18	0.195
2020-02-22T01:00:02Z	0.228	0.193	0.18	0.195
2020-02-22T01:20:02Z	0.228	0.192	0.18	0.194
2020-02-22T01:40:02Z	0.228	0.192	0.18	0.195
2020-02-22T02:00:02Z	0.228	0.192	0.18	0.195
2020-02-22T02:20:02Z	0.228	0.192	0.18	0.195
2020-02-22T02:40:02Z	0.228	0.192	0.18	0.194
2020-02-22T03:00:02Z	0.228	0.192	0.18	0.194
2020-02-22T03:20:02Z	0.228	0.192	0.18	0.194
2020-02-22T03:40:02Z	0.228	0.192	0.18	0.194
2020-02-22T04:00:02Z	0.228	0.192	0.18	0.194
2020-02-22T04:20:02Z	0.228	0.192	0.18	0.194
2020-02-22T04:40:02Z	0.228	0.192	0.18	0.194
2020-02-22T05:00:02Z	0.228	0.192	0.18	0.194
2020-02-22T05:20:02Z	0.228	0.192	0.18	0.194
2020-02-22T05:40:02Z	0.228	0.192	0.18	0.194
2020-02-22T06:00:02Z	0.228	0.192	0.18	0.194
2020-02-22T06:20:02Z	0.228	0.192	0.18	0.194
2020-02-22T06:40:02Z	0.228	0.192	0.18	0.194
2020-02-22T07:00:02Z	0.228	0.192	0.18	0.194
2020-02-22T07:20:02Z	0.228	0.192	0.18	0.194
2020-02-22T07:40:02Z	0.227	0.192	0.18	0.194
2020-02-22T08:00:02Z	0.227	0.192	0.179	0.194
2020-02-22T08:20:02Z	0.227	0.192	0.179	0.194
2020-02-22T08:40:02Z	0.227	0.192	0.179	0.194
2020-02-22T09:00:02Z	0.227	0.192	0.179	0.194
2020-02-22T09:20:02Z	0.226	0.192	0.179	0.194
2020-02-22T09:40:02Z	0.226	0.192	0.179	0.194
2020-02-22T10:00:02Z	0.226	0.191	0.179	0.194
2020-02-22T10:20:02Z	0.226	0.191	0.179	0.194
2020-02-22T10:40:02Z	0.226	0.191	0.179	0.194
2020-02-22T11:00:02Z	0.226	0.191	0.179	0.194
2020-02-22T11:20:02Z	0.226	0.191	0.179	0.194
2020-02-22T11:40:02Z	0.226	0.191	0.179	0.194
2020-02-22T12:00:02Z	0.226	0.191	0.179	0.194
2020-02-22T12:20:02Z	0.226	0.191	0.179	0.194
2020-02-22T12:40:02Z	0.225	0.191	0.179	0.194
2020-02-22T13:00:02Z	0.225	0.191	0.179	0.194
2020-02-22T13:20:02Z	0.225	0.19	0.179	0.194
2020-02-22T13:40:02Z	0.224	0.19	0.179	0.194
2020-02-22T14:00:02Z	0.225	0.19	0.179	0.194
2020-02-22T14:20:02Z	0.224	0.19	0.179	0.194
2020-02-22T14:40:02Z	0.224	0.19	0.179	0.194
2020-02-22T15:00:02Z	0.224	0.19	0.179	0.194
2020-02-22T15:20:02Z	0.224	0.19	0.179	0.194
2020-02-22T15:40:02Z	0.224	0.19	0.179	0.194
2020-02-22T16:00:02Z	0.224	0.19	0.179	0.194
2020-02-22T16:20:02Z	0.224	0.19	0.179	0.194
2020-02-22T16:40:02Z	0.224	0.19	0.179	0.194
2020-02-22T17:00:02Z	0.224	0.19	0.179	0.194
2020-02-22T17:20:02Z	0.224	0.19	0.179	0.194
2020-02-22T17:40:02Z	0.224	0.19	0.179	0.194
2020-02-22T18:00:02Z	0.224	0.19	0.179	0.194
2020-02-22T18:20:02Z	0.224	0.19	0.179	0.194
2020-02-22T18:40:02Z	0.224	0.19	0.179	0.194
2020-02-22T19:00:02Z	0.224	0.19	0.179	0.194
2020-02-22T19:20:02Z	0.224	0.19	0.179	0.194
2020-02-22T19:40:02Z	0.224	0.19	0.179	0.194
2020-02-22T20:00:02Z	0.224	0.19	0.179	0.194
2020-02-22T20:20:02Z	0.224	0.19	0.179	0.194
2020-02-22T20:40:02Z	0.224	0.19	0.179	0.194
2020-02-22T21:00:02Z	0.224	0.19	0.179	0.194
2020-02-22T21:20:02Z	0.224	0.19	0.179	0.194
2020-02-22T21:40:02Z	0.224	0.19	0.179	0.194
2020-02-22T22:00:02Z	0.224	0.19	0.179	0.194
2020-02-22T22:20:02Z	0.224	0.19	0.179	0.194
2020-02-22T22:40:02Z	0.224	0.19	0.179	0.194
2020-02-22T23:00:02Z	0.224	0.19	0.179	0.194
2020-02-22T23:20:02Z	0.224	0.19	0.179	0.194
2020-02-22T23:40:02Z	0.224	0.19	0.179	0.194
2020-02-23T00:00:02Z	0.224	0.19	0.179	0.194
2020-02-23T00:20:02Z	0.224	0.19	0.179	0.194
2020-02-23T00:40:02Z	0.224	0.19	0.179	0.194
2020-02-23T01:00:02Z	0.224	0.19	0.179	0.194
2020-02-23T01:20:02Z	0.224	0.19	0.179	0.194
2020-02-23T01:40:02Z	0.224	0.19	0.178	0.194
2020-02-23T02:00:02Z	0.224	0.19	0.178	0.194
2020-02-23T02:20:02Z	0.224	0.19	0.179	0.194
2020-02-23T02:40:02Z	0.224	0.19	0.178	0.194
2020-02-23T03:00:02Z	0.224	0.19	0.178	0.194
2020-02-23T03:20:02Z	0.224	0.19	0.178	0.194
2020-02-23T03:40:02Z	0.224	0.19	0.178	0.194
2020-02-23T04:00:02Z	0.224	0.19	0.178	0.194
2020-02-23T04:20:02Z	0.224	0.19	0.178	0.194
2020-02-23T04:40:02Z	0.224	0.19	0.178	0.194
2020-02-23T05:00:02Z	0.224	0.19	0.178	0.194
2020-02-23T05:20:02Z	0.224	0.19	0.178	0.194
2020-02-23T05:40:02Z	0.224	0.19	0.178	0.194
2020-02-23T06:00:02Z	0.224	0.19	0.178	0.194
2020-02-23T06:20:02Z	0.224	0.19	0.178	0.194
2020-02-23T06:40:02Z	0.224	0.19	0.178	0.194
2020-02-23T07:00:02Z	0.224	0.19	0.178	0.194
2020-02-23T07:20:02Z	0.224	0.19	0.178	0.194
2020-02-23T07:40:02Z	0.224	0.19	0.178	0.194
2020-02-23T08:00:02Z	0.224	0.19	0.178	0.194
2020-02-23T08:20:02Z	0.224	0.19	0.178	0.194
2020-02-23T08:40:02Z	0.224	0.19	0.179	0.194
2020-02-23T09:00:02Z	0.224	0.19	0.179	0.194
2020-02-23T09:20:02Z	0.225	0.19	0.179	0.194
2020-02-23T09:40:02Z	0.226	0.19	0.179	0.194
2020-02-23T10:00:02Z	0.226	0.19	0.179	0.194
2020-02-23T10:20:02Z	0.228	0.19	0.179	0.194
2020-02-23T10:40:02Z	0.228	0.19	0.179	0.194
2020-02-23T11:00:02Z	0.229	0.191	0.179	0.194
2020-02-23T11:20:02Z	0.23	0.191	0.179	0.194
2020-02-23T11:40:02Z	0.232	0.192	0.179	0.194
2020-02-23T12:00:02Z	0.234	0.192	0.179	0.194
2020-02-23T12:20:02Z	0.237	0.193	0.179	0.194
2020-02-23T12:40:02Z	0.24	0.194	0.179	0.194
2020-02-23T13:00:02Z	0.243	0.194	0.179	0.194
2020-02-23T13:20:02Z	0.246	0.195	0.18	0.194
2020-02-23T13:40:02Z	0.248	0.196	0.18	0.194
2020-02-23T14:00:02Z	0.252	0.198	0.18	0.194
2020-02-23T14:20:02Z	0.254	0.2	0.18	0.194
2020-02-23T14:40:02Z	0.258	0.204	0.181	0.194
2020-02-23T15:00:02Z	0.259	0.208	0.182	0.195
2020-02-23T15:20:02Z	0.262	0.213	0.182	0.195
2020-02-23T15:40:02Z	0.264	0.217	0.186	0.195
2020-02-23T16:00:02Z	0.266	0.218	0.192	0.195
2020-02-23T16:20:02Z	0.268	0.221	0.197	0.2
2020-02-23T16:40:02Z	0.266	0.22	0.198	0.209
2020-02-23T17:00:02Z	0.265	0.219	0.196	0.214
2020-02-23T17:20:02Z	0.264	0.217	0.195	0.216
2020-02-23T17:40:02Z	0.262	0.215	0.194	0.214
2020-02-23T18:00:02Z	0.262	0.214	0.194	0.212
2020-02-23T18:20:02Z	0.26	0.213	0.193	0.211
2020-02-23T18:40:02Z	0.259	0.212	0.192	0.211
2020-02-23T19:00:02Z	0.257	0.212	0.192	0.21
2020-02-23T19:20:02Z	0.256	0.211	0.192	0.21
2020-02-23T19:40:02Z	0.254	0.21	0.191	0.21
2020-02-23T20:00:02Z	0.253	0.21	0.191	0.21
2020-02-23T20:20:02Z	0.252	0.21	0.191	0.21
2020-02-23T20:40:02Z	0.252	0.209	0.19	0.21
2020-02-23T21:00:02Z	0.251	0.209	0.19	0.21
2020-02-23T21:20:02Z	0.25	0.208	0.19	0.21
2020-02-23T21:40:02Z	0.25	0.208	0.19	0.209
2020-02-23T22:00:02Z	0.249	0.208	0.189	0.209
2020-02-23T22:20:02Z	0.249	0.207	0.189	0.208
2020-02-23T22:40:02Z	0.249	0.207	0.189	0.208
2020-02-23T23:00:02Z	0.248	0.207	0.189	0.208
2020-02-23T23:20:02Z	0.248	0.207	0.189	0.208
2020-02-23T23:40:02Z	0.248	0.207	0.188	0.208
2020-02-24T00:00:02Z	0.248	0.206	0.188	0.208
2020-02-24T00:20:02Z	0.247	0.206	0.188	0.207
2020-02-24T00:40:02Z	0.247	0.206	0.188	0.206
2020-02-24T01:00:02Z	0.247	0.206	0.188	0.206
2020-02-24T01:20:02Z	0.246	0.206	0.188	0.206
2020-02-24T01:40:02Z	0.246	0.206	0.188	0.206
2020-02-24T02:00:02Z	0.246	0.205	0.188	0.206
2020-02-24T02:20:02Z	0.246	0.205	0.187	0.206
2020-02-24T02:40:02Z	0.246	0.205	0.187	0.205
2020-02-24T03:00:02Z	0.245	0.205	0.187	0.205
2020-02-24T03:20:02Z	0.245	0.205	0.187	0.205
2020-02-24T03:40:02Z	0.244	0.204	0.187	0.205
2020-02-24T04:00:02Z	0.244	0.204	0.186	0.205
2020-02-24T04:20:02Z	0.244	0.204	0.186	0.205
2020-02-24T04:40:02Z	0.244	0.204	0.186	0.205
2020-02-24T05:00:02Z	0.244	0.204	0.186	0.205
2020-02-24T05:20:02Z	0.244	0.204	0.186	0.205
2020-02-24T05:40:02Z	0.243	0.204	0.186	0.205
2020-02-24T06:00:02Z	0.243	0.204	0.185	0.205
2020-02-24T06:20:02Z	0.243	0.204	0.186	0.205
2020-02-24T06:40:02Z	0.243	0.203	0.185	0.205
2020-02-24T07:00:02Z	0.243	0.203	0.185	0.204
2020-02-24T07:20:02Z	0.243	0.203	0.185	0.204
2020-02-24T07:40:02Z	0.242	0.203	0.185	0.204
2020-02-24T08:00:02Z	0.242	0.203	0.185	0.204
2020-02-24T08:20:02Z	0.242	0.203	0.185	0.204
2020-02-24T08:40:02Z	0.242	0.202	0.185	0.204
2020-02-24T09:00:02Z	0.242	0.202	0.185	0.202
2020-02-24T09:20:02Z	0.242	0.202	0.185	0.202
2020-02-24T09:40:02Z	0.241	0.202	0.184	0.202
2020-02-24T10:00:02Z	0.241	0.202	0.185	0.202
2020-02-24T10:20:02Z	0.241	0.202	0.185	0.202
2020-02-24T10:40:02Z	0.241	0.202	0.185	0.202
2020-02-24T11:00:02Z	0.241	0.202	0.184	0.201
2020-02-24T11:20:02Z	0.241	0.202	0.184	0.201
2020-02-24T11:40:02Z	0.241	0.201	0.183	0.201
2020-02-24T12:00:02Z	0.24	0.201	0.183	0.201
2020-02-24T12:20:02Z	0.24	0.201	0.183	0.201
2020-02-24T12:40:02Z	0.24	0.201	0.183	0.201
2020-02-24T13:00:02Z	0.24	0.201	0.183	0.201
2020-02-24T13:20:02Z	0.24	0.201	0.183	0.201
2020-02-24T13:40:02Z	0.24	0.201	0.183	0.201
2020-02-24T14:00:02Z	0.24	0.201	0.183	0.201
2020-02-24T14:20:02Z	0.24	0.201	0.183	0.201
2020-02-24T14:40:02Z	0.239	0.201	0.183	0.201
2020-02-24T15:00:02Z	0.239	0.2	0.183	0.201
2020-02-24T15:20:02Z	0.239	0.2	0.183	0.201
2020-02-24T15:40:02Z	0.239	0.2	0.183	0.201
2020-02-24T16:00:02Z	0.239	0.2	0.183	0.201
2020-02-24T16:20:02Z	0.238	0.2	0.183	0.201
2020-02-24T16:40:02Z	0.238	0.2	0.183	0.201
2020-02-24T17:00:02Z	0.238	0.2	0.183	0.201
2020-02-24T17:20:02Z	0.238	0.2	0.183	0.201
2020-02-24T17:40:02Z	0.238	0.2	0.183	0.201
2020-02-24T18:00:02Z	0.238	0.2	0.182	0.201
2020-02-24T18:20:02Z	0.238	0.2	0.183	0.201
2020-02-24T18:40:02Z	0.242	0.2	0.183	0.201
2020-02-24T19:00:02Z	0.248	0.201	0.183	0.201
2020-02-24T19:20:02Z	0.251	0.203	0.184	0.201
2020-02-24T19:40:02Z	0.253	0.204	0.184	0.201
2020-02-24T20:00:02Z	0.253	0.205	0.184	0.201
2020-02-24T20:20:02Z	0.253	0.206	0.185	0.201
2020-02-24T20:40:02Z	0.253	0.207	0.185	0.201
2020-02-24T21:00:02Z	0.253	0.207	0.185	0.201
2020-02-24T21:20:02Z	0.253	0.207	0.185	0.202
2020-02-24T21:40:02Z	0.252	0.208	0.186	0.202
2020-02-24T22:00:02Z	0.252	0.208	0.186	0.202
2020-02-24T22:20:02Z	0.252	0.208	0.186	0.202
2020-02-24T22:40:02Z	0.251	0.208	0.186	0.202
2020-02-24T23:00:02Z	0.251	0.208	0.186	0.202
2020-02-24T23:20:02Z	0.25	0.207	0.186	0.202
2020-02-24T23:40:02Z	0.25	0.207	0.186	0.202
2020-02-25T00:00:02Z	0.249	0.207	0.186	0.202
2020-02-25T00:20:02Z	0.249	0.206	0.186	0.202
2020-02-25T00:40:02Z	0.248	0.206	0.186	0.202
2020-02-25T01:00:02Z	0.248	0.206	0.186	0.202
2020-02-25T01:20:02Z	0.248	0.206	0.186	0.202
2020-02-25T01:40:02Z	0.248	0.206	0.186	0.202
2020-02-25T02:00:02Z	0.249	0.206	0.187	0.202
2020-02-25T02:20:02Z	0.249	0.206	0.187	0.202
2020-02-25T02:40:02Z	0.249	0.206	0.187	0.202
2020-02-25T03:00:02Z	0.249	0.206	0.187	0.202
2020-02-25T03:20:02Z	0.248	0.206	0.187	0.202
2020-02-25T03:40:02Z	0.248	0.206	0.187	0.202
2020-02-25T04:00:02Z	0.248	0.206	0.187	0.202
2020-02-25T04:20:02Z	0.247	0.206	0.187	0.202
2020-02-25T04:40:02Z	0.247	0.206	0.187	0.202
2020-02-25T05:00:02Z	0.247	0.205	0.187	0.202
2020-02-25T05:20:02Z	0.246	0.205	0.187	0.202
2020-02-25T05:40:02Z	0.246	0.205	0.187	0.202
2020-02-25T06:00:02Z	0.246	0.205	0.187	0.202
2020-02-25T06:20:02Z	0.246	0.204	0.187	0.202
2020-02-25T06:40:02Z	0.245	0.204	0.186	0.202
2020-02-25T07:00:02Z	0.245	0.204	0.187	0.202
2020-02-25T07:20:02Z	0.244	0.204	0.188	0.202
2020-02-25T07:40:02Z	0.244	0.204	0.189	0.202
2020-02-25T08:00:02Z	0.244	0.204	0.189	0.201
2020-02-25T08:20:02Z	0.244	0.204	0.188	0.201
2020-02-25T08:40:02Z	0.243	0.203	0.188	0.201
2020-02-25T09:00:02Z	0.243	0.203	0.188	0.201
2020-02-25T09:20:02Z	0.243	0.203	0.188	0.201
2020-02-25T09:40:02Z	0.243	0.203	0.188	0.201
2020-02-25T10:00:02Z	0.243	0.203	0.188	0.201
2020-02-25T10:20:02Z	0.243	0.202	0.188	0.201
2020-02-25T10:40:02Z	0.242	0.202	0.188	0.201
2020-02-25T11:00:02Z	0.242	0.202	0.188	0.201
2020-02-25T11:20:02Z	0.242	0.202	0.188	0.201
2020-02-25T11:40:02Z	0.242	0.202	0.188	0.201
2020-02-25T12:00:02Z	0.242	0.202	0.188	0.201
2020-02-25T12:20:02Z	0.241	0.202	0.188	0.201
2020-02-25T12:40:02Z	0.241	0.202	0.188	0.201
2020-02-25T13:00:02Z	0.241	0.201	0.188	0.2
2020-02-25T13:20:02Z	0.241	0.201	0.188	0.201
2020-02-25T13:40:02Z	0.241	0.201	0.188	0.201
2020-02-25T14:00:02Z	0.24	0.201	0.187	0.2
2020-02-25T14:20:02Z	0.24	0.201	0.188	0.201
2020-02-25T14:40:02Z	0.24	0.2	0.187	0.2
2020-02-25T15:00:02Z	0.24	0.2	0.187	0.2
2020-02-25T15:20:02Z	0.239	0.2	0.187	0.2
2020-02-25T15:40:02Z	0.239	0.2	0.187	0.2
2020-02-25T16:00:02Z	0.239	0.2	0.187	0.201
2020-02-25T16:20:02Z	0.239	0.2	0.187	0.201
2020-02-25T16:40:02Z	0.239	0.2	0.187	0.201
2020-02-25T17:00:02Z	0.239	0.2	0.187	0.201
2020-02-25T17:20:02Z	0.239	0.2	0.187	0.201
2020-02-25T17:40:02Z	0.239	0.2	0.187	0.201
2020-02-25T18:00:02Z	0.239	0.2	0.187	0.2
2020-02-25T18:20:02Z	0.239	0.2	0.187	0.201
2020-02-25T18:40:02Z	0.239	0.2	0.187	0.201
2020-02-25T19:00:02Z	0.238	0.2	0.187	0.2
2020-02-25T19:20:02Z	0.238	0.2	0.187	0.2
2020-02-25T19:40:02Z	0.238	0.2	0.187	0.2
2020-02-25T20:00:02Z	0.238	0.2	0.187	0.2
2020-02-25T20:20:02Z	0.238	0.2	0.187	0.2
2020-02-25T20:40:02Z	0.238	0.2	0.187	0.2
2020-02-25T21:00:02Z	0.238	0.2	0.186	0.2
2020-02-25T21:20:02Z	0.238	0.199	0.186	0.2
2020-02-25T21:40:02Z	0.238	0.199	0.186	0.2
2020-02-25T22:00:02Z	0.238	0.199	0.186	0.2
2020-02-25T22:20:02Z	0.238	0.199	0.186	0.2
2020-02-25T22:40:02Z	0.238	0.199	0.186	0.2
2020-02-25T23:00:02Z	0.238	0.199	0.186	0.2
2020-02-25T23:20:02Z	0.238	0.199	0.186	0.2
2020-02-25T23:40:02Z	0.238	0.199	0.186	0.2
2020-02-26T00:00:02Z	0.238	0.199	0.186	0.2
2020-02-26T00:20:02Z	0.238	0.199	0.186	0.2
2020-02-26T00:40:02Z	0.238	0.199	0.186	0.2
2020-02-26T01:00:02Z	0.238	0.199	0.186	0.2
2020-02-26T01:20:02Z	0.238	0.199	0.186	0.2
2020-02-26T01:40:02Z	0.238	0.199	0.186	0.2
2020-02-26T02:00:02Z	0.238	0.199	0.186	0.2
2020-02-26T02:20:02Z	0.238	0.199	0.186	0.2
2020-02-26T02:40:02Z	0.238	0.199	0.186	0.2
2020-02-26T03:00:02Z	0.238	0.199	0.186	0.2
2020-02-26T03:20:02Z	0.238	0.199	0.186	0.2
2020-02-26T03:40:02Z	0.238	0.199	0.186	0.2
2020-02-26T04:00:02Z	0.238	0.199	0.186	0.2
2020-02-26T04:20:02Z	0.238	0.199	0.186	0.2
2020-02-26T04:40:02Z	0.238	0.199	0.186	0.2
2020-02-26T05:00:02Z	0.238	0.199	0.186	0.2
2020-02-26T05:20:02Z	0.238	0.199	0.186	0.2
2020-02-26T05:40:02Z	0.238	0.199	0.186	0.2
2020-02-26T06:00:02Z	0.238	0.199	0.186	0.2
2020-02-26T06:20:02Z	0.238	0.199	0.186	0.2
2020-02-26T06:40:02Z	0.237	0.199	0.186	0.2
2020-02-26T07:00:02Z	0.237	0.199	0.186	0.2
2020-02-26T07:20:02Z	0.237	0.199	0.186	0.2
2020-02-26T07:40:02Z	0.237	0.199	0.186	0.2
2020-02-26T08:00:02Z	0.237	0.199	0.186	0.2
2020-02-26T08:20:02Z	0.237	0.199	0.186	0.2
2020-02-26T08:40:02Z	0.237	0.198	0.186	0.2
2020-02-26T09:00:02Z	0.237	0.199	0.186	0.2
2020-02-26T09:20:02Z	0.238	0.199	0.187	0.2
2020-02-26T09:40:02Z	0.241	0.199	0.187	0.2
2020-02-26T10:00:02Z	0.242	0.2	0.187	0.2
2020-02-26T10:20:02Z	0.243	0.2	0.187	0.2
2020-02-26T10:40:02Z	0.245	0.201	0.187	0.2
2020-02-26T11:00:02Z	0.246	0.202	0.187	0.2
2020-02-26T11:20:02Z	0.246	0.202	0.188	0.2
2020-02-26T11:40:02Z	0.246	0.202	0.188	0.2
2020-02-26T12:00:02Z	0.245	0.203	0.188	0.2
2020-02-26T12:20:02Z	0.245	0.203	0.188	0.2
2020-02-26T12:40:02Z	0.244	0.203	0.188	0.2
2020-02-26T13:00:02Z	0.244	0.203	0.188	0.2
2020-02-26T13:20:02Z	0.244	0.202	0.189	0.2
2020-02-26T13:40:02Z	0.243	0.202	0.189	0.2
2020-02-26T14:00:02Z	0.243	0.202	0.189	0.2
2020-02-26T14:20:02Z	0.243	0.202	0.189	0.2
2020-02-26T14:40:02Z	0.243	0.202	0.189	0.2
2020-02-26T15:00:02Z	0.242	0.202	0.189	0.2
2020-02-26T15:20:02Z	0.242	0.202	0.189	0.2
2020-02-26T15:40:02Z	0.242	0.202	0.189	0.2
2020-02-26T16:00:02Z	0.242	0.202	0.189	0.2
2020-02-26T16:20:02Z	0.242	0.202	0.189	0.2
2020-02-26T16:40:02Z	0.241	0.202	0.189	0.2
2020-02-26T17:00:02Z	0.241	0.201	0.189	0.2
2020-02-26T17:20:02Z	0.241	0.201	0.189	0.2
2020-02-26T17:40:02Z	0.241	0.201	0.189	0.2
2020-02-26T18:00:02Z	0.241	0.201	0.189	0.2
2020-02-26T18:20:02Z	0.241	0.201	0.189	0.2
2020-02-26T18:40:02Z	0.241	0.201	0.189	0.2
2020-02-26T19:00:02Z	0.241	0.201	0.189	0.2
2020-02-26T19:20:02Z	0.241	0.201	0.189	0.2
2020-02-26T19:40:02Z	0.241	0.201	0.189	0.2
2020-02-26T20:00:02Z	0.241	0.201	0.189	0.2
2020-02-26T20:20:02Z	0.241	0.201	0.189	0.2
2020-02-26T20:40:02Z	0.241	0.201	0.189	0.2
2020-02-26T21:00:02Z	0.24	0.201	0.189	0.2
2020-02-26T21:20:02Z	0.24	0.201	0.189	0.2
2020-02-26T21:40:02Z	0.24	0.201	0.189	0.2
2020-02-26T22:00:02Z	0.24	0.201	0.188	0.2
2020-02-26T22:20:02Z	0.24	0.2	0.188	0.2
2020-02-26T22:40:02Z	0.24	0.2	0.188	0.2
2020-02-26T23:00:02Z	0.24	0.2	0.188	0.2
2020-02-26T23:20:02Z	0.24	0.2	0.188	0.2
2020-02-26T23:40:02Z	0.24	0.2	0.188	0.2
2020-02-27T00:00:02Z	0.24	0.2	0.188	0.2
2020-02-27T00:20:02Z	0.24	0.2	0.188	0.2
2020-02-27T00:40:02Z	0.24	0.2	0.188	0.2
2020-02-27T01:00:02Z	0.239	0.2	0.188	0.2
2020-02-27T01:20:02Z	0.239	0.2	0.188	0.2
2020-02-27T01:40:02Z	0.239	0.2	0.188	0.2
2020-02-27T02:00:02Z	0.239	0.2	0.188	0.2
2020-02-27T02:20:02Z	0.239	0.2	0.188	0.2
2020-02-27T02:40:02Z	0.239	0.2	0.188	0.2
2020-02-27T03:00:02Z	0.239	0.2	0.188	0.2
2020-02-27T03:20:02Z	0.239	0.2	0.188	0.2
2020-02-27T03:40:02Z	0.238	0.2	0.188	0.2
2020-02-27T04:00:02Z	0.238	0.2	0.188	0.2
2020-02-27T04:20:02Z	0.238	0.2	0.188	0.2
2020-02-27T04:40:02Z	0.238	0.2	0.188	0.2
2020-02-27T05:00:02Z	0.238	0.2	0.188	0.2
2020-02-27T05:20:02Z	0.238	0.2	0.188	0.2
2020-02-27T05:40:02Z	0.239	0.2	0.188	0.2
2020-02-27T06:00:02Z	0.239	0.2	0.188	0.2
2020-02-27T06:20:02Z	0.239	0.2	0.188	0.2
2020-02-27T06:40:02Z	0.239	0.2	0.188	0.2
2020-02-27T07:00:02Z	0.24	0.2	0.188	0.2
2020-02-27T07:20:02Z	0.24	0.2	0.188	0.2
2020-02-27T07:40:02Z	0.24	0.2	0.188	0.2
2020-02-27T08:00:02Z	0.24	0.2	0.188	0.2
2020-02-27T08:20:02Z	0.24	0.2	0.188	0.2
2020-02-27T08:40:02Z	0.24	0.2	0.188	0.2
2020-02-27T09:00:02Z	0.24	0.2	0.188	0.2
2020-02-27T09:20:02Z	0.24	0.2	0.188	0.2
2020-02-27T09:40:02Z	0.24	0.2	0.188	0.2
2020-02-27T10:00:02Z	0.24	0.2	0.188	0.2
2020-02-27T10:20:02Z	0.24	0.2	0.188	0.2
2020-02-27T10:40:02Z	0.24	0.2	0.188	0.2
2020-02-27T11:00:02Z	0.239	0.2	0.188	0.2
2020-02-27T11:20:02Z	0.239	0.2	0.188	0.2
2020-02-27T11:40:02Z	0.239	0.2	0.188	0.2
2020-02-27T12:00:02Z	0.238	0.2	0.188	0.2
2020-02-27T12:20:02Z	0.238	0.199	0.188	0.2
2020-02-27T12:40:02Z	0.238	0.199	0.188	0.2
2020-02-27T13:00:02Z	0.238	0.199	0.188	0.2
2020-02-27T13:20:02Z	0.238	0.199	0.188	0.2
2020-02-27T13:40:02Z	0.238	0.199	0.188	0.2
2020-02-27T14:00:02Z	0.238	0.199	0.188	0.2
2020-02-27T14:20:02Z	0.238	0.199	0.188	0.2
2020-02-27T14:40:02Z	0.238	0.199	0.188	0.2
2020-02-27T15:00:02Z	0.238	0.199	0.188	0.2
2020-02-27T15:20:02Z	0.238	0.199	0.188	0.2
2020-02-27T15:40:02Z	0.238	0.199	0.188	0.2
2020-02-27T16:00:02Z	0.238	0.199	0.188	0.2
2020-02-27T16:20:02Z	0.238	0.199	0.188	0.2
2020-02-27T16:40:02Z	0.238	0.199	0.188	0.2
2020-02-27T17:00:02Z	0.238	0.198	0.188	0.2
2020-02-27T17:20:02Z	0.238	0.198	0.188	0.2
2020-02-27T17:40:02Z	0.237	0.198	0.188	0.2
2020-02-27T18:00:02Z	0.238	0.198	0.188	0.2
2020-02-27T18:20:02Z	0.237	0.198	0.188	0.2
2020-02-27T18:40:02Z	0.237	0.198	0.188	0.2
2020-02-27T19:00:02Z	0.237	0.198	0.188	0.2
2020-02-27T19:20:02Z	0.237	0.198	0.188	0.2
2020-02-27T19:40:02Z	0.237	0.198	0.188	0.2
2020-02-27T20:00:02Z	0.237	0.198	0.188	0.2
2020-02-27T20:20:02Z	0.237	0.198	0.188	0.2
2020-02-27T20:40:02Z	0.237	0.198	0.188	0.2
2020-02-27T21:00:02Z	0.237	0.198	0.188	0.2
2020-02-27T21:20:02Z	0.237	0.198	0.188	0.2
2020-02-27T21:40:02Z	0.237	0.198	0.188	0.2
2020-02-27T22:00:02Z	0.237	0.198	0.188	0.2
2020-02-27T22:20:02Z	0.237	0.198	0.188	0.2
2020-02-27T22:40:02Z	0.237	0.198	0.188	0.2
2020-02-27T23:00:02Z	0.237	0.197	0.188	0.2
2020-02-27T23:20:02Z	0.237	0.197	0.188	0.2
2020-02-27T23:40:02Z	0.237	0.197	0.188	0.2
2020-02-28T00:00:02Z	0.237	0.197	0.188	0.2
2020-02-28T00:20:02Z	0.237	0.197	0.188	0.2
2020-02-28T00:40:02Z	0.237	0.197	0.188	0.2
2020-02-28T01:00:02Z	0.237	0.197	0.188	0.2
2020-02-28T01:20:02Z	0.237	0.197	0.188	0.2
2020-02-28T01:40:02Z	0.237	0.197	0.188	0.2
2020-02-28T02:00:02Z	0.237	0.197	0.188	0.2
2020-02-28T02:20:02Z	0.237	0.197	0.188	0.2
2020-02-28T02:40:02Z	0.237	0.197	0.188	0.2
2020-02-28T03:00:02Z	0.236	0.197	0.188	0.2
2020-02-28T03:20:02Z	0.236	0.197	0.188	0.2
2020-02-28T03:40:02Z	0.236	0.197	0.188	0.2
2020-02-28T04:00:02Z	0.236	0.197	0.188	0.2
2020-02-28T04:20:02Z	0.236	0.197	0.188	0.2
2020-02-28T04:40:02Z	0.236	0.197	0.188	0.2
2020-02-28T05:00:02Z	0.236	0.196	0.188	0.199
2020-02-28T05:20:02Z	0.236	0.196	0.188	0.199
2020-02-28T05:40:02Z	0.236	0.196	0.188	0.199
2020-02-28T06:00:02Z	0.236	0.196	0.188	0.199
2020-02-28T06:20:02Z	0.236	0.196	0.188	0.199
2020-02-28T06:40:02Z	0.236	0.196	0.188	0.199
2020-02-28T07:00:02Z	0.236	0.196	0.188	0.199
2020-02-28T07:20:02Z	0.236	0.196	0.188	0.199
2020-02-28T07:40:02Z	0.236	0.196	0.188	0.199
2020-02-28T08:00:02Z	0.236	0.196	0.188	0.199
2020-02-28T08:20:02Z	0.236	0.196	0.188	0.199
2020-02-28T08:40:02Z	0.236	0.196	0.188	0.199
2020-02-28T09:00:02Z	0.236	0.196	0.187	0.199
2020-02-28T09:20:02Z	0.236	0.196	0.187	0.199
2020-02-28T09:40:02Z	0.236	0.196	0.187	0.199
2020-02-28T10:00:02Z	0.235	0.196	0.187	0.199
2020-02-28T10:20:02Z	0.235	0.196	0.187	0.199
2020-02-28T10:40:02Z	0.235	0.196	0.187	0.199
2020-02-28T11:00:02Z	0.235	0.196	0.187	0.199
2020-02-28T11:20:02Z	0.235	0.196	0.187	0.198
2020-02-28T11:40:02Z	0.235	0.195	0.187	0.199
2020-02-28T12:00:02Z	0.235	0.195	0.187	0.198
2020-02-28T12:20:02Z	0.235	0.195	0.187	0.198
2020-02-28T12:40:02Z	0.235	0.195	0.187	0.198
2020-02-28T13:00:02Z	0.235	0.195	0.187	0.198
2020-02-28T13:20:02Z	0.234	0.195	0.187	0.198
2020-02-28T13:40:02Z	0.234	0.194	0.186	0.198
2020-02-28T14:00:02Z	0.234	0.194	0.186	0.198
2020-02-28T14:20:02Z	0.234	0.195	0.186	0.198
2020-02-28T14:40:02Z	0.234	0.195	0.187	0.198
2020-02-28T15:00:02Z	0.234	0.195	0.187	0.198
2020-02-28T15:20:02Z	0.234	0.195	0.187	0.198
2020-02-28T15:40:02Z	0.234	0.195	0.187	0.199
2020-02-28T16:00:02Z	0.234	0.195	0.187	0.199
2020-02-28T16:20:02Z	0.234	0.195	0.187	0.199
2020-02-28T16:40:02Z	0.234	0.195	0.187	0.199
2020-02-28T17:00:02Z	0.234	0.195	0.187	0.199
2020-02-28T17:20:02Z	0.234	0.195	0.187	0.199
2020-02-28T17:40:02Z	0.234	0.195	0.187	0.199
2020-02-28T18:00:02Z	0.234	0.195	0.187	0.199
2020-02-28T18:20:02Z	0.234	0.195	0.187	0.199
2020-02-28T18:40:02Z	0.234	0.195	0.187	0.199
2020-02-28T19:00:02Z	0.234	0.195	0.187	0.199
2020-02-28T19:20:02Z	0.234	0.195	0.187	0.199
2020-02-28T19:40:02Z	0.234	0.195	0.187	0.199
2020-02-28T20:00:02Z	0.234	0.194	0.187	0.199
2020-02-28T20:20:02Z	0.234	0.194	0.187	0.199
2020-02-28T20:40:02Z	0.234	0.194	0.187	0.199
2020-02-28T21:00:02Z	0.234	0.194	0.187	0.199
2020-02-28T21:20:02Z	0.234	0.194	0.187	0.199
2020-02-28T21:40:02Z	0.234	0.194	0.187	0.198
2020-02-28T22:00:02Z	0.234	0.195	0.186	0.198
2020-02-28T22:20:02Z	0.234	0.195	0.186	0.198
2020-02-28T22:40:02Z	0.234	0.194	0.186	0.198
2020-02-28T23:00:02Z	0.234	0.195	0.186	0.198
2020-02-28T23:20:02Z	0.234	0.195	0.186	0.198
2020-02-28T23:40:02Z	0.234	0.195	0.186	0.198
2020-02-29T00:00:02Z	0.234	0.195	0.186	0.198
2020-02-29T00:20:02Z	0.234	0.195	0.186	0.198
2020-02-29T00:40:02Z	0.234	0.195	0.186	0.198
2020-02-29T01:00:02Z	0.234	0.195	0.186	0.198
2020-02-29T01:20:02Z	0.234	0.195	0.186	0.198
2020-02-29T01:40:02Z	0.234	0.195	0.186	0.198
2020-02-29T02:00:02Z	0.234	0.195	0.186	0.198
2020-02-29T02:20:02Z	0.233	0.195	0.186	0.199
2020-02-29T02:40:02Z	0.234	0.195	0.187	0.199
2020-02-29T03:00:02Z	0.236	0.195	0.187	0.199
2020-02-29T03:20:02Z	0.24	0.196	0.187	0.199
2020-02-29T03:40:02Z	0.241	0.197	0.187	0.199
2020-02-29T04:00:02Z	0.243	0.198	0.187	0.199
2020-02-29T04:20:02Z	0.244	0.198	0.187	0.199
2020-02-29T04:40:02Z	0.244	0.199	0.187	0.199
2020-02-29T05:00:02Z	0.245	0.199	0.188	0.199
2020-02-29T05:20:02Z	0.246	0.2	0.188	0.199
2020-02-29T05:40:02Z	0.248	0.2	0.188	0.199
2020-02-29T06:00:02Z	0.252	0.201	0.188	0.199
2020-02-29T06:20:02Z	0.252	0.202	0.188	0.199
2020-02-29T06:40:02Z	0.25	0.203	0.189	0.199
2020-02-29T07:00:02Z	0.25	0.203	0.189	0.199
2020-02-29T07:20:02Z	0.249	0.204	0.189	0.199
2020-02-29T07:40:02Z	0.248	0.203	0.189	0.199
2020-02-29T08:00:02Z	0.248	0.203	0.189	0.199
2020-02-29T08:20:02Z	0.247	0.203	0.189	0.199
2020-02-29T08:40:02Z	0.247	0.203	0.189	0.2
2020-02-29T09:00:02Z	0.246	0.203	0.189	0.2
2020-02-29T09:20:02Z	0.246	0.203	0.189	0.2
2020-02-29T09:40:02Z	0.246	0.202	0.189	0.2
2020-02-29T10:00:02Z	0.245	0.202	0.189	0.2
2020-02-29T10:20:02Z	0.244	0.202	0.189	0.2
2020-02-29T10:40:02Z	0.244	0.202	0.189	0.2
2020-02-29T11:00:02Z	0.243	0.201	0.189	0.199
2020-02-29T11:20:02Z	0.243	0.201	0.189	0.199
2020-02-29T11:40:02Z	0.243	0.201	0.189	0.2
2020-02-29T12:00:02Z	0.242	0.201	0.189	0.2
2020-02-29T12:20:02Z	0.242	0.201	0.189	0.199
2020-02-29T12:40:02Z	0.241	0.2	0.189	0.199
2020-02-29T13:00:02Z	0.241	0.2	0.189	0.199
2020-02-29T13:20:02Z	0.241	0.2	0.189	0.199
2020-02-29T13:40:02Z	0.241	0.2	0.188	0.199
2020-02-29T14:00:02Z	0.24	0.2	0.188	0.199
2020-02-29T14:20:02Z	0.24	0.2	0.189	0.199
2020-02-29T14:40:02Z	0.24	0.2	0.189	0.2
2020-02-29T15:00:02Z	0.24	0.2	0.189	0.199
2020-02-29T15:20:02Z	0.24	0.2	0.189	0.2
2020-02-29T15:40:02Z	0.24	0.199	0.189	0.2
2020-02-29T16:00:02Z	0.24	0.2	0.189	0.2
2020-02-29T16:20:02Z	0.239	0.2	0.188	0.2
2020-02-29T16:40:02Z	0.239	0.2	0.188	0.2
2020-02-29T17:00:02Z	0.239	0.2	0.188	0.2
2020-02-29T17:20:02Z	0.238	0.199	0.188	0.2
2020-02-29T17:40:02Z	0.238	0.2	0.188	0.2
2020-02-29T18:00:02Z	0.238	0.2	0.188	0.2
2020-02-29T18:20:02Z	0.238	0.199	0.188	0.2
2020-02-29T18:40:02Z	0.238	0.199	0.188	0.2
2020-02-29T19:00:02Z	0.238	0.199	0.188	0.2
2020-02-29T19:20:02Z	0.238	0.199	0.188	0.2
2020-02-29T19:40:02Z	0.238	0.199	0.188	0.199
2020-02-29T20:00:02Z	0.238	0.199	0.188	0.199
2020-02-29T20:20:02Z	0.238	0.199	0.188	0.199
2020-02-29T20:40:02Z	0.238	0.199	0.188	0.199
2020-02-29T21:00:02Z	0.238	0.199	0.188	0.199
2020-02-29T21:20:02Z	0.237	0.198	0.188	0.199
2020-02-29T21:40:02Z	0.237	0.198	0.188	0.199
2020-02-29T22:00:02Z	0.237	0.198	0.188	0.199
2020-02-29T22:20:02Z	0.237	0.198	0.188	0.199
2020-02-29T22:40:02Z	0.237	0.199	0.188	0.199
2020-02-29T23:00:02Z	0.237	0.198	0.188	0.199
2020-02-29T23:20:02Z	0.237	0.198	0.188	0.199
2020-02-29T23:40:02Z	0.237	0.198	0.188	0.199
2020-03-01T00:00:02Z	0.237	0.198	0.188	0.199
2020-03-01T00:20:02Z	0.237	0.198	0.188	0.199
2020-03-01T00:40:02Z	0.237	0.198	0.188	0.199
2020-03-01T01:00:02Z	0.237	0.198	0.188	0.199
2020-03-01T01:20:02Z	0.237	0.198	0.188	0.199
2020-03-01T01:40:02Z	0.237	0.198	0.188	0.199
2020-03-01T02:00:02Z	0.237	0.198	0.188	0.199
2020-03-01T02:20:02Z	0.237	0.198	0.188	0.199
2020-03-01T02:40:02Z	0.237	0.198	0.188	0.199
2020-03-01T03:00:02Z	0.237	0.198	0.188	0.199
2020-03-01T03:20:02Z	0.237	0.198	0.188	0.199
2020-03-01T03:40:02Z	0.237	0.198	0.188	0.199
2020-03-01T04:00:02Z	0.236	0.197	0.188	0.199
2020-03-01T04:20:02Z	0.236	0.197	0.188	0.199
2020-03-01T04:40:02Z	0.236	0.197	0.188	0.199
2020-03-01T05:00:02Z	0.236	0.197	0.188	0.199
2020-03-01T05:20:02Z	0.236	0.197	0.188	0.199
2020-03-01T05:40:02Z	0.236	0.197	0.188	0.199
2020-03-01T06:00:02Z	0.236	0.197	0.187	0.199
2020-03-01T06:20:02Z	0.236	0.197	0.188	0.199
2020-03-01T06:40:02Z	0.236	0.197	0.187	0.199
2020-03-01T07:00:02Z	0.236	0.197	0.187	0.199
2020-03-01T07:20:02Z	0.236	0.197	0.187	0.199
2020-03-01T07:40:02Z	0.236	0.197	0.187	0.199
2020-03-01T08:00:02Z	0.236	0.197	0.187	0.198
2020-03-01T08:20:02Z	0.236	0.197	0.187	0.198
2020-03-01T08:40:02Z	0.235	0.196	0.187	0.198
2020-03-01T09:00:02Z	0.235	0.196	0.187	0.198
2020-03-01T09:20:02Z	0.235	0.196	0.187	0.198
2020-03-01T09:40:02Z	0.235	0.196	0.187	0.198
2020-03-01T10:00:02Z	0.235	0.196	0.187	0.198
2020-03-01T10:20:02Z	0.235	0.196	0.186	0.198
2020-03-01T10:40:02Z	0.235	0.196	0.187	0.198
2020-03-01T11:00:02Z	0.235	0.196	0.187	0.198
2020-03-01T11:20:02Z	0.234	0.196	0.187	0.198
2020-03-01T11:40:02Z	0.234	0.196	0.186	0.198
2020-03-01T12:00:02Z	0.234	0.196	0.186	0.198
2020-03-01T12:20:02Z	0.234	0.196	0.187	0.198
2020-03-01T12:40:02Z	0.234	0.196	0.187	0.198
2020-03-01T13:00:02Z	0.234	0.196	0.186	0.198
2020-03-01T13:20:02Z	0.234	0.196	0.186	0.198
2020-03-01T13:40:02Z	0.234	0.196	0.186	0.198
2020-03-01T14:00:02Z	0.234	0.196	0.186	0.198
2020-03-01T14:20:02Z	0.234	0.196	0.186	0.198
2020-03-01T14:40:02Z	0.234	0.196	0.186	0.198
2020-03-01T15:00:02Z	0.234	0.196	0.186	0.198
2020-03-01T15:20:02Z	0.234	0.196	0.186	0.198
2020-03-01T15:40:02Z	0.233	0.196	0.186	0.198
2020-03-01T16:00:02Z	0.234	0.196	0.186	0.198
2020-03-01T16:20:02Z	0.234	0.196	0.186	0.198
2020-03-01T16:40:02Z	0.234	0.197	0.186	0.198
2020-03-01T17:00:02Z	0.234	0.197	0.186	0.198
2020-03-01T17:20:02Z	0.234	0.197	0.186	0.198
2020-03-01T17:40:02Z	0.234	0.197	0.186	0.198
2020-03-01T18:00:02Z	0.234	0.197	0.186	0.198
2020-03-01T18:20:02Z	0.234	0.197	0.186	0.198
2020-03-01T18:40:02Z	0.234	0.197	0.186	0.198
2020-03-01T19:00:02Z	0.234	0.197	0.186	0.198
2020-03-01T19:20:02Z	0.234	0.197	0.186	0.198
2020-03-01T19:40:02Z	0.234	0.197	0.186	0.198
2020-03-01T20:00:02Z	0.234	0.198	0.186	0.198
2020-03-01T20:20:02Z	0.234	0.197	0.186	0.198
2020-03-01T20:40:02Z	0.234	0.198	0.186	0.198
2020-03-01T21:00:02Z	0.234	0.198	0.186	0.198
2020-03-01T21:20:02Z	0.234	0.198	0.186	0.198
2020-03-01T21:40:02Z	0.234	0.198	0.186	0.198
2020-03-01T22:00:02Z	0.234	0.198	0.186	0.198
2020-03-01T22:20:02Z	0.234	0.198	0.186	0.198
2020-03-01T22:40:02Z	0.234	0.198	0.186	0.198
2020-03-01T23:00:02Z	0.234	0.198	0.186	0.198
2020-03-01T23:20:02Z	0.234	0.197	0.186	0.198
2020-03-01T23:40:02Z	0.233	0.197	0.186	0.198
2020-03-02T00:00:02Z	0.233	0.198	0.186	0.198
2020-03-02T00:20:02Z	0.233	0.197	0.186	0.198
2020-03-02T00:40:02Z	0.233	0.197	0.186	0.198
2020-03-02T01:00:02Z	0.233	0.197	0.186	0.198
2020-03-02T01:20:02Z	0.233	0.197	0.186	0.198
2020-03-02T01:40:02Z	0.233	0.197	0.186	0.198
2020-03-02T02:00:02Z	0.235	0.197	0.186	0.198
2020-03-02T02:20:02Z	0.235	0.198	0.186	0.198
2020-03-02T02:40:02Z	0.236	0.198	0.186	0.198
2020-03-02T03:00:02Z	0.236	0.198	0.186	0.198
2020-03-02T03:20:02Z	0.236	0.198	0.186	0.198
2020-03-02T03:40:02Z	0.236	0.198	0.186	0.198
2020-03-02T04:00:02Z	0.236	0.198	0.186	0.198
2020-03-02T04:20:02Z	0.236	0.199	0.186	0.198
2020-03-02T04:40:02Z	0.236	0.198	0.186	0.198
2020-03-02T05:00:02Z	0.236	0.199	0.186	0.198
2020-03-02T05:20:02Z	0.236	0.199	0.186	0.198
2020-03-02T05:40:02Z	0.236	0.199	0.186	0.198
2020-03-02T06:00:02Z	0.236	0.199	0.186	0.198
2020-03-02T06:20:02Z	0.236	0.199	0.186	0.198
2020-03-02T06:40:02Z	0.236	0.199	0.186	0.198
2020-03-02T07:00:02Z	0.236	0.199	0.186	0.198
2020-03-02T07:20:02Z	0.236	0.198	0.186	0.198
2020-03-02T07:40:02Z	0.236	0.199	0.186	0.198
2020-03-02T08:00:02Z	0.236	0.199	0.187	0.198
2020-03-02T08:20:02Z	0.236	0.199	0.187	0.198
2020-03-02T08:40:02Z	0.236	0.2	0.187	0.198
2020-03-02T09:00:02Z	0.236	0.199	0.186	0.198
2020-03-02T09:20:02Z	0.236	0.199	0.186	0.198
2020-03-02T09:40:02Z	0.236	0.199	0.186	0.198
2020-03-02T10:00:02Z	0.236	0.199	0.186	0.198
2020-03-02T10:20:02Z	0.236	0.199	0.186	0.198
2020-03-02T10:40:02Z	0.236	0.197	0.186	0.198
2020-03-02T11:00:02Z	0.236	0.198	0.186	0.198
2020-03-02T11:20:02Z	0.235	0.198	0.186	0.198
2020-03-02T11:40:02Z	0.235	0.198	0.186	0.198
2020-03-02T12:00:02Z	0.235	0.198	0.186	0.198
2020-03-02T12:20:02Z	0.235	0.198	0.186	0.198
2020-03-02T12:40:02Z	0.235	0.198	0.186	0.198
2020-03-02T13:00:02Z	0.234	0.198	0.186	0.198
2020-03-02T13:20:02Z	0.234	0.197	0.186	0.198
2020-03-02T13:40:02Z	0.234	0.197	0.186	0.198
2020-03-02T14:00:02Z	0.234	0.197	0.186	0.198
2020-03-02T14:20:02Z	0.234	0.197	0.186	0.198
2020-03-02T14:40:02Z	0.234	0.197	0.186	0.198
2020-03-02T15:00:02Z	0.234	0.197	0.186	0.198
2020-03-02T15:20:02Z	0.234	0.197	0.186	0.198
2020-03-02T15:40:02Z	0.234	0.197	0.186	0.198
2020-03-02T16:00:02Z	0.234	0.197	0.186	0.198
2020-03-02T16:20:02Z	0.234	0.197	0.186	0.198
2020-03-02T16:40:02Z	0.234	0.197	0.186	0.198
2020-03-02T17:00:02Z	0.234	0.197	0.186	0.198
2020-03-02T17:20:02Z	0.234	0.197	0.186	0.198
2020-03-02T17:40:02Z	0.234	0.197	0.186	0.198
2020-03-02T18:00:02Z	0.234	0.197	0.186	0.198
2020-03-02T18:20:02Z	0.234	0.197	0.186	0.198
2020-03-02T18:40:02Z	0.234	0.197	0.186	0.198
2020-03-02T19:00:02Z	0.234	0.197	0.186	0.198
2020-03-02T19:20:02Z	0.234	0.197	0.186	0.198
2020-03-02T19:40:02Z	0.234	0.197	0.186	0.198
2020-03-02T20:00:02Z	0.234	0.197	0.186	0.198
2020-03-02T20:20:02Z	0.234	0.196	0.186	0.198
2020-03-02T20:40:02Z	0.234	0.196	0.186	0.198
2020-03-02T21:00:02Z	0.234	0.196	0.186	0.198
2020-03-02T21:20:02Z	0.234	0.196	0.186	0.198
2020-03-02T21:40:02Z	0.234	0.197	0.186	0.198
2020-03-02T22:00:02Z	0.234	0.196	0.186	0.198
2020-03-02T22:20:02Z	0.234	0.196	0.186	0.198
2020-03-02T22:40:02Z	0.234	0.196	0.186	0.198
2020-03-02T23:00:02Z	0.234	0.197	0.186	0.198
2020-03-02T23:20:02Z	0.234	0.196	0.186	0.198
2020-03-02T23:40:02Z	0.234	0.196	0.186	0.198
2020-03-03T00:00:02Z	0.234	0.196	0.186	0.198
2020-03-03T00:20:02Z	0.234	0.196	0.186	0.198
2020-03-03T00:40:02Z	0.234	0.196	0.186	0.198
2020-03-03T01:00:02Z	0.234	0.196	0.186	0.198
2020-03-03T01:20:02Z	0.234	0.196	0.186	0.198
2020-03-03T01:40:02Z	0.234	0.196	0.186	0.198
2020-03-03T02:00:02Z	0.234	0.196	0.186	0.198
2020-03-03T02:20:02Z	0.234	0.196	0.186	0.198
2020-03-03T02:40:02Z	0.234	0.196	0.186	0.198
2020-03-03T03:00:02Z	0.234	0.196	0.186	0.198
2020-03-03T03:20:02Z	0.233	0.196	0.186	0.198
2020-03-03T03:40:02Z	0.233	0.196	0.186	0.198
2020-03-03T04:00:02Z	0.233	0.196	0.186	0.198
2020-03-03T04:20:02Z	0.233	0.196	0.186	0.198
2020-03-03T04:40:02Z	0.233	0.196	0.186	0.198
2020-03-03T05:00:02Z	0.233	0.196	0.186	0.198
2020-03-03T05:20:02Z	0.233	0.196	0.186	0.198
2020-03-03T05:40:02Z	0.233	0.196	0.186	0.198
2020-03-03T06:00:02Z	0.233	0.196	0.186	0.198
2020-03-03T06:20:02Z	0.233	0.196	0.186	0.198
2020-03-03T06:40:02Z	0.233	0.196	0.186	0.198
2020-03-03T07:00:02Z	0.233	0.196	0.186	0.198
2020-03-03T07:20:02Z	0.233	0.196	0.186	0.198
2020-03-03T07:40:02Z	0.233	0.196	0.186	0.198
2020-03-03T08:00:02Z	0.233	0.196	0.186	0.198
2020-03-03T08:20:02Z	0.233	0.196	0.186	0.198
2020-03-03T08:40:02Z	0.233	0.196	0.186	0.198
2020-03-03T09:00:02Z	0.233	0.196	0.186	0.198
2020-03-03T09:20:02Z	0.233	0.196	0.186	0.198
2020-03-03T09:40:02Z	0.232	0.196	0.186	0.198
2020-03-03T10:00:02Z	0.232	0.196	0.186	0.198
2020-03-03T10:20:02Z	0.232	0.196	0.186	0.198
2020-03-03T10:40:02Z	0.232	0.196	0.186	0.198
2020-03-03T11:00:02Z	0.231	0.196	0.185	0.198
2020-03-03T11:20:02Z	0.232	0.196	0.185	0.198
2020-03-03T11:40:02Z	0.232	0.196	0.185	0.198
2020-03-03T12:00:02Z	0.232	0.196	0.185	0.198
2020-03-03T12:20:02Z	0.231	0.196	0.185	0.198
2020-03-03T12:40:02Z	0.231	0.196	0.186	0.198
2020-03-03T13:00:02Z	0.231	0.196	0.186	0.198
2020-03-03T13:20:02Z	0.232	0.196	0.186	0.198
2020-03-03T13:40:02Z	0.232	0.196	0.186	0.198
2020-03-03T14:00:02Z	0.233	0.197	0.186	0.198
2020-03-03T14:20:02Z	0.232	0.197	0.186	0.198
2020-03-03T14:40:02Z	0.232	0.196	0.186	0.198
2020-03-03T15:00:02Z	0.232	0.196	0.186	0.198
2020-03-03T15:20:02Z	0.232	0.196	0.186	0.198
2020-03-03T15:40:02Z	0.232	0.196	0.186	0.198
2020-03-03T16:00:02Z	0.233	0.196	0.186	0.198
2020-03-03T16:20:02Z	0.233	0.196	0.186	0.198
2020-03-03T16:40:02Z	0.233	0.197	0.186	0.198
2020-03-03T17:00:02Z	0.233	0.197	0.186	0.198
2020-03-03T17:20:02Z	0.234	0.197	0.186	0.198
2020-03-03T17:40:02Z	0.234	0.197	0.186	0.198
2020-03-03T18:00:02Z	0.233	0.197	0.186	0.198
2020-03-03T18:20:02Z	0.234	0.198	0.186	0.198
2020-03-03T18:40:02Z	0.234	0.198	0.186	0.198
2020-03-03T19:00:02Z	0.234	0.198	0.186	0.198
2020-03-03T19:20:02Z	0.234	0.198	0.186	0.198
2020-03-03T19:40:02Z	0.234	0.198	0.186	0.198
2020-03-03T20:00:02Z	0.234	0.198	0.186	0.198
2020-03-03T20:20:02Z	0.234	0.199	0.186	0.198
2020-03-03T20:40:02Z	0.234	0.199	0.186	0.198
2020-03-03T21:00:02Z	0.233	0.199	0.186	0.198
2020-03-03T21:20:02Z	0.233	0.2	0.186	0.198
2020-03-03T21:40:02Z	0.233	0.199	0.186	0.198
2020-03-03T22:00:02Z	0.233	0.2	0.186	0.198
2020-03-03T22:20:02Z	0.232	0.2	0.186	0.198
2020-03-03T22:40:02Z	0.233	0.2	0.186	0.198
2020-03-03T23:00:02Z	0.233	0.2	0.186	0.198
2020-03-03T23:20:02Z	0.232	0.2	0.186	0.198
2020-03-03T23:40:02Z	0.234	0.2	0.186	0.198
2020-03-04T00:00:02Z	0.233	0.2	0.186	0.198
2020-03-04T00:20:02Z	0.232	0.2	0.186	0.198
2020-03-04T00:40:02Z	0.232	0.2	0.186	0.198
2020-03-04T01:00:02Z	0.233	0.2	0.186	0.198
2020-03-04T01:20:02Z	0.232	0.2	0.186	0.198
2020-03-04T01:40:02Z	0.232	0.2	0.186	0.198
2020-03-04T02:00:02Z	0.232	0.2	0.186	0.198
2020-03-04T02:20:02Z	0.232	0.2	0.186	0.198
2020-03-04T02:40:02Z	0.232	0.2	0.186	0.198
2020-03-04T03:00:02Z	0.232	0.2	0.186	0.198
2020-03-04T03:20:02Z	0.232	0.2	0.186	0.198
2020-03-04T03:40:02Z	0.232	0.2	0.186	0.198
2020-03-04T04:00:02Z	0.232	0.2	0.186	0.198
2020-03-04T04:20:02Z	0.232	0.2	0.186	0.198
2020-03-04T04:40:02Z	0.232	0.2	0.186	0.198
2020-03-04T05:00:02Z	0.232	0.2	0.186	0.198
2020-03-04T05:20:02Z	0.232	0.2	0.186	0.198
2020-03-04T05:40:02Z	0.232	0.2	0.186	0.198
2020-03-04T06:00:02Z	0.232	0.2	0.186	0.198
2020-03-04T06:20:02Z	0.232	0.2	0.186	0.198
2020-03-04T06:40:02Z	0.232	0.2	0.186	0.198
2020-03-04T07:00:02Z	0.232	0.2	0.186	0.198
2020-03-04T07:20:02Z	0.232	0.2	0.186	0.198
2020-03-04T07:40:02Z	0.232	0.2	0.186	0.198
2020-03-04T08:00:02Z	0.232	0.2	0.186	0.198
2020-03-04T08:20:02Z	0.232	0.2	0.186	0.198
2020-03-04T08:40:02Z	0.232	0.2	0.186	0.198
2020-03-04T09:00:02Z	0.232	0.199	0.186	0.198
2020-03-04T09:20:02Z	0.232	0.199	0.186	0.198
2020-03-04T09:40:02Z	0.232	0.199	0.186	0.198
2020-03-04T10:00:02Z	0.232	0.199	0.186	0.198
2020-03-04T10:20:02Z	0.232	0.199	0.186	0.198
2020-03-04T10:40:02Z	0.232	0.199	0.186	0.198
2020-03-04T11:00:02Z	0.232	0.199	0.186	0.198
2020-03-04T11:20:02Z	0.231	0.199	0.185	0.198
2020-03-04T11:40:02Z	0.231	0.199	0.185	0.198
2020-03-04T12:00:02Z	0.231	0.199	0.185	0.197
2020-03-04T12:20:02Z	0.231	0.199	0.185	0.198
2020-03-04T12:40:02Z	0.231	0.199	0.185	0.198
2020-03-04T13:00:02Z	0.23	0.199	0.186	0.198
2020-03-04T13:20:02Z	0.231	0.199	0.185	0.197
2020-03-04T13:40:02Z	0.23	0.198	0.185	0.197
2020-03-04T14:00:02Z	0.231	0.198	0.185	0.198
2020-03-04T14:20:02Z	0.23	0.198	0.185	0.197
2020-03-04T14:40:02Z	0.23	0.198	0.185	0.198
2020-03-04T15:00:02Z	0.23	0.198	0.185	0.197
2020-03-04T15:20:02Z	0.23	0.198	0.185	0.198
2020-03-04T15:40:02Z	0.231	0.198	0.185	0.198
2020-03-04T16:00:02Z	0.23	0.198	0.185	0.198
2020-03-04T16:20:02Z	0.23	0.198	0.185	0.198
2020-03-04T16:40:02Z	0.23	0.198	0.185	0.198
2020-03-04T17:00:02Z	0.23	0.198	0.186	0.198
2020-03-04T17:20:02Z	0.23	0.198	0.185	0.198
2020-03-04T17:40:02Z	0.23	0.198	0.185	0.198
2020-03-04T18:00:02Z	0.231	0.198	0.185	0.198
2020-03-04T18:20:02Z	0.231	0.198	0.186	0.198
2020-03-04T18:40:02Z	0.231	0.198	0.185	0.198
2020-03-04T19:00:02Z	0.232	0.198	0.186	0.198
2020-03-04T19:20:02Z	0.231	0.198	0.185	0.198
2020-03-04T19:40:02Z	0.231	0.198	0.186	0.198
2020-03-04T20:00:02Z	0.231	0.198	0.186	0.198
2020-03-04T20:20:02Z	0.231	0.198	0.186	0.198
2020-03-04T20:40:02Z	0.231	0.198	0.186	0.198
2020-03-04T21:00:02Z	0.231	0.198	0.186	0.198
2020-03-04T21:20:02Z	0.231	0.198	0.186	0.198
2020-03-04T21:40:02Z	0.231	0.198	0.185	0.198
2020-03-04T22:00:02Z	0.231	0.198	0.185	0.198
2020-03-04T22:20:02Z	0.231	0.198	0.185	0.198
2020-03-04T22:40:02Z	0.23	0.198	0.185	0.198
2020-03-04T23:00:02Z	0.23	0.198	0.185	0.198
2020-03-04T23:20:02Z	0.23	0.198	0.185	0.198
2020-03-04T23:40:02Z	0.23	0.198	0.185	0.198
2020-03-05T00:00:02Z	0.23	0.198	0.185	0.198
2020-03-05T00:20:02Z	0.23	0.198	0.185	0.198
2020-03-05T00:40:02Z	0.231	0.198	0.185	0.198
2020-03-05T01:00:02Z	0.23	0.198	0.185	0.198
2020-03-05T01:20:02Z	0.23	0.198	0.185	0.198
2020-03-05T01:40:02Z	0.231	0.198	0.185	0.198
2020-03-05T02:00:02Z	0.23	0.198	0.185	0.198
2020-03-05T02:20:02Z	0.23	0.198	0.185	0.198
2020-03-05T02:40:02Z	0.23	0.198	0.185	0.198
2020-03-05T03:00:02Z	0.23	0.198	0.185	0.198
2020-03-05T03:20:02Z	0.23	0.198	0.185	0.198
2020-03-05T03:40:02Z	0.23	0.198	0.185	0.198
2020-03-05T04:00:02Z	0.23	0.198	0.185	0.198
2020-03-05T04:20:02Z	0.229	0.199	0.185	0.198
2020-03-05T04:40:02Z	0.229	0.199	0.185	0.198
2020-03-05T05:00:02Z	0.229	0.199	0.185	0.198
2020-03-05T05:20:02Z	0.23	0.199	0.185	0.198
2020-03-05T05:40:02Z	0.229	0.199	0.185	0.198
2020-03-05T06:00:02Z	0.229	0.199	0.185	0.198
2020-03-05T06:20:02Z	0.23	0.199	0.185	0.198
2020-03-05T06:40:02Z	0.23	0.199	0.185	0.198
2020-03-05T07:00:02Z	0.229	0.199	0.185	0.198
2020-03-05T07:20:02Z	0.229	0.199	0.185	0.198
2020-03-05T07:40:02Z	0.229	0.199	0.185	0.197
2020-03-05T08:00:02Z	0.229	0.199	0.185	0.197
2020-03-05T08:20:02Z	0.229	0.199	0.185	0.197
2020-03-05T08:40:02Z	0.229	0.198	0.185	0.197
2020-03-05T09:00:02Z	0.229	0.198	0.185	0.197
2020-03-05T09:20:02Z	0.229	0.198	0.185	0.197
2020-03-05T09:40:02Z	0.229	0.198	0.185	0.197
2020-03-05T10:00:02Z	0.228	0.198	0.184	0.197
2020-03-05T10:20:02Z	0.228	0.198	0.185	0.197
2020-03-05T10:40:02Z	0.228	0.198	0.184	0.197
2020-03-05T11:00:02Z	0.228	0.198	0.185	0.197
2020-03-05T11:20:02Z	0.228	0.198	0.184	0.197
2020-03-05T11:40:02Z	0.228	0.198	0.184	0.197
2020-03-05T12:00:02Z	0.228	0.198	0.184	0.197
2020-03-05T12:20:02Z	0.227	0.198	0.184	0.197
2020-03-05T12:40:02Z	0.227	0.198	0.184	0.197
2020-03-05T13:00:02Z	0.227	0.198	0.184	0.197
2020-03-05T13:20:02Z	0.227	0.198	0.184	0.197
2020-03-05T13:40:02Z	0.227	0.198	0.184	0.197
2020-03-05T14:00:02Z	0.226	0.198	0.184	0.197
2020-03-05T14:20:02Z	0.227	0.198	0.184	0.197
2020-03-05T14:40:02Z	0.226	0.198	0.184	0.197
2020-03-05T15:00:02Z	0.228	0.198	0.184	0.197
2020-03-05T15:20:02Z	0.227	0.198	0.184	0.197
2020-03-05T15:40:02Z	0.227	0.198	0.184	0.197
2020-03-05T16:00:02Z	0.227	0.198	0.184	0.197
2020-03-05T16:20:02Z	0.228	0.198	0.184	0.197
2020-03-05T16:40:02Z	0.227	0.198	0.184	0.197
2020-03-05T17:00:02Z	0.228	0.198	0.184	0.197
2020-03-05T17:20:02Z	0.228	0.198	0.184	0.197
2020-03-05T17:40:02Z	0.228	0.198	0.184	0.197
2020-03-05T18:00:02Z	0.227	0.198	0.184	0.197
2020-03-05T18:20:02Z	0.227	0.198	0.184	0.197
2020-03-05T18:40:02Z	0.227	0.199	0.184	0.197
2020-03-05T19:00:02Z	0.227	0.198	0.184	0.197
2020-03-05T19:20:02Z	0.227	0.197	0.184	0.197
2020-03-05T19:40:02Z	0.228	0.197	0.184	0.197
2020-03-05T20:00:02Z	0.228	0.197	0.185	0.197
2020-03-05T20:20:02Z	0.228	0.198	0.185	0.197
2020-03-05T20:40:02Z	0.228	0.198	0.184	0.197
2020-03-05T21:00:02Z	0.228	0.198	0.185	0.197
2020-03-05T21:20:02Z	0.228	0.198	0.184	0.197
2020-03-05T21:40:02Z	0.228	0.198	0.185	0.197
2020-03-05T22:00:02Z	0.228	0.198	0.185	0.197
2020-03-05T22:20:02Z	0.228	0.198	0.184	0.197
2020-03-05T22:40:02Z	0.227	0.198	0.185	0.197
2020-03-05T23:00:02Z	0.227	0.198	0.184	0.197
2020-03-05T23:20:02Z	0.228	0.198	0.185	0.197
2020-03-05T23:40:02Z	0.228	0.198	0.185	0.197
2020-03-06T00:00:02Z	0.228	0.198	0.185	0.197
2020-03-06T00:20:02Z	0.229	0.198	0.185	0.197
2020-03-06T00:40:02Z	0.228	0.198	0.185	0.197
2020-03-06T01:00:02Z	0.227	0.198	0.185	0.197
2020-03-06T01:20:02Z	0.227	0.198	0.185	0.197
2020-03-06T01:40:02Z	0.227	0.198	0.185	0.197
2020-03-06T02:00:02Z	0.227	0.198	0.185	0.197
2020-03-06T02:20:02Z	0.227	0.198	0.185	0.197
2020-03-06T02:40:02Z	0.227	0.198	0.185	0.197
2020-03-06T03:00:02Z	0.229	0.198	0.185	0.197
2020-03-06T03:20:02Z	0.229	0.198	0.185	0.197
2020-03-06T03:40:02Z	0.23	0.198	0.185	0.197
2020-03-06T04:00:02Z	0.23	0.199	0.185	0.197
2020-03-06T04:20:02Z	0.231	0.199	0.185	0.197
2020-03-06T04:40:02Z	0.231	0.199	0.185	0.197
2020-03-06T05:00:02Z	0.23	0.199	0.185	0.197
2020-03-06T05:20:02Z	0.23	0.199	0.185	0.197
2020-03-06T05:40:02Z	0.231	0.199	0.185	0.197
2020-03-06T06:00:02Z	0.232	0.199	0.185	0.197
2020-03-06T06:20:02Z	0.231	0.2	0.185	0.197
2020-03-06T06:40:02Z	0.231	0.199	0.185	0.197
2020-03-06T07:00:02Z	0.231	0.2	0.185	0.197
2020-03-06T07:20:02Z	0.231	0.199	0.185	0.197
2020-03-06T07:40:02Z	0.231	0.199	0.185	0.197
2020-03-06T08:00:02Z	0.231	0.199	0.185	0.197
2020-03-06T08:20:02Z	0.231	0.199	0.185	0.197
2020-03-06T08:40:02Z	0.231	0.199	0.185	0.197
2020-03-06T09:00:02Z	0.23	0.199	0.185	0.197
2020-03-06T09:20:02Z	0.23	0.199	0.185	0.197
2020-03-06T09:40:02Z	0.23	0.199	0.185	0.197
2020-03-06T10:00:02Z	0.231	0.199	0.185	0.197
2020-03-06T10:20:02Z	0.231	0.199	0.185	0.197
2020-03-06T10:40:02Z	0.233	0.2	0.185	0.197
2020-03-06T11:00:02Z	0.235	0.2	0.185	0.197
2020-03-06T11:20:02Z	0.235	0.2	0.185	0.197
2020-03-06T11:40:02Z	0.235	0.2	0.185	0.197
2020-03-06T12:00:02Z	0.235	0.2	0.185	0.197
2020-03-06T12:20:02Z	0.235	0.201	0.186	0.197
2020-03-06T12:40:02Z	0.235	0.201	0.186	0.197
2020-03-06T13:00:02Z	0.235	0.201	0.186	0.197
2020-03-06T13:20:02Z	0.234	0.201	0.186	0.197
2020-03-06T13:40:02Z	0.235	0.201	0.186	0.197
2020-03-06T14:00:02Z	0.234	0.202	0.186	0.197
2020-03-06T14:20:02Z	0.234	0.202	0.186	0.197
2020-03-06T14:40:02Z	0.234	0.201	0.186	0.197
2020-03-06T15:00:02Z	0.234	0.201	0.186	0.197
2020-03-06T15:20:02Z	0.234	0.201	0.186	0.197
2020-03-06T15:40:02Z	0.234	0.201	0.186	0.197
2020-03-06T16:00:02Z	0.233	0.201	0.186	0.197
2020-03-06T16:20:02Z	0.233	0.201	0.186	0.197
2020-03-06T16:40:02Z	0.233	0.201	0.186	0.198
2020-03-06T17:00:02Z	0.235	0.202	0.186	0.197
2020-03-06T17:20:02Z	0.236	0.202	0.186	0.197
2020-03-06T17:40:02Z	0.236	0.202	0.186	0.198
2020-03-06T18:00:02Z	0.236	0.202	0.186	0.198
2020-03-06T18:20:02Z	0.237	0.202	0.187	0.198
2020-03-06T18:40:02Z	0.237	0.203	0.187	0.198
2020-03-06T19:00:02Z	0.237	0.203	0.187	0.198
2020-03-06T19:20:02Z	0.237	0.203	0.187	0.198
2020-03-06T19:40:02Z	0.237	0.203	0.187	0.198
2020-03-06T20:00:02Z	0.237	0.203	0.187	0.198
2020-03-06T20:20:02Z	0.237	0.203	0.187	0.198
2020-03-06T20:40:02Z	0.237	0.203	0.187	0.198
2020-03-06T21:00:02Z	0.236	0.203	0.187	0.198
2020-03-06T21:20:02Z	0.236	0.203	0.187	0.198
2020-03-06T21:40:02Z	0.236	0.203	0.187	0.198
2020-03-06T22:00:02Z	0.236	0.203	0.188	0.198
2020-03-06T22:20:02Z	0.236	0.203	0.188	0.198
2020-03-06T22:40:02Z	0.235	0.203	0.188	0.198
2020-03-06T23:00:02Z	0.235	0.203	0.188	0.198
2020-03-06T23:20:02Z	0.235	0.202	0.188	0.198
2020-03-06T23:40:02Z	0.235	0.202	0.188	0.198
2020-03-07T00:00:02Z	0.235	0.202	0.188	0.198
2020-03-07T00:20:02Z	0.235	0.203	0.188	0.198
2020-03-07T00:40:02Z	0.234	0.202	0.188	0.198
2020-03-07T01:00:02Z	0.234	0.202	0.188	0.198
2020-03-07T01:20:02Z	0.234	0.202	0.188	0.198
2020-03-07T01:40:02Z	0.234	0.202	0.188	0.198
2020-03-07T02:00:02Z	0.234	0.203	0.188	0.198
2020-03-07T02:20:02Z	0.234	0.203	0.188	0.198
2020-03-07T02:40:02Z	0.234	0.203	0.188	0.198
2020-03-07T03:00:02Z	0.234	0.203	0.188	0.198
2020-03-07T03:20:02Z	0.235	0.203	0.188	0.198
2020-03-07T03:40:02Z	0.234	0.203	0.188	0.198
2020-03-07T04:00:02Z	0.234	0.203	0.188	0.198
2020-03-07T04:20:02Z	0.234	0.203	0.188	0.198
2020-03-07T04:40:02Z	0.234	0.203	0.188	0.198
2020-03-07T05:00:02Z	0.234	0.203	0.188	0.198
2020-03-07T05:20:02Z	0.234	0.204	0.188	0.198
2020-03-07T05:40:02Z	0.234	0.204	0.188	0.198
2020-03-07T06:00:02Z	0.234	0.204	0.188	0.198
2020-03-07T06:20:02Z	0.234	0.204	0.188	0.198
2020-03-07T06:40:02Z	0.234	0.204	0.188	0.198
2020-03-07T07:00:02Z	0.234	0.204	0.188	0.198
2020-03-07T07:20:02Z	0.234	0.203	0.187	0.198
2020-03-07T07:40:02Z	0.234	0.203	0.187	0.198
2020-03-07T08:00:02Z	0.234	0.203	0.188	0.198
2020-03-07T08:20:02Z	0.234	0.204	0.187	0.198
2020-03-07T08:40:02Z	0.233	0.203	0.187	0.198
2020-03-07T09:00:02Z	0.234	0.203	0.187	0.198
2020-03-07T09:20:02Z	0.234	0.203	0.187	0.198
2020-03-07T09:40:02Z	0.234	0.203	0.187	0.198
2020-03-07T10:00:02Z	0.234	0.203	0.187	0.198
2020-03-07T10:20:02Z	0.234	0.203	0.187	0.198
2020-03-07T10:40:02Z	0.233	0.203	0.187	0.198
2020-03-07T11:00:02Z	0.233	0.203	0.187	0.198
2020-03-07T11:20:02Z	0.233	0.203	0.187	0.198
2020-03-07T11:40:02Z	0.233	0.203	0.187	0.198
2020-03-07T12:00:02Z	0.233	0.203	0.187	0.198
2020-03-07T12:20:02Z	0.233	0.203	0.187	0.198
2020-03-07T12:40:02Z	0.234	0.203	0.187	0.198
2020-03-07T13:00:02Z	0.234	0.203	0.187	0.198
2020-03-07T13:20:02Z	0.234	0.203	0.187	0.198
2020-03-07T13:40:02Z	0.233	0.202	0.187	0.198
2020-03-07T14:00:02Z	0.233	0.202	0.187	0.198
2020-03-07T14:20:02Z	0.232	0.202	0.187	0.198
2020-03-07T14:40:02Z	0.232	0.202	0.187	0.198
2020-03-07T15:00:02Z	0.232	0.202	0.187	0.198
2020-03-07T15:20:02Z	0.232	0.202	0.187	0.198
2020-03-07T15:40:02Z	0.233	0.202	0.187	0.198
2020-03-07T16:00:02Z	0.232	0.202	0.187	0.198
2020-03-07T16:20:02Z	0.232	0.202	0.187	0.198
2020-03-07T16:40:02Z	0.232	0.203	0.187	0.198
2020-03-07T17:00:02Z	0.232	0.203	0.187	0.198
2020-03-07T17:20:02Z	0.232	0.203	0.187	0.198
2020-03-07T17:40:02Z	0.232	0.203	0.187	0.198
2020-03-07T18:00:02Z	0.232	0.203	0.187	0.198
2020-03-07T18:20:02Z	0.232	0.203	0.187	0.198
2020-03-07T18:40:02Z	0.232	0.203	0.187	0.198
2020-03-07T19:00:02Z	0.232	0.203	0.187	0.198
2020-03-07T19:20:02Z	0.232	0.203	0.187	0.198
2020-03-07T19:40:02Z	0.232	0.203	0.187	0.198
2020-03-07T20:00:02Z	0.232	0.203	0.187	0.198
2020-03-07T20:20:02Z	0.232	0.203	0.187	0.198
2020-03-07T20:40:02Z	0.232	0.203	0.187	0.198
2020-03-07T21:00:02Z	0.232	0.203	0.187	0.198
2020-03-07T21:20:02Z	0.232	0.203	0.187	0.198
2020-03-07T21:40:02Z	0.232	0.203	0.187	0.198
2020-03-07T22:00:02Z	0.232	0.203	0.187	0.198
2020-03-07T22:20:02Z	0.232	0.203	0.187	0.198
2020-03-07T22:40:02Z	0.232	0.203	0.187	0.198
2020-03-07T23:00:02Z	0.232	0.203	0.187	0.198
2020-03-07T23:20:02Z	0.231	0.203	0.187	0.198
2020-03-07T23:40:02Z	0.232	0.203	0.187	0.198
2020-03-08T00:00:02Z	0.232	0.203	0.187	0.198
2020-03-08T00:20:02Z	0.232	0.203	0.187	0.198
2020-03-08T00:40:02Z	0.232	0.203	0.187	0.198
2020-03-08T01:00:02Z	0.232	0.203	0.187	0.198
2020-03-08T01:20:02Z	0.232	0.203	0.187	0.198
2020-03-08T01:40:02Z	0.232	0.203	0.187	0.198
2020-03-08T02:00:02Z	0.232	0.203	0.187	0.198
2020-03-08T02:20:02Z	0.231	0.203	0.187	0.198
2020-03-08T02:40:02Z	0.231	0.203	0.187	0.198
2020-03-08T03:00:02Z	0.231	0.203	0.187	0.198
2020-03-08T03:20:02Z	0.231	0.203	0.187	0.198
2020-03-08T03:40:02Z	0.232	0.203	0.187	0.198
2020-03-08T04:00:02Z	0.231	0.203	0.187	0.198
2020-03-08T04:20:02Z	0.232	0.203	0.187	0.198
2020-03-08T04:40:02Z	0.232	0.203	0.187	0.198
2020-03-08T05:00:02Z	0.232	0.203	0.187	0.198
2020-03-08T05:20:02Z	0.232	0.203	0.187	0.198
2020-03-08T05:40:02Z	0.232	0.203	0.187	0.198
2020-03-08T06:00:02Z	0.232	0.203	0.187	0.198
2020-03-08T06:20:02Z	0.232	0.203	0.187	0.198
2020-03-08T06:40:02Z	0.231	0.203	0.187	0.198
2020-03-08T07:00:02Z	0.232	0.203	0.187	0.198
2020-03-08T07:20:02Z	0.232	0.203	0.187	0.198
2020-03-08T07:40:02Z	0.232	0.203	0.186	0.198
2020-03-08T08:00:02Z	0.231	0.203	0.186	0.198
2020-03-08T08:20:02Z	0.231	0.203	0.186	0.198
2020-03-08T08:40:02Z	0.231	0.203	0.186	0.198
2020-03-08T09:00:02Z	0.231	0.203	0.186	0.198
2020-03-08T09:20:02Z	0.231	0.203	0.186	0.198
2020-03-08T09:40:02Z	0.231	0.203	0.186	0.198
2020-03-08T10:00:02Z	0.231	0.203	0.186	0.198
2020-03-08T10:20:02Z	0.231	0.203	0.186	0.198
2020-03-08T10:40:02Z	0.23	0.203	0.186	0.198
2020-03-08T11:00:02Z	0.23	0.203	0.186	0.198
2020-03-08T11:20:02Z	0.23	0.203	0.186	0.197
2020-03-08T11:40:02Z	0.231	0.202	0.186	0.197
2020-03-08T12:00:02Z	0.23	0.202	0.186	0.197
2020-03-08T12:20:02Z	0.23	0.202	0.186	0.197
2020-03-08T12:40:02Z	0.23	0.202	0.186	0.197
2020-03-08T13:00:02Z	0.23	0.202	0.186	0.197
2020-03-08T13:20:02Z	0.231	0.202	0.186	0.197
2020-03-08T13:40:02Z	0.228	0.202	0.186	0.197
2020-03-08T14:00:02Z	0.229	0.202	0.186	0.197
2020-03-08T14:20:02Z	0.229	0.202	0.186	0.197
2020-03-08T14:40:02Z	0.229	0.202	0.186	0.197
2020-03-08T15:00:02Z	0.229	0.202	0.186	0.197
2020-03-08T15:20:02Z	0.229	0.202	0.186	0.197
2020-03-08T15:40:02Z	0.23	0.202	0.186	0.197
2020-03-08T16:00:02Z	0.23	0.202	0.186	0.197
2020-03-08T16:20:02Z	0.23	0.202	0.186	0.197
2020-03-08T16:40:02Z	0.23	0.202	0.186	0.197
2020-03-08T17:00:02Z	0.23	0.202	0.186	0.197
2020-03-08T17:20:02Z	0.229	0.202	0.186	0.197
2020-03-08T17:40:02Z	0.23	0.202	0.186	0.197
2020-03-08T18:00:02Z	0.23	0.202	0.186	0.197
2020-03-08T18:20:02Z	0.23	0.202	0.186	0.197
2020-03-08T18:40:02Z	0.23	0.202	0.186	0.198
2020-03-08T19:00:02Z	0.229	0.202	0.186	0.197
2020-03-08T19:20:02Z	0.229	0.202	0.186	0.197
2020-03-08T19:40:02Z	0.229	0.202	0.186	0.197
2020-03-08T20:00:02Z	0.229	0.202	0.186	0.197
2020-03-08T20:20:02Z	0.23	0.202	0.186	0.198
2020-03-08T20:40:02Z	0.229	0.202	0.186	0.197
2020-03-08T21:00:02Z	0.229	0.202	0.186	0.197
2020-03-08T21:20:02Z	0.23	0.202	0.186	0.197
2020-03-08T21:40:02Z	0.23	0.202	0.186	0.197
2020-03-08T22:00:02Z	0.229	0.202	0.186	0.197
2020-03-08T22:20:02Z	0.229	0.202	0.186	0.197
2020-03-08T22:40:02Z	0.229	0.202	0.186	0.197
2020-03-08T23:00:02Z	0.229	0.202	0.186	0.197
2020-03-08T23:20:02Z	0.229	0.202	0.186	0.197
2020-03-08T23:40:02Z	0.229	0.202	0.186	0.197
2020-03-09T00:00:02Z	0.23	0.202	0.186	0.197
2020-03-09T00:20:02Z	0.23	0.202	0.186	0.197
2020-03-09T00:40:02Z	0.229	0.202	0.186	0.197
2020-03-09T01:00:02Z	0.229	0.202	0.186	0.197
2020-03-09T01:20:02Z	0.229	0.202	0.186	0.197
2020-03-09T01:40:02Z	0.229	0.202	0.186	0.197
2020-03-09T02:00:02Z	0.229	0.202	0.186	0.197
2020-03-09T02:20:02Z	0.23	0.202	0.186	0.197
2020-03-09T02:40:02Z	0.229	0.202	0.186	0.197
2020-03-09T03:00:02Z	0.229	0.202	0.186	0.197
2020-03-09T03:20:02Z	0.229	0.202	0.186	0.197
2020-03-09T03:40:02Z	0.229	0.202	0.186	0.197
2020-03-09T04:00:02Z	0.229	0.202	0.185	0.197
2020-03-09T04:20:02Z	0.229	0.202	0.186	0.197
2020-03-09T04:40:02Z	0.228	0.202	0.185	0.197
2020-03-09T05:00:02Z	0.228	0.202	0.186	0.197
2020-03-09T05:20:02Z	0.228	0.202	0.185	0.197
2020-03-09T05:40:02Z	0.228	0.202	0.185	0.197
2020-03-09T06:00:02Z	0.229	0.202	0.185	0.197
2020-03-09T06:20:02Z	0.229	0.202	0.185	0.197
2020-03-09T06:40:02Z	0.229	0.202	0.185	0.197
2020-03-09T07:00:02Z	0.229	0.202	0.185	0.197
2020-03-09T07:20:02Z	0.229	0.202	0.185	0.197
2020-03-09T07:40:02Z	0.23	0.202	0.185	0.197
2020-03-09T08:00:02Z	0.23	0.202	0.185	0.197
2020-03-09T08:20:02Z	0.23	0.202	0.185	0.197
2020-03-09T08:40:02Z	0.23	0.202	0.185	0.197
2020-03-09T09:00:02Z	0.231	0.202	0.185	0.197
2020-03-09T09:20:02Z	0.231	0.202	0.185	0.197
2020-03-09T09:40:02Z	0.231	0.202	0.185	0.197
2020-03-09T10:00:02Z	0.231	0.202	0.186	0.197
2020-03-09T10:20:02Z	0.231	0.202	0.186	0.197
2020-03-09T10:40:02Z	0.231	0.202	0.186	0.197
2020-03-09T11:00:02Z	0.231	0.202	0.186	0.197
2020-03-09T11:20:02Z	0.231	0.202	0.186	0.197
2020-03-09T11:40:02Z	0.231	0.202	0.186	0.197
2020-03-09T11:43:30Z	0.231	0.202	0.186	0.197
2020-03-09T12:00:02Z	0.232	0.203	0.186	0.197
2020-03-09T12:20:02Z	0.231	0.203	0.186	0.197
2020-03-09T12:40:02Z	0.231	0.203	0.186	0.197
2020-03-09T13:00:02Z	0.231	0.203	0.186	0.197
2020-03-09T13:20:02Z	0.232	0.203	0.186	0.197
2020-03-09T13:40:02Z	0.232	0.203	0.186	0.197
2020-03-09T14:00:02Z	0.232	0.203	0.186	0.197
2020-03-09T14:20:02Z	0.232	0.203	0.186	0.197
2020-03-09T14:40:02Z	0.233	0.203	0.186	0.197
2020-03-09T15:00:02Z	0.233	0.203	0.186	0.197
2020-03-09T15:20:02Z	0.233	0.203	0.186	0.197
2020-03-09T15:40:02Z	0.233	0.203	0.186	0.197
2020-03-09T16:00:02Z	0.232	0.203	0.186	0.197
2020-03-09T16:20:02Z	0.233	0.203	0.186	0.197
2020-03-09T16:40:02Z	0.233	0.203	0.186	0.197
2020-03-09T17:00:02Z	0.233	0.203	0.186	0.197
2020-03-09T17:20:02Z	0.233	0.203	0.186	0.197
2020-03-09T17:40:02Z	0.233	0.203	0.186	0.197
2020-03-09T18:00:02Z	0.233	0.203	0.186	0.197
2020-03-09T18:20:02Z	0.233	0.203	0.186	0.197
2020-03-09T18:40:02Z	0.233	0.203	0.186	0.197
2020-03-09T19:00:02Z	0.233	0.203	0.186	0.197
2020-03-09T19:20:02Z	0.233	0.203	0.186	0.197
2020-03-09T19:40:02Z	0.233	0.203	0.186	0.197
2020-03-09T20:00:02Z	0.233	0.203	0.186	0.197
2020-03-09T20:20:02Z	0.233	0.203	0.186	0.197
2020-03-09T20:40:02Z	0.233	0.203	0.186	0.197
2020-03-09T21:00:02Z	0.233	0.203	0.186	0.197
2020-03-09T21:20:02Z	0.233	0.203	0.186	0.197
2020-03-09T21:40:02Z	0.233	0.203	0.186	0.197
2020-03-09T22:00:02Z	0.233	0.203	0.186	0.197
2020-03-09T22:20:02Z	0.233	0.203	0.186	0.197
2020-03-09T22:40:02Z	0.233	0.203	0.186	0.197
2020-03-09T23:00:02Z	0.233	0.203	0.186	0.197
2020-03-09T23:20:02Z	0.233	0.203	0.186	0.197
2020-03-09T23:40:02Z	0.233	0.203	0.186	0.197
2020-03-10T00:00:02Z	0.233	0.203	0.186	0.197
2020-03-10T00:20:02Z	0.233	0.203	0.186	0.197
2020-03-10T00:40:02Z	0.233	0.203	0.186	0.197
2020-03-10T01:00:02Z	0.233	0.203	0.186	0.197
2020-03-10T01:20:02Z	0.233	0.203	0.186	0.197
2020-03-10T01:40:02Z	0.233	0.203	0.186	0.197
2020-03-10T02:00:02Z	0.234	0.203	0.186	0.197
2020-03-10T02:20:02Z	0.234	0.203	0.186	0.197
2020-03-10T02:40:02Z	0.234	0.203	0.186	0.197
2020-03-10T03:00:02Z	0.234	0.203	0.186	0.197
2020-03-10T03:20:02Z	0.234	0.202	0.186	0.197
2020-03-10T03:40:02Z	0.234	0.202	0.186	0.197
2020-03-10T04:00:02Z	0.234	0.202	0.185	0.197
2020-03-10T04:20:02Z	0.234	0.202	0.185	0.197
2020-03-10T04:40:02Z	0.234	0.202	0.186	0.197
2020-03-10T05:00:02Z	0.234	0.202	0.186	0.197
2020-03-10T05:20:02Z	0.234	0.202	0.185	0.197
2020-03-10T05:40:02Z	0.234	0.202	0.185	0.197
2020-03-10T06:00:02Z	0.234	0.202	0.185	0.197
2020-03-10T06:20:02Z	0.234	0.202	0.185	0.197
2020-03-10T06:40:02Z	0.234	0.202	0.185	0.197
2020-03-10T07:00:02Z	0.234	0.202	0.185	0.197
2020-03-10T07:20:02Z	0.233	0.202	0.185	0.197
2020-03-10T07:40:02Z	0.233	0.202	0.185	0.197
2020-03-10T08:00:02Z	0.233	0.202	0.185	0.197
2020-03-10T08:20:02Z	0.233	0.202	0.185	0.196
2020-03-10T08:40:02Z	0.233	0.202	0.185	0.196
2020-03-10T09:00:02Z	0.234	0.202	0.185	0.196
2020-03-10T09:20:02Z	0.234	0.202	0.185	0.196
2020-03-10T09:40:02Z	0.234	0.202	0.185	0.196
2020-03-10T10:00:02Z	0.234	0.202	0.185	0.196
2020-03-10T10:20:02Z	0.234	0.202	0.185	0.196
2020-03-10T10:40:02Z	0.234	0.202	0.185	0.196
2020-03-10T11:00:02Z	0.234	0.202	0.185	0.196
2020-03-10T11:20:02Z	0.234	0.202	0.185	0.196
2020-03-10T11:40:02Z	0.234	0.202	0.185	0.196
2020-03-10T12:00:02Z	0.234	0.202	0.185	0.196
2020-03-10T12:20:02Z	0.234	0.202	0.185	0.197
2020-03-10T12:40:02Z	0.235	0.202	0.185	0.196
2020-03-10T13:00:02Z	0.236	0.202	0.185	0.196
2020-03-10T13:20:02Z	0.237	0.203	0.185	0.196
2020-03-10T13:40:02Z	0.237	0.203	0.185	0.196
2020-03-10T14:00:02Z	0.237	0.203	0.185	0.196
2020-03-10T14:20:02Z	0.237	0.203	0.186	0.197
2020-03-10T14:40:02Z	0.237	0.203	0.186	0.197
2020-03-10T15:00:02Z	0.236	0.203	0.186	0.196
2020-03-10T15:20:02Z	0.236	0.203	0.186	0.197
2020-03-10T15:40:02Z	0.237	0.203	0.186	0.197
2020-03-10T16:00:02Z	0.237	0.203	0.186	0.197
2020-03-10T16:20:02Z	0.237	0.203	0.186	0.197
2020-03-10T16:40:02Z	0.239	0.204	0.186	0.197
2020-03-10T17:00:02Z	0.241	0.204	0.186	0.197
2020-03-10T17:20:02Z	0.243	0.204	0.186	0.197
2020-03-10T17:40:02Z	0.244	0.205	0.186	0.197
2020-03-10T18:00:02Z	0.244	0.205	0.186	0.197
2020-03-10T18:20:02Z	0.245	0.206	0.186	0.197
2020-03-10T18:40:02Z	0.247	0.206	0.187	0.197
2020-03-10T19:00:02Z	0.25	0.206	0.187	0.197
2020-03-10T19:20:02Z	0.254	0.208	0.187	0.197
2020-03-10T19:40:02Z	0.256	0.208	0.188	0.197
2020-03-10T20:00:02Z	0.256	0.209	0.188	0.197
2020-03-10T20:20:02Z	0.256	0.209	0.188	0.197
2020-03-10T20:40:02Z	0.255	0.21	0.188	0.198
2020-03-10T21:00:02Z	0.254	0.21	0.188	0.198
2020-03-10T21:20:02Z	0.254	0.21	0.189	0.198
2020-03-10T21:40:02Z	0.253	0.21	0.189	0.198
2020-03-10T22:00:02Z	0.252	0.21	0.189	0.198
2020-03-10T22:20:02Z	0.252	0.21	0.189	0.198
2020-03-10T22:40:02Z	0.251	0.21	0.189	0.198
2020-03-10T23:00:02Z	0.25	0.21	0.189	0.198
2020-03-10T23:20:02Z	0.25	0.209	0.189	0.198
2020-03-10T23:40:02Z	0.251	0.209	0.189	0.198
2020-03-11T00:00:02Z	0.252	0.21	0.189	0.198
2020-03-11T00:20:02Z	0.252	0.21	0.189	0.198
2020-03-11T00:40:02Z	0.253	0.21	0.189	0.198
2020-03-11T01:00:02Z	0.254	0.211	0.19	0.198
2020-03-11T01:20:02Z	0.254	0.211	0.19	0.199
2020-03-11T01:40:02Z	0.254	0.212	0.19	0.199
2020-03-11T02:00:02Z	0.254	0.212	0.19	0.199
2020-03-11T02:20:02Z	0.254	0.212	0.19	0.199
2020-03-11T02:40:02Z	0.254	0.212	0.191	0.199
2020-03-11T03:00:02Z	0.254	0.212	0.191	0.2
2020-03-11T03:20:02Z	0.253	0.212	0.191	0.2
2020-03-11T03:40:02Z	0.253	0.212	0.191	0.2
2020-03-11T04:00:02Z	0.253	0.212	0.191	0.2
2020-03-11T04:20:02Z	0.253	0.212	0.191	0.2
2020-03-11T04:40:02Z	0.252	0.212	0.191	0.2
2020-03-11T05:00:02Z	0.252	0.212	0.191	0.2
2020-03-11T05:20:02Z	0.252	0.212	0.191	0.2
2020-03-11T05:40:02Z	0.252	0.211	0.191	0.2
2020-03-11T06:00:02Z	0.251	0.211	0.191	0.2
2020-03-11T06:20:02Z	0.251	0.211	0.191	0.2
2020-03-11T06:40:02Z	0.25	0.211	0.191	0.2
2020-03-11T07:00:02Z	0.25	0.211	0.191	0.2
2020-03-11T07:20:02Z	0.25	0.21	0.191	0.2
2020-03-11T07:40:02Z	0.25	0.21	0.191	0.2
2020-03-11T08:00:02Z	0.249	0.21	0.191	0.2
2020-03-11T08:20:02Z	0.249	0.21	0.19	0.2
2020-03-11T08:40:02Z	0.249	0.21	0.19	0.2
2020-03-11T09:00:02Z	0.249	0.21	0.19	0.2
2020-03-11T09:20:02Z	0.248	0.21	0.19	0.2
2020-03-11T09:40:02Z	0.248	0.21	0.19	0.2
2020-03-11T10:00:02Z	0.248	0.209	0.19	0.2
2020-03-11T10:20:02Z	0.248	0.209	0.19	0.2
2020-03-11T10:40:02Z	0.247	0.209	0.19	0.199
2020-03-11T11:00:02Z	0.247	0.209	0.19	0.2
2020-03-11T11:20:02Z	0.247	0.209	0.19	0.2
2020-03-11T11:40:02Z	0.247	0.209	0.19	0.199
2020-03-11T12:00:02Z	0.246	0.208	0.19	0.199
2020-03-11T12:20:02Z	0.246	0.208	0.19	0.199
2020-03-11T12:40:02Z	0.246	0.208	0.19	0.199
2020-03-11T13:00:02Z	0.246	0.208	0.19	0.199
2020-03-11T13:20:02Z	0.245	0.208	0.189	0.199
2020-03-11T13:40:02Z	0.244	0.208	0.189	0.199
2020-03-11T14:00:02Z	0.244	0.208	0.189	0.199
2020-03-11T14:20:02Z	0.244	0.207	0.189	0.199
2020-03-11T14:40:02Z	0.244	0.207	0.189	0.199
2020-03-11T15:00:02Z	0.244	0.208	0.189	0.199
2020-03-11T15:20:02Z	0.244	0.207	0.189	0.199
2020-03-11T15:40:02Z	0.244	0.208	0.189	0.199
2020-03-11T16:00:02Z	0.244	0.207	0.189	0.199
2020-03-11T16:20:02Z	0.244	0.207	0.189	0.199
2020-03-11T16:40:02Z	0.244	0.207	0.189	0.199
2020-03-11T17:00:02Z	0.243	0.207	0.189	0.199
2020-03-11T17:20:02Z	0.243	0.207	0.189	0.199
2020-03-11T17:40:02Z	0.243	0.207	0.189	0.199
2020-03-11T18:00:02Z	0.243	0.207	0.189	0.199
2020-03-11T18:20:02Z	0.243	0.207	0.189	0.199
2020-03-11T18:40:02Z	0.243	0.207	0.189	0.199
2020-03-11T19:00:02Z	0.243	0.207	0.189	0.199
2020-03-11T19:20:02Z	0.243	0.207	0.189	0.199
2020-03-11T19:40:02Z	0.243	0.207	0.189	0.199
2020-03-11T20:00:02Z	0.243	0.207	0.189	0.199
2020-03-11T20:20:02Z	0.243	0.207	0.189	0.199
2020-03-11T20:40:02Z	0.243	0.207	0.189	0.199
2020-03-11T21:00:02Z	0.243	0.207	0.189	0.199
2020-03-11T21:20:02Z	0.243	0.207	0.189	0.199
2020-03-11T21:40:02Z	0.243	0.207	0.189	0.199
2020-03-11T22:00:02Z	0.243	0.207	0.189	0.199
2020-03-11T22:20:02Z	0.243	0.207	0.189	0.199
2020-03-11T22:40:02Z	0.242	0.206	0.189	0.198
2020-03-11T23:00:02Z	0.242	0.206	0.189	0.198
2020-03-11T23:20:02Z	0.242	0.206	0.188	0.198
2020-03-11T23:40:02Z	0.242	0.206	0.188	0.198
2020-03-12T00:00:02Z	0.242	0.206	0.188	0.198
2020-03-12T00:20:02Z	0.243	0.206	0.188	0.198
2020-03-12T00:40:02Z	0.243	0.206	0.188	0.198
2020-03-12T01:00:02Z	0.243	0.207	0.188	0.198
2020-03-12T01:20:02Z	0.244	0.207	0.188	0.198
2020-03-12T01:40:02Z	0.244	0.207	0.188	0.198
2020-03-12T02:00:02Z	0.245	0.207	0.188	0.198
2020-03-12T02:20:02Z	0.246	0.208	0.189	0.198
2020-03-12T02:40:02Z	0.246	0.208	0.189	0.198
2020-03-12T03:00:02Z	0.246	0.208	0.189	0.198
2020-03-12T03:20:02Z	0.246	0.208	0.189	0.198
2020-03-12T03:40:02Z	0.246	0.208	0.189	0.198
2020-03-12T04:00:02Z	0.245	0.208	0.189	0.198
2020-03-12T04:20:02Z	0.245	0.208	0.189	0.198
2020-03-12T04:40:02Z	0.245	0.208	0.189	0.198
2020-03-12T05:00:02Z	0.278	0.208	0.189	0.198
2020-03-12T05:20:02Z	0.278	0.208	0.189	0.198
2020-03-12T05:40:02Z	0.278	0.208	0.189	0.198
2020-03-12T06:00:02Z	0.278	0.208	0.189	0.199
2020-03-12T06:20:02Z	0.278	0.208	0.189	0.198
2020-03-12T06:40:02Z	0.278	0.208	0.189	0.198
2020-03-12T07:00:02Z	0.278	0.208	0.189	0.198
2020-03-12T07:20:02Z	0.278	0.207	0.189	0.198
2020-03-12T07:40:02Z	0.278	0.207	0.189	0.198
2020-03-12T08:00:02Z	0.284	0.208	0.189	0.198
2020-03-12T08:20:02Z	0.287	0.208	0.189	0.198
2020-03-12T08:40:02Z	0.288	0.209	0.189	0.198
2020-03-12T09:00:02Z	0.288	0.21	0.189	0.198
2020-03-12T09:20:02Z	0.287	0.21	0.189	0.199
2020-03-12T09:40:02Z	0.287	0.21	0.19	0.199
2020-03-12T10:00:02Z	0.288	0.21	0.19	0.199
2020-03-12T10:20:02Z	0.288	0.21	0.19	0.199
2020-03-12T10:40:02Z	0.288	0.21	0.19	0.2
2020-03-12T11:00:02Z	0.287	0.21	0.19	0.199
2020-03-12T11:20:02Z	0.287	0.21	0.19	0.199
2020-03-12T11:40:02Z	0.286	0.21	0.19	0.2
2020-03-12T12:00:02Z	0.286	0.21	0.19	0.2
2020-03-12T12:20:02Z	0.286	0.21	0.19	0.2
2020-03-12T12:40:02Z	0.285	0.21	0.19	0.199
2020-03-12T13:00:02Z	0.284	0.209	0.19	0.199
2020-03-12T13:20:02Z	0.284	0.209	0.19	0.199
2020-03-12T13:40:02Z	0.284	0.209	0.19	0.199
2020-03-12T14:00:02Z	0.283	0.209	0.189	0.199
2020-03-12T14:20:02Z	0.283	0.209	0.189	0.199
2020-03-12T14:40:02Z	0.282	0.208	0.19	0.199
2020-03-12T15:00:02Z	0.282	0.208	0.19	0.199
2020-03-12T15:20:02Z	0.282	0.208	0.19	0.199
2020-03-12T15:40:02Z	0.282	0.208	0.19	0.2
2020-03-12T16:00:02Z	0.282	0.208	0.19	0.2
2020-03-12T16:20:02Z	0.282	0.208	0.19	0.199
2020-03-12T16:40:02Z	0.282	0.208	0.19	0.199
2020-03-12T17:00:02Z	0.282	0.208	0.19	0.199
2020-03-12T17:20:02Z	0.282	0.208	0.19	0.199
2020-03-12T17:40:02Z	0.282	0.208	0.19	0.199
2020-03-12T18:00:02Z	0.282	0.208	0.19	0.2
2020-03-12T18:20:02Z	0.282	0.208	0.19	0.2
2020-03-12T18:40:02Z	0.282	0.208	0.19	0.2
2020-03-12T19:00:02Z	0.282	0.208	0.19	0.2
2020-03-12T19:20:02Z	0.282	0.208	0.19	0.199
2020-03-12T19:40:02Z	0.282	0.208	0.189	0.199
2020-03-12T20:00:02Z	0.282	0.208	0.189	0.199
2020-03-12T20:20:02Z	0.282	0.208	0.189	0.199
2020-03-12T20:40:02Z	0.282	0.208	0.189	0.199
2020-03-12T21:00:02Z	0.281	0.208	0.189	0.199
2020-03-12T21:20:02Z	0.281	0.208	0.189	0.199
2020-03-12T21:40:02Z	0.281	0.208	0.189	0.199
2020-03-12T22:00:02Z	0.281	0.207	0.189	0.199
2020-03-12T22:20:02Z	0.281	0.207	0.189	0.199
2020-03-12T22:40:02Z	0.281	0.207	0.189	0.199
2020-03-12T23:00:02Z	0.28	0.207	0.189	0.199
2020-03-12T23:20:02Z	0.28	0.207	0.189	0.199
2020-03-12T23:40:02Z	0.28	0.207	0.189	0.199
2020-03-13T00:00:02Z	0.28	0.207	0.189	0.199
2020-03-13T00:20:02Z	0.28	0.207	0.189	0.199
2020-03-13T00:40:02Z	0.28	0.207	0.189	0.199
2020-03-13T01:00:02Z	0.28	0.207	0.189	0.199
2020-03-13T01:20:02Z	0.28	0.207	0.189	0.199
2020-03-13T01:40:02Z	0.28	0.207	0.189	0.199
2020-03-13T02:00:02Z	0.28	0.207	0.189	0.199
2020-03-13T02:20:02Z	0.28	0.207	0.189	0.198
2020-03-13T02:40:02Z	0.28	0.207	0.189	0.198
2020-03-13T03:00:02Z	0.28	0.207	0.189	0.198
2020-03-13T03:20:02Z	0.28	0.207	0.189	0.198
2020-03-13T03:40:02Z	0.28	0.207	0.189	0.198
2020-03-13T04:00:02Z	0.28	0.207	0.189	0.198
2020-03-13T04:20:02Z	0.28	0.207	0.189	0.198
2020-03-13T04:40:02Z	0.28	0.207	0.189	0.198
2020-03-13T05:00:02Z	0.28	0.207	0.189	0.198
2020-03-13T05:20:02Z	0.28	0.207	0.189	0.198
2020-03-13T05:40:02Z	0.28	0.207	0.188	0.198
2020-03-13T06:00:02Z	0.28	0.207	0.189	0.198
2020-03-13T06:20:02Z	0.279	0.207	0.188	0.198
2020-03-13T06:40:02Z	0.279	0.206	0.188	0.198
2020-03-13T07:00:02Z	0.279	0.206	0.188	0.198
2020-03-13T07:20:02Z	0.279	0.206	0.188	0.198
2020-03-13T07:40:02Z	0.278	0.206	0.188	0.198
2020-03-13T08:00:02Z	0.278	0.206	0.188	0.198
2020-03-13T08:20:02Z	0.278	0.206	0.188	0.198
2020-03-13T08:40:02Z	0.278	0.206	0.188	0.198
2020-03-13T09:00:02Z	0.278	0.206	0.188	0.198
2020-03-13T09:20:02Z	0.278	0.206	0.188	0.198
2020-03-13T09:40:02Z	0.277	0.206	0.188	0.198
2020-03-13T10:00:02Z	0.277	0.206	0.188	0.198
2020-03-13T10:20:02Z	0.277	0.206	0.188	0.198
2020-03-13T10:40:02Z	0.277	0.206	0.188	0.198
2020-03-13T11:00:02Z	0.277	0.206	0.188	0.198
2020-03-13T11:20:02Z	0.276	0.206	0.188	0.198
2020-03-13T11:40:02Z	0.276	0.205	0.188	0.198
2020-03-13T12:00:02Z	0.276	0.205	0.188	0.198
2020-03-13T12:20:02Z	0.276	0.205	0.188	0.198
2020-03-13T12:40:02Z	0.276	0.205	0.187	0.198
2020-03-13T13:00:02Z	0.276	0.205	0.187	0.198
2020-03-13T13:20:02Z	0.276	0.205	0.187	0.198
2020-03-13T13:40:02Z	0.276	0.205	0.187	0.198
2020-03-13T14:00:02Z	0.276	0.205	0.187	0.198
2020-03-13T14:20:02Z	0.276	0.205	0.187	0.198
2020-03-13T14:40:02Z	0.275	0.205	0.187	0.197
2020-03-13T15:00:02Z	0.275	0.204	0.187	0.197
2020-03-13T15:20:02Z	0.275	0.205	0.187	0.198
2020-03-13T15:40:02Z	0.275	0.205	0.187	0.198
2020-03-13T16:00:02Z	0.275	0.205	0.187	0.198
2020-03-13T16:20:02Z	0.275	0.205	0.187	0.198
2020-03-13T16:40:02Z	0.275	0.205	0.187	0.198
2020-03-13T17:00:02Z	0.275	0.205	0.187	0.198
2020-03-13T17:20:02Z	0.276	0.205	0.187	0.198
2020-03-13T17:40:02Z	0.275	0.205	0.187	0.198
2020-03-13T18:00:02Z	0.275	0.205	0.187	0.198
2020-03-13T18:20:02Z	0.275	0.205	0.187	0.198
2020-03-13T18:40:02Z	0.275	0.205	0.187	0.198
2020-03-13T19:00:02Z	0.275	0.205	0.187	0.198
2020-03-13T19:20:02Z	0.275	0.205	0.187	0.198
2020-03-13T19:40:02Z	0.275	0.205	0.187	0.198
2020-03-13T20:00:02Z	0.275	0.205	0.187	0.198
2020-03-13T20:20:02Z	0.275	0.205	0.187	0.198
2020-03-13T20:40:02Z	0.275	0.205	0.187	0.198
2020-03-13T21:00:02Z	0.275	0.205	0.187	0.198
2020-03-13T21:20:02Z	0.275	0.205	0.187	0.198
2020-03-13T21:40:02Z	0.275	0.205	0.187	0.198
2020-03-13T22:00:02Z	0.275	0.205	0.187	0.198
2020-03-13T22:20:02Z	0.275	0.205	0.187	0.198
2020-03-13T22:40:02Z	0.275	0.205	0.187	0.198
2020-03-13T23:00:02Z	0.275	0.205	0.187	0.198
2020-03-13T23:20:02Z	0.275	0.205	0.187	0.198
2020-03-13T23:40:02Z	0.275	0.205	0.187	0.198
2020-03-14T00:00:02Z	0.275	0.205	0.187	0.198
2020-03-14T00:20:02Z	0.275	0.205	0.187	0.198
2020-03-14T00:40:02Z	0.275	0.205	0.187	0.198
2020-03-14T01:00:02Z	0.275	0.205	0.187	0.198
2020-03-14T01:20:02Z	0.275	0.205	0.187	0.198
2020-03-14T01:40:02Z	0.275	0.205	0.187	0.198
2020-03-14T02:00:02Z	0.275	0.205	0.187	0.198
2020-03-14T02:20:02Z	0.275	0.205	0.187	0.198
2020-03-14T02:40:02Z	0.275	0.205	0.187	0.198
2020-03-14T03:00:02Z	0.275	0.205	0.187	0.198
2020-03-14T03:20:02Z	0.275	0.205	0.187	0.198
2020-03-14T03:40:02Z	0.275	0.205	0.187	0.198
2020-03-14T04:00:02Z	0.275	0.205	0.187	0.198
2020-03-14T04:20:02Z	0.275	0.205	0.187	0.198
2020-03-14T04:40:02Z	0.275	0.205	0.187	0.198
2020-03-14T05:00:02Z	0.275	0.205	0.187	0.198
2020-03-14T05:20:02Z	0.275	0.205	0.187	0.198
2020-03-14T05:40:02Z	0.275	0.205	0.187	0.198
2020-03-14T06:00:02Z	0.275	0.205	0.187	0.198
2020-03-14T06:20:02Z	0.275	0.205	0.187	0.198
2020-03-14T06:40:02Z	0.274	0.205	0.187	0.198
2020-03-14T07:00:02Z	0.274	0.204	0.187	0.197
2020-03-14T07:20:02Z	0.274	0.204	0.187	0.197
2020-03-14T07:40:02Z	0.274	0.204	0.186	0.197
2020-03-14T08:00:02Z	0.274	0.204	0.186	0.197
2020-03-14T08:20:02Z	0.274	0.204	0.186	0.197
2020-03-14T08:40:02Z	0.274	0.204	0.186	0.197
2020-03-14T09:00:02Z	0.274	0.204	0.186	0.197
2020-03-14T09:20:02Z	0.273	0.204	0.186	0.197
2020-03-14T09:40:02Z	0.273	0.204	0.186	0.197
2020-03-14T10:00:02Z	0.272	0.204	0.186	0.197
2020-03-14T10:20:02Z	0.272	0.204	0.186	0.197
2020-03-14T10:40:02Z	0.272	0.204	0.186	0.197
2020-03-14T11:00:02Z	0.272	0.204	0.186	0.196
2020-03-14T11:20:02Z	0.272	0.203	0.186	0.196
2020-03-14T11:40:02Z	0.271	0.203	0.186	0.196
2020-03-14T12:00:02Z	0.271	0.203	0.186	0.196
2020-03-14T12:20:02Z	0.271	0.203	0.186	0.196
2020-03-14T12:40:02Z	0.27	0.203	0.186	0.196
2020-03-14T13:00:02Z	0.27	0.203	0.186	0.196
2020-03-14T13:20:02Z	0.27	0.203	0.186	0.196
2020-03-14T13:40:02Z	0.27	0.203	0.185	0.196
2020-03-14T14:00:02Z	0.27	0.203	0.186	0.196
2020-03-14T14:20:02Z	0.27	0.203	0.186	0.196
2020-03-14T14:40:02Z	0.27	0.203	0.186	0.197
2020-03-14T15:00:02Z	0.27	0.203	0.186	0.197
2020-03-14T15:20:02Z	0.27	0.203	0.186	0.197
2020-03-14T15:40:02Z	0.27	0.203	0.186	0.197
2020-03-14T16:00:02Z	0.27	0.203	0.186	0.197
2020-03-14T16:20:02Z	0.27	0.203	0.186	0.197
2020-03-14T16:40:02Z	0.27	0.203	0.186	0.197
2020-03-14T17:00:02Z	0.27	0.203	0.186	0.197
2020-03-14T17:20:02Z	0.271	0.203	0.186	0.197
2020-03-14T17:40:02Z	0.271	0.203	0.186	0.197
2020-03-14T18:00:02Z	0.271	0.204	0.186	0.197
2020-03-14T18:20:02Z	0.271	0.204	0.186	0.197
2020-03-14T18:40:02Z	0.271	0.204	0.186	0.197
2020-03-14T19:00:02Z	0.271	0.204	0.186	0.197
2020-03-14T19:20:02Z	0.271	0.204	0.186	0.197
2020-03-14T19:40:02Z	0.271	0.204	0.186	0.197
2020-03-14T20:00:02Z	0.271	0.203	0.186	0.197
2020-03-14T20:20:02Z	0.271	0.204	0.186	0.197
2020-03-14T20:40:02Z	0.271	0.204	0.186	0.197
2020-03-14T21:00:02Z	0.271	0.203	0.186	0.197
2020-03-14T21:20:02Z	0.271	0.203	0.186	0.197
2020-03-14T21:40:02Z	0.271	0.203	0.186	0.197
2020-03-14T22:00:02Z	0.271	0.203	0.186	0.197
2020-03-14T22:20:02Z	0.271	0.203	0.186	0.197
2020-03-14T22:40:02Z	0.271	0.204	0.186	0.197
2020-03-14T23:00:02Z	0.271	0.203	0.186	0.197
2020-03-14T23:20:02Z	0.271	0.204	0.186	0.197
2020-03-14T23:40:02Z	0.271	0.203	0.186	0.197
2020-03-15T00:00:02Z	0.271	0.203	0.186	0.197
2020-03-15T00:20:02Z	0.271	0.204	0.186	0.197
2020-03-15T00:40:02Z	0.271	0.203	0.186	0.197
2020-03-15T01:00:02Z	0.272	0.204	0.186	0.197
2020-03-15T01:20:02Z	0.272	0.204	0.186	0.197
2020-03-15T01:40:02Z	0.271	0.203	0.186	0.197
2020-03-15T02:00:02Z	0.271	0.203	0.186	0.197
2020-03-15T02:20:02Z	0.271	0.203	0.186	0.197
2020-03-15T02:40:02Z	0.271	0.203	0.186	0.197
2020-03-15T03:00:02Z	0.271	0.203	0.186	0.197
2020-03-15T03:20:02Z	0.271	0.203	0.186	0.197
2020-03-15T03:40:02Z	0.271	0.203	0.186	0.197
2020-03-15T04:00:02Z	0.271	0.203	0.186	0.197
2020-03-15T04:20:02Z	0.271	0.203	0.186	0.197
2020-03-15T04:40:02Z	0.271	0.203	0.186	0.197
2020-03-15T05:00:02Z	0.271	0.203	0.186	0.197
2020-03-15T05:20:02Z	0.271	0.203	0.186	0.197
2020-03-15T05:40:02Z	0.271	0.203	0.186	0.197
2020-03-15T06:00:02Z	0.271	0.203	0.186	0.197
2020-03-15T06:20:02Z	0.271	0.203	0.186	0.197
2020-03-15T06:40:02Z	0.271	0.203	0.185	0.197
2020-03-15T07:00:02Z	0.271	0.203	0.185	0.197
2020-03-15T07:20:02Z	0.27	0.203	0.185	0.196
2020-03-15T07:40:02Z	0.27	0.203	0.185	0.196
2020-03-15T08:00:02Z	0.27	0.202	0.185	0.196
2020-03-15T08:20:02Z	0.27	0.202	0.185	0.196
2020-03-15T08:40:02Z	0.27	0.202	0.185	0.196
2020-03-15T09:00:02Z	0.269	0.202	0.185	0.196
2020-03-15T09:20:02Z	0.269	0.202	0.185	0.196
2020-03-15T09:40:02Z	0.269	0.202	0.185	0.196
2020-03-15T10:00:02Z	0.268	0.202	0.185	0.196
2020-03-15T10:20:02Z	0.268	0.202	0.185	0.196
2020-03-15T10:40:02Z	0.268	0.202	0.185	0.196
2020-03-15T11:00:02Z	0.268	0.202	0.185	0.196
2020-03-15T11:20:02Z	0.267	0.202	0.184	0.196
2020-03-15T11:40:02Z	0.267	0.202	0.185	0.196
2020-03-15T12:00:02Z	0.267	0.202	0.185	0.196
2020-03-15T12:20:02Z	0.266	0.201	0.184	0.196
2020-03-15T12:40:02Z	0.266	0.202	0.184	0.196
2020-03-15T13:00:02Z	0.266	0.202	0.184	0.196
2020-03-15T13:20:02Z	0.266	0.201	0.184	0.196
2020-03-15T13:40:02Z	0.266	0.201	0.184	0.196
2020-03-15T14:00:02Z	0.266	0.201	0.184	0.196
2020-03-15T14:20:02Z	0.266	0.201	0.184	0.196
2020-03-15T14:40:02Z	0.265	0.201	0.184	0.196
2020-03-15T15:00:02Z	0.265	0.201	0.184	0.196
2020-03-15T15:20:02Z	0.265	0.201	0.184	0.196
2020-03-15T15:40:02Z	0.265	0.201	0.184	0.196
2020-03-15T16:00:02Z	0.265	0.201	0.184	0.196
2020-03-15T16:20:02Z	0.265	0.201	0.184	0.196
2020-03-15T16:40:02Z	0.265	0.201	0.184	0.196
2020-03-15T17:00:02Z	0.265	0.201	0.184	0.196
2020-03-15T17:20:02Z	0.265	0.201	0.184	0.196
2020-03-15T17:40:02Z	0.265	0.201	0.184	0.196
2020-03-15T18:00:02Z	0.265	0.201	0.184	0.196
2020-03-15T18:20:02Z	0.265	0.201	0.184	0.196
2020-03-15T18:40:02Z	0.265	0.201	0.184	0.196
2020-03-15T19:00:02Z	0.265	0.201	0.184	0.196
2020-03-15T19:20:02Z	0.265	0.201	0.184	0.196
2020-03-15T19:40:02Z	0.265	0.201	0.184	0.196
2020-03-15T20:00:02Z	0.265	0.201	0.184	0.196
2020-03-15T20:20:02Z	0.266	0.201	0.184	0.196
2020-03-15T20:40:02Z	0.265	0.201	0.184	0.196
2020-03-15T21:00:02Z	0.265	0.201	0.184	0.196
2020-03-15T21:20:02Z	0.265	0.201	0.184	0.196
2020-03-15T21:40:02Z	0.265	0.201	0.184	0.196
2020-03-15T22:00:02Z	0.265	0.201	0.184	0.196
2020-03-15T22:20:02Z	0.265	0.201	0.184	0.196
2020-03-15T22:40:02Z	0.265	0.201	0.184	0.196
2020-03-15T23:00:02Z	0.265	0.201	0.184	0.196
2020-03-15T23:20:02Z	0.265	0.201	0.184	0.196
2020-03-15T23:40:02Z	0.265	0.201	0.184	0.196
2020-03-16T00:00:02Z	0.265	0.201	0.184	0.196
2020-03-16T00:20:02Z	0.265	0.201	0.184	0.196
2020-03-16T00:40:02Z	0.265	0.201	0.184	0.196
2020-03-16T01:00:02Z	0.265	0.201	0.184	0.196
2020-03-16T01:20:02Z	0.265	0.201	0.184	0.196
2020-03-16T01:40:02Z	0.265	0.201	0.184	0.196
2020-03-16T02:00:02Z	0.265	0.201	0.184	0.196
2020-03-16T02:20:02Z	0.265	0.201	0.184	0.196
2020-03-16T02:40:02Z	0.265	0.201	0.184	0.196
2020-03-16T03:00:02Z	0.265	0.201	0.184	0.196
2020-03-16T03:20:02Z	0.265	0.201	0.184	0.196
2020-03-16T03:40:02Z	0.265	0.201	0.184	0.196
2020-03-16T04:00:02Z	0.265	0.201	0.184	0.196
2020-03-16T04:20:02Z	0.265	0.201	0.184	0.196
2020-03-16T04:40:02Z	0.265	0.201	0.184	0.196
2020-03-16T05:00:02Z	0.265	0.201	0.184	0.196
2020-03-16T05:20:02Z	0.265	0.201	0.184	0.196
2020-03-16T05:40:02Z	0.265	0.201	0.184	0.196
2020-03-16T06:00:02Z	0.265	0.201	0.184	0.196
2020-03-16T06:20:02Z	0.265	0.201	0.184	0.196
2020-03-16T06:40:02Z	0.265	0.201	0.184	0.196
2020-03-16T07:00:02Z	0.265	0.201	0.184	0.196
2020-03-16T07:20:02Z	0.265	0.201	0.184	0.195
2020-03-16T07:40:02Z	0.265	0.201	0.184	0.195
2020-03-16T08:00:02Z	0.265	0.201	0.184	0.195
2020-03-16T08:20:02Z	0.264	0.2	0.183	0.195
2020-03-16T08:40:02Z	0.264	0.2	0.183	0.195
2020-03-16T09:00:02Z	0.264	0.2	0.183	0.195
2020-03-16T09:20:02Z	0.264	0.2	0.183	0.195
2020-03-16T09:40:02Z	0.263	0.2	0.183	0.195
2020-03-16T10:00:02Z	0.263	0.2	0.183	0.195
2020-03-16T10:20:02Z	0.262	0.2	0.183	0.195
2020-03-16T10:40:02Z	0.262	0.2	0.183	0.195
2020-03-16T11:00:02Z	0.262	0.2	0.183	0.195
2020-03-16T11:20:02Z	0.262	0.2	0.183	0.195
2020-03-16T11:40:02Z	0.261	0.199	0.183	0.195
2020-03-16T12:00:02Z	0.261	0.199	0.183	0.195
2020-03-16T12:20:02Z	0.26	0.199	0.183	0.194
2020-03-16T12:40:02Z	0.26	0.199	0.183	0.195
2020-03-16T13:00:02Z	0.26	0.199	0.183	0.194
2020-03-16T13:20:02Z	0.26	0.199	0.183	0.194
2020-03-16T13:40:02Z	0.26	0.199	0.183	0.195
2020-03-16T14:00:02Z	0.259	0.199	0.183	0.194
2020-03-16T14:20:02Z	0.259	0.199	0.182	0.194
2020-03-16T14:40:02Z	0.259	0.199	0.183	0.195
2020-03-16T15:00:02Z	0.259	0.199	0.183	0.195
2020-03-16T15:20:02Z	0.26	0.199	0.183	0.195
2020-03-16T15:40:02Z	0.26	0.199	0.183	0.195
2020-03-16T16:00:02Z	0.262	0.199	0.183	0.195
2020-03-16T16:20:02Z	0.264	0.199	0.183	0.195
2020-03-16T16:40:02Z	0.269	0.199	0.183	0.195
2020-03-16T17:00:02Z	0.268	0.199	0.183	0.195
2020-03-16T17:20:02Z	0.266	0.199	0.183	0.195
2020-03-16T17:40:02Z	0.266	0.2	0.183	0.195
2020-03-16T18:00:02Z	0.265	0.2	0.183	0.195
2020-03-16T18:20:02Z	0.265	0.2	0.183	0.195
2020-03-16T18:40:02Z	0.265	0.2	0.183	0.195
2020-03-16T19:00:02Z	0.264	0.2	0.183	0.195
2020-03-16T19:20:02Z	0.264	0.2	0.183	0.195
2020-03-16T19:40:02Z	0.264	0.2	0.183	0.195
2020-03-16T20:00:02Z	0.264	0.2	0.183	0.195
2020-03-16T20:20:02Z	0.263	0.2	0.183	0.195
2020-03-16T20:40:02Z	0.263	0.2	0.183	0.195
2020-03-16T21:00:02Z	0.263	0.2	0.183	0.195
2020-03-16T21:20:02Z	0.263	0.2	0.183	0.195
2020-03-16T21:40:02Z	0.262	0.2	0.183	0.195
2020-03-16T22:00:02Z	0.262	0.2	0.183	0.195
2020-03-16T22:20:02Z	0.262	0.2	0.183	0.195
2020-03-16T22:40:02Z	0.262	0.2	0.183	0.195
2020-03-16T23:00:02Z	0.262	0.2	0.183	0.195
2020-03-16T23:20:02Z	0.262	0.2	0.183	0.195
2020-03-16T23:40:02Z	0.262	0.2	0.183	0.195
2020-03-17T00:00:02Z	0.262	0.2	0.183	0.195
2020-03-17T00:20:02Z	0.262	0.2	0.183	0.195
2020-03-17T00:40:02Z	0.262	0.2	0.183	0.195
2020-03-17T01:00:02Z	0.261	0.2	0.183	0.195
2020-03-17T01:20:02Z	0.261	0.2	0.183	0.195
2020-03-17T01:40:02Z	0.261	0.2	0.183	0.195
2020-03-17T02:00:02Z	0.26	0.2	0.183	0.195
2020-03-17T02:20:02Z	0.26	0.2	0.183	0.195
2020-03-17T02:40:02Z	0.26	0.2	0.183	0.195
2020-03-17T03:00:02Z	0.26	0.2	0.183	0.195
2020-03-17T03:20:02Z	0.26	0.2	0.183	0.195
2020-03-17T03:40:02Z	0.26	0.2	0.183	0.195
2020-03-17T04:00:02Z	0.26	0.2	0.183	0.195
2020-03-17T04:20:02Z	0.259	0.2	0.183	0.195
2020-03-17T04:40:02Z	0.259	0.2	0.183	0.195
2020-03-17T05:00:02Z	0.259	0.2	0.183	0.195
2020-03-17T05:20:02Z	0.259	0.2	0.183	0.195
2020-03-17T05:40:02Z	0.259	0.2	0.183	0.195
2020-03-17T06:00:02Z	0.259	0.2	0.183	0.195
2020-03-17T06:20:02Z	0.259	0.2	0.183	0.195
2020-03-17T06:40:02Z	0.258	0.199	0.183	0.195
2020-03-17T07:00:02Z	0.258	0.199	0.183	0.195
2020-03-17T07:20:02Z	0.258	0.199	0.183	0.195
2020-03-17T07:40:02Z	0.258	0.199	0.183	0.195
2020-03-17T08:00:02Z	0.258	0.199	0.183	0.195
2020-03-17T08:20:02Z	0.257	0.199	0.183	0.195
2020-03-17T08:40:02Z	0.257	0.199	0.183	0.195
2020-03-17T09:00:02Z	0.257	0.199	0.182	0.195
2020-03-17T09:20:02Z	0.257	0.199	0.182	0.194
2020-03-17T09:40:02Z	0.256	0.199	0.182	0.194
2020-03-17T10:00:02Z	0.256	0.199	0.182	0.194
2020-03-17T10:20:02Z	0.256	0.199	0.182	0.194
2020-03-17T10:40:02Z	0.256	0.198	0.182	0.194
2020-03-17T11:00:02Z	0.255	0.198	0.182	0.194
2020-03-17T11:20:02Z	0.255	0.198	0.182	0.194
2020-03-17T11:40:02Z	0.254	0.198	0.182	0.194
2020-03-17T12:00:02Z	0.254	0.198	0.182	0.194
2020-03-17T12:20:02Z	0.254	0.198	0.182	0.194
2020-03-17T12:40:02Z	0.253	0.198	0.182	0.194
2020-03-17T13:00:02Z	0.253	0.198	0.182	0.194
2020-03-17T13:20:02Z	0.253	0.198	0.182	0.194
2020-03-17T13:40:02Z	0.253	0.198	0.182	0.194
2020-03-17T14:00:02Z	0.252	0.198	0.182	0.194
2020-03-17T14:20:02Z	0.252	0.198	0.182	0.194
2020-03-17T14:40:02Z	0.252	0.198	0.182	0.194
2020-03-17T15:00:02Z	0.252	0.198	0.182	0.194
2020-03-17T15:20:02Z	0.252	0.198	0.182	0.194
2020-03-17T15:40:02Z	0.252	0.198	0.182	0.194
2020-03-17T16:00:02Z	0.252	0.198	0.182	0.194
2020-03-17T16:20:02Z	0.251	0.198	0.182	0.194
2020-03-17T16:40:02Z	0.252	0.198	0.182	0.194
2020-03-17T17:00:02Z	0.252	0.198	0.182	0.194
2020-03-17T17:20:02Z	0.252	0.198	0.182	0.194
2020-03-17T17:40:02Z	0.252	0.198	0.182	0.195
2020-03-17T18:00:02Z	0.252	0.198	0.182	0.195
2020-03-17T18:20:02Z	0.252	0.198	0.182	0.195
2020-03-17T18:40:02Z	0.252	0.198	0.182	0.195
2020-03-17T19:00:02Z	0.252	0.198	0.182	0.195
2020-03-17T19:20:02Z	0.252	0.198	0.182	0.195
2020-03-17T19:40:02Z	0.252	0.198	0.182	0.195
2020-03-17T20:00:02Z	0.252	0.198	0.182	0.195
2020-03-17T20:20:02Z	0.252	0.198	0.182	0.195
2020-03-17T20:40:02Z	0.252	0.198	0.182	0.194
2020-03-17T21:00:02Z	0.252	0.198	0.182	0.194
2020-03-17T21:20:02Z	0.252	0.198	0.182	0.194
2020-03-17T21:40:02Z	0.251	0.198	0.182	0.194
2020-03-17T22:00:02Z	0.252	0.198	0.182	0.194
2020-03-17T22:20:02Z	0.251	0.198	0.182	0.194
2020-03-17T22:40:02Z	0.251	0.198	0.182	0.194
2020-03-17T23:00:02Z	0.251	0.198	0.182	0.194
2020-03-17T23:20:02Z	0.252	0.198	0.182	0.195
2020-03-17T23:40:02Z	0.252	0.198	0.182	0.195
2020-03-18T00:00:02Z	0.251	0.198	0.182	0.194
2020-03-18T00:20:02Z	0.252	0.198	0.182	0.195
2020-03-18T00:40:02Z	0.251	0.198	0.182	0.195
2020-03-18T01:00:02Z	0.251	0.198	0.182	0.195
2020-03-18T01:20:02Z	0.251	0.198	0.182	0.194
2020-03-18T01:40:02Z	0.251	0.198	0.182	0.194
2020-03-18T02:00:02Z	0.251	0.198	0.182	0.194
2020-03-18T02:20:02Z	0.251	0.198	0.182	0.194
2020-03-18T02:40:02Z	0.251	0.198	0.182	0.194
2020-03-18T03:00:02Z	0.251	0.198	0.182	0.194
2020-03-18T03:20:02Z	0.251	0.198	0.182	0.194
2020-03-18T03:40:02Z	0.251	0.198	0.182	0.194
2020-03-18T04:00:02Z	0.251	0.198	0.182	0.194
2020-03-18T04:20:02Z	0.251	0.198	0.182	0.194
2020-03-18T04:40:02Z	0.251	0.198	0.182	0.194
2020-03-18T05:00:02Z	0.251	0.198	0.182	0.194
2020-03-18T05:20:02Z	0.251	0.198	0.182	0.194
2020-03-18T05:40:02Z	0.251	0.198	0.182	0.194
2020-03-18T06:00:02Z	0.251	0.198	0.182	0.194
2020-03-18T06:20:02Z	0.251	0.198	0.182	0.194
2020-03-18T06:40:02Z	0.251	0.198	0.182	0.194
2020-03-18T07:00:02Z	0.25	0.198	0.182	0.194
2020-03-18T07:20:02Z	0.25	0.198	0.182	0.194
2020-03-18T07:40:02Z	0.25	0.198	0.181	0.194
2020-03-18T08:00:02Z	0.25	0.198	0.181	0.194
2020-03-18T08:20:02Z	0.25	0.198	0.181	0.194
2020-03-18T08:40:02Z	0.249	0.197	0.181	0.194
2020-03-18T09:00:02Z	0.249	0.197	0.181	0.194
2020-03-18T09:20:02Z	0.249	0.197	0.181	0.194
2020-03-18T09:40:02Z	0.249	0.197	0.181	0.194
2020-03-18T10:00:02Z	0.248	0.197	0.181	0.194
2020-03-18T10:20:02Z	0.248	0.197	0.18	0.194
2020-03-18T10:40:02Z	0.248	0.197	0.18	0.194
2020-03-18T11:00:02Z	0.247	0.197	0.18	0.194
2020-03-18T11:20:02Z	0.247	0.197	0.18	0.194
2020-03-18T11:40:02Z	0.247	0.196	0.18	0.194
2020-03-18T12:00:02Z	0.246	0.196	0.18	0.193
2020-03-18T12:20:02Z	0.246	0.196	0.18	0.193
2020-03-18T12:40:02Z	0.246	0.196	0.18	0.193
2020-03-18T13:00:02Z	0.246	0.196	0.18	0.193
2020-03-18T13:20:02Z	0.245	0.196	0.18	0.193
2020-03-18T13:40:02Z	0.244	0.196	0.18	0.193
2020-03-18T14:00:02Z	0.244	0.196	0.18	0.193
2020-03-18T14:20:02Z	0.244	0.196	0.18	0.193
2020-03-18T14:40:02Z	0.244	0.196	0.18	0.193
2020-03-18T15:00:02Z	0.244	0.196	0.18	0.194
2020-03-18T15:20:02Z	0.244	0.196	0.18	0.194
2020-03-18T15:40:02Z	0.243	0.196	0.18	0.194
2020-03-18T16:00:02Z	0.243	0.196	0.18	0.193
2020-03-18T16:20:02Z	0.243	0.196	0.18	0.194
2020-03-18T16:40:02Z	0.243	0.196	0.18	0.194
2020-03-18T17:00:02Z	0.243	0.196	0.18	0.194
2020-03-18T17:20:02Z	0.244	0.196	0.18	0.194
2020-03-18T17:40:02Z	0.244	0.196	0.18	0.194
2020-03-18T18:00:02Z	0.244	0.196	0.181	0.194
2020-03-18T18:20:02Z	0.244	0.196	0.181	0.194
2020-03-18T18:40:02Z	0.244	0.196	0.181	0.194
2020-03-18T19:00:02Z	0.244	0.196	0.181	0.194
2020-03-18T19:20:02Z	0.244	0.196	0.181	0.194
2020-03-18T19:40:02Z	0.244	0.196	0.181	0.194
2020-03-18T20:00:02Z	0.244	0.196	0.181	0.194
2020-03-18T20:20:02Z	0.244	0.196	0.181	0.194
2020-03-18T20:40:02Z	0.244	0.196	0.181	0.194
2020-03-18T21:00:02Z	0.244	0.196	0.181	0.194
2020-03-18T21:20:02Z	0.244	0.196	0.18	0.194
2020-03-18T21:40:02Z	0.244	0.196	0.181	0.194
2020-03-18T22:00:02Z	0.244	0.196	0.18	0.194
2020-03-18T22:20:02Z	0.244	0.196	0.18	0.194
2020-03-18T22:40:02Z	0.244	0.196	0.18	0.194
2020-03-18T23:00:02Z	0.244	0.196	0.18	0.194
2020-03-18T23:20:02Z	0.244	0.196	0.18	0.194
2020-03-18T23:40:02Z	0.244	0.196	0.18	0.194
2020-03-19T00:00:02Z	0.244	0.196	0.18	0.194
2020-03-19T00:20:02Z	0.244	0.196	0.18	0.194
2020-03-19T00:40:02Z	0.244	0.196	0.18	0.194
2020-03-19T01:00:02Z	0.244	0.196	0.18	0.194
2020-03-19T01:20:02Z	0.244	0.196	0.18	0.194
2020-03-19T01:40:02Z	0.244	0.196	0.18	0.194
2020-03-19T02:00:02Z	0.244	0.196	0.18	0.194
2020-03-19T02:20:02Z	0.244	0.196	0.18	0.194
2020-03-19T02:40:02Z	0.244	0.196	0.18	0.194
2020-03-19T03:00:02Z	0.244	0.196	0.18	0.194
2020-03-19T03:20:02Z	0.244	0.196	0.18	0.194
2020-03-19T03:40:02Z	0.244	0.196	0.18	0.194
2020-03-19T04:00:02Z	0.244	0.196	0.18	0.194
2020-03-19T04:20:02Z	0.244	0.196	0.18	0.194
2020-03-19T04:40:02Z	0.244	0.196	0.18	0.194
2020-03-19T05:00:02Z	0.244	0.196	0.18	0.194
2020-03-19T05:20:02Z	0.244	0.196	0.18	0.194
2020-03-19T05:40:02Z	0.244	0.196	0.18	0.194
2020-03-19T06:00:02Z	0.244	0.196	0.18	0.194
2020-03-19T06:20:02Z	0.244	0.196	0.18	0.194
2020-03-19T06:40:02Z	0.244	0.196	0.18	0.194
2020-03-19T07:00:02Z	0.244	0.196	0.18	0.194
2020-03-19T07:20:02Z	0.244	0.196	0.18	0.193
2020-03-19T07:40:02Z	0.244	0.196	0.18	0.193
2020-03-19T08:00:02Z	0.244	0.196	0.18	0.193
2020-03-19T08:20:02Z	0.243	0.196	0.18	0.193
2020-03-19T08:40:02Z	0.243	0.196	0.18	0.193
2020-03-19T09:00:02Z	0.243	0.196	0.18	0.193
2020-03-19T09:20:02Z	0.243	0.195	0.18	0.193
2020-03-19T09:40:02Z	0.243	0.195	0.179	0.193
2020-03-19T10:00:02Z	0.243	0.195	0.179	0.193
2020-03-19T10:20:02Z	0.242	0.195	0.179	0.193
2020-03-19T10:40:02Z	0.242	0.195	0.179	0.193
2020-03-19T11:00:02Z	0.242	0.195	0.179	0.193
2020-03-19T11:20:02Z	0.242	0.195	0.179	0.193
2020-03-19T11:40:02Z	0.242	0.195	0.179	0.193
2020-03-19T12:00:02Z	0.242	0.195	0.179	0.193
2020-03-19T12:20:02Z	0.242	0.195	0.179	0.193
2020-03-19T12:40:02Z	0.242	0.195	0.179	0.193
2020-03-19T13:00:02Z	0.242	0.195	0.179	0.193
2020-03-19T13:20:02Z	0.241	0.195	0.179	0.193
2020-03-19T13:40:02Z	0.241	0.195	0.179	0.193
2020-03-19T14:00:02Z	0.242	0.195	0.179	0.193
2020-03-19T14:20:02Z	0.241	0.195	0.179	0.193
2020-03-19T14:40:02Z	0.241	0.195	0.179	0.193
2020-03-19T15:00:02Z	0.241	0.194	0.179	0.193
2020-03-19T15:20:02Z	0.241	0.194	0.179	0.193
2020-03-19T15:40:02Z	0.241	0.195	0.179	0.193
2020-03-19T16:00:02Z	0.241	0.195	0.179	0.193
2020-03-19T16:20:02Z	0.241	0.195	0.179	0.193
2020-03-19T16:40:02Z	0.241	0.195	0.18	0.193
2020-03-19T17:00:02Z	0.241	0.195	0.18	0.193
2020-03-19T17:20:02Z	0.241	0.195	0.18	0.193
2020-03-19T17:40:02Z	0.241	0.195	0.18	0.193
2020-03-19T18:00:02Z	0.241	0.195	0.18	0.193
2020-03-19T18:20:02Z	0.242	0.195	0.18	0.193
2020-03-19T18:40:02Z	0.242	0.195	0.18	0.193
2020-03-19T19:00:02Z	0.241	0.195	0.18	0.193
2020-03-19T19:20:02Z	0.241	0.195	0.18	0.193
2020-03-19T19:40:02Z	0.242	0.195	0.18	0.193
2020-03-19T20:00:02Z	0.242	0.195	0.18	0.193
2020-03-19T20:20:02Z	0.242	0.195	0.18	0.193
2020-03-19T20:40:02Z	0.242	0.195	0.18	0.193
2020-03-19T21:00:02Z	0.242	0.195	0.18	0.193
2020-03-19T21:20:02Z	0.242	0.195	0.18	0.193
2020-03-19T21:40:02Z	0.242	0.195	0.18	0.193
2020-03-19T22:00:02Z	0.242	0.195	0.18	0.193
2020-03-19T22:20:02Z	0.242	0.195	0.18	0.193
2020-03-19T22:40:02Z	0.242	0.195	0.18	0.193
2020-03-19T23:00:02Z	0.242	0.195	0.18	0.193
2020-03-19T23:20:02Z	0.242	0.195	0.18	0.193
2020-03-19T23:40:02Z	0.242	0.195	0.18	0.193
2020-03-20T00:00:02Z	0.242	0.195	0.18	0.193
2020-03-20T00:20:02Z	0.242	0.195	0.18	0.193
2020-03-20T00:40:02Z	0.242	0.195	0.18	0.193
2020-03-20T01:00:02Z	0.242	0.195	0.18	0.193
2020-03-20T01:20:02Z	0.242	0.195	0.18	0.193
2020-03-20T01:40:02Z	0.242	0.195	0.18	0.193
2020-03-20T02:00:02Z	0.242	0.195	0.18	0.193
2020-03-20T02:20:02Z	0.242	0.195	0.18	0.193
2020-03-20T02:40:02Z	0.242	0.195	0.18	0.193
2020-03-20T03:00:02Z	0.242	0.195	0.18	0.193
2020-03-20T03:20:02Z	0.242	0.195	0.18	0.193
2020-03-20T03:40:02Z	0.242	0.195	0.18	0.193
2020-03-20T04:00:02Z	0.242	0.195	0.18	0.193
2020-03-20T04:20:02Z	0.242	0.195	0.18	0.193
2020-03-20T04:40:02Z	0.242	0.195	0.18	0.193
2020-03-20T05:00:02Z	0.242	0.195	0.18	0.193
2020-03-20T05:20:02Z	0.242	0.195	0.18	0.193
2020-03-20T05:40:02Z	0.242	0.195	0.18	0.193
2020-03-20T06:00:02Z	0.242	0.195	0.18	0.193
2020-03-20T06:20:02Z	0.242	0.195	0.18	0.193
2020-03-20T06:40:02Z	0.242	0.195	0.18	0.193
2020-03-20T07:00:02Z	0.242	0.195	0.18	0.193
2020-03-20T07:20:02Z	0.242	0.195	0.18	0.193
2020-03-20T07:40:02Z	0.242	0.195	0.18	0.193
2020-03-20T08:00:02Z	0.242	0.195	0.18	0.193
2020-03-20T08:20:02Z	0.242	0.195	0.18	0.193
2020-03-20T08:40:02Z	0.242	0.195	0.18	0.193
2020-03-20T09:00:02Z	0.242	0.195	0.179	0.193
2020-03-20T09:20:02Z	0.241	0.194	0.179	0.193
2020-03-20T09:40:02Z	0.241	0.195	0.179	0.193
2020-03-20T10:00:02Z	0.241	0.194	0.179	0.193
2020-03-20T10:20:02Z	0.241	0.194	0.179	0.193
2020-03-20T10:40:02Z	0.241	0.194	0.179	0.193
2020-03-20T11:00:02Z	0.241	0.194	0.179	0.193
2020-03-20T11:20:02Z	0.241	0.194	0.179	0.193
2020-03-20T11:40:02Z	0.241	0.194	0.179	0.193
2020-03-20T12:00:02Z	0.241	0.195	0.179	0.193
2020-03-20T12:20:02Z	0.241	0.194	0.179	0.193
2020-03-20T12:40:02Z	0.241	0.194	0.179	0.193
2020-03-20T13:00:02Z	0.241	0.194	0.179	0.193
2020-03-20T13:20:02Z	0.241	0.194	0.179	0.193
2020-03-20T13:40:02Z	0.241	0.194	0.179	0.193
2020-03-20T14:00:02Z	0.241	0.194	0.179	0.193
2020-03-20T14:20:02Z	0.241	0.194	0.179	0.193
2020-03-20T14:40:02Z	0.241	0.194	0.179	0.193
2020-03-20T15:00:02Z	0.241	0.194	0.179	0.193
2020-03-20T15:20:02Z	0.241	0.194	0.179	0.193
2020-03-20T15:40:02Z	0.241	0.194	0.179	0.193
2020-03-20T16:00:02Z	0.241	0.194	0.179	0.193
2020-03-20T16:20:02Z	0.241	0.194	0.179	0.193
2020-03-20T16:40:02Z	0.241	0.194	0.179	0.193
2020-03-20T17:00:02Z	0.241	0.194	0.179	0.193
2020-03-20T17:20:02Z	0.241	0.194	0.179	0.193
2020-03-20T17:40:02Z	0.241	0.194	0.18	0.193
2020-03-20T18:00:02Z	0.241	0.194	0.18	0.193
2020-03-20T18:20:02Z	0.241	0.194	0.18	0.193
2020-03-20T18:40:02Z	0.241	0.195	0.18	0.193
2020-03-20T19:00:02Z	0.241	0.194	0.18	0.193
2020-03-20T19:20:02Z	0.241	0.194	0.18	0.193
2020-03-20T19:40:02Z	0.241	0.194	0.18	0.193
2020-03-20T20:00:02Z	0.241	0.194	0.18	0.193
2020-03-20T20:20:02Z	0.241	0.194	0.18	0.193
2020-03-20T20:40:02Z	0.241	0.194	0.18	0.193
2020-03-20T21:00:02Z	0.241	0.194	0.18	0.193
2020-03-20T21:20:02Z	0.241	0.194	0.18	0.193
2020-03-20T21:40:02Z	0.241	0.194	0.18	0.193
2020-03-20T22:00:02Z	0.241	0.194	0.18	0.193
2020-03-20T22:20:02Z	0.241	0.194	0.18	0.193
2020-03-20T22:40:02Z	0.241	0.194	0.18	0.193
2020-03-20T23:00:02Z	0.241	0.194	0.18	0.193
2020-03-20T23:20:02Z	0.241	0.194	0.18	0.193
2020-03-20T23:40:02Z	0.241	0.194	0.18	0.193
2020-03-21T00:00:02Z	0.241	0.194	0.18	0.193
2020-03-21T00:20:02Z	0.241	0.194	0.18	0.193
2020-03-21T00:40:02Z	0.241	0.194	0.18	0.193
2020-03-21T01:00:02Z	0.241	0.194	0.18	0.193
2020-03-21T01:20:02Z	0.241	0.194	0.18	0.193
2020-03-21T01:40:02Z	0.241	0.194	0.18	0.193
2020-03-21T02:00:02Z	0.241	0.194	0.18	0.193
2020-03-21T02:20:02Z	0.241	0.194	0.18	0.193
2020-03-21T02:40:02Z	0.241	0.195	0.18	0.193
2020-03-21T03:00:02Z	0.241	0.195	0.18	0.193
2020-03-21T03:20:02Z	0.241	0.195	0.18	0.193
2020-03-21T03:40:02Z	0.241	0.195	0.18	0.193
2020-03-21T04:00:02Z	0.241	0.195	0.18	0.193
2020-03-21T04:20:02Z	0.241	0.195	0.18	0.193
2020-03-21T04:40:02Z	0.241	0.195	0.18	0.193
2020-03-21T05:00:02Z	0.241	0.195	0.18	0.193
2020-03-21T05:20:02Z	0.241	0.195	0.18	0.193
2020-03-21T05:40:02Z	0.241	0.195	0.18	0.193
2020-03-21T06:00:02Z	0.241	0.195	0.18	0.193
2020-03-21T06:20:02Z	0.241	0.195	0.18	0.193
2020-03-21T06:40:02Z	0.241	0.195	0.18	0.193
2020-03-21T07:00:02Z	0.241	0.194	0.18	0.192
2020-03-21T07:20:02Z	0.241	0.194	0.18	0.192
2020-03-21T07:40:02Z	0.241	0.194	0.18	0.192
2020-03-21T08:00:02Z	0.241	0.194	0.18	0.192
2020-03-21T08:20:02Z	0.241	0.194	0.18	0.192
2020-03-21T08:40:02Z	0.241	0.194	0.18	0.192
2020-03-21T09:00:02Z	0.24	0.194	0.179	0.192
2020-03-21T09:20:02Z	0.24	0.194	0.18	0.192
2020-03-21T09:40:02Z	0.241	0.194	0.18	0.192
2020-03-21T10:00:02Z	0.24	0.194	0.179	0.192
2020-03-21T10:20:02Z	0.24	0.194	0.179	0.192
2020-03-21T10:40:02Z	0.24	0.194	0.179	0.192
2020-03-21T11:00:02Z	0.24	0.194	0.179	0.192
2020-03-21T11:20:02Z	0.239	0.194	0.179	0.192
2020-03-21T11:40:02Z	0.239	0.194	0.179	0.192
2020-03-21T12:00:02Z	0.239	0.194	0.179	0.192
2020-03-21T12:20:02Z	0.238	0.194	0.179	0.192
2020-03-21T12:40:02Z	0.238	0.194	0.179	0.192
2020-03-21T13:00:02Z	0.238	0.194	0.179	0.192
2020-03-21T13:20:02Z	0.238	0.194	0.179	0.192
2020-03-21T13:40:02Z	0.238	0.194	0.179	0.192
2020-03-21T14:00:02Z	0.238	0.194	0.179	0.192
2020-03-21T14:20:02Z	0.237	0.193	0.179	0.191
2020-03-21T14:40:02Z	0.237	0.194	0.179	0.192
2020-03-21T15:00:02Z	0.237	0.193	0.179	0.192
2020-03-21T15:20:02Z	0.237	0.193	0.179	0.192
2020-03-21T15:40:02Z	0.237	0.193	0.179	0.192
2020-03-21T16:00:02Z	0.237	0.193	0.179	0.192
2020-03-21T16:20:02Z	0.237	0.194	0.179	0.192
2020-03-21T16:40:02Z	0.237	0.194	0.179	0.192
2020-03-21T17:00:02Z	0.237	0.194	0.179	0.192
2020-03-21T17:20:02Z	0.237	0.194	0.18	0.192
2020-03-21T17:40:02Z	0.237	0.194	0.18	0.192
2020-03-21T18:00:02Z	0.237	0.194	0.18	0.192
2020-03-21T18:20:02Z	0.237	0.194	0.18	0.192
2020-03-21T18:40:02Z	0.237	0.194	0.18	0.192
2020-03-21T19:00:02Z	0.237	0.194	0.18	0.192
2020-03-21T19:20:02Z	0.237	0.194	0.18	0.192
2020-03-21T19:40:02Z	0.237	0.194	0.18	0.192
2020-03-21T20:00:02Z	0.237	0.194	0.18	0.192
2020-03-21T20:20:02Z	0.237	0.194	0.18	0.192
2020-03-21T20:40:02Z	0.237	0.194	0.18	0.192
2020-03-21T21:00:02Z	0.237	0.194	0.18	0.192
2020-03-21T21:20:02Z	0.238	0.194	0.18	0.192
2020-03-21T21:40:02Z	0.238	0.194	0.18	0.192
2020-03-21T22:00:02Z	0.238	0.194	0.18	0.192
2020-03-21T22:20:02Z	0.238	0.194	0.18	0.192
2020-03-21T22:40:02Z	0.238	0.194	0.18	0.192
2020-03-21T23:00:02Z	0.238	0.194	0.18	0.192
2020-03-21T23:20:02Z	0.238	0.194	0.18	0.192
2020-03-21T23:40:02Z	0.238	0.194	0.18	0.192
2020-03-22T00:00:02Z	0.238	0.194	0.18	0.192
2020-03-22T00:20:02Z	0.238	0.194	0.18	0.192
2020-03-22T00:40:02Z	0.238	0.194	0.18	0.192
2020-03-22T01:00:02Z	0.238	0.194	0.18	0.192
2020-03-22T01:20:02Z	0.238	0.194	0.18	0.192
2020-03-22T01:40:02Z	0.238	0.194	0.18	0.192
2020-03-22T02:00:02Z	0.238	0.194	0.18	0.192
2020-03-22T02:20:02Z	0.238	0.194	0.18	0.192
2020-03-22T02:40:02Z	0.238	0.194	0.18	0.192
2020-03-22T03:00:02Z	0.238	0.194	0.18	0.192
2020-03-22T03:20:02Z	0.238	0.194	0.18	0.192
2020-03-22T03:40:02Z	0.238	0.194	0.18	0.192
2020-03-22T04:00:02Z	0.238	0.194	0.18	0.192
2020-03-22T04:20:02Z	0.238	0.194	0.18	0.192
2020-03-22T04:40:02Z	0.238	0.194	0.18	0.192
2020-03-22T05:00:02Z	0.238	0.194	0.18	0.192
2020-03-22T05:20:02Z	0.238	0.194	0.18	0.192
2020-03-22T05:40:02Z	0.238	0.194	0.18	0.192
2020-03-22T06:00:02Z	0.238	0.194	0.18	0.192
2020-03-22T06:20:02Z	0.238	0.194	0.18	0.192
2020-03-22T06:40:02Z	0.238	0.194	0.179	0.192
2020-03-22T07:00:02Z	0.238	0.194	0.179	0.192
2020-03-22T07:20:02Z	0.238	0.194	0.179	0.192
2020-03-22T07:40:02Z	0.237	0.194	0.179	0.192
2020-03-22T08:00:02Z	0.237	0.193	0.179	0.191
2020-03-22T08:20:02Z	0.237	0.193	0.179	0.191
2020-03-22T08:40:02Z	0.237	0.193	0.179	0.191
2020-03-22T09:00:02Z	0.237	0.193	0.179	0.191
2020-03-22T09:20:02Z	0.237	0.193	0.179	0.191
2020-03-22T09:40:02Z	0.237	0.193	0.179	0.191
2020-03-22T10:00:02Z	0.236	0.193	0.179	0.191
2020-03-22T10:20:02Z	0.236	0.193	0.179	0.191
2020-03-22T10:40:02Z	0.236	0.193	0.179	0.191
2020-03-22T11:00:02Z	0.236	0.192	0.179	0.191
2020-03-22T11:20:02Z	0.236	0.192	0.179	0.191
2020-03-22T11:40:02Z	0.235	0.192	0.179	0.191
2020-03-22T12:00:02Z	0.235	0.192	0.179	0.191
2020-03-22T12:20:02Z	0.235	0.192	0.179	0.191
2020-03-22T12:40:02Z	0.235	0.192	0.178	0.191
2020-03-22T13:00:02Z	0.235	0.192	0.178	0.191
2020-03-22T13:20:02Z	0.234	0.192	0.178	0.191
2020-03-22T13:40:02Z	0.234	0.192	0.178	0.191
2020-03-22T14:00:02Z	0.234	0.192	0.178	0.191
2020-03-22T14:20:02Z	0.234	0.192	0.178	0.191
2020-03-22T14:40:02Z	0.234	0.192	0.178	0.191
2020-03-22T15:00:02Z	0.234	0.192	0.178	0.191
2020-03-22T15:20:02Z	0.234	0.192	0.178	0.191
2020-03-22T15:40:02Z	0.234	0.192	0.178	0.191
2020-03-22T16:00:02Z	0.234	0.192	0.178	0.191
2020-03-22T16:20:02Z	0.234	0.192	0.178	0.191
2020-03-22T16:40:02Z	0.234	0.192	0.179	0.191
2020-03-22T17:00:02Z	0.234	0.192	0.179	0.191
2020-03-22T17:20:02Z	0.234	0.192	0.179	0.192
2020-03-22T17:40:02Z	0.234	0.192	0.179	0.192
2020-03-22T18:00:02Z	0.234	0.192	0.179	0.192
2020-03-22T18:20:02Z	0.234	0.193	0.179	0.192
2020-03-22T18:40:02Z	0.234	0.193	0.179	0.192
2020-03-22T19:00:02Z	0.234	0.193	0.179	0.192
2020-03-22T19:20:02Z	0.234	0.193	0.179	0.192
2020-03-22T19:40:02Z	0.234	0.193	0.179	0.192
2020-03-22T20:00:02Z	0.234	0.193	0.179	0.192
2020-03-22T20:20:02Z	0.234	0.193	0.179	0.192
2020-03-22T20:40:02Z	0.234	0.193	0.179	0.192
2020-03-22T21:00:02Z	0.235	0.193	0.179	0.192
2020-03-22T21:20:02Z	0.234	0.193	0.179	0.192
2020-03-22T21:40:02Z	0.235	0.193	0.179	0.192
2020-03-22T22:00:02Z	0.235	0.193	0.179	0.192
2020-03-22T22:20:02Z	0.235	0.193	0.179	0.192
2020-03-22T22:40:02Z	0.235	0.193	0.179	0.192
2020-03-22T23:00:02Z	0.235	0.193	0.179	0.192
2020-03-22T23:20:02Z	0.235	0.193	0.179	0.192
2020-03-22T23:40:02Z	0.235	0.193	0.179	0.192
2020-03-23T00:00:02Z	0.235	0.193	0.179	0.192
2020-03-23T00:20:02Z	0.235	0.193	0.179	0.192
2020-03-23T00:40:02Z	0.235	0.193	0.179	0.192
2020-03-23T01:00:02Z	0.235	0.193	0.179	0.192
2020-03-23T01:20:02Z	0.235	0.193	0.179	0.192
2020-03-23T01:40:02Z	0.235	0.193	0.179	0.192
2020-03-23T02:00:02Z	0.235	0.193	0.179	0.192
2020-03-23T02:20:02Z	0.235	0.193	0.179	0.192
2020-03-23T02:40:02Z	0.235	0.193	0.179	0.192
2020-03-23T03:00:02Z	0.235	0.193	0.179	0.192
2020-03-23T03:20:02Z	0.235	0.193	0.179	0.192
2020-03-23T03:40:02Z	0.235	0.193	0.179	0.192
2020-03-23T04:00:02Z	0.235	0.193	0.179	0.192
2020-03-23T04:20:02Z	0.235	0.193	0.179	0.192
2020-03-23T04:40:02Z	0.235	0.193	0.179	0.192
2020-03-23T05:00:02Z	0.235	0.193	0.179	0.192
2020-03-23T05:20:02Z	0.235	0.193	0.179	0.192
2020-03-23T05:40:02Z	0.235	0.193	0.179	0.192
2020-03-23T06:00:02Z	0.235	0.193	0.179	0.192
2020-03-23T06:20:02Z	0.235	0.192	0.178	0.191
2020-03-23T06:40:02Z	0.235	0.192	0.178	0.191
2020-03-23T07:00:02Z	0.234	0.192	0.178	0.191
2020-03-23T07:20:02Z	0.234	0.192	0.178	0.191
2020-03-23T07:40:02Z	0.234	0.192	0.178	0.191
2020-03-23T08:00:02Z	0.234	0.192	0.178	0.191
2020-03-23T08:20:02Z	0.234	0.192	0.178	0.191
2020-03-23T08:40:02Z	0.234	0.192	0.178	0.191
2020-03-23T09:00:02Z	0.234	0.192	0.178	0.191
2020-03-23T09:20:02Z	0.234	0.191	0.178	0.191
2020-03-23T09:40:02Z	0.233	0.191	0.178	0.19
2020-03-23T10:00:02Z	0.233	0.191	0.178	0.19
2020-03-23T10:20:02Z	0.233	0.191	0.178	0.19
2020-03-23T10:40:02Z	0.233	0.191	0.178	0.19
2020-03-23T11:00:02Z	0.233	0.191	0.178	0.19
2020-03-23T11:20:02Z	0.233	0.191	0.178	0.19
2020-03-23T11:40:02Z	0.232	0.191	0.177	0.19
2020-03-23T12:00:02Z	0.232	0.191	0.177	0.19
2020-03-23T12:20:02Z	0.232	0.191	0.177	0.19
2020-03-23T12:40:02Z	0.232	0.191	0.177	0.19
2020-03-23T13:00:02Z	0.231	0.191	0.177	0.19
2020-03-23T13:20:02Z	0.231	0.19	0.177	0.19
2020-03-23T13:40:02Z	0.231	0.19	0.177	0.19
2020-03-23T14:00:02Z	0.231	0.19	0.177	0.19
2020-03-23T14:20:02Z	0.231	0.19	0.177	0.19
2020-03-23T14:40:02Z	0.231	0.19	0.177	0.19
2020-03-23T15:00:02Z	0.231	0.19	0.177	0.19
2020-03-23T15:20:02Z	0.231	0.19	0.177	0.19
2020-03-23T15:40:02Z	0.231	0.19	0.177	0.19
2020-03-23T16:00:02Z	0.231	0.19	0.177	0.19
2020-03-23T16:20:02Z	0.231	0.19	0.177	0.19
2020-03-23T16:40:02Z	0.231	0.191	0.178	0.191
2020-03-23T17:00:02Z	0.231	0.191	0.178	0.191
2020-03-23T17:20:02Z	0.231	0.191	0.178	0.191
2020-03-23T17:40:02Z	0.231	0.191	0.178	0.191
2020-03-23T18:00:02Z	0.231	0.191	0.178	0.191
2020-03-23T18:20:02Z	0.231	0.191	0.178	0.191
2020-03-23T18:40:02Z	0.231	0.191	0.178	0.191
2020-03-23T19:00:02Z	0.232	0.191	0.178	0.191
2020-03-23T19:20:02Z	0.231	0.191	0.178	0.191
2020-03-23T19:40:02Z	0.232	0.191	0.178	0.191
2020-03-23T20:00:02Z	0.231	0.191	0.178	0.191
2020-03-23T20:20:02Z	0.232	0.191	0.178	0.191
2020-03-23T20:40:02Z	0.232	0.191	0.178	0.191
2020-03-23T21:00:02Z	0.232	0.191	0.178	0.191
2020-03-23T21:20:02Z	0.232	0.191	0.178	0.191
2020-03-23T21:40:02Z	0.232	0.191	0.178	0.191
2020-03-23T22:00:02Z	0.232	0.191	0.178	0.191
2020-03-23T22:20:02Z	0.232	0.191	0.178	0.191
2020-03-23T22:40:02Z	0.232	0.191	0.178	0.191
2020-03-23T23:00:02Z	0.232	0.191	0.178	0.191
2020-03-23T23:20:02Z	0.232	0.191	0.178	0.191
2020-03-23T23:40:02Z	0.232	0.191	0.178	0.191
2020-03-24T00:00:02Z	0.232	0.191	0.178	0.191
2020-03-24T00:20:02Z	0.232	0.191	0.178	0.191
2020-03-24T00:40:02Z	0.232	0.191	0.178	0.191
2020-03-24T01:00:02Z	0.232	0.191	0.178	0.191
2020-03-24T01:20:02Z	0.232	0.191	0.178	0.191
2020-03-24T01:40:02Z	0.232	0.191	0.178	0.191
2020-03-24T02:00:02Z	0.232	0.191	0.178	0.191
2020-03-24T02:20:02Z	0.232	0.191	0.178	0.191
2020-03-24T02:40:02Z	0.232	0.191	0.178	0.191
2020-03-24T03:00:02Z	0.232	0.191	0.178	0.191
2020-03-24T03:20:02Z	0.232	0.191	0.178	0.191
2020-03-24T03:40:02Z	0.232	0.191	0.178	0.191
2020-03-24T04:00:02Z	0.232	0.191	0.178	0.191
2020-03-24T04:20:02Z	0.232	0.191	0.178	0.191
2020-03-24T04:40:02Z	0.232	0.191	0.178	0.191
2020-03-24T05:00:02Z	0.232	0.191	0.178	0.191
2020-03-24T05:20:02Z	0.232	0.191	0.178	0.191
2020-03-24T05:40:02Z	0.232	0.191	0.178	0.191
2020-03-24T06:00:02Z	0.232	0.191	0.178	0.191
2020-03-24T06:20:02Z	0.232	0.191	0.178	0.191
2020-03-24T06:40:02Z	0.232	0.19	0.177	0.191
2020-03-24T07:00:02Z	0.232	0.19	0.177	0.19
2020-03-24T07:20:02Z	0.232	0.19	0.177	0.19
2020-03-24T07:40:02Z	0.231	0.19	0.177	0.19
2020-03-24T08:00:02Z	0.231	0.19	0.177	0.19
2020-03-24T08:20:02Z	0.231	0.19	0.177	0.19
2020-03-24T08:40:02Z	0.231	0.19	0.177	0.19
2020-03-24T09:00:02Z	0.231	0.19	0.177	0.19
2020-03-24T09:20:02Z	0.231	0.19	0.177	0.19
2020-03-24T09:40:02Z	0.231	0.19	0.177	0.19
2020-03-24T10:00:02Z	0.231	0.19	0.177	0.19
2020-03-24T10:20:02Z	0.23	0.189	0.177	0.19
2020-03-24T10:40:02Z	0.23	0.189	0.177	0.19
2020-03-24T11:00:02Z	0.23	0.189	0.177	0.19
2020-03-24T11:20:02Z	0.23	0.189	0.177	0.19
2020-03-24T11:40:02Z	0.23	0.189	0.176	0.19
2020-03-24T12:00:02Z	0.229	0.189	0.176	0.19
2020-03-24T12:20:02Z	0.229	0.189	0.176	0.19
2020-03-24T12:40:02Z	0.229	0.189	0.176	0.19
2020-03-24T13:00:02Z	0.229	0.189	0.176	0.19
2020-03-24T13:20:02Z	0.228	0.189	0.176	0.19
2020-03-24T13:40:02Z	0.228	0.188	0.176	0.19
2020-03-24T14:00:02Z	0.228	0.188	0.176	0.19
2020-03-24T14:20:02Z	0.228	0.188	0.176	0.19
2020-03-24T14:40:02Z	0.228	0.188	0.176	0.19
2020-03-24T15:00:02Z	0.228	0.188	0.176	0.19
2020-03-24T15:20:02Z	0.228	0.188	0.176	0.19
2020-03-24T15:40:02Z	0.228	0.188	0.176	0.19
2020-03-24T16:00:02Z	0.228	0.188	0.176	0.19
2020-03-24T16:20:02Z	0.228	0.188	0.176	0.19
2020-03-24T16:40:02Z	0.228	0.188	0.177	0.19
2020-03-24T17:00:02Z	0.228	0.189	0.177	0.19
2020-03-24T17:20:02Z	0.228	0.189	0.177	0.19
2020-03-24T17:40:02Z	0.228	0.189	0.177	0.19
2020-03-24T18:00:02Z	0.228	0.189	0.177	0.19
2020-03-24T18:20:02Z	0.228	0.189	0.177	0.19
2020-03-24T18:40:02Z	0.228	0.189	0.177	0.19
2020-03-24T19:00:02Z	0.228	0.189	0.177	0.19
2020-03-24T19:20:02Z	0.229	0.189	0.177	0.19
2020-03-24T19:40:02Z	0.229	0.189	0.177	0.19
2020-03-24T20:00:02Z	0.229	0.189	0.177	0.19
2020-03-24T20:20:02Z	0.229	0.189	0.177	0.19
2020-03-24T20:40:02Z	0.229	0.189	0.177	0.19
2020-03-24T21:00:02Z	0.229	0.189	0.177	0.19
2020-03-24T21:20:02Z	0.229	0.189	0.177	0.19
2020-03-24T21:40:02Z	0.229	0.189	0.177	0.19
2020-03-24T22:00:02Z	0.229	0.189	0.177	0.19
2020-03-24T22:20:02Z	0.229	0.189	0.177	0.19
2020-03-24T22:40:02Z	0.229	0.189	0.177	0.19
2020-03-24T23:00:02Z	0.229	0.189	0.177	0.19
2020-03-24T23:20:02Z	0.229	0.189	0.177	0.19
2020-03-24T23:40:02Z	0.229	0.189	0.177	0.19
2020-03-25T00:00:02Z	0.229	0.189	0.177	0.19
2020-03-25T00:20:02Z	0.229	0.189	0.177	0.19
2020-03-25T00:40:02Z	0.229	0.189	0.177	0.19
2020-03-25T01:00:02Z	0.229	0.189	0.177	0.19
2020-03-25T01:20:02Z	0.229	0.189	0.177	0.19
2020-03-25T01:40:02Z	0.229	0.189	0.177	0.19
2020-03-25T02:00:02Z	0.229	0.189	0.177	0.19
2020-03-25T02:20:02Z	0.229	0.189	0.177	0.19
2020-03-25T02:40:02Z	0.229	0.189	0.177	0.19
2020-03-25T03:00:02Z	0.229	0.189	0.177	0.19
2020-03-25T03:20:02Z	0.229	0.189	0.177	0.19
2020-03-25T03:40:02Z	0.229	0.189	0.177	0.19
2020-03-25T04:00:02Z	0.229	0.189	0.177	0.19
2020-03-25T04:20:02Z	0.229	0.189	0.177	0.19
2020-03-25T04:40:02Z	0.229	0.189	0.177	0.19
2020-03-25T05:00:02Z	0.229	0.189	0.177	0.19
2020-03-25T05:20:02Z	0.229	0.189	0.177	0.19
2020-03-25T05:40:02Z	0.229	0.189	0.177	0.19
2020-03-25T06:00:02Z	0.229	0.188	0.177	0.19
2020-03-25T06:20:02Z	0.229	0.188	0.176	0.19
2020-03-25T06:40:02Z	0.229	0.188	0.176	0.19
2020-03-25T07:00:02Z	0.229	0.188	0.176	0.19
2020-03-25T07:20:02Z	0.229	0.188	0.176	0.19
2020-03-25T07:40:02Z	0.228	0.188	0.176	0.19
2020-03-25T08:00:02Z	0.228	0.188	0.176	0.19
2020-03-25T08:20:02Z	0.228	0.188	0.176	0.19
2020-03-25T08:40:02Z	0.228	0.188	0.176	0.19
2020-03-25T09:00:02Z	0.228	0.188	0.176	0.19
2020-03-25T09:20:02Z	0.228	0.188	0.176	0.189
2020-03-25T09:40:02Z	0.227	0.188	0.176	0.189
2020-03-25T10:00:02Z	0.227	0.187	0.176	0.189
2020-03-25T10:20:02Z	0.227	0.187	0.176	0.189
2020-03-25T10:40:02Z	0.227	0.187	0.176	0.189
2020-03-25T11:00:02Z	0.226	0.187	0.176	0.189
2020-03-25T11:20:02Z	0.226	0.187	0.175	0.189
2020-03-25T11:40:02Z	0.226	0.187	0.175	0.189
2020-03-25T12:00:02Z	0.226	0.187	0.175	0.189
2020-03-25T12:20:02Z	0.226	0.187	0.175	0.189
2020-03-25T12:40:02Z	0.226	0.186	0.175	0.189
2020-03-25T13:00:02Z	0.225	0.186	0.175	0.189
2020-03-25T13:20:02Z	0.225	0.186	0.175	0.189
2020-03-25T13:40:02Z	0.225	0.186	0.175	0.189
2020-03-25T14:00:02Z	0.224	0.186	0.175	0.189
2020-03-25T14:20:02Z	0.224	0.186	0.175	0.189
2020-03-25T14:40:02Z	0.224	0.186	0.175	0.189
2020-03-25T15:00:02Z	0.224	0.186	0.175	0.189
2020-03-25T15:20:02Z	0.224	0.186	0.175	0.189
2020-03-25T15:40:02Z	0.224	0.186	0.175	0.189
2020-03-25T16:00:02Z	0.224	0.186	0.175	0.189
2020-03-25T16:20:02Z	0.224	0.186	0.175	0.189
2020-03-25T16:40:02Z	0.224	0.186	0.175	0.189
2020-03-25T17:00:02Z	0.224	0.186	0.175	0.189
2020-03-25T17:20:02Z	0.224	0.186	0.176	0.19
2020-03-25T17:40:02Z	0.224	0.186	0.175	0.19
2020-03-25T18:00:02Z	0.224	0.186	0.176	0.19
2020-03-25T18:20:02Z	0.224	0.186	0.176	0.19
2020-03-25T18:40:02Z	0.224	0.186	0.176	0.19
2020-03-25T19:00:02Z	0.224	0.186	0.176	0.19
2020-03-25T19:20:02Z	0.224	0.186	0.176	0.19
2020-03-25T19:40:02Z	0.224	0.186	0.176	0.19
2020-03-25T20:00:02Z	0.224	0.187	0.176	0.19
2020-03-25T20:20:02Z	0.224	0.187	0.176	0.19
2020-03-25T20:40:02Z	0.224	0.187	0.176	0.19
2020-03-25T21:00:02Z	0.224	0.186	0.176	0.19
2020-03-25T21:20:02Z	0.224	0.186	0.176	0.19
2020-03-25T21:40:02Z	0.224	0.186	0.176	0.19
2020-03-25T22:00:02Z	0.224	0.186	0.176	0.19
2020-03-25T22:20:02Z	0.224	0.186	0.176	0.19
2020-03-25T22:40:02Z	0.224	0.186	0.176	0.19
2020-03-25T23:00:02Z	0.224	0.186	0.176	0.19
2020-03-25T23:20:02Z	0.224	0.186	0.176	0.19
2020-03-25T23:40:02Z	0.224	0.186	0.176	0.19
2020-03-26T00:00:02Z	0.224	0.186	0.176	0.19
2020-03-26T00:20:02Z	0.224	0.186	0.175	0.19
2020-03-26T00:40:02Z	0.224	0.186	0.176	0.19
2020-03-26T01:00:02Z	0.225	0.186	0.176	0.19
2020-03-26T01:20:02Z	0.225	0.186	0.176	0.19
2020-03-26T01:40:02Z	0.225	0.186	0.176	0.19
2020-03-26T02:00:02Z	0.225	0.186	0.176	0.19
2020-03-26T02:20:02Z	0.225	0.186	0.176	0.19
2020-03-26T02:40:02Z	0.225	0.186	0.176	0.19
2020-03-26T03:00:02Z	0.225	0.186	0.176	0.19
2020-03-26T03:20:02Z	0.225	0.186	0.176	0.19
2020-03-26T03:40:02Z	0.225	0.186	0.176	0.19
2020-03-26T04:00:02Z	0.225	0.186	0.175	0.19
2020-03-26T04:20:02Z	0.225	0.186	0.175	0.19
2020-03-26T04:40:02Z	0.225	0.186	0.175	0.19
2020-03-26T05:00:02Z	0.225	0.186	0.175	0.189
2020-03-26T05:20:02Z	0.225	0.186	0.175	0.19
2020-03-26T05:40:02Z	0.225	0.186	0.175	0.189
2020-03-26T06:00:02Z	0.225	0.186	0.175	0.189
2020-03-26T06:20:02Z	0.225	0.186	0.175	0.189
2020-03-26T06:40:02Z	0.224	0.186	0.175	0.189
2020-03-26T07:00:02Z	0.224	0.186	0.175	0.189
2020-03-26T07:20:02Z	0.224	0.186	0.175	0.189
2020-03-26T07:40:02Z	0.224	0.186	0.175	0.189
2020-03-26T08:00:02Z	0.224	0.186	0.175	0.189
2020-03-26T08:20:02Z	0.224	0.185	0.174	0.189
2020-03-26T08:40:02Z	0.224	0.185	0.174	0.189
2020-03-26T09:00:02Z	0.224	0.185	0.174	0.189
2020-03-26T09:20:02Z	0.224	0.185	0.174	0.189
2020-03-26T09:40:02Z	0.223	0.185	0.174	0.189
2020-03-26T10:00:02Z	0.223	0.185	0.174	0.188
2020-03-26T10:20:02Z	0.223	0.185	0.174	0.188
2020-03-26T10:40:02Z	0.222	0.185	0.174	0.188
2020-03-26T11:00:02Z	0.222	0.185	0.174	0.188
2020-03-26T11:20:02Z	0.222	0.184	0.174	0.188
2020-03-26T11:40:02Z	0.222	0.184	0.174	0.188
2020-03-26T12:00:02Z	0.222	0.184	0.174	0.188
2020-03-26T12:20:02Z	0.222	0.184	0.174	0.188
2020-03-26T12:40:02Z	0.221	0.184	0.174	0.188
2020-03-26T13:00:02Z	0.221	0.184	0.174	0.188
2020-03-26T13:20:02Z	0.22	0.184	0.174	0.188
2020-03-26T13:40:02Z	0.22	0.184	0.174	0.188
2020-03-26T14:00:02Z	0.22	0.184	0.174	0.188
2020-03-26T14:20:02Z	0.22	0.183	0.174	0.188
2020-03-26T14:40:02Z	0.22	0.184	0.174	0.188
2020-03-26T15:00:02Z	0.22	0.183	0.174	0.188
2020-03-26T15:20:02Z	0.22	0.183	0.174	0.188
2020-03-26T15:40:02Z	0.22	0.183	0.174	0.188
2020-03-26T16:00:02Z	0.22	0.183	0.174	0.188
2020-03-26T16:20:02Z	0.22	0.184	0.174	0.188
2020-03-26T16:40:02Z	0.22	0.184	0.174	0.189
2020-03-26T17:00:02Z	0.22	0.184	0.174	0.189
2020-03-26T17:20:02Z	0.22	0.184	0.174	0.189
2020-03-26T17:40:02Z	0.22	0.184	0.174	0.189
2020-03-26T18:00:02Z	0.22	0.184	0.174	0.189
2020-03-26T18:20:02Z	0.22	0.184	0.174	0.189
2020-03-26T18:40:02Z	0.22	0.184	0.174	0.189
2020-03-26T19:00:02Z	0.22	0.184	0.174	0.189
2020-03-26T19:20:02Z	0.22	0.184	0.174	0.189
2020-03-26T19:40:02Z	0.22	0.184	0.174	0.189
2020-03-26T20:00:02Z	0.22	0.184	0.174	0.189
2020-03-26T20:20:02Z	0.22	0.184	0.174	0.189
2020-03-26T20:40:02Z	0.22	0.184	0.174	0.189
2020-03-26T21:00:02Z	0.22	0.184	0.174	0.189
2020-03-26T21:20:02Z	0.22	0.183	0.174	0.189
2020-03-26T21:40:02Z	0.22	0.183	0.174	0.189
2020-03-26T22:00:02Z	0.22	0.183	0.174	0.189
2020-03-26T22:20:02Z	0.22	0.183	0.174	0.189
2020-03-26T22:40:02Z	0.22	0.183	0.174	0.189
2020-03-26T23:00:02Z	0.22	0.183	0.174	0.189
2020-03-26T23:20:02Z	0.22	0.183	0.174	0.189
2020-03-26T23:40:02Z	0.22	0.183	0.174	0.189
2020-03-27T00:00:02Z	0.22	0.184	0.174	0.189
2020-03-27T00:20:02Z	0.22	0.184	0.174	0.189
2020-03-27T00:40:02Z	0.22	0.184	0.174	0.189
2020-03-27T01:00:02Z	0.22	0.184	0.174	0.189
2020-03-27T01:20:02Z	0.22	0.184	0.174	0.189
2020-03-27T01:40:02Z	0.22	0.184	0.174	0.189
2020-03-27T02:00:02Z	0.22	0.184	0.174	0.189
2020-03-27T02:20:02Z	0.22	0.184	0.174	0.189
2020-03-27T02:40:02Z	0.22	0.184	0.174	0.189
2020-03-27T03:00:02Z	0.22	0.184	0.174	0.189
2020-03-27T03:20:02Z	0.22	0.183	0.174	0.189
2020-03-27T03:40:02Z	0.22	0.183	0.174	0.189
2020-03-27T04:00:02Z	0.22	0.184	0.174	0.189
2020-03-27T04:20:02Z	0.22	0.184	0.174	0.189
2020-03-27T04:40:02Z	0.22	0.184	0.174	0.189
2020-03-27T05:00:02Z	0.22	0.183	0.174	0.189
2020-03-27T05:20:02Z	0.22	0.184	0.174	0.189
2020-03-27T05:40:02Z	0.22	0.183	0.174	0.189
2020-03-27T06:00:02Z	0.22	0.183	0.174	0.189
2020-03-27T06:20:02Z	0.22	0.183	0.174	0.188
2020-03-27T06:40:02Z	0.22	0.183	0.173	0.188
2020-03-27T07:00:02Z	0.22	0.183	0.173	0.188
2020-03-27T07:20:02Z	0.22	0.183	0.173	0.188
2020-03-27T07:40:02Z	0.22	0.183	0.173	0.188
2020-03-27T08:00:02Z	0.219	0.183	0.173	0.188
2020-03-27T08:20:02Z	0.219	0.183	0.173	0.188
2020-03-27T08:40:02Z	0.218	0.183	0.173	0.188
2020-03-27T09:00:02Z	0.218	0.182	0.173	0.188
2020-03-27T09:20:02Z	0.218	0.182	0.173	0.188
2020-03-27T09:40:02Z	0.218	0.182	0.173	0.188
2020-03-27T10:00:02Z	0.218	0.182	0.173	0.187
2020-03-27T10:20:02Z	0.218	0.182	0.173	0.187
2020-03-27T10:40:02Z	0.217	0.182	0.172	0.187
2020-03-27T11:00:02Z	0.217	0.181	0.172	0.187
2020-03-27T11:20:02Z	0.217	0.181	0.172	0.187
2020-03-27T11:40:02Z	0.216	0.181	0.172	0.187
2020-03-27T12:00:02Z	0.216	0.181	0.172	0.187
2020-03-27T12:20:02Z	0.216	0.181	0.172	0.187
2020-03-27T12:40:02Z	0.216	0.181	0.172	0.187
2020-03-27T13:00:02Z	0.215	0.181	0.172	0.187
2020-03-27T13:20:02Z	0.214	0.181	0.172	0.187
2020-03-27T13:40:02Z	0.214	0.181	0.172	0.187
2020-03-27T14:00:02Z	0.214	0.181	0.172	0.187
2020-03-27T14:20:02Z	0.214	0.181	0.172	0.187
2020-03-27T14:40:02Z	0.214	0.181	0.172	0.187
2020-03-27T15:00:02Z	0.214	0.181	0.172	0.187
2020-03-27T15:20:02Z	0.214	0.181	0.172	0.187
2020-03-27T15:40:02Z	0.214	0.181	0.172	0.187
2020-03-27T16:00:02Z	0.214	0.181	0.172	0.187
2020-03-27T16:20:02Z	0.214	0.181	0.172	0.188
2020-03-27T16:40:02Z	0.214	0.181	0.172	0.188
2020-03-27T17:00:02Z	0.214	0.181	0.172	0.188
2020-03-27T17:20:02Z	0.214	0.181	0.172	0.188
2020-03-27T17:40:02Z	0.214	0.181	0.173	0.188
2020-03-27T18:00:02Z	0.214	0.181	0.173	0.188
2020-03-27T18:20:02Z	0.214	0.181	0.173	0.188
2020-03-27T18:40:02Z	0.214	0.181	0.173	0.188
2020-03-27T19:00:02Z	0.214	0.181	0.173	0.188
2020-03-27T19:20:02Z	0.214	0.181	0.173	0.188
2020-03-27T19:40:02Z	0.214	0.181	0.173	0.188
2020-03-27T20:00:02Z	0.214	0.181	0.173	0.188
2020-03-27T20:20:02Z	0.214	0.181	0.173	0.188
2020-03-27T20:40:02Z	0.214	0.181	0.173	0.188
2020-03-27T21:00:02Z	0.214	0.181	0.173	0.188
2020-03-27T21:20:02Z	0.214	0.181	0.173	0.188
2020-03-27T21:40:02Z	0.214	0.181	0.173	0.188
2020-03-27T22:00:02Z	0.214	0.181	0.173	0.188
2020-03-27T22:20:02Z	0.214	0.181	0.173	0.188
2020-03-27T22:40:02Z	0.214	0.181	0.173	0.188
2020-03-27T23:00:02Z	0.214	0.181	0.173	0.188
2020-03-27T23:20:02Z	0.214	0.181	0.173	0.188
2020-03-27T23:40:02Z	0.214	0.181	0.173	0.188
2020-03-28T00:00:02Z	0.214	0.181	0.173	0.188
2020-03-28T00:20:02Z	0.214	0.181	0.173	0.188
2020-03-28T00:40:02Z	0.214	0.181	0.173	0.188
2020-03-28T01:00:02Z	0.214	0.181	0.173	0.188
2020-03-28T01:20:02Z	0.214	0.181	0.173	0.188
2020-03-28T01:40:02Z	0.214	0.181	0.173	0.188
2020-03-28T02:00:02Z	0.214	0.181	0.173	0.188
2020-03-28T02:20:02Z	0.214	0.181	0.173	0.188
2020-03-28T02:40:02Z	0.214	0.181	0.173	0.188
2020-03-28T03:00:02Z	0.214	0.181	0.173	0.188
2020-03-28T03:20:02Z	0.214	0.181	0.173	0.188
2020-03-28T03:40:02Z	0.214	0.181	0.173	0.188
2020-03-28T04:00:02Z	0.214	0.181	0.173	0.188
2020-03-28T04:20:02Z	0.215	0.181	0.173	0.188
2020-03-28T04:40:02Z	0.215	0.181	0.173	0.188
2020-03-28T05:00:02Z	0.215	0.181	0.173	0.188
2020-03-28T05:20:02Z	0.215	0.181	0.173	0.188
2020-03-28T05:40:02Z	0.215	0.181	0.173	0.188
2020-03-28T06:00:02Z	0.214	0.181	0.173	0.188
2020-03-28T06:20:02Z	0.214	0.181	0.172	0.188
2020-03-28T06:40:02Z	0.214	0.181	0.172	0.188
2020-03-28T07:00:02Z	0.214	0.181	0.172	0.188
2020-03-28T07:20:02Z	0.214	0.181	0.172	0.188
2020-03-28T07:40:02Z	0.214	0.181	0.172	0.188
2020-03-28T08:00:02Z	0.214	0.18	0.172	0.187
2020-03-28T08:20:02Z	0.214	0.18	0.172	0.187
2020-03-28T08:40:02Z	0.214	0.18	0.172	0.187
2020-03-28T09:00:02Z	0.214	0.18	0.172	0.187
2020-03-28T09:20:02Z	0.214	0.18	0.172	0.187
2020-03-28T09:40:02Z	0.213	0.18	0.172	0.187
2020-03-28T10:00:02Z	0.213	0.18	0.171	0.187
2020-03-28T10:20:02Z	0.213	0.179	0.171	0.187
2020-03-28T10:40:02Z	0.213	0.179	0.171	0.187
2020-03-28T11:00:02Z	0.212	0.179	0.171	0.187
2020-03-28T11:20:02Z	0.212	0.179	0.171	0.187
2020-03-28T11:40:02Z	0.212	0.179	0.171	0.187
2020-03-28T12:00:02Z	0.211	0.179	0.171	0.187
2020-03-28T12:20:02Z	0.211	0.179	0.171	0.187
2020-03-28T12:40:02Z	0.211	0.178	0.171	0.187
2020-03-28T13:00:02Z	0.211	0.178	0.171	0.187
2020-03-28T13:20:02Z	0.21	0.178	0.171	0.187
2020-03-28T13:40:02Z	0.21	0.178	0.171	0.187
2020-03-28T14:00:02Z	0.21	0.178	0.171	0.187
2020-03-28T14:20:02Z	0.21	0.178	0.171	0.187
2020-03-28T14:40:02Z	0.209	0.178	0.171	0.187
2020-03-28T15:00:02Z	0.209	0.178	0.171	0.187
2020-03-28T15:20:02Z	0.209	0.178	0.171	0.187
2020-03-28T15:40:02Z	0.209	0.178	0.171	0.187
2020-03-28T16:00:02Z	0.209	0.178	0.171	0.187
2020-03-28T16:20:02Z	0.209	0.178	0.171	0.187
2020-03-28T16:40:02Z	0.209	0.178	0.171	0.187
2020-03-28T17:00:02Z	0.209	0.178	0.171	0.187
2020-03-28T17:20:02Z	0.209	0.178	0.171	0.187
2020-03-28T17:40:02Z	0.209	0.178	0.172	0.187
2020-03-28T18:00:02Z	0.209	0.178	0.171	0.187
2020-03-28T18:20:02Z	0.209	0.178	0.171	0.187
2020-03-28T18:40:02Z	0.209	0.178	0.172	0.187
2020-03-28T19:00:02Z	0.209	0.178	0.172	0.187
2020-03-28T19:20:02Z	0.209	0.178	0.172	0.187
2020-03-28T19:40:02Z	0.209	0.178	0.172	0.187
2020-03-28T20:00:02Z	0.209	0.178	0.172	0.187
2020-03-28T20:20:02Z	0.209	0.178	0.172	0.187
2020-03-28T20:40:02Z	0.21	0.179	0.172	0.187
2020-03-28T21:00:02Z	0.21	0.179	0.172	0.187
2020-03-28T21:20:02Z	0.21	0.179	0.172	0.187
2020-03-28T21:40:02Z	0.21	0.179	0.172	0.188
2020-03-28T22:00:02Z	0.21	0.179	0.172	0.188
2020-03-28T22:20:02Z	0.21	0.179	0.172	0.188
2020-03-28T22:40:02Z	0.21	0.179	0.172	0.188
2020-03-28T23:00:02Z	0.21	0.179	0.172	0.188
2020-03-28T23:20:02Z	0.21	0.179	0.172	0.188
2020-03-28T23:40:02Z	0.21	0.179	0.172	0.187
2020-03-29T00:00:02Z	0.21	0.179	0.172	0.187
2020-03-29T00:20:02Z	0.21	0.179	0.172	0.187
2020-03-29T00:40:02Z	0.21	0.179	0.172	0.187
2020-03-29T01:00:02Z	0.21	0.179	0.172	0.187
2020-03-29T01:20:02Z	0.21	0.179	0.172	0.187
2020-03-29T01:40:02Z	0.21	0.179	0.172	0.188
2020-03-29T02:00:02Z	0.21	0.179	0.172	0.187
2020-03-29T02:20:02Z	0.21	0.179	0.172	0.187
2020-03-29T02:40:02Z	0.21	0.179	0.172	0.187
2020-03-29T03:00:02Z	0.21	0.179	0.172	0.187
2020-03-29T03:20:02Z	0.21	0.179	0.172	0.187
2020-03-29T03:40:02Z	0.21	0.179	0.172	0.187
2020-03-29T04:00:02Z	0.21	0.179	0.172	0.187
2020-03-29T04:20:02Z	0.21	0.179	0.172	0.187
2020-03-29T04:40:02Z	0.21	0.179	0.172	0.187
2020-03-29T05:00:02Z	0.21	0.179	0.171	0.187
2020-03-29T05:20:02Z	0.21	0.179	0.171	0.187
2020-03-29T05:40:02Z	0.21	0.179	0.171	0.187
2020-03-29T06:00:02Z	0.21	0.178	0.171	0.187
2020-03-29T06:20:02Z	0.21	0.178	0.171	0.187
2020-03-29T06:40:02Z	0.21	0.178	0.171	0.187
2020-03-29T07:00:02Z	0.21	0.178	0.171	0.187
2020-03-29T07:20:02Z	0.21	0.178	0.171	0.187
2020-03-29T07:40:02Z	0.21	0.178	0.171	0.187
2020-03-29T08:00:02Z	0.21	0.178	0.171	0.187
2020-03-29T08:20:02Z	0.21	0.178	0.171	0.187
2020-03-29T08:40:02Z	0.21	0.178	0.171	0.187
2020-03-29T09:00:02Z	0.21	0.178	0.171	0.187
2020-03-29T09:20:02Z	0.21	0.178	0.171	0.187
2020-03-29T09:40:02Z	0.21	0.178	0.171	0.187
2020-03-29T10:00:02Z	0.21	0.178	0.171	0.187
2020-03-29T10:20:02Z	0.21	0.178	0.171	0.187
2020-03-29T10:40:02Z	0.21	0.178	0.171	0.187
2020-03-29T11:00:02Z	0.21	0.178	0.171	0.187
2020-03-29T11:20:02Z	0.21	0.178	0.171	0.187
2020-03-29T11:40:02Z	0.21	0.178	0.171	0.187
2020-03-29T12:00:02Z	0.21	0.178	0.171	0.187
2020-03-29T12:20:02Z	0.21	0.178	0.171	0.187
2020-03-29T12:40:02Z	0.21	0.178	0.171	0.187
2020-03-29T13:00:02Z	0.21	0.178	0.171	0.187
2020-03-29T13:20:02Z	0.21	0.178	0.171	0.187
2020-03-29T13:40:02Z	0.21	0.178	0.17	0.187
2020-03-29T14:00:02Z	0.21	0.178	0.171	0.187
2020-03-29T14:20:02Z	0.21	0.178	0.17	0.187
2020-03-29T14:40:02Z	0.21	0.178	0.171	0.187
2020-03-29T15:00:02Z	0.21	0.178	0.171	0.187
2020-03-29T15:20:02Z	0.21	0.178	0.171	0.187
2020-03-29T15:40:02Z	0.21	0.178	0.171	0.187
2020-03-29T16:00:02Z	0.21	0.178	0.171	0.187
2020-03-29T16:20:02Z	0.21	0.178	0.171	0.187
2020-03-29T16:40:02Z	0.21	0.178	0.171	0.187
2020-03-29T17:00:02Z	0.21	0.178	0.171	0.187
2020-03-29T17:20:02Z	0.21	0.178	0.171	0.187
2020-03-29T17:40:02Z	0.21	0.178	0.171	0.187
2020-03-29T18:00:02Z	0.21	0.178	0.171	0.187
2020-03-29T18:20:02Z	0.21	0.178	0.171	0.187
2020-03-29T18:40:02Z	0.21	0.178	0.171	0.187
2020-03-29T19:00:02Z	0.21	0.178	0.171	0.187
2020-03-29T19:20:02Z	0.21	0.178	0.171	0.187
2020-03-29T19:40:02Z	0.21	0.178	0.171	0.187
2020-03-29T20:00:02Z	0.21	0.178	0.171	0.187
2020-03-29T20:20:02Z	0.211	0.178	0.171	0.187
2020-03-29T20:40:02Z	0.211	0.179	0.171	0.187
2020-03-29T21:00:02Z	0.211	0.179	0.171	0.187
2020-03-29T21:20:02Z	0.211	0.179	0.171	0.187
2020-03-29T21:40:02Z	0.211	0.179	0.171	0.187
2020-03-29T22:00:02Z	0.211	0.179	0.171	0.187
2020-03-29T22:20:02Z	0.211	0.179	0.171	0.187
2020-03-29T22:40:02Z	0.211	0.179	0.171	0.187
2020-03-29T23:00:02Z	0.211	0.179	0.171	0.187
2020-03-29T23:20:02Z	0.211	0.179	0.171	0.187
2020-03-29T23:40:02Z	0.211	0.179	0.171	0.187
2020-03-30T00:00:02Z	0.211	0.179	0.171	0.187
2020-03-30T00:20:02Z	0.211	0.179	0.171	0.187
2020-03-30T00:40:02Z	0.211	0.179	0.171	0.187
2020-03-30T01:00:02Z	0.211	0.179	0.171	0.187
2020-03-30T01:20:02Z	0.211	0.179	0.171	0.187
2020-03-30T01:40:02Z	0.211	0.179	0.171	0.187
2020-03-30T02:00:02Z	0.211	0.179	0.171	0.187
2020-03-30T02:20:02Z	0.211	0.179	0.171	0.187
2020-03-30T02:40:02Z	0.211	0.179	0.171	0.187
2020-03-30T03:00:02Z	0.211	0.179	0.171	0.187
2020-03-30T03:20:02Z	0.211	0.179	0.171	0.187
2020-03-30T03:40:02Z	0.211	0.179	0.171	0.187
2020-03-30T04:00:02Z	0.212	0.179	0.171	0.187
2020-03-30T04:20:02Z	0.212	0.179	0.171	0.187
2020-03-30T04:40:02Z	0.212	0.179	0.171	0.187
2020-03-30T05:00:02Z	0.212	0.179	0.171	0.187
2020-03-30T05:20:02Z	0.212	0.179	0.171	0.187
2020-03-30T05:40:02Z	0.211	0.179	0.171	0.187
2020-03-30T06:00:02Z	0.211	0.178	0.171	0.187
2020-03-30T06:20:02Z	0.211	0.178	0.171	0.187
2020-03-30T06:40:02Z	0.211	0.178	0.171	0.187
2020-03-30T07:00:02Z	0.211	0.178	0.171	0.187
2020-03-30T07:20:02Z	0.211	0.178	0.17	0.187
2020-03-30T07:40:02Z	0.211	0.178	0.17	0.186
2020-03-30T08:00:02Z	0.211	0.178	0.17	0.186
2020-03-30T08:20:02Z	0.211	0.178	0.17	0.186
2020-03-30T08:40:02Z	0.211	0.178	0.17	0.186
2020-03-30T09:00:02Z	0.211	0.178	0.17	0.186
2020-03-30T09:20:02Z	0.211	0.178	0.17	0.186
2020-03-30T09:40:02Z	0.21	0.178	0.17	0.186
2020-03-30T10:00:02Z	0.211	0.178	0.17	0.186
2020-03-30T10:20:02Z	0.21	0.178	0.17	0.186
2020-03-30T10:40:02Z	0.21	0.178	0.17	0.186
2020-03-30T11:00:02Z	0.21	0.178	0.17	0.186
2020-03-30T11:20:02Z	0.21	0.178	0.17	0.186
2020-03-30T11:40:02Z	0.21	0.178	0.17	0.186
2020-03-30T12:00:02Z	0.21	0.178	0.17	0.187
2020-03-30T12:20:02Z	0.21	0.178	0.17	0.187
2020-03-30T12:40:02Z	0.211	0.178	0.17	0.187
2020-03-30T13:00:02Z	0.21	0.178	0.171	0.187
2020-03-30T13:20:02Z	0.21	0.178	0.17	0.187
2020-03-30T13:40:02Z	0.21	0.178	0.17	0.187
2020-03-30T14:00:02Z	0.21	0.178	0.17	0.187
2020-03-30T14:20:02Z	0.21	0.178	0.17	0.187
2020-03-30T14:40:02Z	0.21	0.178	0.17	0.187
2020-03-30T15:00:02Z	0.21	0.178	0.17	0.187
2020-03-30T15:20:02Z	0.21	0.178	0.17	0.187
2020-03-30T15:40:02Z	0.21	0.178	0.17	0.187
2020-03-30T16:00:02Z	0.21	0.178	0.17	0.187
2020-03-30T16:20:02Z	0.211	0.178	0.17	0.187
2020-03-30T16:40:02Z	0.211	0.178	0.17	0.187
2020-03-30T17:00:02Z	0.211	0.178	0.17	0.187
2020-03-30T17:20:02Z	0.211	0.178	0.17	0.187
2020-03-30T17:40:02Z	0.211	0.178	0.17	0.187
2020-03-30T18:00:02Z	0.211	0.178	0.17	0.187
2020-03-30T18:20:02Z	0.211	0.178	0.17	0.186
2020-03-30T18:40:02Z	0.211	0.178	0.17	0.187
2020-03-30T19:00:02Z	0.211	0.178	0.17	0.187
2020-03-30T19:20:02Z	0.211	0.178	0.17	0.187
2020-03-30T19:40:02Z	0.211	0.178	0.17	0.187
2020-03-30T20:00:02Z	0.211	0.178	0.17	0.187
2020-03-30T20:20:02Z	0.211	0.178	0.17	0.187
2020-03-30T20:40:02Z	0.211	0.178	0.17	0.187
2020-03-30T21:00:02Z	0.211	0.178	0.17	0.187
2020-03-30T21:20:02Z	0.211	0.178	0.17	0.187
2020-03-30T21:40:02Z	0.211	0.178	0.17	0.187
2020-03-30T22:00:02Z	0.211	0.178	0.17	0.187
2020-03-30T22:20:02Z	0.211	0.178	0.17	0.187
2020-03-30T22:40:02Z	0.211	0.178	0.17	0.186
2020-03-30T23:00:02Z	0.211	0.178	0.17	0.187
2020-03-30T23:20:02Z	0.211	0.178	0.17	0.186
2020-03-30T23:40:02Z	0.212	0.178	0.17	0.186
2020-03-31T00:00:02Z	0.212	0.178	0.17	0.186
2020-03-31T00:20:02Z	0.212	0.178	0.17	0.187
2020-03-31T00:40:02Z	0.212	0.178	0.17	0.187
2020-03-31T01:00:02Z	0.212	0.178	0.17	0.187
2020-03-31T01:20:02Z	0.212	0.178	0.17	0.186
2020-03-31T01:40:02Z	0.212	0.178	0.17	0.187
2020-03-31T02:00:02Z	0.212	0.178	0.17	0.186
2020-03-31T02:20:02Z	0.212	0.178	0.17	0.187
2020-03-31T02:40:02Z	0.212	0.178	0.17	0.187
2020-03-31T03:00:02Z	0.212	0.178	0.17	0.186
2020-03-31T03:20:02Z	0.212	0.178	0.17	0.186
2020-03-31T03:40:02Z	0.212	0.178	0.17	0.186
2020-03-31T04:00:02Z	0.212	0.178	0.17	0.186
2020-03-31T04:20:02Z	0.212	0.178	0.17	0.186
2020-03-31T04:40:02Z	0.212	0.178	0.17	0.186
2020-03-31T05:00:02Z	0.213	0.178	0.17	0.186
2020-03-31T05:20:02Z	0.213	0.178	0.17	0.187
2020-03-31T05:40:02Z	0.212	0.178	0.17	0.186
2020-03-31T06:00:02Z	0.212	0.178	0.17	0.187
2020-03-31T06:20:02Z	0.212	0.178	0.17	0.186
2020-03-31T06:40:02Z	0.212	0.178	0.17	0.186
2020-03-31T07:00:02Z	0.212	0.178	0.17	0.186
2020-03-31T07:20:02Z	0.212	0.178	0.17	0.186
2020-03-31T07:40:02Z	0.212	0.178	0.17	0.186
2020-03-31T08:00:02Z	0.212	0.178	0.17	0.186
2020-03-31T08:20:02Z	0.212	0.178	0.17	0.186
2020-03-31T08:40:02Z	0.212	0.178	0.17	0.186
2020-03-31T09:00:02Z	0.212	0.177	0.17	0.186
2020-03-31T09:20:02Z	0.212	0.177	0.169	0.186
2020-03-31T09:40:02Z	0.212	0.177	0.169	0.186
2020-03-31T10:00:02Z	0.212	0.177	0.17	0.186
2020-03-31T10:20:02Z	0.212	0.177	0.17	0.186
2020-03-31T10:40:02Z	0.212	0.178	0.17	0.186
2020-03-31T11:00:02Z	0.212	0.178	0.17	0.186
2020-03-31T11:20:02Z	0.212	0.177	0.169	0.186
2020-03-31T11:40:02Z	0.211	0.177	0.169	0.186
2020-03-31T12:00:02Z	0.211	0.177	0.169	0.186
2020-03-31T12:20:02Z	0.211	0.177	0.17	0.186
2020-03-31T12:40:02Z	0.212	0.177	0.17	0.186
2020-03-31T13:00:02Z	0.211	0.177	0.169	0.186
2020-03-31T13:20:02Z	0.211	0.177	0.17	0.186
2020-03-31T13:40:02Z	0.211	0.177	0.17	0.186
2020-03-31T14:00:02Z	0.211	0.177	0.17	0.186
2020-03-31T14:20:02Z	0.211	0.177	0.17	0.186
2020-03-31T14:40:02Z	0.211	0.177	0.17	0.186
2020-03-31T15:00:02Z	0.211	0.177	0.169	0.186
2020-03-31T15:20:02Z	0.211	0.177	0.169	0.186
2020-03-31T15:40:02Z	0.211	0.177	0.169	0.186
2020-03-31T16:00:02Z	0.211	0.177	0.169	0.186
2020-03-31T16:20:02Z	0.211	0.177	0.169	0.186
2020-03-31T16:40:02Z	0.211	0.177	0.169	0.186
2020-03-31T17:00:02Z	0.211	0.177	0.17	0.186
2020-03-31T17:20:02Z	0.211	0.178	0.17	0.186
2020-03-31T17:40:02Z	0.211	0.178	0.17	0.186
2020-03-31T18:00:02Z	0.211	0.178	0.17	0.186
2020-03-31T18:20:02Z	0.211	0.178	0.17	0.186
2020-03-31T18:40:02Z	0.212	0.178	0.17	0.186
2020-03-31T19:00:02Z	0.212	0.178	0.17	0.186
2020-03-31T19:20:02Z	0.212	0.178	0.17	0.186
2020-03-31T19:40:02Z	0.212	0.178	0.17	0.186
2020-03-31T20:00:02Z	0.212	0.178	0.17	0.186
2020-03-31T20:20:02Z	0.212	0.178	0.17	0.186
2020-03-31T20:40:02Z	0.212	0.178	0.17	0.186
2020-03-31T21:00:02Z	0.212	0.178	0.17	0.186
2020-03-31T21:20:02Z	0.212	0.178	0.17	0.186
2020-03-31T21:40:02Z	0.212	0.178	0.17	0.186
2020-03-31T22:00:02Z	0.212	0.178	0.17	0.186
2020-03-31T22:20:02Z	0.212	0.178	0.17	0.186
2020-03-31T22:40:02Z	0.212	0.178	0.17	0.186
2020-03-31T23:00:02Z	0.212	0.178	0.17	0.186
2020-03-31T23:20:02Z	0.212	0.178	0.17	0.186
2020-03-31T23:40:02Z	0.212	0.178	0.17	0.186
2020-04-01T00:00:02Z	0.212	0.178	0.17	0.186
2020-04-01T00:20:02Z	0.212	0.178	0.17	0.186
2020-04-01T00:40:02Z	0.212	0.178	0.17	0.186
2020-04-01T01:00:02Z	0.212	0.178	0.17	0.186
2020-04-01T01:20:02Z	0.212	0.178	0.17	0.186
2020-04-01T01:40:02Z	0.212	0.178	0.17	0.186
2020-04-01T02:00:02Z	0.212	0.178	0.17	0.186
2020-04-01T02:20:02Z	0.212	0.178	0.17	0.186
2020-04-01T02:40:02Z	0.212	0.178	0.17	0.186
2020-04-01T03:00:02Z	0.212	0.178	0.17	0.186
2020-04-01T03:20:02Z	0.212	0.178	0.17	0.186
2020-04-01T03:40:02Z	0.212	0.178	0.17	0.186
2020-04-01T04:00:02Z	0.212	0.178	0.17	0.186
2020-04-01T04:20:02Z	0.212	0.178	0.17	0.186
2020-04-01T04:40:02Z	0.212	0.178	0.17	0.186
2020-04-01T05:00:02Z	0.212	0.178	0.17	0.186
2020-04-01T05:20:02Z	0.212	0.178	0.17	0.186
2020-04-01T05:40:02Z	0.212	0.178	0.17	0.186
2020-04-01T06:00:02Z	0.212	0.178	0.17	0.186
2020-04-01T06:20:02Z	0.212	0.178	0.17	0.186
2020-04-01T06:40:02Z	0.212	0.178	0.17	0.186
2020-04-01T07:00:02Z	0.212	0.177	0.17	0.186
2020-04-01T07:20:02Z	0.211	0.177	0.17	0.186
2020-04-01T07:40:02Z	0.211	0.177	0.169	0.186
2020-04-01T08:00:02Z	0.211	0.177	0.169	0.185
2020-04-01T08:20:02Z	0.211	0.177	0.169	0.186
2020-04-01T08:40:02Z	0.211	0.177	0.169	0.185
2020-04-01T09:00:02Z	0.211	0.177	0.169	0.185
2020-04-01T09:20:02Z	0.211	0.177	0.169	0.185
2020-04-01T09:40:02Z	0.21	0.176	0.169	0.185
2020-04-01T10:00:02Z	0.21	0.176	0.169	0.185
2020-04-01T10:20:02Z	0.21	0.176	0.169	0.185
2020-04-01T10:40:02Z	0.21	0.176	0.169	0.185
2020-04-01T11:00:02Z	0.209	0.176	0.169	0.185
2020-04-01T11:20:02Z	0.209	0.176	0.169	0.185
2020-04-01T11:40:02Z	0.209	0.176	0.169	0.185
2020-04-01T12:00:02Z	0.209	0.176	0.169	0.185
2020-04-01T12:20:02Z	0.209	0.176	0.169	0.185
2020-04-01T12:40:02Z	0.208	0.176	0.169	0.185
2020-04-01T13:00:02Z	0.208	0.176	0.169	0.185
2020-04-01T13:20:02Z	0.208	0.176	0.169	0.184
2020-04-01T13:40:02Z	0.208	0.176	0.169	0.185
2020-04-01T14:00:02Z	0.207	0.175	0.169	0.184
2020-04-01T14:20:02Z	0.207	0.175	0.168	0.185
2020-04-01T14:40:02Z	0.207	0.176	0.169	0.185
2020-04-01T15:00:02Z	0.208	0.176	0.169	0.185
2020-04-01T15:20:02Z	0.208	0.176	0.169	0.185
2020-04-01T15:40:02Z	0.208	0.176	0.169	0.185
2020-04-01T16:00:02Z	0.207	0.176	0.169	0.185
2020-04-01T16:20:02Z	0.207	0.176	0.169	0.185
2020-04-01T16:40:02Z	0.207	0.176	0.169	0.185
2020-04-01T17:00:02Z	0.207	0.176	0.169	0.185
2020-04-01T17:20:02Z	0.208	0.176	0.169	0.185
2020-04-01T17:40:02Z	0.208	0.176	0.169	0.186
2020-04-01T18:00:02Z	0.208	0.176	0.169	0.186
2020-04-01T18:20:02Z	0.208	0.176	0.169	0.186
2020-04-01T18:40:02Z	0.208	0.176	0.169	0.186
2020-04-01T19:00:02Z	0.208	0.176	0.169	0.186
2020-04-01T19:20:02Z	0.208	0.176	0.169	0.186
2020-04-01T19:40:02Z	0.208	0.176	0.169	0.186
2020-04-01T20:00:02Z	0.208	0.176	0.169	0.186
2020-04-01T20:20:02Z	0.208	0.176	0.169	0.186
2020-04-01T20:40:02Z	0.208	0.176	0.169	0.186
2020-04-01T21:00:02Z	0.208	0.176	0.169	0.185
2020-04-01T21:20:02Z	0.208	0.176	0.169	0.185
2020-04-01T21:40:02Z	0.208	0.176	0.169	0.185
2020-04-01T22:00:02Z	0.208	0.176	0.169	0.185
2020-04-01T22:20:02Z	0.208	0.176	0.169	0.185
2020-04-01T22:40:02Z	0.208	0.176	0.169	0.186
2020-04-01T23:00:02Z	0.207	0.176	0.169	0.185
2020-04-01T23:20:02Z	0.208	0.176	0.169	0.185
2020-04-01T23:40:02Z	0.207	0.176	0.169	0.185
2020-04-02T00:00:02Z	0.207	0.176	0.169	0.185
2020-04-02T00:20:02Z	0.207	0.176	0.169	0.185
2020-04-02T00:40:02Z	0.207	0.176	0.169	0.185
2020-04-02T01:00:02Z	0.207	0.176	0.169	0.185
2020-04-02T01:20:02Z	0.208	0.176	0.169	0.185
2020-04-02T01:40:02Z	0.208	0.176	0.169	0.185
2020-04-02T02:00:02Z	0.208	0.176	0.169	0.185
2020-04-02T02:20:02Z	0.208	0.176	0.169	0.185
2020-04-02T02:40:02Z	0.208	0.176	0.169	0.185
2020-04-02T03:00:02Z	0.207	0.176	0.169	0.185
2020-04-02T03:20:02Z	0.208	0.176	0.169	0.185
2020-04-02T03:40:02Z	0.208	0.176	0.169	0.185
2020-04-02T04:00:02Z	0.208	0.176	0.169	0.185
2020-04-02T04:20:02Z	0.208	0.176	0.169	0.185
2020-04-02T04:40:02Z	0.208	0.176	0.169	0.185
2020-04-02T05:00:02Z	0.208	0.176	0.169	0.185
2020-04-02T05:20:02Z	0.208	0.176	0.169	0.185
2020-04-02T05:40:02Z	0.208	0.176	0.169	0.185
2020-04-02T06:00:02Z	0.208	0.176	0.169	0.185
2020-04-02T06:20:02Z	0.207	0.176	0.169	0.185
2020-04-02T06:40:02Z	0.207	0.176	0.169	0.185
2020-04-02T07:00:02Z	0.207	0.176	0.169	0.185
2020-04-02T07:20:02Z	0.207	0.176	0.169	0.185
2020-04-02T07:40:02Z	0.207	0.176	0.169	0.185
2020-04-02T08:00:02Z	0.207	0.175	0.169	0.185
2020-04-02T08:20:02Z	0.207	0.175	0.169	0.185
2020-04-02T08:40:02Z	0.207	0.175	0.169	0.185
2020-04-02T09:00:02Z	0.207	0.175	0.168	0.185
2020-04-02T09:20:02Z	0.206	0.175	0.168	0.185
2020-04-02T09:40:02Z	0.206	0.175	0.168	0.184
2020-04-02T10:00:02Z	0.206	0.175	0.168	0.184
2020-04-02T10:20:02Z	0.206	0.175	0.168	0.184
2020-04-02T10:40:02Z	0.206	0.175	0.168	0.184
2020-04-02T11:00:02Z	0.206	0.175	0.168	0.185
2020-04-02T11:20:02Z	0.206	0.175	0.168	0.185
2020-04-02T11:40:02Z	0.206	0.175	0.168	0.185
2020-04-02T12:00:02Z	0.205	0.175	0.168	0.184
2020-04-02T12:20:02Z	0.205	0.175	0.168	0.184
2020-04-02T12:40:02Z	0.205	0.175	0.168	0.184
2020-04-02T13:00:02Z	0.205	0.175	0.168	0.184
2020-04-02T13:20:02Z	0.205	0.174	0.168	0.184
2020-04-02T13:40:02Z	0.204	0.174	0.168	0.184
2020-04-02T14:00:02Z	0.204	0.174	0.167	0.184
2020-04-02T14:20:02Z	0.204	0.174	0.168	0.184
2020-04-02T14:40:02Z	0.204	0.174	0.167	0.184
2020-04-02T15:00:02Z	0.203	0.174	0.167	0.184
2020-04-02T15:20:02Z	0.203	0.174	0.167	0.184
2020-04-02T15:40:02Z	0.203	0.174	0.168	0.184
2020-04-02T16:00:02Z	0.203	0.174	0.168	0.184
2020-04-02T16:20:02Z	0.203	0.174	0.168	0.184
2020-04-02T16:40:02Z	0.203	0.174	0.168	0.184
2020-04-02T17:00:02Z	0.203	0.174	0.168	0.184
2020-04-02T17:20:02Z	0.204	0.174	0.168	0.185
2020-04-02T17:40:02Z	0.204	0.174	0.168	0.185
2020-04-02T18:00:02Z	0.204	0.174	0.168	0.185
2020-04-02T18:20:02Z	0.204	0.174	0.168	0.185
2020-04-02T18:40:02Z	0.204	0.174	0.168	0.185
2020-04-02T19:00:02Z	0.204	0.174	0.168	0.185
2020-04-02T19:20:02Z	0.204	0.174	0.168	0.185
2020-04-02T19:40:02Z	0.204	0.174	0.168	0.185
2020-04-02T20:00:02Z	0.204	0.174	0.168	0.185
2020-04-02T20:20:02Z	0.204	0.174	0.168	0.185
2020-04-02T20:40:02Z	0.204	0.174	0.168	0.185
2020-04-02T21:00:02Z	0.204	0.174	0.168	0.185
2020-04-02T21:20:02Z	0.203	0.174	0.168	0.185
2020-04-02T21:40:02Z	0.203	0.174	0.168	0.185
2020-04-02T22:00:02Z	0.203	0.174	0.168	0.185
2020-04-02T22:20:02Z	0.203	0.174	0.168	0.185
2020-04-02T22:40:02Z	0.203	0.174	0.168	0.185
2020-04-02T23:00:02Z	0.203	0.174	0.168	0.185
2020-04-02T23:20:02Z	0.203	0.174	0.168	0.184
2020-04-02T23:40:02Z	0.203	0.174	0.168	0.184
2020-04-03T00:00:02Z	0.203	0.174	0.168	0.184
2020-04-03T00:20:02Z	0.203	0.174	0.168	0.184
2020-04-03T00:40:02Z	0.203	0.174	0.168	0.184
2020-04-03T01:00:02Z	0.203	0.174	0.168	0.185
2020-04-03T01:20:02Z	0.203	0.174	0.168	0.185
2020-04-03T01:40:02Z	0.203	0.174	0.168	0.185
2020-04-03T02:00:02Z	0.203	0.174	0.168	0.185
2020-04-03T02:20:02Z	0.203	0.174	0.168	0.185
2020-04-03T02:40:02Z	0.203	0.174	0.168	0.185
2020-04-03T03:00:02Z	0.203	0.174	0.168	0.184
2020-04-03T03:20:02Z	0.203	0.174	0.168	0.185
2020-04-03T03:40:02Z	0.203	0.174	0.168	0.184
2020-04-03T04:00:02Z	0.203	0.174	0.168	0.184
2020-04-03T04:20:02Z	0.203	0.174	0.168	0.185
2020-04-03T04:40:02Z	0.203	0.174	0.168	0.184
2020-04-03T05:00:02Z	0.203	0.174	0.168	0.184
2020-04-03T05:20:02Z	0.203	0.174	0.168	0.184
2020-04-03T05:40:02Z	0.203	0.174	0.168	0.184
2020-04-03T06:00:02Z	0.203	0.174	0.168	0.184
2020-04-03T06:20:02Z	0.203	0.174	0.168	0.184
2020-04-03T06:40:02Z	0.203	0.174	0.168	0.184
2020-04-03T07:00:02Z	0.203	0.174	0.168	0.184
2020-04-03T07:20:02Z	0.203	0.174	0.167	0.184
2020-04-03T07:40:02Z	0.203	0.174	0.167	0.184
2020-04-03T08:00:02Z	0.203	0.174	0.167	0.184
2020-04-03T08:20:02Z	0.202	0.174	0.167	0.184
2020-04-03T08:40:02Z	0.202	0.174	0.167	0.184
2020-04-03T09:00:02Z	0.202	0.174	0.167	0.184
2020-04-03T09:20:02Z	0.202	0.173	0.167	0.184
2020-04-03T09:40:02Z	0.202	0.173	0.167	0.184
2020-04-03T10:00:02Z	0.201	0.173	0.167	0.184
2020-04-03T10:20:02Z	0.201	0.173	0.167	0.184
2020-04-03T10:40:02Z	0.201	0.173	0.167	0.184
2020-04-03T11:00:02Z	0.201	0.173	0.167	0.184
2020-04-03T11:20:02Z	0.201	0.173	0.167	0.184
2020-04-03T11:40:02Z	0.2	0.173	0.167	0.184
2020-04-03T12:00:02Z	0.2	0.172	0.167	0.184
2020-04-03T12:20:02Z	0.2	0.173	0.167	0.184
2020-04-03T12:40:02Z	0.2	0.172	0.167	0.184
2020-04-03T13:00:02Z	0.2	0.172	0.167	0.184
2020-04-03T13:20:02Z	0.199	0.172	0.167	0.184
2020-04-03T13:40:02Z	0.199	0.172	0.167	0.184
2020-04-03T14:00:02Z	0.199	0.172	0.167	0.184
2020-04-03T14:20:02Z	0.199	0.172	0.167	0.184
2020-04-03T14:40:02Z	0.199	0.172	0.167	0.184
2020-04-03T15:00:02Z	0.199	0.172	0.167	0.184
2020-04-03T15:20:02Z	0.199	0.172	0.167	0.184
2020-04-03T15:40:02Z	0.198	0.172	0.167	0.184
2020-04-03T16:00:02Z	0.198	0.172	0.167	0.184
2020-04-03T16:20:02Z	0.198	0.172	0.167	0.184
2020-04-03T16:40:02Z	0.198	0.172	0.167	0.184
2020-04-03T17:00:02Z	0.198	0.172	0.167	0.184
2020-04-03T17:20:02Z	0.199	0.172	0.167	0.184
2020-04-03T17:40:02Z	0.199	0.172	0.167	0.185
2020-04-03T18:00:02Z	0.199	0.172	0.167	0.185
2020-04-03T18:20:02Z	0.199	0.172	0.167	0.185
2020-04-03T18:40:02Z	0.199	0.172	0.167	0.185
2020-04-03T19:00:02Z	0.199	0.172	0.167	0.185
2020-04-03T19:20:02Z	0.199	0.172	0.167	0.185
2020-04-03T19:40:02Z	0.199	0.172	0.167	0.185
2020-04-03T20:00:02Z	0.199	0.172	0.167	0.185
2020-04-03T20:20:02Z	0.199	0.172	0.167	0.185
2020-04-03T20:40:02Z	0.199	0.172	0.167	0.185
2020-04-03T21:00:02Z	0.199	0.172	0.167	0.185
2020-04-03T21:20:02Z	0.199	0.172	0.167	0.185
2020-04-03T21:40:02Z	0.199	0.172	0.167	0.185
2020-04-03T22:00:02Z	0.199	0.172	0.167	0.185
2020-04-03T22:20:02Z	0.199	0.172	0.167	0.185
2020-04-03T22:40:02Z	0.199	0.172	0.167	0.185
2020-04-03T23:00:02Z	0.199	0.172	0.167	0.185
2020-04-03T23:20:02Z	0.199	0.172	0.167	0.185
2020-04-03T23:40:02Z	0.199	0.172	0.167	0.185
2020-04-04T00:00:02Z	0.199	0.172	0.167	0.185
2020-04-04T00:20:02Z	0.199	0.172	0.167	0.185
2020-04-04T00:40:02Z	0.199	0.172	0.167	0.185
2020-04-04T01:00:02Z	0.199	0.172	0.167	0.185
2020-04-04T01:20:02Z	0.199	0.172	0.167	0.185
2020-04-04T01:40:02Z	0.199	0.172	0.167	0.185
2020-04-04T02:00:02Z	0.199	0.172	0.167	0.185
2020-04-04T02:20:02Z	0.199	0.172	0.167	0.185
2020-04-04T02:40:02Z	0.199	0.172	0.167	0.185
2020-04-04T03:00:02Z	0.199	0.172	0.167	0.185
2020-04-04T03:20:02Z	0.199	0.172	0.167	0.185
2020-04-04T03:40:02Z	0.199	0.172	0.167	0.185
2020-04-04T04:00:02Z	0.199	0.172	0.167	0.185
2020-04-04T04:20:02Z	0.199	0.172	0.167	0.185
2020-04-04T04:40:02Z	0.199	0.172	0.167	0.185
2020-04-04T05:00:02Z	0.199	0.172	0.167	0.185
2020-04-04T05:20:02Z	0.199	0.172	0.167	0.185
2020-04-04T05:40:02Z	0.199	0.172	0.167	0.185
2020-04-04T06:00:02Z	0.199	0.172	0.167	0.185
2020-04-04T06:20:02Z	0.199	0.172	0.167	0.185
2020-04-04T06:40:02Z	0.199	0.172	0.167	0.185
2020-04-04T07:00:02Z	0.199	0.172	0.167	0.185
2020-04-04T07:20:02Z	0.198	0.172	0.166	0.184
2020-04-04T07:40:02Z	0.198	0.172	0.166	0.184
2020-04-04T08:00:02Z	0.198	0.172	0.166	0.184
2020-04-04T08:20:02Z	0.198	0.172	0.166	0.184
2020-04-04T08:40:02Z	0.198	0.171	0.166	0.184
2020-04-04T09:00:02Z	0.197	0.171	0.166	0.184
2020-04-04T09:20:02Z	0.197	0.171	0.166	0.184
2020-04-04T09:40:02Z	0.197	0.171	0.166	0.184
2020-04-04T10:00:02Z	0.197	0.171	0.166	0.184
2020-04-04T10:20:02Z	0.197	0.171	0.166	0.184
2020-04-04T10:40:02Z	0.196	0.171	0.166	0.184
2020-04-04T11:00:02Z	0.196	0.171	0.166	0.184
2020-04-04T11:20:02Z	0.195	0.17	0.166	0.184
2020-04-04T11:40:02Z	0.195	0.17	0.166	0.184
2020-04-04T12:00:02Z	0.195	0.17	0.166	0.184
2020-04-04T12:20:02Z	0.194	0.17	0.165	0.184
2020-04-04T12:40:02Z	0.194	0.17	0.165	0.184
2020-04-04T13:00:02Z	0.194	0.17	0.165	0.184
2020-04-04T13:20:02Z	0.193	0.17	0.165	0.184
2020-04-04T13:40:02Z	0.193	0.17	0.165	0.184
2020-04-04T14:00:02Z	0.193	0.169	0.165	0.184
2020-04-04T14:20:02Z	0.193	0.169	0.165	0.184
2020-04-04T14:40:02Z	0.192	0.169	0.165	0.184
2020-04-04T15:00:02Z	0.192	0.169	0.165	0.184
2020-04-04T15:20:02Z	0.192	0.169	0.165	0.184
2020-04-04T15:40:02Z	0.192	0.169	0.165	0.184
2020-04-04T16:00:02Z	0.192	0.169	0.165	0.184
2020-04-04T16:20:02Z	0.192	0.169	0.165	0.184
2020-04-04T16:40:02Z	0.192	0.169	0.165	0.184
2020-04-04T17:00:02Z	0.192	0.17	0.166	0.184
2020-04-04T17:20:02Z	0.192	0.17	0.166	0.184
2020-04-04T17:40:02Z	0.192	0.17	0.166	0.184
2020-04-04T18:00:02Z	0.192	0.17	0.166	0.185
2020-04-04T18:20:02Z	0.192	0.17	0.166	0.185
2020-04-04T18:40:02Z	0.192	0.17	0.166	0.185
2020-04-04T19:00:02Z	0.192	0.17	0.166	0.185
2020-04-04T19:20:02Z	0.192	0.17	0.166	0.185
2020-04-04T19:40:02Z	0.193	0.17	0.166	0.185
2020-04-04T20:00:02Z	0.193	0.17	0.166	0.185
2020-04-04T20:20:02Z	0.193	0.17	0.166	0.185
2020-04-04T20:40:02Z	0.193	0.17	0.166	0.185
2020-04-04T21:00:02Z	0.193	0.17	0.166	0.185
2020-04-04T21:20:02Z	0.193	0.17	0.166	0.185
2020-04-04T21:40:02Z	0.193	0.17	0.166	0.185
2020-04-04T22:00:02Z	0.193	0.17	0.166	0.185
2020-04-04T22:20:02Z	0.193	0.17	0.166	0.185
2020-04-04T22:40:02Z	0.193	0.17	0.166	0.185
2020-04-04T23:00:02Z	0.193	0.17	0.166	0.185
2020-04-04T23:20:02Z	0.193	0.17	0.166	0.185
2020-04-04T23:40:02Z	0.193	0.17	0.166	0.185
2020-04-05T00:00:02Z	0.193	0.17	0.166	0.185
2020-04-05T00:20:02Z	0.193	0.17	0.166	0.185
2020-04-05T00:40:02Z	0.193	0.17	0.166	0.185
2020-04-05T01:00:02Z	0.193	0.17	0.166	0.185
2020-04-05T01:20:02Z	0.193	0.17	0.166	0.185
2020-04-05T01:40:02Z	0.193	0.17	0.166	0.185
2020-04-05T02:00:02Z	0.193	0.17	0.166	0.185
2020-04-05T02:20:02Z	0.193	0.17	0.166	0.185
2020-04-05T02:40:02Z	0.193	0.17	0.166	0.185
2020-04-05T03:00:02Z	0.193	0.17	0.166	0.185
2020-04-05T03:20:02Z	0.193	0.17	0.166	0.185
2020-04-05T03:40:02Z	0.193	0.17	0.166	0.185
2020-04-05T04:00:02Z	0.193	0.17	0.166	0.185
2020-04-05T04:20:02Z	0.193	0.17	0.166	0.185
2020-04-05T04:40:02Z	0.193	0.17	0.166	0.185
2020-04-05T05:00:02Z	0.193	0.17	0.166	0.185
2020-04-05T05:20:02Z	0.193	0.17	0.166	0.185
2020-04-05T05:40:02Z	0.193	0.17	0.166	0.185
2020-04-05T06:00:02Z	0.193	0.17	0.166	0.185
2020-04-05T06:20:02Z	0.193	0.17	0.166	0.184
2020-04-05T06:40:02Z	0.193	0.17	0.166	0.184
2020-04-05T07:00:02Z	0.192	0.17	0.165	0.184
2020-04-05T07:20:02Z	0.192	0.17	0.165	0.184
2020-04-05T07:40:02Z	0.192	0.17	0.165	0.184
2020-04-05T08:00:02Z	0.192	0.169	0.165	0.184
2020-04-05T08:20:02Z	0.191	0.169	0.165	0.184
2020-04-05T08:40:02Z	0.191	0.169	0.165	0.184
2020-04-05T09:00:02Z	0.191	0.169	0.165	0.184
2020-04-05T09:20:02Z	0.19	0.169	0.164	0.184
2020-04-05T09:40:02Z	0.19	0.168	0.164	0.184
2020-04-05T10:00:02Z	0.189	0.168	0.164	0.184
2020-04-05T10:20:02Z	0.189	0.168	0.164	0.184
2020-04-05T10:40:02Z	0.189	0.168	0.164	0.184
2020-04-05T11:00:02Z	0.188	0.167	0.164	0.184
2020-04-05T11:20:02Z	0.188	0.167	0.164	0.184
2020-04-05T11:40:02Z	0.187	0.167	0.164	0.184
2020-04-05T12:00:02Z	0.187	0.167	0.164	0.184
2020-04-05T12:20:02Z	0.186	0.167	0.164	0.184
2020-04-05T12:40:02Z	0.186	0.167	0.164	0.184
2020-04-05T13:00:02Z	0.186	0.167	0.164	0.184
2020-04-05T13:20:02Z	0.185	0.166	0.164	0.184
2020-04-05T13:40:02Z	0.185	0.166	0.164	0.183
2020-04-05T14:00:02Z	0.184	0.166	0.164	0.183
2020-04-05T14:20:02Z	0.184	0.166	0.164	0.184
2020-04-05T14:40:02Z	0.184	0.166	0.164	0.184
2020-04-05T15:00:02Z	0.183	0.166	0.164	0.184
2020-04-05T15:20:02Z	0.183	0.166	0.164	0.184
2020-04-05T15:40:02Z	0.183	0.166	0.164	0.184
2020-04-05T16:00:02Z	0.183	0.166	0.164	0.184
2020-04-05T16:20:02Z	0.183	0.166	0.164	0.184
2020-04-05T16:40:02Z	0.183	0.166	0.164	0.184
2020-04-05T17:00:02Z	0.182	0.166	0.164	0.184
2020-04-05T17:20:02Z	0.183	0.166	0.164	0.184
2020-04-05T17:40:02Z	0.183	0.166	0.164	0.184
2020-04-05T18:00:02Z	0.183	0.166	0.164	0.184
2020-04-05T18:20:02Z	0.183	0.166	0.164	0.184
2020-04-05T18:40:02Z	0.183	0.166	0.164	0.184
2020-04-05T19:00:02Z	0.183	0.167	0.164	0.184
2020-04-05T19:20:02Z	0.183	0.166	0.164	0.184
2020-04-05T19:40:02Z	0.183	0.167	0.164	0.184
2020-04-05T20:00:02Z	0.183	0.166	0.164	0.184
2020-04-05T20:20:02Z	0.183	0.167	0.164	0.184
2020-04-05T20:40:02Z	0.183	0.167	0.164	0.184
2020-04-05T21:00:02Z	0.183	0.167	0.164	0.184
2020-04-05T21:20:02Z	0.183	0.167	0.164	0.184
2020-04-05T21:40:02Z	0.183	0.167	0.164	0.184
2020-04-05T22:00:02Z	0.183	0.167	0.164	0.184
2020-04-05T22:20:02Z	0.183	0.167	0.164	0.184
2020-04-05T22:40:02Z	0.183	0.167	0.164	0.184
2020-04-05T23:00:02Z	0.183	0.167	0.164	0.184
2020-04-05T23:20:02Z	0.183	0.167	0.164	0.184
2020-04-05T23:40:02Z	0.183	0.167	0.164	0.184
2020-04-06T00:00:02Z	0.183	0.167	0.164	0.184
2020-04-06T00:20:02Z	0.183	0.167	0.164	0.184
2020-04-06T00:40:02Z	0.183	0.167	0.164	0.184
2020-04-06T01:00:02Z	0.183	0.167	0.164	0.184
2020-04-06T01:20:02Z	0.183	0.167	0.164	0.184
2020-04-06T01:40:02Z	0.183	0.167	0.164	0.184
2020-04-06T02:00:02Z	0.183	0.167	0.164	0.184
2020-04-06T02:20:02Z	0.183	0.167	0.164	0.184
2020-04-06T02:40:02Z	0.183	0.167	0.164	0.184
2020-04-06T03:00:02Z	0.183	0.167	0.164	0.184
2020-04-06T03:20:02Z	0.183	0.167	0.164	0.184
2020-04-06T03:40:02Z	0.183	0.167	0.164	0.184
2020-04-06T04:00:02Z	0.183	0.167	0.164	0.184
2020-04-06T04:20:02Z	0.183	0.167	0.164	0.184
2020-04-06T04:40:02Z	0.183	0.167	0.164	0.184
2020-04-06T05:00:02Z	0.183	0.167	0.164	0.184
2020-04-06T05:20:02Z	0.183	0.167	0.164	0.184
2020-04-06T05:40:02Z	0.183	0.167	0.164	0.184
2020-04-06T06:00:02Z	0.182	0.166	0.164	0.184
2020-04-06T06:20:02Z	0.182	0.166	0.164	0.184
2020-04-06T06:40:02Z	0.182	0.166	0.164	0.184
2020-04-06T07:00:02Z	0.182	0.166	0.164	0.184
2020-04-06T07:20:02Z	0.182	0.166	0.163	0.184
2020-04-06T07:40:02Z	0.181	0.166	0.163	0.184
2020-04-06T08:00:02Z	0.181	0.165	0.163	0.183
2020-04-06T08:20:02Z	0.18	0.165	0.163	0.183
2020-04-06T08:40:02Z	0.18	0.165	0.163	0.183
2020-04-06T09:00:02Z	0.179	0.164	0.163	0.183
2020-04-06T09:20:02Z	0.179	0.164	0.163	0.183
2020-04-06T09:40:02Z	0.178	0.164	0.163	0.183
2020-04-06T10:00:02Z	0.178	0.164	0.163	0.183
2020-04-06T10:20:02Z	0.177	0.164	0.163	0.183
2020-04-06T10:40:02Z	0.177	0.164	0.163	0.183
2020-04-06T11:00:02Z	0.176	0.163	0.162	0.183
2020-04-06T11:20:02Z	0.175	0.163	0.162	0.183
2020-04-06T11:40:02Z	0.175	0.163	0.162	0.183
2020-04-06T12:00:02Z	0.174	0.162	0.162	0.183
2020-04-06T12:20:02Z	0.174	0.162	0.162	0.183
2020-04-06T12:40:02Z	0.173	0.162	0.162	0.183
2020-04-06T13:00:02Z	0.172	0.161	0.162	0.183
2020-04-06T13:20:02Z	0.172	0.161	0.162	0.183
2020-04-06T13:40:02Z	0.171	0.161	0.162	0.183
2020-04-06T14:00:02Z	0.17	0.161	0.162	0.183
2020-04-06T14:20:02Z	0.17	0.161	0.162	0.183
2020-04-06T14:40:02Z	0.17	0.161	0.162	0.183
2020-04-06T15:00:02Z	0.169	0.161	0.162	0.183
2020-04-06T15:20:02Z	0.169	0.161	0.162	0.183
2020-04-06T15:40:02Z	0.168	0.16	0.162	0.183
2020-04-06T16:00:02Z	0.168	0.16	0.162	0.183
2020-04-06T16:20:02Z	0.168	0.16	0.162	0.183
2020-04-06T16:40:02Z	0.167	0.161	0.162	0.183
2020-04-06T17:00:02Z	0.167	0.161	0.162	0.183
2020-04-06T17:20:02Z	0.167	0.161	0.162	0.183
2020-04-06T17:40:02Z	0.168	0.161	0.162	0.183
2020-04-06T18:00:02Z	0.168	0.161	0.162	0.183
2020-04-06T18:20:02Z	0.168	0.161	0.162	0.184
2020-04-06T18:40:02Z	0.168	0.161	0.163	0.184
2020-04-06T19:00:02Z	0.168	0.161	0.163	0.184
2020-04-06T19:20:02Z	0.168	0.161	0.163	0.184
2020-04-06T19:40:02Z	0.168	0.161	0.162	0.184
2020-04-06T20:00:02Z	0.168	0.161	0.163	0.184
2020-04-06T20:20:02Z	0.168	0.161	0.163	0.184
2020-04-06T20:40:02Z	0.168	0.161	0.163	0.184
2020-04-06T21:00:02Z	0.168	0.161	0.163	0.184
2020-04-06T21:20:02Z	0.168	0.161	0.163	0.184
2020-04-06T21:40:02Z	0.168	0.161	0.163	0.184
2020-04-06T22:00:02Z	0.168	0.162	0.163	0.184
2020-04-06T22:20:02Z	0.168	0.162	0.163	0.184
2020-04-06T22:40:02Z	0.168	0.162	0.163	0.184
2020-04-06T23:00:02Z	0.168	0.161	0.163	0.184
2020-04-06T23:20:02Z	0.168	0.162	0.163	0.184
2020-04-06T23:40:02Z	0.169	0.162	0.163	0.184
2020-04-07T00:00:02Z	0.169	0.162	0.163	0.184
2020-04-07T00:20:02Z	0.168	0.162	0.163	0.184
2020-04-07T00:40:02Z	0.168	0.162	0.163	0.184
2020-04-07T01:00:02Z	0.168	0.162	0.162	0.184
2020-04-07T01:20:02Z	0.168	0.162	0.162	0.184
2020-04-07T01:40:02Z	0.168	0.162	0.162	0.184
2020-04-07T02:00:02Z	0.169	0.162	0.162	0.184
2020-04-07T02:20:02Z	0.169	0.162	0.163	0.184
2020-04-07T02:40:02Z	0.169	0.162	0.163	0.184
2020-04-07T03:00:02Z	0.169	0.162	0.163	0.184
2020-04-07T03:20:02Z	0.169	0.162	0.163	0.184
2020-04-07T03:40:02Z	0.169	0.162	0.163	0.184
2020-04-07T04:00:02Z	0.169	0.162	0.163	0.184
2020-04-07T04:20:02Z	0.169	0.162	0.163	0.184
2020-04-07T04:40:02Z	0.169	0.162	0.163	0.184
2020-04-07T05:00:02Z	0.169	0.162	0.163	0.184
2020-04-07T05:20:02Z	0.169	0.162	0.163	0.184
2020-04-07T05:40:02Z	0.168	0.162	0.162	0.183
2020-04-07T06:00:02Z	0.168	0.162	0.162	0.183
2020-04-07T06:20:02Z	0.168	0.161	0.162	0.183
2020-04-07T06:40:02Z	0.168	0.161	0.162	0.183
2020-04-07T07:00:02Z	0.168	0.161	0.162	0.183
2020-04-07T07:20:02Z	0.168	0.161	0.162	0.183
2020-04-07T07:40:02Z	0.167	0.161	0.162	0.183
2020-04-07T08:00:02Z	0.167	0.161	0.162	0.183
2020-04-07T08:20:02Z	0.167	0.161	0.162	0.183
2020-04-07T08:40:02Z	0.166	0.161	0.162	0.183
2020-04-07T09:00:02Z	0.166	0.16	0.161	0.183
2020-04-07T09:20:02Z	0.165	0.16	0.161	0.183
2020-04-07T09:40:02Z	0.165	0.16	0.161	0.182
2020-04-07T10:00:02Z	0.164	0.16	0.161	0.182
2020-04-07T10:20:02Z	0.164	0.159	0.161	0.182
2020-04-07T10:40:02Z	0.163	0.159	0.161	0.182
2020-04-07T11:00:02Z	0.163	0.159	0.161	0.182
2020-04-07T11:20:02Z	0.162	0.158	0.161	0.182
2020-04-07T11:40:02Z	0.161	0.158	0.16	0.182
2020-04-07T12:00:02Z	0.161	0.158	0.16	0.182
2020-04-07T12:20:02Z	0.16	0.158	0.16	0.182
2020-04-07T12:40:02Z	0.16	0.158	0.16	0.182
2020-04-07T13:00:02Z	0.159	0.157	0.16	0.182
2020-04-07T13:26:45Z	0.144	0.158	0.16	0.183
2020-04-07T13:45:00Z	0.144	0.158	0.161	0.183
2020-04-07T14:05:00Z	0.144	0.158	0.161	0.183
2020-04-07T14:25:00Z	0.144	0.158	0.161	0.183
2020-04-07T14:45:00Z	0.143	0.158	0.161	0.183
2020-04-07T15:05:00Z	0.143	0.158	0.161	0.183
2020-04-07T15:25:00Z	0.143	0.158	0.161	0.183
2020-04-07T15:45:00Z	0.142	0.158	0.162	0.183
2020-04-07T16:05:00Z	0.142	0.158	0.162	0.183
2020-04-07T16:25:00Z	0.142	0.159	0.162	0.183
2020-04-07T16:45:00Z	0.142	0.159	0.162	0.184
2020-04-07T17:05:00Z	0.142	0.159	0.162	0.184
2020-04-07T17:25:00Z	0.142	0.159	0.162	0.184
2020-04-07T17:45:00Z	0.142	0.159	0.162	0.184
2020-04-07T18:05:00Z	0.143	0.16	0.162	0.184
2020-04-07T18:25:00Z	0.143	0.16	0.162	0.184
2020-04-07T18:45:00Z	0.143	0.16	0.162	0.184
2020-04-07T19:05:00Z	0.143	0.16	0.162	0.184
2020-04-07T19:25:00Z	0.143	0.16	0.162	0.184
2020-04-07T19:45:00Z	0.143	0.16	0.162	0.184
2020-04-07T20:05:00Z	0.143	0.16	0.162	0.184
2020-04-07T20:25:00Z	0.143	0.16	0.162	0.184
2020-04-07T20:45:00Z	0.143	0.16	0.162	0.184
2020-04-07T21:05:00Z	0.143	0.16	0.162	0.184
2020-04-07T21:25:00Z	0.143	0.16	0.162	0.184
2020-04-07T21:45:00Z	0.143	0.16	0.162	0.184
2020-04-07T22:05:00Z	0.144	0.16	0.162	0.184
2020-04-07T22:25:00Z	0.144	0.16	0.162	0.184
2020-04-07T22:45:00Z	0.144	0.16	0.162	0.184
2020-04-07T23:05:00Z	0.144	0.161	0.162	0.184
2020-04-07T23:25:00Z	0.144	0.161	0.162	0.184
2020-04-07T23:45:00Z	0.144	0.161	0.162	0.184
2020-04-08T00:05:00Z	0.144	0.161	0.162	0.184
2020-04-08T00:25:00Z	0.144	0.161	0.162	0.184
2020-04-08T00:45:00Z	0.144	0.161	0.162	0.184
2020-04-08T01:05:00Z	0.144	0.161	0.162	0.184
2020-04-08T01:25:00Z	0.144	0.161	0.162	0.184
2020-04-08T01:45:00Z	0.144	0.161	0.162	0.184
2020-04-08T02:05:00Z	0.144	0.161	0.162	0.184
2020-04-08T02:25:00Z	0.144	0.161	0.162	0.184
2020-04-08T02:45:00Z	0.144	0.161	0.162	0.184
2020-04-08T03:05:00Z	0.144	0.161	0.162	0.184
2020-04-08T03:25:00Z	0.144	0.161	0.162	0.184
2020-04-08T03:45:00Z	0.144	0.161	0.162	0.184
2020-04-08T04:05:00Z	0.144	0.161	0.162	0.184
2020-04-08T04:25:00Z	0.144	0.161	0.162	0.184
2020-04-08T04:45:00Z	0.144	0.161	0.162	0.184
2020-04-08T05:05:00Z	0.144	0.161	0.162	0.184
2020-04-08T05:25:00Z	0.144	0.161	0.162	0.183
2020-04-08T05:45:00Z	0.144	0.161	0.162	0.183
2020-04-08T06:05:00Z	0.144	0.161	0.162	0.183
2020-04-08T06:25:00Z	0.143	0.161	0.162	0.183
2020-04-08T06:45:00Z	0.143	0.16	0.162	0.183
2020-04-08T07:05:00Z	0.143	0.16	0.162	0.183
2020-04-08T07:25:00Z	0.142	0.16	0.162	0.182
2020-04-08T07:45:00Z	0.142	0.16	0.161	0.182
2020-04-08T08:05:00Z	0.142	0.159	0.161	0.182
2020-04-08T08:25:00Z	0.142	0.159	0.161	0.181
2020-04-08T08:45:00Z	0.141	0.159	0.161	0.182
2020-04-08T09:05:00Z	0.141	0.158	0.161	0.181
2020-04-08T09:25:00Z	0.14	0.158	0.16	0.181
2020-04-08T09:45:00Z	0.139	0.158	0.16	0.182
2020-04-08T10:05:00Z	0.139	0.157	0.16	0.182
2020-04-08T10:25:00Z	0.138	0.157	0.16	0.181
2020-04-08T10:45:00Z	0.137	0.156	0.16	0.181
2020-04-08T11:05:00Z	0.137	0.156	0.16	0.181
2020-04-08T11:25:00Z	0.136	0.156	0.16	0.181
2020-04-08T11:45:00Z	0.136	0.156	0.16	0.181
2020-04-08T12:05:00Z	0.134	0.155	0.16	0.181
2020-04-08T12:25:00Z	0.134	0.155	0.16	0.181
2020-04-08T12:45:00Z	0.133	0.154	0.16	0.181
2020-04-08T13:05:00Z	0.132	0.154	0.16	0.181
2020-04-08T13:25:00Z	0.132	0.154	0.159	0.181
2020-04-08T13:45:00Z	0.131	0.153	0.159	0.181
2020-04-08T14:05:00Z	0.131	0.153	0.159	0.181
2020-04-08T14:25:00Z	0.131	0.153	0.159	0.181
2020-04-08T14:45:00Z	0.13	0.153	0.159	0.181
2020-04-08T15:05:00Z	0.129	0.152	0.159	0.181
2020-04-08T15:25:00Z	0.129	0.152	0.159	0.181
2020-04-08T15:45:00Z	0.129	0.152	0.159	0.181
2020-04-08T16:05:00Z	0.129	0.152	0.159	0.181
2020-04-08T16:25:00Z	0.128	0.152	0.159	0.181
2020-04-08T16:45:00Z	0.128	0.152	0.159	0.181
2020-04-08T17:05:00Z	0.128	0.152	0.16	0.181
2020-04-08T17:25:00Z	0.128	0.153	0.16	0.181
2020-04-08T17:45:00Z	0.129	0.153	0.16	0.181
2020-04-08T18:05:00Z	0.129	0.153	0.16	0.181
2020-04-08T18:25:00Z	0.129	0.153	0.16	0.181
2020-04-08T18:45:00Z	0.129	0.153	0.16	0.181
2020-04-08T19:05:00Z	0.129	0.153	0.16	0.181
2020-04-08T19:25:00Z	0.129	0.153	0.16	0.181
2020-04-08T19:45:00Z	0.129	0.153	0.16	0.181
2020-04-08T20:05:00Z	0.129	0.153	0.16	0.181
2020-04-08T20:25:00Z	0.129	0.153	0.16	0.181
2020-04-08T20:45:00Z	0.129	0.154	0.16	0.182
2020-04-08T21:05:00Z	0.129	0.153	0.16	0.181
2020-04-08T21:25:00Z	0.129	0.153	0.16	0.181
2020-04-08T21:45:00Z	0.129	0.154	0.16	0.181
2020-04-08T22:05:00Z	0.129	0.154	0.16	0.181
2020-04-08T22:25:00Z	0.129	0.154	0.16	0.181
2020-04-08T22:45:00Z	0.129	0.154	0.16	0.181
2020-04-08T23:05:00Z	0.129	0.154	0.16	0.181
2020-04-08T23:25:00Z	0.129	0.154	0.16	0.181
2020-04-08T23:45:00Z	0.129	0.154	0.16	0.181
2020-04-09T00:05:00Z	0.129	0.154	0.16	0.182
2020-04-09T00:25:00Z	0.129	0.154	0.16	0.181
2020-04-09T00:45:00Z	0.13	0.154	0.16	0.182
2020-04-09T01:05:00Z	0.13	0.154	0.16	0.182
2020-04-09T01:25:00Z	0.13	0.154	0.16	0.182
2020-04-09T01:45:00Z	0.13	0.154	0.16	0.182
2020-04-09T02:05:00Z	0.13	0.155	0.16	0.182
2020-04-09T02:25:00Z	0.13	0.155	0.16	0.182
2020-04-09T02:45:00Z	0.13	0.155	0.16	0.182
2020-04-09T03:05:00Z	0.13	0.155	0.16	0.182
2020-04-09T03:25:00Z	0.13	0.155	0.16	0.182
2020-04-09T03:45:00Z	0.13	0.155	0.16	0.182
2020-04-09T04:05:00Z	0.13	0.155	0.16	0.182
2020-04-09T04:25:00Z	0.13	0.155	0.16	0.182
2020-04-09T04:45:00Z	0.13	0.155	0.16	0.182
2020-04-09T05:05:00Z	0.13	0.155	0.16	0.182
2020-04-09T05:25:00Z	0.13	0.155	0.16	0.182
2020-04-09T05:45:00Z	0.129	0.154	0.16	0.182
2020-04-09T06:05:00Z	0.129	0.154	0.16	0.182
2020-04-09T06:25:00Z	0.129	0.154	0.16	0.182
2020-04-09T06:45:00Z	0.129	0.154	0.16	0.182
2020-04-09T07:05:00Z	0.129	0.154	0.159	0.182
2020-04-09T07:25:00Z	0.129	0.153	0.159	0.181
2020-04-09T07:45:00Z	0.128	0.153	0.159	0.181
2020-04-09T08:05:00Z	0.128	0.153	0.159	0.181
2020-04-09T08:25:00Z	0.128	0.153	0.159	0.181
2020-04-09T08:45:00Z	0.127	0.152	0.159	0.181
2020-04-09T09:05:00Z	0.127	0.152	0.158	0.181
2020-04-09T09:25:00Z	0.126	0.152	0.158	0.181
2020-04-09T09:45:00Z	0.126	0.151	0.158	0.181
2020-04-09T10:05:00Z	0.125	0.151	0.158	0.181
2020-04-09T10:25:00Z	0.125	0.15	0.158	0.181
2020-04-09T10:45:00Z	0.124	0.15	0.158	0.181
2020-04-09T11:05:00Z	0.124	0.15	0.158	0.181
2020-04-09T11:25:00Z	0.124	0.149	0.158	0.181
2020-04-09T11:45:00Z	0.123	0.149	0.158	0.181
2020-04-09T12:05:00Z	0.122	0.148	0.157	0.181
2020-04-09T12:25:00Z	0.122	0.148	0.157	0.181
2020-04-09T12:45:00Z	0.121	0.147	0.157	0.181
2020-04-09T13:05:00Z	0.121	0.147	0.157	0.181
2020-04-09T13:25:00Z	0.121	0.147	0.157	0.181
2020-04-09T13:45:00Z	0.12	0.147	0.157	0.181
2020-04-09T14:05:00Z	0.12	0.146	0.157	0.181
2020-04-09T14:25:00Z	0.12	0.146	0.157	0.181
2020-04-09T14:45:00Z	0.119	0.146	0.157	0.181
2020-04-09T15:05:00Z	0.119	0.146	0.157	0.181
2020-04-09T15:25:00Z	0.119	0.146	0.157	0.181
2020-04-09T15:45:00Z	0.119	0.146	0.157	0.181
2020-04-09T16:05:00Z	0.119	0.146	0.157	0.181
2020-04-09T16:25:00Z	0.119	0.146	0.157	0.181
2020-04-09T16:45:00Z	0.119	0.146	0.157	0.181
2020-04-09T17:05:00Z	0.119	0.146	0.157	0.181
2020-04-09T17:25:00Z	0.119	0.146	0.157	0.181
2020-04-09T17:45:00Z	0.119	0.146	0.157	0.181
2020-04-09T18:05:00Z	0.119	0.146	0.157	0.181
2020-04-09T18:25:00Z	0.119	0.146	0.158	0.181
2020-04-09T18:45:00Z	0.119	0.147	0.158	0.181
2020-04-09T19:05:00Z	0.119	0.147	0.158	0.181
2020-04-09T19:25:00Z	0.12	0.147	0.158	0.181
2020-04-09T19:45:00Z	0.119	0.147	0.158	0.181
2020-04-09T20:05:00Z	0.119	0.147	0.158	0.181
2020-04-09T20:25:00Z	0.12	0.147	0.158	0.182
2020-04-09T20:45:00Z	0.12	0.147	0.158	0.182
2020-04-09T21:05:00Z	0.12	0.147	0.158	0.181
2020-04-09T21:25:00Z	0.12	0.147	0.158	0.182
2020-04-09T21:45:00Z	0.12	0.147	0.158	0.181
2020-04-09T22:05:00Z	0.12	0.147	0.158	0.182
2020-04-09T22:25:00Z	0.12	0.147	0.158	0.182
2020-04-09T22:45:00Z	0.12	0.147	0.158	0.181
2020-04-09T23:05:00Z	0.12	0.148	0.158	0.181
2020-04-09T23:25:00Z	0.12	0.148	0.158	0.182
2020-04-09T23:45:00Z	0.12	0.148	0.158	0.181
2020-04-10T00:05:00Z	0.12	0.148	0.158	0.181
2020-04-10T00:25:00Z	0.12	0.148	0.158	0.182
2020-04-10T00:45:00Z	0.12	0.148	0.158	0.181
2020-04-10T01:05:00Z	0.12	0.148	0.158	0.181
2020-04-10T01:25:00Z	0.12	0.148	0.158	0.182
2020-04-10T01:45:00Z	0.12	0.148	0.158	0.181
2020-04-10T02:05:00Z	0.12	0.148	0.158	0.181
2020-04-10T02:25:00Z	0.12	0.148	0.158	0.181
2020-04-10T02:45:00Z	0.12	0.148	0.158	0.181
2020-04-10T03:05:00Z	0.12	0.148	0.158	0.181
2020-04-10T03:25:00Z	0.12	0.148	0.158	0.181
2020-04-10T03:45:00Z	0.12	0.148	0.158	0.181
2020-04-10T04:05:00Z	0.12	0.148	0.158	0.181
2020-04-10T04:25:00Z	0.12	0.148	0.158	0.181
2020-04-10T04:45:00Z	0.12	0.148	0.158	0.181
2020-04-10T05:05:00Z	0.12	0.148	0.158	0.181
2020-04-10T05:25:00Z	0.12	0.148	0.158	0.181
2020-04-10T05:45:00Z	0.12	0.148	0.158	0.181
2020-04-10T06:05:00Z	0.12	0.148	0.158	0.181
2020-04-10T06:25:00Z	0.12	0.148	0.158	0.181
2020-04-10T06:45:00Z	0.12	0.148	0.157	0.181
2020-04-10T07:05:00Z	0.119	0.147	0.157	0.181
2020-04-10T07:25:00Z	0.119	0.147	0.157	0.18
2020-04-10T07:45:00Z	0.119	0.147	0.157	0.18
2020-04-10T08:05:00Z	0.119	0.147	0.157	0.18
2020-04-10T08:25:00Z	0.118	0.146	0.157	0.18
2020-04-10T08:45:00Z	0.118	0.146	0.157	0.18
2020-04-10T09:05:00Z	0.118	0.145	0.157	0.18
2020-04-10T09:25:00Z	0.118	0.145	0.156	0.18
2020-04-10T09:45:00Z	0.117	0.145	0.156	0.18
2020-04-10T10:05:00Z	0.117	0.144	0.156	0.18
2020-04-10T10:25:00Z	0.116	0.144	0.156	0.18
2020-04-10T10:45:00Z	0.116	0.143	0.156	0.18
2020-04-10T11:05:00Z	0.116	0.143	0.156	0.18
2020-04-10T11:25:00Z	0.115	0.142	0.155	0.18
2020-04-10T11:45:00Z	0.115	0.142	0.155	0.18
2020-04-10T12:05:00Z	0.115	0.141	0.155	0.18
2020-04-10T12:25:00Z	0.114	0.141	0.155	0.18
2020-04-10T12:45:00Z	0.114	0.141	0.155	0.18
2020-04-10T13:05:00Z	0.113	0.14	0.155	0.179
2020-04-10T13:25:00Z	0.113	0.139	0.155	0.179
2020-04-10T13:45:00Z	0.113	0.139	0.155	0.179
2020-04-10T14:05:00Z	0.112	0.139	0.155	0.179
2020-04-10T14:25:00Z	0.112	0.138	0.155	0.18
2020-04-10T14:45:00Z	0.112	0.138	0.155	0.18
2020-04-10T15:05:00Z	0.112	0.138	0.155	0.18
2020-04-10T15:25:00Z	0.112	0.138	0.155	0.18
2020-04-10T15:45:00Z	0.112	0.138	0.155	0.18
2020-04-10T16:05:00Z	0.112	0.138	0.155	0.18
2020-04-10T16:25:00Z	0.112	0.138	0.155	0.18
2020-04-10T16:45:00Z	0.112	0.138	0.155	0.18
2020-04-10T17:05:00Z	0.112	0.138	0.155	0.18
2020-04-10T17:25:00Z	0.112	0.138	0.155	0.18
2020-04-10T17:45:00Z	0.112	0.138	0.155	0.18
2020-04-10T18:05:00Z	0.112	0.139	0.155	0.18
2020-04-10T18:25:00Z	0.112	0.139	0.155	0.18
2020-04-10T18:45:00Z	0.112	0.139	0.155	0.18
2020-04-10T19:05:00Z	0.112	0.139	0.155	0.18
2020-04-10T19:25:00Z	0.112	0.139	0.155	0.18
2020-04-10T19:45:00Z	0.112	0.139	0.155	0.18
2020-04-10T20:05:00Z	0.112	0.139	0.155	0.18
2020-04-10T20:25:00Z	0.112	0.139	0.155	0.18
2020-04-10T20:45:00Z	0.113	0.14	0.155	0.18
2020-04-10T21:05:00Z	0.113	0.14	0.155	0.18
2020-04-10T21:25:00Z	0.113	0.14	0.155	0.18
2020-04-10T21:45:00Z	0.113	0.14	0.155	0.18
2020-04-10T22:05:00Z	0.113	0.14	0.155	0.18
2020-04-10T22:25:00Z	0.113	0.14	0.155	0.18
2020-04-10T22:45:00Z	0.113	0.14	0.155	0.18
2020-04-10T23:05:00Z	0.113	0.14	0.155	0.18
2020-04-10T23:25:00Z	0.113	0.14	0.155	0.18
2020-04-10T23:45:00Z	0.113	0.14	0.155	0.18
2020-04-11T00:05:00Z	0.113	0.14	0.155	0.18
2020-04-11T00:25:00Z	0.113	0.14	0.155	0.18
2020-04-11T00:45:00Z	0.113	0.141	0.155	0.18
2020-04-11T01:05:00Z	0.113	0.141	0.155	0.18
2020-04-11T01:25:00Z	0.113	0.141	0.155	0.18
2020-04-11T01:45:00Z	0.113	0.141	0.155	0.18
2020-04-11T02:05:00Z	0.113	0.141	0.155	0.18
2020-04-11T02:25:00Z	0.113	0.141	0.155	0.18
2020-04-11T02:45:00Z	0.113	0.141	0.155	0.18
2020-04-11T03:05:00Z	0.113	0.141	0.155	0.18
2020-04-11T03:25:00Z	0.113	0.141	0.155	0.18
2020-04-11T03:45:00Z	0.113	0.141	0.155	0.18
2020-04-11T04:05:00Z	0.113	0.141	0.155	0.18
2020-04-11T04:25:00Z	0.113	0.141	0.155	0.18
2020-04-11T04:45:00Z	0.113	0.141	0.155	0.18
2020-04-11T05:05:00Z	0.113	0.141	0.155	0.18
2020-04-11T05:25:00Z	0.113	0.141	0.155	0.18
2020-04-11T05:45:00Z	0.113	0.141	0.155	0.18
2020-04-11T06:05:00Z	0.113	0.141	0.155	0.18
2020-04-11T06:25:00Z	0.113	0.14	0.155	0.18
2020-04-11T06:45:00Z	0.112	0.14	0.155	0.18
2020-04-11T07:05:00Z	0.112	0.14	0.155	0.179
2020-04-11T07:25:00Z	0.112	0.14	0.155	0.179
2020-04-11T07:45:00Z	0.112	0.139	0.154	0.179
2020-04-11T08:05:00Z	0.112	0.139	0.154	0.179
2020-04-11T08:25:00Z	0.112	0.138	0.154	0.179
2020-04-11T08:45:00Z	0.112	0.138	0.154	0.179
2020-04-11T09:05:00Z	0.112	0.137	0.154	0.179
2020-04-11T09:25:00Z	0.111	0.137	0.154	0.179
2020-04-11T09:45:00Z	0.111	0.137	0.154	0.179
2020-04-11T10:05:00Z	0.11	0.136	0.153	0.179
2020-04-11T10:25:00Z	0.11	0.136	0.153	0.179
2020-04-11T10:45:00Z	0.11	0.135	0.153	0.178
2020-04-11T11:05:00Z	0.11	0.135	0.153	0.178
2020-04-11T11:25:00Z	0.11	0.134	0.153	0.178
2020-04-11T11:45:00Z	0.109	0.134	0.152	0.178
2020-04-11T12:05:00Z	0.109	0.133	0.152	0.178
2020-04-11T12:25:00Z	0.108	0.132	0.152	0.178
2020-04-11T12:45:00Z	0.108	0.132	0.152	0.178
2020-04-11T13:05:00Z	0.108	0.132	0.152	0.178
2020-04-11T13:25:00Z	0.107	0.131	0.152	0.178
2020-04-11T13:45:00Z	0.107	0.131	0.152	0.178
2020-04-11T14:05:00Z	0.107	0.13	0.152	0.178
2020-04-11T14:25:00Z	0.107	0.13	0.151	0.178
2020-04-11T14:45:00Z	0.106	0.129	0.151	0.178
2020-04-11T15:05:00Z	0.106	0.129	0.151	0.178
2020-04-11T15:25:00Z	0.106	0.129	0.151	0.178
2020-04-11T15:45:00Z	0.106	0.128	0.151	0.178
2020-04-11T16:05:00Z	0.106	0.128	0.151	0.178
2020-04-11T16:25:00Z	0.106	0.128	0.151	0.178
2020-04-11T16:45:00Z	0.106	0.129	0.151	0.178
2020-04-11T17:05:00Z	0.106	0.129	0.151	0.178
2020-04-11T17:25:00Z	0.106	0.129	0.151	0.178
2020-04-11T17:45:00Z	0.107	0.129	0.152	0.179
2020-04-11T18:05:00Z	0.107	0.13	0.152	0.179
2020-04-11T18:25:00Z	0.107	0.13	0.152	0.179
2020-04-11T18:45:00Z	0.107	0.13	0.152	0.179
2020-04-11T19:05:00Z	0.107	0.13	0.152	0.179
2020-04-11T19:25:00Z	0.107	0.13	0.152	0.179
2020-04-11T19:45:00Z	0.107	0.13	0.152	0.179
2020-04-11T20:05:00Z	0.107	0.131	0.152	0.179
2020-04-11T20:25:00Z	0.107	0.131	0.152	0.179
2020-04-11T20:45:00Z	0.107	0.131	0.152	0.179
2020-04-11T21:05:00Z	0.107	0.131	0.152	0.179
2020-04-11T21:25:00Z	0.107	0.131	0.152	0.179
2020-04-11T21:45:00Z	0.107	0.131	0.152	0.179
2020-04-11T22:05:00Z	0.107	0.131	0.152	0.179
2020-04-11T22:25:00Z	0.107	0.131	0.152	0.179
2020-04-11T22:45:00Z	0.107	0.131	0.152	0.179
2020-04-11T23:05:00Z	0.107	0.131	0.152	0.179
2020-04-11T23:25:00Z	0.107	0.132	0.152	0.179
2020-04-11T23:45:00Z	0.107	0.132	0.152	0.179
2020-04-12T00:05:00Z	0.107	0.132	0.152	0.179
2020-04-12T00:25:00Z	0.107	0.132	0.152	0.179
2020-04-12T00:45:00Z	0.107	0.132	0.152	0.179
2020-04-12T01:05:00Z	0.107	0.132	0.152	0.179
2020-04-12T01:25:00Z	0.107	0.132	0.152	0.179
2020-04-12T01:45:00Z	0.107	0.132	0.152	0.179
2020-04-12T02:05:00Z	0.107	0.132	0.152	0.179
2020-04-12T02:25:00Z	0.107	0.132	0.152	0.179
2020-04-12T02:45:00Z	0.107	0.132	0.152	0.179
2020-04-12T03:05:00Z	0.108	0.132	0.152	0.179
2020-04-12T03:25:00Z	0.108	0.132	0.152	0.179
2020-04-12T03:45:00Z	0.107	0.132	0.152	0.179
2020-04-12T04:05:00Z	0.108	0.132	0.152	0.179
2020-04-12T04:25:00Z	0.107	0.132	0.152	0.179
2020-04-12T04:45:00Z	0.107	0.132	0.152	0.179
2020-04-12T05:05:00Z	0.107	0.132	0.152	0.178
2020-04-12T05:25:00Z	0.107	0.132	0.152	0.178
2020-04-12T05:45:00Z	0.107	0.132	0.152	0.178
2020-04-12T06:05:00Z	0.107	0.132	0.152	0.178
2020-04-12T06:25:00Z	0.107	0.132	0.151	0.178
2020-04-12T06:45:00Z	0.107	0.131	0.151	0.178
2020-04-12T07:05:00Z	0.106	0.131	0.151	0.178
2020-04-12T07:25:00Z	0.106	0.13	0.151	0.178
2020-04-12T07:45:00Z	0.106	0.129	0.15	0.178
2020-04-12T08:05:00Z	0.106	0.129	0.15	0.178
2020-04-12T08:25:00Z	0.106	0.128	0.15	0.178
2020-04-12T08:45:00Z	0.106	0.128	0.15	0.177
2020-04-12T09:05:00Z	0.106	0.127	0.15	0.177
2020-04-12T09:25:00Z	0.105	0.126	0.149	0.177
2020-04-12T09:45:00Z	0.105	0.126	0.149	0.177
2020-04-12T10:05:00Z	0.105	0.125	0.149	0.177
2020-04-12T10:25:00Z	0.104	0.124	0.148	0.177
2020-04-12T10:45:00Z	0.104	0.124	0.148	0.177
2020-04-12T11:05:00Z	0.103	0.123	0.148	0.177
2020-04-12T11:25:00Z	0.103	0.123	0.148	0.176
2020-04-12T11:45:00Z	0.103	0.122	0.148	0.176
2020-04-12T12:05:00Z	0.102	0.122	0.147	0.176
2020-04-12T12:25:00Z	0.102	0.121	0.147	0.176
2020-04-12T12:45:00Z	0.102	0.12	0.147	0.176
2020-04-12T13:05:00Z	0.101	0.12	0.146	0.176
2020-04-12T13:25:00Z	0.101	0.119	0.146	0.176
2020-04-12T13:45:00Z	0.101	0.119	0.146	0.176
2020-04-12T14:05:00Z	0.101	0.118	0.146	0.176
2020-04-12T14:25:00Z	0.101	0.118	0.146	0.176
2020-04-12T14:45:00Z	0.1	0.118	0.146	0.176
2020-04-12T15:05:00Z	0.1	0.118	0.146	0.176
2020-04-12T15:25:00Z	0.1	0.118	0.146	0.176
2020-04-12T15:45:00Z	0.1	0.117	0.145	0.176
2020-04-12T16:05:00Z	0.1	0.117	0.145	0.176
2020-04-12T16:25:00Z	0.1	0.117	0.145	0.176
2020-04-12T16:45:00Z	0.1	0.117	0.145	0.176
2020-04-12T17:05:00Z	0.1	0.118	0.146	0.176
2020-04-12T17:25:00Z	0.101	0.118	0.146	0.176
2020-04-12T17:45:00Z	0.101	0.118	0.146	0.176
2020-04-12T18:05:00Z	0.101	0.118	0.146	0.177
2020-04-12T18:25:00Z	0.101	0.118	0.146	0.177
2020-04-12T18:45:00Z	0.101	0.118	0.146	0.177
2020-04-12T19:05:00Z	0.101	0.118	0.146	0.177
2020-04-12T19:25:00Z	0.101	0.119	0.146	0.177
2020-04-12T19:45:00Z	0.101	0.119	0.146	0.177
2020-04-12T20:05:00Z	0.101	0.119	0.146	0.177
2020-04-12T20:25:00Z	0.101	0.119	0.146	0.177
2020-04-12T20:45:00Z	0.101	0.119	0.146	0.177
2020-04-12T21:05:00Z	0.101	0.119	0.146	0.177
2020-04-12T21:25:00Z	0.101	0.119	0.146	0.177
2020-04-12T21:45:00Z	0.101	0.119	0.146	0.177
2020-04-12T22:05:00Z	0.101	0.119	0.146	0.177
2020-04-12T22:25:00Z	0.101	0.119	0.146	0.177
2020-04-12T22:45:00Z	0.101	0.12	0.146	0.177
2020-04-12T23:05:00Z	0.101	0.12	0.146	0.177
2020-04-12T23:25:00Z	0.101	0.12	0.146	0.177
2020-04-12T23:45:00Z	0.101	0.12	0.146	0.177
2020-04-13T00:05:00Z	0.101	0.12	0.146	0.177
2020-04-13T00:25:00Z	0.101	0.12	0.146	0.177
2020-04-13T00:45:00Z	0.101	0.12	0.146	0.177
2020-04-13T01:05:00Z	0.101	0.12	0.146	0.177
2020-04-13T01:25:00Z	0.101	0.12	0.146	0.177
2020-04-13T01:45:00Z	0.101	0.12	0.146	0.176
2020-04-13T02:05:00Z	0.101	0.12	0.146	0.176
2020-04-13T02:25:00Z	0.101	0.12	0.146	0.176
2020-04-13T02:45:00Z	0.101	0.12	0.146	0.176
2020-04-13T03:05:00Z	0.101	0.12	0.146	0.176
2020-04-13T03:25:00Z	0.101	0.12	0.146	0.176
2020-04-13T03:45:00Z	0.101	0.12	0.146	0.176
2020-04-13T04:05:00Z	0.101	0.12	0.146	0.176
2020-04-13T04:25:00Z	0.101	0.12	0.146	0.177
2020-04-13T04:45:00Z	0.102	0.12	0.146	0.176
2020-04-13T05:05:00Z	0.102	0.12	0.146	0.176
2020-04-13T05:25:00Z	0.101	0.12	0.146	0.176
2020-04-13T05:45:00Z	0.102	0.12	0.146	0.176
2020-04-13T06:05:00Z	0.101	0.121	0.146	0.176
2020-04-13T06:25:00Z	0.102	0.121	0.146	0.176
2020-04-13T06:45:00Z	0.102	0.121	0.146	0.176
2020-04-13T07:05:00Z	0.102	0.121	0.146	0.176
2020-04-13T07:25:00Z	0.102	0.121	0.146	0.176
2020-04-13T07:45:00Z	0.102	0.121	0.146	0.176
2020-04-13T08:05:00Z	0.101	0.121	0.146	0.176
2020-04-13T08:25:00Z	0.101	0.121	0.146	0.176
2020-04-13T08:45:00Z	0.101	0.121	0.146	0.176
2020-04-13T09:05:00Z	0.101	0.12	0.146	0.176
2020-04-13T09:25:00Z	0.101	0.12	0.146	0.176
2020-04-13T09:45:00Z	0.101	0.12	0.146	0.176
2020-04-13T10:05:00Z	0.101	0.12	0.146	0.176
2020-04-13T10:25:00Z	0.101	0.119	0.146	0.176
2020-04-13T10:45:00Z	0.101	0.119	0.146	0.176
2020-04-13T11:05:00Z	0.101	0.119	0.146	0.176
2020-04-13T11:25:00Z	0.101	0.119	0.145	0.176
2020-04-13T11:45:00Z	0.101	0.119	0.145	0.176
2020-04-13T12:05:00Z	0.101	0.119	0.145	0.176
2020-04-13T12:25:00Z	0.101	0.118	0.145	0.176
2020-04-13T12:45:00Z	0.101	0.118	0.144	0.175
2020-04-13T13:05:00Z	0.101	0.118	0.145	0.176
2020-04-13T13:25:00Z	0.101	0.118	0.145	0.176
2020-04-13T13:45:00Z	0.101	0.118	0.144	0.176
2020-04-13T14:05:00Z	0.101	0.118	0.144	0.176
2020-04-13T14:25:00Z	0.101	0.118	0.144	0.176
2020-04-13T14:45:00Z	0.101	0.118	0.144	0.176
2020-04-13T15:05:00Z	0.101	0.118	0.144	0.176
2020-04-13T15:25:00Z	0.101	0.118	0.144	0.176
2020-04-13T15:45:00Z	0.101	0.118	0.144	0.176
2020-04-13T16:05:00Z	0.101	0.118	0.144	0.176
2020-04-13T16:25:00Z	0.101	0.118	0.144	0.176
2020-04-13T16:45:00Z	0.101	0.118	0.144	0.176
2020-04-13T17:05:00Z	0.101	0.118	0.144	0.176
2020-04-13T17:25:00Z	0.101	0.118	0.144	0.176
2020-04-13T17:45:00Z	0.101	0.118	0.145	0.176
2020-04-13T18:05:00Z	0.101	0.118	0.145	0.176
2020-04-13T18:25:00Z	0.101	0.119	0.145	0.176
2020-04-13T18:45:00Z	0.101	0.119	0.145	0.176
2020-04-13T19:05:00Z	0.101	0.119	0.145	0.176
2020-04-13T19:25:00Z	0.101	0.119	0.145	0.176
2020-04-13T19:45:00Z	0.101	0.119	0.145	0.176
2020-04-13T20:05:00Z	0.101	0.119	0.145	0.176
2020-04-13T20:25:00Z	0.101	0.119	0.145	0.176
2020-04-13T20:45:00Z	0.101	0.119	0.145	0.176
2020-04-13T21:05:00Z	0.101	0.119	0.145	0.176
2020-04-13T21:25:00Z	0.101	0.119	0.144	0.176
2020-04-13T21:45:00Z	0.101	0.119	0.145	0.176
2020-04-13T22:05:00Z	0.101	0.119	0.146	0.176
2020-04-13T22:25:00Z	0.101	0.119	0.145	0.176
2020-04-13T22:45:00Z	0.101	0.119	0.145	0.176
2020-04-13T23:05:00Z	0.101	0.119	0.145	0.176
2020-04-13T23:25:00Z	0.101	0.119	0.144	0.176
2020-04-13T23:45:00Z	0.101	0.119	0.146	0.176
2020-04-14T00:05:00Z	0.101	0.119	0.146	0.176
2020-04-14T00:25:00Z	0.101	0.12	0.145	0.176
2020-04-14T00:45:00Z	0.101	0.12	0.145	0.176
2020-04-14T01:05:00Z	0.101	0.12	0.145	0.176
2020-04-14T01:25:00Z	0.101	0.12	0.145	0.176
2020-04-14T01:45:00Z	0.101	0.12	0.145	0.176
2020-04-14T02:05:00Z	0.101	0.12	0.145	0.176
2020-04-14T02:25:00Z	0.101	0.12	0.145	0.176
2020-04-14T02:45:00Z	0.101	0.12	0.145	0.176
2020-04-14T03:05:00Z	0.101	0.12	0.145	0.176
2020-04-14T03:25:00Z	0.101	0.12	0.146	0.176
2020-04-14T03:45:00Z	0.101	0.12	0.145	0.176
2020-04-14T04:05:00Z	0.101	0.121	0.145	0.176
2020-04-14T04:25:00Z	0.101	0.121	0.145	0.176
2020-04-14T04:45:00Z	0.101	0.12	0.145	0.176
2020-04-14T05:05:00Z	0.101	0.12	0.145	0.176
2020-04-14T05:25:00Z	0.101	0.12	0.145	0.176
2020-04-14T05:45:00Z	0.101	0.12	0.145	0.175
2020-04-14T06:05:00Z	0.101	0.12	0.145	0.175
2020-04-14T06:25:00Z	0.101	0.12	0.145	0.175
2020-04-14T06:45:00Z	0.101	0.12	0.145	0.175
2020-04-14T07:05:00Z	0.101	0.12	0.144	0.175
2020-04-14T07:25:00Z	0.101	0.12	0.144	0.175
2020-04-14T07:45:00Z	0.101	0.119	0.144	0.174
2020-04-14T08:05:00Z	0.101	0.119	0.144	0.174
2020-04-14T08:25:00Z	0.101	0.119	0.143	0.174
2020-04-14T08:45:00Z	0.101	0.118	0.143	0.174
2020-04-14T09:05:00Z	0.1	0.118	0.143	0.174
2020-04-14T09:25:00Z	0.1	0.118	0.142	0.174
2020-04-14T09:45:00Z	0.1	0.118	0.142	0.174
2020-04-14T10:05:00Z	0.1	0.118	0.142	0.174
2020-04-14T10:25:00Z	0.1	0.117	0.142	0.174
2020-04-14T10:45:00Z	0.1	0.117	0.142	0.174
2020-04-14T11:05:00Z	0.1	0.116	0.142	0.174
2020-04-14T11:25:00Z	0.1	0.116	0.141	0.174
2020-04-14T11:45:00Z	0.1	0.115	0.141	0.174
2020-04-14T12:05:00Z	0.1	0.115	0.141	0.174
2020-04-14T12:25:00Z	0.1	0.115	0.141	0.174
2020-04-14T12:45:00Z	0.1	0.115	0.14	0.174
2020-04-14T13:05:00Z	0.1	0.114	0.14	0.174
2020-04-14T13:25:00Z	0.1	0.114	0.139	0.174
2020-04-14T13:45:00Z	0.1	0.114	0.139	0.174
2020-04-14T14:05:00Z	0.099	0.114	0.139	0.174
2020-04-14T14:25:00Z	0.099	0.114	0.139	0.174
2020-04-14T14:45:00Z	0.099	0.114	0.139	0.174
2020-04-14T15:05:00Z	0.099	0.114	0.138	0.174
2020-04-14T15:25:00Z	0.099	0.114	0.138	0.174
2020-04-14T15:45:00Z	0.099	0.114	0.138	0.174
2020-04-14T16:05:00Z	0.099	0.114	0.138	0.174
2020-04-14T16:25:00Z	0.099	0.114	0.138	0.174
2020-04-14T16:45:00Z	0.1	0.114	0.138	0.174
2020-04-14T17:05:00Z	0.1	0.114	0.138	0.174
2020-04-14T17:25:00Z	0.1	0.114	0.138	0.174
2020-04-14T17:45:00Z	0.1	0.114	0.138	0.174
2020-04-14T18:05:00Z	0.1	0.114	0.138	0.174
2020-04-14T18:25:00Z	0.1	0.115	0.138	0.174
2020-04-14T18:45:00Z	0.1	0.115	0.138	0.174
2020-04-14T19:05:00Z	0.1	0.115	0.138	0.174
2020-04-14T19:25:00Z	0.1	0.115	0.138	0.174
2020-04-14T19:45:00Z	0.1	0.115	0.138	0.174
2020-04-14T20:05:00Z	0.1	0.115	0.138	0.174
2020-04-14T20:25:00Z	0.1	0.115	0.138	0.174
2020-04-14T20:45:00Z	0.1	0.115	0.138	0.174
2020-04-14T21:05:00Z	0.1	0.115	0.138	0.174
2020-04-14T21:25:00Z	0.1	0.115	0.138	0.174
2020-04-14T21:45:00Z	0.1	0.115	0.138	0.174
2020-04-14T22:05:00Z	0.1	0.115	0.138	0.174
2020-04-14T22:25:00Z	0.1	0.115	0.138	0.174
2020-04-14T22:45:00Z	0.1	0.115	0.138	0.174
2020-04-14T23:05:00Z	0.1	0.115	0.138	0.174
2020-04-14T23:25:00Z	0.1	0.115	0.138	0.174
2020-04-14T23:45:00Z	0.1	0.115	0.138	0.174
2020-04-15T00:05:00Z	0.1	0.115	0.138	0.174
2020-04-15T00:25:00Z	0.1	0.115	0.138	0.174
2020-04-15T00:45:00Z	0.1	0.116	0.138	0.174
2020-04-15T01:05:00Z	0.1	0.115	0.138	0.174
2020-04-15T01:25:00Z	0.1	0.116	0.138	0.174
2020-04-15T01:45:00Z	0.1	0.115	0.138	0.174
2020-04-15T02:05:00Z	0.1	0.116	0.138	0.174
2020-04-15T02:25:00Z	0.1	0.116	0.138	0.174
2020-04-15T02:45:00Z	0.1	0.116	0.138	0.174
2020-04-15T03:05:00Z	0.1	0.116	0.138	0.174
2020-04-15T03:25:00Z	0.1	0.116	0.138	0.174
2020-04-15T03:45:00Z	0.1	0.116	0.138	0.174
2020-04-15T04:05:00Z	0.1	0.116	0.138	0.174
2020-04-15T04:25:00Z	0.1	0.116	0.138	0.174
2020-04-15T04:45:00Z	0.1	0.116	0.138	0.174
2020-04-15T05:05:00Z	0.1	0.116	0.138	0.174
2020-04-15T05:25:00Z	0.1	0.116	0.138	0.174
2020-04-15T05:45:00Z	0.1	0.116	0.138	0.174
2020-04-15T06:05:00Z	0.1	0.116	0.138	0.173
2020-04-15T06:25:00Z	0.1	0.116	0.138	0.173
2020-04-15T06:45:00Z	0.1	0.116	0.137	0.173
2020-04-15T07:05:00Z	0.1	0.115	0.137	0.173
2020-04-15T07:25:00Z	0.1	0.115	0.137	0.173
2020-04-15T07:45:00Z	0.1	0.115	0.137	0.173
2020-04-15T08:05:00Z	0.1	0.115	0.136	0.173
2020-04-15T08:25:00Z	0.1	0.115	0.136	0.173
2020-04-15T08:45:00Z	0.1	0.114	0.136	0.173
2020-04-15T09:05:00Z	0.1	0.114	0.136	0.173
2020-04-15T09:25:00Z	0.096	0.112	0.135	0.172
2020-04-15T09:45:00Z	0.096	0.112	0.135	0.172
2020-04-15T10:05:00Z	0.096	0.111	0.134	0.172
2020-04-15T10:25:00Z	0.096	0.111	0.135	0.172
2020-04-15T10:45:00Z	0.096	0.111	0.135	0.172
2020-04-15T11:05:00Z	0.096	0.111	0.134	0.172
2020-04-15T11:25:00Z	0.096	0.111	0.134	0.172
2020-04-15T11:45:00Z	0.096	0.11	0.133	0.172
2020-04-15T12:05:00Z	0.096	0.11	0.133	0.172
2020-04-15T12:25:00Z	0.096	0.11	0.133	0.172
2020-04-15T12:45:00Z	0.096	0.109	0.133	0.172
2020-04-15T13:05:00Z	0.096	0.109	0.132	0.172
2020-04-15T13:25:00Z	0.095	0.109	0.132	0.172
2020-04-15T13:45:00Z	0.095	0.108	0.132	0.171
2020-04-15T14:05:00Z	0.096	0.108	0.132	0.171
2020-04-15T14:25:00Z	0.095	0.108	0.131	0.171
2020-04-15T14:45:00Z	0.095	0.108	0.131	0.171
2020-04-15T15:05:00Z	0.095	0.108	0.131	0.171
2020-04-15T15:25:00Z	0.095	0.108	0.131	0.171
2020-04-15T15:45:00Z	0.095	0.108	0.133	0.171
2020-04-15T16:05:00Z	0.095	0.108	0.132	0.171
2020-04-15T16:25:00Z	0.095	0.108	0.132	0.171
2020-04-15T16:45:00Z	0.095	0.108	0.132	0.171
2020-04-15T17:05:00Z	0.095	0.108	0.132	0.172
2020-04-15T17:25:00Z	0.095	0.108	0.132	0.172
2020-04-15T17:45:00Z	0.096	0.108	0.132	0.172
2020-04-15T18:05:00Z	0.096	0.108	0.132	0.172
2020-04-15T18:25:00Z	0.096	0.109	0.132	0.172
2020-04-15T18:45:00Z	0.096	0.109	0.133	0.172
2020-04-15T19:05:00Z	0.096	0.109	0.133	0.172
2020-04-15T19:25:00Z	0.096	0.109	0.133	0.172
2020-04-15T19:45:00Z	0.096	0.109	0.132	0.172
2020-04-15T20:05:00Z	0.096	0.109	0.132	0.172
2020-04-15T20:25:00Z	0.096	0.109	0.132	0.172
2020-04-15T20:45:00Z	0.096	0.109	0.132	0.172
2020-04-15T21:05:00Z	0.096	0.109	0.133	0.172
2020-04-15T21:25:00Z	0.096	0.109	0.133	0.172
2020-04-15T21:45:00Z	0.096	0.109	0.133	0.172
2020-04-15T22:05:00Z	0.096	0.109	0.133	0.172
2020-04-15T22:25:00Z	0.096	0.109	0.133	0.172
2020-04-15T22:45:00Z	0.096	0.11	0.133	0.172
2020-04-15T23:05:00Z	0.096	0.11	0.134	0.172
2020-04-15T23:25:00Z	0.096	0.11	0.133	0.172
2020-04-15T23:45:00Z	0.096	0.109	0.133	0.172
2020-04-16T00:05:00Z	0.096	0.11	0.133	0.172
2020-04-16T00:25:00Z	0.096	0.11	0.133	0.172
2020-04-16T00:45:00Z	0.096	0.11	0.133	0.172
2020-04-16T01:05:00Z	0.096	0.11	0.133	0.172
2020-04-16T01:25:00Z	0.096	0.11	0.133	0.172
2020-04-16T01:45:00Z	0.096	0.11	0.133	0.172
2020-04-16T02:05:00Z	0.096	0.11	0.133	0.172
2020-04-16T02:25:00Z	0.096	0.11	0.133	0.172
2020-04-16T02:45:00Z	0.096	0.11	0.133	0.172
2020-04-16T03:05:00Z	0.096	0.11	0.133	0.172
2020-04-16T03:25:00Z	0.096	0.11	0.133	0.172
2020-04-16T03:45:00Z	0.096	0.11	0.133	0.172
2020-04-16T04:05:00Z	0.096	0.11	0.133	0.172
2020-04-16T04:25:00Z	0.096	0.11	0.133	0.172
2020-04-16T04:45:00Z	0.096	0.11	0.133	0.172
2020-04-16T05:05:00Z	0.096	0.11	0.133	0.172
2020-04-16T05:25:00Z	0.096	0.11	0.133	0.172
2020-04-16T05:45:00Z	0.096	0.11	0.133	0.171
2020-04-16T06:05:00Z	0.096	0.11	0.133	0.171
2020-04-16T06:25:00Z	0.095	0.109	0.133	0.171
2020-04-16T06:45:00Z	0.095	0.109	0.132	0.171
2020-04-16T07:05:00Z	0.095	0.109	0.132	0.171
2020-04-16T07:25:00Z	0.095	0.109	0.132	0.171
2020-04-16T07:45:00Z	0.095	0.108	0.132	0.17
2020-04-16T08:05:00Z	0.095	0.108	0.131	0.17
2020-04-16T08:25:00Z	0.094	0.108	0.131	0.17
2020-04-16T08:45:00Z	0.094	0.108	0.13	0.17
2020-04-16T09:05:00Z	0.094	0.107	0.13	0.17
2020-04-16T09:25:00Z	0.094	0.107	0.13	0.17
2020-04-16T09:45:00Z	0.094	0.106	0.13	0.17
2020-04-16T10:05:00Z	0.094	0.106	0.129	0.17
2020-04-16T10:25:00Z	0.094	0.106	0.129	0.17
2020-04-16T10:45:00Z	0.094	0.105	0.128	0.17
2020-04-16T11:05:00Z	0.094	0.105	0.128	0.17
2020-04-16T11:25:00Z	0.094	0.105	0.127	0.169
2020-04-16T11:45:00Z	0.093	0.105	0.127	0.169
2020-04-16T12:05:00Z	0.093	0.104	0.127	0.169
2020-04-16T12:25:00Z	0.093	0.104	0.127	0.169
2020-04-16T12:45:00Z	0.093	0.104	0.126	0.169
2020-04-16T13:05:00Z	0.093	0.104	0.126	0.169
2020-04-16T13:25:00Z	0.093	0.104	0.126	0.169
2020-04-16T13:45:00Z	0.093	0.104	0.125	0.169
2020-04-16T14:05:00Z	0.093	0.103	0.125	0.169
2020-04-16T14:25:00Z	0.093	0.103	0.125	0.169
2020-04-16T14:45:00Z	0.093	0.103	0.125	0.169
2020-04-16T15:05:00Z	0.093	0.103	0.125	0.169
2020-04-16T15:25:00Z	0.093	0.103	0.125	0.168
2020-04-16T15:45:00Z	0.093	0.103	0.124	0.168
2020-04-16T16:05:00Z	0.093	0.103	0.124	0.169
2020-04-16T16:25:00Z	0.093	0.103	0.124	0.169
2020-04-16T16:45:00Z	0.093	0.103	0.124	0.169
2020-04-16T17:05:00Z	0.093	0.103	0.125	0.169
2020-04-16T17:25:00Z	0.093	0.103	0.125	0.169
2020-04-16T17:45:00Z	0.093	0.104	0.125	0.169
2020-04-16T18:05:00Z	0.093	0.104	0.125	0.169
2020-04-16T18:25:00Z	0.093	0.104	0.125	0.169
2020-04-16T18:45:00Z	0.093	0.104	0.125	0.169
2020-04-16T19:05:00Z	0.093	0.104	0.125	0.169
2020-04-16T19:25:00Z	0.093	0.104	0.125	0.169
2020-04-16T19:45:00Z	0.093	0.105	0.125	0.169
2020-04-16T20:05:00Z	0.093	0.105	0.125	0.169
2020-04-16T20:25:00Z	0.093	0.105	0.125	0.169
2020-04-16T20:45:00Z	0.093	0.105	0.125	0.169
2020-04-16T21:05:00Z	0.093	0.105	0.125	0.169
2020-04-16T21:25:00Z	0.093	0.105	0.125	0.169
2020-04-16T21:45:00Z	0.093	0.105	0.125	0.169
2020-04-16T22:05:00Z	0.093	0.105	0.125	0.169
2020-04-16T22:25:00Z	0.093	0.105	0.125	0.169
2020-04-16T22:45:00Z	0.093	0.105	0.126	0.169
2020-04-16T23:05:00Z	0.093	0.105	0.126	0.169
2020-04-16T23:25:00Z	0.093	0.105	0.126	0.169
2020-04-16T23:45:00Z	0.093	0.105	0.126	0.169
2020-04-17T00:05:00Z	0.093	0.105	0.126	0.169
2020-04-17T00:25:00Z	0.093	0.105	0.126	0.169
2020-04-17T00:45:00Z	0.094	0.105	0.126	0.169
2020-04-17T01:05:00Z	0.094	0.105	0.126	0.169
2020-04-17T01:25:00Z	0.093	0.105	0.126	0.169
2020-04-17T01:45:00Z	0.093	0.105	0.126	0.169
2020-04-17T02:05:00Z	0.094	0.105	0.126	0.169
2020-04-17T02:25:00Z	0.094	0.105	0.126	0.169
2020-04-17T02:45:00Z	0.094	0.105	0.126	0.169
2020-04-17T03:05:00Z	0.094	0.105	0.126	0.169
2020-04-17T03:25:00Z	0.094	0.105	0.126	0.169
2020-04-17T03:45:00Z	0.094	0.105	0.126	0.169
2020-04-17T04:05:00Z	0.094	0.105	0.126	0.169
2020-04-17T04:25:00Z	0.094	0.105	0.126	0.169
2020-04-17T04:45:00Z	0.093	0.105	0.126	0.169
2020-04-17T05:05:00Z	0.093	0.105	0.126	0.169
2020-04-17T05:25:00Z	0.093	0.105	0.127	0.169
2020-04-17T05:45:00Z	0.093	0.105	0.128	0.169
2020-04-17T06:05:00Z	0.093	0.105	0.126	0.169
2020-04-17T06:25:00Z	0.093	0.105	0.126	0.168
2020-04-17T06:45:00Z	0.093	0.105	0.126	0.168
2020-04-17T07:05:00Z	0.093	0.105	0.125	0.168
2020-04-17T07:25:00Z	0.093	0.105	0.125	0.168
2020-04-17T07:45:00Z	0.093	0.104	0.125	0.168
2020-04-17T08:05:00Z	0.092	0.104	0.124	0.168
2020-04-17T08:25:00Z	0.093	0.104	0.124	0.168
2020-04-17T08:45:00Z	0.092	0.103	0.124	0.168
2020-04-17T09:05:00Z	0.092	0.103	0.124	0.168
2020-04-17T09:25:00Z	0.092	0.103	0.124	0.168
2020-04-17T09:45:00Z	0.092	0.103	0.124	0.168
2020-04-17T10:05:00Z	0.092	0.103	0.124	0.168
2020-04-17T10:25:00Z	0.092	0.102	0.123	0.168
2020-04-17T10:45:00Z	0.092	0.102	0.122	0.167
2020-04-17T11:05:00Z	0.092	0.102	0.122	0.167
2020-04-17T11:25:00Z	0.092	0.102	0.121	0.167
2020-04-17T11:45:00Z	0.092	0.102	0.121	0.167
2020-04-17T12:05:00Z	0.092	0.101	0.121	0.166
2020-04-17T12:25:00Z	0.092	0.101	0.12	0.166
2020-04-17T12:45:00Z	0.092	0.101	0.12	0.166
2020-04-17T13:05:00Z	0.091	0.1	0.12	0.166
2020-04-17T13:25:00Z	0.091	0.1	0.12	0.166
2020-04-17T13:45:00Z	0.091	0.1	0.12	0.166
2020-04-17T14:05:00Z	0.091	0.1	0.119	0.166
2020-04-17T14:25:00Z	0.091	0.1	0.12	0.166
2020-04-17T14:45:00Z	0.091	0.1	0.121	0.166
2020-04-17T15:05:00Z	0.091	0.1	0.121	0.166
2020-04-17T15:25:00Z	0.091	0.1	0.121	0.166
2020-04-17T15:45:00Z	0.091	0.1	0.121	0.166
2020-04-17T16:05:00Z	0.091	0.1	0.12	0.166
2020-04-17T16:25:00Z	0.091	0.1	0.12	0.166
2020-04-17T16:45:00Z	0.091	0.1	0.12	0.166
2020-04-17T17:05:00Z	0.091	0.1	0.12	0.166
2020-04-17T17:25:00Z	0.091	0.1	0.12	0.166
2020-04-17T17:45:00Z	0.092	0.101	0.12	0.166
2020-04-17T18:05:00Z	0.092	0.101	0.12	0.166
2020-04-17T18:25:00Z	0.092	0.101	0.12	0.166
2020-04-17T18:45:00Z	0.092	0.101	0.121	0.166
2020-04-17T19:05:00Z	0.092	0.101	0.121	0.166
2020-04-17T19:25:00Z	0.092	0.101	0.121	0.166
2020-04-17T19:45:00Z	0.092	0.101	0.121	0.166
2020-04-17T20:05:00Z	0.092	0.101	0.121	0.166
2020-04-17T20:25:00Z	0.092	0.101	0.121	0.166
2020-04-17T20:45:00Z	0.092	0.101	0.12	0.166
2020-04-17T21:05:00Z	0.092	0.101	0.12	0.166
2020-04-17T21:25:00Z	0.091	0.101	0.12	0.166
2020-04-17T21:45:00Z	0.092	0.102	0.12	0.166
2020-04-17T22:05:00Z	0.092	0.102	0.12	0.166
2020-04-17T22:25:00Z	0.092	0.102	0.12	0.166
2020-04-17T22:45:00Z	0.092	0.102	0.12	0.166
2020-04-17T23:05:00Z	0.092	0.102	0.12	0.166
2020-04-17T23:25:00Z	0.092	0.102	0.122	0.166
2020-04-17T23:45:00Z	0.092	0.102	0.121	0.166
2020-04-18T00:05:00Z	0.092	0.102	0.122	0.166
2020-04-18T00:25:00Z	0.092	0.102	0.122	0.166
2020-04-18T00:45:00Z	0.092	0.102	0.122	0.166
2020-04-18T01:05:00Z	0.092	0.102	0.122	0.166
2020-04-18T01:25:00Z	0.092	0.102	0.122	0.166
2020-04-18T01:45:00Z	0.092	0.102	0.122	0.166
2020-04-18T02:05:00Z	0.092	0.102	0.122	0.166
2020-04-18T02:25:00Z	0.092	0.102	0.122	0.166
2020-04-18T02:45:00Z	0.092	0.102	0.122	0.166
2020-04-18T03:05:00Z	0.092	0.102	0.122	0.166
2020-04-18T03:25:00Z	0.092	0.102	0.122	0.166
2020-04-18T03:45:00Z	0.092	0.102	0.123	0.166
2020-04-18T04:05:00Z	0.092	0.102	0.123	0.166
2020-04-18T04:25:00Z	0.092	0.102	0.123	0.166
2020-04-18T04:45:00Z	0.092	0.102	0.123	0.166
2020-04-18T05:05:00Z	0.092	0.102	0.123	0.166
2020-04-18T05:25:00Z	0.092	0.102	0.123	0.166
2020-04-18T05:45:00Z	0.091	0.102	0.123	0.166
2020-04-18T06:05:00Z	0.091	0.102	0.123	0.166
2020-04-18T06:25:00Z	0.091	0.102	0.122	0.166
2020-04-18T06:45:00Z	0.091	0.101	0.122	0.165
2020-04-18T07:05:00Z	0.091	0.101	0.122	0.165
2020-04-18T07:25:00Z	0.091	0.101	0.122	0.165
2020-04-18T07:45:00Z	0.091	0.101	0.121	0.165
2020-04-18T08:05:00Z	0.091	0.1	0.121	0.164
2020-04-18T08:25:00Z	0.09	0.1	0.121	0.164
2020-04-18T08:45:00Z	0.09	0.1	0.12	0.164
2020-04-18T09:05:00Z	0.09	0.099	0.12	0.164
2020-04-18T09:25:00Z	0.09	0.099	0.12	0.164
2020-04-18T09:45:00Z	0.09	0.099	0.12	0.164
2020-04-18T10:05:00Z	0.09	0.098	0.119	0.163
2020-04-18T10:25:00Z	0.09	0.098	0.118	0.163
2020-04-18T10:45:00Z	0.089	0.098	0.118	0.163
2020-04-18T11:05:00Z	0.089	0.098	0.118	0.163
2020-04-18T11:25:00Z	0.089	0.098	0.117	0.163
2020-04-18T11:45:00Z	0.089	0.098	0.117	0.163
2020-04-18T12:05:00Z	0.089	0.098	0.117	0.163
2020-04-18T12:25:00Z	0.089	0.097	0.117	0.162
2020-04-18T12:45:00Z	0.089	0.097	0.116	0.162
2020-04-18T13:05:00Z	0.089	0.097	0.116	0.162
2020-04-18T13:25:00Z	0.089	0.097	0.115	0.162
2020-04-18T13:45:00Z	0.089	0.096	0.115	0.162
2020-04-18T14:05:00Z	0.089	0.097	0.115	0.162
2020-04-18T14:25:00Z	0.089	0.096	0.114	0.162
2020-04-18T14:45:00Z	0.089	0.096	0.114	0.162
2020-04-18T15:05:00Z	0.088	0.096	0.114	0.162
2020-04-18T15:25:00Z	0.088	0.096	0.114	0.162
2020-04-18T15:45:00Z	0.088	0.096	0.114	0.162
2020-04-18T16:05:00Z	0.088	0.096	0.114	0.162
2020-04-18T16:25:00Z	0.089	0.096	0.114	0.162
2020-04-18T16:45:00Z	0.089	0.096	0.114	0.162
2020-04-18T17:05:00Z	0.089	0.096	0.114	0.162
2020-04-18T17:25:00Z	0.089	0.097	0.114	0.162
2020-04-18T17:45:00Z	0.089	0.097	0.114	0.162
2020-04-18T18:05:00Z	0.089	0.097	0.114	0.162
2020-04-18T18:25:00Z	0.089	0.097	0.114	0.162
2020-04-18T18:45:00Z	0.089	0.097	0.114	0.162
2020-04-18T19:05:00Z	0.089	0.097	0.114	0.162
2020-04-18T19:25:00Z	0.089	0.097	0.114	0.162
2020-04-18T19:45:00Z	0.089	0.097	0.114	0.162
2020-04-18T20:05:00Z	0.089	0.098	0.114	0.162
2020-04-18T20:25:00Z	0.089	0.098	0.115	0.162
2020-04-18T20:45:00Z	0.089	0.098	0.115	0.162
2020-04-18T21:05:00Z	0.089	0.098	0.115	0.162
2020-04-18T21:25:00Z	0.089	0.098	0.115	0.162
2020-04-18T21:45:00Z	0.089	0.098	0.115	0.162
2020-04-18T22:05:00Z	0.089	0.098	0.115	0.162
2020-04-18T22:25:00Z	0.089	0.098	0.115	0.163
2020-04-18T22:45:00Z	0.089	0.098	0.115	0.163
2020-04-18T23:05:00Z	0.089	0.098	0.115	0.163
2020-04-18T23:25:00Z	0.089	0.098	0.115	0.163
2020-04-18T23:45:00Z	0.089	0.098	0.115	0.163
2020-04-19T00:05:00Z	0.089	0.098	0.115	0.163
2020-04-19T00:25:00Z	0.089	0.098	0.115	0.163
2020-04-19T00:45:00Z	0.089	0.098	0.115	0.163
2020-04-19T01:05:00Z	0.089	0.098	0.115	0.163
2020-04-19T01:25:00Z	0.089	0.098	0.115	0.163
2020-04-19T01:45:00Z	0.089	0.098	0.115	0.163
2020-04-19T02:05:00Z	0.089	0.098	0.115	0.162
2020-04-19T02:25:00Z	0.089	0.098	0.115	0.163
2020-04-19T02:45:00Z	0.089	0.098	0.115	0.162
2020-04-19T03:05:00Z	0.089	0.098	0.115	0.162
2020-04-19T03:25:00Z	0.089	0.098	0.115	0.162
2020-04-19T03:45:00Z	0.089	0.098	0.115	0.162
2020-04-19T04:05:00Z	0.089	0.098	0.115	0.162
2020-04-19T04:25:00Z	0.089	0.098	0.115	0.162
2020-04-19T04:45:00Z	0.089	0.098	0.115	0.162
2020-04-19T05:05:00Z	0.089	0.098	0.115	0.162
2020-04-19T05:25:00Z	0.089	0.098	0.115	0.162
2020-04-19T05:45:00Z	0.089	0.098	0.114	0.162
2020-04-19T06:05:00Z	0.089	0.098	0.114	0.162
2020-04-19T06:25:00Z	0.089	0.098	0.114	0.162
2020-04-19T06:45:00Z	0.088	0.098	0.114	0.162
2020-04-19T07:05:00Z	0.088	0.098	0.114	0.161
2020-04-19T07:25:00Z	0.088	0.098	0.114	0.161
2020-04-19T07:45:00Z	0.088	0.097	0.113	0.161
2020-04-19T08:05:00Z	0.088	0.097	0.113	0.161
2020-04-19T08:25:00Z	0.088	0.097	0.113	0.161
2020-04-19T08:45:00Z	0.088	0.097	0.112	0.161
2020-04-19T09:05:00Z	0.088	0.096	0.112	0.16
2020-04-19T09:25:00Z	0.088	0.096	0.112	0.16
2020-04-19T09:45:00Z	0.088	0.096	0.112	0.16
2020-04-19T10:05:00Z	0.087	0.096	0.111	0.16
2020-04-19T10:25:00Z	0.087	0.095	0.111	0.16
2020-04-19T10:45:00Z	0.087	0.095	0.11	0.16
2020-04-19T11:05:00Z	0.087	0.095	0.11	0.159
2020-04-19T11:25:00Z	0.087	0.095	0.11	0.159
2020-04-19T11:45:00Z	0.087	0.095	0.109	0.159
2020-04-19T12:05:00Z	0.087	0.095	0.109	0.159
2020-04-19T12:25:00Z	0.087	0.095	0.109	0.158
2020-04-19T12:45:00Z	0.087	0.095	0.109	0.158
2020-04-19T13:05:00Z	0.087	0.094	0.109	0.158
2020-04-19T13:25:00Z	0.087	0.094	0.108	0.158
2020-04-19T13:45:00Z	0.087	0.094	0.108	0.158
2020-04-19T14:05:00Z	0.087	0.094	0.108	0.158
2020-04-19T14:25:00Z	0.086	0.094	0.108	0.158
2020-04-19T14:45:00Z	0.087	0.094	0.108	0.158
2020-04-19T15:05:00Z	0.087	0.094	0.107	0.158
2020-04-19T15:25:00Z	0.087	0.094	0.107	0.158
2020-04-19T15:45:00Z	0.086	0.094	0.107	0.158
2020-04-19T16:05:00Z	0.087	0.094	0.107	0.158
2020-04-19T16:25:00Z	0.086	0.094	0.107	0.157
2020-04-19T16:45:00Z	0.086	0.094	0.107	0.158
2020-04-19T17:05:00Z	0.087	0.094	0.107	0.158
2020-04-19T17:25:00Z	0.087	0.094	0.107	0.158
2020-04-19T17:45:00Z	0.087	0.094	0.108	0.158
2020-04-19T18:05:00Z	0.087	0.095	0.108	0.158
2020-04-19T18:25:00Z	0.087	0.095	0.108	0.158
2020-04-19T18:45:00Z	0.087	0.095	0.108	0.158
2020-04-19T19:05:00Z	0.087	0.095	0.108	0.158
2020-04-19T19:25:00Z	0.087	0.095	0.108	0.158
2020-04-19T19:45:00Z	0.087	0.095	0.108	0.158
2020-04-19T20:05:00Z	0.087	0.095	0.108	0.158
2020-04-19T20:25:00Z	0.087	0.095	0.108	0.158
2020-04-19T20:45:00Z	0.087	0.095	0.109	0.158
2020-04-19T21:05:00Z	0.087	0.095	0.109	0.158
2020-04-19T21:25:00Z	0.087	0.095	0.109	0.158
2020-04-19T21:45:00Z	0.087	0.095	0.109	0.158
2020-04-19T22:05:00Z	0.087	0.095	0.109	0.158
2020-04-19T22:25:00Z	0.087	0.095	0.109	0.158
2020-04-19T22:45:00Z	0.087	0.095	0.109	0.158
2020-04-19T23:05:00Z	0.087	0.095	0.109	0.158
2020-04-19T23:25:00Z	0.087	0.095	0.109	0.158
2020-04-19T23:45:00Z	0.087	0.095	0.109	0.158
2020-04-20T00:05:00Z	0.087	0.095	0.109	0.158
2020-04-20T00:25:00Z	0.087	0.095	0.109	0.158
2020-04-20T00:45:00Z	0.087	0.095	0.109	0.158
2020-04-20T01:05:00Z	0.087	0.095	0.109	0.158
2020-04-20T01:25:00Z	0.087	0.096	0.109	0.158
2020-04-20T01:45:00Z	0.087	0.096	0.109	0.158
2020-04-20T02:05:00Z	0.087	0.096	0.109	0.158
2020-04-20T02:25:00Z	0.087	0.096	0.109	0.158
2020-04-20T02:45:00Z	0.087	0.096	0.109	0.158
2020-04-20T03:05:00Z	0.087	0.096	0.109	0.158
2020-04-20T03:25:00Z	0.087	0.096	0.109	0.158
2020-04-20T03:45:00Z	0.087	0.096	0.109	0.158
2020-04-20T04:05:00Z	0.087	0.096	0.109	0.158
2020-04-20T04:25:00Z	0.087	0.096	0.109	0.158
2020-04-20T04:45:00Z	0.087	0.096	0.109	0.158
2020-04-20T05:05:00Z	0.087	0.096	0.109	0.158
2020-04-20T05:25:00Z	0.087	0.096	0.109	0.158
2020-04-20T05:45:00Z	0.086	0.095	0.109	0.158
2020-04-20T06:05:00Z	0.086	0.095	0.109	0.158
2020-04-20T06:25:00Z	0.086	0.095	0.109	0.157
2020-04-20T06:45:00Z	0.086	0.095	0.108	0.157
2020-04-20T07:05:00Z	0.086	0.095	0.108	0.157
2020-04-20T07:25:00Z	0.086	0.095	0.108	0.157
2020-04-20T07:45:00Z	0.086	0.095	0.107	0.157
2020-04-20T08:05:00Z	0.086	0.095	0.107	0.157
2020-04-20T08:25:00Z	0.086	0.094	0.107	0.156
2020-04-20T08:45:00Z	0.086	0.094	0.106	0.156
2020-04-20T09:05:00Z	0.086	0.094	0.106	0.156
2020-04-20T09:25:00Z	0.086	0.094	0.106	0.156
2020-04-20T09:45:00Z	0.086	0.093	0.106	0.156
2020-04-20T10:05:00Z	0.086	0.093	0.105	0.155
2020-04-20T10:25:00Z	0.086	0.093	0.105	0.155
2020-04-20T10:45:00Z	0.086	0.093	0.105	0.155
2020-04-20T11:05:00Z	0.086	0.093	0.104	0.155
2020-04-20T11:25:00Z	0.086	0.093	0.104	0.155
2020-04-20T11:45:00Z	0.086	0.092	0.104	0.155
2020-04-20T12:05:00Z	0.086	0.092	0.104	0.154
2020-04-20T12:25:00Z	0.085	0.092	0.104	0.154
2020-04-20T12:45:00Z	0.085	0.092	0.104	0.154
2020-04-20T13:05:00Z	0.085	0.092	0.103	0.154
2020-04-20T13:25:00Z	0.085	0.092	0.103	0.154
2020-04-20T13:45:00Z	0.085	0.092	0.103	0.154
2020-04-20T14:05:00Z	0.085	0.092	0.103	0.153
2020-04-20T14:25:00Z	0.085	0.092	0.103	0.153
2020-04-20T14:45:00Z	0.085	0.092	0.102	0.153
2020-04-20T15:05:00Z	0.085	0.092	0.102	0.153
2020-04-20T15:25:00Z	0.085	0.092	0.102	0.153
2020-04-20T15:45:00Z	0.085	0.092	0.102	0.153
2020-04-20T16:05:00Z	0.085	0.092	0.102	0.153
2020-04-20T16:25:00Z	0.085	0.092	0.102	0.153
2020-04-20T16:45:00Z	0.085	0.092	0.102	0.153
2020-04-20T17:05:00Z	0.085	0.092	0.102	0.153
2020-04-20T17:25:00Z	0.085	0.092	0.102	0.153
2020-04-20T17:45:00Z	0.085	0.092	0.102	0.153
2020-04-20T18:05:00Z	0.085	0.092	0.103	0.153
2020-04-20T18:25:00Z	0.085	0.092	0.103	0.153
2020-04-20T18:45:00Z	0.086	0.092	0.103	0.153
2020-04-20T19:05:00Z	0.086	0.092	0.103	0.153
2020-04-20T19:25:00Z	0.085	0.092	0.103	0.153
2020-04-20T19:45:00Z	0.086	0.092	0.103	0.153
2020-04-20T20:05:00Z	0.086	0.093	0.103	0.153
2020-04-20T20:25:00Z	0.086	0.093	0.103	0.153
2020-04-20T20:45:00Z	0.086	0.093	0.104	0.153
2020-04-20T21:05:00Z	0.086	0.093	0.104	0.153
2020-04-20T21:25:00Z	0.085	0.093	0.104	0.153
2020-04-20T21:45:00Z	0.086	0.093	0.104	0.153
2020-04-20T22:05:00Z	0.085	0.093	0.104	0.153
2020-04-20T22:25:00Z	0.085	0.093	0.104	0.153
2020-04-20T22:45:00Z	0.085	0.093	0.104	0.153
2020-04-20T23:05:00Z	0.085	0.093	0.104	0.153
2020-04-20T23:25:00Z	0.085	0.093	0.104	0.153
2020-04-20T23:45:00Z	0.086	0.093	0.104	0.153
2020-04-21T00:05:00Z	0.085	0.093	0.104	0.153
2020-04-21T00:25:00Z	0.085	0.093	0.104	0.153
2020-04-21T00:45:00Z	0.086	0.093	0.104	0.154
2020-04-21T01:05:00Z	0.086	0.093	0.104	0.154
2020-04-21T01:25:00Z	0.086	0.093	0.104	0.154
2020-04-21T01:45:00Z	0.086	0.093	0.104	0.153
2020-04-21T02:05:00Z	0.085	0.093	0.104	0.153
2020-04-21T02:25:00Z	0.086	0.093	0.104	0.154
2020-04-21T02:45:00Z	0.086	0.093	0.104	0.154
2020-04-21T03:05:00Z	0.086	0.093	0.104	0.153
2020-04-21T03:25:00Z	0.085	0.093	0.104	0.153
2020-04-21T03:45:00Z	0.085	0.093	0.104	0.153
2020-04-21T04:05:00Z	0.085	0.093	0.104	0.153
2020-04-21T04:25:00Z	0.086	0.093	0.104	0.153
2020-04-21T04:45:00Z	0.086	0.093	0.104	0.153
2020-04-21T05:05:00Z	0.085	0.093	0.104	0.153
2020-04-21T05:25:00Z	0.085	0.093	0.104	0.153
2020-04-21T05:45:00Z	0.085	0.093	0.104	0.153
2020-04-21T06:05:00Z	0.085	0.093	0.104	0.153
2020-04-21T06:25:00Z	0.085	0.093	0.104	0.153
2020-04-21T06:45:00Z	0.085	0.093	0.104	0.152
2020-04-21T07:05:00Z	0.085	0.093	0.103	0.152
2020-04-21T07:25:00Z	0.085	0.092	0.103	0.152
2020-04-21T07:45:00Z	0.085	0.092	0.103	0.152
2020-04-21T08:05:00Z	0.085	0.092	0.102	0.152
2020-04-21T08:25:00Z	0.085	0.092	0.102	0.152
2020-04-21T08:45:00Z	0.084	0.092	0.102	0.152
2020-04-21T09:05:00Z	0.084	0.092	0.102	0.151
2020-04-21T09:25:00Z	0.084	0.092	0.101	0.151
2020-04-21T09:45:00Z	0.084	0.091	0.101	0.151
2020-04-21T10:05:00Z	0.084	0.091	0.101	0.151
2020-04-21T10:25:00Z	0.084	0.091	0.1	0.151
2020-04-21T10:45:00Z	0.084	0.091	0.1	0.15
2020-04-21T11:05:00Z	0.084	0.091	0.1	0.15
2020-04-21T11:25:00Z	0.084	0.09	0.1	0.15
2020-04-21T11:45:00Z	0.084	0.09	0.1	0.15
2020-04-21T12:05:00Z	0.084	0.09	0.099	0.15
2020-04-21T12:25:00Z	0.084	0.09	0.099	0.149
2020-04-21T12:45:00Z	0.084	0.09	0.099	0.149
2020-04-21T13:05:00Z	0.084	0.09	0.099	0.149
2020-04-21T13:25:00Z	0.084	0.09	0.098	0.149
2020-04-21T13:45:00Z	0.084	0.09	0.098	0.148
2020-04-21T14:05:00Z	0.084	0.09	0.098	0.148
2020-04-21T14:25:00Z	0.083	0.09	0.098	0.148
2020-04-21T14:45:00Z	0.083	0.09	0.098	0.148
2020-04-21T15:05:00Z	0.083	0.09	0.098	0.148
2020-04-21T15:25:00Z	0.083	0.09	0.098	0.148
2020-04-21T15:45:00Z	0.084	0.09	0.098	0.148
2020-04-21T16:05:00Z	0.084	0.09	0.098	0.148
2020-04-21T16:25:00Z	0.084	0.09	0.098	0.148
2020-04-21T16:45:00Z	0.084	0.09	0.098	0.148
2020-04-21T17:05:00Z	0.084	0.09	0.098	0.148
2020-04-21T17:25:00Z	0.084	0.09	0.098	0.148
2020-04-21T17:45:00Z	0.084	0.09	0.098	0.148
2020-04-21T18:05:00Z	0.084	0.09	0.098	0.148
2020-04-21T18:25:00Z	0.084	0.09	0.098	0.148
2020-04-21T18:45:00Z	0.084	0.09	0.098	0.148
2020-04-21T19:05:00Z	0.084	0.09	0.098	0.148
2020-04-21T19:25:00Z	0.084	0.09	0.098	0.148
2020-04-21T19:45:00Z	0.084	0.09	0.099	0.148
2020-04-21T20:05:00Z	0.084	0.091	0.099	0.148
2020-04-21T20:25:00Z	0.084	0.091	0.099	0.148
2020-04-21T20:45:00Z	0.084	0.091	0.099	0.148
2020-04-21T21:05:00Z	0.084	0.091	0.099	0.148
2020-04-21T21:25:00Z	0.084	0.091	0.099	0.148
2020-04-21T21:45:00Z	0.084	0.091	0.099	0.148
2020-04-21T22:05:00Z	0.084	0.091	0.099	0.148
2020-04-21T22:25:00Z	0.084	0.091	0.099	0.148
2020-04-21T22:45:00Z	0.084	0.091	0.099	0.148
2020-04-21T23:05:00Z	0.084	0.091	0.099	0.148
2020-04-21T23:25:00Z	0.084	0.091	0.1	0.148
2020-04-21T23:45:00Z	0.084	0.091	0.1	0.148
2020-04-22T00:05:00Z	0.084	0.091	0.1	0.148
2020-04-22T00:25:00Z	0.084	0.091	0.1	0.149
2020-04-22T00:45:00Z	0.084	0.091	0.1	0.149
2020-04-22T01:05:00Z	0.084	0.091	0.1	0.148
2020-04-22T01:25:00Z	0.084	0.091	0.1	0.149
2020-04-22T01:45:00Z	0.084	0.091	0.1	0.149
2020-04-22T02:05:00Z	0.084	0.091	0.1	0.149
2020-04-22T02:25:00Z	0.084	0.091	0.1	0.149
2020-04-22T02:45:00Z	0.084	0.091	0.1	0.149
2020-04-22T03:05:00Z	0.084	0.091	0.1	0.149
2020-04-22T03:25:00Z	0.084	0.091	0.1	0.149
2020-04-22T03:45:00Z	0.084	0.091	0.1	0.148
2020-04-22T04:05:00Z	0.084	0.091	0.1	0.149
2020-04-22T04:25:00Z	0.084	0.091	0.1	0.149
2020-04-22T04:45:00Z	0.084	0.091	0.1	0.149
2020-04-22T05:05:00Z	0.084	0.091	0.1	0.148
2020-04-22T05:25:00Z	0.084	0.091	0.1	0.148
2020-04-22T05:45:00Z	0.083	0.091	0.1	0.148
2020-04-22T06:05:00Z	0.083	0.091	0.1	0.148
2020-04-22T06:25:00Z	0.083	0.091	0.1	0.148
2020-04-22T06:45:00Z	0.083	0.091	0.1	0.148
2020-04-22T07:05:00Z	0.083	0.09	0.099	0.148
2020-04-22T07:25:00Z	0.083	0.09	0.099	0.147
2020-04-22T07:45:00Z	0.083	0.09	0.099	0.147
2020-04-22T08:05:00Z	0.083	0.09	0.098	0.147
2020-04-22T08:25:00Z	0.083	0.09	0.098	0.147
2020-04-22T08:45:00Z	0.083	0.09	0.098	0.147
2020-04-22T09:05:00Z	0.083	0.09	0.098	0.146
2020-04-22T09:25:00Z	0.083	0.09	0.097	0.146
2020-04-22T09:45:00Z	0.082	0.089	0.097	0.146
2020-04-22T10:05:00Z	0.082	0.089	0.097	0.146
2020-04-22T10:25:00Z	0.082	0.089	0.096	0.146
2020-04-22T10:45:00Z	0.082	0.089	0.096	0.145
2020-04-22T11:05:00Z	0.082	0.089	0.096	0.145
2020-04-22T11:25:00Z	0.082	0.089	0.096	0.145
2020-04-22T11:45:00Z	0.082	0.089	0.095	0.144
2020-04-22T12:05:00Z	0.082	0.088	0.095	0.144
2020-04-22T12:25:00Z	0.082	0.088	0.095	0.144
2020-04-22T12:45:00Z	0.082	0.088	0.095	0.144
2020-04-22T13:05:00Z	0.082	0.088	0.095	0.144
2020-04-22T13:25:00Z	0.082	0.088	0.095	0.144
2020-04-22T13:45:00Z	0.082	0.088	0.095	0.144
2020-04-22T14:05:00Z	0.082	0.088	0.094	0.143
2020-04-22T14:25:00Z	0.082	0.088	0.094	0.143
2020-04-22T14:45:00Z	0.082	0.088	0.094	0.143
2020-04-22T15:05:00Z	0.082	0.088	0.094	0.143
2020-04-22T15:25:00Z	0.082	0.088	0.094	0.143
2020-04-22T15:45:00Z	0.082	0.088	0.094	0.143
2020-04-22T16:05:00Z	0.082	0.088	0.094	0.143
2020-04-22T16:25:00Z	0.082	0.088	0.094	0.143
2020-04-22T16:45:00Z	0.082	0.088	0.094	0.143
2020-04-22T17:05:00Z	0.082	0.088	0.094	0.143
2020-04-22T17:25:00Z	0.082	0.088	0.094	0.143
2020-04-22T17:45:00Z	0.082	0.088	0.094	0.143
2020-04-22T18:05:00Z	0.082	0.088	0.094	0.143
2020-04-22T18:25:00Z	0.082	0.089	0.095	0.143
2020-04-22T18:45:00Z	0.082	0.089	0.095	0.143
2020-04-22T19:05:00Z	0.082	0.089	0.095	0.143
2020-04-22T19:25:00Z	0.082	0.089	0.095	0.143
2020-04-22T19:45:00Z	0.082	0.089	0.095	0.144
2020-04-22T20:05:00Z	0.082	0.089	0.095	0.144
2020-04-22T20:25:00Z	0.082	0.089	0.095	0.144
2020-04-22T20:45:00Z	0.082	0.089	0.095	0.144
2020-04-22T21:05:00Z	0.082	0.089	0.095	0.144
2020-04-22T21:25:00Z	0.082	0.089	0.096	0.144
2020-04-22T21:45:00Z	0.082	0.089	0.096	0.144
2020-04-22T22:05:00Z	0.082	0.089	0.096	0.144
2020-04-22T22:25:00Z	0.082	0.089	0.096	0.144
2020-04-22T22:45:00Z	0.082	0.089	0.096	0.144
2020-04-22T23:05:00Z	0.082	0.089	0.096	0.144
2020-04-22T23:25:00Z	0.082	0.089	0.096	0.144
2020-04-22T23:45:00Z	0.082	0.089	0.096	0.144
2020-04-23T00:05:00Z	0.082	0.089	0.096	0.144
2020-04-23T00:25:00Z	0.082	0.09	0.096	0.144
2020-04-23T00:45:00Z	0.082	0.09	0.096	0.144
2020-04-23T01:05:00Z	0.082	0.09	0.097	0.144
2020-04-23T01:25:00Z	0.082	0.09	0.097	0.144
2020-04-23T01:45:00Z	0.082	0.09	0.097	0.144
2020-04-23T02:05:00Z	0.082	0.09	0.097	0.144
2020-04-23T02:25:00Z	0.082	0.09	0.097	0.144
2020-04-23T02:45:00Z	0.082	0.09	0.097	0.144
2020-04-23T03:05:00Z	0.082	0.09	0.097	0.144
2020-04-23T03:25:00Z	0.082	0.09	0.097	0.144
2020-04-23T03:45:00Z	0.082	0.09	0.097	0.144
2020-04-23T04:05:00Z	0.082	0.09	0.097	0.144
2020-04-23T04:25:00Z	0.082	0.09	0.097	0.144
2020-04-23T04:45:00Z	0.082	0.09	0.097	0.144
2020-04-23T05:05:00Z	0.082	0.089	0.097	0.144
2020-04-23T05:25:00Z	0.082	0.089	0.097	0.144
2020-04-23T05:45:00Z	0.082	0.089	0.097	0.144
2020-04-23T06:05:00Z	0.082	0.089	0.097	0.143
2020-04-23T06:25:00Z	0.082	0.089	0.096	0.143
2020-04-23T06:45:00Z	0.082	0.089	0.096	0.143
2020-04-23T07:05:00Z	0.082	0.088	0.096	0.142
2020-04-23T07:25:00Z	0.082	0.088	0.096	0.142
2020-04-23T07:45:00Z	0.082	0.088	0.095	0.142
2020-04-23T08:05:00Z	0.082	0.088	0.095	0.142
2020-04-23T08:25:00Z	0.082	0.088	0.094	0.142
2020-04-23T08:45:00Z	0.081	0.088	0.094	0.141
2020-04-23T09:05:00Z	0.081	0.087	0.094	0.141
2020-04-23T09:25:00Z	0.081	0.087	0.094	0.141
2020-04-23T09:45:00Z	0.081	0.087	0.094	0.141
2020-04-23T10:05:00Z	0.081	0.087	0.093	0.141
2020-04-23T10:25:00Z	0.081	0.087	0.093	0.14
2020-04-23T10:45:00Z	0.081	0.087	0.093	0.14
2020-04-23T11:05:00Z	0.081	0.086	0.093	0.14
2020-04-23T11:25:00Z	0.081	0.086	0.092	0.139
2020-04-23T11:45:00Z	0.081	0.086	0.092	0.139
2020-04-23T12:05:00Z	0.081	0.086	0.092	0.139
2020-04-23T12:25:00Z	0.081	0.086	0.092	0.139
2020-04-23T12:45:00Z	0.081	0.086	0.092	0.139
2020-04-23T13:05:00Z	0.081	0.086	0.092	0.139
2020-04-23T13:25:00Z	0.081	0.086	0.091	0.139
2020-04-23T13:45:00Z	0.081	0.086	0.091	0.138
2020-04-23T14:05:00Z	0.081	0.086	0.091	0.138
2020-04-23T14:25:00Z	0.081	0.086	0.091	0.138
2020-04-23T14:45:00Z	0.081	0.086	0.091	0.138
2020-04-23T15:05:00Z	0.081	0.086	0.091	0.138
2020-04-23T15:25:00Z	0.081	0.086	0.091	0.138
2020-04-23T15:45:00Z	0.081	0.086	0.091	0.138
2020-04-23T16:05:00Z	0.081	0.086	0.091	0.138
2020-04-23T16:25:00Z	0.081	0.086	0.091	0.138
2020-04-23T16:45:00Z	0.081	0.086	0.091	0.138
2020-04-23T17:05:00Z	0.081	0.086	0.091	0.138
2020-04-23T17:25:00Z	0.081	0.086	0.092	0.138
2020-04-23T17:45:00Z	0.081	0.087	0.092	0.138
2020-04-23T18:05:00Z	0.082	0.087	0.092	0.138
2020-04-23T18:25:00Z	0.082	0.087	0.092	0.139
2020-04-23T18:45:00Z	0.082	0.087	0.092	0.139
2020-04-23T19:05:00Z	0.082	0.087	0.092	0.139
2020-04-23T19:25:00Z	0.082	0.087	0.092	0.139
2020-04-23T19:45:00Z	0.082	0.087	0.093	0.139
2020-04-23T20:05:00Z	0.082	0.087	0.093	0.139
2020-04-23T20:25:00Z	0.082	0.087	0.093	0.139
2020-04-23T20:45:00Z	0.082	0.087	0.093	0.139
2020-04-23T21:05:00Z	0.082	0.087	0.093	0.139
2020-04-23T21:25:00Z	0.082	0.087	0.093	0.139
2020-04-23T21:45:00Z	0.081	0.087	0.093	0.139
2020-04-23T22:05:00Z	0.082	0.087	0.093	0.139
2020-04-23T22:25:00Z	0.082	0.087	0.093	0.139
2020-04-23T22:45:00Z	0.082	0.088	0.093	0.139
2020-04-23T23:05:00Z	0.082	0.088	0.094	0.139
2020-04-23T23:25:00Z	0.082	0.087	0.094	0.139
2020-04-23T23:45:00Z	0.082	0.087	0.094	0.139
2020-04-24T00:05:00Z	0.082	0.088	0.094	0.139
2020-04-24T00:25:00Z	0.081	0.087	0.094	0.139
2020-04-24T00:45:00Z	0.081	0.087	0.094	0.139
2020-04-24T01:05:00Z	0.081	0.087	0.094	0.139
2020-04-24T01:25:00Z	0.081	0.087	0.094	0.139
2020-04-24T01:45:00Z	0.081	0.087	0.094	0.139
2020-04-24T02:05:00Z	0.081	0.087	0.094	0.139
2020-04-24T02:25:00Z	0.081	0.087	0.094	0.139
2020-04-24T02:45:00Z	0.081	0.088	0.094	0.139
2020-04-24T03:05:00Z	0.081	0.087	0.094	0.139
2020-04-24T03:25:00Z	0.081	0.087	0.094	0.139
2020-04-24T03:45:00Z	0.081	0.088	0.094	0.139
2020-04-24T04:05:00Z	0.081	0.087	0.094	0.139
2020-04-24T04:25:00Z	0.081	0.087	0.094	0.139
2020-04-24T04:45:00Z	0.081	0.087	0.094	0.139
2020-04-24T05:05:00Z	0.081	0.087	0.094	0.139
2020-04-24T05:25:00Z	0.081	0.087	0.094	0.139
2020-04-24T05:45:00Z	0.081	0.087	0.094	0.139
2020-04-24T06:05:00Z	0.081	0.087	0.094	0.139
2020-04-24T06:25:00Z	0.081	0.087	0.094	0.139
2020-04-24T06:45:00Z	0.081	0.087	0.094	0.139
2020-04-24T07:05:00Z	0.081	0.087	0.094	0.139
2020-04-24T07:25:00Z	0.081	0.087	0.094	0.139
2020-04-24T07:45:00Z	0.081	0.087	0.094	0.138
2020-04-24T08:05:00Z	0.081	0.087	0.094	0.138
2020-04-24T08:25:00Z	0.081	0.086	0.093	0.138
2020-04-24T08:45:00Z	0.081	0.086	0.093	0.138
2020-04-24T09:05:00Z	0.081	0.086	0.093	0.138
2020-04-24T09:25:00Z	0.081	0.086	0.092	0.138
2020-04-24T09:45:00Z	0.081	0.086	0.092	0.137
2020-04-24T10:05:00Z	0.081	0.086	0.092	0.137
2020-04-24T10:25:00Z	0.08	0.086	0.092	0.137
2020-04-24T10:45:00Z	0.08	0.086	0.091	0.136
2020-04-24T11:05:00Z	0.08	0.086	0.091	0.136
2020-04-24T11:25:00Z	0.081	0.086	0.091	0.136
2020-04-24T11:45:00Z	0.08	0.086	0.091	0.136
2020-04-24T12:05:00Z	0.081	0.086	0.091	0.136
2020-04-24T12:25:00Z	0.081	0.086	0.091	0.136
2020-04-24T12:45:00Z	0.081	0.086	0.091	0.136
2020-04-24T13:05:00Z	0.081	0.086	0.091	0.135
2020-04-24T13:25:00Z	0.081	0.086	0.091	0.135
2020-04-24T13:45:00Z	0.081	0.086	0.091	0.135
2020-04-24T14:05:00Z	0.081	0.086	0.091	0.135
2020-04-24T14:25:00Z	0.081	0.086	0.091	0.135
2020-04-24T14:45:00Z	0.081	0.086	0.091	0.135
2020-04-24T15:05:00Z	0.081	0.086	0.091	0.135
2020-04-24T15:25:00Z	0.081	0.086	0.091	0.135
2020-04-24T15:45:00Z	0.081	0.086	0.091	0.135
2020-04-24T16:05:00Z	0.081	0.086	0.091	0.135
2020-04-24T16:25:00Z	0.081	0.086	0.091	0.135
2020-04-24T16:45:00Z	0.081	0.086	0.091	0.135
2020-04-24T17:05:00Z	0.081	0.086	0.091	0.135
2020-04-24T17:25:00Z	0.081	0.086	0.091	0.135
2020-04-24T17:45:00Z	0.081	0.086	0.091	0.135
2020-04-24T18:05:00Z	0.081	0.087	0.091	0.135
2020-04-24T18:25:00Z	0.081	0.087	0.092	0.136
2020-04-24T18:45:00Z	0.081	0.087	0.092	0.136
2020-04-24T19:05:00Z	0.081	0.087	0.092	0.136
2020-04-24T19:25:00Z	0.081	0.087	0.092	0.136
2020-04-24T19:45:00Z	0.081	0.087	0.092	0.136
2020-04-24T20:05:00Z	0.081	0.087	0.092	0.136
2020-04-24T20:25:00Z	0.081	0.087	0.093	0.136
2020-04-24T20:45:00Z	0.081	0.087	0.093	0.136
2020-04-24T21:05:00Z	0.081	0.087	0.093	0.136
2020-04-24T21:25:00Z	0.081	0.087	0.093	0.136
2020-04-24T21:45:00Z	0.081	0.087	0.093	0.136
2020-04-24T22:05:00Z	0.081	0.087	0.093	0.136
2020-04-24T22:25:00Z	0.081	0.087	0.093	0.136
2020-04-24T22:45:00Z	0.081	0.087	0.093	0.136
2020-04-24T23:05:00Z	0.081	0.087	0.093	0.136
2020-04-24T23:25:00Z	0.081	0.087	0.093	0.136
2020-04-24T23:45:00Z	0.081	0.087	0.093	0.136
2020-04-25T00:05:00Z	0.081	0.087	0.093	0.136
2020-04-25T00:25:00Z	0.081	0.087	0.093	0.136
2020-04-25T00:45:00Z	0.081	0.087	0.093	0.136
2020-04-25T01:05:00Z	0.081	0.087	0.093	0.136
2020-04-25T01:25:00Z	0.081	0.087	0.093	0.136
2020-04-25T01:45:00Z	0.081	0.087	0.093	0.136
2020-04-25T02:05:00Z	0.081	0.087	0.094	0.136
2020-04-25T02:25:00Z	0.081	0.087	0.094	0.136
2020-04-25T02:45:00Z	0.081	0.087	0.094	0.136
2020-04-25T03:05:00Z	0.081	0.087	0.094	0.136
2020-04-25T03:25:00Z	0.081	0.087	0.094	0.136
2020-04-25T03:45:00Z	0.081	0.087	0.094	0.136
2020-04-25T04:05:00Z	0.081	0.087	0.094	0.136
2020-04-25T04:25:00Z	0.081	0.087	0.094	0.136
2020-04-25T04:45:00Z	0.081	0.087	0.094	0.136
2020-04-25T05:05:00Z	0.081	0.087	0.094	0.136
2020-04-25T05:25:00Z	0.081	0.087	0.094	0.136
2020-04-25T05:45:00Z	0.081	0.087	0.094	0.136
2020-04-25T06:05:00Z	0.081	0.087	0.094	0.136
2020-04-25T06:25:00Z	0.081	0.087	0.094	0.136
2020-04-25T06:45:00Z	0.081	0.087	0.094	0.136
2020-04-25T07:05:00Z	0.081	0.087	0.094	0.136
2020-04-25T07:25:00Z	0.081	0.087	0.093	0.136
2020-04-25T07:45:00Z	0.081	0.087	0.093	0.136
2020-04-25T08:05:00Z	0.081	0.086	0.093	0.136
2020-04-25T08:25:00Z	0.081	0.086	0.093	0.135
2020-04-25T08:45:00Z	0.08	0.086	0.093	0.135
2020-04-25T09:05:00Z	0.08	0.086	0.092	0.135
2020-04-25T09:25:00Z	0.081	0.086	0.092	0.135
2020-04-25T09:45:00Z	0.08	0.086	0.092	0.134
2020-04-25T10:05:00Z	0.08	0.086	0.092	0.134
2020-04-25T10:25:00Z	0.08	0.086	0.091	0.134
2020-04-25T10:45:00Z	0.08	0.086	0.091	0.134
2020-04-25T11:05:00Z	0.08	0.086	0.091	0.134
2020-04-25T11:25:00Z	0.08	0.086	0.091	0.134
2020-04-25T11:45:00Z	0.08	0.086	0.091	0.134
2020-04-25T12:05:00Z	0.08	0.086	0.091	0.133
2020-04-25T12:25:00Z	0.08	0.086	0.091	0.133
2020-04-25T12:45:00Z	0.08	0.086	0.091	0.133
2020-04-25T13:05:00Z	0.08	0.086	0.091	0.133
2020-04-25T13:25:00Z	0.081	0.086	0.091	0.133
2020-04-25T13:45:00Z	0.081	0.086	0.091	0.133
2020-04-25T14:05:00Z	0.08	0.086	0.091	0.133
2020-04-25T14:25:00Z	0.081	0.086	0.091	0.133
2020-04-25T14:45:00Z	0.08	0.086	0.091	0.133
2020-04-25T15:05:00Z	0.08	0.086	0.091	0.133
2020-04-25T15:25:00Z	0.08	0.086	0.091	0.133
2020-04-25T15:45:00Z	0.08	0.086	0.091	0.133
2020-04-25T16:05:00Z	0.08	0.086	0.091	0.133
2020-04-25T16:25:00Z	0.08	0.086	0.091	0.133
2020-04-25T16:45:00Z	0.081	0.086	0.091	0.133
2020-04-25T17:05:00Z	0.081	0.086	0.091	0.133
2020-04-25T17:25:00Z	0.081	0.086	0.091	0.133
2020-04-25T17:45:00Z	0.081	0.086	0.091	0.133
2020-04-25T18:05:00Z	0.081	0.086	0.091	0.134
2020-04-25T18:25:00Z	0.081	0.086	0.091	0.134
2020-04-25T18:45:00Z	0.081	0.086	0.091	0.134
2020-04-25T19:05:00Z	0.081	0.086	0.091	0.134
2020-04-25T19:25:00Z	0.081	0.086	0.091	0.134
2020-04-25T19:45:00Z	0.081	0.086	0.091	0.134
2020-04-25T20:05:00Z	0.081	0.087	0.092	0.134
2020-04-25T20:25:00Z	0.081	0.086	0.092	0.134
2020-04-25T20:45:00Z	0.081	0.086	0.092	0.134
2020-04-25T21:05:00Z	0.081	0.086	0.092	0.134
2020-04-25T21:25:00Z	0.081	0.086	0.092	0.134
2020-04-25T21:45:00Z	0.081	0.087	0.092	0.134
2020-04-25T22:05:00Z	0.081	0.087	0.092	0.134
2020-04-25T22:25:00Z	0.081	0.087	0.092	0.134
2020-04-25T22:45:00Z	0.081	0.087	0.092	0.134
2020-04-25T23:05:00Z	0.081	0.087	0.092	0.134
2020-04-25T23:25:00Z	0.081	0.086	0.092	0.134
2020-04-25T23:45:00Z	0.081	0.087	0.092	0.134
2020-04-26T00:05:00Z	0.081	0.087	0.092	0.134
2020-04-26T00:25:00Z	0.081	0.087	0.092	0.134
2020-04-26T00:45:00Z	0.081	0.087	0.092	0.134
2020-04-26T01:05:00Z	0.081	0.087	0.092	0.134
2020-04-26T01:25:00Z	0.081	0.087	0.092	0.134
2020-04-26T01:45:00Z	0.081	0.087	0.093	0.134
2020-04-26T02:05:00Z	0.081	0.087	0.093	0.134
2020-04-26T02:25:00Z	0.081	0.087	0.093	0.134
2020-04-26T02:45:00Z	0.081	0.087	0.093	0.134
2020-04-26T03:05:00Z	0.081	0.087	0.093	0.134
2020-04-26T03:25:00Z	0.081	0.087	0.093	0.134
2020-04-26T03:45:00Z	0.081	0.087	0.093	0.134
2020-04-26T04:05:00Z	0.081	0.087	0.093	0.134
2020-04-26T04:25:00Z	0.081	0.087	0.093	0.134
2020-04-26T04:45:00Z	0.081	0.087	0.093	0.134
2020-04-26T05:05:00Z	0.08	0.087	0.093	0.134
2020-04-26T05:25:00Z	0.08	0.087	0.093	0.134
2020-04-26T05:45:00Z	0.08	0.086	0.093	0.134
2020-04-26T06:05:00Z	0.08	0.086	0.093	0.134
2020-04-26T06:25:00Z	0.08	0.086	0.093	0.134
2020-04-26T06:45:00Z	0.08	0.086	0.092	0.134
2020-04-26T07:05:00Z	0.08	0.086	0.092	0.134
2020-04-26T07:25:00Z	0.08	0.086	0.092	0.133
2020-04-26T07:45:00Z	0.08	0.086	0.092	0.133
2020-04-26T08:05:00Z	0.08	0.086	0.091	0.133
2020-04-26T08:25:00Z	0.08	0.086	0.091	0.132
2020-04-26T08:45:00Z	0.08	0.086	0.091	0.132
2020-04-26T09:05:00Z	0.08	0.085	0.091	0.132
2020-04-26T09:25:00Z	0.08	0.085	0.09	0.132
2020-04-26T09:45:00Z	0.08	0.085	0.09	0.132
2020-04-26T10:05:00Z	0.08	0.085	0.09	0.132
2020-04-26T10:25:00Z	0.08	0.085	0.09	0.132
2020-04-26T10:45:00Z	0.08	0.085	0.09	0.132
2020-04-26T11:05:00Z	0.079	0.085	0.09	0.131
2020-04-26T11:25:00Z	0.079	0.085	0.089	0.131
2020-04-26T11:45:00Z	0.079	0.085	0.089	0.131
2020-04-26T12:05:00Z	0.08	0.085	0.089	0.131
2020-04-26T12:25:00Z	0.08	0.085	0.089	0.131
2020-04-26T12:45:00Z	0.08	0.085	0.089	0.131
2020-04-26T13:05:00Z	0.08	0.085	0.089	0.13
2020-04-26T13:25:00Z	0.08	0.085	0.089	0.13
2020-04-26T13:45:00Z	0.08	0.085	0.089	0.13
2020-04-26T14:05:00Z	0.08	0.085	0.089	0.13
2020-04-26T14:25:00Z	0.08	0.085	0.089	0.13
2020-04-26T14:45:00Z	0.079	0.085	0.089	0.13
2020-04-26T15:05:00Z	0.08	0.085	0.089	0.13
2020-04-26T15:25:00Z	0.08	0.085	0.089	0.13
2020-04-26T15:45:00Z	0.08	0.085	0.089	0.13
2020-04-26T16:05:00Z	0.08	0.085	0.089	0.13
2020-04-26T16:25:00Z	0.08	0.085	0.089	0.13
2020-04-26T16:45:00Z	0.08	0.085	0.089	0.13
2020-04-26T17:05:00Z	0.08	0.085	0.089	0.13
2020-04-26T17:25:00Z	0.08	0.085	0.089	0.13
2020-04-26T17:45:00Z	0.08	0.085	0.089	0.13
2020-04-26T18:05:00Z	0.08	0.086	0.089	0.13
2020-04-26T18:25:00Z	0.08	0.086	0.09	0.131
2020-04-26T18:45:00Z	0.08	0.086	0.09	0.131
2020-04-26T19:05:00Z	0.08	0.086	0.09	0.131
2020-04-26T19:25:00Z	0.08	0.086	0.09	0.131
2020-04-26T19:45:00Z	0.08	0.086	0.09	0.131
2020-04-26T20:05:00Z	0.08	0.086	0.09	0.131
2020-04-26T20:25:00Z	0.08	0.086	0.09	0.131
2020-04-26T20:45:00Z	0.08	0.086	0.09	0.131
2020-04-26T21:05:00Z	0.08	0.086	0.09	0.131
2020-04-26T21:25:00Z	0.08	0.086	0.091	0.131
2020-04-26T21:45:00Z	0.08	0.086	0.091	0.131
2020-04-26T22:05:00Z	0.08	0.086	0.091	0.131
2020-04-26T22:25:00Z	0.08	0.086	0.091	0.131
2020-04-26T22:45:00Z	0.08	0.086	0.091	0.131
2020-04-26T23:05:00Z	0.08	0.086	0.091	0.131
2020-04-26T23:25:00Z	0.08	0.086	0.091	0.131
2020-04-26T23:45:00Z	0.08	0.086	0.091	0.131
2020-04-27T00:05:00Z	0.08	0.086	0.091	0.131
2020-04-27T00:25:00Z	0.08	0.086	0.091	0.131
2020-04-27T00:45:00Z	0.08	0.086	0.091	0.131
2020-04-27T01:05:00Z	0.08	0.086	0.091	0.131
2020-04-27T01:25:00Z	0.08	0.086	0.091	0.131
2020-04-27T01:45:00Z	0.08	0.086	0.091	0.131
2020-04-27T02:05:00Z	0.08	0.086	0.091	0.132
2020-04-27T02:25:00Z	0.08	0.086	0.091	0.132
2020-04-27T02:45:00Z	0.08	0.086	0.091	0.131
2020-04-27T03:05:00Z	0.08	0.086	0.091	0.131
2020-04-27T03:25:00Z	0.08	0.086	0.091	0.131
2020-04-27T03:45:00Z	0.08	0.086	0.091	0.132
2020-04-27T04:05:00Z	0.08	0.086	0.091	0.131
2020-04-27T04:25:00Z	0.08	0.086	0.091	0.131
2020-04-27T04:45:00Z	0.08	0.086	0.091	0.131
2020-04-27T05:05:00Z	0.079	0.086	0.091	0.131
2020-04-27T05:25:00Z	0.079	0.086	0.091	0.131
2020-04-27T05:45:00Z	0.079	0.086	0.091	0.131
2020-04-27T06:05:00Z	0.079	0.085	0.091	0.131
2020-04-27T06:25:00Z	0.079	0.085	0.091	0.131
2020-04-27T06:45:00Z	0.079	0.085	0.091	0.131
2020-04-27T07:05:00Z	0.079	0.085	0.091	0.13
2020-04-27T07:25:00Z	0.079	0.085	0.09	0.13
2020-04-27T07:45:00Z	0.079	0.085	0.09	0.13
2020-04-27T08:05:00Z	0.079	0.085	0.09	0.13
2020-04-27T08:25:00Z	0.079	0.084	0.089	0.13
2020-04-27T08:45:00Z	0.079	0.084	0.089	0.129
2020-04-27T09:05:00Z	0.078	0.084	0.089	0.129
2020-04-27T09:25:00Z	0.078	0.084	0.088	0.129
2020-04-27T09:45:00Z	0.078	0.084	0.088	0.129
2020-04-27T10:05:00Z	0.078	0.084	0.088	0.128
2020-04-27T10:25:00Z	0.078	0.083	0.088	0.128
2020-04-27T10:45:00Z	0.079	0.083	0.088	0.128
2020-04-27T11:05:00Z	0.078	0.083	0.088	0.128
2020-04-27T11:25:00Z	0.079	0.083	0.088	0.128
2020-04-27T11:45:00Z	0.079	0.083	0.088	0.128
2020-04-27T12:05:00Z	0.079	0.083	0.087	0.128
2020-04-27T12:25:00Z	0.079	0.083	0.087	0.128
2020-04-27T12:45:00Z	0.079	0.083	0.087	0.127
2020-04-27T13:05:00Z	0.079	0.083	0.087	0.127
2020-04-27T13:25:00Z	0.079	0.083	0.087	0.127
2020-04-27T13:45:00Z	0.079	0.083	0.087	0.127
2020-04-27T14:05:00Z	0.079	0.083	0.087	0.127
2020-04-27T14:25:00Z	0.079	0.083	0.087	0.127
2020-04-27T14:45:00Z	0.079	0.083	0.087	0.127
2020-04-27T15:05:00Z	0.079	0.083	0.087	0.127
2020-04-27T15:25:00Z	0.079	0.083	0.087	0.127
2020-04-27T15:45:00Z	0.079	0.083	0.087	0.127
2020-04-27T16:05:00Z	0.079	0.083	0.087	0.127
2020-04-27T16:25:00Z	0.079	0.083	0.087	0.127
2020-04-27T16:45:00Z	0.079	0.083	0.087	0.127
2020-04-27T17:05:00Z	0.079	0.084	0.087	0.127
2020-04-27T17:25:00Z	0.079	0.084	0.087	0.127
2020-04-27T17:45:00Z	0.079	0.084	0.087	0.127
2020-04-27T18:05:00Z	0.079	0.084	0.088	0.127
2020-04-27T18:25:00Z	0.079	0.084	0.088	0.127
2020-04-27T18:45:00Z	0.079	0.084	0.088	0.128
2020-04-27T19:05:00Z	0.079	0.084	0.088	0.128
2020-04-27T19:25:00Z	0.079	0.084	0.088	0.128
2020-04-27T19:45:00Z	0.079	0.084	0.088	0.128
2020-04-27T20:05:00Z	0.079	0.084	0.088	0.128
2020-04-27T20:25:00Z	0.079	0.084	0.088	0.128
2020-04-27T20:45:00Z	0.079	0.085	0.088	0.128
2020-04-27T21:05:00Z	0.079	0.085	0.088	0.128
2020-04-27T21:25:00Z	0.079	0.084	0.088	0.128
2020-04-27T21:45:00Z	0.079	0.084	0.088	0.128
2020-04-27T22:05:00Z	0.079	0.084	0.088	0.128
2020-04-27T22:25:00Z	0.079	0.084	0.088	0.128
2020-04-27T22:45:00Z	0.079	0.084	0.088	0.128
2020-04-27T23:05:00Z	0.079	0.084	0.088	0.128
2020-04-27T23:25:00Z	0.079	0.084	0.088	0.128
2020-04-27T23:45:00Z	0.079	0.084	0.088	0.128
2020-04-28T00:05:00Z	0.079	0.084	0.089	0.128
2020-04-28T00:25:00Z	0.079	0.085	0.089	0.128
2020-04-28T00:45:00Z	0.079	0.085	0.089	0.128
2020-04-28T01:05:00Z	0.079	0.085	0.089	0.128
2020-04-28T01:25:00Z	0.079	0.085	0.089	0.128
2020-04-28T01:45:00Z	0.079	0.085	0.089	0.128
2020-04-28T02:05:00Z	0.079	0.084	0.089	0.128
2020-04-28T02:25:00Z	0.079	0.084	0.089	0.128
2020-04-28T02:45:00Z	0.079	0.085	0.089	0.128
2020-04-28T03:05:00Z	0.079	0.085	0.089	0.128
2020-04-28T03:25:00Z	0.079	0.085	0.089	0.128
2020-04-28T03:45:00Z	0.079	0.085	0.089	0.128
2020-04-28T04:05:00Z	0.079	0.085	0.089	0.128
2020-04-28T04:25:00Z	0.079	0.085	0.089	0.128
2020-04-28T04:45:00Z	0.079	0.084	0.089	0.128
2020-04-28T05:05:00Z	0.079	0.084	0.089	0.128
2020-04-28T05:25:00Z	0.078	0.084	0.089	0.128
2020-04-28T05:45:00Z	0.078	0.084	0.089	0.128
2020-04-28T06:05:00Z	0.078	0.084	0.089	0.128
2020-04-28T06:25:00Z	0.078	0.084	0.089	0.128
2020-04-28T06:45:00Z	0.078	0.084	0.088	0.127
2020-04-28T07:05:00Z	0.078	0.084	0.088	0.127
2020-04-28T07:25:00Z	0.078	0.083	0.088	0.127
2020-04-28T07:45:00Z	0.078	0.083	0.088	0.127
2020-04-28T08:05:00Z	0.078	0.083	0.088	0.127
2020-04-28T08:25:00Z	0.078	0.083	0.087	0.127
2020-04-28T08:45:00Z	0.078	0.083	0.087	0.126
2020-04-28T09:05:00Z	0.078	0.083	0.087	0.126
2020-04-28T09:25:00Z	0.078	0.083	0.087	0.126
2020-04-28T09:45:00Z	0.078	0.082	0.086	0.126
2020-04-28T10:05:00Z	0.078	0.082	0.086	0.125
2020-04-28T10:25:00Z	0.078	0.082	0.086	0.125
2020-04-28T10:45:00Z	0.078	0.082	0.086	0.125
2020-04-28T11:05:00Z	0.078	0.082	0.086	0.125
2020-04-28T11:25:00Z	0.078	0.082	0.086	0.125
2020-04-28T11:45:00Z	0.078	0.082	0.086	0.125
2020-04-28T12:05:00Z	0.078	0.082	0.085	0.125
2020-04-28T12:25:00Z	0.078	0.082	0.085	0.125
2020-04-28T12:45:00Z	0.078	0.082	0.085	0.125
2020-04-28T13:05:00Z	0.078	0.082	0.085	0.125
2020-04-28T13:25:00Z	0.078	0.082	0.085	0.125
2020-04-28T13:45:00Z	0.078	0.082	0.086	0.125
2020-04-28T14:05:00Z	0.078	0.082	0.086	0.125
2020-04-28T14:25:00Z	0.078	0.082	0.086	0.125
2020-04-28T14:45:00Z	0.078	0.082	0.086	0.125
2020-04-28T15:05:00Z	0.078	0.082	0.086	0.125
2020-04-28T15:25:00Z	0.078	0.082	0.086	0.125
2020-04-28T15:45:00Z	0.078	0.082	0.086	0.125
2020-04-28T16:05:00Z	0.078	0.082	0.086	0.125
2020-04-28T16:25:00Z	0.078	0.083	0.086	0.125
2020-04-28T16:45:00Z	0.078	0.083	0.086	0.125
2020-04-28T17:05:00Z	0.078	0.083	0.086	0.125
2020-04-28T17:25:00Z	0.078	0.083	0.086	0.125
2020-04-28T17:45:00Z	0.078	0.083	0.086	0.125
2020-04-28T18:05:00Z	0.078	0.083	0.086	0.125
2020-04-28T18:25:00Z	0.078	0.083	0.086	0.125
2020-04-28T18:45:00Z	0.078	0.083	0.086	0.125
2020-04-28T19:05:00Z	0.078	0.083	0.086	0.125
2020-04-28T19:25:00Z	0.078	0.083	0.086	0.125
2020-04-28T19:45:00Z	0.078	0.083	0.086	0.125
2020-04-28T20:05:00Z	0.078	0.083	0.086	0.125
2020-04-28T20:25:00Z	0.078	0.083	0.086	0.125
2020-04-28T20:45:00Z	0.078	0.083	0.086	0.125
2020-04-28T21:05:00Z	0.078	0.083	0.087	0.125
2020-04-28T21:25:00Z	0.078	0.083	0.087	0.125
2020-04-28T21:45:00Z	0.078	0.083	0.087	0.125
2020-04-28T22:05:00Z	0.078	0.083	0.087	0.125
2020-04-28T22:25:00Z	0.078	0.083	0.087	0.125
2020-04-28T22:45:00Z	0.078	0.083	0.087	0.125
2020-04-28T23:05:00Z	0.078	0.083	0.087	0.125
2020-04-28T23:25:00Z	0.078	0.083	0.087	0.126
2020-04-28T23:45:00Z	0.078	0.083	0.087	0.125
2020-04-29T00:05:00Z	0.078	0.083	0.087	0.126
2020-04-29T00:25:00Z	0.078	0.083	0.087	0.125
2020-04-29T00:45:00Z	0.078	0.083	0.087	0.126
2020-04-29T01:05:00Z	0.078	0.083	0.087	0.126
2020-04-29T01:25:00Z	0.078	0.083	0.087	0.125
2020-04-29T01:45:00Z	0.078	0.083	0.087	0.126
2020-04-29T02:05:00Z	0.078	0.083	0.088	0.126
2020-04-29T02:25:00Z	0.078	0.083	0.088	0.126
2020-04-29T02:45:00Z	0.078	0.083	0.088	0.126
2020-04-29T03:05:00Z	0.078	0.083	0.088	0.126
2020-04-29T03:25:00Z	0.078	0.083	0.088	0.126
2020-04-29T03:45:00Z	0.078	0.083	0.088	0.126
2020-04-29T04:05:00Z	0.078	0.083	0.088	0.126
2020-04-29T04:25:00Z	0.078	0.083	0.088	0.126
2020-04-29T04:45:00Z	0.078	0.083	0.088	0.126
2020-04-29T05:05:00Z	0.078	0.083	0.088	0.126
2020-04-29T05:25:00Z	0.078	0.083	0.088	0.126
2020-04-29T05:45:00Z	0.078	0.083	0.088	0.126
2020-04-29T06:05:00Z	0.078	0.083	0.088	0.126
2020-04-29T06:25:00Z	0.078	0.083	0.088	0.126
2020-04-29T06:45:00Z	0.078	0.083	0.088	0.126
2020-04-29T07:05:00Z	0.078	0.083	0.088	0.126
2020-04-29T07:25:00Z	0.078	0.083	0.088	0.126
2020-04-29T07:45:00Z	0.078	0.083	0.088	0.126
2020-04-29T08:05:00Z	0.078	0.083	0.088	0.125
2020-04-29T08:25:00Z	0.078	0.083	0.088	0.125
2020-04-29T08:45:00Z	0.078	0.083	0.088	0.125
2020-04-29T09:05:00Z	0.078	0.083	0.088	0.125
2020-04-29T09:25:00Z	0.078	0.083	0.087	0.125
2020-04-29T09:45:00Z	0.078	0.082	0.087	0.125
2020-04-29T10:05:00Z	0.077	0.082	0.087	0.125
2020-04-29T10:25:00Z	0.078	0.082	0.087	0.125
2020-04-29T10:45:00Z	0.078	0.082	0.086	0.125
2020-04-29T11:05:00Z	0.078	0.082	0.086	0.125
2020-04-29T11:25:00Z	0.078	0.082	0.086	0.125
2020-04-29T11:45:00Z	0.078	0.082	0.086	0.124
2020-04-29T12:05:00Z	0.078	0.082	0.086	0.124
2020-04-29T12:25:00Z	0.078	0.082	0.086	0.124
2020-04-29T12:45:00Z	0.078	0.082	0.086	0.124
2020-04-29T13:05:00Z	0.078	0.082	0.086	0.124
2020-04-29T13:25:00Z	0.078	0.082	0.086	0.124
2020-04-29T13:45:00Z	0.078	0.082	0.085	0.124
2020-04-29T14:05:00Z	0.078	0.082	0.085	0.124
2020-04-29T14:25:00Z	0.078	0.082	0.086	0.124
2020-04-29T14:45:00Z	0.078	0.082	0.086	0.124
2020-04-29T15:05:00Z	0.078	0.082	0.086	0.124
2020-04-29T15:25:00Z	0.078	0.082	0.086	0.124
2020-04-29T15:45:00Z	0.078	0.083	0.086	0.124
2020-04-29T16:05:00Z	0.078	0.083	0.086	0.124
2020-04-29T16:25:00Z	0.078	0.083	0.086	0.125
2020-04-29T16:45:00Z	0.078	0.083	0.086	0.125
2020-04-29T17:05:00Z	0.078	0.083	0.087	0.125
2020-04-29T17:25:00Z	0.078	0.083	0.086	0.125
2020-04-29T17:45:00Z	0.078	0.083	0.087	0.125
2020-04-29T18:05:00Z	0.078	0.083	0.087	0.125
2020-04-29T18:25:00Z	0.078	0.083	0.087	0.125
2020-04-29T18:45:00Z	0.078	0.083	0.087	0.125
2020-04-29T19:05:00Z	0.078	0.083	0.087	0.125
2020-04-29T19:25:00Z	0.078	0.083	0.087	0.125
2020-04-29T19:45:00Z	0.078	0.083	0.087	0.125
2020-04-29T20:05:00Z	0.078	0.083	0.087	0.125
2020-04-29T20:25:00Z	0.078	0.083	0.087	0.125
2020-04-29T20:45:00Z	0.078	0.083	0.088	0.125
2020-04-29T21:05:00Z	0.078	0.083	0.088	0.125
2020-04-29T21:25:00Z	0.078	0.083	0.088	0.125
2020-04-29T21:45:00Z	0.078	0.083	0.088	0.125
2020-04-29T22:05:00Z	0.078	0.083	0.088	0.125
2020-04-29T22:25:00Z	0.078	0.083	0.088	0.125
2020-04-29T22:45:00Z	0.078	0.083	0.088	0.125
2020-04-29T23:05:00Z	0.078	0.083	0.088	0.125
2020-04-29T23:25:00Z	0.078	0.083	0.088	0.125
2020-04-29T23:45:00Z	0.078	0.083	0.088	0.125
2020-04-30T00:05:00Z	0.078	0.083	0.088	0.125
2020-04-30T00:25:00Z	0.078	0.083	0.088	0.126
2020-04-30T00:45:00Z	0.078	0.083	0.088	0.126
2020-04-30T01:05:00Z	0.078	0.083	0.088	0.126
2020-04-30T01:25:00Z	0.078	0.083	0.088	0.126
2020-04-30T01:45:00Z	0.078	0.083	0.088	0.126
2020-04-30T02:05:00Z	0.078	0.083	0.088	0.126
2020-04-30T02:25:00Z	0.078	0.083	0.088	0.126
2020-04-30T02:45:00Z	0.078	0.083	0.088	0.126
2020-04-30T03:05:00Z	0.078	0.083	0.088	0.126
2020-04-30T03:25:00Z	0.078	0.083	0.088	0.126
2020-04-30T03:45:00Z	0.078	0.083	0.088	0.126
2020-04-30T04:05:00Z	0.078	0.083	0.088	0.126
2020-04-30T04:25:00Z	0.078	0.083	0.088	0.126
2020-04-30T04:45:00Z	0.078	0.083	0.088	0.126
2020-04-30T05:05:00Z	0.078	0.083	0.088	0.126
2020-04-30T05:25:00Z	0.078	0.083	0.088	0.126
2020-04-30T05:45:00Z	0.078	0.083	0.088	0.126
2020-04-30T06:05:00Z	0.078	0.083	0.088	0.126
2020-04-30T06:25:00Z	0.078	0.083	0.088	0.126
2020-04-30T06:45:00Z	0.078	0.083	0.088	0.126
2020-04-30T07:05:00Z	0.078	0.083	0.088	0.125
2020-04-30T07:25:00Z	0.078	0.083	0.088	0.125
2020-04-30T07:45:00Z	0.078	0.083	0.088	0.125
2020-04-30T08:05:00Z	0.078	0.083	0.088	0.125
2020-04-30T08:25:00Z	0.078	0.083	0.088	0.125
2020-04-30T08:45:00Z	0.078	0.083	0.088	0.125
2020-04-30T09:05:00Z	0.078	0.083	0.088	0.125
2020-04-30T09:25:00Z	0.078	0.083	0.088	0.125
2020-04-30T09:45:00Z	0.078	0.083	0.088	0.125
2020-04-30T10:05:00Z	0.078	0.083	0.088	0.125
2020-04-30T10:25:00Z	0.078	0.083	0.088	0.125
2020-04-30T10:45:00Z	0.078	0.083	0.088	0.125
2020-04-30T11:05:00Z	0.078	0.083	0.088	0.125
2020-04-30T11:25:00Z	0.078	0.083	0.088	0.125
2020-04-30T11:45:00Z	0.078	0.083	0.088	0.125
2020-04-30T12:05:00Z	0.078	0.083	0.088	0.125
2020-04-30T12:25:00Z	0.078	0.083	0.088	0.125
2020-04-30T12:45:00Z	0.078	0.083	0.088	0.125
2020-04-30T13:05:00Z	0.078	0.083	0.088	0.125
2020-04-30T13:25:00Z	0.078	0.083	0.088	0.125
2020-04-30T13:45:00Z	0.078	0.083	0.088	0.125
2020-04-30T14:05:00Z	0.078	0.083	0.088	0.125
2020-04-30T14:25:00Z	0.078	0.083	0.088	0.125
2020-04-30T14:45:00Z	0.078	0.083	0.088	0.125
2020-04-30T15:05:00Z	0.078	0.083	0.088	0.125
2020-04-30T15:25:00Z	0.078	0.083	0.088	0.125
2020-04-30T15:45:00Z	0.078	0.083	0.088	0.125
2020-04-30T16:05:00Z	0.078	0.083	0.088	0.125
2020-04-30T16:25:00Z	0.078	0.083	0.088	0.125
2020-04-30T16:45:00Z	0.078	0.083	0.088	0.125
2020-04-30T17:05:00Z	0.078	0.083	0.088	0.125
2020-04-30T17:25:00Z	0.078	0.083	0.088	0.126
2020-04-30T17:45:00Z	0.078	0.083	0.088	0.125
2020-04-30T18:05:00Z	0.078	0.084	0.088	0.125
2020-04-30T18:25:00Z	0.078	0.084	0.088	0.125
2020-04-30T18:45:00Z	0.078	0.084	0.088	0.125
2020-04-30T19:05:00Z	0.078	0.084	0.088	0.125
2020-04-30T19:25:00Z	0.078	0.084	0.089	0.125
2020-04-30T19:45:00Z	0.078	0.084	0.089	0.125
2020-04-30T20:05:00Z	0.078	0.084	0.089	0.125
2020-04-30T20:25:00Z	0.078	0.084	0.089	0.125
2020-04-30T20:45:00Z	0.078	0.084	0.089	0.125
2020-04-30T21:05:00Z	0.078	0.084	0.089	0.125
2020-04-30T21:25:00Z	0.078	0.084	0.089	0.125
2020-04-30T21:45:00Z	0.078	0.084	0.089	0.125
2020-04-30T22:05:00Z	0.078	0.084	0.089	0.125
2020-04-30T22:25:00Z	0.078	0.084	0.089	0.125
2020-04-30T22:45:00Z	0.078	0.084	0.089	0.125
2020-04-30T23:05:00Z	0.078	0.084	0.089	0.125
2020-04-30T23:25:00Z	0.078	0.084	0.089	0.125
2020-04-30T23:45:00Z	0.078	0.084	0.089	0.125
2020-05-01T00:05:04Z	0.078	0.084	0.089	0.125
2020-05-01T00:25:00Z	0.078	0.084	0.089	0.125
2020-05-01T00:45:00Z	0.078	0.084	0.089	0.125
2020-05-01T01:05:00Z	0.078	0.084	0.089	0.126
2020-05-01T01:25:00Z	0.078	0.084	0.089	0.126
2020-05-01T01:45:00Z	0.078	0.084	0.089	0.126
2020-05-01T02:05:00Z	0.078	0.084	0.089	0.126
2020-05-01T02:25:00Z	0.078	0.084	0.089	0.126
2020-05-01T02:45:00Z	0.078	0.084	0.089	0.126
2020-05-01T03:05:00Z	0.078	0.084	0.089	0.126
2020-05-01T03:25:00Z	0.078	0.084	0.089	0.126
2020-05-01T03:45:00Z	0.078	0.084	0.089	0.126
2020-05-01T04:05:00Z	0.078	0.084	0.089	0.126
2020-05-01T04:25:00Z	0.078	0.084	0.089	0.126
2020-05-01T04:45:00Z	0.078	0.084	0.089	0.126
2020-05-01T05:05:00Z	0.078	0.084	0.089	0.126
2020-05-01T05:25:00Z	0.078	0.084	0.089	0.126
2020-05-01T05:45:00Z	0.078	0.084	0.089	0.126
2020-05-01T06:05:00Z	0.078	0.084	0.089	0.126
2020-05-01T06:25:00Z	0.078	0.084	0.089	0.126
2020-05-01T06:45:00Z	0.078	0.083	0.089	0.125
2020-05-01T07:05:00Z	0.078	0.083	0.089	0.125
2020-05-01T07:25:00Z	0.078	0.083	0.089	0.125
2020-05-01T07:45:00Z	0.078	0.083	0.089	0.125
2020-05-01T08:05:00Z	0.078	0.083	0.089	0.125
2020-05-01T08:25:00Z	0.078	0.083	0.089	0.125
2020-05-01T08:45:00Z	0.078	0.083	0.089	0.125
2020-05-01T09:05:00Z	0.078	0.083	0.088	0.125
2020-05-01T09:25:00Z	0.078	0.083	0.089	0.125
2020-05-01T09:45:00Z	0.078	0.083	0.089	0.125
2020-05-01T10:05:00Z	0.078	0.083	0.089	0.125
2020-05-01T10:25:00Z	0.078	0.083	0.089	0.125
2020-05-01T10:45:00Z	0.078	0.083	0.089	0.125
2020-05-01T11:05:00Z	0.078	0.083	0.089	0.125
2020-05-01T11:25:00Z	0.078	0.083	0.088	0.125
2020-05-01T11:45:00Z	0.078	0.083	0.088	0.124
2020-05-01T12:05:00Z	0.078	0.083	0.088	0.124
2020-05-01T12:25:00Z	0.078	0.083	0.088	0.124
2020-05-01T12:45:00Z	0.078	0.083	0.088	0.124
2020-05-01T13:05:00Z	0.078	0.083	0.088	0.124
2020-05-01T13:25:00Z	0.078	0.083	0.088	0.124
2020-05-01T13:45:00Z	0.078	0.083	0.088	0.124
2020-05-01T14:05:00Z	0.079	0.083	0.088	0.124
2020-05-01T14:25:00Z	0.079	0.084	0.088	0.124
2020-05-01T14:45:00Z	0.079	0.084	0.088	0.124
2020-05-01T15:05:00Z	0.079	0.084	0.088	0.124
2020-05-01T15:25:00Z	0.079	0.084	0.088	0.124
2020-05-01T15:45:00Z	0.079	0.083	0.088	0.124
2020-05-01T16:05:00Z	0.079	0.084	0.088	0.125
2020-05-01T16:25:00Z	0.079	0.084	0.089	0.125
2020-05-01T16:45:00Z	0.079	0.084	0.089	0.125
2020-05-01T17:05:00Z	0.079	0.084	0.089	0.125
2020-05-01T17:25:00Z	0.079	0.084	0.089	0.125
2020-05-01T17:45:00Z	0.079	0.084	0.089	0.125
2020-05-01T18:05:00Z	0.079	0.084	0.089	0.125
2020-05-01T18:25:00Z	0.079	0.084	0.089	0.125
2020-05-01T18:45:00Z	0.079	0.084	0.089	0.125
2020-05-01T19:05:00Z	0.079	0.084	0.089	0.125
2020-05-01T19:25:00Z	0.079	0.084	0.089	0.125
2020-05-01T19:45:00Z	0.079	0.084	0.089	0.125
2020-05-01T20:05:00Z	0.079	0.084	0.089	0.125
2020-05-01T20:25:00Z	0.079	0.084	0.089	0.125
2020-05-01T20:45:00Z	0.079	0.084	0.089	0.125
2020-05-01T21:05:00Z	0.079	0.084	0.089	0.125
2020-05-01T21:25:00Z	0.079	0.084	0.089	0.125
2020-05-01T21:45:00Z	0.078	0.084	0.089	0.125
2020-05-01T22:05:00Z	0.078	0.084	0.089	0.125
2020-05-01T22:25:00Z	0.078	0.084	0.089	0.125
2020-05-01T22:45:00Z	0.079	0.084	0.089	0.125
2020-05-01T23:05:00Z	0.079	0.084	0.09	0.125
2020-05-01T23:25:00Z	0.079	0.084	0.09	0.125
2020-05-01T23:45:00Z	0.079	0.084	0.09	0.125
2020-05-02T00:05:00Z	0.079	0.084	0.09	0.126
2020-05-02T00:25:00Z	0.078	0.084	0.09	0.126
2020-05-02T00:45:00Z	0.079	0.084	0.09	0.126
2020-05-02T01:05:00Z	0.078	0.084	0.09	0.126
2020-05-02T01:25:00Z	0.078	0.084	0.09	0.126
2020-05-02T01:45:00Z	0.078	0.084	0.09	0.126
2020-05-02T02:05:00Z	0.078	0.084	0.09	0.126
2020-05-02T02:25:00Z	0.078	0.084	0.09	0.126
2020-05-02T02:45:00Z	0.078	0.084	0.09	0.126
2020-05-02T03:05:00Z	0.078	0.084	0.09	0.126
2020-05-02T03:25:00Z	0.079	0.084	0.09	0.126
2020-05-02T03:45:00Z	0.078	0.084	0.09	0.126
2020-05-02T04:05:00Z	0.078	0.084	0.09	0.126
2020-05-02T04:25:00Z	0.078	0.084	0.09	0.126
2020-05-02T04:45:00Z	0.078	0.084	0.09	0.126
2020-05-02T05:05:00Z	0.078	0.084	0.09	0.126
2020-05-02T05:25:00Z	0.078	0.084	0.09	0.126
2020-05-02T05:45:00Z	0.078	0.084	0.09	0.126
2020-05-02T06:05:00Z	0.078	0.084	0.09	0.126
2020-05-02T06:25:00Z	0.078	0.084	0.09	0.125
2020-05-02T06:45:00Z	0.078	0.084	0.089	0.125
2020-05-02T07:05:00Z	0.078	0.084	0.089	0.125
2020-05-02T07:25:00Z	0.078	0.084	0.089	0.125
2020-05-02T07:45:00Z	0.078	0.084	0.089	0.125
2020-05-02T08:05:00Z	0.078	0.083	0.089	0.125
2020-05-02T08:25:00Z	0.078	0.083	0.089	0.125
2020-05-02T08:45:00Z	0.078	0.083	0.089	0.125
2020-05-02T09:05:00Z	0.078	0.083	0.089	0.125
2020-05-02T09:25:00Z	0.078	0.084	0.089	0.125
2020-05-02T09:45:00Z	0.078	0.084	0.089	0.125
2020-05-02T10:05:00Z	0.078	0.083	0.089	0.125
2020-05-02T10:25:00Z	0.078	0.083	0.088	0.124
2020-05-02T10:45:00Z	0.078	0.083	0.088	0.124
2020-05-02T11:05:00Z	0.078	0.083	0.088	0.124
2020-05-02T11:25:00Z	0.078	0.083	0.088	0.124
2020-05-02T11:45:00Z	0.079	0.084	0.089	0.125
2020-05-02T12:05:00Z	0.079	0.084	0.089	0.125
2020-05-02T12:25:00Z	0.079	0.084	0.089	0.125
2020-05-02T12:45:00Z	0.078	0.084	0.089	0.125
2020-05-02T13:05:00Z	0.079	0.084	0.089	0.125
2020-05-02T13:25:00Z	0.079	0.084	0.089	0.125
2020-05-02T13:45:00Z	0.079	0.084	0.089	0.125
2020-05-02T14:05:00Z	0.079	0.084	0.089	0.125
2020-05-02T14:25:00Z	0.079	0.084	0.089	0.125
2020-05-02T14:45:00Z	0.079	0.084	0.089	0.125
2020-05-02T15:05:00Z	0.079	0.084	0.089	0.125
2020-05-02T15:25:00Z	0.079	0.084	0.089	0.125
2020-05-02T15:45:00Z	0.079	0.084	0.089	0.125
2020-05-02T16:05:00Z	0.078	0.084	0.089	0.125
2020-05-02T16:25:00Z	0.078	0.084	0.089	0.125
2020-05-02T16:45:00Z	0.079	0.084	0.09	0.125
2020-05-02T17:05:00Z	0.079	0.084	0.09	0.125
2020-05-02T17:25:00Z	0.079	0.084	0.09	0.125
2020-05-02T17:45:00Z	0.079	0.084	0.09	0.125
2020-05-02T18:05:00Z	0.079	0.084	0.09	0.125
2020-05-02T18:25:00Z	0.079	0.084	0.09	0.125
2020-05-02T18:45:00Z	0.079	0.084	0.09	0.125
2020-05-02T19:05:00Z	0.078	0.084	0.09	0.125
2020-05-02T19:25:00Z	0.079	0.084	0.09	0.125
2020-05-02T19:45:00Z	0.079	0.084	0.09	0.125
2020-05-02T20:05:00Z	0.078	0.084	0.09	0.125
2020-05-02T20:25:00Z	0.079	0.084	0.09	0.125
2020-05-02T20:45:00Z	0.079	0.084	0.09	0.126
2020-05-02T21:05:00Z	0.078	0.084	0.09	0.125
2020-05-02T21:25:00Z	0.078	0.084	0.09	0.125
2020-05-02T21:45:00Z	0.078	0.084	0.09	0.125
2020-05-02T22:05:00Z	0.078	0.084	0.09	0.125
2020-05-02T22:25:00Z	0.078	0.084	0.09	0.126
2020-05-02T22:45:00Z	0.078	0.084	0.09	0.126
2020-05-02T23:05:00Z	0.078	0.084	0.09	0.126
2020-05-02T23:25:00Z	0.078	0.084	0.09	0.126
2020-05-02T23:45:00Z	0.078	0.084	0.09	0.126
2020-05-03T00:05:00Z	0.078	0.084	0.09	0.126
2020-05-03T00:25:00Z	0.078	0.084	0.09	0.126
2020-05-03T00:45:00Z	0.078	0.084	0.09	0.126
2020-05-03T01:05:00Z	0.078	0.084	0.09	0.126
2020-05-03T01:25:00Z	0.078	0.084	0.09	0.126
2020-05-03T01:45:00Z	0.078	0.084	0.09	0.126
2020-05-03T02:05:00Z	0.078	0.084	0.09	0.126
2020-05-03T02:25:00Z	0.078	0.084	0.09	0.126
2020-05-03T02:45:00Z	0.078	0.084	0.09	0.126
2020-05-03T03:05:00Z	0.078	0.084	0.09	0.126
2020-05-03T03:25:00Z	0.078	0.084	0.09	0.126
2020-05-03T03:45:00Z	0.078	0.084	0.09	0.126
2020-05-03T04:05:00Z	0.078	0.084	0.09	0.126
2020-05-03T04:25:00Z	0.078	0.084	0.09	0.126
2020-05-03T04:45:00Z	0.078	0.084	0.09	0.126
2020-05-03T05:05:00Z	0.078	0.084	0.09	0.126
2020-05-03T05:25:00Z	0.078	0.084	0.09	0.126
2020-05-03T05:45:00Z	0.078	0.084	0.09	0.126
2020-05-03T06:05:00Z	0.078	0.084	0.09	0.126
2020-05-03T06:25:00Z	0.078	0.084	0.09	0.126
2020-05-03T06:45:00Z	0.078	0.084	0.09	0.125
2020-05-03T07:05:00Z	0.078	0.084	0.09	0.125
2020-05-03T07:25:00Z	0.078	0.084	0.09	0.125
2020-05-03T07:45:00Z	0.078	0.084	0.09	0.125
2020-05-03T08:05:00Z	0.078	0.084	0.09	0.125
2020-05-03T08:25:00Z	0.078	0.084	0.09	0.125
2020-05-03T08:45:00Z	0.078	0.084	0.089	0.125
2020-05-03T09:05:00Z	0.078	0.084	0.09	0.125
2020-05-03T09:25:00Z	0.078	0.084	0.09	0.125
2020-05-03T09:45:00Z	0.078	0.083	0.089	0.125
2020-05-03T10:05:00Z	0.078	0.084	0.089	0.125
2020-05-03T10:25:00Z	0.078	0.084	0.089	0.125
2020-05-03T10:45:00Z	0.078	0.084	0.089	0.125
2020-05-03T11:05:00Z	0.078	0.084	0.089	0.125
2020-05-03T11:25:00Z	0.078	0.084	0.089	0.125
2020-05-03T11:45:00Z	0.078	0.084	0.089	0.125
2020-05-03T12:05:00Z	0.078	0.084	0.089	0.125
2020-05-03T12:25:00Z	0.078	0.083	0.089	0.124
2020-05-03T12:45:00Z	0.078	0.083	0.089	0.124
2020-05-03T13:05:00Z	0.078	0.083	0.089	0.124
2020-05-03T13:25:00Z	0.078	0.084	0.089	0.124
2020-05-03T13:45:00Z	0.078	0.084	0.089	0.124
2020-05-03T14:05:00Z	0.078	0.084	0.089	0.125
2020-05-03T14:25:00Z	0.078	0.084	0.089	0.125
2020-05-03T14:45:00Z	0.078	0.084	0.089	0.124
2020-05-03T15:05:00Z	0.078	0.083	0.089	0.124
2020-05-03T15:25:00Z	0.078	0.084	0.089	0.124
2020-05-03T15:45:00Z	0.078	0.084	0.089	0.124
2020-05-03T16:05:00Z	0.078	0.084	0.089	0.124
2020-05-03T16:25:00Z	0.078	0.084	0.089	0.124
2020-05-03T16:45:00Z	0.078	0.084	0.089	0.124
2020-05-03T17:05:00Z	0.078	0.084	0.089	0.124
2020-05-03T17:25:00Z	0.078	0.084	0.089	0.124
2020-05-03T17:45:00Z	0.078	0.084	0.089	0.125
2020-05-03T18:05:00Z	0.078	0.084	0.089	0.125
2020-05-03T18:25:00Z	0.078	0.084	0.089	0.125
2020-05-03T18:45:00Z	0.078	0.084	0.089	0.125
2020-05-03T19:05:00Z	0.078	0.084	0.09	0.125
2020-05-03T19:25:00Z	0.078	0.084	0.09	0.125
2020-05-03T19:45:00Z	0.078	0.084	0.09	0.125
2020-05-03T20:05:00Z	0.078	0.084	0.09	0.125
2020-05-03T20:25:00Z	0.078	0.084	0.09	0.125
2020-05-03T20:45:00Z	0.078	0.084	0.09	0.125
2020-05-03T21:05:00Z	0.078	0.084	0.09	0.125
2020-05-03T21:25:00Z	0.078	0.085	0.09	0.125
2020-05-03T21:45:00Z	0.078	0.085	0.09	0.125
2020-05-03T22:05:00Z	0.078	0.084	0.09	0.125
2020-05-03T22:25:00Z	0.078	0.084	0.09	0.125
2020-05-03T22:45:00Z	0.078	0.084	0.09	0.125
2020-05-03T23:05:00Z	0.078	0.084	0.09	0.125
2020-05-03T23:25:00Z	0.078	0.084	0.09	0.125
2020-05-03T23:45:00Z	0.078	0.084	0.09	0.125
2020-05-04T00:05:00Z	0.078	0.084	0.09	0.125
2020-05-04T00:25:00Z	0.078	0.084	0.09	0.125
2020-05-04T00:45:00Z	0.078	0.084	0.09	0.125
2020-05-04T01:05:00Z	0.078	0.084	0.09	0.125
2020-05-04T01:25:00Z	0.078	0.084	0.09	0.125
2020-05-04T01:45:00Z	0.078	0.084	0.09	0.125
2020-05-04T02:05:00Z	0.078	0.084	0.09	0.125
2020-05-04T02:25:00Z	0.078	0.084	0.09	0.125
2020-05-04T02:45:00Z	0.078	0.084	0.09	0.125
2020-05-04T03:05:00Z	0.078	0.084	0.09	0.125
2020-05-04T03:25:00Z	0.078	0.084	0.09	0.125
2020-05-04T03:45:00Z	0.078	0.084	0.09	0.125
2020-05-04T04:05:00Z	0.078	0.084	0.09	0.125
2020-05-04T04:25:00Z	0.078	0.084	0.09	0.125
2020-05-04T04:45:00Z	0.078	0.084	0.09	0.125
2020-05-04T05:05:00Z	0.078	0.084	0.09	0.125
2020-05-04T05:25:00Z	0.078	0.084	0.09	0.125
2020-05-04T05:45:00Z	0.078	0.084	0.09	0.125
2020-05-04T06:05:00Z	0.078	0.084	0.09	0.125
2020-05-04T06:25:00Z	0.078	0.084	0.09	0.125
2020-05-04T06:45:00Z	0.078	0.084	0.09	0.125
2020-05-04T07:05:00Z	0.078	0.084	0.09	0.125
2020-05-04T07:25:00Z	0.078	0.084	0.09	0.125
2020-05-04T07:45:00Z	0.078	0.084	0.09	0.125
2020-05-04T08:05:00Z	0.078	0.084	0.09	0.125
2020-05-04T08:25:00Z	0.078	0.084	0.09	0.125
2020-05-04T08:45:00Z	0.078	0.084	0.09	0.125
2020-05-04T09:05:00Z	0.078	0.084	0.09	0.125
2020-05-04T09:25:00Z	0.078	0.084	0.09	0.125
2020-05-04T09:45:00Z	0.078	0.084	0.09	0.125
2020-05-04T10:05:00Z	0.078	0.084	0.09	0.125
2020-05-04T10:25:00Z	0.078	0.084	0.09	0.125
2020-05-04T10:45:00Z	0.078	0.084	0.09	0.125
2020-05-04T11:05:00Z	0.078	0.084	0.09	0.125
2020-05-04T11:25:00Z	0.078	0.084	0.09	0.125
2020-05-04T11:45:00Z	0.078	0.084	0.09	0.125
2020-05-04T12:05:00Z	0.078	0.084	0.09	0.125
2020-05-04T12:25:00Z	0.078	0.084	0.09	0.125
2020-05-04T12:45:00Z	0.078	0.084	0.09	0.125
2020-05-04T13:05:00Z	0.078	0.084	0.09	0.125
2020-05-04T13:25:00Z	0.078	0.084	0.09	0.125
2020-05-04T13:45:00Z	0.078	0.084	0.09	0.125
2020-05-04T14:05:00Z	0.078	0.084	0.09	0.125
2020-05-04T14:25:00Z	0.078	0.084	0.09	0.125
2020-05-04T14:45:00Z	0.078	0.084	0.09	0.125
2020-05-04T15:05:00Z	0.078	0.084	0.09	0.125
2020-05-04T15:25:00Z	0.078	0.084	0.09	0.125
2020-05-04T15:45:00Z	0.078	0.084	0.09	0.125
2020-05-04T16:05:00Z	0.078	0.084	0.09	0.125
2020-05-04T16:25:00Z	0.078	0.084	0.09	0.125
2020-05-04T16:45:00Z	0.078	0.084	0.09	0.125
2020-05-04T17:05:00Z	0.078	0.084	0.09	0.125
2020-05-04T17:25:00Z	0.078	0.084	0.09	0.125
2020-05-04T17:45:00Z	0.078	0.084	0.09	0.125
2020-05-04T18:05:00Z	0.078	0.084	0.09	0.125
2020-05-04T18:25:00Z	0.078	0.084	0.09	0.125
2020-05-04T18:45:00Z	0.078	0.084	0.09	0.125
2020-05-04T19:05:00Z	0.078	0.084	0.09	0.125
2020-05-04T19:25:00Z	0.078	0.084	0.091	0.126
2020-05-04T19:45:00Z	0.078	0.084	0.091	0.126
2020-05-04T20:05:00Z	0.078	0.085	0.091	0.126
2020-05-04T20:25:00Z	0.078	0.085	0.091	0.126
2020-05-04T20:45:00Z	0.078	0.084	0.091	0.126
2020-05-04T21:05:00Z	0.078	0.085	0.091	0.126
2020-05-04T21:25:00Z	0.078	0.084	0.091	0.126
2020-05-04T21:45:00Z	0.078	0.085	0.091	0.126
2020-05-04T22:05:00Z	0.078	0.085	0.091	0.126
2020-05-04T22:25:00Z	0.078	0.085	0.091	0.126
2020-05-04T22:45:00Z	0.078	0.085	0.091	0.126
2020-05-04T23:05:00Z	0.078	0.085	0.091	0.126
2020-05-04T23:25:00Z	0.078	0.084	0.091	0.126
2020-05-04T23:45:00Z	0.078	0.084	0.091	0.126
2020-05-05T00:05:00Z	0.078	0.084	0.091	0.126
2020-05-05T00:25:00Z	0.078	0.084	0.091	0.126
2020-05-05T00:45:00Z	0.078	0.084	0.091	0.126
2020-05-05T01:05:00Z	0.078	0.085	0.091	0.126
2020-05-05T01:25:00Z	0.078	0.084	0.091	0.126
2020-05-05T01:45:00Z	0.078	0.084	0.091	0.126
2020-05-05T02:05:00Z	0.078	0.084	0.091	0.126
2020-05-05T02:25:00Z	0.078	0.084	0.091	0.126
2020-05-05T02:45:00Z	0.078	0.084	0.091	0.126
2020-05-05T03:05:00Z	0.078	0.084	0.091	0.126
2020-05-05T03:25:00Z	0.078	0.084	0.091	0.126
2020-05-05T03:45:00Z	0.078	0.084	0.091	0.126
2020-05-05T04:05:00Z	0.078	0.084	0.091	0.126
2020-05-05T04:25:00Z	0.078	0.084	0.091	0.126
2020-05-05T04:45:00Z	0.078	0.084	0.091	0.126
2020-05-05T05:05:00Z	0.078	0.084	0.091	0.126
2020-05-05T05:25:00Z	0.078	0.084	0.091	0.126
2020-05-05T05:45:00Z	0.078	0.084	0.091	0.126
2020-05-05T06:05:00Z	0.078	0.084	0.091	0.126
2020-05-05T06:25:00Z	0.078	0.084	0.091	0.126
2020-05-05T06:45:00Z	0.078	0.084	0.09	0.126
2020-05-05T07:05:00Z	0.078	0.084	0.09	0.125
2020-05-05T07:25:00Z	0.078	0.084	0.09	0.125
2020-05-05T07:45:00Z	0.078	0.084	0.09	0.125
2020-05-05T08:05:00Z	0.078	0.083	0.09	0.125
2020-05-05T08:25:00Z	0.078	0.083	0.09	0.125
2020-05-05T08:45:00Z	0.078	0.083	0.09	0.125
2020-05-05T09:05:00Z	0.078	0.083	0.09	0.125
2020-05-05T09:25:00Z	0.078	0.083	0.09	0.125
2020-05-05T09:45:00Z	0.077	0.083	0.09	0.125
2020-05-05T10:05:00Z	0.078	0.083	0.09	0.125
2020-05-05T10:25:00Z	0.078	0.083	0.09	0.125
2020-05-05T10:45:00Z	0.078	0.084	0.09	0.125
2020-05-05T11:05:00Z	0.078	0.084	0.09	0.125
2020-05-05T11:25:00Z	0.078	0.084	0.09	0.125
2020-05-05T11:45:00Z	0.078	0.084	0.09	0.125
2020-05-05T12:05:00Z	0.078	0.083	0.09	0.125
2020-05-05T12:25:00Z	0.078	0.083	0.09	0.125
2020-05-05T12:45:00Z	0.078	0.083	0.09	0.125
2020-05-05T13:05:00Z	0.078	0.083	0.089	0.124
2020-05-05T13:25:00Z	0.078	0.084	0.09	0.125
2020-05-05T13:45:00Z	0.078	0.084	0.09	0.125
2020-05-05T14:05:00Z	0.078	0.084	0.09	0.125
2020-05-05T14:25:00Z	0.078	0.084	0.09	0.125
2020-05-05T14:45:00Z	0.078	0.084	0.09	0.125
2020-05-05T15:05:00Z	0.078	0.084	0.09	0.125
2020-05-05T15:25:00Z	0.078	0.084	0.09	0.125
2020-05-05T15:45:00Z	0.078	0.084	0.09	0.125
2020-05-05T16:05:00Z	0.078	0.084	0.09	0.125
2020-05-05T16:25:00Z	0.078	0.084	0.09	0.125
2020-05-05T16:45:00Z	0.078	0.084	0.09	0.125
2020-05-05T17:05:00Z	0.078	0.084	0.09	0.125
2020-05-05T17:25:00Z	0.078	0.084	0.09	0.125
2020-05-05T17:45:00Z	0.078	0.084	0.09	0.125
2020-05-05T18:05:00Z	0.078	0.084	0.09	0.125
2020-05-05T18:25:00Z	0.078	0.084	0.091	0.125
2020-05-05T18:45:00Z	0.078	0.084	0.091	0.125
2020-05-05T19:05:00Z	0.078	0.084	0.091	0.125
2020-05-05T19:25:00Z	0.078	0.084	0.091	0.125
2020-05-05T19:45:00Z	0.078	0.084	0.091	0.125
2020-05-05T20:05:00Z	0.078	0.084	0.091	0.125
2020-05-05T20:25:00Z	0.078	0.084	0.091	0.125
2020-05-05T20:45:00Z	0.078	0.084	0.091	0.125
2020-05-05T21:05:00Z	0.078	0.084	0.091	0.125
2020-05-05T21:25:00Z	0.078	0.084	0.091	0.125
2020-05-05T21:45:00Z	0.078	0.084	0.091	0.125
2020-05-05T22:05:00Z	0.078	0.084	0.091	0.126
2020-05-05T22:25:00Z	0.078	0.084	0.091	0.126
2020-05-05T22:45:00Z	0.078	0.084	0.091	0.126
2020-05-05T23:05:00Z	0.078	0.084	0.091	0.126
2020-05-05T23:25:00Z	0.078	0.084	0.091	0.126
2020-05-05T23:45:00Z	0.078	0.084	0.091	0.126
2020-05-06T00:05:00Z	0.078	0.084	0.091	0.126
2020-05-06T00:25:00Z	0.078	0.084	0.091	0.125
2020-05-06T00:45:00Z	0.078	0.084	0.091	0.125
2020-05-06T01:05:00Z	0.078	0.084	0.091	0.125
2020-05-06T01:25:00Z	0.078	0.084	0.091	0.125
2020-05-06T01:45:00Z	0.078	0.084	0.091	0.125
2020-05-06T02:05:00Z	0.078	0.084	0.091	0.125
2020-05-06T02:25:00Z	0.078	0.084	0.091	0.125
2020-05-06T02:45:00Z	0.078	0.084	0.091	0.125
2020-05-06T03:05:00Z	0.078	0.084	0.091	0.125
2020-05-06T03:25:00Z	0.078	0.084	0.091	0.125
2020-05-06T03:45:00Z	0.078	0.084	0.091	0.126
2020-05-06T04:05:00Z	0.078	0.084	0.091	0.125
2020-05-06T04:25:00Z	0.078	0.084	0.091	0.126
2020-05-06T04:45:00Z	0.078	0.084	0.091	0.125
2020-05-06T05:05:00Z	0.078	0.084	0.091	0.125
2020-05-06T05:25:00Z	0.078	0.084	0.091	0.125
2020-05-06T05:45:00Z	0.078	0.084	0.091	0.125
2020-05-06T06:05:00Z	0.078	0.084	0.091	0.125
2020-05-06T06:25:00Z	0.078	0.084	0.091	0.125
2020-05-06T06:45:00Z	0.077	0.083	0.09	0.125
2020-05-06T07:05:00Z	0.078	0.083	0.09	0.125
2020-05-06T07:25:00Z	0.077	0.083	0.09	0.125
2020-05-06T07:45:00Z	0.077	0.083	0.09	0.125
2020-05-06T08:05:00Z	0.077	0.083	0.09	0.125
2020-05-06T08:25:00Z	0.077	0.083	0.09	0.124
2020-05-06T08:45:00Z	0.077	0.083	0.089	0.124
2020-05-06T09:05:00Z	0.077	0.083	0.089	0.124
2020-05-06T09:25:00Z	0.077	0.083	0.089	0.124
2020-05-06T09:45:00Z	0.077	0.083	0.089	0.124
2020-05-06T10:05:00Z	0.077	0.083	0.089	0.123
2020-05-06T10:25:00Z	0.077	0.083	0.089	0.123
2020-05-06T10:45:00Z	0.077	0.083	0.088	0.123
2020-05-06T11:05:00Z	0.078	0.083	0.088	0.123
2020-05-06T11:25:00Z	0.078	0.083	0.088	0.123
2020-05-06T12:05:00Z	0.077	0.082	0.088	0.123
2020-05-06T12:25:00Z	0.077	0.082	0.088	0.123
2020-05-06T12:45:00Z	0.077	0.082	0.088	0.123
2020-05-06T13:05:00Z	0.077	0.082	0.088	0.123
2020-05-06T13:25:00Z	0.077	0.083	0.088	0.123
2020-05-06T13:45:00Z	0.077	0.083	0.088	0.123
2020-05-06T14:05:00Z	0.077	0.083	0.088	0.123
2020-05-06T14:25:00Z	0.077	0.083	0.088	0.123
2020-05-06T14:45:00Z	0.077	0.083	0.088	0.123
2020-05-06T15:05:00Z	0.077	0.083	0.088	0.123
2020-05-06T15:25:00Z	0.077	0.083	0.088	0.123
2020-05-06T15:45:00Z	0.077	0.083	0.088	0.123
2020-05-06T16:05:00Z	0.077	0.083	0.088	0.123
2020-05-06T16:25:00Z	0.077	0.083	0.088	0.123
2020-05-06T16:45:00Z	0.077	0.083	0.088	0.123
2020-05-06T17:05:00Z	0.077	0.083	0.088	0.123
2020-05-06T17:25:00Z	0.077	0.083	0.088	0.123
2020-05-06T17:45:00Z	0.077	0.083	0.088	0.123
2020-05-06T18:05:00Z	0.077	0.083	0.088	0.123
2020-05-06T18:25:00Z	0.077	0.083	0.089	0.123
2020-05-06T18:45:00Z	0.077	0.084	0.089	0.123
2020-05-06T19:05:00Z	0.077	0.084	0.089	0.123
2020-05-06T19:25:00Z	0.078	0.084	0.089	0.123
2020-05-06T19:45:00Z	0.077	0.084	0.089	0.123
2020-05-06T20:05:00Z	0.077	0.084	0.089	0.123
2020-05-06T20:25:00Z	0.078	0.084	0.089	0.123
2020-05-06T20:45:00Z	0.077	0.084	0.089	0.123
2020-05-06T21:05:00Z	0.077	0.084	0.089	0.123
2020-05-06T21:25:00Z	0.077	0.084	0.089	0.124
2020-05-06T21:45:00Z	0.077	0.084	0.089	0.123
2020-05-06T22:05:00Z	0.077	0.084	0.089	0.124
2020-05-06T22:25:00Z	0.077	0.084	0.089	0.124
2020-05-06T22:45:00Z	0.077	0.084	0.089	0.124
2020-05-06T23:05:00Z	0.077	0.084	0.089	0.124
2020-05-06T23:25:00Z	0.077	0.084	0.089	0.124
2020-05-06T23:45:00Z	0.077	0.084	0.089	0.124
2020-05-07T00:05:00Z	0.077	0.084	0.089	0.124
2020-05-07T00:25:00Z	0.077	0.084	0.09	0.124
2020-05-07T00:45:00Z	0.077	0.084	0.09	0.124
2020-05-07T01:05:00Z	0.077	0.084	0.09	0.124
2020-05-07T01:25:00Z	0.077	0.084	0.09	0.124
2020-05-07T01:45:00Z	0.077	0.084	0.09	0.124
2020-05-07T02:05:00Z	0.077	0.084	0.09	0.124
2020-05-07T02:25:00Z	0.077	0.084	0.09	0.124
2020-05-07T02:45:00Z	0.077	0.084	0.09	0.124
2020-05-07T03:05:00Z	0.077	0.083	0.09	0.124
2020-05-07T03:25:00Z	0.077	0.083	0.09	0.124
2020-05-07T03:45:00Z	0.077	0.083	0.09	0.124
2020-05-07T04:05:00Z	0.077	0.083	0.09	0.124
2020-05-07T04:25:00Z	0.077	0.083	0.09	0.124
2020-05-07T04:45:00Z	0.077	0.083	0.09	0.124
2020-05-07T05:05:00Z	0.077	0.083	0.09	0.123
2020-05-07T05:25:00Z	0.077	0.083	0.089	0.123
2020-05-07T05:45:00Z	0.077	0.083	0.09	0.124
2020-05-07T06:05:00Z	0.077	0.083	0.089	0.124
2020-05-07T06:25:00Z	0.077	0.083	0.09	0.123
2020-05-07T06:45:00Z	0.077	0.083	0.089	0.123
2020-05-07T07:05:00Z	0.077	0.083	0.089	0.123
2020-05-07T07:25:00Z	0.077	0.083	0.089	0.123
2020-05-07T07:45:00Z	0.077	0.083	0.089	0.123
2020-05-07T08:05:00Z	0.077	0.083	0.089	0.123
2020-05-07T08:25:00Z	0.077	0.083	0.089	0.123
2020-05-07T08:45:00Z	0.077	0.083	0.089	0.123
2020-05-07T09:05:00Z	0.077	0.083	0.089	0.123
2020-05-07T09:25:00Z	0.077	0.083	0.089	0.123
2020-05-07T09:45:00Z	0.077	0.083	0.089	0.123
2020-05-07T10:05:00Z	0.077	0.083	0.089	0.123
2020-05-07T10:25:00Z	0.077	0.083	0.089	0.123
2020-05-07T10:45:00Z	0.077	0.083	0.088	0.123
2020-05-07T11:05:00Z	0.076	0.083	0.088	0.123
2020-05-07T11:25:00Z	0.076	0.082	0.088	0.122
2020-05-07T11:45:00Z	0.076	0.082	0.088	0.122
2020-05-07T12:05:00Z	0.076	0.082	0.088	0.122
2020-05-07T12:25:00Z	0.076	0.082	0.088	0.122
2020-05-07T12:45:00Z	0.076	0.082	0.088	0.122
2020-05-07T13:05:00Z	0.076	0.082	0.087	0.121
2020-05-07T13:25:00Z	0.077	0.082	0.087	0.121
2020-05-07T13:45:00Z	0.077	0.082	0.087	0.121
2020-05-07T14:05:00Z	0.077	0.082	0.087	0.121
2020-05-07T14:25:00Z	0.077	0.082	0.087	0.121
2020-05-07T14:45:00Z	0.077	0.082	0.087	0.121
2020-05-07T15:05:00Z	0.077	0.082	0.087	0.121
2020-05-07T15:25:00Z	0.077	0.082	0.087	0.121
2020-05-07T15:45:00Z	0.077	0.082	0.087	0.121
2020-05-07T16:05:00Z	0.077	0.082	0.087	0.121
2020-05-07T16:25:00Z	0.077	0.082	0.087	0.121
2020-05-07T16:45:00Z	0.077	0.082	0.087	0.121
2020-05-07T17:05:00Z	0.077	0.082	0.087	0.121
2020-05-07T17:25:00Z	0.077	0.082	0.087	0.121
2020-05-07T17:45:00Z	0.077	0.082	0.088	0.121
2020-05-07T18:05:00Z	0.077	0.083	0.088	0.122
2020-05-07T18:25:00Z	0.077	0.083	0.088	0.122
2020-05-07T18:45:00Z	0.077	0.083	0.088	0.122
2020-05-07T19:05:00Z	0.077	0.083	0.088	0.122
2020-05-07T19:25:00Z	0.077	0.083	0.088	0.122
2020-05-07T19:45:00Z	0.077	0.083	0.088	0.122
2020-05-07T20:05:00Z	0.077	0.083	0.088	0.122
2020-05-07T20:25:00Z	0.077	0.083	0.088	0.122
2020-05-07T20:45:00Z	0.077	0.083	0.088	0.123
2020-05-07T21:05:00Z	0.077	0.083	0.088	0.122
2020-05-07T21:25:00Z	0.077	0.083	0.088	0.123
2020-05-07T21:45:00Z	0.077	0.083	0.088	0.123
2020-05-07T22:05:00Z	0.077	0.083	0.088	0.123
2020-05-07T22:25:00Z	0.077	0.083	0.088	0.123
2020-05-07T22:45:00Z	0.077	0.083	0.088	0.123
2020-05-07T23:05:00Z	0.077	0.083	0.088	0.123
2020-05-07T23:25:00Z	0.077	0.083	0.088	0.123
2020-05-07T23:45:00Z	0.077	0.083	0.088	0.123
2020-05-08T00:05:00Z	0.076	0.083	0.089	0.123
2020-05-08T00:25:00Z	0.076	0.083	0.089	0.123
2020-05-08T00:45:00Z	0.076	0.083	0.089	0.123
2020-05-08T01:05:00Z	0.076	0.083	0.089	0.123
2020-05-08T01:25:00Z	0.076	0.083	0.089	0.123
2020-05-08T01:45:00Z	0.076	0.083	0.089	0.123
2020-05-08T02:05:00Z	0.076	0.083	0.089	0.123
2020-05-08T02:25:00Z	0.076	0.083	0.089	0.123
2020-05-08T02:45:00Z	0.076	0.083	0.089	0.123
2020-05-08T03:05:00Z	0.076	0.083	0.089	0.123
2020-05-08T03:25:00Z	0.076	0.083	0.089	0.123
2020-05-08T03:45:00Z	0.077	0.083	0.089	0.123
2020-05-08T04:05:00Z	0.076	0.083	0.089	0.123
2020-05-08T04:25:00Z	0.076	0.083	0.089	0.123
2020-05-08T04:45:00Z	0.076	0.083	0.089	0.123
2020-05-08T05:05:00Z	0.076	0.083	0.089	0.123
2020-05-08T05:25:00Z	0.076	0.082	0.088	0.123
2020-05-08T05:45:00Z	0.076	0.082	0.088	0.122
2020-05-08T06:05:00Z	0.076	0.082	0.088	0.122
2020-05-08T06:25:00Z	0.076	0.082	0.088	0.122
2020-05-08T06:45:00Z	0.076	0.082	0.088	0.122
2020-05-08T07:05:00Z	0.076	0.082	0.088	0.122
2020-05-08T07:25:00Z	0.076	0.082	0.088	0.122
2020-05-08T07:45:00Z	0.076	0.082	0.088	0.122
2020-05-08T08:05:00Z	0.076	0.082	0.088	0.121
2020-05-08T08:25:00Z	0.076	0.082	0.087	0.121
2020-05-08T08:45:00Z	0.076	0.082	0.087	0.121
2020-05-08T09:05:00Z	0.076	0.082	0.087	0.121
2020-05-08T09:25:00Z	0.076	0.082	0.087	0.12
2020-05-08T09:45:00Z	0.076	0.081	0.087	0.12
2020-05-08T10:05:00Z	0.076	0.081	0.086	0.12
2020-05-08T10:25:00Z	0.076	0.081	0.086	0.12
2020-05-08T10:45:00Z	0.076	0.081	0.086	0.12
2020-05-08T11:05:00Z	0.076	0.081	0.086	0.12
2020-05-08T11:25:00Z	0.076	0.081	0.086	0.12
2020-05-08T11:45:00Z	0.076	0.081	0.085	0.119
2020-05-08T12:05:00Z	0.076	0.081	0.085	0.119
2020-05-08T12:25:00Z	0.076	0.081	0.085	0.119
2020-05-08T12:45:00Z	0.076	0.081	0.085	0.119
2020-05-08T13:05:00Z	0.076	0.081	0.085	0.119
2020-05-08T13:25:00Z	0.076	0.081	0.085	0.119
2020-05-08T13:45:00Z	0.076	0.081	0.085	0.119
2020-05-08T14:05:00Z	0.076	0.081	0.085	0.119
2020-05-08T14:25:00Z	0.076	0.081	0.085	0.119
2020-05-08T14:45:00Z	0.076	0.081	0.085	0.119
2020-05-08T15:05:00Z	0.076	0.081	0.085	0.119
2020-05-08T15:25:00Z	0.076	0.081	0.085	0.119
2020-05-08T15:45:00Z	0.076	0.081	0.085	0.119
2020-05-08T16:05:00Z	0.076	0.081	0.085	0.119
2020-05-08T16:25:00Z	0.076	0.081	0.085	0.119
2020-05-08T16:45:00Z	0.076	0.081	0.085	0.119
2020-05-08T17:05:00Z	0.076	0.082	0.085	0.119
2020-05-08T17:25:00Z	0.076	0.082	0.086	0.119
2020-05-08T17:45:00Z	0.076	0.082	0.086	0.119
2020-05-08T18:05:00Z	0.076	0.082	0.086	0.119
2020-05-08T18:25:00Z	0.076	0.082	0.086	0.12
2020-05-08T18:45:00Z	0.076	0.082	0.086	0.12
2020-05-08T19:05:00Z	0.076	0.082	0.086	0.12
2020-05-08T19:25:00Z	0.076	0.082	0.086	0.12
2020-05-08T19:45:00Z	0.076	0.082	0.087	0.12
2020-05-08T20:05:00Z	0.076	0.082	0.087	0.12
2020-05-08T20:25:00Z	0.076	0.082	0.087	0.12
2020-05-08T20:45:00Z	0.076	0.082	0.087	0.12
2020-05-08T21:05:00Z	0.076	0.082	0.087	0.12
2020-05-08T21:25:00Z	0.076	0.082	0.087	0.12
2020-05-08T21:45:00Z	0.076	0.082	0.087	0.12
2020-05-08T22:05:00Z	0.076	0.082	0.087	0.12
2020-05-08T22:25:00Z	0.076	0.082	0.087	0.12
2020-05-08T22:45:00Z	0.076	0.082	0.087	0.12
2020-05-08T23:05:00Z	0.076	0.082	0.087	0.12
2020-05-08T23:25:00Z	0.076	0.082	0.087	0.12
2020-05-08T23:45:00Z	0.076	0.082	0.087	0.12
2020-05-09T00:05:00Z	0.076	0.082	0.087	0.12
2020-05-09T00:25:00Z	0.076	0.082	0.087	0.12
2020-05-09T00:45:00Z	0.076	0.082	0.087	0.12
2020-05-09T01:05:00Z	0.076	0.082	0.087	0.12
2020-05-09T01:25:00Z	0.076	0.082	0.087	0.12
2020-05-09T01:45:00Z	0.076	0.082	0.087	0.12
2020-05-09T02:05:00Z	0.076	0.082	0.087	0.12
2020-05-09T02:25:00Z	0.076	0.082	0.087	0.12
2020-05-09T02:45:00Z	0.076	0.082	0.088	0.12
2020-05-09T03:05:00Z	0.076	0.082	0.088	0.12
2020-05-09T03:25:00Z	0.076	0.082	0.088	0.12
2020-05-09T03:45:00Z	0.076	0.082	0.088	0.12
2020-05-09T04:05:00Z	0.076	0.082	0.088	0.12
2020-05-09T04:25:00Z	0.076	0.082	0.087	0.12
2020-05-09T04:45:00Z	0.075	0.082	0.087	0.12
2020-05-09T05:05:00Z	0.075	0.082	0.087	0.12
2020-05-09T05:25:00Z	0.075	0.082	0.087	0.12
2020-05-09T05:45:00Z	0.075	0.082	0.087	0.12
2020-05-09T06:05:00Z	0.075	0.081	0.087	0.12
2020-05-09T06:25:00Z	0.075	0.081	0.087	0.12
2020-05-09T06:45:00Z	0.075	0.081	0.086	0.119
2020-05-09T07:05:00Z	0.075	0.081	0.086	0.119
2020-05-09T07:25:00Z	0.075	0.081	0.086	0.119
2020-05-09T07:45:00Z	0.075	0.081	0.086	0.119
2020-05-09T08:05:00Z	0.075	0.081	0.086	0.119
2020-05-09T08:25:00Z	0.075	0.081	0.085	0.119
2020-05-09T08:45:00Z	0.075	0.08	0.085	0.119
2020-05-09T09:05:00Z	0.075	0.08	0.085	0.118
2020-05-09T09:25:00Z	0.075	0.08	0.085	0.118
2020-05-09T09:45:00Z	0.075	0.08	0.084	0.118
2020-05-09T10:05:00Z	0.075	0.08	0.084	0.118
2020-05-09T10:25:00Z	0.075	0.08	0.084	0.118
2020-05-09T10:45:00Z	0.075	0.08	0.084	0.117
2020-05-09T11:05:00Z	0.075	0.08	0.084	0.117
2020-05-09T11:25:00Z	0.075	0.08	0.084	0.117
2020-05-09T11:45:00Z	0.075	0.08	0.084	0.117
2020-05-09T12:05:00Z	0.075	0.08	0.084	0.117
2020-05-09T12:25:00Z	0.075	0.08	0.083	0.117
2020-05-09T12:45:00Z	0.076	0.08	0.083	0.117
2020-05-09T13:05:00Z	0.076	0.08	0.083	0.117
2020-05-09T13:25:00Z	0.076	0.08	0.083	0.117
2020-05-09T13:45:00Z	0.076	0.08	0.083	0.117
2020-05-09T14:05:00Z	0.076	0.08	0.083	0.117
2020-05-09T14:25:00Z	0.076	0.08	0.083	0.117
2020-05-09T14:45:00Z	0.076	0.08	0.083	0.117
2020-05-09T15:05:00Z	0.076	0.08	0.083	0.117
2020-05-09T15:25:00Z	0.076	0.08	0.083	0.117
2020-05-09T15:45:00Z	0.076	0.08	0.084	0.117
2020-05-09T16:05:00Z	0.076	0.08	0.084	0.117
2020-05-09T16:25:00Z	0.076	0.08	0.084	0.117
2020-05-09T16:45:00Z	0.076	0.08	0.084	0.117
2020-05-09T17:05:00Z	0.076	0.08	0.084	0.117
2020-05-09T17:25:00Z	0.076	0.081	0.084	0.117
2020-05-09T17:45:00Z	0.076	0.081	0.084	0.117
2020-05-09T18:05:00Z	0.076	0.081	0.084	0.117
2020-05-09T18:25:00Z	0.076	0.081	0.084	0.117
2020-05-09T18:45:00Z	0.076	0.081	0.084	0.117
2020-05-09T19:05:00Z	0.076	0.081	0.085	0.118
2020-05-09T19:25:00Z	0.076	0.081	0.085	0.118
2020-05-09T19:45:00Z	0.076	0.081	0.085	0.118
2020-05-09T20:05:00Z	0.075	0.081	0.085	0.118
2020-05-09T20:25:00Z	0.075	0.081	0.085	0.118
2020-05-09T20:45:00Z	0.075	0.081	0.085	0.118
2020-05-09T21:05:00Z	0.075	0.081	0.085	0.118
2020-05-09T21:25:00Z	0.075	0.081	0.085	0.118
2020-05-09T21:45:00Z	0.075	0.081	0.085	0.118
2020-05-09T22:05:00Z	0.075	0.081	0.085	0.118
2020-05-09T22:25:00Z	0.075	0.081	0.085	0.118
2020-05-09T22:45:00Z	0.075	0.081	0.085	0.118
2020-05-09T23:05:00Z	0.075	0.081	0.085	0.118
2020-05-09T23:25:00Z	0.075	0.081	0.085	0.118
2020-05-09T23:45:00Z	0.075	0.081	0.085	0.118
2020-05-10T00:05:00Z	0.075	0.081	0.085	0.118
2020-05-10T00:25:00Z	0.075	0.081	0.085	0.118
2020-05-10T00:45:00Z	0.075	0.081	0.086	0.118
2020-05-10T01:05:00Z	0.075	0.081	0.086	0.118
2020-05-10T01:25:00Z	0.075	0.081	0.086	0.118
2020-05-10T01:45:00Z	0.075	0.081	0.086	0.118
2020-05-10T02:05:00Z	0.075	0.081	0.086	0.118
2020-05-10T02:25:00Z	0.075	0.081	0.086	0.118
2020-05-10T02:45:00Z	0.075	0.081	0.086	0.118
2020-05-10T03:05:00Z	0.075	0.081	0.086	0.118
2020-05-10T03:25:00Z	0.075	0.081	0.086	0.118
2020-05-10T03:45:00Z	0.075	0.081	0.086	0.118
2020-05-10T04:05:00Z	0.075	0.081	0.086	0.118
2020-05-10T04:25:00Z	0.075	0.081	0.086	0.118
2020-05-10T04:45:00Z	0.074	0.081	0.086	0.118
2020-05-10T05:05:00Z	0.074	0.081	0.086	0.118
2020-05-10T05:25:00Z	0.074	0.081	0.085	0.118
2020-05-10T05:45:00Z	0.074	0.08	0.085	0.118
2020-05-10T06:05:00Z	0.074	0.08	0.085	0.118
2020-05-10T06:25:00Z	0.074	0.08	0.085	0.117
2020-05-10T06:45:00Z	0.074	0.08	0.085	0.117
2020-05-10T07:05:00Z	0.074	0.08	0.085	0.117
2020-05-10T07:25:00Z	0.074	0.08	0.084	0.117
2020-05-10T07:45:00Z	0.074	0.08	0.084	0.117
2020-05-10T08:05:00Z	0.074	0.08	0.084	0.117
2020-05-10T08:25:00Z	0.074	0.08	0.084	0.117
2020-05-10T08:45:00Z	0.074	0.08	0.083	0.116
2020-05-10T09:05:00Z	0.074	0.08	0.083	0.116
2020-05-10T09:25:00Z	0.074	0.08	0.083	0.116
2020-05-10T09:45:00Z	0.074	0.08	0.083	0.116
2020-05-10T10:05:00Z	0.074	0.08	0.083	0.116
2020-05-10T10:25:00Z	0.074	0.079	0.083	0.115
2020-05-10T10:45:00Z	0.074	0.08	0.083	0.116
2020-05-10T11:05:00Z	0.074	0.08	0.083	0.116
2020-05-10T11:25:00Z	0.074	0.08	0.083	0.115
2020-05-10T11:45:00Z	0.074	0.079	0.083	0.115
2020-05-10T12:05:00Z	0.075	0.08	0.083	0.115
2020-05-10T12:25:00Z	0.075	0.08	0.083	0.115
2020-05-10T12:45:00Z	0.075	0.08	0.083	0.115
2020-05-10T13:05:00Z	0.075	0.08	0.083	0.115
2020-05-10T13:25:00Z	0.075	0.08	0.083	0.115
2020-05-10T13:45:00Z	0.075	0.08	0.083	0.115
2020-05-10T14:05:00Z	0.075	0.08	0.083	0.116
2020-05-10T14:25:00Z	0.075	0.08	0.083	0.115
2020-05-10T14:45:00Z	0.075	0.08	0.083	0.116
2020-05-10T15:05:00Z	0.075	0.08	0.083	0.116
2020-05-10T15:25:00Z	0.075	0.08	0.083	0.116
2020-05-10T15:45:00Z	0.075	0.08	0.083	0.116
2020-05-10T16:05:00Z	0.075	0.08	0.083	0.116
2020-05-10T16:25:00Z	0.075	0.08	0.083	0.116
2020-05-10T16:45:00Z	0.075	0.08	0.083	0.116
2020-05-10T17:05:00Z	0.075	0.08	0.083	0.116
2020-05-10T17:25:00Z	0.075	0.08	0.083	0.116
2020-05-10T17:45:00Z	0.075	0.08	0.083	0.116
2020-05-10T18:05:00Z	0.075	0.08	0.084	0.116
2020-05-10T18:25:00Z	0.075	0.08	0.084	0.116
2020-05-10T18:45:00Z	0.075	0.08	0.084	0.116
2020-05-10T19:05:00Z	0.075	0.08	0.084	0.116
2020-05-10T19:25:00Z	0.075	0.08	0.084	0.116
2020-05-10T19:45:00Z	0.074	0.08	0.084	0.116
2020-05-10T20:05:00Z	0.074	0.08	0.084	0.116
2020-05-10T20:25:00Z	0.074	0.08	0.084	0.117
2020-05-10T20:45:00Z	0.074	0.08	0.084	0.117
2020-05-10T21:05:00Z	0.074	0.08	0.084	0.117
2020-05-10T21:25:00Z	0.074	0.08	0.084	0.116
2020-05-10T21:45:00Z	0.074	0.08	0.084	0.117
2020-05-10T22:05:00Z	0.074	0.08	0.084	0.117
2020-05-10T22:25:00Z	0.074	0.08	0.084	0.117
2020-05-10T22:45:00Z	0.074	0.08	0.084	0.117
2020-05-10T23:05:00Z	0.074	0.08	0.084	0.117
2020-05-10T23:25:00Z	0.074	0.08	0.085	0.117
2020-05-10T23:45:00Z	0.074	0.08	0.085	0.117
2020-05-11T00:05:00Z	0.074	0.081	0.085	0.117
2020-05-11T00:25:00Z	0.074	0.081	0.085	0.117
2020-05-11T00:45:00Z	0.074	0.081	0.085	0.117
2020-05-11T01:05:00Z	0.074	0.081	0.085	0.117
2020-05-11T01:25:00Z	0.074	0.081	0.085	0.117
2020-05-11T01:45:00Z	0.074	0.081	0.085	0.117
2020-05-11T02:05:00Z	0.074	0.081	0.085	0.117
2020-05-11T02:25:00Z	0.074	0.081	0.085	0.117
2020-05-11T02:45:00Z	0.074	0.081	0.085	0.117
2020-05-11T03:05:00Z	0.074	0.081	0.085	0.117
2020-05-11T03:25:00Z	0.074	0.081	0.085	0.117
2020-05-11T03:45:00Z	0.074	0.081	0.085	0.117
2020-05-11T04:05:00Z	0.074	0.081	0.085	0.117
2020-05-11T04:25:00Z	0.074	0.081	0.085	0.117
2020-05-11T04:45:00Z	0.074	0.081	0.086	0.117
2020-05-11T05:05:00Z	0.074	0.081	0.085	0.117
2020-05-11T05:25:00Z	0.074	0.081	0.085	0.117
2020-05-11T05:45:00Z	0.074	0.081	0.086	0.117
2020-05-11T06:05:00Z	0.074	0.081	0.086	0.117
2020-05-11T06:25:00Z	0.074	0.081	0.086	0.117
2020-05-11T06:45:00Z	0.074	0.081	0.086	0.117
2020-05-11T07:05:00Z	0.074	0.081	0.086	0.117
2020-05-11T07:25:00Z	0.074	0.081	0.086	0.117
2020-05-11T07:45:00Z	0.074	0.081	0.085	0.117
2020-05-11T08:05:00Z	0.074	0.081	0.086	0.117
2020-05-11T08:25:00Z	0.074	0.081	0.086	0.117
2020-05-11T08:45:00Z	0.074	0.081	0.086	0.118
2020-05-11T09:05:00Z	0.074	0.081	0.086	0.118
2020-05-11T09:25:00Z	0.074	0.08	0.086	0.118
2020-05-11T09:45:00Z	0.074	0.081	0.086	0.118
2020-05-11T10:05:00Z	0.074	0.081	0.086	0.118
2020-05-11T10:25:00Z	0.074	0.081	0.086	0.118
2020-05-11T10:45:00Z	0.074	0.081	0.086	0.118
2020-05-11T11:05:00Z	0.074	0.081	0.086	0.118
2020-05-11T11:25:00Z	0.074	0.081	0.086	0.118
2020-05-11T11:45:00Z	0.075	0.081	0.086	0.118
2020-05-11T12:05:00Z	0.075	0.081	0.086	0.118
2020-05-11T12:25:00Z	0.075	0.081	0.086	0.118
2020-05-11T12:45:00Z	0.075	0.081	0.086	0.118
2020-05-11T13:05:00Z	0.075	0.081	0.086	0.118
2020-05-11T13:25:00Z	0.076	0.081	0.086	0.118
2020-05-11T13:45:00Z	0.077	0.081	0.086	0.118
2020-05-11T14:05:00Z	0.078	0.081	0.086	0.118
2020-05-11T14:25:00Z	0.079	0.081	0.086	0.118
2020-05-11T14:45:00Z	0.082	0.081	0.086	0.118
2020-05-11T15:05:00Z	0.084	0.081	0.086	0.118
2020-05-11T15:25:00Z	0.087	0.081	0.086	0.118
2020-05-11T15:45:00Z	0.09	0.081	0.086	0.118
2020-05-11T16:05:00Z	0.092	0.081	0.086	0.118
2020-05-11T16:25:00Z	0.094	0.081	0.086	0.118
2020-05-11T16:45:00Z	0.096	0.081	0.086	0.118
2020-05-11T17:05:00Z	0.097	0.081	0.086	0.118
2020-05-11T17:25:00Z	0.098	0.081	0.086	0.118
2020-05-11T17:45:00Z	0.099	0.081	0.086	0.118
2020-05-11T18:05:00Z	0.1	0.081	0.086	0.118
2020-05-11T18:25:00Z	0.101	0.081	0.086	0.118
2020-05-11T18:45:00Z	0.102	0.081	0.086	0.118
2020-05-11T19:05:00Z	0.102	0.081	0.086	0.118
2020-05-11T19:25:00Z	0.103	0.081	0.086	0.118
2020-05-11T19:45:00Z	0.103	0.081	0.087	0.118
2020-05-11T20:05:00Z	0.104	0.081	0.087	0.118
2020-05-11T20:25:00Z	0.104	0.081	0.087	0.118
2020-05-11T20:45:00Z	0.104	0.081	0.087	0.118
2020-05-11T21:05:00Z	0.105	0.081	0.087	0.118
2020-05-11T21:25:00Z	0.105	0.081	0.087	0.118
2020-05-11T21:45:00Z	0.105	0.081	0.087	0.118
2020-05-11T22:05:00Z	0.106	0.081	0.087	0.118
2020-05-11T22:25:00Z	0.106	0.081	0.087	0.118
2020-05-11T22:45:00Z	0.106	0.081	0.087	0.118
2020-05-11T23:05:00Z	0.106	0.081	0.087	0.118
2020-05-11T23:25:00Z	0.106	0.081	0.087	0.118
2020-05-11T23:45:00Z	0.106	0.081	0.087	0.118
2020-05-12T00:05:00Z	0.107	0.081	0.087	0.119
2020-05-12T00:25:00Z	0.107	0.081	0.087	0.119
2020-05-12T00:45:00Z	0.107	0.081	0.087	0.119
2020-05-12T01:05:00Z	0.107	0.081	0.087	0.118
2020-05-12T01:25:00Z	0.107	0.081	0.087	0.118
2020-05-12T01:45:00Z	0.108	0.081	0.087	0.119
2020-05-12T02:05:00Z	0.108	0.081	0.087	0.118
2020-05-12T02:25:00Z	0.108	0.081	0.087	0.119
2020-05-12T02:45:00Z	0.108	0.081	0.087	0.118
2020-05-12T03:05:00Z	0.108	0.081	0.087	0.119
2020-05-12T03:25:00Z	0.108	0.081	0.087	0.118
2020-05-12T03:45:00Z	0.108	0.081	0.087	0.119
2020-05-12T04:05:00Z	0.108	0.081	0.087	0.118
2020-05-12T04:25:00Z	0.108	0.081	0.087	0.118
2020-05-12T04:45:00Z	0.108	0.081	0.087	0.118
2020-05-12T05:05:00Z	0.109	0.081	0.087	0.118
2020-05-12T05:25:00Z	0.109	0.081	0.087	0.118
2020-05-12T05:45:00Z	0.109	0.081	0.087	0.118
2020-05-12T06:05:00Z	0.109	0.081	0.086	0.118
2020-05-12T06:25:00Z	0.109	0.08	0.086	0.118
2020-05-12T06:45:00Z	0.109	0.081	0.086	0.118
2020-05-12T07:05:00Z	0.109	0.08	0.086	0.118
2020-05-12T07:25:00Z	0.11	0.08	0.086	0.118
2020-05-12T07:45:00Z	0.11	0.08	0.086	0.118
2020-05-12T08:05:00Z	0.11	0.08	0.086	0.118
2020-05-12T08:25:00Z	0.11	0.08	0.086	0.117
2020-05-12T08:45:00Z	0.11	0.08	0.086	0.117
2020-05-12T09:05:00Z	0.111	0.08	0.086	0.118
2020-05-12T09:25:00Z	0.11	0.08	0.086	0.117
2020-05-12T09:45:00Z	0.111	0.08	0.086	0.117
2020-05-12T10:05:00Z	0.111	0.08	0.086	0.118
2020-05-12T10:25:00Z	0.111	0.081	0.086	0.118
2020-05-12T10:45:00Z	0.111	0.08	0.086	0.118
2020-05-12T11:05:00Z	0.111	0.081	0.086	0.118
2020-05-12T11:25:00Z	0.111	0.081	0.086	0.118
2020-05-12T11:45:00Z	0.111	0.08	0.086	0.118
2020-05-12T12:05:00Z	0.111	0.08	0.086	0.117
2020-05-12T12:25:00Z	0.11	0.08	0.086	0.117
2020-05-12T12:45:00Z	0.111	0.081	0.086	0.118
2020-05-12T13:05:00Z	0.11	0.08	0.086	0.118
2020-05-12T13:25:00Z	0.11	0.08	0.086	0.117
2020-05-12T13:45:00Z	0.11	0.08	0.086	0.117
2020-05-12T14:05:00Z	0.11	0.08	0.086	0.117
2020-05-12T14:25:00Z	0.11	0.08	0.086	0.117
2020-05-12T14:45:00Z	0.11	0.08	0.086	0.117
2020-05-12T15:05:00Z	0.11	0.08	0.086	0.117
2020-05-12T15:25:00Z	0.11	0.08	0.086	0.117
2020-05-12T15:45:00Z	0.11	0.08	0.086	0.117
2020-05-12T16:05:00Z	0.11	0.081	0.086	0.117
2020-05-12T16:25:00Z	0.11	0.081	0.086	0.117
2020-05-12T16:45:00Z	0.11	0.081	0.086	0.118
2020-05-12T17:05:00Z	0.11	0.081	0.086	0.118
2020-05-12T17:25:00Z	0.11	0.081	0.086	0.118
2020-05-12T17:45:00Z	0.11	0.081	0.087	0.118
2020-05-12T18:05:00Z	0.11	0.081	0.087	0.118
2020-05-12T18:25:00Z	0.11	0.081	0.087	0.118
2020-05-12T18:45:00Z	0.11	0.081	0.087	0.118
2020-05-12T19:05:00Z	0.109	0.081	0.087	0.118
2020-05-12T19:25:00Z	0.109	0.081	0.087	0.118
2020-05-12T19:45:00Z	0.109	0.081	0.087	0.118
2020-05-12T20:05:00Z	0.109	0.081	0.087	0.118
2020-05-12T20:25:00Z	0.109	0.081	0.087	0.118
2020-05-12T20:45:00Z	0.109	0.081	0.087	0.118
2020-05-12T21:05:00Z	0.109	0.081	0.087	0.118
2020-05-12T21:25:00Z	0.109	0.081	0.087	0.118
2020-05-12T21:45:00Z	0.109	0.081	0.087	0.118
2020-05-12T22:05:00Z	0.109	0.081	0.087	0.118
2020-05-12T22:25:00Z	0.109	0.081	0.087	0.118
2020-05-12T22:45:00Z	0.109	0.081	0.087	0.118
2020-05-12T23:05:00Z	0.109	0.081	0.087	0.118
2020-05-12T23:25:00Z	0.109	0.081	0.087	0.118
2020-05-12T23:45:00Z	0.109	0.081	0.087	0.118
2020-05-13T00:05:00Z	0.109	0.081	0.087	0.118
2020-05-13T00:25:00Z	0.109	0.081	0.087	0.118
2020-05-13T00:45:00Z	0.109	0.081	0.087	0.118
2020-05-13T01:05:00Z	0.109	0.081	0.087	0.118
2020-05-13T01:25:00Z	0.109	0.081	0.087	0.118
2020-05-13T01:45:00Z	0.109	0.081	0.087	0.118
2020-05-13T02:05:00Z	0.109	0.081	0.087	0.118
2020-05-13T02:25:00Z	0.109	0.081	0.087	0.118
2020-05-13T02:45:00Z	0.109	0.081	0.087	0.118
2020-05-13T03:05:00Z	0.109	0.081	0.087	0.118
2020-05-13T03:25:00Z	0.109	0.081	0.087	0.118
2020-05-13T03:45:00Z	0.109	0.081	0.087	0.118
2020-05-13T04:05:00Z	0.109	0.081	0.087	0.118
2020-05-13T04:25:00Z	0.109	0.081	0.087	0.118
2020-05-13T04:45:00Z	0.109	0.081	0.087	0.118
2020-05-13T05:05:00Z	0.109	0.081	0.087	0.118
2020-05-13T05:25:00Z	0.109	0.081	0.087	0.118
2020-05-13T05:45:00Z	0.109	0.081	0.087	0.118
2020-05-13T06:05:00Z	0.109	0.081	0.087	0.118
2020-05-13T06:25:00Z	0.109	0.081	0.087	0.118
2020-05-13T06:45:00Z	0.109	0.081	0.087	0.118
2020-05-13T07:05:00Z	0.109	0.081	0.087	0.118
2020-05-13T07:25:00Z	0.11	0.081	0.087	0.118
2020-05-13T07:45:00Z	0.12	0.081	0.087	0.118
2020-05-13T08:05:00Z	0.122	0.08	0.086	0.118
2020-05-13T08:25:00Z	0.126	0.08	0.086	0.118
2020-05-13T08:45:00Z	0.13	0.08	0.086	0.117
2020-05-13T09:05:00Z	0.132	0.08	0.086	0.117
2020-05-13T09:25:00Z	0.141	0.08	0.086	0.117
2020-05-13T09:45:00Z	0.139	0.08	0.086	0.117
2020-05-13T10:05:00Z	0.12	0.08	0.086	0.117
2020-05-13T10:25:00Z	0.131	0.08	0.086	0.117
2020-05-13T10:45:00Z	0.132	0.081	0.086	0.117
2020-05-13T11:05:00Z	0.133	0.081	0.086	0.117
2020-05-13T11:25:00Z	0.137	0.08	0.086	0.117
2020-05-13T11:45:00Z	0.114	0.081	0.086	0.117
2020-05-13T12:05:00Z	0.114	0.081	0.086	0.117
2020-05-13T12:25:00Z	0.113	0.081	0.086	0.117
2020-05-13T12:45:00Z	0.114	0.08	0.086	0.117
2020-05-13T13:05:00Z	0.12	0.08	0.086	0.117
2020-05-13T13:25:00Z	0.12	0.081	0.086	0.117
2020-05-13T13:45:00Z	0.12	0.081	0.086	0.117
2020-05-13T14:05:00Z	0.12	0.081	0.086	0.117
2020-05-13T14:25:00Z	0.119	0.081	0.086	0.117
2020-05-13T14:45:00Z	0.119	0.081	0.086	0.117
2020-05-13T15:05:00Z	0.119	0.081	0.086	0.117
2020-05-13T15:25:00Z	0.119	0.081	0.086	0.117
2020-05-13T15:45:00Z	0.119	0.081	0.087	0.117
2020-05-13T16:05:00Z	0.118	0.081	0.087	0.117
2020-05-13T16:25:00Z	0.118	0.081	0.087	0.117
2020-05-13T16:45:00Z	0.118	0.081	0.087	0.117
2020-05-13T17:05:00Z	0.118	0.081	0.087	0.118
2020-05-13T17:25:00Z	0.118	0.081	0.087	0.118
2020-05-13T17:45:00Z	0.118	0.081	0.087	0.118
2020-05-13T18:05:00Z	0.118	0.082	0.087	0.118
2020-05-13T18:25:00Z	0.118	0.082	0.087	0.118
2020-05-13T18:45:00Z	0.118	0.082	0.087	0.118
2020-05-13T19:05:00Z	0.118	0.082	0.087	0.118
2020-05-13T19:25:00Z	0.118	0.082	0.087	0.118
2020-05-13T19:45:00Z	0.118	0.082	0.087	0.118
2020-05-13T20:05:00Z	0.118	0.082	0.088	0.118
2020-05-13T20:25:00Z	0.118	0.082	0.088	0.118
2020-05-13T20:45:00Z	0.118	0.082	0.088	0.118
2020-05-13T21:05:00Z	0.118	0.082	0.088	0.118
2020-05-13T21:25:00Z	0.118	0.082	0.088	0.118
2020-05-13T21:45:00Z	0.118	0.082	0.088	0.118
2020-05-13T22:05:00Z	0.118	0.082	0.088	0.119
2020-05-13T22:25:00Z	0.118	0.082	0.088	0.119
2020-05-13T22:45:00Z	0.118	0.082	0.088	0.118
2020-05-13T23:05:00Z	0.118	0.082	0.088	0.119
2020-05-13T23:25:00Z	0.118	0.082	0.088	0.119
2020-05-13T23:45:00Z	0.118	0.082	0.088	0.119
2020-05-14T00:05:00Z	0.118	0.082	0.088	0.119
2020-05-14T00:25:00Z	0.118	0.082	0.088	0.119
2020-05-14T00:45:00Z	0.118	0.082	0.088	0.119
2020-05-14T01:05:00Z	0.118	0.082	0.088	0.119
2020-05-14T01:25:00Z	0.118	0.082	0.088	0.119
2020-05-14T01:45:00Z	0.118	0.082	0.088	0.119
2020-05-14T02:05:00Z	0.118	0.082	0.088	0.119
2020-05-14T02:25:00Z	0.118	0.082	0.088	0.119
2020-05-14T02:45:00Z	0.118	0.082	0.088	0.119
2020-05-14T03:05:00Z	0.118	0.082	0.088	0.119
2020-05-14T03:25:00Z	0.118	0.082	0.088	0.119
2020-05-14T03:45:00Z	0.118	0.082	0.088	0.119
2020-05-14T04:05:00Z	0.118	0.082	0.088	0.119
2020-05-14T04:25:00Z	0.118	0.082	0.088	0.119
2020-05-14T04:45:00Z	0.117	0.082	0.088	0.119
2020-05-14T05:05:00Z	0.117	0.082	0.087	0.119
2020-05-14T05:25:00Z	0.119	0.082	0.087	0.118
2020-05-14T05:45:00Z	0.125	0.081	0.087	0.118
2020-05-14T06:05:00Z	0.129	0.081	0.087	0.118
2020-05-14T06:25:00Z	0.129	0.081	0.087	0.118
2020-05-14T06:45:00Z	0.129	0.081	0.087	0.118
2020-05-14T07:05:00Z	0.131	0.081	0.087	0.118
2020-05-14T07:25:00Z	0.123	0.081	0.087	0.118
2020-05-14T07:45:00Z	0.114	0.081	0.087	0.118
2020-05-14T08:05:00Z	0.11	0.081	0.087	0.118
2020-05-14T08:25:00Z	0.11	0.081	0.087	0.118
2020-05-14T08:45:00Z	0.11	0.081	0.087	0.118
2020-05-14T09:05:00Z	0.113	0.081	0.087	0.118
2020-05-14T09:25:00Z	0.114	0.081	0.087	0.118
2020-05-14T09:45:00Z	0.116	0.081	0.087	0.118
2020-05-14T10:05:00Z	0.115	0.08	0.086	0.117
2020-05-14T10:25:00Z	0.115	0.081	0.086	0.117
2020-05-14T10:45:00Z	0.115	0.081	0.086	0.117
2020-05-14T11:05:00Z	0.115	0.081	0.086	0.117
2020-05-14T11:25:00Z	0.114	0.081	0.086	0.117
2020-05-14T11:45:00Z	0.114	0.081	0.086	0.117
2020-05-14T12:05:00Z	0.114	0.081	0.086	0.117
2020-05-14T12:25:00Z	0.113	0.081	0.086	0.117
2020-05-14T12:45:00Z	0.113	0.081	0.086	0.117
2020-05-14T13:05:00Z	0.113	0.081	0.086	0.117
2020-05-14T13:25:00Z	0.113	0.081	0.086	0.117
2020-05-14T13:45:00Z	0.112	0.081	0.086	0.117
2020-05-14T14:05:00Z	0.112	0.081	0.087	0.117
2020-05-14T14:25:00Z	0.112	0.081	0.087	0.117
2020-05-14T14:45:00Z	0.112	0.081	0.087	0.117
2020-05-14T15:05:00Z	0.112	0.081	0.087	0.117
2020-05-14T15:25:00Z	0.112	0.081	0.087	0.117
2020-05-14T15:45:00Z	0.112	0.081	0.087	0.117
2020-05-14T16:05:00Z	0.111	0.081	0.087	0.117
2020-05-14T16:25:00Z	0.111	0.082	0.087	0.117
2020-05-14T16:45:00Z	0.111	0.082	0.087	0.117
2020-05-14T17:05:00Z	0.11	0.082	0.087	0.117
2020-05-14T17:25:00Z	0.11	0.082	0.087	0.117
2020-05-14T17:45:00Z	0.11	0.082	0.087	0.118
2020-05-14T18:05:00Z	0.111	0.082	0.087	0.118
2020-05-14T18:25:00Z	0.111	0.082	0.088	0.118
2020-05-14T18:45:00Z	0.111	0.082	0.088	0.118
2020-05-14T19:05:00Z	0.111	0.082	0.088	0.118
2020-05-14T19:25:00Z	0.111	0.082	0.088	0.118
2020-05-14T19:45:00Z	0.111	0.082	0.088	0.118
2020-05-14T20:05:00Z	0.111	0.082	0.088	0.118
2020-05-14T20:25:00Z	0.111	0.082	0.088	0.118
2020-05-14T20:45:00Z	0.111	0.082	0.088	0.118
2020-05-14T21:05:00Z	0.111	0.082	0.088	0.118
2020-05-14T21:25:00Z	0.11	0.082	0.088	0.118
2020-05-14T21:45:00Z	0.11	0.082	0.088	0.118
2020-05-14T22:05:00Z	0.111	0.082	0.088	0.119
2020-05-14T22:25:00Z	0.111	0.082	0.088	0.119
2020-05-14T22:45:00Z	0.111	0.082	0.088	0.119
2020-05-14T23:05:00Z	0.11	0.082	0.088	0.119
2020-05-14T23:25:00Z	0.11	0.082	0.088	0.119
2020-05-14T23:45:00Z	0.11	0.082	0.088	0.119
2020-05-15T00:05:00Z	0.11	0.082	0.088	0.119
2020-05-15T00:25:00Z	0.11	0.082	0.088	0.119
2020-05-15T00:45:00Z	0.11	0.082	0.088	0.119
2020-05-15T01:05:00Z	0.11	0.082	0.088	0.119
2020-05-15T01:25:00Z	0.11	0.082	0.088	0.119
2020-05-15T01:45:00Z	0.11	0.082	0.088	0.119
2020-05-15T02:05:00Z	0.11	0.082	0.088	0.119
2020-05-15T02:25:00Z	0.11	0.082	0.088	0.119
2020-05-15T02:45:00Z	0.11	0.082	0.088	0.119
2020-05-15T03:05:00Z	0.11	0.082	0.088	0.119
2020-05-15T03:25:00Z	0.11	0.082	0.088	0.119
2020-05-15T03:45:00Z	0.11	0.082	0.088	0.119
2020-05-15T04:05:00Z	0.11	0.082	0.088	0.119
2020-05-15T04:25:00Z	0.11	0.082	0.088	0.119
2020-05-15T04:45:00Z	0.11	0.082	0.088	0.119
2020-05-15T05:05:00Z	0.11	0.082	0.088	0.119
2020-05-15T05:25:00Z	0.11	0.082	0.088	0.118
2020-05-15T05:45:00Z	0.11	0.082	0.087	0.118
2020-05-15T06:05:00Z	0.11	0.081	0.087	0.118
2020-05-15T06:25:00Z	0.11	0.081	0.087	0.118
2020-05-15T06:45:00Z	0.11	0.081	0.087	0.118
2020-05-15T07:05:00Z	0.11	0.081	0.087	0.118
2020-05-15T07:25:00Z	0.109	0.081	0.087	0.118
2020-05-15T07:45:00Z	0.109	0.081	0.087	0.117
2020-05-15T08:05:00Z	0.109	0.081	0.087	0.117
2020-05-15T08:25:00Z	0.108	0.081	0.087	0.117
2020-05-15T08:45:00Z	0.108	0.081	0.086	0.117
2020-05-15T09:05:00Z	0.108	0.081	0.086	0.117
2020-05-15T09:25:00Z	0.108	0.081	0.086	0.117
2020-05-15T09:45:00Z	0.107	0.08	0.086	0.117
2020-05-15T10:05:00Z	0.107	0.08	0.086	0.117
2020-05-15T10:25:00Z	0.107	0.081	0.086	0.117
2020-05-15T10:45:00Z	0.107	0.081	0.086	0.117
2020-05-15T11:05:00Z	0.107	0.081	0.086	0.117
2020-05-15T11:25:00Z	0.106	0.081	0.086	0.117
2020-05-15T11:45:00Z	0.106	0.081	0.086	0.117
2020-05-15T12:05:00Z	0.106	0.081	0.086	0.116
2020-05-15T12:25:00Z	0.106	0.081	0.086	0.116
2020-05-15T12:45:00Z	0.106	0.081	0.086	0.117
2020-05-15T13:05:00Z	0.106	0.081	0.086	0.116
2020-05-15T13:25:00Z	0.106	0.081	0.086	0.117
2020-05-15T13:45:00Z	0.105	0.081	0.086	0.117
2020-05-15T14:05:00Z	0.105	0.081	0.086	0.117
2020-05-15T14:25:00Z	0.105	0.081	0.086	0.117
2020-05-15T14:45:00Z	0.105	0.081	0.086	0.117
2020-05-15T15:05:00Z	0.105	0.081	0.086	0.117
2020-05-15T15:25:00Z	0.105	0.082	0.086	0.117
2020-05-15T15:45:00Z	0.105	0.082	0.086	0.117
2020-05-15T16:05:00Z	0.105	0.082	0.086	0.117
2020-05-15T16:25:00Z	0.105	0.082	0.087	0.117
2020-05-15T16:45:00Z	0.105	0.082	0.087	0.117
2020-05-15T17:05:00Z	0.104	0.082	0.087	0.117
2020-05-15T17:25:00Z	0.104	0.082	0.087	0.117
2020-05-15T17:45:00Z	0.104	0.082	0.087	0.117
2020-05-15T18:05:00Z	0.104	0.082	0.087	0.117
2020-05-15T18:25:00Z	0.104	0.082	0.087	0.117
2020-05-15T18:45:00Z	0.104	0.082	0.087	0.117
2020-05-15T19:05:00Z	0.104	0.082	0.087	0.117
2020-05-15T19:25:00Z	0.104	0.082	0.087	0.117
2020-05-15T19:45:00Z	0.104	0.082	0.087	0.117
2020-05-15T20:05:00Z	0.104	0.082	0.087	0.117
2020-05-15T20:25:00Z	0.104	0.082	0.087	0.117
2020-05-15T20:45:00Z	0.104	0.082	0.087	0.117
2020-05-15T21:05:00Z	0.104	0.082	0.087	0.117
2020-05-15T21:25:00Z	0.104	0.082	0.087	0.117
2020-05-15T21:45:00Z	0.104	0.082	0.087	0.117
2020-05-15T22:05:00Z	0.104	0.082	0.087	0.117
2020-05-15T22:25:00Z	0.104	0.082	0.087	0.117
2020-05-15T22:45:00Z	0.104	0.082	0.087	0.117
2020-05-15T23:05:00Z	0.104	0.082	0.087	0.117
2020-05-15T23:25:00Z	0.104	0.082	0.087	0.117
2020-05-15T23:45:00Z	0.104	0.082	0.087	0.118
2020-05-16T00:05:00Z	0.104	0.082	0.087	0.118
2020-05-16T00:25:00Z	0.104	0.082	0.087	0.117
2020-05-16T00:45:00Z	0.104	0.082	0.087	0.117
2020-05-16T01:05:00Z	0.104	0.082	0.087	0.118
2020-05-16T01:25:00Z	0.104	0.082	0.087	0.118
2020-05-16T01:45:00Z	0.104	0.082	0.087	0.118
2020-05-16T02:05:00Z	0.104	0.082	0.087	0.118
2020-05-16T02:25:00Z	0.104	0.082	0.087	0.118
2020-05-16T02:45:00Z	0.104	0.082	0.087	0.118
2020-05-16T03:05:00Z	0.104	0.082	0.087	0.118
2020-05-16T03:25:00Z	0.104	0.082	0.087	0.117
2020-05-16T03:45:00Z	0.104	0.082	0.087	0.118
2020-05-16T04:05:00Z	0.104	0.082	0.088	0.118
2020-05-16T04:25:00Z	0.104	0.082	0.087	0.118
2020-05-16T04:45:00Z	0.104	0.082	0.087	0.118
2020-05-16T05:05:00Z	0.104	0.082	0.087	0.118
2020-05-16T05:25:00Z	0.104	0.082	0.087	0.117
2020-05-16T05:45:00Z	0.104	0.082	0.087	0.117
2020-05-16T06:05:00Z	0.104	0.082	0.087	0.117
2020-05-16T06:25:00Z	0.104	0.082	0.087	0.117
2020-05-16T06:45:00Z	0.103	0.082	0.087	0.117
2020-05-16T07:05:00Z	0.103	0.081	0.087	0.117
2020-05-16T07:25:00Z	0.103	0.081	0.087	0.117
2020-05-16T07:45:00Z	0.103	0.081	0.087	0.117
2020-05-16T08:05:00Z	0.103	0.081	0.087	0.117
2020-05-16T08:25:00Z	0.102	0.081	0.086	0.117
2020-05-16T08:45:00Z	0.102	0.081	0.086	0.117
2020-05-16T09:05:00Z	0.102	0.081	0.086	0.117
2020-05-16T09:25:00Z	0.102	0.081	0.086	0.116
2020-05-16T09:45:00Z	0.102	0.081	0.086	0.116
2020-05-16T10:05:00Z	0.102	0.081	0.086	0.116
2020-05-16T10:25:00Z	0.101	0.081	0.086	0.116
2020-05-16T10:45:00Z	0.101	0.081	0.086	0.116
2020-05-16T11:05:00Z	0.101	0.081	0.086	0.116
2020-05-16T11:25:00Z	0.101	0.081	0.086	0.116
2020-05-16T11:45:00Z	0.101	0.081	0.086	0.116
2020-05-16T12:05:00Z	0.101	0.081	0.086	0.116
2020-05-16T12:25:00Z	0.101	0.081	0.086	0.116
2020-05-16T12:45:00Z	0.101	0.081	0.086	0.116
2020-05-16T13:05:00Z	0.101	0.081	0.086	0.116
2020-05-16T13:25:00Z	0.1	0.081	0.086	0.116
2020-05-16T13:45:00Z	0.1	0.081	0.086	0.116
2020-05-16T14:05:00Z	0.1	0.081	0.086	0.116
2020-05-16T14:25:00Z	0.1	0.081	0.086	0.116
2020-05-16T14:45:00Z	0.1	0.081	0.085	0.116
2020-05-16T15:05:00Z	0.1	0.081	0.085	0.116
2020-05-16T15:25:00Z	0.1	0.081	0.085	0.116
2020-05-16T15:45:00Z	0.1	0.081	0.085	0.116
2020-05-16T16:05:00Z	0.1	0.081	0.086	0.116
2020-05-16T16:25:00Z	0.1	0.082	0.086	0.116
2020-05-16T16:45:00Z	0.1	0.082	0.086	0.116
2020-05-16T17:05:00Z	0.1	0.082	0.086	0.116
2020-05-16T17:25:00Z	0.1	0.082	0.086	0.116
2020-05-16T17:45:00Z	0.1	0.082	0.086	0.116
2020-05-16T18:05:00Z	0.1	0.082	0.086	0.116
2020-05-16T18:25:00Z	0.1	0.082	0.086	0.116
2020-05-16T18:45:00Z	0.1	0.082	0.086	0.116
2020-05-16T19:05:00Z	0.1	0.082	0.086	0.117
2020-05-16T19:25:00Z	0.1	0.082	0.086	0.117
2020-05-16T19:45:00Z	0.1	0.082	0.086	0.117
2020-05-16T20:05:00Z	0.1	0.082	0.086	0.117
2020-05-16T20:25:00Z	0.1	0.082	0.086	0.117
2020-05-16T20:45:00Z	0.1	0.082	0.086	0.117
2020-05-16T21:05:00Z	0.1	0.082	0.086	0.117
2020-05-16T21:25:00Z	0.1	0.082	0.086	0.117
2020-05-16T21:45:00Z	0.1	0.082	0.086	0.117
2020-05-16T22:05:00Z	0.1	0.082	0.086	0.117
2020-05-16T22:25:00Z	0.1	0.082	0.086	0.117
2020-05-16T22:45:00Z	0.1	0.082	0.086	0.117
2020-05-16T23:05:00Z	0.1	0.082	0.086	0.117
2020-05-16T23:25:00Z	0.1	0.082	0.086	0.117
2020-05-16T23:45:00Z	0.1	0.082	0.086	0.117
2020-05-17T00:05:00Z	0.1	0.082	0.086	0.117
2020-05-17T00:25:00Z	0.1	0.082	0.087	0.117
2020-05-17T00:45:00Z	0.1	0.082	0.087	0.117
2020-05-17T01:05:00Z	0.1	0.082	0.087	0.117
2020-05-17T01:25:00Z	0.1	0.082	0.086	0.117
2020-05-17T01:45:00Z	0.1	0.082	0.086	0.117
2020-05-17T02:05:00Z	0.1	0.082	0.086	0.117
2020-05-17T02:25:00Z	0.1	0.082	0.086	0.117
2020-05-17T02:45:00Z	0.1	0.082	0.087	0.117
2020-05-17T03:05:00Z	0.1	0.082	0.087	0.117
2020-05-17T03:25:00Z	0.1	0.082	0.087	0.117
2020-05-17T03:45:00Z	0.1	0.082	0.087	0.117
2020-05-17T04:05:00Z	0.1	0.082	0.087	0.117
2020-05-17T04:25:00Z	0.1	0.082	0.087	0.117
2020-05-17T04:45:00Z	0.1	0.082	0.087	0.117
2020-05-17T05:05:00Z	0.1	0.082	0.087	0.117
2020-05-17T05:25:00Z	0.1	0.082	0.087	0.117
2020-05-17T05:45:00Z	0.099	0.082	0.086	0.117
2020-05-17T06:05:00Z	0.099	0.082	0.086	0.117
2020-05-17T06:25:00Z	0.099	0.082	0.086	0.117
2020-05-17T06:45:00Z	0.099	0.081	0.086	0.117
2020-05-17T07:05:00Z	0.099	0.081	0.086	0.117
2020-05-17T07:25:00Z	0.099	0.081	0.086	0.116
2020-05-17T07:45:00Z	0.099	0.081	0.086	0.116
2020-05-17T08:05:00Z	0.099	0.081	0.086	0.116
2020-05-17T08:25:00Z	0.099	0.081	0.086	0.116
2020-05-17T08:45:00Z	0.098	0.081	0.085	0.116
2020-05-17T09:05:00Z	0.098	0.081	0.085	0.115
2020-05-17T09:25:00Z	0.098	0.081	0.085	0.115
2020-05-17T09:45:00Z	0.098	0.081	0.085	0.115
2020-05-17T10:05:00Z	0.098	0.081	0.085	0.115
2020-05-17T10:25:00Z	0.098	0.081	0.085	0.115
2020-05-17T10:45:00Z	0.098	0.081	0.084	0.115
2020-05-17T11:05:00Z	0.097	0.08	0.084	0.115
2020-05-17T11:25:00Z	0.097	0.08	0.084	0.114
2020-05-17T11:45:00Z	0.097	0.08	0.084	0.114
2020-05-17T12:05:00Z	0.097	0.08	0.084	0.114
2020-05-17T12:25:00Z	0.097	0.081	0.084	0.115
2020-05-17T12:45:00Z	0.097	0.081	0.085	0.115
2020-05-17T13:05:00Z	0.097	0.081	0.084	0.115
2020-05-17T13:25:00Z	0.097	0.081	0.084	0.115
2020-05-17T13:45:00Z	0.097	0.081	0.084	0.115
2020-05-17T14:05:00Z	0.097	0.081	0.084	0.115
2020-05-17T14:25:00Z	0.097	0.081	0.084	0.115
2020-05-17T14:45:00Z	0.097	0.081	0.084	0.115
2020-05-17T15:05:00Z	0.096	0.081	0.084	0.115
2020-05-17T15:25:00Z	0.096	0.081	0.084	0.114
2020-05-17T15:45:00Z	0.096	0.081	0.084	0.115
2020-05-17T16:05:00Z	0.096	0.081	0.084	0.115
2020-05-17T16:25:00Z	0.096	0.081	0.084	0.115
2020-05-17T16:45:00Z	0.096	0.081	0.084	0.115
2020-05-17T17:05:00Z	0.096	0.081	0.084	0.115
2020-05-17T17:25:00Z	0.096	0.081	0.084	0.115
2020-05-17T17:45:00Z	0.096	0.081	0.084	0.115
2020-05-17T18:05:00Z	0.096	0.081	0.085	0.115
2020-05-17T18:25:00Z	0.096	0.081	0.085	0.115
2020-05-17T18:45:00Z	0.096	0.082	0.085	0.115
2020-05-17T19:05:00Z	0.096	0.081	0.085	0.115
2020-05-17T19:25:00Z	0.097	0.082	0.085	0.116
2020-05-17T19:45:00Z	0.097	0.082	0.085	0.116
2020-05-17T20:05:00Z	0.096	0.082	0.085	0.116
2020-05-17T20:25:00Z	0.096	0.082	0.085	0.116
2020-05-17T20:45:00Z	0.096	0.082	0.085	0.116
2020-05-17T21:05:00Z	0.096	0.082	0.085	0.116
2020-05-17T21:25:00Z	0.096	0.081	0.085	0.116
2020-05-17T21:45:00Z	0.096	0.081	0.085	0.116
2020-05-17T22:05:00Z	0.096	0.081	0.085	0.116
2020-05-17T22:25:00Z	0.096	0.081	0.085	0.116
2020-05-17T22:45:00Z	0.096	0.081	0.085	0.116
2020-05-17T23:05:00Z	0.096	0.081	0.085	0.116
2020-05-17T23:25:00Z	0.096	0.081	0.085	0.116
2020-05-17T23:45:00Z	0.096	0.081	0.085	0.116
2020-05-18T00:05:00Z	0.096	0.081	0.085	0.116
2020-05-18T00:25:00Z	0.096	0.082	0.085	0.116
2020-05-18T00:45:00Z	0.096	0.082	0.086	0.116
2020-05-18T01:05:00Z	0.096	0.082	0.086	0.116
2020-05-18T01:25:00Z	0.096	0.081	0.086	0.116
2020-05-18T01:45:00Z	0.096	0.081	0.086	0.116
2020-05-18T02:05:00Z	0.096	0.082	0.086	0.116
2020-05-18T02:25:00Z	0.096	0.082	0.086	0.116
2020-05-18T02:45:00Z	0.096	0.082	0.086	0.116
2020-05-18T03:05:00Z	0.096	0.082	0.086	0.116
2020-05-18T03:25:00Z	0.096	0.082	0.086	0.116
2020-05-18T03:45:00Z	0.096	0.081	0.086	0.116
2020-05-18T04:05:00Z	0.096	0.081	0.086	0.116
2020-05-18T04:25:00Z	0.096	0.081	0.086	0.116
2020-05-18T04:45:00Z	0.096	0.081	0.085	0.116
2020-05-18T05:05:00Z	0.096	0.081	0.085	0.116
2020-05-18T05:25:00Z	0.096	0.081	0.085	0.116
2020-05-18T05:45:00Z	0.096	0.081	0.085	0.116
2020-05-18T06:05:00Z	0.096	0.081	0.085	0.115
2020-05-18T06:25:00Z	0.096	0.081	0.085	0.115
2020-05-18T06:45:00Z	0.096	0.081	0.085	0.115
2020-05-18T07:05:00Z	0.096	0.081	0.085	0.115
2020-05-18T07:25:00Z	0.096	0.081	0.085	0.115
2020-05-18T07:45:00Z	0.096	0.081	0.085	0.115
2020-05-18T08:05:00Z	0.096	0.081	0.085	0.115
2020-05-18T08:25:00Z	0.096	0.08	0.084	0.115
2020-05-18T08:45:00Z	0.095	0.08	0.084	0.114
2020-05-18T09:05:00Z	0.095	0.08	0.084	0.114
2020-05-18T09:25:00Z	0.095	0.08	0.084	0.114
2020-05-18T09:45:00Z	0.095	0.08	0.084	0.114
2020-05-18T10:05:00Z	0.095	0.08	0.083	0.114
2020-05-18T10:25:00Z	0.095	0.08	0.083	0.114
2020-05-18T10:45:00Z	0.095	0.08	0.084	0.114
2020-05-18T11:05:00Z	0.095	0.08	0.084	0.114
2020-05-18T11:25:00Z	0.094	0.08	0.083	0.114
2020-05-18T11:45:00Z	0.094	0.08	0.083	0.114
2020-05-18T12:05:00Z	0.094	0.08	0.083	0.114
2020-05-18T12:25:00Z	0.094	0.08	0.083	0.114
2020-05-18T12:45:00Z	0.094	0.08	0.083	0.114
2020-05-18T13:05:00Z	0.094	0.08	0.083	0.113
2020-05-18T13:25:00Z	0.094	0.08	0.083	0.113
2020-05-18T13:45:00Z	0.094	0.08	0.083	0.113
2020-05-18T14:05:00Z	0.094	0.08	0.083	0.113
2020-05-18T14:25:00Z	0.094	0.08	0.083	0.113
2020-05-18T14:45:00Z	0.094	0.08	0.083	0.113
2020-05-18T15:05:00Z	0.094	0.08	0.083	0.113
2020-05-18T15:25:00Z	0.094	0.08	0.083	0.113
2020-05-18T15:45:00Z	0.094	0.08	0.083	0.114
2020-05-18T16:05:00Z	0.094	0.08	0.083	0.113
2020-05-18T16:25:00Z	0.094	0.08	0.083	0.114
2020-05-18T16:45:00Z	0.094	0.08	0.083	0.113
2020-05-18T17:05:00Z	0.094	0.08	0.083	0.114
2020-05-18T17:25:00Z	0.094	0.08	0.083	0.114
2020-05-18T17:45:00Z	0.094	0.08	0.083	0.114
2020-05-18T18:05:00Z	0.094	0.08	0.083	0.114
2020-05-18T18:25:00Z	0.094	0.081	0.083	0.114
2020-05-18T18:45:00Z	0.094	0.081	0.084	0.114
2020-05-18T19:05:00Z	0.094	0.081	0.084	0.114
2020-05-18T19:25:00Z	0.094	0.081	0.084	0.114
2020-05-18T19:45:00Z	0.094	0.081	0.084	0.114
2020-05-18T20:05:00Z	0.094	0.081	0.084	0.114
2020-05-18T20:25:00Z	0.094	0.081	0.084	0.114
2020-05-18T20:45:00Z	0.094	0.081	0.084	0.114
2020-05-18T21:05:00Z	0.094	0.081	0.084	0.114
2020-05-18T21:25:00Z	0.094	0.081	0.084	0.114
2020-05-18T21:45:00Z	0.094	0.081	0.084	0.114
2020-05-18T22:05:00Z	0.094	0.081	0.084	0.114
2020-05-18T22:25:00Z	0.094	0.081	0.084	0.114
2020-05-18T22:45:00Z	0.094	0.081	0.084	0.114
2020-05-18T23:05:00Z	0.094	0.081	0.084	0.114
2020-05-18T23:25:00Z	0.094	0.081	0.084	0.114
2020-05-18T23:45:00Z	0.094	0.081	0.085	0.114
2020-05-19T00:05:00Z	0.094	0.081	0.085	0.115
2020-05-19T00:25:00Z	0.094	0.081	0.085	0.115
2020-05-19T00:45:00Z	0.094	0.081	0.085	0.114
2020-05-19T01:05:00Z	0.094	0.081	0.085	0.114
2020-05-19T01:25:00Z	0.094	0.081	0.085	0.115
2020-05-19T01:45:00Z	0.094	0.081	0.085	0.115
2020-05-19T02:05:00Z	0.094	0.081	0.085	0.115
2020-05-19T02:25:00Z	0.094	0.081	0.085	0.114
2020-05-19T02:45:00Z	0.094	0.081	0.085	0.114
2020-05-19T03:05:00Z	0.094	0.081	0.085	0.114
2020-05-19T03:25:00Z	0.094	0.081	0.085	0.114
2020-05-19T03:45:00Z	0.094	0.081	0.085	0.114
2020-05-19T04:05:00Z	0.094	0.081	0.085	0.114
2020-05-19T04:25:00Z	0.094	0.081	0.085	0.114
2020-05-19T04:45:00Z	0.094	0.08	0.084	0.114
2020-05-19T05:05:00Z	0.094	0.08	0.085	0.114
2020-05-19T05:25:00Z	0.094	0.08	0.084	0.114
2020-05-19T05:45:00Z	0.094	0.08	0.084	0.114
2020-05-19T06:05:00Z	0.094	0.08	0.084	0.114
2020-05-19T06:25:00Z	0.094	0.08	0.084	0.114
2020-05-19T06:45:00Z	0.094	0.08	0.084	0.114
2020-05-19T07:05:00Z	0.094	0.08	0.084	0.114
2020-05-19T07:25:00Z	0.094	0.08	0.084	0.114
2020-05-19T07:45:00Z	0.094	0.08	0.084	0.114
2020-05-19T08:05:00Z	0.094	0.08	0.084	0.114
2020-05-19T08:25:00Z	0.094	0.08	0.084	0.114
2020-05-19T08:45:00Z	0.094	0.08	0.084	0.114
2020-05-19T09:05:00Z	0.094	0.08	0.084	0.114
2020-05-19T09:25:00Z	0.094	0.08	0.083	0.113
2020-05-19T09:45:00Z	0.094	0.08	0.083	0.113
2020-05-19T10:05:00Z	0.094	0.08	0.083	0.113
2020-05-19T10:25:00Z	0.094	0.08	0.083	0.113
2020-05-19T10:45:00Z	0.094	0.08	0.083	0.113
2020-05-19T11:05:00Z	0.094	0.08	0.083	0.113
2020-05-19T11:25:00Z	0.094	0.08	0.083	0.113
2020-05-19T11:45:00Z	0.093	0.08	0.083	0.113
2020-05-19T12:05:00Z	0.093	0.08	0.083	0.113
2020-05-19T12:25:00Z	0.094	0.08	0.083	0.113
2020-05-19T12:45:00Z	0.094	0.08	0.083	0.113
2020-05-19T13:05:00Z	0.093	0.08	0.083	0.113
2020-05-19T13:25:00Z	0.093	0.08	0.083	0.113
2020-05-19T13:45:00Z	0.093	0.08	0.083	0.113
2020-05-19T14:05:00Z	0.093	0.08	0.083	0.113
2020-05-19T14:25:00Z	0.093	0.08	0.083	0.113
2020-05-19T14:45:00Z	0.093	0.08	0.083	0.113
2020-05-19T15:05:00Z	0.093	0.08	0.083	0.113
2020-05-19T15:25:00Z	0.093	0.08	0.083	0.113
2020-05-19T15:45:00Z	0.093	0.08	0.083	0.113
2020-05-19T16:05:00Z	0.093	0.08	0.083	0.113
2020-05-19T16:25:00Z	0.093	0.08	0.083	0.113
2020-05-19T16:45:00Z	0.093	0.08	0.083	0.113
2020-05-19T17:05:00Z	0.093	0.08	0.083	0.113
2020-05-19T17:25:00Z	0.093	0.08	0.083	0.113
2020-05-19T17:45:00Z	0.093	0.08	0.083	0.113
2020-05-19T18:05:00Z	0.093	0.08	0.083	0.113
2020-05-19T18:25:00Z	0.093	0.08	0.083	0.113
2020-05-19T18:45:00Z	0.093	0.08	0.083	0.113
2020-05-19T19:05:00Z	0.093	0.08	0.083	0.113
2020-05-19T19:25:00Z	0.093	0.08	0.083	0.113
2020-05-19T19:45:00Z	0.093	0.08	0.084	0.114
2020-05-19T20:05:00Z	0.094	0.08	0.084	0.114
2020-05-19T20:25:00Z	0.094	0.08	0.084	0.114
2020-05-19T20:45:00Z	0.094	0.081	0.084	0.114
2020-05-19T21:05:00Z	0.094	0.081	0.084	0.114
2020-05-19T21:25:00Z	0.094	0.081	0.084	0.114
2020-05-19T21:45:00Z	0.094	0.081	0.084	0.114
2020-05-19T22:05:00Z	0.094	0.081	0.084	0.114
2020-05-19T22:25:00Z	0.094	0.081	0.084	0.114
2020-05-19T22:45:00Z	0.094	0.08	0.084	0.114
2020-05-19T23:05:00Z	0.093	0.08	0.084	0.114
2020-05-19T23:25:00Z	0.093	0.08	0.084	0.114
2020-05-19T23:45:00Z	0.093	0.08	0.084	0.114
2020-05-20T00:05:00Z	0.093	0.08	0.084	0.114
2020-05-20T00:25:00Z	0.093	0.08	0.084	0.114
2020-05-20T00:45:00Z	0.093	0.08	0.084	0.114
2020-05-20T01:05:00Z	0.094	0.08	0.084	0.114
2020-05-20T01:25:00Z	0.093	0.08	0.084	0.114
2020-05-20T01:45:00Z	0.093	0.08	0.084	0.114
2020-05-20T02:05:00Z	0.093	0.08	0.084	0.114
2020-05-20T02:25:00Z	0.093	0.08	0.084	0.114
2020-05-20T02:45:00Z	0.093	0.08	0.084	0.114
2020-05-20T03:05:00Z	0.093	0.08	0.084	0.114
2020-05-20T03:25:00Z	0.093	0.08	0.084	0.114
2020-05-20T03:45:00Z	0.093	0.08	0.084	0.114
2020-05-20T04:05:00Z	0.093	0.08	0.084	0.114
2020-05-20T04:25:00Z	0.093	0.08	0.084	0.114
2020-05-20T04:45:00Z	0.093	0.08	0.084	0.114
2020-05-20T05:05:00Z	0.093	0.08	0.084	0.114
2020-05-20T05:25:00Z	0.093	0.08	0.084	0.114
2020-05-20T05:45:00Z	0.093	0.08	0.084	0.114
2020-05-20T06:05:00Z	0.093	0.08	0.084	0.114
2020-05-20T06:25:00Z	0.093	0.08	0.084	0.114
2020-05-20T06:45:00Z	0.093	0.08	0.084	0.113
2020-05-20T07:05:00Z	0.093	0.08	0.083	0.113
2020-05-20T07:25:00Z	0.093	0.08	0.083	0.113
2020-05-20T07:45:00Z	0.093	0.08	0.083	0.113
2020-05-20T08:05:00Z	0.093	0.08	0.083	0.113
2020-05-20T08:25:00Z	0.093	0.08	0.083	0.112
2020-05-20T08:45:00Z	0.093	0.08	0.083	0.112
2020-05-20T09:05:00Z	0.092	0.08	0.083	0.112
2020-05-20T09:25:00Z	0.092	0.079	0.082	0.112
2020-05-20T09:45:00Z	0.092	0.079	0.082	0.112
2020-05-20T10:05:00Z	0.092	0.079	0.082	0.112
2020-05-20T10:25:00Z	0.092	0.079	0.082	0.112
2020-05-20T10:45:00Z	0.092	0.079	0.082	0.112
2020-05-20T11:05:00Z	0.092	0.079	0.082	0.112
2020-05-20T11:25:00Z	0.092	0.079	0.082	0.112
2020-05-20T11:45:00Z	0.092	0.079	0.082	0.112
2020-05-20T12:05:00Z	0.092	0.079	0.082	0.112
2020-05-20T12:25:00Z	0.092	0.079	0.082	0.112
2020-05-20T12:45:00Z	0.092	0.079	0.082	0.112
2020-05-20T13:05:00Z	0.092	0.079	0.082	0.111
2020-05-20T13:25:00Z	0.092	0.079	0.082	0.112
2020-05-20T13:45:00Z	0.092	0.079	0.082	0.111
2020-05-20T14:05:00Z	0.092	0.079	0.082	0.111
2020-05-20T14:25:00Z	0.092	0.079	0.082	0.111
2020-05-20T14:45:00Z	0.092	0.079	0.082	0.112
2020-05-20T15:05:00Z	0.092	0.079	0.082	0.112
2020-05-20T15:25:00Z	0.092	0.079	0.082	0.112
2020-05-20T15:45:00Z	0.092	0.08	0.082	0.112
2020-05-20T16:05:00Z	0.092	0.08	0.082	0.112
2020-05-20T16:25:00Z	0.092	0.08	0.082	0.112
2020-05-20T16:45:00Z	0.092	0.08	0.082	0.112
2020-05-20T17:05:00Z	0.092	0.08	0.082	0.112
2020-05-20T17:25:00Z	0.092	0.08	0.082	0.112
2020-05-20T17:45:00Z	0.092	0.08	0.082	0.112
2020-05-20T18:05:00Z	0.092	0.08	0.083	0.112
2020-05-20T18:25:00Z	0.092	0.08	0.083	0.112
2020-05-20T18:45:00Z	0.092	0.08	0.083	0.112
2020-05-20T19:05:00Z	0.092	0.08	0.083	0.112
2020-05-20T19:25:00Z	0.093	0.08	0.083	0.112
2020-05-20T19:45:00Z	0.093	0.08	0.083	0.113
2020-05-20T20:05:00Z	0.093	0.08	0.083	0.112
2020-05-20T20:25:00Z	0.093	0.08	0.083	0.113
2020-05-20T20:45:00Z	0.093	0.08	0.083	0.113
2020-05-20T21:05:00Z	0.093	0.08	0.083	0.113
2020-05-20T21:25:00Z	0.093	0.08	0.083	0.113
2020-05-20T21:45:00Z	0.093	0.08	0.083	0.113
2020-05-20T22:05:00Z	0.092	0.08	0.083	0.113
2020-05-20T22:25:00Z	0.092	0.08	0.083	0.113
2020-05-20T22:45:00Z	0.092	0.08	0.083	0.113
2020-05-20T23:05:00Z	0.092	0.08	0.083	0.113
2020-05-20T23:25:00Z	0.092	0.08	0.083	0.113
2020-05-20T23:45:00Z	0.092	0.08	0.083	0.113
2020-05-21T00:05:00Z	0.092	0.08	0.083	0.113
2020-05-21T00:25:00Z	0.092	0.08	0.083	0.113
2020-05-21T00:45:00Z	0.092	0.08	0.083	0.113
2020-05-21T01:05:00Z	0.092	0.08	0.083	0.113
2020-05-21T01:25:00Z	0.092	0.08	0.083	0.113
2020-05-21T01:45:00Z	0.092	0.08	0.083	0.113
2020-05-21T02:05:00Z	0.092	0.08	0.083	0.113
2020-05-21T02:25:00Z	0.092	0.08	0.083	0.113
2020-05-21T02:45:00Z	0.092	0.08	0.083	0.113
2020-05-21T03:05:00Z	0.092	0.08	0.083	0.113
2020-05-21T03:25:00Z	0.092	0.08	0.084	0.113
2020-05-21T03:45:00Z	0.092	0.08	0.083	0.113
2020-05-21T04:05:00Z	0.092	0.08	0.083	0.113
2020-05-21T04:25:00Z	0.092	0.08	0.083	0.113
2020-05-21T04:45:00Z	0.092	0.08	0.083	0.113
2020-05-21T05:05:00Z	0.092	0.08	0.083	0.113
2020-05-21T05:25:00Z	0.092	0.08	0.083	0.113
2020-05-21T05:45:00Z	0.092	0.08	0.083	0.112
2020-05-21T06:05:00Z	0.092	0.08	0.083	0.112
2020-05-21T06:25:00Z	0.092	0.079	0.083	0.112
2020-05-21T06:45:00Z	0.092	0.079	0.083	0.112
2020-05-21T07:05:00Z	0.092	0.079	0.083	0.112
2020-05-21T07:25:00Z	0.092	0.079	0.083	0.112
2020-05-21T07:45:00Z	0.092	0.079	0.082	0.112
2020-05-21T08:05:00Z	0.092	0.079	0.082	0.112
2020-05-21T08:25:00Z	0.092	0.078	0.082	0.111
2020-05-21T08:45:00Z	0.092	0.078	0.082	0.111
2020-05-21T09:05:00Z	0.092	0.078	0.082	0.111
2020-05-21T09:25:00Z	0.091	0.078	0.081	0.111
2020-05-21T09:45:00Z	0.091	0.078	0.081	0.111
2020-05-21T10:05:00Z	0.091	0.078	0.081	0.111
2020-05-21T10:25:00Z	0.091	0.078	0.081	0.111
2020-05-21T10:45:00Z	0.091	0.078	0.081	0.111
2020-05-21T11:05:00Z	0.091	0.078	0.081	0.11
2020-05-21T11:25:00Z	0.091	0.078	0.081	0.11
2020-05-21T11:45:00Z	0.091	0.078	0.081	0.11
2020-05-21T12:05:00Z	0.091	0.078	0.081	0.11
2020-05-21T12:25:00Z	0.091	0.078	0.081	0.11
2020-05-21T12:45:00Z	0.091	0.078	0.081	0.11
2020-05-21T13:05:00Z	0.092	0.078	0.081	0.11
2020-05-21T13:25:00Z	0.092	0.078	0.081	0.11
2020-05-21T13:45:00Z	0.092	0.078	0.081	0.11
2020-05-21T14:05:00Z	0.092	0.078	0.081	0.11
2020-05-21T14:25:00Z	0.092	0.078	0.081	0.11
2020-05-21T14:45:00Z	0.092	0.078	0.081	0.11
2020-05-21T15:05:00Z	0.092	0.078	0.081	0.11
2020-05-21T15:25:00Z	0.092	0.078	0.081	0.11
2020-05-21T15:45:00Z	0.092	0.078	0.081	0.11
2020-05-21T16:05:00Z	0.092	0.078	0.081	0.11
2020-05-21T16:25:00Z	0.092	0.078	0.081	0.11
2020-05-21T16:45:00Z	0.092	0.078	0.081	0.11
2020-05-21T17:05:00Z	0.092	0.078	0.081	0.11
2020-05-21T17:25:00Z	0.092	0.078	0.081	0.111
2020-05-21T17:45:00Z	0.092	0.079	0.081	0.111
2020-05-21T18:05:00Z	0.092	0.079	0.081	0.111
2020-05-21T18:25:00Z	0.092	0.079	0.082	0.111
2020-05-21T18:45:00Z	0.092	0.079	0.082	0.111
2020-05-21T19:05:00Z	0.092	0.079	0.082	0.111
2020-05-21T19:25:00Z	0.092	0.079	0.082	0.111
2020-05-21T19:45:00Z	0.092	0.08	0.082	0.112
2020-05-21T20:05:00Z	0.092	0.08	0.082	0.112
2020-05-21T20:25:00Z	0.092	0.08	0.082	0.112
2020-05-21T20:45:00Z	0.092	0.08	0.082	0.112
2020-05-21T21:05:00Z	0.092	0.08	0.082	0.112
2020-05-21T21:25:00Z	0.092	0.08	0.082	0.112
2020-05-21T21:45:00Z	0.092	0.08	0.082	0.112
2020-05-21T22:05:00Z	0.092	0.08	0.082	0.112
2020-05-21T22:25:00Z	0.092	0.08	0.083	0.112
2020-05-21T22:45:00Z	0.092	0.08	0.083	0.112
2020-05-21T23:05:00Z	0.092	0.08	0.083	0.112
2020-05-21T23:25:00Z	0.092	0.08	0.083	0.112
2020-05-21T23:45:00Z	0.092	0.08	0.083	0.112
2020-05-22T00:05:00Z	0.092	0.08	0.083	0.112
2020-05-22T00:25:00Z	0.092	0.08	0.083	0.112
2020-05-22T00:45:00Z	0.092	0.08	0.083	0.112
2020-05-22T01:05:00Z	0.092	0.08	0.083	0.112
2020-05-22T01:25:00Z	0.092	0.08	0.083	0.112
2020-05-22T01:45:00Z	0.092	0.08	0.083	0.112
2020-05-22T02:05:00Z	0.092	0.079	0.083	0.112
2020-05-22T02:25:00Z	0.092	0.079	0.083	0.112
2020-05-22T02:45:00Z	0.092	0.079	0.083	0.112
2020-05-22T03:05:00Z	0.092	0.08	0.083	0.112
2020-05-22T03:25:00Z	0.092	0.079	0.083	0.112
2020-05-22T03:45:00Z	0.092	0.079	0.082	0.112
2020-05-22T04:05:00Z	0.092	0.079	0.082	0.112
2020-05-22T04:25:00Z	0.092	0.079	0.082	0.112
2020-05-22T04:45:00Z	0.092	0.079	0.082	0.112
2020-05-22T05:05:00Z	0.092	0.079	0.082	0.112
2020-05-22T05:25:00Z	0.091	0.079	0.082	0.111
2020-05-22T05:45:00Z	0.091	0.078	0.082	0.111
2020-05-22T06:05:00Z	0.091	0.078	0.082	0.111
2020-05-22T06:25:00Z	0.091	0.078	0.082	0.111
2020-05-22T06:45:00Z	0.091	0.078	0.082	0.111
2020-05-22T07:05:00Z	0.091	0.078	0.082	0.111
2020-05-22T07:25:00Z	0.091	0.078	0.081	0.111
2020-05-22T07:45:00Z	0.091	0.078	0.081	0.11
2020-05-22T08:05:00Z	0.091	0.078	0.081	0.11
2020-05-22T08:25:00Z	0.091	0.078	0.081	0.11
2020-05-22T08:45:00Z	0.091	0.078	0.081	0.11
2020-05-22T09:05:00Z	0.091	0.078	0.081	0.11
2020-05-22T09:25:00Z	0.091	0.078	0.081	0.11
2020-05-22T09:45:00Z	0.09	0.078	0.08	0.11
2020-05-22T10:05:00Z	0.09	0.078	0.08	0.11
2020-05-22T10:25:00Z	0.091	0.078	0.08	0.11
2020-05-22T10:45:00Z	0.091	0.078	0.08	0.11
2020-05-22T11:05:00Z	0.091	0.078	0.08	0.11
2020-05-22T11:25:00Z	0.091	0.078	0.08	0.11
2020-05-22T11:45:00Z	0.09	0.078	0.08	0.11
2020-05-22T12:05:00Z	0.091	0.078	0.08	0.11
2020-05-22T12:25:00Z	0.091	0.078	0.08	0.11
2020-05-22T12:45:00Z	0.091	0.078	0.08	0.11
2020-05-22T13:05:00Z	0.091	0.078	0.08	0.11
2020-05-22T13:25:00Z	0.09	0.078	0.08	0.11
2020-05-22T13:45:00Z	0.091	0.078	0.08	0.11
2020-05-22T14:05:00Z	0.09	0.078	0.08	0.11
2020-05-22T14:25:00Z	0.091	0.078	0.08	0.11
2020-05-22T14:45:00Z	0.091	0.078	0.08	0.11
2020-05-22T15:05:00Z	0.091	0.078	0.08	0.11
2020-05-22T15:25:00Z	0.091	0.078	0.08	0.11
2020-05-22T15:45:00Z	0.091	0.078	0.081	0.11
2020-05-22T16:05:00Z	0.091	0.078	0.081	0.11
2020-05-22T16:25:00Z	0.091	0.078	0.081	0.11
2020-05-22T16:45:00Z	0.091	0.078	0.081	0.11
2020-05-22T17:05:00Z	0.091	0.078	0.081	0.11
2020-05-22T17:25:00Z	0.091	0.078	0.081	0.11
2020-05-22T17:45:00Z	0.091	0.078	0.081	0.11
2020-05-22T18:05:00Z	0.091	0.078	0.081	0.11
2020-05-22T18:25:00Z	0.091	0.078	0.081	0.11
2020-05-22T18:45:00Z	0.091	0.078	0.081	0.11
2020-05-22T19:05:00Z	0.091	0.078	0.081	0.11
2020-05-22T19:25:00Z	0.091	0.078	0.081	0.11
2020-05-22T19:45:00Z	0.091	0.078	0.081	0.11
2020-05-22T20:05:00Z	0.091	0.078	0.081	0.11
2020-05-22T20:25:00Z	0.091	0.078	0.081	0.11
2020-05-22T20:45:00Z	0.091	0.078	0.081	0.11
2020-05-22T21:05:00Z	0.091	0.078	0.081	0.11
2020-05-22T21:25:00Z	0.091	0.078	0.081	0.11
2020-05-22T21:45:00Z	0.091	0.078	0.081	0.11
2020-05-22T22:05:00Z	0.091	0.078	0.081	0.11
2020-05-22T22:25:00Z	0.091	0.078	0.081	0.11
2020-05-22T22:45:00Z	0.091	0.078	0.081	0.11
2020-05-22T23:05:00Z	0.091	0.078	0.081	0.111
2020-05-22T23:25:00Z	0.091	0.078	0.081	0.111
2020-05-22T23:45:00Z	0.092	0.078	0.081	0.111
2020-05-23T00:05:00Z	0.093	0.078	0.081	0.11
2020-05-23T00:25:00Z	0.093	0.078	0.081	0.11
2020-05-23T00:45:00Z	0.093	0.078	0.081	0.11
2020-05-23T01:05:00Z	0.094	0.078	0.081	0.11
2020-05-23T01:25:00Z	0.094	0.078	0.081	0.11
2020-05-23T01:45:00Z	0.094	0.078	0.081	0.11
2020-05-23T02:05:00Z	0.094	0.078	0.081	0.11
2020-05-23T02:25:00Z	0.094	0.078	0.081	0.11
2020-05-23T02:45:00Z	0.094	0.078	0.081	0.11
2020-05-23T03:05:00Z	0.094	0.078	0.081	0.11
2020-05-23T03:25:00Z	0.094	0.078	0.082	0.11
2020-05-23T03:45:00Z	0.094	0.078	0.082	0.11
2020-05-23T04:05:00Z	0.095	0.078	0.082	0.11
2020-05-23T04:25:00Z	0.095	0.078	0.082	0.11
2020-05-23T04:45:00Z	0.095	0.078	0.082	0.11
2020-05-23T05:05:00Z	0.095	0.078	0.082	0.111
2020-05-23T05:25:00Z	0.095	0.078	0.082	0.111
2020-05-23T05:45:00Z	0.096	0.078	0.082	0.111
2020-05-23T06:05:00Z	0.096	0.078	0.082	0.111
2020-05-23T06:25:00Z	0.096	0.078	0.082	0.111
2020-05-23T06:45:00Z	0.096	0.078	0.082	0.111
2020-05-23T07:05:00Z	0.096	0.078	0.082	0.111
2020-05-23T07:25:00Z	0.096	0.078	0.082	0.111
2020-05-23T07:45:00Z	0.096	0.078	0.082	0.111
2020-05-23T08:05:00Z	0.096	0.078	0.082	0.111
2020-05-23T08:25:00Z	0.096	0.078	0.082	0.111
2020-05-23T08:45:00Z	0.096	0.078	0.082	0.111
2020-05-23T09:05:00Z	0.096	0.078	0.082	0.111
2020-05-23T09:25:00Z	0.096	0.078	0.082	0.111
2020-05-23T09:45:00Z	0.096	0.078	0.082	0.111
2020-05-23T10:05:00Z	0.096	0.078	0.082	0.111
2020-05-23T10:25:00Z	0.096	0.078	0.082	0.111
2020-05-23T10:45:00Z	0.096	0.078	0.082	0.111
2020-05-23T11:05:00Z	0.096	0.078	0.082	0.111
2020-05-23T11:25:00Z	0.096	0.078	0.082	0.111
2020-05-23T11:45:00Z	0.096	0.078	0.082	0.11
2020-05-23T12:05:00Z	0.096	0.078	0.082	0.111
2020-05-23T12:25:00Z	0.096	0.078	0.082	0.11
2020-05-23T12:45:00Z	0.096	0.078	0.082	0.11
2020-05-23T13:05:00Z	0.096	0.078	0.082	0.111
2020-05-23T13:25:00Z	0.096	0.078	0.082	0.111
2020-05-23T13:45:00Z	0.096	0.078	0.082	0.111
2020-05-23T14:05:00Z	0.096	0.078	0.082	0.111
2020-05-23T14:25:00Z	0.096	0.079	0.082	0.111
2020-05-23T14:45:00Z	0.096	0.078	0.082	0.111
2020-05-23T15:05:00Z	0.096	0.078	0.082	0.111
2020-05-23T15:25:00Z	0.096	0.079	0.082	0.111
2020-05-23T15:45:00Z	0.096	0.079	0.082	0.111
2020-05-23T16:05:00Z	0.096	0.078	0.082	0.111
2020-05-23T16:25:00Z	0.096	0.079	0.082	0.111
2020-05-23T16:45:00Z	0.096	0.079	0.082	0.111
2020-05-23T17:05:00Z	0.096	0.079	0.083	0.111
2020-05-23T17:25:00Z	0.096	0.079	0.083	0.111
2020-05-23T17:45:00Z	0.096	0.079	0.083	0.111
2020-05-23T18:05:00Z	0.096	0.079	0.083	0.111
2020-05-23T18:25:00Z	0.096	0.079	0.083	0.112
2020-05-23T18:45:00Z	0.096	0.079	0.083	0.112
2020-05-23T19:05:00Z	0.096	0.079	0.083	0.112
2020-05-23T19:25:00Z	0.096	0.08	0.083	0.112
2020-05-23T19:45:00Z	0.096	0.08	0.083	0.112
2020-05-23T20:05:00Z	0.096	0.08	0.083	0.112
2020-05-23T20:25:00Z	0.096	0.08	0.083	0.112
2020-05-23T20:45:00Z	0.096	0.08	0.083	0.112
2020-05-23T21:05:00Z	0.096	0.08	0.083	0.112
2020-05-23T21:25:00Z	0.096	0.08	0.083	0.112
2020-05-23T21:45:00Z	0.096	0.08	0.083	0.112
2020-05-23T22:05:00Z	0.096	0.08	0.083	0.112
2020-05-23T22:25:00Z	0.096	0.08	0.083	0.112
2020-05-23T22:45:00Z	0.096	0.079	0.083	0.112
2020-05-23T23:05:00Z	0.096	0.08	0.083	0.112
2020-05-23T23:25:00Z	0.096	0.08	0.083	0.112
2020-05-23T23:45:00Z	0.096	0.08	0.083	0.112
2020-05-24T00:05:00Z	0.096	0.08	0.083	0.112
2020-05-24T00:25:00Z	0.096	0.08	0.083	0.112
2020-05-24T00:45:00Z	0.096	0.08	0.083	0.112
2020-05-24T01:05:00Z	0.096	0.08	0.083	0.112
2020-05-24T01:25:00Z	0.096	0.08	0.083	0.112
2020-05-24T01:45:00Z	0.096	0.08	0.083	0.112
2020-05-24T02:05:00Z	0.096	0.08	0.083	0.112
2020-05-24T02:25:00Z	0.096	0.08	0.083	0.112
2020-05-24T02:45:00Z	0.096	0.079	0.083	0.112
2020-05-24T03:05:00Z	0.096	0.079	0.083	0.112
2020-05-24T03:25:00Z	0.096	0.079	0.083	0.112
2020-05-24T03:45:00Z	0.096	0.079	0.083	0.112
2020-05-24T04:05:00Z	0.096	0.079	0.083	0.112
2020-05-24T04:25:00Z	0.096	0.079	0.083	0.112
2020-05-24T04:45:00Z	0.096	0.079	0.083	0.112
2020-05-24T05:05:00Z	0.096	0.079	0.083	0.112
2020-05-24T05:25:00Z	0.096	0.079	0.083	0.112
2020-05-24T05:45:00Z	0.096	0.079	0.083	0.112
2020-05-24T06:05:00Z	0.095	0.079	0.083	0.112
2020-05-24T06:25:00Z	0.095	0.079	0.083	0.112
2020-05-24T06:45:00Z	0.095	0.078	0.083	0.112
2020-05-24T07:05:00Z	0.095	0.078	0.083	0.111
2020-05-24T07:25:00Z	0.095	0.078	0.082	0.111
2020-05-24T07:45:00Z	0.095	0.078	0.082	0.111
2020-05-24T08:05:00Z	0.094	0.078	0.082	0.111
2020-05-24T08:25:00Z	0.094	0.078	0.082	0.111
2020-05-24T08:45:00Z	0.094	0.078	0.082	0.111
2020-05-24T09:05:00Z	0.094	0.078	0.082	0.111
2020-05-24T09:25:00Z	0.094	0.078	0.082	0.111
2020-05-24T09:45:00Z	0.094	0.078	0.082	0.111
2020-05-24T10:05:00Z	0.094	0.078	0.082	0.111
2020-05-24T10:25:00Z	0.094	0.078	0.082	0.111
2020-05-24T10:45:00Z	0.094	0.079	0.083	0.111
2020-05-24T11:05:00Z	0.094	0.079	0.083	0.112
2020-05-24T11:25:00Z	0.095	0.079	0.083	0.111
2020-05-24T11:45:00Z	0.095	0.079	0.083	0.112
2020-05-24T12:05:00Z	0.097	0.079	0.083	0.111
2020-05-24T12:25:00Z	0.098	0.079	0.083	0.111
2020-05-24T12:45:00Z	0.1	0.079	0.083	0.111
2020-05-24T13:05:00Z	0.101	0.079	0.083	0.112
2020-05-24T13:25:00Z	0.136	0.079	0.083	0.111
2020-05-24T13:45:00Z	0.146	0.079	0.083	0.111
2020-05-24T14:05:00Z	0.15	0.079	0.083	0.111
2020-05-24T14:25:00Z	0.152	0.078	0.082	0.111
2020-05-24T14:45:00Z	0.154	0.079	0.083	0.111
2020-05-24T15:05:00Z	0.155	0.079	0.083	0.111
2020-05-24T15:25:00Z	0.156	0.079	0.083	0.111
2020-05-24T15:45:00Z	0.158	0.079	0.083	0.111
2020-05-24T16:05:00Z	0.159	0.079	0.083	0.111
2020-05-24T16:25:00Z	0.16	0.079	0.083	0.111
2020-05-24T16:45:00Z	0.16	0.08	0.083	0.111
2020-05-24T17:05:00Z	0.161	0.079	0.083	0.111
2020-05-24T17:25:00Z	0.161	0.079	0.083	0.111
2020-05-24T17:45:00Z	0.161	0.08	0.083	0.111
2020-05-24T18:05:00Z	0.161	0.08	0.083	0.111
2020-05-24T18:25:00Z	0.161	0.08	0.083	0.111
2020-05-24T18:45:00Z	0.162	0.08	0.083	0.111
2020-05-24T19:05:00Z	0.162	0.08	0.083	0.111
2020-05-24T19:25:00Z	0.162	0.08	0.083	0.112
2020-05-24T19:45:00Z	0.162	0.08	0.083	0.112
2020-05-24T20:05:00Z	0.165	0.08	0.083	0.112
2020-05-24T20:25:00Z	0.167	0.08	0.083	0.112
2020-05-24T20:45:00Z	0.168	0.08	0.083	0.112
2020-05-24T21:05:00Z	0.168	0.08	0.083	0.112
2020-05-24T21:25:00Z	0.169	0.08	0.083	0.112
2020-05-24T21:45:00Z	0.169	0.08	0.083	0.112
2020-05-24T22:05:00Z	0.169	0.08	0.083	0.112
2020-05-24T22:25:00Z	0.169	0.08	0.083	0.112
2020-05-24T22:45:00Z	0.17	0.08	0.083	0.112
2020-05-24T23:05:00Z	0.17	0.08	0.083	0.112
2020-05-24T23:25:00Z	0.17	0.08	0.083	0.112
2020-05-24T23:45:00Z	0.17	0.08	0.083	0.112
2020-05-25T00:05:00Z	0.17	0.08	0.083	0.112
2020-05-25T00:25:00Z	0.17	0.08	0.083	0.112
2020-05-25T00:45:00Z	0.17	0.08	0.083	0.112
2020-05-25T01:05:00Z	0.17	0.08	0.083	0.112
2020-05-25T01:25:00Z	0.17	0.08	0.083	0.112
2020-05-25T01:45:00Z	0.17	0.08	0.083	0.112
2020-05-25T02:05:00Z	0.17	0.08	0.083	0.112
2020-05-25T02:25:00Z	0.17	0.08	0.083	0.112
2020-05-25T02:45:00Z	0.17	0.08	0.083	0.112
2020-05-25T03:05:00Z	0.17	0.08	0.083	0.112
2020-05-25T03:25:00Z	0.17	0.08	0.083	0.112
2020-05-25T03:45:00Z	0.17	0.08	0.083	0.112
2020-05-25T04:05:00Z	0.17	0.08	0.083	0.112
2020-05-25T04:25:00Z	0.17	0.08	0.083	0.112
2020-05-25T04:45:00Z	0.17	0.08	0.083	0.112
2020-05-25T05:05:00Z	0.17	0.08	0.083	0.112
2020-05-25T05:25:00Z	0.17	0.08	0.083	0.112
2020-05-25T05:45:00Z	0.17	0.08	0.083	0.112
2020-05-25T06:05:00Z	0.17	0.08	0.083	0.112
2020-05-25T06:25:00Z	0.17	0.08	0.083	0.112
2020-05-25T06:45:00Z	0.17	0.079	0.083	0.112
2020-05-25T07:05:00Z	0.17	0.079	0.083	0.112
2020-05-25T07:25:00Z	0.17	0.08	0.083	0.112
2020-05-25T07:45:00Z	0.17	0.079	0.083	0.112
2020-05-25T08:05:00Z	0.17	0.079	0.083	0.111
2020-05-25T08:25:00Z	0.17	0.079	0.083	0.111
2020-05-25T08:45:00Z	0.17	0.079	0.083	0.112
2020-05-25T09:05:00Z	0.17	0.08	0.083	0.112
2020-05-25T09:25:00Z	0.169	0.079	0.083	0.112
2020-05-25T09:45:00Z	0.169	0.079	0.083	0.112
2020-05-25T10:05:00Z	0.169	0.079	0.083	0.111
2020-05-25T10:25:00Z	0.169	0.08	0.083	0.112
2020-05-25T10:45:00Z	0.169	0.08	0.083	0.112
2020-05-25T11:05:00Z	0.169	0.08	0.083	0.112
2020-05-25T11:25:00Z	0.169	0.08	0.083	0.112
2020-05-25T11:45:00Z	0.169	0.08	0.083	0.112
2020-05-25T12:05:00Z	0.169	0.08	0.083	0.112
2020-05-25T12:25:00Z	0.168	0.079	0.083	0.112
2020-05-25T12:45:00Z	0.168	0.08	0.083	0.112
2020-05-25T13:05:00Z	0.168	0.08	0.083	0.112
2020-05-25T13:25:00Z	0.168	0.08	0.083	0.112
2020-05-25T13:45:00Z	0.168	0.08	0.083	0.112
2020-05-25T14:05:00Z	0.168	0.08	0.083	0.112
2020-05-25T14:25:00Z	0.168	0.08	0.083	0.112
2020-05-25T14:45:00Z	0.167	0.08	0.083	0.112
2020-05-25T15:05:00Z	0.167	0.079	0.083	0.112
2020-05-25T15:25:00Z	0.167	0.08	0.083	0.111
2020-05-25T15:45:00Z	0.167	0.08	0.083	0.112
2020-05-25T16:05:00Z	0.166	0.08	0.083	0.111
2020-05-25T16:25:00Z	0.166	0.08	0.083	0.112
2020-05-25T16:45:00Z	0.166	0.08	0.083	0.112
2020-05-25T17:05:00Z	0.166	0.08	0.083	0.112
2020-05-25T17:25:00Z	0.166	0.08	0.083	0.112
2020-05-25T17:45:00Z	0.166	0.08	0.083	0.112
2020-05-25T18:05:00Z	0.166	0.08	0.083	0.112
2020-05-25T18:25:00Z	0.166	0.08	0.083	0.112
2020-05-25T18:45:00Z	0.166	0.08	0.083	0.112
2020-05-25T19:05:00Z	0.166	0.08	0.083	0.112
2020-05-25T19:25:00Z	0.165	0.08	0.083	0.112
2020-05-25T19:45:00Z	0.165	0.08	0.083	0.112
2020-05-25T20:05:00Z	0.165	0.08	0.083	0.112
2020-05-25T20:25:00Z	0.165	0.08	0.083	0.112
2020-05-25T20:45:00Z	0.165	0.08	0.083	0.112
2020-05-25T21:05:00Z	0.165	0.08	0.083	0.112
2020-05-25T21:25:00Z	0.165	0.08	0.083	0.112
2020-05-25T21:45:00Z	0.165	0.08	0.083	0.112
2020-05-25T22:05:00Z	0.165	0.08	0.083	0.112
2020-05-25T22:25:00Z	0.165	0.08	0.083	0.112
2020-05-25T22:45:00Z	0.165	0.08	0.083	0.112
2020-05-25T23:05:00Z	0.165	0.08	0.083	0.112
2020-05-25T23:25:00Z	0.165	0.08	0.083	0.112
2020-05-25T23:45:00Z	0.165	0.08	0.083	0.112
2020-05-26T00:05:00Z	0.165	0.08	0.083	0.112
2020-05-26T00:25:00Z	0.165	0.08	0.083	0.112
2020-05-26T00:45:00Z	0.165	0.08	0.083	0.112
2020-05-26T01:05:00Z	0.165	0.08	0.083	0.112
2020-05-26T01:25:00Z	0.165	0.08	0.083	0.112
2020-05-26T01:45:00Z	0.165	0.08	0.083	0.112
2020-05-26T02:05:00Z	0.165	0.08	0.083	0.112
2020-05-26T02:25:00Z	0.165	0.08	0.083	0.112
2020-05-26T02:45:00Z	0.165	0.08	0.083	0.112
2020-05-26T03:05:00Z	0.165	0.08	0.083	0.112
2020-05-26T03:25:00Z	0.165	0.08	0.083	0.112
2020-05-26T03:45:00Z	0.165	0.08	0.083	0.112
2020-05-26T04:05:00Z	0.164	0.08	0.083	0.112
2020-05-26T04:25:00Z	0.164	0.08	0.083	0.112
2020-05-26T04:45:00Z	0.164	0.08	0.083	0.112
2020-05-26T05:05:00Z	0.164	0.08	0.083	0.112
2020-05-26T05:25:00Z	0.164	0.08	0.083	0.112
2020-05-26T05:45:00Z	0.164	0.08	0.083	0.112
2020-05-26T06:05:00Z	0.164	0.08	0.083	0.112
2020-05-26T06:25:00Z	0.164	0.08	0.083	0.112
2020-05-26T06:45:00Z	0.163	0.079	0.083	0.112
2020-05-26T07:05:00Z	0.163	0.079	0.083	0.112
2020-05-26T07:25:00Z	0.163	0.079	0.083	0.112
2020-05-26T07:45:00Z	0.163	0.079	0.083	0.112
2020-05-26T08:05:00Z	0.162	0.079	0.083	0.112
2020-05-26T08:25:00Z	0.162	0.079	0.083	0.111
2020-05-26T08:45:00Z	0.162	0.079	0.083	0.111
2020-05-26T09:05:00Z	0.161	0.079	0.083	0.111
2020-05-26T09:25:00Z	0.161	0.078	0.083	0.111
2020-05-26T09:45:00Z	0.16	0.078	0.083	0.111
2020-05-26T10:05:00Z	0.16	0.078	0.083	0.111
2020-05-26T10:25:00Z	0.16	0.079	0.083	0.111
2020-05-26T10:45:00Z	0.159	0.079	0.083	0.111
2020-05-26T11:05:00Z	0.158	0.078	0.082	0.111
2020-05-26T11:25:00Z	0.158	0.079	0.083	0.111
2020-05-26T11:45:00Z	0.158	0.079	0.083	0.111
2020-05-26T12:05:00Z	0.158	0.079	0.083	0.111
2020-05-26T12:25:00Z	0.156	0.079	0.083	0.111
2020-05-26T12:45:00Z	0.156	0.079	0.083	0.111
2020-05-26T13:05:00Z	0.156	0.079	0.083	0.111
2020-05-26T13:25:00Z	0.156	0.08	0.083	0.111
2020-05-26T13:45:00Z	0.155	0.079	0.083	0.111
2020-05-26T14:05:00Z	0.154	0.079	0.083	0.111
2020-05-26T14:25:00Z	0.154	0.08	0.083	0.111
2020-05-26T14:45:00Z	0.153	0.08	0.083	0.111
2020-05-26T15:05:00Z	0.153	0.08	0.083	0.111
2020-05-26T15:25:00Z	0.152	0.08	0.083	0.111
2020-05-26T15:45:00Z	0.152	0.08	0.083	0.112
2020-05-26T16:05:00Z	0.152	0.08	0.083	0.112
2020-05-26T16:25:00Z	0.151	0.08	0.083	0.112
2020-05-26T16:45:00Z	0.151	0.08	0.083	0.112
2020-05-26T17:05:00Z	0.151	0.08	0.083	0.112
2020-05-26T17:25:00Z	0.151	0.08	0.083	0.112
2020-05-26T17:45:00Z	0.15	0.08	0.083	0.112
2020-05-26T18:05:00Z	0.15	0.08	0.083	0.112
2020-05-26T18:25:00Z	0.15	0.08	0.083	0.112
2020-05-26T18:45:00Z	0.15	0.08	0.083	0.112
2020-05-26T19:05:00Z	0.15	0.08	0.084	0.112
2020-05-26T19:25:00Z	0.15	0.08	0.084	0.112
2020-05-26T19:45:00Z	0.15	0.08	0.084	0.112
2020-05-26T20:05:00Z	0.15	0.08	0.084	0.112
2020-05-26T20:25:00Z	0.15	0.08	0.084	0.112
2020-05-26T20:45:00Z	0.15	0.08	0.084	0.112
2020-05-26T21:05:00Z	0.15	0.08	0.084	0.112
2020-05-26T21:25:00Z	0.15	0.08	0.084	0.112
2020-05-26T21:45:00Z	0.15	0.08	0.084	0.112
2020-05-26T22:05:00Z	0.15	0.08	0.084	0.112
2020-05-26T22:25:00Z	0.15	0.08	0.084	0.112
2020-05-26T22:45:00Z	0.15	0.08	0.084	0.112
2020-05-26T23:05:00Z	0.15	0.08	0.084	0.112
2020-05-26T23:25:00Z	0.15	0.08	0.084	0.112
2020-05-26T23:45:00Z	0.15	0.08	0.084	0.113
2020-05-27T00:05:00Z	0.15	0.08	0.084	0.113
2020-05-27T00:25:00Z	0.15	0.08	0.084	0.112
2020-05-27T00:45:00Z	0.15	0.08	0.084	0.112
2020-05-27T01:05:00Z	0.15	0.08	0.084	0.113
2020-05-27T01:25:00Z	0.15	0.08	0.084	0.113
2020-05-27T01:45:00Z	0.15	0.08	0.084	0.113
2020-05-27T02:05:00Z	0.15	0.08	0.084	0.113
2020-05-27T02:25:00Z	0.149	0.08	0.084	0.113
2020-05-27T02:45:00Z	0.149	0.08	0.084	0.113
2020-05-27T03:05:00Z	0.149	0.08	0.084	0.113
2020-05-27T03:25:00Z	0.149	0.08	0.084	0.113
2020-05-27T03:45:00Z	0.149	0.08	0.084	0.113
2020-05-27T04:05:00Z	0.149	0.08	0.084	0.113
2020-05-27T04:25:00Z	0.149	0.08	0.084	0.112
2020-05-27T04:45:00Z	0.149	0.08	0.084	0.112
2020-05-27T05:05:00Z	0.149	0.08	0.084	0.112
2020-05-27T05:25:00Z	0.149	0.08	0.083	0.112
2020-05-27T05:45:00Z	0.148	0.08	0.083	0.112
2020-05-27T06:05:00Z	0.148	0.08	0.083	0.112
2020-05-27T06:25:00Z	0.148	0.08	0.083	0.112
2020-05-27T06:45:00Z	0.148	0.08	0.083	0.112
2020-05-27T07:05:00Z	0.147	0.08	0.083	0.112
2020-05-27T07:25:00Z	0.147	0.08	0.083	0.112
2020-05-27T07:45:00Z	0.146	0.08	0.083	0.112
2020-05-27T08:05:00Z	0.146	0.079	0.083	0.112
2020-05-27T08:25:00Z	0.146	0.079	0.083	0.112
2020-05-27T08:45:00Z	0.144	0.079	0.083	0.111
2020-05-27T09:05:00Z	0.144	0.079	0.083	0.111
2020-05-27T09:25:00Z	0.143	0.079	0.083	0.111
2020-05-27T09:45:00Z	0.142	0.079	0.083	0.111
2020-05-27T10:05:00Z	0.142	0.079	0.083	0.111
2020-05-27T10:25:00Z	0.141	0.079	0.083	0.111
2020-05-27T10:45:00Z	0.14	0.079	0.083	0.111
2020-05-27T11:05:00Z	0.139	0.079	0.083	0.111
2020-05-27T11:25:00Z	0.138	0.079	0.083	0.111
2020-05-27T11:45:00Z	0.138	0.079	0.083	0.111
2020-05-27T12:05:00Z	0.137	0.079	0.083	0.111
2020-05-27T12:25:00Z	0.136	0.08	0.083	0.111
2020-05-27T12:45:00Z	0.136	0.08	0.083	0.111
2020-05-27T13:05:00Z	0.135	0.08	0.083	0.111
2020-05-27T13:25:00Z	0.134	0.08	0.083	0.111
2020-05-27T13:45:00Z	0.134	0.08	0.083	0.111
2020-05-27T14:05:00Z	0.133	0.08	0.083	0.111
2020-05-27T14:25:00Z	0.132	0.08	0.083	0.111
2020-05-27T14:45:00Z	0.132	0.08	0.083	0.111
2020-05-27T15:05:00Z	0.132	0.08	0.083	0.112
2020-05-27T15:25:00Z	0.132	0.08	0.083	0.112
2020-05-27T15:45:00Z	0.131	0.08	0.083	0.112
2020-05-27T16:05:00Z	0.131	0.08	0.083	0.112
2020-05-27T16:25:00Z	0.131	0.08	0.083	0.112
2020-05-27T16:45:00Z	0.131	0.08	0.083	0.112
2020-05-27T17:05:00Z	0.131	0.08	0.084	0.112
2020-05-27T17:25:00Z	0.13	0.08	0.084	0.112
2020-05-27T17:45:00Z	0.13	0.08	0.084	0.112
2020-05-27T18:05:00Z	0.13	0.08	0.084	0.112
2020-05-27T18:25:00Z	0.13	0.08	0.084	0.112
2020-05-27T18:45:00Z	0.13	0.081	0.084	0.112
2020-05-27T19:05:00Z	0.13	0.08	0.084	0.112
2020-05-27T19:25:00Z	0.13	0.08	0.084	0.112
2020-05-27T19:45:00Z	0.13	0.08	0.084	0.112
2020-05-27T20:05:00Z	0.13	0.081	0.084	0.112
2020-05-27T20:25:00Z	0.13	0.08	0.084	0.112
2020-05-27T20:45:00Z	0.13	0.08	0.084	0.112
2020-05-27T21:05:00Z	0.13	0.081	0.084	0.112
2020-05-27T21:25:00Z	0.13	0.08	0.084	0.112
2020-05-27T21:45:00Z	0.13	0.081	0.084	0.112
2020-05-27T22:05:00Z	0.13	0.081	0.084	0.112
2020-05-27T22:25:00Z	0.13	0.081	0.084	0.112
2020-05-27T22:45:00Z	0.13	0.081	0.084	0.112
2020-05-27T23:05:00Z	0.13	0.081	0.084	0.112
2020-05-27T23:25:00Z	0.13	0.081	0.084	0.112
2020-05-27T23:45:00Z	0.13	0.08	0.084	0.112
2020-05-28T00:05:00Z	0.13	0.081	0.084	0.112
2020-05-28T00:25:00Z	0.13	0.081	0.084	0.112
2020-05-28T00:45:00Z	0.13	0.081	0.084	0.112
2020-05-28T01:05:00Z	0.13	0.081	0.084	0.113
2020-05-28T01:25:00Z	0.13	0.081	0.084	0.113
2020-05-28T01:45:00Z	0.13	0.081	0.084	0.113
2020-05-28T02:05:00Z	0.13	0.081	0.084	0.113
2020-05-28T02:25:00Z	0.13	0.081	0.084	0.113
2020-05-28T02:45:00Z	0.129	0.081	0.084	0.113
2020-05-28T03:05:00Z	0.129	0.081	0.084	0.113
2020-05-28T03:25:00Z	0.129	0.081	0.084	0.113
2020-05-28T03:45:00Z	0.129	0.081	0.084	0.113
2020-05-28T04:05:00Z	0.129	0.081	0.084	0.113
2020-05-28T04:25:00Z	0.129	0.081	0.084	0.113
2020-05-28T04:45:00Z	0.129	0.081	0.084	0.113
2020-05-28T05:05:00Z	0.129	0.08	0.084	0.112
2020-05-28T05:25:00Z	0.129	0.08	0.084	0.113
2020-05-28T05:45:00Z	0.129	0.08	0.084	0.112
2020-05-28T06:05:00Z	0.129	0.08	0.084	0.112
2020-05-28T06:25:00Z	0.128	0.08	0.084	0.112
2020-05-28T06:45:00Z	0.128	0.08	0.084	0.112
2020-05-28T07:05:00Z	0.127	0.08	0.084	0.112
2020-05-28T07:25:00Z	0.127	0.08	0.084	0.112
2020-05-28T07:45:00Z	0.126	0.08	0.083	0.112
2020-05-28T08:05:00Z	0.126	0.08	0.083	0.112
2020-05-28T08:25:00Z	0.125	0.08	0.083	0.112
2020-05-28T08:45:00Z	0.125	0.08	0.083	0.112
2020-05-28T09:05:00Z	0.124	0.08	0.083	0.112
2020-05-28T09:25:00Z	0.124	0.08	0.083	0.112
2020-05-28T09:45:00Z	0.123	0.08	0.083	0.112
2020-05-28T10:05:00Z	0.122	0.08	0.083	0.112
2020-05-28T10:25:00Z	0.122	0.08	0.083	0.112
2020-05-28T10:45:00Z	0.122	0.08	0.083	0.112
2020-05-28T11:05:00Z	0.121	0.08	0.083	0.112
2020-05-28T11:25:00Z	0.121	0.08	0.083	0.112
2020-05-28T11:45:00Z	0.12	0.08	0.083	0.112
2020-05-28T12:05:00Z	0.119	0.08	0.083	0.112
2020-05-28T12:25:00Z	0.119	0.08	0.083	0.111
2020-05-28T12:45:00Z	0.118	0.08	0.083	0.111
2020-05-28T13:05:00Z	0.118	0.08	0.083	0.112
2020-05-28T13:25:00Z	0.117	0.08	0.083	0.112
2020-05-28T13:45:00Z	0.116	0.08	0.083	0.111
2020-05-28T14:05:00Z	0.116	0.08	0.083	0.111
2020-05-28T14:25:00Z	0.116	0.08	0.083	0.112
2020-05-28T14:45:00Z	0.116	0.08	0.083	0.112
2020-05-28T15:05:00Z	0.115	0.08	0.083	0.112
2020-05-28T15:25:00Z	0.115	0.08	0.083	0.112
2020-05-28T15:45:00Z	0.115	0.08	0.083	0.112
2020-05-28T16:05:00Z	0.114	0.08	0.083	0.112
2020-05-28T16:25:00Z	0.114	0.08	0.083	0.112
2020-05-28T16:45:00Z	0.114	0.08	0.083	0.112
2020-05-28T17:05:00Z	0.113	0.08	0.083	0.112
2020-05-28T17:25:00Z	0.113	0.081	0.084	0.112
2020-05-28T17:45:00Z	0.113	0.081	0.084	0.112
2020-05-28T18:05:00Z	0.113	0.081	0.084	0.112
2020-05-28T18:25:00Z	0.113	0.081	0.084	0.112
2020-05-28T18:45:00Z	0.113	0.081	0.084	0.112
2020-05-28T19:05:00Z	0.113	0.081	0.084	0.112
2020-05-28T19:25:00Z	0.113	0.081	0.084	0.112
2020-05-28T19:45:00Z	0.114	0.081	0.084	0.112
2020-05-28T20:05:00Z	0.114	0.081	0.084	0.113
2020-05-28T20:25:00Z	0.114	0.081	0.084	0.113
2020-05-28T20:45:00Z	0.114	0.081	0.084	0.113
2020-05-28T21:05:00Z	0.114	0.081	0.085	0.113
2020-05-28T21:25:00Z	0.114	0.081	0.085	0.113
2020-05-28T21:45:00Z	0.114	0.081	0.085	0.113
2020-05-28T22:05:00Z	0.114	0.081	0.085	0.113
2020-05-28T22:25:00Z	0.114	0.081	0.085	0.113
2020-05-28T22:45:00Z	0.114	0.081	0.085	0.113
2020-05-28T23:05:00Z	0.113	0.081	0.085	0.113
2020-05-28T23:25:00Z	0.114	0.081	0.085	0.113
2020-05-28T23:45:00Z	0.114	0.081	0.085	0.113
2020-05-29T00:05:00Z	0.114	0.081	0.085	0.113
2020-05-29T00:25:00Z	0.114	0.081	0.085	0.113
2020-05-29T00:45:00Z	0.113	0.081	0.085	0.113
2020-05-29T01:05:00Z	0.113	0.081	0.085	0.113
2020-05-29T01:25:00Z	0.113	0.081	0.085	0.113
2020-05-29T01:45:00Z	0.114	0.081	0.085	0.113
2020-05-29T02:05:00Z	0.113	0.081	0.085	0.113
2020-05-29T02:25:00Z	0.113	0.081	0.085	0.113
2020-05-29T02:45:00Z	0.113	0.081	0.085	0.113
2020-05-29T03:05:00Z	0.113	0.081	0.085	0.113
2020-05-29T03:25:00Z	0.113	0.081	0.085	0.113
2020-05-29T03:45:00Z	0.113	0.081	0.085	0.113
2020-05-29T04:05:00Z	0.113	0.081	0.084	0.113
2020-05-29T04:25:00Z	0.113	0.081	0.084	0.113
2020-05-29T04:45:00Z	0.113	0.081	0.084	0.113
2020-05-29T05:05:00Z	0.113	0.081	0.084	0.113
2020-05-29T05:25:00Z	0.113	0.081	0.084	0.112
2020-05-29T05:45:00Z	0.113	0.08	0.084	0.112
2020-05-29T06:05:00Z	0.113	0.08	0.084	0.112
2020-05-29T06:25:00Z	0.113	0.08	0.084	0.112
2020-05-29T06:45:00Z	0.112	0.08	0.084	0.112
2020-05-29T07:05:00Z	0.112	0.08	0.084	0.112
2020-05-29T07:25:00Z	0.112	0.08	0.083	0.112
2020-05-29T07:45:00Z	0.112	0.08	0.083	0.112
2020-05-29T08:05:00Z	0.111	0.08	0.083	0.112
2020-05-29T08:25:00Z	0.11	0.08	0.083	0.112
2020-05-29T08:45:00Z	0.11	0.08	0.083	0.111
2020-05-29T09:05:00Z	0.11	0.08	0.083	0.111
2020-05-29T09:25:00Z	0.109	0.08	0.083	0.111
2020-05-29T09:45:00Z	0.109	0.08	0.083	0.111
2020-05-29T10:05:00Z	0.108	0.08	0.083	0.111
2020-05-29T10:25:00Z	0.108	0.08	0.083	0.111
2020-05-29T10:45:00Z	0.108	0.08	0.083	0.111
2020-05-29T11:05:00Z	0.107	0.08	0.083	0.111
2020-05-29T11:25:00Z	0.107	0.08	0.083	0.111
2020-05-29T11:45:00Z	0.107	0.08	0.083	0.111
2020-05-29T12:05:00Z	0.107	0.08	0.083	0.111
2020-05-29T12:25:00Z	0.106	0.08	0.083	0.111
2020-05-29T12:45:00Z	0.106	0.08	0.083	0.111
2020-05-29T13:05:00Z	0.106	0.08	0.083	0.111
2020-05-29T13:25:00Z	0.106	0.08	0.083	0.111
2020-05-29T13:45:00Z	0.106	0.08	0.083	0.111
2020-05-29T14:05:00Z	0.106	0.08	0.083	0.111
2020-05-29T14:25:00Z	0.106	0.08	0.083	0.111
2020-05-29T14:45:00Z	0.106	0.08	0.083	0.111
2020-05-29T15:05:00Z	0.106	0.08	0.083	0.112
2020-05-29T15:25:00Z	0.106	0.08	0.083	0.112
2020-05-29T15:45:00Z	0.106	0.08	0.083	0.112
2020-05-29T16:05:00Z	0.106	0.08	0.083	0.112
2020-05-29T16:25:00Z	0.106	0.081	0.083	0.112
2020-05-29T16:45:00Z	0.106	0.081	0.084	0.112
2020-05-29T17:05:00Z	0.106	0.081	0.084	0.112
2020-05-29T17:25:00Z	0.106	0.081	0.084	0.112
2020-05-29T17:45:00Z	0.105	0.081	0.084	0.112
2020-05-29T18:05:00Z	0.105	0.081	0.084	0.112
2020-05-29T18:25:00Z	0.106	0.081	0.084	0.112
2020-05-29T18:45:00Z	0.106	0.081	0.084	0.112
2020-05-29T19:05:00Z	0.106	0.081	0.084	0.112
2020-05-29T19:25:00Z	0.106	0.081	0.084	0.112
2020-05-29T19:45:00Z	0.106	0.081	0.084	0.112
2020-05-29T20:05:00Z	0.106	0.081	0.084	0.112
2020-05-29T20:25:00Z	0.106	0.081	0.084	0.112
2020-05-29T20:45:00Z	0.106	0.081	0.084	0.112
2020-05-29T21:05:00Z	0.106	0.081	0.084	0.112
2020-05-29T21:25:00Z	0.106	0.081	0.084	0.112
2020-05-29T21:45:00Z	0.106	0.081	0.084	0.112
2020-05-29T22:05:00Z	0.106	0.081	0.084	0.112
2020-05-29T22:25:00Z	0.106	0.081	0.084	0.112
2020-05-29T22:45:00Z	0.106	0.081	0.084	0.113
2020-05-29T23:05:00Z	0.106	0.081	0.084	0.113
2020-05-29T23:25:00Z	0.106	0.081	0.084	0.113
2020-05-29T23:45:00Z	0.106	0.081	0.084	0.113
2020-05-30T00:05:00Z	0.106	0.081	0.085	0.113
2020-05-30T00:25:00Z	0.106	0.081	0.084	0.113
2020-05-30T00:45:00Z	0.106	0.081	0.084	0.113
2020-05-30T01:05:00Z	0.106	0.081	0.084	0.113
2020-05-30T01:25:00Z	0.106	0.081	0.084	0.113
2020-05-30T01:45:00Z	0.106	0.081	0.084	0.113
2020-05-30T02:05:00Z	0.106	0.081	0.084	0.113
2020-05-30T02:25:00Z	0.106	0.081	0.084	0.113
2020-05-30T02:45:00Z	0.106	0.081	0.084	0.113
2020-05-30T03:05:00Z	0.106	0.081	0.084	0.113
2020-05-30T03:25:00Z	0.106	0.081	0.084	0.113
2020-05-30T03:45:00Z	0.106	0.081	0.084	0.113
2020-05-30T04:05:00Z	0.106	0.081	0.084	0.113
2020-05-30T04:25:00Z	0.106	0.081	0.084	0.112
2020-05-30T04:45:00Z	0.106	0.081	0.084	0.112
2020-05-30T05:05:00Z	0.106	0.081	0.084	0.112
2020-05-30T05:25:00Z	0.106	0.081	0.084	0.112
2020-05-30T05:45:00Z	0.106	0.081	0.084	0.112
2020-05-30T06:05:00Z	0.105	0.08	0.084	0.112
2020-05-30T06:25:00Z	0.105	0.08	0.084	0.112
2020-05-30T06:45:00Z	0.105	0.08	0.084	0.112
2020-05-30T07:05:00Z	0.105	0.08	0.083	0.112
2020-05-30T07:25:00Z	0.105	0.08	0.083	0.112
2020-05-30T07:45:00Z	0.104	0.08	0.083	0.112
2020-05-30T08:05:00Z	0.104	0.08	0.083	0.111
2020-05-30T08:25:00Z	0.104	0.08	0.083	0.111
2020-05-30T08:45:00Z	0.104	0.08	0.083	0.111
2020-05-30T09:05:00Z	0.104	0.08	0.083	0.111
2020-05-30T09:25:00Z	0.104	0.08	0.083	0.111
2020-05-30T09:45:00Z	0.103	0.08	0.083	0.111
2020-05-30T10:05:00Z	0.103	0.08	0.083	0.111
2020-05-30T10:25:00Z	0.103	0.08	0.083	0.111
2020-05-30T10:45:00Z	0.103	0.08	0.083	0.111
2020-05-30T11:05:00Z	0.103	0.08	0.083	0.111
2020-05-30T11:25:00Z	0.103	0.08	0.083	0.111
2020-05-30T11:45:00Z	0.102	0.08	0.083	0.111
2020-05-30T12:05:00Z	0.102	0.08	0.083	0.111
2020-05-30T12:25:00Z	0.102	0.08	0.083	0.111
2020-05-30T12:45:00Z	0.102	0.08	0.083	0.111
2020-05-30T13:05:00Z	0.102	0.08	0.083	0.111
2020-05-30T13:25:00Z	0.102	0.08	0.083	0.111
2020-05-30T13:45:00Z	0.102	0.08	0.083	0.111
2020-05-30T14:05:00Z	0.101	0.08	0.083	0.111
2020-05-30T14:25:00Z	0.101	0.08	0.083	0.111
2020-05-30T14:45:00Z	0.101	0.08	0.083	0.111
2020-05-30T15:05:00Z	0.101	0.08	0.083	0.11
2020-05-30T15:25:00Z	0.101	0.08	0.083	0.111
2020-05-30T15:45:00Z	0.101	0.08	0.083	0.111
2020-05-30T16:05:00Z	0.101	0.08	0.083	0.111
2020-05-30T16:25:00Z	0.101	0.08	0.083	0.111
2020-05-30T16:45:00Z	0.101	0.08	0.083	0.111
2020-05-30T17:05:00Z	0.101	0.08	0.083	0.111
2020-05-30T17:25:00Z	0.101	0.08	0.083	0.111
2020-05-30T17:45:00Z	0.101	0.08	0.083	0.111
2020-05-30T18:05:00Z	0.101	0.08	0.083	0.111
2020-05-30T18:25:00Z	0.101	0.08	0.083	0.111
2020-05-30T18:45:00Z	0.101	0.081	0.083	0.111
2020-05-30T19:05:00Z	0.101	0.081	0.083	0.112
2020-05-30T19:25:00Z	0.101	0.081	0.084	0.112
2020-05-30T19:45:00Z	0.101	0.081	0.084	0.112
2020-05-30T20:05:00Z	0.101	0.081	0.084	0.112
2020-05-30T20:25:00Z	0.101	0.081	0.084	0.112
2020-05-30T20:45:00Z	0.101	0.081	0.084	0.112
2020-05-30T21:05:00Z	0.101	0.081	0.084	0.112
2020-05-30T21:25:00Z	0.101	0.081	0.084	0.112
2020-05-30T21:45:00Z	0.101	0.081	0.084	0.112
2020-05-30T22:05:00Z	0.101	0.081	0.084	0.112
2020-05-30T22:25:00Z	0.101	0.081	0.084	0.112
2020-05-30T22:45:00Z	0.101	0.081	0.084	0.112
2020-05-30T23:05:00Z	0.101	0.081	0.084	0.112
2020-05-30T23:25:00Z	0.101	0.081	0.084	0.112
2020-05-30T23:45:00Z	0.101	0.081	0.084	0.112
2020-05-31T00:05:00Z	0.101	0.081	0.084	0.112
2020-05-31T00:25:00Z	0.101	0.081	0.084	0.112
2020-05-31T00:45:00Z	0.101	0.081	0.084	0.112
2020-05-31T01:05:00Z	0.101	0.081	0.084	0.112
2020-05-31T01:25:00Z	0.101	0.081	0.084	0.112
2020-05-31T01:45:00Z	0.101	0.081	0.084	0.112
2020-05-31T02:05:00Z	0.101	0.081	0.084	0.112
2020-05-31T02:25:00Z	0.101	0.081	0.084	0.112
2020-05-31T02:45:00Z	0.101	0.081	0.084	0.112
2020-05-31T03:05:00Z	0.101	0.081	0.084	0.112
2020-05-31T03:25:00Z	0.101	0.081	0.084	0.112
2020-05-31T03:45:00Z	0.101	0.081	0.084	0.112
2020-05-31T04:05:00Z	0.101	0.081	0.084	0.112
2020-05-31T04:25:00Z	0.101	0.08	0.084	0.112
2020-05-31T04:45:00Z	0.101	0.08	0.083	0.112
2020-05-31T05:05:00Z	0.101	0.08	0.083	0.112
2020-05-31T05:25:00Z	0.101	0.08	0.083	0.112
2020-05-31T05:45:00Z	0.101	0.08	0.083	0.112
2020-05-31T06:05:00Z	0.101	0.08	0.083	0.112
2020-05-31T06:25:00Z	0.101	0.08	0.083	0.112
2020-05-31T06:45:00Z	0.101	0.08	0.083	0.112
2020-05-31T07:05:00Z	0.101	0.08	0.083	0.112
2020-05-31T07:25:00Z	0.1	0.08	0.083	0.112
2020-05-31T07:45:00Z	0.1	0.08	0.083	0.111
2020-05-31T08:05:00Z	0.1	0.08	0.083	0.111
2020-05-31T08:25:00Z	0.1	0.08	0.083	0.111
2020-05-31T08:45:00Z	0.1	0.08	0.083	0.111
2020-05-31T09:05:00Z	0.1	0.08	0.083	0.111
2020-05-31T09:25:00Z	0.1	0.08	0.083	0.111
2020-05-31T09:45:00Z	0.1	0.08	0.083	0.11
2020-05-31T10:05:00Z	0.099	0.08	0.082	0.11
2020-05-31T10:25:00Z	0.099	0.08	0.082	0.11
2020-05-31T10:45:00Z	0.099	0.079	0.082	0.11
2020-05-31T11:05:00Z	0.099	0.079	0.082	0.11
2020-05-31T11:25:00Z	0.099	0.079	0.082	0.11
2020-05-31T11:45:00Z	0.098	0.079	0.082	0.11
2020-05-31T12:05:00Z	0.098	0.079	0.082	0.11
2020-05-31T12:25:00Z	0.098	0.079	0.081	0.11
2020-05-31T12:45:00Z	0.098	0.079	0.081	0.11
2020-05-31T13:05:00Z	0.098	0.079	0.081	0.11
2020-05-31T13:25:00Z	0.098	0.079	0.081	0.11
2020-05-31T13:45:00Z	0.098	0.079	0.081	0.109
2020-05-31T14:05:00Z	0.098	0.079	0.081	0.11
2020-05-31T14:25:00Z	0.098	0.079	0.081	0.11
2020-05-31T14:45:00Z	0.097	0.079	0.081	0.11
2020-05-31T15:05:00Z	0.097	0.08	0.082	0.11
2020-05-31T15:25:00Z	0.097	0.08	0.082	0.11
2020-05-31T15:45:00Z	0.097	0.08	0.082	0.11
2020-05-31T16:05:00Z	0.097	0.08	0.082	0.11
2020-05-31T16:25:00Z	0.097	0.08	0.082	0.11
2020-05-31T16:45:00Z	0.097	0.08	0.082	0.11
2020-05-31T17:05:00Z	0.097	0.08	0.082	0.11
2020-05-31T17:25:00Z	0.097	0.08	0.082	0.11
2020-05-31T17:45:00Z	0.097	0.08	0.082	0.11
2020-05-31T18:05:00Z	0.097	0.08	0.082	0.11
2020-05-31T18:25:00Z	0.097	0.08	0.083	0.11
2020-05-31T18:45:00Z	0.098	0.08	0.083	0.11
2020-05-31T19:05:00Z	0.098	0.08	0.083	0.11
2020-05-31T19:25:00Z	0.098	0.08	0.083	0.111
2020-05-31T19:45:00Z	0.098	0.08	0.083	0.111
2020-05-31T20:05:00Z	0.098	0.08	0.083	0.111
2020-05-31T20:25:00Z	0.098	0.08	0.083	0.111
2020-05-31T20:45:00Z	0.098	0.08	0.083	0.111
2020-05-31T21:05:00Z	0.098	0.08	0.083	0.111
2020-05-31T21:25:00Z	0.098	0.08	0.083	0.111
2020-05-31T21:45:00Z	0.098	0.08	0.083	0.111
2020-05-31T22:05:00Z	0.098	0.08	0.083	0.111
2020-05-31T22:25:00Z	0.098	0.08	0.083	0.111
2020-05-31T22:45:00Z	0.098	0.08	0.083	0.111
2020-05-31T23:05:00Z	0.098	0.08	0.083	0.111
2020-05-31T23:25:00Z	0.098	0.08	0.083	0.111
2020-05-31T23:45:00Z	0.098	0.08	0.083	0.111
2020-06-01T00:05:04Z	0.098	0.08	0.083	0.111
2020-06-01T00:25:00Z	0.098	0.08	0.083	0.111
2020-06-01T00:45:00Z	0.098	0.08	0.083	0.112
2020-06-01T01:05:00Z	0.098	0.08	0.083	0.112
2020-06-01T01:25:00Z	0.098	0.08	0.083	0.112
2020-06-01T01:45:00Z	0.098	0.08	0.083	0.112
2020-06-01T02:05:00Z	0.098	0.08	0.083	0.112
2020-06-01T02:25:00Z	0.098	0.08	0.083	0.112
2020-06-01T02:45:00Z	0.098	0.08	0.083	0.112
2020-06-01T03:05:00Z	0.098	0.08	0.083	0.112
2020-06-01T03:25:00Z	0.098	0.08	0.083	0.112
2020-06-01T03:45:00Z	0.098	0.08	0.083	0.112
2020-06-01T04:05:00Z	0.098	0.08	0.083	0.112
2020-06-01T04:25:00Z	0.097	0.08	0.083	0.111
2020-06-01T04:45:00Z	0.097	0.08	0.083	0.111
2020-06-01T05:05:00Z	0.097	0.08	0.083	0.111
2020-06-01T05:25:00Z	0.097	0.08	0.083	0.111
2020-06-01T05:45:00Z	0.097	0.08	0.083	0.111
2020-06-01T06:05:00Z	0.097	0.08	0.083	0.111
2020-06-01T06:25:00Z	0.097	0.08	0.083	0.111
2020-06-01T06:45:00Z	0.097	0.08	0.083	0.11
2020-06-01T07:05:00Z	0.097	0.08	0.082	0.11
2020-06-01T07:25:00Z	0.097	0.08	0.082	0.11
2020-06-01T07:45:00Z	0.097	0.079	0.082	0.11
2020-06-01T08:05:00Z	0.096	0.079	0.082	0.11
2020-06-01T08:25:00Z	0.096	0.079	0.082	0.11
2020-06-01T08:45:00Z	0.096	0.079	0.081	0.11
2020-06-01T09:05:00Z	0.096	0.078	0.081	0.11
2020-06-01T09:25:00Z	0.096	0.078	0.081	0.109
2020-06-01T09:45:00Z	0.096	0.078	0.081	0.109
2020-06-01T10:05:00Z	0.096	0.078	0.081	0.109
2020-06-01T10:25:00Z	0.096	0.078	0.081	0.109
2020-06-01T10:45:00Z	0.096	0.078	0.081	0.109
2020-06-01T11:05:00Z	0.095	0.078	0.08	0.108
2020-06-01T11:25:00Z	0.095	0.078	0.08	0.108
2020-06-01T11:45:00Z	0.095	0.078	0.08	0.108
2020-06-01T12:05:00Z	0.095	0.078	0.08	0.108
2020-06-01T12:25:00Z	0.095	0.078	0.08	0.108
2020-06-01T12:45:00Z	0.095	0.078	0.08	0.108
2020-06-01T13:05:00Z	0.095	0.078	0.08	0.108
2020-06-01T13:25:00Z	0.095	0.078	0.08	0.108
2020-06-01T13:45:00Z	0.095	0.078	0.08	0.108
2020-06-01T14:05:00Z	0.095	0.078	0.08	0.108
2020-06-01T14:25:00Z	0.095	0.078	0.08	0.108
2020-06-01T14:45:00Z	0.095	0.078	0.08	0.108
2020-06-01T15:05:00Z	0.095	0.078	0.08	0.108
2020-06-01T15:25:00Z	0.095	0.078	0.08	0.109
2020-06-01T15:45:00Z	0.095	0.078	0.081	0.109
2020-06-01T16:05:00Z	0.095	0.079	0.081	0.109
2020-06-01T16:25:00Z	0.095	0.079	0.081	0.109
2020-06-01T16:45:00Z	0.095	0.079	0.081	0.109
2020-06-01T17:05:00Z	0.095	0.079	0.081	0.109
2020-06-01T17:25:00Z	0.094	0.079	0.081	0.109
2020-06-01T17:45:00Z	0.095	0.079	0.081	0.109
2020-06-01T18:05:00Z	0.095	0.079	0.081	0.109
2020-06-01T18:25:00Z	0.095	0.08	0.081	0.109
2020-06-01T18:45:00Z	0.095	0.08	0.081	0.109
2020-06-01T19:05:00Z	0.095	0.08	0.081	0.11
2020-06-01T19:25:00Z	0.095	0.08	0.082	0.11
2020-06-01T19:45:00Z	0.095	0.08	0.082	0.11
2020-06-01T20:05:00Z	0.095	0.08	0.082	0.11
2020-06-01T20:25:00Z	0.095	0.08	0.082	0.11
2020-06-01T20:45:00Z	0.095	0.08	0.082	0.11
2020-06-01T21:05:00Z	0.095	0.08	0.082	0.11
2020-06-01T21:25:00Z	0.095	0.08	0.082	0.11
2020-06-01T21:45:00Z	0.095	0.08	0.082	0.11
2020-06-01T22:05:00Z	0.095	0.08	0.082	0.11
2020-06-01T22:25:00Z	0.095	0.08	0.082	0.11
2020-06-01T22:45:00Z	0.095	0.08	0.082	0.11
2020-06-01T23:05:00Z	0.095	0.08	0.082	0.11
2020-06-01T23:25:00Z	0.095	0.08	0.082	0.11
2020-06-01T23:45:00Z	0.095	0.08	0.082	0.11
2020-06-02T00:05:00Z	0.095	0.08	0.082	0.11
2020-06-02T00:25:00Z	0.095	0.08	0.082	0.11
2020-06-02T00:45:00Z	0.095	0.08	0.082	0.11
2020-06-02T01:05:00Z	0.095	0.08	0.082	0.11
2020-06-02T01:25:00Z	0.095	0.08	0.082	0.11
2020-06-02T01:45:00Z	0.095	0.08	0.082	0.11
2020-06-02T02:05:00Z	0.095	0.08	0.083	0.11
2020-06-02T02:25:00Z	0.095	0.08	0.083	0.11
2020-06-02T02:45:00Z	0.095	0.08	0.083	0.11
2020-06-02T03:05:00Z	0.095	0.08	0.083	0.11
2020-06-02T03:25:00Z	0.095	0.08	0.083	0.11
2020-06-02T03:45:00Z	0.095	0.08	0.083	0.11
2020-06-02T04:05:00Z	0.095	0.08	0.082	0.11
2020-06-02T04:25:00Z	0.095	0.08	0.082	0.11
2020-06-02T04:45:00Z	0.094	0.08	0.082	0.11
2020-06-02T05:05:00Z	0.094	0.079	0.082	0.11
2020-06-02T05:25:00Z	0.094	0.079	0.082	0.11
2020-06-02T05:45:00Z	0.094	0.079	0.082	0.11
2020-06-02T06:05:00Z	0.094	0.079	0.082	0.11
2020-06-02T06:25:00Z	0.094	0.079	0.082	0.11
2020-06-02T06:45:00Z	0.094	0.078	0.081	0.11
2020-06-02T07:05:00Z	0.094	0.078	0.081	0.109
2020-06-02T07:25:00Z	0.094	0.078	0.081	0.109
2020-06-02T07:45:00Z	0.094	0.078	0.081	0.109
2020-06-02T08:05:00Z	0.094	0.078	0.081	0.109
2020-06-02T08:25:00Z	0.094	0.078	0.08	0.108
2020-06-02T08:45:00Z	0.094	0.078	0.08	0.108
2020-06-02T09:05:00Z	0.094	0.078	0.08	0.108
2020-06-02T09:25:00Z	0.093	0.078	0.08	0.108
2020-06-02T09:45:00Z	0.093	0.078	0.08	0.108
2020-06-02T10:05:00Z	0.093	0.078	0.08	0.107
2020-06-02T10:25:00Z	0.093	0.077	0.079	0.107
2020-06-02T10:45:00Z	0.093	0.078	0.079	0.107
2020-06-02T11:05:00Z	0.093	0.077	0.079	0.107
2020-06-02T11:25:00Z	0.093	0.077	0.079	0.107
2020-06-02T11:45:00Z	0.093	0.077	0.079	0.107
2020-06-02T12:05:00Z	0.093	0.077	0.079	0.107
2020-06-02T12:25:00Z	0.093	0.077	0.079	0.107
2020-06-02T12:45:00Z	0.093	0.077	0.079	0.107
2020-06-02T13:05:00Z	0.093	0.078	0.079	0.107
2020-06-02T13:25:00Z	0.093	0.078	0.079	0.107
2020-06-02T13:45:00Z	0.093	0.078	0.079	0.107
2020-06-02T14:05:00Z	0.093	0.078	0.079	0.107
2020-06-02T14:25:00Z	0.093	0.078	0.079	0.107
2020-06-02T14:45:00Z	0.093	0.078	0.079	0.107
2020-06-02T15:05:00Z	0.093	0.078	0.079	0.107
2020-06-02T15:25:00Z	0.093	0.078	0.079	0.107
2020-06-02T15:45:00Z	0.093	0.078	0.079	0.107
2020-06-02T16:05:00Z	0.093	0.078	0.08	0.107
2020-06-02T16:25:00Z	0.093	0.078	0.08	0.107
2020-06-02T16:45:00Z	0.093	0.078	0.08	0.107
2020-06-02T17:05:00Z	0.093	0.078	0.08	0.107
2020-06-02T17:25:00Z	0.093	0.078	0.08	0.108
2020-06-02T17:45:00Z	0.093	0.078	0.08	0.108
2020-06-02T18:05:00Z	0.093	0.078	0.08	0.108
2020-06-02T18:25:00Z	0.093	0.078	0.08	0.108
2020-06-02T18:45:00Z	0.093	0.078	0.081	0.108
2020-06-02T19:05:00Z	0.093	0.078	0.081	0.109
2020-06-02T19:25:00Z	0.093	0.078	0.081	0.109
2020-06-02T19:45:00Z	0.093	0.079	0.081	0.109
2020-06-02T20:05:00Z	0.093	0.079	0.081	0.109
2020-06-02T20:25:00Z	0.093	0.079	0.081	0.109
2020-06-02T20:45:00Z	0.093	0.079	0.081	0.109
2020-06-02T21:05:00Z	0.093	0.079	0.081	0.109
2020-06-02T21:25:00Z	0.093	0.079	0.081	0.109
2020-06-02T21:45:00Z	0.093	0.079	0.081	0.109
2020-06-02T22:05:00Z	0.093	0.079	0.081	0.109
2020-06-02T22:25:00Z	0.093	0.079	0.081	0.109
2020-06-02T22:45:00Z	0.093	0.079	0.081	0.109
2020-06-02T23:05:00Z	0.094	0.079	0.081	0.109
2020-06-02T23:25:00Z	0.093	0.079	0.081	0.109
2020-06-02T23:45:00Z	0.093	0.079	0.081	0.109
2020-06-03T00:05:00Z	0.093	0.079	0.081	0.109
2020-06-03T00:25:00Z	0.093	0.079	0.081	0.109
2020-06-03T00:45:00Z	0.093	0.079	0.081	0.109
2020-06-03T01:05:00Z	0.093	0.079	0.081	0.109
2020-06-03T01:25:00Z	0.093	0.079	0.081	0.109
2020-06-03T01:45:00Z	0.093	0.079	0.081	0.109
2020-06-03T02:05:00Z	0.093	0.079	0.081	0.109
2020-06-03T02:25:00Z	0.093	0.079	0.082	0.11
2020-06-03T02:45:00Z	0.093	0.079	0.082	0.109
2020-06-03T03:05:00Z	0.093	0.079	0.082	0.11
2020-06-03T03:25:00Z	0.093	0.079	0.082	0.11
2020-06-03T03:45:00Z	0.093	0.079	0.081	0.109
2020-06-03T04:05:00Z	0.093	0.079	0.081	0.109
2020-06-03T04:25:00Z	0.093	0.078	0.081	0.109
2020-06-03T04:45:00Z	0.093	0.078	0.081	0.109
2020-06-03T05:05:00Z	0.093	0.078	0.081	0.109
2020-06-03T05:25:00Z	0.093	0.078	0.081	0.109
2020-06-03T05:45:00Z	0.093	0.078	0.081	0.109
2020-06-03T06:05:00Z	0.093	0.078	0.081	0.109
2020-06-03T06:25:00Z	0.093	0.078	0.081	0.108
2020-06-03T06:45:00Z	0.093	0.078	0.08	0.108
2020-06-03T07:05:00Z	0.092	0.078	0.08	0.108
2020-06-03T07:25:00Z	0.092	0.078	0.08	0.108
2020-06-03T07:45:00Z	0.092	0.078	0.08	0.108
2020-06-03T08:05:00Z	0.092	0.078	0.08	0.107
2020-06-03T08:25:00Z	0.092	0.078	0.08	0.107
2020-06-03T08:45:00Z	0.092	0.077	0.079	0.107
2020-06-03T09:05:00Z	0.092	0.077	0.079	0.107
2020-06-03T09:25:00Z	0.092	0.077	0.079	0.107
2020-06-03T09:45:00Z	0.092	0.077	0.079	0.107
2020-06-03T10:05:00Z	0.092	0.077	0.079	0.107
2020-06-03T10:25:00Z	0.092	0.077	0.079	0.107
2020-06-03T10:45:00Z	0.092	0.077	0.079	0.107
2020-06-03T11:05:00Z	0.092	0.077	0.079	0.107
2020-06-03T11:25:00Z	0.092	0.077	0.079	0.107
2020-06-03T11:45:00Z	0.092	0.077	0.079	0.107
2020-06-03T12:05:00Z	0.092	0.077	0.079	0.107
2020-06-03T12:25:00Z	0.092	0.077	0.079	0.107
2020-06-03T12:45:00Z	0.092	0.077	0.079	0.107
2020-06-03T13:05:00Z	0.092	0.077	0.079	0.107
2020-06-03T13:25:00Z	0.092	0.077	0.079	0.107
2020-06-03T13:45:00Z	0.092	0.077	0.079	0.106
2020-06-03T14:05:00Z	0.092	0.077	0.079	0.106
2020-06-03T14:25:00Z	0.092	0.077	0.079	0.106
2020-06-03T14:45:00Z	0.092	0.077	0.079	0.107
2020-06-03T15:05:00Z	0.092	0.077	0.079	0.107
2020-06-03T15:25:00Z	0.092	0.077	0.079	0.107
2020-06-03T15:45:00Z	0.092	0.078	0.079	0.107
2020-06-03T16:05:00Z	0.092	0.078	0.079	0.107
2020-06-03T16:25:00Z	0.092	0.078	0.079	0.107
2020-06-03T16:45:00Z	0.092	0.078	0.079	0.107
2020-06-03T17:05:00Z	0.092	0.078	0.079	0.107
2020-06-03T17:25:00Z	0.092	0.078	0.079	0.107
2020-06-03T17:45:00Z	0.092	0.078	0.08	0.107
2020-06-03T18:05:00Z	0.092	0.078	0.08	0.107
2020-06-03T18:25:00Z	0.092	0.078	0.08	0.107
2020-06-03T18:45:00Z	0.092	0.078	0.08	0.107
2020-06-03T19:05:00Z	0.092	0.078	0.08	0.107
2020-06-03T19:25:00Z	0.092	0.078	0.08	0.108
2020-06-03T19:45:00Z	0.092	0.078	0.08	0.108
2020-06-03T20:05:00Z	0.092	0.078	0.08	0.108
2020-06-03T20:25:00Z	0.092	0.078	0.08	0.108
2020-06-03T20:45:00Z	0.092	0.078	0.08	0.108
2020-06-03T21:05:00Z	0.092	0.078	0.08	0.108
2020-06-03T21:25:00Z	0.092	0.078	0.08	0.108
2020-06-03T21:45:00Z	0.092	0.078	0.08	0.108
2020-06-03T22:05:00Z	0.092	0.078	0.08	0.108
2020-06-03T22:25:00Z	0.092	0.078	0.08	0.108
2020-06-03T22:45:00Z	0.092	0.078	0.081	0.108
2020-06-03T23:05:00Z	0.092	0.078	0.081	0.108
2020-06-03T23:25:00Z	0.092	0.078	0.081	0.108
2020-06-03T23:45:00Z	0.092	0.078	0.081	0.108
2020-06-04T00:05:00Z	0.092	0.078	0.081	0.108
2020-06-04T00:25:00Z	0.092	0.078	0.081	0.108
2020-06-04T00:45:00Z	0.092	0.078	0.081	0.108
2020-06-04T01:05:00Z	0.092	0.078	0.081	0.108
2020-06-04T01:25:00Z	0.092	0.078	0.081	0.108
2020-06-04T01:45:00Z	0.092	0.078	0.081	0.108
2020-06-04T02:05:00Z	0.092	0.078	0.081	0.108
2020-06-04T02:25:00Z	0.092	0.078	0.081	0.108
2020-06-04T02:45:00Z	0.092	0.078	0.081	0.108
2020-06-04T03:05:00Z	0.092	0.078	0.081	0.108
2020-06-04T03:25:00Z	0.092	0.078	0.081	0.108
2020-06-04T03:45:00Z	0.092	0.078	0.081	0.108
2020-06-04T04:05:00Z	0.092	0.078	0.081	0.108
2020-06-04T04:25:00Z	0.092	0.078	0.08	0.108
2020-06-04T04:45:00Z	0.092	0.078	0.08	0.108
2020-06-04T05:05:00Z	0.092	0.078	0.08	0.108
2020-06-04T05:25:00Z	0.092	0.078	0.08	0.108
2020-06-04T05:45:00Z	0.092	0.078	0.08	0.108
2020-06-04T06:05:00Z	0.092	0.078	0.08	0.108
2020-06-04T06:25:00Z	0.092	0.078	0.08	0.107
2020-06-04T06:45:00Z	0.092	0.078	0.08	0.107
2020-06-04T07:05:00Z	0.092	0.078	0.08	0.107
2020-06-04T07:25:00Z	0.092	0.078	0.08	0.107
2020-06-04T07:45:00Z	0.092	0.078	0.08	0.107
2020-06-04T08:05:00Z	0.092	0.077	0.079	0.107
2020-06-04T08:25:00Z	0.092	0.077	0.079	0.107
2020-06-04T08:45:00Z	0.091	0.077	0.079	0.107
2020-06-04T09:05:00Z	0.091	0.077	0.079	0.107
2020-06-04T09:25:00Z	0.091	0.077	0.079	0.107
2020-06-04T09:45:00Z	0.091	0.077	0.079	0.107
2020-06-04T10:05:00Z	0.091	0.077	0.079	0.107
2020-06-04T10:25:00Z	0.091	0.077	0.079	0.107
2020-06-04T10:45:00Z	0.091	0.077	0.079	0.107
2020-06-04T11:05:00Z	0.091	0.077	0.079	0.107
2020-06-04T11:25:00Z	0.091	0.077	0.079	0.106
2020-06-04T11:45:00Z	0.091	0.077	0.079	0.107
2020-06-04T12:05:00Z	0.091	0.077	0.079	0.107
2020-06-04T12:25:00Z	0.091	0.077	0.079	0.107
2020-06-04T12:45:00Z	0.091	0.077	0.079	0.107
2020-06-04T13:05:00Z	0.091	0.077	0.079	0.107
2020-06-04T13:25:00Z	0.091	0.077	0.079	0.107
2020-06-04T13:45:00Z	0.092	0.078	0.079	0.107
2020-06-04T14:05:00Z	0.092	0.078	0.079	0.107
2020-06-04T14:25:00Z	0.092	0.078	0.079	0.107
2020-06-04T14:45:00Z	0.092	0.078	0.079	0.107
2020-06-04T15:05:00Z	0.092	0.078	0.079	0.107
2020-06-04T15:25:00Z	0.092	0.078	0.079	0.107
2020-06-04T15:45:00Z	0.092	0.078	0.079	0.107
2020-06-04T16:05:00Z	0.092	0.078	0.079	0.107
2020-06-04T16:25:00Z	0.092	0.078	0.079	0.107
2020-06-04T16:45:00Z	0.092	0.078	0.079	0.107
2020-06-04T17:05:00Z	0.092	0.078	0.079	0.107
2020-06-04T17:25:00Z	0.092	0.078	0.079	0.107
2020-06-04T17:45:00Z	0.092	0.078	0.08	0.107
2020-06-04T18:05:00Z	0.092	0.078	0.08	0.107
2020-06-04T18:25:00Z	0.092	0.078	0.08	0.107
2020-06-04T18:45:00Z	0.092	0.078	0.08	0.107
2020-06-04T19:05:00Z	0.092	0.078	0.08	0.107
2020-06-04T19:25:00Z	0.092	0.078	0.08	0.107
2020-06-04T19:45:00Z	0.092	0.078	0.08	0.107
2020-06-04T20:05:00Z	0.092	0.078	0.08	0.107
2020-06-04T20:25:00Z	0.092	0.078	0.08	0.107
2020-06-04T20:45:00Z	0.092	0.078	0.08	0.107
2020-06-04T21:05:00Z	0.092	0.078	0.08	0.107
2020-06-04T21:25:00Z	0.092	0.078	0.08	0.107
2020-06-04T21:45:00Z	0.092	0.078	0.08	0.107
2020-06-04T22:05:00Z	0.092	0.078	0.08	0.107
2020-06-04T22:25:00Z	0.092	0.078	0.08	0.107
2020-06-04T22:45:00Z	0.092	0.078	0.08	0.108
2020-06-04T23:05:00Z	0.092	0.078	0.08	0.108
2020-06-04T23:25:00Z	0.092	0.078	0.08	0.108
2020-06-04T23:45:00Z	0.092	0.078	0.08	0.108
2020-06-05T00:05:00Z	0.092	0.078	0.08	0.108
2020-06-05T00:25:00Z	0.092	0.078	0.08	0.108
2020-06-05T00:45:00Z	0.092	0.078	0.08	0.108
2020-06-05T01:05:00Z	0.092	0.078	0.08	0.108
2020-06-05T01:25:00Z	0.092	0.078	0.08	0.108
2020-06-05T01:45:00Z	0.092	0.078	0.08	0.108
2020-06-05T02:05:00Z	0.092	0.078	0.08	0.108
2020-06-05T02:25:00Z	0.092	0.078	0.08	0.108
2020-06-05T02:45:00Z	0.092	0.078	0.08	0.108
2020-06-05T03:05:00Z	0.092	0.078	0.08	0.108
2020-06-05T03:25:00Z	0.092	0.078	0.08	0.108
2020-06-05T03:45:00Z	0.092	0.078	0.08	0.108
2020-06-05T04:05:00Z	0.092	0.078	0.08	0.108
2020-06-05T04:25:00Z	0.092	0.078	0.081	0.108
2020-06-05T04:45:00Z	0.092	0.078	0.08	0.108
2020-06-05T05:05:00Z	0.092	0.078	0.08	0.108
2020-06-05T05:25:00Z	0.092	0.078	0.08	0.108
2020-06-05T05:45:00Z	0.092	0.078	0.081	0.108
2020-06-05T06:05:00Z	0.092	0.078	0.081	0.108
2020-06-05T06:25:00Z	0.092	0.078	0.081	0.108
2020-06-05T06:45:00Z	0.092	0.078	0.081	0.108
2020-06-05T07:05:00Z	0.092	0.078	0.08	0.108
2020-06-05T07:25:00Z	0.092	0.078	0.08	0.108
2020-06-05T07:45:00Z	0.092	0.078	0.08	0.108
2020-06-05T08:05:00Z	0.092	0.078	0.08	0.108
2020-06-05T08:25:00Z	0.092	0.078	0.08	0.108
2020-06-05T08:45:00Z	0.092	0.078	0.08	0.108
2020-06-05T09:05:00Z	0.092	0.078	0.08	0.108
2020-06-05T09:25:00Z	0.092	0.078	0.08	0.108
2020-06-05T09:45:00Z	0.092	0.078	0.08	0.108
2020-06-05T10:05:00Z	0.093	0.078	0.08	0.108
2020-06-05T10:25:00Z	0.092	0.078	0.08	0.108
2020-06-05T10:45:00Z	0.092	0.078	0.08	0.108
2020-06-05T11:05:00Z	0.092	0.078	0.08	0.108
2020-06-05T11:25:00Z	0.092	0.078	0.08	0.108
2020-06-05T11:45:00Z	0.092	0.078	0.08	0.108
2020-06-05T12:05:00Z	0.092	0.078	0.08	0.108
2020-06-05T12:25:00Z	0.092	0.078	0.08	0.108
2020-06-05T12:45:00Z	0.092	0.078	0.08	0.108
2020-06-05T13:05:00Z	0.092	0.078	0.08	0.108
2020-06-05T13:25:00Z	0.092	0.078	0.08	0.108
2020-06-05T13:45:00Z	0.092	0.078	0.08	0.108
2020-06-05T14:05:00Z	0.092	0.078	0.08	0.108
2020-06-05T14:25:00Z	0.092	0.078	0.08	0.108
2020-06-05T14:45:00Z	0.092	0.078	0.08	0.108
2020-06-05T15:05:00Z	0.092	0.078	0.08	0.108
2020-06-05T15:25:00Z	0.092	0.078	0.08	0.108
2020-06-05T15:45:00Z	0.092	0.078	0.08	0.108
2020-06-05T16:05:00Z	0.092	0.078	0.08	0.108
2020-06-05T16:25:00Z	0.092	0.078	0.08	0.108
2020-06-05T16:45:00Z	0.092	0.078	0.081	0.108
2020-06-05T17:05:00Z	0.092	0.078	0.081	0.108
2020-06-05T17:25:00Z	0.093	0.078	0.081	0.108
2020-06-05T17:45:00Z	0.093	0.078	0.081	0.108
2020-06-05T18:05:00Z	0.092	0.078	0.081	0.108
2020-06-05T18:25:00Z	0.093	0.078	0.081	0.108
2020-06-05T18:45:00Z	0.093	0.078	0.081	0.108
2020-06-05T19:05:00Z	0.093	0.078	0.081	0.108
2020-06-05T19:25:00Z	0.093	0.078	0.081	0.108
2020-06-05T19:45:00Z	0.093	0.078	0.081	0.109
2020-06-05T20:05:00Z	0.093	0.078	0.081	0.109
2020-06-05T20:25:00Z	0.093	0.078	0.081	0.109
2020-06-05T20:45:00Z	0.093	0.078	0.081	0.109
2020-06-05T21:05:00Z	0.093	0.078	0.081	0.109
2020-06-05T21:25:00Z	0.093	0.078	0.081	0.109
2020-06-05T21:45:00Z	0.093	0.078	0.081	0.109
2020-06-05T22:05:00Z	0.093	0.078	0.081	0.109
2020-06-05T22:25:00Z	0.093	0.078	0.081	0.109
2020-06-05T22:45:00Z	0.093	0.078	0.081	0.109
2020-06-05T23:05:00Z	0.093	0.078	0.081	0.109
2020-06-05T23:25:00Z	0.093	0.078	0.081	0.109
2020-06-05T23:45:00Z	0.093	0.078	0.081	0.109
2020-06-06T00:05:00Z	0.093	0.078	0.081	0.109
2020-06-06T00:25:00Z	0.093	0.078	0.081	0.109
2020-06-06T00:45:00Z	0.093	0.078	0.081	0.109
2020-06-06T01:05:00Z	0.093	0.078	0.081	0.109
2020-06-06T01:25:00Z	0.093	0.078	0.081	0.109
2020-06-06T01:45:00Z	0.093	0.078	0.081	0.109
2020-06-06T02:05:00Z	0.093	0.078	0.081	0.109
2020-06-06T02:25:00Z	0.093	0.078	0.081	0.109
2020-06-06T02:45:00Z	0.093	0.078	0.081	0.109
2020-06-06T03:05:00Z	0.093	0.078	0.081	0.109
2020-06-06T03:25:00Z	0.093	0.078	0.081	0.109
2020-06-06T03:45:00Z	0.093	0.078	0.081	0.109
2020-06-06T04:05:00Z	0.093	0.078	0.081	0.109
2020-06-06T04:25:00Z	0.093	0.078	0.081	0.109
2020-06-06T04:45:00Z	0.093	0.078	0.081	0.109
2020-06-06T05:05:00Z	0.093	0.078	0.081	0.109
2020-06-06T05:25:00Z	0.093	0.078	0.081	0.109
2020-06-06T05:45:00Z	0.093	0.078	0.081	0.109
2020-06-06T06:05:00Z	0.093	0.078	0.081	0.109
2020-06-06T06:25:00Z	0.093	0.078	0.081	0.108
2020-06-06T06:45:00Z	0.093	0.078	0.081	0.108
2020-06-06T07:05:00Z	0.093	0.078	0.081	0.108
2020-06-06T07:25:00Z	0.092	0.078	0.081	0.108
2020-06-06T07:45:00Z	0.092	0.078	0.081	0.108
2020-06-06T08:05:00Z	0.092	0.078	0.081	0.108
2020-06-06T08:25:00Z	0.093	0.078	0.081	0.108
2020-06-06T08:45:00Z	0.092	0.078	0.08	0.108
2020-06-06T09:05:00Z	0.092	0.078	0.08	0.108
2020-06-06T09:25:00Z	0.092	0.077	0.08	0.107
2020-06-06T09:45:00Z	0.092	0.077	0.08	0.107
2020-06-06T10:05:00Z	0.092	0.077	0.08	0.107
2020-06-06T10:25:00Z	0.092	0.078	0.08	0.107
2020-06-06T10:45:00Z	0.092	0.077	0.08	0.107
2020-06-06T11:05:00Z	0.092	0.077	0.08	0.107
2020-06-06T11:25:00Z	0.092	0.078	0.08	0.107
2020-06-06T11:45:00Z	0.092	0.078	0.08	0.107
2020-06-06T12:05:00Z	0.092	0.078	0.08	0.107
2020-06-06T12:25:00Z	0.092	0.078	0.08	0.107
2020-06-06T12:45:00Z	0.092	0.078	0.08	0.107
2020-06-06T13:05:00Z	0.092	0.078	0.08	0.107
2020-06-06T13:25:00Z	0.092	0.078	0.08	0.107
2020-06-06T13:45:00Z	0.092	0.078	0.08	0.107
2020-06-06T14:05:00Z	0.092	0.078	0.08	0.107
2020-06-06T14:25:00Z	0.092	0.078	0.08	0.107
2020-06-06T14:45:00Z	0.092	0.078	0.08	0.107
2020-06-06T15:05:00Z	0.092	0.078	0.08	0.107
2020-06-06T15:25:00Z	0.092	0.078	0.08	0.107
2020-06-06T15:45:00Z	0.093	0.078	0.08	0.107
2020-06-06T16:05:00Z	0.093	0.078	0.081	0.107
2020-06-06T16:25:00Z	0.093	0.078	0.081	0.108
2020-06-06T16:45:00Z	0.093	0.078	0.081	0.108
2020-06-06T17:05:00Z	0.093	0.078	0.081	0.108
2020-06-06T17:25:00Z	0.093	0.078	0.081	0.108
2020-06-06T17:45:00Z	0.093	0.078	0.081	0.108
2020-06-06T18:05:00Z	0.093	0.078	0.081	0.108
2020-06-06T18:25:00Z	0.093	0.078	0.081	0.108
2020-06-06T18:45:00Z	0.093	0.078	0.081	0.108
2020-06-06T19:05:00Z	0.093	0.078	0.081	0.108
2020-06-06T19:25:00Z	0.093	0.078	0.081	0.108
2020-06-06T19:45:00Z	0.093	0.078	0.081	0.108
2020-06-06T20:05:00Z	0.093	0.078	0.081	0.108
2020-06-06T20:25:00Z	0.093	0.078	0.081	0.108
2020-06-06T20:45:00Z	0.093	0.078	0.081	0.108
2020-06-06T21:05:00Z	0.093	0.078	0.081	0.108
2020-06-06T21:25:00Z	0.093	0.078	0.081	0.108
2020-06-06T21:45:00Z	0.093	0.078	0.081	0.109
2020-06-06T22:05:00Z	0.093	0.078	0.081	0.109
2020-06-06T22:25:00Z	0.093	0.078	0.081	0.109
2020-06-06T22:45:00Z	0.093	0.078	0.081	0.109
2020-06-06T23:05:00Z	0.093	0.078	0.081	0.109
2020-06-06T23:25:00Z	0.093	0.078	0.081	0.109
2020-06-06T23:45:00Z	0.093	0.078	0.081	0.109
2020-06-07T00:05:00Z	0.093	0.078	0.081	0.109
2020-06-07T00:25:00Z	0.093	0.078	0.081	0.109
2020-06-07T00:45:00Z	0.093	0.078	0.081	0.109
2020-06-07T01:05:00Z	0.093	0.078	0.081	0.109
2020-06-07T01:25:00Z	0.093	0.078	0.081	0.109
2020-06-07T01:45:00Z	0.093	0.078	0.081	0.109
2020-06-07T02:05:00Z	0.093	0.078	0.081	0.109
2020-06-07T02:25:00Z	0.093	0.078	0.081	0.109
2020-06-07T02:45:00Z	0.093	0.078	0.081	0.109
2020-06-07T03:05:00Z	0.093	0.078	0.081	0.109
2020-06-07T03:25:00Z	0.093	0.078	0.081	0.109
2020-06-07T03:45:00Z	0.093	0.078	0.081	0.109
2020-06-07T04:05:00Z	0.093	0.078	0.081	0.109
2020-06-07T04:25:00Z	0.093	0.078	0.081	0.109
2020-06-07T04:45:00Z	0.093	0.078	0.081	0.108
2020-06-07T05:05:00Z	0.093	0.078	0.081	0.109
2020-06-07T05:25:00Z	0.093	0.078	0.081	0.108
2020-06-07T05:45:00Z	0.093	0.078	0.081	0.108
2020-06-07T06:05:00Z	0.092	0.078	0.081	0.108
2020-06-07T06:25:00Z	0.092	0.078	0.081	0.108
2020-06-07T06:45:00Z	0.092	0.078	0.081	0.108
2020-06-07T07:05:00Z	0.092	0.078	0.081	0.108
2020-06-07T07:25:00Z	0.092	0.078	0.081	0.108
2020-06-07T07:45:00Z	0.093	0.078	0.081	0.108
2020-06-07T08:05:00Z	0.093	0.078	0.081	0.108
2020-06-07T08:25:00Z	0.093	0.078	0.081	0.108
2020-06-07T08:45:00Z	0.093	0.078	0.081	0.108
2020-06-07T09:05:00Z	0.093	0.078	0.081	0.108
2020-06-07T09:25:00Z	0.092	0.078	0.08	0.108
2020-06-07T09:45:00Z	0.092	0.078	0.08	0.107
2020-06-07T10:05:00Z	0.092	0.077	0.08	0.107
2020-06-07T10:25:00Z	0.092	0.077	0.08	0.107
2020-06-07T10:45:00Z	0.092	0.077	0.08	0.107
2020-06-07T11:05:00Z	0.092	0.078	0.08	0.107
2020-06-07T11:25:00Z	0.092	0.078	0.08	0.107
2020-06-07T11:45:00Z	0.092	0.078	0.08	0.107
2020-06-07T12:05:00Z	0.092	0.078	0.08	0.107
2020-06-07T12:25:00Z	0.092	0.078	0.08	0.107
2020-06-07T12:45:00Z	0.092	0.078	0.08	0.107
2020-06-07T13:05:00Z	0.092	0.078	0.08	0.107
2020-06-07T13:25:00Z	0.092	0.078	0.08	0.107
2020-06-07T13:45:00Z	0.092	0.078	0.08	0.107
2020-06-07T14:05:00Z	0.092	0.078	0.08	0.107
2020-06-07T14:25:00Z	0.092	0.078	0.08	0.107
2020-06-07T14:45:00Z	0.092	0.078	0.08	0.107
2020-06-07T15:05:00Z	0.092	0.078	0.08	0.107
2020-06-07T15:25:00Z	0.092	0.078	0.08	0.107
2020-06-07T15:45:00Z	0.092	0.078	0.08	0.107
2020-06-07T16:05:00Z	0.092	0.078	0.08	0.107
2020-06-07T16:25:00Z	0.092	0.078	0.08	0.107
2020-06-07T16:45:00Z	0.092	0.078	0.08	0.107
2020-06-07T17:05:00Z	0.092	0.078	0.08	0.107
2020-06-07T17:25:00Z	0.092	0.078	0.08	0.107
2020-06-07T17:45:00Z	0.092	0.078	0.08	0.107
2020-06-07T18:05:00Z	0.092	0.078	0.081	0.108
2020-06-07T18:25:00Z	0.092	0.078	0.08	0.107
2020-06-07T18:45:00Z	0.092	0.078	0.081	0.108
2020-06-07T19:05:00Z	0.092	0.078	0.081	0.108
2020-06-07T19:25:00Z	0.092	0.078	0.081	0.108
2020-06-07T19:45:00Z	0.092	0.078	0.081	0.108
2020-06-07T20:05:00Z	0.092	0.078	0.081	0.108
2020-06-07T20:25:00Z	0.092	0.078	0.081	0.108
2020-06-07T20:45:00Z	0.092	0.078	0.081	0.108
2020-06-07T21:05:00Z	0.093	0.078	0.081	0.108
2020-06-07T21:25:00Z	0.093	0.078	0.081	0.108
2020-06-07T21:45:00Z	0.093	0.078	0.081	0.108
2020-06-07T22:05:00Z	0.093	0.078	0.081	0.108
2020-06-07T22:25:00Z	0.093	0.078	0.081	0.108
2020-06-07T22:45:00Z	0.093	0.078	0.081	0.108
2020-06-07T23:05:00Z	0.093	0.078	0.081	0.108
2020-06-07T23:25:00Z	0.093	0.078	0.081	0.108
2020-06-07T23:45:00Z	0.093	0.078	0.081	0.108
2020-06-08T00:05:00Z	0.093	0.078	0.081	0.108
2020-06-08T00:25:00Z	0.093	0.078	0.081	0.109
2020-06-08T00:45:00Z	0.093	0.078	0.081	0.109
2020-06-08T01:05:00Z	0.093	0.078	0.081	0.109
2020-06-08T01:25:00Z	0.093	0.078	0.081	0.109
2020-06-08T01:45:00Z	0.093	0.078	0.081	0.109
2020-06-08T02:05:00Z	0.093	0.078	0.081	0.109
2020-06-08T02:25:00Z	0.093	0.078	0.081	0.109
2020-06-08T02:45:00Z	0.093	0.078	0.081	0.109
2020-06-08T03:05:00Z	0.093	0.078	0.081	0.109
2020-06-08T03:25:00Z	0.093	0.078	0.081	0.109
2020-06-08T03:45:00Z	0.093	0.078	0.081	0.109
2020-06-08T04:05:00Z	0.092	0.078	0.081	0.109
2020-06-08T04:25:00Z	0.092	0.078	0.081	0.108
2020-06-08T04:45:00Z	0.092	0.078	0.081	0.108
2020-06-08T05:05:00Z	0.092	0.078	0.081	0.108
2020-06-08T05:25:00Z	0.092	0.078	0.081	0.108
2020-06-08T05:45:00Z	0.092	0.078	0.081	0.108
2020-06-08T06:05:00Z	0.092	0.078	0.081	0.108
2020-06-08T06:25:00Z	0.092	0.078	0.081	0.108
2020-06-08T06:45:00Z	0.092	0.078	0.08	0.107
2020-06-08T07:05:00Z	0.092	0.078	0.08	0.107
2020-06-08T07:25:00Z	0.092	0.077	0.08	0.107
2020-06-08T07:45:00Z	0.092	0.077	0.08	0.107
2020-06-08T08:05:00Z	0.092	0.077	0.08	0.107
2020-06-08T08:25:00Z	0.092	0.077	0.08	0.107
2020-06-08T08:45:00Z	0.092	0.077	0.079	0.107
2020-06-08T09:05:00Z	0.092	0.077	0.079	0.106
2020-06-08T09:25:00Z	0.092	0.077	0.079	0.106
2020-06-08T09:45:00Z	0.092	0.077	0.079	0.106
2020-06-08T10:05:00Z	0.092	0.077	0.079	0.106
2020-06-08T10:25:00Z	0.091	0.077	0.079	0.106
2020-06-08T10:45:00Z	0.092	0.077	0.079	0.106
2020-06-08T11:05:00Z	0.092	0.077	0.079	0.106
2020-06-08T11:25:00Z	0.092	0.077	0.079	0.106
2020-06-08T11:45:00Z	0.092	0.077	0.079	0.106
2020-06-08T12:05:00Z	0.091	0.077	0.079	0.106
2020-06-08T12:25:00Z	0.092	0.077	0.079	0.106
2020-06-08T12:45:00Z	0.092	0.077	0.079	0.106
2020-06-08T13:05:00Z	0.092	0.077	0.079	0.106
2020-06-08T13:25:00Z	0.092	0.077	0.079	0.106
2020-06-08T13:45:00Z	0.092	0.077	0.079	0.106
2020-06-08T14:05:00Z	0.092	0.077	0.079	0.106
2020-06-08T14:25:00Z	0.092	0.077	0.079	0.106
2020-06-08T14:45:00Z	0.092	0.077	0.079	0.106
2020-06-08T15:05:00Z	0.092	0.077	0.079	0.106
2020-06-08T15:25:00Z	0.092	0.078	0.079	0.106
2020-06-08T15:45:00Z	0.092	0.078	0.079	0.106
2020-06-08T16:05:00Z	0.092	0.078	0.079	0.107
2020-06-08T16:25:00Z	0.092	0.078	0.079	0.107
2020-06-08T16:45:00Z	0.092	0.078	0.079	0.106
2020-06-08T17:05:00Z	0.092	0.078	0.079	0.107
2020-06-08T17:25:00Z	0.092	0.078	0.08	0.107
2020-06-08T17:45:00Z	0.092	0.078	0.08	0.107
2020-06-08T18:05:00Z	0.092	0.078	0.08	0.107
2020-06-08T18:25:00Z	0.092	0.078	0.08	0.107
2020-06-08T18:45:00Z	0.092	0.078	0.08	0.107
2020-06-08T19:05:00Z	0.092	0.078	0.08	0.107
2020-06-08T19:25:00Z	0.092	0.078	0.08	0.107
2020-06-08T19:45:00Z	0.092	0.078	0.08	0.107
2020-06-08T20:05:00Z	0.092	0.078	0.08	0.107
2020-06-08T20:25:00Z	0.092	0.078	0.08	0.107
2020-06-08T20:45:00Z	0.092	0.078	0.08	0.107
2020-06-08T21:05:00Z	0.092	0.078	0.08	0.107
2020-06-08T21:25:00Z	0.092	0.078	0.08	0.107
2020-06-08T21:45:00Z	0.092	0.078	0.08	0.107
2020-06-08T22:05:00Z	0.092	0.078	0.08	0.107
2020-06-08T22:25:00Z	0.092	0.078	0.08	0.107
2020-06-08T22:45:00Z	0.092	0.078	0.08	0.107
2020-06-08T23:05:00Z	0.092	0.078	0.08	0.107
2020-06-08T23:25:00Z	0.092	0.078	0.08	0.107
2020-06-08T23:45:00Z	0.092	0.078	0.08	0.107
2020-06-09T00:05:00Z	0.092	0.078	0.08	0.108
2020-06-09T00:25:00Z	0.092	0.078	0.081	0.108
2020-06-09T00:45:00Z	0.092	0.078	0.081	0.108
2020-06-09T01:05:00Z	0.092	0.078	0.081	0.108
2020-06-09T01:25:00Z	0.092	0.078	0.081	0.108
2020-06-09T01:45:00Z	0.092	0.078	0.081	0.108
2020-06-09T02:05:00Z	0.092	0.078	0.081	0.108
2020-06-09T02:25:00Z	0.092	0.078	0.081	0.108
2020-06-09T02:45:00Z	0.092	0.078	0.081	0.108
2020-06-09T03:05:00Z	0.092	0.078	0.081	0.108
2020-06-09T03:25:00Z	0.092	0.078	0.081	0.108
2020-06-09T03:45:00Z	0.092	0.078	0.081	0.108
2020-06-09T04:05:00Z	0.092	0.078	0.081	0.108
2020-06-09T04:25:00Z	0.092	0.078	0.081	0.108
2020-06-09T04:45:00Z	0.092	0.078	0.08	0.107
2020-06-09T05:05:00Z	0.092	0.078	0.08	0.107
2020-06-09T05:25:00Z	0.092	0.078	0.08	0.107
2020-06-09T05:45:00Z	0.092	0.078	0.08	0.107
2020-06-09T06:05:00Z	0.092	0.078	0.08	0.107
2020-06-09T06:25:00Z	0.092	0.078	0.08	0.107
2020-06-09T06:45:00Z	0.092	0.077	0.08	0.107
2020-06-09T07:05:00Z	0.092	0.077	0.08	0.107
2020-06-09T07:25:00Z	0.092	0.078	0.08	0.107
2020-06-09T07:45:00Z	0.092	0.077	0.08	0.107
2020-06-09T08:05:00Z	0.092	0.078	0.08	0.107
2020-06-09T08:25:00Z	0.092	0.077	0.08	0.107
2020-06-09T08:45:00Z	0.092	0.077	0.079	0.107
2020-06-09T09:05:00Z	0.092	0.077	0.079	0.107
2020-06-09T09:25:00Z	0.092	0.077	0.079	0.107
2020-06-09T09:45:00Z	0.092	0.077	0.079	0.106
2020-06-09T10:05:00Z	0.091	0.077	0.079	0.106
2020-06-09T10:25:00Z	0.091	0.077	0.079	0.106
2020-06-09T10:45:00Z	0.091	0.077	0.079	0.106
2020-06-09T11:05:00Z	0.091	0.077	0.079	0.106
2020-06-09T11:25:00Z	0.091	0.077	0.079	0.106
2020-06-09T11:45:00Z	0.091	0.077	0.079	0.106
2020-06-09T12:05:00Z	0.091	0.077	0.079	0.106
2020-06-09T12:25:00Z	0.091	0.077	0.079	0.106
2020-06-09T12:45:00Z	0.091	0.077	0.079	0.106
2020-06-09T13:05:00Z	0.091	0.077	0.079	0.106
2020-06-09T13:25:00Z	0.091	0.077	0.079	0.106
2020-06-09T13:45:00Z	0.091	0.077	0.079	0.106
2020-06-09T14:05:00Z	0.091	0.077	0.079	0.106
2020-06-09T14:25:00Z	0.091	0.077	0.079	0.106
2020-06-09T14:45:00Z	0.091	0.077	0.079	0.106
2020-06-09T15:05:00Z	0.091	0.077	0.079	0.106
2020-06-09T15:25:00Z	0.091	0.077	0.079	0.106
2020-06-09T15:45:00Z	0.091	0.077	0.079	0.106
2020-06-09T16:05:00Z	0.091	0.077	0.079	0.106
2020-06-09T16:25:00Z	0.091	0.077	0.079	0.106
2020-06-09T16:45:00Z	0.091	0.077	0.079	0.106
2020-06-09T17:05:00Z	0.091	0.077	0.079	0.106
2020-06-09T17:25:00Z	0.091	0.077	0.079	0.106
2020-06-09T17:45:00Z	0.091	0.077	0.079	0.106
2020-06-09T18:05:00Z	0.091	0.078	0.079	0.106
2020-06-09T18:25:00Z	0.092	0.077	0.079	0.106
2020-06-09T18:45:00Z	0.092	0.078	0.079	0.107
2020-06-09T19:05:00Z	0.092	0.078	0.079	0.107
2020-06-09T19:25:00Z	0.092	0.078	0.079	0.107
2020-06-09T19:45:00Z	0.092	0.078	0.079	0.107
2020-06-09T20:05:00Z	0.092	0.078	0.079	0.107
2020-06-09T20:25:00Z	0.092	0.078	0.079	0.107
2020-06-09T20:45:00Z	0.092	0.078	0.079	0.107
2020-06-09T21:05:00Z	0.092	0.078	0.08	0.107
2020-06-09T21:25:00Z	0.092	0.078	0.08	0.107
2020-06-09T21:45:00Z	0.092	0.078	0.08	0.107
2020-06-09T22:05:00Z	0.092	0.078	0.08	0.107
2020-06-09T22:25:00Z	0.092	0.078	0.08	0.107
2020-06-09T22:45:00Z	0.092	0.078	0.08	0.107
2020-06-09T23:05:00Z	0.092	0.078	0.08	0.107
2020-06-09T23:25:00Z	0.092	0.078	0.08	0.107
2020-06-09T23:45:00Z	0.092	0.078	0.08	0.107
2020-06-10T00:05:00Z	0.092	0.078	0.08	0.107
2020-06-10T00:25:00Z	0.092	0.078	0.08	0.107
2020-06-10T00:45:00Z	0.092	0.078	0.08	0.107
2020-06-10T01:05:00Z	0.092	0.078	0.08	0.107
2020-06-10T01:25:00Z	0.092	0.078	0.08	0.107
2020-06-10T01:45:00Z	0.092	0.078	0.08	0.107
2020-06-10T02:05:00Z	0.092	0.078	0.08	0.107
2020-06-10T02:25:00Z	0.092	0.078	0.08	0.107
2020-06-10T02:45:00Z	0.092	0.078	0.08	0.107
2020-06-10T03:05:00Z	0.092	0.078	0.08	0.107
2020-06-10T03:25:00Z	0.092	0.078	0.08	0.107
2020-06-10T03:45:00Z	0.092	0.078	0.08	0.107
2020-06-10T04:05:00Z	0.092	0.078	0.08	0.107
2020-06-10T04:25:00Z	0.092	0.078	0.08	0.107
2020-06-10T04:45:00Z	0.092	0.078	0.08	0.107
2020-06-10T05:05:00Z	0.092	0.078	0.08	0.107
2020-06-10T05:25:00Z	0.092	0.078	0.08	0.107
2020-06-10T05:45:00Z	0.092	0.077	0.08	0.107
2020-06-10T06:05:00Z	0.092	0.077	0.08	0.107
2020-06-10T06:25:00Z	0.091	0.077	0.079	0.107
2020-06-10T06:45:00Z	0.091	0.077	0.079	0.107
2020-06-10T07:05:00Z	0.091	0.077	0.079	0.106
2020-06-10T07:25:00Z	0.091	0.077	0.079	0.106
2020-06-10T07:45:00Z	0.091	0.077	0.079	0.106
2020-06-10T08:05:00Z	0.091	0.077	0.079	0.106
2020-06-10T08:25:00Z	0.091	0.077	0.079	0.106
2020-06-10T08:45:00Z	0.091	0.077	0.079	0.106
2020-06-10T09:05:00Z	0.091	0.077	0.079	0.106
2020-06-10T09:25:00Z	0.091	0.077	0.079	0.106
2020-06-10T09:45:00Z	0.091	0.077	0.079	0.106
2020-06-10T10:05:00Z	0.091	0.077	0.079	0.106
2020-06-10T10:25:00Z	0.091	0.076	0.079	0.106
2020-06-10T10:45:00Z	0.091	0.076	0.078	0.106
2020-06-10T11:05:00Z	0.091	0.076	0.079	0.106
2020-06-10T11:25:00Z	0.091	0.077	0.079	0.106
2020-06-10T11:45:00Z	0.091	0.077	0.079	0.106
2020-06-10T12:05:00Z	0.091	0.077	0.079	0.106
2020-06-10T12:25:00Z	0.091	0.076	0.078	0.106
2020-06-10T12:45:00Z	0.091	0.076	0.079	0.106
2020-06-10T13:05:00Z	0.091	0.076	0.078	0.105
2020-06-10T13:25:00Z	0.091	0.076	0.078	0.106
2020-06-10T13:45:00Z	0.091	0.077	0.079	0.106
2020-06-10T14:05:00Z	0.091	0.077	0.079	0.106
2020-06-10T14:25:00Z	0.091	0.077	0.079	0.106
2020-06-10T14:45:00Z	0.091	0.077	0.079	0.106
2020-06-10T15:05:00Z	0.091	0.077	0.079	0.106
2020-06-10T15:25:00Z	0.091	0.077	0.079	0.106
2020-06-10T15:45:00Z	0.091	0.077	0.079	0.106
2020-06-10T16:05:00Z	0.091	0.077	0.079	0.106
2020-06-10T16:25:00Z	0.091	0.077	0.079	0.106
2020-06-10T16:45:00Z	0.091	0.077	0.079	0.106
2020-06-10T17:05:00Z	0.091	0.077	0.079	0.106
2020-06-10T17:25:00Z	0.091	0.077	0.079	0.106
2020-06-10T17:45:00Z	0.091	0.077	0.079	0.106
2020-06-10T18:05:00Z	0.091	0.077	0.079	0.106
2020-06-10T18:25:00Z	0.091	0.077	0.079	0.106
2020-06-10T18:45:00Z	0.092	0.077	0.079	0.106
2020-06-10T19:05:00Z	0.091	0.077	0.079	0.106
2020-06-10T19:25:00Z	0.092	0.077	0.079	0.106
2020-06-10T19:45:00Z	0.092	0.078	0.079	0.106
2020-06-10T20:05:00Z	0.092	0.078	0.079	0.106
2020-06-10T20:25:00Z	0.092	0.078	0.079	0.107
2020-06-10T20:45:00Z	0.092	0.078	0.079	0.107
2020-06-10T21:05:00Z	0.092	0.078	0.079	0.107
2020-06-10T21:25:00Z	0.092	0.078	0.079	0.107
2020-06-10T21:45:00Z	0.092	0.078	0.079	0.107
2020-06-10T22:05:00Z	0.092	0.078	0.079	0.107
2020-06-10T22:25:00Z	0.092	0.078	0.079	0.107
2020-06-10T22:45:00Z	0.091	0.078	0.079	0.107
2020-06-10T23:05:00Z	0.091	0.077	0.079	0.107
2020-06-10T23:25:00Z	0.092	0.078	0.079	0.107
2020-06-10T23:45:00Z	0.091	0.077	0.079	0.107
2020-06-11T00:05:00Z	0.091	0.077	0.079	0.107
2020-06-11T00:25:00Z	0.091	0.077	0.079	0.107
2020-06-11T00:45:00Z	0.091	0.077	0.079	0.107
2020-06-11T01:05:00Z	0.091	0.077	0.079	0.107
2020-06-11T01:25:00Z	0.091	0.077	0.079	0.107
2020-06-11T01:45:00Z	0.092	0.077	0.079	0.107
2020-06-11T02:05:00Z	0.091	0.077	0.079	0.107
2020-06-11T02:25:00Z	0.091	0.077	0.079	0.107
2020-06-11T02:45:00Z	0.092	0.077	0.079	0.107
2020-06-11T03:05:00Z	0.091	0.077	0.079	0.107
2020-06-11T03:25:00Z	0.091	0.077	0.079	0.107
2020-06-11T03:45:00Z	0.092	0.077	0.079	0.107
2020-06-11T04:05:00Z	0.091	0.077	0.079	0.107
2020-06-11T04:25:00Z	0.091	0.077	0.079	0.107
2020-06-11T04:45:00Z	0.092	0.077	0.079	0.107
2020-06-11T05:05:00Z	0.091	0.077	0.079	0.107
2020-06-11T05:25:00Z	0.092	0.077	0.079	0.107
2020-06-11T05:45:00Z	0.091	0.077	0.079	0.107
2020-06-11T06:05:00Z	0.091	0.077	0.079	0.107
2020-06-11T06:25:00Z	0.091	0.077	0.079	0.107
2020-06-11T06:45:00Z	0.091	0.077	0.079	0.107
2020-06-11T07:05:00Z	0.092	0.077	0.079	0.106
2020-06-11T07:25:00Z	0.091	0.077	0.079	0.106
2020-06-11T07:45:00Z	0.092	0.077	0.079	0.106
2020-06-11T08:05:00Z	0.092	0.077	0.079	0.106
2020-06-11T08:25:00Z	0.092	0.077	0.079	0.106
2020-06-11T08:45:00Z	0.092	0.077	0.079	0.106
2020-06-11T09:05:00Z	0.092	0.077	0.079	0.106
2020-06-11T09:25:00Z	0.091	0.077	0.079	0.106
2020-06-11T09:45:00Z	0.092	0.077	0.079	0.107
2020-06-11T10:05:00Z	0.091	0.077	0.079	0.107
2020-06-11T10:25:00Z	0.092	0.077	0.079	0.107
2020-06-11T10:45:00Z	0.092	0.077	0.079	0.107
2020-06-11T11:05:00Z	0.091	0.077	0.079	0.107
