datetime	theta15	theta25	theta35	theta45	theta65	theta105
2020-07-14T13:20:05Z	0.067	0.079	0.075	0.119	0.12	0.177
2020-07-14T13:40:05Z	0.067	0.079	0.075	0.119	0.12	0.177
2020-07-14T14:00:05Z	0.066	0.079	0.075	0.119	0.12	0.177
2020-07-14T14:20:05Z	0.066	0.079	0.075	0.119	0.12	0.177
2020-07-14T14:40:05Z	0.066	0.079	0.075	0.119	0.12	0.177
2020-07-14T15:20:05Z	0.064	0.079	0.075	0.118	0.12	0.177
2020-07-14T15:40:05Z	0.064	0.079	0.075	0.118	0.12	0.177
2020-07-14T16:00:05Z	0.064	0.079	0.075	0.118	0.12	0.177
2020-07-14T16:20:05Z	0.064	0.079	0.075	0.118	0.12	0.177
2020-07-14T16:40:05Z	0.064	0.079	0.075	0.118	0.12	0.177
2020-07-14T17:00:05Z	0.063	0.079	0.075	0.118	0.12	0.177
2020-07-14T17:20:05Z	0.064	0.079	0.075	0.118	0.12	0.177
2020-07-14T17:40:05Z	0.063	0.078	0.075	0.118	0.12	0.177
2020-07-14T18:00:05Z	0.063	0.078	0.075	0.118	0.12	0.177
2020-07-14T18:20:05Z	0.062	0.078	0.075	0.118	0.12	0.177
2020-07-14T18:40:05Z	0.062	0.078	0.075	0.118	0.12	0.177
2020-07-14T19:00:05Z	0.063	0.078	0.075	0.118	0.12	0.177
2020-07-14T19:20:05Z	0.063	0.078	0.075	0.118	0.12	0.177
2020-07-14T19:40:05Z	0.063	0.078	0.075	0.118	0.12	0.177
2020-07-14T20:00:05Z	0.062	0.078	0.075	0.118	0.12	0.177
2020-07-14T20:20:05Z	0.062	0.078	0.075	0.118	0.12	0.177
2020-07-14T20:40:05Z	0.062	0.078	0.075	0.118	0.12	0.177
2020-07-14T21:00:05Z	0.062	0.078	0.075	0.118	0.12	0.177
2020-07-14T21:20:05Z	0.062	0.078	0.075	0.118	0.12	0.177
2020-07-14T21:40:05Z	0.062	0.078	0.075	0.118	0.12	0.177
2020-07-14T22:00:05Z	0.062	0.078	0.075	0.118	0.12	0.177
2020-07-14T22:20:05Z	0.063	0.078	0.075	0.118	0.12	0.176
2020-07-14T22:40:05Z	0.062	0.077	0.075	0.118	0.12	0.176
2020-07-14T23:00:05Z	0.062	0.077	0.075	0.118	0.12	0.176
2020-07-14T23:20:05Z	0.062	0.077	0.075	0.118	0.119	0.176
2020-07-14T23:40:05Z	0.061	0.077	0.075	0.118	0.119	0.176
2020-07-15T00:00:05Z	0.061	0.077	0.075	0.118	0.119	0.176
2020-07-15T00:20:05Z	0.062	0.077	0.075	0.118	0.119	0.176
2020-07-15T00:40:05Z	0.062	0.077	0.075	0.118	0.119	0.176
2020-07-15T01:00:05Z	0.061	0.077	0.075	0.118	0.119	0.176
2020-07-15T01:20:05Z	0.061	0.077	0.075	0.118	0.119	0.176
2020-07-15T01:40:05Z	0.061	0.077	0.075	0.118	0.119	0.176
2020-07-15T02:00:05Z	0.061	0.077	0.075	0.117	0.119	0.176
2020-07-15T02:20:05Z	0.061	0.077	0.075	0.117	0.119	0.176
2020-07-15T02:40:05Z	0.061	0.077	0.075	0.117	0.119	0.176
2020-07-15T03:00:05Z	0.061	0.077	0.075	0.117	0.119	0.176
2020-07-15T03:20:05Z	0.061	0.077	0.075	0.117	0.119	0.176
2020-07-15T03:40:05Z	0.061	0.077	0.075	0.117	0.119	0.176
2020-07-15T04:00:05Z	0.061	0.077	0.075	0.117	0.119	0.176
2020-07-15T04:20:05Z	0.061	0.077	0.075	0.117	0.119	0.176
2020-07-15T04:40:05Z	0.061	0.077	0.075	0.117	0.119	0.176
2020-07-15T05:00:05Z	0.062	0.077	0.075	0.117	0.119	0.176
2020-07-15T05:20:05Z	0.061	0.077	0.075	0.117	0.119	0.176
2020-07-15T05:40:05Z	0.061	0.077	0.075	0.117	0.119	0.176
2020-07-15T06:00:05Z	0.061	0.077	0.075	0.117	0.119	0.176
2020-07-15T06:20:05Z	0.061	0.077	0.075	0.117	0.119	0.176
2020-07-15T06:40:05Z	0.062	0.077	0.075	0.117	0.119	0.176
2020-07-15T07:00:05Z	0.063	0.077	0.075	0.117	0.119	0.176
2020-07-15T07:20:05Z	0.063	0.077	0.075	0.118	0.119	0.176
2020-07-15T07:40:05Z	0.064	0.077	0.075	0.118	0.119	0.177
2020-07-15T08:00:05Z	0.064	0.077	0.075	0.118	0.119	0.177
2020-07-15T08:20:05Z	0.064	0.077	0.075	0.118	0.119	0.177
2020-07-15T08:40:05Z	0.069	0.077	0.075	0.117	0.119	0.177
2020-07-15T09:00:05Z	0.069	0.077	0.075	0.118	0.119	0.177
2020-07-15T09:20:05Z	0.07	0.077	0.075	0.118	0.119	0.177
2020-07-15T09:40:05Z	0.07	0.077	0.075	0.118	0.12	0.177
2020-07-15T10:00:05Z	0.07	0.077	0.075	0.118	0.12	0.177
2020-07-15T10:20:05Z	0.071	0.077	0.075	0.118	0.119	0.177
2020-07-15T10:40:05Z	0.071	0.077	0.075	0.118	0.119	0.177
2020-07-15T11:00:05Z	0.072	0.077	0.075	0.118	0.12	0.177
2020-07-15T11:20:05Z	0.074	0.078	0.077	0.118	0.12	0.177
2020-07-15T11:40:05Z	0.074	0.078	0.077	0.117	0.119	0.177
2020-07-15T12:00:05Z	0.074	0.078	0.077	0.117	0.119	0.177
2020-07-15T12:20:05Z	0.074	0.078	0.077	0.117	0.119	0.177
2020-07-15T12:40:05Z	0.074	0.078	0.077	0.118	0.119	0.177
2020-07-15T13:00:05Z	0.074	0.078	0.077	0.118	0.119	0.177
2020-07-15T13:20:05Z	0.076	0.078	0.077	0.118	0.119	0.177
2020-07-15T13:40:05Z	0.078	0.078	0.077	0.118	0.119	0.177
2020-07-15T14:00:05Z	0.079	0.078	0.077	0.118	0.119	0.177
2020-07-15T14:20:05Z	0.081	0.078	0.077	0.118	0.119	0.177
2020-07-15T14:40:05Z	0.082	0.078	0.077	0.118	0.119	0.177
2020-07-15T15:00:05Z	0.083	0.078	0.077	0.118	0.12	0.177
2020-07-15T15:20:05Z	0.083	0.078	0.077	0.118	0.12	0.177
2020-07-15T15:40:05Z	0.084	0.078	0.077	0.118	0.12	0.177
2020-07-15T16:00:05Z	0.085	0.078	0.077	0.118	0.12	0.177
2020-07-15T16:20:05Z	0.086	0.078	0.078	0.118	0.12	0.177
2020-07-15T16:40:05Z	0.086	0.078	0.077	0.118	0.12	0.177
2020-07-15T17:00:05Z	0.086	0.078	0.077	0.118	0.12	0.177
2020-07-15T17:20:05Z	0.086	0.078	0.077	0.118	0.12	0.177
2020-07-15T17:40:05Z	0.087	0.078	0.077	0.118	0.12	0.177
2020-07-15T18:00:05Z	0.087	0.078	0.077	0.118	0.12	0.177
2020-07-15T18:20:05Z	0.088	0.078	0.077	0.118	0.12	0.177
2020-07-15T18:40:05Z	0.088	0.078	0.077	0.118	0.12	0.177
2020-07-15T19:00:05Z	0.088	0.078	0.077	0.117	0.119	0.177
2020-07-15T19:20:05Z	0.088	0.078	0.077	0.117	0.119	0.177
2020-07-15T19:40:05Z	0.088	0.078	0.077	0.117	0.119	0.176
2020-07-15T20:00:05Z	0.089	0.078	0.077	0.117	0.119	0.176
2020-07-15T20:20:05Z	0.089	0.078	0.077	0.117	0.119	0.176
2020-07-15T20:40:05Z	0.089	0.078	0.077	0.117	0.119	0.176
2020-07-15T21:00:05Z	0.089	0.078	0.077	0.117	0.119	0.176
2020-07-15T21:20:05Z	0.089	0.078	0.077	0.117	0.119	0.176
2020-07-15T21:40:05Z	0.089	0.078	0.077	0.117	0.119	0.176
2020-07-15T22:00:05Z	0.089	0.078	0.077	0.117	0.119	0.176
2020-07-15T22:20:05Z	0.089	0.078	0.077	0.117	0.119	0.176
2020-07-15T22:40:05Z	0.09	0.078	0.077	0.117	0.119	0.176
2020-07-15T23:00:05Z	0.09	0.078	0.077	0.117	0.119	0.176
2020-07-15T23:20:05Z	0.09	0.078	0.077	0.117	0.119	0.176
2020-07-15T23:40:05Z	0.09	0.078	0.077	0.117	0.119	0.176
2020-07-16T00:00:05Z	0.09	0.078	0.077	0.117	0.119	0.176
2020-07-16T00:20:05Z	0.09	0.078	0.077	0.117	0.119	0.176
2020-07-16T00:40:05Z	0.09	0.078	0.077	0.117	0.119	0.176
2020-07-16T01:00:05Z	0.09	0.078	0.077	0.117	0.119	0.176
2020-07-16T01:20:05Z	0.09	0.078	0.077	0.117	0.119	0.176
2020-07-16T01:40:05Z	0.09	0.078	0.077	0.117	0.119	0.176
2020-07-16T02:00:05Z	0.09	0.078	0.077	0.117	0.119	0.176
2020-07-16T02:20:05Z	0.09	0.078	0.077	0.117	0.119	0.176
2020-07-16T02:40:05Z	0.09	0.078	0.077	0.117	0.119	0.176
2020-07-16T03:00:05Z	0.091	0.078	0.077	0.117	0.119	0.176
2020-07-16T03:20:05Z	0.091	0.078	0.077	0.117	0.119	0.176
2020-07-16T03:40:05Z	0.091	0.079	0.079	0.118	0.119	0.176
2020-07-16T04:00:05Z	0.091	0.079	0.079	0.118	0.119	0.176
2020-07-16T04:20:05Z	0.091	0.079	0.079	0.118	0.119	0.176
2020-07-16T04:40:05Z	0.091	0.079	0.079	0.118	0.119	0.177
2020-07-16T05:00:05Z	0.091	0.079	0.079	0.118	0.119	0.177
2020-07-16T05:20:05Z	0.091	0.079	0.079	0.118	0.119	0.177
2020-07-16T05:40:05Z	0.091	0.079	0.079	0.118	0.119	0.177
2020-07-16T06:00:05Z	0.091	0.079	0.079	0.118	0.119	0.177
2020-07-16T06:20:05Z	0.091	0.079	0.079	0.118	0.119	0.177
2020-07-16T06:40:05Z	0.091	0.079	0.079	0.118	0.12	0.177
2020-07-16T07:00:05Z	0.092	0.079	0.079	0.118	0.12	0.177
2020-07-16T07:20:05Z	0.092	0.079	0.079	0.118	0.12	0.177
2020-07-16T07:40:05Z	0.092	0.08	0.079	0.118	0.12	0.177
2020-07-16T08:00:05Z	0.092	0.08	0.079	0.118	0.12	0.177
2020-07-16T08:20:05Z	0.092	0.08	0.079	0.118	0.12	0.177
2020-07-16T08:40:05Z	0.092	0.08	0.079	0.118	0.12	0.177
2020-07-16T09:00:05Z	0.092	0.08	0.079	0.118	0.12	0.177
2020-07-16T09:20:05Z	0.092	0.08	0.079	0.118	0.12	0.177
2020-07-16T09:40:05Z	0.092	0.08	0.079	0.118	0.12	0.177
2020-07-16T10:00:05Z	0.092	0.08	0.08	0.118	0.12	0.177
2020-07-16T10:20:05Z	0.092	0.081	0.08	0.118	0.12	0.177
2020-07-16T10:40:05Z	0.092	0.08	0.079	0.118	0.12	0.177
2020-07-16T11:00:05Z	0.091	0.08	0.079	0.118	0.12	0.177
2020-07-16T11:20:05Z	0.091	0.08	0.079	0.118	0.12	0.177
2020-07-16T11:40:05Z	0.091	0.081	0.08	0.118	0.12	0.177
2020-07-16T12:00:05Z	0.091	0.081	0.08	0.118	0.12	0.177
2020-07-16T12:20:05Z	0.091	0.081	0.08	0.118	0.12	0.177
2020-07-16T12:40:05Z	0.09	0.081	0.08	0.118	0.12	0.177
2020-07-16T13:00:05Z	0.09	0.081	0.08	0.118	0.12	0.177
2020-07-16T13:20:05Z	0.09	0.081	0.08	0.118	0.12	0.177
2020-07-16T13:40:05Z	0.09	0.081	0.08	0.118	0.12	0.177
2020-07-16T14:00:05Z	0.09	0.081	0.08	0.118	0.12	0.177
2020-07-16T14:20:05Z	0.089	0.081	0.08	0.118	0.12	0.177
2020-07-16T14:40:05Z	0.089	0.081	0.08	0.118	0.12	0.177
2020-07-16T15:00:05Z	0.088	0.081	0.08	0.118	0.12	0.177
2020-07-16T15:20:05Z	0.088	0.081	0.08	0.118	0.12	0.177
2020-07-16T15:40:05Z	0.088	0.081	0.08	0.118	0.12	0.177
2020-07-16T16:00:05Z	0.088	0.081	0.08	0.118	0.12	0.177
2020-07-16T16:20:05Z	0.087	0.081	0.08	0.118	0.12	0.177
2020-07-16T16:40:05Z	0.087	0.081	0.08	0.118	0.12	0.177
2020-07-16T17:00:05Z	0.087	0.081	0.08	0.118	0.12	0.177
2020-07-16T17:20:05Z	0.086	0.081	0.08	0.118	0.12	0.177
2020-07-16T17:40:05Z	0.086	0.081	0.08	0.118	0.12	0.177
2020-07-16T18:00:05Z	0.086	0.081	0.08	0.118	0.12	0.177
2020-07-16T18:20:05Z	0.086	0.08	0.08	0.118	0.12	0.177
2020-07-16T18:40:05Z	0.086	0.08	0.08	0.118	0.12	0.177
2020-07-16T19:00:05Z	0.086	0.08	0.08	0.118	0.12	0.177
2020-07-16T19:20:05Z	0.085	0.08	0.08	0.118	0.12	0.177
2020-07-16T19:40:05Z	0.085	0.08	0.08	0.118	0.12	0.176
2020-07-16T20:00:05Z	0.085	0.082	0.08	0.119	0.12	0.176
2020-07-16T20:20:05Z	0.085	0.082	0.08	0.118	0.119	0.176
2020-07-16T20:40:05Z	0.085	0.082	0.081	0.118	0.119	0.176
2020-07-16T21:00:05Z	0.085	0.082	0.081	0.118	0.119	0.176
2020-07-16T21:20:05Z	0.084	0.082	0.081	0.118	0.119	0.176
2020-07-16T21:40:05Z	0.084	0.081	0.081	0.118	0.119	0.176
2020-07-16T22:00:05Z	0.084	0.081	0.08	0.118	0.119	0.176
2020-07-16T22:20:05Z	0.084	0.081	0.08	0.118	0.119	0.176
2020-07-16T22:40:05Z	0.084	0.081	0.08	0.118	0.119	0.176
2020-07-16T23:00:05Z	0.084	0.081	0.08	0.118	0.119	0.176
2020-07-16T23:20:05Z	0.084	0.081	0.08	0.118	0.119	0.176
2020-07-16T23:40:05Z	0.088	0.08	0.082	0.118	0.119	0.176
2020-07-17T00:00:05Z	0.09	0.08	0.082	0.118	0.12	0.176
2020-07-17T00:20:05Z	0.09	0.08	0.081	0.119	0.12	0.176
2020-07-17T00:40:05Z	0.09	0.08	0.081	0.118	0.12	0.176
2020-07-17T01:00:05Z	0.09	0.08	0.081	0.118	0.12	0.176
2020-07-17T01:20:05Z	0.09	0.08	0.081	0.118	0.12	0.176
2020-07-17T01:40:05Z	0.09	0.08	0.081	0.118	0.12	0.176
2020-07-17T02:00:05Z	0.09	0.08	0.081	0.118	0.12	0.176
2020-07-17T02:20:05Z	0.09	0.08	0.081	0.118	0.12	0.176
2020-07-17T02:40:05Z	0.09	0.08	0.081	0.118	0.12	0.176
2020-07-17T03:00:05Z	0.09	0.08	0.081	0.118	0.12	0.176
2020-07-17T03:20:05Z	0.09	0.08	0.081	0.118	0.12	0.176
2020-07-17T03:40:05Z	0.09	0.08	0.081	0.118	0.12	0.176
2020-07-17T04:00:05Z	0.09	0.08	0.081	0.118	0.12	0.176
2020-07-17T04:20:05Z	0.09	0.08	0.081	0.118	0.12	0.176
2020-07-17T04:40:05Z	0.09	0.08	0.081	0.118	0.12	0.176
2020-07-17T05:00:05Z	0.083	0.089	0.082	0.118	0.12	0.176
2020-07-17T05:20:05Z	0.083	0.089	0.082	0.118	0.12	0.188
2020-07-17T05:40:05Z	0.083	0.089	0.082	0.118	0.12	0.187
2020-07-17T06:00:05Z	0.084	0.08	0.083	0.118	0.12	0.187
2020-07-17T06:20:05Z	0.084	0.08	0.083	0.118	0.12	0.185
2020-07-17T06:40:05Z	0.084	0.08	0.083	0.118	0.121	0.185
2020-07-17T07:00:05Z	0.084	0.08	0.083	0.118	0.121	0.185
2020-07-17T07:20:05Z	0.084	0.08	0.083	0.119	0.121	0.185
2020-07-17T07:40:05Z	0.084	0.081	0.083	0.119	0.121	0.186
2020-07-17T08:00:05Z	0.084	0.081	0.083	0.118	0.121	0.185
2020-07-17T08:20:05Z	0.084	0.08	0.082	0.118	0.121	0.185
2020-07-17T08:40:05Z	0.083	0.081	0.082	0.119	0.121	0.186
2020-07-17T09:00:05Z	0.083	0.081	0.082	0.118	0.121	0.185
2020-07-17T09:20:05Z	0.083	0.081	0.082	0.118	0.121	0.185
2020-07-17T09:40:05Z	0.083	0.08	0.082	0.118	0.121	0.185
2020-07-17T10:00:05Z	0.082	0.08	0.082	0.118	0.12	0.185
2020-07-17T10:20:05Z	0.084	0.08	0.082	0.118	0.12	0.185
2020-07-17T10:40:05Z	0.088	0.08	0.082	0.118	0.12	0.185
2020-07-17T11:00:05Z	0.086	0.081	0.082	0.118	0.12	0.185
2020-07-17T11:20:05Z	0.086	0.081	0.082	0.118	0.121	0.185
2020-07-17T11:40:05Z	0.086	0.081	0.082	0.119	0.121	0.185
2020-07-17T12:00:05Z	0.086	0.081	0.082	0.119	0.121	0.185
2020-07-17T12:20:05Z	0.086	0.081	0.082	0.119	0.121	0.185
2020-07-17T12:40:05Z	0.086	0.081	0.083	0.119	0.121	0.186
2020-07-17T13:00:05Z	0.086	0.081	0.083	0.119	0.121	0.186
2020-07-17T13:20:05Z	0.086	0.081	0.083	0.119	0.121	0.186
2020-07-17T13:40:05Z	0.085	0.081	0.083	0.119	0.121	0.185
2020-07-17T14:00:05Z	0.085	0.081	0.083	0.119	0.121	0.186
2020-07-17T14:20:05Z	0.085	0.081	0.083	0.119	0.121	0.185
2020-07-17T14:40:05Z	0.084	0.081	0.082	0.118	0.121	0.185
2020-07-17T15:00:05Z	0.084	0.081	0.082	0.118	0.121	0.185
2020-07-17T15:20:05Z	0.084	0.081	0.082	0.118	0.121	0.185
2020-07-17T15:40:05Z	0.084	0.081	0.083	0.118	0.121	0.185
2020-07-17T16:00:05Z	0.084	0.081	0.082	0.119	0.121	0.185
2020-07-17T16:20:05Z	0.084	0.081	0.082	0.118	0.121	0.185
2020-07-17T16:40:05Z	0.084	0.081	0.082	0.118	0.121	0.185
2020-07-17T17:00:05Z	0.084	0.081	0.083	0.119	0.121	0.185
2020-07-17T17:20:05Z	0.084	0.081	0.083	0.119	0.121	0.185
2020-07-17T17:40:05Z	0.083	0.081	0.083	0.119	0.121	0.185
2020-07-17T18:00:05Z	0.083	0.081	0.083	0.119	0.121	0.185
2020-07-17T18:20:05Z	0.083	0.081	0.083	0.119	0.121	0.185
2020-07-17T18:40:05Z	0.083	0.081	0.083	0.119	0.121	0.185
2020-07-17T19:00:05Z	0.082	0.081	0.083	0.119	0.121	0.185
2020-07-17T19:20:05Z	0.082	0.081	0.083	0.119	0.12	0.185
2020-07-17T19:40:05Z	0.082	0.081	0.082	0.118	0.12	0.185
2020-07-17T20:00:05Z	0.082	0.081	0.082	0.118	0.12	0.185
2020-07-17T20:20:05Z	0.082	0.081	0.082	0.118	0.12	0.185
2020-07-17T20:40:05Z	0.082	0.081	0.082	0.118	0.12	0.185
2020-07-17T21:00:05Z	0.082	0.081	0.082	0.118	0.12	0.185
2020-07-17T21:20:05Z	0.082	0.081	0.082	0.118	0.12	0.185
2020-07-17T21:40:05Z	0.082	0.081	0.082	0.118	0.12	0.185
2020-07-17T22:00:05Z	0.082	0.081	0.082	0.118	0.12	0.185
2020-07-17T22:20:05Z	0.081	0.081	0.082	0.118	0.12	0.185
2020-07-17T22:40:05Z	0.081	0.081	0.082	0.118	0.12	0.185
2020-07-17T23:00:05Z	0.081	0.081	0.082	0.118	0.12	0.185
2020-07-17T23:20:05Z	0.081	0.081	0.082	0.118	0.12	0.185
2020-07-17T23:40:05Z	0.081	0.081	0.082	0.118	0.12	0.185
2020-07-18T00:00:05Z	0.081	0.081	0.082	0.118	0.12	0.185
2020-07-18T00:20:05Z	0.081	0.081	0.082	0.118	0.12	0.185
2020-07-18T00:40:05Z	0.081	0.081	0.082	0.118	0.12	0.185
2020-07-18T01:00:05Z	0.081	0.081	0.082	0.118	0.12	0.185
2020-07-18T01:20:05Z	0.081	0.081	0.082	0.118	0.12	0.185
2020-07-18T01:40:05Z	0.081	0.081	0.082	0.118	0.12	0.185
2020-07-18T02:00:05Z	0.081	0.081	0.082	0.118	0.12	0.185
2020-07-18T02:20:05Z	0.081	0.081	0.082	0.118	0.12	0.185
2020-07-18T02:40:05Z	0.089	0.081	0.082	0.118	0.12	0.185
2020-07-18T03:00:05Z	0.089	0.081	0.082	0.118	0.12	0.185
2020-07-18T03:20:05Z	0.089	0.081	0.082	0.118	0.12	0.185
2020-07-18T03:40:05Z	0.089	0.081	0.082	0.118	0.12	0.185
2020-07-18T04:00:05Z	0.089	0.081	0.082	0.118	0.12	0.185
2020-07-18T04:20:05Z	0.089	0.081	0.082	0.118	0.12	0.185
2020-07-18T04:40:05Z	0.089	0.081	0.082	0.118	0.12	0.185
2020-07-18T05:00:05Z	0.089	0.081	0.083	0.118	0.12	0.185
2020-07-18T05:20:05Z	0.089	0.081	0.083	0.118	0.12	0.185
2020-07-18T05:40:05Z	0.089	0.081	0.083	0.119	0.121	0.185
2020-07-18T06:00:05Z	0.09	0.081	0.083	0.119	0.121	0.185
2020-07-18T06:20:05Z	0.09	0.081	0.083	0.119	0.121	0.185
2020-07-18T06:40:05Z	0.09	0.081	0.083	0.119	0.121	0.185
2020-07-18T07:00:05Z	0.09	0.081	0.083	0.119	0.121	0.185
2020-07-18T07:20:05Z	0.09	0.081	0.083	0.119	0.121	0.185
2020-07-18T07:40:05Z	0.09	0.082	0.083	0.119	0.121	0.186
2020-07-18T08:00:05Z	0.09	0.082	0.083	0.119	0.121	0.186
2020-07-18T08:20:05Z	0.09	0.082	0.084	0.119	0.121	0.186
2020-07-18T08:40:05Z	0.09	0.082	0.084	0.119	0.121	0.186
2020-07-18T09:00:05Z	0.09	0.082	0.084	0.119	0.121	0.186
2020-07-18T09:20:05Z	0.089	0.082	0.084	0.119	0.121	0.186
2020-07-18T09:40:05Z	0.089	0.082	0.084	0.119	0.121	0.186
2020-07-18T10:00:05Z	0.089	0.082	0.084	0.119	0.121	0.186
2020-07-18T10:20:05Z	0.089	0.082	0.084	0.119	0.121	0.186
2020-07-18T10:40:05Z	0.089	0.082	0.084	0.119	0.121	0.186
2020-07-18T11:00:05Z	0.089	0.082	0.084	0.119	0.121	0.186
2020-07-18T11:20:05Z	0.089	0.082	0.084	0.119	0.121	0.186
2020-07-18T11:40:05Z	0.088	0.082	0.084	0.119	0.121	0.186
2020-07-18T12:00:05Z	0.088	0.082	0.084	0.119	0.121	0.186
2020-07-18T12:20:05Z	0.088	0.082	0.084	0.119	0.121	0.186
2020-07-18T12:40:05Z	0.088	0.083	0.084	0.119	0.121	0.186
2020-07-18T13:00:05Z	0.087	0.083	0.084	0.119	0.121	0.186
2020-07-18T13:20:05Z	0.087	0.083	0.084	0.119	0.121	0.186
2020-07-18T13:40:05Z	0.087	0.083	0.084	0.119	0.121	0.186
2020-07-18T14:00:05Z	0.088	0.083	0.084	0.119	0.121	0.186
2020-07-18T14:20:05Z	0.087	0.083	0.084	0.119	0.121	0.186
2020-07-18T14:40:05Z	0.087	0.083	0.084	0.119	0.121	0.186
2020-07-18T15:00:05Z	0.086	0.083	0.084	0.119	0.121	0.186
2020-07-18T15:20:05Z	0.086	0.083	0.084	0.119	0.121	0.186
2020-07-18T15:40:05Z	0.086	0.083	0.084	0.119	0.121	0.186
2020-07-18T16:00:05Z	0.086	0.083	0.084	0.119	0.121	0.186
2020-07-18T16:20:05Z	0.086	0.083	0.084	0.119	0.121	0.186
2020-07-18T16:40:05Z	0.086	0.083	0.084	0.119	0.121	0.186
2020-07-18T17:00:05Z	0.086	0.083	0.084	0.119	0.121	0.186
2020-07-18T17:20:05Z	0.086	0.083	0.084	0.119	0.121	0.186
2020-07-18T17:40:05Z	0.086	0.083	0.084	0.119	0.121	0.186
2020-07-18T18:00:05Z	0.085	0.083	0.084	0.119	0.121	0.186
2020-07-18T18:20:05Z	0.085	0.082	0.084	0.119	0.121	0.186
2020-07-18T18:40:05Z	0.085	0.082	0.084	0.119	0.121	0.185
2020-07-18T19:00:05Z	0.084	0.082	0.084	0.119	0.121	0.185
2020-07-18T19:20:05Z	0.084	0.082	0.084	0.119	0.121	0.185
2020-07-18T19:40:05Z	0.084	0.082	0.084	0.119	0.121	0.185
2020-07-18T20:00:05Z	0.084	0.082	0.084	0.119	0.121	0.185
2020-07-18T20:20:05Z	0.084	0.082	0.084	0.119	0.121	0.185
2020-07-18T20:40:05Z	0.083	0.082	0.084	0.119	0.121	0.185
2020-07-18T21:00:05Z	0.084	0.082	0.084	0.119	0.12	0.185
2020-07-18T21:20:05Z	0.084	0.082	0.084	0.119	0.12	0.185
2020-07-18T21:40:05Z	0.084	0.082	0.084	0.119	0.12	0.185
2020-07-18T22:00:05Z	0.083	0.082	0.084	0.119	0.12	0.185
2020-07-18T22:20:05Z	0.083	0.082	0.084	0.119	0.12	0.185
2020-07-18T22:40:05Z	0.082	0.082	0.084	0.119	0.12	0.185
2020-07-18T23:00:05Z	0.082	0.082	0.084	0.119	0.12	0.185
2020-07-18T23:20:05Z	0.083	0.082	0.084	0.119	0.12	0.185
2020-07-18T23:40:05Z	0.083	0.082	0.084	0.119	0.12	0.185
2020-07-19T00:00:05Z	0.082	0.082	0.084	0.119	0.12	0.185
2020-07-19T00:20:05Z	0.082	0.081	0.084	0.119	0.12	0.185
2020-07-19T00:40:05Z	0.082	0.081	0.084	0.119	0.12	0.185
2020-07-19T01:00:05Z	0.082	0.081	0.084	0.119	0.12	0.185
2020-07-19T01:20:05Z	0.081	0.081	0.084	0.119	0.12	0.185
2020-07-19T01:40:05Z	0.082	0.081	0.084	0.119	0.12	0.185
2020-07-19T02:00:05Z	0.082	0.081	0.084	0.119	0.12	0.185
2020-07-19T02:20:05Z	0.081	0.081	0.084	0.119	0.12	0.185
2020-07-19T02:40:05Z	0.081	0.081	0.084	0.119	0.12	0.185
2020-07-19T03:00:05Z	0.081	0.081	0.084	0.119	0.12	0.185
2020-07-19T03:20:05Z	0.081	0.081	0.084	0.119	0.12	0.185
2020-07-19T03:40:05Z	0.081	0.081	0.084	0.119	0.12	0.185
2020-07-19T04:00:05Z	0.081	0.081	0.084	0.119	0.12	0.185
2020-07-19T04:20:05Z	0.081	0.081	0.084	0.119	0.12	0.185
2020-07-19T04:40:05Z	0.082	0.081	0.084	0.119	0.12	0.185
2020-07-19T05:00:05Z	0.082	0.081	0.084	0.119	0.121	0.185
2020-07-19T05:20:05Z	0.082	0.081	0.084	0.119	0.121	0.185
2020-07-19T05:40:05Z	0.082	0.081	0.084	0.119	0.121	0.185
2020-07-19T06:00:05Z	0.082	0.082	0.084	0.119	0.121	0.185
2020-07-19T06:20:05Z	0.082	0.082	0.084	0.119	0.121	0.185
2020-07-19T06:40:05Z	0.082	0.082	0.084	0.119	0.121	0.185
2020-07-19T07:00:05Z	0.082	0.082	0.084	0.119	0.121	0.185
2020-07-19T07:20:05Z	0.083	0.082	0.084	0.119	0.121	0.186
2020-07-19T07:40:05Z	0.083	0.082	0.084	0.119	0.121	0.186
2020-07-19T08:00:05Z	0.082	0.082	0.084	0.119	0.121	0.186
2020-07-19T08:20:05Z	0.082	0.082	0.084	0.119	0.121	0.186
2020-07-19T08:40:05Z	0.083	0.082	0.084	0.12	0.121	0.186
2020-07-19T09:00:05Z	0.083	0.082	0.084	0.12	0.121	0.186
2020-07-19T09:20:05Z	0.083	0.082	0.084	0.12	0.121	0.186
2020-07-19T09:40:05Z	0.084	0.082	0.084	0.12	0.121	0.186
2020-07-19T10:00:05Z	0.084	0.082	0.084	0.12	0.121	0.186
2020-07-19T10:20:05Z	0.085	0.082	0.084	0.12	0.121	0.186
2020-07-19T10:40:05Z	0.085	0.082	0.084	0.12	0.121	0.186
2020-07-19T11:00:05Z	0.084	0.083	0.084	0.12	0.122	0.186
2020-07-19T11:20:05Z	0.084	0.083	0.084	0.12	0.121	0.186
2020-07-19T11:40:05Z	0.084	0.083	0.084	0.12	0.122	0.186
2020-07-19T12:00:05Z	0.083	0.083	0.084	0.12	0.121	0.186
2020-07-19T12:20:05Z	0.084	0.083	0.084	0.12	0.121	0.186
2020-07-19T12:40:05Z	0.084	0.083	0.084	0.12	0.121	0.186
2020-07-19T13:00:05Z	0.084	0.083	0.084	0.12	0.122	0.186
2020-07-19T13:20:05Z	0.084	0.083	0.084	0.12	0.122	0.186
2020-07-19T13:40:05Z	0.083	0.083	0.084	0.12	0.122	0.186
2020-07-19T14:00:05Z	0.083	0.083	0.084	0.12	0.122	0.186
2020-07-19T14:20:05Z	0.083	0.083	0.084	0.12	0.122	0.186
2020-07-19T14:40:05Z	0.083	0.083	0.084	0.12	0.121	0.186
2020-07-19T15:00:05Z	0.083	0.083	0.084	0.12	0.121	0.186
2020-07-19T15:20:05Z	0.083	0.083	0.084	0.12	0.121	0.186
2020-07-19T15:40:05Z	0.082	0.083	0.084	0.12	0.121	0.186
2020-07-19T16:00:05Z	0.083	0.083	0.084	0.12	0.121	0.186
2020-07-19T16:20:05Z	0.083	0.083	0.084	0.12	0.121	0.186
2020-07-19T16:40:05Z	0.082	0.083	0.084	0.12	0.121	0.186
2020-07-19T17:00:05Z	0.083	0.083	0.084	0.12	0.121	0.186
2020-07-19T17:20:05Z	0.082	0.082	0.084	0.12	0.121	0.185
2020-07-19T17:40:05Z	0.082	0.082	0.084	0.12	0.121	0.185
2020-07-19T18:00:05Z	0.082	0.082	0.084	0.12	0.121	0.185
2020-07-19T18:20:05Z	0.083	0.082	0.084	0.12	0.121	0.185
2020-07-19T18:40:05Z	0.081	0.082	0.084	0.119	0.121	0.185
2020-07-19T19:00:05Z	0.081	0.082	0.084	0.119	0.121	0.185
2020-07-19T19:20:05Z	0.082	0.082	0.084	0.119	0.121	0.185
2020-07-19T19:40:05Z	0.082	0.082	0.084	0.119	0.121	0.185
2020-07-19T20:00:05Z	0.082	0.082	0.084	0.119	0.121	0.185
2020-07-19T20:20:05Z	0.082	0.082	0.084	0.119	0.121	0.185
2020-07-19T20:40:05Z	0.082	0.082	0.084	0.119	0.121	0.185
2020-07-19T21:00:05Z	0.081	0.082	0.084	0.119	0.121	0.185
2020-07-19T21:20:05Z	0.082	0.082	0.084	0.119	0.121	0.185
2020-07-19T21:40:05Z	0.081	0.082	0.084	0.119	0.121	0.185
2020-07-19T22:00:05Z	0.081	0.082	0.084	0.119	0.121	0.185
2020-07-19T22:20:05Z	0.081	0.081	0.084	0.119	0.121	0.185
2020-07-19T22:40:05Z	0.08	0.081	0.084	0.119	0.121	0.185
2020-07-19T23:00:05Z	0.08	0.081	0.084	0.119	0.121	0.185
2020-07-19T23:20:05Z	0.079	0.081	0.084	0.119	0.121	0.185
2020-07-19T23:40:05Z	0.079	0.081	0.084	0.119	0.121	0.185
2020-07-20T00:00:05Z	0.08	0.081	0.084	0.119	0.121	0.185
2020-07-20T00:20:05Z	0.08	0.081	0.084	0.119	0.121	0.185
2020-07-20T00:40:05Z	0.08	0.081	0.084	0.119	0.121	0.185
2020-07-20T01:00:05Z	0.08	0.081	0.084	0.119	0.121	0.185
2020-07-20T01:20:05Z	0.08	0.081	0.084	0.119	0.121	0.185
2020-07-20T01:40:05Z	0.08	0.081	0.084	0.119	0.121	0.185
2020-07-20T02:00:05Z	0.08	0.081	0.084	0.119	0.121	0.185
2020-07-20T02:20:05Z	0.079	0.081	0.084	0.119	0.121	0.185
2020-07-20T02:40:05Z	0.08	0.081	0.084	0.119	0.121	0.185
2020-07-20T03:00:05Z	0.08	0.081	0.083	0.119	0.121	0.185
2020-07-20T03:20:05Z	0.08	0.081	0.083	0.119	0.121	0.185
2020-07-20T03:40:05Z	0.08	0.081	0.083	0.119	0.121	0.185
2020-07-20T04:00:05Z	0.081	0.081	0.083	0.119	0.121	0.185
2020-07-20T04:20:05Z	0.08	0.081	0.083	0.119	0.121	0.185
2020-07-20T04:40:05Z	0.081	0.081	0.084	0.119	0.121	0.185
2020-07-20T05:00:05Z	0.08	0.081	0.084	0.119	0.121	0.185
2020-07-20T05:20:05Z	0.081	0.081	0.084	0.119	0.121	0.185
2020-07-20T05:40:05Z	0.08	0.081	0.084	0.119	0.121	0.185
2020-07-20T06:00:05Z	0.079	0.081	0.084	0.119	0.121	0.185
2020-07-20T06:20:05Z	0.08	0.081	0.084	0.119	0.121	0.185
2020-07-20T06:40:05Z	0.08	0.081	0.084	0.119	0.121	0.185
2020-07-20T07:00:05Z	0.08	0.081	0.084	0.119	0.121	0.185
2020-07-20T07:20:05Z	0.08	0.081	0.084	0.119	0.121	0.185
2020-07-20T07:40:05Z	0.08	0.081	0.084	0.119	0.121	0.185
2020-07-20T08:00:05Z	0.082	0.081	0.084	0.119	0.121	0.185
2020-07-20T08:20:05Z	0.081	0.081	0.084	0.119	0.121	0.185
2020-07-20T08:40:05Z	0.082	0.081	0.084	0.119	0.121	0.185
2020-07-20T09:00:05Z	0.083	0.081	0.084	0.119	0.121	0.185
2020-07-20T09:20:05Z	0.083	0.081	0.084	0.119	0.121	0.185
2020-07-20T09:40:05Z	0.083	0.081	0.084	0.119	0.121	0.185
2020-07-20T10:00:05Z	0.083	0.081	0.084	0.119	0.121	0.185
2020-07-20T10:20:05Z	0.084	0.081	0.084	0.119	0.121	0.185
2020-07-20T10:40:05Z	0.084	0.081	0.084	0.119	0.122	0.186
2020-07-20T11:00:05Z	0.084	0.081	0.084	0.12	0.121	0.186
2020-07-20T11:20:05Z	0.083	0.081	0.084	0.119	0.121	0.185
2020-07-20T11:40:05Z	0.083	0.081	0.083	0.119	0.121	0.185
2020-07-20T12:00:05Z	0.083	0.081	0.083	0.119	0.121	0.185
2020-07-20T12:20:05Z	0.083	0.081	0.084	0.119	0.121	0.185
2020-07-20T12:40:05Z	0.08	0.081	0.083	0.119	0.121	0.185
2020-07-20T13:00:05Z	0.081	0.081	0.083	0.119	0.121	0.185
2020-07-20T13:20:05Z	0.081	0.081	0.083	0.119	0.121	0.185
2020-07-20T13:40:05Z	0.08	0.081	0.083	0.119	0.121	0.185
2020-07-20T14:00:05Z	0.081	0.081	0.083	0.119	0.121	0.185
2020-07-20T14:20:05Z	0.082	0.081	0.083	0.119	0.121	0.185
2020-07-20T14:40:05Z	0.083	0.081	0.084	0.119	0.121	0.185
2020-07-20T15:00:05Z	0.082	0.081	0.084	0.119	0.121	0.185
2020-07-20T15:20:05Z	0.082	0.081	0.084	0.119	0.121	0.185
2020-07-20T15:40:05Z	0.082	0.081	0.083	0.119	0.121	0.185
2020-07-20T16:00:05Z	0.082	0.081	0.084	0.119	0.121	0.185
2020-07-20T16:20:05Z	0.082	0.081	0.084	0.119	0.121	0.185
2020-07-20T16:40:05Z	0.081	0.081	0.084	0.119	0.121	0.185
2020-07-20T17:00:05Z	0.081	0.081	0.084	0.119	0.121	0.185
2020-07-20T17:20:05Z	0.081	0.081	0.084	0.119	0.121	0.185
2020-07-20T17:40:05Z	0.08	0.081	0.083	0.119	0.121	0.185
2020-07-20T18:00:05Z	0.08	0.08	0.083	0.119	0.121	0.185
2020-07-20T18:20:05Z	0.08	0.08	0.083	0.119	0.121	0.185
2020-07-20T18:40:05Z	0.08	0.08	0.083	0.119	0.121	0.185
2020-07-20T19:00:05Z	0.08	0.08	0.083	0.119	0.121	0.185
2020-07-20T19:20:05Z	0.08	0.08	0.083	0.119	0.121	0.185
2020-07-20T19:40:05Z	0.08	0.08	0.083	0.118	0.121	0.185
2020-07-20T20:00:05Z	0.079	0.079	0.083	0.118	0.12	0.185
2020-07-20T20:20:05Z	0.079	0.079	0.083	0.118	0.12	0.185
2020-07-20T20:40:05Z	0.08	0.079	0.082	0.118	0.12	0.184
2020-07-20T21:00:05Z	0.079	0.079	0.082	0.118	0.12	0.184
2020-07-20T21:20:05Z	0.079	0.079	0.083	0.118	0.12	0.184
2020-07-20T21:40:05Z	0.079	0.079	0.082	0.118	0.12	0.184
2020-07-20T22:00:05Z	0.078	0.079	0.082	0.118	0.12	0.184
2020-07-20T22:20:05Z	0.078	0.079	0.082	0.118	0.12	0.184
2020-07-20T22:40:05Z	0.078	0.079	0.082	0.118	0.12	0.184
2020-07-20T23:00:05Z	0.078	0.079	0.082	0.118	0.12	0.184
2020-07-20T23:20:05Z	0.078	0.079	0.082	0.118	0.12	0.184
2020-07-20T23:40:05Z	0.078	0.079	0.082	0.118	0.12	0.184
2020-07-21T00:00:05Z	0.078	0.079	0.082	0.118	0.12	0.184
2020-07-21T00:20:05Z	0.078	0.079	0.082	0.118	0.12	0.184
2020-07-21T00:40:05Z	0.078	0.079	0.082	0.118	0.12	0.184
2020-07-21T01:00:05Z	0.078	0.079	0.082	0.118	0.12	0.184
2020-07-21T01:20:05Z	0.078	0.078	0.082	0.118	0.12	0.184
2020-07-21T01:40:05Z	0.078	0.078	0.082	0.118	0.12	0.184
2020-07-21T02:00:05Z	0.078	0.078	0.082	0.118	0.12	0.184
2020-07-21T02:20:05Z	0.077	0.078	0.082	0.118	0.12	0.184
2020-07-21T02:40:05Z	0.078	0.078	0.082	0.118	0.12	0.184
2020-07-21T03:00:05Z	0.078	0.078	0.082	0.118	0.12	0.184
2020-07-21T03:20:05Z	0.078	0.078	0.082	0.118	0.12	0.184
2020-07-21T03:40:05Z	0.078	0.078	0.082	0.118	0.12	0.184
2020-07-21T04:00:05Z	0.078	0.078	0.082	0.118	0.12	0.184
2020-07-21T04:20:05Z	0.078	0.078	0.082	0.118	0.12	0.184
2020-07-21T04:40:05Z	0.078	0.078	0.082	0.118	0.12	0.184
2020-07-21T05:00:05Z	0.078	0.078	0.082	0.118	0.12	0.184
2020-07-21T05:20:05Z	0.078	0.078	0.082	0.118	0.121	0.184
2020-07-21T05:40:05Z	0.078	0.078	0.082	0.118	0.121	0.185
2020-07-21T06:00:05Z	0.08	0.079	0.082	0.118	0.121	0.185
2020-07-21T06:20:05Z	0.078	0.079	0.083	0.118	0.121	0.185
2020-07-21T06:40:05Z	0.079	0.079	0.083	0.118	0.121	0.185
2020-07-21T07:00:05Z	0.079	0.079	0.083	0.119	0.121	0.185
2020-07-21T07:20:05Z	0.079	0.079	0.083	0.119	0.121	0.185
2020-07-21T07:40:05Z	0.079	0.079	0.083	0.119	0.121	0.185
2020-07-21T08:00:05Z	0.079	0.079	0.083	0.119	0.121	0.185
2020-07-21T08:20:05Z	0.079	0.079	0.082	0.119	0.121	0.185
2020-07-21T08:40:05Z	0.08	0.079	0.082	0.119	0.121	0.185
2020-07-21T09:00:05Z	0.08	0.079	0.082	0.119	0.121	0.185
2020-07-21T09:20:05Z	0.079	0.079	0.082	0.119	0.121	0.185
2020-07-21T09:40:05Z	0.079	0.079	0.082	0.119	0.121	0.185
2020-07-21T10:00:05Z	0.08	0.079	0.082	0.119	0.121	0.185
2020-07-21T10:20:05Z	0.08	0.079	0.082	0.119	0.121	0.185
2020-07-21T10:40:05Z	0.08	0.08	0.082	0.119	0.121	0.185
2020-07-21T11:00:05Z	0.08	0.079	0.082	0.119	0.121	0.185
2020-07-21T11:20:05Z	0.08	0.08	0.082	0.119	0.121	0.185
2020-07-21T11:40:05Z	0.08	0.08	0.082	0.119	0.121	0.185
2020-07-21T12:00:05Z	0.079	0.08	0.082	0.119	0.121	0.185
2020-07-21T12:20:05Z	0.08	0.08	0.082	0.119	0.121	0.185
2020-07-21T12:40:05Z	0.08	0.08	0.082	0.119	0.121	0.185
2020-07-21T13:00:05Z	0.08	0.08	0.082	0.119	0.121	0.185
2020-07-21T13:20:05Z	0.08	0.08	0.083	0.119	0.121	0.185
2020-07-21T13:40:05Z	0.08	0.08	0.082	0.119	0.121	0.185
2020-07-21T14:00:05Z	0.08	0.08	0.082	0.119	0.121	0.185
2020-07-21T14:20:05Z	0.08	0.08	0.082	0.119	0.121	0.185
2020-07-21T14:40:05Z	0.08	0.08	0.082	0.119	0.121	0.185
2020-07-21T15:00:05Z	0.079	0.08	0.082	0.119	0.121	0.185
2020-07-21T15:20:05Z	0.08	0.08	0.082	0.119	0.121	0.185
2020-07-21T15:40:05Z	0.079	0.08	0.082	0.119	0.121	0.185
2020-07-21T16:00:05Z	0.08	0.08	0.082	0.119	0.121	0.185
2020-07-21T16:20:05Z	0.08	0.08	0.082	0.119	0.121	0.185
2020-07-21T16:40:05Z	0.08	0.08	0.082	0.119	0.121	0.185
2020-07-21T17:00:05Z	0.079	0.079	0.082	0.118	0.121	0.185
2020-07-21T17:20:05Z	0.078	0.079	0.082	0.118	0.121	0.185
2020-07-21T17:40:05Z	0.078	0.079	0.082	0.118	0.121	0.185
2020-07-21T18:00:05Z	0.078	0.079	0.082	0.118	0.121	0.185
2020-07-21T18:20:05Z	0.078	0.079	0.082	0.118	0.121	0.185
2020-07-21T18:40:05Z	0.078	0.079	0.082	0.118	0.121	0.184
2020-07-21T19:00:05Z	0.077	0.079	0.082	0.118	0.121	0.184
2020-07-21T19:20:05Z	0.077	0.079	0.082	0.118	0.121	0.184
2020-07-21T19:40:05Z	0.077	0.079	0.082	0.118	0.121	0.184
2020-07-21T20:00:05Z	0.076	0.078	0.082	0.118	0.121	0.184
2020-07-21T20:20:05Z	0.076	0.078	0.082	0.118	0.121	0.184
2020-07-21T20:40:05Z	0.075	0.078	0.082	0.118	0.12	0.184
2020-07-21T21:00:05Z	0.076	0.078	0.082	0.118	0.12	0.184
2020-07-21T21:20:05Z	0.078	0.078	0.082	0.118	0.12	0.184
2020-07-21T21:40:05Z	0.078	0.078	0.082	0.118	0.12	0.184
2020-07-21T22:00:05Z	0.078	0.078	0.082	0.118	0.12	0.184
2020-07-21T22:20:05Z	0.078	0.078	0.082	0.118	0.12	0.184
2020-07-21T22:40:05Z	0.076	0.078	0.082	0.118	0.12	0.184
2020-07-21T23:00:05Z	0.076	0.078	0.082	0.118	0.12	0.184
2020-07-21T23:20:05Z	0.077	0.078	0.082	0.118	0.12	0.184
2020-07-21T23:40:05Z	0.077	0.078	0.082	0.118	0.12	0.184
2020-07-22T00:00:05Z	0.077	0.078	0.081	0.118	0.12	0.184
2020-07-22T00:20:05Z	0.077	0.078	0.081	0.118	0.12	0.184
2020-07-22T00:40:05Z	0.077	0.077	0.081	0.118	0.12	0.184
2020-07-22T01:00:05Z	0.077	0.077	0.082	0.118	0.12	0.184
2020-07-22T01:20:05Z	0.077	0.077	0.081	0.118	0.12	0.184
2020-07-22T01:40:05Z	0.077	0.077	0.081	0.118	0.12	0.184
2020-07-22T02:00:05Z	0.077	0.077	0.081	0.118	0.12	0.184
2020-07-22T02:20:05Z	0.077	0.077	0.081	0.117	0.12	0.184
2020-07-22T02:40:05Z	0.077	0.077	0.081	0.117	0.12	0.184
2020-07-22T03:00:05Z	0.077	0.077	0.081	0.117	0.12	0.184
2020-07-22T03:20:05Z	0.077	0.077	0.081	0.117	0.12	0.184
2020-07-22T03:40:05Z	0.076	0.077	0.081	0.117	0.12	0.184
2020-07-22T04:00:05Z	0.077	0.077	0.081	0.117	0.12	0.184
2020-07-22T04:20:05Z	0.076	0.077	0.081	0.117	0.12	0.184
2020-07-22T04:40:05Z	0.077	0.077	0.081	0.118	0.12	0.184
2020-07-22T05:00:05Z	0.076	0.077	0.081	0.118	0.12	0.184
2020-07-22T05:20:05Z	0.078	0.078	0.082	0.118	0.121	0.184
2020-07-22T05:40:05Z	0.137	0.078	0.082	0.118	0.121	0.185
2020-07-22T06:00:05Z	0.148	0.093	0.082	0.118	0.121	0.185
2020-07-22T06:20:05Z	0.225	0.151	0.095	0.118	0.121	0.184
2020-07-22T06:40:05Z	0.333	0.208	0.121	0.138	0.12	0.184
2020-07-22T07:00:05Z	0.264	0.192	0.135	0.137	0.121	0.184
2020-07-22T07:20:05Z	0.256	0.191	0.14	0.136	0.121	0.184
2020-07-22T07:40:05Z	0.252	0.191	0.144	0.136	0.121	0.184
2020-07-22T08:00:05Z	0.25	0.191	0.146	0.136	0.121	0.184
2020-07-22T08:20:05Z	0.247	0.19	0.148	0.135	0.121	0.184
2020-07-22T08:40:05Z	0.246	0.19	0.15	0.135	0.121	0.184
2020-07-22T09:00:05Z	0.245	0.19	0.151	0.135	0.121	0.184
2020-07-22T09:20:05Z	0.244	0.19	0.152	0.135	0.121	0.184
2020-07-22T09:40:05Z	0.243	0.19	0.153	0.135	0.121	0.184
2020-07-22T10:00:05Z	0.242	0.19	0.154	0.135	0.121	0.184
2020-07-22T10:20:05Z	0.241	0.19	0.154	0.136	0.121	0.184
2020-07-22T10:40:05Z	0.24	0.189	0.155	0.136	0.121	0.184
2020-07-22T11:00:05Z	0.24	0.189	0.156	0.136	0.121	0.184
2020-07-22T11:20:05Z	0.239	0.189	0.156	0.136	0.121	0.184
2020-07-22T11:40:05Z	0.238	0.188	0.156	0.136	0.121	0.184
2020-07-22T12:00:05Z	0.237	0.188	0.156	0.136	0.121	0.184
2020-07-22T12:20:05Z	0.236	0.188	0.156	0.136	0.121	0.184
2020-07-22T12:40:05Z	0.235	0.188	0.157	0.136	0.121	0.184
2020-07-22T13:00:05Z	0.234	0.188	0.157	0.137	0.121	0.184
2020-07-22T13:20:05Z	0.234	0.188	0.157	0.137	0.121	0.184
2020-07-22T13:40:05Z	0.233	0.187	0.158	0.137	0.121	0.184
2020-07-22T14:00:05Z	0.232	0.187	0.158	0.137	0.121	0.184
2020-07-22T14:20:05Z	0.232	0.187	0.158	0.137	0.121	0.184
2020-07-22T14:40:05Z	0.231	0.187	0.158	0.137	0.121	0.184
2020-07-22T15:00:05Z	0.231	0.186	0.158	0.137	0.121	0.184
2020-07-22T15:20:05Z	0.23	0.186	0.158	0.137	0.121	0.184
2020-07-22T15:40:05Z	0.23	0.186	0.158	0.137	0.121	0.184
2020-07-22T16:00:05Z	0.228	0.186	0.158	0.137	0.121	0.184
2020-07-22T16:20:05Z	0.228	0.186	0.158	0.137	0.121	0.184
2020-07-22T16:40:05Z	0.227	0.186	0.158	0.138	0.121	0.184
2020-07-22T17:00:05Z	0.227	0.185	0.158	0.138	0.121	0.184
2020-07-22T17:20:05Z	0.226	0.185	0.158	0.138	0.121	0.184
2020-07-22T17:40:05Z	0.226	0.185	0.159	0.138	0.121	0.184
2020-07-22T18:00:05Z	0.225	0.185	0.159	0.138	0.121	0.184
2020-07-22T18:20:05Z	0.225	0.185	0.159	0.138	0.12	0.184
2020-07-22T18:40:05Z	0.224	0.185	0.159	0.138	0.12	0.184
2020-07-22T19:00:05Z	0.224	0.185	0.159	0.138	0.12	0.184
2020-07-22T19:20:05Z	0.223	0.184	0.159	0.138	0.12	0.184
2020-07-22T19:40:05Z	0.222	0.184	0.159	0.138	0.12	0.184
2020-07-22T20:00:05Z	0.222	0.184	0.159	0.138	0.12	0.184
2020-07-22T20:20:05Z	0.221	0.184	0.159	0.138	0.12	0.184
2020-07-22T20:40:05Z	0.221	0.184	0.159	0.139	0.12	0.184
2020-07-22T21:00:05Z	0.22	0.184	0.159	0.139	0.12	0.184
2020-07-22T21:20:05Z	0.22	0.184	0.159	0.139	0.12	0.184
2020-07-22T21:40:05Z	0.22	0.184	0.159	0.139	0.12	0.184
2020-07-22T22:00:05Z	0.219	0.184	0.159	0.139	0.12	0.184
2020-07-22T22:20:05Z	0.219	0.184	0.159	0.139	0.12	0.184
2020-07-22T22:40:05Z	0.218	0.184	0.159	0.14	0.12	0.184
2020-07-22T23:00:05Z	0.218	0.184	0.159	0.14	0.12	0.184
2020-07-22T23:20:05Z	0.218	0.184	0.159	0.14	0.12	0.184
2020-07-22T23:40:05Z	0.217	0.184	0.159	0.14	0.12	0.184
2020-07-23T00:00:05Z	0.218	0.184	0.159	0.14	0.12	0.184
2020-07-23T00:20:05Z	0.219	0.185	0.16	0.14	0.12	0.184
2020-07-23T00:40:05Z	0.219	0.185	0.16	0.14	0.12	0.184
2020-07-23T01:00:05Z	0.22	0.186	0.16	0.141	0.12	0.184
2020-07-23T01:20:05Z	0.22	0.186	0.16	0.141	0.12	0.184
2020-07-23T01:40:05Z	0.219	0.186	0.161	0.141	0.12	0.184
2020-07-23T02:00:05Z	0.219	0.186	0.161	0.141	0.12	0.184
2020-07-23T02:20:05Z	0.219	0.186	0.161	0.141	0.12	0.184
2020-07-23T02:40:05Z	0.219	0.186	0.161	0.141	0.12	0.184
2020-07-23T03:00:05Z	0.219	0.186	0.161	0.141	0.12	0.184
2020-07-23T03:20:05Z	0.219	0.186	0.161	0.142	0.12	0.184
2020-07-23T03:40:05Z	0.218	0.186	0.161	0.142	0.12	0.184
2020-07-23T04:00:05Z	0.218	0.186	0.161	0.142	0.12	0.184
2020-07-23T04:20:05Z	0.218	0.186	0.161	0.142	0.12	0.184
2020-07-23T04:40:05Z	0.218	0.186	0.161	0.142	0.12	0.184
2020-07-23T05:00:05Z	0.219	0.187	0.162	0.143	0.12	0.184
2020-07-23T05:20:05Z	0.233	0.191	0.162	0.143	0.12	0.184
2020-07-23T05:40:05Z	0.257	0.197	0.164	0.143	0.12	0.184
2020-07-23T06:00:05Z	0.314	0.236	0.167	0.143	0.12	0.184
2020-07-23T06:20:05Z	0.268	0.232	0.18	0.143	0.12	0.184
2020-07-23T06:40:05Z	0.253	0.218	0.195	0.145	0.12	0.184
2020-07-23T07:00:05Z	0.245	0.212	0.195	0.15	0.12	0.184
2020-07-23T07:20:05Z	0.243	0.209	0.195	0.155	0.12	0.184
2020-07-23T07:40:05Z	0.241	0.208	0.194	0.158	0.12	0.184
2020-07-23T08:00:05Z	0.24	0.207	0.194	0.161	0.12	0.184
2020-07-23T08:20:05Z	0.239	0.206	0.194	0.163	0.121	0.184
2020-07-23T08:40:05Z	0.239	0.205	0.193	0.165	0.121	0.184
2020-07-23T09:00:05Z	0.238	0.205	0.193	0.168	0.121	0.184
2020-07-23T09:20:05Z	0.236	0.204	0.192	0.17	0.121	0.184
2020-07-23T09:40:05Z	0.236	0.204	0.192	0.171	0.121	0.184
2020-07-23T10:00:05Z	0.235	0.204	0.192	0.173	0.121	0.184
2020-07-23T10:40:05Z	0.219	0.205	0.188	0.175	0.121	0.181
2020-07-23T11:00:05Z	0.219	0.205	0.188	0.176	0.121	0.181
2020-07-23T11:20:05Z	0.219	0.204	0.188	0.177	0.121	0.181
2020-07-23T11:40:05Z	0.219	0.204	0.188	0.178	0.121	0.181
2020-07-23T12:00:05Z	0.219	0.204	0.188	0.178	0.121	0.181
2020-07-23T12:20:05Z	0.219	0.204	0.188	0.179	0.121	0.181
2020-07-23T12:40:05Z	0.218	0.203	0.187	0.179	0.121	0.181
2020-07-23T13:00:05Z	0.218	0.203	0.187	0.18	0.121	0.181
2020-07-23T13:20:05Z	0.218	0.203	0.187	0.18	0.121	0.181
2020-07-23T13:40:05Z	0.218	0.203	0.187	0.181	0.121	0.181
2020-07-23T14:00:05Z	0.217	0.202	0.187	0.181	0.121	0.181
2020-07-23T14:20:05Z	0.217	0.203	0.186	0.181	0.121	0.181
2020-07-23T14:40:05Z	0.217	0.202	0.186	0.182	0.121	0.181
2020-07-23T15:00:05Z	0.217	0.202	0.186	0.182	0.121	0.181
2020-07-23T15:20:05Z	0.217	0.202	0.186	0.182	0.121	0.181
2020-07-23T15:40:05Z	0.216	0.201	0.186	0.182	0.121	0.181
2020-07-23T16:00:05Z	0.216	0.201	0.185	0.182	0.121	0.181
2020-07-23T16:20:05Z	0.216	0.201	0.185	0.182	0.121	0.181
2020-07-23T16:40:05Z	0.216	0.201	0.185	0.183	0.121	0.181
2020-07-23T17:00:05Z	0.215	0.201	0.185	0.183	0.121	0.181
2020-07-23T17:20:05Z	0.215	0.201	0.185	0.183	0.121	0.181
2020-07-23T17:40:05Z	0.215	0.2	0.185	0.183	0.121	0.181
2020-07-23T18:00:05Z	0.215	0.2	0.184	0.183	0.121	0.181
2020-07-23T18:20:05Z	0.214	0.2	0.184	0.183	0.121	0.181
2020-07-23T18:40:05Z	0.214	0.2	0.184	0.183	0.121	0.181
2020-07-23T19:00:05Z	0.214	0.199	0.184	0.183	0.121	0.181
2020-07-23T19:20:05Z	0.214	0.199	0.183	0.183	0.121	0.181
2020-07-23T19:40:05Z	0.214	0.199	0.183	0.183	0.121	0.181
2020-07-23T20:00:05Z	0.213	0.199	0.183	0.183	0.121	0.181
2020-07-23T20:20:05Z	0.213	0.199	0.183	0.183	0.121	0.181
2020-07-23T20:40:05Z	0.213	0.199	0.183	0.183	0.121	0.181
2020-07-23T21:00:05Z	0.213	0.199	0.183	0.183	0.121	0.181
2020-07-23T21:20:05Z	0.212	0.199	0.183	0.183	0.121	0.181
2020-07-23T21:40:05Z	0.212	0.199	0.183	0.183	0.121	0.181
2020-07-23T22:00:05Z	0.212	0.198	0.183	0.183	0.121	0.181
2020-07-23T22:20:05Z	0.212	0.198	0.183	0.183	0.121	0.181
2020-07-23T22:40:05Z	0.212	0.198	0.182	0.183	0.121	0.181
2020-07-23T23:00:05Z	0.212	0.198	0.182	0.183	0.121	0.181
2020-07-23T23:20:05Z	0.212	0.198	0.182	0.183	0.121	0.18
2020-07-23T23:40:05Z	0.212	0.198	0.182	0.183	0.12	0.18
2020-07-24T00:00:05Z	0.212	0.198	0.182	0.183	0.12	0.18
2020-07-24T00:20:05Z	0.212	0.198	0.182	0.183	0.12	0.18
2020-07-24T00:40:05Z	0.211	0.198	0.182	0.183	0.121	0.18
2020-07-24T01:00:05Z	0.211	0.198	0.182	0.183	0.12	0.18
2020-07-24T01:20:05Z	0.211	0.198	0.182	0.183	0.12	0.18
2020-07-24T01:40:05Z	0.211	0.198	0.182	0.183	0.121	0.18
2020-07-24T02:00:05Z	0.211	0.198	0.182	0.183	0.12	0.18
2020-07-24T02:20:05Z	0.211	0.198	0.182	0.183	0.121	0.18
2020-07-24T02:40:05Z	0.211	0.198	0.182	0.183	0.121	0.18
2020-07-24T03:00:05Z	0.211	0.198	0.182	0.183	0.121	0.18
2020-07-24T03:20:05Z	0.211	0.198	0.182	0.183	0.121	0.18
2020-07-24T03:40:05Z	0.211	0.198	0.182	0.183	0.121	0.18
2020-07-24T04:00:05Z	0.211	0.198	0.182	0.183	0.121	0.18
2020-07-24T04:20:05Z	0.211	0.198	0.182	0.183	0.121	0.18
2020-07-24T04:40:05Z	0.211	0.198	0.182	0.184	0.121	0.18
2020-07-24T05:00:05Z	0.211	0.198	0.182	0.184	0.121	0.181
2020-07-24T05:20:05Z	0.211	0.198	0.182	0.184	0.121	0.181
2020-07-24T05:40:05Z	0.211	0.198	0.182	0.184	0.121	0.181
2020-07-24T06:00:05Z	0.211	0.198	0.182	0.184	0.121	0.181
2020-07-24T06:20:05Z	0.211	0.198	0.182	0.184	0.121	0.181
2020-07-24T06:40:05Z	0.211	0.198	0.182	0.184	0.121	0.181
2020-07-24T07:00:05Z	0.211	0.198	0.182	0.184	0.121	0.181
2020-07-24T07:20:05Z	0.211	0.198	0.182	0.184	0.121	0.181
2020-07-24T07:40:05Z	0.211	0.198	0.182	0.184	0.121	0.181
2020-07-24T08:00:05Z	0.211	0.198	0.182	0.184	0.121	0.181
2020-07-24T08:20:05Z	0.211	0.198	0.182	0.184	0.121	0.181
2020-07-24T08:40:05Z	0.206	0.197	0.18	0.183	0.121	0.18
2020-07-24T09:00:05Z	0.206	0.197	0.18	0.183	0.121	0.18
2020-07-24T09:20:05Z	0.206	0.197	0.18	0.184	0.121	0.18
2020-07-24T09:40:05Z	0.206	0.197	0.18	0.183	0.121	0.18
2020-07-24T10:00:05Z	0.206	0.197	0.18	0.183	0.121	0.18
2020-07-24T10:20:05Z	0.206	0.197	0.18	0.183	0.121	0.18
2020-07-24T10:40:05Z	0.206	0.197	0.18	0.184	0.121	0.18
2020-07-24T11:00:05Z	0.206	0.197	0.18	0.184	0.121	0.18
2020-07-24T11:20:05Z	0.206	0.197	0.18	0.184	0.121	0.18
2020-07-24T11:40:05Z	0.206	0.197	0.18	0.184	0.121	0.18
2020-07-24T12:00:05Z	0.205	0.197	0.179	0.183	0.121	0.18
2020-07-24T12:20:05Z	0.204	0.197	0.179	0.183	0.121	0.18
2020-07-24T12:40:05Z	0.204	0.196	0.179	0.183	0.121	0.18
2020-07-24T13:00:05Z	0.204	0.196	0.179	0.183	0.121	0.18
2020-07-24T13:20:05Z	0.204	0.196	0.179	0.183	0.121	0.18
2020-07-24T13:40:05Z	0.204	0.196	0.179	0.183	0.122	0.18
2020-07-24T14:00:05Z	0.203	0.196	0.179	0.183	0.122	0.18
2020-07-24T14:20:05Z	0.203	0.196	0.179	0.183	0.122	0.18
2020-07-24T14:40:05Z	0.203	0.196	0.179	0.183	0.122	0.18
2020-07-24T15:00:05Z	0.203	0.196	0.179	0.183	0.122	0.18
2020-07-24T15:20:05Z	0.202	0.195	0.178	0.183	0.122	0.18
2020-07-24T15:40:05Z	0.202	0.195	0.178	0.183	0.122	0.18
2020-07-24T16:00:05Z	0.202	0.195	0.178	0.183	0.122	0.18
2020-07-24T16:20:05Z	0.202	0.195	0.178	0.183	0.122	0.18
2020-07-24T16:40:05Z	0.202	0.195	0.178	0.183	0.122	0.18
2020-07-24T17:00:05Z	0.201	0.195	0.178	0.183	0.122	0.18
2020-07-24T17:20:05Z	0.201	0.195	0.178	0.183	0.122	0.18
2020-07-24T17:40:05Z	0.201	0.195	0.178	0.183	0.122	0.18
2020-07-24T18:00:05Z	0.201	0.195	0.178	0.183	0.122	0.18
2020-07-24T18:20:05Z	0.201	0.195	0.178	0.183	0.122	0.18
2020-07-24T18:40:05Z	0.2	0.195	0.177	0.182	0.122	0.18
2020-07-24T19:00:05Z	0.2	0.195	0.177	0.182	0.122	0.18
2020-07-24T19:20:05Z	0.2	0.194	0.177	0.182	0.122	0.18
2020-07-24T19:40:05Z	0.2	0.194	0.177	0.182	0.122	0.18
2020-07-24T20:00:05Z	0.2	0.194	0.177	0.182	0.122	0.18
2020-07-24T20:20:05Z	0.2	0.194	0.177	0.182	0.122	0.18
2020-07-24T20:40:05Z	0.199	0.194	0.177	0.182	0.122	0.18
2020-07-24T21:00:05Z	0.199	0.194	0.177	0.182	0.122	0.18
2020-07-24T21:20:05Z	0.199	0.194	0.177	0.182	0.122	0.18
2020-07-24T21:40:05Z	0.199	0.194	0.177	0.182	0.122	0.18
2020-07-24T22:00:05Z	0.199	0.194	0.177	0.182	0.123	0.18
2020-07-24T22:20:05Z	0.199	0.194	0.176	0.182	0.123	0.18
2020-07-24T22:40:05Z	0.199	0.194	0.176	0.182	0.123	0.18
2020-07-24T23:00:05Z	0.198	0.193	0.176	0.182	0.123	0.18
2020-07-24T23:20:05Z	0.198	0.193	0.176	0.182	0.123	0.18
2020-07-24T23:40:05Z	0.198	0.193	0.176	0.182	0.123	0.18
2020-07-25T00:00:05Z	0.198	0.193	0.176	0.182	0.123	0.18
2020-07-25T00:20:05Z	0.198	0.193	0.176	0.182	0.123	0.18
2020-07-25T00:40:05Z	0.198	0.193	0.176	0.182	0.123	0.18
2020-07-25T01:00:05Z	0.198	0.193	0.176	0.182	0.123	0.18
2020-07-25T01:20:05Z	0.197	0.193	0.176	0.182	0.123	0.18
2020-07-25T01:40:05Z	0.197	0.193	0.176	0.182	0.123	0.18
2020-07-25T02:00:05Z	0.197	0.193	0.176	0.182	0.123	0.18
2020-07-25T02:20:05Z	0.197	0.193	0.176	0.182	0.123	0.18
2020-07-25T02:40:05Z	0.197	0.193	0.176	0.182	0.123	0.18
2020-07-25T03:00:05Z	0.197	0.193	0.176	0.182	0.124	0.18
2020-07-25T03:20:05Z	0.197	0.193	0.176	0.182	0.124	0.18
2020-07-25T03:40:05Z	0.197	0.193	0.176	0.182	0.124	0.18
2020-07-25T04:00:05Z	0.197	0.193	0.176	0.182	0.124	0.18
2020-07-25T04:20:05Z	0.197	0.193	0.176	0.182	0.124	0.18
2020-07-25T04:40:05Z	0.197	0.193	0.176	0.182	0.124	0.18
2020-07-25T05:00:05Z	0.197	0.193	0.176	0.182	0.124	0.18
2020-07-25T05:20:05Z	0.197	0.193	0.176	0.182	0.124	0.18
2020-07-25T05:40:05Z	0.196	0.193	0.176	0.182	0.124	0.18
2020-07-25T06:00:05Z	0.197	0.193	0.176	0.182	0.124	0.18
2020-07-25T06:20:05Z	0.196	0.193	0.176	0.182	0.125	0.18
2020-07-25T06:40:05Z	0.196	0.193	0.176	0.182	0.125	0.18
2020-07-25T07:00:05Z	0.196	0.193	0.176	0.182	0.125	0.18
2020-07-25T07:20:05Z	0.196	0.193	0.176	0.182	0.125	0.18
2020-07-25T07:40:05Z	0.196	0.193	0.176	0.182	0.125	0.18
2020-07-25T08:00:05Z	0.196	0.193	0.176	0.182	0.125	0.18
2020-07-25T08:20:05Z	0.196	0.193	0.176	0.182	0.126	0.18
2020-07-25T08:40:05Z	0.196	0.193	0.176	0.182	0.126	0.18
2020-07-25T09:00:05Z	0.196	0.193	0.176	0.182	0.126	0.18
2020-07-25T09:20:05Z	0.195	0.193	0.176	0.182	0.126	0.18
2020-07-25T09:40:05Z	0.195	0.193	0.176	0.182	0.126	0.18
2020-07-25T10:00:05Z	0.195	0.193	0.176	0.182	0.126	0.18
2020-07-25T10:20:05Z	0.195	0.193	0.176	0.182	0.126	0.18
2020-07-25T10:40:05Z	0.195	0.193	0.176	0.182	0.126	0.18
2020-07-25T11:00:05Z	0.194	0.193	0.175	0.182	0.126	0.18
2020-07-25T11:20:05Z	0.194	0.193	0.175	0.182	0.126	0.18
2020-07-25T11:40:05Z	0.194	0.193	0.175	0.182	0.126	0.18
2020-07-25T12:00:05Z	0.194	0.193	0.175	0.182	0.127	0.18
2020-07-25T12:20:05Z	0.194	0.193	0.175	0.182	0.127	0.18
2020-07-25T12:40:05Z	0.193	0.193	0.175	0.182	0.127	0.18
2020-07-25T13:00:05Z	0.193	0.193	0.175	0.182	0.127	0.18
2020-07-25T13:20:05Z	0.193	0.193	0.175	0.182	0.127	0.18
2020-07-25T13:40:05Z	0.192	0.193	0.175	0.182	0.127	0.18
2020-07-25T14:00:05Z	0.192	0.192	0.175	0.182	0.127	0.18
2020-07-25T14:20:05Z	0.191	0.192	0.175	0.182	0.127	0.18
2020-07-25T14:40:05Z	0.191	0.192	0.175	0.182	0.127	0.18
2020-07-25T15:00:05Z	0.19	0.192	0.175	0.182	0.127	0.18
2020-07-25T15:20:05Z	0.19	0.192	0.175	0.182	0.127	0.18
2020-07-25T15:40:05Z	0.189	0.192	0.175	0.182	0.127	0.18
2020-07-25T16:00:05Z	0.189	0.192	0.175	0.182	0.127	0.18
2020-07-25T16:20:05Z	0.188	0.192	0.175	0.182	0.127	0.18
2020-07-25T16:40:05Z	0.188	0.192	0.174	0.182	0.128	0.18
2020-07-25T17:00:05Z	0.188	0.191	0.174	0.182	0.128	0.18
2020-07-25T17:20:05Z	0.188	0.191	0.174	0.181	0.128	0.18
2020-07-25T17:40:05Z	0.187	0.191	0.174	0.181	0.128	0.18
2020-07-25T18:00:05Z	0.186	0.191	0.174	0.181	0.128	0.18
2020-07-25T18:20:05Z	0.186	0.191	0.174	0.181	0.128	0.18
2020-07-25T18:40:05Z	0.186	0.191	0.174	0.181	0.128	0.18
2020-07-25T19:00:05Z	0.186	0.19	0.174	0.181	0.128	0.18
2020-07-25T19:20:05Z	0.186	0.19	0.174	0.181	0.128	0.18
2020-07-25T19:40:05Z	0.185	0.19	0.174	0.181	0.128	0.18
2020-07-25T20:00:05Z	0.185	0.19	0.173	0.181	0.128	0.18
2020-07-25T20:20:05Z	0.185	0.19	0.173	0.181	0.128	0.18
2020-07-25T20:40:05Z	0.185	0.19	0.173	0.181	0.128	0.18
2020-07-25T21:00:05Z	0.184	0.19	0.173	0.181	0.128	0.18
2020-07-25T21:20:05Z	0.184	0.19	0.173	0.181	0.128	0.18
2020-07-25T21:40:05Z	0.184	0.19	0.173	0.181	0.128	0.18
2020-07-25T22:00:05Z	0.184	0.19	0.173	0.18	0.128	0.179
2020-07-25T22:20:05Z	0.184	0.19	0.173	0.18	0.128	0.179
2020-07-25T22:40:05Z	0.184	0.19	0.173	0.18	0.128	0.179
2020-07-25T23:00:05Z	0.184	0.19	0.173	0.18	0.128	0.179
2020-07-25T23:20:05Z	0.183	0.19	0.173	0.18	0.128	0.179
2020-07-25T23:40:05Z	0.183	0.19	0.173	0.18	0.128	0.179
2020-07-26T00:00:05Z	0.183	0.189	0.173	0.18	0.128	0.179
2020-07-26T00:20:05Z	0.183	0.189	0.173	0.18	0.128	0.179
2020-07-26T00:40:05Z	0.183	0.189	0.173	0.18	0.128	0.179
2020-07-26T01:00:05Z	0.183	0.189	0.173	0.18	0.128	0.179
2020-07-26T01:20:05Z	0.182	0.189	0.173	0.18	0.129	0.179
2020-07-26T01:40:05Z	0.182	0.189	0.173	0.18	0.129	0.179
2020-07-26T02:00:05Z	0.182	0.189	0.173	0.18	0.129	0.179
2020-07-26T02:20:05Z	0.182	0.189	0.173	0.18	0.129	0.179
2020-07-26T02:40:05Z	0.182	0.189	0.173	0.18	0.129	0.179
2020-07-26T03:00:05Z	0.182	0.189	0.173	0.18	0.129	0.179
2020-07-26T03:20:05Z	0.182	0.189	0.173	0.18	0.129	0.179
2020-07-26T03:40:05Z	0.182	0.189	0.172	0.18	0.129	0.179
2020-07-26T04:00:05Z	0.182	0.188	0.172	0.18	0.129	0.179
2020-07-26T04:20:05Z	0.182	0.188	0.172	0.18	0.129	0.179
2020-07-26T04:40:05Z	0.182	0.188	0.172	0.18	0.13	0.179
2020-07-26T05:00:05Z	0.182	0.188	0.172	0.18	0.13	0.179
2020-07-26T05:20:05Z	0.182	0.188	0.172	0.18	0.13	0.179
2020-07-26T05:40:05Z	0.181	0.188	0.172	0.18	0.13	0.179
2020-07-26T06:00:05Z	0.181	0.188	0.172	0.18	0.13	0.179
2020-07-26T06:20:05Z	0.181	0.188	0.172	0.18	0.13	0.179
2020-07-26T06:40:05Z	0.181	0.188	0.172	0.18	0.13	0.179
2020-07-26T07:00:05Z	0.182	0.188	0.172	0.18	0.13	0.179
2020-07-26T07:20:05Z	0.182	0.188	0.172	0.18	0.13	0.179
2020-07-26T07:40:05Z	0.182	0.188	0.172	0.18	0.13	0.179
2020-07-26T08:00:05Z	0.181	0.188	0.172	0.18	0.13	0.179
2020-07-26T08:20:05Z	0.182	0.188	0.172	0.18	0.13	0.179
2020-07-26T08:40:05Z	0.182	0.188	0.172	0.18	0.13	0.179
2020-07-26T09:00:05Z	0.182	0.188	0.172	0.18	0.13	0.179
2020-07-26T09:20:05Z	0.183	0.188	0.172	0.18	0.13	0.179
2020-07-26T09:40:05Z	0.183	0.188	0.172	0.18	0.13	0.179
2020-07-26T10:00:05Z	0.183	0.188	0.172	0.18	0.13	0.179
2020-07-26T10:20:05Z	0.183	0.188	0.172	0.18	0.131	0.179
2020-07-26T10:40:05Z	0.183	0.188	0.172	0.18	0.131	0.18
2020-07-26T11:00:05Z	0.183	0.189	0.172	0.18	0.131	0.18
2020-07-26T11:20:05Z	0.183	0.188	0.172	0.18	0.131	0.179
2020-07-26T11:40:05Z	0.182	0.188	0.172	0.18	0.131	0.179
2020-07-26T12:00:05Z	0.183	0.188	0.172	0.18	0.131	0.179
2020-07-26T12:20:05Z	0.19	0.188	0.172	0.18	0.131	0.179
2020-07-26T12:40:05Z	0.19	0.19	0.172	0.18	0.131	0.18
2020-07-26T13:00:05Z	0.19	0.19	0.173	0.18	0.131	0.18
2020-07-26T13:20:05Z	0.19	0.19	0.173	0.18	0.131	0.18
2020-07-26T13:40:05Z	0.19	0.19	0.173	0.18	0.131	0.18
2020-07-26T14:00:05Z	0.189	0.19	0.173	0.18	0.131	0.18
2020-07-26T14:20:05Z	0.189	0.191	0.173	0.18	0.131	0.18
2020-07-26T14:40:05Z	0.189	0.191	0.173	0.181	0.131	0.18
2020-07-26T15:00:05Z	0.188	0.191	0.173	0.18	0.131	0.18
2020-07-26T15:20:05Z	0.188	0.19	0.173	0.181	0.131	0.18
2020-07-26T15:40:05Z	0.188	0.19	0.173	0.181	0.131	0.18
2020-07-26T16:00:05Z	0.188	0.19	0.173	0.181	0.131	0.18
2020-07-26T16:20:05Z	0.187	0.19	0.173	0.181	0.131	0.179
2020-07-26T16:40:05Z	0.187	0.19	0.173	0.181	0.131	0.18
2020-07-26T17:00:05Z	0.187	0.19	0.173	0.181	0.131	0.179
2020-07-26T17:20:05Z	0.186	0.19	0.174	0.181	0.131	0.179
2020-07-26T17:40:05Z	0.186	0.19	0.173	0.181	0.131	0.179
2020-07-26T18:00:05Z	0.194	0.19	0.174	0.181	0.131	0.179
2020-07-26T18:20:05Z	0.194	0.19	0.173	0.18	0.131	0.179
2020-07-26T18:40:05Z	0.194	0.19	0.173	0.18	0.131	0.179
2020-07-26T19:00:05Z	0.193	0.19	0.173	0.18	0.131	0.179
2020-07-26T19:20:05Z	0.193	0.19	0.173	0.18	0.131	0.179
2020-07-26T19:40:05Z	0.193	0.19	0.173	0.18	0.131	0.179
2020-07-26T20:00:05Z	0.195	0.19	0.173	0.18	0.131	0.179
2020-07-26T20:20:05Z	0.195	0.19	0.173	0.18	0.131	0.179
2020-07-26T20:40:05Z	0.195	0.19	0.173	0.18	0.131	0.179
2020-07-26T21:00:05Z	0.195	0.19	0.173	0.18	0.131	0.179
2020-07-26T21:20:05Z	0.195	0.19	0.173	0.18	0.131	0.179
2020-07-26T21:40:05Z	0.195	0.19	0.173	0.18	0.131	0.179
2020-07-26T22:00:05Z	0.195	0.19	0.173	0.18	0.131	0.179
2020-07-26T22:20:05Z	0.195	0.19	0.173	0.18	0.131	0.179
2020-07-26T22:40:05Z	0.195	0.19	0.173	0.18	0.132	0.179
2020-07-26T23:00:05Z	0.202	0.19	0.173	0.18	0.131	0.179
2020-07-26T23:20:05Z	0.185	0.19	0.173	0.18	0.131	0.179
2020-07-26T23:40:05Z	0.185	0.19	0.173	0.18	0.131	0.179
2020-07-27T00:00:05Z	0.185	0.19	0.173	0.18	0.132	0.179
2020-07-27T00:20:05Z	0.185	0.19	0.173	0.18	0.132	0.179
2020-07-27T00:40:05Z	0.189	0.19	0.173	0.18	0.132	0.179
2020-07-27T01:00:05Z	0.188	0.189	0.173	0.18	0.132	0.179
2020-07-27T01:20:05Z	0.188	0.19	0.173	0.18	0.132	0.179
2020-07-27T01:40:05Z	0.188	0.189	0.174	0.201	0.132	0.179
2020-07-27T02:00:05Z	0.188	0.189	0.174	0.198	0.132	0.178
2020-07-27T02:20:05Z	0.188	0.189	0.174	0.198	0.132	0.178
2020-07-27T02:40:05Z	0.188	0.189	0.174	0.198	0.132	0.178
2020-07-27T03:00:05Z	0.188	0.189	0.174	0.198	0.132	0.178
2020-07-27T03:20:05Z	0.188	0.189	0.174	0.198	0.132	0.178
2020-07-27T03:40:05Z	0.188	0.189	0.174	0.198	0.132	0.178
2020-07-27T04:00:05Z	0.188	0.189	0.174	0.198	0.132	0.178
2020-07-27T04:20:05Z	0.188	0.189	0.174	0.198	0.132	0.178
2020-07-27T04:40:05Z	0.188	0.189	0.174	0.198	0.132	0.178
2020-07-27T05:00:05Z	0.188	0.189	0.174	0.198	0.132	0.179
2020-07-27T05:20:05Z	0.188	0.189	0.174	0.198	0.132	0.179
2020-07-27T05:40:05Z	0.188	0.189	0.174	0.198	0.133	0.179
2020-07-27T06:00:05Z	0.188	0.19	0.174	0.198	0.133	0.179
2020-07-27T06:20:05Z	0.185	0.19	0.174	0.198	0.133	0.179
2020-07-27T06:40:05Z	0.185	0.19	0.174	0.198	0.133	0.179
2020-07-27T07:00:05Z	0.185	0.19	0.174	0.198	0.133	0.179
2020-07-27T07:20:05Z	0.185	0.19	0.174	0.198	0.133	0.179
2020-07-27T07:40:05Z	0.185	0.19	0.174	0.198	0.133	0.179
2020-07-27T08:00:05Z	0.185	0.19	0.174	0.198	0.133	0.179
2020-07-27T08:20:05Z	0.185	0.19	0.174	0.198	0.133	0.179
2020-07-27T08:40:05Z	0.179	0.188	0.174	0.185	0.133	0.179
2020-07-27T09:00:05Z	0.18	0.189	0.174	0.185	0.134	0.18
2020-07-27T09:20:05Z	0.18	0.189	0.174	0.185	0.134	0.18
2020-07-27T09:40:05Z	0.18	0.189	0.175	0.185	0.134	0.18
2020-07-27T10:00:05Z	0.18	0.189	0.174	0.185	0.134	0.18
2020-07-27T10:20:05Z	0.18	0.189	0.174	0.185	0.134	0.18
2020-07-27T10:40:05Z	0.18	0.189	0.174	0.185	0.134	0.18
2020-07-27T11:00:05Z	0.179	0.189	0.174	0.185	0.134	0.18
2020-07-27T11:20:05Z	0.179	0.189	0.174	0.185	0.134	0.18
2020-07-27T11:40:05Z	0.179	0.188	0.174	0.185	0.134	0.18
2020-07-27T12:00:05Z	0.178	0.188	0.174	0.185	0.135	0.18
2020-07-27T12:20:05Z	0.178	0.188	0.174	0.185	0.135	0.18
2020-07-27T12:40:05Z	0.178	0.188	0.174	0.185	0.135	0.18
2020-07-27T13:00:05Z	0.177	0.188	0.174	0.185	0.135	0.18
2020-07-27T13:20:05Z	0.177	0.188	0.174	0.185	0.135	0.18
2020-07-27T13:40:05Z	0.177	0.188	0.174	0.185	0.135	0.18
2020-07-27T14:00:05Z	0.176	0.188	0.174	0.185	0.135	0.18
2020-07-27T14:20:05Z	0.176	0.188	0.174	0.185	0.135	0.18
2020-07-27T14:40:05Z	0.175	0.187	0.173	0.185	0.135	0.18
2020-07-27T15:00:05Z	0.175	0.187	0.173	0.185	0.135	0.18
2020-07-27T15:20:05Z	0.175	0.187	0.173	0.185	0.135	0.18
2020-07-27T15:40:05Z	0.174	0.187	0.173	0.185	0.135	0.18
2020-07-27T16:00:05Z	0.174	0.187	0.173	0.185	0.135	0.18
2020-07-27T16:20:05Z	0.174	0.187	0.173	0.184	0.135	0.18
2020-07-27T16:40:05Z	0.174	0.186	0.173	0.184	0.135	0.18
2020-07-27T17:00:05Z	0.174	0.186	0.173	0.184	0.135	0.18
2020-07-27T17:20:05Z	0.174	0.186	0.173	0.184	0.135	0.18
2020-07-27T17:40:05Z	0.174	0.186	0.173	0.184	0.135	0.18
2020-07-27T18:00:05Z	0.174	0.186	0.173	0.184	0.135	0.18
2020-07-27T18:20:05Z	0.174	0.186	0.173	0.184	0.135	0.18
2020-07-27T18:40:05Z	0.174	0.186	0.173	0.184	0.135	0.18
2020-07-27T19:00:05Z	0.174	0.186	0.173	0.184	0.135	0.18
2020-07-27T19:20:05Z	0.174	0.186	0.172	0.184	0.135	0.18
2020-07-27T19:40:05Z	0.174	0.186	0.172	0.184	0.135	0.18
2020-07-27T20:00:05Z	0.173	0.185	0.172	0.184	0.135	0.18
2020-07-27T20:20:05Z	0.173	0.185	0.172	0.184	0.135	0.18
2020-07-27T20:40:05Z	0.173	0.185	0.172	0.184	0.135	0.18
2020-07-27T21:00:05Z	0.173	0.185	0.172	0.184	0.135	0.18
2020-07-27T21:20:05Z	0.173	0.185	0.172	0.184	0.135	0.18
2020-07-27T21:40:05Z	0.173	0.185	0.172	0.184	0.135	0.18
2020-07-27T22:00:05Z	0.173	0.185	0.172	0.184	0.135	0.18
2020-07-27T22:20:05Z	0.173	0.185	0.172	0.184	0.135	0.18
2020-07-27T22:40:05Z	0.173	0.185	0.172	0.184	0.135	0.18
2020-07-27T23:00:05Z	0.173	0.185	0.172	0.184	0.135	0.18
2020-07-27T23:20:05Z	0.173	0.185	0.172	0.183	0.135	0.18
2020-07-27T23:40:05Z	0.173	0.185	0.172	0.183	0.135	0.18
2020-07-28T00:00:05Z	0.173	0.184	0.172	0.183	0.135	0.18
2020-07-28T00:20:05Z	0.173	0.184	0.172	0.183	0.135	0.18
2020-07-28T00:40:05Z	0.173	0.184	0.172	0.183	0.135	0.18
2020-07-28T01:00:05Z	0.173	0.184	0.172	0.183	0.135	0.18
2020-07-28T01:20:05Z	0.173	0.184	0.172	0.183	0.135	0.18
2020-07-28T01:40:05Z	0.173	0.184	0.172	0.183	0.135	0.18
2020-07-28T02:00:05Z	0.173	0.184	0.172	0.183	0.135	0.18
2020-07-28T02:20:05Z	0.173	0.184	0.172	0.183	0.135	0.18
2020-07-28T02:40:05Z	0.173	0.184	0.172	0.183	0.135	0.18
2020-07-28T03:00:05Z	0.173	0.184	0.172	0.183	0.135	0.18
2020-07-28T03:20:05Z	0.173	0.184	0.171	0.183	0.135	0.18
2020-07-28T03:40:05Z	0.173	0.184	0.171	0.183	0.135	0.18
2020-07-28T04:00:05Z	0.173	0.183	0.171	0.183	0.135	0.18
2020-07-28T04:20:05Z	0.173	0.183	0.171	0.183	0.135	0.18
2020-07-28T04:40:05Z	0.173	0.183	0.171	0.183	0.135	0.18
2020-07-28T05:00:05Z	0.173	0.183	0.171	0.183	0.135	0.18
2020-07-28T05:20:05Z	0.173	0.183	0.171	0.183	0.135	0.18
2020-07-28T05:40:05Z	0.173	0.183	0.171	0.183	0.135	0.18
2020-07-28T06:00:05Z	0.173	0.183	0.171	0.183	0.135	0.18
2020-07-28T06:20:05Z	0.173	0.183	0.171	0.183	0.135	0.18
2020-07-28T06:40:05Z	0.173	0.183	0.171	0.183	0.136	0.18
2020-07-28T07:00:05Z	0.173	0.183	0.171	0.183	0.136	0.18
2020-07-28T07:20:05Z	0.173	0.183	0.171	0.183	0.136	0.18
2020-07-28T07:40:05Z	0.173	0.183	0.171	0.183	0.136	0.18
2020-07-28T08:00:05Z	0.172	0.183	0.171	0.183	0.136	0.18
2020-07-28T08:20:05Z	0.172	0.182	0.171	0.183	0.136	0.18
2020-07-28T08:40:05Z	0.172	0.182	0.171	0.183	0.136	0.18
2020-07-28T09:00:05Z	0.172	0.182	0.171	0.183	0.136	0.18
2020-07-28T09:20:05Z	0.172	0.182	0.171	0.183	0.136	0.18
2020-07-28T09:40:05Z	0.172	0.182	0.171	0.183	0.136	0.18
2020-07-28T10:00:05Z	0.171	0.181	0.171	0.183	0.136	0.18
2020-07-28T10:20:05Z	0.171	0.181	0.171	0.183	0.136	0.18
2020-07-28T10:40:05Z	0.171	0.181	0.171	0.183	0.136	0.18
2020-07-28T11:00:05Z	0.17	0.18	0.171	0.183	0.136	0.18
2020-07-28T11:20:05Z	0.169	0.18	0.171	0.183	0.136	0.18
2020-07-28T11:40:05Z	0.169	0.18	0.171	0.183	0.136	0.18
2020-07-28T12:00:05Z	0.168	0.18	0.171	0.183	0.136	0.18
2020-07-28T12:20:05Z	0.168	0.179	0.171	0.183	0.136	0.18
2020-07-28T12:40:05Z	0.168	0.179	0.17	0.183	0.136	0.18
2020-07-28T13:00:05Z	0.167	0.179	0.17	0.183	0.136	0.18
2020-07-28T13:20:05Z	0.166	0.179	0.17	0.183	0.136	0.18
2020-07-28T13:40:05Z	0.166	0.178	0.17	0.183	0.136	0.18
2020-07-28T14:00:05Z	0.166	0.178	0.17	0.183	0.136	0.18
2020-07-28T14:20:05Z	0.165	0.177	0.17	0.182	0.136	0.18
2020-07-28T14:40:05Z	0.165	0.177	0.17	0.182	0.136	0.18
2020-07-28T15:00:05Z	0.164	0.177	0.17	0.182	0.136	0.18
2020-07-28T15:20:05Z	0.164	0.176	0.17	0.182	0.136	0.18
2020-07-28T15:40:05Z	0.163	0.176	0.17	0.182	0.136	0.18
2020-07-28T16:00:05Z	0.163	0.176	0.169	0.182	0.136	0.18
2020-07-28T16:20:05Z	0.162	0.176	0.169	0.182	0.136	0.18
2020-07-28T16:40:05Z	0.162	0.175	0.169	0.182	0.136	0.18
2020-07-28T17:00:05Z	0.162	0.175	0.169	0.182	0.136	0.18
2020-07-28T17:20:05Z	0.161	0.175	0.169	0.182	0.136	0.18
2020-07-28T17:40:05Z	0.161	0.174	0.169	0.182	0.136	0.18
2020-07-28T18:00:05Z	0.161	0.174	0.169	0.182	0.136	0.18
2020-07-28T18:20:05Z	0.161	0.174	0.169	0.181	0.136	0.18
2020-07-28T18:40:05Z	0.161	0.174	0.169	0.181	0.136	0.18
2020-07-28T19:00:05Z	0.16	0.174	0.168	0.181	0.136	0.18
2020-07-28T19:20:05Z	0.16	0.174	0.168	0.181	0.136	0.18
2020-07-28T19:40:05Z	0.16	0.173	0.168	0.181	0.136	0.18
2020-07-28T20:00:05Z	0.16	0.173	0.168	0.181	0.136	0.18
2020-07-28T20:20:05Z	0.16	0.173	0.168	0.181	0.136	0.18
2020-07-28T20:40:05Z	0.16	0.173	0.168	0.181	0.136	0.18
2020-07-28T21:00:05Z	0.16	0.173	0.168	0.181	0.136	0.179
2020-07-28T21:20:05Z	0.16	0.173	0.168	0.181	0.136	0.18
2020-07-28T21:40:05Z	0.16	0.173	0.168	0.181	0.136	0.18
2020-07-28T22:00:05Z	0.16	0.173	0.168	0.181	0.136	0.179
2020-07-28T22:20:05Z	0.16	0.173	0.168	0.181	0.135	0.179
2020-07-28T22:40:05Z	0.16	0.173	0.168	0.18	0.135	0.179
2020-07-28T23:00:05Z	0.16	0.172	0.168	0.18	0.135	0.179
2020-07-28T23:20:05Z	0.159	0.172	0.168	0.18	0.135	0.179
2020-07-28T23:40:05Z	0.159	0.172	0.168	0.18	0.135	0.179
2020-07-29T00:00:05Z	0.159	0.172	0.167	0.18	0.135	0.179
2020-07-29T00:20:05Z	0.159	0.172	0.167	0.18	0.135	0.179
2020-07-29T00:40:05Z	0.159	0.172	0.167	0.18	0.135	0.179
2020-07-29T01:00:05Z	0.159	0.172	0.167	0.18	0.135	0.179
2020-07-29T01:20:05Z	0.159	0.172	0.167	0.18	0.135	0.179
2020-07-29T01:40:05Z	0.159	0.172	0.167	0.18	0.135	0.179
2020-07-29T02:00:05Z	0.159	0.171	0.167	0.18	0.135	0.179
2020-07-29T02:20:05Z	0.159	0.171	0.167	0.18	0.135	0.179
2020-07-29T02:40:05Z	0.159	0.171	0.167	0.18	0.135	0.179
2020-07-29T03:00:05Z	0.159	0.171	0.167	0.18	0.135	0.179
2020-07-29T03:20:05Z	0.159	0.171	0.167	0.18	0.135	0.179
2020-07-29T03:40:05Z	0.159	0.171	0.167	0.18	0.135	0.179
2020-07-29T04:00:05Z	0.159	0.171	0.167	0.18	0.135	0.179
2020-07-29T04:20:05Z	0.159	0.171	0.167	0.18	0.135	0.179
2020-07-29T04:40:05Z	0.159	0.171	0.167	0.18	0.136	0.179
2020-07-29T05:00:05Z	0.159	0.171	0.167	0.18	0.136	0.179
2020-07-29T05:20:05Z	0.159	0.171	0.167	0.18	0.136	0.179
2020-07-29T05:40:05Z	0.159	0.171	0.167	0.18	0.136	0.179
2020-07-29T06:00:05Z	0.159	0.171	0.167	0.18	0.136	0.179
2020-07-29T06:20:05Z	0.159	0.171	0.167	0.18	0.136	0.18
2020-07-29T06:40:05Z	0.159	0.171	0.167	0.18	0.136	0.18
2020-07-29T07:00:05Z	0.16	0.171	0.167	0.18	0.136	0.18
2020-07-29T07:20:05Z	0.16	0.171	0.167	0.18	0.136	0.18
2020-07-29T07:40:05Z	0.159	0.171	0.167	0.18	0.136	0.18
2020-07-29T08:00:05Z	0.159	0.171	0.167	0.18	0.136	0.18
2020-07-29T08:20:05Z	0.159	0.171	0.167	0.18	0.136	0.18
2020-07-29T08:40:05Z	0.159	0.17	0.167	0.18	0.136	0.18
2020-07-29T09:00:05Z	0.158	0.17	0.167	0.18	0.136	0.18
2020-07-29T09:20:05Z	0.158	0.17	0.167	0.18	0.137	0.18
2020-07-29T09:40:05Z	0.158	0.17	0.167	0.18	0.136	0.18
2020-07-29T10:00:05Z	0.158	0.17	0.167	0.18	0.136	0.18
2020-07-29T10:20:05Z	0.157	0.169	0.167	0.179	0.136	0.18
2020-07-29T10:40:05Z	0.157	0.169	0.167	0.179	0.136	0.18
2020-07-29T11:00:05Z	0.156	0.169	0.167	0.179	0.136	0.18
2020-07-29T11:20:05Z	0.156	0.169	0.167	0.179	0.136	0.18
2020-07-29T11:40:05Z	0.156	0.168	0.166	0.179	0.136	0.18
2020-07-29T12:00:05Z	0.156	0.168	0.166	0.179	0.136	0.18
2020-07-29T12:20:05Z	0.155	0.168	0.166	0.179	0.136	0.18
2020-07-29T12:40:05Z	0.155	0.168	0.166	0.179	0.136	0.18
2020-07-29T13:00:05Z	0.154	0.168	0.166	0.179	0.136	0.18
2020-07-29T13:20:05Z	0.154	0.167	0.166	0.179	0.136	0.18
2020-07-29T13:40:05Z	0.154	0.167	0.166	0.179	0.136	0.18
2020-07-29T14:00:05Z	0.153	0.167	0.166	0.179	0.136	0.18
2020-07-29T14:20:05Z	0.153	0.167	0.166	0.179	0.136	0.18
2020-07-29T14:40:05Z	0.153	0.167	0.166	0.179	0.136	0.18
2020-07-29T15:00:05Z	0.152	0.166	0.166	0.179	0.137	0.18
2020-07-29T15:20:05Z	0.152	0.166	0.166	0.179	0.136	0.18
2020-07-29T15:40:05Z	0.151	0.166	0.166	0.179	0.136	0.18
2020-07-29T16:00:05Z	0.151	0.166	0.166	0.179	0.136	0.18
2020-07-29T16:20:05Z	0.151	0.166	0.166	0.179	0.136	0.18
2020-07-29T16:40:05Z	0.15	0.166	0.166	0.179	0.136	0.18
2020-07-29T17:00:05Z	0.15	0.166	0.166	0.179	0.136	0.18
2020-07-29T17:20:05Z	0.15	0.165	0.165	0.178	0.136	0.18
2020-07-29T17:40:05Z	0.15	0.165	0.165	0.178	0.136	0.18
2020-07-29T18:00:05Z	0.15	0.165	0.165	0.178	0.136	0.179
2020-07-29T18:20:05Z	0.149	0.165	0.165	0.178	0.136	0.179
2020-07-29T18:40:05Z	0.149	0.165	0.165	0.178	0.136	0.179
2020-07-29T19:00:05Z	0.149	0.164	0.165	0.178	0.136	0.179
2020-07-29T19:20:05Z	0.149	0.164	0.165	0.178	0.136	0.179
2020-07-29T19:40:05Z	0.149	0.164	0.165	0.178	0.135	0.179
2020-07-29T20:00:05Z	0.148	0.164	0.165	0.177	0.135	0.179
2020-07-29T20:20:05Z	0.148	0.164	0.164	0.177	0.135	0.179
2020-07-29T20:40:05Z	0.148	0.164	0.164	0.177	0.135	0.179
2020-07-29T21:00:05Z	0.148	0.164	0.164	0.177	0.135	0.179
2020-07-29T21:20:05Z	0.148	0.164	0.164	0.177	0.135	0.179
2020-07-29T21:40:05Z	0.148	0.164	0.164	0.177	0.135	0.179
2020-07-29T22:00:05Z	0.148	0.164	0.164	0.177	0.135	0.179
2020-07-29T22:20:05Z	0.148	0.164	0.164	0.177	0.135	0.179
2020-07-29T22:40:05Z	0.148	0.164	0.164	0.177	0.135	0.179
2020-07-29T23:00:05Z	0.148	0.164	0.164	0.177	0.135	0.179
2020-07-29T23:20:05Z	0.148	0.164	0.164	0.177	0.135	0.179
2020-07-29T23:40:05Z	0.148	0.164	0.164	0.177	0.135	0.179
2020-07-30T00:00:05Z	0.147	0.164	0.164	0.177	0.135	0.179
2020-07-30T00:20:05Z	0.147	0.164	0.164	0.177	0.135	0.179
2020-07-30T00:40:05Z	0.147	0.164	0.164	0.177	0.135	0.179
2020-07-30T01:00:05Z	0.147	0.164	0.164	0.177	0.135	0.179
2020-07-30T01:20:05Z	0.147	0.164	0.164	0.177	0.135	0.179
2020-07-30T01:40:05Z	0.147	0.164	0.164	0.177	0.135	0.179
2020-07-30T02:00:05Z	0.147	0.164	0.164	0.176	0.135	0.179
2020-07-30T02:20:05Z	0.147	0.164	0.163	0.176	0.135	0.179
2020-07-30T02:40:05Z	0.147	0.164	0.163	0.176	0.135	0.179
2020-07-30T03:00:05Z	0.147	0.164	0.163	0.176	0.135	0.179
2020-07-30T03:20:05Z	0.147	0.164	0.163	0.176	0.135	0.179
2020-07-30T03:40:05Z	0.147	0.164	0.163	0.176	0.135	0.179
2020-07-30T04:00:05Z	0.147	0.164	0.163	0.176	0.135	0.179
2020-07-30T04:20:05Z	0.147	0.164	0.163	0.176	0.135	0.179
2020-07-30T04:40:05Z	0.147	0.164	0.163	0.176	0.135	0.179
2020-07-30T05:00:05Z	0.147	0.164	0.163	0.176	0.135	0.179
2020-07-30T05:20:05Z	0.147	0.164	0.164	0.176	0.135	0.179
2020-07-30T05:40:05Z	0.148	0.164	0.164	0.176	0.136	0.179
2020-07-30T06:00:05Z	0.148	0.164	0.163	0.176	0.135	0.179
2020-07-30T06:20:05Z	0.148	0.164	0.163	0.176	0.136	0.179
2020-07-30T06:40:05Z	0.148	0.164	0.164	0.177	0.136	0.179
2020-07-30T07:00:05Z	0.148	0.164	0.164	0.176	0.136	0.179
2020-07-30T07:20:05Z	0.148	0.164	0.164	0.177	0.136	0.18
2020-07-30T07:40:05Z	0.148	0.164	0.164	0.177	0.136	0.18
2020-07-30T08:00:05Z	0.148	0.164	0.164	0.177	0.136	0.18
2020-07-30T08:20:05Z	0.148	0.164	0.164	0.177	0.136	0.18
2020-07-30T08:40:05Z	0.148	0.164	0.163	0.177	0.136	0.18
2020-07-30T09:00:05Z	0.147	0.164	0.163	0.177	0.136	0.18
2020-07-30T09:20:05Z	0.147	0.164	0.163	0.177	0.136	0.18
2020-07-30T09:40:05Z	0.147	0.163	0.163	0.177	0.136	0.18
2020-07-30T10:00:05Z	0.146	0.163	0.163	0.176	0.136	0.18
2020-07-30T10:20:05Z	0.146	0.163	0.163	0.176	0.136	0.18
2020-07-30T10:40:05Z	0.146	0.163	0.163	0.176	0.136	0.18
2020-07-30T11:00:05Z	0.146	0.162	0.163	0.176	0.136	0.18
2020-07-30T11:20:05Z	0.145	0.162	0.163	0.176	0.136	0.18
2020-07-30T11:40:05Z	0.144	0.162	0.163	0.176	0.136	0.18
2020-07-30T12:00:05Z	0.144	0.161	0.163	0.176	0.136	0.18
2020-07-30T12:20:05Z	0.144	0.161	0.163	0.176	0.136	0.18
2020-07-30T12:40:05Z	0.143	0.161	0.162	0.176	0.136	0.18
2020-07-30T13:00:05Z	0.143	0.16	0.162	0.176	0.136	0.18
2020-07-30T13:20:05Z	0.142	0.16	0.162	0.176	0.136	0.18
2020-07-30T13:40:05Z	0.142	0.16	0.162	0.176	0.136	0.18
2020-07-30T14:00:05Z	0.141	0.16	0.162	0.176	0.136	0.18
2020-07-30T14:20:05Z	0.141	0.16	0.162	0.176	0.136	0.18
2020-07-30T14:40:05Z	0.141	0.159	0.162	0.176	0.136	0.18
2020-07-30T15:00:05Z	0.14	0.159	0.162	0.176	0.136	0.18
2020-07-30T15:20:05Z	0.14	0.159	0.162	0.176	0.136	0.18
2020-07-30T15:40:05Z	0.139	0.158	0.162	0.176	0.136	0.18
2020-07-30T16:00:05Z	0.138	0.158	0.162	0.176	0.136	0.18
2020-07-30T16:20:05Z	0.138	0.158	0.161	0.176	0.136	0.18
2020-07-30T16:40:05Z	0.138	0.158	0.161	0.175	0.136	0.18
2020-07-30T17:00:05Z	0.138	0.158	0.161	0.175	0.136	0.179
2020-07-30T17:20:05Z	0.137	0.158	0.161	0.175	0.136	0.179
2020-07-30T17:40:05Z	0.137	0.158	0.161	0.175	0.136	0.179
2020-07-30T18:00:05Z	0.137	0.158	0.161	0.175	0.136	0.179
2020-07-30T18:20:05Z	0.137	0.157	0.161	0.175	0.136	0.179
2020-07-30T18:40:05Z	0.136	0.157	0.161	0.175	0.135	0.179
2020-07-30T19:00:05Z	0.136	0.157	0.161	0.175	0.135	0.179
2020-07-30T19:20:05Z	0.136	0.157	0.161	0.175	0.135	0.179
2020-07-30T19:40:05Z	0.136	0.157	0.161	0.175	0.135	0.179
2020-07-30T20:00:05Z	0.135	0.157	0.161	0.174	0.135	0.179
2020-07-30T20:20:05Z	0.135	0.157	0.161	0.174	0.135	0.179
2020-07-30T20:40:05Z	0.135	0.157	0.161	0.174	0.135	0.179
2020-07-30T21:00:05Z	0.135	0.157	0.161	0.174	0.135	0.179
2020-07-30T21:20:05Z	0.135	0.157	0.161	0.174	0.135	0.179
2020-07-30T21:40:05Z	0.135	0.157	0.161	0.174	0.135	0.179
2020-07-30T22:00:05Z	0.135	0.157	0.16	0.174	0.135	0.179
2020-07-30T22:20:05Z	0.135	0.157	0.16	0.174	0.135	0.179
2020-07-30T22:40:05Z	0.135	0.157	0.16	0.174	0.135	0.179
2020-07-30T23:00:05Z	0.135	0.157	0.16	0.174	0.135	0.179
2020-07-30T23:20:05Z	0.135	0.157	0.16	0.174	0.135	0.179
2020-07-30T23:40:05Z	0.135	0.157	0.16	0.174	0.135	0.179
2020-07-31T00:00:05Z	0.135	0.157	0.16	0.174	0.135	0.179
2020-07-31T00:20:05Z	0.135	0.157	0.16	0.174	0.135	0.179
2020-07-31T00:40:05Z	0.135	0.157	0.16	0.174	0.135	0.179
2020-07-31T01:00:05Z	0.135	0.157	0.16	0.174	0.135	0.179
2020-07-31T01:20:05Z	0.135	0.157	0.16	0.174	0.135	0.179
2020-07-31T01:40:05Z	0.135	0.156	0.16	0.174	0.135	0.179
2020-07-31T02:00:05Z	0.135	0.157	0.16	0.174	0.135	0.179
2020-07-31T02:20:05Z	0.135	0.156	0.16	0.174	0.135	0.179
2020-07-31T02:40:05Z	0.135	0.156	0.16	0.174	0.135	0.179
2020-07-31T03:00:05Z	0.135	0.156	0.16	0.174	0.135	0.179
2020-07-31T03:20:05Z	0.135	0.156	0.16	0.173	0.135	0.179
2020-07-31T03:40:05Z	0.135	0.156	0.16	0.173	0.135	0.179
2020-07-31T04:00:05Z	0.135	0.156	0.16	0.173	0.135	0.179
2020-07-31T04:20:05Z	0.134	0.156	0.16	0.173	0.135	0.179
2020-07-31T04:40:05Z	0.135	0.156	0.16	0.173	0.135	0.179
2020-07-31T05:00:05Z	0.135	0.157	0.16	0.173	0.135	0.179
2020-07-31T05:20:05Z	0.135	0.157	0.16	0.173	0.135	0.179
2020-07-31T05:40:05Z	0.135	0.157	0.16	0.174	0.135	0.179
2020-07-31T06:00:05Z	0.135	0.157	0.16	0.174	0.135	0.179
2020-07-31T06:20:05Z	0.135	0.157	0.16	0.174	0.135	0.18
2020-07-31T06:40:05Z	0.135	0.157	0.16	0.174	0.136	0.18
2020-07-31T07:00:05Z	0.135	0.157	0.16	0.174	0.136	0.18
2020-07-31T07:20:05Z	0.135	0.157	0.16	0.174	0.136	0.18
2020-07-31T07:40:05Z	0.135	0.157	0.16	0.174	0.136	0.18
2020-07-31T08:00:05Z	0.135	0.157	0.16	0.174	0.136	0.18
2020-07-31T08:20:05Z	0.135	0.156	0.16	0.174	0.136	0.18
2020-07-31T08:40:05Z	0.135	0.156	0.16	0.174	0.136	0.18
2020-07-31T09:00:05Z	0.134	0.155	0.16	0.174	0.136	0.18
2020-07-31T09:20:05Z	0.134	0.155	0.16	0.174	0.136	0.18
2020-07-31T09:40:05Z	0.134	0.154	0.159	0.174	0.136	0.18
2020-07-31T10:00:05Z	0.133	0.154	0.159	0.174	0.136	0.18
2020-07-31T10:20:05Z	0.133	0.154	0.159	0.174	0.136	0.18
2020-07-31T10:40:05Z	0.133	0.154	0.159	0.174	0.136	0.18
2020-07-31T11:00:05Z	0.132	0.153	0.159	0.174	0.136	0.18
2020-07-31T11:20:05Z	0.131	0.152	0.159	0.174	0.136	0.18
2020-07-31T11:40:05Z	0.131	0.152	0.159	0.174	0.136	0.18
2020-07-31T12:00:05Z	0.131	0.152	0.159	0.174	0.136	0.18
2020-07-31T12:20:05Z	0.13	0.151	0.158	0.173	0.136	0.18
2020-07-31T12:40:05Z	0.129	0.151	0.158	0.173	0.136	0.18
2020-07-31T13:00:05Z	0.129	0.15	0.158	0.173	0.136	0.18
2020-07-31T13:20:05Z	0.128	0.15	0.158	0.173	0.136	0.18
2020-07-31T13:40:05Z	0.128	0.149	0.158	0.173	0.136	0.18
2020-07-31T14:00:05Z	0.127	0.149	0.158	0.173	0.136	0.18
2020-07-31T14:20:05Z	0.127	0.148	0.158	0.173	0.136	0.18
2020-07-31T14:40:05Z	0.126	0.148	0.158	0.173	0.136	0.18
2020-07-31T15:00:05Z	0.126	0.148	0.158	0.173	0.136	0.18
2020-07-31T15:20:05Z	0.125	0.147	0.157	0.173	0.136	0.18
2020-07-31T15:40:05Z	0.124	0.147	0.157	0.173	0.136	0.18
2020-07-31T16:00:05Z	0.124	0.147	0.157	0.173	0.136	0.18
2020-07-31T16:20:05Z	0.124	0.146	0.157	0.173	0.136	0.18
2020-07-31T16:40:05Z	0.123	0.146	0.157	0.173	0.136	0.18
2020-07-31T17:00:05Z	0.122	0.146	0.157	0.173	0.136	0.18
2020-07-31T17:20:05Z	0.122	0.146	0.157	0.173	0.136	0.18
2020-07-31T17:40:05Z	0.122	0.146	0.156	0.173	0.135	0.18
2020-07-31T18:00:05Z	0.122	0.145	0.156	0.173	0.135	0.18
2020-07-31T18:20:05Z	0.121	0.145	0.156	0.173	0.135	0.18
2020-07-31T18:40:05Z	0.121	0.145	0.156	0.172	0.135	0.179
2020-07-31T19:00:05Z	0.121	0.145	0.156	0.172	0.135	0.179
2020-07-31T19:20:05Z	0.121	0.145	0.156	0.172	0.135	0.179
2020-07-31T19:40:05Z	0.121	0.145	0.156	0.172	0.135	0.179
2020-07-31T20:00:05Z	0.121	0.145	0.156	0.172	0.135	0.179
2020-07-31T20:20:05Z	0.12	0.145	0.156	0.172	0.135	0.179
2020-07-31T20:40:05Z	0.12	0.145	0.156	0.172	0.135	0.179
2020-07-31T21:00:05Z	0.12	0.145	0.156	0.172	0.135	0.179
2020-07-31T21:20:05Z	0.12	0.145	0.156	0.172	0.135	0.179
2020-07-31T21:40:05Z	0.12	0.145	0.156	0.172	0.135	0.179
2020-07-31T22:00:05Z	0.12	0.145	0.156	0.172	0.135	0.179
2020-07-31T22:20:05Z	0.12	0.145	0.156	0.172	0.135	0.179
2020-07-31T22:40:05Z	0.12	0.145	0.156	0.172	0.135	0.179
2020-07-31T23:00:05Z	0.12	0.145	0.156	0.172	0.135	0.179
2020-07-31T23:20:05Z	0.12	0.145	0.156	0.172	0.135	0.179
2020-07-31T23:40:05Z	0.12	0.145	0.156	0.172	0.135	0.179
2020-08-01T00:00:05Z	0.12	0.145	0.156	0.171	0.135	0.179
2020-08-01T00:20:05Z	0.12	0.145	0.156	0.171	0.135	0.179
2020-08-01T00:40:05Z	0.119	0.145	0.156	0.171	0.135	0.179
2020-08-01T01:00:05Z	0.119	0.145	0.156	0.171	0.135	0.179
2020-08-01T01:20:05Z	0.119	0.145	0.156	0.171	0.135	0.179
2020-08-01T01:40:05Z	0.119	0.145	0.156	0.171	0.135	0.179
2020-08-01T02:00:05Z	0.119	0.145	0.156	0.171	0.135	0.179
2020-08-01T02:20:05Z	0.119	0.145	0.156	0.171	0.135	0.179
2020-08-01T02:40:05Z	0.119	0.145	0.156	0.171	0.135	0.179
2020-08-01T03:00:05Z	0.119	0.145	0.156	0.171	0.135	0.179
2020-08-01T03:20:05Z	0.119	0.145	0.155	0.171	0.135	0.179
2020-08-01T03:40:05Z	0.119	0.145	0.155	0.171	0.135	0.179
2020-08-01T04:00:05Z	0.119	0.145	0.155	0.171	0.135	0.179
2020-08-01T04:20:05Z	0.119	0.145	0.155	0.171	0.135	0.179
2020-08-01T04:40:05Z	0.119	0.145	0.156	0.171	0.135	0.179
2020-08-01T05:00:05Z	0.119	0.145	0.156	0.171	0.135	0.179
2020-08-01T05:20:05Z	0.119	0.145	0.156	0.171	0.135	0.179
2020-08-01T05:40:05Z	0.12	0.145	0.156	0.171	0.135	0.179
2020-08-01T06:00:05Z	0.12	0.146	0.156	0.171	0.135	0.18
2020-08-01T06:20:05Z	0.12	0.146	0.156	0.171	0.135	0.18
2020-08-01T06:40:05Z	0.12	0.145	0.156	0.171	0.135	0.18
2020-08-01T07:00:05Z	0.12	0.145	0.156	0.171	0.135	0.18
2020-08-01T07:20:05Z	0.12	0.145	0.156	0.171	0.135	0.18
2020-08-01T07:40:05Z	0.12	0.145	0.155	0.171	0.135	0.18
2020-08-01T08:00:05Z	0.119	0.144	0.155	0.171	0.135	0.18
2020-08-01T08:20:05Z	0.119	0.144	0.155	0.171	0.135	0.18
2020-08-01T08:40:05Z	0.119	0.143	0.155	0.171	0.135	0.18
2020-08-01T09:00:05Z	0.119	0.143	0.155	0.171	0.135	0.18
2020-08-01T09:20:05Z	0.119	0.142	0.154	0.171	0.135	0.18
2020-08-01T09:40:05Z	0.118	0.142	0.154	0.171	0.136	0.18
2020-08-01T10:00:05Z	0.118	0.141	0.154	0.171	0.136	0.18
2020-08-01T10:20:05Z	0.117	0.14	0.154	0.171	0.136	0.18
2020-08-01T10:40:05Z	0.117	0.14	0.154	0.171	0.136	0.18
2020-08-01T11:00:05Z	0.117	0.139	0.153	0.171	0.136	0.18
2020-08-01T11:20:05Z	0.116	0.138	0.153	0.171	0.136	0.18
2020-08-01T11:40:05Z	0.116	0.138	0.153	0.171	0.136	0.18
2020-08-01T12:00:05Z	0.116	0.137	0.153	0.171	0.136	0.18
2020-08-01T12:20:05Z	0.115	0.136	0.152	0.171	0.136	0.18
2020-08-01T12:40:05Z	0.115	0.136	0.152	0.171	0.136	0.18
2020-08-01T13:00:05Z	0.114	0.135	0.152	0.171	0.136	0.18
2020-08-01T13:20:05Z	0.114	0.134	0.152	0.171	0.136	0.18
2020-08-01T13:40:05Z	0.114	0.133	0.151	0.171	0.136	0.18
2020-08-01T14:00:05Z	0.113	0.132	0.151	0.171	0.136	0.18
2020-08-01T14:20:05Z	0.113	0.132	0.151	0.171	0.136	0.18
2020-08-01T14:40:05Z	0.112	0.131	0.151	0.171	0.136	0.18
2020-08-01T15:00:05Z	0.112	0.13	0.151	0.171	0.136	0.18
2020-08-01T15:20:05Z	0.111	0.13	0.15	0.171	0.136	0.18
2020-08-01T15:40:05Z	0.111	0.129	0.15	0.171	0.136	0.18
2020-08-01T16:00:05Z	0.11	0.129	0.15	0.171	0.136	0.18
2020-08-01T16:20:05Z	0.11	0.128	0.15	0.17	0.135	0.18
2020-08-01T16:40:05Z	0.109	0.128	0.15	0.17	0.135	0.18
2020-08-01T17:00:05Z	0.109	0.128	0.15	0.17	0.135	0.18
2020-08-01T17:20:05Z	0.109	0.128	0.15	0.17	0.135	0.18
2020-08-01T17:40:05Z	0.109	0.128	0.15	0.17	0.135	0.18
2020-08-01T18:00:05Z	0.109	0.128	0.15	0.17	0.135	0.18
2020-08-01T18:20:05Z	0.108	0.128	0.15	0.17	0.135	0.18
2020-08-01T18:40:05Z	0.108	0.128	0.15	0.17	0.135	0.18
2020-08-01T19:00:05Z	0.108	0.128	0.149	0.17	0.135	0.18
2020-08-01T19:20:05Z	0.108	0.128	0.149	0.17	0.135	0.18
2020-08-01T19:40:05Z	0.108	0.128	0.149	0.17	0.135	0.18
2020-08-01T20:00:05Z	0.108	0.128	0.149	0.169	0.135	0.18
2020-08-01T20:20:05Z	0.108	0.128	0.149	0.169	0.135	0.18
2020-08-01T20:40:05Z	0.108	0.128	0.149	0.169	0.135	0.18
2020-08-01T21:00:05Z	0.108	0.128	0.149	0.169	0.135	0.18
2020-08-01T21:20:05Z	0.108	0.128	0.149	0.169	0.135	0.18
2020-08-01T21:40:05Z	0.108	0.128	0.149	0.169	0.135	0.18
2020-08-01T22:00:05Z	0.108	0.128	0.149	0.169	0.135	0.18
2020-08-01T22:20:05Z	0.108	0.128	0.149	0.169	0.135	0.18
2020-08-01T22:40:05Z	0.107	0.128	0.149	0.169	0.135	0.18
2020-08-01T23:00:05Z	0.107	0.128	0.149	0.169	0.135	0.18
2020-08-01T23:20:05Z	0.107	0.128	0.149	0.169	0.135	0.18
2020-08-01T23:40:05Z	0.107	0.128	0.149	0.169	0.135	0.18
2020-08-02T00:00:05Z	0.107	0.128	0.149	0.169	0.135	0.18
2020-08-02T00:20:05Z	0.107	0.128	0.149	0.169	0.135	0.18
2020-08-02T00:40:05Z	0.107	0.128	0.149	0.169	0.135	0.18
2020-08-02T01:00:05Z	0.107	0.128	0.149	0.169	0.135	0.18
2020-08-02T01:20:05Z	0.107	0.128	0.149	0.169	0.135	0.18
2020-08-02T01:40:05Z	0.107	0.128	0.149	0.168	0.135	0.18
2020-08-02T02:00:05Z	0.107	0.128	0.149	0.168	0.135	0.18
2020-08-02T02:20:05Z	0.107	0.128	0.149	0.168	0.135	0.18
2020-08-02T02:40:05Z	0.107	0.128	0.149	0.168	0.135	0.18
2020-08-02T03:00:05Z	0.107	0.128	0.149	0.168	0.135	0.18
2020-08-02T03:20:05Z	0.107	0.128	0.149	0.168	0.135	0.18
2020-08-02T03:40:05Z	0.107	0.128	0.149	0.168	0.135	0.18
2020-08-02T04:00:05Z	0.107	0.128	0.149	0.168	0.135	0.18
2020-08-02T04:20:05Z	0.107	0.128	0.149	0.168	0.135	0.18
2020-08-02T04:40:05Z	0.106	0.128	0.149	0.168	0.135	0.18
2020-08-02T05:00:05Z	0.106	0.128	0.149	0.168	0.135	0.18
2020-08-02T05:20:05Z	0.107	0.128	0.149	0.168	0.135	0.18
2020-08-02T05:40:05Z	0.107	0.128	0.149	0.168	0.135	0.18
2020-08-02T06:00:05Z	0.107	0.128	0.149	0.168	0.135	0.18
2020-08-02T06:20:05Z	0.107	0.128	0.149	0.168	0.135	0.18
2020-08-02T06:40:05Z	0.107	0.127	0.149	0.168	0.135	0.18
2020-08-02T07:00:05Z	0.107	0.127	0.148	0.168	0.135	0.18
2020-08-02T07:20:05Z	0.107	0.127	0.148	0.168	0.135	0.18
2020-08-02T07:40:05Z	0.107	0.127	0.148	0.168	0.135	0.18
2020-08-02T08:00:05Z	0.106	0.127	0.149	0.168	0.135	0.18
2020-08-02T08:20:05Z	0.106	0.127	0.148	0.168	0.135	0.18
2020-08-02T08:40:05Z	0.106	0.127	0.148	0.168	0.135	0.18
2020-08-02T09:00:05Z	0.107	0.127	0.148	0.168	0.135	0.18
2020-08-02T09:20:05Z	0.107	0.127	0.148	0.168	0.135	0.18
2020-08-02T09:40:05Z	0.107	0.127	0.148	0.168	0.135	0.18
2020-08-02T10:00:05Z	0.108	0.127	0.148	0.168	0.135	0.18
2020-08-02T10:20:05Z	0.108	0.127	0.148	0.168	0.135	0.18
2020-08-02T10:40:05Z	0.108	0.127	0.148	0.168	0.135	0.18
2020-08-02T11:00:05Z	0.108	0.128	0.148	0.168	0.135	0.18
2020-08-02T11:20:05Z	0.109	0.128	0.148	0.168	0.135	0.18
2020-08-02T11:40:05Z	0.109	0.128	0.148	0.168	0.135	0.18
2020-08-02T12:00:05Z	0.109	0.128	0.148	0.168	0.135	0.18
2020-08-02T12:20:05Z	0.109	0.128	0.149	0.168	0.135	0.18
2020-08-02T12:40:05Z	0.109	0.128	0.149	0.168	0.135	0.18
2020-08-02T13:00:05Z	0.109	0.128	0.15	0.168	0.135	0.18
2020-08-02T13:20:05Z	0.11	0.128	0.15	0.168	0.135	0.18
2020-08-02T13:40:05Z	0.11	0.128	0.149	0.168	0.135	0.18
2020-08-02T14:00:05Z	0.11	0.128	0.149	0.168	0.135	0.18
2020-08-02T14:20:05Z	0.11	0.128	0.149	0.168	0.135	0.18
2020-08-02T14:40:05Z	0.11	0.128	0.149	0.168	0.135	0.18
2020-08-02T15:00:05Z	0.11	0.128	0.149	0.168	0.135	0.18
2020-08-02T15:20:05Z	0.11	0.128	0.149	0.167	0.135	0.18
2020-08-02T15:40:05Z	0.11	0.128	0.149	0.167	0.135	0.18
2020-08-02T16:00:05Z	0.11	0.128	0.149	0.167	0.135	0.18
2020-08-02T16:20:05Z	0.11	0.128	0.149	0.167	0.135	0.18
2020-08-02T16:40:05Z	0.11	0.128	0.149	0.167	0.135	0.18
2020-08-02T17:00:05Z	0.11	0.128	0.149	0.167	0.135	0.18
2020-08-02T17:20:05Z	0.111	0.128	0.149	0.167	0.135	0.18
2020-08-02T17:40:05Z	0.111	0.128	0.149	0.167	0.135	0.18
2020-08-02T18:00:05Z	0.111	0.128	0.149	0.167	0.135	0.18
2020-08-02T18:20:05Z	0.111	0.128	0.149	0.167	0.135	0.18
2020-08-02T18:40:05Z	0.111	0.127	0.149	0.167	0.135	0.18
2020-08-02T19:00:05Z	0.111	0.128	0.149	0.167	0.135	0.18
2020-08-02T19:20:05Z	0.111	0.127	0.149	0.167	0.135	0.18
2020-08-02T19:40:05Z	0.111	0.127	0.149	0.167	0.134	0.18
2020-08-02T20:00:05Z	0.111	0.128	0.149	0.167	0.134	0.18
2020-08-02T20:20:05Z	0.111	0.128	0.149	0.166	0.134	0.18
2020-08-02T20:40:05Z	0.111	0.128	0.149	0.166	0.134	0.18
2020-08-02T21:00:05Z	0.111	0.127	0.149	0.166	0.134	0.18
2020-08-02T21:20:05Z	0.111	0.127	0.149	0.166	0.134	0.18
2020-08-02T21:40:05Z	0.111	0.127	0.149	0.166	0.134	0.18
2020-08-02T22:00:05Z	0.111	0.127	0.149	0.166	0.134	0.18
2020-08-02T22:20:05Z	0.112	0.127	0.149	0.166	0.134	0.18
2020-08-02T22:40:05Z	0.111	0.127	0.148	0.166	0.134	0.18
2020-08-02T23:00:05Z	0.112	0.127	0.148	0.166	0.134	0.18
2020-08-02T23:20:05Z	0.112	0.127	0.148	0.166	0.134	0.18
2020-08-02T23:40:05Z	0.112	0.127	0.148	0.166	0.134	0.179
2020-08-03T00:00:05Z	0.112	0.127	0.148	0.166	0.134	0.179
2020-08-03T00:20:05Z	0.112	0.127	0.148	0.166	0.134	0.18
2020-08-03T00:40:05Z	0.112	0.127	0.148	0.166	0.134	0.18
2020-08-03T01:00:05Z	0.112	0.127	0.148	0.166	0.134	0.18
2020-08-03T01:20:05Z	0.112	0.127	0.148	0.166	0.134	0.18
2020-08-03T01:40:05Z	0.112	0.127	0.148	0.166	0.134	0.18
2020-08-03T02:00:05Z	0.112	0.127	0.148	0.166	0.134	0.18
2020-08-03T02:20:05Z	0.112	0.127	0.148	0.166	0.134	0.18
2020-08-03T02:40:05Z	0.112	0.127	0.148	0.166	0.134	0.18
2020-08-03T03:00:05Z	0.112	0.127	0.148	0.166	0.134	0.18
2020-08-03T03:20:05Z	0.112	0.127	0.148	0.166	0.134	0.179
2020-08-03T03:40:05Z	0.112	0.127	0.148	0.166	0.134	0.18
2020-08-03T04:00:05Z	0.112	0.127	0.148	0.166	0.134	0.18
2020-08-03T04:20:05Z	0.112	0.127	0.148	0.166	0.134	0.179
2020-08-03T04:40:05Z	0.112	0.127	0.148	0.166	0.134	0.18
2020-08-03T05:00:05Z	0.112	0.127	0.148	0.166	0.134	0.18
2020-08-03T05:20:05Z	0.112	0.127	0.148	0.166	0.134	0.18
2020-08-03T05:40:05Z	0.112	0.127	0.148	0.166	0.134	0.18
2020-08-03T06:00:05Z	0.113	0.127	0.148	0.166	0.134	0.18
2020-08-03T06:20:05Z	0.113	0.127	0.148	0.165	0.134	0.18
2020-08-03T06:40:05Z	0.113	0.127	0.148	0.166	0.134	0.18
2020-08-03T07:00:05Z	0.113	0.127	0.148	0.166	0.134	0.18
2020-08-03T07:20:05Z	0.113	0.127	0.148	0.166	0.134	0.18
2020-08-03T07:40:05Z	0.113	0.127	0.148	0.165	0.134	0.18
2020-08-03T08:00:05Z	0.113	0.127	0.148	0.165	0.134	0.18
2020-08-03T08:20:05Z	0.113	0.127	0.148	0.165	0.134	0.18
2020-08-03T08:40:05Z	0.113	0.127	0.148	0.165	0.134	0.18
2020-08-03T09:00:05Z	0.113	0.127	0.148	0.165	0.134	0.18
2020-08-03T09:20:05Z	0.113	0.127	0.148	0.165	0.134	0.18
2020-08-03T09:40:05Z	0.113	0.127	0.148	0.166	0.134	0.18
2020-08-03T10:00:05Z	0.113	0.127	0.148	0.166	0.134	0.18
2020-08-03T10:20:05Z	0.113	0.127	0.148	0.166	0.134	0.18
2020-08-03T10:40:05Z	0.113	0.126	0.148	0.166	0.135	0.18
2020-08-03T11:00:05Z	0.113	0.126	0.148	0.166	0.135	0.18
2020-08-03T11:20:05Z	0.113	0.125	0.148	0.166	0.135	0.18
2020-08-03T11:40:05Z	0.113	0.125	0.147	0.166	0.135	0.18
2020-08-03T12:00:05Z	0.113	0.125	0.147	0.166	0.135	0.18
2020-08-03T12:20:05Z	0.112	0.125	0.146	0.166	0.135	0.18
2020-08-03T12:40:05Z	0.112	0.124	0.146	0.166	0.135	0.18
2020-08-03T13:00:05Z	0.112	0.124	0.146	0.166	0.135	0.18
2020-08-03T13:20:05Z	0.112	0.123	0.146	0.166	0.135	0.18
2020-08-03T13:40:05Z	0.112	0.123	0.145	0.165	0.135	0.18
2020-08-03T14:00:05Z	0.111	0.122	0.145	0.165	0.134	0.18
2020-08-03T14:20:05Z	0.111	0.122	0.145	0.165	0.134	0.18
2020-08-03T14:40:05Z	0.111	0.122	0.145	0.165	0.135	0.18
2020-08-03T15:00:05Z	0.111	0.122	0.145	0.165	0.135	0.18
2020-08-03T15:20:05Z	0.11	0.122	0.145	0.165	0.135	0.18
2020-08-03T15:40:05Z	0.11	0.121	0.144	0.165	0.134	0.18
2020-08-03T16:00:05Z	0.11	0.121	0.144	0.165	0.134	0.18
2020-08-03T16:20:05Z	0.11	0.121	0.144	0.165	0.134	0.18
2020-08-03T16:40:05Z	0.109	0.121	0.144	0.165	0.134	0.18
2020-08-03T17:00:05Z	0.109	0.121	0.144	0.165	0.134	0.18
2020-08-03T17:20:05Z	0.109	0.121	0.144	0.165	0.134	0.18
2020-08-03T17:40:05Z	0.109	0.12	0.144	0.165	0.134	0.18
2020-08-03T18:00:05Z	0.109	0.12	0.144	0.165	0.134	0.18
2020-08-03T18:20:05Z	0.109	0.12	0.144	0.165	0.134	0.18
2020-08-03T18:40:05Z	0.109	0.12	0.144	0.164	0.134	0.18
2020-08-03T19:00:05Z	0.108	0.12	0.144	0.164	0.134	0.18
2020-08-03T19:20:05Z	0.108	0.12	0.144	0.164	0.134	0.179
2020-08-03T19:40:05Z	0.108	0.12	0.144	0.164	0.134	0.179
2020-08-03T20:00:05Z	0.108	0.12	0.144	0.164	0.134	0.179
2020-08-03T20:20:05Z	0.108	0.12	0.144	0.164	0.134	0.179
2020-08-03T20:40:05Z	0.108	0.12	0.144	0.164	0.134	0.179
2020-08-03T21:00:05Z	0.108	0.12	0.144	0.164	0.134	0.179
2020-08-03T21:20:05Z	0.108	0.12	0.144	0.164	0.134	0.179
2020-08-03T21:40:05Z	0.108	0.12	0.144	0.164	0.134	0.179
2020-08-03T22:00:05Z	0.108	0.12	0.144	0.164	0.134	0.179
2020-08-03T22:20:05Z	0.108	0.12	0.144	0.164	0.134	0.179
2020-08-03T22:40:05Z	0.108	0.12	0.144	0.164	0.134	0.179
2020-08-03T23:00:05Z	0.108	0.12	0.144	0.164	0.134	0.179
2020-08-03T23:20:05Z	0.108	0.12	0.144	0.164	0.134	0.179
2020-08-03T23:40:05Z	0.108	0.12	0.144	0.164	0.134	0.179
2020-08-04T00:00:05Z	0.108	0.12	0.143	0.164	0.134	0.179
2020-08-04T00:20:05Z	0.108	0.12	0.143	0.164	0.134	0.179
2020-08-04T00:40:05Z	0.108	0.12	0.143	0.164	0.134	0.179
2020-08-04T01:00:05Z	0.108	0.12	0.143	0.164	0.134	0.179
2020-08-04T01:20:05Z	0.108	0.12	0.143	0.164	0.134	0.179
2020-08-04T01:40:05Z	0.108	0.12	0.143	0.164	0.134	0.179
2020-08-04T02:00:05Z	0.108	0.12	0.143	0.164	0.134	0.179
2020-08-04T02:20:05Z	0.107	0.12	0.143	0.164	0.133	0.179
2020-08-04T02:40:05Z	0.107	0.12	0.143	0.164	0.133	0.179
2020-08-04T03:00:05Z	0.107	0.12	0.143	0.164	0.133	0.179
2020-08-04T03:20:05Z	0.107	0.12	0.143	0.163	0.133	0.179
2020-08-04T03:40:05Z	0.107	0.12	0.143	0.163	0.133	0.179
2020-08-04T04:00:05Z	0.107	0.12	0.143	0.163	0.133	0.179
2020-08-04T04:20:05Z	0.107	0.12	0.143	0.163	0.133	0.179
2020-08-04T04:40:05Z	0.107	0.12	0.143	0.163	0.133	0.179
2020-08-04T05:00:05Z	0.107	0.12	0.143	0.163	0.133	0.179
2020-08-04T05:20:05Z	0.108	0.12	0.143	0.164	0.134	0.179
2020-08-04T05:40:05Z	0.108	0.12	0.144	0.164	0.134	0.18
2020-08-04T06:00:05Z	0.108	0.121	0.144	0.164	0.134	0.18
2020-08-04T06:20:05Z	0.108	0.121	0.144	0.164	0.134	0.18
2020-08-04T06:40:05Z	0.108	0.121	0.144	0.164	0.134	0.18
2020-08-04T07:00:05Z	0.108	0.121	0.144	0.164	0.134	0.18
2020-08-04T07:20:05Z	0.108	0.121	0.144	0.164	0.134	0.18
2020-08-04T07:40:05Z	0.109	0.121	0.144	0.164	0.134	0.18
2020-08-04T08:00:05Z	0.109	0.121	0.143	0.164	0.134	0.18
2020-08-04T08:20:05Z	0.109	0.12	0.143	0.164	0.134	0.18
2020-08-04T08:40:05Z	0.108	0.12	0.143	0.164	0.134	0.18
2020-08-04T09:00:05Z	0.108	0.12	0.142	0.164	0.134	0.18
2020-08-04T09:20:05Z	0.108	0.119	0.142	0.164	0.134	0.18
2020-08-04T09:40:05Z	0.108	0.119	0.142	0.164	0.134	0.18
2020-08-04T10:00:05Z	0.108	0.118	0.141	0.164	0.134	0.18
2020-08-04T10:20:05Z	0.108	0.118	0.141	0.164	0.134	0.18
2020-08-04T10:40:05Z	0.108	0.118	0.141	0.164	0.134	0.18
2020-08-04T11:00:05Z	0.107	0.118	0.14	0.164	0.134	0.18
2020-08-04T11:20:05Z	0.107	0.118	0.14	0.164	0.134	0.18
2020-08-04T11:40:05Z	0.107	0.117	0.14	0.164	0.134	0.18
2020-08-04T12:00:05Z	0.107	0.117	0.14	0.164	0.134	0.18
2020-08-04T12:20:05Z	0.107	0.117	0.139	0.164	0.134	0.18
2020-08-04T12:40:05Z	0.107	0.117	0.139	0.164	0.134	0.18
2020-08-04T13:00:05Z	0.106	0.116	0.138	0.164	0.134	0.18
2020-08-04T13:20:05Z	0.106	0.116	0.138	0.164	0.134	0.18
2020-08-04T13:40:05Z	0.106	0.116	0.138	0.164	0.134	0.18
2020-08-04T14:00:05Z	0.106	0.116	0.137	0.163	0.134	0.18
2020-08-04T14:20:05Z	0.106	0.116	0.137	0.163	0.134	0.18
2020-08-04T14:40:05Z	0.106	0.115	0.137	0.163	0.134	0.18
2020-08-04T15:00:05Z	0.105	0.115	0.137	0.163	0.134	0.18
2020-08-04T15:20:05Z	0.105	0.115	0.137	0.163	0.134	0.18
2020-08-04T15:40:05Z	0.105	0.115	0.136	0.163	0.134	0.18
2020-08-04T16:00:05Z	0.105	0.115	0.136	0.163	0.134	0.18
2020-08-04T16:20:05Z	0.105	0.115	0.136	0.163	0.134	0.18
2020-08-04T16:40:05Z	0.105	0.115	0.136	0.163	0.134	0.18
2020-08-04T17:00:05Z	0.105	0.115	0.136	0.163	0.134	0.18
2020-08-04T17:20:05Z	0.105	0.115	0.136	0.163	0.134	0.18
2020-08-04T17:40:05Z	0.105	0.115	0.136	0.163	0.134	0.18
2020-08-04T18:00:05Z	0.105	0.115	0.136	0.163	0.134	0.18
2020-08-04T18:20:05Z	0.104	0.115	0.136	0.163	0.134	0.18
2020-08-04T18:40:05Z	0.104	0.114	0.136	0.163	0.133	0.18
2020-08-04T19:00:05Z	0.104	0.114	0.136	0.163	0.133	0.179
2020-08-04T19:20:05Z	0.104	0.114	0.136	0.162	0.133	0.179
2020-08-04T19:40:05Z	0.104	0.114	0.136	0.162	0.133	0.179
2020-08-04T20:00:05Z	0.104	0.114	0.136	0.162	0.133	0.179
2020-08-04T20:20:05Z	0.104	0.114	0.136	0.162	0.133	0.179
2020-08-04T20:40:05Z	0.104	0.114	0.136	0.162	0.133	0.179
2020-08-04T21:00:05Z	0.103	0.114	0.136	0.162	0.133	0.179
2020-08-04T21:20:05Z	0.103	0.114	0.136	0.162	0.133	0.179
2020-08-04T21:40:05Z	0.103	0.114	0.136	0.162	0.133	0.179
2020-08-04T22:00:05Z	0.103	0.114	0.136	0.162	0.133	0.179
2020-08-04T22:20:05Z	0.103	0.114	0.136	0.162	0.133	0.179
2020-08-04T22:40:05Z	0.103	0.114	0.136	0.162	0.133	0.179
2020-08-04T23:00:05Z	0.103	0.114	0.136	0.162	0.133	0.179
2020-08-04T23:20:05Z	0.103	0.114	0.136	0.162	0.133	0.179
2020-08-04T23:40:05Z	0.103	0.114	0.136	0.162	0.133	0.179
2020-08-05T00:00:05Z	0.103	0.114	0.136	0.162	0.133	0.179
2020-08-05T00:20:05Z	0.103	0.114	0.136	0.162	0.133	0.179
2020-08-05T00:40:05Z	0.103	0.114	0.136	0.162	0.133	0.179
2020-08-05T01:00:05Z	0.103	0.114	0.136	0.162	0.133	0.179
2020-08-05T01:20:05Z	0.103	0.114	0.136	0.162	0.133	0.179
2020-08-05T01:40:05Z	0.103	0.114	0.136	0.162	0.133	0.179
2020-08-05T02:00:05Z	0.103	0.114	0.136	0.162	0.133	0.179
2020-08-05T02:20:05Z	0.103	0.114	0.136	0.162	0.133	0.179
2020-08-05T02:40:05Z	0.103	0.114	0.136	0.162	0.133	0.179
2020-08-05T03:00:05Z	0.103	0.114	0.136	0.162	0.133	0.179
2020-08-05T03:20:05Z	0.103	0.114	0.136	0.162	0.133	0.179
2020-08-05T03:40:05Z	0.103	0.114	0.136	0.162	0.133	0.179
2020-08-05T04:00:05Z	0.103	0.114	0.136	0.162	0.133	0.179
2020-08-05T04:20:05Z	0.103	0.114	0.137	0.162	0.133	0.179
2020-08-05T04:40:05Z	0.103	0.114	0.137	0.162	0.133	0.179
2020-08-05T05:00:05Z	0.103	0.114	0.137	0.162	0.133	0.179
2020-08-05T05:20:05Z	0.103	0.114	0.137	0.162	0.133	0.179
2020-08-05T05:40:05Z	0.103	0.115	0.137	0.162	0.133	0.18
2020-08-05T06:00:05Z	0.103	0.115	0.137	0.162	0.133	0.18
2020-08-05T06:20:05Z	0.104	0.115	0.137	0.162	0.133	0.18
2020-08-05T06:40:05Z	0.104	0.115	0.137	0.162	0.134	0.18
2020-08-05T07:00:05Z	0.104	0.115	0.137	0.162	0.134	0.18
2020-08-05T07:20:05Z	0.104	0.115	0.136	0.162	0.134	0.18
2020-08-05T07:40:05Z	0.104	0.114	0.136	0.162	0.134	0.18
2020-08-05T08:00:05Z	0.104	0.114	0.136	0.162	0.134	0.18
2020-08-05T08:20:05Z	0.104	0.114	0.135	0.162	0.134	0.18
2020-08-05T08:40:05Z	0.104	0.114	0.135	0.162	0.134	0.18
2020-08-05T09:00:05Z	0.104	0.113	0.134	0.162	0.134	0.18
2020-08-05T09:20:05Z	0.104	0.113	0.133	0.162	0.134	0.18
2020-08-05T09:40:05Z	0.104	0.113	0.133	0.162	0.134	0.18
2020-08-05T10:00:05Z	0.104	0.112	0.132	0.162	0.134	0.18
2020-08-05T10:20:05Z	0.104	0.112	0.132	0.162	0.134	0.18
2020-08-05T10:40:05Z	0.104	0.112	0.131	0.162	0.134	0.18
2020-08-05T11:00:05Z	0.104	0.112	0.13	0.162	0.134	0.18
2020-08-05T11:20:05Z	0.104	0.111	0.129	0.162	0.134	0.18
2020-08-05T11:40:05Z	0.103	0.111	0.129	0.162	0.134	0.18
2020-08-05T12:00:05Z	0.103	0.11	0.128	0.162	0.134	0.18
2020-08-05T12:20:05Z	0.103	0.11	0.128	0.162	0.134	0.18
2020-08-05T12:40:05Z	0.103	0.11	0.127	0.162	0.134	0.18
2020-08-05T13:00:05Z	0.103	0.11	0.126	0.162	0.134	0.18
2020-08-05T13:20:05Z	0.103	0.11	0.125	0.162	0.134	0.18
2020-08-05T13:40:05Z	0.102	0.109	0.125	0.162	0.134	0.18
2020-08-05T14:00:05Z	0.102	0.109	0.124	0.162	0.134	0.18
2020-08-05T14:20:05Z	0.102	0.109	0.124	0.162	0.134	0.18
2020-08-05T14:40:05Z	0.102	0.108	0.123	0.162	0.134	0.18
2020-08-05T15:00:05Z	0.102	0.108	0.123	0.162	0.134	0.18
2020-08-05T15:20:05Z	0.101	0.108	0.122	0.162	0.134	0.18
2020-08-05T15:40:05Z	0.101	0.108	0.122	0.162	0.134	0.18
2020-08-05T16:00:05Z	0.101	0.108	0.122	0.162	0.134	0.18
2020-08-05T16:20:05Z	0.1	0.108	0.121	0.162	0.134	0.18
2020-08-05T16:40:05Z	0.1	0.107	0.121	0.162	0.134	0.18
2020-08-05T17:00:05Z	0.1	0.107	0.121	0.161	0.134	0.18
2020-08-05T17:20:05Z	0.1	0.107	0.121	0.161	0.134	0.18
2020-08-05T17:40:05Z	0.099	0.107	0.121	0.161	0.133	0.18
2020-08-05T18:00:05Z	0.099	0.107	0.121	0.161	0.133	0.18
2020-08-05T18:20:05Z	0.099	0.107	0.121	0.161	0.133	0.18
2020-08-05T18:40:05Z	0.099	0.106	0.121	0.161	0.133	0.18
2020-08-05T19:00:05Z	0.099	0.106	0.121	0.161	0.133	0.18
2020-08-05T19:20:05Z	0.099	0.106	0.121	0.161	0.133	0.18
2020-08-05T19:40:05Z	0.098	0.106	0.121	0.161	0.133	0.18
2020-08-05T20:00:05Z	0.098	0.106	0.121	0.161	0.133	0.179
2020-08-05T20:20:05Z	0.098	0.106	0.121	0.161	0.133	0.179
2020-08-05T20:40:05Z	0.098	0.106	0.121	0.161	0.133	0.179
2020-08-05T21:00:05Z	0.098	0.106	0.121	0.16	0.133	0.18
2020-08-05T21:20:05Z	0.098	0.106	0.121	0.161	0.133	0.179
2020-08-05T21:40:05Z	0.098	0.106	0.121	0.16	0.133	0.179
2020-08-05T22:00:05Z	0.098	0.106	0.121	0.16	0.133	0.179
2020-08-05T22:20:05Z	0.098	0.106	0.121	0.16	0.133	0.179
2020-08-05T22:40:05Z	0.098	0.106	0.121	0.16	0.133	0.179
2020-08-05T23:00:05Z	0.098	0.106	0.121	0.16	0.133	0.179
2020-08-05T23:20:05Z	0.098	0.106	0.121	0.16	0.133	0.179
2020-08-05T23:40:05Z	0.098	0.106	0.121	0.16	0.133	0.179
2020-08-06T00:00:05Z	0.098	0.106	0.121	0.16	0.133	0.179
2020-08-06T00:20:05Z	0.098	0.106	0.121	0.16	0.133	0.179
2020-08-06T00:40:05Z	0.098	0.106	0.121	0.16	0.133	0.179
2020-08-06T01:00:05Z	0.098	0.106	0.121	0.16	0.133	0.179
2020-08-06T01:20:05Z	0.098	0.106	0.121	0.16	0.133	0.179
2020-08-06T01:40:05Z	0.098	0.106	0.121	0.16	0.133	0.179
2020-08-06T02:00:05Z	0.097	0.106	0.121	0.16	0.133	0.179
2020-08-06T02:20:05Z	0.097	0.106	0.121	0.16	0.133	0.179
2020-08-06T02:40:05Z	0.097	0.106	0.121	0.16	0.133	0.179
2020-08-06T03:00:05Z	0.097	0.106	0.121	0.16	0.133	0.179
2020-08-06T03:20:05Z	0.097	0.106	0.121	0.16	0.133	0.179
2020-08-06T03:40:05Z	0.097	0.106	0.121	0.16	0.133	0.179
2020-08-06T04:00:05Z	0.097	0.106	0.121	0.16	0.133	0.179
2020-08-06T04:20:05Z	0.097	0.106	0.121	0.16	0.133	0.179
2020-08-06T04:40:05Z	0.097	0.106	0.122	0.16	0.133	0.179
2020-08-06T05:00:05Z	0.097	0.106	0.121	0.16	0.133	0.179
2020-08-06T05:20:05Z	0.097	0.106	0.121	0.16	0.133	0.18
2020-08-06T05:40:05Z	0.098	0.106	0.121	0.16	0.133	0.18
2020-08-06T06:00:05Z	0.098	0.106	0.121	0.16	0.133	0.18
2020-08-06T06:20:05Z	0.098	0.106	0.121	0.16	0.133	0.18
2020-08-06T06:40:05Z	0.098	0.106	0.121	0.16	0.133	0.18
2020-08-06T07:00:05Z	0.098	0.106	0.12	0.16	0.133	0.18
2020-08-06T07:20:05Z	0.098	0.106	0.12	0.16	0.133	0.18
2020-08-06T07:40:05Z	0.098	0.104	0.117	0.159	0.133	0.18
2020-08-06T08:00:05Z	0.098	0.104	0.117	0.159	0.133	0.18
2020-08-06T08:20:05Z	0.098	0.104	0.117	0.159	0.133	0.18
2020-08-06T08:40:05Z	0.098	0.104	0.116	0.159	0.133	0.18
2020-08-06T09:00:05Z	0.098	0.104	0.116	0.159	0.133	0.18
2020-08-06T09:20:05Z	0.098	0.104	0.115	0.159	0.133	0.18
2020-08-06T09:40:05Z	0.098	0.104	0.115	0.159	0.133	0.18
2020-08-06T10:00:05Z	0.098	0.103	0.114	0.159	0.133	0.18
2020-08-06T10:20:05Z	0.098	0.103	0.114	0.159	0.133	0.18
2020-08-06T10:40:05Z	0.098	0.103	0.113	0.159	0.133	0.18
2020-08-06T11:00:05Z	0.098	0.103	0.113	0.159	0.133	0.18
2020-08-06T11:20:05Z	0.098	0.103	0.112	0.159	0.133	0.18
2020-08-06T11:40:05Z	0.098	0.102	0.112	0.159	0.133	0.18
2020-08-06T12:00:05Z	0.098	0.102	0.111	0.159	0.133	0.18
2020-08-06T12:20:05Z	0.098	0.102	0.111	0.159	0.133	0.18
2020-08-06T12:40:05Z	0.098	0.102	0.11	0.159	0.133	0.18
2020-08-06T13:00:05Z	0.098	0.102	0.11	0.159	0.133	0.18
2020-08-06T13:20:05Z	0.098	0.102	0.11	0.159	0.133	0.18
2020-08-06T13:40:05Z	0.098	0.101	0.11	0.159	0.133	0.18
2020-08-06T14:00:05Z	0.098	0.101	0.109	0.159	0.133	0.18
2020-08-06T14:20:05Z	0.097	0.101	0.109	0.159	0.134	0.18
2020-08-06T14:40:05Z	0.097	0.101	0.108	0.159	0.133	0.18
2020-08-06T15:00:05Z	0.097	0.101	0.108	0.159	0.133	0.18
2020-08-06T15:20:05Z	0.097	0.1	0.108	0.159	0.133	0.18
2020-08-06T15:40:05Z	0.097	0.1	0.108	0.159	0.133	0.18
2020-08-06T16:00:05Z	0.097	0.1	0.107	0.159	0.133	0.18
2020-08-06T16:20:05Z	0.096	0.1	0.107	0.159	0.133	0.18
2020-08-06T16:40:05Z	0.096	0.1	0.107	0.159	0.133	0.18
2020-08-06T17:00:05Z	0.096	0.1	0.107	0.159	0.133	0.18
2020-08-06T17:20:05Z	0.095	0.1	0.107	0.158	0.133	0.18
2020-08-06T17:40:05Z	0.095	0.1	0.106	0.158	0.133	0.18
2020-08-06T18:00:05Z	0.095	0.1	0.106	0.158	0.133	0.18
2020-08-06T18:20:05Z	0.095	0.1	0.106	0.158	0.133	0.18
2020-08-06T18:40:05Z	0.095	0.099	0.106	0.158	0.133	0.18
2020-08-06T19:00:05Z	0.094	0.099	0.106	0.158	0.133	0.179
2020-08-06T19:20:05Z	0.094	0.099	0.106	0.158	0.133	0.179
2020-08-06T19:40:05Z	0.094	0.099	0.106	0.158	0.133	0.179
2020-08-06T20:00:05Z	0.094	0.099	0.106	0.158	0.133	0.179
2020-08-06T20:20:05Z	0.094	0.099	0.107	0.158	0.133	0.179
2020-08-06T20:40:05Z	0.094	0.099	0.107	0.158	0.133	0.179
2020-08-06T21:00:05Z	0.094	0.099	0.107	0.158	0.133	0.179
2020-08-06T21:20:05Z	0.094	0.099	0.107	0.158	0.133	0.179
2020-08-06T21:40:05Z	0.094	0.099	0.107	0.157	0.133	0.179
2020-08-06T22:00:05Z	0.094	0.099	0.107	0.157	0.132	0.179
2020-08-06T22:20:05Z	0.094	0.099	0.107	0.157	0.132	0.179
2020-08-06T22:40:05Z	0.094	0.099	0.107	0.157	0.132	0.179
2020-08-06T23:00:05Z	0.094	0.099	0.107	0.157	0.132	0.179
2020-08-06T23:20:05Z	0.093	0.099	0.107	0.157	0.132	0.179
2020-08-06T23:40:05Z	0.093	0.099	0.107	0.157	0.132	0.179
2020-08-07T00:00:05Z	0.093	0.099	0.107	0.157	0.132	0.179
2020-08-07T00:20:05Z	0.093	0.099	0.107	0.157	0.132	0.179
2020-08-07T00:40:05Z	0.093	0.099	0.107	0.157	0.132	0.179
2020-08-07T01:00:05Z	0.093	0.099	0.107	0.157	0.132	0.179
2020-08-07T01:20:05Z	0.093	0.099	0.107	0.157	0.132	0.179
2020-08-07T01:40:05Z	0.093	0.099	0.107	0.157	0.132	0.179
2020-08-07T02:00:05Z	0.093	0.099	0.107	0.157	0.132	0.179
2020-08-07T02:20:05Z	0.093	0.099	0.107	0.157	0.132	0.179
2020-08-07T02:40:05Z	0.093	0.099	0.107	0.157	0.132	0.179
2020-08-07T03:00:05Z	0.093	0.099	0.107	0.157	0.132	0.179
2020-08-07T03:20:05Z	0.093	0.099	0.107	0.157	0.132	0.179
2020-08-07T03:40:05Z	0.093	0.099	0.107	0.157	0.132	0.179
2020-08-07T04:00:05Z	0.093	0.099	0.107	0.157	0.132	0.179
2020-08-07T04:20:05Z	0.093	0.099	0.107	0.157	0.132	0.179
2020-08-07T04:40:05Z	0.093	0.099	0.108	0.157	0.132	0.179
2020-08-07T05:00:05Z	0.093	0.099	0.108	0.157	0.132	0.179
2020-08-07T05:20:05Z	0.093	0.099	0.108	0.157	0.133	0.18
2020-08-07T05:40:05Z	0.094	0.099	0.108	0.157	0.133	0.18
2020-08-07T06:00:05Z	0.094	0.099	0.108	0.157	0.133	0.18
2020-08-07T06:20:05Z	0.094	0.099	0.108	0.157	0.133	0.18
2020-08-07T06:40:05Z	0.094	0.099	0.107	0.158	0.133	0.18
2020-08-07T07:00:05Z	0.094	0.099	0.107	0.158	0.133	0.18
2020-08-07T07:20:05Z	0.094	0.099	0.107	0.158	0.133	0.18
2020-08-07T07:40:05Z	0.094	0.099	0.106	0.158	0.133	0.18
2020-08-07T08:00:05Z	0.095	0.099	0.106	0.158	0.133	0.18
2020-08-07T08:20:05Z	0.095	0.099	0.106	0.158	0.133	0.18
2020-08-07T08:40:05Z	0.094	0.098	0.105	0.157	0.133	0.18
2020-08-07T09:00:05Z	0.094	0.098	0.105	0.157	0.133	0.18
2020-08-07T09:20:05Z	0.094	0.098	0.104	0.157	0.133	0.18
2020-08-07T09:40:05Z	0.094	0.098	0.104	0.157	0.133	0.18
2020-08-07T10:00:05Z	0.094	0.098	0.103	0.157	0.133	0.18
2020-08-07T10:20:05Z	0.094	0.098	0.103	0.157	0.133	0.18
2020-08-07T10:40:05Z	0.094	0.098	0.103	0.157	0.133	0.18
2020-08-07T11:00:05Z	0.095	0.098	0.102	0.157	0.133	0.18
2020-08-07T11:20:05Z	0.095	0.098	0.102	0.157	0.133	0.18
2020-08-07T11:40:05Z	0.095	0.097	0.102	0.157	0.133	0.18
2020-08-07T12:00:05Z	0.095	0.097	0.101	0.157	0.133	0.18
2020-08-07T12:20:05Z	0.094	0.097	0.101	0.157	0.133	0.18
2020-08-07T12:40:05Z	0.094	0.097	0.1	0.157	0.133	0.18
2020-08-07T13:00:05Z	0.094	0.097	0.1	0.157	0.133	0.18
2020-08-07T13:20:05Z	0.094	0.096	0.1	0.157	0.133	0.18
2020-08-07T13:40:05Z	0.094	0.096	0.1	0.157	0.133	0.18
2020-08-07T14:00:05Z	0.094	0.096	0.1	0.157	0.133	0.18
2020-08-07T14:20:05Z	0.094	0.096	0.099	0.157	0.133	0.18
2020-08-07T14:40:05Z	0.094	0.096	0.099	0.157	0.133	0.18
2020-08-07T15:00:05Z	0.094	0.096	0.099	0.157	0.133	0.18
2020-08-07T15:20:05Z	0.094	0.096	0.099	0.156	0.133	0.18
2020-08-07T15:40:05Z	0.093	0.096	0.098	0.156	0.133	0.18
2020-08-07T16:00:05Z	0.093	0.096	0.098	0.156	0.133	0.18
2020-08-07T16:20:05Z	0.093	0.096	0.098	0.156	0.133	0.18
2020-08-07T16:40:05Z	0.092	0.096	0.098	0.156	0.133	0.18
2020-08-07T17:00:05Z	0.092	0.095	0.098	0.156	0.133	0.18
2020-08-07T17:20:05Z	0.092	0.095	0.098	0.156	0.133	0.18
2020-08-07T17:40:05Z	0.092	0.095	0.098	0.156	0.133	0.18
2020-08-07T18:00:05Z	0.092	0.095	0.098	0.156	0.133	0.18
2020-08-07T18:20:05Z	0.092	0.095	0.098	0.156	0.133	0.18
2020-08-07T18:40:05Z	0.092	0.095	0.098	0.156	0.133	0.18
2020-08-07T19:00:05Z	0.092	0.095	0.098	0.156	0.132	0.18
2020-08-07T19:20:05Z	0.091	0.095	0.098	0.155	0.132	0.18
2020-08-07T19:40:05Z	0.091	0.095	0.098	0.155	0.132	0.18
2020-08-07T20:00:05Z	0.091	0.095	0.098	0.155	0.132	0.18
2020-08-07T20:20:05Z	0.091	0.094	0.098	0.155	0.132	0.18
2020-08-07T20:40:05Z	0.091	0.094	0.098	0.155	0.132	0.18
2020-08-07T21:00:05Z	0.091	0.094	0.098	0.155	0.132	0.18
2020-08-07T21:20:05Z	0.09	0.094	0.098	0.155	0.132	0.18
2020-08-07T21:40:05Z	0.09	0.094	0.098	0.155	0.132	0.18
2020-08-07T22:00:05Z	0.09	0.094	0.098	0.155	0.132	0.18
2020-08-07T22:20:05Z	0.09	0.094	0.098	0.155	0.132	0.18
2020-08-07T22:40:05Z	0.09	0.094	0.098	0.155	0.132	0.179
2020-08-07T23:00:05Z	0.09	0.094	0.098	0.155	0.132	0.18
2020-08-07T23:20:05Z	0.09	0.094	0.098	0.155	0.132	0.179
2020-08-07T23:40:05Z	0.09	0.094	0.098	0.155	0.132	0.179
2020-08-08T00:00:05Z	0.09	0.094	0.098	0.155	0.132	0.179
2020-08-08T00:20:05Z	0.09	0.094	0.098	0.155	0.132	0.179
2020-08-08T00:40:05Z	0.09	0.094	0.098	0.155	0.132	0.179
2020-08-08T01:00:05Z	0.09	0.094	0.098	0.155	0.132	0.179
2020-08-08T01:20:05Z	0.09	0.094	0.098	0.155	0.132	0.179
2020-08-08T01:40:05Z	0.09	0.094	0.098	0.155	0.132	0.179
2020-08-08T02:00:05Z	0.09	0.094	0.098	0.155	0.132	0.179
2020-08-08T02:20:05Z	0.09	0.094	0.098	0.155	0.132	0.179
2020-08-08T02:40:05Z	0.09	0.094	0.099	0.155	0.132	0.179
2020-08-08T03:00:05Z	0.09	0.094	0.099	0.155	0.132	0.179
2020-08-08T03:20:05Z	0.09	0.094	0.099	0.155	0.132	0.18
2020-08-08T03:40:05Z	0.09	0.094	0.099	0.154	0.132	0.179
2020-08-08T04:00:05Z	0.09	0.094	0.099	0.154	0.132	0.18
2020-08-08T04:20:05Z	0.09	0.094	0.099	0.155	0.132	0.18
2020-08-08T04:40:05Z	0.09	0.094	0.099	0.155	0.132	0.18
2020-08-08T05:00:05Z	0.09	0.094	0.099	0.155	0.132	0.18
2020-08-08T05:20:05Z	0.09	0.094	0.099	0.155	0.132	0.18
2020-08-08T05:40:05Z	0.09	0.094	0.099	0.155	0.132	0.18
2020-08-08T06:00:05Z	0.09	0.094	0.099	0.155	0.132	0.18
2020-08-08T06:20:05Z	0.09	0.095	0.099	0.155	0.133	0.18
2020-08-08T06:40:05Z	0.091	0.095	0.099	0.155	0.133	0.18
2020-08-08T07:00:05Z	0.091	0.095	0.099	0.155	0.133	0.18
2020-08-08T07:20:05Z	0.091	0.095	0.098	0.155	0.133	0.18
2020-08-08T07:40:05Z	0.091	0.095	0.098	0.155	0.133	0.18
2020-08-08T08:00:05Z	0.091	0.095	0.098	0.155	0.133	0.18
2020-08-08T08:20:05Z	0.092	0.094	0.098	0.155	0.133	0.18
2020-08-08T08:40:05Z	0.092	0.094	0.098	0.155	0.133	0.18
2020-08-08T09:00:05Z	0.092	0.094	0.097	0.155	0.133	0.18
2020-08-08T09:20:05Z	0.092	0.094	0.097	0.155	0.133	0.18
2020-08-08T09:40:05Z	0.092	0.094	0.097	0.155	0.133	0.18
2020-08-08T10:00:05Z	0.092	0.094	0.097	0.155	0.133	0.18
2020-08-08T10:20:05Z	0.092	0.094	0.096	0.155	0.133	0.18
2020-08-08T10:40:05Z	0.092	0.094	0.096	0.155	0.133	0.181
2020-08-08T11:00:05Z	0.092	0.094	0.096	0.155	0.133	0.18
2020-08-08T11:20:05Z	0.092	0.094	0.095	0.155	0.133	0.18
2020-08-08T11:40:05Z	0.092	0.094	0.095	0.155	0.133	0.181
2020-08-08T12:00:05Z	0.092	0.094	0.095	0.154	0.133	0.18
2020-08-08T12:20:05Z	0.092	0.094	0.095	0.154	0.133	0.18
2020-08-08T12:40:05Z	0.092	0.093	0.095	0.154	0.133	0.18
2020-08-08T13:00:05Z	0.092	0.093	0.094	0.154	0.133	0.18
2020-08-08T13:20:05Z	0.092	0.093	0.094	0.154	0.133	0.181
2020-08-08T13:40:05Z	0.092	0.093	0.094	0.154	0.133	0.181
2020-08-08T14:00:05Z	0.092	0.093	0.094	0.154	0.133	0.181
2020-08-08T14:20:05Z	0.092	0.093	0.094	0.154	0.133	0.181
2020-08-08T14:40:05Z	0.092	0.093	0.094	0.154	0.133	0.181
2020-08-08T15:00:05Z	0.092	0.093	0.094	0.154	0.133	0.181
2020-08-08T15:20:05Z	0.091	0.093	0.094	0.154	0.133	0.181
2020-08-08T15:40:05Z	0.091	0.093	0.094	0.154	0.133	0.18
2020-08-08T16:00:05Z	0.091	0.092	0.093	0.154	0.133	0.18
2020-08-08T16:20:05Z	0.09	0.092	0.093	0.154	0.133	0.18
2020-08-08T16:40:05Z	0.09	0.092	0.093	0.153	0.133	0.18
2020-08-08T17:00:05Z	0.09	0.092	0.093	0.153	0.133	0.18
2020-08-08T17:20:05Z	0.09	0.092	0.093	0.153	0.132	0.18
2020-08-08T17:40:05Z	0.09	0.092	0.093	0.153	0.132	0.18
2020-08-08T18:00:05Z	0.089	0.092	0.093	0.153	0.132	0.18
2020-08-08T18:20:05Z	0.089	0.092	0.093	0.153	0.132	0.18
2020-08-08T18:40:05Z	0.089	0.092	0.092	0.153	0.132	0.18
2020-08-08T19:00:05Z	0.089	0.091	0.092	0.153	0.132	0.18
2020-08-08T19:20:05Z	0.088	0.091	0.092	0.153	0.132	0.18
2020-08-08T19:40:05Z	0.088	0.091	0.092	0.152	0.132	0.18
2020-08-08T20:00:05Z	0.088	0.091	0.092	0.152	0.132	0.18
2020-08-08T20:20:05Z	0.088	0.091	0.092	0.152	0.132	0.18
2020-08-08T20:40:05Z	0.088	0.091	0.092	0.152	0.132	0.18
2020-08-08T21:00:05Z	0.088	0.091	0.092	0.152	0.131	0.18
2020-08-08T21:20:05Z	0.088	0.091	0.092	0.152	0.131	0.18
2020-08-08T21:40:05Z	0.088	0.091	0.092	0.152	0.132	0.18
2020-08-08T22:00:05Z	0.088	0.091	0.092	0.152	0.131	0.18
2020-08-08T22:20:05Z	0.088	0.091	0.092	0.152	0.131	0.18
2020-08-08T22:40:05Z	0.088	0.091	0.092	0.152	0.131	0.18
2020-08-08T23:00:05Z	0.087	0.091	0.092	0.152	0.131	0.18
2020-08-08T23:20:05Z	0.087	0.091	0.092	0.152	0.131	0.18
2020-08-08T23:40:05Z	0.087	0.091	0.092	0.152	0.131	0.18
2020-08-09T00:00:05Z	0.087	0.091	0.092	0.152	0.131	0.18
2020-08-09T00:20:05Z	0.087	0.091	0.092	0.152	0.131	0.18
2020-08-09T00:40:05Z	0.087	0.091	0.092	0.152	0.131	0.18
2020-08-09T01:00:05Z	0.087	0.091	0.092	0.152	0.131	0.179
2020-08-09T01:20:05Z	0.087	0.091	0.092	0.152	0.131	0.18
2020-08-09T01:40:05Z	0.087	0.09	0.092	0.152	0.131	0.179
2020-08-09T02:00:05Z	0.087	0.09	0.092	0.152	0.131	0.18
2020-08-09T02:20:05Z	0.087	0.09	0.092	0.151	0.131	0.179
2020-08-09T02:40:05Z	0.087	0.09	0.092	0.151	0.131	0.18
2020-08-09T03:00:05Z	0.086	0.09	0.092	0.151	0.131	0.179
2020-08-09T03:20:05Z	0.086	0.09	0.092	0.151	0.131	0.179
2020-08-09T03:40:05Z	0.086	0.09	0.092	0.151	0.131	0.179
2020-08-09T04:00:05Z	0.086	0.09	0.092	0.151	0.131	0.179
2020-08-09T04:20:05Z	0.086	0.09	0.092	0.151	0.131	0.18
2020-08-09T04:40:05Z	0.086	0.09	0.092	0.151	0.131	0.18
2020-08-09T05:00:05Z	0.086	0.09	0.092	0.151	0.131	0.18
2020-08-09T05:20:05Z	0.087	0.091	0.093	0.151	0.131	0.18
2020-08-09T05:40:05Z	0.087	0.091	0.093	0.151	0.131	0.18
2020-08-09T06:00:05Z	0.087	0.091	0.093	0.151	0.131	0.18
2020-08-09T06:20:05Z	0.087	0.091	0.093	0.151	0.132	0.18
2020-08-09T06:40:05Z	0.087	0.091	0.093	0.151	0.132	0.18
2020-08-09T07:00:05Z	0.087	0.091	0.093	0.151	0.131	0.18
2020-08-09T07:20:05Z	0.087	0.091	0.093	0.151	0.131	0.18
2020-08-09T07:40:05Z	0.088	0.091	0.093	0.151	0.132	0.18
2020-08-09T08:00:05Z	0.088	0.091	0.093	0.152	0.132	0.18
2020-08-09T08:20:05Z	0.088	0.091	0.093	0.152	0.132	0.18
2020-08-09T08:40:05Z	0.088	0.091	0.093	0.152	0.132	0.181
2020-08-09T09:00:05Z	0.089	0.091	0.092	0.152	0.132	0.181
2020-08-09T09:20:05Z	0.089	0.091	0.092	0.152	0.132	0.181
2020-08-09T09:40:05Z	0.089	0.091	0.092	0.151	0.132	0.181
2020-08-09T10:00:05Z	0.089	0.091	0.092	0.152	0.132	0.181
2020-08-09T10:20:05Z	0.089	0.091	0.092	0.152	0.132	0.181
2020-08-09T10:40:05Z	0.089	0.091	0.092	0.151	0.132	0.181
2020-08-09T11:00:05Z	0.089	0.091	0.092	0.151	0.132	0.181
2020-08-09T11:20:05Z	0.089	0.091	0.091	0.151	0.132	0.181
2020-08-09T11:40:05Z	0.09	0.091	0.091	0.151	0.132	0.181
2020-08-09T12:00:05Z	0.089	0.091	0.091	0.151	0.132	0.181
2020-08-09T12:20:05Z	0.089	0.091	0.091	0.151	0.132	0.181
2020-08-09T12:40:05Z	0.089	0.091	0.091	0.151	0.132	0.181
2020-08-09T13:00:05Z	0.089	0.091	0.09	0.151	0.132	0.181
2020-08-09T13:20:05Z	0.089	0.091	0.09	0.151	0.132	0.181
2020-08-09T13:40:05Z	0.09	0.091	0.09	0.151	0.132	0.181
2020-08-09T14:00:05Z	0.089	0.091	0.09	0.151	0.132	0.181
2020-08-09T14:20:05Z	0.089	0.091	0.09	0.151	0.132	0.181
2020-08-09T14:40:05Z	0.089	0.09	0.09	0.151	0.132	0.181
2020-08-09T15:00:05Z	0.089	0.09	0.09	0.151	0.132	0.181
2020-08-09T15:20:05Z	0.089	0.09	0.09	0.151	0.132	0.181
2020-08-09T15:40:05Z	0.089	0.09	0.09	0.151	0.132	0.181
2020-08-09T16:00:05Z	0.088	0.09	0.089	0.15	0.132	0.18
2020-08-09T16:20:05Z	0.088	0.09	0.089	0.15	0.132	0.18
2020-08-09T16:40:05Z	0.088	0.089	0.089	0.15	0.131	0.18
2020-08-09T17:00:05Z	0.087	0.089	0.089	0.15	0.131	0.18
2020-08-09T17:20:05Z	0.087	0.089	0.089	0.15	0.131	0.18
2020-08-09T17:40:05Z	0.087	0.089	0.089	0.15	0.131	0.18
2020-08-09T18:00:05Z	0.086	0.089	0.089	0.15	0.131	0.18
2020-08-09T18:20:05Z	0.086	0.089	0.089	0.15	0.131	0.18
2020-08-09T18:40:05Z	0.086	0.089	0.089	0.15	0.131	0.18
2020-08-09T19:00:05Z	0.086	0.089	0.089	0.15	0.131	0.18
2020-08-09T19:20:05Z	0.086	0.089	0.089	0.15	0.131	0.18
2020-08-09T19:40:05Z	0.086	0.089	0.089	0.15	0.131	0.18
2020-08-09T20:00:05Z	0.086	0.089	0.089	0.15	0.131	0.18
2020-08-09T20:20:05Z	0.086	0.089	0.089	0.149	0.131	0.18
2020-08-09T20:40:05Z	0.086	0.089	0.089	0.149	0.131	0.18
2020-08-09T21:00:05Z	0.086	0.089	0.089	0.149	0.131	0.18
2020-08-09T21:20:05Z	0.086	0.089	0.089	0.149	0.131	0.18
2020-08-09T21:40:05Z	0.086	0.089	0.089	0.149	0.131	0.18
2020-08-09T22:00:05Z	0.086	0.089	0.089	0.149	0.131	0.18
2020-08-09T22:20:05Z	0.086	0.088	0.089	0.149	0.131	0.18
2020-08-09T22:40:05Z	0.086	0.089	0.089	0.149	0.131	0.18
2020-08-09T23:00:05Z	0.086	0.088	0.089	0.149	0.131	0.18
2020-08-09T23:20:05Z	0.085	0.088	0.089	0.149	0.131	0.18
2020-08-09T23:40:05Z	0.085	0.088	0.089	0.149	0.131	0.18
2020-08-10T00:00:05Z	0.085	0.088	0.089	0.149	0.131	0.18
2020-08-10T00:20:05Z	0.085	0.088	0.089	0.149	0.131	0.18
2020-08-10T00:40:05Z	0.085	0.088	0.089	0.149	0.131	0.18
2020-08-10T01:00:05Z	0.085	0.088	0.089	0.149	0.131	0.18
2020-08-10T01:20:05Z	0.085	0.088	0.089	0.149	0.131	0.18
2020-08-10T01:40:05Z	0.085	0.088	0.089	0.149	0.131	0.18
2020-08-10T02:00:05Z	0.085	0.088	0.089	0.149	0.131	0.18
2020-08-10T02:20:05Z	0.085	0.088	0.089	0.148	0.131	0.18
2020-08-10T02:40:05Z	0.085	0.088	0.089	0.148	0.131	0.18
2020-08-10T03:00:05Z	0.085	0.088	0.089	0.148	0.131	0.18
2020-08-10T03:20:05Z	0.085	0.088	0.089	0.148	0.131	0.18
2020-08-10T03:40:05Z	0.085	0.088	0.089	0.148	0.131	0.18
2020-08-10T04:00:05Z	0.085	0.088	0.089	0.148	0.131	0.18
2020-08-10T04:20:05Z	0.085	0.088	0.089	0.148	0.131	0.18
2020-08-10T04:40:05Z	0.085	0.088	0.089	0.148	0.131	0.18
2020-08-10T05:00:05Z	0.085	0.088	0.089	0.148	0.131	0.18
2020-08-10T05:20:05Z	0.085	0.088	0.089	0.148	0.131	0.18
2020-08-10T05:40:05Z	0.085	0.088	0.089	0.148	0.131	0.18
2020-08-10T06:00:05Z	0.085	0.088	0.089	0.148	0.131	0.18
2020-08-10T06:20:05Z	0.085	0.088	0.089	0.148	0.131	0.18
2020-08-10T06:40:05Z	0.086	0.088	0.089	0.148	0.131	0.18
2020-08-10T07:00:05Z	0.086	0.088	0.09	0.148	0.131	0.18
2020-08-10T07:20:05Z	0.086	0.088	0.09	0.148	0.131	0.18
2020-08-10T07:40:05Z	0.086	0.089	0.09	0.148	0.131	0.18
2020-08-10T08:00:05Z	0.086	0.089	0.09	0.148	0.131	0.181
2020-08-10T08:20:05Z	0.086	0.089	0.09	0.148	0.131	0.181
2020-08-10T08:40:05Z	0.087	0.089	0.09	0.148	0.131	0.181
2020-08-10T09:00:05Z	0.087	0.089	0.089	0.148	0.131	0.181
2020-08-10T09:20:05Z	0.087	0.089	0.089	0.148	0.131	0.181
2020-08-10T09:40:05Z	0.087	0.089	0.089	0.148	0.131	0.181
2020-08-10T10:00:05Z	0.087	0.089	0.089	0.148	0.131	0.181
2020-08-10T10:20:05Z	0.087	0.089	0.089	0.148	0.131	0.18
2020-08-10T10:40:05Z	0.087	0.089	0.089	0.148	0.131	0.181
2020-08-10T11:00:05Z	0.087	0.089	0.089	0.147	0.131	0.18
2020-08-10T11:20:05Z	0.087	0.089	0.089	0.147	0.131	0.18
2020-08-10T11:40:05Z	0.087	0.089	0.089	0.148	0.131	0.181
2020-08-10T12:00:05Z	0.087	0.089	0.089	0.147	0.131	0.181
2020-08-10T12:20:05Z	0.087	0.089	0.089	0.147	0.131	0.181
2020-08-10T12:40:05Z	0.087	0.089	0.089	0.147	0.131	0.181
2020-08-10T13:00:05Z	0.087	0.089	0.089	0.147	0.131	0.181
2020-08-10T13:20:05Z	0.087	0.089	0.089	0.147	0.131	0.181
2020-08-10T13:40:05Z	0.087	0.089	0.089	0.147	0.131	0.181
2020-08-10T14:00:05Z	0.088	0.089	0.089	0.147	0.131	0.181
2020-08-10T14:20:05Z	0.088	0.089	0.089	0.147	0.131	0.181
2020-08-10T14:40:05Z	0.088	0.089	0.089	0.147	0.131	0.181
2020-08-10T15:00:05Z	0.087	0.089	0.088	0.147	0.131	0.181
2020-08-10T15:20:05Z	0.087	0.089	0.088	0.147	0.131	0.18
2020-08-10T15:40:05Z	0.086	0.088	0.088	0.147	0.131	0.18
2020-08-10T16:00:05Z	0.086	0.088	0.088	0.147	0.131	0.18
2020-08-10T16:20:05Z	0.086	0.088	0.088	0.147	0.131	0.18
2020-08-10T16:40:05Z	0.086	0.088	0.088	0.147	0.131	0.18
2020-08-10T17:00:05Z	0.086	0.088	0.088	0.147	0.131	0.18
2020-08-10T17:20:05Z	0.086	0.088	0.088	0.146	0.131	0.18
2020-08-10T17:40:05Z	0.086	0.088	0.088	0.146	0.13	0.18
2020-08-10T18:00:05Z	0.086	0.088	0.088	0.146	0.13	0.18
2020-08-10T18:20:05Z	0.086	0.088	0.088	0.146	0.13	0.18
2020-08-10T18:40:05Z	0.085	0.088	0.088	0.146	0.13	0.18
2020-08-10T19:00:05Z	0.085	0.088	0.088	0.146	0.13	0.18
2020-08-10T19:20:05Z	0.085	0.088	0.088	0.146	0.13	0.18
2020-08-10T19:40:05Z	0.085	0.088	0.088	0.146	0.13	0.18
2020-08-10T20:00:05Z	0.085	0.088	0.088	0.146	0.13	0.18
2020-08-10T20:20:05Z	0.084	0.087	0.087	0.146	0.13	0.18
2020-08-10T20:40:05Z	0.084	0.087	0.087	0.146	0.13	0.18
2020-08-10T21:00:05Z	0.084	0.087	0.088	0.146	0.13	0.18
2020-08-10T21:20:05Z	0.084	0.087	0.087	0.146	0.13	0.18
2020-08-10T21:40:05Z	0.084	0.087	0.087	0.145	0.13	0.18
2020-08-10T22:00:05Z	0.084	0.087	0.087	0.145	0.13	0.18
2020-08-10T22:20:05Z	0.084	0.087	0.087	0.145	0.13	0.18
2020-08-10T22:40:05Z	0.084	0.087	0.087	0.145	0.13	0.18
2020-08-10T23:00:05Z	0.084	0.087	0.087	0.145	0.13	0.18
2020-08-10T23:20:05Z	0.084	0.087	0.087	0.145	0.13	0.18
2020-08-10T23:40:05Z	0.084	0.087	0.087	0.145	0.13	0.18
2020-08-11T00:00:05Z	0.084	0.087	0.087	0.145	0.13	0.18
2020-08-11T00:20:05Z	0.084	0.087	0.087	0.145	0.13	0.18
2020-08-11T00:40:05Z	0.084	0.087	0.087	0.145	0.13	0.18
2020-08-11T01:00:05Z	0.084	0.087	0.087	0.145	0.13	0.18
2020-08-11T01:20:05Z	0.084	0.087	0.087	0.145	0.13	0.18
2020-08-11T01:40:05Z	0.083	0.087	0.087	0.145	0.13	0.18
2020-08-11T02:00:05Z	0.083	0.087	0.087	0.145	0.13	0.18
2020-08-11T02:20:05Z	0.083	0.087	0.087	0.145	0.13	0.18
2020-08-11T02:40:05Z	0.083	0.087	0.087	0.145	0.13	0.18
2020-08-11T03:00:05Z	0.083	0.087	0.087	0.145	0.13	0.18
2020-08-11T03:20:05Z	0.083	0.087	0.087	0.145	0.13	0.18
2020-08-11T03:40:05Z	0.083	0.087	0.087	0.145	0.13	0.18
2020-08-11T04:00:05Z	0.083	0.087	0.087	0.144	0.13	0.18
2020-08-11T04:20:05Z	0.083	0.086	0.087	0.144	0.13	0.18
2020-08-11T04:40:05Z	0.083	0.087	0.087	0.144	0.13	0.18
2020-08-11T05:00:05Z	0.083	0.087	0.087	0.145	0.13	0.18
2020-08-11T05:20:05Z	0.083	0.087	0.087	0.145	0.13	0.18
2020-08-11T05:40:05Z	0.084	0.087	0.088	0.145	0.13	0.18
2020-08-11T06:00:05Z	0.084	0.087	0.088	0.145	0.13	0.18
2020-08-11T06:20:05Z	0.084	0.087	0.088	0.145	0.13	0.18
2020-08-11T06:40:05Z	0.084	0.087	0.088	0.145	0.13	0.18
2020-08-11T07:00:05Z	0.084	0.087	0.088	0.145	0.13	0.181
2020-08-11T07:20:05Z	0.084	0.087	0.088	0.145	0.13	0.181
2020-08-11T07:40:05Z	0.085	0.087	0.088	0.145	0.13	0.181
2020-08-11T08:00:05Z	0.085	0.088	0.088	0.145	0.13	0.181
2020-08-11T08:20:05Z	0.085	0.088	0.088	0.145	0.13	0.181
2020-08-11T08:40:05Z	0.086	0.088	0.088	0.145	0.13	0.181
2020-08-11T09:00:05Z	0.086	0.088	0.088	0.145	0.13	0.181
2020-08-11T09:20:05Z	0.086	0.088	0.088	0.145	0.13	0.181
2020-08-11T09:40:05Z	0.086	0.088	0.087	0.145	0.13	0.181
2020-08-11T10:00:05Z	0.086	0.088	0.087	0.145	0.13	0.181
2020-08-11T10:20:05Z	0.086	0.088	0.087	0.145	0.13	0.181
2020-08-11T10:40:05Z	0.086	0.088	0.087	0.145	0.13	0.181
2020-08-11T11:00:05Z	0.086	0.088	0.087	0.144	0.13	0.181
2020-08-11T11:20:05Z	0.086	0.088	0.087	0.144	0.13	0.181
2020-08-11T11:40:05Z	0.086	0.088	0.087	0.144	0.13	0.181
2020-08-11T12:00:05Z	0.086	0.088	0.087	0.144	0.13	0.181
2020-08-11T12:20:05Z	0.086	0.088	0.087	0.144	0.13	0.181
2020-08-11T12:40:05Z	0.086	0.088	0.087	0.144	0.13	0.181
2020-08-11T13:00:05Z	0.086	0.088	0.087	0.144	0.13	0.181
2020-08-11T13:20:05Z	0.086	0.088	0.087	0.144	0.13	0.181
2020-08-11T13:40:05Z	0.086	0.088	0.087	0.144	0.13	0.181
2020-08-11T14:00:05Z	0.086	0.088	0.087	0.144	0.13	0.181
2020-08-11T14:20:05Z	0.086	0.088	0.087	0.144	0.13	0.181
2020-08-11T14:40:05Z	0.086	0.088	0.087	0.144	0.13	0.181
2020-08-11T15:00:05Z	0.086	0.088	0.086	0.144	0.13	0.181
2020-08-11T15:20:05Z	0.086	0.088	0.087	0.144	0.13	0.181
2020-08-11T15:40:05Z	0.086	0.088	0.087	0.144	0.13	0.181
2020-08-11T16:00:05Z	0.086	0.088	0.087	0.144	0.13	0.181
2020-08-11T16:20:05Z	0.086	0.088	0.087	0.144	0.13	0.181
2020-08-11T16:40:05Z	0.085	0.088	0.086	0.144	0.13	0.181
2020-08-11T17:00:05Z	0.085	0.087	0.086	0.144	0.13	0.181
2020-08-11T17:20:05Z	0.085	0.087	0.086	0.144	0.13	0.181
2020-08-11T17:40:05Z	0.085	0.087	0.086	0.143	0.13	0.181
2020-08-11T18:00:05Z	0.084	0.087	0.086	0.143	0.13	0.18
2020-08-11T18:20:05Z	0.084	0.087	0.086	0.143	0.13	0.18
2020-08-11T18:40:05Z	0.084	0.087	0.086	0.143	0.13	0.18
2020-08-11T19:00:05Z	0.084	0.087	0.086	0.143	0.13	0.18
2020-08-11T19:20:05Z	0.084	0.087	0.086	0.143	0.13	0.18
2020-08-11T19:40:05Z	0.084	0.087	0.086	0.143	0.13	0.18
2020-08-11T20:00:05Z	0.083	0.087	0.086	0.143	0.13	0.18
2020-08-11T20:20:05Z	0.083	0.087	0.086	0.143	0.13	0.18
2020-08-11T20:40:05Z	0.083	0.087	0.086	0.143	0.129	0.18
2020-08-11T21:00:05Z	0.083	0.087	0.086	0.143	0.129	0.18
2020-08-11T21:20:05Z	0.083	0.086	0.086	0.143	0.129	0.18
2020-08-11T21:40:05Z	0.083	0.086	0.086	0.143	0.129	0.18
2020-08-11T22:00:05Z	0.083	0.086	0.086	0.143	0.129	0.18
2020-08-11T22:20:05Z	0.083	0.086	0.086	0.142	0.129	0.18
2020-08-11T22:40:05Z	0.083	0.086	0.085	0.142	0.129	0.18
2020-08-11T23:00:05Z	0.083	0.086	0.085	0.142	0.129	0.18
2020-08-11T23:20:05Z	0.082	0.086	0.085	0.142	0.129	0.18
2020-08-11T23:40:05Z	0.082	0.086	0.085	0.142	0.129	0.18
2020-08-12T00:00:05Z	0.082	0.086	0.085	0.142	0.129	0.18
2020-08-12T00:20:05Z	0.082	0.086	0.085	0.142	0.129	0.18
2020-08-12T00:40:05Z	0.082	0.086	0.085	0.142	0.129	0.18
2020-08-12T01:00:05Z	0.082	0.086	0.085	0.142	0.129	0.18
2020-08-12T01:20:05Z	0.082	0.085	0.085	0.142	0.129	0.18
2020-08-12T01:40:05Z	0.082	0.085	0.085	0.142	0.129	0.18
2020-08-12T02:00:05Z	0.082	0.085	0.085	0.141	0.129	0.18
2020-08-12T02:20:05Z	0.082	0.085	0.085	0.141	0.129	0.18
2020-08-12T02:40:05Z	0.082	0.085	0.085	0.141	0.129	0.18
2020-08-12T03:00:05Z	0.082	0.085	0.085	0.141	0.129	0.18
2020-08-12T03:20:05Z	0.082	0.085	0.085	0.141	0.129	0.18
2020-08-12T03:40:05Z	0.082	0.085	0.085	0.141	0.129	0.18
2020-08-12T04:00:05Z	0.082	0.085	0.085	0.141	0.129	0.18
2020-08-12T04:20:05Z	0.082	0.085	0.085	0.141	0.129	0.18
2020-08-12T04:40:05Z	0.082	0.085	0.085	0.141	0.129	0.18
2020-08-12T05:00:05Z	0.082	0.085	0.085	0.141	0.129	0.18
2020-08-12T05:20:05Z	0.082	0.085	0.085	0.141	0.129	0.18
2020-08-12T05:40:05Z	0.082	0.086	0.085	0.141	0.129	0.18
2020-08-12T06:00:05Z	0.082	0.086	0.086	0.141	0.129	0.18
2020-08-12T06:20:05Z	0.082	0.086	0.086	0.141	0.129	0.18
2020-08-12T06:40:05Z	0.083	0.086	0.086	0.141	0.129	0.181
2020-08-12T07:00:05Z	0.083	0.086	0.086	0.141	0.129	0.181
2020-08-12T07:20:05Z	0.082	0.085	0.085	0.141	0.129	0.18
2020-08-12T07:40:05Z	0.083	0.086	0.085	0.141	0.13	0.181
2020-08-12T08:00:05Z	0.083	0.086	0.086	0.141	0.13	0.181
2020-08-12T08:20:05Z	0.083	0.086	0.086	0.141	0.13	0.181
2020-08-12T08:40:05Z	0.083	0.086	0.086	0.141	0.13	0.181
2020-08-12T09:00:05Z	0.083	0.086	0.085	0.141	0.13	0.181
2020-08-12T09:20:05Z	0.084	0.086	0.085	0.141	0.13	0.181
2020-08-12T09:40:05Z	0.084	0.086	0.085	0.141	0.13	0.181
2020-08-12T10:00:05Z	0.084	0.087	0.085	0.141	0.13	0.181
2020-08-12T10:20:05Z	0.084	0.087	0.085	0.141	0.13	0.181
2020-08-12T10:40:05Z	0.084	0.087	0.085	0.141	0.13	0.181
2020-08-12T11:00:05Z	0.084	0.087	0.085	0.141	0.13	0.181
2020-08-12T11:20:05Z	0.084	0.087	0.085	0.141	0.13	0.181
2020-08-12T11:40:05Z	0.084	0.087	0.085	0.141	0.13	0.181
2020-08-12T12:00:05Z	0.084	0.087	0.085	0.141	0.13	0.181
2020-08-12T12:20:05Z	0.084	0.087	0.085	0.141	0.13	0.181
2020-08-12T12:40:05Z	0.084	0.087	0.085	0.141	0.13	0.181
2020-08-12T13:00:05Z	0.084	0.087	0.085	0.14	0.13	0.181
2020-08-12T13:20:05Z	0.084	0.087	0.085	0.14	0.13	0.181
2020-08-12T13:40:05Z	0.084	0.087	0.085	0.14	0.13	0.181
2020-08-12T14:00:05Z	0.084	0.087	0.085	0.14	0.13	0.181
2020-08-12T14:20:05Z	0.084	0.087	0.085	0.14	0.13	0.181
2020-08-12T14:40:05Z	0.084	0.087	0.085	0.14	0.13	0.181
2020-08-12T15:00:05Z	0.084	0.087	0.085	0.14	0.13	0.181
2020-08-12T15:20:05Z	0.084	0.087	0.085	0.14	0.13	0.181
2020-08-12T15:40:05Z	0.084	0.087	0.085	0.14	0.129	0.181
2020-08-12T16:00:05Z	0.084	0.087	0.085	0.14	0.129	0.181
2020-08-12T16:20:05Z	0.084	0.087	0.085	0.14	0.129	0.181
2020-08-12T16:40:05Z	0.083	0.086	0.085	0.14	0.129	0.181
2020-08-12T17:00:05Z	0.083	0.086	0.085	0.14	0.129	0.181
2020-08-12T17:20:05Z	0.083	0.086	0.085	0.14	0.129	0.181
2020-08-12T17:40:05Z	0.083	0.086	0.084	0.14	0.129	0.181
2020-08-12T18:00:05Z	0.082	0.086	0.084	0.14	0.129	0.18
2020-08-12T18:20:05Z	0.082	0.086	0.084	0.139	0.129	0.18
2020-08-12T18:40:05Z	0.082	0.085	0.084	0.139	0.128	0.18
2020-08-12T19:00:05Z	0.082	0.085	0.084	0.139	0.128	0.18
2020-08-12T19:20:05Z	0.082	0.085	0.084	0.139	0.128	0.18
2020-08-12T19:40:05Z	0.081	0.085	0.084	0.139	0.128	0.18
2020-08-12T20:00:05Z	0.081	0.085	0.084	0.139	0.128	0.18
2020-08-12T20:20:05Z	0.081	0.085	0.084	0.139	0.128	0.18
2020-08-12T20:40:05Z	0.081	0.085	0.084	0.139	0.128	0.18
2020-08-12T21:00:05Z	0.081	0.085	0.084	0.139	0.128	0.18
2020-08-12T21:20:05Z	0.081	0.085	0.084	0.138	0.128	0.18
2020-08-12T21:40:05Z	0.081	0.085	0.084	0.138	0.128	0.18
2020-08-12T22:00:05Z	0.08	0.085	0.084	0.138	0.128	0.18
2020-08-12T22:20:05Z	0.08	0.085	0.084	0.138	0.128	0.18
2020-08-12T22:40:05Z	0.08	0.085	0.084	0.138	0.128	0.18
2020-08-12T23:00:05Z	0.08	0.084	0.084	0.138	0.128	0.18
2020-08-12T23:20:05Z	0.08	0.084	0.084	0.138	0.128	0.18
2020-08-12T23:40:05Z	0.08	0.084	0.084	0.138	0.128	0.18
2020-08-13T00:00:05Z	0.08	0.084	0.084	0.138	0.128	0.18
2020-08-13T00:20:05Z	0.08	0.084	0.084	0.138	0.128	0.18
2020-08-13T00:40:05Z	0.08	0.084	0.084	0.138	0.128	0.18
2020-08-13T01:00:05Z	0.08	0.084	0.084	0.138	0.128	0.18
2020-08-13T01:20:05Z	0.08	0.084	0.084	0.138	0.128	0.18
2020-08-13T01:40:05Z	0.08	0.084	0.084	0.138	0.128	0.18
2020-08-13T02:00:05Z	0.08	0.084	0.084	0.138	0.128	0.18
2020-08-13T02:20:05Z	0.08	0.084	0.084	0.138	0.128	0.18
2020-08-13T02:40:05Z	0.08	0.084	0.084	0.138	0.128	0.18
2020-08-13T03:00:05Z	0.08	0.084	0.084	0.138	0.128	0.18
2020-08-13T03:20:05Z	0.08	0.084	0.084	0.137	0.128	0.18
2020-08-13T03:40:05Z	0.08	0.084	0.084	0.137	0.128	0.18
2020-08-13T04:00:05Z	0.08	0.084	0.084	0.137	0.128	0.18
2020-08-13T04:20:05Z	0.08	0.084	0.084	0.137	0.128	0.18
2020-08-13T04:40:05Z	0.08	0.084	0.084	0.137	0.128	0.18
2020-08-13T05:00:05Z	0.08	0.084	0.084	0.137	0.128	0.18
2020-08-13T05:20:05Z	0.08	0.084	0.084	0.137	0.128	0.18
2020-08-13T05:40:05Z	0.08	0.084	0.084	0.137	0.128	0.18
2020-08-13T06:00:05Z	0.08	0.084	0.084	0.137	0.128	0.18
2020-08-13T06:20:05Z	0.08	0.084	0.084	0.138	0.128	0.18
2020-08-13T06:40:05Z	0.08	0.085	0.084	0.137	0.128	0.18
2020-08-13T07:00:05Z	0.08	0.085	0.084	0.137	0.128	0.18
2020-08-13T07:20:05Z	0.081	0.085	0.084	0.137	0.128	0.181
2020-08-13T07:40:05Z	0.081	0.085	0.084	0.138	0.128	0.181
2020-08-13T08:00:05Z	0.081	0.085	0.084	0.137	0.128	0.181
2020-08-13T08:20:05Z	0.081	0.085	0.084	0.137	0.128	0.181
2020-08-13T08:40:05Z	0.081	0.085	0.084	0.137	0.128	0.181
2020-08-13T09:00:05Z	0.081	0.085	0.084	0.137	0.128	0.181
2020-08-13T09:20:05Z	0.081	0.085	0.084	0.137	0.128	0.181
2020-08-13T09:40:05Z	0.082	0.085	0.084	0.137	0.128	0.181
2020-08-13T10:00:05Z	0.081	0.085	0.084	0.137	0.128	0.181
2020-08-13T10:20:05Z	0.082	0.085	0.084	0.137	0.128	0.181
2020-08-13T10:40:05Z	0.082	0.085	0.084	0.137	0.128	0.181
2020-08-13T11:00:05Z	0.082	0.085	0.084	0.137	0.128	0.181
2020-08-13T11:20:05Z	0.082	0.085	0.084	0.137	0.128	0.181
2020-08-13T11:40:05Z	0.082	0.085	0.084	0.137	0.128	0.181
2020-08-13T12:00:05Z	0.082	0.085	0.084	0.137	0.128	0.181
2020-08-13T12:20:05Z	0.082	0.085	0.084	0.137	0.128	0.181
2020-08-13T12:40:05Z	0.082	0.085	0.084	0.137	0.128	0.181
2020-08-13T13:00:05Z	0.082	0.085	0.084	0.137	0.128	0.181
2020-08-13T13:20:05Z	0.081	0.085	0.084	0.137	0.128	0.181
2020-08-13T13:40:05Z	0.081	0.085	0.084	0.137	0.128	0.181
2020-08-13T14:00:05Z	0.081	0.085	0.084	0.137	0.128	0.181
2020-08-13T14:20:05Z	0.081	0.085	0.084	0.137	0.128	0.181
2020-08-13T14:40:05Z	0.081	0.085	0.084	0.137	0.128	0.181
2020-08-13T15:00:05Z	0.081	0.085	0.084	0.137	0.128	0.181
2020-08-13T15:20:05Z	0.08	0.085	0.084	0.136	0.128	0.181
2020-08-13T15:40:05Z	0.08	0.085	0.084	0.136	0.128	0.181
2020-08-13T16:00:05Z	0.08	0.085	0.084	0.136	0.128	0.181
2020-08-13T16:20:05Z	0.08	0.085	0.084	0.136	0.128	0.181
2020-08-13T16:40:05Z	0.08	0.085	0.084	0.136	0.128	0.181
2020-08-13T17:00:05Z	0.08	0.085	0.084	0.136	0.128	0.181
2020-08-13T17:20:05Z	0.08	0.085	0.084	0.136	0.128	0.181
2020-08-13T17:40:05Z	0.08	0.085	0.084	0.136	0.128	0.181
2020-08-13T18:00:05Z	0.08	0.085	0.084	0.136	0.128	0.18
2020-08-13T18:20:05Z	0.08	0.084	0.084	0.136	0.128	0.18
2020-08-13T18:40:05Z	0.08	0.084	0.084	0.136	0.127	0.18
2020-08-13T19:00:05Z	0.08	0.084	0.084	0.136	0.127	0.18
2020-08-13T19:20:05Z	0.08	0.084	0.083	0.136	0.127	0.18
2020-08-13T19:40:05Z	0.08	0.084	0.083	0.136	0.127	0.18
2020-08-13T20:00:05Z	0.08	0.084	0.084	0.136	0.127	0.18
2020-08-13T20:20:05Z	0.08	0.084	0.083	0.136	0.127	0.18
2020-08-13T20:40:05Z	0.08	0.084	0.083	0.136	0.127	0.18
2020-08-13T21:00:05Z	0.08	0.084	0.084	0.136	0.127	0.18
2020-08-13T21:20:05Z	0.08	0.084	0.084	0.136	0.127	0.18
2020-08-13T21:40:05Z	0.08	0.084	0.084	0.135	0.127	0.18
2020-08-13T22:00:05Z	0.08	0.084	0.083	0.135	0.127	0.18
2020-08-13T22:20:05Z	0.08	0.084	0.083	0.135	0.127	0.18
2020-08-13T22:40:05Z	0.08	0.084	0.083	0.135	0.127	0.18
2020-08-13T23:00:05Z	0.079	0.084	0.083	0.135	0.127	0.18
2020-08-13T23:20:05Z	0.079	0.084	0.083	0.135	0.127	0.18
2020-08-13T23:40:05Z	0.079	0.084	0.083	0.135	0.127	0.18
2020-08-14T00:00:05Z	0.079	0.084	0.083	0.135	0.127	0.18
2020-08-14T00:20:05Z	0.079	0.084	0.083	0.135	0.127	0.18
2020-08-14T00:40:05Z	0.079	0.084	0.083	0.135	0.127	0.18
2020-08-14T01:00:05Z	0.079	0.084	0.083	0.135	0.127	0.18
2020-08-14T01:20:05Z	0.079	0.084	0.083	0.135	0.127	0.18
2020-08-14T01:40:05Z	0.079	0.084	0.083	0.135	0.127	0.18
2020-08-14T02:00:05Z	0.079	0.084	0.083	0.135	0.127	0.18
2020-08-14T02:20:05Z	0.079	0.084	0.083	0.135	0.127	0.18
2020-08-14T02:40:05Z	0.079	0.084	0.083	0.135	0.127	0.18
2020-08-14T03:00:05Z	0.079	0.084	0.083	0.135	0.127	0.18
2020-08-14T03:20:05Z	0.079	0.084	0.084	0.135	0.127	0.18
2020-08-14T03:40:05Z	0.079	0.084	0.083	0.135	0.127	0.18
2020-08-14T04:00:05Z	0.079	0.084	0.083	0.135	0.127	0.18
2020-08-14T04:20:05Z	0.079	0.084	0.083	0.135	0.127	0.18
2020-08-14T04:40:05Z	0.079	0.084	0.083	0.135	0.127	0.18
2020-08-14T05:00:05Z	0.079	0.084	0.083	0.135	0.127	0.18
2020-08-14T05:20:05Z	0.079	0.084	0.083	0.135	0.127	0.18
2020-08-14T05:40:05Z	0.079	0.084	0.083	0.134	0.127	0.18
2020-08-14T06:00:05Z	0.08	0.084	0.083	0.135	0.127	0.18
2020-08-14T06:20:05Z	0.08	0.084	0.083	0.134	0.127	0.18
2020-08-14T06:40:05Z	0.08	0.084	0.083	0.134	0.127	0.18
2020-08-14T07:00:05Z	0.08	0.084	0.083	0.134	0.127	0.18
2020-08-14T07:20:05Z	0.08	0.084	0.083	0.134	0.127	0.18
2020-08-14T07:40:05Z	0.08	0.084	0.084	0.134	0.127	0.181
2020-08-14T08:00:05Z	0.08	0.084	0.084	0.135	0.127	0.181
2020-08-14T08:20:05Z	0.08	0.084	0.084	0.135	0.127	0.181
2020-08-14T08:40:05Z	0.08	0.084	0.084	0.135	0.127	0.181
2020-08-14T09:00:05Z	0.08	0.084	0.084	0.135	0.127	0.181
2020-08-14T09:20:05Z	0.08	0.084	0.084	0.135	0.127	0.181
2020-08-14T09:40:05Z	0.081	0.084	0.084	0.135	0.128	0.181
2020-08-14T10:00:05Z	0.081	0.084	0.084	0.135	0.128	0.181
2020-08-14T10:20:05Z	0.081	0.084	0.084	0.135	0.128	0.181
2020-08-14T10:40:05Z	0.082	0.085	0.084	0.135	0.128	0.181
2020-08-14T11:00:05Z	0.082	0.085	0.084	0.135	0.128	0.181
2020-08-14T11:20:05Z	0.082	0.085	0.084	0.134	0.128	0.181
2020-08-14T11:40:05Z	0.082	0.085	0.084	0.135	0.128	0.181
2020-08-14T12:00:05Z	0.082	0.085	0.084	0.134	0.128	0.181
2020-08-14T12:20:05Z	0.082	0.085	0.084	0.134	0.127	0.181
2020-08-14T12:40:05Z	0.082	0.085	0.084	0.134	0.128	0.181
2020-08-14T13:00:05Z	0.082	0.085	0.084	0.134	0.128	0.181
2020-08-14T13:20:05Z	0.082	0.085	0.084	0.134	0.127	0.181
2020-08-14T13:40:05Z	0.082	0.085	0.083	0.134	0.127	0.181
2020-08-14T14:00:05Z	0.081	0.085	0.083	0.134	0.127	0.181
2020-08-14T14:20:05Z	0.081	0.085	0.083	0.134	0.127	0.181
2020-08-14T14:40:05Z	0.081	0.085	0.083	0.134	0.127	0.181
2020-08-14T15:00:05Z	0.081	0.084	0.083	0.133	0.127	0.181
2020-08-14T15:20:05Z	0.081	0.084	0.083	0.133	0.127	0.181
2020-08-14T15:40:05Z	0.081	0.084	0.083	0.133	0.127	0.181
2020-08-14T16:00:05Z	0.081	0.084	0.083	0.133	0.127	0.181
2020-08-14T16:20:05Z	0.081	0.084	0.083	0.133	0.127	0.181
2020-08-14T16:40:05Z	0.08	0.084	0.083	0.133	0.127	0.181
2020-08-14T17:00:05Z	0.08	0.084	0.083	0.133	0.127	0.181
2020-08-14T17:20:05Z	0.08	0.084	0.083	0.133	0.127	0.181
2020-08-14T17:40:05Z	0.08	0.084	0.083	0.133	0.127	0.181
2020-08-14T18:00:05Z	0.08	0.084	0.083	0.133	0.127	0.181
2020-08-14T18:20:05Z	0.08	0.084	0.083	0.133	0.127	0.181
2020-08-14T18:40:05Z	0.08	0.084	0.083	0.133	0.127	0.181
2020-08-14T19:00:05Z	0.08	0.084	0.083	0.133	0.127	0.18
2020-08-14T19:20:05Z	0.08	0.084	0.083	0.133	0.127	0.18
2020-08-14T19:40:05Z	0.08	0.084	0.083	0.133	0.127	0.18
2020-08-14T20:00:05Z	0.08	0.084	0.083	0.133	0.127	0.18
2020-08-14T20:20:05Z	0.08	0.084	0.083	0.133	0.127	0.18
2020-08-14T20:40:05Z	0.08	0.084	0.083	0.132	0.127	0.18
2020-08-14T21:00:05Z	0.08	0.084	0.083	0.132	0.127	0.18
2020-08-14T21:20:05Z	0.08	0.084	0.082	0.132	0.127	0.18
2020-08-14T21:40:05Z	0.08	0.084	0.082	0.132	0.127	0.18
2020-08-14T22:00:05Z	0.08	0.084	0.082	0.132	0.126	0.18
2020-08-14T22:20:05Z	0.08	0.083	0.082	0.132	0.126	0.18
2020-08-14T22:40:05Z	0.08	0.083	0.082	0.132	0.126	0.18
2020-08-14T23:00:05Z	0.08	0.083	0.082	0.132	0.126	0.18
2020-08-14T23:20:05Z	0.08	0.083	0.082	0.132	0.126	0.18
2020-08-14T23:40:05Z	0.08	0.083	0.082	0.132	0.126	0.18
2020-08-15T00:00:05Z	0.08	0.083	0.082	0.132	0.126	0.18
2020-08-15T00:20:05Z	0.08	0.083	0.082	0.132	0.126	0.18
2020-08-15T00:40:05Z	0.079	0.083	0.082	0.132	0.126	0.18
2020-08-15T01:00:05Z	0.079	0.083	0.082	0.132	0.126	0.18
2020-08-15T01:20:05Z	0.079	0.083	0.082	0.132	0.126	0.18
2020-08-15T01:40:05Z	0.079	0.083	0.082	0.132	0.126	0.18
2020-08-15T02:00:05Z	0.079	0.083	0.082	0.132	0.126	0.18
2020-08-15T02:20:05Z	0.079	0.083	0.082	0.132	0.126	0.18
2020-08-15T02:40:05Z	0.079	0.083	0.082	0.132	0.126	0.18
2020-08-15T03:00:05Z	0.079	0.083	0.082	0.132	0.126	0.18
2020-08-15T03:20:05Z	0.079	0.083	0.082	0.131	0.126	0.18
2020-08-15T03:40:05Z	0.079	0.082	0.082	0.131	0.126	0.18
2020-08-15T04:00:05Z	0.079	0.082	0.082	0.131	0.126	0.18
2020-08-15T04:20:05Z	0.079	0.082	0.082	0.131	0.126	0.18
2020-08-15T04:40:05Z	0.079	0.082	0.082	0.131	0.126	0.18
2020-08-15T05:00:05Z	0.079	0.082	0.082	0.131	0.126	0.18
2020-08-15T05:20:05Z	0.079	0.083	0.082	0.131	0.126	0.18
2020-08-15T05:40:05Z	0.079	0.083	0.082	0.132	0.126	0.18
2020-08-15T06:00:05Z	0.08	0.083	0.083	0.132	0.127	0.18
2020-08-15T06:20:05Z	0.08	0.083	0.083	0.132	0.127	0.181
2020-08-15T06:40:05Z	0.08	0.084	0.083	0.132	0.127	0.181
2020-08-15T07:00:05Z	0.08	0.084	0.083	0.132	0.127	0.181
2020-08-15T07:20:05Z	0.08	0.084	0.083	0.132	0.127	0.181
2020-08-15T07:40:05Z	0.08	0.084	0.083	0.132	0.127	0.181
2020-08-15T08:00:05Z	0.081	0.084	0.083	0.132	0.127	0.181
2020-08-15T08:20:05Z	0.081	0.084	0.083	0.132	0.127	0.181
2020-08-15T08:40:05Z	0.081	0.084	0.083	0.132	0.127	0.181
2020-08-15T09:00:05Z	0.082	0.084	0.083	0.132	0.127	0.181
2020-08-15T09:20:05Z	0.082	0.084	0.083	0.132	0.127	0.181
2020-08-15T09:40:05Z	0.082	0.084	0.083	0.132	0.127	0.181
2020-08-15T10:00:05Z	0.082	0.084	0.083	0.132	0.127	0.181
2020-08-15T10:20:05Z	0.082	0.084	0.083	0.132	0.127	0.181
2020-08-15T10:40:05Z	0.082	0.084	0.083	0.132	0.127	0.181
2020-08-15T11:00:05Z	0.082	0.084	0.083	0.132	0.127	0.181
2020-08-15T11:20:05Z	0.082	0.084	0.083	0.132	0.127	0.181
2020-08-15T11:40:05Z	0.082	0.084	0.083	0.132	0.127	0.181
2020-08-15T12:00:05Z	0.082	0.084	0.083	0.132	0.127	0.181
2020-08-15T12:20:05Z	0.082	0.084	0.083	0.132	0.127	0.181
2020-08-15T12:40:05Z	0.082	0.084	0.083	0.132	0.127	0.181
2020-08-15T13:00:05Z	0.082	0.084	0.083	0.132	0.127	0.181
2020-08-15T13:20:05Z	0.083	0.085	0.083	0.132	0.127	0.181
2020-08-15T13:40:05Z	0.082	0.084	0.083	0.131	0.127	0.181
2020-08-15T14:00:05Z	0.082	0.085	0.083	0.131	0.127	0.181
2020-08-15T14:20:05Z	0.082	0.085	0.083	0.131	0.127	0.181
2020-08-15T14:40:05Z	0.082	0.085	0.083	0.131	0.127	0.181
2020-08-15T15:00:05Z	0.082	0.085	0.083	0.131	0.127	0.181
2020-08-15T15:20:05Z	0.082	0.085	0.083	0.131	0.127	0.181
2020-08-15T15:40:05Z	0.082	0.085	0.083	0.131	0.127	0.181
2020-08-15T16:00:05Z	0.082	0.084	0.083	0.131	0.127	0.181
2020-08-15T16:20:05Z	0.082	0.084	0.082	0.131	0.127	0.181
2020-08-15T16:40:05Z	0.082	0.084	0.082	0.131	0.127	0.181
2020-08-15T17:00:05Z	0.081	0.084	0.082	0.131	0.127	0.181
2020-08-15T17:20:05Z	0.081	0.084	0.082	0.131	0.127	0.181
2020-08-15T17:40:05Z	0.081	0.084	0.082	0.131	0.127	0.181
2020-08-15T18:00:05Z	0.081	0.084	0.082	0.13	0.126	0.181
2020-08-15T18:20:05Z	0.08	0.084	0.082	0.13	0.126	0.181
2020-08-15T18:40:05Z	0.08	0.084	0.082	0.13	0.126	0.181
2020-08-15T19:00:05Z	0.08	0.084	0.082	0.13	0.126	0.181
2020-08-15T19:20:05Z	0.08	0.084	0.082	0.13	0.126	0.181
2020-08-15T19:40:05Z	0.08	0.084	0.082	0.13	0.126	0.181
2020-08-15T20:00:05Z	0.08	0.084	0.082	0.13	0.126	0.181
2020-08-15T20:20:05Z	0.08	0.084	0.082	0.13	0.126	0.181
2020-08-15T20:40:05Z	0.08	0.083	0.082	0.13	0.126	0.181
2020-08-15T21:00:05Z	0.08	0.083	0.082	0.13	0.126	0.18
2020-08-15T21:20:05Z	0.08	0.083	0.082	0.13	0.126	0.18
2020-08-15T21:40:05Z	0.08	0.083	0.082	0.13	0.126	0.18
2020-08-15T22:00:05Z	0.079	0.083	0.082	0.13	0.126	0.18
2020-08-15T22:20:05Z	0.079	0.083	0.082	0.13	0.126	0.18
2020-08-15T22:40:05Z	0.079	0.083	0.082	0.13	0.126	0.18
2020-08-15T23:00:05Z	0.079	0.082	0.082	0.13	0.126	0.18
2020-08-15T23:20:05Z	0.079	0.082	0.082	0.13	0.126	0.18
2020-08-15T23:40:05Z	0.079	0.082	0.082	0.129	0.126	0.18
2020-08-16T00:00:05Z	0.079	0.082	0.082	0.129	0.126	0.18
2020-08-16T00:20:05Z	0.079	0.082	0.082	0.129	0.126	0.18
2020-08-16T00:40:05Z	0.079	0.082	0.082	0.129	0.126	0.18
2020-08-16T01:00:05Z	0.078	0.082	0.082	0.129	0.126	0.18
2020-08-16T01:20:05Z	0.078	0.082	0.082	0.129	0.126	0.18
2020-08-16T01:40:05Z	0.078	0.082	0.082	0.129	0.126	0.18
2020-08-16T02:00:05Z	0.078	0.082	0.082	0.129	0.126	0.18
2020-08-16T02:20:05Z	0.078	0.082	0.082	0.129	0.126	0.18
2020-08-16T02:40:05Z	0.078	0.082	0.082	0.129	0.126	0.18
2020-08-16T03:00:05Z	0.078	0.082	0.082	0.129	0.126	0.18
2020-08-16T03:20:05Z	0.078	0.082	0.081	0.129	0.126	0.18
2020-08-16T03:40:05Z	0.078	0.082	0.082	0.129	0.126	0.18
2020-08-16T04:00:05Z	0.078	0.082	0.082	0.129	0.126	0.18
2020-08-16T04:20:05Z	0.078	0.082	0.082	0.129	0.126	0.18
2020-08-16T04:40:05Z	0.078	0.082	0.082	0.129	0.126	0.18
2020-08-16T05:00:05Z	0.078	0.082	0.082	0.129	0.126	0.18
2020-08-16T05:20:05Z	0.078	0.082	0.082	0.129	0.126	0.18
2020-08-16T05:40:05Z	0.079	0.082	0.082	0.129	0.126	0.181
2020-08-16T06:00:05Z	0.079	0.082	0.082	0.129	0.126	0.181
2020-08-16T06:20:05Z	0.079	0.082	0.082	0.129	0.126	0.181
2020-08-16T06:40:05Z	0.079	0.082	0.082	0.129	0.126	0.181
2020-08-16T07:00:05Z	0.08	0.083	0.082	0.129	0.126	0.181
2020-08-16T07:20:05Z	0.08	0.083	0.082	0.129	0.126	0.181
2020-08-16T07:40:05Z	0.08	0.083	0.082	0.129	0.126	0.181
2020-08-16T08:00:05Z	0.08	0.083	0.082	0.129	0.126	0.181
2020-08-16T08:20:05Z	0.08	0.083	0.082	0.129	0.126	0.181
2020-08-16T08:40:05Z	0.08	0.083	0.082	0.129	0.126	0.181
2020-08-16T09:00:05Z	0.08	0.083	0.082	0.129	0.126	0.181
2020-08-16T09:20:05Z	0.08	0.083	0.082	0.129	0.126	0.181
2020-08-16T09:40:05Z	0.08	0.083	0.082	0.129	0.126	0.181
2020-08-16T10:00:05Z	0.081	0.083	0.082	0.129	0.126	0.181
2020-08-16T10:20:05Z	0.081	0.084	0.082	0.129	0.126	0.181
2020-08-16T10:40:05Z	0.081	0.084	0.082	0.129	0.126	0.181
2020-08-16T11:00:05Z	0.081	0.084	0.082	0.129	0.126	0.181
2020-08-16T11:20:05Z	0.081	0.084	0.082	0.129	0.126	0.181
2020-08-16T11:40:05Z	0.081	0.084	0.082	0.129	0.126	0.181
2020-08-16T12:00:05Z	0.081	0.084	0.082	0.129	0.126	0.181
2020-08-16T12:20:05Z	0.081	0.084	0.082	0.129	0.126	0.181
2020-08-16T12:40:05Z	0.081	0.084	0.082	0.129	0.126	0.181
2020-08-16T13:00:05Z	0.081	0.084	0.082	0.129	0.126	0.181
2020-08-16T13:20:05Z	0.081	0.084	0.082	0.129	0.126	0.181
2020-08-16T13:40:05Z	0.081	0.084	0.082	0.129	0.126	0.181
2020-08-16T14:00:05Z	0.081	0.084	0.082	0.129	0.126	0.181
2020-08-16T14:20:05Z	0.081	0.084	0.082	0.129	0.126	0.181
2020-08-16T14:40:05Z	0.081	0.084	0.082	0.129	0.126	0.181
2020-08-16T15:00:05Z	0.081	0.084	0.082	0.129	0.126	0.181
2020-08-16T15:20:05Z	0.081	0.084	0.082	0.129	0.126	0.181
2020-08-16T15:40:05Z	0.08	0.084	0.082	0.129	0.126	0.181
2020-08-16T16:00:05Z	0.08	0.084	0.082	0.129	0.126	0.181
2020-08-16T16:20:05Z	0.08	0.084	0.082	0.129	0.126	0.181
2020-08-16T16:40:05Z	0.08	0.084	0.082	0.129	0.126	0.181
2020-08-16T17:00:05Z	0.08	0.083	0.082	0.129	0.126	0.181
2020-08-16T17:20:05Z	0.08	0.083	0.082	0.129	0.126	0.181
2020-08-16T17:40:05Z	0.08	0.083	0.082	0.128	0.126	0.181
2020-08-16T18:00:05Z	0.079	0.083	0.081	0.128	0.126	0.181
2020-08-16T18:20:05Z	0.079	0.083	0.081	0.128	0.126	0.181
2020-08-16T18:40:05Z	0.079	0.082	0.081	0.128	0.126	0.181
2020-08-16T19:00:05Z	0.078	0.082	0.081	0.128	0.125	0.18
2020-08-16T19:20:05Z	0.078	0.082	0.081	0.128	0.125	0.18
2020-08-16T19:40:05Z	0.078	0.082	0.081	0.128	0.125	0.18
2020-08-16T20:00:05Z	0.078	0.082	0.081	0.128	0.125	0.18
2020-08-16T20:20:05Z	0.078	0.082	0.081	0.128	0.125	0.18
2020-08-16T20:40:05Z	0.078	0.082	0.081	0.128	0.125	0.18
2020-08-16T21:00:05Z	0.078	0.082	0.081	0.128	0.125	0.18
2020-08-16T21:20:05Z	0.078	0.082	0.081	0.128	0.125	0.18
2020-08-16T21:40:05Z	0.078	0.082	0.081	0.128	0.125	0.18
2020-08-16T22:00:05Z	0.078	0.082	0.081	0.128	0.125	0.18
2020-08-16T22:20:05Z	0.078	0.082	0.081	0.128	0.125	0.18
2020-08-16T22:40:05Z	0.078	0.082	0.081	0.128	0.125	0.18
2020-08-16T23:00:05Z	0.078	0.082	0.081	0.128	0.125	0.18
2020-08-16T23:20:05Z	0.078	0.082	0.081	0.128	0.125	0.18
2020-08-16T23:40:05Z	0.078	0.082	0.081	0.128	0.125	0.18
2020-08-17T00:00:05Z	0.078	0.082	0.081	0.127	0.125	0.18
2020-08-17T00:20:05Z	0.078	0.082	0.081	0.127	0.125	0.18
2020-08-17T00:40:05Z	0.078	0.081	0.081	0.127	0.125	0.18
2020-08-17T01:00:05Z	0.078	0.081	0.081	0.127	0.125	0.18
2020-08-17T01:20:05Z	0.077	0.081	0.081	0.127	0.125	0.18
2020-08-17T01:40:05Z	0.077	0.081	0.08	0.127	0.125	0.18
2020-08-17T02:00:05Z	0.077	0.081	0.08	0.127	0.125	0.18
2020-08-17T02:20:05Z	0.077	0.081	0.08	0.127	0.125	0.18
2020-08-17T02:40:05Z	0.077	0.081	0.08	0.127	0.125	0.18
2020-08-17T03:00:05Z	0.077	0.081	0.08	0.127	0.125	0.18
2020-08-17T03:20:05Z	0.077	0.081	0.08	0.127	0.125	0.18
2020-08-17T03:40:05Z	0.077	0.081	0.08	0.127	0.125	0.18
2020-08-17T04:00:05Z	0.077	0.081	0.08	0.126	0.125	0.18
2020-08-17T04:20:05Z	0.077	0.081	0.08	0.126	0.125	0.18
2020-08-17T04:40:05Z	0.077	0.081	0.08	0.126	0.125	0.18
2020-08-17T05:00:05Z	0.077	0.081	0.08	0.126	0.125	0.18
2020-08-17T05:20:05Z	0.077	0.081	0.08	0.127	0.125	0.18
2020-08-17T05:40:05Z	0.077	0.081	0.081	0.127	0.125	0.181
2020-08-17T06:00:05Z	0.078	0.081	0.081	0.127	0.125	0.181
2020-08-17T06:20:05Z	0.078	0.082	0.081	0.127	0.126	0.181
2020-08-17T06:40:05Z	0.078	0.082	0.081	0.127	0.126	0.181
2020-08-17T07:00:05Z	0.078	0.082	0.081	0.127	0.126	0.181
2020-08-17T07:20:05Z	0.078	0.082	0.081	0.127	0.126	0.181
2020-08-17T07:40:05Z	0.078	0.082	0.081	0.127	0.126	0.181
2020-08-17T08:00:05Z	0.079	0.082	0.081	0.127	0.126	0.181
2020-08-17T08:20:05Z	0.079	0.082	0.081	0.127	0.126	0.181
2020-08-17T08:40:05Z	0.079	0.082	0.081	0.127	0.126	0.181
2020-08-17T09:00:05Z	0.079	0.082	0.081	0.127	0.126	0.181
2020-08-17T09:20:05Z	0.079	0.082	0.081	0.127	0.126	0.181
2020-08-17T09:40:05Z	0.08	0.082	0.081	0.127	0.126	0.181
2020-08-17T10:00:05Z	0.08	0.082	0.081	0.127	0.126	0.181
2020-08-17T10:20:05Z	0.08	0.082	0.081	0.127	0.126	0.181
2020-08-17T10:40:05Z	0.08	0.082	0.081	0.126	0.126	0.181
2020-08-17T11:00:05Z	0.08	0.082	0.081	0.126	0.126	0.181
2020-08-17T11:20:05Z	0.08	0.082	0.081	0.126	0.126	0.181
2020-08-17T11:40:05Z	0.08	0.082	0.081	0.126	0.126	0.181
2020-08-17T12:00:05Z	0.08	0.083	0.081	0.126	0.126	0.181
2020-08-17T12:20:05Z	0.08	0.083	0.081	0.126	0.126	0.181
2020-08-17T12:40:05Z	0.08	0.083	0.081	0.126	0.126	0.181
2020-08-17T13:00:05Z	0.08	0.083	0.081	0.126	0.126	0.181
2020-08-17T13:20:05Z	0.08	0.083	0.081	0.126	0.126	0.181
2020-08-17T13:40:05Z	0.08	0.083	0.081	0.126	0.126	0.181
2020-08-17T14:00:05Z	0.08	0.083	0.081	0.126	0.126	0.181
2020-08-17T14:20:05Z	0.08	0.083	0.081	0.126	0.126	0.181
2020-08-17T14:40:05Z	0.08	0.083	0.08	0.126	0.126	0.181
2020-08-17T15:00:05Z	0.08	0.083	0.08	0.126	0.126	0.181
2020-08-17T15:20:05Z	0.079	0.082	0.08	0.126	0.126	0.181
2020-08-17T15:40:05Z	0.079	0.082	0.08	0.126	0.125	0.181
2020-08-17T16:00:05Z	0.079	0.082	0.08	0.126	0.125	0.181
2020-08-17T16:20:05Z	0.079	0.082	0.08	0.126	0.126	0.181
2020-08-17T16:40:05Z	0.078	0.082	0.08	0.126	0.125	0.181
2020-08-17T17:00:05Z	0.078	0.082	0.08	0.126	0.125	0.181
2020-08-17T17:20:05Z	0.078	0.082	0.08	0.126	0.125	0.181
2020-08-17T17:40:05Z	0.078	0.082	0.08	0.126	0.125	0.181
2020-08-17T18:00:05Z	0.078	0.082	0.08	0.125	0.125	0.18
2020-08-17T18:20:05Z	0.078	0.082	0.08	0.125	0.125	0.18
2020-08-17T18:40:05Z	0.078	0.082	0.08	0.125	0.125	0.18
2020-08-17T19:00:05Z	0.078	0.082	0.08	0.125	0.125	0.18
2020-08-17T19:20:05Z	0.077	0.082	0.08	0.125	0.125	0.18
2020-08-17T19:40:05Z	0.077	0.082	0.08	0.125	0.125	0.18
2020-08-17T20:00:05Z	0.077	0.082	0.08	0.125	0.125	0.18
2020-08-17T20:20:05Z	0.077	0.082	0.08	0.125	0.125	0.18
2020-08-17T20:40:05Z	0.077	0.081	0.08	0.125	0.125	0.18
2020-08-17T21:00:05Z	0.077	0.081	0.08	0.125	0.124	0.18
2020-08-17T21:20:05Z	0.077	0.081	0.08	0.125	0.124	0.18
2020-08-17T21:40:05Z	0.077	0.081	0.08	0.125	0.124	0.18
2020-08-17T22:00:05Z	0.077	0.081	0.08	0.125	0.124	0.18
2020-08-17T22:20:05Z	0.077	0.081	0.08	0.125	0.124	0.18
2020-08-17T22:40:05Z	0.077	0.081	0.08	0.125	0.124	0.18
2020-08-17T23:00:05Z	0.077	0.081	0.08	0.125	0.124	0.18
2020-08-17T23:20:05Z	0.077	0.081	0.08	0.125	0.124	0.18
2020-08-17T23:40:05Z	0.077	0.081	0.08	0.125	0.124	0.18
2020-08-18T00:00:05Z	0.077	0.081	0.08	0.125	0.124	0.18
2020-08-18T00:20:05Z	0.077	0.081	0.08	0.125	0.124	0.18
2020-08-18T00:40:05Z	0.077	0.081	0.08	0.125	0.124	0.18
2020-08-18T01:00:05Z	0.076	0.081	0.08	0.125	0.124	0.18
2020-08-18T01:20:05Z	0.077	0.081	0.08	0.125	0.124	0.18
2020-08-18T01:40:05Z	0.077	0.081	0.08	0.125	0.124	0.18
2020-08-18T02:00:05Z	0.077	0.081	0.08	0.125	0.124	0.18
2020-08-18T02:20:05Z	0.077	0.081	0.08	0.125	0.124	0.18
2020-08-18T02:40:05Z	0.077	0.081	0.08	0.125	0.124	0.18
2020-08-18T03:00:05Z	0.076	0.081	0.08	0.125	0.124	0.18
2020-08-18T03:20:05Z	0.076	0.081	0.08	0.125	0.124	0.18
2020-08-18T03:40:05Z	0.076	0.081	0.08	0.125	0.124	0.18
2020-08-18T04:00:05Z	0.076	0.081	0.08	0.124	0.124	0.18
2020-08-18T04:20:05Z	0.076	0.081	0.08	0.124	0.124	0.18
2020-08-18T04:40:05Z	0.076	0.081	0.08	0.124	0.124	0.18
2020-08-18T05:00:05Z	0.076	0.081	0.08	0.124	0.124	0.18
2020-08-18T05:20:05Z	0.076	0.081	0.08	0.124	0.124	0.18
2020-08-18T05:40:05Z	0.076	0.081	0.08	0.124	0.124	0.18
2020-08-18T06:00:05Z	0.076	0.081	0.08	0.124	0.124	0.18
2020-08-18T06:20:05Z	0.076	0.081	0.08	0.124	0.124	0.18
2020-08-18T06:40:05Z	0.076	0.08	0.08	0.124	0.124	0.18
2020-08-18T07:00:05Z	0.076	0.081	0.08	0.124	0.124	0.18
2020-08-18T07:20:05Z	0.076	0.081	0.08	0.124	0.124	0.18
2020-08-18T07:40:05Z	0.076	0.081	0.08	0.124	0.124	0.18
2020-08-18T08:00:05Z	0.076	0.081	0.08	0.124	0.124	0.18
2020-08-18T08:20:05Z	0.077	0.081	0.08	0.124	0.124	0.18
2020-08-18T08:40:05Z	0.077	0.081	0.08	0.124	0.124	0.18
2020-08-18T09:00:05Z	0.077	0.081	0.08	0.124	0.124	0.18
2020-08-18T09:20:05Z	0.077	0.081	0.08	0.124	0.124	0.18
2020-08-18T09:40:05Z	0.077	0.081	0.08	0.124	0.125	0.181
2020-08-18T10:00:05Z	0.077	0.081	0.08	0.124	0.125	0.181
2020-08-18T10:20:05Z	0.078	0.081	0.08	0.124	0.125	0.181
2020-08-18T10:40:05Z	0.078	0.081	0.08	0.125	0.125	0.181
2020-08-18T11:00:05Z	0.078	0.081	0.08	0.124	0.125	0.181
2020-08-18T11:20:05Z	0.078	0.081	0.08	0.124	0.125	0.181
2020-08-18T11:40:05Z	0.078	0.082	0.08	0.124	0.125	0.181
2020-08-18T12:00:05Z	0.078	0.082	0.08	0.124	0.125	0.181
2020-08-18T12:20:05Z	0.078	0.082	0.08	0.124	0.125	0.181
2020-08-18T12:40:05Z	0.078	0.082	0.08	0.124	0.125	0.181
2020-08-18T13:00:05Z	0.078	0.082	0.08	0.124	0.125	0.181
2020-08-18T13:20:05Z	0.078	0.082	0.08	0.124	0.125	0.181
2020-08-18T13:40:05Z	0.078	0.082	0.08	0.124	0.125	0.181
2020-08-18T14:00:05Z	0.078	0.082	0.08	0.124	0.125	0.181
2020-08-18T14:20:05Z	0.078	0.082	0.08	0.124	0.125	0.181
2020-08-18T14:40:05Z	0.078	0.082	0.08	0.124	0.125	0.181
2020-08-18T15:00:05Z	0.078	0.082	0.08	0.124	0.124	0.181
2020-08-18T15:20:05Z	0.078	0.082	0.08	0.124	0.124	0.181
2020-08-18T15:40:05Z	0.078	0.082	0.08	0.124	0.125	0.181
2020-08-18T16:00:05Z	0.078	0.082	0.08	0.124	0.125	0.181
2020-08-18T16:20:05Z	0.078	0.081	0.08	0.124	0.124	0.181
2020-08-18T16:40:05Z	0.077	0.081	0.08	0.124	0.124	0.181
2020-08-18T17:00:05Z	0.077	0.081	0.08	0.124	0.124	0.181
2020-08-18T17:20:05Z	0.077	0.081	0.08	0.124	0.124	0.181
2020-08-18T17:40:05Z	0.077	0.081	0.08	0.124	0.124	0.18
2020-08-18T18:00:05Z	0.077	0.081	0.08	0.124	0.124	0.18
2020-08-18T18:20:05Z	0.077	0.081	0.08	0.124	0.124	0.18
2020-08-18T18:40:05Z	0.077	0.081	0.08	0.124	0.124	0.18
2020-08-18T19:00:05Z	0.077	0.081	0.08	0.124	0.124	0.18
2020-08-18T19:20:05Z	0.077	0.081	0.08	0.123	0.124	0.18
2020-08-18T19:40:05Z	0.077	0.081	0.08	0.123	0.124	0.18
2020-08-18T20:00:05Z	0.076	0.081	0.08	0.123	0.124	0.18
2020-08-18T20:20:05Z	0.076	0.081	0.08	0.123	0.124	0.18
2020-08-18T20:40:05Z	0.076	0.081	0.08	0.123	0.124	0.18
2020-08-18T21:00:05Z	0.076	0.081	0.08	0.123	0.124	0.18
2020-08-18T21:20:05Z	0.076	0.081	0.08	0.123	0.124	0.18
2020-08-18T21:40:05Z	0.076	0.081	0.079	0.123	0.124	0.18
2020-08-18T22:00:05Z	0.076	0.081	0.08	0.123	0.124	0.18
2020-08-18T22:20:05Z	0.076	0.081	0.08	0.123	0.124	0.18
2020-08-18T22:40:05Z	0.076	0.08	0.079	0.123	0.124	0.18
2020-08-18T23:00:05Z	0.076	0.08	0.079	0.123	0.124	0.18
2020-08-18T23:20:05Z	0.076	0.08	0.079	0.123	0.124	0.18
2020-08-18T23:40:05Z	0.076	0.08	0.079	0.123	0.124	0.18
2020-08-19T00:00:05Z	0.076	0.08	0.079	0.123	0.124	0.18
2020-08-19T00:20:05Z	0.075	0.08	0.079	0.123	0.124	0.18
2020-08-19T00:40:05Z	0.075	0.08	0.079	0.123	0.124	0.18
2020-08-19T01:00:05Z	0.075	0.08	0.079	0.123	0.124	0.18
2020-08-19T01:20:05Z	0.075	0.08	0.079	0.122	0.124	0.18
2020-08-19T01:40:05Z	0.075	0.08	0.079	0.122	0.124	0.18
2020-08-19T02:00:05Z	0.075	0.08	0.079	0.122	0.124	0.18
2020-08-19T02:20:05Z	0.075	0.08	0.079	0.122	0.124	0.18
2020-08-19T02:40:05Z	0.075	0.08	0.079	0.122	0.124	0.18
2020-08-19T03:00:05Z	0.075	0.08	0.079	0.122	0.124	0.18
2020-08-19T03:20:05Z	0.075	0.08	0.079	0.122	0.124	0.18
2020-08-19T03:40:05Z	0.075	0.08	0.079	0.122	0.124	0.18
2020-08-19T04:00:05Z	0.075	0.08	0.079	0.122	0.124	0.18
2020-08-19T04:20:05Z	0.075	0.08	0.079	0.122	0.124	0.18
2020-08-19T04:40:05Z	0.075	0.08	0.079	0.122	0.124	0.18
2020-08-19T05:00:05Z	0.075	0.08	0.079	0.122	0.124	0.18
2020-08-19T05:20:05Z	0.075	0.08	0.079	0.122	0.124	0.18
2020-08-19T05:40:05Z	0.075	0.08	0.079	0.122	0.124	0.18
2020-08-19T06:00:05Z	0.075	0.08	0.079	0.122	0.124	0.18
2020-08-19T06:20:05Z	0.075	0.08	0.079	0.122	0.124	0.18
2020-08-19T06:40:05Z	0.076	0.08	0.08	0.123	0.124	0.18
2020-08-19T07:00:05Z	0.076	0.081	0.08	0.123	0.124	0.181
2020-08-19T07:20:05Z	0.077	0.081	0.08	0.123	0.124	0.181
2020-08-19T07:40:05Z	0.077	0.081	0.08	0.123	0.124	0.181
2020-08-19T08:00:05Z	0.077	0.081	0.08	0.123	0.124	0.181
2020-08-19T08:20:05Z	0.077	0.081	0.08	0.123	0.124	0.181
2020-08-19T08:40:05Z	0.077	0.081	0.08	0.123	0.124	0.181
2020-08-19T09:00:05Z	0.078	0.081	0.08	0.123	0.124	0.181
2020-08-19T09:20:05Z	0.078	0.081	0.08	0.123	0.124	0.181
2020-08-19T09:40:05Z	0.077	0.081	0.08	0.123	0.124	0.181
2020-08-19T10:00:05Z	0.077	0.081	0.08	0.123	0.124	0.181
2020-08-19T10:20:05Z	0.078	0.081	0.08	0.123	0.124	0.181
2020-08-19T10:40:05Z	0.078	0.081	0.08	0.123	0.124	0.181
2020-08-19T11:00:05Z	0.078	0.081	0.08	0.123	0.124	0.181
2020-08-19T11:20:05Z	0.078	0.081	0.08	0.123	0.124	0.181
2020-08-19T11:40:05Z	0.078	0.081	0.08	0.123	0.124	0.181
2020-08-19T12:00:05Z	0.078	0.082	0.08	0.123	0.124	0.181
2020-08-19T12:20:05Z	0.078	0.082	0.08	0.123	0.124	0.181
2020-08-19T12:40:05Z	0.078	0.082	0.08	0.123	0.124	0.181
2020-08-19T13:00:05Z	0.079	0.082	0.08	0.123	0.124	0.181
2020-08-19T13:20:05Z	0.078	0.082	0.08	0.123	0.124	0.181
2020-08-19T13:40:05Z	0.078	0.082	0.08	0.123	0.124	0.181
2020-08-19T14:00:05Z	0.078	0.082	0.08	0.123	0.124	0.181
2020-08-19T14:20:05Z	0.078	0.082	0.08	0.123	0.124	0.181
2020-08-19T14:40:05Z	0.078	0.082	0.08	0.123	0.124	0.181
2020-08-19T15:00:05Z	0.078	0.082	0.08	0.123	0.124	0.181
2020-08-19T15:20:05Z	0.078	0.082	0.08	0.123	0.124	0.181
2020-08-19T15:40:05Z	0.078	0.082	0.08	0.123	0.124	0.181
2020-08-19T16:00:05Z	0.078	0.082	0.08	0.123	0.124	0.181
2020-08-19T16:20:05Z	0.078	0.082	0.08	0.123	0.124	0.181
2020-08-19T16:40:05Z	0.078	0.082	0.08	0.123	0.124	0.181
2020-08-19T17:00:05Z	0.078	0.082	0.08	0.123	0.124	0.181
2020-08-19T17:20:05Z	0.077	0.082	0.08	0.122	0.124	0.181
2020-08-19T17:40:05Z	0.077	0.082	0.08	0.122	0.124	0.181
2020-08-19T18:00:05Z	0.077	0.082	0.08	0.122	0.124	0.181
2020-08-19T18:20:05Z	0.077	0.081	0.08	0.122	0.124	0.181
2020-08-19T18:40:05Z	0.076	0.081	0.08	0.122	0.124	0.181
2020-08-19T19:00:05Z	0.076	0.081	0.08	0.122	0.123	0.181
2020-08-19T19:20:05Z	0.076	0.081	0.08	0.122	0.123	0.181
2020-08-19T19:40:05Z	0.076	0.081	0.08	0.122	0.123	0.181
2020-08-19T20:00:05Z	0.076	0.081	0.08	0.122	0.123	0.181
2020-08-19T20:20:05Z	0.075	0.081	0.08	0.122	0.123	0.181
2020-08-19T20:40:05Z	0.075	0.081	0.08	0.122	0.123	0.181
2020-08-19T21:00:05Z	0.075	0.081	0.08	0.122	0.123	0.181
2020-08-19T21:20:05Z	0.075	0.081	0.079	0.122	0.123	0.181
2020-08-19T21:40:05Z	0.075	0.081	0.079	0.122	0.123	0.181
2020-08-19T22:00:05Z	0.075	0.081	0.079	0.122	0.123	0.181
2020-08-19T22:20:05Z	0.075	0.081	0.079	0.122	0.123	0.181
2020-08-19T22:40:05Z	0.075	0.081	0.079	0.122	0.123	0.181
2020-08-19T23:00:05Z	0.075	0.08	0.079	0.122	0.123	0.181
2020-08-19T23:20:05Z	0.075	0.08	0.079	0.122	0.123	0.181
2020-08-19T23:40:05Z	0.075	0.08	0.079	0.122	0.123	0.181
2020-08-20T00:00:05Z	0.075	0.08	0.079	0.122	0.123	0.181
2020-08-20T00:20:05Z	0.075	0.08	0.079	0.122	0.123	0.181
2020-08-20T00:40:05Z	0.075	0.08	0.079	0.122	0.123	0.181
2020-08-20T01:00:05Z	0.075	0.08	0.079	0.122	0.123	0.181
2020-08-20T01:20:05Z	0.075	0.08	0.079	0.121	0.123	0.181
2020-08-20T01:40:05Z	0.075	0.08	0.079	0.121	0.123	0.181
2020-08-20T02:00:05Z	0.075	0.08	0.079	0.121	0.123	0.181
2020-08-20T02:20:05Z	0.075	0.08	0.079	0.121	0.123	0.181
2020-08-20T02:40:05Z	0.075	0.08	0.079	0.121	0.123	0.181
2020-08-20T03:00:05Z	0.075	0.08	0.079	0.121	0.123	0.181
2020-08-20T03:20:05Z	0.075	0.08	0.079	0.121	0.123	0.181
2020-08-20T03:40:05Z	0.075	0.08	0.079	0.121	0.123	0.181
2020-08-20T04:00:05Z	0.075	0.08	0.079	0.121	0.123	0.181
2020-08-20T04:20:05Z	0.075	0.08	0.079	0.121	0.123	0.181
2020-08-20T04:40:05Z	0.075	0.08	0.079	0.121	0.123	0.181
2020-08-20T05:00:05Z	0.075	0.08	0.079	0.121	0.123	0.181
2020-08-20T05:20:05Z	0.075	0.08	0.079	0.121	0.123	0.181
2020-08-20T05:40:05Z	0.075	0.08	0.079	0.121	0.123	0.181
2020-08-20T06:00:05Z	0.075	0.08	0.079	0.121	0.123	0.181
2020-08-20T06:20:05Z	0.075	0.08	0.079	0.121	0.123	0.181
2020-08-20T06:40:05Z	0.075	0.081	0.079	0.121	0.123	0.181
2020-08-20T07:00:05Z	0.076	0.081	0.079	0.121	0.123	0.181
2020-08-20T07:20:05Z	0.076	0.081	0.08	0.121	0.124	0.181
2020-08-20T07:40:05Z	0.076	0.081	0.08	0.121	0.124	0.181
2020-08-20T08:00:05Z	0.076	0.081	0.08	0.122	0.124	0.181
2020-08-20T08:20:05Z	0.077	0.081	0.08	0.122	0.124	0.181
2020-08-20T08:40:05Z	0.077	0.081	0.08	0.122	0.124	0.181
2020-08-20T09:00:05Z	0.077	0.081	0.08	0.122	0.124	0.181
2020-08-20T09:20:05Z	0.077	0.081	0.08	0.122	0.124	0.181
2020-08-20T09:40:05Z	0.078	0.081	0.08	0.122	0.124	0.181
2020-08-20T10:00:05Z	0.078	0.081	0.08	0.122	0.124	0.181
2020-08-20T10:20:05Z	0.078	0.082	0.08	0.122	0.124	0.181
2020-08-20T10:40:05Z	0.078	0.081	0.08	0.122	0.124	0.181
2020-08-20T11:00:05Z	0.078	0.081	0.08	0.122	0.124	0.181
2020-08-20T11:20:05Z	0.078	0.082	0.08	0.122	0.124	0.181
2020-08-20T11:40:05Z	0.078	0.082	0.08	0.122	0.124	0.181
2020-08-20T12:00:05Z	0.078	0.082	0.08	0.122	0.124	0.181
2020-08-20T12:20:05Z	0.078	0.082	0.08	0.122	0.124	0.181
2020-08-20T12:40:05Z	0.078	0.082	0.08	0.122	0.124	0.181
2020-08-20T13:00:05Z	0.078	0.082	0.08	0.122	0.124	0.181
2020-08-20T13:20:05Z	0.078	0.082	0.08	0.122	0.124	0.181
2020-08-20T13:40:05Z	0.078	0.082	0.08	0.121	0.124	0.181
2020-08-20T14:00:05Z	0.078	0.082	0.08	0.122	0.124	0.181
2020-08-20T14:20:05Z	0.078	0.082	0.08	0.122	0.124	0.181
2020-08-20T14:40:05Z	0.078	0.082	0.08	0.122	0.124	0.181
2020-08-20T15:00:05Z	0.078	0.082	0.08	0.122	0.124	0.181
2020-08-20T15:20:05Z	0.078	0.082	0.08	0.121	0.124	0.181
2020-08-20T15:40:05Z	0.078	0.082	0.08	0.121	0.124	0.181
2020-08-20T16:00:05Z	0.078	0.082	0.08	0.122	0.124	0.181
2020-08-20T16:20:05Z	0.078	0.082	0.08	0.121	0.124	0.181
2020-08-20T16:40:05Z	0.077	0.082	0.08	0.121	0.124	0.181
2020-08-20T17:00:05Z	0.077	0.082	0.08	0.121	0.124	0.181
2020-08-20T17:20:05Z	0.077	0.082	0.08	0.121	0.124	0.181
2020-08-20T17:40:05Z	0.077	0.082	0.08	0.121	0.124	0.181
2020-08-20T18:00:05Z	0.077	0.081	0.08	0.121	0.123	0.181
2020-08-20T18:20:05Z	0.076	0.081	0.079	0.121	0.123	0.181
2020-08-20T18:40:05Z	0.076	0.081	0.079	0.121	0.123	0.181
2020-08-20T19:00:05Z	0.076	0.081	0.079	0.121	0.123	0.181
2020-08-20T19:20:05Z	0.076	0.081	0.079	0.121	0.123	0.181
2020-08-20T19:40:05Z	0.076	0.081	0.079	0.121	0.123	0.181
2020-08-20T20:00:05Z	0.075	0.081	0.079	0.121	0.123	0.181
2020-08-20T20:20:05Z	0.075	0.081	0.079	0.121	0.123	0.181
2020-08-20T20:40:05Z	0.075	0.081	0.079	0.121	0.123	0.181
2020-08-20T21:00:05Z	0.075	0.081	0.079	0.121	0.123	0.181
2020-08-20T21:20:05Z	0.075	0.081	0.079	0.121	0.123	0.181
2020-08-20T21:40:05Z	0.075	0.081	0.079	0.121	0.123	0.181
2020-08-20T22:00:05Z	0.075	0.081	0.079	0.121	0.123	0.181
2020-08-20T22:20:05Z	0.075	0.08	0.079	0.121	0.123	0.181
2020-08-20T22:40:05Z	0.075	0.08	0.079	0.121	0.123	0.181
2020-08-20T23:00:05Z	0.075	0.08	0.079	0.121	0.123	0.181
2020-08-20T23:20:05Z	0.075	0.08	0.079	0.121	0.123	0.181
2020-08-20T23:40:05Z	0.075	0.08	0.079	0.12	0.123	0.181
2020-08-21T00:00:05Z	0.075	0.08	0.079	0.12	0.123	0.181
2020-08-21T00:20:05Z	0.075	0.08	0.079	0.12	0.123	0.181
2020-08-21T00:40:05Z	0.075	0.08	0.079	0.12	0.123	0.181
2020-08-21T01:00:05Z	0.075	0.08	0.079	0.12	0.123	0.181
2020-08-21T01:20:05Z	0.074	0.08	0.079	0.12	0.123	0.181
2020-08-21T01:40:05Z	0.075	0.08	0.079	0.12	0.123	0.181
2020-08-21T02:00:05Z	0.075	0.08	0.079	0.12	0.123	0.181
2020-08-21T02:20:05Z	0.074	0.08	0.079	0.12	0.123	0.181
2020-08-21T02:40:05Z	0.074	0.08	0.079	0.12	0.123	0.181
2020-08-21T03:00:05Z	0.075	0.08	0.079	0.12	0.123	0.181
2020-08-21T03:20:05Z	0.074	0.08	0.079	0.12	0.123	0.181
2020-08-21T03:40:05Z	0.074	0.08	0.079	0.12	0.123	0.181
2020-08-21T04:00:05Z	0.074	0.08	0.079	0.12	0.123	0.181
2020-08-21T04:20:05Z	0.074	0.08	0.079	0.12	0.123	0.181
2020-08-21T04:40:05Z	0.074	0.079	0.079	0.12	0.123	0.181
2020-08-21T05:00:05Z	0.074	0.08	0.079	0.12	0.123	0.181
2020-08-21T05:20:05Z	0.075	0.08	0.079	0.12	0.123	0.181
2020-08-21T05:40:05Z	0.075	0.08	0.079	0.12	0.123	0.181
2020-08-21T06:00:05Z	0.075	0.08	0.079	0.121	0.123	0.181
2020-08-21T06:20:05Z	0.075	0.081	0.079	0.121	0.123	0.181
2020-08-21T06:40:05Z	0.075	0.081	0.079	0.121	0.123	0.181
2020-08-21T07:00:05Z	0.076	0.081	0.079	0.121	0.123	0.181
2020-08-21T07:20:05Z	0.076	0.081	0.079	0.121	0.124	0.181
2020-08-21T07:40:05Z	0.076	0.081	0.08	0.121	0.124	0.181
2020-08-21T08:00:05Z	0.077	0.081	0.08	0.121	0.124	0.181
2020-08-21T08:20:05Z	0.077	0.081	0.08	0.121	0.124	0.181
2020-08-21T08:40:05Z	0.077	0.081	0.08	0.121	0.124	0.181
2020-08-21T09:00:05Z	0.077	0.081	0.08	0.121	0.124	0.181
2020-08-21T09:20:05Z	0.077	0.081	0.08	0.121	0.124	0.181
2020-08-21T09:40:05Z	0.077	0.081	0.08	0.121	0.124	0.181
2020-08-21T10:00:05Z	0.078	0.081	0.08	0.121	0.124	0.181
2020-08-21T10:20:05Z	0.078	0.081	0.08	0.121	0.124	0.181
2020-08-21T10:40:05Z	0.078	0.081	0.08	0.121	0.124	0.181
2020-08-21T11:00:05Z	0.078	0.082	0.08	0.121	0.124	0.181
2020-08-21T11:20:05Z	0.078	0.082	0.08	0.121	0.124	0.181
2020-08-21T11:40:05Z	0.078	0.082	0.08	0.121	0.124	0.181
2020-08-21T12:00:05Z	0.078	0.082	0.08	0.121	0.124	0.181
2020-08-21T12:20:05Z	0.078	0.082	0.08	0.121	0.124	0.181
2020-08-21T12:40:05Z	0.078	0.082	0.08	0.121	0.124	0.181
2020-08-21T13:00:05Z	0.078	0.082	0.08	0.121	0.124	0.181
2020-08-21T13:20:05Z	0.078	0.082	0.08	0.121	0.124	0.181
2020-08-21T13:40:05Z	0.078	0.082	0.08	0.121	0.124	0.181
2020-08-21T14:00:05Z	0.078	0.082	0.079	0.121	0.124	0.181
2020-08-21T14:20:05Z	0.078	0.082	0.08	0.121	0.124	0.181
2020-08-21T14:40:05Z	0.078	0.082	0.08	0.121	0.124	0.181
2020-08-21T15:00:05Z	0.077	0.082	0.079	0.121	0.124	0.181
2020-08-21T15:20:05Z	0.077	0.082	0.08	0.121	0.124	0.181
2020-08-21T15:40:05Z	0.077	0.082	0.08	0.121	0.124	0.181
2020-08-21T16:00:05Z	0.077	0.082	0.08	0.121	0.124	0.181
2020-08-21T16:20:05Z	0.077	0.082	0.08	0.121	0.123	0.181
2020-08-21T16:40:05Z	0.077	0.082	0.08	0.121	0.123	0.181
2020-08-21T17:00:05Z	0.077	0.082	0.08	0.121	0.123	0.181
2020-08-21T17:20:05Z	0.077	0.082	0.079	0.12	0.123	0.181
2020-08-21T17:40:05Z	0.077	0.082	0.079	0.12	0.123	0.181
2020-08-21T18:00:05Z	0.076	0.081	0.079	0.12	0.123	0.181
2020-08-21T18:20:05Z	0.076	0.081	0.079	0.12	0.123	0.181
2020-08-21T18:40:05Z	0.076	0.081	0.079	0.12	0.123	0.181
2020-08-21T19:00:05Z	0.076	0.081	0.079	0.12	0.123	0.181
2020-08-21T19:20:05Z	0.076	0.081	0.079	0.12	0.123	0.181
2020-08-21T19:40:05Z	0.075	0.081	0.079	0.12	0.123	0.181
2020-08-21T20:00:05Z	0.075	0.081	0.079	0.12	0.123	0.181
2020-08-21T20:20:05Z	0.075	0.081	0.079	0.12	0.123	0.181
2020-08-21T20:40:05Z	0.075	0.081	0.079	0.12	0.123	0.181
2020-08-21T21:00:05Z	0.075	0.081	0.079	0.12	0.123	0.181
2020-08-21T21:20:05Z	0.075	0.081	0.079	0.12	0.123	0.181
2020-08-21T21:40:05Z	0.075	0.081	0.079	0.12	0.123	0.181
2020-08-21T22:00:05Z	0.075	0.081	0.079	0.12	0.123	0.181
2020-08-21T22:20:05Z	0.075	0.081	0.079	0.12	0.123	0.181
2020-08-21T22:40:05Z	0.075	0.081	0.079	0.12	0.123	0.181
2020-08-21T23:00:05Z	0.075	0.081	0.079	0.12	0.123	0.181
2020-08-21T23:20:05Z	0.075	0.081	0.079	0.12	0.123	0.181
2020-08-21T23:40:05Z	0.075	0.08	0.079	0.12	0.123	0.181
2020-08-22T00:00:05Z	0.075	0.08	0.079	0.12	0.123	0.181
2020-08-22T00:20:05Z	0.075	0.08	0.079	0.12	0.123	0.181
2020-08-22T00:40:05Z	0.075	0.08	0.079	0.12	0.123	0.181
2020-08-22T01:00:05Z	0.075	0.08	0.079	0.12	0.123	0.181
2020-08-22T01:20:05Z	0.075	0.08	0.079	0.12	0.123	0.181
2020-08-22T01:40:05Z	0.075	0.08	0.079	0.12	0.123	0.181
2020-08-22T02:00:05Z	0.075	0.08	0.079	0.12	0.123	0.181
2020-08-22T02:20:05Z	0.075	0.08	0.079	0.12	0.123	0.181
2020-08-22T02:40:05Z	0.075	0.08	0.079	0.12	0.123	0.181
2020-08-22T03:00:05Z	0.075	0.08	0.079	0.119	0.123	0.181
2020-08-22T03:20:05Z	0.074	0.08	0.079	0.119	0.123	0.181
2020-08-22T03:40:05Z	0.074	0.08	0.079	0.119	0.123	0.181
2020-08-22T04:00:05Z	0.074	0.08	0.079	0.119	0.123	0.181
2020-08-22T04:20:05Z	0.074	0.08	0.079	0.119	0.123	0.181
2020-08-22T04:40:05Z	0.074	0.08	0.079	0.119	0.123	0.181
2020-08-22T05:00:05Z	0.074	0.08	0.079	0.119	0.123	0.181
2020-08-22T05:20:05Z	0.074	0.08	0.079	0.119	0.123	0.181
2020-08-22T05:40:05Z	0.074	0.08	0.079	0.119	0.123	0.181
2020-08-22T06:00:05Z	0.074	0.08	0.079	0.119	0.123	0.181
2020-08-22T06:20:05Z	0.075	0.08	0.079	0.119	0.123	0.181
2020-08-22T06:40:05Z	0.075	0.08	0.079	0.119	0.123	0.181
2020-08-22T07:00:05Z	0.076	0.08	0.079	0.119	0.123	0.181
2020-08-22T07:20:05Z	0.077	0.08	0.079	0.119	0.123	0.181
2020-08-22T07:40:05Z	0.077	0.08	0.079	0.119	0.123	0.181
2020-08-22T08:00:05Z	0.078	0.08	0.079	0.119	0.123	0.181
2020-08-22T08:20:05Z	0.079	0.08	0.079	0.119	0.123	0.181
2020-08-22T08:40:05Z	0.08	0.08	0.079	0.119	0.123	0.181
2020-08-22T09:00:05Z	0.08	0.08	0.079	0.119	0.123	0.181
2020-08-22T09:20:05Z	0.082	0.08	0.079	0.119	0.123	0.181
2020-08-22T09:40:05Z	0.082	0.08	0.079	0.119	0.123	0.181
2020-08-22T10:00:05Z	0.083	0.08	0.079	0.119	0.123	0.181
2020-08-22T10:20:05Z	0.083	0.081	0.079	0.119	0.123	0.181
2020-08-22T10:40:05Z	0.084	0.081	0.079	0.119	0.123	0.181
2020-08-22T11:00:05Z	0.084	0.081	0.079	0.119	0.123	0.181
2020-08-22T11:20:05Z	0.084	0.081	0.079	0.119	0.123	0.181
2020-08-22T11:40:05Z	0.084	0.081	0.079	0.119	0.123	0.181
2020-08-22T12:00:05Z	0.085	0.081	0.079	0.119	0.123	0.181
2020-08-22T12:20:05Z	0.085	0.081	0.079	0.119	0.123	0.181
2020-08-22T12:40:05Z	0.085	0.081	0.079	0.119	0.123	0.181
2020-08-22T13:00:05Z	0.085	0.081	0.079	0.119	0.123	0.181
2020-08-22T13:20:05Z	0.085	0.081	0.079	0.119	0.123	0.181
2020-08-22T13:40:05Z	0.086	0.081	0.079	0.119	0.123	0.181
2020-08-22T14:00:05Z	0.086	0.081	0.079	0.119	0.123	0.181
2020-08-22T14:20:05Z	0.086	0.081	0.079	0.119	0.123	0.181
2020-08-22T14:40:05Z	0.086	0.081	0.079	0.119	0.123	0.181
2020-08-22T15:00:05Z	0.086	0.081	0.079	0.119	0.123	0.181
2020-08-22T15:20:05Z	0.086	0.081	0.079	0.119	0.123	0.181
2020-08-22T15:40:05Z	0.086	0.08	0.079	0.119	0.123	0.181
2020-08-22T16:00:05Z	0.086	0.081	0.079	0.119	0.123	0.181
2020-08-22T16:20:05Z	0.086	0.081	0.079	0.119	0.123	0.181
2020-08-22T16:40:05Z	0.086	0.081	0.079	0.119	0.123	0.181
2020-08-22T17:00:05Z	0.086	0.081	0.079	0.119	0.123	0.181
2020-08-22T17:20:05Z	0.086	0.08	0.079	0.119	0.123	0.181
2020-08-22T17:40:05Z	0.086	0.08	0.079	0.119	0.123	0.181
2020-08-22T18:00:05Z	0.086	0.08	0.079	0.119	0.122	0.181
2020-08-22T18:20:05Z	0.086	0.08	0.079	0.119	0.122	0.181
2020-08-22T18:40:05Z	0.086	0.08	0.079	0.119	0.122	0.181
2020-08-22T19:00:05Z	0.086	0.08	0.079	0.119	0.122	0.181
2020-08-22T19:20:05Z	0.086	0.08	0.079	0.119	0.122	0.181
2020-08-22T19:40:05Z	0.086	0.08	0.079	0.119	0.122	0.181
2020-08-22T20:00:05Z	0.086	0.08	0.079	0.119	0.122	0.181
2020-08-22T20:20:05Z	0.086	0.08	0.079	0.119	0.122	0.18
2020-08-22T20:40:05Z	0.086	0.08	0.079	0.119	0.122	0.18
2020-08-22T21:00:05Z	0.086	0.079	0.079	0.119	0.122	0.18
2020-08-22T21:20:05Z	0.086	0.079	0.079	0.119	0.122	0.18
2020-08-22T21:40:05Z	0.086	0.079	0.079	0.119	0.122	0.18
2020-08-22T22:00:05Z	0.086	0.079	0.079	0.118	0.122	0.18
2020-08-22T22:20:05Z	0.086	0.079	0.079	0.119	0.122	0.18
2020-08-22T22:40:05Z	0.086	0.079	0.079	0.119	0.122	0.18
2020-08-22T23:00:05Z	0.086	0.079	0.079	0.118	0.122	0.18
2020-08-22T23:20:05Z	0.086	0.079	0.079	0.118	0.122	0.18
2020-08-22T23:40:05Z	0.086	0.079	0.079	0.118	0.122	0.18
2020-08-23T00:00:05Z	0.086	0.079	0.079	0.118	0.122	0.18
2020-08-23T00:20:05Z	0.086	0.079	0.079	0.118	0.122	0.18
2020-08-23T00:40:05Z	0.086	0.079	0.079	0.118	0.122	0.18
2020-08-23T01:00:05Z	0.086	0.079	0.079	0.118	0.122	0.18
2020-08-23T01:20:05Z	0.086	0.079	0.079	0.118	0.122	0.18
2020-08-23T01:40:05Z	0.086	0.079	0.079	0.118	0.122	0.18
2020-08-23T02:00:05Z	0.086	0.079	0.079	0.118	0.122	0.18
2020-08-23T02:20:05Z	0.086	0.079	0.079	0.118	0.122	0.18
2020-08-23T02:40:05Z	0.086	0.079	0.079	0.118	0.122	0.18
2020-08-23T03:00:05Z	0.086	0.079	0.079	0.118	0.122	0.18
2020-08-23T03:20:05Z	0.086	0.079	0.079	0.118	0.122	0.18
2020-08-23T03:40:05Z	0.086	0.079	0.079	0.118	0.122	0.18
2020-08-23T04:00:05Z	0.086	0.079	0.079	0.118	0.122	0.18
2020-08-23T04:20:05Z	0.086	0.079	0.079	0.118	0.122	0.18
2020-08-23T04:40:05Z	0.086	0.079	0.079	0.118	0.122	0.18
2020-08-23T05:00:05Z	0.086	0.079	0.079	0.118	0.122	0.18
2020-08-23T05:20:05Z	0.086	0.079	0.079	0.118	0.122	0.18
2020-08-23T05:40:05Z	0.086	0.079	0.079	0.118	0.122	0.181
2020-08-23T06:00:05Z	0.086	0.079	0.079	0.118	0.122	0.181
2020-08-23T06:20:05Z	0.086	0.079	0.079	0.119	0.122	0.181
2020-08-23T06:40:05Z	0.086	0.08	0.079	0.119	0.122	0.181
2020-08-23T07:00:05Z	0.086	0.08	0.079	0.119	0.122	0.181
2020-08-23T07:20:05Z	0.086	0.08	0.079	0.119	0.123	0.181
2020-08-23T07:40:05Z	0.087	0.08	0.079	0.119	0.123	0.181
2020-08-23T08:00:05Z	0.087	0.08	0.079	0.119	0.123	0.181
2020-08-23T08:20:05Z	0.087	0.08	0.079	0.119	0.123	0.181
2020-08-23T08:40:05Z	0.087	0.08	0.079	0.119	0.123	0.181
2020-08-23T09:00:05Z	0.087	0.08	0.079	0.119	0.123	0.181
2020-08-23T09:20:05Z	0.087	0.08	0.079	0.119	0.123	0.181
2020-08-23T09:40:05Z	0.087	0.081	0.079	0.119	0.123	0.181
2020-08-23T10:00:05Z	0.087	0.081	0.079	0.119	0.123	0.181
2020-08-23T10:20:05Z	0.088	0.081	0.079	0.119	0.123	0.181
2020-08-23T10:40:05Z	0.088	0.081	0.079	0.119	0.123	0.181
2020-08-23T11:00:05Z	0.087	0.081	0.079	0.119	0.123	0.181
2020-08-23T11:20:05Z	0.087	0.081	0.079	0.119	0.123	0.181
2020-08-23T11:40:05Z	0.087	0.081	0.079	0.119	0.123	0.181
2020-08-23T12:00:05Z	0.087	0.081	0.079	0.119	0.123	0.181
2020-08-23T12:20:05Z	0.087	0.081	0.079	0.119	0.123	0.181
2020-08-23T12:40:05Z	0.087	0.081	0.079	0.119	0.122	0.181
2020-08-23T13:00:05Z	0.087	0.081	0.079	0.119	0.123	0.181
2020-08-23T13:20:05Z	0.087	0.081	0.079	0.119	0.123	0.181
2020-08-23T13:40:05Z	0.087	0.081	0.079	0.119	0.123	0.181
2020-08-23T14:00:05Z	0.087	0.081	0.079	0.119	0.123	0.181
2020-08-23T14:20:05Z	0.087	0.081	0.079	0.119	0.123	0.181
2020-08-23T14:40:05Z	0.087	0.081	0.079	0.119	0.123	0.181
2020-08-23T15:00:05Z	0.086	0.081	0.079	0.119	0.123	0.181
2020-08-23T15:20:05Z	0.086	0.081	0.079	0.119	0.122	0.181
2020-08-23T15:40:05Z	0.086	0.081	0.079	0.119	0.123	0.181
2020-08-23T16:00:05Z	0.086	0.081	0.079	0.119	0.122	0.181
2020-08-23T16:20:05Z	0.086	0.081	0.079	0.119	0.122	0.181
2020-08-23T16:40:05Z	0.086	0.081	0.079	0.119	0.122	0.181
2020-08-23T17:00:05Z	0.086	0.081	0.079	0.119	0.122	0.181
2020-08-23T17:20:05Z	0.086	0.081	0.079	0.119	0.122	0.181
2020-08-23T17:40:05Z	0.085	0.08	0.079	0.119	0.122	0.181
2020-08-23T18:00:05Z	0.085	0.08	0.079	0.118	0.122	0.181
2020-08-23T18:20:05Z	0.085	0.08	0.079	0.118	0.122	0.181
2020-08-23T18:40:05Z	0.085	0.08	0.079	0.118	0.122	0.181
2020-08-23T19:00:05Z	0.084	0.08	0.079	0.118	0.122	0.181
2020-08-23T19:20:05Z	0.084	0.08	0.079	0.118	0.122	0.181
2020-08-23T19:40:05Z	0.084	0.08	0.079	0.118	0.122	0.181
2020-08-23T20:00:05Z	0.084	0.08	0.079	0.118	0.122	0.181
2020-08-23T20:20:05Z	0.084	0.08	0.079	0.118	0.122	0.181
2020-08-23T20:40:05Z	0.084	0.08	0.079	0.118	0.122	0.181
2020-08-23T21:00:05Z	0.084	0.08	0.079	0.118	0.122	0.18
2020-08-23T21:20:05Z	0.084	0.08	0.079	0.118	0.122	0.181
2020-08-23T21:40:05Z	0.084	0.08	0.079	0.118	0.122	0.181
2020-08-23T22:00:05Z	0.084	0.08	0.079	0.118	0.122	0.181
2020-08-23T22:20:05Z	0.084	0.08	0.079	0.118	0.122	0.181
2020-08-23T22:40:05Z	0.084	0.079	0.079	0.118	0.122	0.181
2020-08-23T23:00:05Z	0.084	0.079	0.079	0.118	0.122	0.181
2020-08-23T23:20:05Z	0.084	0.079	0.079	0.118	0.122	0.181
2020-08-23T23:40:05Z	0.084	0.079	0.079	0.118	0.122	0.181
2020-08-24T00:00:05Z	0.084	0.079	0.079	0.118	0.122	0.181
2020-08-24T00:20:05Z	0.084	0.079	0.079	0.118	0.122	0.181
2020-08-24T00:40:05Z	0.084	0.079	0.079	0.118	0.122	0.181
2020-08-24T01:00:05Z	0.083	0.079	0.079	0.118	0.121	0.18
2020-08-24T01:20:05Z	0.083	0.079	0.079	0.118	0.121	0.18
2020-08-24T01:40:05Z	0.083	0.079	0.079	0.118	0.121	0.18
2020-08-24T02:00:05Z	0.083	0.079	0.079	0.118	0.121	0.18
2020-08-24T02:20:05Z	0.083	0.079	0.079	0.118	0.121	0.18
2020-08-24T02:40:05Z	0.083	0.079	0.079	0.118	0.121	0.18
2020-08-24T03:00:05Z	0.083	0.079	0.079	0.118	0.121	0.18
2020-08-24T03:20:05Z	0.083	0.079	0.079	0.118	0.121	0.18
2020-08-24T03:40:05Z	0.083	0.079	0.079	0.118	0.121	0.18
2020-08-24T04:00:05Z	0.083	0.079	0.078	0.118	0.121	0.18
2020-08-24T04:20:05Z	0.083	0.079	0.079	0.118	0.121	0.18
2020-08-24T04:40:05Z	0.083	0.079	0.079	0.118	0.121	0.18
2020-08-24T05:00:05Z	0.083	0.079	0.078	0.118	0.121	0.18
2020-08-24T05:20:05Z	0.083	0.079	0.079	0.118	0.121	0.18
2020-08-24T05:40:05Z	0.083	0.079	0.079	0.118	0.122	0.181
2020-08-24T06:00:05Z	0.083	0.079	0.079	0.118	0.122	0.181
2020-08-24T06:20:05Z	0.083	0.079	0.079	0.118	0.122	0.181
2020-08-24T06:40:05Z	0.083	0.079	0.079	0.118	0.122	0.181
2020-08-24T07:00:05Z	0.083	0.079	0.079	0.118	0.122	0.181
2020-08-24T07:20:05Z	0.084	0.08	0.079	0.119	0.122	0.181
2020-08-24T07:40:05Z	0.084	0.08	0.079	0.119	0.122	0.181
2020-08-24T08:00:05Z	0.084	0.08	0.079	0.119	0.122	0.181
2020-08-24T08:20:05Z	0.084	0.08	0.079	0.119	0.122	0.181
2020-08-24T08:40:05Z	0.084	0.08	0.079	0.118	0.122	0.181
2020-08-24T09:00:05Z	0.084	0.08	0.079	0.119	0.122	0.181
2020-08-24T09:20:05Z	0.084	0.08	0.079	0.119	0.122	0.181
2020-08-24T09:40:05Z	0.084	0.08	0.079	0.118	0.122	0.181
2020-08-24T10:00:05Z	0.084	0.08	0.079	0.118	0.122	0.181
2020-08-24T10:20:05Z	0.084	0.08	0.079	0.119	0.122	0.181
2020-08-24T10:40:05Z	0.084	0.08	0.079	0.118	0.122	0.181
2020-08-24T11:00:05Z	0.084	0.08	0.079	0.118	0.122	0.181
2020-08-24T11:20:05Z	0.084	0.08	0.079	0.118	0.122	0.181
2020-08-24T11:40:05Z	0.084	0.08	0.079	0.118	0.122	0.181
2020-08-24T12:00:05Z	0.084	0.08	0.079	0.119	0.122	0.181
2020-08-24T12:20:05Z	0.084	0.08	0.079	0.119	0.122	0.181
2020-08-24T12:40:05Z	0.084	0.081	0.079	0.119	0.122	0.181
2020-08-24T13:00:05Z	0.084	0.08	0.079	0.119	0.122	0.181
2020-08-24T13:20:05Z	0.084	0.08	0.079	0.118	0.122	0.181
2020-08-24T13:40:05Z	0.084	0.081	0.079	0.119	0.122	0.181
2020-08-24T14:00:05Z	0.084	0.081	0.079	0.119	0.122	0.181
2020-08-24T14:20:05Z	0.084	0.08	0.079	0.118	0.122	0.181
2020-08-24T14:40:05Z	0.083	0.08	0.079	0.118	0.122	0.181
2020-08-24T15:00:05Z	0.083	0.08	0.079	0.118	0.122	0.181
2020-08-24T15:20:05Z	0.083	0.08	0.079	0.118	0.122	0.181
2020-08-24T15:40:05Z	0.083	0.08	0.079	0.118	0.122	0.181
2020-08-24T16:00:05Z	0.083	0.08	0.079	0.118	0.122	0.181
2020-08-24T16:20:05Z	0.083	0.08	0.079	0.118	0.122	0.181
2020-08-24T16:40:05Z	0.083	0.08	0.079	0.118	0.122	0.181
2020-08-24T17:00:05Z	0.083	0.08	0.079	0.118	0.122	0.181
2020-08-24T17:20:05Z	0.083	0.08	0.079	0.118	0.122	0.181
2020-08-24T17:40:05Z	0.083	0.08	0.079	0.118	0.121	0.181
2020-08-24T18:00:05Z	0.083	0.08	0.079	0.118	0.121	0.181
2020-08-24T18:20:05Z	0.083	0.08	0.079	0.118	0.121	0.181
2020-08-24T18:40:05Z	0.083	0.08	0.079	0.118	0.121	0.181
2020-08-24T19:00:05Z	0.082	0.08	0.079	0.118	0.121	0.181
2020-08-24T19:20:05Z	0.082	0.08	0.079	0.118	0.121	0.181
2020-08-24T19:40:05Z	0.082	0.079	0.079	0.118	0.121	0.181
2020-08-24T20:00:05Z	0.082	0.079	0.079	0.118	0.121	0.18
2020-08-24T20:20:05Z	0.082	0.079	0.079	0.118	0.121	0.18
2020-08-24T20:40:05Z	0.082	0.079	0.079	0.118	0.121	0.18
2020-08-24T21:00:05Z	0.082	0.079	0.079	0.118	0.121	0.18
2020-08-24T21:20:05Z	0.082	0.079	0.079	0.118	0.121	0.18
2020-08-24T21:40:05Z	0.082	0.079	0.079	0.118	0.121	0.18
2020-08-24T22:00:05Z	0.082	0.079	0.079	0.118	0.121	0.18
2020-08-24T22:20:05Z	0.082	0.079	0.079	0.118	0.121	0.18
2020-08-24T22:40:05Z	0.082	0.079	0.079	0.118	0.121	0.18
2020-08-24T23:00:05Z	0.082	0.079	0.079	0.118	0.121	0.18
2020-08-24T23:20:05Z	0.082	0.079	0.079	0.118	0.121	0.18
2020-08-24T23:40:05Z	0.081	0.079	0.079	0.118	0.121	0.18
2020-08-25T00:00:05Z	0.081	0.079	0.079	0.118	0.121	0.18
2020-08-25T00:20:05Z	0.081	0.079	0.078	0.118	0.121	0.18
2020-08-25T00:40:05Z	0.081	0.079	0.078	0.118	0.121	0.18
2020-08-25T01:00:05Z	0.081	0.079	0.078	0.118	0.121	0.18
2020-08-25T01:20:05Z	0.081	0.079	0.078	0.118	0.121	0.18
2020-08-25T07:40:05Z	0.082	0.079	0.079	0.118	0.122	0.181
2020-08-25T08:00:05Z	0.082	0.079	0.079	0.118	0.122	0.181
2020-08-25T08:20:05Z	0.082	0.08	0.079	0.118	0.122	0.181
2020-08-25T08:40:05Z	0.082	0.08	0.079	0.118	0.122	0.181
2020-08-25T09:00:05Z	0.083	0.08	0.079	0.118	0.122	0.181
2020-08-25T09:20:05Z	0.083	0.08	0.079	0.118	0.122	0.181
2020-08-25T09:40:05Z	0.083	0.08	0.079	0.118	0.122	0.181
2020-08-25T10:00:05Z	0.083	0.08	0.079	0.119	0.122	0.181
2020-08-25T10:20:05Z	0.083	0.08	0.079	0.119	0.122	0.181
2020-08-25T10:40:05Z	0.083	0.08	0.079	0.119	0.122	0.181
2020-08-25T11:00:05Z	0.083	0.08	0.079	0.118	0.122	0.181
2020-08-25T11:20:05Z	0.083	0.081	0.079	0.118	0.122	0.181
2020-08-25T11:40:05Z	0.083	0.081	0.079	0.118	0.122	0.181
2020-08-25T12:00:05Z	0.083	0.081	0.079	0.118	0.122	0.181
2020-08-25T12:20:05Z	0.083	0.081	0.079	0.118	0.122	0.181
2020-08-25T12:40:05Z	0.083	0.081	0.079	0.118	0.122	0.181
2020-08-25T13:00:05Z	0.083	0.081	0.079	0.118	0.122	0.181
2020-08-25T13:20:05Z	0.083	0.081	0.079	0.118	0.122	0.181
2020-08-25T13:40:05Z	0.083	0.081	0.079	0.118	0.122	0.181
2020-08-25T14:00:05Z	0.083	0.081	0.079	0.118	0.122	0.181
2020-08-25T14:20:05Z	0.083	0.081	0.079	0.118	0.122	0.181
2020-08-25T14:40:05Z	0.083	0.081	0.079	0.118	0.122	0.181
2020-08-25T15:00:05Z	0.083	0.081	0.079	0.118	0.121	0.181
2020-08-25T15:20:05Z	0.082	0.081	0.079	0.118	0.121	0.181
2020-08-25T15:40:05Z	0.082	0.081	0.079	0.118	0.121	0.181
2020-08-25T16:00:05Z	0.082	0.081	0.079	0.118	0.121	0.181
2020-08-25T16:20:05Z	0.082	0.081	0.079	0.118	0.121	0.181
2020-08-25T16:40:05Z	0.082	0.08	0.079	0.118	0.121	0.181
2020-08-25T17:00:05Z	0.082	0.08	0.079	0.118	0.121	0.181
2020-08-25T17:20:05Z	0.082	0.08	0.079	0.118	0.121	0.181
2020-08-25T17:40:05Z	0.082	0.08	0.079	0.118	0.121	0.181
2020-08-25T18:00:05Z	0.082	0.08	0.079	0.118	0.121	0.181
2020-08-25T18:20:05Z	0.081	0.08	0.079	0.118	0.121	0.18
2020-08-25T18:40:05Z	0.081	0.08	0.079	0.118	0.121	0.18
2020-08-25T19:00:05Z	0.081	0.08	0.079	0.118	0.121	0.18
2020-08-25T19:20:05Z	0.081	0.08	0.079	0.118	0.121	0.18
2020-08-25T19:40:05Z	0.081	0.079	0.079	0.118	0.121	0.18
2020-08-25T20:00:05Z	0.081	0.08	0.079	0.118	0.121	0.18
2020-08-25T20:20:05Z	0.081	0.08	0.079	0.118	0.121	0.18
2020-08-25T20:40:05Z	0.081	0.08	0.079	0.118	0.121	0.181
2020-08-25T21:00:05Z	0.081	0.08	0.079	0.118	0.121	0.181
2020-08-25T21:20:05Z	0.081	0.08	0.079	0.118	0.121	0.181
2020-08-25T21:40:05Z	0.081	0.079	0.079	0.118	0.121	0.181
2020-08-25T22:00:05Z	0.081	0.08	0.079	0.118	0.121	0.181
2020-08-25T22:20:05Z	0.081	0.079	0.079	0.118	0.121	0.181
2020-08-25T22:40:05Z	0.081	0.079	0.079	0.118	0.121	0.181
2020-08-25T23:00:05Z	0.08	0.079	0.079	0.118	0.121	0.18
2020-08-25T23:20:05Z	0.08	0.079	0.079	0.118	0.121	0.18
2020-08-25T23:40:05Z	0.08	0.079	0.079	0.118	0.121	0.18
2020-08-26T00:00:05Z	0.08	0.079	0.079	0.118	0.121	0.18
2020-08-26T00:20:05Z	0.08	0.079	0.079	0.118	0.121	0.18
2020-08-26T00:40:05Z	0.08	0.079	0.079	0.118	0.121	0.18
2020-08-26T01:00:05Z	0.08	0.079	0.079	0.118	0.121	0.18
2020-08-26T01:20:05Z	0.081	0.079	0.079	0.118	0.121	0.18
2020-08-26T01:40:05Z	0.08	0.079	0.079	0.118	0.121	0.181
2020-08-26T02:00:05Z	0.081	0.079	0.079	0.118	0.121	0.181
2020-08-26T02:20:05Z	0.08	0.079	0.079	0.118	0.121	0.18
2020-08-26T02:40:05Z	0.08	0.079	0.078	0.118	0.121	0.18
2020-08-26T03:00:05Z	0.08	0.079	0.078	0.118	0.121	0.18
2020-08-26T03:20:05Z	0.08	0.079	0.078	0.118	0.121	0.18
2020-08-26T03:40:05Z	0.08	0.079	0.078	0.118	0.121	0.18
2020-08-26T04:00:05Z	0.08	0.079	0.078	0.117	0.121	0.18
2020-08-26T04:20:05Z	0.08	0.079	0.078	0.117	0.121	0.18
2020-08-26T04:40:05Z	0.08	0.079	0.078	0.117	0.121	0.18
2020-08-26T05:00:05Z	0.08	0.079	0.078	0.117	0.121	0.18
2020-08-26T05:20:05Z	0.08	0.079	0.078	0.118	0.121	0.18
2020-08-26T05:40:05Z	0.08	0.079	0.078	0.118	0.121	0.18
2020-08-26T06:00:05Z	0.08	0.079	0.079	0.118	0.121	0.181
2020-08-26T06:20:05Z	0.08	0.079	0.079	0.118	0.121	0.181
2020-08-26T06:40:05Z	0.08	0.079	0.079	0.118	0.121	0.181
2020-08-26T07:00:05Z	0.08	0.079	0.079	0.118	0.121	0.181
2020-08-26T07:20:05Z	0.08	0.079	0.079	0.118	0.121	0.181
2020-08-26T07:40:05Z	0.08	0.079	0.079	0.118	0.121	0.181
2020-08-26T08:00:05Z	0.08	0.079	0.079	0.118	0.121	0.181
2020-08-26T08:20:05Z	0.08	0.079	0.078	0.118	0.121	0.18
2020-08-26T08:40:05Z	0.08	0.079	0.078	0.117	0.121	0.18
2020-08-26T09:00:05Z	0.08	0.079	0.078	0.117	0.121	0.18
2020-08-26T09:20:05Z	0.087	0.079	0.078	0.117	0.121	0.18
2020-08-26T09:40:05Z	0.088	0.079	0.078	0.118	0.121	0.18
2020-08-26T10:00:05Z	0.089	0.08	0.078	0.118	0.121	0.18
2020-08-26T10:20:05Z	0.092	0.08	0.078	0.117	0.121	0.18
2020-08-26T10:40:05Z	0.099	0.08	0.078	0.117	0.121	0.18
2020-08-26T11:00:05Z	0.105	0.08	0.078	0.117	0.121	0.18
2020-08-26T11:20:05Z	0.109	0.08	0.078	0.117	0.121	0.18
2020-08-26T11:40:05Z	0.113	0.08	0.078	0.117	0.121	0.18
2020-08-26T12:00:05Z	0.115	0.08	0.078	0.117	0.121	0.18
2020-08-26T12:20:05Z	0.117	0.08	0.078	0.117	0.121	0.18
2020-08-26T12:40:05Z	0.119	0.08	0.078	0.117	0.121	0.18
2020-08-26T13:00:05Z	0.12	0.08	0.078	0.117	0.121	0.18
2020-08-26T13:20:05Z	0.121	0.08	0.078	0.117	0.121	0.18
2020-08-26T13:40:05Z	0.122	0.08	0.078	0.117	0.121	0.18
2020-08-26T14:00:05Z	0.122	0.08	0.078	0.117	0.121	0.18
2020-08-26T14:20:05Z	0.123	0.08	0.078	0.117	0.121	0.18
2020-08-26T14:40:05Z	0.123	0.08	0.078	0.117	0.121	0.18
2020-08-26T15:00:05Z	0.123	0.08	0.078	0.117	0.121	0.18
2020-08-26T15:20:05Z	0.124	0.08	0.078	0.117	0.121	0.18
2020-08-26T15:40:05Z	0.124	0.08	0.078	0.117	0.121	0.18
2020-08-26T16:00:05Z	0.124	0.08	0.078	0.117	0.121	0.18
2020-08-26T16:20:05Z	0.124	0.08	0.078	0.117	0.121	0.18
2020-08-26T16:40:05Z	0.124	0.08	0.078	0.117	0.121	0.18
2020-08-26T17:00:05Z	0.125	0.08	0.078	0.117	0.121	0.18
2020-08-26T17:20:05Z	0.125	0.08	0.078	0.117	0.121	0.18
2020-08-26T17:40:05Z	0.125	0.08	0.078	0.117	0.121	0.18
2020-08-26T18:00:05Z	0.125	0.08	0.078	0.117	0.121	0.18
2020-08-26T18:20:05Z	0.125	0.08	0.078	0.117	0.121	0.18
2020-08-26T18:40:05Z	0.135	0.08	0.078	0.117	0.121	0.18
2020-08-26T19:00:05Z	0.129	0.085	0.08	0.117	0.121	0.18
2020-08-26T19:20:05Z	0.129	0.087	0.079	0.117	0.121	0.18
2020-08-26T19:40:05Z	0.129	0.087	0.079	0.117	0.121	0.18
2020-08-26T20:00:05Z	0.13	0.087	0.079	0.117	0.121	0.18
2020-08-26T20:20:05Z	0.13	0.087	0.079	0.117	0.121	0.18
2020-08-26T20:40:05Z	0.13	0.087	0.079	0.117	0.121	0.18
2020-08-26T21:00:05Z	0.13	0.087	0.079	0.117	0.121	0.18
2020-08-26T21:20:05Z	0.13	0.087	0.079	0.117	0.121	0.18
2020-08-26T21:40:05Z	0.131	0.081	0.079	0.123	0.121	0.18
2020-08-26T22:00:05Z	0.131	0.081	0.09	0.123	0.121	0.18
2020-08-26T22:20:05Z	0.132	0.081	0.09	0.123	0.121	0.18
2020-08-26T22:40:05Z	0.133	0.081	0.09	0.123	0.121	0.18
2020-08-26T23:00:05Z	0.134	0.081	0.091	0.123	0.121	0.18
2020-08-26T23:20:05Z	0.134	0.081	0.091	0.123	0.121	0.18
2020-08-26T23:40:05Z	0.135	0.081	0.091	0.123	0.121	0.18
2020-08-27T00:00:05Z	0.136	0.081	0.091	0.123	0.121	0.18
2020-08-27T00:20:05Z	0.137	0.081	0.091	0.123	0.121	0.18
2020-08-27T00:40:05Z	0.138	0.081	0.091	0.123	0.121	0.18
2020-08-27T01:00:05Z	0.139	0.081	0.091	0.123	0.121	0.18
2020-08-27T01:20:05Z	0.15	0.081	0.091	0.123	0.121	0.18
2020-08-27T01:40:05Z	0.141	0.082	0.081	0.124	0.121	0.18
2020-08-27T02:00:05Z	0.141	0.082	0.081	0.124	0.121	0.18
2020-08-27T02:20:05Z	0.141	0.082	0.081	0.124	0.121	0.18
2020-08-27T02:40:05Z	0.141	0.082	0.081	0.124	0.121	0.18
2020-08-27T03:00:05Z	0.142	0.082	0.081	0.124	0.121	0.18
2020-08-27T03:20:05Z	0.142	0.082	0.081	0.124	0.121	0.18
2020-08-27T03:40:05Z	0.142	0.082	0.081	0.124	0.121	0.18
2020-08-27T04:00:05Z	0.142	0.082	0.081	0.124	0.121	0.18
2020-08-27T04:20:05Z	0.142	0.082	0.081	0.124	0.121	0.18
2020-08-27T04:40:05Z	0.142	0.082	0.081	0.124	0.121	0.18
2020-08-27T05:00:05Z	0.142	0.082	0.081	0.124	0.121	0.18
2020-08-27T05:20:05Z	0.143	0.082	0.081	0.124	0.121	0.18
2020-08-27T05:40:05Z	0.143	0.082	0.083	0.125	0.121	0.18
2020-08-27T06:00:05Z	0.143	0.082	0.083	0.125	0.121	0.18
2020-08-27T06:20:05Z	0.144	0.082	0.083	0.125	0.121	0.18
2020-08-27T06:40:05Z	0.144	0.082	0.083	0.125	0.121	0.18
2020-08-27T07:00:05Z	0.144	0.082	0.083	0.125	0.121	0.18
2020-08-27T07:20:05Z	0.144	0.082	0.083	0.125	0.121	0.18
2020-08-27T07:40:05Z	0.144	0.082	0.083	0.124	0.121	0.18
2020-08-27T08:00:05Z	0.144	0.082	0.083	0.124	0.121	0.18
2020-08-27T08:20:05Z	0.144	0.082	0.083	0.124	0.121	0.18
2020-08-27T08:40:05Z	0.144	0.082	0.083	0.124	0.121	0.18
2020-08-27T09:00:05Z	0.144	0.082	0.083	0.124	0.121	0.18
2020-08-27T09:20:05Z	0.144	0.082	0.083	0.124	0.121	0.18
2020-08-27T09:40:05Z	0.144	0.082	0.083	0.124	0.121	0.18
2020-08-27T10:00:05Z	0.144	0.082	0.083	0.126	0.132	0.18
2020-08-27T10:20:05Z	0.144	0.082	0.083	0.126	0.132	0.18
2020-08-27T10:40:05Z	0.144	0.082	0.083	0.126	0.132	0.18
2020-08-27T11:00:05Z	0.144	0.083	0.083	0.126	0.132	0.18
2020-08-27T11:20:05Z	0.143	0.082	0.083	0.126	0.132	0.18
2020-08-27T11:40:05Z	0.143	0.082	0.083	0.126	0.131	0.18
2020-08-27T12:00:05Z	0.142	0.082	0.083	0.126	0.131	0.18
2020-08-27T12:20:05Z	0.143	0.083	0.083	0.126	0.131	0.18
2020-08-27T12:40:05Z	0.142	0.083	0.083	0.126	0.133	0.18
2020-08-27T13:00:05Z	0.142	0.083	0.083	0.126	0.133	0.18
2020-08-27T13:20:05Z	0.141	0.083	0.083	0.126	0.133	0.18
2020-08-27T13:40:05Z	0.141	0.083	0.083	0.126	0.133	0.18
2020-08-27T14:00:05Z	0.141	0.083	0.083	0.126	0.133	0.18
2020-08-27T14:20:05Z	0.141	0.083	0.083	0.126	0.133	0.18
2020-08-27T14:40:05Z	0.141	0.083	0.083	0.126	0.133	0.18
2020-08-27T15:00:05Z	0.14	0.083	0.083	0.126	0.133	0.18
2020-08-27T15:20:05Z	0.14	0.083	0.083	0.126	0.133	0.18
2020-08-27T15:40:05Z	0.139	0.083	0.083	0.126	0.133	0.18
2020-08-27T16:00:05Z	0.139	0.083	0.083	0.126	0.133	0.18
2020-08-27T16:20:05Z	0.139	0.083	0.083	0.126	0.133	0.18
2020-08-27T16:40:05Z	0.138	0.083	0.083	0.126	0.133	0.18
2020-08-27T17:00:05Z	0.138	0.083	0.083	0.126	0.133	0.18
2020-08-27T17:20:05Z	0.138	0.082	0.083	0.126	0.133	0.18
2020-08-27T17:40:05Z	0.138	0.082	0.083	0.126	0.133	0.18
2020-08-27T18:00:05Z	0.137	0.082	0.083	0.126	0.133	0.18
2020-08-27T18:20:05Z	0.137	0.082	0.083	0.126	0.133	0.18
2020-08-27T18:40:05Z	0.137	0.082	0.083	0.126	0.133	0.18
2020-08-27T19:00:05Z	0.136	0.082	0.083	0.125	0.133	0.18
2020-08-27T19:20:05Z	0.136	0.082	0.083	0.125	0.133	0.18
2020-08-27T19:40:05Z	0.136	0.082	0.083	0.125	0.133	0.179
2020-08-27T20:00:05Z	0.136	0.082	0.083	0.125	0.133	0.179
2020-08-27T20:20:05Z	0.135	0.082	0.083	0.125	0.133	0.179
2020-08-27T20:40:05Z	0.135	0.082	0.083	0.125	0.133	0.18
2020-08-27T21:00:05Z	0.137	0.082	0.088	0.125	0.133	0.18
2020-08-27T21:20:05Z	0.137	0.082	0.088	0.125	0.133	0.179
2020-08-27T21:40:05Z	0.136	0.082	0.088	0.125	0.133	0.179
2020-08-27T22:00:05Z	0.136	0.082	0.088	0.125	0.133	0.179
2020-08-27T22:20:05Z	0.136	0.082	0.088	0.125	0.133	0.179
2020-08-27T22:40:05Z	0.136	0.082	0.088	0.125	0.133	0.18
2020-08-27T23:00:05Z	0.136	0.082	0.088	0.125	0.133	0.179
2020-08-27T23:20:05Z	0.136	0.082	0.088	0.125	0.133	0.179
2020-08-27T23:40:05Z	0.136	0.082	0.088	0.125	0.133	0.18
2020-08-28T00:00:05Z	0.136	0.082	0.088	0.125	0.133	0.18
2020-08-28T00:20:05Z	0.136	0.082	0.088	0.125	0.133	0.18
2020-08-28T00:40:05Z	0.136	0.082	0.088	0.125	0.133	0.18
2020-08-28T01:00:05Z	0.135	0.082	0.088	0.125	0.133	0.18
2020-08-28T01:20:05Z	0.149	0.082	0.088	0.125	0.133	0.18
2020-08-28T01:40:05Z	0.136	0.082	0.085	0.128	0.133	0.18
2020-08-28T02:00:05Z	0.136	0.082	0.085	0.128	0.133	0.18
2020-08-28T02:20:05Z	0.136	0.082	0.085	0.128	0.133	0.18
2020-08-28T02:40:05Z	0.136	0.082	0.085	0.128	0.133	0.18
2020-08-28T03:00:05Z	0.136	0.082	0.084	0.128	0.133	0.18
2020-08-28T03:20:05Z	0.136	0.082	0.084	0.128	0.133	0.18
2020-08-28T03:40:05Z	0.136	0.082	0.084	0.128	0.133	0.18
2020-08-28T04:00:05Z	0.136	0.082	0.084	0.128	0.133	0.18
2020-08-28T04:20:05Z	0.135	0.082	0.084	0.128	0.133	0.18
2020-08-28T04:40:05Z	0.135	0.082	0.084	0.128	0.133	0.179
2020-08-28T05:00:05Z	0.135	0.082	0.084	0.128	0.133	0.179
2020-08-28T05:20:05Z	0.135	0.082	0.084	0.128	0.133	0.179
2020-08-28T05:40:05Z	0.135	0.082	0.084	0.127	0.133	0.18
2020-08-28T06:00:05Z	0.135	0.082	0.084	0.128	0.133	0.18
2020-08-28T06:20:05Z	0.135	0.082	0.084	0.128	0.133	0.18
2020-08-28T06:40:05Z	0.135	0.082	0.084	0.128	0.133	0.18
2020-08-28T07:00:05Z	0.135	0.082	0.084	0.128	0.133	0.18
2020-08-28T07:20:05Z	0.135	0.082	0.084	0.127	0.133	0.179
2020-08-28T07:40:05Z	0.135	0.082	0.084	0.127	0.133	0.179
2020-08-28T08:00:05Z	0.135	0.082	0.084	0.127	0.133	0.18
