datetime	theta15	theta25	theta35	theta45	theta65	theta105
2020-07-14T13:40:05Z	0.093	0.117	0.11	0.133	0.127	0.191
2020-07-14T14:00:05Z	0.093	0.117	0.11	0.133	0.127	0.191
2020-07-14T14:20:05Z	0.093	0.117	0.11	0.133	0.127	0.191
2020-07-14T14:40:05Z	0.093	0.117	0.11	0.133	0.127	0.191
2020-07-14T15:00:05Z	0.093	0.117	0.11	0.133	0.127	0.191
2020-07-14T15:20:05Z	0.092	0.116	0.11	0.132	0.126	0.191
2020-07-14T15:40:05Z	0.092	0.116	0.11	0.132	0.126	0.191
2020-07-14T16:00:05Z	0.092	0.116	0.11	0.133	0.126	0.191
2020-07-14T16:20:05Z	0.092	0.116	0.11	0.132	0.126	0.191
2020-07-14T16:40:05Z	0.092	0.116	0.11	0.132	0.126	0.191
2020-07-14T17:00:05Z	0.092	0.116	0.11	0.132	0.126	0.191
2020-07-14T17:20:05Z	0.092	0.116	0.11	0.132	0.126	0.191
2020-07-14T17:40:05Z	0.091	0.116	0.11	0.132	0.126	0.191
2020-07-14T18:00:05Z	0.091	0.116	0.11	0.132	0.126	0.191
2020-07-14T18:20:05Z	0.091	0.116	0.11	0.132	0.126	0.191
2020-07-14T18:40:05Z	0.091	0.115	0.11	0.132	0.126	0.191
2020-07-14T19:00:05Z	0.09	0.115	0.109	0.132	0.126	0.19
2020-07-14T19:20:05Z	0.09	0.115	0.109	0.132	0.126	0.19
2020-07-14T19:40:05Z	0.09	0.115	0.109	0.132	0.126	0.19
2020-07-14T20:00:05Z	0.09	0.115	0.109	0.132	0.126	0.19
2020-07-14T20:20:05Z	0.09	0.115	0.109	0.132	0.126	0.19
2020-07-14T20:40:05Z	0.09	0.115	0.109	0.132	0.126	0.19
2020-07-14T21:00:05Z	0.09	0.115	0.109	0.132	0.126	0.19
2020-07-14T21:20:05Z	0.09	0.115	0.109	0.132	0.126	0.19
2020-07-14T21:40:05Z	0.09	0.115	0.109	0.132	0.126	0.19
2020-07-14T22:00:05Z	0.09	0.115	0.109	0.132	0.126	0.19
2020-07-14T22:20:05Z	0.09	0.115	0.109	0.132	0.126	0.19
2020-07-14T22:40:05Z	0.089	0.115	0.109	0.132	0.126	0.19
2020-07-14T23:00:05Z	0.089	0.115	0.109	0.132	0.126	0.19
2020-07-14T23:20:05Z	0.089	0.114	0.109	0.132	0.126	0.19
2020-07-14T23:40:05Z	0.089	0.114	0.108	0.132	0.126	0.19
2020-07-15T00:00:05Z	0.089	0.114	0.109	0.132	0.126	0.19
2020-07-15T00:20:05Z	0.089	0.114	0.108	0.132	0.126	0.19
2020-07-15T00:40:05Z	0.089	0.114	0.108	0.132	0.126	0.19
2020-07-15T01:00:05Z	0.089	0.114	0.108	0.132	0.126	0.19
2020-07-15T01:20:05Z	0.088	0.114	0.108	0.131	0.126	0.19
2020-07-15T01:40:05Z	0.088	0.114	0.108	0.131	0.126	0.19
2020-07-15T02:00:05Z	0.088	0.114	0.108	0.131	0.126	0.19
2020-07-15T02:20:05Z	0.088	0.114	0.108	0.131	0.125	0.19
2020-07-15T02:40:05Z	0.088	0.114	0.108	0.131	0.125	0.19
2020-07-15T03:00:05Z	0.088	0.114	0.108	0.131	0.125	0.19
2020-07-15T03:20:05Z	0.088	0.113	0.108	0.131	0.126	0.19
2020-07-15T03:40:05Z	0.088	0.113	0.108	0.131	0.126	0.19
2020-07-15T04:00:05Z	0.088	0.114	0.108	0.131	0.125	0.19
2020-07-15T04:20:05Z	0.088	0.113	0.108	0.131	0.125	0.19
2020-07-15T04:40:05Z	0.088	0.113	0.108	0.131	0.126	0.19
2020-07-15T05:00:05Z	0.088	0.114	0.108	0.131	0.126	0.19
2020-07-15T05:20:05Z	0.088	0.113	0.108	0.131	0.126	0.19
2020-07-15T05:40:05Z	0.088	0.113	0.108	0.131	0.126	0.19
2020-07-15T06:00:05Z	0.088	0.113	0.108	0.131	0.126	0.19
2020-07-15T06:20:05Z	0.088	0.113	0.108	0.131	0.126	0.19
2020-07-15T06:40:05Z	0.088	0.114	0.108	0.131	0.125	0.19
2020-07-15T07:00:05Z	0.089	0.113	0.108	0.131	0.126	0.19
2020-07-15T07:20:05Z	0.09	0.113	0.108	0.131	0.125	0.19
2020-07-15T07:40:05Z	0.09	0.113	0.108	0.131	0.125	0.19
2020-07-15T08:00:05Z	0.091	0.113	0.108	0.131	0.125	0.19
2020-07-15T08:20:05Z	0.092	0.113	0.108	0.131	0.125	0.19
2020-07-15T08:40:05Z	0.093	0.113	0.108	0.131	0.125	0.19
2020-07-15T09:00:05Z	0.094	0.113	0.108	0.131	0.126	0.19
2020-07-15T09:20:05Z	0.096	0.113	0.108	0.131	0.125	0.19
2020-07-15T09:40:05Z	0.097	0.113	0.108	0.131	0.126	0.19
2020-07-15T10:00:05Z	0.098	0.113	0.108	0.131	0.126	0.19
2020-07-15T10:20:05Z	0.098	0.114	0.108	0.131	0.126	0.19
2020-07-15T10:40:05Z	0.099	0.114	0.108	0.131	0.126	0.19
2020-07-15T11:00:05Z	0.1	0.113	0.108	0.131	0.126	0.19
2020-07-15T11:20:05Z	0.101	0.113	0.108	0.131	0.126	0.19
2020-07-15T11:40:05Z	0.102	0.114	0.108	0.131	0.125	0.19
2020-07-15T12:00:05Z	0.102	0.113	0.108	0.131	0.125	0.19
2020-07-15T12:20:05Z	0.103	0.113	0.108	0.131	0.125	0.19
2020-07-15T12:40:05Z	0.103	0.113	0.108	0.131	0.125	0.19
2020-07-15T13:00:05Z	0.104	0.113	0.108	0.131	0.125	0.19
2020-07-15T13:20:05Z	0.105	0.113	0.108	0.131	0.125	0.19
2020-07-15T13:40:05Z	0.108	0.113	0.108	0.131	0.125	0.19
2020-07-15T14:00:05Z	0.112	0.113	0.108	0.131	0.125	0.19
2020-07-15T14:20:05Z	0.114	0.114	0.108	0.131	0.125	0.19
2020-07-15T14:40:05Z	0.117	0.114	0.108	0.131	0.125	0.19
2020-07-15T15:00:05Z	0.12	0.113	0.108	0.131	0.125	0.19
2020-07-15T15:20:05Z	0.122	0.114	0.108	0.131	0.125	0.19
2020-07-15T15:40:05Z	0.123	0.113	0.108	0.131	0.125	0.19
2020-07-15T16:00:05Z	0.124	0.114	0.108	0.131	0.125	0.19
2020-07-15T16:20:05Z	0.125	0.113	0.108	0.131	0.126	0.19
2020-07-15T16:40:05Z	0.125	0.114	0.108	0.131	0.126	0.19
2020-07-15T17:00:05Z	0.126	0.113	0.108	0.131	0.126	0.19
2020-07-15T17:20:05Z	0.126	0.113	0.108	0.131	0.126	0.19
2020-07-15T17:40:05Z	0.126	0.113	0.108	0.131	0.126	0.19
2020-07-15T18:00:05Z	0.126	0.113	0.108	0.131	0.126	0.19
2020-07-15T18:20:05Z	0.126	0.113	0.108	0.131	0.126	0.19
2020-07-15T18:40:05Z	0.127	0.113	0.108	0.131	0.125	0.19
2020-07-15T19:00:05Z	0.127	0.113	0.108	0.131	0.125	0.19
2020-07-15T19:20:05Z	0.127	0.113	0.108	0.131	0.125	0.19
2020-07-15T19:40:05Z	0.127	0.113	0.108	0.131	0.125	0.19
2020-07-15T20:00:05Z	0.127	0.113	0.108	0.131	0.125	0.19
2020-07-15T20:20:05Z	0.127	0.113	0.108	0.131	0.125	0.19
2020-07-15T20:40:05Z	0.127	0.113	0.108	0.131	0.125	0.19
2020-07-15T21:00:05Z	0.127	0.113	0.108	0.131	0.125	0.19
2020-07-15T21:20:05Z	0.127	0.113	0.108	0.131	0.125	0.189
2020-07-15T21:40:05Z	0.128	0.113	0.108	0.131	0.125	0.189
2020-07-15T22:00:05Z	0.128	0.113	0.108	0.131	0.125	0.189
2020-07-15T22:20:05Z	0.128	0.113	0.108	0.131	0.125	0.189
2020-07-15T22:40:05Z	0.128	0.113	0.108	0.131	0.125	0.189
2020-07-15T23:00:05Z	0.128	0.113	0.108	0.131	0.125	0.189
2020-07-15T23:20:05Z	0.128	0.113	0.108	0.131	0.125	0.189
2020-07-15T23:40:05Z	0.128	0.113	0.108	0.131	0.125	0.189
2020-07-16T00:00:05Z	0.128	0.113	0.108	0.131	0.125	0.189
2020-07-16T00:20:05Z	0.128	0.113	0.108	0.131	0.125	0.189
2020-07-16T00:40:05Z	0.128	0.113	0.108	0.131	0.125	0.189
2020-07-16T01:00:05Z	0.128	0.113	0.108	0.131	0.125	0.189
2020-07-16T01:20:05Z	0.128	0.113	0.108	0.131	0.125	0.189
2020-07-16T01:40:05Z	0.128	0.113	0.108	0.131	0.125	0.189
2020-07-16T02:00:05Z	0.128	0.113	0.108	0.131	0.125	0.189
2020-07-16T02:20:05Z	0.128	0.113	0.108	0.131	0.125	0.189
2020-07-16T02:40:05Z	0.128	0.113	0.108	0.131	0.125	0.189
2020-07-16T03:00:05Z	0.128	0.113	0.108	0.131	0.125	0.189
2020-07-16T03:20:05Z	0.128	0.113	0.108	0.131	0.125	0.189
2020-07-16T03:40:05Z	0.128	0.113	0.108	0.131	0.125	0.189
2020-07-16T04:00:05Z	0.128	0.113	0.108	0.131	0.125	0.189
2020-07-16T04:20:05Z	0.128	0.113	0.108	0.131	0.125	0.189
2020-07-16T04:40:05Z	0.128	0.113	0.108	0.131	0.125	0.189
2020-07-16T05:00:05Z	0.128	0.113	0.108	0.131	0.125	0.189
2020-07-16T05:20:05Z	0.129	0.113	0.108	0.131	0.125	0.189
2020-07-16T05:40:05Z	0.129	0.113	0.108	0.131	0.125	0.189
2020-07-16T06:00:05Z	0.129	0.113	0.108	0.131	0.125	0.189
2020-07-16T06:20:05Z	0.129	0.113	0.108	0.131	0.125	0.19
2020-07-16T06:40:05Z	0.129	0.113	0.108	0.131	0.125	0.19
2020-07-16T07:00:05Z	0.13	0.113	0.108	0.131	0.126	0.19
2020-07-16T07:20:05Z	0.13	0.113	0.108	0.131	0.125	0.19
2020-07-16T07:40:05Z	0.13	0.113	0.109	0.131	0.126	0.19
2020-07-16T08:00:05Z	0.13	0.113	0.108	0.131	0.126	0.19
2020-07-16T08:20:05Z	0.13	0.113	0.109	0.131	0.126	0.19
2020-07-16T08:40:05Z	0.13	0.114	0.108	0.131	0.126	0.19
2020-07-16T09:00:05Z	0.13	0.113	0.109	0.131	0.126	0.19
2020-07-16T09:20:05Z	0.13	0.113	0.108	0.131	0.126	0.19
2020-07-16T09:40:05Z	0.13	0.114	0.109	0.131	0.126	0.19
2020-07-16T10:00:05Z	0.13	0.114	0.109	0.131	0.126	0.19
2020-07-16T10:20:05Z	0.13	0.114	0.109	0.131	0.126	0.191
2020-07-16T10:40:05Z	0.129	0.114	0.108	0.131	0.126	0.19
2020-07-16T11:00:05Z	0.129	0.113	0.109	0.131	0.126	0.19
2020-07-16T11:20:05Z	0.129	0.114	0.109	0.131	0.126	0.19
2020-07-16T11:40:05Z	0.129	0.114	0.109	0.131	0.126	0.19
2020-07-16T12:00:05Z	0.128	0.114	0.109	0.131	0.126	0.19
2020-07-16T12:20:05Z	0.128	0.114	0.109	0.131	0.126	0.19
2020-07-16T12:40:05Z	0.128	0.114	0.109	0.131	0.126	0.19
2020-07-16T13:00:05Z	0.127	0.114	0.109	0.131	0.126	0.19
2020-07-16T13:20:05Z	0.127	0.114	0.109	0.131	0.126	0.19
2020-07-16T13:40:05Z	0.127	0.114	0.109	0.131	0.126	0.19
2020-07-16T14:00:05Z	0.126	0.114	0.109	0.131	0.126	0.19
2020-07-16T14:20:05Z	0.126	0.114	0.109	0.131	0.126	0.19
2020-07-16T14:40:05Z	0.126	0.114	0.109	0.131	0.126	0.19
2020-07-16T15:00:05Z	0.125	0.114	0.109	0.131	0.126	0.19
2020-07-16T15:20:05Z	0.125	0.114	0.109	0.131	0.126	0.19
2020-07-16T15:40:05Z	0.125	0.114	0.109	0.131	0.126	0.19
2020-07-16T16:00:05Z	0.124	0.114	0.109	0.131	0.126	0.19
2020-07-16T16:20:05Z	0.124	0.114	0.109	0.131	0.126	0.19
2020-07-16T16:40:05Z	0.123	0.113	0.109	0.131	0.126	0.19
2020-07-16T17:00:05Z	0.123	0.114	0.109	0.131	0.126	0.19
2020-07-16T17:20:05Z	0.123	0.114	0.109	0.131	0.126	0.19
2020-07-16T17:40:05Z	0.122	0.114	0.109	0.131	0.126	0.19
2020-07-16T18:00:05Z	0.122	0.114	0.109	0.131	0.125	0.19
2020-07-16T18:20:05Z	0.122	0.113	0.109	0.131	0.125	0.19
2020-07-16T18:40:05Z	0.122	0.113	0.108	0.131	0.125	0.19
2020-07-16T19:00:05Z	0.122	0.113	0.108	0.131	0.125	0.19
2020-07-16T19:20:05Z	0.121	0.113	0.108	0.131	0.125	0.19
2020-07-16T19:40:05Z	0.121	0.113	0.108	0.131	0.125	0.19
2020-07-16T20:00:05Z	0.121	0.113	0.109	0.131	0.125	0.19
2020-07-16T20:20:05Z	0.121	0.113	0.108	0.131	0.125	0.189
2020-07-16T20:40:05Z	0.121	0.113	0.109	0.131	0.125	0.189
2020-07-16T21:00:05Z	0.121	0.113	0.109	0.131	0.125	0.189
2020-07-16T21:20:05Z	0.121	0.113	0.108	0.131	0.125	0.189
2020-07-16T21:40:05Z	0.121	0.113	0.108	0.131	0.125	0.189
2020-07-16T22:00:05Z	0.121	0.112	0.108	0.131	0.125	0.189
2020-07-16T22:20:05Z	0.12	0.112	0.108	0.131	0.125	0.189
2020-07-16T22:40:05Z	0.12	0.113	0.108	0.131	0.125	0.189
2020-07-16T23:00:05Z	0.12	0.113	0.108	0.131	0.125	0.189
2020-07-16T23:20:05Z	0.12	0.112	0.108	0.13	0.124	0.189
2020-07-16T23:40:05Z	0.12	0.112	0.108	0.13	0.124	0.189
2020-07-17T00:00:05Z	0.12	0.112	0.108	0.13	0.124	0.189
2020-07-17T00:20:05Z	0.12	0.112	0.108	0.13	0.124	0.189
2020-07-17T00:40:05Z	0.12	0.112	0.108	0.13	0.124	0.189
2020-07-17T01:00:05Z	0.12	0.112	0.108	0.13	0.124	0.189
2020-07-17T01:20:05Z	0.12	0.112	0.108	0.13	0.124	0.189
2020-07-17T01:40:05Z	0.12	0.112	0.108	0.13	0.124	0.189
2020-07-17T02:00:05Z	0.12	0.112	0.108	0.13	0.124	0.189
2020-07-17T02:20:05Z	0.12	0.112	0.108	0.13	0.124	0.189
2020-07-17T02:40:05Z	0.12	0.112	0.108	0.13	0.124	0.189
2020-07-17T03:00:05Z	0.119	0.112	0.108	0.13	0.124	0.189
2020-07-17T03:20:05Z	0.119	0.112	0.108	0.13	0.124	0.189
2020-07-17T03:40:05Z	0.119	0.112	0.108	0.13	0.124	0.189
2020-07-17T04:00:05Z	0.119	0.112	0.108	0.13	0.124	0.189
2020-07-17T04:20:05Z	0.119	0.112	0.108	0.13	0.124	0.189
2020-07-17T04:40:05Z	0.119	0.112	0.108	0.13	0.124	0.189
2020-07-17T05:00:05Z	0.12	0.112	0.108	0.131	0.125	0.189
2020-07-17T05:20:05Z	0.12	0.112	0.108	0.131	0.125	0.189
2020-07-17T05:40:05Z	0.12	0.113	0.108	0.131	0.125	0.19
2020-07-17T06:00:05Z	0.12	0.113	0.108	0.131	0.125	0.19
2020-07-17T06:20:05Z	0.12	0.113	0.108	0.131	0.125	0.19
2020-07-17T06:40:05Z	0.12	0.113	0.108	0.131	0.125	0.19
2020-07-17T07:00:05Z	0.12	0.113	0.108	0.131	0.125	0.19
2020-07-17T07:20:05Z	0.12	0.113	0.109	0.131	0.125	0.19
2020-07-17T07:40:05Z	0.12	0.113	0.108	0.131	0.125	0.19
2020-07-17T08:00:05Z	0.119	0.113	0.109	0.131	0.125	0.19
2020-07-17T08:20:05Z	0.119	0.113	0.108	0.131	0.125	0.19
2020-07-17T08:40:05Z	0.118	0.113	0.109	0.131	0.125	0.19
2020-07-17T09:00:05Z	0.118	0.113	0.108	0.131	0.125	0.19
2020-07-17T09:20:05Z	0.117	0.113	0.108	0.131	0.125	0.19
2020-07-17T09:40:05Z	0.117	0.113	0.108	0.131	0.125	0.19
2020-07-17T10:00:05Z	0.117	0.113	0.108	0.131	0.125	0.19
2020-07-17T10:20:05Z	0.117	0.113	0.108	0.131	0.125	0.19
2020-07-17T10:40:05Z	0.118	0.113	0.108	0.131	0.125	0.19
2020-07-17T11:00:05Z	0.118	0.113	0.108	0.131	0.125	0.19
2020-07-17T11:20:05Z	0.118	0.113	0.108	0.131	0.125	0.19
2020-07-17T11:40:05Z	0.119	0.113	0.108	0.131	0.125	0.19
2020-07-17T12:00:05Z	0.119	0.113	0.109	0.131	0.125	0.19
2020-07-17T12:20:05Z	0.12	0.113	0.109	0.131	0.125	0.19
2020-07-17T12:40:05Z	0.12	0.113	0.109	0.131	0.126	0.19
2020-07-17T13:00:05Z	0.12	0.114	0.109	0.131	0.126	0.19
2020-07-17T13:20:05Z	0.12	0.114	0.109	0.131	0.126	0.19
2020-07-17T13:40:05Z	0.119	0.113	0.109	0.131	0.125	0.19
2020-07-17T14:00:05Z	0.119	0.114	0.109	0.131	0.126	0.19
2020-07-17T14:20:05Z	0.119	0.113	0.109	0.131	0.125	0.19
2020-07-17T14:40:05Z	0.118	0.113	0.109	0.131	0.125	0.19
2020-07-17T15:00:05Z	0.118	0.113	0.109	0.131	0.125	0.19
2020-07-17T15:20:05Z	0.118	0.113	0.108	0.131	0.125	0.19
2020-07-17T15:40:05Z	0.118	0.113	0.108	0.131	0.125	0.19
2020-07-17T16:00:05Z	0.118	0.113	0.109	0.131	0.125	0.19
2020-07-17T16:20:05Z	0.118	0.113	0.108	0.131	0.125	0.19
2020-07-17T16:40:05Z	0.118	0.113	0.109	0.131	0.125	0.19
2020-07-17T17:00:05Z	0.118	0.113	0.108	0.131	0.125	0.19
2020-07-17T17:20:05Z	0.118	0.113	0.109	0.131	0.125	0.19
2020-07-17T17:40:05Z	0.118	0.113	0.109	0.131	0.125	0.19
2020-07-17T18:00:05Z	0.118	0.113	0.109	0.131	0.125	0.19
2020-07-17T18:20:05Z	0.118	0.113	0.108	0.131	0.125	0.19
2020-07-17T18:40:05Z	0.118	0.113	0.108	0.131	0.125	0.19
2020-07-17T19:00:05Z	0.118	0.113	0.108	0.131	0.125	0.19
2020-07-17T19:20:05Z	0.118	0.113	0.108	0.131	0.125	0.19
2020-07-17T19:40:05Z	0.118	0.113	0.109	0.131	0.125	0.189
2020-07-17T20:00:05Z	0.118	0.113	0.109	0.131	0.125	0.189
2020-07-17T20:20:05Z	0.118	0.113	0.109	0.131	0.125	0.189
2020-07-17T20:40:05Z	0.118	0.113	0.108	0.131	0.125	0.189
2020-07-17T21:00:05Z	0.118	0.113	0.108	0.131	0.125	0.189
2020-07-17T21:20:05Z	0.118	0.113	0.108	0.131	0.125	0.189
2020-07-17T21:40:05Z	0.117	0.113	0.108	0.13	0.125	0.189
2020-07-17T22:00:05Z	0.117	0.113	0.109	0.13	0.125	0.189
2020-07-17T22:20:05Z	0.117	0.113	0.108	0.13	0.125	0.189
2020-07-17T22:40:05Z	0.117	0.113	0.108	0.13	0.124	0.189
2020-07-17T23:00:05Z	0.117	0.112	0.108	0.13	0.125	0.189
2020-07-17T23:20:05Z	0.117	0.112	0.108	0.13	0.124	0.189
2020-07-17T23:40:05Z	0.117	0.112	0.108	0.13	0.124	0.189
2020-07-18T00:00:05Z	0.117	0.112	0.108	0.13	0.124	0.189
2020-07-18T00:20:05Z	0.117	0.113	0.108	0.13	0.124	0.189
2020-07-18T00:40:05Z	0.117	0.112	0.108	0.13	0.124	0.189
2020-07-18T01:00:05Z	0.117	0.113	0.108	0.13	0.124	0.189
2020-07-18T01:20:05Z	0.117	0.112	0.108	0.13	0.124	0.189
2020-07-18T01:40:05Z	0.117	0.112	0.108	0.13	0.124	0.189
2020-07-18T02:00:05Z	0.117	0.112	0.108	0.13	0.124	0.189
2020-07-18T02:20:05Z	0.117	0.112	0.108	0.13	0.124	0.189
2020-07-18T02:40:05Z	0.117	0.112	0.108	0.13	0.124	0.189
2020-07-18T03:00:05Z	0.117	0.112	0.108	0.13	0.124	0.189
2020-07-18T03:20:05Z	0.117	0.112	0.108	0.13	0.124	0.189
2020-07-18T03:40:05Z	0.117	0.112	0.108	0.13	0.124	0.189
2020-07-18T04:00:05Z	0.117	0.112	0.108	0.13	0.124	0.189
2020-07-18T04:20:05Z	0.117	0.112	0.108	0.13	0.124	0.189
2020-07-18T04:40:05Z	0.117	0.112	0.108	0.13	0.125	0.189
2020-07-18T05:00:05Z	0.117	0.112	0.108	0.131	0.125	0.189
2020-07-18T05:20:05Z	0.118	0.113	0.108	0.131	0.125	0.189
2020-07-18T05:40:05Z	0.118	0.113	0.108	0.131	0.125	0.19
2020-07-18T06:00:05Z	0.118	0.113	0.108	0.131	0.125	0.19
2020-07-18T06:20:05Z	0.118	0.113	0.109	0.131	0.125	0.19
2020-07-18T06:40:05Z	0.118	0.113	0.109	0.131	0.125	0.19
2020-07-18T07:00:05Z	0.118	0.113	0.109	0.131	0.125	0.19
2020-07-18T07:20:05Z	0.118	0.113	0.109	0.131	0.125	0.19
2020-07-18T07:40:05Z	0.118	0.113	0.109	0.131	0.125	0.19
2020-07-18T08:00:05Z	0.117	0.113	0.109	0.131	0.126	0.19
2020-07-18T08:20:05Z	0.117	0.114	0.109	0.131	0.126	0.19
2020-07-18T08:40:05Z	0.117	0.114	0.109	0.131	0.126	0.19
2020-07-18T09:00:05Z	0.116	0.114	0.109	0.131	0.126	0.19
2020-07-18T09:20:05Z	0.116	0.114	0.11	0.131	0.126	0.191
2020-07-18T09:40:05Z	0.116	0.114	0.109	0.131	0.126	0.191
2020-07-18T10:00:05Z	0.115	0.114	0.11	0.131	0.126	0.191
2020-07-18T10:20:05Z	0.114	0.114	0.11	0.132	0.126	0.191
2020-07-18T10:40:05Z	0.114	0.115	0.11	0.132	0.126	0.191
2020-07-18T11:00:05Z	0.113	0.115	0.11	0.132	0.126	0.191
2020-07-18T11:20:05Z	0.112	0.115	0.11	0.132	0.126	0.191
2020-07-18T11:40:05Z	0.112	0.115	0.11	0.132	0.126	0.191
2020-07-18T12:00:05Z	0.111	0.115	0.11	0.132	0.126	0.191
2020-07-18T12:20:05Z	0.11	0.115	0.11	0.132	0.126	0.191
2020-07-18T12:40:05Z	0.11	0.115	0.11	0.132	0.126	0.191
2020-07-18T13:00:05Z	0.109	0.115	0.11	0.132	0.126	0.191
2020-07-18T13:20:05Z	0.108	0.115	0.11	0.132	0.126	0.191
2020-07-18T13:40:05Z	0.107	0.115	0.11	0.132	0.126	0.191
2020-07-18T14:00:05Z	0.107	0.115	0.11	0.132	0.126	0.191
2020-07-18T14:20:05Z	0.106	0.115	0.11	0.132	0.126	0.191
2020-07-18T14:40:05Z	0.105	0.115	0.11	0.132	0.126	0.191
2020-07-18T15:00:05Z	0.105	0.115	0.11	0.132	0.126	0.191
2020-07-18T15:20:05Z	0.105	0.115	0.11	0.132	0.126	0.191
2020-07-18T15:40:05Z	0.104	0.115	0.11	0.132	0.126	0.191
2020-07-18T16:00:05Z	0.104	0.115	0.11	0.132	0.126	0.191
2020-07-18T16:20:05Z	0.103	0.115	0.11	0.132	0.126	0.191
2020-07-18T16:40:05Z	0.102	0.115	0.11	0.132	0.126	0.191
2020-07-18T17:00:05Z	0.102	0.115	0.11	0.132	0.126	0.191
2020-07-18T17:20:05Z	0.102	0.115	0.11	0.132	0.126	0.191
2020-07-18T17:40:05Z	0.101	0.115	0.11	0.132	0.125	0.191
2020-07-18T18:00:05Z	0.101	0.115	0.11	0.131	0.125	0.191
2020-07-18T18:20:05Z	0.101	0.115	0.11	0.131	0.125	0.19
2020-07-18T18:40:05Z	0.1	0.114	0.11	0.131	0.125	0.19
2020-07-18T19:00:05Z	0.1	0.114	0.11	0.131	0.125	0.19
2020-07-18T19:20:05Z	0.1	0.114	0.109	0.131	0.125	0.19
2020-07-18T19:40:05Z	0.1	0.114	0.109	0.131	0.125	0.189
2020-07-18T20:00:05Z	0.1	0.114	0.109	0.131	0.125	0.189
2020-07-18T20:20:05Z	0.099	0.113	0.109	0.131	0.125	0.189
2020-07-18T20:40:05Z	0.099	0.114	0.109	0.131	0.125	0.189
2020-07-18T21:00:05Z	0.099	0.113	0.109	0.131	0.125	0.189
2020-07-18T21:20:05Z	0.099	0.114	0.109	0.131	0.125	0.189
2020-07-18T21:40:05Z	0.099	0.113	0.109	0.131	0.125	0.189
2020-07-18T22:00:05Z	0.099	0.113	0.109	0.131	0.125	0.189
2020-07-18T22:20:05Z	0.098	0.113	0.109	0.131	0.125	0.189
2020-07-18T22:40:05Z	0.098	0.113	0.109	0.131	0.124	0.189
2020-07-18T23:00:05Z	0.098	0.113	0.109	0.131	0.124	0.189
2020-07-18T23:20:05Z	0.098	0.113	0.109	0.131	0.124	0.189
2020-07-18T23:40:05Z	0.098	0.113	0.109	0.131	0.124	0.189
2020-07-19T00:00:05Z	0.098	0.113	0.108	0.131	0.124	0.189
2020-07-19T00:20:05Z	0.098	0.113	0.108	0.131	0.124	0.189
2020-07-19T00:40:05Z	0.098	0.113	0.109	0.131	0.124	0.189
2020-07-19T01:00:05Z	0.098	0.113	0.109	0.131	0.124	0.189
2020-07-19T01:20:05Z	0.098	0.113	0.109	0.131	0.124	0.189
2020-07-19T01:40:05Z	0.098	0.113	0.108	0.131	0.124	0.189
2020-07-19T02:00:05Z	0.098	0.113	0.109	0.131	0.124	0.189
2020-07-19T02:20:05Z	0.098	0.113	0.108	0.131	0.124	0.189
2020-07-19T02:40:05Z	0.098	0.113	0.108	0.131	0.124	0.189
2020-07-19T03:00:05Z	0.098	0.113	0.108	0.131	0.124	0.189
2020-07-19T03:20:05Z	0.098	0.113	0.108	0.131	0.124	0.189
2020-07-19T03:40:05Z	0.098	0.113	0.108	0.131	0.124	0.189
2020-07-19T04:00:05Z	0.098	0.113	0.108	0.131	0.124	0.189
2020-07-19T04:20:05Z	0.098	0.113	0.109	0.131	0.124	0.189
2020-07-19T04:40:05Z	0.098	0.113	0.108	0.131	0.124	0.189
2020-07-19T05:00:05Z	0.098	0.113	0.108	0.131	0.125	0.189
2020-07-19T05:20:05Z	0.098	0.113	0.109	0.131	0.125	0.189
2020-07-19T05:40:05Z	0.098	0.113	0.109	0.131	0.125	0.19
2020-07-19T06:00:05Z	0.098	0.113	0.109	0.131	0.125	0.19
2020-07-19T06:20:05Z	0.098	0.113	0.109	0.131	0.125	0.19
2020-07-19T06:40:05Z	0.098	0.113	0.109	0.131	0.125	0.19
2020-07-19T07:00:05Z	0.099	0.114	0.109	0.131	0.125	0.19
2020-07-19T07:20:05Z	0.099	0.114	0.11	0.131	0.126	0.19
2020-07-19T07:40:05Z	0.099	0.114	0.109	0.131	0.126	0.191
2020-07-19T08:00:05Z	0.099	0.114	0.11	0.132	0.126	0.191
2020-07-19T08:20:05Z	0.099	0.114	0.11	0.132	0.126	0.191
2020-07-19T08:40:05Z	0.099	0.114	0.11	0.132	0.126	0.191
2020-07-19T09:00:05Z	0.099	0.114	0.11	0.132	0.126	0.191
2020-07-19T09:20:05Z	0.099	0.115	0.11	0.132	0.126	0.191
2020-07-19T09:40:05Z	0.099	0.115	0.11	0.132	0.126	0.191
2020-07-19T10:00:05Z	0.099	0.115	0.11	0.132	0.126	0.191
2020-07-19T10:20:05Z	0.098	0.115	0.11	0.132	0.126	0.191
2020-07-19T10:40:05Z	0.098	0.115	0.11	0.132	0.126	0.191
2020-07-19T11:00:05Z	0.098	0.115	0.11	0.132	0.126	0.191
2020-07-19T11:20:05Z	0.098	0.115	0.11	0.132	0.126	0.191
2020-07-19T11:40:05Z	0.098	0.115	0.11	0.132	0.126	0.191
2020-07-19T12:00:05Z	0.098	0.115	0.11	0.132	0.126	0.191
2020-07-19T12:20:05Z	0.097	0.115	0.11	0.132	0.126	0.191
2020-07-19T12:40:05Z	0.097	0.115	0.11	0.132	0.126	0.191
2020-07-19T13:00:05Z	0.097	0.115	0.11	0.132	0.126	0.191
2020-07-19T13:20:05Z	0.097	0.115	0.11	0.132	0.126	0.191
2020-07-19T13:40:05Z	0.097	0.115	0.11	0.132	0.126	0.191
2020-07-19T14:00:05Z	0.097	0.115	0.11	0.132	0.126	0.191
2020-07-19T14:20:05Z	0.097	0.115	0.11	0.132	0.126	0.191
2020-07-19T14:40:05Z	0.096	0.115	0.11	0.132	0.126	0.191
2020-07-19T15:00:05Z	0.096	0.115	0.11	0.132	0.126	0.191
2020-07-19T15:20:05Z	0.096	0.115	0.11	0.132	0.126	0.191
2020-07-19T15:40:05Z	0.096	0.115	0.11	0.132	0.126	0.191
2020-07-19T16:00:05Z	0.096	0.115	0.11	0.132	0.126	0.191
2020-07-19T16:20:05Z	0.096	0.115	0.11	0.132	0.126	0.191
2020-07-19T16:40:05Z	0.095	0.115	0.11	0.132	0.126	0.191
2020-07-19T17:00:05Z	0.095	0.115	0.11	0.132	0.126	0.191
2020-07-19T17:20:05Z	0.095	0.115	0.11	0.132	0.125	0.191
2020-07-19T17:40:05Z	0.094	0.115	0.11	0.132	0.125	0.191
2020-07-19T18:00:05Z	0.094	0.115	0.11	0.132	0.125	0.191
2020-07-19T18:20:05Z	0.094	0.115	0.11	0.132	0.125	0.191
2020-07-19T18:40:05Z	0.094	0.115	0.11	0.131	0.125	0.19
2020-07-19T19:00:05Z	0.094	0.114	0.109	0.131	0.125	0.19
2020-07-19T19:20:05Z	0.094	0.114	0.109	0.131	0.125	0.19
2020-07-19T19:40:05Z	0.093	0.114	0.109	0.131	0.125	0.19
2020-07-19T20:00:05Z	0.093	0.114	0.109	0.131	0.125	0.19
2020-07-19T20:20:05Z	0.093	0.114	0.109	0.131	0.125	0.19
2020-07-19T20:40:05Z	0.093	0.114	0.109	0.131	0.125	0.19
2020-07-19T21:00:05Z	0.093	0.114	0.109	0.131	0.125	0.19
2020-07-19T21:20:05Z	0.093	0.114	0.109	0.131	0.125	0.19
2020-07-19T21:40:05Z	0.093	0.114	0.109	0.131	0.125	0.19
2020-07-19T22:00:05Z	0.093	0.113	0.109	0.131	0.125	0.19
2020-07-19T22:20:05Z	0.093	0.113	0.109	0.131	0.125	0.19
2020-07-19T22:40:05Z	0.092	0.113	0.109	0.131	0.125	0.19
2020-07-19T23:00:05Z	0.092	0.113	0.109	0.131	0.125	0.19
2020-07-19T23:20:05Z	0.092	0.113	0.109	0.131	0.125	0.19
2020-07-19T23:40:05Z	0.092	0.113	0.108	0.131	0.125	0.19
2020-07-20T00:00:05Z	0.092	0.113	0.109	0.131	0.125	0.19
2020-07-20T00:20:05Z	0.092	0.113	0.108	0.131	0.125	0.19
2020-07-20T00:40:05Z	0.092	0.113	0.108	0.131	0.125	0.19
2020-07-20T01:00:05Z	0.092	0.113	0.108	0.131	0.124	0.19
2020-07-20T01:20:05Z	0.092	0.113	0.108	0.131	0.124	0.19
2020-07-20T01:40:05Z	0.092	0.113	0.108	0.131	0.125	0.19
2020-07-20T02:00:05Z	0.092	0.113	0.108	0.131	0.124	0.19
2020-07-20T02:20:05Z	0.092	0.113	0.108	0.131	0.124	0.19
2020-07-20T02:40:05Z	0.092	0.112	0.108	0.131	0.124	0.19
2020-07-20T03:00:05Z	0.092	0.113	0.108	0.131	0.124	0.19
2020-07-20T03:20:05Z	0.092	0.113	0.108	0.131	0.124	0.189
2020-07-20T03:40:05Z	0.092	0.112	0.108	0.131	0.124	0.19
2020-07-20T04:00:05Z	0.092	0.112	0.108	0.131	0.124	0.19
2020-07-20T04:20:05Z	0.092	0.113	0.108	0.131	0.124	0.19
2020-07-20T04:40:05Z	0.092	0.113	0.108	0.131	0.124	0.19
2020-07-20T05:00:05Z	0.092	0.113	0.108	0.131	0.125	0.19
2020-07-20T05:20:05Z	0.092	0.113	0.108	0.131	0.125	0.19
2020-07-20T05:40:05Z	0.092	0.113	0.108	0.131	0.125	0.19
2020-07-20T06:00:05Z	0.092	0.113	0.109	0.131	0.125	0.19
2020-07-20T06:20:05Z	0.092	0.113	0.108	0.131	0.125	0.19
2020-07-20T06:40:05Z	0.092	0.113	0.108	0.131	0.125	0.19
2020-07-20T07:00:05Z	0.093	0.113	0.108	0.131	0.125	0.19
2020-07-20T07:20:05Z	0.093	0.113	0.109	0.131	0.125	0.191
2020-07-20T07:40:05Z	0.093	0.113	0.108	0.131	0.125	0.19
2020-07-20T08:00:05Z	0.093	0.113	0.108	0.131	0.125	0.19
2020-07-20T08:20:05Z	0.093	0.113	0.108	0.131	0.125	0.19
2020-07-20T08:40:05Z	0.093	0.113	0.109	0.131	0.125	0.191
2020-07-20T09:00:05Z	0.093	0.113	0.109	0.131	0.126	0.191
2020-07-20T09:20:05Z	0.093	0.114	0.109	0.131	0.125	0.191
2020-07-20T09:40:05Z	0.093	0.113	0.109	0.132	0.126	0.191
2020-07-20T10:00:05Z	0.093	0.114	0.109	0.131	0.126	0.191
2020-07-20T10:20:05Z	0.093	0.114	0.109	0.131	0.125	0.191
2020-07-20T10:40:05Z	0.093	0.114	0.109	0.132	0.126	0.191
2020-07-20T11:00:05Z	0.094	0.114	0.109	0.132	0.125	0.191
2020-07-20T11:20:05Z	0.093	0.114	0.109	0.131	0.125	0.191
2020-07-20T11:40:05Z	0.093	0.113	0.109	0.131	0.125	0.191
2020-07-20T12:00:05Z	0.093	0.114	0.108	0.131	0.125	0.191
2020-07-20T12:20:05Z	0.093	0.114	0.109	0.131	0.125	0.191
2020-07-20T12:40:05Z	0.092	0.113	0.108	0.131	0.125	0.191
2020-07-20T13:00:05Z	0.092	0.113	0.108	0.131	0.125	0.191
2020-07-20T13:20:05Z	0.092	0.113	0.108	0.131	0.125	0.191
2020-07-20T13:40:05Z	0.092	0.113	0.108	0.131	0.125	0.191
2020-07-20T14:00:05Z	0.092	0.113	0.108	0.131	0.125	0.191
2020-07-20T14:20:05Z	0.092	0.113	0.108	0.131	0.125	0.191
2020-07-20T14:40:05Z	0.092	0.113	0.108	0.131	0.125	0.191
2020-07-20T15:00:05Z	0.092	0.113	0.108	0.131	0.125	0.191
2020-07-20T15:20:05Z	0.092	0.113	0.108	0.131	0.125	0.191
2020-07-20T15:40:05Z	0.092	0.113	0.108	0.131	0.125	0.191
2020-07-20T16:00:05Z	0.092	0.113	0.108	0.131	0.125	0.191
2020-07-20T16:20:05Z	0.092	0.113	0.108	0.131	0.125	0.191
2020-07-20T16:40:05Z	0.092	0.113	0.108	0.131	0.125	0.191
2020-07-20T17:00:05Z	0.092	0.113	0.108	0.131	0.125	0.191
2020-07-20T17:20:05Z	0.092	0.113	0.108	0.131	0.125	0.191
2020-07-20T17:40:05Z	0.092	0.113	0.108	0.131	0.125	0.191
2020-07-20T18:00:05Z	0.091	0.113	0.108	0.131	0.125	0.191
2020-07-20T18:20:05Z	0.091	0.113	0.108	0.131	0.125	0.191
2020-07-20T18:40:05Z	0.091	0.113	0.108	0.131	0.124	0.19
2020-07-20T19:00:05Z	0.091	0.112	0.108	0.131	0.124	0.19
2020-07-20T19:20:05Z	0.09	0.112	0.108	0.131	0.124	0.19
2020-07-20T19:40:05Z	0.09	0.112	0.108	0.13	0.124	0.19
2020-07-20T20:00:05Z	0.09	0.112	0.108	0.13	0.124	0.19
2020-07-20T20:20:05Z	0.09	0.112	0.108	0.13	0.124	0.19
2020-07-20T20:40:05Z	0.09	0.112	0.108	0.13	0.124	0.19
2020-07-20T21:00:05Z	0.09	0.112	0.107	0.13	0.124	0.189
2020-07-20T21:20:05Z	0.09	0.112	0.107	0.13	0.124	0.189
2020-07-20T21:40:05Z	0.089	0.112	0.107	0.13	0.124	0.189
2020-07-20T22:00:05Z	0.089	0.111	0.107	0.13	0.124	0.189
2020-07-20T22:20:05Z	0.089	0.112	0.107	0.13	0.124	0.189
2020-07-20T22:40:05Z	0.089	0.111	0.107	0.13	0.124	0.189
2020-07-20T23:00:05Z	0.089	0.111	0.107	0.13	0.124	0.189
2020-07-20T23:20:05Z	0.089	0.111	0.107	0.13	0.124	0.189
2020-07-20T23:40:05Z	0.089	0.111	0.107	0.13	0.124	0.189
2020-07-21T00:00:05Z	0.089	0.111	0.107	0.13	0.124	0.189
2020-07-21T00:20:05Z	0.089	0.111	0.107	0.13	0.124	0.189
2020-07-21T00:40:05Z	0.089	0.111	0.107	0.13	0.124	0.189
2020-07-21T01:00:05Z	0.089	0.111	0.107	0.13	0.124	0.189
2020-07-21T01:20:05Z	0.089	0.111	0.107	0.13	0.124	0.189
2020-07-21T01:40:05Z	0.089	0.111	0.107	0.13	0.124	0.189
2020-07-21T02:00:05Z	0.088	0.111	0.107	0.13	0.124	0.189
2020-07-21T02:20:05Z	0.088	0.111	0.107	0.13	0.124	0.189
2020-07-21T02:40:05Z	0.088	0.111	0.107	0.13	0.124	0.189
2020-07-21T03:00:05Z	0.088	0.111	0.107	0.13	0.124	0.189
2020-07-21T03:20:05Z	0.088	0.111	0.107	0.13	0.124	0.189
2020-07-21T03:40:05Z	0.088	0.111	0.107	0.129	0.124	0.189
2020-07-21T04:00:05Z	0.088	0.111	0.107	0.13	0.124	0.189
2020-07-21T04:20:05Z	0.088	0.111	0.107	0.13	0.124	0.189
2020-07-21T04:40:05Z	0.088	0.111	0.107	0.13	0.124	0.19
2020-07-21T05:00:05Z	0.089	0.111	0.107	0.13	0.124	0.19
2020-07-21T05:20:05Z	0.089	0.111	0.107	0.13	0.124	0.19
2020-07-21T05:40:05Z	0.089	0.111	0.107	0.13	0.124	0.19
2020-07-21T06:00:05Z	0.089	0.111	0.107	0.13	0.124	0.19
2020-07-21T06:20:05Z	0.089	0.111	0.107	0.13	0.124	0.19
2020-07-21T06:40:05Z	0.09	0.112	0.107	0.13	0.125	0.19
2020-07-21T07:00:05Z	0.09	0.112	0.107	0.13	0.125	0.19
2020-07-21T07:20:05Z	0.09	0.112	0.107	0.131	0.125	0.19
2020-07-21T07:40:05Z	0.09	0.112	0.107	0.131	0.125	0.191
2020-07-21T08:00:05Z	0.09	0.112	0.108	0.131	0.125	0.191
2020-07-21T08:20:05Z	0.09	0.112	0.108	0.131	0.125	0.191
2020-07-21T08:40:05Z	0.09	0.112	0.108	0.131	0.125	0.191
2020-07-21T09:00:05Z	0.091	0.112	0.108	0.131	0.125	0.191
2020-07-21T09:20:05Z	0.091	0.112	0.107	0.131	0.125	0.191
2020-07-21T09:40:05Z	0.091	0.112	0.108	0.131	0.125	0.191
2020-07-21T10:00:05Z	0.091	0.113	0.108	0.131	0.125	0.191
2020-07-21T10:20:05Z	0.092	0.113	0.108	0.131	0.125	0.191
2020-07-21T10:40:05Z	0.092	0.113	0.108	0.131	0.125	0.191
2020-07-21T11:00:05Z	0.091	0.112	0.108	0.131	0.125	0.191
2020-07-21T11:20:05Z	0.092	0.113	0.108	0.131	0.125	0.191
2020-07-21T11:40:05Z	0.092	0.113	0.108	0.131	0.125	0.191
2020-07-21T12:00:05Z	0.092	0.113	0.108	0.131	0.125	0.191
2020-07-21T12:20:05Z	0.092	0.113	0.108	0.131	0.125	0.191
2020-07-21T12:40:05Z	0.092	0.113	0.108	0.131	0.125	0.191
2020-07-21T13:00:05Z	0.092	0.113	0.108	0.131	0.125	0.191
2020-07-21T13:20:05Z	0.092	0.113	0.108	0.131	0.125	0.191
2020-07-21T13:40:05Z	0.091	0.113	0.108	0.131	0.125	0.191
2020-07-21T14:00:05Z	0.091	0.113	0.108	0.131	0.124	0.191
2020-07-21T14:20:05Z	0.091	0.113	0.108	0.131	0.125	0.191
2020-07-21T14:40:05Z	0.091	0.113	0.108	0.131	0.124	0.191
2020-07-21T15:00:05Z	0.091	0.113	0.108	0.131	0.124	0.191
2020-07-21T15:20:05Z	0.091	0.113	0.108	0.131	0.124	0.191
2020-07-21T15:40:05Z	0.091	0.113	0.108	0.131	0.124	0.191
2020-07-21T16:00:05Z	0.09	0.113	0.108	0.131	0.124	0.191
2020-07-21T16:20:05Z	0.09	0.113	0.108	0.131	0.124	0.191
2020-07-21T16:40:05Z	0.09	0.113	0.108	0.131	0.124	0.191
2020-07-21T17:00:05Z	0.09	0.113	0.107	0.131	0.124	0.191
2020-07-21T17:20:05Z	0.09	0.112	0.107	0.131	0.124	0.191
2020-07-21T17:40:05Z	0.089	0.112	0.107	0.131	0.124	0.191
2020-07-21T18:00:05Z	0.089	0.112	0.107	0.131	0.124	0.191
2020-07-21T18:20:05Z	0.089	0.112	0.107	0.13	0.124	0.191
2020-07-21T18:40:05Z	0.089	0.112	0.107	0.13	0.124	0.19
2020-07-21T19:00:05Z	0.088	0.112	0.107	0.13	0.124	0.19
2020-07-21T19:20:05Z	0.088	0.112	0.107	0.13	0.124	0.19
2020-07-21T19:40:05Z	0.088	0.111	0.107	0.13	0.124	0.19
2020-07-21T20:00:05Z	0.088	0.111	0.107	0.13	0.124	0.19
2020-07-21T20:20:05Z	0.088	0.111	0.107	0.13	0.124	0.189
2020-07-21T20:40:05Z	0.088	0.111	0.107	0.13	0.124	0.189
2020-07-21T21:00:05Z	0.088	0.111	0.107	0.13	0.124	0.189
2020-07-21T21:20:05Z	0.087	0.111	0.107	0.13	0.124	0.189
2020-07-21T21:40:05Z	0.087	0.111	0.106	0.129	0.124	0.189
2020-07-21T22:00:05Z	0.087	0.111	0.107	0.129	0.124	0.189
2020-07-21T22:20:05Z	0.087	0.11	0.106	0.129	0.123	0.189
2020-07-21T22:40:05Z	0.087	0.11	0.106	0.129	0.123	0.189
2020-07-21T23:00:05Z	0.087	0.111	0.106	0.129	0.124	0.189
2020-07-21T23:20:05Z	0.087	0.111	0.106	0.129	0.123	0.189
2020-07-21T23:40:05Z	0.086	0.111	0.106	0.129	0.123	0.189
2020-07-22T00:00:05Z	0.086	0.11	0.106	0.129	0.123	0.189
2020-07-22T00:20:05Z	0.086	0.11	0.106	0.129	0.123	0.189
2020-07-22T00:40:05Z	0.086	0.11	0.106	0.129	0.123	0.189
2020-07-22T01:00:05Z	0.086	0.11	0.106	0.129	0.123	0.189
2020-07-22T01:20:05Z	0.086	0.11	0.106	0.129	0.123	0.189
2020-07-22T01:40:05Z	0.086	0.11	0.106	0.129	0.123	0.189
2020-07-22T02:00:05Z	0.086	0.11	0.106	0.129	0.123	0.189
2020-07-22T02:20:05Z	0.086	0.109	0.106	0.129	0.123	0.189
2020-07-22T02:40:05Z	0.086	0.109	0.106	0.129	0.123	0.189
2020-07-22T03:00:05Z	0.086	0.109	0.106	0.129	0.123	0.189
2020-07-22T03:20:05Z	0.086	0.11	0.106	0.129	0.123	0.189
2020-07-22T03:40:05Z	0.086	0.11	0.105	0.129	0.123	0.189
2020-07-22T04:00:05Z	0.086	0.109	0.105	0.129	0.123	0.189
2020-07-22T04:20:05Z	0.086	0.11	0.105	0.129	0.123	0.189
2020-07-22T04:40:05Z	0.086	0.11	0.106	0.129	0.123	0.189
2020-07-22T05:00:05Z	0.086	0.11	0.106	0.129	0.123	0.189
2020-07-22T05:20:05Z	0.086	0.11	0.106	0.129	0.123	0.19
2020-07-22T05:40:05Z	0.087	0.11	0.106	0.129	0.123	0.19
2020-07-22T06:00:05Z	0.087	0.11	0.106	0.13	0.124	0.19
2020-07-22T06:20:05Z	0.087	0.11	0.106	0.13	0.124	0.19
2020-07-22T06:40:05Z	0.087	0.111	0.107	0.13	0.124	0.19
2020-07-22T07:00:05Z	0.088	0.111	0.107	0.13	0.124	0.19
2020-07-22T07:20:05Z	0.088	0.111	0.107	0.13	0.124	0.19
2020-07-22T07:40:05Z	0.088	0.111	0.106	0.13	0.124	0.19
2020-07-22T08:00:05Z	0.096	0.111	0.106	0.13	0.124	0.19
2020-07-22T08:20:05Z	0.151	0.111	0.106	0.129	0.124	0.19
2020-07-22T08:40:05Z	0.273	0.113	0.106	0.129	0.123	0.189
2020-07-22T09:00:05Z	0.256	0.129	0.106	0.129	0.123	0.189
2020-07-22T09:20:05Z	0.255	0.147	0.106	0.129	0.123	0.189
2020-07-22T09:40:05Z	0.245	0.161	0.106	0.129	0.123	0.189
2020-07-22T10:00:05Z	0.24	0.167	0.106	0.129	0.123	0.189
2020-07-22T10:20:05Z	0.236	0.171	0.106	0.129	0.124	0.19
2020-07-22T10:40:05Z	0.233	0.174	0.106	0.129	0.124	0.189
2020-07-22T11:00:05Z	0.231	0.176	0.106	0.129	0.124	0.189
2020-07-22T11:20:05Z	0.23	0.178	0.106	0.129	0.124	0.19
2020-07-22T11:40:05Z	0.23	0.179	0.106	0.129	0.124	0.19
2020-07-22T12:00:05Z	0.228	0.181	0.107	0.129	0.124	0.19
2020-07-22T12:20:05Z	0.227	0.182	0.106	0.129	0.123	0.189
2020-07-22T12:40:05Z	0.227	0.183	0.106	0.129	0.124	0.19
2020-07-22T13:00:05Z	0.226	0.183	0.106	0.129	0.124	0.19
2020-07-22T13:20:05Z	0.226	0.184	0.107	0.129	0.124	0.19
2020-07-22T13:40:05Z	0.225	0.185	0.107	0.129	0.124	0.19
2020-07-22T14:00:05Z	0.224	0.185	0.107	0.129	0.123	0.19
2020-07-22T14:20:05Z	0.223	0.186	0.107	0.129	0.123	0.19
2020-07-22T14:40:05Z	0.223	0.186	0.107	0.129	0.124	0.19
2020-07-22T15:00:05Z	0.223	0.186	0.107	0.129	0.124	0.19
2020-07-22T15:20:05Z	0.222	0.187	0.107	0.129	0.123	0.19
2020-07-22T15:40:05Z	0.222	0.187	0.107	0.129	0.124	0.19
2020-07-22T16:00:05Z	0.221	0.187	0.107	0.129	0.123	0.19
2020-07-22T16:20:05Z	0.22	0.187	0.107	0.129	0.123	0.189
2020-07-22T16:40:05Z	0.22	0.187	0.107	0.129	0.123	0.189
2020-07-22T17:00:05Z	0.22	0.187	0.107	0.129	0.123	0.189
2020-07-22T17:20:05Z	0.219	0.187	0.107	0.129	0.123	0.189
2020-07-22T17:40:05Z	0.219	0.187	0.107	0.129	0.123	0.189
2020-07-22T18:00:05Z	0.218	0.187	0.107	0.129	0.123	0.189
2020-07-22T18:20:05Z	0.218	0.187	0.106	0.129	0.123	0.189
2020-07-22T18:40:05Z	0.217	0.187	0.106	0.129	0.123	0.189
2020-07-22T19:00:05Z	0.217	0.186	0.106	0.129	0.123	0.189
2020-07-22T19:20:05Z	0.216	0.186	0.106	0.129	0.123	0.189
2020-07-22T19:40:05Z	0.216	0.186	0.106	0.129	0.123	0.189
2020-07-22T20:00:05Z	0.216	0.186	0.106	0.129	0.123	0.189
2020-07-22T20:20:05Z	0.216	0.186	0.106	0.129	0.123	0.189
2020-07-22T20:40:05Z	0.215	0.186	0.106	0.129	0.123	0.189
2020-07-22T21:00:05Z	0.215	0.186	0.106	0.128	0.123	0.189
2020-07-22T21:20:05Z	0.215	0.186	0.106	0.129	0.123	0.189
2020-07-22T21:40:05Z	0.214	0.186	0.106	0.128	0.123	0.189
2020-07-22T22:00:05Z	0.214	0.186	0.106	0.129	0.123	0.189
2020-07-22T22:20:05Z	0.214	0.186	0.106	0.128	0.123	0.189
2020-07-22T22:40:05Z	0.214	0.187	0.106	0.128	0.123	0.189
2020-07-22T23:00:05Z	0.214	0.187	0.106	0.128	0.123	0.189
2020-07-22T23:20:05Z	0.213	0.186	0.106	0.128	0.123	0.189
2020-07-22T23:40:05Z	0.213	0.186	0.106	0.128	0.123	0.189
2020-07-23T00:00:05Z	0.213	0.187	0.106	0.128	0.123	0.189
2020-07-23T00:20:05Z	0.214	0.187	0.106	0.128	0.123	0.189
2020-07-23T00:40:05Z	0.215	0.187	0.106	0.128	0.123	0.189
2020-07-23T01:00:05Z	0.212	0.188	0.106	0.128	0.123	0.189
2020-07-23T01:20:05Z	0.212	0.188	0.106	0.128	0.123	0.189
2020-07-23T01:40:05Z	0.213	0.189	0.106	0.128	0.123	0.189
2020-07-23T02:00:05Z	0.212	0.189	0.106	0.128	0.123	0.189
2020-07-23T02:20:05Z	0.212	0.189	0.106	0.128	0.123	0.189
2020-07-23T02:40:05Z	0.212	0.189	0.106	0.128	0.123	0.189
2020-07-23T03:00:05Z	0.212	0.189	0.106	0.128	0.123	0.189
2020-07-23T03:20:05Z	0.212	0.189	0.106	0.128	0.123	0.189
2020-07-23T03:40:05Z	0.212	0.19	0.106	0.128	0.123	0.189
2020-07-23T04:00:05Z	0.212	0.19	0.106	0.128	0.123	0.189
2020-07-23T04:20:05Z	0.212	0.19	0.106	0.128	0.123	0.189
2020-07-23T04:40:05Z	0.212	0.19	0.106	0.128	0.123	0.189
2020-07-23T05:00:05Z	0.212	0.19	0.106	0.128	0.123	0.189
2020-07-23T05:20:05Z	0.212	0.19	0.106	0.128	0.123	0.189
2020-07-23T05:40:05Z	0.212	0.19	0.106	0.128	0.123	0.189
2020-07-23T06:00:05Z	0.212	0.19	0.106	0.128	0.123	0.189
2020-07-23T06:20:05Z	0.212	0.19	0.106	0.128	0.123	0.189
2020-07-23T06:40:05Z	0.212	0.19	0.106	0.128	0.123	0.189
2020-07-23T07:00:05Z	0.212	0.19	0.106	0.128	0.123	0.189
2020-07-23T07:20:05Z	0.212	0.191	0.106	0.129	0.123	0.189
2020-07-23T07:40:05Z	0.222	0.191	0.106	0.129	0.123	0.189
2020-07-23T08:00:05Z	0.243	0.193	0.106	0.128	0.123	0.189
2020-07-23T08:20:05Z	0.272	0.2	0.106	0.128	0.123	0.189
2020-07-23T08:40:05Z	0.273	0.211	0.106	0.128	0.123	0.189
2020-07-23T09:00:05Z	0.246	0.22	0.107	0.128	0.123	0.189
2020-07-23T09:20:05Z	0.238	0.222	0.107	0.128	0.123	0.189
2020-07-23T09:40:05Z	0.236	0.224	0.108	0.129	0.123	0.189
2020-07-23T10:00:05Z	0.234	0.224	0.111	0.129	0.123	0.189
2020-07-23T10:20:05Z	0.234	0.224	0.117	0.129	0.123	0.189
2020-07-23T11:00:05Z	0.225	0.228	0.136	0.13	0.123	0.19
2020-07-23T11:20:05Z	0.225	0.228	0.143	0.13	0.123	0.19
2020-07-23T11:40:05Z	0.226	0.228	0.148	0.13	0.123	0.19
2020-07-23T12:00:05Z	0.226	0.228	0.151	0.13	0.123	0.19
2020-07-23T12:20:05Z	0.225	0.228	0.154	0.13	0.123	0.19
2020-07-23T12:40:05Z	0.225	0.228	0.156	0.13	0.123	0.19
2020-07-23T13:00:05Z	0.225	0.228	0.158	0.13	0.123	0.19
2020-07-23T13:20:05Z	0.224	0.228	0.159	0.13	0.123	0.19
2020-07-23T13:40:05Z	0.224	0.227	0.16	0.13	0.123	0.19
2020-07-23T14:00:05Z	0.224	0.227	0.161	0.13	0.123	0.189
2020-07-23T14:20:05Z	0.224	0.227	0.162	0.13	0.123	0.189
2020-07-23T14:40:05Z	0.224	0.227	0.163	0.13	0.123	0.19
2020-07-23T15:00:05Z	0.224	0.227	0.164	0.13	0.123	0.19
2020-07-23T15:20:05Z	0.224	0.227	0.165	0.13	0.123	0.19
2020-07-23T15:40:05Z	0.224	0.227	0.166	0.13	0.123	0.19
2020-07-23T16:00:05Z	0.224	0.226	0.167	0.13	0.123	0.19
2020-07-23T16:20:05Z	0.224	0.226	0.168	0.13	0.123	0.19
2020-07-23T16:40:05Z	0.223	0.225	0.168	0.13	0.123	0.189
2020-07-23T17:00:05Z	0.223	0.225	0.169	0.13	0.123	0.189
2020-07-23T17:20:05Z	0.223	0.225	0.17	0.13	0.123	0.189
2020-07-23T17:40:05Z	0.223	0.225	0.17	0.129	0.123	0.189
2020-07-23T18:00:05Z	0.223	0.225	0.171	0.129	0.123	0.189
2020-07-23T18:20:05Z	0.223	0.224	0.171	0.129	0.123	0.189
2020-07-23T18:40:05Z	0.222	0.224	0.171	0.129	0.123	0.189
2020-07-23T19:00:05Z	0.222	0.224	0.172	0.129	0.123	0.189
2020-07-23T19:20:05Z	0.222	0.224	0.172	0.129	0.123	0.189
2020-07-23T19:40:05Z	0.222	0.224	0.173	0.129	0.123	0.189
2020-07-23T20:00:05Z	0.222	0.223	0.173	0.129	0.123	0.189
2020-07-23T20:20:05Z	0.222	0.223	0.174	0.129	0.122	0.189
2020-07-23T20:40:05Z	0.222	0.223	0.174	0.129	0.122	0.189
2020-07-23T21:00:05Z	0.222	0.223	0.174	0.129	0.122	0.189
2020-07-23T21:20:05Z	0.222	0.223	0.174	0.129	0.122	0.189
2020-07-23T21:40:05Z	0.222	0.223	0.174	0.129	0.122	0.189
2020-07-23T22:00:05Z	0.221	0.223	0.175	0.129	0.122	0.189
2020-07-23T22:20:05Z	0.221	0.223	0.174	0.129	0.122	0.189
2020-07-23T22:40:05Z	0.221	0.223	0.175	0.129	0.122	0.189
2020-07-23T23:00:05Z	0.221	0.223	0.175	0.129	0.122	0.189
2020-07-23T23:20:05Z	0.221	0.223	0.175	0.129	0.122	0.189
2020-07-23T23:40:05Z	0.221	0.223	0.176	0.129	0.122	0.189
2020-07-24T00:00:05Z	0.221	0.222	0.175	0.129	0.122	0.189
2020-07-24T00:20:05Z	0.221	0.222	0.176	0.129	0.122	0.189
2020-07-24T00:40:05Z	0.221	0.222	0.176	0.129	0.122	0.189
2020-07-24T01:00:05Z	0.221	0.222	0.176	0.129	0.122	0.189
2020-07-24T01:20:05Z	0.221	0.222	0.176	0.129	0.122	0.189
2020-07-24T01:40:05Z	0.221	0.222	0.176	0.129	0.122	0.189
2020-07-24T02:00:05Z	0.221	0.222	0.176	0.129	0.122	0.189
2020-07-24T02:20:05Z	0.221	0.222	0.176	0.129	0.122	0.189
2020-07-24T02:40:05Z	0.221	0.222	0.177	0.129	0.122	0.189
2020-07-24T03:00:05Z	0.221	0.222	0.176	0.129	0.122	0.189
2020-07-24T03:20:05Z	0.221	0.222	0.176	0.129	0.122	0.189
2020-07-24T03:40:05Z	0.221	0.222	0.177	0.129	0.122	0.189
2020-07-24T04:00:05Z	0.221	0.222	0.177	0.129	0.122	0.189
2020-07-24T04:20:05Z	0.221	0.222	0.177	0.129	0.122	0.189
2020-07-24T04:40:05Z	0.221	0.222	0.177	0.129	0.122	0.189
2020-07-24T05:00:05Z	0.221	0.222	0.177	0.129	0.122	0.189
2020-07-24T05:20:05Z	0.221	0.222	0.178	0.129	0.123	0.189
2020-07-24T05:40:05Z	0.222	0.222	0.177	0.129	0.123	0.189
2020-07-24T06:00:05Z	0.222	0.222	0.178	0.13	0.123	0.189
2020-07-24T06:20:05Z	0.221	0.222	0.178	0.13	0.123	0.189
2020-07-24T06:40:05Z	0.222	0.222	0.178	0.13	0.123	0.189
2020-07-24T07:00:05Z	0.222	0.222	0.178	0.13	0.123	0.189
2020-07-24T07:20:05Z	0.222	0.222	0.178	0.13	0.123	0.189
2020-07-24T07:40:05Z	0.221	0.222	0.178	0.13	0.123	0.189
2020-07-24T08:00:05Z	0.221	0.222	0.179	0.13	0.123	0.189
2020-07-24T08:20:05Z	0.221	0.222	0.178	0.13	0.123	0.189
2020-07-24T08:40:05Z	0.213	0.221	0.178	0.13	0.123	0.189
2020-07-24T09:00:05Z	0.214	0.221	0.179	0.13	0.123	0.189
2020-07-24T09:20:05Z	0.214	0.221	0.179	0.131	0.123	0.19
2020-07-24T09:40:05Z	0.213	0.221	0.179	0.13	0.123	0.19
2020-07-24T10:00:05Z	0.213	0.221	0.179	0.13	0.123	0.19
2020-07-24T10:20:05Z	0.213	0.221	0.179	0.13	0.123	0.19
2020-07-24T10:40:05Z	0.213	0.221	0.179	0.131	0.123	0.19
2020-07-24T11:00:05Z	0.213	0.221	0.179	0.131	0.123	0.19
2020-07-24T11:20:05Z	0.213	0.22	0.179	0.131	0.123	0.19
2020-07-24T11:40:05Z	0.212	0.22	0.179	0.131	0.123	0.19
2020-07-24T12:00:05Z	0.212	0.22	0.179	0.131	0.123	0.19
2020-07-24T12:20:05Z	0.212	0.22	0.179	0.131	0.123	0.19
2020-07-24T12:40:05Z	0.212	0.22	0.179	0.131	0.123	0.19
2020-07-24T13:00:05Z	0.211	0.22	0.179	0.131	0.123	0.19
2020-07-24T13:20:05Z	0.211	0.219	0.179	0.131	0.123	0.19
2020-07-24T13:40:05Z	0.21	0.219	0.179	0.131	0.123	0.19
2020-07-24T14:00:05Z	0.21	0.219	0.179	0.131	0.123	0.19
2020-07-24T14:20:05Z	0.21	0.219	0.179	0.131	0.123	0.19
2020-07-24T14:40:05Z	0.209	0.219	0.179	0.131	0.123	0.19
2020-07-24T15:00:05Z	0.209	0.219	0.179	0.131	0.123	0.19
2020-07-24T15:20:05Z	0.208	0.218	0.179	0.131	0.123	0.19
2020-07-24T15:40:05Z	0.208	0.218	0.178	0.131	0.123	0.19
2020-07-24T16:00:05Z	0.208	0.218	0.179	0.131	0.123	0.19
2020-07-24T16:20:05Z	0.207	0.218	0.179	0.131	0.123	0.19
2020-07-24T16:40:05Z	0.206	0.217	0.179	0.131	0.123	0.19
2020-07-24T17:00:05Z	0.206	0.217	0.179	0.131	0.123	0.19
2020-07-24T17:20:05Z	0.206	0.217	0.179	0.131	0.123	0.19
2020-07-24T17:40:05Z	0.206	0.217	0.179	0.131	0.123	0.189
2020-07-24T18:00:05Z	0.205	0.217	0.179	0.131	0.123	0.189
2020-07-24T18:20:05Z	0.205	0.216	0.178	0.131	0.123	0.189
2020-07-24T18:40:05Z	0.204	0.216	0.178	0.131	0.123	0.189
2020-07-24T19:00:05Z	0.204	0.216	0.178	0.131	0.123	0.189
2020-07-24T19:20:05Z	0.203	0.216	0.178	0.131	0.123	0.189
2020-07-24T19:40:05Z	0.203	0.215	0.178	0.131	0.122	0.189
2020-07-24T20:00:05Z	0.203	0.215	0.178	0.131	0.122	0.189
2020-07-24T20:20:05Z	0.203	0.215	0.177	0.131	0.122	0.189
2020-07-24T20:40:05Z	0.202	0.215	0.178	0.131	0.122	0.189
2020-07-24T21:00:05Z	0.202	0.215	0.178	0.131	0.122	0.189
2020-07-24T21:20:05Z	0.202	0.215	0.178	0.131	0.122	0.189
2020-07-24T21:40:05Z	0.202	0.215	0.177	0.131	0.122	0.189
2020-07-24T22:00:05Z	0.201	0.215	0.178	0.131	0.122	0.189
2020-07-24T22:20:05Z	0.201	0.215	0.177	0.131	0.122	0.189
2020-07-24T22:40:05Z	0.201	0.215	0.178	0.131	0.122	0.189
2020-07-24T23:00:05Z	0.2	0.214	0.177	0.131	0.122	0.189
2020-07-24T23:20:05Z	0.2	0.214	0.178	0.131	0.122	0.189
2020-07-24T23:40:05Z	0.2	0.214	0.177	0.131	0.122	0.189
2020-07-25T00:00:05Z	0.2	0.214	0.177	0.131	0.122	0.189
2020-07-25T00:20:05Z	0.2	0.214	0.177	0.131	0.122	0.189
2020-07-25T00:40:05Z	0.199	0.214	0.178	0.131	0.122	0.189
2020-07-25T01:00:05Z	0.199	0.214	0.177	0.131	0.122	0.189
2020-07-25T01:20:05Z	0.199	0.214	0.177	0.131	0.122	0.189
2020-07-25T01:40:05Z	0.199	0.214	0.177	0.131	0.122	0.189
2020-07-25T02:00:05Z	0.198	0.214	0.177	0.131	0.122	0.189
2020-07-25T02:20:05Z	0.198	0.214	0.177	0.131	0.122	0.189
2020-07-25T02:40:05Z	0.198	0.214	0.177	0.131	0.122	0.189
2020-07-25T03:00:05Z	0.198	0.214	0.177	0.131	0.122	0.189
2020-07-25T03:20:05Z	0.198	0.214	0.177	0.131	0.122	0.189
2020-07-25T03:40:05Z	0.198	0.214	0.177	0.131	0.122	0.189
2020-07-25T04:00:05Z	0.198	0.214	0.177	0.131	0.122	0.189
2020-07-25T04:20:05Z	0.197	0.214	0.177	0.131	0.122	0.189
2020-07-25T04:40:05Z	0.197	0.214	0.177	0.131	0.122	0.189
2020-07-25T05:00:05Z	0.197	0.214	0.177	0.131	0.122	0.189
2020-07-25T05:20:05Z	0.197	0.214	0.177	0.131	0.122	0.189
2020-07-25T05:40:05Z	0.197	0.214	0.178	0.132	0.122	0.189
2020-07-25T06:00:05Z	0.197	0.214	0.177	0.132	0.122	0.189
2020-07-25T06:20:05Z	0.196	0.214	0.178	0.132	0.123	0.189
2020-07-25T06:40:05Z	0.196	0.214	0.177	0.132	0.123	0.189
2020-07-25T07:00:05Z	0.196	0.213	0.177	0.132	0.123	0.189
2020-07-25T07:20:05Z	0.196	0.213	0.178	0.132	0.123	0.189
2020-07-25T07:40:05Z	0.196	0.214	0.178	0.132	0.123	0.189
2020-07-25T08:00:05Z	0.196	0.213	0.177	0.132	0.123	0.189
2020-07-25T08:20:05Z	0.195	0.213	0.178	0.132	0.123	0.189
2020-07-25T08:40:05Z	0.195	0.213	0.178	0.132	0.123	0.189
2020-07-25T09:00:05Z	0.195	0.213	0.178	0.132	0.123	0.189
2020-07-25T09:20:05Z	0.194	0.213	0.178	0.132	0.123	0.189
2020-07-25T09:40:05Z	0.194	0.213	0.177	0.132	0.123	0.189
2020-07-25T10:00:05Z	0.193	0.213	0.177	0.132	0.123	0.189
2020-07-25T10:20:05Z	0.193	0.213	0.178	0.132	0.123	0.189
2020-07-25T10:40:05Z	0.193	0.213	0.177	0.132	0.123	0.189
2020-07-25T11:00:05Z	0.192	0.213	0.177	0.132	0.123	0.189
2020-07-25T11:20:05Z	0.192	0.213	0.177	0.132	0.123	0.189
2020-07-25T11:40:05Z	0.191	0.213	0.177	0.132	0.123	0.189
2020-07-25T12:00:05Z	0.191	0.213	0.177	0.133	0.123	0.189
2020-07-25T12:20:05Z	0.19	0.213	0.177	0.133	0.123	0.19
2020-07-25T12:40:05Z	0.19	0.213	0.177	0.133	0.123	0.189
2020-07-25T13:00:05Z	0.189	0.212	0.177	0.133	0.123	0.189
2020-07-25T13:20:05Z	0.189	0.212	0.177	0.133	0.123	0.19
2020-07-25T13:40:05Z	0.188	0.212	0.178	0.133	0.123	0.19
2020-07-25T14:00:05Z	0.188	0.212	0.177	0.133	0.123	0.19
2020-07-25T14:20:05Z	0.187	0.212	0.177	0.133	0.123	0.189
2020-07-25T14:40:05Z	0.186	0.212	0.177	0.133	0.123	0.19
2020-07-25T15:00:05Z	0.186	0.212	0.177	0.133	0.123	0.19
2020-07-25T15:20:05Z	0.185	0.211	0.177	0.133	0.123	0.189
2020-07-25T15:40:05Z	0.184	0.211	0.177	0.133	0.123	0.189
2020-07-25T16:00:05Z	0.184	0.211	0.177	0.133	0.123	0.189
2020-07-25T16:20:05Z	0.184	0.211	0.176	0.133	0.123	0.189
2020-07-25T16:40:05Z	0.183	0.211	0.177	0.133	0.123	0.189
2020-07-25T17:00:05Z	0.183	0.211	0.176	0.133	0.123	0.189
2020-07-25T17:20:05Z	0.182	0.21	0.176	0.133	0.123	0.189
2020-07-25T17:40:05Z	0.182	0.21	0.176	0.133	0.123	0.189
2020-07-25T18:00:05Z	0.181	0.209	0.176	0.133	0.123	0.189
2020-07-25T18:20:05Z	0.181	0.209	0.176	0.133	0.123	0.189
2020-07-25T18:40:05Z	0.181	0.209	0.176	0.133	0.123	0.189
2020-07-25T19:00:05Z	0.181	0.209	0.176	0.133	0.122	0.189
2020-07-25T19:20:05Z	0.18	0.208	0.176	0.133	0.122	0.189
2020-07-25T19:40:05Z	0.18	0.208	0.176	0.133	0.122	0.189
2020-07-25T20:00:05Z	0.18	0.208	0.176	0.133	0.122	0.189
2020-07-25T20:20:05Z	0.18	0.208	0.176	0.133	0.122	0.189
2020-07-25T20:40:05Z	0.179	0.207	0.176	0.133	0.122	0.189
2020-07-25T21:00:05Z	0.179	0.207	0.176	0.133	0.122	0.189
2020-07-25T21:20:05Z	0.179	0.207	0.175	0.133	0.122	0.189
2020-07-25T21:40:05Z	0.179	0.207	0.176	0.133	0.122	0.189
2020-07-25T22:00:05Z	0.179	0.207	0.176	0.133	0.122	0.189
2020-07-25T22:20:05Z	0.178	0.206	0.176	0.133	0.122	0.189
2020-07-25T22:40:05Z	0.178	0.206	0.175	0.133	0.122	0.189
2020-07-25T23:00:05Z	0.178	0.206	0.175	0.133	0.122	0.189
2020-07-25T23:20:05Z	0.178	0.206	0.175	0.133	0.122	0.189
2020-07-25T23:40:05Z	0.178	0.205	0.175	0.133	0.122	0.189
2020-07-26T00:00:05Z	0.178	0.205	0.175	0.133	0.122	0.189
2020-07-26T00:20:05Z	0.178	0.205	0.175	0.133	0.122	0.189
2020-07-26T00:40:05Z	0.178	0.205	0.175	0.133	0.122	0.189
2020-07-26T01:00:05Z	0.178	0.205	0.175	0.133	0.122	0.189
2020-07-26T01:20:05Z	0.178	0.205	0.175	0.133	0.122	0.189
2020-07-26T01:40:05Z	0.178	0.204	0.175	0.133	0.122	0.189
2020-07-26T02:00:05Z	0.178	0.204	0.174	0.133	0.122	0.189
2020-07-26T02:20:05Z	0.178	0.204	0.174	0.133	0.122	0.189
2020-07-26T02:40:05Z	0.178	0.204	0.175	0.133	0.122	0.189
2020-07-26T03:00:05Z	0.177	0.204	0.174	0.133	0.122	0.189
2020-07-26T03:20:05Z	0.177	0.203	0.174	0.133	0.122	0.189
2020-07-26T03:40:05Z	0.177	0.203	0.174	0.133	0.122	0.189
2020-07-26T04:00:05Z	0.177	0.203	0.174	0.133	0.122	0.189
2020-07-26T04:20:05Z	0.177	0.203	0.174	0.133	0.122	0.189
2020-07-26T04:40:05Z	0.177	0.203	0.175	0.133	0.122	0.189
2020-07-26T05:00:05Z	0.177	0.203	0.175	0.133	0.122	0.189
2020-07-26T05:20:05Z	0.177	0.203	0.175	0.133	0.122	0.189
2020-07-26T05:40:05Z	0.177	0.202	0.174	0.133	0.122	0.189
2020-07-26T06:00:05Z	0.177	0.202	0.175	0.133	0.122	0.189
2020-07-26T06:20:05Z	0.177	0.202	0.174	0.133	0.122	0.189
2020-07-26T06:40:05Z	0.177	0.201	0.174	0.133	0.122	0.189
2020-07-26T07:00:05Z	0.177	0.201	0.175	0.133	0.122	0.189
2020-07-26T07:20:05Z	0.177	0.201	0.174	0.133	0.122	0.189
2020-07-26T07:40:05Z	0.177	0.201	0.174	0.133	0.122	0.189
2020-07-26T08:00:05Z	0.177	0.201	0.174	0.133	0.122	0.189
2020-07-26T08:20:05Z	0.177	0.201	0.174	0.133	0.122	0.189
2020-07-26T08:40:05Z	0.178	0.2	0.174	0.133	0.122	0.189
2020-07-26T09:00:05Z	0.178	0.2	0.174	0.133	0.123	0.189
2020-07-26T09:20:05Z	0.178	0.2	0.174	0.133	0.123	0.189
2020-07-26T09:40:05Z	0.179	0.2	0.174	0.133	0.123	0.189
2020-07-26T10:00:05Z	0.179	0.2	0.174	0.133	0.123	0.189
2020-07-26T10:20:05Z	0.179	0.2	0.174	0.133	0.123	0.189
2020-07-26T10:40:05Z	0.179	0.2	0.174	0.134	0.123	0.189
2020-07-26T11:00:05Z	0.179	0.2	0.174	0.134	0.123	0.189
2020-07-26T11:20:05Z	0.179	0.199	0.174	0.134	0.123	0.189
2020-07-26T11:40:05Z	0.179	0.199	0.174	0.133	0.123	0.189
2020-07-26T12:00:05Z	NA	0.214	NA	0.133	0.122	0.189
2020-07-26T12:20:05Z	NA	0.206	NA	0.139	0.122	0.189
2020-07-26T12:40:05Z	NA	0.206	NA	0.136	0.122	0.189
2020-07-26T13:00:05Z	NA	0.206	NA	0.136	0.123	0.189
2020-07-26T13:20:05Z	NA	0.206	NA	0.137	0.123	0.189
2020-07-26T13:40:05Z	NA	0.206	NA	0.137	0.123	0.189
2020-07-26T14:00:05Z	NA	0.206	NA	0.137	0.123	0.189
2020-07-26T14:20:05Z	NA	0.206	NA	0.137	0.123	0.189
2020-07-26T14:40:05Z	NA	0.207	NA	0.137	0.123	0.189
2020-07-26T15:00:05Z	NA	0.207	NA	0.137	0.123	0.189
2020-07-26T15:20:05Z	NA	0.207	NA	0.137	0.123	0.189
2020-07-26T15:40:05Z	NA	0.207	NA	0.137	0.123	0.189
2020-07-26T16:00:05Z	NA	0.207	NA	0.137	0.123	0.189
2020-07-26T16:20:05Z	NA	0.207	NA	0.137	0.123	0.189
2020-07-26T16:40:05Z	NA	0.207	NA	0.137	0.123	0.189
2020-07-26T17:00:05Z	NA	0.207	NA	0.137	0.123	0.189
2020-07-26T17:20:05Z	NA	0.207	NA	0.137	0.123	0.189
2020-07-26T17:40:05Z	NA	0.207	NA	0.137	0.123	0.189
2020-07-26T18:00:05Z	NA	0.207	NA	0.137	0.122	0.189
2020-07-26T18:20:05Z	NA	0.206	NA	0.137	0.122	0.189
2020-07-26T18:40:05Z	NA	0.206	NA	0.137	0.122	0.189
2020-07-26T19:00:05Z	NA	0.206	NA	0.137	0.122	0.189
2020-07-26T19:20:05Z	NA	0.206	NA	0.137	0.122	0.189
2020-07-26T19:40:05Z	NA	0.206	NA	0.137	0.122	0.189
2020-07-26T20:00:05Z	NA	0.206	NA	0.137	0.122	0.189
2020-07-26T20:20:05Z	NA	0.206	NA	0.137	0.122	0.189
2020-07-26T20:40:05Z	NA	0.206	NA	0.137	0.122	0.189
2020-07-26T21:00:05Z	NA	0.206	NA	0.137	0.122	0.189
2020-07-26T21:20:05Z	NA	0.206	NA	0.137	0.122	0.189
2020-07-26T21:40:05Z	NA	0.206	NA	0.137	0.122	0.189
2020-07-26T22:00:05Z	NA	0.206	NA	0.137	0.122	0.189
2020-07-26T22:20:05Z	NA	0.206	NA	0.137	0.122	0.189
2020-07-26T22:40:05Z	NA	0.206	NA	0.137	0.122	0.189
2020-07-26T23:00:05Z	NA	0.205	NA	0.137	0.122	0.189
2020-07-26T23:20:05Z	NA	0.205	NA	0.137	0.122	0.189
2020-07-26T23:40:05Z	NA	0.205	NA	0.137	0.122	0.189
2020-07-27T00:00:05Z	NA	0.205	NA	0.137	0.122	0.189
2020-07-27T00:20:05Z	NA	0.205	NA	0.137	0.122	0.189
2020-07-27T00:40:05Z	NA	0.205	NA	0.137	0.122	0.189
2020-07-27T01:00:05Z	NA	0.205	NA	0.137	0.122	0.189
2020-07-27T01:20:05Z	NA	0.205	NA	0.137	0.122	0.189
2020-07-27T01:40:05Z	NA	0.205	NA	0.137	0.122	0.189
2020-07-27T02:00:05Z	NA	0.205	NA	0.137	0.122	0.189
2020-07-27T02:20:05Z	NA	0.205	NA	0.137	0.122	0.189
2020-07-27T02:40:05Z	NA	0.205	NA	0.137	0.122	0.189
2020-07-27T03:00:05Z	NA	0.205	NA	0.137	0.122	0.189
2020-07-27T03:20:05Z	NA	0.205	NA	0.137	0.122	0.189
2020-07-27T03:40:05Z	NA	0.205	NA	0.137	0.122	0.189
2020-07-27T04:00:05Z	NA	0.205	NA	0.137	0.122	0.189
2020-07-27T04:20:05Z	NA	0.205	NA	0.137	0.122	0.189
2020-07-27T04:40:05Z	NA	0.205	NA	0.138	0.122	0.189
2020-07-27T05:00:05Z	NA	0.205	NA	0.137	0.122	0.189
2020-07-27T05:20:05Z	NA	0.205	NA	0.137	0.122	0.189
2020-07-27T05:40:05Z	NA	0.205	NA	0.138	0.122	0.189
2020-07-27T06:00:05Z	NA	0.205	NA	0.138	0.123	0.189
2020-07-27T06:20:05Z	NA	0.205	NA	0.138	0.123	0.189
2020-07-27T06:40:05Z	NA	0.205	NA	0.138	0.123	0.189
2020-07-27T07:00:05Z	NA	0.205	NA	0.138	0.123	0.189
2020-07-27T07:20:05Z	NA	0.205	NA	0.138	0.123	0.189
2020-07-27T07:40:05Z	NA	0.205	NA	0.138	0.123	0.189
2020-07-27T08:00:05Z	NA	0.205	NA	0.138	0.123	0.189
2020-07-27T08:20:05Z	NA	0.205	NA	0.138	0.123	0.189
2020-07-27T08:40:05Z	NA	0.205	NA	0.139	0.123	0.189
2020-07-27T09:00:05Z	0.183	0.204	0.178	0.14	0.125	0.191
2020-07-27T09:20:05Z	0.183	0.204	0.178	0.14	0.126	0.191
2020-07-27T09:40:05Z	0.183	0.204	0.178	0.14	0.126	0.192
2020-07-27T10:00:05Z	0.182	0.204	0.178	0.14	0.126	0.191
2020-07-27T10:20:05Z	0.182	0.204	0.178	0.141	0.126	0.191
2020-07-27T10:40:05Z	0.182	0.204	0.178	0.141	0.126	0.191
2020-07-27T11:00:05Z	0.181	0.203	0.178	0.141	0.126	0.191
2020-07-27T11:20:05Z	0.181	0.203	0.178	0.141	0.126	0.191
2020-07-27T11:40:05Z	0.181	0.203	0.178	0.14	0.125	0.191
2020-07-27T12:00:05Z	0.18	0.203	0.178	0.141	0.125	0.191
2020-07-27T12:20:05Z	0.18	0.203	0.178	0.141	0.125	0.191
2020-07-27T12:40:05Z	0.179	0.203	0.178	0.141	0.125	0.191
2020-07-27T13:00:05Z	0.179	0.202	0.178	0.141	0.125	0.191
2020-07-27T13:20:05Z	0.178	0.202	0.178	0.141	0.125	0.191
2020-07-27T13:40:05Z	0.178	0.201	0.177	0.141	0.125	0.191
2020-07-27T14:00:05Z	0.178	0.201	0.177	0.141	0.125	0.191
2020-07-27T14:20:05Z	0.177	0.201	0.178	0.141	0.125	0.191
2020-07-27T14:40:05Z	0.177	0.201	0.177	0.14	0.125	0.191
2020-07-27T15:00:05Z	0.176	0.2	0.177	0.14	0.125	0.191
2020-07-27T15:20:05Z	0.176	0.2	0.177	0.14	0.125	0.191
2020-07-27T15:40:05Z	0.176	0.2	0.177	0.14	0.125	0.191
2020-07-27T16:00:05Z	0.176	0.2	0.177	0.14	0.125	0.191
2020-07-27T16:20:05Z	0.176	0.199	0.177	0.14	0.125	0.191
2020-07-27T16:40:05Z	0.176	0.199	0.177	0.14	0.124	0.191
2020-07-27T17:00:05Z	0.176	0.199	0.177	0.14	0.125	0.191
2020-07-27T17:20:05Z	0.176	0.199	0.177	0.14	0.125	0.191
2020-07-27T17:40:05Z	0.176	0.199	0.177	0.14	0.124	0.191
2020-07-27T18:00:05Z	0.176	0.198	0.177	0.14	0.124	0.191
2020-07-27T18:20:05Z	0.176	0.198	0.177	0.14	0.124	0.191
2020-07-27T18:40:05Z	0.176	0.198	0.176	0.14	0.124	0.191
2020-07-27T19:00:05Z	0.176	0.198	0.177	0.14	0.124	0.191
2020-07-27T19:20:05Z	0.175	0.198	0.177	0.14	0.124	0.191
2020-07-27T19:40:05Z	0.175	0.197	0.177	0.14	0.124	0.191
2020-07-27T20:00:05Z	0.175	0.197	0.176	0.14	0.124	0.191
2020-07-27T20:20:05Z	0.175	0.197	0.176	0.14	0.124	0.191
2020-07-27T20:40:05Z	0.175	0.197	0.176	0.14	0.124	0.191
2020-07-27T21:00:05Z	0.175	0.196	0.176	0.14	0.124	0.191
2020-07-27T21:20:05Z	0.175	0.196	0.176	0.14	0.124	0.191
2020-07-27T21:40:05Z	0.175	0.196	0.176	0.14	0.124	0.191
2020-07-27T22:00:05Z	0.175	0.196	0.176	0.14	0.124	0.191
2020-07-27T22:20:05Z	0.175	0.196	0.176	0.14	0.124	0.191
2020-07-27T22:40:05Z	0.175	0.196	0.176	0.14	0.124	0.191
2020-07-27T23:00:05Z	0.175	0.196	0.176	0.14	0.124	0.191
2020-07-27T23:20:05Z	0.175	0.196	0.176	0.14	0.124	0.191
2020-07-27T23:40:05Z	0.174	0.195	0.176	0.14	0.124	0.19
2020-07-28T00:00:05Z	0.174	0.195	0.176	0.14	0.124	0.19
2020-07-28T00:20:05Z	0.174	0.195	0.175	0.14	0.124	0.19
2020-07-28T00:40:05Z	0.174	0.195	0.175	0.14	0.124	0.19
2020-07-28T01:00:05Z	0.174	0.195	0.176	0.14	0.124	0.19
2020-07-28T01:20:05Z	0.174	0.195	0.175	0.14	0.124	0.19
2020-07-28T01:40:05Z	0.174	0.195	0.175	0.14	0.124	0.19
2020-07-28T02:00:05Z	0.174	0.195	0.176	0.14	0.124	0.19
2020-07-28T02:20:05Z	0.174	0.195	0.175	0.14	0.124	0.19
2020-07-28T02:40:05Z	0.174	0.195	0.176	0.14	0.124	0.19
2020-07-28T03:00:05Z	0.174	0.195	0.175	0.14	0.124	0.19
2020-07-28T03:20:05Z	0.174	0.194	0.175	0.14	0.124	0.19
2020-07-28T03:40:05Z	0.174	0.194	0.175	0.14	0.124	0.19
2020-07-28T04:00:05Z	0.174	0.194	0.175	0.14	0.124	0.19
2020-07-28T04:20:05Z	0.174	0.194	0.175	0.14	0.124	0.19
2020-07-28T04:40:05Z	0.174	0.194	0.175	0.14	0.124	0.19
2020-07-28T05:00:05Z	0.174	0.194	0.175	0.14	0.124	0.19
2020-07-28T05:20:05Z	0.174	0.194	0.175	0.14	0.124	0.19
2020-07-28T05:40:05Z	0.174	0.194	0.175	0.14	0.124	0.19
2020-07-28T06:00:05Z	0.174	0.194	0.175	0.141	0.124	0.19
2020-07-28T06:20:05Z	0.174	0.194	0.175	0.141	0.124	0.19
2020-07-28T06:40:05Z	0.174	0.194	0.175	0.141	0.124	0.191
2020-07-28T07:00:05Z	0.174	0.194	0.175	0.141	0.124	0.19
2020-07-28T07:20:05Z	0.174	0.194	0.175	0.141	0.124	0.191
2020-07-28T07:40:05Z	0.173	0.194	0.175	0.141	0.124	0.191
2020-07-28T08:00:05Z	0.173	0.194	0.175	0.141	0.124	0.191
2020-07-28T08:20:05Z	0.173	0.194	0.175	0.141	0.125	0.191
2020-07-28T08:40:05Z	0.172	0.194	0.175	0.141	0.125	0.191
2020-07-28T09:00:05Z	0.172	0.194	0.174	0.141	0.125	0.191
2020-07-28T09:20:05Z	0.172	0.194	0.175	0.141	0.125	0.191
2020-07-28T09:40:05Z	0.172	0.193	0.175	0.141	0.125	0.191
2020-07-28T10:00:05Z	0.171	0.193	0.175	0.141	0.125	0.191
2020-07-28T10:20:05Z	0.17	0.193	0.175	0.141	0.125	0.191
2020-07-28T10:40:05Z	0.17	0.193	0.175	0.141	0.125	0.191
2020-07-28T11:00:05Z	0.169	0.193	0.174	0.141	0.124	0.191
2020-07-28T11:20:05Z	0.168	0.192	0.175	0.141	0.124	0.191
2020-07-28T11:40:05Z	0.168	0.192	0.174	0.141	0.124	0.191
2020-07-28T12:00:05Z	0.167	0.192	0.174	0.141	0.124	0.191
2020-07-28T12:20:05Z	0.167	0.192	0.174	0.141	0.125	0.191
2020-07-28T12:40:05Z	0.166	0.191	0.174	0.141	0.124	0.191
2020-07-28T13:00:05Z	0.165	0.191	0.174	0.141	0.124	0.191
2020-07-28T13:20:05Z	0.165	0.191	0.174	0.141	0.124	0.191
2020-07-28T13:40:05Z	0.164	0.191	0.174	0.141	0.124	0.191
2020-07-28T14:00:05Z	0.163	0.19	0.174	0.141	0.124	0.191
2020-07-28T14:20:05Z	0.163	0.19	0.174	0.141	0.124	0.191
2020-07-28T14:40:05Z	0.162	0.19	0.174	0.141	0.124	0.191
2020-07-28T15:00:05Z	0.162	0.19	0.174	0.141	0.124	0.191
2020-07-28T15:20:05Z	0.161	0.189	0.174	0.141	0.124	0.191
2020-07-28T15:40:05Z	0.161	0.189	0.174	0.141	0.124	0.191
2020-07-28T16:00:05Z	0.161	0.189	0.173	0.141	0.124	0.191
2020-07-28T16:20:05Z	0.16	0.189	0.173	0.141	0.124	0.191
2020-07-28T16:40:05Z	0.16	0.188	0.173	0.141	0.124	0.191
2020-07-28T17:00:05Z	0.159	0.188	0.174	0.141	0.124	0.191
2020-07-28T17:20:05Z	0.159	0.188	0.173	0.141	0.124	0.191
2020-07-28T17:40:05Z	0.159	0.187	0.173	0.141	0.124	0.19
2020-07-28T18:00:05Z	0.158	0.187	0.173	0.141	0.124	0.19
2020-07-28T18:20:05Z	0.158	0.187	0.172	0.141	0.124	0.19
2020-07-28T18:40:05Z	0.158	0.187	0.172	0.141	0.124	0.19
2020-07-28T19:00:05Z	0.158	0.186	0.172	0.141	0.124	0.19
2020-07-28T19:20:05Z	0.158	0.186	0.172	0.141	0.124	0.19
2020-07-28T19:40:05Z	0.158	0.186	0.172	0.141	0.124	0.19
2020-07-28T20:00:05Z	0.158	0.186	0.172	0.141	0.124	0.19
2020-07-28T20:20:05Z	0.158	0.186	0.172	0.141	0.124	0.19
2020-07-28T20:40:05Z	0.158	0.185	0.172	0.141	0.124	0.19
2020-07-28T21:00:05Z	0.158	0.185	0.171	0.141	0.124	0.19
2020-07-28T21:20:05Z	0.158	0.185	0.171	0.141	0.124	0.19
2020-07-28T21:40:05Z	0.158	0.185	0.172	0.141	0.124	0.19
2020-07-28T22:00:05Z	0.158	0.185	0.171	0.141	0.124	0.189
2020-07-28T22:20:05Z	0.157	0.185	0.171	0.141	0.124	0.189
2020-07-28T22:40:05Z	0.157	0.184	0.171	0.141	0.124	0.189
2020-07-28T23:00:05Z	0.157	0.184	0.171	0.141	0.124	0.189
2020-07-28T23:20:05Z	0.157	0.184	0.171	0.141	0.124	0.189
2020-07-28T23:40:05Z	0.157	0.184	0.171	0.141	0.124	0.189
2020-07-29T00:00:05Z	0.157	0.184	0.171	0.141	0.123	0.189
2020-07-29T00:20:05Z	0.157	0.184	0.17	0.14	0.123	0.189
2020-07-29T00:40:05Z	0.157	0.183	0.171	0.14	0.123	0.189
2020-07-29T01:00:05Z	0.157	0.183	0.17	0.14	0.123	0.189
2020-07-29T01:20:05Z	0.157	0.183	0.17	0.14	0.123	0.189
2020-07-29T01:40:05Z	0.157	0.183	0.17	0.14	0.123	0.189
2020-07-29T02:00:05Z	0.156	0.183	0.17	0.14	0.123	0.189
2020-07-29T02:20:05Z	0.157	0.183	0.17	0.14	0.123	0.189
2020-07-29T02:40:05Z	0.157	0.183	0.17	0.14	0.123	0.189
2020-07-29T03:00:05Z	0.157	0.183	0.17	0.14	0.123	0.189
2020-07-29T03:20:05Z	0.157	0.183	0.169	0.14	0.123	0.189
2020-07-29T03:40:05Z	0.156	0.183	0.17	0.14	0.123	0.189
2020-07-29T04:00:05Z	0.157	0.183	0.169	0.14	0.123	0.189
2020-07-29T04:20:05Z	0.157	0.183	0.17	0.14	0.123	0.189
2020-07-29T04:40:05Z	0.157	0.183	0.169	0.14	0.123	0.189
2020-07-29T05:00:05Z	0.157	0.183	0.169	0.14	0.123	0.189
2020-07-29T05:20:05Z	0.157	0.182	0.17	0.141	0.123	0.189
2020-07-29T05:40:05Z	0.157	0.182	0.169	0.141	0.123	0.189
2020-07-29T06:00:05Z	0.157	0.182	0.169	0.141	0.123	0.19
2020-07-29T06:20:05Z	0.157	0.182	0.17	0.141	0.124	0.19
2020-07-29T06:40:05Z	0.157	0.183	0.17	0.141	0.124	0.19
2020-07-29T07:00:05Z	0.157	0.183	0.17	0.141	0.124	0.19
2020-07-29T07:20:05Z	0.157	0.183	0.169	0.141	0.124	0.19
2020-07-29T07:40:05Z	0.156	0.182	0.169	0.141	0.124	0.19
2020-07-29T08:00:05Z	0.156	0.182	0.169	0.141	0.124	0.19
2020-07-29T08:20:05Z	0.156	0.182	0.169	0.141	0.124	0.19
2020-07-29T08:40:05Z	0.155	0.182	0.169	0.141	0.124	0.19
2020-07-29T09:00:05Z	0.155	0.182	0.169	0.141	0.124	0.19
2020-07-29T09:20:05Z	0.154	0.182	0.169	0.141	0.124	0.191
2020-07-29T09:40:05Z	0.154	0.182	0.169	0.141	0.124	0.191
2020-07-29T10:00:05Z	0.153	0.181	0.169	0.141	0.124	0.19
2020-07-29T10:20:05Z	0.152	0.181	0.169	0.141	0.124	0.19
2020-07-29T10:40:05Z	0.152	0.181	0.168	0.141	0.124	0.19
2020-07-29T11:00:05Z	0.152	0.181	0.168	0.141	0.124	0.19
2020-07-29T11:20:05Z	0.151	0.18	0.168	0.141	0.124	0.19
2020-07-29T11:40:05Z	0.15	0.18	0.169	0.141	0.124	0.19
2020-07-29T12:00:05Z	0.149	0.18	0.168	0.141	0.124	0.191
2020-07-29T12:20:05Z	0.149	0.18	0.168	0.141	0.124	0.191
2020-07-29T12:40:05Z	0.148	0.179	0.168	0.141	0.124	0.19
2020-07-29T13:00:05Z	0.148	0.179	0.168	0.141	0.124	0.19
2020-07-29T13:20:05Z	0.147	0.179	0.168	0.141	0.124	0.19
2020-07-29T13:40:05Z	0.147	0.179	0.168	0.141	0.124	0.19
2020-07-29T14:00:05Z	0.146	0.178	0.167	0.141	0.124	0.19
2020-07-29T14:20:05Z	0.146	0.178	0.167	0.141	0.124	0.19
2020-07-29T14:40:05Z	0.145	0.178	0.167	0.141	0.124	0.19
2020-07-29T15:00:05Z	0.145	0.178	0.167	0.141	0.124	0.19
2020-07-29T15:20:05Z	0.144	0.178	0.167	0.141	0.124	0.19
2020-07-29T15:40:05Z	0.144	0.178	0.167	0.141	0.124	0.19
2020-07-29T16:00:05Z	0.144	0.177	0.167	0.141	0.124	0.19
2020-07-29T16:20:05Z	0.144	0.177	0.167	0.141	0.124	0.19
2020-07-29T16:40:05Z	0.143	0.177	0.167	0.141	0.124	0.19
2020-07-29T17:00:05Z	0.143	0.176	0.167	0.141	0.124	0.19
2020-07-29T17:20:05Z	0.142	0.176	0.167	0.141	0.123	0.19
2020-07-29T17:40:05Z	0.142	0.176	0.166	0.141	0.123	0.19
2020-07-29T18:00:05Z	0.142	0.176	0.166	0.141	0.123	0.19
2020-07-29T18:20:05Z	0.142	0.175	0.166	0.141	0.123	0.19
2020-07-29T18:40:05Z	0.142	0.175	0.166	0.141	0.123	0.19
2020-07-29T19:00:05Z	0.141	0.175	0.166	0.14	0.123	0.189
2020-07-29T19:20:05Z	0.141	0.175	0.166	0.14	0.123	0.189
2020-07-29T19:40:05Z	0.141	0.175	0.166	0.14	0.123	0.189
2020-07-29T20:00:05Z	0.141	0.175	0.165	0.14	0.123	0.189
2020-07-29T20:20:05Z	0.141	0.174	0.165	0.14	0.123	0.189
2020-07-29T20:40:05Z	0.141	0.174	0.165	0.14	0.123	0.189
2020-07-29T21:00:05Z	0.141	0.174	0.165	0.14	0.123	0.189
2020-07-29T21:20:05Z	0.141	0.174	0.165	0.14	0.123	0.189
2020-07-29T21:40:05Z	0.141	0.174	0.165	0.14	0.123	0.189
2020-07-29T22:00:05Z	0.141	0.174	0.164	0.14	0.123	0.189
2020-07-29T22:20:05Z	0.14	0.174	0.164	0.14	0.123	0.189
2020-07-29T22:40:05Z	0.14	0.174	0.165	0.14	0.123	0.189
2020-07-29T23:00:05Z	0.14	0.174	0.164	0.14	0.123	0.189
2020-07-29T23:20:05Z	0.14	0.174	0.164	0.14	0.123	0.189
2020-07-29T23:40:05Z	0.14	0.173	0.164	0.14	0.123	0.189
2020-07-30T00:00:05Z	0.14	0.173	0.164	0.14	0.123	0.189
2020-07-30T00:20:05Z	0.14	0.173	0.164	0.14	0.123	0.189
2020-07-30T00:40:05Z	0.14	0.173	0.164	0.14	0.123	0.189
2020-07-30T01:00:05Z	0.14	0.173	0.164	0.14	0.123	0.189
2020-07-30T01:20:05Z	0.14	0.173	0.164	0.14	0.123	0.189
2020-07-30T01:40:05Z	0.14	0.173	0.164	0.14	0.123	0.189
2020-07-30T02:00:05Z	0.14	0.173	0.164	0.14	0.123	0.189
2020-07-30T02:20:05Z	0.14	0.173	0.163	0.14	0.123	0.189
2020-07-30T02:40:05Z	0.14	0.173	0.164	0.14	0.123	0.189
2020-07-30T03:00:05Z	0.14	0.173	0.164	0.14	0.123	0.189
2020-07-30T03:20:05Z	0.14	0.173	0.163	0.14	0.123	0.189
2020-07-30T03:40:05Z	0.14	0.172	0.164	0.14	0.123	0.189
2020-07-30T04:00:05Z	0.14	0.172	0.164	0.14	0.123	0.189
2020-07-30T04:20:05Z	0.14	0.172	0.164	0.14	0.123	0.189
2020-07-30T04:40:05Z	0.14	0.172	0.164	0.14	0.123	0.189
2020-07-30T05:00:05Z	0.14	0.172	0.163	0.14	0.123	0.189
2020-07-30T05:20:05Z	0.14	0.173	0.164	0.14	0.123	0.189
2020-07-30T05:40:05Z	0.141	0.173	0.163	0.14	0.123	0.189
2020-07-30T06:00:05Z	0.141	0.173	0.164	0.14	0.123	0.189
2020-07-30T06:20:05Z	0.141	0.173	0.163	0.14	0.123	0.189
2020-07-30T06:40:05Z	0.141	0.173	0.163	0.14	0.123	0.19
2020-07-30T07:00:05Z	0.141	0.173	0.163	0.14	0.123	0.19
2020-07-30T07:20:05Z	0.141	0.173	0.164	0.14	0.123	0.19
2020-07-30T07:40:05Z	0.141	0.173	0.164	0.141	0.123	0.19
2020-07-30T08:00:05Z	0.14	0.173	0.163	0.141	0.123	0.19
2020-07-30T08:20:05Z	0.14	0.173	0.164	0.141	0.124	0.19
2020-07-30T08:40:05Z	0.139	0.172	0.163	0.141	0.124	0.19
2020-07-30T09:00:05Z	0.139	0.172	0.163	0.141	0.124	0.19
2020-07-30T09:20:05Z	0.138	0.172	0.163	0.141	0.124	0.191
2020-07-30T09:40:05Z	0.138	0.172	0.164	0.141	0.124	0.191
2020-07-30T10:00:05Z	0.138	0.172	0.163	0.141	0.124	0.191
2020-07-30T10:20:05Z	0.137	0.171	0.163	0.141	0.124	0.191
2020-07-30T10:40:05Z	0.136	0.171	0.163	0.141	0.124	0.191
2020-07-30T11:00:05Z	0.136	0.171	0.163	0.141	0.124	0.191
2020-07-30T11:20:05Z	0.135	0.171	0.163	0.141	0.124	0.191
2020-07-30T11:40:05Z	0.134	0.171	0.163	0.141	0.124	0.191
2020-07-30T12:00:05Z	0.133	0.17	0.163	0.141	0.124	0.191
2020-07-30T12:20:05Z	0.132	0.17	0.162	0.141	0.124	0.191
2020-07-30T12:40:05Z	0.132	0.169	0.162	0.141	0.124	0.19
2020-07-30T13:00:05Z	0.131	0.169	0.162	0.141	0.124	0.19
2020-07-30T13:20:05Z	0.131	0.169	0.162	0.141	0.123	0.19
2020-07-30T13:40:05Z	0.13	0.169	0.162	0.141	0.124	0.19
2020-07-30T14:00:05Z	0.13	0.168	0.162	0.141	0.124	0.19
2020-07-30T14:20:05Z	0.129	0.168	0.162	0.141	0.124	0.19
2020-07-30T14:40:05Z	0.129	0.168	0.162	0.141	0.124	0.19
2020-07-30T15:00:05Z	0.129	0.168	0.162	0.141	0.124	0.19
2020-07-30T15:20:05Z	0.128	0.168	0.161	0.141	0.124	0.19
2020-07-30T15:40:05Z	0.128	0.167	0.162	0.141	0.124	0.19
2020-07-30T16:00:05Z	0.128	0.167	0.161	0.141	0.124	0.19
2020-07-30T16:20:05Z	0.127	0.167	0.161	0.141	0.123	0.19
2020-07-30T16:40:05Z	0.127	0.166	0.161	0.141	0.123	0.19
2020-07-30T17:00:05Z	0.127	0.166	0.161	0.141	0.123	0.19
2020-07-30T17:20:05Z	0.126	0.166	0.161	0.141	0.123	0.19
2020-07-30T17:40:05Z	0.126	0.166	0.16	0.141	0.123	0.19
2020-07-30T18:00:05Z	0.126	0.165	0.161	0.141	0.123	0.19
2020-07-30T18:20:05Z	0.126	0.165	0.16	0.141	0.123	0.19
2020-07-30T18:40:05Z	0.126	0.165	0.16	0.14	0.123	0.19
2020-07-30T19:00:05Z	0.126	0.165	0.16	0.14	0.123	0.189
2020-07-30T19:20:05Z	0.125	0.164	0.16	0.14	0.123	0.189
2020-07-30T19:40:05Z	0.125	0.164	0.159	0.14	0.123	0.189
2020-07-30T20:00:05Z	0.125	0.164	0.16	0.14	0.123	0.189
2020-07-30T20:20:05Z	0.125	0.164	0.159	0.14	0.123	0.189
2020-07-30T20:40:05Z	0.125	0.164	0.16	0.14	0.123	0.189
2020-07-30T21:00:05Z	0.125	0.164	0.159	0.14	0.123	0.189
2020-07-30T21:20:05Z	0.125	0.164	0.159	0.14	0.123	0.189
2020-07-30T21:40:05Z	0.125	0.164	0.159	0.14	0.123	0.189
2020-07-30T22:00:05Z	0.125	0.164	0.159	0.14	0.123	0.189
2020-07-30T22:20:05Z	0.125	0.163	0.159	0.14	0.123	0.189
2020-07-30T22:40:05Z	0.124	0.163	0.159	0.14	0.123	0.189
2020-07-30T23:00:05Z	0.124	0.163	0.159	0.14	0.123	0.189
2020-07-30T23:20:05Z	0.124	0.163	0.158	0.14	0.123	0.189
2020-07-30T23:40:05Z	0.124	0.163	0.158	0.14	0.123	0.189
2020-07-31T00:00:05Z	0.124	0.163	0.158	0.14	0.123	0.189
2020-07-31T00:20:05Z	0.124	0.163	0.158	0.14	0.123	0.189
2020-07-31T00:40:05Z	0.124	0.163	0.158	0.14	0.123	0.189
2020-07-31T01:00:05Z	0.124	0.163	0.158	0.14	0.123	0.189
2020-07-31T01:20:05Z	0.124	0.162	0.158	0.14	0.123	0.189
2020-07-31T01:40:05Z	0.124	0.162	0.158	0.14	0.123	0.189
2020-07-31T02:00:05Z	0.124	0.162	0.158	0.14	0.123	0.189
2020-07-31T02:20:05Z	0.124	0.162	0.158	0.14	0.123	0.189
2020-07-31T02:40:05Z	0.124	0.162	0.158	0.14	0.123	0.189
2020-07-31T03:00:05Z	0.124	0.162	0.157	0.14	0.123	0.189
2020-07-31T03:20:05Z	0.124	0.162	0.157	0.14	0.123	0.189
2020-07-31T03:40:05Z	0.124	0.162	0.157	0.14	0.123	0.189
2020-07-31T04:00:05Z	0.124	0.162	0.157	0.14	0.123	0.189
2020-07-31T04:20:05Z	0.124	0.162	0.157	0.14	0.123	0.189
2020-07-31T04:40:05Z	0.124	0.162	0.158	0.14	0.123	0.189
2020-07-31T05:00:05Z	0.124	0.162	0.158	0.14	0.123	0.189
2020-07-31T05:20:05Z	0.124	0.162	0.158	0.14	0.123	0.189
2020-07-31T05:40:05Z	0.124	0.162	0.157	0.14	0.123	0.189
2020-07-31T06:00:05Z	0.125	0.162	0.158	0.14	0.123	0.189
2020-07-31T06:20:05Z	0.125	0.162	0.158	0.14	0.123	0.19
2020-07-31T06:40:05Z	0.125	0.162	0.158	0.14	0.123	0.19
2020-07-31T07:00:05Z	0.125	0.162	0.158	0.14	0.123	0.19
2020-07-31T07:20:05Z	0.124	0.162	0.157	0.14	0.123	0.19
2020-07-31T07:40:05Z	0.124	0.162	0.158	0.14	0.124	0.19
2020-07-31T08:00:05Z	0.124	0.162	0.157	0.141	0.124	0.19
2020-07-31T08:20:05Z	0.124	0.162	0.158	0.141	0.124	0.19
2020-07-31T08:40:05Z	0.124	0.162	0.157	0.141	0.124	0.191
2020-07-31T09:00:05Z	0.123	0.161	0.157	0.141	0.124	0.191
2020-07-31T09:20:05Z	0.123	0.161	0.157	0.141	0.124	0.191
2020-07-31T09:40:05Z	0.122	0.161	0.157	0.141	0.124	0.191
2020-07-31T10:00:05Z	0.122	0.161	0.157	0.141	0.124	0.191
2020-07-31T10:20:05Z	0.122	0.16	0.156	0.141	0.124	0.191
2020-07-31T10:40:05Z	0.121	0.16	0.157	0.141	0.124	0.191
2020-07-31T11:00:05Z	0.121	0.159	0.156	0.141	0.124	0.191
2020-07-31T11:20:05Z	0.121	0.159	0.156	0.141	0.124	0.191
2020-07-31T11:40:05Z	0.12	0.159	0.156	0.141	0.124	0.191
2020-07-31T12:00:05Z	0.12	0.158	0.156	0.141	0.124	0.191
2020-07-31T12:20:05Z	0.12	0.158	0.156	0.141	0.124	0.191
2020-07-31T12:40:05Z	0.119	0.158	0.156	0.141	0.124	0.191
2020-07-31T13:00:05Z	0.119	0.157	0.156	0.141	0.124	0.191
2020-07-31T13:20:05Z	0.118	0.157	0.155	0.141	0.124	0.191
2020-07-31T13:40:05Z	0.118	0.156	0.155	0.141	0.124	0.191
2020-07-31T14:00:05Z	0.118	0.156	0.155	0.141	0.124	0.191
2020-07-31T14:20:05Z	0.117	0.155	0.155	0.141	0.124	0.191
2020-07-31T14:40:05Z	0.117	0.155	0.154	0.141	0.124	0.191
2020-07-31T15:00:05Z	0.117	0.155	0.155	0.141	0.124	0.191
2020-07-31T15:20:05Z	0.117	0.155	0.154	0.141	0.124	0.191
2020-07-31T15:40:05Z	0.116	0.155	0.154	0.141	0.124	0.191
2020-07-31T16:00:05Z	0.116	0.154	0.154	0.141	0.124	0.191
2020-07-31T16:20:05Z	0.116	0.153	0.153	0.141	0.124	0.191
2020-07-31T16:40:05Z	0.116	0.153	0.153	0.141	0.124	0.191
2020-07-31T17:00:05Z	0.116	0.153	0.153	0.141	0.124	0.191
2020-07-31T17:20:05Z	0.115	0.152	0.153	0.141	0.123	0.19
2020-07-31T17:40:05Z	0.115	0.152	0.153	0.141	0.123	0.19
2020-07-31T18:00:05Z	0.115	0.152	0.153	0.14	0.123	0.19
2020-07-31T18:20:05Z	0.115	0.152	0.153	0.14	0.123	0.19
2020-07-31T18:40:05Z	0.114	0.151	0.152	0.14	0.123	0.189
2020-07-31T19:00:05Z	0.114	0.151	0.152	0.14	0.123	0.189
2020-07-31T19:20:05Z	0.114	0.15	0.152	0.14	0.123	0.189
2020-07-31T19:40:05Z	0.114	0.15	0.152	0.14	0.123	0.189
2020-07-31T20:00:05Z	0.114	0.15	0.152	0.14	0.123	0.189
2020-07-31T20:20:05Z	0.114	0.15	0.151	0.14	0.123	0.189
2020-07-31T20:40:05Z	0.114	0.15	0.152	0.14	0.123	0.189
2020-07-31T21:00:05Z	0.114	0.15	0.151	0.14	0.123	0.189
2020-07-31T21:20:05Z	0.114	0.15	0.151	0.14	0.123	0.189
2020-07-31T21:40:05Z	0.114	0.15	0.151	0.14	0.123	0.189
2020-07-31T22:00:05Z	0.114	0.15	0.151	0.14	0.123	0.189
2020-07-31T22:20:05Z	0.114	0.149	0.151	0.14	0.123	0.189
2020-07-31T22:40:05Z	0.114	0.149	0.151	0.14	0.123	0.189
2020-07-31T23:00:05Z	0.114	0.15	0.151	0.14	0.123	0.189
2020-07-31T23:20:05Z	0.114	0.149	0.15	0.14	0.123	0.189
2020-07-31T23:40:05Z	0.114	0.149	0.151	0.14	0.123	0.189
2020-08-01T00:00:05Z	0.114	0.149	0.151	0.14	0.123	0.189
2020-08-01T00:20:05Z	0.114	0.149	0.15	0.14	0.123	0.189
2020-08-01T00:40:05Z	0.114	0.149	0.15	0.14	0.123	0.189
2020-08-01T01:00:05Z	0.114	0.149	0.15	0.14	0.123	0.189
2020-08-01T01:20:05Z	0.113	0.149	0.15	0.14	0.123	0.189
2020-08-01T01:40:05Z	0.113	0.149	0.15	0.14	0.123	0.189
2020-08-01T02:00:05Z	0.113	0.149	0.15	0.14	0.123	0.189
2020-08-01T02:20:05Z	0.113	0.149	0.149	0.14	0.123	0.189
2020-08-01T02:40:05Z	0.113	0.148	0.149	0.14	0.123	0.189
2020-08-01T03:00:05Z	0.113	0.148	0.149	0.14	0.123	0.189
2020-08-01T03:20:05Z	0.113	0.148	0.15	0.14	0.123	0.189
2020-08-01T03:40:05Z	0.113	0.148	0.15	0.14	0.123	0.189
2020-08-01T04:00:05Z	0.113	0.148	0.149	0.14	0.123	0.189
2020-08-01T04:20:05Z	0.113	0.148	0.149	0.14	0.123	0.189
2020-08-01T04:40:05Z	0.113	0.148	0.149	0.14	0.123	0.189
2020-08-01T05:00:05Z	0.113	0.148	0.149	0.14	0.123	0.189
2020-08-01T05:20:05Z	0.113	0.148	0.149	0.14	0.123	0.189
2020-08-01T05:40:05Z	0.114	0.148	0.149	0.14	0.123	0.189
2020-08-01T06:00:05Z	0.114	0.148	0.149	0.14	0.123	0.189
2020-08-01T06:20:05Z	0.114	0.148	0.149	0.14	0.123	0.19
2020-08-01T06:40:05Z	0.114	0.148	0.149	0.14	0.123	0.19
2020-08-01T07:00:05Z	0.114	0.148	0.149	0.14	0.124	0.19
2020-08-01T07:20:05Z	0.114	0.148	0.149	0.14	0.124	0.19
2020-08-01T07:40:05Z	0.114	0.147	0.149	0.14	0.124	0.19
2020-08-01T08:00:05Z	0.114	0.147	0.149	0.14	0.124	0.19
2020-08-01T08:20:05Z	0.114	0.147	0.149	0.141	0.124	0.191
2020-08-01T08:40:05Z	0.114	0.147	0.148	0.141	0.124	0.191
2020-08-01T09:00:05Z	0.114	0.147	0.149	0.141	0.124	0.191
2020-08-01T09:20:05Z	0.114	0.146	0.148	0.141	0.124	0.191
2020-08-01T09:40:05Z	0.114	0.146	0.148	0.141	0.124	0.191
2020-08-01T10:00:05Z	0.114	0.146	0.148	0.141	0.124	0.191
2020-08-01T10:20:05Z	0.113	0.146	0.148	0.141	0.124	0.191
2020-08-01T10:40:05Z	0.113	0.145	0.148	0.141	0.124	0.191
2020-08-01T11:00:05Z	0.113	0.145	0.147	0.141	0.124	0.191
2020-08-01T11:20:05Z	0.113	0.145	0.147	0.141	0.124	0.191
2020-08-01T11:40:05Z	0.113	0.144	0.147	0.141	0.124	0.191
2020-08-01T12:00:05Z	0.112	0.144	0.147	0.141	0.124	0.191
2020-08-01T12:20:05Z	0.112	0.144	0.147	0.141	0.124	0.191
2020-08-01T12:40:05Z	0.112	0.143	0.146	0.141	0.124	0.191
2020-08-01T13:00:05Z	0.112	0.143	0.146	0.141	0.124	0.191
2020-08-01T13:20:05Z	0.112	0.143	0.145	0.141	0.124	0.191
2020-08-01T13:40:05Z	0.111	0.143	0.146	0.141	0.124	0.191
2020-08-01T14:00:05Z	0.111	0.142	0.145	0.141	0.124	0.191
2020-08-01T14:20:05Z	0.111	0.142	0.145	0.141	0.124	0.191
2020-08-01T14:40:05Z	0.111	0.142	0.145	0.141	0.124	0.191
2020-08-01T15:00:05Z	0.111	0.142	0.145	0.141	0.124	0.191
2020-08-01T15:20:05Z	0.111	0.141	0.144	0.141	0.124	0.191
2020-08-01T15:40:05Z	0.11	0.141	0.144	0.141	0.124	0.191
2020-08-01T16:00:05Z	0.11	0.14	0.144	0.141	0.124	0.191
2020-08-01T16:20:05Z	0.11	0.14	0.144	0.141	0.124	0.191
2020-08-01T16:40:05Z	0.11	0.14	0.143	0.14	0.124	0.191
2020-08-01T17:00:05Z	0.109	0.14	0.143	0.14	0.124	0.19
2020-08-01T17:20:05Z	0.109	0.14	0.143	0.14	0.124	0.19
2020-08-01T17:40:05Z	0.109	0.139	0.142	0.14	0.124	0.19
2020-08-01T18:00:05Z	0.109	0.139	0.142	0.14	0.124	0.19
2020-08-01T18:20:05Z	0.109	0.139	0.142	0.14	0.124	0.19
2020-08-01T18:40:05Z	0.108	0.138	0.142	0.14	0.123	0.19
2020-08-01T19:00:05Z	0.108	0.138	0.142	0.14	0.123	0.19
2020-08-01T19:20:05Z	0.108	0.138	0.141	0.14	0.123	0.19
2020-08-01T19:40:05Z	0.108	0.138	0.141	0.14	0.123	0.19
2020-08-01T20:00:05Z	0.108	0.138	0.141	0.14	0.123	0.19
2020-08-01T20:20:05Z	0.108	0.138	0.141	0.14	0.123	0.19
2020-08-01T20:40:05Z	0.108	0.137	0.14	0.14	0.123	0.19
2020-08-01T21:00:05Z	0.108	0.137	0.14	0.14	0.123	0.19
2020-08-01T21:20:05Z	0.108	0.137	0.14	0.14	0.123	0.19
2020-08-01T21:40:05Z	0.108	0.137	0.14	0.14	0.123	0.19
2020-08-01T22:00:05Z	0.108	0.137	0.14	0.14	0.123	0.19
2020-08-01T22:20:05Z	0.108	0.137	0.14	0.14	0.123	0.19
2020-08-01T22:40:05Z	0.108	0.137	0.14	0.14	0.123	0.19
2020-08-01T23:00:05Z	0.108	0.137	0.14	0.14	0.123	0.19
2020-08-01T23:20:05Z	0.108	0.136	0.14	0.14	0.123	0.19
2020-08-01T23:40:05Z	0.108	0.136	0.139	0.14	0.123	0.19
2020-08-02T00:00:05Z	0.108	0.136	0.139	0.14	0.123	0.19
2020-08-02T00:20:05Z	0.108	0.136	0.139	0.14	0.123	0.19
2020-08-02T00:40:05Z	0.107	0.136	0.139	0.14	0.123	0.19
2020-08-02T01:00:05Z	0.107	0.136	0.139	0.14	0.123	0.19
2020-08-02T01:20:05Z	0.107	0.135	0.139	0.14	0.123	0.19
2020-08-02T01:40:05Z	0.107	0.135	0.138	0.14	0.123	0.19
2020-08-02T02:00:05Z	0.107	0.135	0.138	0.14	0.123	0.19
2020-08-02T02:20:05Z	0.107	0.135	0.138	0.14	0.123	0.19
2020-08-02T02:40:05Z	0.107	0.135	0.138	0.14	0.123	0.19
2020-08-02T03:00:05Z	0.107	0.134	0.138	0.14	0.123	0.19
2020-08-02T03:20:05Z	0.107	0.135	0.138	0.14	0.123	0.189
2020-08-02T03:40:05Z	0.107	0.134	0.138	0.14	0.123	0.189
2020-08-02T04:00:05Z	0.107	0.135	0.138	0.14	0.123	0.189
2020-08-02T04:20:05Z	0.107	0.134	0.138	0.14	0.123	0.189
2020-08-02T04:40:05Z	0.107	0.134	0.138	0.14	0.123	0.189
2020-08-02T05:00:05Z	0.107	0.134	0.138	0.14	0.123	0.189
2020-08-02T05:20:05Z	0.107	0.134	0.138	0.14	0.123	0.189
2020-08-02T05:40:05Z	0.107	0.134	0.137	0.14	0.123	0.19
2020-08-02T06:00:05Z	0.107	0.134	0.137	0.14	0.123	0.19
2020-08-02T06:20:05Z	0.107	0.134	0.137	0.14	0.123	0.19
2020-08-02T06:40:05Z	0.107	0.134	0.137	0.14	0.124	0.19
2020-08-02T07:00:05Z	0.107	0.134	0.137	0.14	0.124	0.19
2020-08-02T07:20:05Z	0.107	0.134	0.137	0.14	0.124	0.19
2020-08-02T07:40:05Z	0.107	0.134	0.137	0.14	0.124	0.19
2020-08-02T08:00:05Z	0.107	0.133	0.136	0.14	0.123	0.19
2020-08-02T08:20:05Z	0.107	0.133	0.136	0.14	0.123	0.19
2020-08-02T08:40:05Z	0.107	0.133	0.136	0.14	0.123	0.19
2020-08-02T09:00:05Z	0.11	0.133	0.136	0.14	0.123	0.19
2020-08-02T09:20:05Z	0.112	0.133	0.135	0.14	0.123	0.19
2020-08-02T09:40:05Z	0.113	0.133	0.135	0.14	0.123	0.19
2020-08-02T10:00:05Z	0.114	0.133	0.135	0.14	0.123	0.19
2020-08-02T10:20:05Z	0.115	0.133	0.135	0.14	0.123	0.19
2020-08-02T10:40:05Z	0.129	0.133	0.135	0.14	0.123	0.19
2020-08-02T11:00:05Z	0.129	0.133	0.135	0.14	0.123	0.19
2020-08-02T11:20:05Z	0.13	0.133	0.135	0.14	0.123	0.19
2020-08-02T11:40:05Z	0.13	0.134	0.135	0.14	0.123	0.19
2020-08-02T12:00:05Z	0.13	0.139	0.135	0.14	0.123	0.19
2020-08-02T12:20:05Z	0.13	0.14	0.135	0.14	0.123	0.19
2020-08-02T12:40:05Z	0.131	0.141	0.135	0.14	0.123	0.19
2020-08-02T13:00:05Z	0.131	0.141	0.135	0.14	0.123	0.19
2020-08-02T13:20:05Z	0.132	0.141	0.135	0.14	0.123	0.19
2020-08-02T13:40:05Z	0.132	0.141	0.135	0.14	0.123	0.19
2020-08-02T14:00:05Z	0.132	0.141	0.135	0.14	0.123	0.19
2020-08-02T14:20:05Z	0.132	0.141	0.135	0.14	0.123	0.19
2020-08-02T14:40:05Z	0.132	0.141	0.135	0.14	0.123	0.19
2020-08-02T15:00:05Z	0.132	0.141	0.134	0.14	0.123	0.19
2020-08-02T15:20:05Z	0.132	0.141	0.135	0.14	0.123	0.19
2020-08-02T15:40:05Z	0.132	0.141	0.134	0.14	0.123	0.19
2020-08-02T16:00:05Z	0.132	0.141	0.134	0.14	0.123	0.19
2020-08-02T16:20:05Z	0.132	0.14	0.134	0.14	0.123	0.19
2020-08-02T16:40:05Z	0.132	0.14	0.134	0.14	0.123	0.19
2020-08-02T17:00:05Z	0.132	0.14	0.134	0.14	0.123	0.19
2020-08-02T17:20:05Z	0.132	0.14	0.134	0.14	0.123	0.19
2020-08-02T17:40:05Z	0.132	0.14	0.134	0.139	0.123	0.19
2020-08-02T18:00:05Z	0.132	0.14	0.133	0.139	0.123	0.19
2020-08-02T18:20:05Z	0.132	0.14	0.134	0.139	0.123	0.19
2020-08-02T18:40:05Z	0.132	0.14	0.134	0.139	0.123	0.19
2020-08-02T19:00:05Z	0.132	0.14	0.134	0.139	0.123	0.19
2020-08-02T19:20:05Z	0.132	0.14	0.133	0.139	0.123	0.19
2020-08-02T19:40:05Z	0.132	0.14	0.134	0.139	0.123	0.19
2020-08-02T20:00:05Z	0.132	0.14	0.133	0.139	0.123	0.19
2020-08-02T20:20:05Z	0.132	0.14	0.133	0.139	0.123	0.19
2020-08-02T20:40:05Z	0.132	0.14	0.133	0.139	0.123	0.189
2020-08-02T21:00:05Z	0.132	0.14	0.133	0.139	0.123	0.189
2020-08-02T21:20:05Z	0.132	0.14	0.133	0.139	0.123	0.189
2020-08-02T21:40:05Z	0.132	0.14	0.133	0.139	0.123	0.189
2020-08-02T22:00:05Z	0.132	0.14	0.133	0.139	0.123	0.189
2020-08-02T22:20:05Z	0.132	0.14	0.133	0.139	0.123	0.189
2020-08-02T22:40:05Z	0.132	0.14	0.133	0.139	0.123	0.189
2020-08-02T23:00:05Z	0.132	0.14	0.133	0.139	0.123	0.189
2020-08-02T23:20:05Z	0.132	0.14	0.133	0.139	0.123	0.189
2020-08-02T23:40:05Z	0.132	0.14	0.133	0.139	0.123	0.189
2020-08-03T00:00:05Z	0.132	0.14	0.133	0.139	0.123	0.189
2020-08-03T00:20:05Z	0.132	0.14	0.133	0.139	0.123	0.189
2020-08-03T00:40:05Z	0.132	0.14	0.133	0.139	0.123	0.189
2020-08-03T01:00:05Z	0.132	0.14	0.133	0.139	0.123	0.189
2020-08-03T01:20:05Z	0.132	0.14	0.133	0.139	0.123	0.189
2020-08-03T01:40:05Z	0.132	0.14	0.133	0.139	0.123	0.189
2020-08-03T02:00:05Z	0.132	0.14	0.133	0.139	0.123	0.189
2020-08-03T02:20:05Z	0.132	0.14	0.133	0.139	0.123	0.189
2020-08-03T02:40:05Z	0.132	0.139	0.133	0.139	0.123	0.189
2020-08-03T03:00:05Z	0.132	0.14	0.133	0.139	0.123	0.189
2020-08-03T03:20:05Z	0.132	0.14	0.133	0.139	0.123	0.189
2020-08-03T03:40:05Z	0.132	0.14	0.133	0.139	0.123	0.189
2020-08-03T04:00:05Z	0.132	0.139	0.132	0.139	0.123	0.189
2020-08-03T04:20:05Z	0.131	0.139	0.132	0.139	0.123	0.189
2020-08-03T04:40:05Z	0.131	0.139	0.133	0.139	0.123	0.189
2020-08-03T05:00:05Z	0.132	0.139	0.133	0.139	0.123	0.189
2020-08-03T05:20:05Z	0.132	0.139	0.133	0.139	0.123	0.189
2020-08-03T05:40:05Z	0.132	0.139	0.133	0.139	0.123	0.189
2020-08-03T06:00:05Z	0.132	0.139	0.133	0.139	0.123	0.189
2020-08-03T06:20:05Z	0.132	0.139	0.132	0.139	0.123	0.189
2020-08-03T06:40:05Z	0.131	0.139	0.133	0.139	0.123	0.189
2020-08-03T07:00:05Z	0.131	0.139	0.132	0.139	0.123	0.189
2020-08-03T07:20:05Z	0.131	0.139	0.133	0.139	0.123	0.189
2020-08-03T07:40:05Z	0.131	0.139	0.132	0.139	0.123	0.189
2020-08-03T08:00:05Z	0.131	0.139	0.133	0.139	0.123	0.189
2020-08-03T08:20:05Z	0.131	0.139	0.132	0.139	0.123	0.189
2020-08-03T08:40:05Z	0.131	0.139	0.132	0.139	0.123	0.189
2020-08-03T09:00:05Z	0.131	0.139	0.133	0.139	0.123	0.189
2020-08-03T09:20:05Z	0.131	0.139	0.132	0.139	0.123	0.19
2020-08-03T09:40:05Z	0.13	0.139	0.133	0.139	0.123	0.19
2020-08-03T10:00:05Z	0.13	0.139	0.133	0.139	0.123	0.19
2020-08-03T10:20:05Z	0.13	0.139	0.133	0.139	0.123	0.19
2020-08-03T10:40:05Z	0.13	0.14	0.132	0.139	0.123	0.19
2020-08-03T11:00:05Z	0.129	0.14	0.132	0.139	0.123	0.19
2020-08-03T11:20:05Z	0.129	0.139	0.132	0.139	0.123	0.19
2020-08-03T11:40:05Z	0.128	0.139	0.132	0.139	0.123	0.19
2020-08-03T12:00:05Z	0.128	0.139	0.132	0.139	0.123	0.19
2020-08-03T12:20:05Z	0.128	0.139	0.132	0.139	0.124	0.191
2020-08-03T12:40:05Z	0.127	0.139	0.132	0.139	0.123	0.191
2020-08-03T13:00:05Z	0.127	0.139	0.132	0.139	0.124	0.191
2020-08-03T13:20:05Z	0.126	0.139	0.132	0.139	0.123	0.191
2020-08-03T13:40:05Z	0.126	0.139	0.131	0.139	0.123	0.191
2020-08-03T14:00:05Z	0.125	0.138	0.131	0.139	0.123	0.19
2020-08-03T14:20:05Z	0.124	0.139	0.131	0.139	0.123	0.191
2020-08-03T14:40:05Z	0.124	0.138	0.13	0.139	0.123	0.191
2020-08-03T15:00:05Z	0.124	0.139	0.131	0.139	0.123	0.191
2020-08-03T15:20:05Z	0.124	0.138	0.131	0.139	0.123	0.191
2020-08-03T15:40:05Z	0.123	0.138	0.13	0.139	0.123	0.191
2020-08-03T16:00:05Z	0.123	0.138	0.13	0.139	0.123	0.19
2020-08-03T16:20:05Z	0.122	0.138	0.13	0.139	0.123	0.19
2020-08-03T16:40:05Z	0.122	0.138	0.13	0.139	0.123	0.19
2020-08-03T17:00:05Z	0.122	0.137	0.129	0.139	0.123	0.19
2020-08-03T17:20:05Z	0.121	0.138	0.129	0.139	0.123	0.19
2020-08-03T17:40:05Z	0.121	0.137	0.129	0.139	0.123	0.19
2020-08-03T18:00:05Z	0.121	0.137	0.129	0.139	0.123	0.19
2020-08-03T18:20:05Z	0.121	0.137	0.129	0.139	0.123	0.189
2020-08-03T18:40:05Z	0.12	0.137	0.129	0.139	0.123	0.189
2020-08-03T19:00:05Z	0.12	0.137	0.129	0.138	0.123	0.189
2020-08-03T19:20:05Z	0.12	0.137	0.129	0.138	0.123	0.189
2020-08-03T19:40:05Z	0.12	0.137	0.129	0.138	0.123	0.189
2020-08-03T20:00:05Z	0.12	0.136	0.129	0.138	0.123	0.189
2020-08-03T20:20:05Z	0.12	0.137	0.129	0.138	0.123	0.189
2020-08-03T20:40:05Z	0.12	0.136	0.129	0.138	0.123	0.189
2020-08-03T21:00:05Z	0.119	0.136	0.128	0.138	0.123	0.189
2020-08-03T21:20:05Z	0.119	0.136	0.128	0.138	0.123	0.189
2020-08-03T21:40:05Z	0.119	0.136	0.128	0.138	0.123	0.189
2020-08-03T22:00:05Z	0.119	0.136	0.128	0.138	0.123	0.189
2020-08-03T22:20:05Z	0.119	0.136	0.128	0.138	0.123	0.189
2020-08-03T22:40:05Z	0.119	0.136	0.128	0.138	0.123	0.189
2020-08-03T23:00:05Z	0.119	0.136	0.128	0.138	0.123	0.189
2020-08-03T23:20:05Z	0.119	0.135	0.128	0.138	0.123	0.189
2020-08-03T23:40:05Z	0.119	0.136	0.128	0.138	0.123	0.189
2020-08-04T00:00:05Z	0.119	0.136	0.128	0.138	0.123	0.189
2020-08-04T00:20:05Z	0.118	0.136	0.128	0.138	0.123	0.189
2020-08-04T00:40:05Z	0.118	0.135	0.128	0.138	0.122	0.189
2020-08-04T01:00:05Z	0.118	0.135	0.128	0.138	0.122	0.189
2020-08-04T01:20:05Z	0.118	0.135	0.128	0.138	0.122	0.189
2020-08-04T01:40:05Z	0.118	0.135	0.127	0.138	0.122	0.189
2020-08-04T02:00:05Z	0.118	0.135	0.128	0.138	0.122	0.189
2020-08-04T02:20:05Z	0.118	0.135	0.128	0.138	0.122	0.189
2020-08-04T02:40:05Z	0.118	0.135	0.127	0.138	0.122	0.189
2020-08-04T03:00:05Z	0.117	0.135	0.128	0.138	0.122	0.189
2020-08-04T03:20:05Z	0.117	0.135	0.127	0.138	0.122	0.189
2020-08-04T03:40:05Z	0.117	0.135	0.127	0.138	0.122	0.189
2020-08-04T04:00:05Z	0.117	0.135	0.128	0.138	0.122	0.189
2020-08-04T04:20:05Z	0.117	0.135	0.127	0.138	0.122	0.189
2020-08-04T04:40:05Z	0.117	0.135	0.127	0.138	0.122	0.189
2020-08-04T05:00:05Z	0.117	0.135	0.127	0.138	0.122	0.189
2020-08-04T05:20:05Z	0.117	0.135	0.127	0.138	0.123	0.189
2020-08-04T05:40:05Z	0.118	0.135	0.127	0.138	0.123	0.189
2020-08-04T06:00:05Z	0.118	0.135	0.127	0.138	0.123	0.189
2020-08-04T06:20:05Z	0.118	0.136	0.128	0.138	0.123	0.189
2020-08-04T06:40:05Z	0.119	0.136	0.128	0.138	0.123	0.19
2020-08-04T07:00:05Z	0.119	0.136	0.128	0.138	0.123	0.19
2020-08-04T07:20:05Z	0.119	0.136	0.128	0.138	0.123	0.19
2020-08-04T07:40:05Z	0.119	0.136	0.128	0.138	0.123	0.19
2020-08-04T08:00:05Z	0.119	0.136	0.127	0.139	0.123	0.19
2020-08-04T08:20:05Z	0.119	0.136	0.127	0.139	0.123	0.19
2020-08-04T08:40:05Z	0.119	0.136	0.128	0.139	0.123	0.19
2020-08-04T09:00:05Z	0.119	0.136	0.128	0.139	0.123	0.191
2020-08-04T09:20:05Z	0.119	0.136	0.127	0.139	0.123	0.191
2020-08-04T09:40:05Z	0.119	0.136	0.128	0.139	0.123	0.191
2020-08-04T10:00:05Z	0.118	0.136	0.127	0.139	0.123	0.191
2020-08-04T10:20:05Z	0.118	0.136	0.127	0.138	0.123	0.191
2020-08-04T10:40:05Z	0.118	0.136	0.127	0.138	0.123	0.191
2020-08-04T11:00:05Z	0.118	0.136	0.127	0.138	0.123	0.191
2020-08-04T11:20:05Z	0.118	0.136	0.127	0.138	0.123	0.191
2020-08-04T11:40:05Z	0.117	0.135	0.127	0.138	0.123	0.191
2020-08-04T12:00:05Z	0.117	0.135	0.127	0.138	0.123	0.191
2020-08-04T12:20:05Z	0.117	0.135	0.126	0.138	0.123	0.191
2020-08-04T12:40:05Z	0.117	0.136	0.127	0.139	0.123	0.191
2020-08-04T13:00:05Z	0.117	0.135	0.126	0.138	0.123	0.191
2020-08-04T13:20:05Z	0.117	0.135	0.126	0.138	0.123	0.191
2020-08-04T13:40:05Z	0.117	0.135	0.126	0.138	0.123	0.191
2020-08-04T14:00:05Z	0.117	0.135	0.126	0.138	0.123	0.191
2020-08-04T14:20:05Z	0.117	0.134	0.125	0.138	0.123	0.191
2020-08-04T14:40:05Z	0.117	0.134	0.126	0.138	0.123	0.19
2020-08-04T15:00:05Z	0.116	0.135	0.125	0.138	0.123	0.19
2020-08-04T15:20:05Z	0.116	0.134	0.125	0.138	0.123	0.19
2020-08-04T15:40:05Z	0.116	0.134	0.125	0.138	0.123	0.19
2020-08-04T16:00:05Z	0.116	0.134	0.125	0.138	0.123	0.19
2020-08-04T16:20:05Z	0.116	0.134	0.125	0.138	0.123	0.19
2020-08-04T16:40:05Z	0.116	0.134	0.125	0.138	0.123	0.19
2020-08-04T17:00:05Z	0.116	0.134	0.124	0.138	0.123	0.19
2020-08-04T17:20:05Z	0.116	0.134	0.125	0.138	0.123	0.19
2020-08-04T17:40:05Z	0.115	0.134	0.124	0.138	0.123	0.19
2020-08-04T18:00:05Z	0.115	0.134	0.124	0.138	0.123	0.19
2020-08-04T18:20:05Z	0.115	0.133	0.124	0.138	0.123	0.189
2020-08-04T18:40:05Z	0.115	0.133	0.123	0.138	0.123	0.189
2020-08-04T19:00:05Z	0.114	0.133	0.123	0.138	0.123	0.189
2020-08-04T19:20:05Z	0.114	0.133	0.123	0.137	0.122	0.189
2020-08-04T19:40:05Z	0.114	0.133	0.123	0.137	0.122	0.189
2020-08-04T20:00:05Z	0.114	0.133	0.123	0.137	0.122	0.189
2020-08-04T20:20:05Z	0.114	0.133	0.123	0.137	0.122	0.189
2020-08-04T20:40:05Z	0.114	0.132	0.123	0.137	0.122	0.189
2020-08-04T21:00:05Z	0.114	0.132	0.123	0.137	0.122	0.189
2020-08-04T21:20:05Z	0.114	0.132	0.123	0.137	0.122	0.189
2020-08-04T21:40:05Z	0.114	0.132	0.123	0.137	0.122	0.189
2020-08-04T22:00:05Z	0.114	0.132	0.123	0.137	0.122	0.189
2020-08-04T22:20:05Z	0.114	0.132	0.122	0.137	0.122	0.189
2020-08-04T22:40:05Z	0.114	0.132	0.122	0.137	0.122	0.189
2020-08-04T23:00:05Z	0.114	0.132	0.123	0.137	0.122	0.189
2020-08-04T23:20:05Z	0.113	0.132	0.122	0.137	0.122	0.189
2020-08-04T23:40:05Z	0.113	0.132	0.123	0.137	0.122	0.189
2020-08-05T00:00:05Z	0.113	0.132	0.122	0.137	0.122	0.189
2020-08-05T00:20:05Z	0.113	0.132	0.122	0.137	0.122	0.189
2020-08-05T00:40:05Z	0.113	0.132	0.122	0.137	0.122	0.189
2020-08-05T01:00:05Z	0.113	0.132	0.122	0.137	0.122	0.189
2020-08-05T01:20:05Z	0.113	0.132	0.122	0.137	0.122	0.189
2020-08-05T01:40:05Z	0.113	0.132	0.122	0.137	0.122	0.189
2020-08-05T02:00:05Z	0.113	0.132	0.122	0.137	0.122	0.189
2020-08-05T02:20:05Z	0.112	0.132	0.122	0.136	0.122	0.189
2020-08-05T02:40:05Z	0.112	0.132	0.122	0.137	0.122	0.189
2020-08-05T03:00:05Z	0.112	0.132	0.122	0.137	0.122	0.189
2020-08-05T03:20:05Z	0.112	0.132	0.122	0.136	0.122	0.189
2020-08-05T03:40:05Z	0.112	0.132	0.122	0.136	0.122	0.189
2020-08-05T04:00:05Z	0.112	0.131	0.122	0.136	0.122	0.189
2020-08-05T04:20:05Z	0.112	0.131	0.122	0.136	0.122	0.189
2020-08-05T04:40:05Z	0.117	0.132	0.122	0.136	0.122	0.189
2020-08-05T05:00:05Z	0.155	0.132	0.122	0.137	0.122	0.189
2020-08-05T05:20:05Z	0.184	0.132	0.122	0.136	0.122	0.189
2020-08-05T05:40:05Z	0.208	0.132	0.122	0.136	0.122	0.189
2020-08-05T06:00:05Z	0.228	0.133	0.122	0.136	0.122	0.189
2020-08-05T06:20:05Z	0.239	0.133	0.122	0.136	0.122	0.189
2020-08-05T06:40:05Z	0.249	0.141	0.122	0.136	0.122	0.189
2020-08-05T07:00:05Z	0.259	0.187	0.122	0.136	0.122	0.189
2020-08-05T07:20:05Z	0.258	0.207	0.128	0.146	0.122	0.189
2020-08-05T07:40:05Z	0.256	0.227	0.128	0.143	0.122	0.189
2020-08-05T08:00:05Z	0.254	0.227	0.131	0.144	0.122	0.189
2020-08-05T08:20:05Z	0.253	0.231	0.129	0.144	0.123	0.189
2020-08-05T08:40:05Z	0.252	0.233	0.128	0.145	0.123	0.189
2020-08-05T09:00:05Z	0.251	0.235	0.129	0.145	0.123	0.189
2020-08-05T09:20:05Z	0.251	0.236	0.129	0.145	0.123	0.189
2020-08-05T09:40:05Z	0.25	0.237	0.128	0.145	0.123	0.189
2020-08-05T10:00:05Z	0.25	0.237	0.128	0.145	0.123	0.19
2020-08-05T10:20:05Z	0.249	0.237	0.129	0.145	0.123	0.19
2020-08-05T10:40:05Z	0.249	0.238	0.129	0.145	0.123	0.19
2020-08-05T11:00:05Z	0.249	0.238	0.129	0.145	0.123	0.19
2020-08-05T11:20:05Z	0.248	0.238	0.13	0.145	0.123	0.19
2020-08-05T11:40:05Z	0.248	0.238	0.13	0.145	0.123	0.19
2020-08-05T12:00:05Z	0.247	0.239	0.13	0.144	0.123	0.19
2020-08-05T12:20:05Z	0.247	0.238	0.131	0.144	0.123	0.19
2020-08-05T12:40:05Z	0.247	0.238	0.132	0.144	0.123	0.19
2020-08-05T13:00:05Z	0.246	0.239	0.133	0.144	0.123	0.19
2020-08-05T13:20:05Z	0.246	0.239	0.133	0.144	0.123	0.19
2020-08-05T13:40:05Z	0.246	0.239	0.134	0.144	0.123	0.19
2020-08-05T14:00:05Z	0.246	0.239	0.135	0.144	0.123	0.19
2020-08-05T14:20:05Z	0.245	0.239	0.136	0.144	0.123	0.19
2020-08-05T14:40:05Z	0.245	0.239	0.137	0.144	0.123	0.19
2020-08-05T15:00:05Z	0.245	0.238	0.138	0.144	0.123	0.19
2020-08-05T15:20:05Z	0.245	0.238	0.139	0.144	0.123	0.19
2020-08-05T15:40:05Z	0.244	0.239	0.14	0.144	0.123	0.19
2020-08-05T16:00:05Z	0.244	0.239	0.141	0.144	0.123	0.19
2020-08-05T16:20:05Z	0.244	0.239	0.142	0.144	0.123	0.19
2020-08-05T16:40:05Z	0.243	0.239	0.143	0.144	0.122	0.189
2020-08-05T17:00:05Z	0.243	0.239	0.144	0.144	0.122	0.189
2020-08-05T17:20:05Z	0.243	0.239	0.145	0.144	0.122	0.189
2020-08-05T17:40:05Z	0.242	0.239	0.145	0.144	0.122	0.189
2020-08-05T18:00:05Z	0.242	0.239	0.146	0.144	0.122	0.189
2020-08-05T18:20:05Z	0.242	0.239	0.147	0.144	0.122	0.189
2020-08-05T18:40:05Z	0.242	0.239	0.147	0.144	0.122	0.189
2020-08-05T19:00:05Z	0.241	0.239	0.148	0.143	0.122	0.189
2020-08-05T19:20:05Z	0.241	0.239	0.149	0.143	0.122	0.189
2020-08-05T19:40:05Z	0.241	0.239	0.149	0.143	0.122	0.189
2020-08-05T20:00:05Z	0.241	0.239	0.15	0.143	0.122	0.189
2020-08-05T20:20:05Z	0.241	0.239	0.15	0.143	0.122	0.189
2020-08-05T20:40:05Z	0.24	0.239	0.151	0.143	0.122	0.189
2020-08-05T21:00:05Z	0.24	0.239	0.152	0.143	0.122	0.189
2020-08-05T21:20:05Z	0.24	0.239	0.152	0.143	0.122	0.189
2020-08-05T21:40:05Z	0.24	0.239	0.153	0.143	0.122	0.189
2020-08-05T22:00:05Z	0.24	0.239	0.153	0.143	0.122	0.189
2020-08-05T22:20:05Z	0.24	0.239	0.153	0.143	0.122	0.189
2020-08-05T22:40:05Z	0.24	0.239	0.153	0.143	0.121	0.189
2020-08-05T23:00:05Z	0.24	0.239	0.154	0.143	0.121	0.189
2020-08-05T23:20:05Z	0.24	0.239	0.154	0.143	0.121	0.189
2020-08-05T23:40:05Z	0.239	0.24	0.154	0.143	0.121	0.189
2020-08-06T00:00:05Z	0.239	0.24	0.155	0.143	0.121	0.189
2020-08-06T00:20:05Z	0.239	0.24	0.155	0.143	0.121	0.189
2020-08-06T00:40:05Z	0.239	0.24	0.156	0.143	0.121	0.189
2020-08-06T01:00:05Z	0.239	0.24	0.156	0.143	0.121	0.189
2020-08-06T01:20:05Z	0.239	0.24	0.156	0.143	0.121	0.189
2020-08-06T01:40:05Z	0.239	0.241	0.156	0.143	0.121	0.189
2020-08-06T02:00:05Z	0.239	0.241	0.156	0.143	0.121	0.189
2020-08-06T02:20:05Z	0.238	0.241	0.157	0.143	0.121	0.189
2020-08-06T02:40:05Z	0.238	0.241	0.157	0.143	0.121	0.189
2020-08-06T03:00:05Z	0.238	0.241	0.158	0.143	0.121	0.189
2020-08-06T03:20:05Z	0.238	0.241	0.158	0.143	0.121	0.189
2020-08-06T03:40:05Z	0.238	0.241	0.158	0.143	0.121	0.189
2020-08-06T04:00:05Z	0.238	0.241	0.158	0.143	0.121	0.189
2020-08-06T04:20:05Z	0.238	0.242	0.158	0.143	0.121	0.189
2020-08-06T04:40:05Z	0.243	0.243	0.158	0.143	0.121	0.189
2020-08-06T05:00:05Z	0.252	0.246	0.159	0.143	0.121	0.189
2020-08-06T05:20:05Z	0.27	0.252	0.159	0.143	0.121	0.189
2020-08-06T05:40:05Z	0.277	0.26	0.162	0.143	0.121	0.189
2020-08-06T06:00:05Z	0.265	0.263	0.17	0.143	0.122	0.189
2020-08-06T06:20:05Z	0.259	0.264	0.179	0.143	0.122	0.189
2020-08-06T06:40:05Z	0.257	0.264	0.185	0.143	0.122	0.189
2020-08-06T07:00:05Z	0.255	0.264	0.188	0.143	0.122	0.189
2020-08-06T07:20:05Z	0.254	0.264	0.192	0.143	0.122	0.189
2020-08-06T07:40:05Z	0.253	0.264	0.194	0.143	0.122	0.189
2020-08-06T08:00:05Z	0.222	0.233	0.193	0.138	0.122	0.189
2020-08-06T08:20:05Z	0.222	0.233	0.195	0.139	0.123	0.19
2020-08-06T08:40:05Z	0.223	0.232	0.196	0.139	0.123	0.19
2020-08-06T09:00:05Z	0.223	0.232	0.198	0.139	0.123	0.19
2020-08-06T09:20:05Z	0.223	0.232	0.198	0.139	0.123	0.19
2020-08-06T09:40:05Z	0.223	0.232	0.199	0.139	0.123	0.19
2020-08-06T10:00:05Z	0.223	0.231	0.199	0.139	0.123	0.19
2020-08-06T10:20:05Z	0.222	0.231	0.199	0.139	0.123	0.19
2020-08-06T10:40:05Z	0.222	0.231	0.2	0.139	0.123	0.19
2020-08-06T11:00:05Z	0.222	0.231	0.2	0.139	0.123	0.19
2020-08-06T11:20:05Z	0.222	0.231	0.2	0.139	0.123	0.19
2020-08-06T11:40:05Z	0.222	0.231	0.2	0.139	0.123	0.19
2020-08-06T12:00:05Z	0.222	0.23	0.2	0.139	0.123	0.19
2020-08-06T12:20:05Z	0.221	0.23	0.2	0.139	0.123	0.19
2020-08-06T12:40:05Z	0.221	0.23	0.201	0.14	0.123	0.19
2020-08-06T13:00:05Z	0.221	0.23	0.201	0.14	0.123	0.19
2020-08-06T13:20:05Z	0.221	0.23	0.2	0.14	0.123	0.19
2020-08-06T13:40:05Z	0.221	0.229	0.2	0.14	0.123	0.19
2020-08-06T14:00:05Z	0.22	0.229	0.201	0.14	0.123	0.19
2020-08-06T14:20:05Z	0.22	0.229	0.2	0.14	0.123	0.19
2020-08-06T14:40:05Z	0.22	0.229	0.2	0.141	0.123	0.19
2020-08-06T15:00:05Z	0.22	0.228	0.2	0.141	0.123	0.19
2020-08-06T15:20:05Z	0.22	0.228	0.2	0.142	0.123	0.19
2020-08-06T15:40:05Z	0.22	0.228	0.2	0.142	0.123	0.19
2020-08-06T16:00:05Z	0.22	0.228	0.2	0.143	0.123	0.19
2020-08-06T16:20:05Z	0.219	0.228	0.2	0.143	0.122	0.19
2020-08-06T16:40:05Z	0.219	0.228	0.2	0.144	0.122	0.19
2020-08-06T17:00:05Z	0.219	0.227	0.2	0.145	0.122	0.189
2020-08-06T17:20:05Z	0.219	0.227	0.2	0.145	0.122	0.189
2020-08-06T17:40:05Z	0.219	0.227	0.2	0.146	0.122	0.189
2020-08-06T18:00:05Z	0.219	0.227	0.2	0.147	0.122	0.189
2020-08-06T18:20:05Z	0.218	0.227	0.2	0.147	0.122	0.189
2020-08-06T18:40:05Z	0.218	0.227	0.2	0.148	0.122	0.189
2020-08-06T19:00:05Z	0.218	0.227	0.2	0.149	0.122	0.189
2020-08-06T19:20:05Z	0.218	0.226	0.199	0.15	0.122	0.189
2020-08-06T19:40:05Z	0.218	0.226	0.2	0.15	0.122	0.189
2020-08-06T20:00:05Z	0.218	0.226	0.199	0.151	0.122	0.189
2020-08-06T20:20:05Z	0.218	0.226	0.199	0.151	0.122	0.189
2020-08-06T20:40:05Z	0.218	0.225	0.199	0.152	0.122	0.189
2020-08-06T21:00:05Z	0.217	0.225	0.199	0.153	0.122	0.189
2020-08-06T21:20:05Z	0.218	0.225	0.199	0.153	0.122	0.189
2020-08-06T21:40:05Z	0.217	0.225	0.199	0.154	0.122	0.189
2020-08-06T22:00:05Z	0.217	0.225	0.199	0.155	0.121	0.189
2020-08-06T22:20:05Z	0.217	0.225	0.199	0.155	0.121	0.189
2020-08-06T22:40:05Z	0.217	0.225	0.199	0.156	0.121	0.189
2020-08-06T23:00:05Z	0.217	0.225	0.199	0.156	0.121	0.189
2020-08-06T23:20:05Z	0.217	0.225	0.199	0.156	0.121	0.189
2020-08-06T23:40:05Z	0.217	0.225	0.199	0.157	0.121	0.189
2020-08-07T00:00:05Z	0.217	0.225	0.199	0.158	0.121	0.189
2020-08-07T00:20:05Z	0.217	0.225	0.199	0.158	0.121	0.189
2020-08-07T00:40:05Z	0.217	0.225	0.198	0.158	0.121	0.189
2020-08-07T01:00:05Z	0.217	0.225	0.199	0.159	0.121	0.189
2020-08-07T01:20:05Z	0.217	0.225	0.199	0.159	0.121	0.189
2020-08-07T01:40:05Z	0.217	0.225	0.198	0.16	0.121	0.189
2020-08-07T02:00:05Z	0.216	0.225	0.198	0.16	0.121	0.189
2020-08-07T02:20:05Z	0.216	0.225	0.198	0.16	0.121	0.189
2020-08-07T02:40:05Z	0.216	0.224	0.198	0.16	0.121	0.189
2020-08-07T03:00:05Z	0.216	0.224	0.199	0.161	0.121	0.189
2020-08-07T03:20:05Z	0.216	0.224	0.198	0.161	0.121	0.189
2020-08-07T03:40:05Z	0.216	0.224	0.198	0.161	0.121	0.189
2020-08-07T04:00:05Z	0.216	0.224	0.199	0.162	0.121	0.189
2020-08-07T04:20:05Z	0.216	0.224	0.199	0.162	0.121	0.189
2020-08-07T04:40:05Z	0.216	0.224	0.198	0.162	0.121	0.189
2020-08-07T05:00:05Z	0.216	0.224	0.198	0.162	0.121	0.189
2020-08-07T05:20:05Z	0.216	0.224	0.198	0.163	0.121	0.189
2020-08-07T05:40:05Z	0.216	0.224	0.198	0.163	0.122	0.189
2020-08-07T06:00:05Z	0.217	0.224	0.198	0.163	0.122	0.189
2020-08-07T06:20:05Z	0.217	0.225	0.199	0.164	0.122	0.189
2020-08-07T06:40:05Z	0.217	0.225	0.198	0.164	0.122	0.189
2020-08-07T07:00:05Z	0.217	0.225	0.198	0.164	0.122	0.189
2020-08-07T07:20:05Z	0.217	0.225	0.199	0.164	0.122	0.189
2020-08-07T07:40:05Z	0.217	0.225	0.199	0.165	0.122	0.189
2020-08-07T08:00:05Z	0.217	0.225	0.198	0.165	0.122	0.19
2020-08-07T08:20:05Z	0.217	0.225	0.198	0.165	0.123	0.19
2020-08-07T08:40:05Z	0.212	0.225	0.199	0.165	0.122	0.19
2020-08-07T09:00:05Z	0.213	0.224	0.199	0.165	0.123	0.19
2020-08-07T09:20:05Z	0.213	0.224	0.198	0.166	0.123	0.19
2020-08-07T09:40:05Z	0.212	0.224	0.199	0.166	0.123	0.19
2020-08-07T10:00:05Z	0.212	0.224	0.198	0.166	0.123	0.19
2020-08-07T10:20:05Z	0.212	0.224	0.198	0.166	0.123	0.19
2020-08-07T10:40:05Z	0.212	0.224	0.198	0.166	0.123	0.19
2020-08-07T11:00:05Z	0.212	0.224	0.198	0.166	0.123	0.19
2020-08-07T11:20:05Z	0.211	0.223	0.198	0.166	0.123	0.19
2020-08-07T11:40:05Z	0.211	0.223	0.198	0.167	0.123	0.19
2020-08-07T12:00:05Z	0.21	0.223	0.198	0.167	0.123	0.19
2020-08-07T12:20:05Z	0.209	0.223	0.198	0.167	0.123	0.19
2020-08-07T12:40:05Z	0.209	0.223	0.197	0.167	0.123	0.19
2020-08-07T13:00:05Z	0.208	0.223	0.197	0.167	0.123	0.19
2020-08-07T13:20:05Z	0.208	0.223	0.197	0.167	0.123	0.19
2020-08-07T13:40:05Z	0.207	0.223	0.197	0.167	0.123	0.19
2020-08-07T14:00:05Z	0.206	0.222	0.197	0.167	0.123	0.19
2020-08-07T14:20:05Z	0.206	0.222	0.197	0.167	0.123	0.19
2020-08-07T14:40:05Z	0.205	0.222	0.197	0.167	0.123	0.19
2020-08-07T15:00:05Z	0.205	0.222	0.197	0.167	0.122	0.19
2020-08-07T15:20:05Z	0.204	0.222	0.196	0.167	0.123	0.19
2020-08-07T15:40:05Z	0.203	0.221	0.196	0.167	0.122	0.19
2020-08-07T16:00:05Z	0.203	0.221	0.196	0.167	0.122	0.19
2020-08-07T16:20:05Z	0.203	0.221	0.196	0.167	0.123	0.19
2020-08-07T16:40:05Z	0.202	0.221	0.195	0.167	0.122	0.189
2020-08-07T17:00:05Z	0.202	0.221	0.196	0.167	0.122	0.189
2020-08-07T17:20:05Z	0.201	0.221	0.195	0.167	0.122	0.189
2020-08-07T17:40:05Z	0.201	0.221	0.195	0.167	0.122	0.189
2020-08-07T18:00:05Z	0.2	0.22	0.196	0.167	0.122	0.189
2020-08-07T18:20:05Z	0.2	0.22	0.195	0.167	0.122	0.189
2020-08-07T18:40:05Z	0.2	0.22	0.195	0.167	0.122	0.189
2020-08-07T19:00:05Z	0.2	0.22	0.195	0.167	0.122	0.189
2020-08-07T19:20:05Z	0.199	0.22	0.195	0.167	0.122	0.189
2020-08-07T19:40:05Z	0.199	0.22	0.195	0.167	0.122	0.189
2020-08-07T20:00:05Z	0.199	0.219	0.194	0.167	0.122	0.189
2020-08-07T20:20:05Z	0.198	0.22	0.194	0.167	0.122	0.189
2020-08-07T20:40:05Z	0.198	0.219	0.194	0.167	0.122	0.189
2020-08-07T21:00:05Z	0.198	0.219	0.194	0.167	0.122	0.189
2020-08-07T21:20:05Z	0.198	0.219	0.194	0.167	0.122	0.189
2020-08-07T21:40:05Z	0.198	0.219	0.195	0.167	0.122	0.189
2020-08-07T22:00:05Z	0.197	0.219	0.194	0.167	0.122	0.189
2020-08-07T22:20:05Z	0.197	0.219	0.194	0.167	0.122	0.189
2020-08-07T22:40:05Z	0.197	0.219	0.194	0.167	0.122	0.189
2020-08-07T23:00:05Z	0.197	0.219	0.194	0.167	0.122	0.189
2020-08-07T23:20:05Z	0.197	0.219	0.194	0.167	0.122	0.189
2020-08-07T23:40:05Z	0.196	0.219	0.194	0.168	0.122	0.189
2020-08-08T00:00:05Z	0.196	0.219	0.194	0.167	0.122	0.189
2020-08-08T00:20:05Z	0.196	0.219	0.194	0.168	0.122	0.189
2020-08-08T00:40:05Z	0.196	0.219	0.194	0.167	0.122	0.189
2020-08-08T01:00:05Z	0.196	0.218	0.194	0.168	0.122	0.189
2020-08-08T01:20:05Z	0.196	0.219	0.194	0.168	0.122	0.189
2020-08-08T01:40:05Z	0.196	0.219	0.194	0.168	0.122	0.189
2020-08-08T02:00:05Z	0.195	0.218	0.193	0.168	0.122	0.189
2020-08-08T02:20:05Z	0.195	0.218	0.193	0.167	0.122	0.189
2020-08-08T02:40:05Z	0.195	0.218	0.193	0.167	0.122	0.189
2020-08-08T03:00:05Z	0.195	0.218	0.194	0.167	0.122	0.189
2020-08-08T03:20:05Z	0.195	0.218	0.194	0.168	0.122	0.189
2020-08-08T03:40:05Z	0.195	0.218	0.194	0.168	0.122	0.189
2020-08-08T04:00:05Z	0.194	0.218	0.193	0.168	0.122	0.189
2020-08-08T04:20:05Z	0.194	0.218	0.194	0.168	0.122	0.189
2020-08-08T04:40:05Z	0.194	0.218	0.194	0.168	0.122	0.189
2020-08-08T05:00:05Z	0.194	0.218	0.194	0.168	0.122	0.189
2020-08-08T05:20:05Z	0.194	0.218	0.194	0.168	0.122	0.189
2020-08-08T05:40:05Z	0.194	0.218	0.194	0.168	0.122	0.189
2020-08-08T06:00:05Z	0.194	0.218	0.194	0.168	0.122	0.189
2020-08-08T06:20:05Z	0.194	0.218	0.193	0.168	0.122	0.189
2020-08-08T06:40:05Z	0.194	0.218	0.194	0.168	0.123	0.189
2020-08-08T07:00:05Z	0.194	0.218	0.193	0.168	0.123	0.189
2020-08-08T07:20:05Z	0.193	0.218	0.193	0.168	0.123	0.19
2020-08-08T07:40:05Z	0.193	0.218	0.194	0.168	0.123	0.19
2020-08-08T08:00:05Z	0.193	0.218	0.194	0.168	0.123	0.19
2020-08-08T08:20:05Z	0.193	0.218	0.194	0.168	0.123	0.19
2020-08-08T08:40:05Z	0.193	0.218	0.194	0.168	0.123	0.19
2020-08-08T09:00:05Z	0.192	0.218	0.193	0.169	0.123	0.19
2020-08-08T09:20:05Z	0.191	0.218	0.194	0.169	0.123	0.19
2020-08-08T09:40:05Z	0.19	0.218	0.193	0.169	0.123	0.19
2020-08-08T10:00:05Z	0.19	0.218	0.193	0.169	0.123	0.19
2020-08-08T10:20:05Z	0.189	0.218	0.193	0.169	0.123	0.19
2020-08-08T10:40:05Z	0.188	0.217	0.193	0.169	0.123	0.19
2020-08-08T11:00:05Z	0.188	0.217	0.193	0.169	0.123	0.19
2020-08-08T11:20:05Z	0.187	0.217	0.192	0.169	0.123	0.19
2020-08-08T11:40:05Z	0.186	0.216	0.192	0.169	0.123	0.19
2020-08-08T12:00:05Z	0.185	0.217	0.193	0.169	0.123	0.19
2020-08-08T12:20:05Z	0.184	0.216	0.192	0.169	0.123	0.19
2020-08-08T12:40:05Z	0.183	0.216	0.193	0.169	0.123	0.19
2020-08-08T13:00:05Z	0.182	0.216	0.192	0.169	0.123	0.19
2020-08-08T13:20:05Z	0.181	0.215	0.192	0.169	0.123	0.19
2020-08-08T13:40:05Z	0.181	0.215	0.192	0.169	0.123	0.19
2020-08-08T14:00:05Z	0.18	0.215	0.191	0.169	0.123	0.19
2020-08-08T14:20:05Z	0.179	0.214	0.192	0.168	0.123	0.19
2020-08-08T14:40:05Z	0.178	0.214	0.192	0.168	0.123	0.19
2020-08-08T15:00:05Z	0.178	0.213	0.191	0.168	0.123	0.19
2020-08-08T15:20:05Z	0.178	0.213	0.191	0.168	0.123	0.19
2020-08-08T15:40:05Z	0.178	0.212	0.191	0.168	0.123	0.19
2020-08-08T16:00:05Z	0.177	0.212	0.191	0.168	0.123	0.19
2020-08-08T16:20:05Z	0.177	0.211	0.191	0.168	0.123	0.19
2020-08-08T16:40:05Z	0.177	0.211	0.191	0.168	0.123	0.19
2020-08-08T17:00:05Z	0.177	0.211	0.19	0.168	0.122	0.19
2020-08-08T17:20:05Z	0.176	0.21	0.19	0.168	0.123	0.19
2020-08-08T17:40:05Z	0.176	0.21	0.191	0.168	0.122	0.19
2020-08-08T18:00:05Z	0.176	0.209	0.19	0.168	0.122	0.19
2020-08-08T18:20:05Z	0.176	0.209	0.19	0.168	0.122	0.19
2020-08-08T18:40:05Z	0.176	0.209	0.19	0.168	0.122	0.19
2020-08-08T19:00:05Z	0.176	0.208	0.19	0.168	0.122	0.19
2020-08-08T19:20:05Z	0.176	0.208	0.19	0.168	0.122	0.19
2020-08-08T19:40:05Z	0.176	0.208	0.19	0.168	0.122	0.189
2020-08-08T20:00:05Z	0.175	0.208	0.189	0.168	0.122	0.189
2020-08-08T20:20:05Z	0.175	0.208	0.19	0.168	0.122	0.189
2020-08-08T20:40:05Z	0.175	0.207	0.189	0.168	0.122	0.189
2020-08-08T21:00:05Z	0.175	0.207	0.19	0.168	0.122	0.189
2020-08-08T21:20:05Z	0.175	0.207	0.19	0.167	0.122	0.189
2020-08-08T21:40:05Z	0.175	0.207	0.189	0.167	0.122	0.189
2020-08-08T22:00:05Z	0.175	0.206	0.189	0.167	0.122	0.189
2020-08-08T22:20:05Z	0.175	0.206	0.189	0.167	0.122	0.189
2020-08-08T22:40:05Z	0.175	0.206	0.189	0.167	0.122	0.189
2020-08-08T23:00:05Z	0.175	0.206	0.189	0.167	0.122	0.189
2020-08-08T23:20:05Z	0.175	0.206	0.188	0.167	0.122	0.189
2020-08-08T23:40:05Z	0.175	0.205	0.189	0.167	0.122	0.189
2020-08-09T00:00:05Z	0.175	0.205	0.189	0.167	0.122	0.189
2020-08-09T00:20:05Z	0.175	0.205	0.189	0.167	0.122	0.189
2020-08-09T00:40:05Z	0.174	0.205	0.188	0.167	0.122	0.189
2020-08-09T01:00:05Z	0.174	0.205	0.189	0.167	0.122	0.189
2020-08-09T01:20:05Z	0.174	0.205	0.188	0.167	0.122	0.189
2020-08-09T01:40:05Z	0.174	0.205	0.188	0.167	0.122	0.189
2020-08-09T02:00:05Z	0.174	0.204	0.188	0.167	0.122	0.189
2020-08-09T02:20:05Z	0.174	0.204	0.188	0.167	0.122	0.189
2020-08-09T02:40:05Z	0.174	0.204	0.188	0.167	0.122	0.189
2020-08-09T03:00:05Z	0.174	0.204	0.188	0.167	0.122	0.189
2020-08-09T03:20:05Z	0.174	0.204	0.188	0.167	0.122	0.189
2020-08-09T03:40:05Z	0.174	0.204	0.187	0.167	0.122	0.189
2020-08-09T04:00:05Z	0.174	0.204	0.188	0.167	0.122	0.189
2020-08-09T04:20:05Z	0.174	0.203	0.188	0.167	0.122	0.189
2020-08-09T04:40:05Z	0.174	0.204	0.188	0.167	0.122	0.189
2020-08-09T05:00:05Z	0.174	0.203	0.187	0.167	0.122	0.189
2020-08-09T05:20:05Z	0.174	0.203	0.187	0.167	0.122	0.189
2020-08-09T05:40:05Z	0.174	0.203	0.188	0.167	0.122	0.189
2020-08-09T06:00:05Z	0.174	0.203	0.188	0.167	0.122	0.189
2020-08-09T06:20:05Z	0.174	0.203	0.187	0.167	0.122	0.189
2020-08-09T06:40:05Z	0.174	0.203	0.187	0.167	0.122	0.189
2020-08-09T07:00:05Z	0.174	0.203	0.187	0.167	0.122	0.189
2020-08-09T07:20:05Z	0.174	0.203	0.188	0.167	0.122	0.189
2020-08-09T07:40:05Z	0.174	0.203	0.188	0.167	0.123	0.19
2020-08-09T08:00:05Z	0.174	0.203	0.188	0.167	0.123	0.19
2020-08-09T08:20:05Z	0.174	0.203	0.187	0.167	0.123	0.19
2020-08-09T08:40:05Z	0.174	0.203	0.188	0.167	0.123	0.19
2020-08-09T09:00:05Z	0.174	0.203	0.187	0.167	0.123	0.19
2020-08-09T09:20:05Z	0.173	0.202	0.187	0.167	0.123	0.19
2020-08-09T09:40:05Z	0.173	0.202	0.187	0.167	0.123	0.19
2020-08-09T10:00:05Z	0.172	0.201	0.187	0.167	0.123	0.19
2020-08-09T10:20:05Z	0.172	0.201	0.187	0.167	0.123	0.19
2020-08-09T10:40:05Z	0.171	0.201	0.187	0.167	0.123	0.19
2020-08-09T11:00:05Z	0.171	0.201	0.187	0.167	0.123	0.19
2020-08-09T11:20:05Z	0.17	0.2	0.187	0.167	0.123	0.19
2020-08-09T11:40:05Z	0.17	0.2	0.187	0.167	0.123	0.19
2020-08-09T12:00:05Z	0.169	0.2	0.187	0.167	0.123	0.19
2020-08-09T12:20:05Z	0.168	0.199	0.187	0.167	0.123	0.19
2020-08-09T12:40:05Z	0.168	0.199	0.187	0.167	0.123	0.19
2020-08-09T13:00:05Z	0.167	0.198	0.187	0.167	0.123	0.19
2020-08-09T13:20:05Z	0.166	0.198	0.186	0.167	0.123	0.19
2020-08-09T13:40:05Z	0.165	0.198	0.186	0.167	0.123	0.19
2020-08-09T14:00:05Z	0.165	0.198	0.186	0.167	0.123	0.19
2020-08-09T14:20:05Z	0.164	0.197	0.186	0.167	0.123	0.19
2020-08-09T14:40:05Z	0.164	0.197	0.186	0.167	0.123	0.19
2020-08-09T15:00:05Z	0.163	0.196	0.186	0.167	0.123	0.19
2020-08-09T15:20:05Z	0.163	0.196	0.186	0.166	0.123	0.19
2020-08-09T15:40:05Z	0.162	0.196	0.185	0.166	0.123	0.19
2020-08-09T16:00:05Z	0.161	0.195	0.185	0.166	0.123	0.19
2020-08-09T16:20:05Z	0.161	0.195	0.185	0.166	0.123	0.19
2020-08-09T16:40:05Z	0.161	0.194	0.185	0.166	0.123	0.19
2020-08-09T17:00:05Z	0.161	0.194	0.185	0.166	0.122	0.19
2020-08-09T17:20:05Z	0.161	0.194	0.185	0.166	0.122	0.19
2020-08-09T17:40:05Z	0.161	0.194	0.184	0.166	0.122	0.19
2020-08-09T18:00:05Z	0.16	0.193	0.184	0.166	0.122	0.19
2020-08-09T18:20:05Z	0.16	0.194	0.184	0.166	0.122	0.19
2020-08-09T18:40:05Z	0.161	0.193	0.184	0.166	0.122	0.19
2020-08-09T19:00:05Z	0.16	0.193	0.184	0.166	0.122	0.19
2020-08-09T19:20:05Z	0.16	0.193	0.184	0.166	0.122	0.19
2020-08-09T19:40:05Z	0.16	0.193	0.184	0.166	0.122	0.19
2020-08-09T20:00:05Z	0.16	0.193	0.184	0.165	0.122	0.19
2020-08-09T20:20:05Z	0.16	0.193	0.184	0.165	0.122	0.19
2020-08-09T20:40:05Z	0.16	0.193	0.184	0.165	0.122	0.19
2020-08-09T21:00:05Z	0.16	0.192	0.184	0.165	0.122	0.19
2020-08-09T21:20:05Z	0.16	0.192	0.184	0.165	0.122	0.19
2020-08-09T21:40:05Z	0.16	0.192	0.183	0.165	0.122	0.19
2020-08-09T22:00:05Z	0.16	0.192	0.184	0.165	0.122	0.19
2020-08-09T22:20:05Z	0.16	0.192	0.183	0.165	0.122	0.19
2020-08-09T22:40:05Z	0.16	0.192	0.183	0.165	0.122	0.19
2020-08-09T23:00:05Z	0.16	0.192	0.183	0.165	0.122	0.19
2020-08-09T23:20:05Z	0.16	0.191	0.183	0.165	0.122	0.19
2020-08-09T23:40:05Z	0.159	0.191	0.183	0.165	0.122	0.189
2020-08-10T00:00:05Z	0.16	0.191	0.183	0.165	0.122	0.189
2020-08-10T00:20:05Z	0.16	0.191	0.183	0.165	0.122	0.189
2020-08-10T00:40:05Z	0.159	0.191	0.183	0.165	0.122	0.189
2020-08-10T01:00:05Z	0.16	0.191	0.183	0.165	0.122	0.189
2020-08-10T01:20:05Z	0.16	0.191	0.183	0.165	0.122	0.189
2020-08-10T01:40:05Z	0.159	0.191	0.182	0.165	0.122	0.189
2020-08-10T02:00:05Z	0.16	0.191	0.182	0.165	0.122	0.189
2020-08-10T02:20:05Z	0.159	0.191	0.182	0.165	0.122	0.189
2020-08-10T02:40:05Z	0.159	0.191	0.182	0.165	0.122	0.189
2020-08-10T03:00:05Z	0.159	0.191	0.182	0.164	0.122	0.189
2020-08-10T03:20:05Z	0.159	0.19	0.182	0.164	0.122	0.189
2020-08-10T03:40:05Z	0.159	0.19	0.182	0.164	0.122	0.189
2020-08-10T04:00:05Z	0.159	0.19	0.182	0.164	0.122	0.189
2020-08-10T04:20:05Z	0.159	0.19	0.182	0.164	0.122	0.189
2020-08-10T04:40:05Z	0.159	0.19	0.182	0.164	0.122	0.189
2020-08-10T05:00:05Z	0.159	0.19	0.182	0.164	0.122	0.189
2020-08-10T05:20:05Z	0.16	0.19	0.182	0.164	0.122	0.189
2020-08-10T05:40:05Z	0.16	0.19	0.182	0.164	0.122	0.189
2020-08-10T06:00:05Z	0.16	0.19	0.181	0.164	0.122	0.19
2020-08-10T06:20:05Z	0.16	0.19	0.182	0.164	0.122	0.19
2020-08-10T06:40:05Z	0.16	0.19	0.182	0.164	0.122	0.19
2020-08-10T07:00:05Z	0.16	0.19	0.182	0.164	0.123	0.19
2020-08-10T07:20:05Z	0.159	0.19	0.181	0.164	0.123	0.19
2020-08-10T07:40:05Z	0.159	0.19	0.182	0.164	0.123	0.19
2020-08-10T08:00:05Z	0.159	0.19	0.182	0.164	0.123	0.19
2020-08-10T08:20:05Z	0.159	0.19	0.181	0.164	0.123	0.19
2020-08-10T08:40:05Z	0.158	0.189	0.181	0.164	0.123	0.19
2020-08-10T09:00:05Z	0.158	0.189	0.181	0.164	0.123	0.191
2020-08-10T09:20:05Z	0.158	0.189	0.182	0.164	0.123	0.191
2020-08-10T09:40:05Z	0.157	0.189	0.181	0.164	0.123	0.19
2020-08-10T10:00:05Z	0.156	0.188	0.181	0.164	0.123	0.19
2020-08-10T10:20:05Z	0.156	0.188	0.181	0.164	0.123	0.19
2020-08-10T10:40:05Z	0.155	0.187	0.181	0.164	0.123	0.19
2020-08-10T11:00:05Z	0.154	0.187	0.181	0.164	0.123	0.19
2020-08-10T11:20:05Z	0.154	0.187	0.18	0.164	0.123	0.19
2020-08-10T11:40:05Z	0.154	0.187	0.18	0.164	0.123	0.19
2020-08-10T12:00:05Z	0.154	0.186	0.18	0.164	0.123	0.19
2020-08-10T12:20:05Z	0.153	0.186	0.18	0.164	0.123	0.19
2020-08-10T12:40:05Z	0.152	0.186	0.18	0.164	0.123	0.19
2020-08-10T13:00:05Z	0.152	0.185	0.18	0.164	0.123	0.19
2020-08-10T13:20:05Z	0.151	0.185	0.18	0.164	0.123	0.19
2020-08-10T13:40:05Z	0.151	0.185	0.18	0.164	0.123	0.19
2020-08-10T14:00:05Z	0.15	0.185	0.18	0.164	0.123	0.19
2020-08-10T14:20:05Z	0.149	0.185	0.179	0.164	0.123	0.19
2020-08-10T14:40:05Z	0.149	0.184	0.179	0.164	0.123	0.19
2020-08-10T15:00:05Z	0.148	0.184	0.179	0.163	0.123	0.19
2020-08-10T15:20:05Z	0.148	0.183	0.179	0.163	0.123	0.19
2020-08-10T15:40:05Z	0.148	0.183	0.178	0.163	0.123	0.19
2020-08-10T16:00:05Z	0.147	0.183	0.179	0.163	0.123	0.19
2020-08-10T16:20:05Z	0.147	0.183	0.178	0.163	0.123	0.19
2020-08-10T16:40:05Z	0.147	0.182	0.178	0.163	0.123	0.19
2020-08-10T17:00:05Z	0.147	0.182	0.178	0.163	0.123	0.19
2020-08-10T17:20:05Z	0.146	0.182	0.178	0.163	0.123	0.19
2020-08-10T17:40:05Z	0.146	0.181	0.178	0.163	0.122	0.19
2020-08-10T18:00:05Z	0.146	0.181	0.178	0.163	0.122	0.19
2020-08-10T18:20:05Z	0.146	0.181	0.177	0.163	0.122	0.19
2020-08-10T18:40:05Z	0.146	0.181	0.178	0.163	0.122	0.19
2020-08-10T19:00:05Z	0.146	0.181	0.178	0.163	0.122	0.19
2020-08-10T19:20:05Z	0.146	0.181	0.178	0.163	0.122	0.19
2020-08-10T19:40:05Z	0.146	0.181	0.177	0.162	0.122	0.19
2020-08-10T20:00:05Z	0.146	0.18	0.177	0.162	0.122	0.19
2020-08-10T20:20:05Z	0.146	0.18	0.177	0.162	0.122	0.19
2020-08-10T20:40:05Z	0.146	0.181	0.177	0.162	0.122	0.19
2020-08-10T21:00:05Z	0.146	0.18	0.177	0.162	0.122	0.19
2020-08-10T21:20:05Z	0.146	0.18	0.177	0.162	0.122	0.19
2020-08-10T21:40:05Z	0.146	0.18	0.177	0.162	0.122	0.189
2020-08-10T22:00:05Z	0.145	0.179	0.177	0.162	0.122	0.189
2020-08-10T22:20:05Z	0.146	0.179	0.176	0.162	0.122	0.189
2020-08-10T22:40:05Z	0.145	0.179	0.177	0.162	0.122	0.189
2020-08-10T23:00:05Z	0.145	0.179	0.177	0.162	0.122	0.189
2020-08-10T23:20:05Z	0.145	0.179	0.176	0.162	0.122	0.189
2020-08-10T23:40:05Z	0.145	0.179	0.176	0.162	0.122	0.189
2020-08-11T00:00:05Z	0.145	0.179	0.176	0.162	0.122	0.189
2020-08-11T00:20:05Z	0.145	0.179	0.176	0.162	0.122	0.189
2020-08-11T00:40:05Z	0.145	0.179	0.176	0.162	0.122	0.189
2020-08-11T01:00:05Z	0.145	0.179	0.176	0.162	0.122	0.189
2020-08-11T01:20:05Z	0.145	0.179	0.176	0.162	0.122	0.189
2020-08-11T01:40:05Z	0.145	0.178	0.176	0.162	0.122	0.189
2020-08-11T02:00:05Z	0.145	0.179	0.176	0.161	0.122	0.189
2020-08-11T02:20:05Z	0.145	0.178	0.176	0.161	0.122	0.189
2020-08-11T02:40:05Z	0.145	0.178	0.176	0.161	0.122	0.189
2020-08-11T03:00:05Z	0.145	0.178	0.175	0.161	0.122	0.189
2020-08-11T03:20:05Z	0.145	0.178	0.175	0.161	0.122	0.189
2020-08-11T03:40:05Z	0.145	0.178	0.176	0.161	0.122	0.189
2020-08-11T04:00:05Z	0.145	0.178	0.175	0.161	0.122	0.189
2020-08-11T04:20:05Z	0.145	0.178	0.175	0.161	0.122	0.189
2020-08-11T04:40:05Z	0.145	0.178	0.175	0.161	0.122	0.189
2020-08-11T05:00:05Z	0.145	0.178	0.175	0.161	0.122	0.189
2020-08-11T05:20:05Z	0.145	0.178	0.175	0.161	0.122	0.189
2020-08-11T05:40:05Z	0.145	0.178	0.175	0.161	0.122	0.189
2020-08-11T06:00:05Z	0.145	0.178	0.175	0.161	0.122	0.189
2020-08-11T06:20:05Z	0.145	0.178	0.175	0.161	0.123	0.19
2020-08-11T06:40:05Z	0.145	0.178	0.175	0.161	0.123	0.19
2020-08-11T07:00:05Z	0.145	0.178	0.175	0.161	0.123	0.19
2020-08-11T07:20:05Z	0.145	0.178	0.175	0.161	0.123	0.19
2020-08-11T07:40:05Z	0.145	0.178	0.175	0.161	0.123	0.19
2020-08-11T08:00:05Z	0.144	0.178	0.175	0.161	0.123	0.191
2020-08-11T08:20:05Z	0.144	0.178	0.175	0.161	0.123	0.191
2020-08-11T08:40:05Z	0.144	0.177	0.175	0.161	0.123	0.191
2020-08-11T09:00:05Z	0.143	0.177	0.175	0.161	0.123	0.191
2020-08-11T09:20:05Z	0.143	0.177	0.175	0.161	0.123	0.191
2020-08-11T09:40:05Z	0.142	0.176	0.175	0.161	0.123	0.191
2020-08-11T10:00:05Z	0.142	0.176	0.174	0.161	0.123	0.191
2020-08-11T10:20:05Z	0.141	0.176	0.174	0.161	0.123	0.191
2020-08-11T10:40:05Z	0.14	0.175	0.174	0.161	0.123	0.191
2020-08-11T11:00:05Z	0.139	0.175	0.174	0.161	0.123	0.191
2020-08-11T11:20:05Z	0.139	0.175	0.174	0.161	0.123	0.191
2020-08-11T11:40:05Z	0.138	0.174	0.174	0.161	0.123	0.191
2020-08-11T12:00:05Z	0.137	0.174	0.174	0.161	0.123	0.191
2020-08-11T12:20:05Z	0.136	0.173	0.174	0.161	0.123	0.191
2020-08-11T12:40:05Z	0.136	0.173	0.173	0.161	0.123	0.191
2020-08-11T13:00:05Z	0.135	0.172	0.173	0.161	0.123	0.191
2020-08-11T13:20:05Z	0.134	0.172	0.173	0.161	0.123	0.191
2020-08-11T13:40:05Z	0.133	0.171	0.172	0.161	0.123	0.191
2020-08-11T14:00:05Z	0.132	0.171	0.172	0.161	0.123	0.191
2020-08-11T14:20:05Z	0.132	0.17	0.172	0.161	0.123	0.191
2020-08-11T14:40:05Z	0.131	0.17	0.172	0.161	0.123	0.191
2020-08-11T15:00:05Z	0.13	0.169	0.171	0.161	0.123	0.191
2020-08-11T15:20:05Z	0.13	0.169	0.171	0.161	0.123	0.191
2020-08-11T15:40:05Z	0.13	0.169	0.171	0.161	0.123	0.191
2020-08-11T16:00:05Z	0.129	0.168	0.171	0.161	0.123	0.191
2020-08-11T16:20:05Z	0.129	0.168	0.171	0.161	0.123	0.191
2020-08-11T16:40:05Z	0.128	0.167	0.17	0.161	0.123	0.191
2020-08-11T17:00:05Z	0.128	0.167	0.17	0.161	0.123	0.19
2020-08-11T17:20:05Z	0.128	0.167	0.17	0.16	0.123	0.19
2020-08-11T17:40:05Z	0.128	0.167	0.17	0.16	0.123	0.19
2020-08-11T18:00:05Z	0.128	0.166	0.169	0.16	0.123	0.19
2020-08-11T18:20:05Z	0.127	0.166	0.169	0.16	0.123	0.19
2020-08-11T18:40:05Z	0.127	0.165	0.169	0.16	0.123	0.19
2020-08-11T19:00:05Z	0.127	0.165	0.169	0.16	0.123	0.19
2020-08-11T19:20:05Z	0.127	0.165	0.169	0.16	0.123	0.19
2020-08-11T19:40:05Z	0.127	0.165	0.169	0.16	0.123	0.19
2020-08-11T20:00:05Z	0.126	0.165	0.168	0.16	0.123	0.19
2020-08-11T20:20:05Z	0.126	0.165	0.168	0.16	0.122	0.19
2020-08-11T20:40:05Z	0.126	0.165	0.168	0.16	0.122	0.19
2020-08-11T21:00:05Z	0.126	0.165	0.168	0.16	0.122	0.19
2020-08-11T21:20:05Z	0.126	0.165	0.168	0.16	0.122	0.19
2020-08-11T21:40:05Z	0.126	0.165	0.168	0.16	0.122	0.19
2020-08-11T22:00:05Z	0.126	0.164	0.168	0.159	0.122	0.189
2020-08-11T22:20:05Z	0.126	0.164	0.167	0.159	0.122	0.189
2020-08-11T22:40:05Z	0.126	0.164	0.167	0.159	0.122	0.189
2020-08-11T23:00:05Z	0.126	0.164	0.167	0.159	0.122	0.189
2020-08-11T23:20:05Z	0.126	0.164	0.167	0.159	0.122	0.189
2020-08-11T23:40:05Z	0.126	0.164	0.167	0.159	0.122	0.189
2020-08-12T00:00:05Z	0.126	0.164	0.167	0.159	0.122	0.189
2020-08-12T00:20:05Z	0.126	0.164	0.167	0.159	0.122	0.189
2020-08-12T00:40:05Z	0.126	0.163	0.167	0.159	0.122	0.189
2020-08-12T01:00:05Z	0.125	0.163	0.167	0.159	0.122	0.189
2020-08-12T01:20:05Z	0.125	0.164	0.167	0.159	0.122	0.189
2020-08-12T01:40:05Z	0.125	0.163	0.167	0.159	0.122	0.189
2020-08-12T02:00:05Z	0.125	0.163	0.166	0.159	0.122	0.189
2020-08-12T02:20:05Z	0.125	0.163	0.166	0.159	0.122	0.189
2020-08-12T02:40:05Z	0.125	0.163	0.166	0.159	0.122	0.189
2020-08-12T03:00:05Z	0.125	0.163	0.167	0.159	0.122	0.189
2020-08-12T03:20:05Z	0.125	0.163	0.166	0.159	0.122	0.189
2020-08-12T03:40:05Z	0.125	0.163	0.166	0.159	0.122	0.189
2020-08-12T04:00:05Z	0.125	0.163	0.166	0.158	0.122	0.189
2020-08-12T04:20:05Z	0.125	0.162	0.166	0.158	0.122	0.189
2020-08-12T04:40:05Z	0.125	0.162	0.166	0.158	0.122	0.189
2020-08-12T05:00:05Z	0.125	0.162	0.166	0.158	0.122	0.189
2020-08-12T05:20:05Z	0.125	0.163	0.166	0.158	0.122	0.189
2020-08-12T05:40:05Z	0.125	0.163	0.166	0.158	0.123	0.189
2020-08-12T06:00:05Z	0.125	0.163	0.166	0.159	0.123	0.189
2020-08-12T06:20:05Z	0.125	0.163	0.166	0.159	0.123	0.19
2020-08-12T06:40:05Z	0.125	0.162	0.166	0.159	0.123	0.19
2020-08-12T07:00:05Z	0.125	0.162	0.166	0.159	0.123	0.19
2020-08-12T07:20:05Z	0.125	0.162	0.166	0.159	0.123	0.19
2020-08-12T07:40:05Z	0.123	0.161	0.165	0.158	0.123	0.19
2020-08-12T08:00:05Z	0.123	0.161	0.165	0.158	0.123	0.191
2020-08-12T08:20:05Z	0.123	0.161	0.165	0.158	0.123	0.191
2020-08-12T08:40:05Z	0.123	0.16	0.164	0.158	0.123	0.191
2020-08-12T09:00:05Z	0.123	0.16	0.165	0.158	0.123	0.191
2020-08-12T09:20:05Z	0.122	0.159	0.164	0.158	0.123	0.191
2020-08-12T09:40:05Z	0.122	0.159	0.164	0.158	0.123	0.191
2020-08-12T10:00:05Z	0.122	0.159	0.164	0.158	0.123	0.191
2020-08-12T10:20:05Z	0.122	0.158	0.163	0.158	0.123	0.191
2020-08-12T10:40:05Z	0.122	0.158	0.163	0.158	0.123	0.191
2020-08-12T11:00:05Z	0.121	0.157	0.163	0.158	0.123	0.191
2020-08-12T11:20:05Z	0.121	0.156	0.162	0.158	0.123	0.191
2020-08-12T11:40:05Z	0.121	0.156	0.162	0.158	0.123	0.191
2020-08-12T12:00:05Z	0.12	0.156	0.162	0.158	0.123	0.191
2020-08-12T12:20:05Z	0.12	0.155	0.161	0.158	0.123	0.191
2020-08-12T12:40:05Z	0.119	0.155	0.161	0.158	0.123	0.191
2020-08-12T13:00:05Z	0.119	0.154	0.161	0.158	0.123	0.191
2020-08-12T13:20:05Z	0.118	0.153	0.16	0.158	0.123	0.191
2020-08-12T13:40:05Z	0.118	0.153	0.16	0.158	0.123	0.191
2020-08-12T14:00:05Z	0.117	0.153	0.16	0.158	0.123	0.19
2020-08-12T14:20:05Z	0.117	0.152	0.159	0.157	0.123	0.19
2020-08-12T14:40:05Z	0.117	0.152	0.159	0.157	0.123	0.19
2020-08-12T15:00:05Z	0.116	0.152	0.159	0.157	0.123	0.19
2020-08-12T15:20:05Z	0.116	0.151	0.158	0.157	0.123	0.19
2020-08-12T15:40:05Z	0.116	0.15	0.158	0.157	0.123	0.19
2020-08-12T16:00:05Z	0.116	0.15	0.158	0.157	0.123	0.19
2020-08-12T16:20:05Z	0.116	0.15	0.157	0.157	0.123	0.19
2020-08-12T16:40:05Z	0.115	0.149	0.157	0.157	0.123	0.19
2020-08-12T17:00:05Z	0.115	0.149	0.156	0.157	0.123	0.19
2020-08-12T17:20:05Z	0.115	0.148	0.156	0.157	0.123	0.19
2020-08-12T17:40:05Z	0.115	0.148	0.155	0.157	0.123	0.19
2020-08-12T18:00:05Z	0.114	0.148	0.155	0.156	0.123	0.19
2020-08-12T18:20:05Z	0.114	0.147	0.155	0.156	0.123	0.19
2020-08-12T18:40:05Z	0.114	0.147	0.155	0.156	0.123	0.19
2020-08-12T19:00:05Z	0.114	0.147	0.155	0.156	0.123	0.189
2020-08-12T19:20:05Z	0.114	0.147	0.154	0.156	0.123	0.189
2020-08-12T19:40:05Z	0.114	0.147	0.154	0.156	0.123	0.189
2020-08-12T20:00:05Z	0.114	0.147	0.154	0.156	0.123	0.189
2020-08-12T20:20:05Z	0.114	0.147	0.154	0.156	0.123	0.189
2020-08-12T20:40:05Z	0.114	0.147	0.154	0.156	0.123	0.189
2020-08-12T21:00:05Z	0.114	0.146	0.154	0.156	0.123	0.189
2020-08-12T21:20:05Z	0.113	0.147	0.154	0.156	0.123	0.189
2020-08-12T21:40:05Z	0.113	0.147	0.154	0.156	0.123	0.189
2020-08-12T22:00:05Z	0.113	0.146	0.153	0.156	0.123	0.189
2020-08-12T22:20:05Z	0.113	0.146	0.153	0.155	0.123	0.189
2020-08-12T22:40:05Z	0.113	0.146	0.153	0.155	0.123	0.189
2020-08-12T23:00:05Z	0.113	0.146	0.153	0.155	0.123	0.189
2020-08-12T23:20:05Z	0.113	0.146	0.153	0.155	0.123	0.189
2020-08-12T23:40:05Z	0.113	0.146	0.153	0.155	0.123	0.189
2020-08-13T00:00:05Z	0.113	0.146	0.153	0.155	0.123	0.189
2020-08-13T00:20:05Z	0.113	0.146	0.153	0.155	0.123	0.189
2020-08-13T00:40:05Z	0.113	0.146	0.153	0.155	0.123	0.189
2020-08-13T01:00:05Z	0.112	0.146	0.152	0.155	0.123	0.189
2020-08-13T01:20:05Z	0.112	0.146	0.152	0.155	0.123	0.189
2020-08-13T01:40:05Z	0.112	0.145	0.152	0.155	0.123	0.189
2020-08-13T02:00:05Z	0.112	0.146	0.152	0.155	0.123	0.189
2020-08-13T02:20:05Z	0.112	0.145	0.152	0.155	0.123	0.189
2020-08-13T02:40:05Z	0.112	0.145	0.152	0.155	0.123	0.189
2020-08-13T03:00:05Z	0.112	0.145	0.152	0.155	0.123	0.189
2020-08-13T03:20:05Z	0.112	0.145	0.152	0.155	0.123	0.189
2020-08-13T03:40:05Z	0.112	0.145	0.152	0.155	0.123	0.189
2020-08-13T04:00:05Z	0.112	0.145	0.152	0.155	0.123	0.189
2020-08-13T04:20:05Z	0.112	0.145	0.152	0.155	0.123	0.189
2020-08-13T04:40:05Z	0.112	0.145	0.151	0.155	0.123	0.189
2020-08-13T05:00:05Z	0.112	0.145	0.151	0.155	0.123	0.189
2020-08-13T05:20:05Z	0.112	0.145	0.152	0.155	0.123	0.189
2020-08-13T05:40:05Z	0.112	0.145	0.152	0.155	0.123	0.19
2020-08-13T06:00:05Z	0.112	0.145	0.151	0.155	0.123	0.19
2020-08-13T06:20:05Z	0.112	0.145	0.151	0.155	0.123	0.19
2020-08-13T06:40:05Z	0.112	0.145	0.151	0.155	0.123	0.19
2020-08-13T07:00:05Z	0.112	0.145	0.15	0.155	0.123	0.19
2020-08-13T07:20:05Z	0.113	0.144	0.15	0.155	0.123	0.19
2020-08-13T07:40:05Z	0.113	0.144	0.15	0.155	0.123	0.19
2020-08-13T08:00:05Z	0.112	0.144	0.15	0.155	0.123	0.191
2020-08-13T08:20:05Z	0.112	0.143	0.149	0.155	0.123	0.19
2020-08-13T08:40:05Z	0.112	0.142	0.148	0.155	0.123	0.19
2020-08-13T09:00:05Z	0.112	0.142	0.148	0.155	0.123	0.191
2020-08-13T09:20:05Z	0.113	0.142	0.148	0.155	0.123	0.191
2020-08-13T09:40:05Z	0.113	0.142	0.148	0.155	0.123	0.191
2020-08-13T10:00:05Z	0.112	0.141	0.148	0.155	0.123	0.191
2020-08-13T10:20:05Z	0.112	0.141	0.147	0.155	0.123	0.191
2020-08-13T10:40:05Z	0.112	0.141	0.147	0.155	0.123	0.191
2020-08-13T11:00:05Z	0.112	0.141	0.146	0.155	0.123	0.191
2020-08-13T11:20:05Z	0.112	0.14	0.146	0.155	0.123	0.191
2020-08-13T11:40:05Z	0.112	0.141	0.145	0.155	0.123	0.191
2020-08-13T12:00:05Z	0.112	0.14	0.146	0.155	0.123	0.191
2020-08-13T12:20:05Z	0.112	0.14	0.145	0.155	0.123	0.191
2020-08-13T12:40:05Z	0.112	0.139	0.144	0.155	0.123	0.191
2020-08-13T13:00:05Z	0.111	0.139	0.144	0.155	0.123	0.19
2020-08-13T13:20:05Z	0.111	0.138	0.144	0.154	0.123	0.19
2020-08-13T13:40:05Z	0.111	0.139	0.143	0.154	0.123	0.19
2020-08-13T14:00:05Z	0.111	0.139	0.143	0.154	0.123	0.19
2020-08-13T14:20:05Z	0.11	0.138	0.143	0.154	0.123	0.19
2020-08-13T14:40:05Z	0.11	0.138	0.143	0.154	0.123	0.19
2020-08-13T15:00:05Z	0.11	0.138	0.143	0.154	0.123	0.19
2020-08-13T15:20:05Z	0.11	0.138	0.142	0.154	0.123	0.19
2020-08-13T15:40:05Z	0.11	0.137	0.142	0.154	0.123	0.19
2020-08-13T16:00:05Z	0.11	0.138	0.142	0.154	0.123	0.19
2020-08-13T16:20:05Z	0.11	0.138	0.142	0.154	0.123	0.19
2020-08-13T16:40:05Z	0.11	0.138	0.142	0.154	0.123	0.19
2020-08-13T17:00:05Z	0.11	0.138	0.142	0.154	0.123	0.19
2020-08-13T17:20:05Z	0.11	0.137	0.142	0.154	0.123	0.19
2020-08-13T17:40:05Z	0.11	0.137	0.142	0.154	0.123	0.19
2020-08-13T18:00:05Z	0.11	0.137	0.142	0.154	0.123	0.19
2020-08-13T18:20:05Z	0.11	0.137	0.141	0.154	0.123	0.19
2020-08-13T18:40:05Z	0.11	0.137	0.141	0.154	0.123	0.19
2020-08-13T19:00:05Z	0.109	0.137	0.141	0.154	0.123	0.19
2020-08-13T19:20:05Z	0.109	0.137	0.141	0.154	0.123	0.19
2020-08-13T19:40:05Z	0.109	0.137	0.141	0.153	0.123	0.19
2020-08-13T20:00:05Z	0.109	0.137	0.14	0.153	0.123	0.19
2020-08-13T20:20:05Z	0.109	0.137	0.141	0.153	0.123	0.19
2020-08-13T20:40:05Z	0.109	0.136	0.141	0.153	0.123	0.19
2020-08-13T21:00:05Z	0.109	0.137	0.141	0.153	0.123	0.19
2020-08-13T21:20:05Z	0.109	0.136	0.14	0.153	0.123	0.19
2020-08-13T21:40:05Z	0.109	0.136	0.14	0.153	0.123	0.19
2020-08-13T22:00:05Z	0.109	0.137	0.14	0.153	0.123	0.19
2020-08-13T22:20:05Z	0.109	0.136	0.14	0.153	0.123	0.19
2020-08-13T22:40:05Z	0.109	0.137	0.14	0.153	0.123	0.19
2020-08-13T23:00:05Z	0.109	0.137	0.14	0.153	0.123	0.19
2020-08-13T23:20:05Z	0.109	0.136	0.14	0.153	0.123	0.19
2020-08-13T23:40:05Z	0.109	0.136	0.14	0.153	0.123	0.19
2020-08-14T00:00:05Z	0.109	0.136	0.14	0.153	0.123	0.19
2020-08-14T00:20:05Z	0.109	0.136	0.14	0.153	0.123	0.19
2020-08-14T00:40:05Z	0.109	0.136	0.14	0.153	0.123	0.19
2020-08-14T01:00:05Z	0.109	0.136	0.14	0.153	0.123	0.19
2020-08-14T01:20:05Z	0.109	0.136	0.14	0.153	0.123	0.19
2020-08-14T01:40:05Z	0.109	0.136	0.14	0.153	0.123	0.19
2020-08-14T02:00:05Z	0.108	0.136	0.139	0.153	0.123	0.19
2020-08-14T02:20:05Z	0.108	0.135	0.14	0.153	0.123	0.19
2020-08-14T02:40:05Z	0.108	0.136	0.139	0.153	0.123	0.19
2020-08-14T03:00:05Z	0.109	0.136	0.14	0.153	0.123	0.19
2020-08-14T03:20:05Z	0.109	0.136	0.139	0.153	0.123	0.19
2020-08-14T03:40:05Z	0.109	0.135	0.139	0.152	0.123	0.19
2020-08-14T04:00:05Z	0.109	0.135	0.139	0.152	0.123	0.19
2020-08-14T04:20:05Z	0.109	0.135	0.139	0.152	0.123	0.189
2020-08-14T04:40:05Z	0.109	0.136	0.139	0.152	0.123	0.19
2020-08-14T05:00:05Z	0.109	0.136	0.139	0.152	0.123	0.189
2020-08-14T05:20:05Z	0.109	0.135	0.139	0.152	0.123	0.19
2020-08-14T05:40:05Z	0.109	0.135	0.139	0.152	0.123	0.19
2020-08-14T06:00:05Z	0.109	0.136	0.139	0.152	0.123	0.19
2020-08-14T06:20:05Z	0.109	0.136	0.139	0.152	0.123	0.19
2020-08-14T06:40:05Z	0.109	0.135	0.139	0.152	0.123	0.19
2020-08-14T07:00:05Z	0.109	0.136	0.139	0.152	0.123	0.19
2020-08-14T07:20:05Z	0.11	0.135	0.139	0.152	0.123	0.19
2020-08-14T07:40:05Z	0.11	0.136	0.139	0.152	0.123	0.19
2020-08-14T08:00:05Z	0.11	0.136	0.139	0.152	0.123	0.19
2020-08-14T08:20:05Z	0.11	0.135	0.139	0.152	0.123	0.19
2020-08-14T08:40:05Z	0.11	0.135	0.138	0.152	0.123	0.191
2020-08-14T09:00:05Z	0.11	0.135	0.138	0.152	0.123	0.191
2020-08-14T09:20:05Z	0.11	0.135	0.138	0.152	0.123	0.191
2020-08-14T09:40:05Z	0.11	0.135	0.138	0.152	0.123	0.191
2020-08-14T10:00:05Z	0.11	0.134	0.137	0.152	0.123	0.191
2020-08-14T10:20:05Z	0.11	0.135	0.138	0.152	0.123	0.191
2020-08-14T10:40:05Z	0.111	0.135	0.137	0.152	0.123	0.191
2020-08-14T11:00:05Z	0.111	0.134	0.136	0.152	0.123	0.191
2020-08-14T11:20:05Z	0.11	0.134	0.136	0.152	0.123	0.191
2020-08-14T11:40:05Z	0.11	0.134	0.136	0.152	0.123	0.191
2020-08-14T12:00:05Z	0.11	0.134	0.136	0.152	0.123	0.191
2020-08-14T12:20:05Z	0.11	0.133	0.135	0.152	0.123	0.191
2020-08-14T12:40:05Z	0.11	0.133	0.135	0.152	0.123	0.191
2020-08-14T13:00:05Z	0.11	0.133	0.135	0.152	0.123	0.191
2020-08-14T13:20:05Z	0.109	0.133	0.135	0.152	0.123	0.191
2020-08-14T13:40:05Z	0.109	0.133	0.134	0.152	0.123	0.191
2020-08-14T14:00:05Z	0.109	0.132	0.134	0.152	0.123	0.191
2020-08-14T14:20:05Z	0.108	0.132	0.134	0.152	0.123	0.19
2020-08-14T14:40:05Z	0.108	0.132	0.133	0.152	0.123	0.19
2020-08-14T15:00:05Z	0.108	0.132	0.133	0.152	0.123	0.19
2020-08-14T15:20:05Z	0.108	0.132	0.133	0.152	0.123	0.19
2020-08-14T15:40:05Z	0.108	0.132	0.133	0.152	0.123	0.19
2020-08-14T16:00:05Z	0.108	0.132	0.133	0.152	0.123	0.19
2020-08-14T16:20:05Z	0.108	0.131	0.132	0.152	0.123	0.19
2020-08-14T16:40:05Z	0.108	0.131	0.132	0.151	0.123	0.19
2020-08-14T17:00:05Z	0.108	0.131	0.132	0.151	0.123	0.19
2020-08-14T17:20:05Z	0.108	0.131	0.132	0.151	0.123	0.19
2020-08-14T17:40:05Z	0.107	0.13	0.132	0.151	0.123	0.19
2020-08-14T18:00:05Z	0.107	0.131	0.131	0.151	0.123	0.19
2020-08-14T18:20:05Z	0.107	0.13	0.132	0.151	0.123	0.19
2020-08-14T18:40:05Z	0.107	0.13	0.131	0.151	0.123	0.19
2020-08-14T19:00:05Z	0.107	0.13	0.131	0.151	0.123	0.19
2020-08-14T19:20:05Z	0.107	0.13	0.131	0.151	0.123	0.19
2020-08-14T19:40:05Z	0.107	0.13	0.131	0.151	0.123	0.19
2020-08-14T20:00:05Z	0.107	0.13	0.131	0.151	0.123	0.19
2020-08-14T20:20:05Z	0.107	0.13	0.13	0.151	0.123	0.19
2020-08-14T20:40:05Z	0.107	0.13	0.13	0.151	0.123	0.19
2020-08-14T21:00:05Z	0.107	0.129	0.13	0.151	0.123	0.19
2020-08-14T21:20:05Z	0.107	0.13	0.13	0.151	0.123	0.19
2020-08-14T21:40:05Z	0.107	0.13	0.13	0.151	0.123	0.19
2020-08-14T22:00:05Z	0.107	0.13	0.13	0.151	0.122	0.189
2020-08-14T22:20:05Z	0.107	0.13	0.13	0.15	0.122	0.189
2020-08-14T22:40:05Z	0.106	0.129	0.13	0.15	0.122	0.189
2020-08-14T23:00:05Z	0.106	0.129	0.13	0.15	0.122	0.189
2020-08-14T23:20:05Z	0.107	0.13	0.13	0.15	0.123	0.189
2020-08-14T23:40:05Z	0.107	0.129	0.13	0.15	0.123	0.189
2020-08-15T00:00:05Z	0.106	0.129	0.13	0.15	0.123	0.189
2020-08-15T00:20:05Z	0.106	0.129	0.13	0.15	0.123	0.189
2020-08-15T00:40:05Z	0.106	0.129	0.13	0.15	0.122	0.189
2020-08-15T01:00:05Z	0.106	0.129	0.13	0.15	0.122	0.189
2020-08-15T01:20:05Z	0.106	0.129	0.13	0.15	0.123	0.189
2020-08-15T01:40:05Z	0.106	0.129	0.129	0.15	0.123	0.189
2020-08-15T02:00:05Z	0.106	0.129	0.129	0.15	0.123	0.189
2020-08-15T02:20:05Z	0.106	0.129	0.129	0.15	0.123	0.189
2020-08-15T02:40:05Z	0.106	0.129	0.129	0.15	0.122	0.189
2020-08-15T03:00:05Z	0.106	0.129	0.129	0.15	0.122	0.189
2020-08-15T03:20:05Z	0.106	0.129	0.129	0.15	0.122	0.189
2020-08-15T03:40:05Z	0.106	0.128	0.129	0.15	0.122	0.189
2020-08-15T04:00:05Z	0.106	0.129	0.129	0.15	0.122	0.189
2020-08-15T04:20:05Z	0.106	0.128	0.129	0.15	0.122	0.189
2020-08-15T04:40:05Z	0.106	0.129	0.129	0.15	0.122	0.189
2020-08-15T05:00:05Z	0.106	0.128	0.129	0.15	0.123	0.189
2020-08-15T05:20:05Z	0.106	0.129	0.129	0.15	0.123	0.189
2020-08-15T05:40:05Z	0.106	0.129	0.13	0.15	0.123	0.19
2020-08-15T06:00:05Z	0.106	0.129	0.129	0.15	0.123	0.19
2020-08-15T06:20:05Z	0.107	0.129	0.13	0.15	0.123	0.19
2020-08-15T06:40:05Z	0.107	0.13	0.13	0.15	0.123	0.19
2020-08-15T07:00:05Z	0.107	0.129	0.129	0.15	0.123	0.19
2020-08-15T07:20:05Z	0.107	0.13	0.13	0.15	0.123	0.191
2020-08-15T07:40:05Z	0.108	0.13	0.129	0.15	0.123	0.191
2020-08-15T08:00:05Z	0.108	0.129	0.129	0.15	0.123	0.191
2020-08-15T08:20:05Z	0.108	0.13	0.129	0.15	0.123	0.191
2020-08-15T08:40:05Z	0.108	0.13	0.129	0.15	0.123	0.191
2020-08-15T09:00:05Z	0.108	0.129	0.129	0.15	0.123	0.191
2020-08-15T09:20:05Z	0.108	0.129	0.129	0.15	0.123	0.191
2020-08-15T09:40:05Z	0.108	0.129	0.128	0.15	0.123	0.191
2020-08-15T10:00:05Z	0.108	0.129	0.128	0.15	0.123	0.191
2020-08-15T10:20:05Z	0.108	0.129	0.128	0.15	0.123	0.191
2020-08-15T10:40:05Z	0.108	0.129	0.128	0.15	0.124	0.191
2020-08-15T11:00:05Z	0.108	0.129	0.128	0.15	0.124	0.191
2020-08-15T11:20:05Z	0.108	0.129	0.128	0.15	0.124	0.191
2020-08-15T11:40:05Z	0.108	0.129	0.127	0.15	0.124	0.191
2020-08-15T12:00:05Z	0.108	0.129	0.127	0.15	0.124	0.191
2020-08-15T12:20:05Z	0.108	0.128	0.127	0.15	0.124	0.191
2020-08-15T12:40:05Z	0.108	0.129	0.127	0.15	0.124	0.191
2020-08-15T13:00:05Z	0.108	0.128	0.127	0.15	0.124	0.191
2020-08-15T13:20:05Z	0.108	0.128	0.127	0.15	0.124	0.191
2020-08-15T13:40:05Z	0.107	0.128	0.126	0.15	0.124	0.191
2020-08-15T14:00:05Z	0.107	0.127	0.126	0.15	0.123	0.191
2020-08-15T14:20:05Z	0.107	0.127	0.126	0.15	0.123	0.191
2020-08-15T14:40:05Z	0.107	0.127	0.126	0.15	0.123	0.191
2020-08-15T15:00:05Z	0.107	0.127	0.125	0.15	0.123	0.191
2020-08-15T15:20:05Z	0.106	0.127	0.125	0.149	0.123	0.191
2020-08-15T15:40:05Z	0.106	0.127	0.125	0.149	0.123	0.191
2020-08-15T16:00:05Z	0.106	0.126	0.125	0.149	0.123	0.191
2020-08-15T16:20:05Z	0.106	0.126	0.125	0.149	0.123	0.191
2020-08-15T16:40:05Z	0.105	0.126	0.125	0.149	0.123	0.19
2020-08-15T17:00:05Z	0.105	0.126	0.124	0.149	0.123	0.19
2020-08-15T17:20:05Z	0.105	0.126	0.124	0.149	0.123	0.19
2020-08-15T17:40:05Z	0.105	0.126	0.124	0.149	0.123	0.19
2020-08-15T18:00:05Z	0.105	0.126	0.124	0.149	0.123	0.19
2020-08-15T18:20:05Z	0.105	0.125	0.124	0.149	0.123	0.19
2020-08-15T18:40:05Z	0.104	0.125	0.123	0.149	0.123	0.19
2020-08-15T19:00:05Z	0.104	0.125	0.123	0.149	0.123	0.19
2020-08-15T19:20:05Z	0.104	0.125	0.123	0.149	0.123	0.19
2020-08-15T19:40:05Z	0.104	0.125	0.123	0.149	0.123	0.19
2020-08-15T20:00:05Z	0.104	0.125	0.123	0.149	0.123	0.19
2020-08-15T20:20:05Z	0.104	0.124	0.123	0.149	0.123	0.19
2020-08-15T20:40:05Z	0.104	0.124	0.123	0.148	0.123	0.19
2020-08-15T21:00:05Z	0.104	0.124	0.123	0.148	0.123	0.19
2020-08-15T21:20:05Z	0.104	0.124	0.123	0.148	0.123	0.19
2020-08-15T21:40:05Z	0.104	0.124	0.122	0.148	0.123	0.19
2020-08-15T22:00:05Z	0.103	0.124	0.122	0.148	0.123	0.189
2020-08-15T22:20:05Z	0.103	0.124	0.122	0.148	0.123	0.189
2020-08-15T22:40:05Z	0.103	0.124	0.122	0.148	0.123	0.189
2020-08-15T23:00:05Z	0.103	0.124	0.122	0.147	0.123	0.189
2020-08-15T23:20:05Z	0.103	0.124	0.122	0.147	0.123	0.189
2020-08-15T23:40:05Z	0.103	0.124	0.122	0.147	0.123	0.189
2020-08-16T00:00:05Z	0.103	0.124	0.122	0.147	0.123	0.189
2020-08-16T00:20:05Z	0.103	0.124	0.122	0.147	0.123	0.189
2020-08-16T00:40:05Z	0.103	0.124	0.122	0.147	0.123	0.189
2020-08-16T01:00:05Z	0.103	0.124	0.122	0.147	0.123	0.189
2020-08-16T01:20:05Z	0.103	0.123	0.122	0.147	0.123	0.189
2020-08-16T01:40:05Z	0.103	0.123	0.122	0.147	0.123	0.189
2020-08-16T02:00:05Z	0.103	0.124	0.122	0.147	0.123	0.189
2020-08-16T02:20:05Z	0.102	0.123	0.122	0.147	0.123	0.189
2020-08-16T02:40:05Z	0.102	0.123	0.122	0.147	0.123	0.189
2020-08-16T03:00:05Z	0.102	0.123	0.122	0.147	0.123	0.189
2020-08-16T03:20:05Z	0.102	0.123	0.122	0.147	0.123	0.189
2020-08-16T03:40:05Z	0.102	0.123	0.121	0.147	0.123	0.189
2020-08-16T04:00:05Z	0.102	0.123	0.122	0.147	0.123	0.189
2020-08-16T04:20:05Z	0.102	0.123	0.122	0.147	0.123	0.189
2020-08-16T04:40:05Z	0.102	0.123	0.121	0.147	0.123	0.189
2020-08-16T05:00:05Z	0.102	0.123	0.121	0.147	0.123	0.189
2020-08-16T05:20:05Z	0.102	0.123	0.122	0.147	0.123	0.189
2020-08-16T05:40:05Z	0.103	0.123	0.122	0.147	0.123	0.19
2020-08-16T06:00:05Z	0.103	0.124	0.122	0.147	0.123	0.19
2020-08-16T06:20:05Z	0.103	0.124	0.122	0.147	0.123	0.19
2020-08-16T06:40:05Z	0.103	0.123	0.122	0.147	0.123	0.19
2020-08-16T07:00:05Z	0.104	0.124	0.122	0.147	0.123	0.19
2020-08-16T07:20:05Z	0.104	0.124	0.122	0.147	0.123	0.191
2020-08-16T07:40:05Z	0.104	0.124	0.122	0.147	0.123	0.191
2020-08-16T08:00:05Z	0.104	0.124	0.122	0.147	0.123	0.191
2020-08-16T08:20:05Z	0.104	0.124	0.122	0.147	0.123	0.191
2020-08-16T08:40:05Z	0.105	0.124	0.122	0.147	0.124	0.191
2020-08-16T09:00:05Z	0.105	0.124	0.121	0.147	0.123	0.191
2020-08-16T09:20:05Z	0.105	0.124	0.121	0.147	0.123	0.191
2020-08-16T09:40:05Z	0.105	0.124	0.121	0.147	0.123	0.191
2020-08-16T10:00:05Z	0.105	0.124	0.121	0.147	0.123	0.191
2020-08-16T10:20:05Z	0.105	0.124	0.121	0.147	0.123	0.191
2020-08-16T10:40:05Z	0.105	0.123	0.121	0.147	0.123	0.191
2020-08-16T11:00:05Z	0.105	0.124	0.12	0.147	0.124	0.191
2020-08-16T11:20:05Z	0.105	0.123	0.12	0.147	0.124	0.191
2020-08-16T11:40:05Z	0.105	0.124	0.12	0.147	0.124	0.191
2020-08-16T12:00:05Z	0.105	0.124	0.12	0.147	0.124	0.191
2020-08-16T12:20:05Z	0.105	0.124	0.12	0.147	0.124	0.191
2020-08-16T12:40:05Z	0.105	0.123	0.12	0.147	0.124	0.191
2020-08-16T13:00:05Z	0.105	0.124	0.12	0.147	0.124	0.191
2020-08-16T13:20:05Z	0.105	0.123	0.12	0.147	0.124	0.191
2020-08-16T13:40:05Z	0.104	0.123	0.12	0.147	0.124	0.191
2020-08-16T14:00:05Z	0.104	0.123	0.12	0.147	0.123	0.191
2020-08-16T14:20:05Z	0.104	0.123	0.119	0.147	0.123	0.191
2020-08-16T14:40:05Z	0.104	0.122	0.119	0.146	0.123	0.191
2020-08-16T15:00:05Z	0.104	0.122	0.119	0.146	0.123	0.191
2020-08-16T15:20:05Z	0.104	0.122	0.119	0.146	0.123	0.191
2020-08-16T15:40:05Z	0.103	0.122	0.119	0.146	0.123	0.191
2020-08-16T16:00:05Z	0.103	0.122	0.119	0.146	0.123	0.191
2020-08-16T16:20:05Z	0.103	0.122	0.119	0.146	0.123	0.191
2020-08-16T16:40:05Z	0.102	0.122	0.119	0.146	0.123	0.191
2020-08-16T17:00:05Z	0.102	0.122	0.119	0.146	0.123	0.191
2020-08-16T17:20:05Z	0.102	0.121	0.118	0.146	0.123	0.19
2020-08-16T17:40:05Z	0.102	0.121	0.118	0.146	0.123	0.19
2020-08-16T18:00:05Z	0.102	0.121	0.118	0.146	0.123	0.19
2020-08-16T18:20:05Z	0.101	0.121	0.118	0.146	0.123	0.19
2020-08-16T18:40:05Z	0.101	0.121	0.118	0.145	0.123	0.19
2020-08-16T19:00:05Z	0.101	0.12	0.118	0.145	0.123	0.19
2020-08-16T19:20:05Z	0.101	0.12	0.118	0.145	0.123	0.19
2020-08-16T19:40:05Z	0.101	0.12	0.117	0.145	0.123	0.19
2020-08-16T20:00:05Z	0.1	0.12	0.117	0.145	0.123	0.19
2020-08-16T20:20:05Z	0.1	0.12	0.117	0.145	0.123	0.189
2020-08-16T20:40:05Z	0.1	0.12	0.117	0.145	0.123	0.189
2020-08-16T21:00:05Z	0.1	0.119	0.117	0.145	0.123	0.19
2020-08-16T21:20:05Z	0.1	0.119	0.117	0.145	0.123	0.189
2020-08-16T21:40:05Z	0.1	0.119	0.117	0.145	0.123	0.189
2020-08-16T22:00:05Z	0.1	0.119	0.117	0.145	0.123	0.189
2020-08-16T22:20:05Z	0.1	0.119	0.117	0.145	0.123	0.19
2020-08-16T22:40:05Z	0.1	0.119	0.117	0.145	0.123	0.19
2020-08-16T23:00:05Z	0.1	0.119	0.117	0.145	0.123	0.19
2020-08-16T23:20:05Z	0.1	0.119	0.117	0.145	0.123	0.19
2020-08-16T23:40:05Z	0.1	0.119	0.117	0.145	0.123	0.19
2020-08-17T00:00:05Z	0.1	0.119	0.117	0.145	0.123	0.19
2020-08-17T00:20:05Z	0.1	0.119	0.116	0.145	0.123	0.19
2020-08-17T00:40:05Z	0.1	0.119	0.116	0.144	0.123	0.19
2020-08-17T01:00:05Z	0.1	0.119	0.116	0.144	0.123	0.19
2020-08-17T01:20:05Z	0.1	0.119	0.116	0.144	0.123	0.189
2020-08-17T01:40:05Z	0.099	0.119	0.116	0.144	0.123	0.189
2020-08-17T02:00:05Z	0.099	0.118	0.116	0.144	0.123	0.189
2020-08-17T02:20:05Z	0.099	0.118	0.116	0.144	0.123	0.189
2020-08-17T02:40:05Z	0.099	0.119	0.116	0.144	0.123	0.189
2020-08-17T03:00:05Z	0.099	0.118	0.116	0.144	0.123	0.189
2020-08-17T03:20:05Z	0.099	0.118	0.116	0.144	0.123	0.189
2020-08-17T03:40:05Z	0.099	0.118	0.116	0.144	0.123	0.189
2020-08-17T04:00:05Z	0.099	0.118	0.116	0.144	0.123	0.189
2020-08-17T04:20:05Z	0.099	0.118	0.116	0.144	0.123	0.189
2020-08-17T04:40:05Z	0.099	0.118	0.116	0.144	0.123	0.189
2020-08-17T05:00:05Z	0.099	0.118	0.116	0.144	0.123	0.189
2020-08-17T05:20:05Z	0.099	0.118	0.116	0.144	0.123	0.189
2020-08-17T05:40:05Z	0.099	0.119	0.116	0.144	0.123	0.19
2020-08-17T06:00:05Z	0.099	0.119	0.116	0.144	0.123	0.19
2020-08-17T06:20:05Z	0.1	0.119	0.116	0.144	0.123	0.19
2020-08-17T06:40:05Z	0.1	0.119	0.116	0.144	0.123	0.19
2020-08-17T07:00:05Z	0.1	0.119	0.116	0.144	0.123	0.191
2020-08-17T07:20:05Z	0.1	0.119	0.116	0.144	0.123	0.191
2020-08-17T07:40:05Z	0.101	0.119	0.116	0.144	0.123	0.191
2020-08-17T08:00:05Z	0.101	0.119	0.117	0.144	0.123	0.191
2020-08-17T08:20:05Z	0.101	0.119	0.116	0.144	0.123	0.191
2020-08-17T08:40:05Z	0.101	0.119	0.116	0.144	0.123	0.191
2020-08-17T09:00:05Z	0.101	0.119	0.116	0.144	0.123	0.191
2020-08-17T09:20:05Z	0.102	0.119	0.116	0.144	0.123	0.191
2020-08-17T09:40:05Z	0.102	0.119	0.116	0.144	0.123	0.191
2020-08-17T10:00:05Z	0.102	0.119	0.116	0.144	0.123	0.191
2020-08-17T10:20:05Z	0.102	0.12	0.116	0.144	0.123	0.191
2020-08-17T10:40:05Z	0.101	0.119	0.116	0.144	0.123	0.191
2020-08-17T11:00:05Z	0.101	0.119	0.116	0.144	0.124	0.191
2020-08-17T11:20:05Z	0.101	0.119	0.116	0.144	0.123	0.191
2020-08-17T11:40:05Z	0.101	0.119	0.116	0.144	0.123	0.191
2020-08-17T12:00:05Z	0.102	0.119	0.116	0.144	0.124	0.191
2020-08-17T12:20:05Z	0.102	0.119	0.116	0.144	0.123	0.191
2020-08-17T12:40:05Z	0.102	0.119	0.116	0.144	0.123	0.191
2020-08-17T13:00:05Z	0.102	0.119	0.116	0.144	0.123	0.191
2020-08-17T13:20:05Z	0.101	0.119	0.116	0.144	0.123	0.191
2020-08-17T13:40:05Z	0.101	0.119	0.115	0.143	0.123	0.191
2020-08-17T14:00:05Z	0.101	0.119	0.116	0.143	0.123	0.191
2020-08-17T14:20:05Z	0.101	0.119	0.115	0.143	0.123	0.191
2020-08-17T14:40:05Z	0.1	0.119	0.115	0.143	0.123	0.191
2020-08-17T15:00:05Z	0.1	0.119	0.115	0.143	0.123	0.19
2020-08-17T15:20:05Z	0.1	0.119	0.115	0.143	0.123	0.19
2020-08-17T15:40:05Z	0.1	0.118	0.115	0.143	0.123	0.19
2020-08-17T16:00:05Z	0.1	0.118	0.115	0.143	0.123	0.19
2020-08-17T16:20:05Z	0.099	0.118	0.114	0.143	0.123	0.19
2020-08-17T16:40:05Z	0.099	0.118	0.114	0.143	0.123	0.19
2020-08-17T17:00:05Z	0.099	0.118	0.114	0.143	0.123	0.19
2020-08-17T17:20:05Z	0.099	0.118	0.114	0.143	0.123	0.19
2020-08-17T17:40:05Z	0.098	0.118	0.114	0.143	0.123	0.19
2020-08-17T18:00:05Z	0.098	0.117	0.114	0.143	0.123	0.19
2020-08-17T18:20:05Z	0.098	0.117	0.114	0.142	0.123	0.19
2020-08-17T18:40:05Z	0.098	0.117	0.114	0.142	0.123	0.19
2020-08-17T19:00:05Z	0.098	0.117	0.114	0.142	0.123	0.19
2020-08-17T19:20:05Z	0.098	0.117	0.114	0.142	0.122	0.19
2020-08-17T19:40:05Z	0.097	0.117	0.114	0.142	0.123	0.19
2020-08-17T20:00:05Z	0.097	0.117	0.114	0.142	0.123	0.19
2020-08-17T20:20:05Z	0.097	0.116	0.114	0.142	0.123	0.19
2020-08-17T20:40:05Z	0.097	0.116	0.114	0.142	0.123	0.19
2020-08-17T21:00:05Z	0.097	0.116	0.113	0.142	0.123	0.189
2020-08-17T21:20:05Z	0.097	0.116	0.113	0.141	0.123	0.189
2020-08-17T21:40:05Z	0.097	0.116	0.113	0.141	0.122	0.189
2020-08-17T22:00:05Z	0.097	0.116	0.113	0.141	0.122	0.189
2020-08-17T22:20:05Z	0.097	0.116	0.113	0.141	0.123	0.189
2020-08-17T22:40:05Z	0.097	0.116	0.113	0.141	0.123	0.19
2020-08-17T23:00:05Z	0.097	0.116	0.113	0.141	0.123	0.19
2020-08-17T23:20:05Z	0.097	0.116	0.113	0.141	0.123	0.189
2020-08-17T23:40:05Z	0.097	0.116	0.113	0.141	0.123	0.189
2020-08-18T00:00:05Z	0.097	0.116	0.113	0.141	0.122	0.19
2020-08-18T00:20:05Z	0.097	0.116	0.113	0.141	0.123	0.19
2020-08-18T00:40:05Z	0.097	0.116	0.113	0.141	0.123	0.189
2020-08-18T01:00:05Z	0.096	0.116	0.113	0.141	0.123	0.189
2020-08-18T01:20:05Z	0.096	0.116	0.113	0.141	0.123	0.19
2020-08-18T01:40:05Z	0.096	0.116	0.113	0.141	0.123	0.19
2020-08-18T02:00:05Z	0.096	0.116	0.113	0.141	0.123	0.19
2020-08-18T02:20:05Z	0.096	0.116	0.113	0.141	0.123	0.19
2020-08-18T02:40:05Z	0.096	0.116	0.113	0.141	0.123	0.19
2020-08-18T03:00:05Z	0.096	0.116	0.113	0.141	0.123	0.19
2020-08-18T03:20:05Z	0.096	0.116	0.113	0.141	0.123	0.19
2020-08-18T03:40:05Z	0.096	0.116	0.113	0.141	0.123	0.189
2020-08-18T04:00:05Z	0.096	0.116	0.113	0.141	0.123	0.19
2020-08-18T04:20:05Z	0.096	0.116	0.113	0.14	0.122	0.19
2020-08-18T04:40:05Z	0.096	0.116	0.113	0.14	0.122	0.19
2020-08-18T05:00:05Z	0.096	0.116	0.113	0.14	0.123	0.19
2020-08-18T05:20:05Z	0.096	0.116	0.113	0.14	0.123	0.19
2020-08-18T05:40:05Z	0.096	0.116	0.113	0.14	0.123	0.19
2020-08-18T06:00:05Z	0.096	0.116	0.113	0.14	0.123	0.19
2020-08-18T06:20:05Z	0.096	0.115	0.113	0.14	0.123	0.19
2020-08-18T06:40:05Z	0.096	0.115	0.113	0.14	0.123	0.19
2020-08-18T07:00:05Z	0.096	0.116	0.113	0.14	0.123	0.19
2020-08-18T07:20:05Z	0.096	0.115	0.113	0.14	0.123	0.19
2020-08-18T07:40:05Z	0.096	0.115	0.113	0.14	0.123	0.19
2020-08-18T08:00:05Z	0.096	0.116	0.113	0.14	0.123	0.19
2020-08-18T08:20:05Z	0.097	0.115	0.113	0.14	0.123	0.19
2020-08-18T08:40:05Z	0.097	0.116	0.113	0.14	0.123	0.19
2020-08-18T09:00:05Z	0.097	0.116	0.113	0.14	0.123	0.19
2020-08-18T09:20:05Z	0.097	0.116	0.113	0.14	0.123	0.19
2020-08-18T09:40:05Z	0.097	0.116	0.113	0.14	0.123	0.19
2020-08-18T10:00:05Z	0.097	0.116	0.113	0.14	0.123	0.191
2020-08-18T10:20:05Z	0.098	0.116	0.113	0.14	0.123	0.191
2020-08-18T10:40:05Z	0.098	0.116	0.113	0.14	0.123	0.191
2020-08-18T11:00:05Z	0.098	0.116	0.113	0.14	0.123	0.191
2020-08-18T11:20:05Z	0.098	0.116	0.113	0.14	0.123	0.191
2020-08-18T11:40:05Z	0.098	0.117	0.113	0.14	0.123	0.191
2020-08-18T12:00:05Z	0.098	0.117	0.113	0.14	0.123	0.191
2020-08-18T12:20:05Z	0.099	0.117	0.113	0.14	0.123	0.191
2020-08-18T12:40:05Z	0.099	0.117	0.113	0.14	0.123	0.191
2020-08-18T13:00:05Z	0.099	0.117	0.113	0.14	0.123	0.191
2020-08-18T13:20:05Z	0.098	0.117	0.113	0.14	0.123	0.191
2020-08-18T13:40:05Z	0.098	0.117	0.113	0.14	0.123	0.191
2020-08-18T14:00:05Z	0.098	0.117	0.113	0.14	0.123	0.191
2020-08-18T14:20:05Z	0.098	0.116	0.113	0.14	0.123	0.191
2020-08-18T14:40:05Z	0.098	0.116	0.113	0.14	0.123	0.19
2020-08-18T15:00:05Z	0.098	0.116	0.113	0.14	0.123	0.19
2020-08-18T15:20:05Z	0.097	0.116	0.113	0.14	0.123	0.19
2020-08-18T15:40:05Z	0.097	0.116	0.113	0.14	0.123	0.19
2020-08-18T16:00:05Z	0.097	0.116	0.113	0.14	0.123	0.19
2020-08-18T16:20:05Z	0.097	0.116	0.113	0.139	0.123	0.19
2020-08-18T16:40:05Z	0.097	0.116	0.112	0.139	0.123	0.19
2020-08-18T17:00:05Z	0.097	0.116	0.112	0.139	0.123	0.19
2020-08-18T17:20:05Z	0.097	0.116	0.112	0.139	0.123	0.19
2020-08-18T17:40:05Z	0.097	0.116	0.112	0.139	0.123	0.19
2020-08-18T18:00:05Z	0.097	0.116	0.112	0.139	0.122	0.19
2020-08-18T18:20:05Z	0.096	0.115	0.112	0.139	0.122	0.19
2020-08-18T18:40:05Z	0.096	0.115	0.112	0.139	0.122	0.19
2020-08-18T19:00:05Z	0.096	0.115	0.112	0.139	0.122	0.19
2020-08-18T19:20:05Z	0.096	0.115	0.112	0.139	0.122	0.19
2020-08-18T19:40:05Z	0.096	0.115	0.112	0.139	0.122	0.19
2020-08-18T20:00:05Z	0.096	0.115	0.112	0.139	0.122	0.19
2020-08-18T20:20:05Z	0.096	0.115	0.112	0.139	0.122	0.19
2020-08-18T20:40:05Z	0.096	0.115	0.112	0.139	0.122	0.19
2020-08-18T21:00:05Z	0.096	0.115	0.111	0.139	0.122	0.19
2020-08-18T21:20:05Z	0.096	0.115	0.112	0.138	0.122	0.19
2020-08-18T21:40:05Z	0.096	0.115	0.111	0.138	0.122	0.19
2020-08-18T22:00:05Z	0.096	0.115	0.111	0.138	0.122	0.19
2020-08-18T22:20:05Z	0.096	0.115	0.111	0.138	0.122	0.19
2020-08-18T22:40:05Z	0.095	0.115	0.111	0.138	0.122	0.19
2020-08-18T23:00:05Z	0.095	0.115	0.111	0.138	0.122	0.189
2020-08-18T23:20:05Z	0.095	0.114	0.111	0.138	0.122	0.189
2020-08-18T23:40:05Z	0.095	0.115	0.111	0.138	0.122	0.189
2020-08-19T00:00:05Z	0.095	0.114	0.111	0.138	0.122	0.189
2020-08-19T00:20:05Z	0.095	0.115	0.111	0.138	0.122	0.189
2020-08-19T00:40:05Z	0.095	0.114	0.111	0.138	0.122	0.189
2020-08-19T01:00:05Z	0.095	0.114	0.111	0.138	0.122	0.189
2020-08-19T01:20:05Z	0.095	0.114	0.111	0.138	0.122	0.189
2020-08-19T01:40:05Z	0.095	0.114	0.111	0.138	0.122	0.189
2020-08-19T02:00:05Z	0.095	0.114	0.111	0.138	0.122	0.189
2020-08-19T02:20:05Z	0.094	0.114	0.111	0.138	0.122	0.189
2020-08-19T02:40:05Z	0.094	0.114	0.111	0.138	0.122	0.189
2020-08-19T03:00:05Z	0.094	0.114	0.111	0.138	0.122	0.189
2020-08-19T03:20:05Z	0.094	0.114	0.111	0.138	0.122	0.189
2020-08-19T03:40:05Z	0.094	0.114	0.111	0.137	0.122	0.189
2020-08-19T04:00:05Z	0.094	0.114	0.111	0.137	0.122	0.189
2020-08-19T04:20:05Z	0.094	0.114	0.111	0.137	0.122	0.189
2020-08-19T04:40:05Z	0.094	0.113	0.111	0.137	0.122	0.189
2020-08-19T05:00:05Z	0.094	0.114	0.111	0.137	0.122	0.189
2020-08-19T05:20:05Z	0.094	0.114	0.111	0.137	0.122	0.189
2020-08-19T05:40:05Z	0.095	0.114	0.111	0.137	0.122	0.189
2020-08-19T06:00:05Z	0.095	0.114	0.111	0.137	0.122	0.189
2020-08-19T06:20:05Z	0.095	0.114	0.111	0.137	0.122	0.189
2020-08-19T06:40:05Z	0.095	0.115	0.111	0.138	0.123	0.19
2020-08-19T07:00:05Z	0.096	0.115	0.111	0.138	0.123	0.19
2020-08-19T07:20:05Z	0.096	0.115	0.111	0.138	0.123	0.19
2020-08-19T07:40:05Z	0.096	0.115	0.112	0.138	0.123	0.191
2020-08-19T08:00:05Z	0.096	0.115	0.112	0.138	0.123	0.191
2020-08-19T08:20:05Z	0.097	0.115	0.112	0.138	0.123	0.191
2020-08-19T08:40:05Z	0.097	0.115	0.112	0.138	0.123	0.191
2020-08-19T09:00:05Z	0.097	0.115	0.112	0.138	0.123	0.191
2020-08-19T09:20:05Z	0.097	0.115	0.111	0.138	0.123	0.191
2020-08-19T09:40:05Z	0.097	0.115	0.111	0.138	0.123	0.191
2020-08-19T10:00:05Z	0.097	0.115	0.111	0.138	0.123	0.191
2020-08-19T10:20:05Z	0.097	0.115	0.111	0.138	0.123	0.191
2020-08-19T10:40:05Z	0.097	0.115	0.111	0.138	0.123	0.191
2020-08-19T11:00:05Z	0.097	0.115	0.111	0.138	0.123	0.191
2020-08-19T11:20:05Z	0.098	0.115	0.112	0.138	0.123	0.191
2020-08-19T11:40:05Z	0.098	0.116	0.112	0.138	0.123	0.191
2020-08-19T12:00:05Z	0.098	0.116	0.112	0.138	0.123	0.191
2020-08-19T12:20:05Z	0.098	0.116	0.112	0.138	0.123	0.191
2020-08-19T12:40:05Z	0.098	0.116	0.112	0.138	0.123	0.191
2020-08-19T13:00:05Z	0.099	0.116	0.112	0.138	0.123	0.191
2020-08-19T13:20:05Z	0.098	0.116	0.111	0.138	0.123	0.191
2020-08-19T13:40:05Z	0.098	0.116	0.111	0.138	0.123	0.191
2020-08-19T14:00:05Z	0.098	0.116	0.111	0.138	0.123	0.191
2020-08-19T14:20:05Z	0.098	0.116	0.111	0.138	0.123	0.191
2020-08-19T14:40:05Z	0.097	0.115	0.111	0.137	0.123	0.191
2020-08-19T15:00:05Z	0.097	0.116	0.111	0.138	0.123	0.191
2020-08-19T15:20:05Z	0.097	0.115	0.111	0.137	0.123	0.191
2020-08-19T15:40:05Z	0.097	0.116	0.111	0.137	0.123	0.191
2020-08-19T16:00:05Z	0.097	0.115	0.111	0.137	0.123	0.191
2020-08-19T16:20:05Z	0.096	0.115	0.111	0.137	0.123	0.191
2020-08-19T16:40:05Z	0.096	0.115	0.111	0.137	0.123	0.19
2020-08-19T17:00:05Z	0.096	0.115	0.111	0.137	0.122	0.19
2020-08-19T17:20:05Z	0.096	0.115	0.111	0.137	0.122	0.19
2020-08-19T17:40:05Z	0.096	0.115	0.111	0.137	0.122	0.19
2020-08-19T18:00:05Z	0.095	0.115	0.11	0.137	0.122	0.19
2020-08-19T18:20:05Z	0.095	0.114	0.11	0.136	0.122	0.19
2020-08-19T18:40:05Z	0.095	0.114	0.11	0.136	0.122	0.19
2020-08-19T19:00:05Z	0.094	0.114	0.11	0.136	0.122	0.189
2020-08-19T19:20:05Z	0.094	0.114	0.11	0.136	0.122	0.189
2020-08-19T19:40:05Z	0.094	0.114	0.11	0.136	0.122	0.189
2020-08-19T20:00:05Z	0.094	0.113	0.11	0.136	0.122	0.189
2020-08-19T20:20:05Z	0.094	0.113	0.11	0.136	0.122	0.189
2020-08-19T20:40:05Z	0.094	0.113	0.11	0.136	0.122	0.189
2020-08-19T21:00:05Z	0.094	0.113	0.11	0.136	0.122	0.189
2020-08-19T21:20:05Z	0.094	0.113	0.11	0.136	0.122	0.189
2020-08-19T21:40:05Z	0.094	0.113	0.11	0.136	0.122	0.189
2020-08-19T22:00:05Z	0.094	0.113	0.11	0.136	0.122	0.189
2020-08-19T22:20:05Z	0.094	0.113	0.11	0.136	0.122	0.189
2020-08-19T22:40:05Z	0.094	0.113	0.11	0.136	0.122	0.189
2020-08-19T23:00:05Z	0.093	0.113	0.11	0.136	0.122	0.189
2020-08-19T23:20:05Z	0.093	0.113	0.11	0.136	0.122	0.189
2020-08-19T23:40:05Z	0.093	0.113	0.11	0.136	0.122	0.189
2020-08-20T00:00:05Z	0.093	0.113	0.11	0.136	0.122	0.189
2020-08-20T00:20:05Z	0.093	0.113	0.11	0.135	0.122	0.189
2020-08-20T00:40:05Z	0.093	0.113	0.11	0.135	0.122	0.189
2020-08-20T01:00:05Z	0.093	0.113	0.11	0.135	0.122	0.189
2020-08-20T01:20:05Z	0.093	0.113	0.11	0.135	0.122	0.189
2020-08-20T01:40:05Z	0.093	0.113	0.11	0.135	0.122	0.189
2020-08-20T02:00:05Z	0.093	0.113	0.11	0.135	0.122	0.189
2020-08-20T02:20:05Z	0.093	0.113	0.11	0.135	0.122	0.189
2020-08-20T02:40:05Z	0.093	0.113	0.109	0.135	0.122	0.189
2020-08-20T03:00:05Z	0.093	0.112	0.11	0.135	0.122	0.189
2020-08-20T03:20:05Z	0.093	0.113	0.109	0.135	0.122	0.189
2020-08-20T03:40:05Z	0.093	0.113	0.109	0.135	0.122	0.189
2020-08-20T04:00:05Z	0.093	0.113	0.11	0.135	0.122	0.189
2020-08-20T04:20:05Z	0.093	0.112	0.109	0.135	0.122	0.189
2020-08-20T04:40:05Z	0.093	0.113	0.11	0.135	0.122	0.189
2020-08-20T05:00:05Z	0.093	0.112	0.11	0.135	0.122	0.19
2020-08-20T05:20:05Z	0.093	0.113	0.11	0.135	0.122	0.19
2020-08-20T05:40:05Z	0.093	0.113	0.11	0.135	0.122	0.19
2020-08-20T06:00:05Z	0.094	0.113	0.11	0.135	0.122	0.19
2020-08-20T06:20:05Z	0.094	0.113	0.11	0.135	0.123	0.19
2020-08-20T06:40:05Z	0.094	0.113	0.11	0.135	0.123	0.19
2020-08-20T07:00:05Z	0.094	0.113	0.11	0.135	0.123	0.19
2020-08-20T07:20:05Z	0.094	0.113	0.11	0.135	0.123	0.19
2020-08-20T07:40:05Z	0.094	0.113	0.11	0.136	0.123	0.19
2020-08-20T08:00:05Z	0.094	0.113	0.11	0.136	0.123	0.191
2020-08-20T08:20:05Z	0.095	0.113	0.11	0.136	0.123	0.191
2020-08-20T08:40:05Z	0.095	0.114	0.11	0.136	0.123	0.191
2020-08-20T09:00:05Z	0.096	0.114	0.11	0.136	0.123	0.191
2020-08-20T09:20:05Z	0.096	0.114	0.11	0.136	0.123	0.191
2020-08-20T09:40:05Z	0.096	0.114	0.11	0.136	0.123	0.191
2020-08-20T10:00:05Z	0.096	0.115	0.11	0.136	0.123	0.191
2020-08-20T10:20:05Z	0.096	0.114	0.11	0.136	0.123	0.191
2020-08-20T10:40:05Z	0.096	0.114	0.11	0.136	0.123	0.191
2020-08-20T11:00:05Z	0.096	0.114	0.11	0.136	0.123	0.191
2020-08-20T11:20:05Z	0.097	0.114	0.11	0.136	0.123	0.191
2020-08-20T11:40:05Z	0.097	0.115	0.11	0.136	0.123	0.191
2020-08-20T12:00:05Z	0.097	0.115	0.11	0.136	0.123	0.191
2020-08-20T12:20:05Z	0.096	0.115	0.11	0.136	0.123	0.191
2020-08-20T12:40:05Z	0.096	0.114	0.11	0.136	0.123	0.191
2020-08-20T13:00:05Z	0.096	0.114	0.11	0.136	0.123	0.191
2020-08-20T13:20:05Z	0.096	0.115	0.11	0.136	0.123	0.191
2020-08-20T13:40:05Z	0.096	0.114	0.11	0.136	0.123	0.191
2020-08-20T14:00:05Z	0.096	0.115	0.11	0.136	0.123	0.191
2020-08-20T14:20:05Z	0.096	0.115	0.11	0.136	0.123	0.191
2020-08-20T14:40:05Z	0.096	0.114	0.11	0.136	0.123	0.191
2020-08-20T15:00:05Z	0.096	0.115	0.11	0.136	0.123	0.191
2020-08-20T15:20:05Z	0.095	0.114	0.11	0.135	0.122	0.191
2020-08-20T15:40:05Z	0.095	0.114	0.11	0.136	0.123	0.191
2020-08-20T16:00:05Z	0.095	0.114	0.11	0.136	0.123	0.191
2020-08-20T16:20:05Z	0.095	0.114	0.11	0.135	0.123	0.191
2020-08-20T16:40:05Z	0.095	0.114	0.11	0.135	0.122	0.191
2020-08-20T17:00:05Z	0.095	0.114	0.11	0.135	0.122	0.191
2020-08-20T17:20:05Z	0.094	0.114	0.11	0.135	0.122	0.19
2020-08-20T17:40:05Z	0.094	0.114	0.109	0.135	0.122	0.19
2020-08-20T18:00:05Z	0.094	0.113	0.109	0.135	0.122	0.19
2020-08-20T18:20:05Z	0.094	0.113	0.109	0.135	0.122	0.19
2020-08-20T18:40:05Z	0.094	0.113	0.109	0.135	0.122	0.19
2020-08-20T19:00:05Z	0.093	0.113	0.109	0.135	0.122	0.19
2020-08-20T19:20:05Z	0.093	0.113	0.109	0.135	0.122	0.19
2020-08-20T19:40:05Z	0.093	0.113	0.109	0.135	0.122	0.19
2020-08-20T20:00:05Z	0.093	0.113	0.109	0.135	0.122	0.19
2020-08-20T20:20:05Z	0.093	0.113	0.109	0.135	0.122	0.19
2020-08-20T20:40:05Z	0.093	0.113	0.109	0.135	0.122	0.19
2020-08-20T21:00:05Z	0.093	0.113	0.109	0.135	0.122	0.19
2020-08-20T21:20:05Z	0.093	0.112	0.109	0.135	0.121	0.19
2020-08-20T21:40:05Z	0.093	0.112	0.109	0.135	0.121	0.19
2020-08-20T22:00:05Z	0.093	0.112	0.109	0.134	0.121	0.19
2020-08-20T22:20:05Z	0.093	0.113	0.108	0.134	0.121	0.19
2020-08-20T22:40:05Z	0.093	0.112	0.108	0.134	0.121	0.189
2020-08-20T23:00:05Z	0.092	0.112	0.108	0.134	0.121	0.189
2020-08-20T23:20:05Z	0.092	0.112	0.108	0.134	0.121	0.189
2020-08-20T23:40:05Z	0.092	0.112	0.108	0.134	0.121	0.189
2020-08-21T00:00:05Z	0.092	0.112	0.108	0.134	0.121	0.189
2020-08-21T00:20:05Z	0.092	0.112	0.108	0.134	0.121	0.189
2020-08-21T00:40:05Z	0.092	0.112	0.108	0.134	0.121	0.189
2020-08-21T01:00:05Z	0.092	0.112	0.108	0.134	0.121	0.189
2020-08-21T01:20:05Z	0.092	0.112	0.108	0.134	0.121	0.189
2020-08-21T01:40:05Z	0.092	0.112	0.108	0.134	0.121	0.189
2020-08-21T02:00:05Z	0.092	0.112	0.108	0.134	0.121	0.189
2020-08-21T02:20:05Z	0.092	0.112	0.108	0.134	0.121	0.189
2020-08-21T02:40:05Z	0.092	0.112	0.108	0.134	0.121	0.189
2020-08-21T03:00:05Z	0.092	0.112	0.108	0.134	0.121	0.189
2020-08-21T03:20:05Z	0.092	0.112	0.108	0.134	0.121	0.189
2020-08-21T03:40:05Z	0.092	0.112	0.108	0.134	0.121	0.189
2020-08-21T04:00:05Z	0.092	0.112	0.108	0.133	0.121	0.189
2020-08-21T04:20:05Z	0.092	0.112	0.108	0.133	0.121	0.189
2020-08-21T04:40:05Z	0.092	0.112	0.108	0.133	0.121	0.189
2020-08-21T05:00:05Z	0.092	0.112	0.108	0.133	0.121	0.189
2020-08-21T05:20:05Z	0.092	0.112	0.108	0.134	0.122	0.19
2020-08-21T05:40:05Z	0.092	0.112	0.108	0.134	0.122	0.19
2020-08-21T06:00:05Z	0.092	0.112	0.108	0.134	0.122	0.19
2020-08-21T06:20:05Z	0.092	0.112	0.108	0.134	0.122	0.19
2020-08-21T06:40:05Z	0.093	0.112	0.109	0.134	0.122	0.19
2020-08-21T07:00:05Z	0.093	0.113	0.109	0.134	0.122	0.191
2020-08-21T07:20:05Z	0.093	0.113	0.109	0.134	0.122	0.191
2020-08-21T07:40:05Z	0.094	0.113	0.109	0.135	0.123	0.191
2020-08-21T08:00:05Z	0.094	0.113	0.109	0.135	0.123	0.191
2020-08-21T08:20:05Z	0.094	0.113	0.109	0.135	0.123	0.191
2020-08-21T08:40:05Z	0.094	0.113	0.109	0.135	0.123	0.191
2020-08-21T09:00:05Z	0.095	0.113	0.109	0.135	0.123	0.191
2020-08-21T09:20:05Z	0.095	0.113	0.109	0.135	0.123	0.191
2020-08-21T09:40:05Z	0.095	0.113	0.109	0.135	0.123	0.191
2020-08-21T10:00:05Z	0.096	0.113	0.109	0.135	0.123	0.191
2020-08-21T10:20:05Z	0.096	0.114	0.109	0.135	0.123	0.191
2020-08-21T10:40:05Z	0.096	0.114	0.109	0.135	0.123	0.191
2020-08-21T11:00:05Z	0.096	0.114	0.109	0.135	0.123	0.191
2020-08-21T11:20:05Z	0.096	0.114	0.109	0.135	0.123	0.191
2020-08-21T11:40:05Z	0.096	0.114	0.109	0.135	0.123	0.191
2020-08-21T12:00:05Z	0.096	0.114	0.109	0.135	0.123	0.191
2020-08-21T12:20:05Z	0.096	0.114	0.109	0.135	0.123	0.191
2020-08-21T12:40:05Z	0.096	0.114	0.109	0.135	0.123	0.191
2020-08-21T13:00:05Z	0.096	0.114	0.109	0.135	0.123	0.191
2020-08-21T13:20:05Z	0.096	0.114	0.109	0.135	0.123	0.191
2020-08-21T13:40:05Z	0.096	0.114	0.109	0.134	0.122	0.191
2020-08-21T14:00:05Z	0.095	0.114	0.109	0.134	0.122	0.191
2020-08-21T14:20:05Z	0.095	0.114	0.109	0.134	0.122	0.191
2020-08-21T14:40:05Z	0.095	0.114	0.109	0.134	0.122	0.191
2020-08-21T15:00:05Z	0.094	0.114	0.109	0.134	0.122	0.191
2020-08-21T15:20:05Z	0.094	0.114	0.109	0.134	0.122	0.191
2020-08-21T15:40:05Z	0.094	0.114	0.109	0.134	0.122	0.191
2020-08-21T16:00:05Z	0.094	0.114	0.109	0.134	0.122	0.191
2020-08-21T16:20:05Z	0.094	0.113	0.109	0.134	0.122	0.191
2020-08-21T16:40:05Z	0.094	0.113	0.109	0.134	0.122	0.191
2020-08-21T17:00:05Z	0.094	0.113	0.108	0.134	0.122	0.191
2020-08-21T17:20:05Z	0.093	0.113	0.108	0.134	0.122	0.191
2020-08-21T17:40:05Z	0.093	0.113	0.108	0.134	0.122	0.191
2020-08-21T18:00:05Z	0.093	0.113	0.108	0.134	0.122	0.191
2020-08-21T18:20:05Z	0.093	0.113	0.108	0.134	0.122	0.19
2020-08-21T18:40:05Z	0.093	0.113	0.108	0.134	0.122	0.19
2020-08-21T19:00:05Z	0.093	0.113	0.108	0.134	0.122	0.19
2020-08-21T19:20:05Z	0.093	0.112	0.108	0.134	0.122	0.19
2020-08-21T19:40:05Z	0.092	0.112	0.108	0.134	0.122	0.19
2020-08-21T20:00:05Z	0.092	0.112	0.108	0.134	0.122	0.19
2020-08-21T20:20:05Z	0.092	0.112	0.108	0.133	0.122	0.19
2020-08-21T20:40:05Z	0.092	0.112	0.108	0.133	0.122	0.19
2020-08-21T21:00:05Z	0.092	0.112	0.108	0.133	0.122	0.19
2020-08-21T21:20:05Z	0.092	0.112	0.108	0.133	0.122	0.19
2020-08-21T21:40:05Z	0.092	0.112	0.108	0.133	0.122	0.19
2020-08-21T22:00:05Z	0.092	0.112	0.108	0.133	0.122	0.19
2020-08-21T22:20:05Z	0.092	0.112	0.108	0.133	0.122	0.19
2020-08-21T22:40:05Z	0.092	0.112	0.108	0.133	0.122	0.19
2020-08-21T23:00:05Z	0.092	0.112	0.108	0.133	0.122	0.19
2020-08-21T23:20:05Z	0.092	0.112	0.108	0.133	0.122	0.19
2020-08-21T23:40:05Z	0.092	0.112	0.108	0.133	0.122	0.19
2020-08-22T00:00:05Z	0.092	0.112	0.108	0.133	0.122	0.19
2020-08-22T00:20:05Z	0.092	0.112	0.108	0.133	0.122	0.19
2020-08-22T00:40:05Z	0.092	0.112	0.108	0.133	0.122	0.19
2020-08-22T01:00:05Z	0.092	0.112	0.108	0.133	0.122	0.19
2020-08-22T01:20:05Z	0.092	0.112	0.108	0.133	0.122	0.19
2020-08-22T01:40:05Z	0.092	0.112	0.108	0.133	0.122	0.19
2020-08-22T02:00:05Z	0.091	0.112	0.108	0.133	0.122	0.19
2020-08-22T02:20:05Z	0.091	0.112	0.108	0.133	0.122	0.19
2020-08-22T02:40:05Z	0.091	0.112	0.108	0.133	0.122	0.19
2020-08-22T03:00:05Z	0.091	0.112	0.108	0.133	0.122	0.19
2020-08-22T03:20:05Z	0.091	0.112	0.108	0.133	0.122	0.19
2020-08-22T03:40:05Z	0.091	0.112	0.107	0.133	0.121	0.19
2020-08-22T04:00:05Z	0.091	0.112	0.107	0.133	0.121	0.19
2020-08-22T04:20:05Z	0.091	0.112	0.107	0.133	0.121	0.19
2020-08-22T04:40:05Z	0.091	0.112	0.107	0.133	0.121	0.19
2020-08-22T05:00:05Z	0.091	0.111	0.107	0.133	0.121	0.19
2020-08-22T05:20:05Z	0.091	0.112	0.107	0.133	0.121	0.19
2020-08-22T05:40:05Z	0.091	0.112	0.107	0.133	0.121	0.19
2020-08-22T06:00:05Z	0.092	0.112	0.107	0.133	0.121	0.19
2020-08-22T06:20:05Z	0.094	0.112	0.107	0.133	0.121	0.19
2020-08-22T06:40:05Z	0.097	0.112	0.107	0.133	0.121	0.19
2020-08-22T07:00:05Z	0.101	0.112	0.107	0.133	0.121	0.19
2020-08-22T07:20:05Z	0.105	0.112	0.107	0.133	0.121	0.19
2020-08-22T07:40:05Z	0.109	0.111	0.107	0.133	0.121	0.19
2020-08-22T08:00:05Z	0.112	0.112	0.107	0.133	0.121	0.19
2020-08-22T08:20:05Z	0.114	0.112	0.107	0.133	0.121	0.19
2020-08-22T08:40:05Z	0.116	0.112	0.108	0.133	0.122	0.19
2020-08-22T09:00:05Z	0.117	0.112	0.108	0.133	0.122	0.19
2020-08-22T09:20:05Z	0.118	0.112	0.108	0.133	0.122	0.19
2020-08-22T09:40:05Z	0.119	0.112	0.108	0.133	0.122	0.19
2020-08-22T10:00:05Z	0.12	0.112	0.108	0.133	0.122	0.19
2020-08-22T10:20:05Z	0.12	0.112	0.108	0.133	0.122	0.19
2020-08-22T10:40:05Z	0.121	0.112	0.108	0.133	0.122	0.19
2020-08-22T11:00:05Z	0.121	0.112	0.108	0.133	0.122	0.19
2020-08-22T11:20:05Z	0.121	0.112	0.108	0.133	0.122	0.19
2020-08-22T11:40:05Z	0.121	0.112	0.108	0.133	0.122	0.19
2020-08-22T12:00:05Z	0.121	0.112	0.108	0.133	0.122	0.19
2020-08-22T12:20:05Z	0.121	0.112	0.108	0.133	0.122	0.19
2020-08-22T12:40:05Z	0.121	0.112	0.108	0.133	0.122	0.19
2020-08-22T13:00:05Z	0.121	0.112	0.108	0.133	0.122	0.19
2020-08-22T13:20:05Z	0.121	0.112	0.108	0.133	0.122	0.19
2020-08-22T13:40:05Z	0.121	0.112	0.108	0.133	0.122	0.19
2020-08-22T14:00:05Z	0.121	0.112	0.108	0.133	0.122	0.19
2020-08-22T14:20:05Z	0.12	0.112	0.108	0.133	0.122	0.19
2020-08-22T14:40:05Z	0.12	0.112	0.108	0.133	0.122	0.19
2020-08-22T15:00:05Z	0.12	0.112	0.108	0.133	0.122	0.19
2020-08-22T15:20:05Z	0.12	0.112	0.108	0.133	0.122	0.19
2020-08-22T15:40:05Z	0.12	0.112	0.108	0.132	0.121	0.19
2020-08-22T16:00:05Z	0.12	0.112	0.108	0.132	0.121	0.19
2020-08-22T16:20:05Z	0.12	0.112	0.108	0.132	0.121	0.19
2020-08-22T16:40:05Z	0.12	0.112	0.108	0.132	0.121	0.19
2020-08-22T17:00:05Z	0.12	0.112	0.108	0.132	0.121	0.19
2020-08-22T17:20:05Z	0.12	0.112	0.108	0.132	0.121	0.19
2020-08-22T17:40:05Z	0.12	0.111	0.108	0.132	0.121	0.19
2020-08-22T18:00:05Z	0.119	0.111	0.107	0.132	0.121	0.19
2020-08-22T18:20:05Z	0.119	0.111	0.107	0.132	0.121	0.19
2020-08-22T18:40:05Z	0.119	0.111	0.107	0.132	0.121	0.19
2020-08-22T19:00:05Z	0.119	0.111	0.107	0.132	0.121	0.189
2020-08-22T19:20:05Z	0.119	0.111	0.107	0.132	0.121	0.19
2020-08-22T19:40:05Z	0.119	0.111	0.107	0.132	0.121	0.189
2020-08-22T20:00:05Z	0.119	0.111	0.107	0.132	0.121	0.189
2020-08-22T20:20:05Z	0.119	0.111	0.107	0.132	0.121	0.189
2020-08-22T20:40:05Z	0.119	0.111	0.107	0.132	0.121	0.189
2020-08-22T21:00:05Z	0.118	0.111	0.107	0.132	0.121	0.189
2020-08-22T21:20:05Z	0.118	0.111	0.107	0.132	0.121	0.189
2020-08-22T21:40:05Z	0.118	0.111	0.107	0.132	0.121	0.189
2020-08-22T22:00:05Z	0.118	0.111	0.107	0.132	0.121	0.189
2020-08-22T22:20:05Z	0.118	0.111	0.107	0.132	0.121	0.189
2020-08-22T22:40:05Z	0.118	0.111	0.107	0.132	0.121	0.189
2020-08-22T23:00:05Z	0.118	0.111	0.107	0.132	0.121	0.189
2020-08-22T23:20:05Z	0.118	0.11	0.107	0.132	0.121	0.189
2020-08-22T23:40:05Z	0.118	0.111	0.107	0.132	0.121	0.189
2020-08-23T00:00:05Z	0.118	0.111	0.107	0.131	0.121	0.189
2020-08-23T00:20:05Z	0.118	0.111	0.107	0.131	0.121	0.189
2020-08-23T00:40:05Z	0.118	0.11	0.107	0.131	0.121	0.189
2020-08-23T01:00:05Z	0.118	0.11	0.107	0.131	0.121	0.189
2020-08-23T01:20:05Z	0.118	0.11	0.107	0.131	0.121	0.189
2020-08-23T01:40:05Z	0.118	0.111	0.107	0.131	0.121	0.189
2020-08-23T02:00:05Z	0.118	0.111	0.107	0.131	0.121	0.189
2020-08-23T02:20:05Z	0.117	0.11	0.107	0.131	0.121	0.189
2020-08-23T02:40:05Z	0.117	0.111	0.107	0.131	0.121	0.189
2020-08-23T03:00:05Z	0.117	0.111	0.107	0.131	0.121	0.189
2020-08-23T03:20:05Z	0.117	0.11	0.107	0.131	0.121	0.189
2020-08-23T03:40:05Z	0.117	0.111	0.107	0.131	0.121	0.189
2020-08-23T04:00:05Z	0.117	0.11	0.107	0.131	0.121	0.189
2020-08-23T04:20:05Z	0.117	0.11	0.107	0.131	0.121	0.189
2020-08-23T04:40:05Z	0.117	0.111	0.107	0.131	0.121	0.189
2020-08-23T05:00:05Z	0.117	0.111	0.107	0.131	0.121	0.189
2020-08-23T05:20:05Z	0.117	0.11	0.107	0.131	0.121	0.189
2020-08-23T05:40:05Z	0.117	0.111	0.107	0.131	0.121	0.189
2020-08-23T06:00:05Z	0.117	0.111	0.107	0.131	0.121	0.189
2020-08-23T06:20:05Z	0.117	0.111	0.107	0.131	0.121	0.19
2020-08-23T06:40:05Z	0.118	0.111	0.107	0.132	0.121	0.19
2020-08-23T07:00:05Z	0.118	0.111	0.107	0.132	0.121	0.19
2020-08-23T07:20:05Z	0.118	0.111	0.107	0.132	0.122	0.19
2020-08-23T07:40:05Z	0.118	0.111	0.107	0.132	0.122	0.191
2020-08-23T08:00:05Z	0.118	0.111	0.107	0.132	0.122	0.191
2020-08-23T08:20:05Z	0.118	0.111	0.108	0.132	0.122	0.191
2020-08-23T08:40:05Z	0.117	0.111	0.108	0.132	0.122	0.191
2020-08-23T09:00:05Z	0.117	0.111	0.108	0.132	0.122	0.191
2020-08-23T09:20:05Z	0.117	0.112	0.108	0.132	0.122	0.191
2020-08-23T09:40:05Z	0.117	0.112	0.108	0.132	0.122	0.191
2020-08-23T10:00:05Z	0.116	0.112	0.108	0.132	0.122	0.191
2020-08-23T10:20:05Z	0.116	0.112	0.108	0.132	0.122	0.191
2020-08-23T10:40:05Z	0.116	0.112	0.108	0.132	0.122	0.191
2020-08-23T11:00:05Z	0.115	0.112	0.108	0.132	0.122	0.19
2020-08-23T11:20:05Z	0.115	0.112	0.108	0.132	0.122	0.191
2020-08-23T11:40:05Z	0.114	0.112	0.108	0.132	0.122	0.19
2020-08-23T12:00:05Z	0.114	0.112	0.108	0.132	0.122	0.191
2020-08-23T12:20:05Z	0.113	0.112	0.108	0.132	0.122	0.19
2020-08-23T12:40:05Z	0.113	0.112	0.108	0.132	0.122	0.19
2020-08-23T13:00:05Z	0.112	0.112	0.108	0.132	0.122	0.19
2020-08-23T13:20:05Z	0.112	0.112	0.108	0.132	0.122	0.191
2020-08-23T13:40:05Z	0.112	0.112	0.108	0.132	0.122	0.19
2020-08-23T14:00:05Z	0.111	0.112	0.108	0.132	0.122	0.19
2020-08-23T14:20:05Z	0.111	0.112	0.108	0.132	0.122	0.19
2020-08-23T14:40:05Z	0.11	0.112	0.108	0.132	0.122	0.191
2020-08-23T15:00:05Z	0.11	0.112	0.108	0.132	0.122	0.19
2020-08-23T15:20:05Z	0.11	0.112	0.108	0.132	0.121	0.19
2020-08-23T15:40:05Z	0.109	0.112	0.108	0.132	0.121	0.19
2020-08-23T16:00:05Z	0.109	0.112	0.108	0.132	0.121	0.19
2020-08-23T16:20:05Z	0.108	0.112	0.108	0.132	0.121	0.19
2020-08-23T16:40:05Z	0.108	0.112	0.108	0.132	0.121	0.19
2020-08-23T17:00:05Z	0.108	0.111	0.108	0.132	0.121	0.19
2020-08-23T17:20:05Z	0.108	0.112	0.107	0.132	0.121	0.19
2020-08-23T17:40:05Z	0.107	0.111	0.108	0.132	0.121	0.19
2020-08-23T18:00:05Z	0.107	0.111	0.107	0.131	0.121	0.19
2020-08-23T18:20:05Z	0.107	0.111	0.107	0.131	0.121	0.19
2020-08-23T18:40:05Z	0.107	0.111	0.107	0.131	0.121	0.189
2020-08-23T19:00:05Z	0.107	0.111	0.107	0.131	0.121	0.189
2020-08-23T19:20:05Z	0.106	0.111	0.107	0.131	0.121	0.189
2020-08-23T19:40:05Z	0.106	0.111	0.107	0.131	0.121	0.189
2020-08-23T20:00:05Z	0.106	0.111	0.107	0.131	0.121	0.189
2020-08-23T20:20:05Z	0.106	0.111	0.107	0.131	0.121	0.189
2020-08-23T20:40:05Z	0.106	0.111	0.107	0.131	0.121	0.189
2020-08-23T21:00:05Z	0.106	0.111	0.107	0.131	0.121	0.189
2020-08-23T21:20:05Z	0.106	0.111	0.107	0.131	0.121	0.189
2020-08-23T21:40:05Z	0.106	0.11	0.107	0.131	0.121	0.189
2020-08-23T22:00:05Z	0.106	0.111	0.107	0.131	0.121	0.189
2020-08-23T22:20:05Z	0.105	0.111	0.107	0.131	0.121	0.19
2020-08-23T22:40:05Z	0.105	0.111	0.107	0.131	0.121	0.189
2020-08-23T23:00:05Z	0.105	0.111	0.107	0.131	0.121	0.189
2020-08-23T23:20:05Z	0.105	0.11	0.107	0.131	0.121	0.189
2020-08-23T23:40:05Z	0.105	0.11	0.107	0.131	0.121	0.189
2020-08-24T00:00:05Z	0.105	0.11	0.107	0.131	0.121	0.189
2020-08-24T00:20:05Z	0.105	0.111	0.107	0.131	0.121	0.189
2020-08-24T00:40:05Z	0.105	0.11	0.107	0.131	0.121	0.189
2020-08-24T01:00:05Z	0.105	0.111	0.107	0.131	0.121	0.189
2020-08-24T01:20:05Z	0.105	0.111	0.107	0.131	0.121	0.189
2020-08-24T01:40:05Z	0.104	0.11	0.107	0.131	0.121	0.189
2020-08-24T02:00:05Z	0.104	0.11	0.107	0.131	0.121	0.189
2020-08-24T02:20:05Z	0.104	0.11	0.107	0.131	0.121	0.189
2020-08-24T02:40:05Z	0.104	0.11	0.107	0.131	0.121	0.189
2020-08-24T03:00:05Z	0.104	0.11	0.107	0.131	0.121	0.189
2020-08-24T03:20:05Z	0.104	0.11	0.107	0.131	0.121	0.189
2020-08-24T03:40:05Z	0.104	0.11	0.107	0.131	0.121	0.189
2020-08-24T04:00:05Z	0.104	0.11	0.107	0.131	0.121	0.189
2020-08-24T04:20:05Z	0.104	0.11	0.107	0.131	0.121	0.189
2020-08-24T04:40:05Z	0.104	0.11	0.107	0.131	0.121	0.189
2020-08-24T05:00:05Z	0.104	0.11	0.107	0.131	0.121	0.189
2020-08-24T05:20:05Z	0.104	0.11	0.107	0.131	0.121	0.189
2020-08-24T05:40:05Z	0.104	0.11	0.107	0.131	0.121	0.189
2020-08-24T06:00:05Z	0.104	0.11	0.107	0.131	0.121	0.189
2020-08-24T06:20:05Z	0.104	0.11	0.107	0.131	0.121	0.189
2020-08-24T06:40:05Z	0.104	0.111	0.107	0.131	0.121	0.19
2020-08-24T07:00:05Z	0.104	0.111	0.107	0.131	0.121	0.19
2020-08-24T07:20:05Z	0.104	0.111	0.107	0.131	0.121	0.19
2020-08-24T07:40:05Z	0.104	0.111	0.107	0.131	0.121	0.19
2020-08-24T08:00:05Z	0.104	0.111	0.107	0.131	0.121	0.19
2020-08-24T08:20:05Z	0.104	0.111	0.108	0.131	0.121	0.19
2020-08-24T08:40:05Z	0.104	0.111	0.107	0.131	0.121	0.19
2020-08-24T09:00:05Z	0.104	0.111	0.107	0.131	0.121	0.19
2020-08-24T09:20:05Z	0.104	0.111	0.107	0.131	0.121	0.19
2020-08-24T09:40:05Z	0.104	0.111	0.107	0.131	0.121	0.19
2020-08-24T10:00:05Z	0.104	0.111	0.107	0.131	0.121	0.19
2020-08-24T10:20:05Z	0.104	0.111	0.107	0.131	0.121	0.191
2020-08-24T10:40:05Z	0.103	0.111	0.107	0.131	0.121	0.19
2020-08-24T11:00:05Z	0.103	0.111	0.107	0.131	0.121	0.19
2020-08-24T11:20:05Z	0.102	0.111	0.107	0.131	0.121	0.19
2020-08-24T11:40:05Z	0.103	0.112	0.107	0.131	0.121	0.19
2020-08-24T12:00:05Z	0.103	0.112	0.107	0.131	0.121	0.191
2020-08-24T12:20:05Z	0.103	0.111	0.108	0.131	0.121	0.191
2020-08-24T12:40:05Z	0.103	0.112	0.108	0.131	0.121	0.191
2020-08-24T13:00:05Z	0.102	0.111	0.108	0.131	0.121	0.19
2020-08-24T13:20:05Z	0.102	0.112	0.107	0.131	0.121	0.19
2020-08-24T13:40:05Z	0.102	0.112	0.108	0.131	0.121	0.191
2020-08-24T14:00:05Z	0.102	0.112	0.108	0.131	0.121	0.19
2020-08-24T14:20:05Z	0.101	0.111	0.107	0.131	0.121	0.19
2020-08-24T14:40:05Z	0.101	0.111	0.107	0.131	0.121	0.19
2020-08-24T15:00:05Z	0.101	0.111	0.107	0.131	0.121	0.19
2020-08-24T15:20:05Z	0.101	0.111	0.107	0.131	0.121	0.19
2020-08-24T15:40:05Z	0.101	0.111	0.107	0.131	0.121	0.19
2020-08-24T16:00:05Z	0.101	0.111	0.107	0.131	0.121	0.19
2020-08-24T16:20:05Z	0.101	0.111	0.107	0.131	0.121	0.19
2020-08-24T16:40:05Z	0.101	0.111	0.107	0.131	0.121	0.19
2020-08-24T17:00:05Z	0.1	0.111	0.107	0.131	0.121	0.19
2020-08-24T17:20:05Z	0.1	0.111	0.107	0.131	0.121	0.19
2020-08-24T17:40:05Z	0.1	0.111	0.107	0.131	0.121	0.19
2020-08-24T18:00:05Z	0.1	0.111	0.107	0.131	0.121	0.19
2020-08-24T18:20:05Z	0.1	0.111	0.107	0.131	0.121	0.19
2020-08-24T18:40:05Z	0.1	0.111	0.107	0.131	0.121	0.19
2020-08-24T19:00:05Z	0.1	0.111	0.107	0.131	0.121	0.189
2020-08-24T19:20:05Z	0.1	0.111	0.107	0.131	0.121	0.189
2020-08-24T19:40:05Z	0.099	0.111	0.107	0.131	0.121	0.189
2020-08-24T20:00:05Z	0.099	0.11	0.107	0.13	0.121	0.189
2020-08-24T20:20:05Z	0.099	0.111	0.107	0.131	0.121	0.189
2020-08-24T20:40:05Z	0.099	0.11	0.107	0.13	0.121	0.189
2020-08-24T21:00:05Z	0.099	0.11	0.107	0.13	0.121	0.189
2020-08-24T21:20:05Z	0.099	0.11	0.107	0.13	0.121	0.189
2020-08-24T21:40:05Z	0.099	0.11	0.107	0.13	0.121	0.189
2020-08-24T22:00:05Z	0.099	0.11	0.107	0.13	0.121	0.189
2020-08-24T22:20:05Z	0.099	0.11	0.107	0.13	0.121	0.189
2020-08-24T22:40:05Z	0.099	0.11	0.107	0.13	0.121	0.189
2020-08-24T23:00:05Z	0.098	0.11	0.107	0.13	0.121	0.189
2020-08-24T23:20:05Z	0.098	0.11	0.107	0.13	0.121	0.189
2020-08-24T23:40:05Z	0.098	0.11	0.107	0.13	0.121	0.189
2020-08-25T00:00:05Z	0.098	0.11	0.107	0.13	0.12	0.189
2020-08-25T00:20:05Z	0.098	0.11	0.107	0.13	0.12	0.189
2020-08-25T00:40:05Z	0.098	0.11	0.107	0.13	0.12	0.189
2020-08-25T01:00:05Z	0.098	0.11	0.107	0.13	0.12	0.189
2020-08-25T01:20:05Z	0.098	0.11	0.107	0.13	0.12	0.189
2020-08-25T01:40:05Z	0.098	0.11	0.107	0.13	0.12	0.189
2020-08-25T02:00:05Z	0.098	0.109	0.107	0.13	0.12	0.189
2020-08-25T02:20:05Z	0.098	0.11	0.106	0.13	0.12	0.189
2020-08-25T02:40:05Z	0.098	0.109	0.107	0.13	0.12	0.189
2020-08-25T03:00:05Z	0.098	0.11	0.106	0.13	0.12	0.189
2020-08-25T03:20:05Z	0.098	0.11	0.106	0.13	0.12	0.189
2020-08-25T03:40:05Z	0.098	0.11	0.107	0.13	0.12	0.189
2020-08-25T04:00:05Z	0.098	0.109	0.106	0.13	0.12	0.189
2020-08-25T04:20:05Z	0.098	0.11	0.106	0.13	0.12	0.189
2020-08-25T04:40:05Z	0.098	0.11	0.107	0.13	0.12	0.189
2020-08-25T05:00:05Z	0.098	0.11	0.107	0.13	0.12	0.189
2020-08-25T05:20:05Z	0.098	0.109	0.107	0.13	0.12	0.189
2020-08-25T05:40:05Z	0.098	0.109	0.107	0.13	0.121	0.189
2020-08-25T06:00:05Z	0.098	0.11	0.107	0.13	0.121	0.189
2020-08-25T06:20:05Z	0.098	0.11	0.107	0.13	0.121	0.189
2020-08-25T06:40:05Z	0.098	0.11	0.107	0.13	0.121	0.189
2020-08-25T07:00:05Z	0.098	0.11	0.107	0.13	0.121	0.19
2020-08-25T07:20:05Z	0.099	0.111	0.107	0.131	0.121	0.19
2020-08-25T07:40:05Z	0.099	0.111	0.107	0.131	0.121	0.19
2020-08-25T08:00:05Z	0.099	0.111	0.107	0.131	0.121	0.19
2020-08-25T08:20:05Z	0.1	0.111	0.107	0.131	0.121	0.19
2020-08-25T08:40:05Z	0.1	0.111	0.107	0.131	0.121	0.191
2020-08-25T09:00:05Z	0.1	0.111	0.107	0.131	0.121	0.19
2020-08-25T09:20:05Z	0.1	0.112	0.107	0.131	0.121	0.191
2020-08-25T09:40:05Z	0.1	0.111	0.108	0.131	0.121	0.19
2020-08-25T10:00:05Z	0.1	0.112	0.107	0.131	0.121	0.19
2020-08-25T10:20:05Z	0.1	0.112	0.108	0.131	0.121	0.191
2020-08-25T10:40:05Z	0.1	0.112	0.108	0.131	0.121	0.191
2020-08-25T11:00:05Z	0.1	0.112	0.108	0.131	0.121	0.19
2020-08-25T11:20:05Z	0.101	0.112	0.107	0.131	0.121	0.191
2020-08-25T11:40:05Z	0.101	0.112	0.108	0.131	0.121	0.191
2020-08-25T12:00:05Z	0.1	0.112	0.107	0.131	0.121	0.19
2020-08-25T12:20:05Z	0.1	0.112	0.108	0.131	0.121	0.191
2020-08-25T12:40:05Z	0.1	0.112	0.107	0.131	0.121	0.191
2020-08-25T13:00:05Z	0.1	0.112	0.108	0.131	0.121	0.19
2020-08-25T13:20:05Z	0.1	0.112	0.107	0.131	0.121	0.19
2020-08-25T13:40:05Z	0.1	0.112	0.107	0.131	0.121	0.19
2020-08-25T14:00:05Z	0.099	0.112	0.107	0.131	0.121	0.19
2020-08-25T14:20:05Z	0.099	0.112	0.107	0.131	0.121	0.19
2020-08-25T14:40:05Z	0.099	0.112	0.107	0.131	0.121	0.19
2020-08-25T15:00:05Z	0.098	0.112	0.107	0.131	0.121	0.19
2020-08-25T15:20:05Z	0.098	0.112	0.107	0.13	0.121	0.19
2020-08-25T15:40:05Z	0.098	0.112	0.107	0.13	0.121	0.19
2020-08-25T16:00:05Z	0.098	0.112	0.107	0.13	0.121	0.19
2020-08-25T16:20:05Z	0.098	0.112	0.107	0.13	0.121	0.19
2020-08-25T16:40:05Z	0.098	0.112	0.107	0.13	0.121	0.19
2020-08-25T17:00:05Z	0.097	0.112	0.107	0.13	0.121	0.19
2020-08-25T17:20:05Z	0.097	0.111	0.107	0.13	0.121	0.19
2020-08-25T17:40:05Z	0.097	0.111	0.107	0.13	0.121	0.19
2020-08-25T18:00:05Z	0.097	0.111	0.107	0.13	0.121	0.19
2020-08-25T18:20:05Z	0.097	0.111	0.107	0.13	0.121	0.189
2020-08-25T18:40:05Z	0.097	0.111	0.107	0.13	0.121	0.189
2020-08-25T19:00:05Z	0.097	0.111	0.107	0.13	0.12	0.189
2020-08-25T19:20:05Z	0.097	0.111	0.107	0.13	0.121	0.189
2020-08-25T19:40:05Z	0.097	0.111	0.107	0.13	0.12	0.189
2020-08-25T20:00:05Z	0.097	0.111	0.107	0.13	0.12	0.189
2020-08-25T20:20:05Z	0.096	0.111	0.107	0.13	0.12	0.189
2020-08-25T20:40:05Z	0.096	0.111	0.107	0.13	0.12	0.189
2020-08-25T21:00:05Z	0.096	0.111	0.107	0.13	0.121	0.189
2020-08-25T21:20:05Z	0.096	0.111	0.107	0.13	0.121	0.189
2020-08-25T21:40:05Z	0.096	0.111	0.107	0.13	0.12	0.189
2020-08-25T22:00:05Z	0.096	0.111	0.107	0.13	0.121	0.189
2020-08-25T22:20:05Z	0.096	0.111	0.107	0.13	0.12	0.189
2020-08-25T22:40:05Z	0.096	0.111	0.107	0.13	0.12	0.189
2020-08-25T23:00:05Z	0.096	0.11	0.107	0.129	0.12	0.189
2020-08-25T23:20:05Z	0.096	0.111	0.107	0.129	0.12	0.189
2020-08-25T23:40:05Z	0.096	0.11	0.107	0.129	0.12	0.189
2020-08-26T00:00:05Z	0.096	0.11	0.107	0.129	0.12	0.189
2020-08-26T00:20:05Z	0.096	0.11	0.106	0.129	0.12	0.189
2020-08-26T00:40:05Z	0.096	0.111	0.106	0.129	0.12	0.189
2020-08-26T01:00:05Z	0.096	0.11	0.107	0.129	0.121	0.189
2020-08-26T01:20:05Z	0.096	0.11	0.107	0.129	0.121	0.189
2020-08-26T01:40:05Z	0.096	0.111	0.107	0.129	0.121	0.189
2020-08-26T02:00:05Z	0.096	0.111	0.107	0.129	0.121	0.189
2020-08-26T02:20:05Z	0.096	0.11	0.106	0.129	0.12	0.189
2020-08-26T02:40:05Z	0.096	0.11	0.106	0.129	0.12	0.189
2020-08-26T03:00:05Z	0.096	0.11	0.106	0.129	0.12	0.189
2020-08-26T03:20:05Z	0.096	0.11	0.106	0.129	0.12	0.189
2020-08-26T03:40:05Z	0.096	0.11	0.106	0.129	0.12	0.189
2020-08-26T04:00:05Z	0.096	0.11	0.106	0.129	0.12	0.189
2020-08-26T04:20:05Z	0.096	0.11	0.106	0.129	0.12	0.189
2020-08-26T04:40:05Z	0.096	0.11	0.106	0.129	0.12	0.189
2020-08-26T05:00:05Z	0.096	0.11	0.106	0.129	0.12	0.189
2020-08-26T05:20:05Z	0.096	0.11	0.106	0.129	0.12	0.189
2020-08-26T05:40:05Z	0.096	0.11	0.106	0.129	0.12	0.189
2020-08-26T06:00:05Z	0.096	0.11	0.106	0.129	0.12	0.189
2020-08-26T06:20:05Z	0.096	0.11	0.106	0.129	0.121	0.189
2020-08-26T06:40:05Z	0.096	0.111	0.107	0.129	0.121	0.189
2020-08-26T07:00:05Z	0.096	0.11	0.107	0.129	0.121	0.189
2020-08-26T07:20:05Z	0.096	0.11	0.106	0.129	0.121	0.189
2020-08-26T07:40:05Z	0.096	0.111	0.106	0.129	0.121	0.189
2020-08-26T08:00:05Z	0.096	0.11	0.106	0.129	0.12	0.189
2020-08-26T08:20:05Z	0.096	0.11	0.106	0.129	0.12	0.189
2020-08-26T08:40:05Z	0.096	0.11	0.106	0.129	0.12	0.189
2020-08-26T09:00:05Z	0.097	0.11	0.106	0.129	0.12	0.189
2020-08-26T09:20:05Z	0.097	0.11	0.106	0.129	0.12	0.189
2020-08-26T09:40:05Z	0.098	0.111	0.106	0.129	0.12	0.189
2020-08-26T10:00:05Z	0.1	0.11	0.106	0.129	0.12	0.189
2020-08-26T10:20:05Z	0.107	0.11	0.106	0.129	0.12	0.189
2020-08-26T10:40:05Z	0.115	0.11	0.106	0.129	0.12	0.189
2020-08-26T11:00:05Z	0.119	0.111	0.106	0.129	0.12	0.189
2020-08-26T11:20:05Z	0.122	0.111	0.106	0.129	0.12	0.189
2020-08-26T11:40:05Z	0.124	0.111	0.106	0.129	0.12	0.189
2020-08-26T12:00:05Z	0.126	0.11	0.107	0.129	0.12	0.189
2020-08-26T12:20:05Z	0.127	0.111	0.107	0.129	0.12	0.189
2020-08-26T12:40:05Z	0.128	0.111	0.106	0.129	0.12	0.189
2020-08-26T13:00:05Z	0.129	0.11	0.106	0.129	0.12	0.189
2020-08-26T13:20:05Z	0.13	0.111	0.106	0.129	0.12	0.189
2020-08-26T13:40:05Z	0.13	0.11	0.106	0.129	0.12	0.189
2020-08-26T14:00:05Z	0.131	0.11	0.106	0.129	0.12	0.189
2020-08-26T14:20:05Z	0.131	0.11	0.106	0.129	0.12	0.189
2020-08-26T14:40:05Z	0.132	0.11	0.106	0.129	0.12	0.189
2020-08-26T15:00:05Z	0.132	0.111	0.106	0.129	0.12	0.189
2020-08-26T15:20:05Z	0.132	0.11	0.106	0.129	0.12	0.189
2020-08-26T15:40:05Z	0.132	0.111	0.106	0.129	0.12	0.189
2020-08-26T16:00:05Z	0.132	0.11	0.106	0.129	0.12	0.189
2020-08-26T16:20:05Z	0.133	0.11	0.107	0.129	0.12	0.189
2020-08-26T16:40:05Z	0.133	0.11	0.107	0.129	0.12	0.189
2020-08-26T17:00:05Z	0.133	0.11	0.106	0.129	0.12	0.189
2020-08-26T17:20:05Z	0.133	0.11	0.106	0.129	0.12	0.189
2020-08-26T17:40:05Z	0.133	0.11	0.106	0.129	0.12	0.189
2020-08-26T18:00:05Z	0.133	0.11	0.106	0.129	0.12	0.189
2020-08-26T18:20:05Z	0.133	0.11	0.106	0.129	0.12	0.189
2020-08-26T18:40:05Z	0.133	0.11	0.106	0.129	0.12	0.189
2020-08-26T19:00:05Z	0.133	0.11	0.106	0.129	0.12	0.189
2020-08-26T19:20:05Z	0.134	0.11	0.106	0.129	0.12	0.189
2020-08-26T19:40:05Z	0.134	0.11	0.106	0.129	0.12	0.189
2020-08-26T20:00:05Z	0.134	0.11	0.106	0.129	0.12	0.189
2020-08-26T20:20:05Z	0.134	0.11	0.106	0.129	0.12	0.189
2020-08-26T20:40:05Z	0.134	0.11	0.106	0.129	0.12	0.189
2020-08-26T21:00:05Z	0.134	0.11	0.106	0.129	0.12	0.189
2020-08-26T21:20:05Z	0.134	0.11	0.106	0.129	0.12	0.189
2020-08-26T21:40:05Z	0.134	0.11	0.106	0.129	0.12	0.189
2020-08-26T22:00:05Z	0.134	0.11	0.106	0.129	0.12	0.189
2020-08-26T22:20:05Z	0.135	0.11	0.106	0.129	0.12	0.189
2020-08-26T22:40:05Z	0.135	0.11	0.106	0.129	0.12	0.189
2020-08-26T23:00:05Z	0.136	0.11	0.106	0.129	0.12	0.189
2020-08-26T23:20:05Z	0.136	0.11	0.106	0.129	0.12	0.189
2020-08-26T23:40:05Z	0.137	0.11	0.106	0.129	0.12	0.189
2020-08-27T00:00:05Z	0.138	0.11	0.106	0.129	0.12	0.189
2020-08-27T00:20:05Z	0.138	0.11	0.106	0.129	0.12	0.189
2020-08-27T00:40:05Z	0.139	0.11	0.106	0.129	0.12	0.189
2020-08-27T01:00:05Z	0.139	0.11	0.106	0.129	0.12	0.189
2020-08-27T01:20:05Z	0.14	0.11	0.106	0.129	0.12	0.189
2020-08-27T01:40:05Z	0.14	0.11	0.106	0.129	0.12	0.189
2020-08-27T02:00:05Z	0.141	0.11	0.106	0.129	0.12	0.189
2020-08-27T02:20:05Z	0.141	0.11	0.106	0.129	0.12	0.189
2020-08-27T02:40:05Z	0.141	0.11	0.106	0.129	0.12	0.189
2020-08-27T03:00:05Z	0.141	0.11	0.106	0.129	0.12	0.189
2020-08-27T03:20:05Z	0.141	0.11	0.106	0.129	0.12	0.189
2020-08-27T03:40:05Z	0.141	0.11	0.106	0.128	0.12	0.189
2020-08-27T04:00:05Z	0.142	0.11	0.106	0.128	0.12	0.189
2020-08-27T04:20:05Z	0.142	0.11	0.106	0.128	0.12	0.189
2020-08-27T04:40:05Z	0.142	0.11	0.106	0.128	0.12	0.189
2020-08-27T05:00:05Z	0.142	0.11	0.106	0.128	0.12	0.189
2020-08-27T05:20:05Z	0.142	0.11	0.106	0.128	0.12	0.189
2020-08-27T05:40:05Z	0.142	0.11	0.106	0.128	0.12	0.189
2020-08-27T06:00:05Z	0.142	0.11	0.106	0.128	0.12	0.189
2020-08-27T06:20:05Z	0.142	0.11	0.106	0.129	0.12	0.189
2020-08-27T06:40:05Z	0.142	0.11	0.106	0.129	0.12	0.189
2020-08-27T07:00:05Z	0.142	0.11	0.106	0.129	0.12	0.189
2020-08-27T07:20:05Z	0.142	0.11	0.106	0.129	0.12	0.189
2020-08-27T07:40:05Z	0.142	0.11	0.106	0.129	0.12	0.189
2020-08-27T08:00:05Z	0.142	0.11	0.107	0.129	0.12	0.189
2020-08-27T08:20:05Z	0.142	0.111	0.106	0.129	0.12	0.189
2020-08-27T08:40:05Z	0.142	0.11	0.107	0.129	0.12	0.189
2020-08-27T09:00:05Z	0.142	0.111	0.107	0.129	0.12	0.189
2020-08-27T09:20:05Z	0.142	0.111	0.107	0.129	0.12	0.189
2020-08-27T09:40:05Z	0.142	0.111	0.107	0.129	0.12	0.189
2020-08-27T10:00:05Z	0.142	0.111	0.107	0.129	0.12	0.189
2020-08-27T10:20:05Z	0.142	0.111	0.107	0.129	0.12	0.189
2020-08-27T10:40:05Z	0.142	0.111	0.107	0.129	0.12	0.189
2020-08-27T11:00:05Z	0.142	0.111	0.107	0.129	0.121	0.189
2020-08-27T11:20:05Z	0.142	0.111	0.107	0.129	0.12	0.189
2020-08-27T11:40:05Z	0.141	0.111	0.106	0.129	0.12	0.189
2020-08-27T12:00:05Z	0.141	0.111	0.107	0.129	0.12	0.189
2020-08-27T12:20:05Z	0.141	0.111	0.107	0.129	0.121	0.189
2020-08-27T12:40:05Z	0.141	0.111	0.107	0.129	0.12	0.189
2020-08-27T13:00:05Z	0.14	0.111	0.107	0.129	0.12	0.189
2020-08-27T13:20:05Z	0.14	0.111	0.107	0.129	0.12	0.189
2020-08-27T13:40:05Z	0.14	0.111	0.107	0.129	0.12	0.189
2020-08-27T14:00:05Z	0.139	0.111	0.107	0.129	0.12	0.189
2020-08-27T14:20:05Z	0.139	0.111	0.107	0.129	0.12	0.189
2020-08-27T14:40:05Z	0.139	0.111	0.107	0.129	0.12	0.189
2020-08-27T15:00:05Z	0.139	0.111	0.107	0.129	0.12	0.189
2020-08-27T15:20:05Z	0.139	0.111	0.107	0.129	0.12	0.189
2020-08-27T15:40:05Z	0.139	0.111	0.107	0.129	0.12	0.189
2020-08-27T16:00:05Z	0.139	0.111	0.107	0.129	0.12	0.189
2020-08-27T16:20:05Z	0.138	0.111	0.107	0.129	0.12	0.189
2020-08-27T16:40:05Z	0.138	0.111	0.107	0.129	0.12	0.189
2020-08-27T17:00:05Z	0.138	0.111	0.107	0.129	0.12	0.189
2020-08-27T17:20:05Z	0.138	0.111	0.107	0.129	0.12	0.189
2020-08-27T17:40:05Z	0.138	0.111	0.107	0.129	0.12	0.189
2020-08-27T18:00:05Z	0.138	0.11	0.106	0.128	0.12	0.189
2020-08-27T18:20:05Z	0.137	0.11	0.106	0.128	0.12	0.189
2020-08-27T18:40:05Z	0.137	0.11	0.106	0.128	0.12	0.189
2020-08-27T19:00:05Z	0.137	0.11	0.106	0.128	0.12	0.189
2020-08-27T19:20:05Z	0.137	0.11	0.106	0.128	0.12	0.189
2020-08-27T19:40:05Z	0.137	0.109	0.106	0.128	0.12	0.189
2020-08-27T20:00:05Z	0.137	0.11	0.106	0.128	0.12	0.189
2020-08-27T20:20:05Z	0.137	0.11	0.106	0.128	0.12	0.189
2020-08-27T20:40:05Z	0.137	0.109	0.106	0.128	0.12	0.189
2020-08-27T21:00:05Z	0.137	0.109	0.106	0.128	0.12	0.189
2020-08-27T21:20:05Z	0.136	0.11	0.106	0.128	0.12	0.189
2020-08-27T21:40:05Z	0.136	0.11	0.106	0.128	0.12	0.189
2020-08-27T22:00:05Z	0.136	0.109	0.106	0.128	0.12	0.189
2020-08-27T22:20:05Z	0.136	0.109	0.106	0.128	0.12	0.189
2020-08-27T22:40:05Z	0.136	0.109	0.106	0.128	0.12	0.189
2020-08-27T23:00:05Z	0.136	0.109	0.106	0.128	0.12	0.189
2020-08-27T23:20:05Z	0.136	0.109	0.106	0.128	0.12	0.189
2020-08-27T23:40:05Z	0.136	0.11	0.106	0.128	0.12	0.189
2020-08-28T00:00:05Z	0.136	0.109	0.106	0.128	0.12	0.189
2020-08-28T00:20:05Z	0.136	0.109	0.106	0.128	0.12	0.189
2020-08-28T00:40:05Z	0.136	0.109	0.106	0.128	0.12	0.189
2020-08-28T01:00:05Z	0.136	0.109	0.106	0.128	0.12	0.189
2020-08-28T01:20:05Z	0.136	0.109	0.106	0.128	0.12	0.189
2020-08-28T01:40:05Z	0.136	0.11	0.106	0.128	0.12	0.189
2020-08-28T02:00:05Z	0.136	0.11	0.106	0.128	0.12	0.189
2020-08-28T02:20:05Z	0.136	0.109	0.106	0.128	0.12	0.189
2020-08-28T02:40:05Z	0.136	0.109	0.106	0.128	0.12	0.189
2020-08-28T03:00:05Z	0.136	0.109	0.106	0.128	0.12	0.189
2020-08-28T03:20:05Z	0.136	0.109	0.106	0.128	0.12	0.189
2020-08-28T03:40:05Z	0.136	0.109	0.106	0.128	0.12	0.189
2020-08-28T04:00:05Z	0.136	0.11	0.106	0.128	0.12	0.189
2020-08-28T04:20:05Z	0.136	0.109	0.106	0.128	0.12	0.189
2020-08-28T04:40:05Z	0.136	0.109	0.106	0.128	0.12	0.189
2020-08-28T05:00:05Z	0.136	0.109	0.106	0.128	0.12	0.189
2020-08-28T05:20:05Z	0.136	0.109	0.106	0.128	0.12	0.189
2020-08-28T05:40:05Z	0.136	0.109	0.106	0.128	0.12	0.189
2020-08-28T06:00:05Z	0.136	0.109	0.106	0.128	0.12	0.189
2020-08-28T06:20:05Z	0.136	0.109	0.106	0.128	0.12	0.189
2020-08-28T06:40:05Z	0.136	0.109	0.106	0.128	0.12	0.189
2020-08-28T07:00:05Z	0.136	0.11	0.106	0.128	0.12	0.189
2020-08-28T07:20:05Z	0.136	0.11	0.106	0.128	0.12	0.189
2020-08-28T07:40:05Z	0.136	0.11	0.106	0.128	0.12	0.189
2020-08-28T08:00:05Z	0.136	0.11	0.106	0.128	0.12	0.189
