# See crns_meta.json for further details.
datetime	counts	nsecs	volt	temp1	temp_ext	relhum_ext	press1
2021-05-03T11:51:34	1170	3600	13.3	16.5	9.5	54.4	1013.8
2021-05-03T12:52:26	1258	3600	12.6	16.2	10.6	49.9	1013.4
2021-05-03T13:54:26	1307	3600	12.8	16.5	10.6	50.5	1013.0
2021-05-03T14:56:26	1290	3600	12.7	14.4	9.8	56.1	1013.1
2021-05-03T15:57:26	1235	3600	12.7	14.4	10.2	59.0	1012.8
2021-05-03T16:59:26	1301	3600	12.7	15.1	10.9	56.9	1012.1
2021-05-03T18:00:26	1243	3600	12.7	15.3	11.2	55.1	1011.6
2021-05-03T19:02:26	1307	3600	12.7	15.1	11.5	61.1	1011.2
2021-05-03T20:03:26	1261	3600	12.5	11.9	8.7	75.5	1010.6
2021-05-03T21:05:26	1276	3600	12.4	9.7	7.4	80.3	1010.3
2021-05-03T22:06:26	1250	3600	12.4	7.7	6.0	85.8	1009.9
2021-05-03T23:08:26	1290	3600	12.3	6.3	4.6	90.5	1009.2
2021-05-04T00:09:26	1319	3600	12.3	6.6	5.4	88.4	1008.4
2021-05-04T01:11:26	1342	3600	12.2	6.4	5.3	83.8	1007.4
2021-05-04T02:13:26	1325	3600	12.2	6.5	5.3	79.1	1006.3
2021-05-04T03:14:26	1336	3600	12.2	7.8	6.6	70.5	1005.0
2021-05-04T04:16:26	1406	3600	12.1	8.4	6.9	67.4	1003.6
2021-05-04T05:17:26	1400	3600	12.1	8.6	7.1	65.9	1001.9
2021-05-04T06:19:26	1360	3600	12.1	9.9	7.6	64.4	1000.4
2021-05-04T07:20:26	1401	3600	12.2	11.2	8.7	59.2	999.1
2021-05-04T08:22:26	1362	3600	12.7	13.6	10.5	55.4	997.1
2021-05-04T09:23:26	1413	3600	12.4	12.8	9.8	65.9	997.0
2021-05-04T10:25:26	1386	3600	12.7	14.2	11.8	57.8	995.5
2021-05-04T11:26:26	1389	3600	14.0	19.6	14.3	49.9	994.9
2021-05-04T12:28:26	1386	3600	12.7	18.1	14.0	49.9	994.1
2021-05-04T13:29:26	1476	3600	12.7	18.6	14.3	50.5	994.5
2021-05-04T14:31:26	1416	3600	14.0	18.8	15.2	50.3	993.9
2021-05-04T15:32:26	1393	3600	12.6	18.1	14.4	49.8	993.3
2021-05-04T16:34:26	1457	3600	12.7	18.0	14.5	51.2	992.8
2021-05-04T17:36:26	1446	3600	12.6	17.8	14.5	49.6	992.3
2021-05-04T18:37:26	1398	3600	12.7	15.7	12.3	65.6	993.0
2021-05-04T19:39:26	1419	3600	12.5	13.3	9.9	74.2	992.6
2021-05-04T20:40:26	1369	3600	12.4	12.0	9.3	83.6	992.6
2021-05-04T21:42:26	1428	3600	12.4	10.9	9.8	73.8	992.8
2021-05-04T22:43:26	1393	3600	12.4	11.1	9.0	79.0	993.3
2021-05-04T23:45:26	1423	3600	12.3	10.8	9.7	69.1	993.5
2021-05-05T00:46:26	1455	3600	12.2	10.3	8.8	72.2	993.2
2021-05-05T01:50:26	1456	3600	12.3	10.3	8.6	76.0	993.1
2021-05-05T02:52:26	1439	3600	12.2	9.8	8.3	76.8	992.9
2021-05-05T03:54:26	1463	3600	12.2	9.8	8.3	75.0	992.8
2021-05-05T04:55:26	1494	3600	12.1	9.1	7.5	74.6	992.4
2021-05-05T05:57:26	1411	3600	12.1	9.8	7.5	76.1	992.3
2021-05-05T06:59:26	1410	3600	12.2	10.9	8.2	67.7	992.5
2021-05-05T08:00:26	1461	3600	12.6	11.9	8.8	64.9	992.7
2021-05-05T09:02:26	1506	3600	12.6	13.1	9.6	63.2	993.0
2021-05-05T10:03:26	1438	3600	13.3	14.4	10.4	60.8	993.4
2021-05-05T11:05:26	1440	3600	12.7	16.2	10.8	50.5	993.4
2021-05-05T12:06:26	1467	3600	14.0	17.6	11.5	57.5	993.6
2021-05-05T13:08:26	1471	3600	12.6	15.5	11.5	54.6	993.6
2021-05-05T14:09:26	1424	3600	12.7	17.3	12.3	48.3	994.2
2021-05-05T15:11:26	1440	3600	14.0	18.7	12.5	51.1	994.6
2021-05-05T16:12:26	1350	3600	12.6	17.0	12.3	42.6	994.8
2021-05-05T17:14:26	1405	3600	12.7	13.0	9.1	67.1	995.8
2021-05-05T18:15:26	1394	3600	12.5	11.3	5.9	85.1	996.7
2021-05-05T19:17:26	1424	3600	12.7	12.1	8.4	70.7	996.8
2021-05-05T20:19:26	1400	3600	12.5	10.3	7.1	77.1	998.1
2021-05-05T21:20:26	1399	3600	12.4	8.5	6.6	73.6	998.9
2021-05-05T22:22:26	1326	3600	12.5	7.7	5.9	78.1	999.6
2021-05-05T23:23:26	1467	3600	12.4	6.9	5.4	80.4	1000.5
2021-05-06T00:25:26	1406	3600	12.4	7.0	5.4	71.6	1000.8
2021-05-06T01:26:26	1407	3600	12.3	6.2	4.8	73.8	1000.8
2021-05-06T02:28:26	1422	3600	12.3	6.0	4.6	73.5	1001.1
2021-05-06T03:29:26	1353	3600	12.3	5.6	4.2	73.6	1001.2
2021-05-06T04:31:26	1307	3600	12.2	5.2	4.0	76.6	1001.1
2021-05-06T05:32:26	1394	3600	12.2	5.1	3.4	78.0	1001.3
2021-05-06T06:34:26	1406	3600	12.2	7.3	5.0	68.8	1001.5
2021-05-06T07:36:26	1470	3600	12.6	10.1	6.8	65.5	1001.7
2021-05-06T08:37:26	1389	3600	12.7	12.3	8.5	58.7	1001.6
2021-05-06T09:39:26	1390	3600	13.5	15.1	9.2	56.8	1001.7
2021-05-06T10:40:26	1340	3600	14.0	16.1	9.1	54.3	1001.7
2021-05-06T11:42:26	1315	3600	12.7	13.4	8.3	61.3	1001.8
2021-05-06T12:44:26	1375	3600	14.0	16.1	10.1	63.2	1001.8
2021-05-06T13:45:26	1392	3600	12.8	15.3	10.2	58.4	1001.4
2021-05-06T14:47:26	1342	3600	14.0	16.8	11.4	53.5	1001.1
2021-05-06T15:48:26	1377	3600	12.7	16.1	11.6	52.4	1000.7
2021-05-06T16:50:26	1320	3600	12.8	16.8	11.8	46.9	1000.5
2021-05-06T17:51:26	1415	3600	12.7	16.0	11.5	43.9	1000.3
2021-05-06T18:53:26	1393	3600	12.7	15.2	11.5	41.9	999.7
2021-05-06T19:55:26	1356	3600	12.6	13.2	9.8	52.3	999.8
2021-05-06T20:56:26	1352	3600	12.5	10.6	8.7	56.4	999.7
2021-05-06T21:58:26	1320	3600	12.5	9.6	8.1	63.2	999.8
2021-05-06T22:59:26	1446	3600	12.5	9.0	7.5	69.3	1000.1
2021-05-07T00:01:26	1410	3600	12.4	7.9	6.8	72.3	999.7
2021-05-07T01:02:26	1442	3600	12.4	6.7	5.7	79.0	999.6
2021-05-07T02:04:26	1360	3600	12.3	6.6	5.1	85.8	999.4
2021-05-07T03:05:26	1418	3600	12.3	6.3	5.1	86.8	999.1
2021-05-07T04:07:26	1455	3600	12.2	6.6	5.4	82.8	999.1
2021-05-07T05:08:26	1424	3600	12.2	6.8	5.0	86.7	999.1
2021-05-07T06:10:26	1410	3600	12.2	7.9	5.6	77.7	999.7
2021-05-07T07:11:26	1413	3600	12.2	8.2	5.2	81.1	1000.6
2021-05-07T08:13:26	1365	3600	12.3	9.0	5.6	83.4	1001.1
2021-05-07T09:15:26	1372	3600	12.2	8.1	4.4	87.3	1001.8
2021-05-07T10:16:26	1337	3600	12.1	6.2	2.3	93.1	1003.1
2021-05-07T11:18:26	1300	3600	12.7	7.3	3.0	93.3	1004.2
2021-05-07T12:19:26	1369	3600	13.9	11.1	5.9	86.2	1004.9
2021-05-07T13:21:26	1237	3600	12.9	14.4	8.7	69.8	1005.3
2021-05-07T14:22:26	1300	3600	13.9	10.5	6.8	92.6	1005.8
2021-05-07T15:24:26	1227	3600	12.7	14.0	10.1	67.8	1006.0
2021-05-07T16:25:26	1218	3600	12.7	9.4	6.1	84.1	1007.4
2021-05-07T17:27:26	1287	3600	12.7	11.0	7.0	83.5	1008.0
2021-05-07T18:28:26	1192	3600	12.6	12.0	7.7	81.7	1008.5
2021-05-07T19:30:26	1212	3600	12.6	10.8	7.1	78.7	1009.3
2021-05-07T20:32:26	1196	3600	12.5	9.3	5.9	85.7	1010.0
2021-05-07T21:33:26	1137	3600	12.4	7.7	5.7	89.1	1010.8
2021-05-07T22:35:26	1256	3600	12.4	7.1	5.4	86.0	1010.9
2021-05-07T23:36:26	1197	3600	12.4	6.3	5.0	85.7	1011.3
2021-05-08T00:38:26	1174	3600	12.3	5.8	4.6	87.2	1011.7
2021-05-08T01:39:26	1147	3600	12.2	5.2	4.2	88.9	1012.1
2021-05-08T02:41:26	1141	3600	12.2	4.1	3.1	92.7	1012.3
2021-05-08T03:42:26	1197	3600	12.2	4.0	3.2	91.0	1012.4
2021-05-08T04:44:26	1151	3600	12.1	3.4	2.6	91.1	1012.5
2021-05-08T05:46:26	1149	3600	12.1	3.7	2.6	91.3	1012.9
2021-05-08T06:47:26	1180	3600	12.3	6.5	5.0	81.9	1013.2
2021-05-08T07:49:26	1148	3600	12.7	9.2	5.6	81.1	1013.7
2021-05-08T08:50:26	1190	3600	12.9	12.3	8.9	74.3	1014.1
2021-05-08T09:52:26	1197	3600	14.0	17.8	10.6	60.0	1014.0
2021-05-08T10:53:26	1174	3600	12.7	15.5	10.5	63.9	1014.0
2021-05-08T11:55:26	1192	3600	12.7	16.3	10.9	54.7	1013.8
2021-05-08T12:56:26	1134	3600	12.7	18.2	12.7	47.9	1013.5
2021-05-08T13:58:26	1141	3600	12.7	19.7	14.2	43.6	1012.8
2021-05-08T14:59:26	1173	3600	12.7	19.9	14.3	43.4	1012.2
2021-05-08T16:01:26	1162	3600	14.0	21.7	15.6	34.8	1011.9
2021-05-08T17:02:26	1181	3600	12.7	19.5	14.3	38.3	1011.2
2021-05-08T18:04:26	1239	3600	12.7	20.3	15.1	40.8	1010.7
2021-05-08T19:06:26	1191	3600	12.7	18.1	14.0	45.5	1010.2
2021-05-08T20:07:26	1180	3600	12.6	16.3	13.3	47.6	1010.0
2021-05-08T21:09:26	1172	3600	12.5	14.7	12.6	47.9	1009.8
2021-05-08T22:11:26	1205	3600	12.5	14.1	12.4	46.6	1009.6
2021-05-08T23:12:26	1208	3600	12.5	13.7	11.5	51.7	1008.8
2021-05-09T00:14:26	1188	3600	12.4	13.6	11.9	50.9	1008.8
2021-05-09T01:15:26	1194	3600	12.5	13.4	11.2	53.7	1007.9
2021-05-09T02:17:26	1261	3600	12.4	13.6	11.7	50.8	1007.3
2021-05-09T03:18:26	1262	3600	12.3	13.8	11.9	51.5	1006.7
2021-05-09T04:20:26	1268	3600	12.3	13.8	11.7	55.3	1006.4
2021-05-09T05:21:26	1231	3600	12.3	12.5	10.7	60.4	1006.2
2021-05-09T06:23:26	1264	3600	12.3	13.5	10.9	60.9	1006.0
2021-05-09T07:24:26	1232	3600	12.6	16.3	13.1	57.8	1006.1
2021-05-09T08:26:26	1304	3600	12.7	17.8	14.3	58.0	1006.2
2021-05-09T09:28:26	1234	3600	12.8	21.4	17.2	51.1	1006.0
2021-05-09T10:29:26	1252	3600	14.0	25.8	20.1	49.9	1005.7
2021-05-09T11:31:26	1207	3600	12.9	27.4	22.2	45.7	1005.5
2021-05-09T12:32:26	1213	3600	12.8	27.7	23.7	45.7	1005.0
2021-05-09T13:34:26	1218	3600	14.0	30.8	24.9	39.7	1004.4
2021-05-09T14:35:26	1218	3600	14.0	31.7	26.2	36.2	1004.0
2021-05-09T15:37:26	1205	3600	14.0	32.2	26.0	34.7	1003.6
2021-05-09T16:38:26	1223	3600	14.0	32.1	27.2	34.8	1003.1
2021-05-09T17:40:26	1253	3600	13.2	31.0	25.6	36.6	1002.4
2021-05-09T18:41:26	1240	3600	13.1	30.8	25.8	36.8	1001.8
2021-05-09T19:43:26	1236	3600	12.9	30.1	26.0	38.3	1001.5
2021-05-09T20:45:26	1231	3600	12.8	26.0	23.5	43.7	1001.7
2021-05-09T21:46:26	1276	3600	12.8	23.8	22.0	46.9	1002.0
2021-05-09T22:48:26	1244	3600	12.7	21.8	20.0	52.4	1001.8
2021-05-09T23:49:26	1189	3600	12.7	21.1	20.0	50.4	1001.6
2021-05-10T00:51:26	1231	3600	12.7	20.5	19.2	52.1	1001.5
2021-05-10T01:54:26	1229	3600	12.6	19.7	18.4	53.8	1001.2
2021-05-10T02:55:26	1248	3600	12.6	19.0	17.5	56.0	1001.4
2021-05-10T03:57:26	1282	3600	12.6	17.1	15.8	59.3	1001.2
2021-05-10T04:58:26	1264	3600	12.5	16.0	14.9	61.8	1001.3
2021-05-10T06:00:26	1301	3600	12.6	16.1	14.0	65.7	1001.3
2021-05-10T07:02:26	1371	3600	12.7	19.7	16.2	57.5	1000.9
2021-05-10T08:03:26	1351	3600	12.7	21.9	19.0	49.8	1001.3
2021-05-10T09:05:26	1203	3600	13.8	25.5	20.9	46.3	1001.5
2021-05-10T10:06:26	1255	3600	14.0	28.7	22.8	48.4	1001.4
2021-05-10T11:08:26	1283	3600	14.0	30.7	24.3	42.3	1001.1
2021-05-10T12:09:26	1225	3600	14.0	31.6	25.2	42.4	1001.0
2021-05-10T13:11:26	1279	3600	13.1	31.1	27.3	37.8	1001.1
2021-05-10T14:12:26	1193	3600	13.0	34.0	29.0	36.2	1000.7
2021-05-10T15:14:26	1288	3600	13.1	34.5	29.3	39.1	1001.3
2021-05-10T16:15:26	1205	3600	13.0	35.4	30.6	35.6	1001.6
2021-05-10T17:17:26	1283	3600	13.1	34.7	30.1	33.8	1001.8
2021-05-10T18:18:26	1296	3600	12.8	32.8	29.3	36.8	1002.4
2021-05-10T19:20:26	1250	3600	12.8	31.6	27.1	39.7	1003.2
2021-05-10T20:22:26	1260	3600	12.7	26.5	23.4	45.7	1003.4
2021-05-10T21:23:26	1229	3600	12.7	22.9	20.7	53.7	1003.7
2021-05-10T22:25:26	1236	3600	12.7	21.5	20.0	52.4	1003.5
2021-05-10T23:26:26	1271	3600	12.6	20.0	18.6	61.9	1003.8
2021-05-11T00:28:26	1238	3600	12.6	19.9	18.1	67.8	1003.9
2021-05-11T01:29:26	1252	3600	12.6	18.7	16.7	71.8	1003.8
2021-05-11T02:31:26	1257	3600	12.5	18.4	16.5	72.2	1003.2
2021-05-11T03:32:26	1288	3600	12.5	17.8	16.0	73.5	1002.6
2021-05-11T04:34:26	1289	3600	12.5	17.9	15.9	73.6	1002.4
2021-05-11T05:35:26	1287	3600	12.5	17.9	15.5	75.1	1002.1
2021-05-11T06:37:26	1278	3600	12.5	19.5	16.3	71.4	1001.4
2021-05-11T07:38:26	1309	3600	12.7	20.4	16.8	70.6	1000.7
2021-05-11T08:40:26	1322	3600	13.1	22.0	17.7	68.5	1001.0
2021-05-11T09:41:26	1265	3600	12.9	24.3	19.1	65.9	1000.8
2021-05-11T10:43:26	1289	3600	12.7	26.5	21.3	61.3	1000.7
2021-05-11T11:44:26	1308	3600	14.0	30.0	22.4	57.6	1000.4
2021-05-11T12:46:26	1320	3600	14.0	31.0	23.6	54.6	999.9
2021-05-11T13:47:26	1245	3600	13.1	32.0	25.5	52.3	999.4
2021-05-11T14:49:26	1355	3600	13.1	33.6	26.3	50.1	999.3
2021-05-11T15:51:26	1261	3600	12.8	31.8	26.6	51.8	998.6
2021-05-11T16:52:26	1259	3600	12.8	29.5	24.9	55.9	998.7
2021-05-11T17:54:26	1328	3600	12.8	28.5	24.7	58.3	998.6
2021-05-11T18:55:26	1284	3600	12.8	26.9	21.9	67.1	998.2
2021-05-11T19:57:26	1324	3600	12.7	23.1	19.2	76.0	998.6
2021-05-11T20:58:26	1272	3600	12.6	21.2	18.4	76.9	999.4
2021-05-11T22:00:26	1365	3600	12.6	19.6	16.5	84.5	1001.4
2021-05-11T23:01:26	1173	3600	12.6	17.7	14.9	97.9	999.1
2021-05-12T00:03:26	1110	3600	12.5	17.1	14.3	98.4	999.5
2021-05-12T01:04:26	1216	3600	12.5	16.4	13.7	99.0	999.7
2021-05-12T02:06:26	1095	3600	12.4	15.6	13.0	98.2	1000.5
2021-05-12T03:07:26	1153	3600	12.5	15.3	12.7	96.8	1001.2
2021-05-12T04:09:26	1163	3600	12.5	14.9	12.4	96.7	1001.0
2021-05-12T05:11:26	1156	3600	12.4	14.6	12.2	97.3	1001.5
2021-05-12T06:12:26	1153	3600	12.4	15.1	12.2	96.0	1001.6
2021-05-12T07:14:26	1103	3600	12.5	15.4	12.3	94.7	1002.6
2021-05-12T08:16:26	1146	3600	12.7	16.7	12.8	93.1	1002.6
2021-05-12T09:17:26	1123	3600	12.5	16.6	12.8	92.3	1003.0
2021-05-12T10:19:26	1139	3600	12.7	16.9	13.3	91.3	1003.1
2021-05-12T11:20:26	1181	3600	12.7	17.1	13.2	90.7	1003.5
2021-05-12T12:22:26	1156	3600	12.7	17.5	14.0	87.9	1003.2
2021-05-12T13:23:26	1112	3600	12.9	18.2	13.9	87.8	1003.7
2021-05-12T14:25:26	1155	3600	12.9	18.2	14.2	87.7	1003.5
2021-05-12T15:26:26	1258	3600	12.8	18.2	14.3	87.6	1003.5
2021-05-12T16:28:26	1149	3600	12.5	17.5	14.1	88.5	1003.7
2021-05-12T17:30:26	1185	3600	12.5	16.7	13.4	91.2	1003.9
2021-05-12T18:31:26	1192	3600	12.4	15.6	12.5	98.1	1003.5
2021-05-12T19:33:26	1164	3600	12.4	15.5	12.5	98.8	1003.5
2021-05-12T20:34:26	1206	3600	12.4	14.9	12.3	98.9	1003.4
2021-05-12T21:36:26	1153	3600	12.4	14.6	12.3	98.9	1003.8
2021-05-12T22:37:26	1175	3600	12.3	14.4	12.1	97.1	1003.6
2021-05-12T23:39:26	1183	3600	12.3	14.2	12.0	97.3	1003.4
2021-05-13T00:40:26	1191	3600	12.4	14.1	12.0	95.9	1003.2
2021-05-13T01:42:26	1117	3600	12.3	13.9	11.7	97.2	1003.0
2021-05-13T02:43:26	1143	3600	12.3	13.9	11.7	96.7	1002.9
2021-05-13T03:45:26	1170	3600	12.3	13.7	11.4	99.0	1002.2
2021-05-13T04:46:26	1160	3600	12.2	13.6	11.3	99.3	1001.2
2021-05-13T05:48:26	1237	3600	12.3	13.5	11.0	99.0	1001.0
2021-05-13T06:50:26	1180	3600	12.3	13.9	11.1	99.0	1000.8
2021-05-13T07:51:26	1160	3600	12.3	14.0	11.2	98.6	1000.9
2021-05-13T08:53:26	1148	3600	12.3	14.2	11.2	97.8	1000.3
2021-05-13T09:54:26	1150	3600	12.2	14.4	11.2	97.4	1000.1
2021-05-13T10:56:26	1172	3600	12.2	14.7	11.5	95.4	1000.2
2021-05-13T11:58:26	1188	3600	12.3	14.8	11.5	95.1	999.9
2021-05-13T12:59:26	1194	3600	12.3	14.9	11.7	95.3	999.7
2021-05-13T14:01:26	1146	3600	12.1	14.4	11.4	97.4	1000.2
2021-05-13T15:02:26	1191	3600	12.2	14.5	11.3	97.5	999.6
2021-05-13T16:04:26	1178	3600	12.3	14.7	11.5	95.8	999.5
2021-05-13T17:05:26	1150	3600	12.3	14.7	11.5	95.7	999.3
2021-05-13T18:08:26	1161	3600	12.2	14.2	11.2	98.4	999.2
2021-05-13T19:09:26	1150	3600	12.1	14.0	11.0	98.9	999.0
2021-05-13T20:11:26	1181	3600	12.2	13.6	10.9	100.0	999.2
2021-05-13T21:12:26	1198	3600	12.1	13.2	10.7	100.0	999.3
2021-05-13T22:14:26	1181	3600	12.1	13.1	10.7	100.0	999.4
2021-05-13T23:15:26	1202	3600	12.1	13.0	10.6	100.0	999.3
2021-05-14T00:17:26	1235	3600	12.1	13.0	10.6	100.0	999.3
2021-05-14T01:18:26	1196	3600	12.1	13.0	10.6	100.0	999.0
2021-05-14T02:20:26	1166	3600	12.1	12.9	10.5	100.0	998.8
2021-05-14T03:21:26	1231	3600	12.1	12.8	10.4	100.0	998.8
2021-05-14T04:23:26	1159	3600	12.1	12.6	10.2	100.0	998.5
2021-05-14T05:24:26	1165	3600	12.1	12.4	10.0	100.0	998.6
2021-05-14T06:26:26	1194	3600	12.1	12.9	10.0	100.0	998.7
2021-05-14T07:28:26	1124	3600	12.1	13.2	10.1	99.1	999.0
2021-05-14T08:29:26	1174	3600	12.1	13.1	9.8	99.8	999.5
2021-05-14T09:31:26	1233	3600	12.1	13.1	9.9	99.1	999.8
2021-05-14T10:32:26	1166	3600	12.1	13.3	10.1	96.9	1000.2
2021-05-14T11:34:26	1226	3600	12.2	13.3	9.8	94.4	1000.8
2021-05-14T12:35:26	1200	3600	12.7	14.4	10.6	87.9	1001.0
2021-05-14T13:37:26	1131	3600	12.7	15.8	11.2	82.9	1001.2
2021-05-14T14:38:26	1211	3600	12.7	15.6	11.3	84.9	1001.4
2021-05-14T15:40:26	1105	3600	12.7	16.9	12.4	83.1	1001.8
2021-05-14T16:42:26	1168	3600	12.6	16.9	12.5	83.1	1002.0
2021-05-14T17:43:26	1120	3600	12.6	16.7	12.3	84.0	1002.2
2021-05-14T18:45:26	1145	3600	12.6	17.2	12.5	79.2	1002.2
2021-05-14T19:46:26	1107	3600	12.4	15.2	11.2	85.3	1002.2
2021-05-14T20:48:26	1141	3600	12.3	13.1	10.1	88.4	1002.5
2021-05-14T21:49:26	1168	3600	12.3	10.9	8.7	96.5	1002.8
2021-05-14T22:51:26	1220	3600	12.3	9.6	8.0	97.5	1003.1
2021-05-14T23:52:26	1202	3600	12.2	9.2	7.9	98.2	1003.2
2021-05-15T00:54:26	1162	3600	12.1	9.0	7.8	99.4	1003.0
2021-05-15T01:57:26	1139	3600	12.0	8.6	7.4	99.5	1003.1
2021-05-15T02:59:26	1180	3600	12.1	8.1	7.0	100.0	1002.9
2021-05-15T04:01:26	1113	3600	12.1	7.8	6.5	100.0	1002.6
2021-05-15T05:02:26	1183	3600	12.0	7.7	6.4	100.0	1001.9
2021-05-15T06:04:26	1212	3600	12.0	9.5	7.4	97.1	1001.9
2021-05-15T07:06:26	1146	3600	12.1	11.4	8.8	95.2	1002.0
2021-05-15T08:07:26	1154	3600	12.7	14.7	13.0	83.1	1002.3
2021-05-15T09:09:26	1105	3600	13.1	20.7	15.5	73.5	1002.2
2021-05-15T10:10:26	1141	3600	13.6	24.2	17.1	70.0	1002.1
2021-05-15T11:12:26	1093	3600	13.5	27.6	18.9	59.4	1001.7
2021-05-15T12:13:26	1152	3600	12.8	21.6	15.9	67.9	1001.2
2021-05-15T13:15:26	1165	3600	12.7	20.1	16.7	71.3	1000.9
2021-05-15T14:16:26	1152	3600	12.7	23.8	19.7	54.7	1000.0
2021-05-15T15:18:26	1157	3600	13.9	21.7	17.9	60.0	1000.1
2021-05-15T16:19:26	1178	3600	14.0	24.8	19.0	48.9	999.3
2021-05-15T17:21:26	1221	3600	12.8	23.1	18.4	48.8	998.5
2021-05-15T18:23:26	1191	3600	12.7	21.0	16.8	53.9	998.4
2021-05-15T19:24:26	1190	3600	12.8	21.5	16.5	57.2	998.2
2021-05-15T20:26:26	1221	3600	12.6	18.4	14.7	66.7	998.2
2021-05-15T21:27:26	1221	3600	12.6	14.8	12.6	76.4	998.5
2021-05-15T22:29:26	1209	3600	12.6	13.9	12.2	75.6	998.2
2021-05-15T23:30:26	1230	3600	12.5	14.4	12.8	68.8	998.1
2021-05-16T00:32:26	1199	3600	12.5	11.9	10.9	77.1	998.2
2021-05-16T01:33:26	1214	3600	12.4	11.3	10.4	83.4	997.7
2021-05-16T02:35:26	1177	3600	12.5	10.1	9.1	86.9	997.6
2021-05-16T03:36:26	1206	3600	12.5	9.2	8.3	89.9	997.6
2021-05-16T04:38:26	1284	3600	12.4	8.7	7.5	93.7	997.8
2021-05-16T05:40:26	1242	3600	12.4	10.3	8.4	93.9	997.8
2021-05-16T06:41:26	1242	3600	12.5	11.9	9.6	90.2	997.8
2021-05-16T07:43:26	1182	3600	12.7	15.4	12.4	78.4	998.0
2021-05-16T08:44:26	1218	3600	12.7	15.3	12.0	82.4	998.3
2021-05-16T09:46:26	1212	3600	14.0	17.8	14.3	82.7	998.2
2021-05-16T10:47:26	1222	3600	14.0	20.5	16.1	71.6	998.2
2021-05-16T11:49:26	1122	3600	14.0	18.8	14.5	75.6	998.2
2021-05-16T12:50:26	1225	3600	12.7	21.2	16.0	60.6	997.9
2021-05-16T13:52:26	1189	3600	12.7	16.9	12.5	79.4	998.3
2021-05-16T14:53:26	1173	3600	12.7	21.7	17.8	62.0	997.6
2021-05-16T15:55:26	1196	3600	12.7	22.7	17.7	60.6	997.0
2021-05-16T16:56:26	1201	3600	12.7	23.5	20.3	49.4	996.5
2021-05-16T17:59:26	1187	3600	12.8	22.1	17.0	59.1	996.3
2021-05-16T19:00:26	1251	3600	12.8	19.7	14.7	69.9	996.3
2021-05-16T20:02:26	1274	3600	12.7	20.3	16.4	62.5	996.3
2021-05-16T21:03:26	1208	3600	12.6	15.8	12.9	72.9	996.6
2021-05-16T22:05:26	1217	3600	12.5	13.4	12.1	75.1	996.4
2021-05-16T23:06:26	1218	3600	12.5	11.8	10.9	80.4	996.5
2021-05-17T00:08:26	1267	3600	12.4	11.7	10.1	84.6	996.5
2021-05-17T01:09:26	1223	3600	12.4	10.9	9.6	90.0	996.3
2021-05-17T02:11:26	1258	3600	12.4	10.1	8.9	93.6	996.2
2021-05-17T03:13:26	1265	3600	12.4	9.8	8.7	94.9	996.1
2021-05-17T04:14:26	1332	3600	12.4	10.8	9.3	94.5	996.3
2021-05-17T05:16:26	1294	3600	12.4	11.1	9.6	90.3	996.5
2021-05-17T06:17:26	1284	3600	12.4	11.9	10.0	88.3	997.0
2021-05-17T07:19:26	1244	3600	12.6	16.2	12.5	76.8	997.3
2021-05-17T08:20:26	1247	3600	12.7	19.0	14.3	70.3	997.6
2021-05-17T09:22:26	1271	3600	12.8	21.2	15.0	66.9	997.8
2021-05-17T10:24:26	1236	3600	13.0	22.0	15.3	67.4	998.2
2021-05-17T11:25:26	1292	3600	12.7	21.0	15.1	65.7	998.5
2021-05-17T12:27:26	1197	3600	14.0	24.8	18.6	57.3	998.5
2021-05-17T13:28:26	1202	3600	12.7	21.8	16.4	60.9	998.3
2021-05-17T14:30:26	1189	3600	12.8	24.9	19.1	50.1	998.1
2021-05-17T15:31:26	1198	3600	12.7	24.5	20.0	47.5	998.2
2021-05-17T16:33:26	1200	3600	12.7	24.0	18.3	48.3	998.3
2021-05-17T17:34:26	1201	3600	13.0	22.5	17.0	60.6	998.8
2021-05-17T18:36:26	1217	3600	12.7	23.0	18.6	52.4	999.0
2021-05-17T19:38:26	1226	3600	12.7	18.9	14.3	65.0	999.5
2021-05-17T20:39:26	1143	3600	12.6	16.5	13.0	73.9	1000.0
2021-05-17T21:41:26	1254	3600	12.6	14.5	12.6	73.5	1000.5
2021-05-17T22:42:26	1268	3600	12.5	12.9	11.8	77.7	1000.6
2021-05-17T23:44:26	1227	3600	12.5	10.9	10.1	86.8	1000.8
2021-05-18T00:45:26	1250	3600	12.4	10.2	9.4	94.0	1001.1
2021-05-18T01:49:26	1204	3600	12.4	10.0	9.3	90.0	1001.3
2021-05-18T02:51:26	1186	3600	12.3	9.9	9.1	89.8	1001.5
2021-05-18T03:53:26	1259	3600	12.3	9.6	8.6	93.9	1002.1
2021-05-18T04:54:26	1206	3600	12.4	9.5	7.9	97.6	1002.6
2021-05-18T05:56:26	1216	3600	12.3	11.2	9.6	94.0	1003.1
2021-05-18T06:57:26	1207	3600	12.5	12.7	10.9	92.0	1003.6
2021-05-18T07:59:26	1142	3600	12.4	14.1	11.3	91.8	1004.3
2021-05-18T09:01:26	1183	3600	12.4	14.3	11.2	90.2	1005.1
2021-05-18T10:02:26	1147	3600	12.8	15.2	11.0	90.6	1005.7
2021-05-18T11:04:26	1182	3600	12.6	14.6	11.0	89.9	1006.0
2021-05-18T12:05:26	1179	3600	12.8	17.8	12.2	77.8	1006.3
2021-05-18T13:07:26	1133	3600	13.5	20.1	14.0	71.0	1006.2
2021-05-18T14:08:26	1194	3600	12.9	17.4	13.3	69.5	1006.1
2021-05-18T15:10:26	1175	3600	14.0	21.4	15.5	61.8	1006.2
2021-05-18T16:12:26	1193	3600	12.8	19.7	14.9	60.1	1006.3
2021-05-18T17:13:26	1189	3600	12.7	19.8	15.9	53.7	1006.2
2021-05-18T18:15:26	1172	3600	12.7	18.7	14.8	59.5	1006.4
2021-05-18T19:16:26	1155	3600	12.8	19.5	15.5	61.7	1006.7
2021-05-18T20:18:26	1179	3600	12.6	17.9	14.8	67.0	1006.7
2021-05-18T21:19:26	1158	3600	12.6	13.4	11.3	77.1	1007.1
2021-05-18T22:21:26	1126	3600	12.5	10.8	9.6	85.9	1007.4
2021-05-18T23:23:26	1126	3600	12.5	9.3	8.3	95.5	1007.5
2021-05-19T00:24:26	1230	3600	12.4	9.5	8.5	96.9	1007.7
2021-05-19T01:26:26	1149	3600	12.4	10.0	8.7	96.4	1007.6
2021-05-19T02:27:26	1149	3600	12.3	8.6	7.5	98.9	1007.5
2021-05-19T03:29:26	1238	3600	12.3	9.9	8.5	98.8	1007.7
2021-05-19T04:30:26	1133	3600	12.3	10.6	9.3	93.2	1008.1
2021-05-19T05:32:26	1145	3600	12.2	11.2	9.4	92.4	1008.6
2021-05-19T06:33:26	1169	3600	12.4	12.3	9.6	91.0	1008.9
2021-05-19T07:35:26	1150	3600	12.8	15.9	10.9	82.3	1009.3
2021-05-19T08:37:26	1137	3600	12.7	15.8	11.8	81.8	1009.8
2021-05-19T09:38:26	1135	3600	14.0	19.7	13.9	67.2	1009.9
2021-05-19T10:40:26	1154	3600	14.0	20.9	14.5	60.3	1009.9
2021-05-19T11:41:26	1129	3600	13.1	21.8	15.0	56.2	1010.0
2021-05-19T12:43:26	1090	3600	12.8	20.4	14.6	58.5	1009.9
2021-05-19T13:44:26	1097	3600	12.7	20.2	15.8	50.0	1009.8
2021-05-19T14:46:26	1179	3600	14.0	23.2	17.0	48.9	1009.6
2021-05-19T15:47:26	1109	3600	13.0	23.8	17.7	45.7	1009.4
2021-05-19T16:49:26	1146	3600	12.7	22.0	17.6	44.8	1009.6
2021-05-19T17:51:26	1127	3600	12.7	22.1	18.4	43.1	1009.4
2021-05-19T18:52:26	1196	3600	12.6	22.1	17.9	43.6	1009.6
2021-05-19T19:54:26	1158	3600	12.6	21.2	16.1	48.3	1009.9
2021-05-19T20:56:26	1130	3600	12.6	15.8	13.0	61.5	1010.1
2021-05-19T21:58:26	1129	3600	12.5	13.2	11.5	69.4	1010.7
2021-05-19T22:59:26	1128	3600	12.4	12.8	10.5	77.5	1011.3
2021-05-20T00:01:26	1148	3600	12.4	12.7	10.6	80.6	1011.3
2021-05-20T01:02:26	1143	3600	12.3	12.5	10.3	85.0	1011.5
2021-05-20T02:04:26	1162	3600	12.3	12.5	10.6	82.4	1011.8
2021-05-20T03:06:26	1170	3600	12.3	12.4	10.4	83.8	1012.0
2021-05-20T04:07:26	1144	3600	12.3	11.9	10.0	85.9	1012.2
2021-05-20T05:09:26	1185	3600	12.3	11.9	9.8	89.8	1012.6
2021-05-20T06:10:26	1116	3600	12.3	12.5	9.9	89.8	1012.7
2021-05-20T07:13:26	1133	3600	12.3	13.0	9.9	92.8	1013.2
2021-05-20T08:15:26	1136	3600	12.7	14.6	11.2	84.8	1013.6
2021-05-20T09:16:26	1124	3600	12.7	16.6	11.8	77.5	1013.9
2021-05-20T10:18:26	1100	3600	12.7	17.4	12.5	72.9	1014.1
2021-05-20T11:19:26	1179	3600	14.0	18.9	14.3	64.2	1014.1
2021-05-20T12:21:26	1153	3600	12.7	20.5	14.9	59.0	1014.0
2021-05-20T13:23:26	1107	3600	12.8	20.5	14.9	58.8	1013.7
2021-05-20T14:25:26	1159	3600	12.8	21.3	16.0	51.7	1013.3
2021-05-20T15:26:26	1186	3600	12.7	21.6	17.6	46.2	1012.9
2021-05-20T16:28:26	1140	3600	14.0	22.7	18.0	45.7	1012.5
2021-05-20T17:30:26	1194	3600	12.7	22.0	17.9	40.4	1011.8
2021-05-20T18:31:26	1252	3600	12.7	19.9	16.1	46.1	1011.6
2021-05-20T19:33:26	1143	3600	12.7	20.3	15.6	50.8	1011.4
2021-05-20T20:34:26	1142	3600	12.6	17.2	13.8	58.2	1011.1
2021-05-20T21:36:26	1171	3600	12.6	13.1	11.7	69.2	1010.8
2021-05-20T22:37:26	1141	3600	12.5	12.7	11.5	70.0	1010.4
2021-05-20T23:39:26	1083	3600	12.5	11.7	10.2	76.6	1009.5
2021-05-21T00:40:26	1160	3600	12.5	11.6	10.4	74.8	1008.7
2021-05-21T01:42:26	1162	3600	12.4	12.6	11.2	73.6	1008.1
2021-05-21T02:43:26	1222	3600	12.4	12.8	10.9	77.5	1007.4
2021-05-21T03:45:26	1238	3600	12.3	12.7	11.4	75.2	1006.3
2021-05-21T04:47:26	1190	3600	12.3	12.9	11.3	78.4	1005.4
2021-05-21T05:48:26	1170	3600	12.3	13.0	11.0	80.4	1004.9
2021-05-21T06:50:26	1256	3600	12.3	16.2	13.4	71.2	1003.9
2021-05-21T07:51:26	1260	3600	12.7	18.1	14.4	66.8	1003.1
2021-05-21T08:53:26	1253	3600	12.7	19.5	16.0	62.0	1002.2
2021-05-21T09:54:26	1276	3600	14.0	24.3	18.4	53.4	1001.2
2021-05-21T10:56:26	1247	3600	12.7	24.1	19.6	49.6	1000.4
2021-05-21T11:57:26	1239	3600	12.7	23.8	19.4	45.7	1000.0
2021-05-21T12:59:26	1311	3600	12.7	23.5	19.4	49.2	999.3
2021-05-21T14:00:26	1285	3600	12.7	25.6	19.8	42.7	998.8
2021-05-21T15:02:26	1339	3600	12.7	25.2	19.7	42.0	998.4
2021-05-21T16:04:26	1262	3600	12.7	25.7	20.0	44.6	998.0
2021-05-21T17:05:26	1282	3600	12.7	24.5	19.7	36.7	997.9
2021-05-21T18:07:26	1245	3600	12.7	23.8	19.6	38.0	998.1
2021-05-21T19:08:26	1315	3600	12.6	21.2	16.6	50.9	998.5
2021-05-21T20:10:26	1250	3600	12.6	17.7	14.3	66.9	998.5
2021-05-21T21:11:26	1227	3600	12.5	15.8	12.7	85.0	998.5
2021-05-21T22:13:26	1313	3600	12.4	13.6	12.2	78.2	998.6
2021-05-21T23:14:26	1341	3600	12.4	12.5	10.9	84.7	998.9
2021-05-22T00:16:26	1248	3600	12.4	12.8	11.2	78.6	998.6
2021-05-22T01:18:26	1278	3600	12.3	11.1	10.3	81.6	998.9
2021-05-22T02:19:26	1284	3600	12.3	10.9	9.5	85.8	998.4
2021-05-22T03:21:26	1301	3600	12.2	9.6	8.7	83.3	998.0
2021-05-22T04:22:26	1278	3600	12.3	10.2	9.7	79.3	998.0
2021-05-22T05:24:26	1297	3600	12.2	11.8	10.6	79.9	998.0
2021-05-22T06:26:26	1273	3600	12.4	13.8	11.8	78.4	998.4
2021-05-22T07:27:26	1243	3600	12.3	14.1	11.1	84.8	998.5
2021-05-22T08:29:26	1301	3600	12.7	15.7	12.9	81.2	998.6
2021-05-22T09:30:26	1333	3600	13.6	17.9	13.8	69.2	999.0
2021-05-22T10:32:26	1277	3600	14.0	23.0	16.4	61.8	998.9
2021-05-22T11:33:26	1285	3600	12.7	19.4	15.4	54.5	998.9
2021-05-22T12:35:26	1344	3600	12.7	19.5	16.2	66.1	998.9
2021-05-22T13:37:26	1322	3600	12.8	19.0	14.5	57.2	999.0
2021-05-22T14:38:26	1276	3600	14.0	22.1	15.9	55.2	999.3
2021-05-22T15:40:26	1257	3600	12.7	19.6	15.7	54.5	999.4
2021-05-22T16:41:26	1277	3600	12.7	19.3	15.2	60.1	999.7
2021-05-22T17:43:26	1248	3600	12.7	18.8	14.7	64.1	1000.4
2021-05-22T18:44:26	1264	3600	12.7	17.1	13.2	72.6	1000.7
2021-05-22T19:46:26	1208	3600	12.6	16.1	12.5	80.1	1001.3
2021-05-22T20:47:26	1240	3600	12.5	14.8	11.7	84.2	1001.4
2021-05-22T21:49:26	1278	3600	12.5	13.9	11.6	84.4	1001.9
2021-05-22T22:50:26	1252	3600	12.5	13.4	11.3	86.3	1002.3
2021-05-22T23:52:26	1253	3600	12.5	13.4	11.5	81.3	1002.8
2021-05-23T00:54:26	1258	3600	12.4	13.4	11.4	79.1	1003.3
2021-05-23T01:55:26	1208	3600	12.4	12.3	10.5	81.5	1003.6
2021-05-23T02:57:26	1244	3600	12.4	11.6	9.9	83.4	1003.9
2021-05-23T03:58:26	1233	3600	12.3	10.3	9.0	86.0	1004.0
2021-05-23T05:00:26	1269	3600	12.3	10.6	8.9	87.2	1004.1
2021-05-23T06:01:26	1240	3600	12.2	11.5	9.1	87.7	1004.4
2021-05-23T07:03:26	1256	3600	12.5	13.8	10.6	81.9	1004.9
2021-05-23T08:04:26	1240	3600	12.3	14.1	10.5	80.9	1005.7
2021-05-23T09:06:26	1198	3600	12.7	14.8	11.8	79.4	1006.2
2021-05-23T10:07:26	1252	3600	13.2	17.4	12.5	75.5	1006.7
2021-05-23T11:09:26	1250	3600	13.9	18.6	14.1	70.8	1007.3
2021-05-23T12:11:26	1192	3600	13.1	21.8	14.3	65.6	1007.6
2021-05-23T13:12:26	1151	3600	12.7	19.9	14.9	69.3	1008.1
2021-05-23T14:14:26	1174	3600	12.7	20.7	17.1	61.0	1008.3
2021-05-23T15:15:26	1171	3600	12.8	23.2	17.2	54.4	1008.6
2021-05-23T16:17:26	1231	3600	12.8	20.7	16.4	58.4	1008.9
2021-05-23T17:18:26	1152	3600	14.0	15.6	12.4	88.7	1010.0
2021-05-23T18:20:26	1123	3600	12.7	19.0	14.3	71.6	1009.9
2021-05-23T19:21:26	1149	3600	12.7	19.9	15.5	61.6	1010.0
2021-05-23T20:23:26	1192	3600	12.6	17.7	13.5	67.2	1010.6
2021-05-23T21:25:26	1150	3600	12.6	13.6	11.7	73.5	1011.1
2021-05-23T22:26:26	1167	3600	12.5	11.7	10.9	78.1	1011.7
2021-05-23T23:28:26	1221	3600	12.4	10.5	10.1	81.0	1012.1
2021-05-24T00:29:26	1205	3600	12.4	9.9	9.2	84.3	1012.6
2021-05-24T01:31:26	1256	3600	12.4	10.4	8.7	87.1	1012.8
2021-05-24T02:32:26	1229	3600	12.3	9.5	8.7	87.7	1012.4
2021-05-24T03:34:26	1221	3600	12.3	8.7	8.1	90.6	1012.0
2021-05-24T04:36:26	1198	3600	12.2	8.4	7.5	91.7	1011.7
2021-05-24T05:37:26	1199	3600	12.2	9.0	7.5	91.6	1011.7
2021-05-24T06:39:26	1171	3600	12.3	13.1	10.7	79.5	1011.8
2021-05-24T07:40:26	1190	3600	12.7	16.5	13.7	68.9	1011.9
2021-05-24T08:42:26	1143	3600	12.7	19.4	16.0	60.9	1012.0
2021-05-24T09:43:26	1225	3600	14.0	24.2	18.7	53.0	1011.3
2021-05-24T10:45:26	1196	3600	12.8	24.4	20.0	48.4	1010.8
2021-05-24T11:47:26	1130	3600	12.7	23.4	18.9	45.2	1010.4
2021-05-24T12:48:26	1265	3600	12.8	24.3	19.2	44.2	1009.2
2021-05-24T13:50:26	1215	3600	14.0	26.7	21.2	36.8	1008.4
2021-05-24T14:51:26	1137	3600	14.0	27.7	21.9	38.3	1007.7
2021-05-24T15:53:26	1232	3600	12.7	25.9	21.7	37.0	1006.5
2021-05-24T16:54:26	1249	3600	14.0	27.4	21.5	38.8	1005.9
2021-05-24T17:56:26	1235	3600	12.7	25.1	21.1	38.6	1005.2
2021-05-24T18:57:26	1267	3600	12.8	25.6	20.4	39.5	1004.6
2021-05-24T19:59:26	1254	3600	12.7	25.0	20.2	39.6	1004.6
2021-05-24T21:01:26	1301	3600	12.6	20.2	17.5	49.6	1004.7
2021-05-24T22:02:26	1242	3600	12.6	18.3	16.4	57.6	1004.3
2021-05-24T23:04:26	1192	3600	12.6	18.4	16.9	57.6	1003.6
2021-05-25T00:05:26	1227	3600	12.5	18.0	16.4	61.8	1003.5
2021-05-25T01:08:26	1278	3600	12.5	18.4	16.9	59.9	1003.9
2021-05-25T02:09:26	1223	3600	12.5	16.0	13.6	75.7	1005.2
2021-05-25T03:11:26	1272	3600	12.5	14.8	12.2	86.6	1005.0
2021-05-25T04:12:26	1247	3600	12.4	14.3	11.9	91.8	1004.7
2021-05-25T05:14:26	1272	3600	12.4	13.6	11.2	93.1	1004.8
2021-05-25T06:15:26	1265	3600	12.4	14.7	12.1	86.0	1004.9
2021-05-25T07:17:26	1232	3600	12.5	15.4	12.2	77.5	1005.4
2021-05-25T08:18:26	1193	3600	12.6	16.0	12.3	74.3	1006.2
2021-05-25T09:20:26	1258	3600	12.9	16.5	12.3	71.2	1006.1
2021-05-25T10:22:26	1201	3600	12.8	16.5	12.7	67.4	1006.7
2021-05-25T11:23:26	1218	3600	12.8	19.5	13.4	61.5	1006.6
2021-05-25T12:25:26	1160	3600	14.0	15.2	12.2	87.1	1006.9
2021-05-25T13:27:26	1264	3600	14.0	18.8	14.5	69.4	1006.5
2021-05-25T14:28:26	1241	3600	12.7	18.9	13.7	61.2	1006.6
2021-05-25T15:30:26	1216	3600	14.0	20.2	15.5	54.9	1006.6
2021-05-25T16:31:26	1238	3600	12.7	15.8	11.8	70.1	1007.1
2021-05-25T17:33:26	1200	3600	12.7	19.0	14.3	60.8	1006.5
2021-05-25T18:34:26	1240	3600	13.0	15.9	10.9	80.0	1006.7
2021-05-25T19:36:26	1261	3600	12.7	17.3	12.1	74.0	1006.9
2021-05-25T20:38:26	1213	3600	12.6	13.2	9.7	86.5	1007.4
2021-05-25T21:39:26	1276	3600	12.5	11.3	9.1	87.9	1008.2
2021-05-25T22:41:26	1182	3600	12.5	11.1	9.1	87.7	1008.5
2021-05-25T23:42:26	1227	3600	12.4	10.8	9.1	85.1	1008.5
2021-05-26T00:44:26	1239	3600	12.4	11.3	9.5	80.8	1008.3
2021-05-26T01:48:26	1219	3600	12.3	11.3	9.1	81.5	1007.9
2021-05-26T02:50:26	1246	3600	12.3	11.0	8.7	83.5	1007.5
2021-05-26T03:51:26	1253	3600	12.3	11.2	8.9	84.5	1007.3
2021-05-26T04:53:26	1252	3600	12.3	11.0	9.1	84.0	1007.2
2021-05-26T05:55:26	1257	3600	12.2	12.2	9.5	83.3	1007.1
2021-05-26T06:56:26	1259	3600	12.4	13.0	9.9	81.7	1006.9
2021-05-26T07:58:26	1224	3600	12.8	14.8	11.1	76.3	1006.8
2021-05-26T08:59:26	1242	3600	12.7	17.5	12.6	68.3	1006.8
2021-05-26T10:01:26	1222	3600	12.7	17.9	13.6	62.7	1006.6
2021-05-26T11:02:26	1254	3600	12.8	20.5	15.3	57.4	1006.1
2021-05-26T12:04:26	1224	3600	12.8	20.1	14.9	58.5	1005.8
2021-05-26T13:06:26	1270	3600	12.7	16.5	11.9	77.3	1005.6
2021-05-26T14:07:26	1236	3600	12.7	17.1	13.6	69.4	1005.1
2021-05-26T15:09:26	1208	3600	12.8	20.9	17.2	50.2	1004.5
2021-05-26T16:10:26	1253	3600	14.0	23.0	18.0	52.0	1004.4
2021-05-26T17:12:26	1284	3600	12.7	19.5	15.2	57.5	1004.1
2021-05-26T18:14:26	1257	3600	12.7	19.9	15.0	57.8	1003.9
2021-05-26T19:15:26	1258	3600	12.8	19.5	15.1	57.2	1003.6
2021-05-26T20:17:26	1263	3600	12.6	19.6	15.0	61.4	1003.5
2021-05-26T21:18:26	1271	3600	12.5	16.2	13.0	71.3	1003.7
2021-05-26T22:20:26	1315	3600	12.5	14.4	12.1	75.1	1004.3
2021-05-26T23:21:26	1298	3600	12.5	13.7	11.5	76.9	1004.5
2021-05-27T00:23:26	1243	3600	12.4	12.4	9.9	87.3	1004.9
2021-05-27T01:25:26	1236	3600	12.3	10.8	9.0	88.1	1005.0
2021-05-27T02:26:26	1173	3600	12.3	10.0	8.7	87.7	1005.1
2021-05-27T03:28:26	1288	3600	12.3	10.1	8.7	86.9	1005.3
2021-05-27T04:29:26	1301	3600	12.3	10.8	8.9	86.3	1005.4
2021-05-27T05:31:26	1309	3600	12.2	11.6	9.3	85.7	1005.5
2021-05-27T06:32:26	1263	3600	12.2	12.6	10.1	84.8	1006.0
2021-05-27T07:34:26	1232	3600	12.7	14.6	11.5	81.1	1006.1
2021-05-27T08:35:26	1201	3600	12.8	15.7	11.7	78.4	1006.5
2021-05-27T09:37:26	1238	3600	12.7	16.1	12.2	77.8	1006.8
2021-05-27T10:38:26	1222	3600	13.2	17.4	12.6	80.2	1007.1
2021-05-27T11:40:26	1251	3600	14.0	21.6	15.7	64.5	1007.2
2021-05-27T12:41:26	1227	3600	12.8	18.3	13.5	69.6	1007.4
2021-05-27T13:43:26	1206	3600	13.0	22.0	15.9	65.0	1007.6
2021-05-27T14:45:26	1218	3600	12.8	18.2	12.6	78.5	1007.8
2021-05-27T15:46:26	1208	3600	12.7	18.1	14.3	68.3	1008.1
2021-05-27T16:48:26	1261	3600	12.6	17.6	12.0	76.7	1008.6
2021-05-27T17:49:26	1180	3600	12.7	17.1	13.3	81.0	1008.8
2021-05-27T18:51:26	1195	3600	12.9	17.9	13.2	81.2	1009.2
2021-05-27T19:52:26	1176	3600	12.6	16.2	12.5	82.9	1009.6
2021-05-27T20:54:26	1180	3600	12.6	15.4	12.2	85.6	1010.2
2021-05-27T21:56:26	1176	3600	12.5	14.1	11.7	90.7	1011.1
2021-05-27T22:57:26	1161	3600	12.4	13.8	11.5	88.5	1011.6
2021-05-27T23:59:26	1214	3600	12.5	12.8	10.5	91.8	1012.1
2021-05-28T01:00:26	1153	3600	12.4	12.7	10.6	93.7	1012.5
2021-05-28T02:02:26	1102	3600	12.4	12.4	10.2	94.1	1012.8
2021-05-28T03:04:26	1153	3600	12.4	12.1	9.8	96.7	1013.3
2021-05-28T04:06:26	1091	3600	12.3	12.0	9.8	92.0	1013.7
2021-05-28T05:07:26	1126	3600	12.3	11.3	9.0	96.0	1014.0
2021-05-28T06:09:26	1152	3600	12.3	12.4	9.5	93.9	1014.5
2021-05-28T07:10:26	1129	3600	12.3	13.0	9.9	92.9	1015.0
2021-05-28T08:12:26	1159	3600	12.6	15.1	11.7	88.3	1015.4
2021-05-28T09:13:26	1148	3600	12.7	16.3	12.5	81.3	1015.9
2021-05-28T10:15:26	1117	3600	12.7	16.5	12.6	79.7	1016.2
2021-05-28T11:16:26	1182	3600	14.0	17.7	14.3	70.3	1016.3
2021-05-28T12:18:26	1144	3600	12.7	19.4	14.8	58.0	1016.3
2021-05-28T13:20:26	1136	3600	12.7	22.1	17.2	51.3	1016.1
2021-05-28T14:21:26	1186	3600	12.8	22.8	16.7	53.2	1016.0
2021-05-28T15:23:26	1125	3600	12.8	22.1	16.3	49.1	1016.0
2021-05-28T16:25:26	1275	3600	12.7	20.6	15.5	56.7	1016.0
2021-05-28T17:26:26	1197	3600	12.7	18.8	13.9	69.9	1016.5
2021-05-28T18:28:26	1169	3600	12.7	19.0	14.8	57.5	1016.3
2021-05-28T19:29:26	1146	3600	12.7	21.0	15.5	58.5	1016.3
2021-05-28T20:31:26	1189	3600	12.6	15.8	12.2	72.5	1016.4
2021-05-28T21:33:26	1210	3600	12.6	13.0	10.7	83.5	1016.9
2021-05-28T22:34:26	1139	3600	12.5	13.9	11.7	77.2	1017.3
2021-05-28T23:36:26	1215	3600	12.4	13.3	10.9	85.3	1017.8
2021-05-29T00:37:26	1144	3600	12.4	11.9	9.6	92.6	1017.7
2021-05-29T01:39:26	1135	3600	12.4	10.4	8.7	93.1	1017.6
2021-05-29T02:40:26	1174	3600	12.3	9.9	8.2	91.6	1017.7
2021-05-29T03:42:26	1105	3600	12.2	9.0	7.2	94.5	1017.7
2021-05-29T04:43:26	1151	3600	12.3	7.9	6.3	97.0	1017.8
2021-05-29T05:45:26	1143	3600	12.3	9.3	7.0	98.3	1018.2
2021-05-29T06:46:26	1202	3600	12.1	10.7	8.0	97.6	1018.6
2021-05-29T07:48:26	1201	3600	12.3	11.6	8.2	99.0	1019.1
2021-05-29T08:50:26	1154	3600	12.5	12.8	9.4	96.6	1019.4
2021-05-29T09:51:26	1148	3600	12.8	14.7	10.6	90.0	1019.6
2021-05-29T10:53:26	1127	3600	12.9	15.2	10.7	89.2	1019.9
2021-05-29T11:54:26	1167	3600	12.7	16.2	11.8	80.2	1020.0
2021-05-29T12:56:26	1107	3600	12.6	16.6	12.3	81.2	1020.1
2021-05-29T13:57:26	1125	3600	12.8	18.1	13.1	75.7	1019.9
2021-05-29T14:59:26	1154	3600	14.0	21.7	14.9	66.8	1019.8
2021-05-29T16:01:26	1132	3600	14.0	21.4	15.1	67.0	1019.6
2021-05-29T17:02:26	1145	3600	12.7	20.5	16.7	64.1	1019.6
2021-05-29T18:04:26	1140	3600	12.7	20.9	17.0	62.5	1019.3
2021-05-29T19:05:26	1119	3600	12.7	19.8	16.6	64.9	1019.4
2021-05-29T20:07:26	1094	3600	12.6	19.4	15.5	69.2	1019.6
2021-05-29T21:08:26	1156	3600	12.6	17.7	14.6	73.7	1020.1
2021-05-29T22:10:26	1167	3600	12.5	14.6	12.8	70.5	1020.7
2021-05-29T23:11:26	1092	3600	12.5	14.2	12.4	72.9	1021.1
2021-05-30T00:13:26	1181	3600	12.5	13.5	11.4	78.2	1021.4
2021-05-30T01:16:26	1116	3600	12.4	12.8	10.8	81.7	1021.5
2021-05-30T02:17:26	1173	3600	12.3	11.0	9.5	86.6	1021.7
2021-05-30T03:19:26	1146	3600	12.4	10.0	8.7	89.0	1021.7
2021-05-30T04:20:26	1105	3600	12.3	8.7	7.5	92.2	1021.6
2021-05-30T05:22:26	1124	3600	12.3	9.0	7.3	96.8	1021.9
2021-05-30T06:24:26	1144	3600	12.3	12.6	10.3	84.4	1021.8
2021-05-30T07:25:26	1173	3600	12.7	16.3	12.3	73.8	1022.1
2021-05-30T08:27:26	1204	3600	12.7	18.9	14.5	63.3	1022.3
2021-05-30T09:28:26	1129	3600	14.0	22.8	16.2	46.0	1022.3
2021-05-30T10:30:26	1120	3600	14.0	24.3	17.2	40.1	1022.3
2021-05-30T11:31:26	1070	3600	14.0	25.1	18.3	38.9	1022.1
2021-05-30T12:33:26	1161	3600	14.0	26.1	19.3	38.1	1022.1
2021-05-30T13:34:26	1073	3600	12.8	25.1	20.1	37.4	1021.7
2021-05-30T14:36:26	1111	3600	12.7	25.0	20.2	38.2	1021.5
2021-05-30T15:38:26	1143	3600	12.7	26.0	21.9	34.8	1021.1
2021-05-30T16:39:26	1175	3600	12.8	26.2	21.7	35.2	1020.7
2021-05-30T17:41:26	1157	3600	12.7	24.9	21.1	36.9	1020.5
2021-05-30T18:42:26	1183	3600	12.7	25.1	20.0	37.6	1020.2
2021-05-30T19:44:26	1166	3600	12.7	24.6	19.8	37.1	1020.1
2021-05-30T20:45:26	1193	3600	12.6	21.8	17.3	42.9	1020.0
2021-05-30T21:47:26	1139	3600	12.6	16.2	14.3	51.1	1020.3
2021-05-30T22:48:26	1181	3600	12.6	13.9	12.8	54.4	1020.7
2021-05-30T23:50:26	1224	3600	12.5	11.1	10.1	64.0	1020.8
2021-05-31T00:52:26	1140	3600	12.4	10.0	9.4	63.2	1021.0
2021-05-31T01:55:26	1226	3600	12.4	8.2	7.4	72.4	1020.8
2021-05-31T02:58:26	1123	3600	12.4	6.8	6.1	79.4	1020.4
2021-05-31T03:59:26	1214	3600	12.3	6.6	5.6	83.0	1020.2
2021-05-31T05:01:26	1202	3600	12.3	5.9	4.2	89.4	1020.0
2021-05-31T06:02:26	1231	3600	12.3	9.1	8.0	77.5	1020.1
2021-05-31T07:04:26	1162	3600	12.5	13.6	10.4	70.6	1020.3
2021-05-31T08:06:26	1140	3600	12.7	16.5	12.5	66.6	1020.2
2021-05-31T09:07:26	1147	3600	14.0	21.6	15.9	60.6	1020.1
2021-05-31T10:09:26	1202	3600	14.0	24.3	17.6	52.0	1019.9
2021-05-31T11:11:26	1106	3600	14.0	26.2	18.4	47.2	1019.6
2021-05-31T12:12:26	1134	3600	14.0	27.3	20.0	42.0	1019.3
2021-05-31T13:14:26	1121	3600	14.0	27.7	20.0	38.9	1018.9
2021-05-31T14:15:26	1168	3600	14.0	28.5	20.9	34.6	1018.3
2021-05-31T15:17:26	1178	3600	14.0	28.7	22.2	33.8	1017.9
2021-05-31T16:19:26	1167	3600	13.0	28.6	22.7	32.7	1017.4
2021-05-31T17:20:26	1153	3600	13.0	28.7	23.6	33.1	1016.9
2021-05-31T18:22:26	1184	3600	12.8	27.8	22.8	28.8	1016.4
2021-05-31T19:23:26	1194	3600	12.7	27.1	22.8	30.6	1016.1
2021-05-31T20:25:26	1206	3600	12.7	25.4	21.5	34.9	1016.1
2021-05-31T21:26:26	1198	3600	12.7	20.1	17.1	46.3	1016.2
2021-05-31T22:28:26	1173	3600	12.7	16.6	15.3	54.5	1016.3
2021-05-31T23:30:26	1160	3600	12.6	14.2	12.8	69.5	1016.3
2021-06-01T00:31:26	1218	3600	12.6	13.7	12.6	70.9	1016.3
2021-06-01T01:33:26	1194	3600	12.6	11.8	10.5	90.4	1016.1
2021-06-01T02:34:26	1222	3600	12.5	10.9	9.9	87.1	1015.8
2021-06-01T03:36:26	1207	3600	12.5	10.4	9.3	98.1	1015.8
2021-06-01T04:37:26	1219	3600	12.5	10.2	8.7	97.1	1015.5
2021-06-01T05:39:26	1267	3600	12.3	11.0	9.3	99.4	1015.4
2021-06-01T06:40:26	1160	3600	12.6	14.7	12.6	88.7	1015.2
2021-06-01T07:42:26	1247	3600	12.7	18.0	16.1	74.8	1015.5
2021-06-01T08:43:26	1197	3600	12.7	22.0	18.6	67.6	1015.3
2021-06-01T09:45:26	1175	3600	14.0	25.9	19.8	64.1	1015.2
2021-06-01T10:46:26	1133	3600	14.0	29.1	22.0	54.3	1014.4
2021-06-01T11:48:26	1174	3600	14.0	29.7	22.7	45.1	1013.9
2021-06-01T12:49:26	1180	3600	13.0	30.2	23.8	40.6	1013.4
2021-06-01T13:51:26	1203	3600	13.0	30.3	23.7	40.9	1013.0
2021-06-01T14:53:26	1220	3600	13.1	31.2	24.8	35.2	1012.7
2021-06-01T15:54:26	1247	3600	13.1	30.2	23.1	39.8	1012.4
2021-06-01T16:56:26	1315	3600	12.8	27.5	22.8	33.3	1012.4
2021-06-01T17:57:26	1293	3600	12.6	27.4	23.2	36.6	1011.7
2021-06-01T18:59:26	1221	3600	12.7	24.9	20.3	38.4	1011.8
2021-06-01T20:00:26	1195	3600	12.7	23.1	19.3	47.7	1011.9
2021-06-01T21:02:26	1216	3600	12.6	21.0	18.1	62.0	1012.2
2021-06-01T22:04:26	1267	3600	12.6	19.3	16.9	59.1	1012.8
2021-06-01T23:05:26	1280	3600	12.6	18.3	16.0	53.3	1012.9
2021-06-02T00:07:26	1243	3600	12.6	17.6	15.5	53.4	1013.0
2021-06-02T01:08:26	1233	3600	12.5	16.7	14.6	59.3	1013.1
2021-06-02T02:10:26	1224	3600	12.5	16.0	13.7	66.0	1013.1
2021-06-02T03:12:26	1215	3600	12.5	15.3	12.9	72.3	1013.3
2021-06-02T04:13:26	1232	3600	12.4	14.5	12.4	74.0	1013.4
2021-06-02T05:15:26	1287	3600	12.4	13.8	11.4	77.6	1013.7
2021-06-02T06:17:26	1258	3600	12.5	13.9	10.9	83.9	1013.9
2021-06-02T07:18:26	1283	3600	12.8	18.6	14.3	72.6	1014.4
2021-06-02T08:20:26	1197	3600	12.7	20.0	14.9	70.8	1014.8
2021-06-02T09:21:26	1183	3600	14.0	23.8	17.6	64.2	1014.4
2021-06-02T10:23:26	1211	3600	14.0	25.9	19.4	60.0	1014.6
2021-06-02T11:24:26	1199	3600	14.0	27.6	21.0	56.3	1014.6
2021-06-02T12:26:26	1197	3600	13.1	29.2	22.6	50.1	1014.7
2021-06-02T13:27:26	1227	3600	13.0	30.6	24.3	46.9	1014.6
2021-06-02T14:29:26	1232	3600	13.1	31.0	24.9	44.2	1014.4
2021-06-02T15:30:26	1252	3600	13.0	30.0	24.0	41.0	1014.4
2021-06-02T16:32:26	1186	3600	12.8	30.2	25.5	38.5	1014.2
2021-06-02T17:33:26	1191	3600	12.7	30.4	25.7	36.8	1014.3
2021-06-02T18:35:26	1230	3600	12.7	30.1	24.5	38.5	1014.2
2021-06-02T19:36:26	1235	3600	12.9	30.2	24.2	41.6	1014.8
2021-06-02T20:38:26	1241	3600	12.7	26.4	22.1	46.9	1015.3
2021-06-02T21:39:26	1247	3600	12.7	22.1	20.0	55.3	1015.9
2021-06-02T22:41:26	1235	3600	12.6	19.7	18.6	57.2	1016.3
2021-06-02T23:43:26	1189	3600	12.6	18.4	17.9	57.9	1016.8
2021-06-03T00:44:26	1166	3600	12.6	17.0	16.3	65.2	1017.2
2021-06-03T01:47:26	1280	3600	12.5	16.7	15.9	66.4	1017.1
2021-06-03T02:49:26	1287	3600	12.5	16.3	15.3	66.0	1017.2
2021-06-03T03:50:26	1135	3600	12.4	15.9	15.0	66.2	1017.5
2021-06-03T04:52:26	1233	3600	12.4	15.8	14.7	65.0	1017.7
2021-06-03T05:53:26	1162	3600	12.4	17.7	15.5	62.2	1017.7
2021-06-03T06:55:26	1270	3600	12.5	20.5	16.7	58.3	1018.0
2021-06-03T07:56:26	1261	3600	12.7	22.2	18.1	54.6	1018.1
2021-06-03T08:58:26	1229	3600	13.5	25.5	20.7	49.2	1018.5
2021-06-03T09:59:26	1267	3600	14.0	28.9	22.8	43.0	1018.6
2021-06-03T11:01:26	1163	3600	14.0	30.1	24.2	39.7	1018.5
2021-06-03T12:02:26	1244	3600	14.0	31.2	25.1	37.9	1018.3
2021-06-03T13:04:26	1240	3600	13.0	31.8	26.0	34.1	1018.2
2021-06-03T14:06:26	1289	3600	13.1	32.9	26.7	33.6	1017.8
2021-06-03T15:07:26	1284	3600	12.8	32.1	27.6	32.1	1017.4
2021-06-03T16:09:26	1188	3600	12.8	32.6	27.6	29.6	1016.8
2021-06-03T17:10:26	1197	3600	12.7	32.6	27.9	31.0	1016.6
2021-06-03T18:12:26	1263	3600	12.7	32.1	27.5	31.6	1016.4
2021-06-03T19:14:26	1173	3600	12.8	32.9	27.2	33.1	1016.4
2021-06-03T20:15:26	1259	3600	12.6	28.0	24.2	39.9	1016.5
2021-06-03T21:17:26	1189	3600	12.6	24.7	22.6	42.8	1016.8
2021-06-03T22:19:26	1240	3600	12.6	23.2	21.4	46.5	1016.8
2021-06-03T23:20:26	1205	3600	12.5	23.2	21.4	46.7	1017.1
2021-06-04T00:22:26	1245	3600	12.5	22.2	20.2	48.9	1017.1
2021-06-04T01:23:26	1269	3600	12.5	21.4	19.3	51.3	1017.1
2021-06-04T02:25:26	1239	3600	12.4	20.6	18.7	53.3	1016.9
2021-06-04T03:26:26	1202	3600	12.4	20.3	18.3	55.0	1016.8
2021-06-04T04:28:26	1213	3600	12.4	20.1	18.1	55.5	1016.6
2021-06-04T05:29:26	1191	3600	12.4	19.9	17.7	57.1	1016.7
2021-06-04T06:31:26	1225	3600	12.4	20.1	17.2	61.0	1016.8
2021-06-04T07:33:26	1206	3600	12.4	18.2	15.6	75.7	1016.4
2021-06-04T08:34:26	1205	3600	12.5	19.6	16.6	71.2	1016.8
2021-06-04T09:36:26	1217	3600	12.9	22.5	18.4	70.1	1017.0
2021-06-04T10:37:26	1239	3600	12.7	22.5	18.9	64.3	1016.9
2021-06-04T11:39:26	1225	3600	12.7	22.9	19.1	65.6	1017.0
2021-06-04T12:41:26	1255	3600	13.4	26.4	21.2	60.6	1016.9
2021-06-04T13:42:26	1266	3600	14.0	29.8	22.3	55.0	1016.6
2021-06-04T14:44:26	1220	3600	14.0	30.8	24.4	53.1	1016.1
2021-06-04T15:45:26	1198	3600	14.0	31.8	25.7	47.0	1015.8
2021-06-04T16:47:26	1211	3600	13.1	31.1	25.3	48.3	1015.3
2021-06-04T17:48:26	1183	3600	12.8	29.9	25.0	49.1	1015.1
2021-06-04T18:50:26	1226	3600	12.8	29.7	24.8	52.6	1015.2
2021-06-04T19:51:26	1257	3600	12.7	28.1	23.8	54.3	1015.3
2021-06-04T20:53:26	1217	3600	12.7	26.4	22.1	60.8	1015.4
2021-06-04T21:54:26	1195	3600	12.6	23.0	20.6	66.1	1015.6
2021-06-04T22:56:26	1178	3600	12.6	20.8	18.7	72.1	1015.8
2021-06-04T23:57:26	1176	3600	12.6	19.8	18.0	73.3	1015.5
2021-06-05T00:59:26	1279	3600	12.6	18.5	16.8	77.4	1015.4
2021-06-05T02:01:26	1265	3600	12.5	17.8	15.9	79.6	1015.4
2021-06-05T03:02:26	1307	3600	12.4	16.5	14.9	83.3	1015.5
2021-06-05T04:04:26	1182	3600	12.5	15.6	14.5	84.0	1015.1
2021-06-05T05:05:26	1255	3600	12.4	16.0	14.5	83.1	1014.7
2021-06-05T06:07:26	1263	3600	12.5	19.3	16.4	74.8	1014.7
2021-06-05T07:08:26	1164	3600	12.6	21.8	18.1	70.3	1015.0
2021-06-05T08:10:26	1309	3600	12.7	24.0	20.0	63.0	1015.1
2021-06-05T09:11:26	1193	3600	14.0	28.6	22.8	51.4	1015.1
2021-06-05T10:13:26	1225	3600	14.0	30.2	23.7	47.6	1014.8
2021-06-05T11:14:26	1202	3600	14.0	31.4	25.6	45.7	1014.8
2021-06-05T12:16:26	1237	3600	13.1	32.9	26.4	43.4	1014.5
2021-06-05T13:17:26	1215	3600	13.1	33.5	27.0	44.4	1014.1
2021-06-05T14:19:26	1215	3600	13.1	34.6	28.1	42.3	1013.5
2021-06-05T15:21:26	1172	3600	13.1	35.1	28.5	37.0	1012.8
2021-06-05T16:22:26	1273	3600	13.1	35.3	28.8	36.6	1012.4
2021-06-05T17:24:26	1318	3600	12.8	32.7	27.9	35.5	1012.6
2021-06-05T18:25:26	1239	3600	12.8	32.9	27.6	36.9	1012.6
2021-06-05T19:27:26	1219	3600	12.7	29.4	26.0	40.7	1012.7
2021-06-05T20:28:26	1306	3600	12.7	27.8	24.6	44.9	1012.9
2021-06-05T21:30:26	1302	3600	12.6	25.0	22.8	49.8	1013.2
2021-06-05T22:31:26	1342	3600	12.6	24.2	22.0	51.3	1013.6
2021-06-05T23:33:26	1273	3600	12.6	22.0	19.8	66.6	1014.0
2021-06-06T00:34:26	1281	3600	12.5	19.7	17.5	74.3	1014.2
2021-06-06T01:36:26	1243	3600	12.6	19.8	18.8	61.6	1014.0
2021-06-06T02:38:26	1277	3600	12.5	19.0	17.7	65.5	1013.8
2021-06-06T03:39:26	1327	3600	12.4	17.3	16.0	72.2	1014.0
2021-06-06T04:41:26	1234	3600	12.4	15.9	15.5	79.4	1014.1
2021-06-06T05:42:26	1234	3600	12.4	16.9	14.7	82.7	1014.3
2021-06-06T06:44:26	1207	3600	12.5	21.5	17.8	74.5	1014.4
2021-06-06T07:45:26	1328	3600	12.7	24.9	20.6	69.2	1014.5
2021-06-06T08:47:26	1249	3600	13.5	30.3	25.0	61.3	1014.8
2021-06-06T09:48:26	1241	3600	14.0	34.3	27.1	55.4	1014.7
2021-06-06T10:50:26	1195	3600	14.0	34.2	26.4	61.6	1014.8
2021-06-06T11:52:26	1274	3600	13.1	33.4	26.2	45.9	1014.6
2021-06-06T12:53:26	1211	3600	12.8	33.4	26.7	42.0	1014.7
2021-06-06T13:55:26	1264	3600	12.8	35.0	28.5	41.1	1014.3
2021-06-06T14:56:26	1239	3600	12.7	35.6	28.4	36.2	1014.0
2021-06-06T15:58:26	1231	3600	14.0	33.8	26.9	45.0	1013.9
2021-06-06T16:59:26	1322	3600	12.7	33.7	28.8	39.1	1013.8
2021-06-06T18:01:26	1284	3600	12.7	29.6	24.3	55.6	1014.0
2021-06-06T19:02:26	1170	3600	12.8	27.6	22.4	61.1	1014.1
2021-06-06T20:04:26	1262	3600	12.7	25.5	21.4	64.5	1014.3
2021-06-06T21:05:26	1232	3600	12.6	23.8	20.0	70.5	1014.8
2021-06-06T22:07:26	1295	3600	12.6	20.7	18.3	86.4	1015.4
2021-06-06T23:09:26	1244	3600	12.5	20.2	18.2	92.1	1015.5
2021-06-07T00:10:26	1287	3600	12.5	19.2	17.4	94.7	1015.7
2021-06-07T01:12:26	1265	3600	12.5	18.0	16.4	94.7	1015.9
2021-06-07T02:13:26	1252	3600	12.5	16.3	15.5	74.7	1015.9
2021-06-07T03:15:26	1318	3600	12.4	15.3	14.0	74.8	1015.8
2021-06-07T04:16:26	1308	3600	12.4	13.9	12.6	81.2	1015.9
2021-06-07T05:18:26	1330	3600	12.3	13.5	11.7	82.9	1016.0
2021-06-07T06:20:26	1250	3600	12.4	17.3	14.9	70.7	1016.2
2021-06-07T07:21:26	1215	3600	12.8	20.7	16.6	65.9	1016.5
2021-06-07T08:23:26	1253	3600	12.7	23.2	19.0	57.4	1016.6
2021-06-07T09:24:26	1229	3600	14.0	28.3	22.2	45.1	1016.9
2021-06-07T10:26:26	1261	3600	14.0	29.9	22.7	45.2	1016.7
2021-06-07T11:27:26	1211	3600	13.0	31.1	23.7	43.4	1016.7
2021-06-07T12:29:26	1220	3600	13.1	31.5	24.6	39.4	1016.6
2021-06-07T13:30:26	1257	3600	13.0	31.9	25.6	36.9	1016.4
2021-06-07T14:32:26	1284	3600	13.0	32.5	26.4	36.2	1016.0
2021-06-07T15:33:26	1290	3600	13.0	33.6	27.0	34.6	1015.7
2021-06-07T16:35:26	1271	3600	13.1	32.8	27.5	35.5	1015.2
2021-06-07T17:36:26	1223	3600	12.8	32.0	27.4	36.2	1014.8
2021-06-07T18:38:26	1262	3600	12.8	32.2	27.6	36.0	1014.5
2021-06-07T19:40:26	1299	3600	12.7	31.2	26.9	37.4	1014.5
2021-06-07T20:41:26	1254	3600	12.7	29.6	25.0	41.0	1014.8
2021-06-07T21:43:26	1300	3600	12.6	23.5	20.9	53.2	1015.4
2021-06-07T22:44:26	1265	3600	12.6	21.8	20.0	67.2	1015.6
2021-06-07T23:46:26	1269	3600	12.6	20.5	18.4	82.5	1016.0
2021-06-08T00:47:26	1288	3600	12.5	19.0	17.1	88.6	1016.1
2021-06-08T01:51:26	1247	3600	12.5	17.8	16.3	92.2	1016.4
2021-06-08T02:54:26	1256	3600	12.5	17.3	15.5	95.1	1016.4
2021-06-08T03:55:26	1304	3600	12.4	16.9	15.2	96.2	1016.1
2021-06-08T04:57:26	1269	3600	12.4	16.5	14.5	99.1	1016.2
2021-06-08T05:58:26	1324	3600	12.4	16.3	14.3	98.9	1016.5
2021-06-08T07:00:26	1310	3600	12.6	20.4	17.2	81.0	1016.7
2021-06-08T08:01:26	1229	3600	12.7	23.6	20.1	70.0	1017.0
2021-06-08T09:03:26	1245	3600	13.5	28.4	22.6	59.7	1017.1
2021-06-08T10:04:26	1240	3600	14.0	31.6	24.2	56.1	1017.1
2021-06-08T11:06:26	1327	3600	14.0	32.5	25.3	48.7	1017.1
2021-06-08T12:07:26	1282	3600	13.0	33.0	25.9	41.0	1016.9
2021-06-08T13:09:26	1238	3600	13.1	33.8	26.9	44.2	1016.7
2021-06-08T14:10:26	1209	3600	13.1	34.1	27.2	42.1	1016.3
2021-06-08T15:12:26	1206	3600	12.8	33.1	27.2	41.5	1016.2
2021-06-08T16:14:26	1293	3600	12.8	32.6	27.4	41.2	1015.9
2021-06-08T17:15:26	1234	3600	12.7	31.5	27.4	42.1	1015.5
2021-06-08T18:17:26	1294	3600	12.8	31.6	26.7	43.8	1015.3
2021-06-08T19:18:26	1261	3600	12.7	30.9	26.1	46.8	1015.3
2021-06-08T20:20:26	1284	3600	12.7	29.5	24.3	51.7	1015.5
2021-06-08T21:22:26	1256	3600	12.6	25.0	21.1	59.5	1016.2
2021-06-08T22:23:26	1244	3600	12.6	21.0	18.6	68.5	1016.5
2021-06-08T23:25:26	1301	3600	12.6	20.4	18.6	55.4	1017.1
2021-06-09T00:26:26	1284	3600	12.5	18.9	17.6	54.1	1017.2
2021-06-09T01:28:26	1280	3600	12.5	16.9	15.3	62.1	1017.4
2021-06-09T02:30:26	1258	3600	12.5	15.9	14.8	63.9	1017.3
2021-06-09T03:31:26	1311	3600	12.4	16.4	15.1	62.9	1017.3
2021-06-09T04:33:26	1308	3600	12.4	14.9	13.4	72.3	1017.2
2021-06-09T05:34:26	1225	3600	12.4	14.2	13.0	72.2	1017.2
2021-06-09T06:36:26	1350	3600	12.4	19.9	17.4	62.4	1017.2
2021-06-09T07:37:26	1258	3600	13.0	24.2	21.0	51.4	1017.3
2021-06-09T08:39:26	1247	3600	12.6	27.2	22.9	46.3	1017.3
2021-06-09T09:40:26	1268	3600	14.0	30.8	23.1	44.6	1017.4
2021-06-09T10:42:26	1244	3600	14.0	32.4	25.2	41.7	1017.4
2021-06-09T11:43:26	1300	3600	13.0	32.5	25.1	42.6	1017.4
2021-06-09T12:45:26	1277	3600	13.1	33.0	25.6	40.6	1017.1
2021-06-09T13:46:26	1243	3600	13.0	33.7	26.5	37.3	1016.6
2021-06-09T14:48:26	1351	3600	13.0	34.0	26.8	37.4	1016.0
2021-06-09T15:50:26	1280	3600	13.0	34.2	27.4	35.7	1015.4
2021-06-09T16:51:26	1199	3600	13.1	33.7	27.7	32.8	1015.2
2021-06-09T17:53:26	1338	3600	12.8	32.9	27.8	32.6	1014.6
2021-06-09T18:54:26	1246	3600	12.8	33.1	28.1	31.2	1014.4
2021-06-09T19:56:26	1286	3600	12.7	31.3	27.0	34.8	1014.4
2021-06-09T20:57:26	1259	3600	12.7	28.3	24.3	40.3	1014.4
2021-06-09T21:59:26	1232	3600	12.6	22.2	19.3	56.7	1014.9
2021-06-09T23:00:26	1303	3600	12.6	21.0	20.0	56.8	1014.9
2021-06-10T00:02:26	1266	3600	12.6	19.4	17.6	66.7	1014.9
2021-06-10T01:04:26	1282	3600	12.5	18.7	18.1	65.5	1014.8
2021-06-10T02:05:26	1272	3600	12.5	18.2	16.7	75.8	1014.8
2021-06-10T03:07:26	1286	3600	12.5	18.3	16.8	77.3	1014.6
2021-06-10T04:08:26	1361	3600	12.4	18.5	16.9	78.9	1014.4
2021-06-10T05:10:26	1309	3600	12.4	18.5	16.6	82.8	1014.2
2021-06-10T06:11:26	1333	3600	12.4	18.7	15.7	81.5	1014.4
2021-06-10T07:13:26	1290	3600	12.6	20.9	17.4	75.6	1014.4
2021-06-10T08:14:26	1294	3600	12.6	23.3	20.0	70.1	1014.5
2021-06-10T09:16:26	1331	3600	14.0	30.0	23.7	59.4	1014.9
2021-06-10T10:18:26	1312	3600	14.0	32.4	25.2	51.5	1015.2
2021-06-10T11:19:26	1324	3600	13.0	32.7	25.7	49.0	1015.1
2021-06-10T12:21:26	1214	3600	13.1	33.3	26.2	49.6	1015.1
2021-06-10T13:22:26	1259	3600	13.0	33.4	26.8	42.1	1014.7
2021-06-10T14:24:26	1304	3600	13.0	33.7	27.6	39.0	1014.3
2021-06-10T15:25:26	1231	3600	13.1	34.4	27.6	39.1	1013.9
2021-06-10T16:27:26	1263	3600	13.1	34.1	27.9	38.8	1013.5
2021-06-10T17:28:26	1220	3600	12.8	32.4	27.5	37.3	1013.4
2021-06-10T18:30:26	1288	3600	12.8	31.8	26.9	39.3	1013.1
2021-06-10T19:32:26	1251	3600	12.9	30.0	25.1	43.6	1012.8
2021-06-10T20:34:26	1317	3600	12.7	28.0	24.0	46.3	1013.1
2021-06-10T21:35:26	1375	3600	12.7	24.5	21.5	50.7	1013.3
2021-06-10T22:37:26	1263	3600	12.6	21.8	19.8	55.6	1013.5
2021-06-10T23:38:26	1322	3600	12.6	20.4	19.1	56.4	1013.7
2021-06-11T00:40:26	1307	3600	12.6	19.3	18.4	59.6	1013.7
2021-06-11T01:41:26	1292	3600	12.6	19.6	17.6	65.8	1013.3
2021-06-11T02:43:26	1307	3600	12.5	18.8	17.0	69.2	1013.2
2021-06-11T03:45:26	1330	3600	12.5	17.9	16.1	73.6	1013.2
2021-06-11T04:46:26	1326	3600	12.4	17.6	15.7	78.9	1013.2
2021-06-11T05:48:26	1340	3600	12.4	18.1	15.9	77.3	1013.2
2021-06-11T06:49:26	1296	3600	12.5	22.6	20.3	63.8	1013.3
2021-06-11T07:51:26	1326	3600	12.7	26.3	23.0	57.0	1013.2
2021-06-11T08:52:26	1242	3600	13.4	31.7	26.1	42.8	1012.9
2021-06-11T09:54:26	1268	3600	14.0	34.4	27.1	42.2	1012.9
2021-06-11T10:55:26	1283	3600	14.0	34.5	26.1	43.9	1012.9
2021-06-11T11:57:26	1324	3600	13.1	34.0	26.8	43.8	1012.8
2021-06-11T12:59:26	1318	3600	12.7	31.8	25.4	46.9	1012.9
2021-06-11T14:00:26	1296	3600	12.8	32.2	27.1	41.2	1012.6
2021-06-11T15:02:26	1353	3600	12.7	32.1	27.4	42.7	1012.3
2021-06-11T16:04:26	1346	3600	14.0	33.6	27.0	43.4	1011.9
2021-06-11T17:05:26	1312	3600	13.1	33.2	27.3	44.0	1011.8
2021-06-11T18:07:26	1339	3600	12.8	32.2	27.5	43.3	1011.3
2021-06-11T19:08:26	1287	3600	12.8	32.4	26.4	45.4	1011.3
2021-06-11T20:10:26	1341	3600	12.7	29.9	25.6	47.9	1011.1
2021-06-11T21:11:26	1322	3600	12.6	26.7	22.6	58.4	1010.9
2021-06-11T22:13:26	1247	3600	12.6	23.3	21.2	63.4	1011.2
2021-06-11T23:15:26	1349	3600	12.6	22.7	20.9	65.2	1011.2
2021-06-12T00:16:26	1310	3600	12.6	20.8	19.3	73.5	1011.1
2021-06-12T01:19:26	1324	3600	12.5	20.0	18.9	88.3	1010.8
2021-06-12T02:21:26	1320	3600	12.5	19.5	17.6	87.5	1010.4
2021-06-12T03:23:26	1358	3600	12.5	19.7	17.8	84.1	1010.1
2021-06-12T04:24:26	1314	3600	12.4	19.6	17.8	85.3	1010.0
2021-06-12T05:26:26	1341	3600	12.4	20.1	17.7	83.1	1010.4
2021-06-12T06:27:26	1342	3600	12.5	21.1	18.4	81.9	1010.4
2021-06-12T07:29:26	1352	3600	12.5	22.5	19.0	80.8	1010.1
2021-06-12T08:30:26	1362	3600	12.7	23.3	19.8	78.8	1010.1
2021-06-12T09:32:26	1299	3600	12.8	24.0	20.0	78.5	1010.1
2021-06-12T10:34:26	1365	3600	12.7	24.1	20.5	75.8	1009.5
2021-06-12T11:35:26	1311	3600	12.8	24.0	20.1	75.5	1009.4
2021-06-12T12:37:26	1330	3600	13.6	27.5	22.5	65.9	1009.0
2021-06-12T13:38:26	1397	3600	12.9	25.3	21.5	65.7	1008.4
2021-06-12T14:40:26	1375	3600	12.8	19.9	16.0	87.9	1009.2
2021-06-12T15:41:26	1341	3600	14.0	22.4	18.8	82.6	1009.1
2021-06-12T16:43:26	1412	3600	12.7	23.2	20.4	56.8	1009.1
2021-06-12T17:44:26	1361	3600	12.7	24.9	21.7	44.7	1009.5
2021-06-12T18:46:26	1429	3600	12.7	23.5	20.5	46.6	1010.1
2021-06-12T19:47:26	1350	3600	12.6	24.3	19.9	46.4	1011.0
2021-06-12T20:49:26	1292	3600	12.5	22.1	17.8	53.6	1012.1
2021-06-12T21:51:26	1332	3600	12.5	18.2	15.6	56.5	1013.0
2021-06-12T22:52:26	1306	3600	12.4	16.7	14.6	65.5	1013.9
2021-06-12T23:54:26	1310	3600	12.4	15.7	13.8	71.8	1014.3
2021-06-13T00:55:26	1382	3600	12.4	15.3	13.8	71.3	1015.0
2021-06-13T01:59:26	1321	3600	12.4	15.1	13.2	72.2	1015.4
2021-06-13T03:01:26	1317	3600	12.4	13.7	11.8	75.5	1015.9
2021-06-13T04:03:26	1280	3600	12.4	12.6	10.8	78.7	1016.2
2021-06-13T05:05:26	1316	3600	12.3	13.1	10.8	79.7	1016.8
2021-06-13T06:06:26	1355	3600	12.3	13.6	10.7	80.0	1017.4
2021-06-13T07:08:26	1295	3600	12.3	14.7	11.8	78.1	1017.8
2021-06-13T08:09:26	1192	3600	12.7	16.4	12.7	76.6	1018.2
2021-06-13T09:11:26	1271	3600	12.9	17.0	13.2	71.2	1018.9
2021-06-13T10:12:26	1307	3600	12.7	17.6	14.3	66.9	1019.3
2021-06-13T11:14:26	1336	3600	12.7	17.6	14.2	69.7	1019.8
2021-06-13T12:16:26	1275	3600	13.0	19.2	14.9	66.2	1020.1
2021-06-13T13:17:26	1237	3600	12.7	19.9	16.7	61.0	1020.3
2021-06-13T14:19:26	1298	3600	14.0	22.0	18.2	48.5	1020.4
2021-06-13T15:20:26	1290	3600	13.3	24.0	19.2	46.7	1020.2
2021-06-13T16:22:26	1246	3600	13.7	23.6	19.1	48.3	1019.8
2021-06-13T17:23:26	1318	3600	12.7	25.4	21.6	41.8	1019.8
2021-06-13T18:25:26	1298	3600	12.7	25.4	20.4	47.2	1019.6
2021-06-13T19:26:26	1272	3600	12.7	24.9	20.0	48.0	1019.8
2021-06-13T20:28:26	1350	3600	12.6	23.7	19.1	52.3	1019.6
2021-06-13T21:30:26	1304	3600	12.5	19.5	16.0	64.7	1019.8
2021-06-13T22:31:26	1345	3600	12.4	17.0	15.1	68.4	1020.0
2021-06-13T23:33:26	1300	3600	12.3	15.6	13.9	73.2	1019.9
2021-06-14T00:34:26	1321	3600	12.3	14.7	13.4	74.7	1020.1
2021-06-14T01:36:26	1231	3600	12.2	13.2	12.2	80.4	1020.2
2021-06-14T02:38:26	1248	3600	12.3	11.9	10.9	86.6	1020.0
2021-06-14T03:39:26	1292	3600	12.3	11.1	10.1	92.0	1019.8
2021-06-14T04:41:26	1304	3600	12.3	11.0	10.3	93.8	1019.4
2021-06-14T05:42:26	1266	3600	12.3	12.4	11.0	94.3	1019.3
2021-06-14T06:44:26	1330	3600	12.3	17.8	16.3	71.3	1019.1
2021-06-14T07:46:26	1313	3600	12.7	21.5	17.3	68.7	1019.4
2021-06-14T08:47:26	1213	3600	12.7	25.2	20.9	54.7	1019.3
2021-06-14T09:49:26	1224	3600	14.0	28.8	20.6	51.9	1019.1
2021-06-14T10:50:26	1295	3600	14.0	29.4	21.4	50.5	1018.6
2021-06-14T11:52:26	1298	3600	14.0	31.0	24.2	40.7	1017.8
2021-06-14T12:53:26	1256	3600	14.0	31.4	24.3	39.7	1016.9
2021-06-14T13:55:26	1275	3600	13.0	32.6	25.7	38.4	1016.1
2021-06-14T14:57:26	1289	3600	13.1	33.7	27.6	34.5	1015.4
2021-06-14T15:58:26	1272	3600	13.1	34.3	28.1	35.9	1015.0
2021-06-14T17:00:26	1279	3600	13.1	34.2	27.7	38.6	1014.3
2021-06-14T18:01:26	1354	3600	12.8	33.1	28.3	37.9	1013.7
2021-06-14T19:03:26	1256	3600	12.8	32.7	27.8	38.4	1013.1
2021-06-14T20:04:26	1299	3600	12.7	31.0	26.4	43.6	1012.8
2021-06-14T21:06:26	1308	3600	12.7	27.0	22.5	55.3	1012.9
2021-06-14T22:08:26	1323	3600	12.6	22.4	20.5	61.1	1013.1
2021-06-14T23:09:26	1312	3600	12.6	21.1	19.9	62.7	1013.2
2021-06-15T00:11:26	1289	3600	12.6	20.4	19.5	61.3	1013.1
2021-06-15T01:12:26	1338	3600	12.5	19.6	19.0	63.0	1012.8
2021-06-15T02:14:26	1349	3600	12.5	18.7	18.2	66.4	1012.6
2021-06-15T03:16:26	1277	3600	12.5	17.3	16.6	72.9	1012.3
2021-06-15T04:17:26	1342	3600	12.5	16.8	16.4	76.3	1012.3
2021-06-15T05:19:26	1346	3600	12.5	16.5	14.6	84.0	1012.6
2021-06-15T06:20:26	1324	3600	12.6	18.7	16.7	80.3	1012.8
2021-06-15T07:22:26	1356	3600	12.8	21.8	18.1	74.9	1013.3
2021-06-15T08:23:26	1298	3600	12.7	23.3	20.0	69.6	1013.6
2021-06-15T09:25:26	1307	3600	12.8	25.4	21.3	66.9	1013.9
2021-06-15T10:26:26	1315	3600	12.7	26.1	21.7	67.1	1014.2
2021-06-15T11:28:26	1313	3600	12.8	27.0	22.2	66.4	1014.6
2021-06-15T12:29:26	1271	3600	12.8	26.7	21.6	68.4	1014.7
2021-06-15T13:31:26	1305	3600	13.1	27.2	22.2	65.1	1014.7
2021-06-15T14:33:26	1324	3600	14.0	31.0	23.4	60.5	1014.6
2021-06-15T15:34:26	1259	3600	14.0	30.5	23.1	63.3	1014.6
2021-06-15T16:36:26	1300	3600	13.0	29.5	23.2	60.4	1014.5
2021-06-15T17:37:26	1203	3600	12.8	31.6	25.0	52.9	1014.2
2021-06-15T18:39:26	1267	3600	12.8	30.1	25.0	44.6	1013.8
2021-06-15T19:40:26	1332	3600	12.7	30.1	24.3	47.7	1013.8
2021-06-15T20:42:26	1325	3600	12.7	27.4	22.8	50.4	1013.8
2021-06-15T21:43:26	1344	3600	12.6	21.8	19.1	60.2	1014.2
2021-06-15T22:45:26	1345	3600	12.5	18.5	16.9	63.9	1014.5
2021-06-15T23:47:26	1320	3600	12.5	17.4	16.1	65.3	1014.7
2021-06-16T00:48:26	1309	3600	12.5	16.8	15.1	77.1	1014.9
2021-06-16T01:52:26	1339	3600	12.5	16.0	14.8	76.2	1014.9
2021-06-16T02:54:26	1355	3600	12.5	14.7	13.7	75.5	1015.1
2021-06-16T03:56:26	1294	3600	12.5	14.6	13.4	70.0	1015.1
2021-06-16T04:58:26	1366	3600	12.4	14.2	13.0	70.5	1015.0
2021-06-16T05:59:26	1375	3600	12.5	16.4	14.1	68.5	1015.0
2021-06-16T07:01:26	1325	3600	12.5	18.8	16.1	63.3	1015.0
2021-06-16T08:03:26	1308	3600	12.7	22.2	18.9	52.6	1014.8
2021-06-16T09:04:26	1375	3600	13.6	26.5	20.5	49.3	1014.7
2021-06-16T10:06:26	1334	3600	14.0	28.6	22.2	47.9	1014.5
2021-06-16T11:07:26	1248	3600	14.0	30.4	23.8	47.4	1014.3
2021-06-16T12:09:26	1361	3600	13.0	31.8	25.6	40.5	1014.0
2021-06-16T13:11:26	1341	3600	13.1	32.5	25.6	41.7	1013.4
2021-06-16T14:12:26	1379	3600	13.1	33.5	26.8	38.4	1012.8
2021-06-16T15:14:26	1323	3600	13.1	34.9	28.6	36.6	1012.2
2021-06-16T16:15:26	1354	3600	13.0	35.2	28.6	36.7	1011.8
2021-06-16T17:17:26	1329	3600	13.1	35.8	29.3	37.7	1011.2
2021-06-16T18:18:26	1353	3600	12.8	34.6	29.0	36.8	1010.8
2021-06-16T19:20:26	1304	3600	12.8	33.7	28.7	37.9	1010.5
2021-06-16T20:22:26	1361	3600	12.8	32.3	27.2	41.4	1010.6
2021-06-16T21:23:26	1387	3600	12.7	27.8	24.6	43.8	1010.9
2021-06-16T22:25:26	1367	3600	12.6	25.0	22.8	46.0	1011.3
2021-06-16T23:26:26	1342	3600	12.6	23.5	22.0	46.3	1011.4
2021-06-17T00:28:26	1352	3600	12.6	22.7	21.4	50.1	1011.2
2021-06-17T01:29:26	1270	3600	12.5	21.9	20.6	58.4	1011.0
2021-06-17T02:31:26	1327	3600	12.5	21.2	20.0	64.5	1011.0
2021-06-17T03:32:26	1266	3600	12.5	20.9	19.6	69.8	1010.7
2021-06-17T04:34:26	1348	3600	12.5	20.7	19.5	73.2	1010.2
2021-06-17T05:36:26	1318	3600	12.5	21.4	19.6	75.7	1010.2
2021-06-17T06:37:26	1365	3600	12.4	24.5	20.8	71.9	1010.4
2021-06-17T07:39:26	1370	3600	12.9	27.0	22.7	67.1	1010.6
2021-06-17T08:40:26	1371	3600	12.7	29.2	25.2	59.7	1010.9
2021-06-17T09:42:26	1278	3600	14.0	34.0	27.6	51.4	1011.1
2021-06-17T10:43:26	1317	3600	14.0	36.7	30.9	43.0	1011.1
2021-06-17T11:45:26	1344	3600	13.0	38.1	31.7	37.4	1011.0
2021-06-17T12:46:26	1370	3600	13.1	39.3	32.7	33.8	1010.4
2021-06-17T13:48:26	1365	3600	13.1	40.0	33.9	31.8	1010.1
2021-06-17T14:49:26	1352	3600	13.0	41.2	34.5	28.7	1009.8
2021-06-17T15:51:26	1344	3600	13.1	40.7	34.0	29.8	1009.6
2021-06-17T16:52:26	1361	3600	13.0	40.4	35.3	27.8	1009.4
2021-06-17T17:54:26	1346	3600	12.7	38.8	34.6	27.8	1009.1
2021-06-17T18:56:26	1381	3600	12.7	38.3	33.4	28.6	1009.0
2021-06-17T19:57:26	1398	3600	12.7	37.2	32.0	30.6	1009.1
2021-06-17T20:59:26	1333	3600	12.7	34.0	29.5	35.0	1009.4
2021-06-17T22:00:26	1351	3600	12.7	29.2	27.5	38.5	1009.7
2021-06-17T23:02:26	1410	3600	12.6	26.2	25.1	47.6	1010.2
2021-06-18T00:03:26	1362	3600	12.6	25.4	24.7	50.8	1010.3
2021-06-18T01:05:26	1371	3600	12.5	24.3	23.4	55.6	1010.3
2021-06-18T02:06:26	1414	3600	12.5	23.1	22.3	59.3	1010.1
2021-06-18T03:08:26	1368	3600	12.5	22.1	21.5	62.4	1009.8
2021-06-18T04:09:26	1379	3600	12.5	21.7	20.8	65.8	1009.7
2021-06-18T05:11:26	1324	3600	12.4	21.9	20.4	67.6	1009.8
2021-06-18T06:13:26	1357	3600	12.5	25.1	22.0	63.4	1010.0
2021-06-18T07:14:26	1383	3600	12.6	27.9	24.2	57.2	1010.0
2021-06-18T08:16:26	1310	3600	12.7	30.1	26.7	50.1	1010.1
2021-06-18T09:17:26	1365	3600	13.6	35.0	29.5	42.9	1010.0
2021-06-18T10:19:26	1325	3600	14.0	37.1	31.2	35.2	1009.9
2021-06-18T11:21:26	1344	3600	13.0	38.3	33.1	30.7	1009.6
2021-06-18T12:22:26	1327	3600	13.0	39.4	33.5	28.5	1009.2
2021-06-18T13:24:26	1432	3600	13.1	40.4	34.3	26.3	1008.9
2021-06-18T14:25:26	1373	3600	13.1	41.3	35.1	26.2	1008.6
2021-06-18T15:27:26	1390	3600	13.0	42.1	36.8	24.9	1008.4
2021-06-18T16:28:26	1384	3600	13.1	42.0	35.6	22.8	1008.1
2021-06-18T17:30:26	1411	3600	13.1	41.5	35.7	24.6	1007.9
2021-06-18T18:32:26	1414	3600	12.8	39.9	34.3	24.3	1007.5
2021-06-18T19:33:26	1366	3600	12.7	38.6	33.6	26.8	1007.5
2021-06-18T20:35:26	1367	3600	12.7	36.6	31.2	32.3	1007.7
2021-06-18T21:36:26	1369	3600	12.6	31.2	28.4	37.0	1007.9
2021-06-18T22:38:26	1420	3600	12.6	27.2	25.8	44.3	1008.3
2021-06-18T23:39:26	1357	3600	12.6	25.7	25.1	47.8	1008.3
2021-06-19T00:41:26	1429	3600	12.6	25.0	24.4	51.6	1008.4
2021-06-19T01:43:26	1374	3600	12.5	24.5	23.7	54.4	1008.6
2021-06-19T02:44:26	1411	3600	12.5	23.8	22.6	61.8	1008.3
2021-06-19T03:46:26	1345	3600	12.5	22.5	21.6	66.9	1008.2
2021-06-19T04:47:26	1459	3600	12.5	22.1	21.0	66.8	1008.1
2021-06-19T05:49:26	1341	3600	12.5	23.8	21.4	66.6	1008.2
2021-06-19T06:50:26	1391	3600	12.5	27.0	22.9	63.8	1008.3
2021-06-19T07:52:26	1374	3600	12.8	29.9	25.7	56.7	1008.4
2021-06-19T08:53:26	1411	3600	12.7	33.1	28.6	50.9	1008.5
2021-06-19T09:55:26	1361	3600	14.0	38.3	30.5	47.5	1008.6
2021-06-19T10:57:26	1333	3600	14.0	40.3	33.4	40.2	1008.6
2021-06-19T11:58:26	1377	3600	13.1	42.9	35.2	34.5	1008.3
2021-06-19T13:00:26	1328	3600	13.1	43.1	34.9	34.3	1008.1
2021-06-19T14:01:26	1403	3600	13.1	41.6	34.7	38.5	1007.9
2021-06-19T15:03:26	1328	3600	13.1	40.3	34.6	38.4	1007.5
2021-06-19T16:04:26	1396	3600	13.1	42.0	34.4	40.5	1007.3
2021-06-19T17:06:26	1341	3600	12.8	38.9	33.4	43.7	1007.2
2021-06-19T18:08:26	1389	3600	12.8	40.6	35.1	39.8	1006.6
2021-06-19T19:09:26	1406	3600	12.7	37.6	33.2	45.5	1006.8
2021-06-19T20:11:26	1435	3600	12.8	38.6	32.6	45.5	1006.8
2021-06-19T21:12:26	1302	3600	12.7	34.5	30.6	51.3	1007.0
2021-06-19T22:14:26	1344	3600	12.7	30.0	27.5	59.5	1007.0
2021-06-19T23:15:26	1392	3600	12.6	28.4	26.0	67.7	1007.1
2021-06-20T00:17:26	1353	3600	12.6	27.9	25.8	64.1	1006.8
2021-06-20T01:19:26	1376	3600	12.6	26.6	24.7	68.9	1006.5
2021-06-20T02:21:26	1381	3600	12.5	25.2	23.3	72.0	1006.1
2021-06-20T03:22:26	1373	3600	12.5	23.9	22.3	75.4	1005.1
2021-06-20T04:24:26	1482	3600	12.5	22.9	20.8	83.1	1005.4
2021-06-20T05:25:26	1438	3600	12.4	22.8	20.9	84.6	1005.1
2021-06-20T06:27:26	1446	3600	12.7	27.1	23.7	74.1	1004.1
2021-06-20T07:29:26	1417	3600	12.9	28.4	24.3	71.7	1003.9
2021-06-20T08:30:26	1380	3600	12.7	29.5	25.8	67.5	1003.9
2021-06-20T09:32:26	1421	3600	12.7	31.3	27.3	62.7	1003.4
2021-06-20T10:33:26	1423	3600	12.7	33.3	29.9	53.8	1003.4
2021-06-20T11:35:26	1358	3600	14.0	38.1	32.3	45.7	1003.5
2021-06-20T12:37:26	1441	3600	14.0	40.5	33.4	42.1	1003.3
2021-06-20T13:39:26	1407	3600	13.1	39.2	33.0	44.3	1003.4
2021-06-20T14:40:26	1414	3600	13.0	39.6	33.3	41.8	1003.5
2021-06-20T15:42:26	1432	3600	12.8	38.7	33.5	40.2	1003.1
2021-06-20T16:44:26	1431	3600	12.8	38.2	33.4	35.0	1003.0
2021-06-20T17:45:26	1410	3600	12.7	37.1	32.3	34.8	1002.1
2021-06-20T18:47:26	1344	3600	12.8	36.1	31.2	38.9	1002.2
2021-06-20T19:49:26	1504	3600	12.7	34.1	29.6	42.4	1002.4
2021-06-20T20:50:26	1403	3600	12.6	32.5	28.5	48.9	1003.1
2021-06-20T21:52:26	1429	3600	12.6	29.5	26.7	56.7	1003.2
2021-06-20T22:53:26	1388	3600	12.6	27.7	25.4	62.3	1003.0
2021-06-20T23:55:26	1398	3600	12.5	26.6	24.7	61.2	1002.2
2021-06-21T00:57:26	1442	3600	12.5	26.0	24.5	59.7	1001.5
2021-06-21T02:00:26	1422	3600	12.5	25.0	23.2	66.7	1001.2
2021-06-21T03:03:26	1468	3600	12.4	25.2	23.3	73.4	1000.9
2021-06-21T04:04:26	1455	3600	12.4	25.0	22.8	69.8	1001.1
2021-06-21T05:06:26	1509	3600	12.4	22.8	20.0	90.1	1002.6
2021-06-21T06:07:26	1392	3600	12.4	22.7	20.0	89.4	1000.2
2021-06-21T07:09:26	1483	3600	12.4	23.4	20.5	88.5	1000.5
2021-06-21T08:10:26	1513	3600	12.7	25.7	22.8	83.3	1001.0
2021-06-21T09:12:26	1494	3600	12.7	26.3	22.6	81.4	1001.0
2021-06-21T10:13:26	1446	3600	12.8	29.7	25.7	67.1	1001.3
2021-06-21T11:15:26	1398	3600	13.3	33.2	28.1	57.2	1001.6
2021-06-21T12:16:26	1479	3600	13.5	35.9	28.2	59.8	1001.6
2021-06-21T13:18:26	1364	3600	12.8	35.7	29.7	52.5	1001.2
2021-06-21T14:20:26	1414	3600	12.7	36.9	30.7	47.8	1000.9
2021-06-21T15:21:26	1418	3600	12.7	36.8	31.2	45.2	1000.9
2021-06-21T16:23:26	1380	3600	12.7	36.1	29.8	45.1	1001.2
2021-06-21T17:25:26	1424	3600	12.7	36.5	30.6	43.3	1001.2
2021-06-21T18:26:26	1432	3600	12.6	34.8	29.3	47.0	1001.2
2021-06-21T19:28:26	1468	3600	12.7	34.5	28.9	44.6	1002.0
2021-06-21T20:29:26	1455	3600	12.6	32.8	27.1	48.2	1002.5
2021-06-21T21:31:26	1416	3600	12.6	27.9	23.8	58.7	1002.6
2021-06-21T22:33:26	1474	3600	12.5	23.8	21.2	69.0	1003.1
2021-06-21T23:35:26	1462	3600	12.4	23.0	21.4	71.0	1003.3
2021-06-22T00:36:26	1495	3600	12.4	22.4	20.0	85.6	1003.9
2021-06-22T01:38:26	1369	3600	12.4	21.5	19.5	85.0	1004.5
2021-06-22T02:39:26	1410	3600	12.4	21.5	19.0	89.3	1004.9
2021-06-22T03:41:26	1366	3600	12.4	21.1	18.6	91.2	1005.5
2021-06-22T04:42:26	1418	3600	12.3	20.7	18.1	89.6	1006.0
2021-06-22T05:44:26	1422	3600	12.4	20.4	17.0	90.0	1006.5
2021-06-22T06:45:26	1417	3600	12.3	20.0	16.3	89.9	1007.5
2021-06-22T07:48:26	1416	3600	12.5	20.5	16.0	89.9	1007.8
2021-06-22T08:49:26	1438	3600	12.7	20.5	16.0	88.5	1008.5
2021-06-22T09:51:26	1471	3600	12.7	20.4	15.7	87.4	1008.7
2021-06-22T10:52:26	1347	3600	12.7	19.7	15.5	87.9	1009.0
2021-06-22T11:54:26	1391	3600	12.7	20.2	16.4	84.5	1009.6
2021-06-22T12:55:26	1394	3600	12.7	22.0	18.5	74.7	1009.9
2021-06-22T13:57:26	1370	3600	13.5	26.2	20.0	66.4	1009.7
2021-06-22T14:58:26	1368	3600	14.0	28.6	21.8	60.8	1009.5
2021-06-22T16:00:26	1386	3600	12.8	26.4	21.1	60.2	1009.6
2021-06-22T17:02:26	1372	3600	12.8	28.2	22.8	53.0	1010.1
2021-06-22T18:03:26	1408	3600	12.9	27.8	21.6	55.0	1010.2
2021-06-22T19:05:26	1372	3600	12.8	27.3	21.3	57.0	1010.7
2021-06-22T20:07:26	1387	3600	12.7	24.9	20.4	59.7	1010.8
2021-06-22T21:08:26	1363	3600	12.6	23.0	19.1	63.9	1011.2
2021-06-22T22:10:26	1393	3600	12.6	18.5	16.0	73.8	1011.8
2021-06-22T23:11:26	1384	3600	12.5	16.9	15.4	74.8	1011.7
2021-06-23T00:13:26	1493	3600	12.5	15.0	13.5	86.5	1012.5
2021-06-23T01:16:26	1500	3600	12.4	14.4	13.4	85.7	1012.9
2021-06-23T02:18:26	1427	3600	12.3	13.7	12.7	94.9	1012.4
2021-06-23T03:20:26	1439	3600	12.3	13.5	12.8	90.1	1012.9
2021-06-23T04:21:26	1362	3600	12.4	13.6	12.6	90.2	1013.2
2021-06-23T05:23:26	1418	3600	12.2	14.1	12.2	91.1	1013.6
2021-06-23T06:24:26	1401	3600	12.5	17.3	14.3	85.1	1014.3
2021-06-23T07:26:26	1434	3600	12.8	19.5	15.5	80.3	1014.5
2021-06-23T08:27:26	1404	3600	12.7	20.0	16.5	76.2	1015.1
2021-06-23T09:29:26	1289	3600	13.0	21.8	16.9	75.8	1015.3
2021-06-23T10:31:26	1339	3600	12.7	21.3	17.6	73.5	1015.3
2021-06-23T11:33:26	1290	3600	14.0	26.7	19.7	65.1	1015.7
2021-06-23T12:35:26	1369	3600	12.7	22.9	18.3	67.1	1016.0
2021-06-23T13:36:26	1325	3600	12.8	21.8	17.7	68.4	1016.4
2021-06-23T14:38:26	1341	3600	12.7	22.8	18.8	66.5	1016.6
2021-06-23T15:40:26	1329	3600	12.7	23.5	18.5	67.8	1016.6
2021-06-23T16:42:26	1374	3600	12.7	22.4	17.8	69.2	1016.3
2021-06-23T17:43:26	1366	3600	12.7	23.5	18.7	65.9	1015.8
2021-06-23T18:45:26	1363	3600	12.7	23.8	18.6	66.0	1015.9
2021-06-23T19:46:26	1300	3600	12.7	23.7	18.7	62.0	1015.9
2021-06-23T20:48:26	1399	3600	12.6	24.1	19.1	60.8	1015.9
2021-06-23T21:49:26	1386	3600	12.5	20.2	16.4	71.0	1016.0
2021-06-23T22:51:26	1323	3600	12.5	18.7	16.2	70.8	1015.5
2021-06-23T23:53:26	1424	3600	12.4	17.0	15.3	74.4	1015.1
2021-06-24T00:54:26	1389	3600	12.4	15.5	13.8	83.1	1015.2
2021-06-24T01:56:26	1396	3600	12.3	15.6	14.3	83.5	1015.1
2021-06-24T02:58:26	1366	3600	12.3	15.2	13.5	88.3	1015.0
2021-06-24T03:59:26	1351	3600	12.3	15.5	13.7	88.7	1015.0
2021-06-24T05:01:26	1336	3600	12.3	15.8	13.7	90.0	1014.4
2021-06-24T06:02:26	1380	3600	12.3	16.8	14.3	89.6	1014.0
2021-06-24T07:04:26	1426	3600	12.3	17.7	14.7	88.9	1014.2
2021-06-24T08:06:26	1454	3600	12.4	18.5	15.4	88.8	1014.4
2021-06-24T09:07:26	1347	3600	12.7	20.4	16.7	85.0	1014.7
2021-06-24T10:09:26	1356	3600	13.0	21.6	17.7	82.9	1014.5
2021-06-24T11:10:26	1354	3600	12.7	21.3	17.7	85.2	1014.6
2021-06-24T12:12:26	1334	3600	12.7	21.8	18.2	87.7	1014.5
2021-06-24T13:14:26	1358	3600	12.7	22.4	18.7	86.7	1014.0
2021-06-24T14:15:26	1337	3600	12.7	24.3	19.6	79.7	1014.0
2021-06-24T15:17:26	1308	3600	12.7	25.1	19.9	75.1	1013.6
2021-06-24T16:19:26	1353	3600	12.9	24.5	19.2	81.3	1013.6
2021-06-24T17:20:26	1407	3600	12.9	24.8	19.4	79.8	1013.5
2021-06-24T18:22:26	1284	3600	12.9	25.4	20.2	76.1	1012.9
2021-06-24T19:24:26	1360	3600	12.7	24.2	19.7	80.3	1012.6
2021-06-24T20:25:26	1385	3600	12.5	22.3	18.6	76.8	1012.5
2021-06-24T21:27:26	1371	3600	12.5	20.8	18.0	79.4	1012.5
2021-06-24T22:28:26	1368	3600	12.4	19.8	17.2	84.7	1012.7
2021-06-24T23:30:26	1378	3600	12.3	19.0	16.5	92.0	1012.9
2021-06-25T00:31:26	1412	3600	12.3	18.7	16.2	93.2	1012.8
2021-06-25T01:33:26	1369	3600	12.3	18.4	16.2	94.3	1013.2
2021-06-25T02:35:26	1441	3600	12.3	18.2	16.0	94.5	1012.8
2021-06-25T03:36:26	1439	3600	12.3	17.6	15.5	96.0	1012.3
2021-06-25T04:38:26	1365	3600	12.2	17.4	15.5	97.8	1011.9
2021-06-25T05:40:26	1332	3600	12.2	18.2	15.8	98.3	1012.0
2021-06-25T06:41:26	1374	3600	12.3	19.4	16.7	95.1	1012.3
2021-06-25T07:43:26	1309	3600	12.4	21.0	17.5	88.7	1012.3
2021-06-25T08:44:26	1369	3600	13.2	22.4	19.4	82.9	1012.6
2021-06-25T09:46:26	1323	3600	12.8	28.1	21.2	67.6	1012.6
2021-06-25T10:48:26	1433	3600	12.7	27.0	21.4	63.1	1012.6
2021-06-25T11:50:26	1377	3600	14.0	31.5	23.8	50.4	1012.6
2021-06-25T12:51:26	1359	3600	14.0	32.5	24.5	48.8	1012.3
2021-06-25T13:53:26	1356	3600	12.8	30.2	23.0	52.0	1012.4
2021-06-25T14:54:26	1415	3600	12.8	29.7	23.4	49.9	1012.2
2021-06-25T15:56:26	1364	3600	12.7	28.8	23.1	50.3	1012.2
2021-06-25T16:57:26	1402	3600	12.7	29.5	24.1	46.5	1012.2
2021-06-25T17:59:26	1408	3600	12.9	27.3	22.1	53.5	1012.0
2021-06-25T19:00:26	1388	3600	12.7	25.9	21.6	57.6	1012.1
2021-06-25T20:02:26	1371	3600	12.6	24.9	21.3	59.3	1012.2
2021-06-25T21:04:26	1410	3600	12.6	23.0	20.1	65.9	1012.7
2021-06-25T22:05:26	1333	3600	12.6	21.8	19.2	67.6	1013.2
2021-06-25T23:07:26	1361	3600	12.6	20.8	18.4	75.3	1013.4
2021-06-26T00:08:26	1385	3600	12.6	20.4	18.5	68.6	1013.5
2021-06-26T01:10:26	1356	3600	12.5	19.8	17.6	73.3	1013.8
2021-06-26T02:12:26	1400	3600	12.4	17.9	16.2	78.4	1013.8
2021-06-26T03:13:26	1416	3600	12.5	16.5	15.6	80.4	1013.9
2021-06-26T04:15:26	1339	3600	12.5	15.1	13.7	89.9	1014.1
2021-06-26T05:16:26	1382	3600	12.4	15.2	13.8	92.3	1014.2
2021-06-26T06:18:26	1439	3600	12.5	17.8	15.3	86.9	1014.5
2021-06-26T07:20:26	1379	3600	12.7	19.8	17.0	81.9	1014.8
2021-06-26T08:21:26	1326	3600	12.6	23.6	20.5	65.8	1014.9
2021-06-26T09:23:26	1340	3600	14.0	30.3	24.7	49.4	1015.0
2021-06-26T10:24:26	1306	3600	12.9	31.7	23.4	47.6	1014.6
2021-06-26T11:26:26	1374	3600	12.7	31.7	24.7	41.5	1014.5
2021-06-26T12:28:26	1369	3600	12.7	32.9	25.9	33.4	1014.4
2021-06-26T13:29:26	1339	3600	12.7	31.3	25.8	33.4	1014.2
2021-06-26T14:31:26	1423	3600	12.7	32.1	26.1	35.4	1013.9
2021-06-26T15:32:26	1454	3600	12.8	31.8	24.8	39.2	1013.5
2021-06-26T16:34:26	1371	3600	14.0	33.4	27.2	35.2	1013.3
2021-06-26T17:35:26	1360	3600	13.0	33.5	26.6	36.0	1012.9
2021-06-26T18:37:26	1446	3600	12.7	31.5	26.7	37.1	1012.6
2021-06-26T19:39:26	1417	3600	12.8	31.2	25.2	39.6	1012.6
2021-06-26T20:40:26	1357	3600	12.6	28.8	24.7	44.6	1012.8
2021-06-26T21:42:26	1484	3600	12.6	23.8	20.5	53.0	1013.1
2021-06-26T22:44:26	1418	3600	12.5	20.0	18.0	62.6	1013.8
2021-06-26T23:45:26	1339	3600	12.5	18.5	17.6	63.1	1013.8
2021-06-27T00:47:26	1505	3600	12.5	17.2	16.0	69.9	1014.1
2021-06-27T01:50:26	1371	3600	12.5	16.3	15.2	74.1	1014.3
2021-06-27T02:52:26	1370	3600	12.5	15.4	14.1	79.4	1014.2
2021-06-27T03:53:26	1373	3600	12.4	14.6	13.2	84.0	1013.7
2021-06-27T04:55:26	1436	3600	12.3	13.4	11.7	92.8	1013.5
2021-06-27T05:56:26	1389	3600	12.4	16.0	15.1	81.0	1013.7
2021-06-27T06:58:26	1453	3600	12.6	20.2	16.8	74.8	1013.9
2021-06-27T07:59:26	1406	3600	12.7	23.9	21.7	58.5	1013.8
2021-06-27T09:01:26	1366	3600	13.4	28.9	23.5	49.3	1013.8
2021-06-27T10:02:26	1405	3600	12.8	30.1	24.9	46.8	1013.6
2021-06-27T11:04:26	1441	3600	12.7	31.3	25.3	45.0	1013.2
2021-06-27T12:05:26	1363	3600	12.7	31.6	25.5	45.0	1013.2
2021-06-27T13:07:26	1384	3600	14.0	32.3	26.1	42.2	1012.8
2021-06-27T14:08:26	1423	3600	14.0	35.1	26.9	40.0	1012.6
2021-06-27T15:10:26	1427	3600	14.0	35.5	27.9	41.5	1012.3
2021-06-27T16:12:26	1384	3600	14.0	34.3	27.5	43.3	1012.1
2021-06-27T17:13:26	1391	3600	13.1	36.0	29.1	37.4	1011.7
2021-06-27T18:15:26	1368	3600	12.7	34.2	28.6	38.6	1011.1
2021-06-27T19:17:26	1356	3600	12.7	34.4	28.1	37.5	1010.9
2021-06-27T20:18:26	1360	3600	12.7	32.8	27.6	40.8	1011.0
2021-06-27T21:20:26	1429	3600	12.6	28.7	23.8	51.3	1011.3
2021-06-27T22:21:26	1392	3600	12.6	23.3	21.2	58.2	1011.7
2021-06-27T23:23:26	1423	3600	12.6	21.4	20.2	60.6	1011.8
2021-06-28T00:24:26	1368	3600	12.6	19.4	17.5	71.5	1012.0
2021-06-28T01:27:26	1390	3600	12.6	18.2	17.5	72.5	1011.9
2021-06-28T02:29:26	1465	3600	12.5	17.6	17.6	75.1	1011.5
2021-06-28T03:30:26	1487	3600	12.5	16.7	15.6	83.8	1011.7
2021-06-28T04:32:26	1450	3600	12.4	15.9	16.0	81.5	1011.2
2021-06-28T05:33:26	1448	3600	12.4	16.6	14.7	85.2	1011.4
2021-06-28T06:35:26	1448	3600	12.5	22.3	21.0	65.8	1011.6
2021-06-28T07:36:26	1390	3600	12.7	26.0	22.6	58.2	1011.3
2021-06-28T08:39:26	1351	3600	13.2	30.4	25.6	51.2	1011.7
2021-06-28T09:40:26	1381	3600	14.0	34.1	28.4	41.7	1011.7
2021-06-28T10:42:26	1405	3600	14.0	36.6	29.4	37.7	1011.4
2021-06-28T11:44:26	1427	3600	13.0	37.7	30.0	36.4	1011.5
2021-06-28T12:45:26	1384	3600	13.0	37.6	29.1	35.8	1011.0
2021-06-28T13:47:26	1361	3600	12.8	37.5	30.7	31.5	1010.6
2021-06-28T14:48:26	1396	3600	12.8	35.9	30.2	30.9	1010.3
2021-06-28T15:50:26	1392	3600	14.0	39.2	32.1	29.0	1010.1
2021-06-28T16:51:26	1412	3600	13.0	39.2	33.0	27.7	1009.6
2021-06-28T17:53:26	1503	3600	13.1	41.2	33.8	26.9	1008.9
2021-06-28T18:54:26	1420	3600	12.7	37.3	31.1	30.9	1008.4
2021-06-28T19:56:26	1429	3600	12.7	33.7	29.0	35.2	1008.2
2021-06-28T20:57:26	1399	3600	12.7	31.1	27.7	38.7	1007.9
2021-06-28T21:59:26	1359	3600	12.6	27.6	25.6	43.5	1008.6
2021-06-28T23:01:26	1434	3600	12.6	27.1	25.2	47.2	1008.5
2021-06-29T00:02:26	1386	3600	12.6	26.3	24.4	49.3	1008.4
2021-06-29T01:04:26	1444	3600	12.5	25.2	23.7	50.5	1008.2
2021-06-29T02:06:26	1398	3600	12.5	24.1	22.4	57.3	1007.7
2021-06-29T03:07:26	1409	3600	12.5	22.9	21.5	58.3	1007.4
2021-06-29T04:09:26	1400	3600	12.4	22.7	20.9	59.2	1007.4
2021-06-29T05:10:26	1403	3600	12.4	22.8	20.9	62.1	1007.5
2021-06-29T06:12:26	1457	3600	12.4	23.8	21.3	63.1	1007.2
2021-06-29T07:13:26	1375	3600	12.6	26.5	24.0	60.8	1007.3
2021-06-29T08:15:26	1351	3600	12.7	29.6	24.2	62.0	1007.2
2021-06-29T09:16:26	1455	3600	12.8	32.5	27.0	53.9	1006.9
2021-06-29T10:18:26	1445	3600	13.3	35.0	28.1	51.2	1006.8
2021-06-29T11:19:26	1387	3600	12.8	35.0	28.3	50.7	1006.6
2021-06-29T12:21:26	1371	3600	12.7	31.7	26.7	56.6	1006.4
2021-06-29T13:23:26	1395	3600	12.7	31.5	26.4	61.1	1006.1
2021-06-29T14:24:26	1455	3600	12.6	31.6	26.3	61.3	1005.5
2021-06-29T15:26:26	1433	3600	12.6	30.0	25.4	66.8	1005.0
2021-06-29T16:27:26	1410	3600	13.3	32.1	27.0	61.8	1004.7
2021-06-29T17:29:26	1420	3600	12.6	30.8	26.7	62.6	1004.1
2021-06-29T18:30:26	1438	3600	12.7	30.7	26.1	63.4	1003.6
2021-06-29T19:32:26	1356	3600	12.9	29.0	23.7	84.5	1003.9
2021-06-29T20:34:26	1340	3600	12.9	26.5	21.7	76.3	1004.1
2021-06-29T21:35:26	1420	3600	12.5	24.0	20.0	88.8	1003.9
2021-06-29T22:37:26	1314	3600	12.5	21.4	19.0	93.6	1003.3
2021-06-29T23:39:26	1347	3600	12.4	21.1	18.7	93.0	1003.3
2021-06-30T00:40:26	1354	3600	12.4	20.4	18.0	94.6	1002.9
2021-06-30T01:42:26	1399	3600	12.4	19.9	17.6	96.2	1002.4
2021-06-30T02:44:26	1346	3600	12.4	19.5	17.2	98.5	1002.4
2021-06-30T03:45:26	1446	3600	12.4	19.5	17.2	98.4	1002.4
2021-06-30T04:47:26	1419	3600	12.4	19.5	17.3	98.7	1002.1
2021-06-30T05:48:26	1355	3600	12.4	19.9	17.5	99.5	1002.3
2021-06-30T06:50:26	1389	3600	12.3	20.1	17.5	99.7	1002.4
2021-06-30T07:52:26	1253	3600	12.4	20.4	17.6	100.0	1002.1
2021-06-30T08:53:26	1320	3600	12.3	20.4	17.5	99.5	1002.9
2021-06-30T09:55:26	1214	3600	12.4	21.0	17.8	99.4	1002.4
2021-06-30T10:56:26	1204	3600	12.4	21.3	18.1	98.0	1002.7
2021-06-30T11:58:26	1213	3600	12.5	21.3	18.1	98.7	1002.9
2021-06-30T12:59:26	1182	3600	12.5	21.6	18.1	98.2	1002.7
2021-06-30T14:01:26	1168	3600	12.5	21.0	17.7	99.0	1002.9
2021-06-30T15:02:26	1169	3600	12.3	20.7	17.8	98.1	1002.9
2021-06-30T16:04:26	1149	3600	12.4	20.8	17.6	98.3	1002.9
2021-06-30T17:05:26	1160	3600	12.4	20.6	17.5	98.8	1003.9
2021-06-30T18:07:26	1073	3600	12.4	20.4	17.3	98.4	1003.6
2021-06-30T19:09:26	1061	3600	12.4	20.0	17.1	98.8	1003.6
2021-06-30T20:10:26	1116	3600	12.3	19.8	17.1	98.0	1004.1
2021-06-30T21:12:26	1152	3600	12.3	19.2	17.0	97.5	1004.1
2021-06-30T22:13:26	1080	3600	12.3	19.1	17.0	97.8	1004.4
2021-06-30T23:15:26	1135	3600	12.3	19.1	16.9	98.1	1004.3
2021-07-01T00:16:26	1109	3600	12.3	19.2	17.1	97.1	1004.1
2021-07-01T01:19:26	1091	3600	12.3	19.1	16.9	97.3	1003.9
2021-07-01T02:20:26	1121	3600	12.2	19.0	16.7	97.3	1003.7
2021-07-01T03:22:26	1154	3600	12.2	18.9	16.7	96.7	1003.6
2021-07-01T04:23:26	1128	3600	12.2	18.4	16.0	99.0	1003.4
2021-07-01T05:25:26	1113	3600	12.2	18.0	15.6	99.1	1003.3
2021-07-01T06:27:26	1111	3600	12.2	17.7	14.8	99.6	1003.7
2021-07-01T07:28:26	1065	3600	12.2	17.2	14.3	99.9	1003.8
2021-07-01T08:30:26	1078	3600	12.2	17.3	14.3	100.0	1003.9
2021-07-01T09:31:26	1081	3600	12.2	17.5	14.3	98.6	1004.4
2021-07-01T10:33:26	1125	3600	12.4	17.9	14.4	98.4	1004.6
2021-07-01T11:35:26	1135	3600	12.3	17.5	14.3	97.3	1005.0
2021-07-01T12:36:26	1066	3600	12.3	17.9	14.5	98.1	1005.3
2021-07-01T13:38:26	1085	3600	12.3	18.4	15.0	98.0	1006.0
2021-07-01T14:40:26	1049	3600	12.2	18.4	15.2	97.8	1006.2
2021-07-01T15:41:26	1039	3600	12.4	19.6	16.0	94.5	1006.4
2021-07-01T16:43:26	1176	3600	12.6	20.9	16.7	91.1	1006.5
2021-07-01T17:44:26	1112	3600	12.5	20.5	16.4	90.9	1006.8
2021-07-01T18:46:26	1090	3600	12.3	20.1	16.4	93.0	1006.9
2021-07-01T19:48:26	1120	3600	12.2	20.0	16.3	92.9	1007.3
2021-07-01T20:49:26	1100	3600	12.1	18.8	15.7	96.4	1007.7
2021-07-01T21:51:26	1059	3600	12.1	18.1	15.4	99.2	1008.0
2021-07-01T22:52:26	1066	3600	12.1	17.8	15.2	100.0	1008.1
2021-07-01T23:54:26	1126	3600	12.1	17.7	15.3	100.0	1008.2
2021-07-02T00:55:26	1024	3600	12.1	17.9	15.7	100.0	1008.3
2021-07-02T01:57:26	1048	3600	12.1	18.3	16.0	100.0	1008.1
2021-07-02T02:58:26	1075	3600	12.1	18.5	16.3	100.0	1008.2
2021-07-02T04:00:26	1054	3600	12.1	18.6	16.4	98.9	1008.1
2021-07-02T05:01:26	1097	3600	12.1	18.5	16.3	98.6	1008.6
2021-07-02T06:03:26	1055	3600	12.1	19.1	16.3	99.9	1008.7
2021-07-02T07:05:26	1090	3600	12.1	19.7	16.8	99.0	1008.9
2021-07-02T08:07:26	1047	3600	12.3	21.4	17.7	94.4	1009.3
2021-07-02T09:08:26	1049	3600	12.4	22.1	18.0	90.3	1009.7
2021-07-02T10:10:26	1081	3600	13.2	26.4	20.3	79.9	1010.1
2021-07-02T11:11:26	1008	3600	13.6	29.8	22.1	64.3	1010.1
2021-07-02T12:13:26	1093	3600	12.8	29.5	22.2	66.1	1010.2
2021-07-02T13:14:26	1022	3600	14.0	30.0	23.1	59.3	1010.3
2021-07-02T14:16:26	1074	3600	13.0	32.1	23.9	55.8	1010.3
2021-07-02T15:18:26	1026	3600	13.2	29.5	24.0	57.3	1010.3
2021-07-02T16:19:26	1060	3600	12.7	28.9	23.0	58.6	1010.3
2021-07-02T17:21:26	1058	3600	12.7	27.7	23.4	56.7	1010.4
2021-07-02T18:22:26	1029	3600	12.6	27.7	23.4	53.7	1010.3
2021-07-02T19:24:26	1065	3600	12.7	28.3	23.2	54.6	1010.7
2021-07-02T20:25:26	1048	3600	12.5	26.3	21.6	58.5	1010.8
2021-07-02T21:27:26	1099	3600	12.6	22.8	19.1	68.7	1011.1
2021-07-02T22:28:26	1127	3600	12.5	19.9	17.7	75.4	1011.4
2021-07-02T23:30:26	1136	3600	12.5	18.7	16.7	80.3	1011.7
2021-07-03T00:31:26	1122	3600	12.5	17.5	15.7	87.6	1011.8
2021-07-03T01:33:26	1054	3600	12.5	16.3	14.7	92.9	1011.9
2021-07-03T02:35:26	1019	3600	12.5	16.1	14.6	94.5	1011.9
2021-07-03T03:36:26	1091	3600	12.4	15.7	14.3	96.9	1011.9
2021-07-03T04:38:26	1040	3600	12.4	15.4	13.8	97.4	1011.7
2021-07-03T05:39:26	1097	3600	12.4	15.9	13.9	97.6	1011.5
2021-07-03T06:41:26	1074	3600	12.4	19.1	16.8	86.9	1011.5
2021-07-03T07:42:26	1133	3600	12.9	22.4	17.7	82.8	1011.8
2021-07-03T08:44:26	1074	3600	13.2	24.4	19.2	77.7	1011.8
2021-07-03T09:46:26	1077	3600	13.3	26.6	19.5	74.7	1011.7
2021-07-03T10:47:26	1150	3600	12.7	27.3	21.3	65.7	1011.5
2021-07-03T11:49:26	1111	3600	12.7	28.6	21.9	62.8	1010.9
2021-07-03T12:50:26	1100	3600	12.8	30.2	23.7	56.7	1010.6
2021-07-03T13:52:26	1189	3600	14.0	31.4	24.5	51.4	1010.2
2021-07-03T14:53:26	1069	3600	12.8	30.2	25.1	44.6	1009.8
2021-07-03T15:55:26	1100	3600	14.0	31.4	25.6	45.1	1009.4
2021-07-03T16:56:26	1146	3600	12.7	30.3	25.2	43.3	1009.0
2021-07-03T17:58:26	1175	3600	12.7	29.8	25.6	44.6	1008.7
2021-07-03T18:59:26	1119	3600	12.7	30.9	24.8	44.5	1008.6
2021-07-03T20:01:26	1121	3600	12.6	27.8	22.9	50.7	1008.6
2021-07-03T21:02:26	1112	3600	12.6	27.2	22.6	52.6	1008.7
2021-07-03T22:04:26	1105	3600	12.6	23.2	19.8	67.1	1008.6
2021-07-03T23:06:26	1081	3600	12.5	21.0	19.0	68.5	1008.6
2021-07-04T00:07:26	1115	3600	12.5	18.9	17.6	72.4	1008.5
2021-07-04T01:09:26	1060	3600	12.5	17.3	15.5	84.5	1008.3
2021-07-04T02:10:26	1101	3600	12.4	15.9	14.3	92.0	1008.2
2021-07-04T03:12:26	1195	3600	12.4	15.2	13.4	96.9	1008.0
2021-07-04T04:13:26	1137	3600	12.4	15.3	13.7	98.0	1007.9
2021-07-04T05:15:26	1112	3600	12.4	15.3	13.6	97.9	1007.8
2021-07-04T06:16:26	1152	3600	12.4	17.2	16.1	94.8	1007.8
2021-07-04T07:18:26	1169	3600	12.7	22.2	20.6	78.1	1008.0
2021-07-04T08:19:26	1145	3600	12.7	26.3	23.7	56.3	1008.0
2021-07-04T09:21:26	1204	3600	14.0	31.4	26.1	45.7	1007.7
2021-07-04T10:22:26	1154	3600	14.0	33.6	27.1	40.5	1007.2
2021-07-04T11:24:26	1097	3600	14.0	35.3	27.1	40.1	1006.8
2021-07-04T12:25:26	1108	3600	14.0	35.1	26.0	41.8	1006.5
2021-07-04T13:27:26	1138	3600	14.0	35.0	26.6	42.5	1006.0
2021-07-04T14:29:26	1177	3600	12.8	34.0	28.3	39.8	1005.3
2021-07-04T15:30:26	1115	3600	12.7	34.3	28.1	40.4	1004.7
2021-07-04T16:32:26	1127	3600	14.0	36.0	29.0	37.2	1004.3
2021-07-04T17:33:26	1153	3600	13.1	35.0	27.8	42.5	1004.0
2021-07-04T18:35:26	1163	3600	12.8	33.4	27.6	42.2	1003.5
2021-07-04T19:36:26	1135	3600	12.7	32.3	26.5	44.9	1003.6
2021-07-04T20:38:26	1157	3600	12.7	29.9	25.2	49.4	1003.7
2021-07-04T21:40:26	1200	3600	12.6	26.0	23.0	56.1	1004.1
2021-07-04T22:41:26	1174	3600	12.6	23.8	21.7	60.2	1004.3
2021-07-04T23:43:26	1093	3600	12.6	22.3	20.2	65.1	1004.4
2021-07-05T00:45:26	1230	3600	12.6	21.4	20.1	65.4	1004.1
2021-07-05T01:48:26	1218	3600	12.5	20.5	19.2	72.1	1004.0
2021-07-05T02:51:26	1148	3600	12.5	19.8	18.3	75.1	1003.9
2021-07-05T03:52:26	1157	3600	12.5	18.6	17.0	80.8	1003.6
2021-07-05T04:54:26	1146	3600	12.5	18.4	16.9	85.7	1003.9
2021-07-05T05:55:26	1177	3600	12.5	19.9	17.4	83.4	1004.2
2021-07-05T06:57:26	1172	3600	12.8	23.0	19.0	79.7	1004.1
2021-07-05T07:59:26	1202	3600	12.7	23.1	19.1	81.6	1004.4
2021-07-05T09:01:26	1125	3600	12.6	21.1	17.6	93.0	1005.1
2021-07-05T10:02:26	1138	3600	13.0	23.2	19.2	88.6	1005.1
2021-07-05T11:04:26	1131	3600	13.1	23.5	19.0	88.8	1005.2
2021-07-05T12:05:26	1125	3600	12.7	23.8	20.6	80.3	1005.1
2021-07-05T13:08:26	1164	3600	12.9	27.1	21.9	74.1	1005.1
2021-07-05T14:09:26	1149	3600	12.8	28.4	22.6	70.8	1004.6
2021-07-05T15:11:26	1181	3600	12.7	29.6	24.0	60.8	1004.2
2021-07-05T16:12:26	1079	3600	12.8	31.1	26.4	50.9	1004.1
2021-07-05T17:15:26	1183	3600	12.8	32.2	25.2	52.5	1004.3
2021-07-05T18:16:26	1169	3600	12.6	29.1	23.3	63.6	1004.6
2021-07-05T19:18:26	1122	3600	12.8	29.1	24.0	58.0	1004.8
2021-07-05T20:19:26	1138	3600	12.6	28.6	23.6	59.5	1005.2
2021-07-05T21:21:26	1137	3600	12.6	23.8	20.2	69.9	1005.6
2021-07-05T22:22:26	1112	3600	12.5	22.0	19.6	75.4	1006.2
2021-07-05T23:24:26	1129	3600	12.5	21.5	19.5	76.9	1006.1
2021-07-06T00:26:26	1168	3600	12.5	20.6	18.5	83.4	1006.1
2021-07-06T01:27:26	1137	3600	12.4	19.3	17.6	88.6	1006.0
2021-07-06T02:29:26	1163	3600	12.4	19.4	17.7	90.0	1006.2
2021-07-06T03:30:26	1167	3600	12.4	19.1	17.4	89.3	1005.9
2021-07-06T04:32:26	1171	3600	12.4	18.7	17.0	90.6	1005.6
2021-07-06T05:33:26	1187	3600	12.4	19.5	17.4	88.6	1005.4
2021-07-06T06:35:26	1170	3600	12.4	22.6	19.4	81.4	1005.4
2021-07-06T07:37:26	1138	3600	12.8	25.5	21.4	74.2	1005.4
2021-07-06T08:38:26	1153	3600	12.7	27.4	23.8	66.0	1005.2
2021-07-06T09:40:26	1178	3600	13.6	30.6	25.7	59.9	1005.3
2021-07-06T10:41:26	1183	3600	14.0	32.8	27.0	55.1	1005.1
2021-07-06T11:43:26	1176	3600	14.0	34.1	28.2	49.1	1004.8
2021-07-06T12:44:26	1252	3600	14.0	35.1	29.0	48.0	1004.4
2021-07-06T13:46:26	1194	3600	13.1	35.7	29.8	45.2	1004.3
2021-07-06T14:47:26	1136	3600	13.0	36.5	31.2	42.7	1004.1
2021-07-06T15:49:26	1133	3600	13.1	36.4	31.0	42.9	1003.9
2021-07-06T16:50:26	1166	3600	12.8	32.8	28.2	47.1	1004.5
2021-07-06T17:52:26	1148	3600	12.8	27.6	23.5	74.7	1004.6
2021-07-06T18:53:26	1158	3600	13.1	29.5	25.0	66.6	1004.8
2021-07-06T19:55:26	1121	3600	12.6	27.8	24.0	68.6	1005.1
2021-07-06T20:56:26	1186	3600	12.6	25.8	22.9	70.7	1005.3
2021-07-06T21:58:26	1179	3600	12.6	23.8	21.7	72.7	1006.7
2021-07-06T23:00:26	1145	3600	12.6	23.5	21.1	79.0	1007.4
2021-07-07T00:01:26	1194	3600	12.6	22.6	20.6	80.2	1007.4
2021-07-07T01:03:26	1160	3600	12.5	22.0	20.0	79.6	1008.2
2021-07-07T02:04:26	1174	3600	12.5	21.7	19.7	78.0	1009.2
2021-07-07T03:06:26	1126	3600	12.5	21.1	18.7	82.8	1009.3
2021-07-07T04:07:26	1134	3600	12.5	20.0	17.6	90.0	1009.7
2021-07-07T05:09:26	1090	3600	12.4	19.2	16.8	94.8	1009.8
2021-07-07T06:11:26	1083	3600	12.4	19.5	16.8	97.1	1010.4
2021-07-07T07:12:26	1169	3600	12.4	19.4	16.5	96.8	1011.3
2021-07-07T08:14:26	1070	3600	12.4	19.5	16.7	97.2	1012.0
2021-07-07T09:15:26	1059	3600	12.4	19.8	16.9	96.2	1012.7
2021-07-07T10:17:26	1053	3600	12.4	20.0	16.8	95.3	1012.9
2021-07-07T11:19:26	1048	3600	12.8	21.2	17.6	93.2	1013.8
2021-07-07T12:20:26	1054	3600	12.7	21.6	18.0	91.0	1014.0
2021-07-07T13:22:26	1058	3600	13.6	26.4	20.8	76.2	1014.2
2021-07-07T14:23:26	1014	3600	12.8	26.2	21.0	78.1	1014.3
2021-07-07T15:25:26	1030	3600	12.9	25.3	20.4	77.4	1014.5
2021-07-07T16:26:26	1019	3600	12.8	27.0	22.2	72.3	1014.4
2021-07-07T17:28:26	1072	3600	12.7	25.7	21.8	73.7	1014.2
2021-07-07T18:29:26	1062	3600	12.7	29.2	24.9	59.0	1014.1
2021-07-07T19:31:26	998	3600	12.6	28.9	23.6	63.8	1014.4
2021-07-07T20:33:26	1030	3600	12.6	27.1	21.5	73.6	1014.4
2021-07-07T21:34:26	1042	3600	12.5	22.7	19.2	82.2	1015.1
2021-07-07T22:36:26	1071	3600	12.5	20.0	17.8	88.0	1015.6
2021-07-07T23:38:26	1071	3600	12.4	18.9	17.2	92.7	1015.6
2021-07-08T00:39:26	1050	3600	12.4	19.1	17.4	93.2	1016.0
2021-07-08T01:41:26	1055	3600	12.4	18.6	17.1	92.4	1016.1
2021-07-08T02:42:26	983	3600	12.4	18.2	16.7	93.6	1015.9
2021-07-08T03:44:26	1073	3600	12.3	17.7	16.2	94.3	1016.0
2021-07-08T04:45:26	1060	3600	12.3	17.5	16.1	95.2	1016.2
2021-07-08T05:47:26	1041	3600	12.3	18.5	16.5	94.4	1016.6
2021-07-08T06:48:26	1037	3600	12.4	22.9	19.0	87.0	1016.5
2021-07-08T07:50:26	1054	3600	12.6	23.0	19.3	86.9	1016.3
2021-07-08T08:52:26	1055	3600	12.5	23.0	19.3	84.5	1016.8
2021-07-08T09:53:26	1038	3600	12.7	24.1	20.2	81.1	1016.7
2021-07-08T10:55:26	1026	3600	12.7	24.0	20.1	77.5	1016.9
2021-07-08T11:56:26	1040	3600	12.9	25.4	20.5	77.0	1017.0
2021-07-08T12:58:26	1031	3600	12.9	25.2	20.4	77.6	1017.2
2021-07-08T13:59:26	1072	3600	12.8	24.3	20.0	82.5	1016.9
2021-07-08T15:01:26	1050	3600	12.8	23.7	19.9	88.1	1016.4
2021-07-08T16:02:26	1064	3600	12.8	22.9	19.4	92.8	1016.2
2021-07-08T17:04:26	1049	3600	12.6	23.4	19.8	88.6	1016.3
2021-07-08T18:05:26	1078	3600	13.0	24.3	20.0	89.0	1015.7
2021-07-08T19:07:26	1042	3600	12.6	26.1	21.6	77.3	1015.3
2021-07-08T20:08:26	1034	3600	12.6	24.8	21.2	80.5	1014.5
2021-07-08T21:10:26	1002	3600	12.5	24.3	20.0	84.4	1015.3
2021-07-08T22:11:26	1119	3600	12.4	20.6	17.7	94.5	1015.4
2021-07-08T23:13:26	1038	3600	12.4	20.0	17.5	96.2	1014.9
2021-07-09T00:15:26	1055	3600	12.3	19.3	17.1	97.3	1015.0
2021-07-09T01:18:26	1006	3600	12.3	18.5	16.5	97.1	1014.1
2021-07-09T02:20:26	1077	3600	12.3	18.2	16.2	98.6	1014.0
2021-07-09T03:21:26	1094	3600	12.3	18.5	16.4	98.4	1013.6
2021-07-09T04:23:26	1044	3600	12.3	18.6	16.5	98.6	1013.0
2021-07-09T05:24:26	1056	3600	12.3	18.7	16.6	97.8	1012.5
2021-07-09T06:26:26	1027	3600	12.2	19.1	16.4	97.5	1012.4
2021-07-09T07:27:26	1059	3600	12.3	19.5	16.8	99.3	1011.7
2021-07-09T08:29:26	1044	3600	12.3	20.0	17.6	98.8	1011.5
2021-07-09T09:30:26	1068	3600	12.2	20.7	18.1	98.6	1011.5
2021-07-09T10:32:26	1058	3600	12.3	21.4	18.3	97.2	1011.0
2021-07-09T11:34:26	1047	3600	12.4	21.8	18.7	94.1	1011.0
2021-07-09T12:35:26	1030	3600	12.6	22.2	18.1	92.0	1010.6
2021-07-09T13:37:26	1019	3600	12.4	21.1	17.7	97.9	1010.6
2021-07-09T14:43:37	1049	3600	12.3	21.5	18.3	98.3	1010.1
2021-07-09T15:45:26	1018	3600	12.3	21.6	18.1	97.0	1009.8
2021-07-09T16:47:26	1006	3600	12.2	20.5	17.3	96.9	1009.7
2021-07-09T17:48:26	991	3600	12.2	19.5	16.2	96.6	1010.3
2021-07-09T18:50:26	967	3600	12.3	19.4	16.1	97.1	1009.9
2021-07-09T19:51:26	995	3600	12.2	18.3	15.2	96.7	1010.1
2021-07-09T20:53:26	1044	3600	12.2	17.5	15.1	96.4	1010.4
2021-07-09T21:55:26	1011	3600	12.2	17.4	15.2	98.3	1010.8
2021-07-09T22:56:26	1034	3600	12.1	17.1	14.8	98.9	1010.8
2021-07-09T23:58:26	1046	3600	12.1	16.7	14.4	98.4	1011.2
2021-07-10T00:59:26	1046	3600	12.1	16.5	14.3	99.2	1011.2
2021-07-10T02:01:26	974	3600	12.1	16.5	14.3	99.7	1011.5
2021-07-10T03:02:26	1058	3600	12.1	16.7	14.7	99.8	1011.4
2021-07-10T04:04:26	1048	3600	12.1	17.2	15.3	100.0	1011.1
2021-07-10T05:05:26	1020	3600	12.1	17.4	15.5	99.3	1011.0
2021-07-10T06:07:26	975	3600	12.1	17.9	15.2	98.3	1011.1
2021-07-10T07:08:26	1015	3600	12.1	18.4	15.5	96.5	1011.9
2021-07-10T08:10:26	1014	3600	12.2	19.2	15.7	94.0	1012.1
2021-07-10T09:11:26	1021	3600	13.0	21.5	17.2	86.0	1012.4
2021-07-10T10:13:26	978	3600	13.3	25.2	19.2	80.5	1012.6
2021-07-10T11:14:26	1018	3600	12.7	25.7	19.6	73.5	1012.8
2021-07-10T12:16:26	1036	3600	14.0	26.2	21.7	67.4	1012.7
2021-07-10T13:17:26	1005	3600	14.0	30.5	23.1	59.3	1012.5
2021-07-10T14:19:26	1025	3600	12.8	28.8	24.2	55.6	1012.5
2021-07-10T15:20:26	1012	3600	12.9	28.5	23.7	55.8	1012.3
2021-07-10T16:22:26	1092	3600	12.8	30.2	24.4	50.0	1012.1
2021-07-10T17:23:26	1041	3600	12.7	30.1	25.3	49.6	1011.6
2021-07-10T18:25:26	1033	3600	12.7	31.3	25.6	48.4	1011.3
2021-07-10T19:26:26	1048	3600	12.7	31.4	25.1	48.4	1011.4
2021-07-10T20:28:26	1017	3600	12.6	27.5	22.9	61.2	1011.5
2021-07-10T21:30:26	1042	3600	12.6	23.8	20.7	67.3	1011.8
2021-07-10T22:31:26	1048	3600	12.5	20.7	18.1	81.8	1011.8
2021-07-10T23:33:26	1018	3600	12.5	19.1	17.1	91.3	1011.8
2021-07-11T00:34:26	1070	3600	12.5	17.9	16.3	95.3	1012.0
2021-07-11T01:36:26	1022	3600	12.4	17.3	15.8	93.5	1012.0
2021-07-11T02:37:26	1091	3600	12.4	16.9	16.0	90.9	1011.6
2021-07-11T03:39:26	1075	3600	12.4	16.5	15.9	89.4	1011.5
2021-07-11T04:41:26	1111	3600	12.3	16.3	15.5	91.7	1011.4
2021-07-11T05:42:26	1058	3600	12.4	16.6	15.3	93.3	1011.7
2021-07-11T06:44:26	1134	3600	12.4	20.6	18.4	79.3	1011.9
2021-07-11T07:45:26	1139	3600	12.8	24.4	20.8	71.8	1012.2
2021-07-11T08:47:26	1069	3600	12.7	27.0	22.6	67.3	1012.1
2021-07-11T09:48:26	1041	3600	14.0	30.8	24.1	59.3	1012.2
2021-07-11T10:50:26	1041	3600	14.0	32.8	26.0	52.1	1012.1
2021-07-11T11:51:26	1030	3600	14.0	33.2	26.2	52.2	1012.1
2021-07-11T12:53:26	1078	3600	14.0	34.0	27.2	47.6	1012.0
2021-07-11T13:54:26	1024	3600	14.0	35.2	28.3	40.4	1011.8
2021-07-11T14:56:26	1044	3600	13.1	34.2	26.9	46.1	1011.7
2021-07-11T15:58:26	993	3600	12.8	33.6	28.1	42.4	1011.3
2021-07-11T16:59:26	1061	3600	12.7	32.8	28.2	42.1	1010.8
2021-07-11T18:01:26	1059	3600	12.7	32.3	27.7	40.3	1010.6
2021-07-11T19:02:26	1120	3600	12.9	32.8	27.0	43.9	1010.5
2021-07-11T20:04:26	1049	3600	12.7	29.9	25.8	48.8	1010.9
2021-07-11T21:05:26	1083	3600	12.7	27.8	24.6	51.3	1010.8
2021-07-11T22:07:26	1080	3600	12.6	24.8	22.7	56.7	1010.8
2021-07-11T23:08:26	1026	3600	12.6	24.0	22.1	60.8	1010.8
2021-07-12T00:10:26	1054	3600	12.6	22.2	20.3	74.1	1010.5
2021-07-12T01:11:26	1047	3600	12.5	21.0	19.1	84.3	1010.8
2021-07-12T02:13:26	1047	3600	12.5	20.9	18.8	87.2	1010.6
2021-07-12T03:15:26	1047	3600	12.5	19.9	18.0	91.6	1010.6
2021-07-12T04:16:26	1041	3600	12.5	19.9	18.3	90.9	1010.1
2021-07-12T05:18:26	1081	3600	12.5	19.7	18.1	92.4	1009.9
2021-07-12T06:19:26	1054	3600	12.4	21.0	18.7	90.8	1009.7
2021-07-12T07:21:26	1005	3600	12.5	21.9	19.3	89.8	1009.6
2021-07-12T08:22:26	1088	3600	12.8	24.1	20.4	84.3	1009.5
2021-07-12T09:24:26	1119	3600	12.7	24.5	20.9	82.8	1009.6
2021-07-12T10:25:26	1102	3600	12.9	29.0	23.1	75.7	1009.2
2021-07-12T11:27:26	1080	3600	12.8	31.2	25.6	66.8	1008.6
2021-07-12T12:29:26	1065	3600	14.0	32.0	24.7	63.5	1008.2
2021-07-12T13:30:26	1088	3600	12.8	29.7	24.5	65.9	1008.1
2021-07-12T14:32:26	1047	3600	12.7	30.1	25.6	67.4	1007.7
2021-07-12T15:33:26	1089	3600	12.7	29.5	25.0	67.6	1007.1
2021-07-12T16:35:26	1117	3600	12.7	31.0	26.6	60.7	1006.7
2021-07-12T17:36:26	1066	3600	12.9	30.1	25.6	63.5	1006.3
2021-07-12T18:38:26	1075	3600	12.8	29.2	24.8	66.1	1006.1
2021-07-12T19:40:26	1124	3600	12.7	28.0	24.0	73.5	1006.1
2021-07-12T20:41:26	1041	3600	12.6	25.7	22.6	75.5	1006.2
2021-07-12T21:43:26	1120	3600	12.6	23.0	21.2	78.7	1006.2
2021-07-12T22:44:26	1140	3600	12.5	21.3	20.0	84.3	1006.3
2021-07-12T23:46:26	1141	3600	12.5	20.6	19.8	86.5	1006.3
2021-07-13T00:47:26	1059	3600	12.4	19.5	18.0	92.7	1006.3
2021-07-13T01:51:26	1152	3600	12.4	18.8	17.5	95.3	1006.0
2021-07-13T02:53:26	1115	3600	12.4	19.1	18.2	92.7	1005.8
2021-07-13T03:55:26	1071	3600	12.4	18.1	16.4	95.3	1005.5
2021-07-13T04:56:26	1098	3600	12.4	17.6	16.3	98.9	1005.4
2021-07-13T05:58:26	1187	3600	12.4	19.3	18.5	91.3	1005.2
2021-07-13T06:59:26	1111	3600	12.5	22.8	20.8	85.6	1005.4
2021-07-13T08:01:26	1110	3600	12.7	26.3	23.2	74.9	1005.3
2021-07-13T09:03:26	1116	3600	12.7	29.3	24.9	65.8	1005.3
2021-07-13T10:04:26	1164	3600	14.0	33.0	25.9	60.2	1005.0
2021-07-13T11:06:26	1134	3600	14.0	33.5	26.4	52.9	1004.7
2021-07-13T12:07:26	1125	3600	14.0	34.6	27.8	53.7	1004.5
2021-07-13T13:09:26	1147	3600	13.0	35.3	28.3	52.6	1004.2
2021-07-13T14:10:26	1156	3600	12.8	34.3	28.0	50.8	1004.1
2021-07-13T15:14:26	1189	3600	13.0	35.4	28.5	48.2	1003.7
2021-07-13T16:16:26	1132	3600	12.8	32.6	28.2	50.4	1003.5
2021-07-13T17:18:26	1102	3600	12.7	31.7	28.2	51.2	1003.1
2021-07-13T18:19:26	1118	3600	12.6	33.8	29.6	46.3	1002.7
2021-07-13T19:21:26	1176	3600	12.8	34.3	29.4	46.9	1003.0
2021-07-13T20:22:26	1126	3600	12.6	31.3	27.2	56.3	1002.9
2021-07-13T21:24:26	1158	3600	12.6	27.9	25.1	63.3	1002.7
2021-07-13T22:25:26	1185	3600	12.6	25.8	23.7	67.4	1003.0
2021-07-13T23:27:26	1162	3600	12.6	25.7	23.8	66.2	1002.9
2021-07-14T00:28:26	1199	3600	12.5	25.5	23.5	67.8	1002.5
2021-07-14T01:30:26	1100	3600	12.5	22.8	20.4	85.4	1002.8
2021-07-14T02:31:26	1127	3600	12.5	21.8	19.5	89.3	1002.8
2021-07-14T03:33:26	1182	3600	12.5	21.3	19.2	90.8	1002.4
2021-07-14T04:34:26	1187	3600	12.5	20.5	18.6	93.3	1003.0
2021-07-14T05:36:26	1123	3600	12.4	20.8	18.7	95.7	1002.8
2021-07-14T06:38:26	1125	3600	12.4	21.9	19.0	98.6	1003.0
2021-07-14T07:39:26	1109	3600	12.5	23.3	20.0	95.3	1003.0
2021-07-14T08:41:26	1198	3600	12.6	24.5	21.2	91.6	1003.6
2021-07-14T09:42:26	1114	3600	12.9	26.1	21.7	88.3	1003.5
2021-07-14T10:44:26	1114	3600	12.8	25.9	21.8	86.8	1004.3
2021-07-14T11:45:26	1051	3600	12.8	27.9	22.8	79.3	1003.9
2021-07-14T12:47:26	1130	3600	12.7	27.0	22.9	79.3	1004.3
2021-07-14T13:49:26	1104	3600	12.7	28.4	23.9	75.8	1004.8
2021-07-14T14:50:26	1116	3600	12.8	29.9	24.2	73.2	1005.0
2021-07-14T15:52:26	1119	3600	13.2	29.5	25.0	74.2	1004.6
2021-07-14T16:53:26	1104	3600	12.7	30.3	25.6	68.8	1004.8
2021-07-14T17:55:26	1160	3600	12.6	30.8	24.6	65.3	1005.0
2021-07-14T18:56:26	1126	3600	12.8	31.2	25.6	63.1	1005.3
2021-07-14T19:58:26	1152	3600	12.6	29.2	23.8	64.8	1005.4
2021-07-14T20:59:26	1110	3600	12.5	26.4	21.8	70.8	1005.9
2021-07-14T22:01:26	1104	3600	12.5	21.9	19.5	83.3	1006.1
2021-07-14T23:03:26	1086	3600	12.4	20.4	18.6	86.5	1006.1
2021-07-15T00:04:26	1159	3600	12.4	18.9	17.7	89.4	1006.4
2021-07-15T01:06:26	1160	3600	12.4	19.0	17.2	90.0	1005.4
2021-07-15T02:08:26	1159	3600	12.4	17.9	16.1	94.5	1006.4
2021-07-15T03:09:26	1169	3600	12.4	17.3	15.9	97.1	1006.8
2021-07-15T04:11:26	1154	3600	12.3	17.0	15.5	98.5	1006.6
2021-07-15T05:12:26	1216	3600	12.3	17.0	15.3	98.6	1006.8
2021-07-15T06:14:26	1122	3600	12.3	18.9	17.6	90.7	1007.1
2021-07-15T07:15:26	1167	3600	12.4	19.7	17.1	94.2	1007.3
2021-07-15T08:17:26	1153	3600	12.7	22.5	20.0	82.1	1007.4
2021-07-15T09:19:26	1144	3600	13.4	25.7	21.5	74.0	1007.7
2021-07-15T10:20:26	1127	3600	12.7	28.4	23.6	67.3	1007.7
2021-07-15T11:22:26	1164	3600	14.0	31.5	24.2	59.5	1007.9
2021-07-15T12:23:26	1144	3600	14.0	32.9	26.0	53.1	1007.8
2021-07-15T13:25:26	1060	3600	14.0	33.4	25.4	58.6	1007.9
2021-07-15T14:27:26	1168	3600	13.0	32.8	26.1	56.8	1007.8
2021-07-15T15:28:26	1094	3600	13.1	33.6	26.8	53.8	1007.6
2021-07-15T16:30:26	1151	3600	12.8	33.5	28.2	51.0	1007.5
2021-07-15T17:31:26	1181	3600	12.7	33.1	28.4	49.8	1007.4
2021-07-15T18:33:26	1120	3600	12.7	27.3	23.4	78.0	1007.2
2021-07-15T19:34:26	1109	3600	12.8	29.5	25.0	76.3	1007.8
2021-07-15T20:36:26	1178	3600	12.7	30.2	25.8	63.7	1008.3
2021-07-15T21:37:26	1063	3600	12.6	24.8	21.8	74.7	1008.6
2021-07-15T22:39:26	1089	3600	12.6	22.8	21.4	74.9	1009.0
2021-07-15T23:40:26	1064	3600	12.6	21.2	19.2	88.4	1009.6
2021-07-16T00:42:26	1152	3600	12.6	20.7	19.7	85.1	1009.6
2021-07-16T01:43:26	1118	3600	12.5	20.3	18.6	93.4	1009.8
2021-07-16T02:45:26	1079	3600	12.5	20.5	19.0	93.3	1009.9
2021-07-16T03:46:26	1113	3600	12.5	19.9	18.5	91.6	1009.9
2021-07-16T04:48:26	1106	3600	12.5	18.9	17.5	94.6	1010.0
2021-07-16T05:50:26	1057	3600	12.4	20.0	18.0	95.6	1010.4
2021-07-16T06:51:26	1117	3600	12.5	23.2	20.4	86.1	1010.5
2021-07-16T07:53:26	1150	3600	12.7	25.4	21.6	79.6	1011.2
2021-07-16T08:54:26	1079	3600	12.7	29.0	24.0	72.1	1011.5
2021-07-16T09:56:26	1055	3600	14.0	34.0	26.4	65.2	1011.8
2021-07-16T10:57:26	1049	3600	14.0	34.8	26.3	63.2	1011.8
2021-07-16T11:59:26	1062	3600	12.8	34.3	28.2	60.2	1011.6
2021-07-16T13:00:26	1076	3600	12.8	33.2	28.2	58.4	1012.1
2021-07-16T14:02:26	1105	3600	14.0	36.7	29.7	55.6	1012.0
2021-07-16T15:04:26	1056	3600	14.0	33.1	27.2	66.5	1012.0
2021-07-16T16:05:26	1117	3600	13.1	33.0	27.1	64.4	1012.7
2021-07-16T17:07:26	1081	3600	12.7	30.4	26.0	70.2	1012.5
2021-07-16T18:08:26	1019	3600	13.3	30.8	26.3	69.8	1012.4
2021-07-16T19:10:26	1090	3600	13.0	30.2	25.7	71.1	1013.0
2021-07-16T20:11:26	1066	3600	12.7	28.1	24.5	77.0	1013.1
2021-07-16T21:13:26	1033	3600	12.6	22.9	19.3	94.2	1013.4
2021-07-16T22:15:26	1078	3600	12.6	23.1	20.7	97.1	1013.7
2021-07-16T23:16:26	1072	3600	12.6	23.8	21.7	95.1	1014.1
2021-07-17T00:18:26	1011	3600	12.6	23.3	21.2	96.8	1013.9
2021-07-17T01:22:26	1053	3600	12.5	23.3	21.1	97.0	1013.9
2021-07-17T02:24:26	1014	3600	12.5	22.9	20.6	94.9	1013.8
2021-07-17T03:25:26	1095	3600	12.5	22.2	20.0	95.4	1014.1
2021-07-17T04:27:26	1003	3600	12.5	22.3	20.2	97.4	1013.7
2021-07-17T05:28:26	1024	3600	12.4	22.5	19.9	97.9	1013.9
2021-07-17T06:30:26	997	3600	12.4	22.8	19.5	96.8	1014.1
2021-07-17T07:31:26	1038	3600	12.4	23.2	19.8	96.1	1014.3
2021-07-17T08:33:26	1055	3600	12.5	24.3	20.7	94.4	1014.4
2021-07-17T09:34:26	1029	3600	12.7	25.3	21.5	92.5	1014.9
2021-07-17T10:36:26	1091	3600	12.8	25.8	22.1	91.8	1015.1
2021-07-17T11:37:26	1073	3600	12.8	28.4	24.4	81.2	1015.0
2021-07-17T12:39:26	1036	3600	12.8	30.2	25.0	76.6	1014.7
2021-07-17T13:40:26	1088	3600	14.0	33.2	26.9	67.8	1014.4
2021-07-17T14:42:26	1043	3600	12.8	33.1	28.0	60.3	1013.9
2021-07-17T15:43:26	1068	3600	12.7	33.5	29.2	56.6	1013.6
2021-07-17T16:45:26	1099	3600	12.7	33.1	29.4	54.8	1013.3
2021-07-17T17:46:26	1049	3600	12.7	34.0	29.9	47.4	1012.8
2021-07-17T18:48:26	1100	3600	12.7	33.3	29.1	43.6	1012.8
2021-07-17T19:49:26	1040	3600	12.6	32.2	27.3	50.0	1013.3
2021-07-17T20:51:26	1062	3600	12.5	28.8	24.4	57.7	1013.6
2021-07-17T21:52:26	1031	3600	12.5	24.6	22.0	64.1	1014.1
2021-07-17T22:54:26	1058	3600	12.4	22.8	20.7	71.9	1014.4
2021-07-17T23:56:26	1056	3600	12.4	22.2	20.6	71.6	1014.5
2021-07-18T00:57:26	1089	3600	12.4	20.5	18.4	80.4	1014.5
2021-07-18T01:58:26	1106	3600	12.4	18.9	17.6	82.7	1014.8
2021-07-18T03:00:26	1130	3600	12.3	17.8	16.5	86.2	1014.8
2021-07-18T04:02:26	1120	3600	12.4	17.5	16.0	90.1	1014.8
2021-07-18T05:03:26	1082	3600	12.3	17.2	15.6	92.9	1014.8
2021-07-18T06:04:26	1110	3600	12.4	18.5	16.3	90.5	1014.8
2021-07-18T07:06:26	1075	3600	12.4	21.4	17.7	85.5	1015.0
2021-07-18T08:08:26	1112	3600	12.7	23.4	19.6	81.5	1015.3
2021-07-18T09:09:26	1102	3600	13.4	26.9	21.9	70.7	1015.5
2021-07-18T10:11:26	1108	3600	14.0	29.9	23.6	62.1	1015.3
2021-07-18T11:12:26	1077	3600	14.0	30.7	24.5	57.1	1015.1
2021-07-18T12:14:26	1084	3600	14.0	31.6	25.0	56.7	1015.0
2021-07-18T13:15:26	1169	3600	13.0	31.8	25.7	56.0	1014.6
2021-07-18T14:17:26	1098	3600	13.1	32.2	26.2	54.2	1014.4
2021-07-18T15:18:26	1065	3600	12.8	29.7	25.3	56.0	1014.1
2021-07-18T16:20:26	1127	3600	12.7	30.0	25.7	52.9	1013.7
2021-07-18T17:21:26	1120	3600	12.6	30.0	27.0	50.0	1013.2
2021-07-18T18:23:26	1121	3600	12.8	30.6	26.3	51.2	1012.9
2021-07-18T19:24:26	1144	3600	12.8	30.2	25.4	55.8	1012.9
2021-07-18T20:26:26	1105	3600	12.6	28.8	24.8	54.2	1012.8
2021-07-18T21:27:26	1105	3600	12.6	24.6	21.7	65.8	1013.0
2021-07-18T22:29:26	1111	3600	12.6	23.3	21.4	67.7	1013.2
2021-07-18T23:30:26	1069	3600	12.6	21.4	19.4	74.8	1013.3
2021-07-19T00:32:26	1115	3600	12.5	21.3	19.4	77.8	1013.6
2021-07-19T01:34:26	1129	3600	12.5	20.2	18.1	82.4	1013.9
2021-07-19T02:35:26	1127	3600	12.5	19.8	17.6	76.4	1013.8
2021-07-19T03:37:26	1173	3600	12.4	18.4	16.0	78.6	1014.4
2021-07-19T04:39:26	1134	3600	12.4	16.5	14.3	80.5	1014.6
2021-07-19T05:40:26	1151	3600	12.4	16.0	13.4	83.4	1015.0
2021-07-19T06:42:26	1075	3600	12.3	17.0	13.7	80.9	1015.2
2021-07-19T07:43:26	1152	3600	12.8	19.0	14.9	72.6	1015.4
2021-07-19T08:45:26	1163	3600	12.7	19.8	16.2	67.9	1015.5
2021-07-19T09:46:26	1142	3600	12.7	21.7	17.5	63.4	1015.4
2021-07-19T10:48:26	1184	3600	13.7	24.5	18.9	58.5	1015.3
2021-07-19T11:50:26	1060	3600	12.7	22.4	18.5	60.2	1014.8
2021-07-19T12:51:26	1151	3600	13.3	25.7	19.7	59.0	1014.8
2021-07-19T13:53:26	1165	3600	12.7	23.2	19.2	59.2	1014.7
2021-07-19T14:55:26	1211	3600	12.6	23.9	19.7	61.2	1014.6
2021-07-19T15:56:26	1179	3600	12.7	23.7	19.9	55.6	1014.5
2021-07-19T16:58:26	1183	3600	12.7	24.8	20.4	51.0	1014.2
2021-07-19T18:00:26	1173	3600	12.6	24.1	20.0	53.5	1014.0
2021-07-19T19:01:26	1135	3600	12.8	23.9	19.4	55.0	1014.0
2021-07-19T20:03:26	1166	3600	12.6	22.6	18.9	56.3	1013.9
2021-07-19T21:04:26	1120	3600	12.5	19.6	16.7	65.5	1014.0
2021-07-19T22:06:26	1129	3600	12.4	17.6	15.7	69.6	1014.1
2021-07-19T23:07:26	1162	3600	12.4	16.5	14.7	74.8	1014.2
2021-07-20T00:09:26	1198	3600	12.3	17.1	15.4	81.2	1014.3
2021-07-20T01:10:26	1140	3600	12.3	16.9	15.2	78.0	1014.2
2021-07-20T02:12:26	1137	3600	12.3	16.9	15.1	78.1	1014.1
2021-07-20T03:14:26	1132	3600	12.3	16.7	14.5	86.0	1014.0
2021-07-20T04:15:26	1157	3600	12.3	16.7	14.9	80.4	1013.8
2021-07-20T05:17:26	1145	3600	12.3	16.8	14.9	82.5	1013.9
2021-07-20T06:18:26	1160	3600	12.3	17.5	15.0	84.1	1014.0
2021-07-20T07:20:26	1218	3600	12.5	19.0	15.9	79.2	1014.2
2021-07-20T08:21:26	1153	3600	12.7	20.9	17.3	75.1	1014.5
2021-07-20T09:23:26	1133	3600	13.5	24.4	19.3	63.5	1014.7
2021-07-20T10:24:26	1157	3600	12.7	22.1	17.6	66.7	1014.8
2021-07-20T11:26:26	1198	3600	12.7	23.2	18.9	62.3	1014.7
2021-07-20T12:27:26	1140	3600	12.8	24.6	18.9	63.9	1014.6
2021-07-20T13:29:26	1156	3600	12.8	22.7	18.2	69.4	1014.6
2021-07-20T14:31:26	1136	3600	12.7	23.1	19.3	71.2	1014.5
2021-07-20T15:32:26	1194	3600	12.7	24.3	19.8	65.1	1014.3
2021-07-20T16:34:26	1173	3600	12.8	25.2	21.1	58.7	1014.3
2021-07-20T17:35:26	1135	3600	12.7	23.3	19.4	66.2	1014.6
2021-07-20T18:37:26	1196	3600	12.8	23.8	20.0	61.4	1014.4
2021-07-20T19:38:26	1152	3600	12.6	23.1	19.5	63.6	1014.4
2021-07-20T20:40:26	1196	3600	12.5	23.2	20.0	61.5	1014.5
2021-07-20T21:42:26	1158	3600	12.5	19.4	17.2	71.9	1015.0
2021-07-20T22:43:26	1132	3600	12.4	16.9	15.8	78.5	1015.3
2021-07-20T23:45:26	1183	3600	12.5	15.8	14.6	83.3	1015.7
2021-07-21T00:46:26	1163	3600	12.4	14.7	13.3	89.2	1015.9
2021-07-21T01:49:26	1182	3600	12.3	13.7	12.2	97.6	1015.8
2021-07-21T02:51:26	1146	3600	12.3	13.2	12.1	96.9	1015.8
2021-07-21T03:53:26	1067	3600	12.2	12.9	11.5	98.6	1015.9
2021-07-21T04:54:26	1172	3600	12.2	14.0	12.9	97.5	1016.1
2021-07-21T05:56:26	1136	3600	12.2	15.4	14.0	94.4	1016.3
2021-07-21T06:57:26	1195	3600	12.3	16.7	15.2	91.3	1016.8
2021-07-21T07:59:26	1102	3600	12.6	19.7	16.9	87.4	1017.1
2021-07-21T09:01:26	1125	3600	12.7	21.7	18.4	81.3	1017.8
2021-07-21T10:02:26	1179	3600	12.7	23.0	19.3	75.6	1018.0
2021-07-21T11:04:26	1134	3600	12.7	24.8	19.9	67.0	1018.2
2021-07-21T12:05:26	1099	3600	14.0	28.8	21.7	59.3	1018.0
2021-07-21T13:07:26	1137	3600	12.8	27.3	21.9	59.1	1017.8
2021-07-21T14:09:26	1161	3600	12.7	24.1	20.0	69.9	1018.1
2021-07-21T15:10:26	1116	3600	12.7	26.3	21.6	59.8	1017.9
2021-07-21T16:12:26	1131	3600	12.7	24.6	20.0	70.2	1017.9
2021-07-21T17:13:26	1061	3600	12.9	25.3	20.7	67.3	1017.8
2021-07-21T18:15:26	1130	3600	12.9	26.3	21.4	65.3	1017.6
2021-07-21T19:16:26	1121	3600	12.6	23.4	19.4	74.1	1017.7
2021-07-21T20:18:26	1085	3600	12.5	22.2	18.9	78.9	1017.8
2021-07-21T21:19:26	1121	3600	12.5	20.8	18.0	85.7	1017.8
2021-07-21T22:21:26	1125	3600	12.5	20.1	17.7	89.7	1017.8
2021-07-21T23:22:26	1118	3600	12.5	19.8	17.3	88.9	1017.8
2021-07-22T00:24:26	1110	3600	12.4	19.5	17.2	90.3	1017.8
2021-07-22T01:26:26	1158	3600	12.4	19.1	17.1	90.2	1017.8
2021-07-22T02:27:26	1161	3600	12.4	18.9	16.9	90.7	1017.6
2021-07-22T03:29:26	1058	3600	12.4	18.6	16.7	92.1	1017.4
2021-07-22T04:30:26	1121	3600	12.3	18.0	16.0	95.4	1017.3
2021-07-22T05:32:26	1132	3600	12.3	17.8	15.7	97.9	1017.3
2021-07-22T06:33:26	1168	3600	12.3	19.1	16.7	92.1	1017.4
2021-07-22T07:35:26	1192	3600	12.5	21.3	18.1	83.1	1017.5
2021-07-22T08:36:26	1121	3600	12.7	23.6	20.2	71.5	1017.6
2021-07-22T09:38:26	1144	3600	13.8	27.8	22.5	65.4	1017.6
2021-07-22T10:43:26	1198	3600	14.0	31.1	23.4	62.4	1017.3
2021-07-22T11:50:19	1139	3600	12.8	28.0	22.4	63.4	1017.0
2021-07-22T12:57:50	1108	3600	12.8	27.5	23.0	59.2	1016.8
2021-07-22T14:01:26	1163	3600	12.9	28.0	22.0	63.2	1016.5
2021-07-22T15:03:26	1102	3600	13.0	27.2	22.5	61.8	1016.2
2021-07-22T16:04:26	1147	3600	12.6	27.5	23.2	59.5	1015.7
2021-07-22T17:06:26	1149	3600	12.7	26.2	22.3	63.3	1015.4
2021-07-22T18:07:26	1176	3600	12.9	26.5	21.9	63.3	1015.1
2021-07-22T19:09:26	1171	3600	12.6	24.9	21.1	65.6	1014.5
2021-07-22T20:11:26	1192	3600	12.6	24.2	20.9	73.7	1014.2
2021-07-22T21:12:26	1232	3600	12.5	22.6	19.7	77.6	1014.1
2021-07-22T22:14:26	1116	3600	12.5	21.3	18.9	79.6	1014.3
2021-07-22T23:15:26	1113	3600	12.5	19.9	17.7	85.7	1014.3
2021-07-23T00:17:26	1132	3600	12.5	18.5	16.7	89.0	1014.1
2021-07-23T01:19:26	1124	3600	12.4	17.5	15.7	97.1	1014.0
2021-07-23T02:21:26	1156	3600	12.3	16.9	15.8	92.4	1013.8
2021-07-23T03:23:26	1213	3600	12.4	16.4	14.8	96.8	1013.8
2021-07-23T04:25:26	1188	3600	12.3	16.0	14.7	99.3	1013.6
2021-07-23T05:26:26	1183	3600	12.3	15.9	14.1	99.6	1013.4
2021-07-23T06:28:26	1193	3600	12.3	17.1	14.6	98.4	1013.6
2021-07-23T07:29:26	1114	3600	12.6	19.5	17.1	89.2	1013.4
2021-07-23T08:31:26	1238	3600	12.7	22.0	18.2	83.6	1013.4
2021-07-23T09:32:26	1166	3600	12.7	25.3	20.4	73.4	1013.4
2021-07-23T10:34:26	1219	3600	14.0	29.9	22.5	61.0	1013.5
2021-07-23T11:35:26	1233	3600	14.0	31.0	23.3	56.9	1013.3
2021-07-23T12:37:26	1222	3600	14.0	32.0	23.8	57.9	1012.7
2021-07-23T13:38:26	1189	3600	14.0	32.2	24.0	54.9	1012.6
2021-07-23T14:40:26	1169	3600	13.0	32.7	25.2	53.3	1012.1
2021-07-23T15:42:26	1179	3600	13.0	32.0	25.0	50.2	1011.8
2021-07-23T16:43:26	1184	3600	13.0	32.0	25.4	52.2	1011.4
2021-07-23T17:45:26	1189	3600	12.7	30.5	25.7	48.5	1011.0
2021-07-23T18:46:26	1139	3600	12.8	30.8	25.2	47.2	1010.6
2021-07-23T19:48:26	1239	3600	12.7	30.1	24.9	47.5	1010.4
2021-07-23T20:49:26	1185	3600	12.6	25.9	21.8	55.8	1010.5
2021-07-23T21:51:26	1193	3600	12.6	21.0	18.7	68.2	1010.8
2021-07-23T22:53:26	1250	3600	12.5	19.1	17.6	72.8	1010.8
2021-07-23T23:54:26	1256	3600	12.5	17.9	16.4	76.6	1010.7
2021-07-24T00:56:26	1291	3600	12.5	16.7	15.3	82.2	1010.7
2021-07-24T01:59:26	1255	3600	12.5	15.3	13.8	89.1	1010.4
2021-07-24T03:00:26	1219	3600	12.5	15.4	14.3	85.6	1009.9
2021-07-24T04:02:26	1301	3600	12.5	14.3	12.9	92.7	1009.7
2021-07-24T05:03:26	1231	3600	12.4	13.7	12.2	96.5	1009.3
2021-07-24T06:05:26	1194	3600	12.4	14.6	12.9	94.4	1009.0
2021-07-24T07:06:26	1321	3600	12.5	18.9	17.6	79.6	1009.2
2021-07-24T08:08:26	1325	3600	12.6	23.8	21.4	70.5	1009.3
2021-07-24T09:09:26	1253	3600	12.7	27.2	23.7	62.1	1008.7
2021-07-24T10:11:26	1158	3600	14.0	31.6	25.3	55.0	1008.5
2021-07-24T11:12:26	1230	3600	14.0	32.9	27.0	48.3	1007.8
2021-07-24T12:14:26	1215	3600	13.1	33.9	27.7	44.8	1007.9
2021-07-24T13:15:26	1254	3600	13.1	34.6	28.4	43.5	1007.3
2021-07-24T14:17:26	1249	3600	13.1	35.5	29.3	43.2	1007.1
2021-07-24T15:18:26	1195	3600	13.0	37.0	30.1	39.7	1006.8
2021-07-24T16:20:26	1298	3600	12.7	35.5	30.4	38.9	1006.5
2021-07-24T17:22:26	1230	3600	13.0	36.1	29.3	40.8	1006.1
2021-07-24T18:23:26	1322	3600	12.7	33.4	28.9	41.5	1005.6
2021-07-24T19:25:26	1246	3600	12.8	32.2	27.8	46.3	1005.0
2021-07-24T20:26:26	1256	3600	12.6	30.0	26.8	49.0	1005.0
2021-07-24T21:28:26	1243	3600	12.6	27.9	25.6	51.9	1005.2
2021-07-24T22:29:26	1230	3600	12.6	27.0	25.3	52.1	1005.0
2021-07-24T23:30:26	1189	3600	12.6	25.7	24.0	56.0	1005.3
2021-07-25T00:32:26	1267	3600	12.5	24.9	23.3	56.2	1005.8
2021-07-25T01:34:26	1247	3600	12.5	24.3	22.8	56.8	1005.3
2021-07-25T02:35:26	1257	3600	12.5	23.3	21.9	59.3	1004.7
2021-07-25T03:37:26	1286	3600	12.5	22.8	21.6	59.1	1004.3
2021-07-25T04:38:26	1268	3600	12.5	22.0	20.6	62.2	1004.5
2021-07-25T05:40:26	1323	3600	12.4	22.4	20.6	62.2	1004.4
2021-07-25T06:41:26	1338	3600	12.5	23.4	20.8	63.6	1004.8
2021-07-25T07:43:26	1281	3600	12.6	24.5	20.9	65.2	1004.9
2021-07-25T08:44:26	1301	3600	12.6	24.9	21.7	65.6	1004.6
2021-07-25T09:45:26	1316	3600	14.0	31.6	24.6	58.5	1005.0
2021-07-25T10:47:26	1329	3600	14.0	32.3	25.8	53.3	1005.0
2021-07-25T11:49:26	1279	3600	13.1	34.7	28.0	49.6	1004.8
2021-07-25T12:50:26	1303	3600	13.0	35.4	28.2	49.1	1004.8
2021-07-25T13:52:26	1299	3600	12.8	34.3	29.0	48.3	1004.8
2021-07-25T14:53:26	1247	3600	13.0	36.6	29.8	47.0	1004.5
2021-07-25T15:55:26	1268	3600	12.7	35.8	31.6	44.4	1004.3
2021-07-25T16:56:26	1250	3600	14.0	38.2	32.7	41.5	1003.7
2021-07-25T17:58:26	1254	3600	13.6	37.0	30.6	45.6	1003.5
2021-07-25T18:59:26	1256	3600	13.0	31.2	24.6	65.9	1004.6
2021-07-25T20:01:26	1231	3600	12.7	25.6	20.9	83.1	1005.0
2021-07-25T21:03:26	1264	3600	12.6	23.6	20.4	84.6	1004.4
2021-07-25T22:04:26	1248	3600	12.6	22.3	20.0	88.6	1005.2
2021-07-25T23:06:26	1292	3600	12.6	22.1	20.2	89.7	1005.7
2021-07-26T00:07:26	1340	3600	12.6	21.4	19.5	93.5	1005.3
2021-07-26T01:09:26	1323	3600	12.6	20.8	19.0	96.5	1005.3
2021-07-26T02:10:26	1248	3600	12.5	20.6	19.0	97.0	1005.2
2021-07-26T03:12:26	1274	3600	12.5	21.1	19.5	93.8	1005.3
2021-07-26T04:14:26	1207	3600	12.5	21.0	19.4	91.4	1005.3
2021-07-26T05:16:26	1201	3600	12.5	20.5	19.0	93.8	1005.4
2021-07-26T06:17:26	1239	3600	12.4	21.6	19.4	92.9	1005.8
2021-07-26T07:19:26	1233	3600	12.4	22.8	20.0	92.0	1005.7
2021-07-26T08:21:26	1305	3600	12.6	25.9	23.5	75.6	1005.8
2021-07-26T09:22:26	1296	3600	12.7	26.7	23.7	74.5	1005.9
2021-07-26T10:24:26	1263	3600	12.7	29.7	25.3	71.5	1006.1
2021-07-26T11:25:26	1267	3600	14.0	34.6	27.3	62.1	1006.2
2021-07-26T12:27:26	1308	3600	14.0	35.3	27.5	59.8	1006.0
2021-07-26T13:29:26	1329	3600	12.8	32.9	27.0	51.9	1005.7
2021-07-26T14:30:26	1254	3600	12.7	35.1	29.9	51.7	1005.3
2021-07-26T15:32:26	1245	3600	14.0	36.8	30.2	51.7	1005.1
2021-07-26T16:33:26	1182	3600	13.1	36.2	29.8	50.9	1005.1
2021-07-26T17:35:26	1224	3600	12.7	32.6	28.4	48.8	1005.0
2021-07-26T18:36:26	1300	3600	12.9	31.7	27.6	49.2	1005.1
2021-07-26T19:38:26	1263	3600	12.7	30.3	26.4	53.5	1005.2
2021-07-26T20:40:26	1329	3600	12.6	27.9	24.6	56.9	1005.4
2021-07-26T21:41:26	1330	3600	12.6	25.1	23.3	59.5	1006.1
2021-07-26T22:43:26	1243	3600	12.6	22.9	20.5	72.6	1006.4
2021-07-26T23:44:26	1332	3600	12.5	21.9	20.9	73.9	1006.8
2021-07-27T00:46:26	1251	3600	12.5	21.6	19.8	78.3	1006.9
2021-07-27T01:50:26	1340	3600	12.5	20.6	19.1	83.3	1006.6
2021-07-27T02:52:26	1279	3600	12.5	20.1	18.7	86.2	1006.3
2021-07-27T03:53:26	1262	3600	12.4	20.7	19.7	82.6	1006.4
2021-07-27T04:55:26	1336	3600	12.4	20.2	18.9	84.9	1006.3
2021-07-27T05:56:26	1304	3600	12.4	20.7	19.0	86.1	1006.8
2021-07-27T06:58:26	1277	3600	12.5	23.6	20.7	78.7	1006.9
2021-07-27T08:00:26	1312	3600	12.7	25.7	21.9	77.0	1007.2
2021-07-27T09:01:26	1246	3600	12.8	27.9	23.6	66.1	1007.6
2021-07-27T10:03:26	1291	3600	12.7	30.1	25.4	58.8	1007.5
2021-07-27T11:04:26	1276	3600	12.9	31.9	26.4	55.4	1007.6
2021-07-27T12:06:26	1253	3600	12.8	32.2	27.3	56.4	1007.6
2021-07-27T13:07:26	1296	3600	12.7	33.4	28.6	51.5	1007.5
2021-07-27T14:09:26	1287	3600	12.9	34.4	27.4	47.6	1007.4
2021-07-27T15:10:26	1222	3600	12.7	33.0	27.6	49.8	1007.2
2021-07-27T16:12:26	1337	3600	12.8	33.1	28.3	44.1	1006.9
2021-07-27T17:14:26	1218	3600	14.0	31.8	27.1	50.6	1007.0
2021-07-27T18:15:26	1265	3600	12.7	32.1	28.2	48.3	1006.6
2021-07-27T19:17:26	1322	3600	12.7	31.4	26.7	49.4	1006.4
2021-07-27T20:18:26	1352	3600	12.6	29.1	25.0	52.7	1006.4
2021-07-27T21:20:26	1250	3600	12.6	25.0	22.6	60.6	1006.6
2021-07-27T22:21:26	1287	3600	12.5	23.1	21.7	64.2	1006.7
2021-07-27T23:23:26	1336	3600	12.5	22.1	20.7	65.9	1007.0
2021-07-28T00:25:26	1300	3600	12.5	22.4	21.1	64.8	1007.3
2021-07-28T01:26:26	1324	3600	12.4	22.5	20.5	67.3	1007.0
2021-07-28T02:28:26	1318	3600	12.4	20.3	18.9	73.9	1006.5
2021-07-28T03:29:26	1348	3600	12.4	18.6	17.2	82.9	1006.4
2021-07-28T04:31:26	1269	3600	12.4	18.6	16.9	84.6	1006.1
2021-07-28T05:32:26	1337	3600	12.3	19.0	17.5	83.7	1006.2
2021-07-28T06:34:26	1358	3600	12.3	20.1	17.7	84.7	1006.5
2021-07-28T07:35:26	1331	3600	12.3	20.9	18.5	85.9	1006.5
2021-07-28T08:37:26	1274	3600	12.3	21.7	18.4	82.1	1006.9
2021-07-28T09:39:26	1313	3600	12.5	21.0	17.4	92.7	1006.9
2021-07-28T10:40:26	1264	3600	14.0	28.8	21.8	77.2	1006.9
2021-07-28T11:42:26	1323	3600	14.0	29.1	21.9	71.1	1006.8
2021-07-28T12:43:26	1241	3600	14.0	28.9	22.3	65.4	1006.7
2021-07-28T13:45:26	1336	3600	13.1	29.4	23.4	60.1	1006.7
2021-07-28T14:47:26	1230	3600	12.8	28.6	24.1	60.9	1006.6
2021-07-28T15:48:26	1303	3600	12.7	29.4	24.7	54.8	1006.4
2021-07-28T16:50:26	1353	3600	14.0	29.7	23.8	56.3	1006.1
2021-07-28T17:51:26	1341	3600	13.0	31.4	26.1	52.7	1005.5
2021-07-28T18:53:26	1354	3600	12.7	29.8	25.6	50.9	1005.4
2021-07-28T19:54:26	1259	3600	12.7	27.8	23.3	57.5	1005.3
2021-07-28T20:56:26	1352	3600	12.6	25.4	22.0	64.4	1005.8
2021-07-28T21:57:26	1307	3600	12.6	21.1	18.5	81.7	1005.8
2021-07-28T22:59:26	1351	3600	12.6	19.6	18.2	83.2	1006.2
2021-07-29T00:01:26	1283	3600	12.6	19.9	18.7	78.8	1006.0
2021-07-29T01:02:26	1254	3600	12.5	20.8	19.3	78.0	1006.1
2021-07-29T02:04:26	1366	3600	12.5	20.9	19.2	78.7	1006.0
2021-07-29T03:05:26	1297	3600	12.5	20.1	18.3	81.7	1005.7
2021-07-29T04:07:26	1316	3600	12.4	18.8	17.5	85.1	1005.5
2021-07-29T05:08:26	1302	3600	12.4	18.1	17.0	86.7	1005.5
2021-07-29T06:10:26	1293	3600	12.4	18.8	16.9	85.6	1005.8
2021-07-29T07:11:26	1321	3600	12.5	21.8	18.6	78.1	1006.1
2021-07-29T08:13:26	1339	3600	12.7	24.5	21.0	69.3	1005.9
2021-07-29T09:14:26	1337	3600	12.8	27.2	22.2	59.6	1005.8
2021-07-29T10:16:26	1319	3600	12.7	26.4	21.1	60.1	1005.7
2021-07-29T11:17:26	1297	3600	12.8	25.7	20.8	62.9	1005.6
2021-07-29T12:19:26	1314	3600	12.8	27.1	22.4	52.1	1005.6
2021-07-29T13:20:26	1348	3600	12.7	28.3	22.7	45.5	1005.4
2021-07-29T14:22:26	1339	3600	12.8	28.6	24.9	41.3	1005.3
2021-07-29T15:24:26	1342	3600	12.7	28.9	24.5	40.7	1005.1
2021-07-29T16:25:26	1363	3600	13.0	29.5	24.8	40.1	1004.9
2021-07-29T17:27:26	1317	3600	12.7	27.9	23.6	39.8	1005.1
2021-07-29T18:29:26	1322	3600	12.7	26.6	22.8	40.4	1005.2
2021-07-29T19:30:26	1361	3600	12.7	27.3	23.3	38.1	1005.4
2021-07-29T20:32:26	1374	3600	12.6	25.2	21.5	42.6	1005.6
2021-07-29T21:33:26	1339	3600	12.5	20.1	17.9	53.1	1006.2
2021-07-29T22:35:26	1393	3600	12.4	17.4	16.6	57.6	1006.3
2021-07-29T23:36:26	1427	3600	12.4	15.8	15.3	65.9	1006.4
2021-07-30T00:38:26	1405	3600	12.4	14.9	14.6	68.9	1006.5
2021-07-30T01:39:26	1424	3600	12.3	14.4	14.3	68.0	1006.2
2021-07-30T02:41:26	1434	3600	12.3	14.1	14.2	72.5	1005.8
2021-07-30T03:42:26	1340	3600	12.3	14.2	14.1	68.4	1005.6
2021-07-30T04:44:26	1326	3600	12.3	13.9	13.3	72.8	1005.8
2021-07-30T05:45:26	1334	3600	12.2	14.2	13.2	74.7	1005.8
2021-07-30T06:47:26	1468	3600	12.3	17.2	15.8	67.7	1006.0
2021-07-30T07:48:26	1297	3600	12.9	21.4	17.8	64.4	1005.9
2021-07-30T08:50:26	1318	3600	12.7	23.6	19.6	58.6	1005.7
2021-07-30T09:52:26	1397	3600	14.0	27.5	20.9	54.8	1005.6
2021-07-30T10:53:26	1316	3600	12.9	27.9	21.7	48.2	1005.4
2021-07-30T11:55:26	1408	3600	12.8	28.1	23.1	47.0	1005.1
2021-07-30T12:56:26	1341	3600	12.7	28.5	24.1	43.7	1004.4
2021-07-30T13:58:26	1368	3600	14.0	31.2	24.3	43.4	1004.0
2021-07-30T14:59:26	1289	3600	14.0	32.1	25.3	42.7	1003.4
2021-07-30T16:01:26	1404	3600	13.0	32.5	26.3	40.1	1003.1
2021-07-30T17:03:26	1417	3600	12.8	31.6	26.9	41.3	1002.3
2021-07-30T18:04:26	1334	3600	12.7	31.6	27.5	40.6	1001.9
2021-07-30T19:06:26	1345	3600	12.8	32.4	27.4	39.6	1001.3
2021-07-30T20:07:26	1390	3600	12.7	30.5	26.0	43.4	1001.2
2021-07-30T21:09:26	1385	3600	12.6	25.0	22.3	55.7	1001.0
2021-07-30T22:10:26	1399	3600	12.6	24.3	22.2	56.7	1001.2
2021-07-30T23:12:26	1420	3600	12.6	23.6	21.4	57.6	1001.0
2021-07-31T00:14:26	1414	3600	12.6	20.4	18.1	71.3	1000.9
2021-07-31T01:16:26	1356	3600	12.5	19.4	17.7	73.9	1000.7
2021-07-31T02:18:26	1426	3600	12.5	19.1	18.0	72.4	1000.0
2021-07-31T03:20:26	1450	3600	12.5	19.3	18.0	77.2	1000.2
2021-07-31T04:21:26	1379	3600	12.5	20.4	19.2	66.6	1000.8
2021-07-31T05:23:26	1405	3600	12.5	19.5	17.9	70.6	1001.1
2021-07-31T06:24:26	1407	3600	12.4	20.1	18.1	68.7	1001.4
2021-07-31T07:26:26	1456	3600	12.7	23.1	19.5	64.9	1001.8
2021-07-31T08:27:26	1384	3600	12.7	25.2	21.0	58.7	1001.7
2021-07-31T09:29:26	1454	3600	13.5	27.3	22.3	50.6	1001.3
2021-07-31T10:30:26	1440	3600	12.8	26.6	22.0	51.8	1001.6
2021-07-31T11:32:26	1437	3600	12.7	26.6	22.3	51.4	1001.5
2021-07-31T12:34:26	1363	3600	14.0	26.8	22.6	50.9	1001.5
2021-07-31T13:35:26	1372	3600	14.0	27.1	22.3	48.4	1001.9
2021-07-31T14:37:26	1417	3600	12.7	28.0	22.6	45.0	1001.7
2021-07-31T15:38:26	1382	3600	13.0	28.3	23.1	42.5	1001.6
2021-07-31T16:40:26	1355	3600	12.9	28.1	22.7	44.7	1001.9
2021-07-31T17:41:26	1369	3600	12.7	27.1	23.9	44.0	1001.7
2021-07-31T18:43:26	1384	3600	12.6	26.0	22.2	47.3	1001.9
2021-07-31T19:44:26	1419	3600	12.6	25.6	22.2	50.0	1002.2
2021-07-31T20:46:26	1431	3600	12.5	24.0	20.7	53.6	1002.5
2021-07-31T21:48:26	1457	3600	12.5	21.3	19.2	59.4	1002.8
2021-07-31T22:49:26	1399	3600	12.5	20.0	18.3	64.4	1003.4
2021-07-31T23:51:26	1373	3600	12.4	18.5	16.9	71.0	1003.6
2021-08-01T00:52:26	1405	3600	12.4	17.8	16.4	73.3	1003.6
2021-08-01T01:56:26	1455	3600	12.4	17.3	15.8	76.2	1003.6
2021-08-01T02:57:26	1406	3600	12.3	16.0	14.6	81.6	1003.5
2021-08-01T03:59:26	1383	3600	12.4	15.8	14.5	83.3	1003.5
2021-08-01T05:01:26	1407	3600	12.3	15.1	14.0	87.5	1003.5
2021-08-01T06:03:26	1421	3600	12.3	15.6	14.3	89.5	1003.7
2021-08-01T07:05:26	1454	3600	12.4	17.3	14.8	88.4	1003.4
2021-08-01T08:06:26	1417	3600	12.7	19.3	15.9	85.6	1003.5
2021-08-01T09:08:26	1403	3600	12.7	20.5	17.2	82.7	1003.6
2021-08-01T10:09:26	1385	3600	12.8	24.3	18.9	72.9	1003.6
2021-08-01T11:11:26	1351	3600	12.8	24.9	19.9	69.6	1003.5
2021-08-01T12:13:26	1364	3600	12.7	25.4	20.8	65.4	1003.4
2021-08-01T13:14:26	1331	3600	12.7	26.4	21.3	60.6	1003.0
2021-08-01T14:16:26	1380	3600	14.0	29.9	21.9	57.3	1002.8
2021-08-01T15:18:26	1387	3600	12.7	25.4	20.0	66.2	1002.9
2021-08-01T16:19:26	1447	3600	12.7	26.7	22.2	60.6	1002.5
2021-08-01T17:21:26	1488	3600	14.0	30.1	24.5	52.5	1002.1
2021-08-01T18:23:26	1403	3600	13.0	23.2	18.4	86.1	1002.4
2021-08-01T19:24:26	1438	3600	12.7	25.8	19.7	79.1	1002.3
2021-08-01T20:26:26	1341	3600	12.6	21.3	17.1	86.6	1002.3
2021-08-01T21:27:26	1268	3600	12.6	18.3	15.3	92.9	1003.6
2021-08-01T22:29:26	1342	3600	12.5	17.0	14.5	97.5	1003.7
2021-08-01T23:30:26	1286	3600	12.5	16.9	14.9	98.1	1003.7
2021-08-02T00:32:26	1307	3600	12.5	16.4	14.6	96.5	1003.9
2021-08-02T01:33:26	1345	3600	12.4	15.3	13.8	98.2	1004.0
2021-08-02T02:35:26	1333	3600	12.4	15.7	13.9	97.9	1004.1
2021-08-02T03:36:26	1323	3600	12.4	16.0	14.3	98.2	1004.3
2021-08-02T04:38:26	1325	3600	12.4	16.2	14.3	98.3	1004.9
2021-08-02T05:39:26	1377	3600	12.4	16.0	14.2	96.5	1005.2
2021-08-02T06:41:26	1335	3600	12.4	16.7	14.6	95.3	1005.9
2021-08-02T07:43:26	1305	3600	12.8	19.1	15.3	91.3	1006.1
2021-08-02T08:44:26	1336	3600	12.7	19.9	16.1	82.2	1006.4
2021-08-02T09:46:26	1344	3600	12.7	22.1	17.7	71.3	1006.7
2021-08-02T10:48:26	1276	3600	12.8	24.7	19.3	64.0	1006.6
2021-08-02T11:49:26	1337	3600	12.9	24.4	18.6	60.2	1006.9
2021-08-02T12:51:26	1295	3600	12.8	25.0	19.5	56.5	1007.0
2021-08-02T13:53:26	1323	3600	12.7	25.2	20.8	49.1	1007.0
2021-08-02T14:54:26	1271	3600	14.0	28.8	21.9	47.8	1007.0
2021-08-02T15:56:26	1288	3600	12.7	24.9	21.1	50.4	1007.0
2021-08-02T16:57:26	1347	3600	12.9	27.4	22.3	46.8	1006.8
2021-08-02T17:59:26	1320	3600	12.6	25.5	21.8	43.7	1007.0
2021-08-02T19:00:26	1343	3600	12.7	24.1	20.1	51.3	1007.1
2021-08-02T20:02:26	1377	3600	12.6	23.8	19.8	55.2	1007.6
2021-08-02T21:04:26	1305	3600	12.6	19.4	16.6	67.2	1008.0
2021-08-02T22:05:26	1293	3600	12.5	16.2	13.7	84.3	1008.7
2021-08-02T23:07:26	1286	3600	12.4	14.5	13.4	86.6	1008.8
2021-08-03T00:08:26	1328	3600	12.4	14.8	14.2	79.3	1009.1
2021-08-03T01:10:26	1370	3600	12.4	12.9	11.3	93.9	1009.1
2021-08-03T02:11:26	1262	3600	12.3	12.4	11.5	92.0	1009.2
2021-08-03T03:13:26	1279	3600	12.3	12.0	10.9	96.0	1009.2
2021-08-03T04:15:26	1313	3600	12.2	12.1	11.5	92.3	1009.1
2021-08-03T05:16:26	1297	3600	12.2	12.5	11.5	93.9	1009.7
2021-08-03T06:18:26	1297	3600	12.2	13.9	12.5	89.4	1009.9
2021-08-03T07:20:26	1298	3600	12.3	15.4	13.7	85.8	1010.0
2021-08-03T08:21:26	1258	3600	12.4	17.0	14.1	89.3	1010.1
2021-08-03T09:23:26	1363	3600	13.8	23.0	19.2	72.1	1010.2
2021-08-03T10:24:26	1259	3600	12.7	23.7	18.7	71.2	1010.1
2021-08-03T11:26:26	1278	3600	14.0	27.6	20.7	66.3	1010.0
2021-08-03T12:27:26	1240	3600	12.8	28.5	22.3	56.7	1009.8
2021-08-03T13:29:26	1255	3600	12.7	28.2	22.6	55.6	1009.4
2021-08-03T14:30:26	1326	3600	12.7	28.1	21.8	53.7	1008.8
2021-08-03T15:32:26	1275	3600	14.0	30.8	23.8	43.4	1008.4
2021-08-03T16:34:26	1332	3600	14.0	29.8	22.3	49.1	1008.1
2021-08-03T17:35:26	1305	3600	12.7	26.1	21.7	53.7	1007.9
2021-08-03T18:37:26	1249	3600	12.9	25.5	21.3	57.9	1007.7
2021-08-03T19:38:26	1326	3600	12.6	24.1	20.4	56.6	1007.7
2021-08-03T20:40:26	1350	3600	12.6	22.6	19.5	59.4	1007.8
2021-08-03T21:42:26	1303	3600	12.6	20.7	18.4	64.9	1008.2
2021-08-03T22:43:26	1308	3600	12.6	20.0	17.9	68.7	1008.2
2021-08-03T23:45:26	1261	3600	12.5	19.5	17.6	73.5	1008.7
2021-08-04T00:46:26	1305	3600	12.5	19.3	16.8	80.6	1008.6
2021-08-04T01:50:26	1347	3600	12.4	17.8	15.6	92.5	1008.5
2021-08-04T02:52:26	1316	3600	12.5	17.4	15.2	96.6	1008.5
2021-08-04T03:54:26	1325	3600	12.4	17.4	15.3	97.1	1008.5
2021-08-04T04:55:26	1262	3600	12.4	17.0	14.9	96.3	1008.5
2021-08-04T05:57:26	1306	3600	12.4	17.1	15.1	96.0	1008.6
2021-08-04T06:58:26	1290	3600	12.3	17.6	15.0	97.7	1009.0
2021-08-04T08:00:26	1380	3600	12.5	19.0	16.0	94.2	1009.3
2021-08-04T09:02:26	1249	3600	12.9	21.2	17.5	89.0	1009.4
2021-08-04T10:03:26	1272	3600	12.7	22.0	17.8	84.6	1009.6
2021-08-04T11:05:26	1266	3600	12.7	23.2	18.9	82.7	1009.5
2021-08-04T12:06:26	1269	3600	14.0	26.1	20.5	71.9	1009.5
2021-08-04T13:08:26	1276	3600	12.8	28.1	21.3	62.1	1008.9
2021-08-04T14:10:26	1268	3600	12.7	23.1	17.0	87.2	1009.5
2021-08-04T15:11:26	1062	3600	14.0	21.9	17.5	89.5	1009.1
2021-08-04T16:13:26	1024	3600	12.7	23.3	20.0	82.2	1008.7
2021-08-04T17:14:26	1079	3600	14.0	27.8	22.1	63.7	1008.5
2021-08-04T18:16:26	1081	3600	13.0	27.6	22.7	65.6	1008.2
2021-08-04T19:17:26	1052	3600	12.7	26.1	21.2	69.8	1008.0
2021-08-04T20:19:26	1156	3600	12.6	24.6	20.5	72.0	1008.1
2021-08-04T21:21:26	1120	3600	12.6	19.8	17.2	87.1	1008.3
2021-08-04T22:22:26	1062	3600	12.4	18.2	15.9	94.9	1008.3
2021-08-04T23:24:26	1118	3600	12.5	17.8	16.2	83.6	1008.4
2021-08-05T00:25:26	1139	3600	12.5	16.8	15.6	84.6	1008.3
2021-08-05T01:27:26	1083	3600	12.5	16.5	14.9	87.6	1008.0
2021-08-05T02:28:26	1166	3600	12.4	16.3	14.8	85.5	1007.7
2021-08-05T03:30:26	1133	3600	12.4	15.1	13.5	90.6	1007.2
2021-08-05T04:31:26	1131	3600	12.4	14.3	12.7	92.8	1007.2
2021-08-05T05:33:26	1127	3600	12.4	14.8	13.1	91.1	1007.0
2021-08-05T06:34:26	1087	3600	12.4	16.3	14.3	86.9	1006.9
2021-08-05T07:36:26	1128	3600	12.9	20.5	16.8	77.8	1006.7
2021-08-05T08:38:26	1152	3600	12.7	22.9	18.8	71.4	1006.8
2021-08-05T09:39:26	1071	3600	12.7	23.5	19.6	72.8	1006.7
2021-08-05T10:41:26	1120	3600	14.0	29.6	22.5	67.8	1006.4
2021-08-05T11:42:26	1145	3600	14.0	30.8	22.7	59.8	1005.9
2021-08-05T12:44:26	1176	3600	14.0	30.0	23.1	57.7	1005.4
2021-08-05T13:45:26	1130	3600	13.1	31.2	23.9	54.6	1004.8
2021-08-05T14:47:26	1164	3600	13.1	30.4	23.8	51.9	1004.3
2021-08-05T15:48:26	1117	3600	12.7	29.0	24.2	50.4	1004.0
2021-08-05T16:50:26	1142	3600	13.1	31.4	25.4	52.7	1003.5
2021-08-05T17:51:26	1129	3600	12.7	21.1	16.8	83.9	1004.0
2021-08-05T18:53:26	1076	3600	12.6	20.4	16.5	91.2	1003.9
2021-08-05T19:55:26	1114	3600	12.6	19.9	16.8	94.6	1003.9
2021-08-05T20:56:26	1067	3600	12.6	18.5	15.9	95.7	1004.1
2021-08-05T21:58:26	1144	3600	12.5	17.2	15.2	97.7	1004.0
2021-08-05T22:59:26	1095	3600	12.5	16.8	14.9	98.8	1003.7
2021-08-06T00:01:26	1126	3600	12.5	16.3	14.3	99.5	1003.5
2021-08-06T01:03:26	1130	3600	12.5	16.0	14.3	100.0	1003.1
2021-08-06T02:05:26	1168	3600	12.4	15.9	14.3	100.0	1002.9
2021-08-06T03:06:26	1156	3600	12.4	16.0	14.3	99.8	1002.7
2021-08-06T04:08:26	1138	3600	12.4	15.7	14.3	100.0	1002.4
2021-08-06T05:09:26	1194	3600	12.3	16.1	14.4	100.0	1002.2
2021-08-06T06:11:26	1102	3600	12.3	16.3	14.3	100.0	1002.1
2021-08-06T07:12:26	1152	3600	12.5	17.5	15.5	100.0	1001.7
2021-08-06T08:14:26	1150	3600	12.7	20.3	18.4	84.2	1001.6
2021-08-06T09:15:26	1166	3600	13.9	27.0	21.8	75.1	1001.7
2021-08-06T10:17:26	1115	3600	12.8	27.1	22.0	75.3	1001.8
2021-08-06T11:18:26	1193	3600	12.7	28.1	22.6	61.4	1001.8
2021-08-06T12:20:26	1137	3600	14.0	31.1	23.6	55.5	1001.2
2021-08-06T13:22:26	1233	3600	14.0	31.9	25.2	49.6	1000.8
2021-08-06T14:23:26	1160	3600	13.1	31.3	24.0	49.0	1000.2
2021-08-06T15:25:26	1138	3600	12.7	31.6	25.9	43.1	999.9
2021-08-06T16:26:26	1239	3600	13.1	33.4	26.5	48.6	999.7
2021-08-06T17:28:26	1131	3600	12.8	29.0	23.8	54.1	999.7
2021-08-06T18:30:26	1181	3600	12.6	24.4	19.1	76.6	1000.5
2021-08-06T19:31:26	1150	3600	12.6	21.8	17.8	93.8	1000.3
2021-08-06T20:33:26	1148	3600	12.6	20.7	17.6	94.0	1000.3
2021-08-06T21:34:26	1148	3600	12.6	20.0	17.7	95.4	1000.7
2021-08-06T22:36:26	1119	3600	12.6	18.6	15.9	97.9	1000.6
2021-08-06T23:37:26	1175	3600	12.5	18.1	15.7	98.5	1000.9
2021-08-07T00:39:26	1191	3600	12.5	17.4	15.5	98.7	1001.0
2021-08-07T01:41:26	1114	3600	12.4	16.8	15.0	98.6	1001.1
2021-08-07T02:42:26	1152	3600	12.4	16.2	14.6	99.3	1001.0
2021-08-07T03:44:26	1162	3600	12.4	15.8	14.3	99.9	1001.1
2021-08-07T04:45:26	1147	3600	12.4	15.7	14.3	99.6	1001.0
2021-08-07T05:47:26	1245	3600	12.3	15.8	14.3	99.9	1001.0
2021-08-07T06:48:26	1125	3600	12.3	18.0	16.5	91.4	1001.0
2021-08-07T07:50:26	1111	3600	12.9	21.7	18.3	86.0	1001.3
2021-08-07T08:52:26	1116	3600	12.7	24.1	20.1	82.2	1001.7
2021-08-07T09:53:26	1164	3600	14.0	29.3	21.4	71.7	1001.5
2021-08-07T10:55:26	1165	3600	14.0	30.5	21.9	73.5	1001.8
2021-08-07T11:56:26	1097	3600	13.1	31.0	23.5	64.5	1001.3
2021-08-07T12:58:26	1187	3600	12.7	29.9	23.8	61.0	1000.8
2021-08-07T13:59:26	1173	3600	13.1	31.3	23.7	53.5	1000.9
2021-08-07T15:01:26	1175	3600	12.7	30.5	24.3	53.7	1000.4
2021-08-07T16:02:26	1239	3600	13.1	31.0	24.7	52.7	1000.1
2021-08-07T17:04:26	1177	3600	12.7	29.2	24.6	54.2	999.7
2021-08-07T18:05:26	1208	3600	13.1	28.3	23.6	56.5	999.4
2021-08-07T19:07:26	1214	3600	12.6	26.6	22.7	61.5	999.2
2021-08-07T20:08:26	1193	3600	12.6	24.2	21.5	66.5	999.1
2021-08-07T21:10:26	1166	3600	12.6	21.5	18.7	85.9	999.1
2021-08-07T22:11:26	1203	3600	12.6	20.2	17.4	91.8	999.9
2021-08-07T23:13:26	1136	3600	12.6	19.5	17.0	95.9	1000.1
2021-08-08T00:14:26	1198	3600	12.5	19.2	17.1	96.3	1000.2
2021-08-08T01:16:26	1134	3600	12.5	19.1	17.4	94.3	999.8
2021-08-08T02:18:26	1166	3600	12.5	18.4	16.8	95.1	1000.1
2021-08-08T03:20:26	1160	3600	12.4	18.3	16.7	93.5	1000.2
2021-08-08T04:21:26	1173	3600	12.4	18.0	16.3	94.5	1000.3
2021-08-08T05:23:26	1092	3600	12.4	18.2	16.3	92.6	1000.7
2021-08-08T06:24:26	1159	3600	12.3	18.2	16.2	87.9	1001.5
2021-08-08T07:26:26	1252	3600	12.6	21.7	18.2	77.1	1002.0
2021-08-08T08:27:26	1104	3600	12.7	23.9	19.7	71.9	1002.8
2021-08-08T09:29:26	1111	3600	12.8	24.8	20.2	67.2	1003.2
2021-08-08T10:31:26	1240	3600	12.9	26.4	21.3	64.0	1003.5
2021-08-08T11:32:26	1157	3600	12.8	26.1	21.0	60.9	1004.1
2021-08-08T12:35:26	1121	3600	12.7	27.5	22.0	56.7	1004.6
2021-08-08T13:37:26	1135	3600	12.6	26.8	22.1	53.5	1005.1
2021-08-08T14:39:26	1098	3600	12.7	27.5	22.4	51.6	1005.5
2021-08-08T15:41:26	1184	3600	12.7	28.2	23.3	50.0	1005.8
2021-08-08T16:42:26	1115	3600	13.1	27.4	22.2	52.5	1006.3
2021-08-08T17:44:26	1109	3600	12.9	26.9	22.3	53.6	1006.6
2021-08-08T18:45:26	1116	3600	12.8	26.0	21.4	54.5	1007.4
2021-08-08T19:47:26	1145	3600	12.6	23.5	20.0	60.8	1007.5
2021-08-08T20:49:26	1152	3600	12.6	20.0	17.6	69.7	1008.0
2021-08-08T21:50:26	1111	3600	12.5	19.2	17.7	69.4	1009.4
2021-08-08T22:52:26	1216	3600	12.5	18.5	16.6	74.5	1009.7
2021-08-08T23:53:26	1080	3600	12.5	17.5	15.3	84.2	1010.2
2021-08-09T00:55:26	1111	3600	12.5	17.0	15.5	75.8	1010.8
2021-08-09T01:58:26	1064	3600	12.4	15.8	14.3	81.3	1011.1
2021-08-09T03:00:26	1111	3600	12.3	14.9	13.6	84.6	1011.2
2021-08-09T04:02:26	1149	3600	12.3	14.2	13.2	87.8	1011.6
2021-08-09T05:03:26	1163	3600	12.3	13.9	12.8	88.9	1012.1
2021-08-09T06:05:26	1112	3600	12.2	14.1	12.5	91.9	1012.2
2021-08-09T07:07:26	1101	3600	12.4	17.8	15.4	80.6	1012.1
2021-08-09T08:08:26	1134	3600	12.7	20.5	16.8	74.7	1012.8
2021-08-09T09:10:26	1097	3600	12.7	21.7	18.1	73.9	1013.0
2021-08-09T10:11:26	1045	3600	12.7	21.8	18.0	75.5	1013.0
2021-08-09T11:13:26	1020	3600	12.7	23.5	19.7	70.0	1013.5
2021-08-09T12:14:26	1147	3600	14.0	29.2	22.4	58.6	1013.5
2021-08-09T13:17:26	1080	3600	14.0	30.5	23.2	55.6	1013.3
2021-08-09T14:18:26	1125	3600	13.0	30.3	24.0	47.3	1013.0
2021-08-09T15:20:26	1075	3600	12.7	28.1	23.3	54.0	1013.1
2021-08-09T16:21:26	1071	3600	13.1	30.4	24.0	50.1	1012.7
2021-08-09T17:23:26	1109	3600	12.7	27.1	22.8	49.7	1012.6
2021-08-09T18:25:26	1146	3600	12.8	25.9	21.6	51.9	1012.6
2021-08-09T19:26:26	1111	3600	12.6	24.0	20.1	61.9	1012.7
2021-08-09T20:28:26	1104	3600	12.6	20.9	17.4	77.3	1013.4
2021-08-09T21:29:26	1093	3600	12.6	19.0	16.3	88.0	1013.3
2021-08-09T22:31:26	1109	3600	12.5	18.2	15.8	90.7	1013.3
2021-08-09T23:32:26	1115	3600	12.5	16.5	14.9	93.5	1013.2
2021-08-10T00:34:26	1070	3600	12.5	15.6	14.3	95.2	1013.3
2021-08-10T01:36:26	1088	3600	12.5	15.3	14.0	95.9	1013.2
2021-08-10T02:37:26	1120	3600	12.5	15.0	13.9	95.7	1013.2
2021-08-10T03:39:26	1075	3600	12.4	15.2	14.0	95.6	1013.1
2021-08-10T04:40:26	1098	3600	12.4	15.3	14.1	94.7	1013.1
2021-08-10T05:42:26	1093	3600	12.4	15.4	14.3	92.9	1013.0
2021-08-10T06:44:26	1127	3600	12.4	17.4	15.9	86.5	1012.9
2021-08-10T07:45:26	1117	3600	12.9	21.3	19.2	75.1	1012.7
2021-08-10T08:47:26	1133	3600	12.7	23.3	19.4	74.5	1012.3
2021-08-10T09:48:26	1109	3600	12.7	24.0	20.0	74.3	1012.5
2021-08-10T10:50:26	1109	3600	12.7	23.6	19.8	75.2	1012.3
2021-08-10T11:51:26	1189	3600	12.7	26.1	21.9	66.1	1012.1
2021-08-10T12:53:26	1072	3600	12.7	25.6	20.7	71.4	1011.8
2021-08-10T13:54:26	1093	3600	14.0	30.1	22.6	59.9	1011.6
2021-08-10T14:56:26	1100	3600	14.0	30.5	24.4	60.3	1011.1
2021-08-10T15:57:26	1084	3600	12.7	29.2	24.0	52.5	1010.6
2021-08-10T16:59:26	1133	3600	13.0	28.9	22.8	52.8	1010.4
2021-08-10T18:01:26	1175	3600	12.8	27.8	22.9	51.1	1010.1
2021-08-10T19:02:26	1180	3600	12.7	26.1	22.0	55.8	1010.2
2021-08-10T20:04:26	1073	3600	12.6	24.6	21.4	56.0	1010.0
2021-08-10T21:05:26	1137	3600	12.6	21.4	18.7	69.7	1010.8
2021-08-10T22:06:26	1119	3600	12.5	19.8	16.9	84.0	1011.9
2021-08-10T23:08:26	1139	3600	12.6	17.7	14.9	95.8	1011.2
2021-08-11T00:10:26	1097	3600	12.4	16.8	14.5	98.1	1011.9
2021-08-11T01:11:26	1111	3600	12.5	15.6	13.9	98.8	1012.1
2021-08-11T02:13:26	1111	3600	12.4	16.2	14.5	99.7	1012.4
2021-08-11T03:15:26	1092	3600	12.4	15.7	13.8	99.5	1012.7
2021-08-11T04:17:26	994	3600	12.4	15.9	13.9	100.0	1012.9
2021-08-11T05:18:26	1053	3600	12.3	15.0	13.1	100.0	1013.2
2021-08-11T06:20:26	1070	3600	12.3	15.0	12.5	100.0	1013.4
2021-08-11T07:21:26	1100	3600	12.4	16.5	13.4	100.0	1013.9
2021-08-11T08:23:26	1047	3600	12.7	18.0	14.4	100.0	1014.4
2021-08-11T09:24:26	1059	3600	12.7	19.8	16.0	93.0	1014.6
2021-08-11T10:26:26	1065	3600	12.8	23.7	18.4	85.9	1014.9
2021-08-11T11:27:26	1078	3600	12.7	25.5	19.7	71.9	1015.2
2021-08-11T12:29:26	1048	3600	12.8	26.5	20.0	71.5	1015.4
2021-08-11T13:30:26	1069	3600	14.0	29.1	22.0	64.2	1015.3
2021-08-11T14:32:26	1109	3600	12.7	27.1	22.0	61.7	1015.1
2021-08-11T15:33:26	1068	3600	14.0	27.5	22.6	61.7	1015.0
2021-08-11T16:35:26	1064	3600	12.7	28.5	23.0	54.2	1014.8
2021-08-11T17:37:26	1139	3600	12.7	29.5	25.1	50.1	1014.8
2021-08-11T18:38:26	1065	3600	12.6	28.6	24.0	54.6	1014.8
2021-08-11T19:40:26	1122	3600	12.6	26.5	22.3	58.8	1014.7
2021-08-11T20:42:26	1057	3600	12.5	22.6	19.1	73.2	1015.0
2021-08-11T21:43:26	1049	3600	12.5	19.2	16.6	88.8	1015.4
2021-08-11T22:45:26	1059	3600	12.4	17.7	16.1	86.5	1016.0
2021-08-11T23:46:26	1077	3600	12.4	16.6	15.5	88.6	1016.0
2021-08-12T00:48:26	1057	3600	12.3	15.7	14.4	92.3	1016.5
2021-08-12T01:49:26	1029	3600	12.3	15.2	14.3	97.8	1016.6
2021-08-12T02:51:26	1084	3600	12.3	14.8	13.6	98.7	1016.7
2021-08-12T03:52:26	1068	3600	12.3	14.6	13.3	99.4	1016.6
2021-08-12T04:54:26	1100	3600	12.3	13.8	12.5	100.0	1016.4
2021-08-12T05:56:26	1056	3600	12.2	14.4	13.0	100.0	1016.6
2021-08-12T06:57:26	1059	3600	12.3	17.0	16.4	89.9	1017.0
2021-08-12T07:58:26	1072	3600	12.8	21.2	19.3	80.7	1017.1
2021-08-12T09:00:26	1079	3600	12.7	24.9	23.3	65.0	1017.5
2021-08-12T10:02:26	1047	3600	14.0	31.2	24.7	56.5	1017.3
2021-08-12T11:03:26	1099	3600	14.0	32.9	25.6	53.7	1017.4
2021-08-12T12:05:26	1072	3600	14.0	33.7	24.9	59.4	1017.3
2021-08-12T13:06:26	1030	3600	14.0	34.0	25.6	43.0	1016.9
2021-08-12T14:08:26	1055	3600	13.0	34.5	27.0	46.3	1016.6
2021-08-12T15:09:26	1085	3600	13.1	35.6	28.4	41.1	1016.4
2021-08-12T16:11:26	1159	3600	13.1	35.5	29.6	40.1	1015.9
2021-08-12T17:12:26	1043	3600	13.1	34.3	27.4	43.5	1015.6
2021-08-12T18:14:26	1087	3600	12.7	32.8	28.7	45.2	1015.4
2021-08-12T19:16:26	1049	3600	12.8	30.9	25.5	45.8	1015.1
2021-08-12T20:17:26	1090	3600	12.7	26.6	23.1	55.1	1015.0
2021-08-12T21:19:26	1082	3600	12.6	23.5	21.7	63.7	1015.3
2021-08-12T22:20:26	1104	3600	12.6	21.6	19.8	70.8	1015.4
2021-08-12T23:22:26	1137	3600	12.5	20.2	19.2	68.9	1015.4
2021-08-13T00:23:26	1096	3600	12.5	19.8	18.8	68.1	1015.6
2021-08-13T01:25:26	1092	3600	12.5	20.0	18.8	69.1	1015.4
2021-08-13T02:26:26	1135	3600	12.5	19.4	18.0	73.8	1015.3
2021-08-13T03:28:26	1052	3600	12.5	18.9	17.5	76.3	1015.1
2021-08-13T04:29:26	1081	3600	12.5	19.0	17.6	75.0	1015.0
2021-08-13T05:31:26	1100	3600	12.4	19.1	17.4	76.3	1015.2
2021-08-13T06:32:26	1104	3600	12.4	19.8	17.6	76.4	1015.1
2021-08-13T07:34:26	1148	3600	12.6	20.7	18.6	75.5	1015.1
2021-08-13T08:35:26	1097	3600	12.7	26.3	24.2	59.4	1015.2
2021-08-13T09:37:26	1128	3600	13.5	31.5	26.0	57.2	1015.4
2021-08-13T10:38:26	1050	3600	14.0	34.9	28.5	50.2	1015.5
2021-08-13T11:40:26	1106	3600	13.0	36.1	27.9	51.8	1015.4
2021-08-13T12:42:26	1153	3600	13.0	36.5	28.7	52.4	1015.3
2021-08-13T13:43:26	1103	3600	13.0	35.4	28.5	51.2	1014.8
2021-08-13T14:45:26	1062	3600	13.1	36.2	29.5	49.5	1014.8
2021-08-13T15:47:26	1107	3600	12.8	34.4	29.5	46.1	1014.5
2021-08-13T16:48:26	1070	3600	13.1	35.1	28.3	44.7	1014.3
2021-08-13T17:50:26	1049	3600	12.6	33.5	29.3	43.3	1013.9
2021-08-13T18:51:26	1124	3600	12.9	33.2	28.6	51.9	1013.7
2021-08-13T19:53:26	1119	3600	12.6	31.2	26.9	56.4	1013.2
2021-08-13T20:54:26	1077	3600	12.7	27.8	25.1	62.0	1013.4
2021-08-13T21:56:26	1081	3600	12.6	26.7	24.5	63.1	1014.1
2021-08-13T22:58:26	1106	3600	12.6	25.4	23.4	67.1	1014.3
2021-08-13T23:59:26	1133	3600	12.5	24.8	22.4	70.1	1015.1
2021-08-14T01:01:26	1091	3600	12.5	23.1	20.9	69.8	1015.5
2021-08-14T02:02:26	1119	3600	12.5	21.0	18.7	73.4	1015.8
2021-08-14T03:04:26	1150	3600	12.5	19.9	17.9	70.8	1016.0
2021-08-14T04:05:26	1098	3600	12.4	17.4	15.1	82.9	1016.0
2021-08-14T05:07:26	1089	3600	12.4	17.8	15.9	86.6	1016.2
2021-08-14T06:09:26	1107	3600	12.4	18.4	16.5	84.5	1016.3
2021-08-14T07:10:26	1125	3600	12.4	19.7	17.8	79.6	1016.3
2021-08-14T08:12:26	1192	3600	12.7	22.8	18.6	75.1	1016.5
2021-08-14T09:13:26	1085	3600	13.1	25.5	21.4	66.8	1016.5
2021-08-14T10:15:26	1162	3600	12.8	28.1	22.5	63.1	1016.4
2021-08-14T11:16:26	1078	3600	12.6	28.0	22.8	58.0	1016.0
2021-08-14T12:18:26	1134	3600	14.0	31.5	23.9	49.7	1015.6
2021-08-14T13:19:26	1151	3600	13.0	30.9	24.5	47.1	1014.8
2021-08-14T14:21:26	1126	3600	12.8	29.9	25.6	47.2	1014.2
2021-08-14T15:23:26	1157	3600	13.0	32.4	26.6	44.1	1013.7
2021-08-14T16:24:26	1133	3600	13.1	33.4	26.7	42.7	1012.9
2021-08-14T17:26:26	1108	3600	13.1	32.7	27.2	42.4	1012.5
2021-08-14T18:27:26	1224	3600	12.9	31.0	26.5	44.9	1011.9
2021-08-14T19:29:26	1230	3600	12.7	30.2	25.7	47.6	1011.6
2021-08-14T20:30:26	1211	3600	12.7	26.1	22.8	55.9	1011.4
2021-08-14T21:32:26	1197	3600	12.6	22.1	19.6	70.6	1011.7
2021-08-14T22:34:26	1161	3600	12.5	21.4	19.9	63.6	1011.9
2021-08-14T23:35:26	1185	3600	12.5	20.6	19.3	65.5	1011.9
2021-08-15T00:37:26	1139	3600	12.5	19.8	18.9	67.8	1011.8
2021-08-15T01:38:26	1199	3600	12.5	18.3	17.7	74.7	1012.1
2021-08-15T02:40:26	1130	3600	12.4	16.8	15.4	85.4	1011.9
2021-08-15T03:42:26	1192	3600	12.4	15.5	14.3	91.5	1012.0
2021-08-15T04:43:26	1158	3600	12.3	15.1	14.0	96.6	1011.6
2021-08-15T05:45:26	1195	3600	12.3	14.5	13.4	98.7	1011.4
2021-08-15T06:46:26	1191	3600	12.4	16.4	15.2	97.2	1011.4
2021-08-15T07:48:26	1217	3600	13.0	21.4	19.4	79.6	1011.3
2021-08-15T08:49:26	1186	3600	12.6	24.4	20.8	74.5	1011.4
2021-08-15T09:51:26	1150	3600	13.7	28.2	21.6	65.4	1011.3
2021-08-15T10:52:26	1187	3600	14.0	30.9	23.5	57.0	1010.9
2021-08-15T11:54:26	1226	3600	13.1	30.4	23.7	63.6	1010.1
2021-08-15T12:55:26	1206	3600	13.1	30.2	23.2	54.0	1009.9
2021-08-15T13:57:26	1224	3600	13.0	30.4	24.1	53.6	1009.4
2021-08-15T14:58:26	1204	3600	13.0	31.1	25.2	55.4	1008.9
2021-08-15T16:00:26	1179	3600	12.8	31.0	26.6	48.8	1008.2
2021-08-15T17:01:26	1269	3600	13.1	33.0	27.1	47.0	1007.2
2021-08-15T18:03:26	1132	3600	12.8	30.5	26.2	53.9	1006.9
2021-08-15T19:05:26	1199	3600	12.8	30.4	25.6	53.9	1006.4
2021-08-15T20:06:26	1256	3600	12.7	26.8	23.4	61.4	1005.8
2021-08-15T21:08:26	1216	3600	12.6	23.4	21.4	71.0	1005.7
2021-08-15T22:09:26	1222	3600	12.6	22.0	20.2	76.1	1005.0
2021-08-15T23:11:26	1268	3600	12.6	20.2	18.7	77.6	1004.8
2021-08-16T00:12:26	1258	3600	12.5	19.4	18.7	74.2	1004.2
2021-08-16T01:14:26	1226	3600	12.5	18.4	17.7	77.6	1003.8
2021-08-16T02:15:26	1220	3600	12.5	18.1	17.3	75.4	1003.3
2021-08-16T03:17:26	1286	3600	12.5	17.8	17.2	74.6	1002.5
2021-08-16T04:18:26	1228	3600	12.4	17.6	17.2	73.0	1001.9
2021-08-16T05:20:26	1353	3600	12.4	18.4	18.3	71.6	1001.2
2021-08-16T06:22:26	1338	3600	12.3	19.9	17.7	73.2	1001.2
2021-08-16T07:24:26	1268	3600	12.5	22.4	19.7	69.6	1001.6
2021-08-16T08:25:26	1250	3600	12.7	23.0	19.3	73.4	1001.9
2021-08-16T09:27:26	1226	3600	12.8	24.8	20.5	69.3	1001.9
2021-08-16T10:28:26	1214	3600	12.7	25.9	22.2	60.9	1002.2
2021-08-16T11:30:26	1253	3600	13.0	28.2	22.1	55.8	1002.3
2021-08-16T12:32:26	1293	3600	14.0	28.6	23.7	53.3	1002.1
2021-08-16T13:33:26	1217	3600	13.2	30.1	23.5	50.2	1001.7
2021-08-16T14:35:26	1227	3600	14.0	29.1	23.9	50.9	1001.8
2021-08-16T15:36:26	1310	3600	12.7	27.3	22.8	49.5	1001.5
2021-08-16T16:38:26	1286	3600	12.6	25.3	21.4	54.9	1002.0
2021-08-16T17:39:26	1264	3600	12.6	22.0	16.7	79.7	1003.5
2021-08-16T18:41:26	1218	3600	12.5	19.4	15.6	87.0	1003.7
2021-08-16T19:42:26	1244	3600	12.5	17.9	14.8	93.1	1004.2
2021-08-16T20:44:26	1234	3600	12.4	15.6	13.0	92.5	1004.8
2021-08-16T21:45:26	1305	3600	12.3	15.1	12.8	94.7	1005.2
2021-08-16T22:47:26	1317	3600	12.3	15.1	13.0	93.9	1005.5
2021-08-16T23:49:26	1231	3600	12.3	14.7	12.8	92.2	1005.5
2021-08-17T00:50:26	1270	3600	12.3	14.1	12.5	89.3	1004.8
2021-08-17T01:54:26	1322	3600	12.3	14.1	12.4	88.5	1004.4
2021-08-17T02:56:26	1277	3600	12.3	14.9	13.1	82.8	1004.3
2021-08-17T03:57:26	1291	3600	12.2	15.1	13.4	81.8	1004.2
2021-08-17T04:59:26	1293	3600	12.3	15.4	13.5	82.4	1004.1
2021-08-17T06:00:26	1254	3600	12.3	15.7	13.6	84.5	1004.2
2021-08-17T07:02:26	1285	3600	12.3	16.7	14.3	84.1	1004.5
2021-08-17T08:03:26	1237	3600	12.4	17.4	14.6	84.9	1005.5
2021-08-17T09:05:26	1204	3600	12.7	18.6	15.6	80.3	1005.9
2021-08-17T10:07:26	1229	3600	12.7	18.8	15.0	81.7	1006.4
2021-08-17T11:08:26	1248	3600	12.7	18.8	14.9	81.9	1006.9
2021-08-17T12:10:26	1234	3600	13.8	20.4	16.8	74.2	1007.1
2021-08-17T13:11:26	1197	3600	12.8	19.4	14.9	81.5	1007.5
2021-08-17T14:13:26	1225	3600	12.7	19.4	16.2	72.2	1007.5
2021-08-17T15:14:26	1216	3600	12.7	19.9	17.4	68.8	1007.1
2021-08-17T16:16:26	1267	3600	12.7	21.3	18.1	63.5	1007.1
2021-08-17T17:17:26	1311	3600	12.7	20.9	17.7	63.5	1007.5
2021-08-17T18:19:26	1244	3600	12.6	20.5	17.3	64.1	1007.4
2021-08-17T19:21:26	1212	3600	12.5	19.8	17.2	66.6	1007.3
2021-08-17T20:22:26	1210	3600	12.5	18.9	16.1	75.8	1007.7
2021-08-17T21:24:26	1239	3600	12.4	16.9	14.6	79.7	1007.9
2021-08-17T22:25:26	1290	3600	12.3	16.4	14.5	80.7	1007.9
2021-08-17T23:27:26	1248	3600	12.3	16.5	14.7	81.2	1007.9
2021-08-18T00:28:26	1188	3600	12.2	16.5	14.6	81.5	1007.8
2021-08-18T01:30:26	1248	3600	12.2	16.9	14.9	78.7	1007.8
2021-08-18T02:32:26	1273	3600	12.2	16.8	14.6	81.0	1007.9
2021-08-18T03:33:26	1243	3600	12.2	16.5	14.3	81.4	1008.0
2021-08-18T04:35:26	1248	3600	12.2	16.0	13.8	83.4	1007.7
2021-08-18T05:36:26	1252	3600	12.2	15.8	13.6	84.9	1007.6
2021-08-18T06:38:26	1241	3600	12.1	16.2	13.2	85.1	1007.9
2021-08-18T07:39:26	1206	3600	12.4	17.4	14.1	82.2	1008.1
2021-08-18T08:41:26	1280	3600	12.7	20.9	16.7	73.4	1008.0
2021-08-18T09:42:26	1206	3600	13.5	21.3	16.6	74.9	1007.9
2021-08-18T10:44:26	1263	3600	12.7	21.4	16.9	74.9	1007.9
2021-08-18T11:46:26	1198	3600	12.7	23.7	18.8	67.9	1007.5
2021-08-18T12:47:26	1271	3600	12.7	24.4	19.2	61.0	1007.3
2021-08-18T13:49:26	1312	3600	12.6	22.5	18.3	63.6	1007.3
2021-08-18T14:50:26	1264	3600	13.4	24.1	19.0	67.3	1007.4
2021-08-18T15:52:26	1289	3600	12.7	22.5	18.7	67.2	1007.1
2021-08-18T16:53:26	1266	3600	12.8	22.8	18.6	70.1	1007.1
2021-08-18T17:56:26	1206	3600	12.6	22.5	18.7	68.8	1006.9
2021-08-18T18:57:26	1232	3600	12.6	22.7	19.2	67.1	1006.4
2021-08-18T19:59:26	1193	3600	12.5	21.6	18.7	66.5	1006.6
2021-08-18T21:00:26	1201	3600	12.5	20.4	18.2	69.2	1006.6
2021-08-18T22:02:26	1180	3600	12.5	20.0	18.0	69.6	1006.3
2021-08-18T23:03:26	1283	3600	12.5	19.7	17.7	68.9	1006.1
2021-08-19T00:05:26	1232	3600	12.4	19.5	17.7	69.8	1006.0
2021-08-19T01:06:26	1279	3600	12.4	19.2	17.4	73.1	1005.8
2021-08-19T02:08:26	1254	3600	12.4	19.5	17.5	76.0	1005.7
2021-08-19T03:10:26	1293	3600	12.3	19.5	17.4	76.8	1005.8
2021-08-19T04:11:26	1257	3600	12.3	19.2	17.1	77.5	1005.8
2021-08-19T05:13:26	1262	3600	12.3	18.8	16.7	79.1	1005.5
2021-08-19T06:14:26	1348	3600	12.2	18.3	15.4	86.8	1005.7
2021-08-19T07:16:26	1264	3600	12.3	18.9	15.9	86.2	1006.1
2021-08-19T08:17:26	1301	3600	12.6	20.5	16.8	81.6	1006.4
2021-08-19T09:19:26	1225	3600	12.5	20.8	17.1	79.7	1006.5
2021-08-19T10:21:26	1217	3600	12.6	21.3	17.4	78.3	1007.0
2021-08-19T11:22:26	1266	3600	12.7	22.0	18.0	78.9	1007.5
2021-08-19T12:24:26	1310	3600	13.1	23.6	19.3	71.3	1007.4
2021-08-19T13:25:26	1283	3600	12.7	23.4	19.3	70.9	1007.5
2021-08-19T14:27:26	1320	3600	14.0	26.6	20.9	63.5	1007.6
2021-08-19T15:28:26	1305	3600	14.0	28.4	22.4	56.9	1007.7
2021-08-19T16:30:26	1275	3600	12.7	25.7	21.2	64.0	1007.8
2021-08-19T17:32:26	1197	3600	12.7	24.9	20.4	68.2	1007.9
2021-08-19T18:33:26	1301	3600	12.6	23.8	19.9	71.4	1008.1
2021-08-19T19:35:26	1248	3600	12.6	22.4	18.6	79.1	1008.1
2021-08-19T20:36:26	1291	3600	12.5	20.5	17.8	83.8	1008.2
2021-08-19T21:38:26	1292	3600	12.5	19.8	17.6	86.7	1008.5
2021-08-19T22:39:26	1345	3600	12.5	19.8	17.7	86.6	1008.6
2021-08-19T23:41:26	1237	3600	12.4	19.5	17.1	93.0	1009.1
2021-08-20T00:42:26	1241	3600	12.4	18.9	16.7	93.7	1009.1
2021-08-20T01:44:26	1316	3600	12.3	19.1	17.0	91.9	1009.5
2021-08-20T02:45:26	1231	3600	12.3	18.5	16.2	97.0	1009.5
2021-08-20T03:47:26	1272	3600	12.3	18.5	16.2	98.3	1009.3
2021-08-20T04:49:26	1273	3600	12.2	18.5	16.2	98.6	1009.3
2021-08-20T05:51:26	1252	3600	12.2	18.0	15.4	98.1	1009.4
2021-08-20T06:52:26	1242	3600	12.2	18.5	15.6	99.1	1009.5
2021-08-20T07:54:26	1219	3600	12.2	19.1	16.2	98.9	1009.9
2021-08-20T08:55:26	1214	3600	12.3	19.7	16.6	91.6	1010.1
2021-08-20T09:57:26	1262	3600	12.4	19.6	16.0	92.7	1010.5
2021-08-20T10:59:26	1234	3600	12.5	20.4	16.4	91.0	1011.1
2021-08-20T12:00:26	1304	3600	13.3	25.1	18.9	82.4	1011.1
2021-08-20T13:02:26	1222	3600	14.0	27.7	20.0	72.3	1011.0
2021-08-20T14:03:26	1246	3600	14.0	24.1	19.6	75.5	1011.2
2021-08-20T15:05:26	1236	3600	12.8	25.2	19.2	74.7	1011.4
2021-08-20T16:06:26	1278	3600	13.2	25.0	20.0	75.6	1011.5
2021-08-20T17:08:26	1246	3600	12.7	24.3	20.2	72.2	1011.6
2021-08-20T18:09:26	1251	3600	12.7	23.3	19.3	76.2	1011.9
2021-08-20T19:11:26	1245	3600	12.6	25.0	20.9	69.1	1011.8
2021-08-20T20:12:26	1181	3600	12.5	21.0	17.4	85.3	1012.2
2021-08-20T21:14:26	1239	3600	12.4	19.2	16.3	93.6	1012.8
2021-08-20T22:16:26	1221	3600	12.5	18.3	15.9	97.7	1013.1
2021-08-20T23:17:26	1161	3600	12.5	16.9	14.7	97.3	1013.4
2021-08-21T00:19:26	1244	3600	12.4	16.0	14.4	99.3	1013.6
2021-08-21T01:20:26	1187	3600	12.4	16.4	14.7	100.0	1013.9
2021-08-21T02:22:26	1199	3600	12.3	16.7	14.7	100.0	1013.9
2021-08-21T03:23:26	1207	3600	12.3	16.8	14.7	100.0	1013.9
2021-08-21T04:25:26	1191	3600	12.3	16.4	14.5	100.0	1013.9
2021-08-21T05:26:26	1173	3600	12.2	15.5	14.0	100.0	1013.9
2021-08-21T06:28:26	1273	3600	12.2	15.6	13.6	100.0	1014.2
2021-08-21T07:30:26	1262	3600	12.4	18.2	15.6	100.0	1014.5
2021-08-21T08:32:26	1178	3600	12.7	20.9	18.4	85.2	1015.1
2021-08-21T09:33:26	1136	3600	13.5	23.4	20.3	79.4	1015.1
2021-08-21T10:35:26	1200	3600	12.8	28.6	20.8	70.1	1015.4
2021-08-21T11:36:26	1186	3600	12.7	28.0	21.4	70.3	1015.5
2021-08-21T12:38:26	1180	3600	14.0	31.1	22.1	68.0	1015.4
2021-08-21T13:39:26	1224	3600	12.7	30.2	23.3	60.0	1015.1
2021-08-21T14:41:26	1159	3600	14.0	32.8	23.4	59.5	1014.9
2021-08-21T15:43:26	1224	3600	12.7	31.8	25.4	51.7	1014.4
2021-08-21T16:44:26	1182	3600	12.7	29.2	23.9	57.1	1014.2
2021-08-21T17:46:26	1173	3600	13.3	30.2	23.2	58.0	1014.0
2021-08-21T18:47:26	1160	3600	13.0	29.0	23.2	58.3	1013.7
2021-08-21T19:49:26	1194	3600	12.6	25.4	21.2	64.8	1013.7
2021-08-21T20:50:26	1170	3600	12.6	21.5	18.8	74.7	1014.1
2021-08-21T21:52:26	1185	3600	12.6	21.2	19.0	73.5	1013.9
2021-08-21T22:53:26	1252	3600	12.5	20.8	18.6	75.6	1013.9
2021-08-21T23:55:26	1180	3600	12.5	20.3	18.3	74.5	1013.8
2021-08-22T00:56:26	1185	3600	12.5	19.2	17.2	78.5	1013.6
2021-08-22T01:58:26	1257	3600	12.5	18.7	16.8	78.4	1012.9
2021-08-22T02:59:26	1203	3600	12.5	17.9	15.9	82.8	1012.7
2021-08-22T04:01:26	1297	3600	12.5	18.2	16.6	77.9	1011.9
2021-08-22T05:02:26	1237	3600	12.4	18.1	16.4	76.8	1011.8
2021-08-22T06:04:26	1317	3600	12.4	17.9	16.4	75.6	1011.5
2021-08-22T07:06:26	1213	3600	12.5	19.3	16.8	74.6	1011.2
2021-08-22T08:07:26	1231	3600	12.7	21.4	17.8	70.2	1011.3
2021-08-22T09:09:26	1197	3600	12.7	21.6	18.4	67.7	1010.8
2021-08-22T10:10:26	1313	3600	13.2	24.2	20.0	64.8	1010.8
2021-08-22T11:12:26	1237	3600	12.8	24.6	20.0	64.2	1010.9
2021-08-22T12:13:26	1303	3600	12.7	24.6	20.7	63.6	1011.3
2021-08-22T13:15:26	1207	3600	12.5	21.1	17.2	94.0	1011.5
2021-08-22T14:16:26	1166	3600	12.7	21.8	18.7	87.0	1011.3
2021-08-22T15:18:26	1182	3600	12.8	25.2	20.0	81.4	1011.3
2021-08-22T16:19:26	1170	3600	12.7	24.5	20.0	82.8	1010.9
2021-08-22T17:21:26	1215	3600	12.7	23.8	19.8	82.7	1010.7
2021-08-22T18:22:26	1176	3600	12.9	23.9	19.6	85.2	1010.6
2021-08-22T19:24:26	1160	3600	12.6	23.6	19.8	82.5	1010.7
2021-08-22T20:25:26	1172	3600	12.5	20.7	18.0	89.9	1010.9
2021-08-22T21:27:26	1143	3600	12.4	19.0	16.8	95.4	1011.3
2021-08-22T22:29:26	1191	3600	12.4	18.6	16.5	96.3	1011.3
2021-08-22T23:30:26	1179	3600	12.4	18.8	16.6	95.7	1011.6
2021-08-23T00:32:26	1163	3600	12.3	19.2	17.0	94.9	1011.5
2021-08-23T01:33:26	1156	3600	12.3	18.9	16.8	97.8	1011.4
2021-08-23T02:35:26	1178	3600	12.3	18.9	16.7	98.7	1011.7
2021-08-23T03:36:26	1208	3600	12.3	18.9	16.8	99.0	1011.7
2021-08-23T04:38:26	1077	3600	12.3	18.7	16.3	99.1	1011.8
2021-08-23T05:39:26	1044	3600	12.2	18.2	15.9	98.3	1012.2
2021-08-23T06:41:26	1106	3600	12.3	17.9	15.5	97.8	1012.7
2021-08-23T07:43:26	1025	3600	12.2	17.8	14.7	96.5	1013.2
2021-08-23T08:44:26	1093	3600	12.3	18.1	15.1	94.2	1013.7
2021-08-23T09:46:26	1113	3600	12.4	18.7	15.3	91.0	1014.2
2021-08-23T10:48:26	1092	3600	12.5	19.7	16.0	85.8	1015.1
2021-08-23T11:50:26	1105	3600	12.7	21.3	17.5	83.0	1015.3
2021-08-23T12:51:26	1086	3600	12.7	22.5	19.1	66.6	1015.6
2021-08-23T13:53:26	1147	3600	12.6	22.8	18.9	68.1	1016.0
2021-08-23T14:55:26	1118	3600	12.7	24.0	20.3	58.2	1016.0
2021-08-23T15:56:26	1122	3600	12.7	24.1	20.6	53.7	1016.1
2021-08-23T16:58:26	1134	3600	12.7	24.7	21.0	49.6	1016.5
2021-08-23T17:59:26	1109	3600	12.7	24.0	20.0	51.7	1017.1
2021-08-23T19:01:26	1089	3600	12.5	23.8	19.9	52.0	1017.4
2021-08-23T20:02:26	1108	3600	12.4	20.9	17.5	60.2	1018.1
2021-08-23T21:04:26	1091	3600	12.3	17.5	15.6	69.2	1018.9
2021-08-23T22:06:26	1065	3600	12.2	15.8	14.0	78.6	1019.2
2021-08-23T23:07:26	1064	3600	12.2	15.4	13.6	84.1	1019.2
2021-08-24T00:09:26	1115	3600	12.2	15.3	13.4	87.0	1019.3
2021-08-24T01:10:26	1146	3600	12.2	15.9	14.3	85.1	1019.7
2021-08-24T02:12:26	1047	3600	12.2	15.9	14.0	84.5	1020.0
2021-08-24T03:13:26	1137	3600	12.1	13.9	12.4	90.9	1020.2
2021-08-24T04:15:26	1088	3600	12.1	13.2	12.0	92.9	1020.4
2021-08-24T05:16:26	1054	3600	12.1	13.0	11.8	93.5	1020.7
2021-08-24T06:18:26	1049	3600	12.1	13.0	11.5	94.8	1021.1
2021-08-24T07:19:26	1075	3600	12.3	15.3	13.7	85.5	1021.4
2021-08-24T08:21:26	1046	3600	12.7	18.8	16.0	75.1	1021.7
2021-08-24T09:22:26	1007	3600	13.5	22.7	17.2	68.6	1022.1
2021-08-24T10:24:26	1165	3600	14.0	25.9	18.9	59.3	1022.4
2021-08-24T11:25:26	1058	3600	14.0	24.5	19.4	58.7	1022.6
2021-08-24T12:27:26	1021	3600	14.0	28.7	20.8	53.4	1022.7
2021-08-24T13:29:26	1101	3600	12.7	26.4	21.2	50.8	1022.6
2021-08-24T14:30:26	1033	3600	14.0	26.2	21.3	49.6	1022.3
2021-08-24T15:32:26	1107	3600	12.8	28.2	21.8	43.3	1022.1
2021-08-24T16:33:26	1125	3600	12.7	26.1	20.9	45.0	1022.1
2021-08-24T17:35:26	1065	3600	12.7	27.2	21.4	49.1	1022.0
2021-08-24T18:36:26	1073	3600	12.7	24.4	20.9	50.3	1021.9
2021-08-24T19:38:26	1100	3600	12.6	23.4	19.4	52.5	1022.0
2021-08-24T20:40:26	1068	3600	12.6	18.6	16.3	62.0	1022.3
2021-08-24T21:41:26	1080	3600	12.5	16.4	14.8	67.5	1022.5
2021-08-24T22:43:26	1038	3600	12.5	14.3	13.0	77.2	1022.1
2021-08-24T23:44:26	1149	3600	12.4	13.0	12.0	80.7	1022.0
2021-08-25T00:46:26	1058	3600	12.5	11.9	11.3	84.6	1021.6
2021-08-25T01:50:26	1093	3600	12.4	11.3	10.5	87.9	1021.3
2021-08-25T02:52:26	1154	3600	12.4	10.6	9.7	91.7	1020.6
2021-08-25T03:53:26	1087	3600	12.4	10.4	9.7	91.6	1020.2
2021-08-25T04:56:26	1132	3600	12.4	8.9	7.4	97.2	1019.6
2021-08-25T05:58:26	1112	3600	12.3	8.0	6.9	98.9	1019.1
2021-08-25T07:00:26	1160	3600	12.5	11.3	11.0	99.8	1018.8
2021-08-25T08:01:26	1166	3600	12.7	15.2	12.5	86.4	1018.3
2021-08-25T09:03:26	1177	3600	12.7	17.2	14.1	83.1	1017.8
2021-08-25T10:05:26	1207	3600	13.3	21.1	16.3	69.4	1017.2
2021-08-25T11:06:26	1125	3600	12.7	21.0	16.6	66.9	1016.6
2021-08-25T12:08:26	1074	3600	12.7	21.7	17.2	66.4	1015.7
2021-08-25T13:09:26	1157	3600	14.0	24.8	19.6	61.9	1014.0
2021-08-25T14:11:26	1165	3600	14.0	27.3	20.3	60.5	1012.7
2021-08-25T15:12:26	1178	3600	14.0	27.9	21.3	53.1	1011.5
2021-08-25T16:14:26	1206	3600	12.7	25.3	21.2	52.7	1010.4
2021-08-25T17:16:26	1164	3600	12.7	25.5	21.1	54.2	1009.6
2021-08-25T18:17:26	1162	3600	12.8	24.4	20.0	59.4	1008.8
2021-08-25T19:19:26	1172	3600	12.6	22.3	18.9	63.5	1007.9
2021-08-25T20:21:26	1216	3600	12.6	20.1	17.5	71.8	1007.7
2021-08-25T21:22:26	1189	3600	12.5	17.7	14.8	94.9	1007.0
2021-08-25T22:24:26	1195	3600	12.5	17.3	14.7	97.6	1006.3
2021-08-25T23:25:26	1193	3600	12.5	17.1	14.8	98.2	1005.7
2021-08-26T00:27:26	1168	3600	12.5	16.7	14.8	94.1	1004.9
2021-08-26T01:28:26	1203	3600	12.5	16.0	14.2	96.8	1004.6
2021-08-26T02:30:26	1167	3600	12.4	16.0	14.0	96.7	1004.2
2021-08-26T03:31:26	1239	3600	12.4	16.1	13.9	96.4	1003.8
2021-08-26T04:33:26	1171	3600	12.4	15.9	13.7	94.6	1003.5
2021-08-26T05:34:26	1137	3600	12.4	15.9	13.6	95.6	1003.5
2021-08-26T06:36:26	1204	3600	12.3	15.9	13.4	96.6	1003.5
2021-08-26T07:38:26	1168	3600	12.4	16.3	13.4	97.3	1003.4
2021-08-26T08:39:26	1206	3600	12.8	17.5	14.4	95.5	1003.7
2021-08-26T09:41:26	1214	3600	12.7	20.4	16.3	84.9	1003.8
2021-08-26T10:42:26	1269	3600	12.7	22.7	17.2	73.8	1003.6
2021-08-26T11:44:26	1162	3600	14.0	19.1	14.2	93.0	1003.9
2021-08-26T12:45:26	1097	3600	12.7	22.0	17.1	69.9	1003.7
2021-08-26T13:47:26	1213	3600	12.7	18.3	13.9	91.7	1004.1
2021-08-26T14:48:26	1184	3600	12.7	19.4	15.7	83.8	1003.9
2021-08-26T15:50:26	1130	3600	13.0	18.9	14.2	86.1	1004.1
2021-08-26T16:52:26	1185	3600	12.8	18.5	14.3	92.1	1004.2
2021-08-26T17:54:26	1204	3600	12.7	18.2	14.6	85.5	1004.3
2021-08-26T18:55:26	1134	3600	12.6	17.6	14.3	87.4	1004.6
2021-08-26T19:57:26	1156	3600	12.5	15.9	13.0	95.6	1004.8
2021-08-26T20:58:26	1157	3600	12.5	15.2	12.9	96.1	1005.0
2021-08-26T22:00:26	1135	3600	12.4	15.1	12.8	97.3	1005.2
2021-08-26T23:02:26	1114	3600	12.4	14.9	12.7	97.5	1005.2
2021-08-27T00:03:26	1145	3600	12.4	14.8	12.6	97.9	1005.2
2021-08-27T01:05:26	1137	3600	12.4	14.4	12.3	98.4	1005.2
2021-08-27T02:06:26	1127	3600	12.3	14.5	12.4	98.1	1005.0
2021-08-27T03:08:26	1209	3600	12.3	14.5	12.3	98.1	1004.8
2021-08-27T04:09:26	1183	3600	12.3	14.6	12.5	98.7	1004.5
2021-08-27T05:11:26	1215	3600	12.3	14.7	12.5	98.3	1004.3
2021-08-27T06:12:26	1121	3600	12.3	14.7	12.6	98.4	1004.2
2021-08-27T07:14:26	1189	3600	12.2	15.5	12.7	98.7	1004.4
2021-08-27T08:21:51	1134	3600	12.4	16.6	13.3	97.4	1004.5
2021-08-27T09:24:26	1142	3600	12.7	19.9	15.3	87.4	1004.7
2021-08-27T10:25:26	1066	3600	12.7	21.5	15.4	83.2	1005.0
2021-08-27T11:27:26	1122	3600	12.7	20.2	15.9	81.4	1005.5
2021-08-27T12:29:26	1165	3600	12.7	21.7	16.5	74.5	1005.6
2021-08-27T13:30:26	1193	3600	12.7	22.6	17.6	69.7	1005.7
2021-08-27T14:32:26	1177	3600	12.8	23.5	17.0	70.4	1006.1
2021-08-27T15:33:26	1162	3600	12.9	20.2	15.0	85.5	1006.7
2021-08-27T16:35:26	1142	3600	14.0	22.3	17.8	69.3	1006.8
2021-08-27T17:36:26	1143	3600	12.7	20.7	15.8	77.7	1007.2
2021-08-27T18:38:26	1107	3600	12.7	19.8	15.5	81.3	1007.7
2021-08-27T19:39:26	1101	3600	12.6	18.1	14.6	84.4	1008.2
2021-08-27T20:41:26	1054	3600	12.5	16.0	13.4	93.9	1008.9
2021-08-27T21:42:26	1104	3600	12.5	15.4	13.2	94.4	1009.2
2021-08-27T22:44:26	1098	3600	12.5	15.3	13.3	92.3	1009.6
2021-08-27T23:46:26	1118	3600	12.4	15.3	13.3	93.7	1009.6
2021-08-28T00:47:26	1085	3600	12.4	15.3	13.3	94.1	1009.8
2021-08-28T01:49:26	1098	3600	12.4	15.1	13.3	95.6	1009.8
2021-08-28T02:50:26	1086	3600	12.3	14.9	13.0	96.8	1009.9
2021-08-28T03:52:26	1052	3600	12.3	14.8	12.8	98.0	1010.0
2021-08-28T04:53:26	1127	3600	12.3	14.7	12.7	98.4	1010.1
2021-08-28T05:55:26	1160	3600	12.3	14.6	12.5	99.0	1010.2
2021-08-28T06:57:26	1135	3600	12.2	15.1	11.9	99.7	1010.5
2021-08-28T07:58:26	1046	3600	12.3	16.3	12.6	99.7	1010.7
2021-08-28T09:00:26	1123	3600	12.3	16.6	13.0	98.7	1010.9
2021-08-28T10:01:26	1126	3600	12.5	18.5	14.8	89.2	1010.8
2021-08-28T11:03:26	1150	3600	12.7	19.5	15.8	84.8	1011.1
2021-08-28T12:05:26	1082	3600	12.7	21.3	17.2	76.8	1011.0
2021-08-28T13:06:26	1128	3600	12.9	25.7	18.9	68.5	1011.0
2021-08-28T14:08:26	1088	3600	12.7	24.0	18.3	73.8	1011.0
2021-08-28T15:09:26	1131	3600	12.7	24.6	19.3	72.0	1010.7
2021-08-28T16:11:26	1173	3600	14.0	27.0	20.0	66.4	1010.5
2021-08-28T17:13:26	1086	3600	13.3	25.1	19.2	69.3	1010.4
2021-08-28T18:14:26	1105	3600	12.9	23.4	18.9	71.4	1010.4
2021-08-28T19:16:26	1105	3600	12.6	19.5	15.7	95.3	1010.6
2021-08-28T20:17:26	1105	3600	12.6	18.1	15.2	97.9	1010.9
2021-08-28T21:19:26	1101	3600	12.5	17.7	15.0	98.5	1011.0
2021-08-28T22:20:26	1110	3600	12.5	17.2	14.8	98.7	1011.2
2021-08-28T23:22:26	1165	3600	12.5	16.9	14.5	99.3	1011.2
2021-08-29T00:23:26	1075	3600	12.5	16.7	14.5	99.8	1010.9
2021-08-29T01:25:26	1120	3600	12.4	16.5	14.3	100.0	1010.9
2021-08-29T02:27:26	1067	3600	12.4	16.7	14.4	100.0	1010.5
2021-08-29T03:28:26	1064	3600	12.4	16.9	14.6	100.0	1010.3
2021-08-29T04:30:26	1104	3600	12.3	16.9	14.6	100.0	1010.4
2021-08-29T05:31:26	1114	3600	12.4	16.9	14.4	100.0	1010.2
2021-08-29T06:33:26	1108	3600	12.3	16.4	14.0	100.0	1009.9
2021-08-29T07:34:26	1056	3600	12.3	17.3	14.3	100.0	1010.1
2021-08-29T08:36:26	1080	3600	12.3	18.1	14.9	98.7	1010.0
2021-08-29T09:38:26	1098	3600	12.3	18.3	15.1	99.0	1009.9
2021-08-29T10:39:26	1044	3600	12.3	18.2	15.1	99.2	1010.2
2021-08-29T11:41:26	1055	3600	12.5	19.2	15.7	97.9	1010.0
2021-08-29T12:42:26	1008	3600	12.7	19.8	16.3	96.6	1009.9
2021-08-29T13:44:26	1072	3600	13.7	25.5	18.5	82.9	1009.7
2021-08-29T14:46:26	1069	3600	12.7	22.9	17.9	87.1	1009.5
2021-08-29T15:47:26	1059	3600	12.9	23.4	18.6	84.1	1009.4
2021-08-29T16:49:26	1050	3600	12.7	22.0	18.1	81.6	1009.2
2021-08-29T17:50:26	967	3600	12.6	20.3	16.5	92.3	1008.8
2021-08-29T18:52:26	1009	3600	12.6	18.9	15.7	97.5	1008.6
2021-08-29T19:53:26	1055	3600	12.5	18.3	15.5	98.6	1008.6
2021-08-29T20:55:26	1027	3600	12.4	17.8	15.5	99.5	1009.0
2021-08-29T21:56:26	1027	3600	12.4	17.7	15.4	99.1	1009.0
2021-08-29T22:58:26	1030	3600	12.4	17.1	14.7	98.8	1009.1
2021-08-29T23:59:26	1056	3600	12.3	17.1	14.8	99.6	1009.4
2021-08-30T01:01:26	1065	3600	12.3	17.0	14.7	100.0	1009.3
2021-08-30T02:03:26	1017	3600	12.3	16.7	14.3	100.0	1009.3
2021-08-30T03:04:26	1014	3600	12.2	15.8	13.8	100.0	1009.4
2021-08-30T04:06:26	1006	3600	12.2	15.9	13.9	100.0	1009.5
2021-08-30T05:07:26	1012	3600	12.2	16.2	14.1	100.0	1009.6
2021-08-30T06:09:26	1001	3600	12.1	16.4	14.2	100.0	1009.8
2021-08-30T07:10:26	1061	3600	12.2	17.2	14.3	100.0	1010.0
2021-08-30T08:12:26	1037	3600	12.1	17.6	14.7	100.0	1010.2
2021-08-30T09:13:26	1022	3600	12.3	18.6	15.5	97.4	1010.3
2021-08-30T10:15:26	1068	3600	12.4	19.8	16.0	94.5	1010.7
2021-08-30T11:16:26	1055	3600	12.7	20.0	16.4	92.0	1011.0
2021-08-30T12:18:26	1045	3600	12.7	20.8	16.6	93.4	1010.9
2021-08-30T13:19:26	1051	3600	12.7	21.1	17.0	93.8	1010.9
2021-08-30T14:21:26	1052	3600	12.7	21.7	18.1	91.5	1010.8
2021-08-30T15:23:26	997	3600	12.7	22.0	18.1	89.4	1010.7
2021-08-30T16:25:26	1000	3600	12.6	21.2	17.4	93.1	1010.7
2021-08-30T17:26:26	1029	3600	12.4	19.8	16.4	97.2	1011.1
2021-08-30T18:28:26	971	3600	12.4	19.8	16.6	95.6	1011.2
2021-08-30T19:29:26	1023	3600	12.3	18.9	16.1	95.0	1011.3
2021-08-30T20:31:26	1002	3600	12.2	18.1	15.8	94.9	1011.7
2021-08-30T21:33:26	1023	3600	12.2	17.9	15.6	94.3	1012.1
2021-08-30T22:34:26	1076	3600	12.1	17.5	15.3	95.0	1012.3
2021-08-30T23:36:26	1019	3600	12.1	16.9	14.9	96.0	1012.5
2021-08-31T00:37:26	1030	3600	12.1	17.2	15.1	95.3	1012.7
2021-08-31T01:39:26	1042	3600	12.1	17.0	14.7	94.5	1013.0
2021-08-31T02:41:26	1016	3600	12.1	16.8	14.3	95.4	1013.2
2021-08-31T03:42:26	1016	3600	12.1	16.2	14.0	96.2	1013.1
2021-08-31T04:44:26	1059	3600	12.1	15.9	13.7	96.6	1013.2
2021-08-31T05:45:26	981	3600	12.1	16.1	14.0	94.7	1013.3
2021-08-31T06:47:26	1008	3600	12.1	16.7	14.3	91.9	1013.4
2021-08-31T07:48:26	1043	3600	12.1	17.1	14.3	91.5	1013.7
2021-08-31T08:52:26	1046	3600	12.1	18.4	15.0	89.7	1014.0
2021-08-31T09:55:26	1031	3600	12.7	20.9	16.6	83.6	1014.6
2021-08-31T10:56:26	1019	3600	13.6	23.7	18.0	79.3	1014.6
2021-08-31T11:58:26	1007	3600	13.8	26.6	19.8	74.2	1014.9
2021-08-31T12:59:26	1039	3600	14.0	26.1	20.0	73.2	1015.2
2021-08-31T14:01:26	1035	3600	13.5	27.1	20.5	67.7	1015.5
2021-08-31T15:03:26	1016	3600	12.8	26.7	20.9	56.6	1015.7
2021-08-31T16:04:26	1017	3600	14.0	27.5	20.9	54.1	1015.7
2021-08-31T17:06:26	1045	3600	12.7	25.6	21.5	55.0	1016.0
2021-08-31T18:07:26	1062	3600	12.6	25.0	20.6	55.9	1016.1
2021-08-31T19:09:26	1044	3600	12.6	23.6	19.4	58.7	1016.3
2021-08-31T20:11:26	1037	3600	12.6	20.0	16.7	69.8	1016.8
2021-08-31T21:13:26	945	3600	12.5	16.2	14.3	82.5	1017.4
2021-08-31T22:15:26	975	3600	12.5	14.9	12.5	93.5	1017.6
2021-08-31T23:16:26	1046	3600	12.5	13.5	11.9	97.0	1018.0
2021-09-01T00:18:26	1077	3600	12.4	13.0	12.3	91.7	1018.4
2021-09-01T01:20:26	989	3600	12.4	12.5	11.5	96.1	1018.5
2021-09-01T02:21:26	1006	3600	12.4	12.2	11.1	98.9	1018.7
2021-09-01T03:23:26	997	3600	12.4	12.1	11.1	99.8	1018.7
2021-09-01T04:24:26	1010	3600	12.3	13.0	11.8	99.6	1018.8
2021-09-01T05:26:26	1047	3600	12.3	13.4	12.1	97.7	1018.7
2021-09-01T06:27:26	1083	3600	12.3	13.4	11.6	98.1	1018.8
2021-09-01T07:29:26	1015	3600	12.5	15.2	12.9	94.7	1019.3
2021-09-01T08:31:26	1027	3600	12.7	17.4	14.7	89.3	1019.6
2021-09-01T09:32:26	968	3600	12.7	19.1	14.9	90.7	1020.2
2021-09-01T10:34:26	1028	3600	12.7	19.6	15.6	86.8	1021.0
2021-09-01T11:35:26	1020	3600	12.7	20.4	16.2	83.9	1021.1
2021-09-01T12:37:26	943	3600	12.7	20.8	16.6	84.2	1021.3
2021-09-01T13:38:26	1010	3600	12.7	21.4	17.2	80.5	1021.3
2021-09-01T14:40:26	999	3600	12.7	22.7	18.3	77.9	1021.3
2021-09-01T15:41:26	980	3600	14.0	24.3	20.0	72.6	1021.0
2021-09-01T16:43:26	940	3600	14.0	26.3	21.2	67.8	1020.5
2021-09-01T17:44:26	1018	3600	12.7	25.2	21.4	65.3	1020.1
2021-09-01T18:46:26	985	3600	12.5	24.4	20.4	70.6	1020.2
2021-09-01T19:48:26	1057	3600	12.5	21.6	18.0	79.1	1020.2
2021-09-01T20:49:26	1028	3600	12.5	18.4	16.4	85.2	1020.7
2021-09-01T21:51:26	997	3600	12.5	17.2	15.4	88.5	1020.8
2021-09-01T22:52:26	985	3600	12.4	16.1	14.7	90.4	1021.2
2021-09-01T23:54:26	1026	3600	12.4	15.0	13.9	94.7	1021.4
2021-09-02T00:55:26	1021	3600	12.3	14.5	13.6	97.7	1021.3
2021-09-02T01:57:26	1013	3600	12.3	13.6	12.6	98.6	1021.2
2021-09-02T02:58:26	1004	3600	12.3	13.3	12.1	99.8	1021.4
2021-09-02T04:00:26	1072	3600	12.3	13.4	12.3	100.0	1021.3
2021-09-02T05:01:26	994	3600	12.3	12.5	11.1	99.8	1021.2
2021-09-02T06:03:26	1065	3600	12.2	12.3	11.3	100.0	1021.5
2021-09-02T07:05:26	1096	3600	12.2	13.5	11.9	100.0	1021.7
2021-09-02T08:06:26	1026	3600	12.4	15.7	12.9	100.0	1022.1
2021-09-02T09:08:26	975	3600	12.4	16.6	13.4	100.0	1022.6
2021-09-02T10:09:26	981	3600	12.7	17.7	14.3	98.0	1023.0
2021-09-02T11:11:26	1022	3600	12.8	18.9	15.2	92.6	1023.3
2021-09-02T12:12:26	949	3600	12.7	20.4	16.3	86.9	1023.4
2021-09-02T13:14:26	1026	3600	14.0	24.5	18.8	78.7	1023.2
2021-09-02T14:15:26	938	3600	12.7	24.3	19.0	76.0	1023.0
2021-09-02T15:17:26	1028	3600	14.0	26.9	20.8	67.1	1022.4
2021-09-02T16:18:26	1026	3600	14.0	26.4	20.8	67.8	1022.1
2021-09-02T17:20:26	1043	3600	12.7	25.2	20.1	68.2	1021.8
2021-09-02T18:22:26	996	3600	12.7	24.2	20.0	70.4	1021.6
2021-09-02T19:23:26	964	3600	12.6	22.6	18.7	73.8	1020.9
2021-09-02T20:25:26	1045	3600	12.5	17.8	15.2	88.7	1021.0
2021-09-02T21:26:26	1036	3600	12.5	15.5	13.5	96.8	1020.7
2021-09-02T22:28:26	1052	3600	12.4	14.2	12.4	98.7	1020.3
2021-09-02T23:29:26	1032	3600	12.4	13.2	11.5	99.5	1020.3
2021-09-03T00:31:26	1013	3600	12.4	12.6	11.5	100.0	1020.1
2021-09-03T01:32:26	1030	3600	12.3	12.3	11.0	100.0	1019.7
2021-09-03T02:34:26	1034	3600	12.3	11.8	10.4	100.0	1019.3
2021-09-03T03:35:26	1001	3600	12.3	11.7	10.4	100.0	1018.9
2021-09-03T04:37:26	1043	3600	12.2	11.2	9.5	100.0	1018.4
2021-09-03T05:38:26	1054	3600	12.3	11.9	10.4	100.0	1017.8
2021-09-03T06:40:26	1044	3600	12.2	12.8	10.3	100.0	1017.4
2021-09-03T07:41:26	1046	3600	12.2	13.8	10.8	100.0	1017.1
2021-09-03T08:43:26	1061	3600	12.7	15.8	12.8	100.0	1016.8
2021-09-03T09:45:26	1078	3600	14.0	21.1	15.9	95.4	1016.7
2021-09-03T10:46:26	1048	3600	14.0	24.4	18.1	85.4	1016.6
2021-09-03T11:48:26	1076	3600	14.0	26.3	19.3	74.9	1016.2
2021-09-03T12:49:26	1072	3600	14.0	27.4	20.9	69.3	1015.2
2021-09-03T13:51:26	1036	3600	14.0	28.7	22.2	61.2	1015.0
2021-09-03T14:53:26	1100	3600	14.0	29.7	23.5	54.8	1014.5
2021-09-03T15:54:26	1066	3600	14.0	30.3	24.0	53.6	1014.1
2021-09-03T16:56:26	1097	3600	14.0	30.4	24.8	51.4	1013.6
2021-09-03T17:57:26	1088	3600	13.1	29.1	24.0	51.3	1013.2
2021-09-03T18:59:26	1088	3600	12.7	26.5	22.5	53.4	1013.0
2021-09-03T20:00:26	1106	3600	12.6	21.5	18.6	68.0	1013.0
2021-09-03T21:02:26	1042	3600	12.6	18.5	16.7	77.7	1013.2
2021-09-03T22:03:26	1074	3600	12.6	15.6	13.7	92.0	1013.4
2021-09-03T23:05:26	1041	3600	12.5	14.6	13.7	94.1	1013.3
2021-09-04T00:06:26	1076	3600	12.5	13.9	12.8	97.1	1013.6
2021-09-04T01:08:26	1101	3600	12.5	13.6	12.2	95.9	1013.4
2021-09-04T02:09:26	1038	3600	12.4	13.2	12.3	99.4	1013.2
2021-09-04T03:11:26	1092	3600	12.4	13.1	12.1	100.0	1013.2
2021-09-04T04:13:26	1158	3600	12.4	12.4	11.1	100.0	1013.1
2021-09-04T05:14:26	1047	3600	12.4	13.9	12.2	100.0	1013.2
2021-09-04T06:16:26	1082	3600	12.3	14.2	12.0	100.0	1013.6
2021-09-04T07:17:26	1091	3600	12.4	15.1	12.5	100.0	1013.8
2021-09-04T08:19:26	1122	3600	12.3	15.4	12.5	100.0	1014.0
2021-09-04T09:21:26	1040	3600	12.3	16.2	12.8	100.0	1014.1
2021-09-04T10:22:26	1084	3600	12.6	16.9	13.3	100.0	1014.6
2021-09-04T11:24:26	1052	3600	12.7	18.0	14.3	96.4	1014.9
2021-09-04T12:26:26	1035	3600	12.9	19.9	15.8	88.4	1014.8
2021-09-04T13:28:26	1113	3600	12.6	20.5	16.8	81.3	1014.7
2021-09-04T14:29:26	1087	3600	12.7	21.2	17.4	76.7	1014.7
2021-09-04T15:31:26	1085	3600	12.7	22.0	17.4	75.0	1014.8
2021-09-04T16:33:26	1103	3600	12.7	22.5	17.7	69.2	1014.7
2021-09-04T17:34:26	1054	3600	12.7	22.8	18.3	65.8	1014.5
2021-09-04T18:36:26	1058	3600	12.6	21.1	17.4	68.7	1014.4
2021-09-04T19:37:26	1141	3600	12.5	18.6	14.6	76.0	1014.6
2021-09-04T20:39:26	1132	3600	12.4	14.8	12.5	83.8	1015.1
2021-09-04T21:41:26	1161	3600	12.3	13.1	11.3	90.0	1015.4
2021-09-04T22:42:26	1057	3600	12.3	13.7	12.2	86.6	1015.8
2021-09-04T23:44:26	1089	3600	12.3	13.2	11.7	88.0	1016.0
2021-09-05T00:45:26	1084	3600	12.2	13.2	11.7	87.5	1016.1
2021-09-05T01:47:26	1075	3600	12.2	12.9	11.6	89.3	1016.2
2021-09-05T02:49:26	1039	3600	12.3	13.9	12.3	94.2	1016.2
2021-09-05T03:51:26	1061	3600	12.2	14.1	12.2	97.6	1016.3
2021-09-05T04:52:26	1092	3600	12.2	14.3	11.9	99.4	1016.8
2021-09-05T05:54:26	1076	3600	12.2	14.3	11.8	100.0	1016.9
2021-09-05T06:55:26	1046	3600	12.2	14.7	11.8	100.0	1017.2
2021-09-05T07:57:26	1110	3600	12.2	15.7	12.0	100.0	1017.9
2021-09-05T08:58:26	1055	3600	12.7	19.3	14.8	85.5	1018.4
2021-09-05T10:00:26	1019	3600	13.6	22.6	16.2	81.1	1018.8
2021-09-05T11:01:26	1114	3600	14.0	26.2	17.3	72.5	1019.2
2021-09-05T12:03:26	999	3600	14.0	26.6	18.3	71.6	1019.1
2021-09-05T13:05:26	1046	3600	13.9	25.2	17.9	71.6	1019.1
2021-09-05T14:06:26	1054	3600	13.0	23.9	18.3	71.7	1019.1
2021-09-05T15:08:26	1003	3600	12.7	24.0	20.7	64.5	1018.7
2021-09-05T16:09:26	1087	3600	13.1	28.5	21.5	66.3	1018.5
2021-09-05T17:11:26	1033	3600	12.7	27.0	21.8	66.7	1018.3
2021-09-05T18:12:26	1086	3600	12.7	25.4	20.6	67.0	1018.0
2021-09-05T19:14:26	1013	3600	12.6	22.7	18.6	74.6	1018.0
2021-09-05T20:15:26	1110	3600	12.6	19.0	16.3	84.4	1018.5
2021-09-05T21:17:26	1101	3600	12.5	18.0	16.2	85.6	1018.6
2021-09-05T22:19:26	1041	3600	12.6	15.6	13.7	95.5	1018.7
2021-09-05T23:20:26	1091	3600	12.5	15.1	14.9	85.2	1018.9
2021-09-06T00:22:26	1051	3600	12.5	15.7	14.9	80.4	1019.1
2021-09-06T01:23:26	1037	3600	12.5	14.1	13.2	84.2	1018.9
2021-09-06T02:25:26	1039	3600	12.5	13.0	12.1	88.4	1018.8
2021-09-06T03:26:26	1094	3600	12.4	12.1	11.0	92.5	1018.9
2021-09-06T04:28:26	1119	3600	12.4	11.2	10.0	96.1	1018.8
2021-09-06T05:29:26	1132	3600	12.4	10.5	9.4	98.0	1018.6
2021-09-06T06:31:26	1098	3600	12.3	10.3	8.7	98.8	1018.6
2021-09-06T07:33:26	1080	3600	12.5	13.1	11.6	91.0	1019.1
2021-09-06T08:34:26	1091	3600	12.6	17.4	15.6	75.3	1019.4
2021-09-06T09:36:26	1081	3600	14.0	24.3	18.4	65.9	1019.6
2021-09-06T10:38:26	1068	3600	14.0	27.2	19.2	63.3	1019.9
2021-09-06T11:40:26	1062	3600	14.0	28.7	19.8	63.8	1019.9
2021-09-06T12:41:26	1049	3600	13.0	29.3	21.1	62.8	1019.7
2021-09-06T13:43:26	1065	3600	13.1	30.4	22.1	57.7	1019.6
2021-09-06T14:44:26	1073	3600	13.0	29.2	22.0	57.0	1019.3
2021-09-06T15:46:26	1041	3600	13.0	30.1	22.7	52.1	1019.0
2021-09-06T16:48:26	1030	3600	12.7	29.1	24.8	50.7	1018.9
2021-09-06T17:49:26	1061	3600	13.1	27.3	21.4	60.3	1018.9
2021-09-06T18:51:26	1095	3600	12.7	25.2	21.0	65.5	1018.4
2021-09-06T19:53:26	1040	3600	12.6	21.0	18.0	78.2	1018.3
2021-09-06T20:54:26	1010	3600	12.6	19.7	17.0	85.9	1018.8
2021-09-06T21:56:26	1132	3600	12.6	19.1	17.2	76.8	1019.2
2021-09-06T22:57:26	1068	3600	12.5	18.1	16.1	84.6	1019.1
2021-09-06T23:59:26	998	3600	12.5	17.5	15.7	85.2	1019.4
2021-09-07T01:00:26	1062	3600	12.5	17.2	15.1	86.5	1019.1
2021-09-07T02:02:26	1094	3600	12.5	16.9	14.9	89.8	1018.9
2021-09-07T03:04:26	1078	3600	12.5	16.3	14.4	90.4	1018.7
2021-09-07T04:05:26	1109	3600	12.4	15.3	13.5	96.3	1018.6
2021-09-07T05:07:26	1042	3600	12.4	14.6	13.3	97.0	1018.7
2021-09-07T06:09:26	1089	3600	12.3	13.9	12.7	97.8	1018.9
2021-09-07T07:11:26	1061	3600	12.3	14.5	12.6	98.1	1019.2
2021-09-07T08:12:26	1101	3600	12.6	17.6	15.7	87.1	1019.6
2021-09-07T09:14:26	1087	3600	12.7	21.7	17.7	81.9	1019.8
2021-09-07T10:15:26	1078	3600	14.0	27.2	19.6	71.6	1020.0
2021-09-07T11:17:26	1074	3600	14.0	27.8	20.0	69.4	1020.4
2021-09-07T12:18:26	1096	3600	13.0	28.1	20.9	65.7	1020.1
2021-09-07T13:20:26	1070	3600	13.1	27.8	20.7	66.4	1019.9
2021-09-07T14:22:26	1014	3600	12.7	27.4	22.6	57.0	1019.9
2021-09-07T15:23:26	1112	3600	14.0	28.9	22.4	58.4	1019.5
2021-09-07T16:25:26	1105	3600	13.0	27.4	21.9	60.4	1019.5
2021-09-07T17:27:26	1057	3600	12.7	25.2	21.8	57.9	1019.1
2021-09-07T18:28:26	1028	3600	12.7	26.1	22.7	54.2	1018.9
2021-09-07T19:30:26	1054	3600	12.6	23.1	19.3	68.7	1018.8
2021-09-07T20:31:26	1061	3600	12.5	18.1	15.7	83.9	1018.9
2021-09-07T21:33:26	1084	3600	12.5	16.1	14.1	89.2	1019.1
2021-09-07T22:34:26	1108	3600	12.5	14.7	13.1	93.4	1018.9
2021-09-07T23:36:26	1096	3600	12.5	14.0	13.1	96.1	1019.0
2021-09-08T00:37:26	1128	3600	12.5	13.6	12.0	96.6	1018.9
2021-09-08T01:39:26	1100	3600	12.4	12.8	11.4	99.1	1018.8
2021-09-08T02:41:26	1117	3600	12.4	12.4	11.3	100.0	1018.3
2021-09-08T03:42:26	1099	3600	12.3	12.3	11.1	100.0	1018.4
2021-09-08T04:44:26	1112	3600	12.3	11.5	10.2	100.0	1018.2
2021-09-08T05:45:26	1029	3600	12.3	11.0	9.6	100.0	1018.1
2021-09-08T06:47:26	1124	3600	12.3	11.4	9.7	100.0	1017.9
2021-09-08T07:48:26	1052	3600	12.7	15.3	14.0	100.0	1017.9
2021-09-08T08:50:26	1154	3600	12.7	18.9	16.5	86.4	1017.8
2021-09-08T09:52:26	1043	3600	14.0	25.2	19.8	76.9	1017.6
2021-09-08T10:53:26	1073	3600	14.0	27.8	21.1	67.3	1017.4
2021-09-08T11:55:26	1081	3600	13.0	29.6	22.3	59.6	1017.0
2021-09-08T12:56:26	1081	3600	13.0	30.2	23.5	55.9	1016.3
2021-09-08T13:58:26	1116	3600	13.0	31.0	24.0	52.3	1015.8
2021-09-08T14:59:26	1077	3600	13.1	31.8	25.4	52.0	1015.2
2021-09-08T16:01:26	1051	3600	13.1	32.8	26.2	48.9	1014.5
2021-09-08T17:02:26	1066	3600	13.0	32.3	25.6	47.5	1014.0
2021-09-08T18:04:26	1111	3600	12.7	29.3	24.8	52.9	1013.4
2021-09-08T19:05:26	1135	3600	12.7	27.5	23.2	59.9	1012.8
2021-09-08T20:07:26	1174	3600	12.6	22.5	20.4	67.9	1012.6
2021-09-08T21:08:26	1112	3600	12.6	20.7	19.6	71.0	1012.8
2021-09-08T22:10:26	1136	3600	12.6	19.7	18.8	73.5	1012.2
2021-09-08T23:12:26	1110	3600	12.5	18.7	18.0	75.5	1012.2
2021-09-09T00:13:26	1198	3600	12.5	17.7	16.5	80.9	1011.8
2021-09-09T01:15:26	1197	3600	12.5	16.6	16.1	81.8	1011.5
2021-09-09T02:16:26	1136	3600	12.4	15.5	14.7	87.7	1011.1
2021-09-09T03:18:26	1133	3600	12.4	15.2	14.5	87.4	1010.8
2021-09-09T04:19:26	1142	3600	12.4	14.3	13.9	88.4	1010.8
2021-09-09T05:21:26	1179	3600	12.4	13.7	13.3	87.2	1010.3
2021-09-09T06:23:26	1192	3600	12.3	13.3	12.9	88.5	1010.0
2021-09-09T07:24:26	1188	3600	12.3	15.2	14.5	81.9	1009.7
2021-09-09T08:26:26	1139	3600	12.7	19.4	16.7	75.4	1009.6
2021-09-09T09:27:26	1199	3600	13.9	24.3	18.3	66.8	1009.4
2021-09-09T10:29:26	1174	3600	14.0	27.2	20.7	61.8	1009.6
2021-09-09T11:30:26	1137	3600	13.0	29.3	21.5	59.3	1009.3
2021-09-09T12:32:26	1134	3600	13.1	30.7	23.7	56.0	1009.2
2021-09-09T13:34:26	1094	3600	13.0	31.9	24.9	55.1	1008.7
2021-09-09T14:36:26	1133	3600	13.0	33.4	26.3	46.3	1008.2
2021-09-09T15:37:26	1141	3600	13.0	34.2	28.5	42.2	1007.8
2021-09-09T16:39:26	1180	3600	13.1	34.3	28.7	42.2	1007.4
2021-09-09T17:40:26	1197	3600	12.7	31.8	28.4	42.9	1007.2
2021-09-09T18:42:26	1185	3600	12.7	30.6	26.1	46.4	1007.1
2021-09-09T19:43:26	1215	3600	12.6	25.8	23.1	53.1	1007.1
2021-09-09T20:46:26	1209	3600	12.6	23.3	21.1	64.4	1007.3
2021-09-09T21:47:26	1286	3600	12.6	21.7	20.0	65.6	1007.3
2021-09-09T22:49:26	1200	3600	12.5	21.2	19.7	65.5	1007.3
2021-09-09T23:50:26	1157	3600	12.5	20.7	19.0	68.9	1007.4
2021-09-10T00:52:26	1206	3600	12.5	20.0	18.1	73.0	1007.4
2021-09-10T01:53:26	1156	3600	12.4	19.2	18.0	75.4	1007.4
2021-09-10T02:55:26	1197	3600	12.4	18.6	17.6	79.5	1007.3
2021-09-10T03:56:26	1204	3600	12.4	17.8	16.7	85.2	1007.5
2021-09-10T04:58:26	1156	3600	12.4	17.5	16.3	88.5	1007.3
2021-09-10T06:00:26	1191	3600	12.4	17.1	15.9	91.2	1007.5
2021-09-10T07:02:26	1203	3600	12.3	17.5	15.7	96.9	1008.0
2021-09-10T08:03:26	1206	3600	12.8	22.1	20.0	80.1	1008.2
2021-09-10T09:05:26	1178	3600	12.7	26.0	23.4	70.7	1008.6
2021-09-10T10:06:26	1193	3600	14.0	30.8	23.6	70.6	1008.9
2021-09-10T11:08:26	1217	3600	14.0	32.9	24.7	69.8	1009.3
2021-09-10T12:10:26	1143	3600	13.0	34.1	26.3	68.7	1009.3
2021-09-10T13:11:26	1122	3600	13.0	33.9	26.9	63.8	1008.9
2021-09-10T14:13:26	1190	3600	13.0	34.9	27.5	60.0	1008.7
2021-09-10T15:14:26	1160	3600	12.7	25.1	20.6	93.6	1009.1
2021-09-10T16:16:26	1105	3600	13.1	29.3	23.2	80.8	1008.9
2021-09-10T17:17:26	1094	3600	13.1	28.8	23.4	79.9	1009.0
2021-09-10T18:19:26	1066	3600	12.7	28.2	24.2	72.8	1008.6
2021-09-10T19:21:26	1128	3600	12.6	25.5	21.5	83.2	1008.6
2021-09-10T20:22:26	1130	3600	12.6	22.4	19.8	92.9	1009.0
2021-09-10T21:24:26	1153	3600	12.6	21.2	19.4	95.4	1009.3
2021-09-10T22:25:26	1123	3600	12.5	20.6	18.6	98.1	1009.4
2021-09-10T23:27:26	1053	3600	12.5	19.9	17.8	98.8	1009.6
2021-09-11T00:28:26	1100	3600	12.5	19.2	17.4	99.5	1009.7
2021-09-11T01:30:26	1077	3600	12.5	18.6	17.0	100.0	1009.5
2021-09-11T02:32:26	1137	3600	12.4	18.5	17.1	100.0	1009.6
2021-09-11T03:33:26	1058	3600	12.4	18.3	16.9	100.0	1009.8
2021-09-11T04:35:26	1070	3600	12.3	18.4	16.9	100.0	1009.8
2021-09-11T05:36:26	1124	3600	12.3	18.9	17.1	100.0	1009.8
2021-09-11T06:38:26	1078	3600	12.3	19.1	17.3	99.8	1010.0
2021-09-11T07:39:26	1013	3600	12.3	20.1	17.8	99.0	1010.4
2021-09-11T08:41:26	1121	3600	12.5	21.4	18.8	96.8	1010.8
2021-09-11T09:43:26	1127	3600	12.7	22.1	19.2	97.5	1011.1
2021-09-11T10:44:26	1099	3600	12.7	23.9	20.1	90.6	1011.4
2021-09-11T11:46:26	1151	3600	13.3	28.3	21.7	84.1	1011.7
2021-09-11T12:47:26	1016	3600	14.0	30.3	23.0	78.9	1011.4
2021-09-11T13:49:26	1097	3600	13.1	31.2	24.1	70.5	1011.0
2021-09-11T14:50:26	1101	3600	12.7	30.5	24.2	68.1	1010.5
2021-09-11T15:52:26	1055	3600	13.1	29.9	24.4	69.3	1010.4
2021-09-11T16:53:26	1048	3600	13.0	31.8	25.6	63.2	1010.7
2021-09-11T17:55:26	1097	3600	14.0	28.6	23.6	70.2	1010.7
2021-09-11T18:57:26	1083	3600	12.7	25.5	20.8	85.6	1010.5
2021-09-11T19:58:26	1077	3600	12.6	22.3	19.5	89.8	1010.9
2021-09-11T21:00:26	1078	3600	12.6	21.0	18.6	94.8	1011.6
2021-09-11T22:01:26	1065	3600	12.6	21.0	18.8	93.5	1011.4
2021-09-11T23:03:26	1084	3600	12.5	19.5	17.7	97.0	1011.9
2021-09-12T00:04:26	1127	3600	12.5	18.3	16.5	98.7	1012.1
2021-09-12T01:06:26	1068	3600	12.5	17.4	15.9	99.7	1012.0
2021-09-12T02:07:26	1049	3600	12.4	17.8	16.2	98.0	1011.9
2021-09-12T03:09:26	1096	3600	12.4	16.7	15.4	96.8	1011.7
2021-09-12T04:11:26	1116	3600	12.4	16.5	15.2	96.7	1011.7
2021-09-12T05:12:26	1100	3600	12.3	16.1	14.8	96.6	1011.8
2021-09-12T06:14:26	1126	3600	12.3	16.0	14.8	95.9	1011.5
2021-09-12T07:15:26	1095	3600	12.3	16.5	14.6	97.1	1011.7
2021-09-12T08:17:26	1135	3600	12.8	18.8	16.1	92.4	1011.9
2021-09-12T09:18:26	1068	3600	12.6	20.3	17.4	92.5	1012.2
2021-09-12T10:20:26	1061	3600	12.7	22.1	18.1	90.0	1012.5
2021-09-12T11:21:26	1106	3600	12.7	22.6	18.9	88.5	1012.5
2021-09-12T12:23:26	1032	3600	14.0	27.0	20.5	83.2	1012.4
2021-09-12T13:25:26	1023	3600	12.7	26.9	21.3	77.9	1012.3
2021-09-12T14:26:26	1089	3600	12.6	26.0	21.2	75.3	1011.9
2021-09-12T15:28:26	1154	3600	12.8	26.5	21.6	72.2	1011.5
2021-09-12T16:29:26	1058	3600	12.7	24.8	20.3	80.4	1011.6
2021-09-12T17:31:26	1107	3600	12.7	24.2	20.0	84.2	1011.3
2021-09-12T18:33:26	1060	3600	12.5	23.6	20.0	85.4	1010.9
2021-09-12T19:34:26	1131	3600	12.5	21.4	18.6	87.8	1010.8
2021-09-12T20:36:26	1067	3600	12.5	18.7	17.1	93.5	1011.1
2021-09-12T21:38:26	1080	3600	12.4	18.9	17.2	94.7	1011.7
2021-09-12T22:39:26	1081	3600	12.3	18.8	17.1	94.2	1012.0
2021-09-12T23:41:26	1111	3600	12.2	17.3	15.8	96.4	1012.1
2021-09-13T00:42:26	1140	3600	12.3	16.8	15.4	96.6	1012.2
2021-09-13T01:44:26	1143	3600	12.3	15.9	14.4	98.2	1012.0
2021-09-13T02:45:26	1097	3600	12.3	15.2	13.9	99.3	1012.1
2021-09-13T03:47:26	1182	3600	12.2	14.9	13.4	99.7	1012.2
2021-09-13T04:48:26	1133	3600	12.2	14.5	13.0	99.7	1012.2
2021-09-13T05:50:26	1120	3600	12.2	14.3	12.7	100.0	1012.6
2021-09-13T06:51:26	1065	3600	12.2	14.6	12.6	100.0	1012.8
2021-09-13T07:53:26	1092	3600	12.5	16.4	13.9	95.0	1012.8
2021-09-13T08:54:26	1097	3600	12.7	18.5	15.9	88.8	1013.1
2021-09-13T09:56:26	1142	3600	14.0	23.4	17.0	87.2	1013.6
2021-09-13T10:58:26	1129	3600	12.7	23.8	18.0	82.8	1014.1
2021-09-13T11:59:26	1064	3600	12.7	24.0	18.4	80.7	1014.4
2021-09-13T13:01:26	1106	3600	12.7	22.2	18.0	83.1	1014.7
2021-09-13T14:03:26	1118	3600	12.7	23.2	18.6	77.5	1014.7
2021-09-13T15:04:26	1079	3600	13.2	24.9	19.5	73.7	1014.4
2021-09-13T16:06:26	1126	3600	12.7	25.6	20.0	68.5	1014.1
2021-09-13T17:07:26	1118	3600	12.7	23.2	18.7	71.5	1014.1
2021-09-13T18:09:26	1080	3600	12.8	23.1	19.6	72.7	1013.8
2021-09-13T19:11:26	1165	3600	12.6	19.9	16.5	85.6	1014.0
2021-09-13T20:12:26	1124	3600	12.5	17.3	15.1	89.8	1014.3
2021-09-13T21:14:26	1173	3600	12.5	15.3	13.7	97.0	1014.4
2021-09-13T22:15:26	1112	3600	12.4	14.8	13.3	96.2	1014.7
2021-09-13T23:17:26	1102	3600	12.4	13.6	12.2	98.9	1014.7
2021-09-14T00:18:26	1185	3600	12.4	12.8	11.6	99.8	1014.9
2021-09-14T01:20:26	1104	3600	12.3	12.3	11.2	100.0	1015.1
2021-09-14T02:21:26	1141	3600	12.2	13.9	12.0	100.0	1015.0
2021-09-14T03:23:26	1152	3600	12.3	13.1	11.7	100.0	1014.7
2021-09-14T04:24:26	1119	3600	12.2	12.9	11.3	100.0	1014.4
2021-09-14T05:26:26	1132	3600	12.2	12.6	11.5	100.0	1014.3
2021-09-14T06:28:26	1129	3600	12.2	11.7	9.9	100.0	1014.2
2021-09-14T07:29:26	1129	3600	12.2	13.1	11.3	100.0	1014.2
2021-09-14T08:31:26	1144	3600	12.7	16.7	15.1	85.8	1014.5
2021-09-14T09:32:26	1063	3600	14.0	21.9	16.9	78.3	1014.5
2021-09-14T10:34:26	1128	3600	14.0	25.4	18.1	74.2	1014.4
2021-09-14T11:36:26	1135	3600	14.0	26.7	19.0	73.1	1014.3
2021-09-14T12:37:26	1088	3600	14.0	28.0	20.3	69.2	1014.2
2021-09-14T13:39:26	1125	3600	13.0	27.7	20.7	64.0	1013.8
2021-09-14T14:40:26	1103	3600	13.1	29.1	21.5	59.5	1013.4
2021-09-14T15:42:26	1157	3600	13.0	29.4	22.6	57.6	1013.0
2021-09-14T16:43:26	1086	3600	13.1	28.9	22.4	58.5	1012.5
2021-09-14T17:45:26	1166	3600	12.7	26.4	22.1	59.3	1012.1
2021-09-14T18:47:26	1141	3600	12.7	24.9	20.8	64.0	1012.0
2021-09-14T19:48:26	1197	3600	12.7	20.3	17.9	75.4	1012.3
2021-09-14T20:50:26	1101	3600	12.6	19.2	17.6	76.8	1012.1
2021-09-14T21:51:26	1138	3600	12.6	18.3	16.8	78.4	1011.9
2021-09-14T22:53:26	1143	3600	12.6	17.9	16.4	79.8	1011.6
2021-09-14T23:54:26	1180	3600	12.6	18.2	16.6	80.6	1011.4
2021-09-15T00:56:26	1140	3600	12.5	18.2	16.8	81.3	1011.2
2021-09-15T01:57:26	1121	3600	12.5	18.0	16.3	84.2	1010.6
2021-09-15T02:59:26	1219	3600	12.4	17.4	15.7	86.8	1010.3
2021-09-15T04:00:26	1213	3600	12.4	17.8	16.0	86.7	1009.6
2021-09-15T05:02:26	1218	3600	12.4	17.8	15.8	88.6	1009.2
2021-09-15T06:04:26	1128	3600	12.4	17.7	15.4	89.7	1008.8
2021-09-15T07:05:26	1188	3600	12.4	18.0	15.4	90.5	1008.7
2021-09-15T08:07:26	1173	3600	12.4	19.0	16.0	88.7	1008.6
2021-09-15T09:08:26	1215	3600	12.7	21.6	18.4	80.7	1008.4
2021-09-15T10:10:26	1201	3600	13.6	27.1	21.1	73.0	1008.2
2021-09-15T11:11:26	1149	3600	12.7	25.6	20.9	73.3	1008.1
2021-09-15T12:13:26	1189	3600	12.7	27.5	22.5	69.7	1007.6
2021-09-15T13:14:26	1133	3600	12.7	27.2	23.2	68.8	1007.1
2021-09-15T14:16:26	1175	3600	12.7	27.4	23.7	67.3	1007.2
2021-09-15T15:18:26	1190	3600	12.7	23.8	19.8	94.4	1007.0
2021-09-15T16:19:26	1170	3600	12.6	23.1	19.5	95.9	1006.8
2021-09-15T17:21:26	1118	3600	12.5	22.5	19.3	97.1	1006.0
2021-09-15T18:22:26	1195	3600	12.5	22.5	19.6	96.7	1005.7
2021-09-15T19:24:26	1118	3600	12.5	21.6	19.2	97.4	1005.4
2021-09-15T20:25:26	1117	3600	12.4	21.1	19.0	98.1	1005.3
2021-09-15T21:27:26	1138	3600	12.4	20.9	18.8	97.9	1005.4
2021-09-15T22:28:26	1124	3600	12.4	20.5	18.5	98.5	1005.2
2021-09-15T23:30:26	1155	3600	12.3	20.9	18.9	98.4	1005.2
2021-09-16T00:32:26	1104	3600	12.3	20.9	18.9	98.4	1005.2
2021-09-16T01:34:26	1219	3600	12.3	21.1	19.0	98.3	1005.5
2021-09-16T02:36:26	1187	3600	12.3	20.9	18.8	97.6	1005.7
2021-09-16T03:37:26	1145	3600	12.3	20.7	18.4	93.5	1006.2
2021-09-16T04:39:26	1092	3600	12.2	20.3	17.9	96.6	1006.4
2021-09-16T05:40:26	1141	3600	12.2	20.2	18.0	95.7	1006.6
2021-09-16T06:42:26	1108	3600	12.2	19.4	16.9	93.9	1007.1
2021-09-16T07:43:26	1125	3600	12.2	19.6	16.6	94.1	1007.6
2021-09-16T08:45:26	1200	3600	12.3	20.0	16.8	91.6	1008.0
2021-09-16T09:47:26	1093	3600	12.6	21.4	17.2	83.9	1008.4
2021-09-16T10:49:26	1143	3600	12.8	21.1	17.1	78.4	1008.8
2021-09-16T11:50:26	1102	3600	12.7	21.1	17.2	74.8	1008.8
2021-09-16T12:52:26	1180	3600	12.7	21.7	17.4	74.5	1008.9
2021-09-16T13:53:26	1169	3600	12.7	22.5	18.2	68.9	1008.9
2021-09-16T14:55:26	1130	3600	12.7	23.9	18.9	69.7	1008.6
2021-09-16T15:56:26	1174	3600	12.7	22.8	18.2	73.5	1008.4
2021-09-16T16:58:26	1142	3600	12.7	22.3	18.2	76.0	1008.5
2021-09-16T18:00:26	1151	3600	12.6	21.8	17.9	77.6	1008.5
2021-09-16T19:02:26	1155	3600	12.5	20.2	16.8	81.4	1008.7
2021-09-16T20:04:26	1184	3600	12.5	17.9	15.6	88.0	1008.8
2021-09-16T21:05:26	1167	3600	12.4	18.0	15.8	87.4	1008.8
2021-09-16T22:07:26	1161	3600	12.3	18.0	16.1	86.3	1008.9
2021-09-16T23:08:26	1209	3600	12.3	18.2	16.1	86.1	1008.9
2021-09-17T00:10:26	1126	3600	12.2	18.1	16.0	86.4	1009.0
2021-09-17T01:11:26	1176	3600	12.2	17.8	15.5	89.2	1008.6
2021-09-17T02:13:26	1149	3600	12.2	17.8	15.6	88.5	1008.6
2021-09-17T03:14:26	1114	3600	12.2	17.8	15.6	87.1	1008.3
2021-09-17T04:16:26	1178	3600	12.1	17.4	14.8	92.9	1008.1
2021-09-17T05:18:26	1119	3600	12.1	16.7	14.3	88.9	1007.7
2021-09-17T06:19:26	1233	3600	12.1	16.3	14.1	92.7	1007.7
2021-09-17T07:21:26	1128	3600	12.1	16.3	13.9	93.3	1008.0
2021-09-17T08:22:26	1185	3600	12.1	17.2	14.3	90.9	1008.2
2021-09-17T09:24:26	1153	3600	12.5	18.6	14.8	83.7	1008.2
2021-09-17T10:25:26	1180	3600	12.1	17.4	14.1	87.9	1008.4
2021-09-17T11:27:26	1152	3600	12.7	19.2	15.2	77.5	1008.7
2021-09-17T12:28:26	1185	3600	13.1	20.9	16.6	73.0	1008.5
2021-09-17T13:30:26	1187	3600	12.7	20.4	16.0	73.9	1008.7
2021-09-17T14:32:26	1145	3600	12.6	20.1	15.6	74.1	1008.8
2021-09-17T15:33:26	1160	3600	14.0	20.7	16.1	69.9	1008.7
2021-09-17T16:35:26	1206	3600	12.5	19.7	15.7	69.5	1008.9
2021-09-17T17:37:26	1181	3600	12.7	20.2	17.0	66.7	1008.7
2021-09-17T18:38:26	1251	3600	12.4	19.6	16.0	67.8	1008.9
2021-09-17T19:40:26	1234	3600	12.3	16.8	14.3	75.2	1009.2
2021-09-17T20:41:26	1191	3600	12.2	16.2	13.9	78.2	1009.1
2021-09-17T21:43:26	1259	3600	12.2	15.9	13.6	81.7	1009.4
2021-09-17T22:44:26	1212	3600	12.1	15.6	13.3	83.7	1009.6
2021-09-17T23:46:26	1244	3600	12.1	15.4	13.1	85.2	1009.7
2021-09-18T00:47:26	1213	3600	12.1	15.2	12.9	85.5	1009.5
2021-09-18T01:49:26	1184	3600	12.1	15.1	12.9	84.8	1009.5
2021-09-18T02:51:26	1246	3600	12.0	14.8	12.5	87.5	1009.7
2021-09-18T03:52:26	1147	3600	12.1	14.8	12.6	88.9	1009.5
2021-09-18T04:56:26	1116	3600	12.1	15.0	12.7	88.5	1009.4
2021-09-18T05:58:26	1170	3600	12.1	14.8	12.4	92.3	1009.4
2021-09-18T07:00:26	1130	3600	12.1	14.6	12.1	96.7	1009.5
2021-09-18T08:02:26	1219	3600	12.0	15.1	12.2	99.0	1009.7
2021-09-18T09:03:26	1169	3600	12.1	15.8	12.9	99.1	1010.1
2021-09-18T10:05:26	1106	3600	12.1	17.6	14.6	97.0	1010.5
2021-09-18T11:06:26	1202	3600	12.6	19.6	16.2	91.5	1010.8
2021-09-18T12:08:26	1153	3600	12.6	20.0	16.0	90.5	1011.2
2021-09-18T13:09:26	1123	3600	12.7	22.4	17.4	81.0	1011.4
2021-09-18T14:11:26	1120	3600	12.6	22.1	17.4	80.0	1011.8
2021-09-18T15:12:26	1185	3600	12.5	20.5	15.9	82.1	1012.3
2021-09-18T16:14:26	1132	3600	12.4	19.7	15.6	81.7	1012.3
2021-09-18T17:16:26	1113	3600	12.4	19.7	15.7	82.8	1012.5
2021-09-18T18:17:26	1163	3600	12.3	17.7	14.3	88.4	1012.8
2021-09-18T19:19:26	1069	3600	12.3	16.9	14.3	89.9	1012.9
2021-09-18T20:20:26	1136	3600	12.2	16.5	14.3	87.7	1013.5
2021-09-18T21:22:26	1132	3600	12.2	16.2	13.9	88.0	1014.0
2021-09-18T22:24:26	1123	3600	12.1	15.7	13.5	87.1	1014.1
2021-09-18T23:25:26	1189	3600	12.1	15.5	13.3	87.2	1014.2
2021-09-19T00:27:26	1036	3600	12.1	15.2	13.0	86.2	1014.3
2021-09-19T01:29:26	1167	3600	12.0	14.7	12.5	86.1	1014.3
2021-09-19T02:30:26	1068	3600	12.0	14.4	12.2	85.4	1014.0
2021-09-19T03:32:26	1108	3600	12.0	14.3	12.2	81.5	1013.8
2021-09-19T04:33:26	1205	3600	12.0	13.9	11.7	84.5	1013.4
2021-09-19T05:35:26	1121	3600	12.0	13.6	11.3	90.9	1013.4
2021-09-19T06:36:26	1160	3600	12.0	13.4	11.2	92.3	1013.6
2021-09-19T07:38:26	1138	3600	12.0	13.9	11.3	91.8	1013.7
2021-09-19T08:40:26	1149	3600	12.0	14.8	11.9	87.9	1013.9
2021-09-19T09:41:26	1139	3600	12.1	15.8	12.6	85.3	1013.8
2021-09-19T10:43:26	1109	3600	12.7	18.2	14.2	75.6	1014.0
2021-09-19T11:44:26	1234	3600	12.6	19.7	14.4	67.9	1014.1
2021-09-19T12:46:26	1141	3600	12.7	22.2	15.5	61.4	1013.9
2021-09-19T13:47:26	1194	3600	12.7	21.0	15.8	57.4	1013.8
2021-09-19T14:50:26	1174	3600	12.5	19.7	14.8	61.0	1013.6
2021-09-19T15:51:26	1142	3600	12.6	19.3	14.8	65.7	1013.6
2021-09-19T16:53:26	1159	3600	12.4	18.2	14.3	69.7	1013.5
2021-09-19T17:54:26	1158	3600	12.3	17.6	14.2	69.9	1013.5
2021-09-19T18:56:26	1142	3600	12.3	16.4	13.4	74.6	1013.5
2021-09-19T19:57:26	1212	3600	12.2	15.2	12.9	77.2	1013.9
2021-09-19T20:59:26	1093	3600	12.2	14.8	12.6	75.3	1014.2
2021-09-19T22:00:26	1126	3600	12.1	14.4	12.2	77.7	1014.6
2021-09-19T23:02:26	1109	3600	12.1	14.0	11.8	78.0	1014.8
2021-09-20T00:03:26	1177	3600	12.1	13.6	11.5	80.6	1014.9
2021-09-20T01:05:26	1126	3600	12.1	13.2	11.0	82.9	1015.0
2021-09-20T02:07:26	1122	3600	12.0	13.0	11.0	82.9	1015.0
2021-09-20T03:08:26	1124	3600	12.0	12.7	10.6	86.1	1015.0
2021-09-20T04:10:26	1131	3600	12.0	12.6	10.6	85.9	1015.2
2021-09-20T05:11:26	1148	3600	12.0	12.5	10.4	87.2	1015.2
2021-09-20T06:13:26	1184	3600	12.0	12.3	10.1	90.9	1015.6
2021-09-20T07:15:26	1143	3600	12.0	12.6	10.3	90.4	1015.9
2021-09-20T08:16:26	1132	3600	12.0	13.7	11.0	85.9	1016.2
2021-09-20T09:18:26	1176	3600	12.1	15.4	12.1	82.6	1016.4
2021-09-20T10:19:26	1205	3600	12.4	17.2	12.9	75.4	1016.8
2021-09-20T11:21:26	1154	3600	13.9	21.8	14.1	73.4	1017.0
2021-09-20T12:22:26	1127	3600	12.7	22.5	15.3	65.1	1017.1
2021-09-20T13:24:26	1119	3600	12.8	21.9	15.5	64.3	1016.9
2021-09-20T14:26:26	1155	3600	12.5	20.1	14.9	66.9	1016.9
2021-09-20T15:27:26	1109	3600	12.4	18.2	14.3	72.1	1017.3
2021-09-20T16:29:26	1106	3600	12.4	17.9	14.3	72.5	1017.5
2021-09-20T17:30:26	1118	3600	12.4	17.8	14.3	79.3	1017.8
2021-09-20T18:32:26	1140	3600	12.3	16.8	13.4	79.4	1018.1
2021-09-20T19:33:26	1079	3600	12.3	14.7	12.4	81.8	1018.7
2021-09-20T20:35:26	1111	3600	12.3	13.9	11.9	85.5	1019.2
2021-09-20T21:37:26	1071	3600	12.2	13.5	11.5	85.9	1019.4
2021-09-20T22:39:26	1101	3600	12.1	12.9	10.9	91.3	1020.0
2021-09-20T23:40:26	1103	3600	12.1	12.7	10.8	93.4	1020.4
2021-09-21T00:42:26	1119	3600	12.1	12.2	10.1	95.0	1020.4
2021-09-21T01:43:26	1106	3600	12.1	12.0	10.1	97.4	1020.6
2021-09-21T02:45:26	1087	3600	12.1	11.8	9.8	97.5	1020.7
2021-09-21T03:46:26	1125	3600	12.0	11.9	10.1	96.8	1020.9
2021-09-21T04:50:26	1160	3600	12.0	11.7	9.8	97.6	1020.8
2021-09-21T05:53:26	1085	3600	12.0	11.7	9.8	98.3	1021.1
2021-09-21T06:54:26	1115	3600	12.0	11.7	9.8	98.8	1021.6
2021-09-21T07:56:26	1121	3600	12.0	13.0	10.4	97.5	1021.8
2021-09-21T08:57:26	1115	3600	12.1	14.7	11.6	92.6	1022.6
2021-09-21T09:59:26	1084	3600	12.9	17.5	13.6	81.3	1022.9
2021-09-21T11:01:26	1117	3600	13.4	23.1	14.7	65.0	1023.1
2021-09-21T12:02:26	1055	3600	14.0	23.4	15.5	63.9	1022.9
2021-09-21T13:04:26	1091	3600	12.7	19.6	14.5	67.0	1023.3
2021-09-21T14:05:26	1085	3600	12.7	20.5	15.2	63.4	1023.1
2021-09-21T15:07:26	1124	3600	12.7	20.7	15.5	63.1	1022.4
2021-09-21T16:09:26	1065	3600	12.6	18.8	14.7	66.9	1022.6
2021-09-21T17:10:26	1111	3600	12.5	17.9	14.3	67.1	1022.2
2021-09-21T18:12:26	1058	3600	12.4	16.5	13.0	79.1	1022.6
2021-09-21T19:14:26	1144	3600	12.3	15.0	12.3	85.1	1022.1
2021-09-21T20:16:26	1054	3600	12.4	14.3	12.2	85.2	1021.7
2021-09-21T21:17:26	1099	3600	12.3	15.0	13.2	78.5	1021.2
2021-09-21T22:19:26	1126	3600	12.3	15.0	13.3	80.4	1021.1
2021-09-21T23:20:26	1140	3600	12.3	15.0	12.8	87.9	1021.0
2021-09-22T00:22:26	1177	3600	12.3	15.0	12.9	90.0	1020.9
2021-09-22T01:26:26	1121	3600	12.2	14.5	12.5	92.0	1020.6
2021-09-22T02:28:26	1118	3600	12.2	13.9	12.2	94.6	1020.7
2021-09-22T03:29:26	1089	3600	12.2	14.1	12.3	94.4	1020.7
2021-09-22T04:31:26	1081	3600	12.1	14.3	12.3	93.7	1020.7
2021-09-22T05:32:26	1161	3600	12.1	13.3	11.3	95.9	1020.9
2021-09-22T06:34:26	1130	3600	12.1	12.9	10.9	97.4	1021.3
2021-09-22T07:36:26	1177	3600	12.1	13.9	11.2	96.7	1021.7
2021-09-22T08:37:26	1167	3600	12.1	14.9	11.7	95.0	1022.1
2021-09-22T09:39:26	1092	3600	12.3	15.9	12.4	93.3	1022.5
2021-09-22T10:41:26	1121	3600	12.5	17.9	13.7	88.3	1022.7
2021-09-22T11:43:26	1051	3600	12.7	19.0	14.8	83.6	1022.5
2021-09-22T12:44:26	1065	3600	13.0	22.2	16.4	72.5	1022.1
2021-09-22T13:46:26	1040	3600	14.0	23.8	17.2	67.6	1021.8
2021-09-22T14:47:26	1119	3600	12.6	22.3	17.5	66.0	1021.3
2021-09-22T15:49:26	1134	3600	13.9	22.4	18.1	65.3	1020.7
2021-09-22T16:51:26	1057	3600	12.7	23.0	18.4	62.9	1020.1
2021-09-22T17:52:26	1092	3600	12.8	23.0	18.4	66.7	1019.7
2021-09-22T18:54:26	1094	3600	12.5	19.3	15.8	74.4	1019.5
2021-09-22T19:56:26	1099	3600	12.4	15.8	13.6	84.8	1019.3
2021-09-22T20:57:26	1071	3600	12.4	14.0	12.8	89.1	1018.9
2021-09-22T21:59:26	1115	3600	12.3	12.6	11.4	97.4	1018.8
2021-09-22T23:00:26	1141	3600	12.3	12.5	11.7	92.9	1018.4
2021-09-23T00:02:26	1131	3600	12.2	12.3	11.7	92.7	1017.8
2021-09-23T01:04:26	1089	3600	12.2	11.7	10.9	95.8	1017.4
2021-09-23T02:05:26	1109	3600	12.2	12.1	11.2	94.8	1017.0
2021-09-23T03:07:26	1067	3600	12.2	12.1	11.1	94.8	1016.3
2021-09-23T04:08:26	1118	3600	12.2	11.7	10.7	96.6	1015.5
2021-09-23T05:10:26	1129	3600	12.2	11.7	10.8	96.5	1014.5
2021-09-23T06:12:26	1127	3600	12.1	11.6	10.5	96.6	1014.0
2021-09-23T07:13:26	1224	3600	12.1	11.8	10.2	96.9	1013.3
2021-09-23T08:15:26	1201	3600	12.3	13.7	11.8	91.0	1013.3
2021-09-23T09:16:26	1179	3600	12.7	16.1	14.0	83.0	1012.5
2021-09-23T10:18:26	1160	3600	13.2	21.5	16.2	78.2	1011.6
2021-09-23T11:20:26	1216	3600	13.3	22.0	17.0	70.0	1010.5
2021-09-23T12:21:26	1180	3600	14.0	23.8	18.4	64.0	1009.5
2021-09-23T13:23:26	1139	3600	14.0	22.6	18.8	62.8	1008.2
2021-09-23T14:24:26	1227	3600	12.7	22.8	19.3	55.5	1007.3
2021-09-23T15:26:26	1188	3600	12.7	22.3	19.1	56.0	1006.1
2021-09-23T16:28:26	1221	3600	12.6	22.5	18.9	56.9	1005.8
2021-09-23T17:29:26	1233	3600	12.5	21.7	18.7	57.9	1004.7
2021-09-23T18:31:26	1279	3600	12.5	21.2	18.3	63.3	1003.7
2021-09-23T19:32:26	1145	3600	12.5	20.5	18.3	67.1	1003.6
2021-09-23T20:34:26	1207	3600	12.4	20.2	18.0	69.9	1003.5
2021-09-23T21:35:26	1228	3600	12.4	18.1	14.7	87.7	1004.5
2021-09-23T22:37:26	1246	3600	12.4	17.2	14.9	85.7	1004.8
2021-09-23T23:39:26	1177	3600	12.4	16.8	14.6	84.0	1005.3
2021-09-24T00:40:26	1239	3600	12.3	16.0	13.9	76.4	1005.7
2021-09-24T01:42:26	1246	3600	12.4	15.4	13.4	73.4	1006.4
2021-09-24T02:43:26	1175	3600	12.3	14.6	12.8	74.8	1006.5
2021-09-24T03:45:26	1291	3600	12.3	14.2	12.4	78.6	1006.7
2021-09-24T04:48:26	1200	3600	12.3	14.1	12.2	81.1	1007.2
2021-09-24T05:50:26	1293	3600	12.2	14.5	12.4	80.9	1007.8
2021-09-24T06:51:26	1192	3600	12.2	13.9	11.8	84.0	1008.1
2021-09-24T07:53:26	1236	3600	12.2	14.3	11.6	85.8	1008.5
2021-09-24T08:54:26	1212	3600	12.8	16.5	13.0	82.9	1009.1
2021-09-24T09:56:26	1239	3600	12.7	19.0	14.3	77.6	1009.1
2021-09-24T10:57:26	1268	3600	14.0	21.7	15.4	73.0	1009.3
2021-09-24T11:59:26	1177	3600	12.7	20.0	15.7	76.1	1009.6
2021-09-24T13:01:26	1209	3600	12.8	20.3	16.0	77.4	1009.5
2021-09-24T14:03:26	1159	3600	12.8	20.4	16.2	79.3	1009.2
2021-09-24T15:04:26	1222	3600	12.7	20.7	16.9	78.5	1008.8
2021-09-24T16:06:26	1206	3600	12.8	21.1	17.2	76.0	1008.6
2021-09-24T17:07:26	1173	3600	12.5	20.4	17.2	76.8	1008.5
2021-09-24T18:09:26	1282	3600	12.5	19.9	16.9	79.7	1008.8
2021-09-24T19:11:26	1179	3600	12.5	18.9	16.8	80.6	1008.9
2021-09-24T20:12:26	1141	3600	12.4	18.7	16.6	82.0	1009.3
2021-09-24T21:14:26	1250	3600	12.4	18.8	16.9	82.1	1009.3
2021-09-24T22:15:26	1204	3600	12.4	19.1	17.3	81.6	1009.2
2021-09-24T23:17:26	1179	3600	12.3	19.2	17.2	82.2	1009.3
2021-09-25T00:18:26	1196	3600	12.3	19.1	17.0	83.1	1009.3
2021-09-25T01:20:26	1172	3600	12.3	18.9	16.9	83.2	1008.9
2021-09-25T02:22:26	1208	3600	12.3	18.9	17.0	82.0	1008.8
2021-09-25T03:23:26	1162	3600	12.2	19.0	17.1	81.7	1008.9
2021-09-25T04:25:26	1194	3600	12.2	19.0	17.2	81.2	1008.9
2021-09-25T05:26:26	1136	3600	12.2	18.7	16.7	82.7	1009.1
2021-09-25T06:28:26	1208	3600	12.2	18.5	16.3	85.9	1009.6
2021-09-25T07:29:26	1176	3600	12.1	18.3	15.7	90.6	1009.7
2021-09-25T08:31:26	1214	3600	12.2	19.5	16.5	88.0	1010.1
2021-09-25T09:32:26	1165	3600	12.6	21.4	17.5	85.4	1010.5
2021-09-25T10:34:26	1247	3600	12.6	22.3	17.9	83.9	1010.8
2021-09-25T11:36:26	1174	3600	12.7	22.6	18.4	82.5	1011.3
2021-09-25T12:38:26	1101	3600	12.7	23.3	18.9	87.0	1011.7
2021-09-25T13:39:26	1180	3600	12.6	24.4	19.8	78.4	1011.8
2021-09-25T14:41:26	1187	3600	12.7	24.9	20.3	76.0	1011.8
2021-09-25T15:42:26	1196	3600	12.8	24.5	20.3	76.0	1012.0
2021-09-25T16:44:26	1179	3600	12.6	25.8	20.6	75.2	1011.8
2021-09-25T17:45:26	1132	3600	12.5	24.0	19.8	78.2	1012.0
2021-09-25T18:47:26	1200	3600	12.4	22.5	19.2	80.7	1012.2
2021-09-25T19:49:26	1191	3600	12.4	18.9	17.2	88.7	1012.4
2021-09-25T20:50:26	1144	3600	12.3	18.0	16.4	92.4	1013.0
2021-09-25T21:52:26	1162	3600	12.3	17.1	15.5	95.1	1013.2
2021-09-25T22:53:26	1165	3600	12.2	16.5	15.2	96.5	1013.3
2021-09-25T23:55:26	1157	3600	12.2	16.0	14.5	98.1	1013.3
2021-09-26T00:57:26	1163	3600	12.2	16.1	14.3	99.2	1013.6
2021-09-26T01:58:26	1116	3600	12.2	16.3	14.3	98.3	1013.7
2021-09-26T03:00:26	1192	3600	12.1	16.4	14.5	98.1	1013.6
2021-09-26T04:02:26	1085	3600	12.1	16.6	14.9	97.4	1013.7
2021-09-26T05:03:26	1127	3600	12.1	16.9	15.3	96.0	1013.6
2021-09-26T06:05:26	1114	3600	12.1	16.6	14.8	96.9	1013.6
2021-09-26T07:06:26	1167	3600	12.1	16.5	14.5	98.9	1013.6
2021-09-26T08:08:26	1152	3600	12.4	18.5	16.4	92.4	1013.4
2021-09-26T09:10:26	1183	3600	12.8	22.3	18.0	84.5	1013.5
2021-09-26T10:11:26	1189	3600	14.0	26.9	19.8	75.3	1013.5
2021-09-26T11:13:26	1161	3600	14.0	28.7	21.1	72.9	1013.5
2021-09-26T12:14:26	1155	3600	14.0	28.8	21.9	67.6	1013.5
2021-09-26T13:16:26	1221	3600	14.0	30.3	23.4	63.4	1012.9
2021-09-26T14:17:26	1116	3600	14.0	31.1	23.7	58.9	1012.6
2021-09-26T15:19:26	1135	3600	14.0	31.8	25.1	55.4	1012.3
2021-09-26T16:21:26	1159	3600	14.0	31.6	25.2	54.3	1012.1
2021-09-26T17:22:26	1145	3600	14.0	30.3	24.7	55.6	1012.0
2021-09-26T18:24:26	1144	3600	12.7	27.0	23.1	60.0	1011.8
2021-09-26T19:25:26	1192	3600	12.6	22.9	20.6	69.1	1011.7
2021-09-26T20:27:26	1212	3600	12.6	21.1	19.5	72.4	1012.2
2021-09-26T21:28:26	1165	3600	12.5	20.1	18.7	74.8	1012.4
2021-09-26T22:30:26	1169	3600	12.5	19.6	18.1	78.3	1012.3
2021-09-26T23:31:26	1159	3600	12.5	18.9	17.4	81.7	1012.2
2021-09-27T00:33:26	1145	3600	12.5	18.9	17.6	81.4	1012.0
2021-09-27T01:35:26	1150	3600	12.5	18.6	17.2	83.8	1012.0
2021-09-27T02:36:26	1176	3600	12.5	18.2	16.6	85.9	1011.8
2021-09-27T03:38:26	1148	3600	12.4	17.8	16.2	87.9	1011.7
2021-09-27T04:40:26	1184	3600	12.4	17.5	15.4	91.1	1012.5
2021-09-27T05:41:26	1198	3600	12.3	16.9	15.1	92.7	1012.2
2021-09-27T06:43:26	1197	3600	12.4	17.1	15.1	94.7	1012.8
2021-09-27T07:45:26	1189	3600	12.3	17.9	15.3	95.8	1012.6
2021-09-27T08:46:26	1155	3600	12.5	18.9	15.9	94.8	1012.1
2021-09-27T09:48:26	1218	3600	12.6	20.9	17.1	91.3	1012.4
2021-09-27T10:49:26	1157	3600	12.6	21.6	18.0	87.5	1012.5
2021-09-27T11:51:26	1221	3600	12.7	21.5	17.7	93.2	1012.6
2021-09-27T12:53:26	1157	3600	12.7	22.9	19.1	87.3	1012.6
2021-09-27T13:54:26	1189	3600	12.7	23.9	19.9	85.3	1012.5
2021-09-27T14:55:26	1139	3600	12.8	24.2	20.0	83.8	1012.3
2021-09-27T15:57:26	1152	3600	12.7	23.9	19.8	84.8	1012.1
2021-09-27T16:59:26	1151	3600	12.6	23.6	19.9	84.3	1012.0
2021-09-27T18:00:26	1153	3600	12.5	22.3	19.0	87.3	1012.0
2021-09-27T19:02:26	1184	3600	12.4	20.5	18.2	89.9	1012.2
2021-09-27T20:04:26	1234	3600	12.3	19.7	17.6	91.8	1012.4
2021-09-27T21:05:26	1169	3600	12.3	19.4	17.5	92.5	1012.6
2021-09-27T22:07:26	1106	3600	12.3	19.3	17.5	92.9	1012.8
2021-09-27T23:09:26	1223	3600	12.3	18.8	17.2	94.1	1012.8
2021-09-28T00:10:26	1127	3600	12.3	18.4	17.0	95.3	1013.1
2021-09-28T01:12:26	1210	3600	12.3	18.3	16.7	96.3	1013.3
2021-09-28T02:14:26	1144	3600	12.2	18.0	16.4	97.3	1013.9
2021-09-28T03:15:26	1107	3600	12.2	17.6	16.2	95.7	1014.3
2021-09-28T04:17:26	1167	3600	12.2	18.2	16.5	93.7	1014.6
2021-09-28T05:18:26	1069	3600	12.2	18.2	16.1	90.1	1015.0
2021-09-28T06:20:26	1141	3600	12.2	17.2	14.9	90.7	1015.8
2021-09-28T07:21:26	1115	3600	12.1	17.2	14.8	91.2	1016.5
2021-09-28T08:23:26	1102	3600	12.2	17.7	14.8	92.7	1017.1
2021-09-28T09:24:26	1131	3600	12.2	17.7	14.6	93.8	1017.7
2021-09-28T10:26:26	1149	3600	12.3	18.3	14.8	92.0	1018.3
2021-09-28T11:27:26	1179	3600	12.6	19.5	15.2	86.5	1018.6
2021-09-28T12:29:26	1174	3600	12.7	20.4	16.5	84.5	1018.6
2021-09-28T13:30:26	1179	3600	13.1	24.0	17.6	70.1	1018.5
2021-09-28T14:32:26	1127	3600	12.7	24.2	18.5	61.5	1018.2
2021-09-28T15:34:26	1206	3600	12.7	23.5	18.6	58.8	1018.1
2021-09-28T16:35:26	1146	3600	12.7	22.1	18.2	62.7	1018.0
2021-09-28T17:37:26	1129	3600	12.6	21.2	17.3	69.6	1018.0
2021-09-28T18:38:26	1137	3600	12.5	18.6	15.8	69.0	1017.7
2021-09-28T19:40:26	1199	3600	12.5	15.9	14.0	80.6	1017.7
2021-09-28T20:42:26	1105	3600	12.5	13.8	11.8	90.0	1017.7
2021-09-28T21:43:26	1135	3600	12.5	13.0	11.5	93.7	1017.6
2021-09-28T22:45:26	1140	3600	12.4	13.2	11.7	96.4	1017.4
2021-09-28T23:47:26	1144	3600	12.4	13.1	11.8	98.0	1017.3
2021-09-29T00:48:26	1135	3600	12.3	12.4	10.9	98.7	1016.8
2021-09-29T01:50:26	1170	3600	12.2	12.8	11.5	99.8	1016.6
2021-09-29T02:51:26	1218	3600	12.3	12.8	11.5	100.0	1016.0
2021-09-29T03:53:26	1132	3600	12.2	12.2	11.0	100.0	1015.4
2021-09-29T04:56:26	1205	3600	12.2	12.2	10.5	100.0	1015.0
2021-09-29T05:58:26	1186	3600	12.2	13.7	12.1	100.0	1014.4
2021-09-29T06:59:26	1180	3600	12.1	14.4	12.5	100.0	1014.0
2021-09-29T08:01:26	1155	3600	12.1	15.4	13.2	100.0	1013.6
2021-09-29T09:02:26	1210	3600	12.1	16.2	13.8	99.9	1013.1
2021-09-29T10:04:26	1150	3600	12.1	16.2	14.1	98.8	1012.6
2021-09-29T11:05:26	1080	3600	12.1	16.8	14.3	99.8	1012.2
2021-09-29T12:07:26	1126	3600	12.3	17.9	14.7	99.6	1011.9
2021-09-29T13:09:26	1107	3600	12.1	17.7	14.7	98.5	1011.7
2021-09-29T14:11:26	1110	3600	12.5	19.3	15.5	94.1	1011.6
2021-09-29T15:13:26	1073	3600	12.5	19.8	15.9	92.4	1011.3
2021-09-29T16:14:26	1175	3600	12.7	22.3	17.7	84.4	1011.1
2021-09-29T17:16:26	1127	3600	12.7	21.8	18.1	81.8	1011.0
2021-09-29T18:17:26	1136	3600	12.4	20.2	16.5	89.3	1011.0
2021-09-29T19:19:26	1149	3600	12.3	17.2	15.1	89.1	1011.3
2021-09-29T20:20:26	1160	3600	12.2	15.6	12.9	93.0	1013.0
2021-09-29T21:22:26	1080	3600	12.2	14.5	12.3	93.3	1013.4
2021-09-29T22:23:26	1158	3600	12.1	13.6	11.7	84.1	1014.2
2021-09-29T23:25:26	1094	3600	12.1	12.2	10.8	83.2	1014.8
2021-09-30T00:27:26	1166	3600	12.0	11.3	10.0	84.7	1015.4
2021-09-30T01:29:26	1139	3600	12.1	11.0	10.0	82.3	1015.9
2021-09-30T02:31:26	1103	3600	12.0	10.8	9.6	83.1	1016.0
2021-09-30T03:33:26	1098	3600	12.0	10.2	8.9	87.2	1016.6
2021-09-30T04:34:26	1119	3600	12.0	10.3	8.8	86.8	1016.8
2021-09-30T05:36:26	1151	3600	12.0	10.8	9.3	85.6	1017.2
2021-09-30T06:37:26	1090	3600	11.9	10.5	9.3	84.9	1017.5
2021-09-30T07:39:26	1139	3600	12.0	12.1	9.8	83.2	1018.1
2021-09-30T08:41:26	1093	3600	12.0	12.7	10.1	82.6	1018.6
2021-09-30T09:42:26	1117	3600	12.2	13.7	10.6	81.1	1019.2
2021-09-30T10:44:26	1048	3600	12.7	15.9	11.8	76.6	1019.6
2021-09-30T11:45:26	1066	3600	14.0	19.8	13.7	72.8	1020.2
2021-09-30T12:47:26	1121	3600	12.7	20.5	14.7	67.6	1020.1
2021-09-30T13:48:26	1066	3600	12.7	18.5	14.3	67.2	1020.3
2021-09-30T14:50:26	1132	3600	12.7	22.0	15.4	58.3	1020.2
2021-09-30T15:51:26	1093	3600	12.7	21.0	15.7	58.9	1020.2
2021-09-30T16:53:26	1037	3600	12.7	18.7	14.4	60.4	1019.9
2021-09-30T17:54:26	1105	3600	12.6	17.9	14.0	63.0	1020.0
2021-09-30T18:56:26	1086	3600	12.5	14.9	12.5	70.3	1020.2
2021-09-30T19:58:26	1064	3600	12.5	13.1	11.5	74.4	1020.5
2021-09-30T20:59:26	1053	3600	12.4	12.7	11.5	74.7	1020.6
2021-09-30T22:01:26	1047	3600	12.4	11.8	10.8	76.8	1020.7
2021-09-30T23:05:26	1099	3600	12.4	11.4	10.4	77.9	1020.7
2021-10-01T00:08:26	1101	3600	12.4	10.7	9.3	79.7	1020.5
2021-10-01T01:09:26	1187	3600	12.3	10.8	9.1	80.5	1020.4
2021-10-01T02:11:26	1095	3600	12.4	10.3	8.7	81.6	1020.1
2021-10-01T03:12:26	1083	3600	12.3	9.5	8.4	83.9	1019.7
2021-10-01T04:14:26	1072	3600	12.3	9.2	7.8	86.8	1019.4
2021-10-01T05:15:26	1099	3600	12.3	8.9	7.5	88.1	1018.8
2021-10-01T06:17:26	1093	3600	12.2	8.5	7.2	88.0	1018.6
2021-10-01T07:18:26	1146	3600	12.2	8.8	7.1	87.3	1018.4
2021-10-01T08:20:26	1162	3600	12.6	11.5	8.7	81.4	1018.4
2021-10-01T09:22:26	1197	3600	12.7	13.3	10.7	74.3	1018.3
2021-10-01T10:23:26	1104	3600	14.0	18.5	13.1	66.0	1018.1
2021-10-01T11:25:26	1118	3600	14.0	20.6	14.7	66.2	1017.9
2021-10-01T12:26:26	1099	3600	14.0	22.5	16.2	59.1	1017.2
2021-10-01T13:28:26	1122	3600	14.0	23.9	17.6	55.8	1016.4
2021-10-01T14:29:26	1170	3600	14.0	25.3	18.8	52.2	1015.7
2021-10-01T15:31:26	1114	3600	14.0	25.9	19.6	46.8	1014.8
2021-10-01T16:32:26	1101	3600	14.0	24.5	18.3	49.5	1014.3
2021-10-01T17:34:26	1158	3600	12.7	21.1	17.4	49.6	1013.8
2021-10-01T18:36:26	1176	3600	12.6	18.0	14.9	57.5	1013.5
2021-10-01T19:37:26	1132	3600	12.6	15.4	13.7	62.7	1013.1
2021-10-01T20:39:26	1098	3600	12.5	14.7	13.1	62.7	1012.6
2021-10-01T21:40:26	1168	3600	12.5	13.7	12.2	67.3	1012.4
2021-10-01T22:42:26	1171	3600	12.5	13.2	11.7	71.9	1011.7
2021-10-01T23:43:26	1147	3600	12.5	12.2	10.6	76.8	1011.5
2021-10-02T00:45:26	1183	3600	12.4	11.6	10.3	79.3	1010.9
2021-10-02T01:47:26	1158	3600	12.4	11.3	10.0	81.0	1010.5
2021-10-02T02:48:26	1198	3600	12.3	10.6	9.5	83.2	1010.0
2021-10-02T03:50:26	1201	3600	12.4	11.1	10.0	81.7	1009.5
2021-10-02T04:54:26	1212	3600	12.3	11.3	10.1	83.7	1009.3
2021-10-02T05:56:26	1221	3600	12.4	11.6	10.4	83.3	1009.3
2021-10-02T06:58:26	1215	3600	12.3	11.6	10.2	85.1	1009.2
2021-10-02T07:59:26	1192	3600	12.3	12.6	10.5	86.4	1009.4
2021-10-02T09:01:26	1142	3600	12.6	15.2	13.2	78.5	1009.6
2021-10-02T10:02:26	1182	3600	12.7	16.5	13.3	79.8	1009.6
2021-10-02T11:04:26	1099	3600	14.0	24.0	16.4	68.9	1009.8
2021-10-02T12:05:26	1222	3600	14.0	25.2	17.9	63.5	1009.4
2021-10-02T13:07:26	1153	3600	14.0	26.8	19.6	58.3	1008.6
2021-10-02T14:08:26	1152	3600	14.0	27.7	20.6	58.0	1008.5
2021-10-02T15:10:26	1195	3600	13.1	26.2	19.8	61.2	1008.4
2021-10-02T16:11:26	1111	3600	12.7	25.1	20.5	57.0	1007.9
2021-10-02T17:13:26	1211	3600	12.9	24.8	19.5	62.2	1007.6
2021-10-02T18:15:26	1214	3600	12.6	20.8	17.4	70.1	1006.8
2021-10-02T19:17:26	1241	3600	12.6	18.0	16.0	76.6	1006.3
2021-10-02T20:18:26	1266	3600	12.5	16.8	15.2	77.4	1006.1
2021-10-02T21:20:26	1293	3600	12.5	16.4	15.0	76.6	1005.3
2021-10-02T22:21:26	1199	3600	12.5	16.4	15.0	78.5	1004.9
2021-10-02T23:23:26	1240	3600	12.5	16.7	15.7	77.2	1004.5
2021-10-03T00:24:26	1175	3600	12.4	16.9	15.7	76.8	1004.1
2021-10-03T01:26:26	1234	3600	12.5	17.2	16.0	74.4	1003.6
2021-10-03T02:27:26	1202	3600	12.4	17.6	16.0	73.4	1003.2
2021-10-03T03:29:26	1262	3600	12.4	17.5	15.9	71.0	1003.0
2021-10-03T04:30:26	1253	3600	12.4	17.4	15.5	68.6	1002.6
2021-10-03T05:32:26	1258	3600	12.3	17.3	15.3	68.1	1002.3
2021-10-03T06:34:26	1274	3600	12.3	17.1	15.1	68.6	1002.4
2021-10-03T07:35:26	1237	3600	12.3	17.5	15.2	68.2	1002.2
2021-10-03T08:37:26	1245	3600	12.3	18.1	15.4	68.1	1002.4
2021-10-03T09:38:26	1283	3600	12.3	18.8	15.6	69.7	1002.5
2021-10-03T10:40:26	1282	3600	12.6	20.0	16.5	67.9	1002.1
2021-10-03T11:41:26	1281	3600	12.6	20.7	17.1	66.4	1002.2
2021-10-03T12:43:26	1285	3600	13.1	24.3	20.0	59.8	1002.5
2021-10-03T13:44:26	1273	3600	12.7	24.3	21.1	57.0	1001.8
2021-10-03T14:46:26	1262	3600	12.7	25.0	21.8	57.2	1001.7
2021-10-03T15:47:26	1297	3600	12.8	26.6	22.5	55.9	1001.9
2021-10-03T16:49:26	1229	3600	12.6	24.9	22.0	53.2	1001.6
2021-10-03T17:51:26	1213	3600	12.5	23.7	21.2	58.0	1002.3
2021-10-03T18:52:26	1278	3600	12.5	22.4	20.5	59.8	1003.0
2021-10-03T19:53:26	1217	3600	12.4	22.0	19.8	61.3	1003.7
2021-10-03T20:55:26	1231	3600	12.4	21.5	19.4	62.6	1004.2
2021-10-03T21:57:26	1247	3600	12.4	20.9	18.9	64.7	1004.6
2021-10-03T22:58:26	1223	3600	12.3	20.4	18.3	66.9	1005.4
2021-10-04T00:00:26	1307	3600	12.3	19.5	17.2	73.4	1006.3
2021-10-04T01:01:26	1211	3600	12.3	19.1	17.2	76.4	1006.8
2021-10-04T02:03:26	1277	3600	12.3	18.7	16.9	80.0	1007.8
2021-10-04T03:04:26	1174	3600	12.2	18.9	16.9	80.4	1008.5
2021-10-04T04:06:26	1166	3600	12.2	17.9	15.5	82.9	1009.3
2021-10-04T05:07:26	1183	3600	12.3	16.9	14.5	86.3	1010.0
2021-10-04T06:09:26	1167	3600	12.2	16.3	13.9	87.1	1010.8
2021-10-04T07:11:26	1197	3600	12.2	15.9	13.5	89.4	1011.5
2021-10-04T08:12:26	1221	3600	12.2	16.0	13.2	91.6	1012.2
2021-10-04T09:14:26	1233	3600	12.2	16.5	13.5	88.5	1012.7
2021-10-04T10:15:26	1185	3600	12.2	17.1	13.9	85.0	1013.4
2021-10-04T11:17:26	1223	3600	12.2	17.5	14.2	84.1	1014.0
2021-10-04T12:18:26	1113	3600	12.2	18.0	14.6	79.3	1013.9
2021-10-04T13:20:26	1144	3600	12.2	17.9	14.5	81.7	1014.5
2021-10-04T14:21:26	1118	3600	12.2	18.1	14.3	81.9	1014.6
2021-10-04T15:23:26	1127	3600	12.1	17.8	14.4	81.6	1014.6
2021-10-04T16:24:26	1174	3600	12.1	17.9	14.5	82.3	1014.3
2021-10-04T17:26:26	1191	3600	12.1	17.4	14.3	82.9	1014.4
2021-10-04T18:28:26	1115	3600	12.1	16.5	13.7	87.5	1014.5
2021-10-04T19:29:26	1198	3600	12.1	14.8	12.6	92.6	1014.7
2021-10-04T20:31:26	1147	3600	12.0	14.2	12.6	91.9	1014.5
2021-10-04T21:32:26	1172	3600	12.1	13.9	12.0	93.6	1014.6
2021-10-04T22:34:26	1168	3600	12.1	14.0	12.2	92.8	1014.5
2021-10-04T23:35:26	1184	3600	12.0	14.0	12.1	93.6	1014.1
2021-10-05T00:37:26	1142	3600	12.0	14.3	12.4	93.2	1013.6
2021-10-05T01:38:26	1223	3600	12.0	14.5	12.5	93.0	1012.9
2021-10-05T02:40:26	1188	3600	12.0	14.6	12.5	93.7	1012.5
2021-10-05T03:42:26	1205	3600	12.0	14.6	12.4	94.7	1011.7
2021-10-05T04:43:26	1177	3600	11.9	14.7	12.6	92.1	1010.9
2021-10-05T05:45:26	1258	3600	12.0	14.5	12.5	92.3	1009.8
2021-10-05T06:46:26	1224	3600	12.0	14.3	12.1	96.7	1008.9
2021-10-05T07:48:26	1327	3600	12.0	14.1	11.7	96.4	1008.1
2021-10-05T08:49:26	1209	3600	12.0	14.4	11.6	97.4	1006.8
2021-10-05T09:51:26	1209	3600	12.0	15.1	12.2	97.8	1005.7
2021-10-05T10:52:26	1242	3600	11.9	15.1	12.4	98.5	1005.1
2021-10-05T11:54:26	1157	3600	12.0	15.4	12.5	99.3	1004.2
2021-10-05T12:56:26	1157	3600	12.0	16.0	12.9	98.9	1003.5
2021-10-05T13:57:26	1161	3600	11.9	16.5	13.3	98.8	1003.2
2021-10-05T14:59:26	1128	3600	11.9	16.0	12.5	98.7	1002.9
2021-10-05T16:01:26	1172	3600	12.0	15.8	12.2	98.8	1003.3
2021-10-05T17:03:26	1224	3600	12.0	15.5	12.0	97.9	1003.4
2021-10-05T18:05:26	1177	3600	11.9	14.7	11.7	97.3	1003.8
2021-10-05T19:06:26	1212	3600	11.9	14.1	11.5	97.9	1003.9
2021-10-05T20:08:26	1110	3600	11.9	13.5	11.4	97.8	1004.0
2021-10-05T21:09:26	1224	3600	11.8	13.2	11.4	99.2	1003.9
2021-10-05T22:11:26	1155	3600	11.8	13.6	11.8	98.7	1004.2
2021-10-05T23:13:26	1126	3600	11.8	13.1	11.3	98.1	1004.4
2021-10-06T00:14:26	1093	3600	11.8	12.6	11.0	99.0	1004.7
2021-10-06T01:16:26	1154	3600	11.8	12.5	11.1	98.4	1004.9
2021-10-06T02:17:26	1181	3600	11.8	12.8	11.3	97.1	1005.3
2021-10-06T03:19:26	1170	3600	11.7	13.1	11.6	96.7	1005.5
2021-10-06T04:20:26	1184	3600	11.7	13.6	12.1	96.2	1006.1
2021-10-06T05:22:26	1136	3600	11.7	13.9	12.0	97.8	1006.9
2021-10-06T06:24:26	1118	3600	11.7	13.7	11.8	97.2	1007.7
2021-10-06T07:25:26	1172	3600	11.7	12.9	11.3	96.4	1008.6
2021-10-06T08:27:26	1105	3600	12.4	15.2	12.3	90.7	1009.4
2021-10-06T09:28:26	1172	3600	12.8	19.3	13.7	84.3	1010.1
2021-10-06T10:30:26	1115	3600	13.1	23.4	14.6	80.4	1010.9
2021-10-06T11:32:26	1077	3600	13.8	26.0	15.7	76.0	1011.6
2021-10-06T12:33:26	1112	3600	12.8	24.7	15.3	72.8	1012.2
2021-10-06T13:35:26	1125	3600	13.3	21.7	16.1	68.7	1012.5
2021-10-06T14:36:26	1052	3600	12.7	20.9	16.0	69.3	1012.6
2021-10-06T15:38:26	1090	3600	12.9	21.3	16.7	68.1	1013.3
2021-10-06T16:39:26	1104	3600	12.7	20.2	16.0	66.2	1013.6
2021-10-06T17:41:26	1157	3600	12.7	20.9	16.5	62.5	1014.3
2021-10-06T18:42:26	1115	3600	12.4	16.7	13.7	74.6	1015.0
2021-10-06T19:44:26	1108	3600	12.4	13.5	12.0	83.9	1015.9
2021-10-06T20:45:26	1092	3600	12.4	11.9	10.8	89.9	1016.5
2021-10-06T21:47:26	1125	3600	12.4	11.3	10.7	89.6	1017.0
2021-10-06T22:49:26	1118	3600	12.2	10.8	9.9	93.2	1017.5
2021-10-06T23:50:26	1049	3600	12.3	9.8	8.9	97.3	1018.0
2021-10-07T00:52:26	1061	3600	12.2	9.4	8.7	97.5	1018.5
2021-10-07T01:53:26	1079	3600	12.2	9.2	8.2	97.5	1019.1
2021-10-07T02:55:26	1071	3600	12.2	8.6	7.3	98.2	1019.6
2021-10-07T03:56:26	1067	3600	12.2	8.0	7.2	99.9	1019.9
2021-10-07T05:00:26	1069	3600	12.1	7.6	6.8	100.0	1020.6
2021-10-07T06:02:26	1095	3600	12.1	7.5	5.9	99.8	1021.4
2021-10-07T07:04:26	1086	3600	12.1	7.1	6.1	100.0	1021.8
2021-10-07T08:05:26	1049	3600	12.4	9.1	7.0	100.0	1022.5
2021-10-07T09:07:26	1001	3600	12.7	13.9	12.2	79.4	1023.2
2021-10-07T10:09:26	1041	3600	14.0	19.6	13.8	80.3	1023.6
2021-10-07T11:10:26	1072	3600	14.0	22.9	13.8	78.1	1024.2
2021-10-07T12:12:26	1026	3600	14.0	25.4	16.2	68.7	1024.4
2021-10-07T13:14:26	1052	3600	14.0	26.5	17.0	63.3	1024.4
2021-10-07T14:15:26	1022	3600	14.0	27.3	17.2	62.9	1024.6
2021-10-07T15:17:26	1075	3600	14.0	27.7	19.1	57.0	1024.5
2021-10-07T16:18:26	1040	3600	14.0	26.9	18.8	58.9	1024.4
2021-10-07T17:20:26	984	3600	14.0	24.5	18.1	62.1	1024.6
2021-10-07T18:21:26	1055	3600	12.6	19.8	15.6	71.7	1024.9
2021-10-07T19:23:26	1041	3600	12.6	14.7	12.1	87.9	1025.5
2021-10-07T20:24:26	1017	3600	12.5	12.9	11.2	92.2	1025.8
2021-10-07T21:26:26	1020	3600	12.5	12.1	11.1	91.0	1026.0
2021-10-07T22:28:26	1039	3600	12.4	11.7	10.6	92.9	1026.1
2021-10-07T23:29:26	1032	3600	12.5	11.9	10.3	92.1	1026.2
2021-10-08T00:31:26	1008	3600	12.5	11.7	10.3	95.8	1026.2
2021-10-08T01:33:26	1040	3600	12.4	12.4	10.8	95.0	1026.4
2021-10-08T02:34:26	1043	3600	12.4	12.7	10.6	96.6	1026.3
2021-10-08T03:36:26	1017	3600	12.4	11.9	10.0	98.0	1026.5
2021-10-08T04:37:26	1018	3600	12.3	10.8	9.4	99.2	1026.4
2021-10-08T05:39:26	985	3600	12.3	11.2	9.5	99.7	1026.8
2021-10-08T06:41:26	1018	3600	12.4	11.3	9.1	100.0	1027.2
2021-10-08T07:42:26	995	3600	12.2	12.1	9.7	100.0	1027.6
2021-10-08T08:44:26	1045	3600	12.3	12.9	9.9	100.0	1028.1
2021-10-08T09:46:26	1047	3600	12.7	14.2	11.0	95.4	1028.4
2021-10-08T10:47:26	1003	3600	12.6	16.0	11.8	91.6	1028.4
2021-10-08T11:49:26	1000	3600	13.1	18.5	13.2	84.4	1028.4
2021-10-08T12:51:26	987	3600	14.0	22.5	15.0	77.9	1028.0
2021-10-08T13:52:26	1024	3600	14.0	23.9	16.6	56.6	1027.6
2021-10-08T14:54:26	1031	3600	14.0	24.4	17.2	57.1	1027.5
2021-10-08T15:55:26	984	3600	13.0	23.9	17.5	55.7	1027.3
2021-10-08T16:57:26	963	3600	12.7	21.2	16.9	52.0	1027.0
2021-10-08T17:58:26	1014	3600	12.6	18.7	15.1	58.4	1027.1
2021-10-08T19:00:26	1026	3600	12.6	14.6	12.6	66.5	1027.8
2021-10-08T20:01:26	1005	3600	12.4	12.3	11.0	71.3	1027.9
2021-10-08T21:03:26	1017	3600	12.5	12.3	11.1	68.9	1028.2
2021-10-08T22:04:26	1065	3600	12.4	10.8	9.8	72.1	1028.4
2021-10-08T23:06:26	1039	3600	12.4	9.7	9.1	73.5	1028.3
2021-10-09T00:08:26	1051	3600	12.3	7.8	6.6	86.9	1028.5
2021-10-09T01:09:26	1054	3600	12.3	7.1	6.5	86.3	1028.4
2021-10-09T02:11:26	998	3600	12.3	6.1	5.1	92.1	1028.2
2021-10-09T03:12:26	1037	3600	12.2	5.5	4.7	93.1	1028.2
2021-10-09T04:14:26	1065	3600	12.2	6.0	5.4	87.7	1028.0
2021-10-09T05:15:26	1007	3600	12.3	5.6	4.5	91.2	1028.2
2021-10-09T06:17:26	1060	3600	12.2	5.1	4.2	90.9	1028.3
2021-10-09T07:18:26	1044	3600	12.2	4.8	4.1	89.3	1028.5
2021-10-09T08:20:26	1039	3600	12.7	7.5	6.3	80.7	1029.1
2021-10-09T09:21:26	1062	3600	12.7	11.7	8.5	72.9	1029.5
2021-10-09T10:23:26	1045	3600	14.0	16.9	10.4	62.7	1029.5
2021-10-09T11:25:26	1095	3600	14.0	19.0	11.8	56.1	1029.8
2021-10-09T12:26:26	1001	3600	14.0	19.8	13.2	51.9	1029.4
2021-10-09T13:28:26	1021	3600	13.0	20.3	13.8	54.7	1029.0
2021-10-09T14:29:26	1014	3600	13.0	21.4	14.9	46.7	1028.6
2021-10-09T15:31:26	1081	3600	13.0	21.8	15.5	45.4	1028.2
2021-10-09T16:32:26	1043	3600	13.0	21.3	15.4	45.7	1027.8
2021-10-09T17:34:26	1075	3600	12.7	18.3	14.6	48.5	1027.6
2021-10-09T18:35:26	1042	3600	12.6	14.3	11.7	57.7	1027.6
2021-10-09T19:37:26	989	3600	12.6	11.0	10.1	64.1	1027.7
2021-10-09T20:38:26	1047	3600	12.6	9.7	9.4	67.4	1027.7
2021-10-09T21:40:26	1117	3600	12.5	8.2	8.1	74.1	1027.8
2021-10-09T22:41:26	1051	3600	12.4	7.8	8.2	72.7	1027.8
2021-10-09T23:43:26	1085	3600	12.4	7.3	7.4	75.2	1027.6
2021-10-10T00:45:26	1011	3600	12.4	6.7	6.7	78.0	1027.4
2021-10-10T01:46:26	1097	3600	12.3	5.8	6.0	79.5	1027.1
2021-10-10T02:48:26	1063	3600	12.3	6.0	5.9	81.4	1026.8
2021-10-10T03:49:26	1026	3600	12.3	5.0	5.2	84.2	1026.3
2021-10-10T04:53:26	1121	3600	12.2	4.9	4.4	86.2	1025.9
2021-10-10T05:55:26	1145	3600	12.2	4.4	3.9	88.5	1025.4
2021-10-10T06:56:26	992	3600	12.2	3.0	2.3	95.4	1025.2
2021-10-10T07:58:26	1081	3600	12.3	3.9	2.6	96.9	1025.3
2021-10-10T09:00:26	1083	3600	12.7	8.5	6.5	77.8	1025.4
2021-10-10T10:01:26	1073	3600	14.0	13.5	7.8	74.0	1025.5
2021-10-10T11:03:26	1073	3600	14.0	17.1	9.5	68.2	1025.1
2021-10-10T12:04:26	1093	3600	14.0	18.7	11.5	55.3	1024.9
2021-10-10T13:06:26	1161	3600	13.1	19.4	12.7	48.7	1024.4
2021-10-10T14:07:26	1126	3600	13.0	20.6	13.8	48.3	1023.7
2021-10-10T15:09:26	1069	3600	13.0	21.4	15.2	42.5	1023.1
2021-10-10T16:11:26	1107	3600	13.0	21.5	14.8	45.1	1022.7
2021-10-10T17:12:26	1130	3600	12.7	18.3	14.0	45.8	1022.3
2021-10-10T18:14:26	1135	3600	12.6	14.1	11.0	55.1	1021.8
2021-10-10T19:16:26	1139	3600	12.6	10.6	9.3	61.2	1021.6
2021-10-10T20:17:26	1195	3600	12.5	9.3	7.4	70.7	1021.5
2021-10-10T21:19:26	1041	3600	12.5	8.6	7.5	72.5	1021.3
2021-10-10T22:20:26	1147	3600	12.4	6.9	6.3	79.3	1021.0
2021-10-10T23:22:26	1182	3600	12.4	5.8	5.7	83.1	1020.6
2021-10-11T00:23:26	1157	3600	12.4	4.9	4.5	87.7	1020.4
2021-10-11T01:25:26	1092	3600	12.3	4.6	4.3	89.3	1019.5
2021-10-11T02:27:26	1142	3600	12.2	4.5	4.6	87.5	1019.1
2021-10-11T03:28:26	1197	3600	12.2	4.3	3.8	89.7	1018.2
2021-10-11T04:30:26	1128	3600	12.2	4.6	4.0	92.1	1017.6
2021-10-11T05:31:26	1152	3600	12.2	5.4	4.7	87.3	1017.2
2021-10-11T06:33:26	1129	3600	12.2	5.7	4.8	87.4	1017.1
2021-10-11T07:35:26	1157	3600	12.2	6.5	5.4	88.8	1016.9
2021-10-11T08:36:26	1178	3600	12.2	8.2	6.4	88.4	1017.0
2021-10-11T09:38:26	1123	3600	12.2	9.6	7.3	91.5	1017.3
2021-10-11T10:39:26	1160	3600	13.1	11.7	8.7	93.1	1017.5
2021-10-11T11:41:26	1119	3600	13.4	13.8	10.4	91.0	1017.6
2021-10-11T12:43:26	1130	3600	12.6	16.8	12.2	84.6	1017.4
2021-10-11T13:44:26	1074	3600	13.9	17.9	13.4	79.5	1017.0
2021-10-11T14:46:26	1110	3600	12.7	19.0	13.7	78.7	1016.7
2021-10-11T15:47:26	1145	3600	14.0	19.5	15.2	73.2	1016.3
2021-10-11T16:49:26	1199	3600	14.0	20.5	14.8	70.3	1015.7
2021-10-11T17:50:26	1092	3600	12.7	16.8	13.5	72.1	1015.5
2021-10-11T18:52:26	1104	3600	12.5	14.4	11.9	77.4	1015.5
2021-10-11T19:54:26	1133	3600	12.5	13.3	10.8	84.6	1015.4
2021-10-11T20:55:26	1183	3600	12.5	11.7	9.9	89.9	1015.3
2021-10-11T21:56:26	1193	3600	12.4	11.7	10.0	90.1	1015.1
2021-10-11T22:58:26	1166	3600	12.4	11.5	9.6	91.9	1015.1
2021-10-12T00:00:26	1096	3600	12.4	10.4	8.7	93.2	1015.0
2021-10-12T01:01:26	1151	3600	12.4	9.9	8.4	95.1	1014.6
2021-10-12T02:03:26	1204	3600	12.3	9.3	7.8	97.0	1014.3
2021-10-12T03:04:26	1090	3600	12.3	9.1	7.7	96.2	1013.8
2021-10-12T04:06:26	1151	3600	12.3	8.8	7.3	97.5	1013.0
2021-10-12T05:07:26	1208	3600	12.2	8.7	7.2	97.5	1012.4
2021-10-12T06:09:26	1165	3600	12.2	9.5	7.8	97.2	1011.8
2021-10-12T07:10:26	1202	3600	12.2	9.8	7.8	98.1	1010.7
2021-10-12T08:12:26	1156	3600	12.2	10.5	8.2	98.3	1010.3
2021-10-12T09:14:26	1163	3600	12.3	11.7	8.8	94.6	1010.3
2021-10-12T10:15:26	1138	3600	12.5	13.2	9.7	90.8	1010.3
2021-10-12T11:17:26	1136	3600	13.5	13.6	9.8	87.8	1009.9
2021-10-12T12:19:26	1217	3600	12.7	15.2	10.6	78.3	1009.5
2021-10-12T13:20:26	1221	3600	12.8	17.5	11.5	69.1	1009.2
2021-10-12T14:22:26	1220	3600	12.7	18.3	12.9	61.1	1008.8
2021-10-12T15:23:26	1227	3600	14.0	17.7	12.4	57.8	1009.0
2021-10-12T16:25:26	1221	3600	14.0	18.9	12.6	56.7	1009.1
2021-10-12T17:27:26	1185	3600	13.0	16.0	11.6	55.6	1009.2
2021-10-12T18:28:26	1204	3600	12.5	12.1	9.2	66.6	1009.8
2021-10-12T19:30:26	1186	3600	12.5	9.4	7.5	72.4	1010.5
2021-10-12T20:32:26	1128	3600	12.5	8.3	6.6	77.1	1011.1
2021-10-12T21:33:26	1160	3600	12.4	6.6	5.3	82.5	1011.6
2021-10-12T22:35:26	1165	3600	12.4	5.8	4.9	83.2	1012.0
2021-10-12T23:36:26	1135	3600	12.3	6.1	5.1	84.8	1012.4
2021-10-13T00:38:26	1210	3600	12.4	6.6	5.1	87.9	1012.5
2021-10-13T01:39:26	1147	3600	12.3	5.9	4.6	91.4	1012.8
2021-10-13T02:41:26	1184	3600	12.3	5.6	4.3	94.7	1013.0
2021-10-13T03:42:26	1172	3600	12.2	5.6	4.1	95.7	1013.3
2021-10-13T04:44:26	1201	3600	12.1	5.3	3.8	97.5	1013.9
2021-10-13T05:45:26	1128	3600	12.2	5.2	3.7	98.0	1014.3
2021-10-13T06:47:26	1197	3600	12.2	5.1	3.4	98.2	1014.7
2021-10-13T07:49:26	1203	3600	12.1	5.4	3.6	98.2	1015.1
2021-10-13T08:50:26	1115	3600	12.6	7.9	5.5	93.6	1015.9
2021-10-13T09:52:26	1130	3600	12.8	11.4	7.4	86.8	1016.3
2021-10-13T10:53:26	1151	3600	14.0	13.0	8.4	85.7	1016.8
2021-10-13T11:55:26	1137	3600	14.0	16.3	9.0	82.4	1017.2
2021-10-13T12:56:26	1111	3600	14.0	16.4	10.1	77.6	1017.1
2021-10-13T13:58:26	1099	3600	13.1	17.7	11.0	69.2	1017.2
2021-10-13T14:59:26	1079	3600	13.0	18.8	12.5	65.8	1017.2
2021-10-13T16:01:26	1124	3600	13.1	18.8	12.7	62.4	1017.3
2021-10-13T17:02:26	1121	3600	12.7	16.4	12.4	62.2	1017.4
2021-10-13T18:04:26	1078	3600	12.5	12.9	9.4	69.1	1017.6
2021-10-13T19:05:26	1133	3600	12.5	9.3	7.4	81.1	1017.8
2021-10-13T20:07:26	1103	3600	12.4	9.2	7.5	83.8	1018.1
2021-10-13T21:08:26	1142	3600	12.5	10.2	8.4	82.0	1018.3
2021-10-13T22:10:26	1102	3600	12.4	10.0	8.2	85.9	1018.3
2021-10-13T23:11:26	1111	3600	12.4	10.1	8.4	89.0	1018.2
2021-10-14T00:13:26	1161	3600	12.4	10.3	8.5	91.3	1017.9
2021-10-14T01:15:26	1140	3600	12.4	10.3	8.4	94.6	1017.6
2021-10-14T02:16:26	1099	3600	12.4	10.5	8.6	94.9	1017.6
2021-10-14T03:18:26	1151	3600	12.3	10.7	8.7	95.3	1017.2
2021-10-14T04:19:26	1203	3600	12.2	10.9	8.7	97.9	1016.8
2021-10-14T05:21:26	1123	3600	12.2	10.9	8.7	99.1	1016.1
2021-10-14T06:22:26	1127	3600	12.2	11.0	8.7	99.5	1016.0
2021-10-14T07:24:26	1162	3600	12.2	11.2	8.9	99.8	1015.8
2021-10-14T08:25:26	1084	3600	12.2	11.9	9.3	99.9	1015.9
2021-10-14T09:27:26	1060	3600	12.2	12.7	9.9	100.0	1015.8
2021-10-14T10:29:26	1105	3600	12.3	13.8	10.5	99.8	1016.0
2021-10-14T11:30:26	1090	3600	12.3	14.2	11.0	99.1	1015.8
2021-10-14T12:32:26	1088	3600	12.3	14.7	11.5	98.9	1015.7
2021-10-14T13:33:26	1124	3600	12.5	15.8	12.5	95.7	1015.1
2021-10-14T14:35:26	1123	3600	12.6	16.6	13.3	91.9	1014.8
2021-10-14T15:36:26	1112	3600	12.4	16.4	12.9	91.5	1014.3
2021-10-14T16:38:26	1096	3600	12.3	16.6	13.1	88.7	1013.9
2021-10-14T17:39:26	1121	3600	12.1	15.7	12.8	88.7	1013.8
2021-10-14T18:41:26	1127	3600	12.2	14.8	12.4	90.5	1013.8
2021-10-14T19:42:26	1098	3600	12.2	14.4	12.2	90.9	1013.7
2021-10-14T20:44:26	1137	3600	12.2	14.3	12.1	90.5	1013.5
2021-10-14T21:45:26	1103	3600	12.1	14.1	12.0	90.9	1013.2
2021-10-14T22:47:26	1144	3600	12.2	14.1	12.0	90.3	1013.2
2021-10-14T23:49:26	1113	3600	12.1	14.0	12.0	91.1	1012.9
2021-10-15T00:50:26	1124	3600	12.1	14.2	12.3	89.4	1012.3
2021-10-15T01:52:26	1171	3600	12.1	14.3	12.3	88.5	1011.4
2021-10-15T02:53:26	1159	3600	12.1	14.2	12.0	88.3	1010.9
2021-10-15T03:55:26	1164	3600	12.1	13.9	11.8	87.4	1009.9
2021-10-15T04:58:26	1131	3600	12.1	13.9	11.8	86.0	1009.2
2021-10-15T05:59:26	1227	3600	12.1	13.9	11.7	85.5	1008.6
2021-10-15T07:01:26	1151	3600	12.1	13.6	11.5	87.4	1007.8
2021-10-15T08:02:26	1118	3600	12.0	13.9	11.6	86.6	1007.1
2021-10-15T09:04:26	1143	3600	12.0	14.6	12.1	83.3	1006.8
2021-10-15T10:05:26	1191	3600	12.1	15.6	12.8	80.6	1006.6
2021-10-15T11:07:26	1208	3600	12.2	16.7	13.3	78.4	1006.6
2021-10-15T12:08:26	1238	3600	12.1	16.8	13.5	75.1	1006.5
2021-10-15T13:10:26	1199	3600	12.1	15.8	12.6	82.0	1006.8
2021-10-15T14:12:26	1140	3600	12.1	13.8	10.3	92.3	1007.9
2021-10-15T15:13:26	1187	3600	12.0	13.1	9.9	94.6	1008.6
2021-10-15T16:15:26	1183	3600	12.6	16.5	11.5	88.0	1009.4
2021-10-15T17:17:26	1157	3600	12.4	15.2	10.9	86.0	1009.9
2021-10-15T18:18:26	1163	3600	12.2	12.5	9.9	90.9	1010.8
2021-10-15T19:20:26	1146	3600	12.1	10.6	8.9	94.2	1011.6
2021-10-15T20:21:26	1094	3600	12.1	10.5	8.9	92.1	1012.3
2021-10-15T21:23:26	1132	3600	12.0	10.1	8.9	89.5	1013.0
2021-10-15T22:25:26	1160	3600	12.0	9.6	8.3	90.9	1013.5
2021-10-15T23:26:26	1159	3600	12.0	9.2	7.9	91.2	1014.0
2021-10-16T00:28:26	1193	3600	12.0	8.2	6.8	95.1	1014.3
2021-10-16T01:31:26	1137	3600	12.0	7.8	6.3	96.4	1014.6
2021-10-16T02:33:26	1162	3600	11.9	7.5	6.1	97.8	1014.9
2021-10-16T03:35:26	1157	3600	11.9	7.3	5.9	98.1	1014.9
2021-10-16T04:36:26	1116	3600	11.9	7.0	5.5	98.6	1015.0
2021-10-16T05:38:26	1121	3600	11.9	6.7	5.2	99.9	1015.3
2021-10-16T06:40:26	1077	3600	11.9	7.8	6.1	100.0	1015.5
2021-10-16T07:41:26	1102	3600	11.9	8.4	6.4	99.0	1016.0
2021-10-16T08:43:26	1126	3600	12.1	9.9	7.1	96.7	1016.4
2021-10-16T09:44:26	1047	3600	13.2	13.5	9.1	92.4	1017.0
2021-10-16T10:46:26	1060	3600	12.5	14.9	9.7	90.7	1017.2
2021-10-16T11:47:26	1147	3600	13.0	15.1	10.4	85.6	1017.3
2021-10-16T12:49:26	1061	3600	12.7	21.1	12.6	81.2	1017.1
2021-10-16T13:50:26	1095	3600	12.6	16.8	11.4	77.8	1016.9
2021-10-16T14:52:26	1092	3600	12.5	15.8	11.4	78.2	1016.7
2021-10-16T15:54:26	1098	3600	12.4	14.9	11.1	80.3	1016.5
2021-10-16T16:56:26	1127	3600	12.4	14.3	10.7	78.0	1016.6
2021-10-16T17:57:26	1142	3600	12.3	13.2	10.2	81.3	1016.4
2021-10-16T18:59:26	1109	3600	12.4	11.9	9.6	86.4	1016.5
2021-10-16T20:00:26	1081	3600	12.3	11.2	9.1	86.9	1016.5
2021-10-16T21:02:26	1127	3600	12.3	11.1	9.0	86.4	1016.7
2021-10-16T22:03:26	1135	3600	12.2	11.1	9.0	87.0	1016.7
2021-10-16T23:05:26	1103	3600	12.2	11.0	9.0	88.1	1016.5
2021-10-17T00:07:26	1103	3600	12.2	10.9	8.7	89.1	1016.3
2021-10-17T01:08:26	1097	3600	12.1	10.7	8.7	88.2	1016.0
2021-10-17T02:10:26	1098	3600	12.1	10.5	8.6	88.0	1016.2
2021-10-17T03:11:26	1067	3600	12.1	10.4	8.5	85.2	1015.9
2021-10-17T04:13:26	1149	3600	12.1	10.2	8.3	83.4	1015.5
2021-10-17T05:15:26	1073	3600	12.1	9.6	7.7	84.5	1015.2
2021-10-17T06:16:26	1158	3600	12.0	7.3	6.5	85.4	1015.0
2021-10-17T07:18:26	1080	3600	12.0	8.0	6.6	86.1	1014.9
2021-10-17T08:19:26	1143	3600	12.0	9.3	7.2	83.3	1015.2
2021-10-17T09:21:26	1092	3600	12.0	10.6	8.2	80.5	1015.4
2021-10-17T10:23:26	1171	3600	12.1	12.0	8.9	80.4	1015.6
2021-10-17T11:24:26	1138	3600	12.8	15.8	11.1	72.3	1015.6
2021-10-17T12:26:26	1115	3600	12.8	16.2	11.6	70.5	1015.4
2021-10-17T13:27:26	1134	3600	12.7	16.7	11.8	72.0	1015.6
2021-10-17T14:29:26	1105	3600	12.6	16.7	11.9	74.5	1015.3
2021-10-17T15:30:26	1119	3600	12.3	15.4	11.6	76.7	1015.1
2021-10-17T16:32:26	1163	3600	12.3	15.0	11.6	77.5	1015.1
2021-10-17T17:33:26	1105	3600	12.3	14.2	11.2	78.5	1015.4
2021-10-17T18:35:26	1130	3600	12.2	13.4	10.9	80.6	1015.6
2021-10-17T19:36:26	1113	3600	12.2	12.9	10.6	83.1	1016.2
2021-10-17T20:38:26	1037	3600	12.1	12.1	10.0	86.7	1016.3
2021-10-17T21:39:26	1131	3600	12.1	11.8	9.7	88.6	1016.7
2021-10-17T22:41:26	1051	3600	12.1	11.6	9.4	90.3	1017.1
2021-10-17T23:42:26	1118	3600	12.0	11.4	9.2	91.9	1017.5
2021-10-18T00:44:26	1128	3600	12.0	11.2	8.7	93.3	1017.5
2021-10-18T01:45:26	1124	3600	12.0	11.2	8.9	92.2	1017.8
2021-10-18T02:47:26	1072	3600	12.0	11.2	8.8	92.8	1018.0
2021-10-18T03:48:26	1091	3600	12.0	11.2	8.8	92.2	1017.9
2021-10-18T04:52:26	1055	3600	12.0	11.4	9.4	87.8	1018.0
2021-10-18T05:54:26	1106	3600	12.0	11.7	9.6	84.5	1018.0
2021-10-18T06:56:26	1060	3600	12.0	10.6	8.8	87.6	1018.2
2021-10-18T07:57:26	1126	3600	11.9	10.4	8.5	89.9	1018.9
2021-10-18T08:59:26	1073	3600	11.9	11.9	9.4	85.9	1019.2
2021-10-18T10:00:26	1076	3600	12.4	14.9	11.3	78.7	1019.7
2021-10-18T11:02:26	1084	3600	12.7	17.8	13.1	70.7	1019.8
2021-10-18T12:04:26	1054	3600	12.5	18.7	13.9	69.2	1020.0
2021-10-18T13:05:26	1035	3600	12.9	21.0	15.2	61.5	1019.9
2021-10-18T14:07:26	1065	3600	13.0	21.5	16.2	55.6	1019.5
2021-10-18T15:08:26	1098	3600	13.3	22.9	17.1	51.9	1019.1
2021-10-18T16:10:26	1060	3600	12.7	20.9	16.0	53.9	1019.0
2021-10-18T17:12:26	1080	3600	12.4	18.6	14.5	64.3	1018.5
2021-10-18T18:13:26	1110	3600	12.4	15.7	12.9	70.6	1018.6
2021-10-18T19:15:26	1062	3600	12.3	14.0	11.9	75.9	1018.8
2021-10-18T20:17:26	1168	3600	12.2	12.7	11.1	78.7	1019.0
2021-10-18T21:18:26	1096	3600	12.2	11.5	10.3	80.6	1018.9
2021-10-18T22:20:26	1063	3600	12.2	11.3	9.6	82.0	1019.0
2021-10-18T23:21:26	1128	3600	12.2	10.5	9.0	85.7	1018.6
2021-10-19T00:23:26	1092	3600	12.1	10.4	9.1	84.8	1018.0
2021-10-19T01:26:26	1186	3600	12.1	10.1	8.7	88.1	1017.6
2021-10-19T02:28:26	1075	3600	12.0	10.5	8.8	87.9	1017.3
2021-10-19T03:29:26	1117	3600	12.1	10.1	8.5	89.6	1016.7
2021-10-19T04:31:26	1134	3600	12.1	10.3	8.6	90.4	1016.7
2021-10-19T05:33:26	1174	3600	12.0	10.3	8.6	91.2	1016.4
2021-10-19T06:34:26	1119	3600	12.0	10.2	8.6	91.3	1016.1
2021-10-19T07:36:26	1076	3600	12.0	10.6	8.8	90.2	1016.0
2021-10-19T08:38:26	1097	3600	12.0	12.0	9.6	88.8	1015.7
2021-10-19T09:39:26	1171	3600	12.0	13.4	10.6	85.2	1015.5
2021-10-19T10:41:26	1177	3600	13.0	20.1	13.5	76.2	1015.6
2021-10-19T11:42:26	1114	3600	12.6	19.5	14.3	75.2	1015.1
2021-10-19T12:44:26	1108	3600	14.0	21.8	16.1	69.6	1014.7
2021-10-19T13:45:26	1121	3600	12.7	22.4	16.8	67.8	1014.1
2021-10-19T14:47:26	1160	3600	12.7	20.8	16.7	70.5	1012.9
2021-10-19T15:48:26	1089	3600	12.7	21.2	16.4	71.9	1012.7
2021-10-19T16:50:26	1122	3600	12.5	19.4	15.7	75.2	1012.4
2021-10-19T17:54:26	1185	3600	12.4	18.2	15.3	79.1	1011.8
2021-10-19T18:56:26	1085	3600	12.4	17.4	14.9	81.6	1011.5
2021-10-19T19:57:26	1077	3600	12.3	17.1	14.8	83.5	1011.4
2021-10-19T20:59:26	1112	3600	12.3	17.0	14.6	84.5	1010.9
2021-10-19T22:01:26	1157	3600	12.3	16.5	14.3	89.0	1010.6
2021-10-19T23:02:26	1097	3600	12.2	16.6	14.3	89.3	1010.3
2021-10-20T00:04:26	1103	3600	12.2	16.4	14.3	90.0	1009.9
2021-10-20T01:05:26	1105	3600	12.2	16.5	14.4	88.9	1009.5
2021-10-20T02:07:26	1132	3600	12.2	15.5	13.7	92.9	1008.9
2021-10-20T03:08:26	1177	3600	12.1	15.3	13.7	92.9	1007.9
2021-10-20T04:10:26	1140	3600	12.1	15.2	13.7	91.3	1007.2
2021-10-20T05:11:26	1154	3600	12.1	14.9	13.6	89.7	1006.5
2021-10-20T06:13:26	1175	3600	12.1	15.2	13.8	87.3	1006.0
2021-10-20T07:14:26	1212	3600	12.1	15.1	13.9	84.5	1005.4
2021-10-20T08:16:26	1199	3600	12.1	15.6	13.9	82.3	1004.6
2021-10-20T09:17:26	1254	3600	12.2	17.1	14.3	78.8	1004.5
2021-10-20T10:19:26	1236	3600	12.8	20.4	16.6	69.9	1003.8
2021-10-20T11:21:26	1245	3600	12.4	20.6	16.3	68.5	1003.2
2021-10-20T12:22:26	1229	3600	12.4	19.6	15.5	76.0	1002.1
2021-10-20T13:24:26	1164	3600	12.4	19.7	15.9	75.8	1000.6
2021-10-20T14:25:26	1216	3600	14.0	21.6	18.4	67.3	999.9
2021-10-20T15:27:26	1220	3600	12.7	22.9	19.3	63.2	998.9
2021-10-20T16:28:26	1279	3600	12.4	22.4	19.4	63.1	998.8
2021-10-20T17:30:26	1217	3600	12.3	20.6	18.3	67.6	998.7
2021-10-20T18:32:26	1307	3600	12.2	19.5	17.7	71.1	998.3
2021-10-20T19:34:26	1228	3600	12.2	19.4	17.5	72.7	998.1
2021-10-20T20:36:26	1239	3600	12.1	19.0	17.2	75.0	997.4
2021-10-20T21:38:26	1254	3600	12.1	18.7	17.0	76.8	996.6
2021-10-20T22:39:26	1235	3600	12.1	18.8	17.2	76.8	995.9
2021-10-20T23:41:26	1246	3600	12.1	18.8	17.1	76.5	995.7
2021-10-21T00:43:26	1243	3600	12.0	18.8	17.2	75.4	994.5
2021-10-21T01:44:26	1263	3600	12.0	18.5	17.0	76.1	993.8
2021-10-21T02:46:26	1268	3600	12.0	18.2	16.6	78.0	992.3
2021-10-21T03:47:26	1266	3600	12.0	18.1	16.2	79.6	990.1
2021-10-21T04:49:26	1338	3600	12.0	18.3	16.5	76.9	988.3
2021-10-21T05:50:26	1358	3600	12.0	18.2	16.4	76.1	986.9
2021-10-21T06:52:26	1312	3600	12.0	17.4	15.5	75.9	985.0
2021-10-21T07:53:26	1357	3600	12.0	17.8	16.7	69.2	984.3
2021-10-21T08:55:26	1401	3600	12.0	18.4	16.1	62.3	984.3
2021-10-21T09:56:26	1420	3600	13.2	21.4	16.1	59.4	985.0
2021-10-21T10:58:26	1379	3600	12.3	19.5	15.4	60.0	984.6
2021-10-21T12:00:26	1407	3600	12.4	19.2	15.5	60.8	985.2
2021-10-21T13:01:26	1401	3600	12.4	16.5	12.3	77.6	988.8
2021-10-21T14:03:26	1379	3600	12.7	16.3	12.5	74.1	991.7
2021-10-21T15:04:26	1348	3600	12.7	17.4	12.9	70.7	992.7
2021-10-21T16:06:26	1317	3600	12.5	14.8	9.6	86.9	994.7
2021-10-21T17:07:26	1294	3600	12.2	14.2	11.6	73.6	994.9
2021-10-21T18:09:26	1285	3600	12.2	14.0	12.1	67.9	995.0
2021-10-21T19:10:26	1293	3600	12.1	10.6	8.0	91.8	996.7
2021-10-21T20:12:26	1295	3600	12.1	10.4	8.3	87.7	997.9
2021-10-21T21:14:26	1243	3600	12.0	10.0	8.2	84.7	999.0
2021-10-21T22:15:26	1286	3600	12.1	9.4	7.7	84.5	1000.3
2021-10-21T23:17:26	1254	3600	12.0	9.2	7.6	80.4	1001.4
2021-10-22T00:18:26	1209	3600	12.0	9.0	7.3	82.4	1002.3
2021-10-22T01:20:26	1192	3600	12.0	8.6	6.9	82.9	1003.1
2021-10-22T02:22:26	1213	3600	12.0	8.1	6.5	83.7	1003.7
2021-10-22T03:23:26	1244	3600	11.9	7.9	6.3	83.6	1003.9
2021-10-22T04:25:26	1282	3600	11.9	7.6	6.0	85.1	1004.2
2021-10-22T05:26:26	1193	3600	11.9	7.9	6.3	84.1	1004.2
2021-10-22T06:28:26	1220	3600	11.9	7.8	6.2	84.1	1004.4
2021-10-22T07:29:26	1194	3600	11.9	7.8	6.3	83.7	1004.3
2021-10-22T08:31:26	1218	3600	11.9	9.1	6.9	79.8	1003.9
2021-10-22T09:33:26	1308	3600	11.9	10.3	7.6	77.3	1003.9
2021-10-22T10:34:26	1220	3600	12.2	11.4	8.5	72.8	1003.6
2021-10-22T11:36:26	1265	3600	12.5	13.0	9.5	70.0	1003.3
2021-10-22T12:37:26	1195	3600	12.0	12.3	9.4	71.7	1003.0
2021-10-22T13:39:26	1272	3600	12.7	14.1	10.6	66.3	1002.2
2021-10-22T14:41:26	1227	3600	12.1	13.5	10.6	67.4	1002.0
2021-10-22T15:43:26	1303	3600	12.0	11.7	9.1	82.5	1003.0
2021-10-22T16:44:26	1235	3600	11.9	11.3	8.7	85.6	1003.8
2021-10-22T17:46:26	1197	3600	11.9	11.2	8.7	87.5	1004.2
2021-10-22T18:47:26	1175	3600	11.9	8.7	5.9	91.6	1006.0
2021-10-22T19:49:26	1205	3600	11.8	8.7	6.8	86.3	1007.2
2021-10-22T20:51:26	1199	3600	11.8	8.0	6.2	89.3	1008.4
2021-10-22T21:52:26	1217	3600	11.8	7.8	6.4	88.7	1009.4
2021-10-22T22:54:26	1188	3600	11.8	7.8	6.4	86.9	1010.2
2021-10-22T23:55:26	1156	3600	11.8	7.6	6.2	86.0	1011.3
2021-10-23T00:57:26	1213	3600	11.8	7.7	6.4	84.9	1011.9
2021-10-23T01:59:26	1179	3600	11.8	7.5	6.1	84.8	1013.0
2021-10-23T03:00:26	1130	3600	11.7	7.4	5.9	86.1	1013.7
2021-10-23T04:02:26	1072	3600	11.8	7.1	5.7	87.7	1014.2
2021-10-23T05:03:26	1135	3600	11.7	7.0	5.6	88.0	1014.8
2021-10-23T06:05:26	1137	3600	11.7	7.2	5.7	87.6	1015.4
2021-10-23T07:06:26	1098	3600	11.6	6.7	5.3	88.9	1015.7
2021-10-23T08:08:26	1119	3600	11.7	6.9	5.4	89.2	1016.3
2021-10-23T09:10:26	1145	3600	12.7	10.4	6.9	84.0	1017.5
2021-10-23T10:11:26	1190	3600	13.2	13.9	8.1	79.4	1018.4
2021-10-23T11:13:26	1093	3600	13.7	16.9	8.9	78.4	1019.2
2021-10-23T12:14:26	1033	3600	12.7	15.2	9.6	75.3	1020.0
2021-10-23T13:16:26	1058	3600	14.0	15.8	10.6	73.5	1020.4
2021-10-23T14:17:26	1054	3600	12.7	16.2	10.6	68.8	1021.0
2021-10-23T15:19:26	1107	3600	12.7	19.0	12.1	65.3	1021.2
2021-10-23T16:20:26	1051	3600	12.7	15.4	11.4	67.7	1021.8
2021-10-23T17:22:26	1045	3600	12.5	14.1	10.0	76.3	1022.4
2021-10-23T18:23:26	1090	3600	12.3	10.2	8.2	83.8	1023.0
2021-10-23T19:25:26	1056	3600	12.3	8.1	6.7	89.0	1023.9
2021-10-23T20:26:26	1130	3600	12.2	8.3	7.1	88.4	1024.4
2021-10-23T21:28:26	1067	3600	12.2	7.2	6.3	91.9	1024.5
2021-10-23T22:29:26	1053	3600	12.2	7.9	6.7	91.9	1025.2
2021-10-23T23:31:26	1037	3600	12.1	7.7	6.2	94.7	1025.5
2021-10-24T00:33:26	1051	3600	12.1	7.9	6.2	94.9	1025.5
2021-10-24T01:34:26	1043	3600	12.1	8.3	6.6	95.0	1025.6
2021-10-24T02:36:26	1059	3600	12.1	8.2	6.4	95.4	1025.7
2021-10-24T03:37:26	1058	3600	12.1	8.3	6.4	95.8	1025.5
2021-10-24T04:39:26	1082	3600	12.1	7.0	5.7	96.2	1025.2
2021-10-24T05:41:26	1106	3600	12.1	5.9	5.0	98.2	1025.5
2021-10-24T06:42:26	1102	3600	12.0	5.3	4.1	98.9	1025.5
2021-10-24T07:44:26	1068	3600	12.0	4.8	3.5	99.3	1025.5
2021-10-24T08:45:26	1066	3600	12.4	6.6	4.0	98.9	1025.7
2021-10-24T09:47:26	1066	3600	12.8	9.6	6.2	91.8	1025.8
2021-10-24T10:48:26	1070	3600	14.0	15.2	9.1	83.0	1025.6
2021-10-24T11:50:26	1070	3600	14.0	17.4	10.6	72.8	1025.3
2021-10-24T12:51:26	1100	3600	14.0	18.5	11.8	63.8	1024.8
2021-10-24T13:53:26	1083	3600	14.0	20.0	12.7	55.4	1023.9
2021-10-24T14:54:26	1065	3600	14.0	20.1	12.8	55.2	1023.0
2021-10-24T15:56:26	1078	3600	14.0	19.7	13.0	52.8	1022.4
2021-10-24T16:58:26	1074	3600	14.0	18.1	12.5	56.5	1021.9
2021-10-24T17:59:26	1068	3600	12.5	12.7	9.7	69.0	1021.5
2021-10-24T19:01:26	1081	3600	12.5	9.6	8.2	74.2	1021.0
2021-10-24T20:02:26	1090	3600	12.4	8.6	7.4	76.6	1020.6
2021-10-24T21:04:26	1078	3600	12.3	7.7	6.5	79.2	1020.0
2021-10-24T22:05:26	1081	3600	12.4	7.1	5.9	80.2	1019.3
2021-10-24T23:07:26	1147	3600	12.3	6.4	5.1	82.7	1019.0
2021-10-25T00:08:26	1118	3600	12.3	5.4	4.8	83.6	1018.7
2021-10-25T01:10:26	1142	3600	12.3	5.7	4.9	83.4	1018.1
2021-10-25T02:11:26	1085	3600	12.3	5.6	4.8	83.3	1018.2
2021-10-25T03:13:26	1105	3600	12.2	5.4	4.3	84.4	1017.8
2021-10-25T04:15:26	1182	3600	12.2	4.8	3.8	85.9	1017.2
2021-10-25T05:16:26	1154	3600	12.2	4.2	3.4	86.6	1016.9
2021-10-25T06:18:26	1177	3600	12.2	3.8	3.0	87.5	1016.4
2021-10-25T07:19:26	1125	3600	12.1	3.6	3.0	87.2	1016.4
2021-10-25T08:21:26	1207	3600	12.1	4.3	2.9	88.4	1016.2
2021-10-25T09:22:26	1199	3600	12.6	8.8	6.3	76.9	1016.4
2021-10-25T10:24:26	1166	3600	13.9	12.6	8.0	73.5	1016.0
2021-10-25T11:26:26	1161	3600	13.9	15.4	9.1	73.3	1016.0
2021-10-25T12:28:26	1102	3600	14.0	18.3	11.4	66.9	1015.8
2021-10-25T13:29:26	1133	3600	14.0	18.0	11.9	67.5	1015.7
2021-10-25T14:31:26	1161	3600	14.0	18.2	12.0	67.2	1015.3
2021-10-25T15:32:26	1151	3600	12.7	15.7	11.6	70.3	1014.6
2021-10-25T16:34:26	1187	3600	12.8	15.5	11.1	72.9	1014.5
2021-10-25T17:36:26	1164	3600	12.5	12.5	9.6	79.6	1014.4
2021-10-25T18:37:26	1173	3600	12.4	10.1	8.5	84.6	1014.0
2021-10-25T19:39:26	1151	3600	12.4	8.9	7.6	87.0	1014.2
2021-10-25T20:40:26	1104	3600	12.3	7.8	6.8	90.7	1014.1
2021-10-25T21:42:26	1182	3600	12.3	7.1	6.5	92.9	1013.9
2021-10-25T22:43:26	1165	3600	12.3	6.7	5.8	95.8	1013.7
2021-10-25T23:45:26	1127	3600	12.3	6.3	5.8	96.6	1014.1
2021-10-26T00:46:26	1083	3600	12.3	6.6	5.7	95.3	1013.9
2021-10-26T01:48:26	1130	3600	12.2	6.6	5.5	95.7	1013.5
2021-10-26T02:49:26	1164	3600	12.2	8.0	6.8	93.3	1013.3
2021-10-26T03:51:26	1158	3600	12.2	7.5	6.6	93.4	1013.5
2021-10-26T04:53:26	1176	3600	12.2	7.7	6.7	92.9	1013.3
2021-10-26T05:54:26	1093	3600	12.1	8.7	7.6	90.7	1013.4
2021-10-26T06:56:26	1162	3600	12.2	9.3	8.1	89.4	1013.4
2021-10-26T07:57:26	1149	3600	12.1	10.1	8.7	88.3	1013.9
2021-10-26T08:59:26	1100	3600	12.1	11.6	9.3	88.4	1014.5
2021-10-26T10:01:26	1140	3600	12.1	12.7	10.1	88.0	1014.8
2021-10-26T11:02:26	1189	3600	12.3	14.6	11.6	84.7	1014.9
2021-10-26T12:04:26	1154	3600	12.3	16.0	12.5	81.5	1015.0
2021-10-26T13:05:26	1133	3600	12.6	17.6	13.3	79.7	1015.1
2021-10-26T14:07:26	1158	3600	12.7	17.7	13.8	78.2	1015.0
2021-10-26T15:08:26	1176	3600	13.1	18.3	14.4	75.0	1014.8
2021-10-26T16:10:26	1199	3600	12.6	19.3	14.3	74.2	1015.0
2021-10-26T17:11:26	1117	3600	12.4	16.7	13.3	77.0	1015.3
2021-10-26T18:13:26	1126	3600	12.3	14.4	12.4	80.8	1015.8
2021-10-26T19:15:26	1096	3600	12.2	13.6	11.9	82.5	1016.2
2021-10-26T20:17:26	1103	3600	12.1	12.8	11.3	82.9	1016.6
2021-10-26T21:19:26	1142	3600	12.2	12.0	10.6	83.2	1016.6
2021-10-26T22:21:26	1074	3600	12.1	12.8	11.2	80.8	1017.0
2021-10-26T23:22:26	1136	3600	12.1	13.0	11.0	82.7	1016.8
2021-10-27T00:24:26	1118	3600	12.1	11.9	10.5	83.8	1016.9
2021-10-27T01:25:26	1177	3600	12.1	12.4	10.8	83.2	1016.9
2021-10-27T02:27:26	1082	3600	12.1	12.3	10.5	85.6	1017.2
2021-10-27T03:29:26	1123	3600	12.0	12.4	10.5	85.7	1016.9
2021-10-27T04:30:26	1118	3600	12.1	12.7	10.7	85.2	1016.8
2021-10-27T05:32:26	1098	3600	12.0	12.4	10.4	86.1	1016.7
2021-10-27T06:33:26	1116	3600	12.0	12.4	10.4	86.5	1017.2
2021-10-27T07:35:26	1055	3600	12.1	12.7	10.8	84.3	1017.1
2021-10-27T08:36:26	1114	3600	12.1	13.4	11.1	84.0	1017.6
2021-10-27T09:38:26	1129	3600	12.1	14.6	11.6	82.8	1017.8
2021-10-27T10:40:26	1119	3600	13.2	19.8	13.6	79.1	1018.1
2021-10-27T11:41:26	1077	3600	12.4	17.5	13.1	80.6	1018.8
2021-10-27T12:43:26	1163	3600	12.4	17.5	13.4	82.2	1018.9
2021-10-27T13:45:26	1129	3600	12.4	18.0	14.3	80.3	1018.6
2021-10-27T14:46:26	1143	3600	12.3	18.0	14.3	80.6	1018.3
2021-10-27T15:48:26	1063	3600	12.3	17.6	14.3	79.5	1018.2
2021-10-27T16:49:26	1120	3600	12.2	17.3	14.5	77.6	1018.0
2021-10-27T17:51:26	1118	3600	12.1	16.3	13.9	83.4	1018.2
2021-10-27T18:53:26	1057	3600	12.1	15.7	13.5	84.8	1018.3
2021-10-27T19:54:26	1082	3600	12.1	15.5	13.4	83.5	1018.6
2021-10-27T20:56:26	1077	3600	12.1	15.4	13.2	84.1	1018.7
2021-10-27T21:57:26	1113	3600	12.0	15.5	13.4	82.2	1018.6
2021-10-27T22:59:26	1002	3600	12.0	15.3	13.2	81.9	1018.7
2021-10-28T00:00:26	1005	3600	12.1	15.0	12.8	82.4	1018.7
2021-10-28T01:03:26	1085	3600	12.0	12.9	11.3	87.1	1018.4
2021-10-28T02:05:26	1060	3600	12.0	11.5	9.8	91.4	1018.2
2021-10-28T03:06:26	1061	3600	12.0	10.1	8.7	95.0	1018.3
2021-10-28T04:08:26	1154	3600	11.9	9.4	8.3	96.4	1018.2
2021-10-28T05:09:26	1117	3600	12.0	8.8	7.6	98.2	1018.0
2021-10-28T06:11:26	1102	3600	11.9	8.4	7.1	98.8	1018.0
2021-10-28T07:12:26	1177	3600	11.9	7.9	6.6	99.5	1017.8
2021-10-28T08:14:26	1067	3600	11.9	8.0	6.1	99.8	1017.8
2021-10-28T09:15:26	1126	3600	12.8	11.5	8.7	94.1	1017.8
2021-10-28T10:17:26	1145	3600	13.3	16.0	10.5	89.0	1017.6
2021-10-28T11:18:26	1125	3600	14.0	20.4	12.3	82.2	1017.1
2021-10-28T12:20:26	1143	3600	14.0	21.9	13.9	74.8	1017.0
2021-10-28T13:22:26	1093	3600	13.9	22.7	14.9	71.6	1016.3
2021-10-28T14:23:26	1149	3600	14.0	24.0	16.3	68.0	1015.8
2021-10-28T15:25:26	1073	3600	14.0	24.3	17.1	59.2	1015.1
2021-10-28T16:26:26	1163	3600	14.0	23.1	17.1	57.9	1014.4
2021-10-28T17:28:26	1128	3600	12.7	19.2	14.6	66.9	1014.0
2021-10-28T18:29:26	1164	3600	12.6	14.0	12.3	77.8	1013.3
2021-10-28T19:31:26	1152	3600	12.5	12.5	11.5	79.5	1013.3
2021-10-28T20:32:26	1131	3600	12.5	12.7	11.6	71.5	1013.0
2021-10-28T21:34:26	1153	3600	12.5	11.4	10.4	76.1	1012.5
2021-10-28T22:35:26	1171	3600	12.3	10.2	9.0	81.2	1011.9
2021-10-28T23:37:26	1153	3600	12.4	10.0	8.8	82.7	1011.8
2021-10-29T00:39:26	1138	3600	12.3	8.8	7.8	86.3	1011.3
2021-10-29T01:40:26	1148	3600	12.4	7.8	7.2	88.3	1010.9
2021-10-29T02:42:26	1229	3600	12.3	7.6	6.8	88.8	1010.7
2021-10-29T03:43:26	1201	3600	12.3	7.6	6.5	90.5	1010.4
2021-10-29T04:45:26	1231	3600	12.3	6.8	5.7	93.3	1010.2
2021-10-29T05:46:26	1181	3600	12.3	6.3	4.9	95.1	1010.2
2021-10-29T06:48:26	1254	3600	12.2	5.4	4.2	97.4	1010.2
2021-10-29T07:49:26	1235	3600	12.2	5.3	4.1	98.0	1010.2
2021-10-29T08:51:26	1142	3600	12.6	7.4	5.0	95.6	1010.2
2021-10-29T09:53:26	1218	3600	12.8	10.7	8.0	86.2	1010.7
2021-10-29T10:54:26	1224	3600	14.0	15.8	8.9	84.3	1010.3
2021-10-29T11:56:26	1139	3600	14.0	18.1	11.2	77.1	1010.2
2021-10-29T12:58:26	1213	3600	14.0	20.3	13.1	68.7	1009.9
2021-10-29T13:59:26	1212	3600	14.0	22.0	14.3	63.7	1008.8
2021-10-29T15:01:26	1241	3600	14.0	22.5	15.4	61.0	1008.4
2021-10-29T16:02:26	1230	3600	14.0	21.7	15.5	60.9	1008.2
2021-10-29T17:04:26	1264	3600	12.9	18.9	13.7	66.9	1007.8
2021-10-29T18:06:26	1191	3600	12.6	13.1	11.0	75.4	1007.9
2021-10-29T19:07:26	1168	3600	12.5	10.8	9.6	81.5	1007.2
2021-10-29T20:09:26	1217	3600	12.5	10.4	9.1	81.8	1007.5
2021-10-29T21:11:26	1253	3600	12.4	9.9	9.2	77.4	1007.1
2021-10-29T22:12:26	1250	3600	12.4	9.8	8.7	77.5	1007.0
2021-10-29T23:14:26	1292	3600	12.4	9.5	8.3	79.5	1006.9
2021-10-30T00:15:26	1244	3600	12.3	9.5	8.5	79.4	1006.8
2021-10-30T01:17:26	1194	3600	12.4	9.0	7.7	82.6	1006.9
2021-10-30T02:18:26	1226	3600	12.3	8.3	7.3	84.0	1007.3
2021-10-30T03:20:26	1255	3600	12.3	8.4	7.3	83.8	1007.1
2021-10-30T04:21:26	1240	3600	12.3	8.5	7.4	82.5	1006.9
2021-10-30T05:23:26	1282	3600	12.3	8.7	7.4	82.4	1006.8
2021-10-30T06:24:26	1259	3600	12.1	8.5	7.3	82.7	1006.8
2021-10-30T07:26:26	1225	3600	12.2	8.1	6.8	83.4	1006.5
2021-10-30T08:27:26	1258	3600	12.2	8.3	6.6	84.3	1006.5
2021-10-30T09:29:26	1228	3600	12.7	11.9	8.8	77.6	1006.2
2021-10-30T10:31:26	1229	3600	14.0	17.2	10.9	69.4	1005.7
2021-10-30T11:32:26	1269	3600	14.0	19.1	12.0	67.1	1005.1
2021-10-30T12:34:26	1242	3600	14.0	20.2	13.5	64.6	1004.5
2021-10-30T13:35:26	1328	3600	13.0	21.1	14.3	62.0	1003.6
2021-10-30T14:37:26	1310	3600	13.0	20.2	14.3	60.6	1002.9
2021-10-30T15:38:26	1227	3600	13.0	19.3	14.4	59.5	1001.8
2021-10-30T16:40:26	1270	3600	12.7	17.5	14.3	57.0	1002.0
2021-10-30T17:42:26	1229	3600	12.6	15.1	12.5	64.2	1001.9
2021-10-30T18:43:26	1231	3600	12.5	12.6	11.3	67.0	1002.4
2021-10-30T19:45:26	1297	3600	12.5	11.7	10.4	68.8	1002.4
2021-10-30T20:46:26	1248	3600	12.4	11.6	10.3	68.8	1002.5
2021-10-30T21:48:26	1255	3600	12.4	12.8	11.1	67.8	1002.6
2021-10-30T22:49:26	1247	3600	12.4	12.1	10.7	69.4	1003.0
2021-10-30T23:51:26	1260	3600	12.4	11.9	10.4	71.2	1003.4
2021-10-31T01:53:26	1286	3600	12.3	11.9	10.5	70.3	1003.4
2021-10-31T02:54:26	1246	3600	12.3	11.7	10.4	70.9	1003.8
2021-10-31T02:56:26	1257	3600	12.2	12.7	11.2	71.4	1004.1
2021-10-31T03:57:26	1190	3600	12.2	12.7	11.3	74.3	1004.6
2021-10-31T03:59:26	1247	3600	12.2	11.6	10.0	78.6	1004.8
2021-10-31T05:00:26	1245	3600	12.2	11.5	10.2	81.0	1005.1
2021-10-31T06:02:26	1204	3600	12.2	12.7	11.2	80.7	1005.5
2021-10-31T07:04:26	1283	3600	12.2	12.6	10.7	82.3	1005.7
2021-10-31T08:05:26	1167	3600	12.7	14.8	12.3	77.7	1006.4
2021-10-31T09:07:26	1246	3600	13.0	17.6	13.7	74.6	1006.2
2021-10-31T10:08:26	1155	3600	13.9	22.7	15.5	72.0	1006.0
2021-10-31T11:10:26	1196	3600	14.0	23.4	17.0	69.9	1005.7
2021-10-31T12:11:26	1216	3600	14.0	24.1	17.4	68.0	1005.1
2021-10-31T13:13:26	1254	3600	14.0	24.9	17.9	67.9	1004.2
2021-10-31T14:15:26	1191	3600	14.0	24.5	18.0	65.8	1003.6
2021-10-31T15:16:26	1340	3600	13.1	23.7	18.1	65.3	1003.0
2021-10-31T16:18:26	1204	3600	12.6	19.6	16.3	67.7	1002.6
2021-10-31T17:19:26	1246	3600	12.6	17.4	14.9	69.1	1001.9
2021-10-31T18:21:26	1243	3600	12.5	16.9	14.7	68.3	1001.4
2021-10-31T19:22:26	1309	3600	12.5	16.3	14.5	62.8	1000.6
2021-10-31T20:24:26	1243	3600	12.5	15.5	13.6	64.6	999.8
2021-10-31T21:25:26	1340	3600	12.4	14.4	12.9	67.4	999.2
2021-10-31T22:27:26	1345	3600	12.4	13.9	12.4	69.4	998.6
2021-10-31T23:28:26	1337	3600	12.4	13.2	11.7	71.7	998.0
2021-11-01T00:30:26	1266	3600	12.4	12.7	11.3	72.8	997.1
2021-11-01T01:32:26	1326	3600	12.3	12.1	10.6	75.9	996.6
2021-11-01T02:33:26	1268	3600	12.3	11.4	10.0	78.7	996.0
2021-11-01T03:35:26	1310	3600	12.2	11.2	9.8	79.7	995.6
2021-11-01T04:36:26	1339	3600	12.2	10.8	9.2	81.9	995.2
2021-11-01T05:38:26	1401	3600	12.3	11.1	9.3	82.3	995.6
2021-11-01T06:39:26	1324	3600	12.2	11.2	9.2	82.8	995.6
2021-11-01T07:41:26	1312	3600	12.2	12.7	10.4	79.8	996.5
2021-11-01T08:42:26	1372	3600	12.2	13.4	11.0	78.0	997.6
2021-11-01T09:44:26	1342	3600	12.2	14.6	11.7	77.4	998.2
2021-11-01T10:46:26	1330	3600	12.3	15.7	12.6	75.8	998.4
2021-11-01T11:48:26	1297	3600	12.4	16.2	12.5	78.9	998.7
2021-11-01T12:49:26	1278	3600	12.3	15.4	11.9	88.2	998.6
2021-11-01T13:51:26	1288	3600	12.2	15.1	11.8	88.2	998.4
2021-11-01T14:52:26	1293	3600	12.2	15.0	11.7	88.9	998.1
2021-11-01T15:54:26	1309	3600	12.1	13.9	10.9	90.2	998.6
2021-11-01T16:55:26	1295	3600	12.1	13.1	10.9	90.7	998.5
2021-11-01T17:57:26	1276	3600	12.1	12.8	10.7	91.9	998.5
2021-11-01T18:58:26	1299	3600	12.2	12.4	10.4	92.4	998.5
2021-11-01T20:00:26	1261	3600	12.0	12.3	10.2	91.2	998.9
2021-11-01T21:02:26	1306	3600	12.1	12.2	10.2	90.4	998.7
2021-11-01T22:03:26	1295	3600	12.1	12.0	9.9	91.7	998.5
2021-11-01T23:05:26	1258	3600	12.1	11.8	9.7	92.7	998.2
2021-11-02T00:06:26	1263	3600	12.1	11.6	9.6	93.3	997.6
2021-11-02T01:08:26	1293	3600	12.1	11.4	9.4	93.8	997.2
2021-11-02T02:10:26	1265	3600	12.0	11.1	9.1	94.4	996.8
2021-11-02T03:11:26	1385	3600	12.0	10.8	8.7	95.5	996.5
2021-11-02T04:13:26	1286	3600	12.0	10.5	8.5	97.0	996.5
2021-11-02T05:15:26	1272	3600	12.0	10.1	8.2	98.2	996.1
2021-11-02T06:16:26	1273	3600	12.0	10.0	8.0	99.0	996.2
2021-11-02T07:18:26	1289	3600	12.0	9.8	7.8	99.4	996.0
2021-11-02T08:19:26	1265	3600	12.0	10.3	7.8	99.8	996.1
2021-11-02T09:21:26	1340	3600	12.0	11.2	8.4	99.3	996.2
2021-11-02T10:23:26	1313	3600	12.5	13.3	9.7	93.7	995.9
2021-11-02T11:24:26	1272	3600	12.5	14.9	10.0	89.9	996.3
2021-11-02T12:26:26	1352	3600	12.7	18.0	11.0	83.4	995.9
2021-11-02T13:27:26	1310	3600	13.6	19.2	12.5	78.8	995.8
2021-11-02T14:29:26	1301	3600	13.5	21.1	13.6	71.1	996.0
2021-11-02T15:30:26	1310	3600	12.7	18.4	13.8	69.8	996.1
2021-11-02T16:32:26	1380	3600	12.5	13.3	9.9	85.4	996.3
2021-11-02T17:34:26	1325	3600	12.4	11.9	9.4	87.9	996.1
2021-11-02T18:35:26	1323	3600	12.4	11.3	8.9	90.9	996.5
2021-11-02T19:37:26	1314	3600	12.4	11.0	8.7	91.1	996.9
2021-11-02T20:38:26	1268	3600	12.4	10.7	8.9	90.1	997.2
2021-11-02T21:40:26	1337	3600	12.3	9.4	7.9	91.3	997.6
2021-11-02T22:41:26	1304	3600	12.3	8.1	7.0	92.3	997.5
2021-11-02T23:43:26	1279	3600	12.2	7.4	6.5	93.6	997.7
2021-11-03T00:45:26	1332	3600	12.2	7.0	5.9	95.2	997.7
2021-11-03T01:46:26	1360	3600	12.2	6.4	5.3	97.4	997.8
2021-11-03T02:48:26	1306	3600	12.2	5.5	4.4	99.0	997.6
2021-11-03T03:49:26	1352	3600	12.1	4.9	3.9	99.7	997.6
2021-11-03T04:53:26	1287	3600	12.0	4.3	2.8	99.6	998.0
2021-11-03T05:55:26	1301	3600	12.1	4.2	2.8	100.0	998.4
2021-11-03T06:57:26	1278	3600	12.0	4.2	2.7	100.0	998.2
2021-11-03T07:58:26	1314	3600	12.0	5.6	3.3	100.0	998.8
2021-11-03T09:00:26	1260	3600	12.0	6.9	4.5	100.0	999.5
2021-11-03T10:02:26	1335	3600	12.2	9.0	6.5	100.0	999.4
2021-11-03T11:03:26	1353	3600	12.6	11.6	8.3	93.7	999.2
2021-11-03T12:05:26	1368	3600	12.7	13.0	9.9	88.1	999.5
2021-11-03T13:06:26	1290	3600	14.0	19.2	10.9	76.6	998.8
2021-11-03T14:08:26	1270	3600	12.6	16.2	10.7	73.4	998.8
2021-11-03T15:09:26	1351	3600	12.6	14.2	10.4	73.4	999.0
2021-11-03T16:11:26	1300	3600	12.5	13.0	9.8	76.9	998.8
2021-11-03T17:12:26	1333	3600	12.4	11.4	9.3	79.1	998.6
2021-11-03T18:14:26	1344	3600	12.4	11.0	8.9	82.6	998.8
2021-11-03T19:15:26	1254	3600	12.3	9.5	8.1	85.9	999.0
2021-11-03T20:17:26	1317	3600	12.2	9.9	8.3	84.1	999.0
2021-11-03T21:19:26	1283	3600	12.2	9.3	7.1	91.6	998.9
2021-11-03T22:20:26	1295	3600	12.2	9.2	6.9	92.9	999.1
2021-11-03T23:22:26	1275	3600	12.1	9.0	6.7	94.4	998.4
2021-11-04T00:23:26	1345	3600	12.1	8.9	6.8	94.3	998.4
2021-11-04T01:25:26	1225	3600	12.0	8.9	6.8	94.2	997.9
2021-11-04T02:26:26	1236	3600	12.1	8.8	6.7	94.4	997.5
2021-11-04T03:28:26	1292	3600	12.0	8.5	6.3	95.7	996.5
2021-11-04T04:29:26	1288	3600	12.0	8.3	6.0	96.5	996.7
2021-11-04T05:31:26	1272	3600	12.0	8.5	6.1	96.2	995.8
2021-11-04T06:32:26	1286	3600	12.0	8.5	6.1	96.5	995.5
2021-11-04T07:34:26	1268	3600	12.0	8.6	6.0	97.0	995.0
2021-11-04T08:35:26	1323	3600	12.0	9.1	6.2	97.1	994.8
2021-11-04T09:37:26	1238	3600	11.9	9.3	6.3	97.3	994.0
2021-11-04T10:38:26	1298	3600	11.9	9.2	6.3	98.3	992.9
2021-11-04T11:40:26	1322	3600	12.0	9.2	6.3	98.8	991.7
2021-11-04T12:42:26	1278	3600	11.9	9.2	6.4	98.8	991.1
2021-11-04T13:43:26	1223	3600	12.0	9.6	6.9	99.1	990.6
2021-11-04T14:45:26	1190	3600	11.9	10.0	7.5	99.7	990.5
2021-11-04T15:46:26	1167	3600	11.9	10.6	8.6	99.1	990.3
2021-11-04T16:48:26	1112	3600	11.9	10.5	8.5	98.8	990.7
2021-11-04T17:49:26	1170	3600	11.9	10.5	8.7	97.1	992.0
2021-11-04T18:51:26	1070	3600	11.9	10.2	8.1	96.5	993.6
2021-11-04T19:53:26	1139	3600	11.8	9.8	7.7	95.6	995.4
2021-11-04T20:54:26	1125	3600	11.9	9.6	7.7	95.1	997.3
2021-11-04T21:58:26	1054	3600	11.8	9.5	7.5	97.1	999.1
2021-11-04T23:00:26	996	3600	11.8	9.5	7.3	98.5	1000.3
2021-11-05T00:01:26	1003	3600	11.8	9.4	7.3	96.6	1001.6
2021-11-05T01:03:26	1006	3600	11.8	9.0	6.8	95.1	1002.8
2021-11-05T02:04:26	1013	3600	11.7	9.0	6.8	96.1	1003.9
2021-11-05T03:06:26	1032	3600	11.8	8.9	6.8	98.3	1004.9
2021-11-05T04:07:26	1036	3600	11.8	9.0	6.8	98.8	1005.8
2021-11-05T05:09:26	1047	3600	11.7	9.1	7.0	98.7	1006.8
2021-11-05T06:10:26	1054	3600	11.8	9.2	7.2	98.6	1007.6
2021-11-05T07:12:26	1026	3600	11.6	9.3	7.3	97.5	1008.7
2021-11-05T08:13:26	1086	3600	11.7	10.0	7.6	95.6	1009.9
2021-11-05T09:15:26	1101	3600	11.7	10.7	8.1	92.9	1011.0
2021-11-05T10:17:26	1027	3600	11.7	11.2	8.4	92.5	1012.0
2021-11-05T11:18:26	1039	3600	11.8	12.2	8.8	90.5	1013.0
2021-11-05T12:20:26	1003	3600	11.8	12.8	9.6	86.5	1013.7
2021-11-05T13:21:26	1013	3600	12.6	13.9	9.9	86.8	1014.1
2021-11-05T14:23:26	1060	3600	11.9	13.6	9.6	89.3	1014.9
2021-11-05T15:25:26	945	3600	11.8	12.7	9.5	89.5	1015.2
2021-11-05T16:26:26	1050	3600	11.7	11.9	9.2	91.9	1015.9
2021-11-05T17:28:26	1018	3600	11.7	11.3	9.0	93.0	1016.7
2021-11-05T18:29:26	1037	3600	11.7	11.2	9.0	92.2	1017.2
2021-11-05T19:31:26	996	3600	11.6	10.8	8.7	89.9	1017.7
2021-11-05T20:32:26	950	3600	11.6	10.4	8.4	89.0	1018.2
2021-11-05T21:34:26	1006	3600	11.6	9.7	8.1	89.2	1018.6
2021-11-05T22:36:26	952	3600	11.5	9.0	7.6	91.4	1019.0
2021-11-05T23:37:26	970	3600	11.5	8.6	7.1	93.7	1019.2
2021-11-06T00:39:26	1011	3600	11.5	8.4	7.2	93.4	1019.6
2021-11-06T01:40:26	963	3600	11.5	8.4	7.0	94.5	1019.7
2021-11-06T02:42:26	960	3600	11.5	9.0	7.3	93.7	1019.9
2021-11-06T03:43:26	1050	3600	11.5	9.5	7.6	92.8	1019.9
2021-11-06T04:46:26	1001	3600	11.4	9.6	7.6	91.8	1020.2
2021-11-06T05:48:26	1005	3600	11.3	9.8	7.8	91.1	1020.3
2021-11-06T06:50:26	1027	3600	11.4	10.0	8.1	89.3	1020.2
2021-11-06T07:51:26	969	3600	11.5	11.0	8.5	88.0	1020.8
2021-11-06T08:53:26	1013	3600	11.4	11.5	8.6	87.1	1021.0
2021-11-06T09:54:26	986	3600	11.9	12.9	8.8	84.7	1021.3
2021-11-06T10:56:26	972	3600	12.7	17.6	10.6	78.8	1021.3
2021-11-06T12:01:21	1083	3600	12.0	14.1	9.8	79.9	1021.0
2021-11-06T13:06:39	1023	3600	12.0	15.2	10.8	78.4	1020.7
2021-11-06T14:11:40	1012	3600	11.9	14.3	10.7	76.5	1020.0
2021-11-06T15:15:26	1035	3600	11.8	13.5	10.6	79.4	1019.5
2021-11-06T16:16:26	1036	3600	11.8	12.9	10.2	80.3	1018.9
2021-11-06T17:18:26	974	3600	11.7	12.1	9.9	81.4	1018.2
2021-11-06T18:19:26	1021	3600	11.7	11.8	9.6	84.1	1018.0
2021-11-06T19:21:26	1030	3600	11.7	11.6	9.5	81.1	1017.3
2021-11-06T20:23:26	1029	3600	11.6	11.3	9.0	80.7	1016.5
2021-11-06T21:24:26	1062	3600	11.6	11.0	8.7	80.1	1016.1
2021-11-06T22:26:26	1038	3600	11.5	10.9	8.7	80.0	1015.4
2021-11-06T23:27:26	1083	3600	11.5	10.8	8.7	81.2	1014.8
2021-11-07T00:29:26	1044	3600	11.5	10.7	8.5	81.4	1013.6
2021-11-07T01:30:26	1057	3600	11.4	10.3	8.2	82.3	1012.2
2021-11-07T02:32:26	1098	3600	11.4	9.9	7.9	83.7	1010.7
2021-11-07T03:34:26	1075	3600	11.3	10.3	8.3	82.8	1009.4
2021-11-07T04:35:26	1075	3600	11.4	10.6	8.7	83.0	1008.1
2021-11-07T05:37:26	1130	3600	11.2	10.5	8.8	81.8	1007.2
2021-11-07T06:38:26	1165	3600	11.3	11.0	9.2	80.5	1006.6
2021-11-07T07:40:26	1126	3600	11.2	11.0	8.7	84.8	1006.3
2021-11-07T08:41:26	1106	3600	11.3	11.5	8.7	88.8	1006.1
2021-11-07T09:43:26	1134	3600	11.8	13.0	9.8	83.2	1005.8
2021-11-07T10:44:26	1113	3600	11.7	14.5	10.2	83.1	1005.5
2021-11-07T11:46:26	1146	3600	11.8	14.0	10.2	83.1	1005.1
2021-11-07T12:48:26	1094	3600	11.6	12.1	9.4	90.1	1005.1
2021-11-07T13:49:26	1116	3600	11.9	13.4	9.3	84.9	1004.9
2021-11-07T14:51:26	1129	3600	11.9	14.0	10.2	80.4	1005.0
2021-11-07T15:52:26	1120	3600	11.6	10.8	8.1	87.3	1005.4
2021-11-07T16:54:26	1103	3600	11.5	9.4	7.3	90.1	1005.8
2021-11-07T17:56:26	1096	3600	11.5	9.4	7.7	89.7	1006.0
2021-11-07T18:57:26	1096	3600	11.4	9.2	7.8	85.9	1006.3
2021-11-07T19:59:26	1060	3600	11.2	9.3	7.7	85.4	1006.4
2021-11-07T21:00:26	1100	3600	11.2	9.1	7.4	85.4	1007.0
2021-11-07T22:02:26	1053	3600	11.1	8.6	7.0	87.5	1007.3
2021-11-08T10:04:34	1084	3600	12.1	12.6	8.7	88.2	1014.2
2021-11-08T11:05:26	977	3600	12.9	15.6	10.0	84.0	1014.5
2021-11-08T12:07:26	1046	3600	12.0	15.9	10.1	82.5	1015.0
2021-11-08T13:09:26	1032	3600	12.0	15.1	10.7	79.8	1015.1
2021-11-08T14:10:26	1111	3600	11.9	14.7	10.6	76.5	1015.0
2021-11-08T15:12:26	1058	3600	11.9	14.9	10.6	75.6	1015.3
2021-11-08T16:13:26	1068	3600	11.8	13.0	10.0	78.3	1016.0
2021-11-08T17:15:26	1078	3600	11.7	11.2	8.9	83.5	1016.4
2021-11-08T18:16:26	1080	3600	11.7	11.3	8.9	86.0	1017.0
2021-11-08T19:18:26	1068	3600	11.6	11.3	9.0	86.2	1017.7
2021-11-08T20:20:26	1008	3600	11.6	11.2	8.9	87.0	1017.8
2021-11-08T21:21:26	1000	3600	11.5	10.6	8.2	95.0	1018.5
2021-11-08T22:23:26	1053	3600	11.5	10.5	8.0	97.3	1019.1
2021-11-08T23:24:26	1027	3600	11.5	10.4	8.0	98.1	1019.1
2021-11-09T00:26:26	1048	3600	11.4	10.4	8.1	98.0	1019.8
2021-11-09T01:28:26	1037	3600	11.4	10.4	8.0	99.5	1020.4
2021-11-09T02:29:26	1091	3600	11.3	10.4	8.0	99.6	1020.4
2021-11-09T03:31:26	1028	3600	11.2	10.4	8.0	98.8	1020.7
2021-11-09T04:32:26	982	3600	11.2	10.3	7.9	98.4	1021.1
2021-11-09T12:01:34	1009	3600	11.8	15.1	10.3	81.1	1025.0
2021-11-09T13:03:26	1012	3600	12.0	15.6	11.0	81.6	1024.5
2021-11-09T14:04:26	991	3600	12.7	16.0	10.9	77.6	1024.2
2021-11-09T15:06:26	1007	3600	12.2	16.3	12.2	73.3	1024.1
2021-11-09T16:08:26	950	3600	11.8	14.0	10.3	76.8	1023.8
2021-11-09T17:09:26	986	3600	11.7	9.8	8.4	83.0	1024.0
2021-11-09T18:11:26	1032	3600	11.7	8.9	7.8	87.0	1024.3
2021-11-09T19:12:26	1025	3600	11.6	8.2	7.2	89.6	1024.4
2021-11-09T20:14:26	1084	3600	11.6	7.7	6.7	91.0	1024.3
2021-11-09T21:15:26	999	3600	11.6	6.9	5.5	93.9	1023.8
2021-11-09T22:17:26	1046	3600	11.5	6.5	5.3	94.7	1023.3
2021-11-09T23:18:26	1044	3600	11.4	5.9	4.6	94.9	1023.4
2021-11-10T00:20:26	1026	3600	11.4	6.0	5.1	92.7	1023.3
2021-11-10T01:22:26	1032	3600	11.3	5.2	4.2	95.6	1023.0
2021-11-10T02:23:26	1039	3600	11.3	4.7	3.6	96.5	1022.6
2021-11-10T03:25:26	1094	3600	11.2	4.2	3.1	98.2	1021.8
2021-11-10T04:26:26	1068	3600	11.1	4.0	2.5	98.7	1021.3
2021-11-10T09:03:35	1043	3600	12.2	7.0	4.0	93.9	1021.4
2021-11-10T10:05:26	1102	3600	13.2	10.4	5.3	91.5	1021.1
2021-11-10T11:07:26	1118	3600	14.0	12.9	7.7	84.7	1020.8
2021-11-10T12:08:26	984	3600	13.5	18.3	9.9	71.8	1020.3
2021-11-10T13:10:26	1060	3600	13.3	20.2	10.6	70.8	1020.1
2021-11-10T14:11:26	1010	3600	12.7	16.1	9.8	75.2	1019.8
2021-11-10T15:13:26	1047	3600	12.7	14.9	10.1	72.7	1019.8
2021-11-10T16:14:26	986	3600	12.2	10.8	7.0	82.2	1019.4
2021-11-10T17:16:26	1070	3600	12.1	7.3	5.6	88.8	1020.0
2021-11-10T18:18:26	1046	3600	12.0	6.6	5.3	90.1	1020.0
2021-11-10T19:19:26	1105	3600	12.1	6.0	4.7	93.9	1019.9
2021-11-10T20:21:26	1029	3600	12.0	5.9	4.4	96.7	1020.1
2021-11-10T21:22:26	1051	3600	12.0	5.9	4.6	95.6	1020.0
2021-11-10T22:24:26	1051	3600	12.0	6.0	4.3	96.1	1019.7
2021-11-10T23:25:26	1032	3600	12.0	4.9	3.7	98.2	1019.6
2021-11-11T00:27:26	1051	3600	11.9	4.0	3.0	99.2	1019.5
2021-11-11T01:28:26	1099	3600	12.0	3.5	2.6	99.6	1019.4
2021-11-11T02:30:26	1074	3600	11.9	3.0	2.2	100.0	1019.3
2021-11-11T03:31:26	1113	3600	11.9	2.8	1.6	100.0	1018.6
2021-11-11T04:33:26	1134	3600	11.8	2.3	0.8	100.0	1018.7
2021-11-11T05:34:26	1097	3600	11.8	2.0	0.8	100.0	1018.8
2021-11-11T06:36:26	1144	3600	11.8	1.9	0.2	100.0	1018.8
2021-11-11T07:38:26	1054	3600	11.8	2.2	-0.3	100.0	1019.4
2021-11-11T08:39:26	1071	3600	11.8	3.7	1.1	100.0	1019.4
2021-11-11T09:41:26	1033	3600	12.0	6.0	2.7	100.0	1019.3
2021-11-11T10:42:26	1104	3600	12.1	7.6	3.6	100.0	1019.6
2021-11-11T11:44:26	1003	3600	12.2	8.6	4.4	100.0	1019.4
2021-11-11T12:45:26	1059	3600	12.3	10.8	6.3	100.0	1018.9
2021-11-11T13:47:26	1033	3600	12.1	11.5	7.0	98.4	1018.6
2021-11-11T14:48:26	1102	3600	12.0	11.0	6.8	97.2	1018.8
2021-11-11T15:50:26	1085	3600	11.9	10.6	6.9	98.2	1018.7
2021-11-11T16:52:26	1070	3600	11.8	9.5	6.8	98.4	1018.7
2021-11-11T17:53:26	1044	3600	11.8	9.4	6.8	98.4	1019.2
2021-11-11T18:55:26	1040	3600	11.9	9.3	6.9	98.5	1019.3
2021-11-11T19:57:26	1070	3600	11.8	9.3	6.8	98.8	1019.5
2021-11-11T20:58:26	1000	3600	11.7	9.3	6.8	100.0	1019.6
2021-11-11T22:00:26	1040	3600	11.7	9.4	6.9	100.0	1019.6
2021-11-11T23:01:26	1035	3600	11.7	9.4	6.9	100.0	1019.4
2021-11-12T00:03:26	1031	3600	11.7	9.4	7.0	100.0	1019.0
2021-11-12T01:05:26	1059	3600	11.8	9.5	7.1	100.0	1018.9
2021-11-12T02:06:26	1086	3600	11.7	9.6	7.2	100.0	1018.7
2021-11-12T03:08:26	1083	3600	11.7	9.6	7.1	100.0	1018.6
2021-11-12T04:10:26	1076	3600	11.7	9.6	7.1	100.0	1018.4
2021-11-12T05:11:26	1004	3600	11.7	9.6	7.0	100.0	1018.1
2021-11-12T06:13:26	1021	3600	11.6	9.6	7.1	100.0	1018.1
2021-11-12T07:14:26	1122	3600	11.6	9.5	6.9	100.0	1018.1
2021-11-12T08:16:26	1038	3600	11.6	10.0	6.9	100.0	1018.1
2021-11-12T09:17:26	1017	3600	11.6	10.7	7.3	100.0	1017.5
2021-11-12T10:19:26	1079	3600	11.7	11.7	8.1	100.0	1017.3
2021-11-12T11:20:26	1037	3600	11.7	12.4	8.1	94.4	1016.6
2021-11-12T12:22:26	1139	3600	12.0	13.2	8.4	92.5	1015.7
2021-11-12T13:24:26	1103	3600	11.9	13.0	8.7	92.1	1015.0
2021-11-12T14:25:26	1057	3600	11.7	11.8	7.8	92.8	1014.4
2021-11-12T15:27:26	1100	3600	11.6	11.1	7.7	90.7	1014.0
2021-11-12T16:28:26	1083	3600	11.5	10.3	7.7	90.1	1013.5
2021-11-12T17:30:26	1049	3600	11.6	8.2	6.3	95.2	1013.4
2021-11-12T18:31:26	1096	3600	11.5	6.5	4.6	96.0	1013.2
2021-11-12T19:33:26	1090	3600	11.5	5.2	3.5	98.7	1012.4
2021-11-12T20:35:26	1078	3600	11.4	5.0	3.3	99.2	1011.4
2021-11-12T21:36:26	1181	3600	11.4	5.3	3.8	97.5	1011.3
2021-11-12T22:38:26	1058	3600	11.3	4.9	3.2	97.4	1011.0
2021-11-12T23:39:26	1087	3600	9.0	4.5	2.9	98.3	1010.5
2021-11-13T10:23:35	1053	3600	12.6	9.9	5.8	91.7	1010.1
2021-11-13T11:24:26	1192	3600	12.1	11.4	6.3	87.6	1009.6
2021-11-13T12:26:26	1169	3600	12.9	14.7	7.9	82.2	1009.4
2021-11-13T13:28:26	1138	3600	12.9	16.1	8.9	79.5	1009.5
2021-11-13T14:29:26	1103	3600	12.5	14.3	8.6	81.9	1009.7
2021-11-13T15:31:26	1130	3600	12.0	13.1	8.4	83.2	1010.1
2021-11-13T16:32:26	1070	3600	12.0	9.9	7.4	87.7	1010.3
2021-11-13T17:34:26	1178	3600	11.9	9.9	7.3	88.9	1010.7
2021-11-13T18:35:26	1164	3600	11.8	8.8	6.6	92.4	1011.2
2021-11-13T19:37:26	1080	3600	11.8	7.0	5.5	96.0	1011.5
2021-11-13T20:39:26	1119	3600	11.8	7.3	5.6	97.2	1011.8
2021-11-13T21:40:26	1090	3600	11.7	8.0	6.0	96.6	1012.4
2021-11-13T22:42:26	1094	3600	11.7	8.3	6.0	96.7	1012.8
2021-11-13T23:44:26	1117	3600	11.7	8.5	6.2	96.6	1013.4
2021-11-14T00:45:26	1020	3600	11.7	8.6	6.3	96.2	1013.6
2021-11-14T01:47:26	1110	3600	11.6	8.7	6.3	96.9	1013.9
2021-11-14T02:48:26	1099	3600	11.6	8.7	6.3	96.6	1014.4
2021-11-14T03:50:26	1075	3600	11.6	8.7	6.2	97.1	1015.1
2021-11-14T04:53:26	1075	3600	11.5	8.7	6.2	95.8	1015.3
2021-11-14T05:56:26	1141	3600	11.6	8.6	6.1	95.0	1016.0
2021-11-14T06:57:26	1084	3600	11.5	8.6	6.1	94.9	1016.8
2021-11-14T07:59:26	1016	3600	9.5	8.6	5.5	94.5	1017.9
2021-11-14T09:39:34	1063	3600	9.5	9.3	5.5	93.6	1019.0
2021-11-14T10:45:34	1089	3600	11.8	10.3	6.2	91.5	1020.0
2021-11-14T11:47:26	1127	3600	11.4	10.9	6.8	90.6	1020.4
2021-11-14T12:48:26	1032	3600	9.6	10.9	7.3	88.0	1020.6
2021-11-14T13:57:34	1140	3600	9.5	11.1	7.4	89.6	1021.0
2022-01-31T14:59:34	1316	3600	12.4	8.1	3.4	78.7	998.9
2022-01-31T16:00:26	1318	3600	13.3	7.8	4.0	76.8	999.7
2022-01-31T17:02:26	1275	3600	12.1	5.7	2.5	82.0	1000.7
2022-01-31T18:04:26	1254	3600	12.1	5.6	2.9	80.5	1001.6
2022-01-31T19:05:26	1292	3600	12.1	5.3	2.5	81.9	1003.0
2022-01-31T20:07:26	1234	3600	12.1	3.6	1.5	85.5	1003.9
2022-01-31T21:08:26	1165	3600	12.1	2.2	0.8	86.8	1005.3
2022-01-31T22:10:26	1155	3600	12.1	2.8	0.7	89.4	1006.2
2022-01-31T23:11:26	1196	3600	12.1	2.9	0.6	91.5	1006.7
2022-02-01T00:13:26	1261	3600	12.1	3.1	0.9	92.7	1006.9
2022-02-01T01:14:26	1205	3600	12.1	3.0	1.0	94.2	1007.6
2022-02-01T02:16:26	1200	3600	12.0	3.7	1.5	93.7	1007.8
2022-02-01T03:17:26	1169	3600	12.1	4.0	1.7	92.9	1007.5
2022-02-01T04:19:26	1225	3600	12.0	3.7	1.5	93.0	1007.2
2022-02-01T05:21:26	1202	3600	12.0	3.9	1.6	92.8	1007.2
2022-02-01T06:22:26	1181	3600	12.1	3.6	1.0	96.4	1006.6
2022-02-01T07:24:26	1167	3600	12.0	3.6	1.3	95.9	1007.1
2022-02-01T08:26:26	1208	3600	12.0	3.8	1.9	93.6	1007.0
2022-02-01T09:28:26	1191	3600	12.0	4.5	2.5	91.2	1006.8
2022-02-01T10:30:26	1149	3600	12.0	5.0	2.8	90.7	1006.0
2022-02-01T11:31:26	1187	3600	12.2	6.0	3.5	87.4	1004.7
2022-02-01T12:33:26	1267	3600	12.2	6.4	3.8	86.6	1003.1
2022-02-01T13:35:26	1233	3600	12.1	6.5	4.0	83.3	1001.0
2022-02-01T14:36:26	1268	3600	12.0	5.8	2.6	94.0	998.2
2022-02-01T15:38:26	1245	3600	12.0	5.1	2.3	96.8	996.5
2022-02-01T16:40:26	1247	3600	12.0	5.4	3.2	97.1	995.3
2022-02-01T17:41:26	1269	3600	12.0	6.2	4.4	97.5	994.0
2022-02-01T18:43:26	1291	3600	12.0	6.9	5.3	96.4	993.6
2022-02-01T19:45:26	1271	3600	12.0	7.4	5.6	94.4	993.5
2022-02-01T20:46:26	1223	3600	12.0	7.8	6.4	87.8	993.8
2022-02-01T21:48:26	1263	3600	12.0	8.1	6.3	84.4	994.2
2022-02-01T22:49:26	1281	3600	11.9	7.8	6.0	86.4	994.5
2022-02-01T23:51:26	1314	3600	12.0	7.9	6.2	84.0	995.0
2022-02-02T00:53:26	1281	3600	11.9	8.1	6.0	82.9	995.1
2022-02-02T01:54:26	1302	3600	11.9	7.8	5.9	81.0	995.7
2022-02-02T02:56:26	1172	3600	11.9	7.9	5.5	84.2	996.0
2022-02-02T03:57:26	1255	3600	11.9	7.2	5.4	86.0	996.2
2022-02-02T04:59:26	1235	3600	11.8	7.3	5.6	83.0	996.6
2022-02-02T06:00:26	1276	3600	11.9	7.7	5.7	78.6	996.9
2022-02-02T07:02:26	1283	3600	11.8	7.4	5.1	82.0	997.9
2022-02-02T08:04:26	1226	3600	11.7	7.6	5.6	79.2	999.0
2022-02-02T09:05:26	1199	3600	11.9	8.1	6.0	75.8	1000.1
2022-02-02T10:07:26	1195	3600	11.9	8.3	5.9	75.5	1001.3
2022-02-02T11:09:26	1159	3600	12.2	8.9	6.2	72.4	1002.4
2022-02-02T12:10:26	1214	3600	12.2	9.6	6.3	69.3	1003.4
2022-02-02T13:12:26	1164	3600	12.3	9.5	6.4	65.4	1004.2
2022-02-02T14:14:26	1143	3600	12.4	8.9	5.8	69.4	1005.9
2022-02-02T15:15:26	1165	3600	12.8	8.5	5.6	74.8	1007.8
2022-02-02T16:17:26	1158	3600	12.1	8.3	5.4	73.4	1009.0
2022-02-02T17:18:26	1172	3600	12.0	6.3	4.2	77.3	1009.9
2022-02-02T18:20:26	1110	3600	12.0	6.6	4.1	79.9	1011.3
2022-02-02T19:22:26	1159	3600	12.0	6.0	3.6	85.3	1012.6
2022-02-02T20:23:26	1178	3600	11.9	4.8	2.5	92.5	1012.9
2022-02-02T21:25:26	1132	3600	11.9	4.4	3.0	82.5	1013.2
2022-02-02T22:26:26	1070	3600	11.8	3.5	2.3	85.5	1014.0
2022-02-02T23:28:26	1100	3600	11.8	3.1	1.8	86.3	1014.3
2022-02-03T00:29:26	1109	3600	11.8	2.7	1.4	88.3	1014.7
2022-02-03T01:31:26	1108	3600	11.7	2.2	0.8	91.0	1015.2
2022-02-03T02:33:26	1111	3600	11.8	2.7	1.3	92.3	1015.2
2022-02-03T03:34:26	1061	3600	11.7	3.3	1.6	91.9	1014.9
2022-02-03T04:36:26	1127	3600	11.7	3.6	1.9	91.0	1014.1
2022-02-03T05:37:26	1138	3600	11.7	3.8	2.2	90.5	1013.8
2022-02-03T06:39:26	1057	3600	11.7	3.6	2.1	88.3	1013.6
2022-02-03T07:41:26	1063	3600	11.7	4.0	2.5	87.1	1012.9
2022-02-03T08:42:26	1079	3600	11.7	4.6	2.9	87.8	1012.7
2022-02-03T09:44:26	1169	3600	11.8	6.1	3.8	90.6	1012.2
2022-02-03T10:46:26	1165	3600	12.0	7.4	5.0	92.6	1011.7
2022-02-03T11:47:26	1108	3600	11.9	7.8	5.2	95.4	1011.1
2022-02-03T12:49:26	1114	3600	11.8	8.0	5.3	97.9	1010.4
2022-02-03T13:50:26	1199	3600	11.7	8.5	5.9	98.2	1009.7
2022-02-03T14:52:26	1140	3600	11.7	9.0	6.6	98.5	1009.0
2022-02-03T15:53:26	1148	3600	11.6	9.1	6.7	98.8	1008.6
2022-02-03T16:55:26	1090	3600	11.6	9.1	6.8	99.1	1008.2
2022-02-03T17:57:26	1148	3600	11.6	9.0	6.6	98.4	1007.9
2022-02-03T18:58:26	1189	3600	11.5	8.8	6.4	99.0	1007.7
2022-02-03T20:00:26	1064	3600	11.6	8.8	6.4	99.3	1007.1
2022-02-03T21:01:26	1163	3600	11.6	8.8	6.5	99.6	1006.7
2022-02-03T22:03:26	1145	3600	11.5	8.9	6.6	99.8	1006.3
2022-02-03T23:04:26	1121	3600	11.5	8.3	5.8	98.8	1006.3
2022-02-04T00:06:26	1103	3600	11.5	8.1	5.9	97.6	1006.3
2022-02-04T01:07:26	1118	3600	11.5	8.0	5.9	97.2	1005.9
2022-02-04T02:09:26	1159	3600	11.4	7.6	5.5	98.4	1005.8
2022-02-04T03:11:26	1210	3600	11.3	7.6	5.3	96.8	1005.9
2022-02-04T04:12:26	1116	3600	11.3	7.4	5.2	96.4	1005.8
2022-02-04T05:14:26	1090	3600	11.3	7.3	5.2	96.2	1005.7
2022-02-04T06:15:26	1183	3600	11.2	7.2	5.2	95.4	1005.7
2022-02-04T07:17:26	1180	3600	11.1	7.2	5.2	95.4	1005.5
2022-02-04T12:48:35	1210	3600	11.9	9.9	7.6	86.5	1003.9
2022-02-04T13:50:26	1152	3600	11.7	10.5	8.0	84.7	1002.9
2022-02-04T14:52:26	1237	3600	12.0	11.7	8.7	80.1	1001.8
2022-02-04T15:53:26	1213	3600	11.6	10.8	8.3	79.4	1001.1
2022-02-04T16:55:26	1218	3600	11.4	10.3	8.0	77.5	1000.3
2022-02-04T17:56:26	1257	3600	11.2	10.0	7.8	77.8	999.8
2022-02-05T10:05:34	1085	3600	12.0	6.4	3.6	85.8	1009.9
2022-02-05T11:07:26	1120	3600	12.1	8.5	4.9	82.8	1010.7
2022-02-05T12:08:26	1134	3600	12.0	8.2	5.1	80.5	1011.0
2022-02-05T13:10:26	1170	3600	12.1	8.6	5.7	71.6	1011.0
2022-02-05T14:11:26	1204	3600	11.8	8.4	5.7	69.7	1011.0
2022-02-05T15:13:26	1123	3600	11.8	8.5	5.9	67.2	1011.2
2022-02-05T16:15:26	1143	3600	11.7	8.2	5.7	68.2	1011.2
2022-02-05T17:17:26	1126	3600	11.7	7.4	5.3	68.2	1011.2
2022-02-05T18:18:26	1100	3600	11.6	7.4	5.4	67.6	1010.8
2022-02-05T19:20:26	1113	3600	11.5	7.2	5.1	68.3	1010.5
2022-02-05T20:21:26	1135	3600	11.5	7.0	5.0	71.0	1009.9
2022-02-05T21:23:26	1085	3600	11.5	7.2	5.3	69.2	1009.2
2022-02-05T22:25:26	1163	3600	11.3	7.4	5.2	70.1	1008.4
2022-02-06T11:33:26	1329	3600	11.7	9.8	7.7	80.2	994.0
2022-02-06T11:43:13	1296	3600	11.9	9.1	7.1	86.1	995.6
2022-02-06T12:41:26	1210	3600	11.8	9.5	7.2	86.0	992.1
2022-02-06T14:48:26	1297	3600	11.5	9.2	7.1	82.3	990.0
2022-02-06T15:50:26	1306	3600	10.8	8.5	6.1	90.7	988.5
2022-02-07T09:42:34	1183	3600	11.4	6.2	3.8	83.9	1003.9
2022-02-07T10:44:26	1189	3600	11.9	7.1	4.8	81.2	1005.1
2022-02-07T11:45:26	1160	3600	12.2	9.2	5.9	73.6	1006.5
2022-02-07T12:47:26	1107	3600	12.1	9.3	6.2	67.7	1007.4
2022-02-07T13:48:26	1150	3600	12.0	10.1	6.5	61.0	1008.5
2022-02-07T14:50:26	1147	3600	12.6	9.6	6.1	62.0	1009.8
2022-02-07T15:51:26	1199	3600	12.0	8.3	4.4	73.5	1011.2
2022-02-07T16:53:26	1155	3600	11.9	6.9	4.4	70.9	1012.2
2022-02-07T17:55:26	1103	3600	11.8	6.5	4.4	74.1	1013.9
2022-02-07T18:56:26	1157	3600	11.8	5.7	4.0	75.1	1014.9
2022-02-07T19:58:26	1122	3600	11.7	5.2	3.2	78.7	1015.9
2022-02-07T21:00:26	1103	3600	11.6	4.5	2.9	82.7	1016.7
2022-02-07T22:01:26	1085	3600	11.6	4.3	2.7	86.8	1017.4
2022-02-07T23:03:26	1150	3600	11.6	4.5	3.0	87.5	1017.7
2022-02-08T00:04:26	1051	3600	11.6	4.7	3.0	89.2	1018.2
2022-02-08T01:06:26	1067	3600	11.5	5.4	3.2	88.0	1018.8
2022-02-08T02:07:26	1040	3600	11.5	4.7	2.4	90.0	1018.9
2022-02-08T03:09:26	1094	3600	11.4	4.1	2.4	89.9	1018.6
2022-02-08T15:02:34	1134	3600	11.7	10.3	8.5	93.0	1015.7
2022-02-08T16:04:26	1103	3600	11.3	11.0	9.2	88.0	1015.8
2022-02-09T13:03:34	1101	3600	11.8	12.1	9.5	79.7	1017.6
2022-02-09T14:05:26	1089	3600	11.8	12.2	9.3	83.6	1017.0
2022-02-09T15:06:26	1126	3600	11.6	12.1	9.5	81.9	1017.0
2022-02-09T16:08:26	1089	3600	11.3	10.8	8.2	92.2	1017.1
2022-02-10T10:17:34	1104	3600	11.7	11.3	9.0	81.6	1012.2
2022-02-10T11:19:26	1092	3600	11.6	11.9	9.4	81.0	1011.9
2022-02-10T12:20:26	1183	3600	12.1	13.4	10.0	77.9	1011.3
2022-02-10T13:22:26	1172	3600	12.0	13.0	9.8	78.3	1011.1
2022-02-10T14:24:26	1130	3600	11.7	11.6	8.5	86.8	1011.2
2022-02-10T15:25:26	1091	3600	11.6	8.7	5.4	93.4	1012.0
2022-02-10T16:27:26	1137	3600	10.8	8.2	5.3	95.4	1012.6
2022-02-11T09:57:34	1165	3600	13.3	7.6	4.6	87.0	1015.1
2022-02-11T10:59:26	1090	3600	12.3	8.8	5.0	81.5	1015.6
2022-02-11T12:00:26	1070	3600	12.2	9.7	5.9	77.0	1015.7
2022-02-11T13:02:26	1138	3600	12.1	8.5	4.2	87.9	1016.5
2022-02-11T14:03:26	1063	3600	12.5	9.2	4.9	85.3	1017.0
2022-02-11T15:05:26	1123	3600	12.1	8.1	4.7	86.4	1018.0
2022-02-11T16:06:26	1049	3600	12.0	7.6	4.6	88.1	1018.9
2022-02-11T17:08:26	1130	3600	11.9	6.3	4.0	89.2	1020.5
2022-02-11T18:10:26	1076	3600	11.8	6.0	3.9	88.1	1021.8
2022-02-11T19:11:26	1050	3600	11.8	6.1	3.9	87.8	1023.0
2022-02-11T20:13:26	1048	3600	11.7	5.7	3.2	81.0	1024.4
2022-02-11T21:14:26	1065	3600	11.7	3.9	1.8	83.8	1026.1
2022-02-11T22:16:26	1092	3600	11.7	2.6	1.0	84.4	1027.2
2022-02-11T23:18:26	1032	3600	11.6	1.5	0.3	88.3	1027.5
2022-02-12T00:19:26	1013	3600	11.6	1.2	0.1	92.6	1028.1
2022-02-12T01:21:26	1032	3600	11.6	0.7	-0.5	94.8	1028.2
2022-02-12T02:22:26	1041	3600	11.4	-0.1	-1.4	96.3	1028.6
2022-02-12T03:24:26	1054	3600	11.4	-0.7	-1.8	97.4	1028.9
2022-02-12T09:02:35	1044	3600	13.2	2.2	-0.7	94.1	1028.7
2022-02-12T10:04:26	1043	3600	13.8	5.6	1.6	88.6	1028.8
2022-02-12T11:06:26	1014	3600	14.5	8.5	3.7	81.2	1028.5
2022-02-12T12:08:26	1079	3600	13.6	10.4	4.8	69.5	1027.8
2022-02-12T13:10:26	1034	3600	13.5	11.9	5.3	57.3	1026.8
2022-02-12T14:11:26	1050	3600	13.6	11.4	5.9	59.7	1025.8
2022-02-12T15:13:26	1102	3600	13.6	10.6	6.0	59.4	1024.9
2022-02-12T16:14:26	1074	3600	13.0	8.6	4.9	60.0	1024.0
2022-02-12T17:16:26	1067	3600	12.4	5.6	2.7	66.2	1023.1
2022-02-12T18:17:26	1019	3600	12.3	3.2	1.6	71.8	1022.8
2022-02-12T19:19:26	1101	3600	12.3	2.3	0.9	76.3	1022.2
2022-02-12T20:21:26	1112	3600	12.2	2.1	0.6	79.9	1021.4
2022-02-12T21:22:26	1063	3600	12.1	2.1	0.8	82.6	1020.7
2022-02-12T22:24:26	1119	3600	12.1	2.1	0.8	83.4	1020.1
2022-02-12T23:26:26	1126	3600	12.1	2.1	0.9	83.4	1019.4
2022-02-13T00:28:26	1116	3600	12.1	2.0	0.6	84.3	1018.8
2022-02-13T01:29:26	1087	3600	12.1	2.2	0.7	83.9	1017.8
2022-02-13T02:31:26	1114	3600	12.1	2.1	0.8	82.5	1017.1
2022-02-13T03:32:26	1107	3600	12.0	1.8	0.4	83.7	1016.2
2022-02-13T04:34:26	1118	3600	12.0	2.1	0.5	82.7	1015.7
2022-02-13T05:35:26	1123	3600	12.0	1.7	0.2	83.6	1015.2
2022-02-13T06:37:26	1104	3600	12.0	1.3	-0.3	85.4	1014.6
2022-02-13T07:39:26	1185	3600	12.0	1.0	-0.4	86.6	1013.9
2022-02-13T08:40:26	1184	3600	12.8	3.7	1.2	81.9	1013.6
2022-02-13T09:42:26	1110	3600	14.4	6.4	2.5	76.8	1013.3
2022-02-13T10:44:26	1133	3600	14.3	9.3	4.3	70.5	1013.1
2022-02-13T11:46:26	1051	3600	13.7	10.8	5.8	61.8	1012.7
2022-02-13T12:47:26	1126	3600	13.6	12.1	6.8	59.6	1011.8
2022-02-13T13:49:26	1170	3600	13.5	13.4	8.2	53.1	1010.7
2022-02-13T14:50:26	1167	3600	13.6	12.1	7.9	48.7	1010.1
2022-02-13T15:52:26	1217	3600	13.6	11.2	8.0	49.7	1009.4
2022-02-13T16:54:26	1184	3600	12.5	9.7	7.1	59.8	1008.7
2022-02-13T17:55:26	1166	3600	12.4	7.1	5.4	68.2	1008.0
2022-02-13T18:57:26	1176	3600	12.3	6.3	4.8	73.8	1007.7
2022-02-13T19:58:26	1161	3600	12.3	6.2	5.2	75.7	1006.9
2022-02-13T21:00:26	1190	3600	12.3	6.8	5.6	75.5	1006.6
2022-02-13T22:01:26	1240	3600	12.2	6.6	5.1	76.5	1005.9
2022-02-13T23:03:26	1172	3600	12.2	6.3	4.8	76.7	1005.7
2022-02-14T00:04:26	1193	3600	12.1	5.8	4.3	77.2	1005.3
2022-02-14T01:06:26	1181	3600	12.1	6.2	4.7	74.0	1004.7
2022-02-14T02:07:26	1207	3600	12.1	6.0	4.3	74.1	1004.1
2022-02-14T03:09:26	1276	3600	12.1	5.9	4.2	72.6	1003.3
2022-02-14T04:11:26	1258	3600	12.1	5.9	4.1	70.0	1002.5
2022-02-14T05:12:26	1246	3600	12.1	5.6	3.9	69.4	1001.9
2022-02-14T06:14:26	1270	3600	12.1	5.4	3.8	68.1	1001.7
2022-02-14T07:15:26	1283	3600	12.0	5.5	3.9	66.8	1001.4
2022-02-14T08:17:26	1268	3600	12.5	6.6	4.5	63.8	1001.3
2022-02-14T09:18:26	1263	3600	13.3	9.2	5.8	59.8	1000.9
2022-02-14T10:20:26	1219	3600	14.2	11.4	7.5	55.8	1000.7
2022-02-14T11:22:26	1242	3600	14.2	13.5	9.6	52.8	1000.6
2022-02-14T12:23:26	1256	3600	13.6	15.7	11.5	47.2	1000.6
2022-02-14T13:25:26	1189	3600	13.5	16.9	12.4	48.7	1000.0
2022-02-14T14:26:26	1283	3600	13.5	16.4	13.2	49.0	999.5
2022-02-14T15:28:26	1248	3600	13.4	16.3	13.4	48.2	999.3
2022-02-14T16:29:26	1157	3600	12.4	15.0	11.8	55.0	999.4
2022-02-14T17:31:26	1335	3600	12.5	13.6	11.0	57.7	999.9
2022-02-14T18:32:26	1155	3600	12.3	12.9	10.5	58.5	1000.1
2022-02-14T19:34:26	1232	3600	12.3	10.7	9.0	63.6	1000.3
2022-02-14T20:36:26	1259	3600	12.2	11.5	9.5	65.5	1000.7
2022-02-14T21:37:26	1184	3600	12.3	11.3	9.3	63.0	1001.1
2022-02-14T22:39:26	1222	3600	12.2	10.6	8.7	62.7	1001.2
2022-02-14T23:40:26	1108	3600	12.1	10.3	7.9	64.9	1001.4
2022-02-15T00:42:26	1241	3600	12.2	9.4	7.2	68.1	1001.6
2022-02-15T01:43:26	1266	3600	12.1	8.9	7.0	69.8	1001.6
2022-02-15T02:45:26	1228	3600	12.1	8.5	6.8	73.0	1001.7
2022-02-15T03:47:26	1211	3600	12.1	7.4	6.4	77.2	1001.9
2022-02-15T04:48:26	1183	3600	12.1	6.9	5.9	81.3	1002.4
2022-02-15T05:50:26	1176	3600	12.1	6.5	5.3	85.5	1002.9
2022-02-15T06:51:26	1231	3600	12.0	6.5	5.4	85.3	1003.5
2022-02-15T07:53:26	1160	3600	12.0	6.2	5.2	84.5	1004.1
2022-02-15T08:54:26	1264	3600	12.8	7.8	5.9	82.5	1004.8
2022-02-15T09:56:26	1204	3600	12.6	10.2	7.3	79.3	1005.1
2022-02-15T10:58:26	1206	3600	12.7	11.3	8.5	71.9	1005.4
2022-02-15T11:59:26	1221	3600	12.9	12.2	8.8	69.4	1005.7
2022-02-15T13:01:26	1228	3600	12.9	13.0	9.4	67.6	1006.1
2022-02-15T14:03:26	1139	3600	12.4	12.1	8.9	68.2	1005.8
2022-02-15T15:04:26	1182	3600	12.4	11.8	8.9	66.9	1005.9
2022-02-15T16:06:26	1253	3600	12.4	11.7	8.9	64.8	1005.7
2022-02-15T17:07:26	1192	3600	12.3	10.4	8.1	68.2	1005.6
2022-02-15T18:09:26	1210	3600	12.2	8.7	7.0	70.6	1005.3
2022-02-15T19:10:26	1224	3600	12.2	9.0	6.9	77.2	1005.5
2022-02-15T20:12:26	1170	3600	12.1	8.5	6.4	81.2	1005.1
2022-02-15T21:13:26	1204	3600	12.1	7.4	6.0	81.5	1004.9
2022-02-15T22:15:26	1187	3600	12.1	6.8	5.3	80.3	1004.3
2022-02-15T23:17:26	1172	3600	12.0	6.9	5.6	76.4	1003.4
2022-02-16T00:18:26	1193	3600	12.0	7.5	5.9	72.1	1002.4
2022-02-16T01:20:26	1245	3600	12.0	7.6	5.6	76.5	1001.9
2022-02-16T02:21:26	1222	3600	12.0	6.9	4.8	85.6	1001.3
2022-02-16T03:23:26	1293	3600	12.0	7.0	5.0	86.3	1000.4
2022-02-16T04:25:26	1233	3600	12.0	7.0	5.2	85.5	999.3
2022-02-16T05:26:26	1237	3600	12.0	7.0	5.3	86.0	998.8
2022-02-16T06:28:26	1264	3600	12.0	7.6	5.7	85.0	998.4
2022-02-16T07:29:26	1327	3600	12.0	7.4	5.3	90.5	997.8
2022-02-16T08:31:26	1242	3600	12.0	7.5	5.4	91.1	996.7
2022-02-16T09:32:26	1268	3600	12.0	8.1	5.9	88.7	995.5
2022-02-16T10:34:26	1189	3600	12.0	8.5	6.1	89.5	994.3
2022-02-16T11:36:26	1276	3600	12.0	8.3	5.9	93.4	993.0
2022-02-16T12:37:26	1317	3600	12.0	8.9	6.4	93.0	991.3
2022-02-16T13:39:26	1294	3600	12.3	9.9	7.7	90.2	989.8
2022-02-16T14:40:26	1284	3600	12.1	10.8	8.8	85.3	988.7
2022-02-16T15:42:26	1292	3600	12.0	11.4	9.7	83.0	988.6
2022-02-16T16:43:26	1395	3600	12.0	11.5	9.5	87.0	988.4
2022-02-16T17:45:26	1342	3600	11.9	11.2	9.1	93.1	987.7
2022-02-16T18:46:26	1287	3600	11.9	11.5	10.0	85.6	987.2
2022-02-16T19:48:26	1234	3600	12.0	11.9	10.4	85.0	986.2
2022-02-16T20:50:26	1303	3600	11.9	12.2	10.5	85.5	985.4
2022-02-16T21:51:26	1410	3600	11.9	12.5	11.2	82.9	983.4
2022-02-16T22:53:26	1352	3600	11.9	13.2	11.4	82.8	980.8
2022-02-16T23:54:26	1404	3600	11.9	13.2	11.8	84.1	979.0
2022-02-17T00:56:26	1398	3600	11.9	14.3	12.9	81.2	977.9
2022-02-17T01:57:26	1393	3600	11.9	13.8	11.9	92.2	977.2
2022-02-17T02:59:26	1401	3600	11.9	10.8	8.5	92.1	979.9
2022-02-17T04:01:26	1331	3600	11.8	11.3	9.8	73.2	978.9
2022-02-17T05:02:26	1431	3600	11.8	11.0	9.4	73.4	979.0
2022-02-17T06:04:26	1449	3600	11.8	11.3	8.7	74.3	980.2
2022-02-17T07:05:26	1400	3600	11.7	10.9	9.1	62.6	980.9
2022-02-17T08:07:26	1396	3600	11.9	11.1	9.1	58.2	981.2
2022-02-17T09:09:26	1460	3600	12.0	12.2	9.7	54.4	981.9
2022-02-17T10:10:26	1456	3600	12.1	12.5	9.7	55.8	982.9
2022-02-17T11:12:26	1342	3600	12.2	12.1	9.0	63.3	985.2
2022-02-17T12:14:26	1392	3600	12.8	12.0	8.9	65.8	987.1
2022-02-17T13:15:26	1258	3600	12.5	12.4	8.7	66.6	989.0
2022-02-17T14:17:26	1300	3600	12.9	11.5	8.4	68.3	990.4
2022-02-17T15:18:26	1302	3600	12.7	10.2	8.1	71.5	991.7
2022-02-17T16:20:26	1232	3600	12.2	10.6	7.6	66.6	993.4
2022-02-17T17:22:26	1289	3600	12.1	9.1	7.0	71.1	994.6
2022-02-17T18:23:26	1251	3600	12.1	8.5	6.8	69.4	995.8
2022-02-17T19:25:26	1297	3600	12.0	8.0	6.0	74.6	997.2
2022-02-17T20:26:26	1199	3600	12.0	8.0	6.3	70.3	997.8
2022-02-17T21:28:26	1186	3600	12.0	8.3	6.3	67.4	998.5
2022-02-17T22:29:26	1263	3600	11.9	7.7	5.9	69.0	999.8
2022-02-17T23:31:26	1221	3600	11.9	7.7	6.1	66.7	1000.4
2022-02-18T00:33:26	1280	3600	11.9	7.7	6.2	64.2	1000.7
2022-02-18T01:34:26	1246	3600	11.9	7.4	5.8	67.2	1001.6
2022-02-18T02:36:26	1236	3600	11.9	7.1	5.4	68.5	1002.3
2022-02-18T03:37:26	1270	3600	11.8	6.6	5.1	70.3	1002.6
2022-02-18T04:39:26	1186	3600	11.8	6.2	4.7	73.4	1002.7
2022-02-18T05:41:26	1280	3600	11.7	5.5	4.0	78.2	1003.0
2022-02-18T06:42:26	1230	3600	11.6	5.1	3.6	82.0	1003.2
2022-02-18T07:44:26	1151	3600	11.8	4.9	3.5	85.3	1003.0
2022-02-18T08:46:26	1181	3600	12.0	6.9	4.7	83.2	1002.3
2022-02-18T09:47:26	1205	3600	12.1	8.4	6.0	79.0	1001.7
2022-02-18T10:49:26	1192	3600	12.2	9.6	7.1	76.2	1000.6
2022-02-18T11:50:26	1239	3600	12.0	10.1	7.3	74.6	999.4
2022-02-18T12:52:26	1218	3600	12.0	9.2	6.8	83.3	997.2
2022-02-18T13:53:26	1242	3600	11.9	9.2	6.6	84.8	995.1
2022-02-18T14:55:26	1263	3600	11.9	8.6	6.2	93.4	992.1
2022-02-18T15:56:26	1309	3600	11.8	9.1	6.9	94.3	989.7
2022-02-18T16:59:26	1295	3600	11.8	9.8	8.0	92.4	987.6
2022-02-18T18:01:26	1296	3600	11.7	10.0	8.3	91.9	985.5
2022-02-18T19:03:26	1322	3600	11.7	10.4	9.4	87.9	983.7
2022-02-18T20:04:26	1371	3600	11.7	11.2	10.7	74.4	984.5
2022-02-18T21:06:26	1300	3600	11.7	11.0	9.8	57.1	984.5
2022-02-18T22:07:26	1280	3600	11.6	9.9	8.3	69.0	985.9
2022-02-18T23:09:26	1354	3600	11.6	9.5	7.5	63.4	987.4
2022-02-19T00:10:26	1322	3600	11.6	9.6	7.5	62.4	988.6
2022-02-19T01:12:26	1348	3600	11.6	9.7	7.7	57.9	989.4
2022-02-19T02:13:26	1275	3600	11.5	9.5	7.3	52.9	989.7
2022-02-19T03:15:26	1405	3600	11.5	9.4	7.3	48.6	989.6
2022-02-19T04:16:26	1329	3600	11.5	9.0	7.0	48.5	990.1
2022-02-19T05:18:26	1290	3600	11.4	8.9	6.4	57.9	991.9
2022-02-19T12:10:34	1213	3600	12.0	7.4	5.9	68.5	1003.6
2022-02-19T13:12:26	1210	3600	11.9	9.0	6.5	60.3	1004.4
2022-02-19T14:14:26	1198	3600	12.7	10.6	7.5	57.1	1004.9
2022-02-19T15:15:26	1148	3600	12.0	10.0	7.0	56.4	1005.8
2022-02-19T16:17:26	1147	3600	12.0	10.0	6.9	56.4	1006.4
2022-02-19T17:18:26	1169	3600	11.9	8.4	6.0	57.1	1006.7
2022-02-19T18:20:26	1144	3600	11.8	6.9	5.2	59.4	1007.3
2022-02-19T19:22:26	1146	3600	11.7	6.1	4.6	61.8	1007.2
2022-02-19T20:23:26	1144	3600	11.7	5.2	4.0	64.5	1006.8
2022-02-19T21:25:26	1201	3600	11.6	5.1	3.9	64.1	1006.0
2022-02-19T22:26:26	1167	3600	11.5	5.8	4.5	62.7	1005.4
2022-02-20T09:45:34	1216	3600	12.4	8.0	4.7	85.3	1003.9
2022-02-20T10:47:26	1211	3600	12.0	7.8	5.0	85.0	1003.9
2022-02-20T11:48:26	1140	3600	12.0	8.6	5.7	83.9	1002.8
2022-02-20T12:50:26	1194	3600	11.9	7.6	4.6	92.2	1001.5
2022-02-20T13:51:26	1267	3600	11.9	7.5	4.7	95.1	999.7
2022-02-20T14:53:26	1234	3600	11.8	8.3	6.1	95.2	998.2
2022-02-20T15:54:26	1240	3600	11.8	9.0	7.3	93.9	996.9
2022-02-20T16:56:26	1161	3600	11.7	9.6	8.2	91.0	996.2
2022-02-20T17:57:26	1239	3600	11.1	10.0	8.3	92.8	995.3
2022-02-21T09:23:34	1274	3600	11.5	7.3	4.8	73.1	989.2
2022-02-21T10:25:26	1356	3600	12.6	8.9	5.5	71.5	989.9
2022-02-21T11:27:26	1352	3600	12.2	9.3	5.6	68.6	990.3
2022-02-21T12:28:26	1309	3600	12.1	9.0	6.0	62.6	990.6
2022-02-21T13:32:26	1304	3600	12.1	9.2	6.2	61.1	990.8
2022-02-21T14:34:26	1302	3600	12.0	8.8	6.2	62.6	990.6
2022-02-21T15:36:26	1285	3600	12.0	8.0	5.9	64.7	989.9
2022-02-21T16:38:26	1365	3600	11.9	6.9	3.9	85.3	989.7
2022-02-21T17:39:26	1322	3600	11.9	6.0	3.2	93.4	989.9
2022-02-21T18:41:26	1272	3600	11.8	6.0	3.7	94.4	990.4
2022-02-21T19:43:26	1277	3600	11.7	6.1	3.7	95.8	991.9
2022-02-21T20:44:26	1328	3600	11.8	5.7	3.7	90.0	993.9
2022-02-21T21:46:26	1229	3600	11.6	5.5	3.5	90.3	995.6
2022-02-21T22:47:26	1213	3600	11.6	5.7	3.8	89.2	996.9
2022-02-21T23:49:26	1259	3600	11.5	6.1	4.4	88.3	997.7
2022-02-22T00:51:26	1212	3600	10.7	6.3	4.5	89.5	998.6
2022-02-22T08:54:34	1171	3600	13.0	7.7	4.2	82.3	1007.1
2022-02-22T09:56:26	1178	3600	12.3	8.2	4.4	85.6	1008.1
2022-02-22T10:58:26	1121	3600	12.4	9.5	5.4	79.1	1008.6
2022-02-22T12:00:26	1180	3600	13.0	9.0	4.9	80.6	1009.2
2022-02-22T13:01:26	1140	3600	12.5	9.9	6.3	74.5	1009.8
2022-02-22T14:03:26	1144	3600	12.7	11.3	7.3	63.1	1009.9
2022-02-22T15:04:26	1164	3600	12.7	10.6	7.1	62.7	1009.5
2022-02-22T16:06:26	1134	3600	12.2	9.7	6.8	60.4	1008.7
2022-02-22T17:07:26	1146	3600	12.1	9.1	6.5	67.6	1008.1
2022-02-22T18:09:26	1177	3600	12.1	8.6	6.3	69.3	1007.2
2022-02-22T19:11:26	1098	3600	12.0	8.5	5.9	80.2	1006.8
2022-02-22T20:12:26	1181	3600	12.0	7.8	5.7	85.9	1005.9
2022-02-22T21:14:26	1173	3600	12.0	7.9	5.5	92.7	1004.9
2022-02-22T22:15:26	1122	3600	12.0	8.1	6.1	94.1	1004.2
2022-02-22T23:17:26	1150	3600	12.0	8.6	7.0	92.3	1004.7
2022-02-23T00:18:26	1132	3600	11.9	8.7	6.9	82.9	1006.2
2022-02-23T01:20:26	1082	3600	11.9	8.2	6.4	74.6	1007.5
2022-02-23T02:22:26	1124	3600	11.9	7.6	5.8	79.7	1008.6
2022-02-23T03:23:26	1167	3600	11.8	7.6	5.7	81.6	1009.7
2022-02-23T04:25:26	1132	3600	11.8	7.3	5.6	82.3	1010.8
2022-02-23T05:26:26	1094	3600	11.7	7.5	5.5	83.6	1012.3
2022-02-23T06:28:26	1070	3600	11.8	7.2	5.5	83.2	1013.3
2022-02-23T07:29:26	1132	3600	11.8	6.9	5.1	84.1	1014.4
2022-02-23T08:31:26	1070	3600	12.6	8.4	5.6	81.4	1015.7
2022-02-23T09:33:26	1061	3600	13.7	10.8	7.0	75.3	1016.5
2022-02-23T10:34:26	1103	3600	14.3	11.8	7.8	69.3	1017.0
2022-02-23T11:36:26	1054	3600	13.0	12.9	8.0	67.1	1017.9
2022-02-23T12:37:26	1015	3600	13.5	13.7	8.7	64.6	1018.4
2022-02-23T13:39:26	1021	3600	13.5	14.2	9.3	63.3	1018.5
2022-02-23T14:40:26	1093	3600	13.5	14.7	9.5	57.3	1018.6
2022-02-23T15:42:26	1022	3600	13.0	13.2	8.9	60.6	1018.7
2022-02-23T16:43:26	975	3600	12.5	11.7	8.7	63.7	1018.6
2022-02-23T17:45:26	1054	3600	12.4	9.4	7.4	65.4	1018.3
2022-02-23T18:46:26	1049	3600	12.3	7.5	6.4	69.2	1018.3
2022-02-23T19:48:26	1092	3600	12.2	6.2	5.1	73.5	1017.9
2022-02-23T20:49:26	1090	3600	12.2	5.7	4.9	73.4	1017.3
2022-02-23T21:51:26	1159	3600	12.2	5.3	4.2	75.4	1016.7
2022-02-23T22:53:26	1142	3600	12.2	4.2	3.4	78.4	1016.4
2022-02-23T23:54:26	1129	3600	12.1	3.4	3.0	80.3	1016.3
2022-02-24T00:56:26	1127	3600	12.1	3.8	3.2	80.3	1015.5
2022-02-24T01:58:26	1075	3600	12.1	3.4	2.5	81.2	1015.0
2022-02-24T02:59:26	1109	3600	12.1	3.6	2.6	81.1	1014.1
2022-02-24T04:01:26	1109	3600	12.1	3.2	2.3	83.1	1013.0
2022-02-24T05:02:26	1174	3600	12.1	3.7	2.6	82.5	1012.3
2022-02-24T06:04:26	1134	3600	12.0	3.9	2.5	81.3	1011.7
2022-02-24T07:05:26	1139	3600	12.0	4.6	3.0	79.7	1010.9
2022-02-24T08:07:26	1127	3600	12.0	5.4	3.6	77.8	1010.6
2022-02-24T09:09:26	1148	3600	12.4	7.0	4.6	76.7	1009.7
2022-02-24T10:10:26	1118	3600	12.9	9.4	6.5	71.7	1008.8
2022-02-24T11:12:26	1173	3600	12.4	10.4	7.6	69.8	1007.8
2022-02-24T12:14:26	1167	3600	12.5	11.1	8.3	68.2	1006.8
2022-02-24T13:15:26	1240	3600	12.4	11.3	8.4	70.6	1005.4
2022-02-24T14:17:26	1194	3600	12.9	12.4	9.8	64.8	1003.5
2022-02-24T15:18:26	1141	3600	12.4	12.5	9.6	63.9	1002.6
2022-02-24T16:20:26	1150	3600	12.3	12.1	9.7	64.3	1001.7
2022-02-24T17:22:26	1211	3600	12.2	11.8	9.5	65.9	1000.6
2022-02-24T18:23:26	1206	3600	12.1	11.4	9.3	67.8	1000.0
2022-02-24T19:25:26	1248	3600	12.1	10.4	8.8	69.9	999.4
2022-02-24T20:26:26	1267	3600	12.1	10.8	9.2	70.7	998.9
2022-02-24T21:28:26	1175	3600	12.1	8.3	5.7	83.9	1001.6
2022-02-24T22:29:26	1198	3600	12.0	7.3	4.9	82.8	1002.8
2022-02-24T23:31:26	1157	3600	12.0	7.1	4.8	79.7	1004.1
2022-02-25T00:33:26	1212	3600	12.0	6.8	4.6	73.6	1005.0
2022-02-25T01:34:26	1209	3600	12.0	6.0	3.8	76.0	1006.5
2022-02-25T02:36:26	1175	3600	12.0	5.6	3.5	78.2	1007.5
2022-02-25T03:37:26	1268	3600	12.0	5.2	3.3	78.6	1008.1
2022-02-25T04:39:26	1176	3600	11.9	4.3	2.5	82.2	1008.8
2022-02-25T05:41:26	1130	3600	11.9	4.4	2.6	82.1	1009.5
2022-02-25T06:42:26	1144	3600	11.9	3.4	1.8	84.1	1010.1
2022-02-25T07:44:26	1142	3600	12.0	4.2	2.4	80.7	1010.7
2022-02-25T08:45:26	1162	3600	13.0	5.9	3.4	75.3	1011.2
2022-02-25T09:47:26	1121	3600	13.0	9.3	4.9	69.4	1011.7
2022-02-25T10:48:26	1169	3600	13.2	10.7	6.0	66.1	1011.8
2022-02-25T11:50:26	1166	3600	12.8	9.5	5.9	65.2	1012.2
2022-02-25T12:52:26	1176	3600	12.7	10.1	6.4	61.6	1012.0
2022-02-25T13:53:26	1152	3600	12.4	8.8	5.6	64.0	1012.1
2022-02-25T14:55:26	1143	3600	12.4	6.7	3.7	85.5	1012.7
2022-02-25T15:56:26	1096	3600	12.6	8.2	5.3	75.5	1012.6
2022-02-25T16:58:26	1134	3600	12.3	7.8	5.5	72.0	1012.8
2022-02-25T18:00:26	1162	3600	12.3	7.2	5.0	77.0	1013.2
2022-02-25T19:01:26	1145	3600	12.2	6.7	4.0	87.0	1014.0
2022-02-25T20:03:26	1060	3600	12.2	5.9	3.3	91.4	1014.9
2022-02-25T21:04:26	1115	3600	12.2	5.9	3.7	93.2	1015.8
2022-02-25T22:06:26	1023	3600	12.2	6.2	4.1	92.8	1017.1
2022-02-25T23:08:26	1054	3600	12.1	6.4	4.4	90.6	1018.0
2022-02-26T00:09:26	1073	3600	12.1	6.5	4.3	88.0	1019.0
2022-02-26T01:11:26	1070	3600	12.1	6.3	4.2	86.4	1019.7
2022-02-26T02:12:26	1057	3600	12.1	6.2	4.1	86.4	1020.6
2022-02-26T03:14:26	1037	3600	12.0	6.1	4.0	87.3	1021.1
2022-02-26T04:15:26	1039	3600	12.0	5.8	3.6	92.0	1021.7
2022-02-26T05:17:26	1041	3600	12.0	5.6	3.6	91.8	1022.6
2022-02-26T06:18:26	1007	3600	12.0	6.0	3.8	90.3	1023.4
2022-02-26T07:20:26	1033	3600	11.9	6.1	3.8	89.7	1024.7
2022-02-26T08:22:26	1048	3600	12.0	6.5	3.9	88.3	1025.9
2022-02-26T09:23:26	1038	3600	12.0	7.1	4.2	86.3	1026.9
2022-02-26T10:25:26	933	3600	12.2	7.6	4.5	85.0	1027.8
2022-02-26T11:26:26	1034	3600	12.5	8.9	5.2	83.8	1028.4
2022-02-26T12:28:26	1055	3600	12.4	10.1	6.1	76.9	1028.8
2022-02-26T13:30:26	927	3600	12.7	11.3	7.1	70.6	1028.9
2022-02-26T14:31:26	952	3600	12.5	10.7	6.9	69.8	1029.0
2022-02-26T15:33:26	937	3600	12.9	11.2	7.7	67.6	1029.0
2022-02-26T16:34:26	987	3600	12.3	9.4	6.2	73.3	1029.3
2022-02-26T17:36:26	956	3600	12.2	8.6	6.1	70.7	1029.7
2022-02-26T18:37:26	972	3600	12.1	5.0	4.1	74.3	1030.1
2022-02-26T19:39:26	994	3600	12.1	3.7	2.8	79.2	1030.7
2022-02-26T20:41:26	1031	3600	12.1	3.1	2.3	80.7	1031.1
2022-02-26T21:43:26	975	3600	12.0	3.5	2.1	83.6	1031.7
2022-02-26T22:44:26	1003	3600	12.0	2.3	1.2	87.4	1032.1
2022-02-26T23:46:26	1004	3600	11.9	1.9	0.5	90.1	1032.1
2022-02-27T00:47:26	1056	3600	11.9	0.5	-0.5	93.9	1032.2
2022-02-27T01:49:26	963	3600	11.8	-0.1	-1.5	95.2	1032.2
2022-02-27T02:50:26	1021	3600	11.9	-0.2	-1.5	97.4	1032.1
2022-02-27T03:52:26	1044	3600	11.8	-0.2	-1.9	97.7	1032.4
2022-02-27T04:54:26	993	3600	11.9	-0.9	-2.0	98.3	1032.3
2022-02-27T05:55:26	1063	3600	11.8	-0.9	-2.6	98.0	1032.5
2022-02-27T06:57:26	1050	3600	11.8	-1.0	-2.4	98.1	1032.9
2022-02-27T07:58:26	1024	3600	12.8	0.6	-1.6	96.2	1033.2
2022-02-27T09:00:26	1010	3600	14.0	4.4	-0.2	94.8	1033.6
2022-02-27T10:01:26	985	3600	14.3	7.6	2.0	91.5	1033.6
2022-02-27T11:03:26	968	3600	13.6	10.5	4.2	85.6	1033.6
2022-02-27T12:05:26	985	3600	13.6	12.5	6.5	77.1	1033.4
2022-02-27T13:06:26	987	3600	14.1	11.8	6.8	71.8	1032.9
2022-02-27T14:08:26	969	3600	14.1	14.0	7.5	66.5	1032.8
2022-02-27T15:09:26	988	3600	12.8	13.2	7.2	71.4	1032.3
2022-02-27T16:11:26	986	3600	13.0	11.2	6.5	73.5	1032.0
2022-02-27T17:12:26	991	3600	12.4	8.7	4.7	81.7	1031.9
2022-02-27T18:14:26	1018	3600	12.3	5.0	2.3	90.7	1032.2
2022-02-27T19:15:26	998	3600	12.3	4.3	1.4	96.8	1032.5
2022-02-27T20:17:26	996	3600	12.3	4.2	0.8	97.9	1032.4
2022-02-27T21:18:26	996	3600	12.2	3.6	0.4	98.8	1032.1
2022-02-27T22:20:26	981	3600	12.1	3.5	0.3	99.4	1031.7
2022-02-27T23:22:26	1009	3600	12.2	2.8	-0.3	99.9	1031.8
2022-02-28T00:23:26	973	3600	12.1	2.5	-0.7	100.0	1032.2
2022-02-28T01:25:26	1035	3600	12.1	2.4	-0.6	100.0	1032.1
2022-02-28T02:26:26	1094	3600	12.1	2.3	-0.5	100.0	1031.9
2022-02-28T03:28:26	1008	3600	12.1	2.4	-0.5	100.0	1031.8
2022-02-28T04:29:26	993	3600	12.0	2.3	-0.4	98.7	1031.2
2022-02-28T05:31:26	1010	3600	12.0	2.3	-0.5	96.9	1031.1
2022-02-28T06:33:26	989	3600	12.0	2.1	-0.7	94.5	1031.5
2022-02-28T07:34:26	1042	3600	12.0	2.3	-0.5	93.8	1031.4
2022-02-28T08:36:26	1016	3600	12.1	2.5	-0.5	93.2	1032.1
2022-02-28T09:37:26	1091	3600	12.5	3.9	0.1	91.0	1032.4
2022-02-28T10:39:26	1030	3600	14.4	6.5	1.7	85.2	1032.5
2022-02-28T11:40:26	1014	3600	14.3	8.9	3.4	76.3	1032.4
2022-02-28T12:42:26	1016	3600	14.2	10.6	4.6	72.0	1032.1
2022-02-28T13:43:26	974	3600	13.5	11.7	5.3	61.4	1031.6
2022-02-28T14:45:26	1041	3600	13.5	11.6	5.9	52.8	1031.3
2022-02-28T15:47:26	940	3600	13.5	11.1	6.2	50.7	1031.3
2022-02-28T16:48:26	1016	3600	12.5	9.3	5.3	51.1	1030.9
2022-02-28T17:50:26	1027	3600	12.4	6.1	3.5	59.8	1030.9
2022-02-28T18:51:26	1071	3600	12.3	3.7	2.8	60.6	1031.1
2022-02-28T19:53:26	994	3600	12.2	2.2	1.8	67.1	1031.2
2022-02-28T20:55:26	1061	3600	12.2	1.9	1.0	65.4	1031.1
2022-02-28T21:56:26	1064	3600	12.2	1.5	0.4	64.9	1030.9
2022-02-28T22:58:26	1018	3600	12.1	0.8	-0.3	66.9	1031.2
2022-02-28T23:59:26	1004	3600	12.1	0.3	-0.7	68.7	1030.8
2022-03-01T01:01:26	1060	3600	12.1	0.1	-1.3	72.4	1030.6
2022-03-01T02:02:26	1060	3600	12.1	-0.3	-1.3	71.6	1030.3
2022-03-01T03:04:26	1059	3600	12.0	-0.7	-1.9	73.4	1030.1
2022-03-01T04:06:26	993	3600	12.0	-1.4	-2.5	76.1	1029.8
2022-03-01T05:08:26	1020	3600	12.0	-1.5	-2.6	77.9	1029.6
2022-03-01T06:09:26	1045	3600	12.0	-1.7	-2.9	78.0	1029.5
2022-03-01T07:11:26	1036	3600	12.0	-1.5	-2.7	77.1	1029.6
2022-03-01T08:12:26	1052	3600	13.4	1.7	-1.0	70.8	1029.6
2022-03-01T09:14:26	1033	3600	14.4	5.4	1.4	61.7	1029.6
2022-03-01T10:16:26	1080	3600	14.4	8.2	3.6	51.1	1029.2
2022-03-01T11:17:26	1054	3600	13.6	10.0	5.3	44.9	1028.5
2022-03-01T12:19:26	1033	3600	13.6	11.9	6.4	40.5	1027.9
2022-03-01T13:20:26	993	3600	13.6	13.2	7.9	38.0	1027.3
2022-03-01T14:22:26	1073	3600	13.4	14.3	8.5	36.2	1026.9
2022-03-01T15:23:26	1089	3600	13.4	13.5	8.7	35.6	1026.1
2022-03-01T16:25:26	1084	3600	12.5	11.5	7.4	37.7	1025.6
2022-03-01T17:27:26	1130	3600	12.5	7.9	5.2	40.9	1025.5
2022-03-01T18:28:26	1131	3600	12.4	4.9	4.0	45.6	1025.6
2022-03-01T19:30:26	1060	3600	12.3	3.8	2.4	52.0	1025.5
2022-03-01T20:31:26	1073	3600	12.3	2.5	1.3	57.8	1025.5
2022-03-01T21:33:26	1026	3600	12.2	1.7	0.4	66.3	1024.9
2022-03-01T22:35:26	1090	3600	12.2	1.4	0.6	68.5	1024.9
2022-03-01T23:36:26	1052	3600	12.2	1.2	0.2	65.4	1025.1
2022-03-02T00:38:26	1093	3600	12.1	0.2	-0.5	69.9	1024.5
2022-03-02T01:39:26	1048	3600	12.1	-0.3	-1.1	76.7	1024.4
2022-03-02T02:41:26	1099	3600	12.1	-0.4	-1.2	76.8	1024.1
2022-03-02T03:42:26	1082	3600	12.1	-0.2	-1.5	79.8	1023.4
2022-03-02T04:44:26	1094	3600	12.1	-0.7	-1.5	80.9	1023.0
2022-03-02T05:46:26	1117	3600	12.0	-1.3	-2.5	85.7	1022.8
2022-03-02T06:47:26	1096	3600	12.0	-1.4	-2.4	86.6	1022.6
2022-03-02T07:49:26	1016	3600	12.0	-0.5	-1.8	85.0	1022.7
2022-03-02T08:50:26	1133	3600	12.4	1.1	-0.7	82.8	1022.8
2022-03-02T09:52:26	1132	3600	13.2	4.6	1.0	77.9	1022.4
2022-03-02T10:54:26	1126	3600	13.5	8.5	3.7	69.0	1022.2
2022-03-02T11:55:26	1138	3600	14.3	9.3	4.6	65.4	1022.0
2022-03-02T12:57:26	1100	3600	13.5	13.0	6.5	48.9	1021.5
2022-03-02T13:58:26	1108	3600	13.4	14.6	8.4	42.2	1020.8
2022-03-02T15:00:26	1071	3600	13.4	14.9	7.9	38.7	1020.3
2022-03-02T16:02:26	1190	3600	13.4	13.8	8.0	39.9	1019.7
2022-03-02T17:03:26	1083	3600	12.5	11.3	7.8	39.8	1019.2
2022-03-02T18:05:26	1074	3600	12.4	6.8	4.9	56.5	1019.0
2022-03-02T19:06:26	1060	3600	12.4	4.0	3.1	56.6	1019.0
2022-03-02T20:08:26	1214	3600	12.3	2.3	2.2	61.1	1018.9
2022-03-02T21:10:26	1107	3600	12.3	1.9	0.5	69.0	1018.7
2022-03-02T22:11:26	1172	3600	12.2	0.2	-0.7	74.5	1018.6
2022-03-02T23:13:26	1152	3600	12.1	-0.6	-1.4	78.5	1018.4
2022-03-03T00:14:26	1157	3600	12.2	-1.3	-1.5	91.0	1018.2
2022-03-03T01:17:26	1194	3600	12.1	-1.6	-2.0	86.8	1018.0
2022-03-03T02:18:26	1113	3600	12.1	-1.7	-2.2	92.0	1017.8
2022-03-03T03:20:26	1139	3600	12.1	-2.4	-3.0	94.9	1017.4
2022-03-03T04:21:26	1168	3600	12.1	-1.5	-2.6	92.6	1017.0
2022-03-03T05:23:26	1192	3600	12.0	-3.0	-3.8	95.7	1016.1
2022-03-03T06:25:26	1121	3600	12.0	-3.0	-4.1	94.0	1016.5
2022-03-03T07:26:26	1160	3600	12.2	-2.5	-3.8	94.8	1016.2
2022-03-03T08:28:26	1149	3600	12.7	0.5	-3.3	94.6	1016.9
2022-03-03T09:29:26	1077	3600	12.5	0.4	-2.9	98.2	1017.3
2022-03-03T10:31:26	1202	3600	12.6	1.4	-1.8	98.7	1017.5
2022-03-03T11:32:26	1120	3600	12.6	2.5	-0.6	96.4	1017.5
2022-03-03T12:34:26	1102	3600	12.7	3.4	-0.1	92.3	1017.4
2022-03-03T13:35:26	1142	3600	12.7	4.1	0.2	89.8	1017.3
2022-03-03T14:37:26	1101	3600	12.5	4.4	0.7	88.6	1017.3
2022-03-03T15:39:26	1131	3600	12.4	4.2	1.0	90.4	1017.1
2022-03-03T16:40:26	1196	3600	12.2	4.0	1.1	88.7	1017.1
2022-03-03T17:42:26	1143	3600	12.1	4.0	1.4	86.7	1017.2
2022-03-03T18:44:26	1141	3600	12.1	3.9	1.3	88.4	1017.5
2022-03-03T19:45:26	1104	3600	12.0	4.0	1.6	86.8	1017.9
2022-03-03T20:47:26	1073	3600	12.0	2.6	0.8	89.0	1017.9
2022-03-03T21:48:26	1109	3600	12.0	0.5	-0.7	93.9	1018.4
2022-03-03T22:50:26	1166	3600	12.0	0.0	-1.0	96.2	1018.3
2022-03-03T23:51:26	1090	3600	12.0	0.9	-0.9	97.5	1018.3
2022-03-04T00:53:26	1149	3600	12.0	2.0	0.2	94.9	1018.3
2022-03-04T01:55:26	1143	3600	11.9	2.2	-0.1	96.0	1018.4
2022-03-04T02:56:26	1184	3600	11.9	2.3	0.0	96.0	1018.5
2022-03-04T03:58:26	1132	3600	11.9	2.5	0.2	94.9	1018.6
2022-03-04T04:59:26	1112	3600	11.9	2.7	0.2	94.8	1018.6
2022-03-04T06:01:26	1112	3600	11.8	2.6	0.0	95.7	1018.6
2022-03-04T07:02:26	1160	3600	11.9	2.6	0.2	95.7	1019.0
2022-03-04T08:04:26	1129	3600	11.8	3.3	0.6	95.4	1019.4
2022-03-04T09:06:26	1120	3600	12.0	4.2	1.3	93.5	1019.7
2022-03-04T10:07:26	1119	3600	12.4	5.9	2.8	85.3	1020.0
2022-03-04T11:09:26	1097	3600	13.1	7.7	3.7	73.4	1019.9
2022-03-04T12:10:26	1137	3600	12.4	7.0	3.5	67.6	1020.1
2022-03-04T13:12:26	1159	3600	12.6	7.6	3.9	67.9	1019.9
2022-03-04T14:14:26	1118	3600	13.4	8.1	4.3	62.2	1019.8
2022-03-04T15:15:26	1043	3600	12.4	8.3	4.4	59.5	1019.8
2022-03-04T16:17:26	1121	3600	12.3	7.7	4.3	60.4	1019.7
2022-03-04T17:19:26	1145	3600	12.2	6.5	3.4	63.9	1019.6
2022-03-04T18:20:26	1047	3600	12.1	4.0	2.4	66.7	1019.7
2022-03-04T19:22:26	1189	3600	12.1	4.7	2.4	69.9	1020.0
2022-03-04T20:24:26	1164	3600	12.1	4.3	2.4	73.5	1020.3
2022-03-04T21:26:26	1073	3600	12.0	3.4	1.9	76.1	1020.5
2022-03-04T22:27:26	1106	3600	11.9	3.5	1.2	79.8	1020.6
2022-03-04T23:29:26	1118	3600	11.9	2.4	0.8	78.1	1020.6
2022-03-05T00:30:26	1170	3600	11.9	1.6	0.2	79.0	1020.4
2022-03-05T01:32:26	1089	3600	11.9	0.6	-0.7	82.8	1020.2
2022-03-05T02:33:26	1147	3600	11.9	-0.4	-1.3	86.8	1020.3
2022-03-05T03:35:26	1070	3600	11.8	-0.6	-1.6	90.1	1019.9
2022-03-05T04:36:26	1118	3600	11.8	-2.1	-2.9	94.6	1019.9
2022-03-05T05:38:26	1162	3600	11.8	-2.4	-3.2	96.3	1020.1
2022-03-05T06:40:26	1139	3600	11.8	-2.6	-3.4	97.3	1020.5
2022-03-05T07:42:26	1095	3600	12.7	-0.7	-2.2	96.4	1020.7
2022-03-05T08:43:26	1141	3600	13.5	4.1	-0.4	90.6	1021.2
2022-03-05T09:45:26	1062	3600	14.4	8.3	1.3	85.3	1021.1
2022-03-05T10:46:26	1056	3600	14.2	11.0	3.3	78.6	1021.2
2022-03-05T11:48:26	1106	3600	13.6	12.9	5.1	71.9	1020.8
2022-03-05T12:50:26	1121	3600	13.0	14.1	5.1	58.7	1020.5
2022-03-05T13:51:26	1094	3600	14.2	11.5	5.1	55.1	1020.0
2022-03-05T14:53:26	1113	3600	14.1	11.3	5.8	53.8	1019.8
2022-03-05T15:54:26	1170	3600	13.0	9.3	4.8	57.9	1019.7
2022-03-05T16:56:26	1138	3600	12.6	7.6	4.2	60.0	1019.7
2022-03-05T17:57:26	1074	3600	12.3	5.1	2.7	62.7	1019.6
2022-03-05T18:59:26	1148	3600	12.3	2.9	1.4	67.2	1019.9
2022-03-05T20:00:26	1102	3600	12.3	2.1	0.3	68.7	1020.2
2022-03-05T21:02:26	1115	3600	12.3	0.6	-0.5	71.6	1020.6
2022-03-05T22:04:26	1104	3600	12.2	0.0	-1.0	71.3	1020.6
2022-03-05T23:05:26	1095	3600	12.2	0.1	-1.3	76.8	1020.6
2022-03-06T00:07:26	1122	3600	12.2	0.9	-1.2	77.8	1020.8
2022-03-06T01:08:26	1139	3600	12.2	1.2	-1.0	77.6	1020.7
2022-03-06T02:10:26	1166	3600	12.2	1.3	-0.8	78.0	1020.7
2022-03-06T03:12:26	1104	3600	12.1	1.4	-0.9	79.4	1020.7
2022-03-06T04:13:26	1102	3600	12.1	1.2	-0.9	80.0	1020.3
2022-03-06T05:15:26	1111	3600	12.1	1.3	-0.8	81.2	1020.6
2022-03-06T06:16:26	1065	3600	12.1	1.3	-0.6	77.4	1020.7
2022-03-06T07:18:26	1096	3600	12.1	1.5	-0.7	80.2	1020.7
2022-03-06T08:20:26	1125	3600	12.1	2.2	-0.1	72.3	1021.0
2022-03-06T09:21:26	1099	3600	12.1	3.1	0.4	68.5	1021.2
2022-03-06T10:23:26	1147	3600	12.3	3.9	0.7	66.6	1021.4
2022-03-06T11:24:26	1142	3600	12.4	4.7	1.3	61.2	1021.4
2022-03-06T12:26:26	1139	3600	12.9	5.8	1.9	55.8	1021.4
2022-03-06T13:28:26	1115	3600	12.6	6.3	1.8	54.5	1020.9
2022-03-06T14:29:26	1066	3600	12.5	5.9	1.7	58.8	1020.9
2022-03-06T15:31:26	1099	3600	12.4	5.1	1.5	61.5	1020.6
2022-03-06T16:32:26	1131	3600	12.2	4.5	1.3	63.8	1020.6
2022-03-06T17:34:26	1118	3600	12.2	3.9	1.2	68.3	1020.5
2022-03-06T18:36:26	1100	3600	12.1	3.2	0.7	72.8	1020.8
2022-03-06T19:37:26	1114	3600	12.1	2.8	0.5	74.4	1021.0
2022-03-06T20:39:26	1115	3600	12.0	2.7	0.5	77.8	1021.3
2022-03-06T21:40:26	1088	3600	12.0	2.5	0.5	77.0	1021.7
2022-03-06T22:42:26	1086	3600	12.0	2.5	0.5	77.7	1021.6
2022-03-06T23:44:26	1086	3600	12.0	2.5	0.5	76.6	1021.8
2022-03-07T00:45:26	1118	3600	12.0	2.2	0.2	79.6	1021.7
2022-03-07T01:47:26	1144	3600	12.0	2.2	0.2	79.3	1021.7
2022-03-07T02:48:26	1087	3600	12.0	0.6	-0.5	81.2	1021.7
2022-03-07T03:50:26	1149	3600	11.9	0.4	-1.0	84.1	1021.4
2022-03-07T04:51:26	1082	3600	11.9	0.9	-0.6	82.5	1021.3
2022-03-07T05:53:26	1091	3600	11.9	0.4	-1.0	83.8	1021.4
2022-03-07T06:54:26	1108	3600	11.9	-0.5	-1.6	86.5	1021.7
2022-03-07T07:56:26	1070	3600	12.9	2.9	-0.4	83.4	1021.8
2022-03-07T08:58:26	1035	3600	13.8	6.3	1.1	84.5	1022.0
2022-03-07T09:59:26	1109	3600	13.8	8.8	2.7	82.7	1021.8
2022-03-07T11:01:26	1101	3600	13.7	10.6	4.2	74.6	1022.2
2022-03-07T12:03:26	1044	3600	13.7	10.6	4.3	74.2	1022.2
2022-03-07T13:04:26	1036	3600	13.6	12.7	5.9	68.9	1021.7
2022-03-07T14:06:26	1095	3600	13.5	14.2	7.9	54.0	1021.0
2022-03-07T15:07:26	1113	3600	13.5	14.3	8.5	52.2	1020.5
2022-03-07T16:10:26	1123	3600	13.5	13.9	9.1	41.7	1020.2
2022-03-07T17:11:26	1074	3600	12.5	12.0	8.3	47.2	1020.0
2022-03-07T18:13:26	1171	3600	12.5	8.0	5.7	56.7	1020.3
2022-03-07T19:14:26	1158	3600	12.4	4.5	3.3	64.7	1020.7
2022-03-07T20:16:26	1104	3600	12.3	3.2	3.0	67.4	1020.9
2022-03-07T21:17:26	1199	3600	12.3	2.2	2.3	68.0	1021.6
2022-03-07T22:19:26	1010	3600	12.3	1.9	2.2	67.0	1022.0
2022-03-07T23:21:26	1160	3600	12.2	1.4	1.0	71.7	1022.1
2022-03-08T00:22:26	1098	3600	12.2	-0.2	-1.0	84.6	1022.2
2022-03-08T01:24:26	1137	3600	12.2	0.1	0.2	75.3	1021.9
2022-03-08T02:25:26	1111	3600	12.1	-0.8	-1.2	81.9	1021.6
2022-03-08T03:27:26	1110	3600	12.1	-1.9	-2.1	86.0	1021.4
2022-03-08T04:28:26	1132	3600	12.1	-1.8	-2.5	86.4	1021.5
2022-03-08T05:31:26	1120	3600	12.1	-2.4	-2.8	89.1	1021.6
2022-03-08T06:32:26	1107	3600	12.0	-2.9	-3.4	95.3	1021.9
2022-03-08T07:34:26	1115	3600	13.1	-0.1	-1.4	84.7	1022.2
2022-03-08T08:35:26	1206	3600	14.4	6.0	2.6	76.2	1022.2
2022-03-08T09:37:26	1087	3600	14.3	10.6	3.5	76.4	1022.2
2022-03-08T10:39:26	1051	3600	13.6	13.9	5.7	63.8	1022.3
2022-03-08T11:40:26	1015	3600	13.5	15.0	7.2	56.2	1022.2
2022-03-08T12:42:26	1084	3600	13.4	16.5	8.5	53.9	1021.7
2022-03-08T13:43:26	1090	3600	13.4	17.6	9.7	47.3	1021.2
2022-03-08T14:46:26	1015	3600	13.3	17.2	9.8	47.0	1020.8
2022-03-08T15:47:26	1120	3600	13.3	17.2	11.2	44.4	1020.6
2022-03-08T16:49:26	1057	3600	12.6	14.6	9.6	47.6	1020.4
2022-03-08T17:50:26	1102	3600	12.5	11.2	8.2	52.1	1020.3
2022-03-08T18:52:26	1064	3600	12.4	6.6	5.0	66.0	1020.7
2022-03-08T19:53:26	1148	3600	12.3	4.9	3.9	69.0	1020.9
2022-03-08T20:55:26	1102	3600	12.3	3.5	3.2	72.1	1020.8
2022-03-08T21:57:26	1112	3600	12.2	2.7	2.3	75.3	1020.8
2022-03-08T22:58:26	1130	3600	12.3	1.9	1.0	80.0	1020.9
2022-03-09T00:00:26	1153	3600	12.1	0.3	-0.4	91.1	1021.1
2022-03-09T01:01:26	1162	3600	12.1	0.5	-0.4	88.7	1021.1
2022-03-09T02:03:26	1089	3600	12.1	-0.5	-1.3	93.4	1021.0
2022-03-09T03:05:26	1120	3600	12.1	-0.3	-0.9	94.1	1020.8
2022-03-09T04:06:26	1047	3600	12.1	-0.7	-1.5	93.9	1021.0
2022-03-09T05:08:26	1075	3600	12.1	-1.1	-1.8	95.5	1021.3
2022-03-09T06:10:26	1144	3600	12.1	-1.8	-2.5	96.9	1021.2
2022-03-09T07:11:26	1095	3600	12.5	-1.2	-2.1	97.3	1021.6
2022-03-09T08:13:26	1084	3600	14.4	4.8	3.0	80.9	1022.0
2022-03-09T09:14:26	1132	3600	14.3	10.5	4.6	77.2	1022.3
2022-03-09T10:16:26	1068	3600	14.1	15.2	8.0	65.9	1022.2
2022-03-09T12:17:26	1073	3600	13.5	17.3	9.3	49.2	1022.2
2022-03-09T13:19:26	1090	3600	13.5	17.8	10.2	47.9	1022.0
2022-03-09T14:21:26	1110	3600	13.4	19.2	11.4	46.8	1021.7
2022-03-09T14:22:26	1098	3600	13.2	19.2	11.5	45.0	1021.3
2022-03-09T15:24:26	1082	3600	13.1	19.2	12.1	41.5	1021.2
2022-03-09T16:25:26	1142	3600	13.2	17.6	12.0	42.1	1021.1
2022-03-09T17:27:26	1086	3600	12.5	14.4	10.7	47.5	1021.3
2022-03-09T18:29:26	1107	3600	12.5	9.7	8.6	54.6	1021.7
2022-03-09T19:30:26	1044	3600	12.4	7.7	7.6	51.9	1021.9
2022-03-09T20:32:26	1061	3600	12.4	6.1	4.9	58.0	1022.5
2022-03-09T21:33:26	1030	3600	12.3	5.3	5.2	58.9	1022.9
2022-03-09T22:35:26	1069	3600	12.3	4.6	4.6	60.2	1023.5
2022-03-09T23:37:26	1072	3600	12.2	2.9	1.3	72.1	1023.7
2022-03-10T00:38:26	1034	3600	12.2	1.8	2.6	67.4	1023.9
2022-03-10T01:40:26	1102	3600	12.2	0.8	0.7	75.5	1024.5
2022-03-10T02:42:26	1101	3600	12.1	0.9	1.0	75.4	1024.6
2022-03-10T03:43:26	1068	3600	12.1	0.2	0.2	79.1	1024.8
2022-03-10T04:45:26	1097	3600	12.1	0.7	0.6	80.4	1025.1
2022-03-10T05:46:26	1149	3600	12.1	0.5	0.2	82.4	1025.5
2022-03-10T06:48:26	1141	3600	12.1	0.4	-0.1	83.9	1025.6
2022-03-10T07:50:26	1096	3600	13.4	4.3	2.1	78.1	1026.4
2022-03-10T08:51:26	1143	3600	14.3	8.5	4.1	72.7	1026.6
2022-03-10T09:53:26	1082	3600	14.3	10.9	5.5	67.3	1026.8
2022-03-10T10:54:26	1036	3600	13.6	12.5	7.1	67.1	1027.0
2022-03-10T11:56:26	1075	3600	13.6	13.9	8.9	63.1	1026.9
2022-03-10T12:58:26	1075	3600	13.6	13.9	8.7	63.1	1026.7
2022-03-10T13:59:26	1084	3600	13.5	14.1	8.7	58.3	1026.4
2022-03-10T15:01:26	1067	3600	13.4	14.1	8.7	55.0	1026.0
2022-03-10T16:02:26	1097	3600	13.5	13.2	8.5	53.1	1025.7
2022-03-10T17:04:26	1065	3600	12.6	11.5	7.8	49.1	1025.5
2022-03-10T18:05:26	1026	3600	12.5	8.8	6.3	52.7	1025.7
2022-03-10T19:07:26	1124	3600	12.4	7.3	5.7	46.6	1025.8
2022-03-10T20:08:26	1080	3600	12.4	6.0	4.3	50.4	1025.9
2022-03-10T21:10:26	1124	3600	12.3	5.3	3.5	49.1	1026.0
2022-03-10T22:12:26	1084	3600	12.3	4.5	2.7	50.7	1025.9
2022-03-10T23:13:26	1120	3600	12.3	3.6	1.8	51.4	1025.7
2022-03-11T00:15:26	1109	3600	12.3	3.1	1.3	51.2	1025.7
2022-03-11T01:17:26	1148	3600	12.2	2.3	0.7	52.8	1025.7
2022-03-11T02:18:26	1078	3600	12.2	1.7	0.1	53.6	1025.5
2022-03-11T03:20:26	1092	3600	12.1	1.2	-0.3	53.6	1025.2
2022-03-11T04:21:26	1036	3600	12.1	0.6	-0.8	55.9	1025.0
2022-03-11T05:23:26	1131	3600	12.1	0.4	-1.2	56.9	1024.9
2022-03-11T06:25:26	1047	3600	12.1	-0.1	-1.5	57.2	1025.0
2022-03-11T07:26:26	1062	3600	13.1	1.6	-1.0	55.3	1025.1
2022-03-11T08:28:26	1069	3600	14.4	4.4	0.3	51.1	1025.1
2022-03-11T09:30:26	1118	3600	14.4	6.7	1.7	43.2	1025.3
2022-03-11T10:31:26	1046	3600	13.7	8.4	3.6	39.3	1025.0
2022-03-11T11:33:26	1070	3600	13.7	9.6	5.0	34.9	1024.7
2022-03-11T12:35:26	1147	3600	13.7	10.7	6.5	31.8	1024.2
2022-03-11T13:37:26	1118	3600	13.5	11.8	7.4	27.8	1023.4
2022-03-11T14:38:26	1069	3600	13.5	12.4	8.2	27.7	1022.7
2022-03-11T15:40:26	1095	3600	13.5	12.7	8.7	26.4	1022.3
2022-03-11T16:41:26	1125	3600	12.8	11.9	8.3	25.9	1021.8
2022-03-11T17:43:26	1174	3600	12.4	9.8	6.8	29.7	1021.7
2022-03-11T18:45:26	1118	3600	12.5	7.5	5.6	31.8	1021.8
2022-03-11T19:46:26	1201	3600	12.3	6.4	4.6	34.6	1022.0
2022-03-11T20:48:26	1126	3600	12.3	5.6	3.9	36.4	1022.0
2022-03-11T21:50:26	1169	3600	12.3	4.8	3.1	38.3	1022.1
2022-03-11T22:51:26	1191	3600	12.3	4.1	2.5	40.4	1021.7
2022-03-11T23:53:26	1180	3600	12.3	3.5	1.9	41.5	1021.9
2022-03-12T00:54:26	1092	3600	12.2	3.0	1.5	42.2	1021.5
2022-03-12T01:56:26	1151	3600	12.2	2.5	1.0	44.4	1021.5
2022-03-12T02:57:26	1149	3600	12.1	1.7	0.3	46.8	1021.3
2022-03-12T03:59:26	1206	3600	12.1	1.5	0.1	47.1	1021.0
2022-03-12T05:01:26	1139	3600	12.1	1.4	0.1	46.7	1021.0
2022-03-12T06:02:26	1102	3600	12.1	1.1	-0.4	47.9	1021.1
2022-03-12T07:04:26	1146	3600	12.5	1.2	-0.5	49.6	1021.5
2022-03-12T08:06:26	1159	3600	14.1	4.4	1.1	44.1	1021.5
2022-03-12T09:07:26	1175	3600	14.3	7.3	3.0	38.3	1021.6
2022-03-12T10:09:26	1197	3600	14.4	9.7	5.4	31.6	1021.3
2022-03-12T11:10:26	1199	3600	13.7	11.8	7.3	27.5	1021.3
2022-03-12T12:12:26	1187	3600	13.6	13.6	9.1	25.7	1020.8
2022-03-12T13:14:26	1081	3600	13.5	15.0	10.2	23.9	1020.2
2022-03-12T14:15:26	1177	3600	13.5	15.9	11.3	20.4	1019.6
2022-03-12T15:17:26	1123	3600	13.3	16.4	11.8	19.9	1019.0
2022-03-12T16:18:26	1136	3600	13.4	15.3	11.5	22.6	1018.9
2022-03-12T17:20:26	1136	3600	12.6	13.6	10.4	23.7	1018.7
2022-03-12T18:22:26	1139	3600	12.5	10.3	8.2	27.6	1018.7
2022-03-12T19:23:26	1143	3600	12.4	8.1	6.4	35.0	1018.8
2022-03-12T20:25:26	1176	3600	12.4	6.6	5.4	37.1	1018.7
2022-03-12T21:26:26	1117	3600	12.4	5.8	4.9	39.3	1019.0
2022-03-12T22:28:26	1168	3600	12.3	5.1	4.1	41.6	1018.8
2022-03-12T23:29:26	1223	3600	12.3	4.7	3.6	39.6	1018.5
2022-03-13T00:31:26	1235	3600	12.3	4.3	3.0	40.1	1018.2
2022-03-13T01:33:26	1213	3600	12.2	3.1	1.9	43.1	1017.9
2022-03-13T02:34:26	1219	3600	12.2	1.9	1.1	44.0	1017.9
2022-03-13T03:36:26	1216	3600	12.2	1.7	0.8	46.7	1017.7
2022-03-13T04:37:26	1196	3600	12.1	1.1	0.1	49.9	1017.6
2022-03-13T05:39:26	1247	3600	12.1	1.4	0.2	48.5	1017.6
2022-03-13T06:40:26	1243	3600	12.1	1.1	0.1	48.5	1017.6
2022-03-13T07:42:26	1145	3600	13.4	4.2	1.4	45.1	1018.0
2022-03-13T08:44:26	1200	3600	14.4	7.8	4.0	35.5	1017.8
2022-03-13T09:45:26	1165	3600	14.3	10.7	6.0	32.4	1017.8
2022-03-13T10:47:26	1098	3600	13.6	12.4	8.1	28.3	1017.6
2022-03-13T11:49:26	1255	3600	13.6	14.0	9.5	26.8	1017.3
2022-03-13T12:50:26	1158	3600	13.6	15.8	11.5	24.6	1017.0
2022-03-13T13:52:26	1160	3600	13.5	17.3	12.9	20.4	1016.8
2022-03-13T14:53:26	1173	3600	13.4	17.7	13.2	23.6	1016.5
2022-03-13T15:55:26	1229	3600	13.3	16.9	12.7	23.8	1016.5
2022-03-13T16:57:26	1215	3600	12.6	15.9	12.4	24.3	1016.3
2022-03-13T17:58:26	1125	3600	12.6	13.5	10.9	27.8	1016.2
2022-03-13T19:00:26	1159	3600	12.5	11.7	10.4	26.7	1016.5
2022-03-13T20:02:26	1128	3600	12.5	11.3	10.1	26.4	1016.8
2022-03-13T21:03:26	1171	3600	12.5	10.1	8.7	28.1	1017.2
2022-03-13T22:05:26	1107	3600	12.4	8.9	7.6	31.2	1017.3
2022-03-13T23:06:26	1167	3600	12.3	8.1	6.8	33.0	1017.7
2022-03-14T00:08:26	1136	3600	12.3	7.2	5.9	35.3	1017.6
2022-03-14T01:10:26	1107	3600	12.3	6.3	5.2	37.3	1017.6
2022-03-14T02:11:26	1123	3600	12.2	5.2	4.2	41.1	1017.7
2022-03-14T03:13:26	1138	3600	12.2	4.9	3.8	41.5	1017.6
2022-03-14T04:15:26	1138	3600	12.2	4.0	3.0	44.6	1017.7
2022-03-14T05:16:26	1145	3600	12.1	2.9	2.2	45.5	1018.2
2022-03-14T06:18:26	1132	3600	12.0	2.0	1.4	49.0	1018.5
2022-03-14T07:19:26	1210	3600	13.0	4.1	2.2	47.9	1018.6
2022-03-14T08:21:26	1106	3600	14.4	7.7	4.3	41.0	1019.2
2022-03-14T09:23:26	1109	3600	14.2	11.0	6.9	34.1	1019.4
2022-03-14T10:24:26	1136	3600	13.6	13.8	8.7	33.3	1019.1
2022-03-14T11:26:26	1109	3600	13.4	15.9	11.2	28.6	1019.5
2022-03-14T12:28:26	1131	3600	13.5	17.8	12.5	29.4	1019.9
2022-03-14T13:29:26	1121	3600	13.5	16.9	12.2	31.9	1020.1
2022-03-14T14:31:26	1115	3600	13.4	19.2	14.0	30.4	1020.1
2022-03-14T15:32:26	1128	3600	12.8	16.4	11.8	34.9	1020.6
2022-03-14T16:34:26	1054	3600	12.8	15.5	11.4	34.9	1021.2
2022-03-14T17:36:26	1034	3600	12.5	13.5	10.3	50.5	1021.9
2022-03-14T18:37:26	1069	3600	12.5	11.3	7.9	84.5	1022.7
2022-03-14T19:39:26	1075	3600	12.5	10.1	7.2	92.4	1023.1
2022-03-14T20:40:26	1063	3600	12.4	9.6	7.1	95.2	1023.5
2022-03-14T21:42:26	1079	3600	12.4	9.7	7.1	96.2	1023.7
2022-03-14T22:44:26	1101	3600	12.4	9.5	7.1	97.5	1023.8
2022-03-14T23:45:26	1032	3600	12.4	9.4	7.3	96.0	1023.9
2022-03-15T00:47:26	1087	3600	12.3	8.3	6.5	95.8	1024.1
2022-03-15T01:48:26	1033	3600	12.3	8.5	6.7	95.8	1024.1
2022-03-15T02:50:26	1067	3600	12.2	6.4	5.4	97.8	1024.3
2022-03-15T03:52:26	1117	3600	12.2	5.4	4.3	99.1	1024.4
2022-03-15T04:53:26	1101	3600	12.2	4.9	3.9	99.7	1024.5
2022-03-15T05:55:26	1073	3600	12.1	4.5	3.0	100.0	1024.4
2022-03-15T06:57:26	1018	3600	12.2	4.7	3.0	100.0	1024.4
2022-03-15T07:58:26	1047	3600	12.8	6.6	4.4	100.0	1024.6
2022-03-15T09:00:26	1102	3600	14.3	10.5	6.8	100.0	1024.5
2022-03-15T10:01:26	1084	3600	14.2	15.0	10.0	86.5	1024.2
2022-03-15T11:03:26	1076	3600	13.5	16.7	11.2	79.0	1023.9
2022-03-15T12:05:26	1044	3600	13.5	17.6	11.9	73.9	1023.4
2022-03-15T13:06:26	1120	3600	13.5	18.3	12.5	68.9	1022.5
2022-03-15T14:08:26	1076	3600	13.4	18.6	12.8	61.6	1021.4
2022-03-15T15:09:26	1132	3600	13.5	16.6	11.8	65.3	1020.6
2022-03-15T16:11:26	1069	3600	12.8	15.1	11.5	64.6	1019.9
2022-03-15T17:12:26	1088	3600	12.5	13.9	11.1	65.7	1019.4
2022-03-15T18:14:26	1089	3600	12.4	12.5	10.4	68.9	1019.3
2022-03-15T19:16:26	1106	3600	12.4	11.5	9.4	72.9	1019.2
2022-03-15T20:17:26	1143	3600	12.5	10.6	8.5	76.6	1019.5
2022-03-15T21:19:26	1069	3600	12.5	10.0	8.3	70.2	1019.4
2022-03-15T22:21:26	1093	3600	12.3	8.8	7.1	77.2	1019.1
2022-03-15T23:22:26	1151	3600	12.3	8.4	6.8	75.4	1019.3
2022-03-16T00:24:26	1082	3600	12.3	7.7	6.2	79.6	1019.7
2022-03-16T01:25:26	1107	3600	12.3	6.6	5.3	84.4	1019.8
2022-03-16T02:27:26	1095	3600	12.2	5.8	5.2	85.9	1020.2
2022-03-16T03:28:26	1146	3600	12.2	5.3	4.5	89.9	1020.7
2022-03-16T04:30:26	1037	3600	12.1	4.6	3.4	91.8	1021.9
2022-03-16T05:32:26	1100	3600	12.1	3.6	2.2	94.1	1022.5
2022-03-16T06:33:26	1065	3600	12.1	3.1	1.7	95.9	1022.8
2022-03-16T07:35:26	1145	3600	13.1	5.4	3.5	92.6	1023.2
2022-03-16T08:37:26	1094	3600	14.3	10.0	6.1	89.0	1023.6
2022-03-16T09:38:26	1100	3600	14.1	14.6	8.4	81.4	1024.0
2022-03-16T10:40:26	1077	3600	13.5	16.2	10.2	70.1	1024.4
2022-03-16T11:42:26	1084	3600	13.5	17.3	10.8	62.8	1024.6
2022-03-16T12:43:26	1089	3600	13.5	18.1	11.5	62.6	1024.4
2022-03-16T13:45:26	1051	3600	13.4	18.4	12.1	63.9	1023.9
2022-03-16T14:47:26	1076	3600	13.2	18.8	12.5	58.0	1023.8
2022-03-16T15:48:26	1019	3600	13.3	17.8	12.2	59.8	1023.9
2022-03-16T16:50:26	1044	3600	12.9	16.4	12.1	50.5	1023.7
2022-03-16T17:51:26	1114	3600	12.6	14.2	10.9	63.2	1024.0
2022-03-16T18:53:26	1081	3600	12.5	11.5	9.2	64.2	1024.3
2022-03-16T19:55:26	1006	3600	12.5	9.9	7.6	77.8	1024.3
2022-03-16T20:56:26	1087	3600	12.5	8.2	6.3	85.8	1024.2
2022-03-16T21:58:26	1093	3600	12.4	7.8	5.8	89.2	1024.4
2022-03-16T22:59:26	1108	3600	12.3	7.4	5.6	91.0	1024.1
2022-03-17T00:01:26	1064	3600	12.3	7.3	5.5	91.2	1024.0
2022-03-17T01:03:26	1104	3600	12.3	6.4	4.8	92.6	1024.3
2022-03-17T02:04:26	1124	3600	12.3	5.9	4.6	94.2	1023.8
2022-03-17T03:06:26	1090	3600	12.3	6.0	4.6	94.1	1023.6
2022-03-17T04:08:26	1103	3600	12.2	5.8	4.4	93.5	1023.2
2022-03-17T05:09:26	1124	3600	12.2	6.0	4.6	91.1	1023.0
2022-03-17T06:11:26	1136	3600	12.1	5.7	4.0	91.2	1023.2
2022-03-17T07:12:26	1124	3600	12.1	5.8	4.1	90.9	1023.5
2022-03-17T08:14:26	1052	3600	12.2	7.0	5.1	88.2	1023.4
2022-03-17T09:15:26	1046	3600	12.4	8.2	5.8	85.8	1023.6
2022-03-17T10:18:26	1081	3600	12.6	9.5	7.3	80.2	1023.6
2022-03-17T11:19:26	1110	3600	12.7	10.5	8.4	73.4	1023.8
2022-03-17T12:21:26	1123	3600	12.9	12.4	9.9	67.6	1023.9
2022-03-17T13:23:26	1094	3600	12.8	13.1	10.5	63.8	1024.0
2022-03-17T14:24:26	1090	3600	12.8	13.5	10.7	64.9	1024.4
2022-03-17T15:26:26	1021	3600	12.6	13.9	11.2	64.9	1024.9
2022-03-17T16:27:26	1067	3600	12.4	13.0	10.6	65.4	1025.2
2022-03-17T17:29:26	1056	3600	12.3	12.3	10.1	67.2	1025.9
2022-03-17T18:31:26	1080	3600	12.2	11.5	8.9	73.5	1026.8
2022-03-17T19:33:26	1068	3600	12.2	11.2	8.7	85.7	1028.0
2022-03-17T20:34:26	1065	3600	12.1	10.8	8.3	81.2	1029.1
2022-03-17T21:36:26	1068	3600	12.1	10.1	7.6	87.0	1029.9
2022-03-17T22:37:26	990	3600	12.1	10.0	7.3	88.8	1030.7
2022-03-17T23:39:26	1006	3600	12.1	9.2	6.4	93.8	1031.2
2022-03-18T00:41:26	1012	3600	12.1	9.3	7.1	84.9	1031.7
2022-03-18T01:42:26	1014	3600	12.1	9.3	6.8	84.7	1032.3
2022-03-18T02:44:26	1044	3600	12.1	9.0	6.6	83.7	1032.7
2022-03-18T03:45:26	1018	3600	12.0	8.9	6.4	82.3	1033.2
2022-03-18T04:47:26	1039	3600	12.0	8.1	5.5	82.3	1034.0
2022-03-18T05:49:26	1074	3600	12.0	6.0	3.8	86.7	1034.8
2022-03-18T06:50:26	983	3600	12.0	5.5	3.5	88.1	1035.8
2022-03-18T07:52:26	1033	3600	12.5	6.8	3.7	87.3	1036.6
2022-03-18T08:53:26	1038	3600	13.4	9.0	4.8	84.5	1037.1
2022-03-18T09:55:26	973	3600	14.2	12.7	7.1	76.1	1038.0
2022-03-18T10:57:26	972	3600	14.1	15.4	8.7	67.0	1038.5
2022-03-18T11:58:26	1052	3600	13.5	17.0	10.5	57.9	1038.5
2022-03-18T13:00:26	1010	3600	13.4	18.5	11.6	50.9	1038.1
2022-03-18T14:01:26	969	3600	13.3	18.6	12.8	38.8	1038.1
2022-03-18T15:03:26	983	3600	13.2	19.0	13.3	35.6	1038.2
2022-03-18T16:05:26	1008	3600	13.2	18.9	13.7	33.5	1037.9
2022-03-18T17:06:26	984	3600	12.7	17.4	13.7	36.8	1038.2
2022-03-18T18:08:26	965	3600	12.6	14.2	11.4	40.8	1038.7
2022-03-18T19:10:26	952	3600	12.5	10.1	8.7	50.5	1039.5
2022-03-18T20:11:26	1031	3600	12.5	8.4	8.0	56.1	1040.1
2022-03-18T21:13:26	1009	3600	12.5	9.2	8.1	59.2	1040.4
2022-03-18T22:15:26	956	3600	12.4	7.9	6.6	73.0	1040.6
2022-03-18T23:16:26	995	3600	12.4	7.9	6.8	77.8	1040.9
2022-03-19T00:18:26	1031	3600	12.4	8.2	6.5	79.8	1041.0
2022-03-19T01:19:26	1058	3600	12.3	7.2	5.9	77.7	1041.2
2022-03-19T02:21:26	951	3600	12.3	5.4	4.2	83.1	1041.1
2022-03-19T03:23:26	978	3600	12.2	2.9	2.2	94.0	1040.8
2022-03-19T04:24:26	954	3600	12.2	2.0	1.4	94.1	1040.4
2022-03-19T05:26:26	980	3600	12.2	1.8	1.0	96.0	1040.2
2022-03-19T06:27:26	970	3600	12.2	1.0	0.0	97.3	1040.3
2022-03-19T07:29:26	1049	3600	13.5	4.3	1.9	94.1	1040.5
2022-03-19T08:31:26	1020	3600	14.4	8.6	4.7	81.9	1040.1
2022-03-19T09:32:26	1000	3600	14.3	11.9	6.6	72.8	1039.9
2022-03-19T10:34:26	970	3600	13.6	13.9	8.7	62.9	1039.5
2022-03-19T11:35:26	1009	3600	13.4	15.4	10.3	56.3	1038.9
2022-03-19T12:37:26	998	3600	13.6	14.3	9.6	52.6	1038.6
2022-03-19T13:38:26	1097	3600	13.6	15.6	10.2	52.2	1038.0
2022-03-19T14:40:26	1024	3600	13.4	16.5	10.9	54.0	1037.3
2022-03-19T15:42:26	1034	3600	13.5	14.6	10.4	51.1	1036.8
2022-03-19T16:43:26	1000	3600	13.5	14.3	10.4	47.4	1036.5
2022-03-19T17:45:26	980	3600	12.6	12.6	9.7	46.3	1036.5
2022-03-19T18:46:26	990	3600	12.5	10.8	8.9	46.5	1036.8
2022-03-19T19:48:26	1007	3600	12.5	9.7	8.0	49.5	1036.9
2022-03-19T20:50:26	981	3600	12.5	8.6	7.2	47.7	1037.0
2022-03-19T21:51:26	1042	3600	12.4	8.0	6.5	43.0	1036.7
2022-03-19T22:53:26	1075	3600	12.4	7.5	6.1	39.0	1036.6
2022-03-19T23:54:26	1057	3600	12.3	6.9	5.5	39.7	1036.6
2022-03-20T00:56:26	961	3600	12.3	6.3	4.8	42.4	1036.1
2022-03-20T01:58:26	1076	3600	12.3	5.8	4.2	44.8	1035.7
2022-03-20T02:59:26	1070	3600	12.3	5.4	3.8	44.8	1035.3
2022-03-20T04:01:26	1051	3600	12.2	4.7	3.1	47.3	1035.0
2022-03-20T05:03:26	1068	3600	12.2	4.3	2.7	49.3	1034.7
2022-03-20T06:04:26	1054	3600	12.2	3.8	2.4	49.8	1034.8
2022-03-20T07:06:26	1067	3600	12.8	4.6	2.3	51.4	1035.1
2022-03-20T08:07:26	1141	3600	13.8	7.0	3.7	48.3	1035.1
2022-03-20T09:09:26	1055	3600	14.3	9.1	4.8	46.8	1035.1
2022-03-20T10:10:26	1068	3600	14.3	11.7	7.0	42.1	1034.9
2022-03-20T11:12:26	1073	3600	13.6	13.6	9.1	35.3	1034.4
2022-03-20T12:14:26	1027	3600	13.6	15.0	10.7	32.6	1033.9
2022-03-20T13:16:26	1057	3600	13.5	16.0	11.5	30.8	1033.2
2022-03-20T14:17:26	1167	3600	13.5	16.4	12.2	30.8	1032.6
2022-03-20T15:19:26	1085	3600	13.4	16.6	12.5	28.6	1032.0
2022-03-20T16:20:26	1112	3600	13.4	16.2	12.4	29.5	1031.4
2022-03-20T17:22:26	1031	3600	12.6	14.6	11.5	30.1	1031.3
2022-03-20T18:24:26	1086	3600	12.5	12.2	10.1	32.8	1031.6
2022-03-20T19:25:26	1002	3600	12.5	10.6	9.2	34.0	1031.9
2022-03-20T20:27:26	1063	3600	12.5	9.6	8.3	35.6	1032.1
2022-03-20T21:29:26	1083	3600	12.4	8.7	7.3	38.4	1031.9
2022-03-20T22:30:26	1110	3600	12.4	7.8	6.4	40.1	1032.1
2022-03-20T23:32:26	1100	3600	12.4	6.5	5.3	43.3	1032.3
2022-03-21T00:33:26	1056	3600	12.3	5.7	4.8	43.5	1032.1
2022-03-21T01:35:26	1097	3600	12.3	5.7	4.4	44.1	1032.0
2022-03-21T02:37:26	1068	3600	12.2	5.6	4.5	43.1	1031.9
2022-03-21T03:38:26	993	3600	12.2	5.0	3.8	44.8	1031.8
2022-03-21T04:40:26	1071	3600	12.2	4.9	3.4	44.9	1031.6
2022-03-21T05:41:26	1096	3600	12.2	4.1	2.9	47.3	1031.8
2022-03-21T06:43:26	1082	3600	12.3	4.0	2.4	49.7	1032.0
2022-03-21T07:45:26	1046	3600	13.5	6.8	4.2	43.5	1032.5
2022-03-21T08:46:26	1028	3600	14.3	10.0	6.0	37.7	1032.8
2022-03-21T09:48:26	1030	3600	14.2	12.6	8.0	35.0	1032.5
2022-03-21T10:50:26	1109	3600	13.6	14.6	9.7	34.0	1032.2
2022-03-21T11:52:26	1038	3600	13.5	15.6	10.3	29.5	1031.8
2022-03-21T12:53:26	1112	3600	13.5	16.7	11.8	27.4	1031.4
2022-03-21T13:55:26	1076	3600	13.5	17.9	12.7	27.6	1030.8
2022-03-21T14:57:26	1170	3600	13.4	18.0	13.5	28.0	1030.5
2022-03-21T15:58:26	1098	3600	13.2	18.0	13.8	23.8	1030.0
2022-03-21T17:00:26	1010	3600	12.8	16.9	13.5	23.7	1029.9
2022-03-21T18:01:26	1074	3600	12.6	14.4	12.0	26.4	1030.0
2022-03-21T19:03:26	1074	3600	12.6	10.7	10.2	28.9	1030.2
2022-03-21T20:05:26	1089	3600	12.5	8.8	8.7	32.0	1030.4
2022-03-21T21:06:26	1031	3600	12.4	7.3	7.6	35.9	1030.6
2022-03-21T22:08:26	1091	3600	12.4	6.2	6.2	42.6	1030.6
2022-03-21T23:09:26	1080	3600	12.3	5.4	5.3	45.9	1030.7
2022-03-22T00:11:26	1114	3600	12.3	4.9	4.7	45.2	1030.6
2022-03-22T01:13:26	1124	3600	12.2	4.8	3.9	47.8	1030.7
2022-03-22T02:14:26	1118	3600	12.2	4.0	3.0	50.0	1030.6
2022-03-22T03:16:26	1102	3600	12.2	3.6	2.6	51.1	1030.0
2022-03-22T04:18:26	1131	3600	12.2	2.6	2.2	51.3	1030.2
2022-03-22T05:19:26	1093	3600	12.1	1.9	0.9	57.7	1030.4
2022-03-22T06:21:26	1072	3600	12.1	1.7	0.7	58.3	1030.6
2022-03-22T07:23:26	1101	3600	13.5	5.0	2.5	54.7	1030.9
2022-03-22T08:24:26	1118	3600	14.4	9.1	5.2	49.1	1031.2
2022-03-22T09:26:26	1079	3600	14.2	13.7	9.0	35.0	1031.4
2022-03-22T10:27:26	1149	3600	13.5	16.7	11.8	33.3	1030.9
2022-03-22T11:29:26	1026	3600	13.3	18.1	12.6	28.6	1030.6
2022-03-22T12:31:26	1097	3600	13.4	19.4	13.7	25.9	1030.1
2022-03-22T13:32:26	1154	3600	13.3	20.8	15.3	23.0	1029.6
2022-03-22T14:34:26	1096	3600	13.2	21.8	16.0	24.2	1028.9
2022-03-22T15:35:26	1104	3600	13.1	22.1	17.4	24.0	1028.4
2022-03-22T16:37:26	1052	3600	13.1	21.2	17.2	22.7	1027.9
2022-03-22T17:39:26	1071	3600	12.7	19.2	16.2	24.1	1027.5
2022-03-22T18:40:26	1184	3600	12.6	14.5	13.7	26.5	1027.6
2022-03-22T19:42:26	1151	3600	12.6	11.9	12.5	28.1	1027.7
2022-03-22T20:44:26	1064	3600	12.4	10.1	10.4	30.6	1027.6
2022-03-22T21:46:26	1054	3600	12.5	7.1	6.3	41.3	1027.7
2022-03-22T22:47:26	1079	3600	12.4	5.5	4.4	50.2	1027.5
2022-03-22T23:49:26	1151	3600	12.3	3.9	3.7	51.5	1027.2
2022-03-23T00:50:26	1098	3600	12.3	3.4	3.3	50.8	1026.9
2022-03-23T01:52:26	1134	3600	12.3	2.7	2.4	54.7	1026.7
2022-03-23T02:54:26	1080	3600	12.2	2.3	3.0	52.8	1026.4
2022-03-23T03:56:26	1164	3600	12.2	1.5	1.3	60.6	1026.3
2022-03-23T04:57:26	1113	3600	12.1	0.4	-0.3	67.4	1026.4
2022-03-23T05:59:26	1160	3600	12.2	-0.1	0.1	67.0	1026.6
2022-03-23T07:00:26	1152	3600	13.0	2.2	1.1	66.0	1026.7
2022-03-23T08:02:26	1116	3600	14.5	8.7	6.4	58.2	1026.7
2022-03-23T09:04:26	1190	3600	14.3	14.1	8.8	49.8	1026.7
2022-03-23T10:05:26	1147	3600	13.5	18.6	12.0	43.0	1027.0
2022-03-23T11:07:26	1083	3600	13.4	20.8	14.3	37.8	1026.8
2022-03-23T12:08:26	1121	3600	13.3	22.1	15.3	40.4	1026.6
2022-03-23T13:10:26	1104	3600	13.2	23.4	17.3	36.6	1026.1
2022-03-23T14:11:26	1117	3600	13.1	24.7	18.5	27.0	1025.4
2022-03-23T15:13:26	1097	3600	13.1	24.7	18.5	27.5	1025.1
2022-03-23T16:15:26	1153	3600	13.1	23.3	18.7	24.9	1024.7
2022-03-23T17:16:26	1089	3600	12.7	21.2	17.6	27.8	1024.6
2022-03-23T18:18:26	1139	3600	12.6	16.9	14.1	31.4	1024.8
2022-03-23T19:20:26	1099	3600	12.5	13.5	12.5	35.6	1025.2
2022-03-23T20:22:26	1101	3600	12.5	11.5	10.4	42.9	1025.4
2022-03-23T21:23:26	1133	3600	12.5	9.9	8.6	44.6	1025.8
2022-03-23T22:25:26	1161	3600	12.4	7.7	7.2	48.7	1026.0
2022-03-23T23:26:26	1121	3600	12.4	6.4	5.9	52.9	1026.0
2022-03-24T00:28:26	1066	3600	12.4	4.9	4.7	58.3	1026.0
2022-03-24T01:29:26	1196	3600	12.3	3.2	2.9	66.0	1025.7
2022-03-24T02:31:26	1140	3600	12.2	2.5	2.4	68.5	1025.5
2022-03-24T03:32:26	1120	3600	12.2	1.5	1.1	72.8	1025.3
2022-03-24T04:34:26	1148	3600	12.1	0.9	0.8	75.9	1025.4
2022-03-24T05:36:26	1251	3600	12.1	0.3	-0.4	80.8	1025.3
2022-03-24T06:37:26	1144	3600	12.2	-0.5	-1.1	86.4	1025.3
2022-03-24T07:39:26	1168	3600	14.5	5.7	2.2	75.9	1025.7
2022-03-24T08:40:26	1175	3600	14.3	11.1	5.8	65.7	1025.8
2022-03-24T09:42:26	1201	3600	13.6	15.2	8.0	64.5	1026.0
2022-03-24T10:44:26	1117	3600	13.5	17.8	10.8	49.6	1026.0
2022-03-24T11:45:26	1164	3600	13.4	20.0	12.9	39.1	1025.8
2022-03-24T12:47:26	1141	3600	13.3	21.4	14.3	33.6	1025.2
2022-03-24T13:49:26	1109	3600	13.2	22.5	15.4	35.4	1024.6
2022-03-24T14:50:26	1156	3600	13.1	22.8	16.0	31.1	1024.1
2022-03-24T15:52:26	1208	3600	13.1	22.1	16.2	26.8	1023.6
2022-03-24T16:54:26	1153	3600	12.7	20.3	15.9	28.6	1023.3
2022-03-24T17:56:26	1133	3600	12.6	17.6	14.3	34.3	1023.3
2022-03-24T18:57:26	1118	3600	12.6	12.4	11.3	39.3	1023.6
2022-03-24T19:59:26	1153	3600	12.5	9.6	9.6	40.4	1023.9
2022-03-24T21:00:26	1159	3600	12.4	9.4	8.2	45.2	1024.1
2022-03-24T22:02:26	1199	3600	12.3	8.2	8.3	40.4	1024.3
2022-03-24T23:03:26	1144	3600	12.4	5.9	5.0	51.4	1024.5
2022-03-25T00:05:26	1183	3600	12.3	4.1	3.9	57.2	1024.6
2022-03-25T01:06:26	1161	3600	12.3	2.6	2.4	64.0	1024.4
2022-03-25T02:08:26	1136	3600	12.2	1.9	1.6	70.0	1024.2
2022-03-25T03:10:26	1189	3600	12.2	2.0	2.7	75.1	1024.2
2022-03-25T04:11:26	1206	3600	12.2	1.1	1.6	80.7	1024.2
2022-03-25T05:13:26	1134	3600	12.2	1.0	0.8	80.2	1024.3
2022-03-25T06:14:26	1185	3600	12.1	0.5	-0.2	86.0	1024.4
2022-03-25T07:16:26	1145	3600	13.0	3.5	2.7	83.3	1024.8
2022-03-25T08:18:26	1210	3600	14.4	9.6	5.8	72.7	1025.4
2022-03-25T09:19:26	1162	3600	14.1	14.5	8.8	61.0	1025.7
2022-03-25T10:21:26	1091	3600	13.5	17.7	12.1	49.8	1025.8
2022-03-25T11:22:26	1152	3600	13.5	19.7	14.2	45.9	1025.7
2022-03-25T12:24:26	1110	3600	13.4	20.9	15.3	46.3	1025.4
2022-03-25T13:25:26	1126	3600	13.2	22.1	16.1	42.4	1025.0
2022-03-25T14:27:26	1148	3600	13.2	22.9	17.1	41.2	1024.5
2022-03-25T15:29:26	1137	3600	13.2	22.9	17.2	44.0	1024.1
2022-03-25T16:30:26	1157	3600	13.2	21.7	17.0	41.7	1023.6
2022-03-25T17:32:26	1072	3600	12.7	19.5	16.0	45.9	1023.4
2022-03-25T18:33:26	1136	3600	12.6	15.3	13.3	53.8	1023.6
2022-03-25T19:35:26	1145	3600	12.6	12.0	11.0	62.1	1023.9
2022-03-25T20:36:26	1122	3600	12.5	10.1	10.0	63.8	1024.2
2022-03-25T21:38:26	1150	3600	12.4	9.4	10.0	63.7	1024.4
2022-03-25T22:40:26	1107	3600	12.4	7.5	6.8	80.2	1024.5
2022-03-25T23:41:26	1148	3600	12.4	6.7	6.8	79.6	1024.3
2022-03-26T00:43:26	1119	3600	12.3	6.0	5.4	89.1	1024.4
2022-03-26T01:44:26	1114	3600	12.3	5.7	5.3	85.8	1024.3
2022-03-26T02:46:26	1168	3600	12.3	5.9	6.0	82.2	1023.8
2022-03-26T03:47:26	1154	3600	12.2	6.2	5.5	83.5	1023.6
2022-03-26T04:49:26	1171	3600	12.2	6.4	5.4	84.5	1023.4
2022-03-26T05:51:26	1162	3600	12.1	5.9	4.7	86.8	1023.5
2022-03-26T06:53:26	1140	3600	12.8	7.1	5.1	85.9	1023.9
2022-03-26T07:54:26	1143	3600	14.0	10.8	7.3	80.8	1023.8
2022-03-26T08:56:26	1187	3600	14.3	13.9	9.7	71.9	1023.8
2022-03-26T09:58:26	1163	3600	14.1	16.8	12.2	65.7	1023.6
2022-03-26T10:59:26	1121	3600	13.4	17.8	13.2	61.9	1023.7
2022-03-26T12:01:26	1114	3600	13.6	17.3	13.6	64.1	1023.7
2022-03-26T13:02:26	1115	3600	13.5	17.9	13.8	65.1	1023.4
2022-03-26T14:04:26	1110	3600	13.5	17.4	13.2	69.1	1023.4
2022-03-26T15:05:26	1091	3600	13.5	16.1	11.9	74.4	1023.7
2022-03-26T16:07:26	1100	3600	13.5	15.8	12.0	73.9	1023.6
2022-03-26T17:08:26	1119	3600	12.8	15.5	12.0	74.3	1023.8
2022-03-26T18:10:26	1155	3600	12.5	14.7	11.3	77.5	1024.2
2022-03-26T19:12:26	1121	3600	12.6	11.4	9.0	84.0	1024.8
2022-03-26T20:13:26	1189	3600	12.5	9.1	8.5	83.3	1025.4
2022-03-26T21:15:26	1175	3600	12.5	7.9	7.6	86.4	1026.0
2022-03-26T22:16:26	1178	3600	12.4	7.0	6.5	88.5	1026.2
2022-03-26T23:18:26	1113	3600	12.4	5.6	4.6	96.7	1026.5
2022-03-27T00:20:26	1068	3600	12.4	5.4	4.4	96.9	1026.7
2022-03-27T01:21:26	1129	3600	12.3	4.0	2.7	98.0	1026.8
2022-03-27T03:23:26	1120	3600	12.3	3.6	2.6	99.2	1026.8
2022-03-27T04:24:26	1130	3600	12.2	3.0	1.4	99.3	1027.0
2022-03-27T05:26:26	1165	3600	12.2	2.3	0.6	99.7	1027.1
2022-03-27T06:27:26	1141	3600	12.1	2.5	0.5	100.0	1027.1
2022-03-27T07:29:26	1168	3600	12.1	2.7	0.6	100.0	1026.9
2022-03-27T08:31:26	1190	3600	13.1	5.1	2.9	100.0	1027.6
2022-03-27T09:32:26	1129	3600	14.3	10.1	6.7	100.0	1027.8
2022-03-27T10:34:26	1083	3600	14.1	15.5	9.8	90.9	1027.5
2022-03-27T11:35:26	1085	3600	13.5	18.2	11.7	70.9	1027.3
2022-03-27T12:37:26	1089	3600	13.4	20.1	13.5	62.5	1026.7
2022-03-27T13:39:26	1139	3600	13.4	21.0	13.8	57.9	1026.2
2022-03-27T14:40:26	1096	3600	13.2	22.0	14.9	46.3	1025.5
2022-03-27T15:42:26	1157	3600	13.2	22.2	15.6	46.9	1025.0
2022-03-27T16:43:26	1100	3600	13.1	22.2	15.9	47.1	1024.4
2022-03-27T17:45:26	1176	3600	12.8	20.7	15.7	45.9	1023.7
2022-03-27T18:47:26	1047	3600	12.7	18.7	14.6	49.7	1023.3
2022-03-27T19:48:26	1147	3600	12.6	14.8	12.2	59.7	1023.4
2022-03-27T20:50:26	1154	3600	12.6	10.6	9.1	69.4	1023.4
2022-03-27T21:51:26	1114	3600	12.5	8.5	7.8	75.3	1023.2
2022-03-27T22:53:26	1213	3600	12.5	7.6	7.1	79.2	1023.0
2022-03-27T23:54:26	1233	3600	12.3	6.9	6.8	81.1	1022.8
2022-03-28T00:56:26	1207	3600	12.4	6.4	6.8	76.1	1021.9
2022-03-28T01:57:26	1183	3600	12.4	5.7	5.3	80.0	1021.6
2022-03-28T02:59:26	1152	3600	12.3	4.9	5.2	81.6	1021.1
2022-03-28T04:00:26	1203	3600	12.3	4.9	5.2	83.5	1020.4
2022-03-28T05:02:26	1206	3600	12.2	3.9	3.6	93.9	1020.0
2022-03-28T06:04:26	1207	3600	12.2	4.2	4.0	91.3	1019.5
2022-03-28T07:05:26	1190	3600	12.2	4.2	3.5	94.5	1019.2
2022-03-28T08:07:26	1185	3600	13.4	7.4	5.2	91.2	1019.1
2022-03-28T09:08:26	1235	3600	14.3	11.3	6.8	86.9	1018.5
2022-03-28T10:10:26	1223	3600	14.2	13.8	8.5	82.5	1018.1
2022-03-28T11:12:26	1197	3600	13.6	16.4	10.6	70.8	1017.3
2022-03-28T12:13:26	1158	3600	13.5	17.6	12.4	61.8	1016.9
2022-03-28T13:15:26	1147	3600	13.4	18.4	13.2	55.6	1016.1
2022-03-28T14:16:26	1180	3600	13.4	19.2	14.2	50.4	1015.1
2022-03-28T15:18:26	1192	3600	13.3	20.2	15.3	48.3	1013.7
2022-03-28T16:19:26	1194	3600	13.2	20.5	15.7	48.5	1012.7
2022-03-28T17:21:26	1238	3600	13.2	20.1	15.7	45.1	1012.1
2022-03-28T18:23:26	1226	3600	12.7	18.8	14.8	50.0	1011.2
2022-03-28T19:24:26	1237	3600	12.6	15.9	12.5	56.2	1010.9
2022-03-28T20:26:26	1229	3600	12.6	13.2	10.8	62.4	1010.9
2022-03-28T21:27:26	1227	3600	12.5	11.6	9.6	68.4	1011.1
2022-03-28T22:29:26	1223	3600	12.4	10.0	7.6	75.7	1010.7
2022-03-28T23:31:26	1237	3600	12.5	8.7	6.6	80.1	1010.7
2022-03-29T00:32:26	1285	3600	12.4	7.4	5.3	85.0	1010.4
2022-03-29T01:34:26	1312	3600	12.3	6.4	4.6	87.8	1009.9
2022-03-29T02:35:26	1245	3600	12.3	6.6	4.8	88.8	1009.4
2022-03-29T03:37:26	1274	3600	12.2	7.7	5.5	87.4	1009.0
2022-03-29T04:38:26	1264	3600	12.2	7.9	5.6	87.5	1008.6
2022-03-29T05:40:26	1283	3600	12.2	8.1	5.9	84.3	1008.4
2022-03-29T06:42:26	1263	3600	12.2	8.1	5.8	83.8	1008.2
2022-03-29T07:43:26	1286	3600	12.1	8.1	5.7	83.0	1007.9
2022-03-29T08:45:26	1329	3600	12.4	8.8	6.3	77.7	1007.9
2022-03-29T09:46:26	1322	3600	13.2	9.8	6.8	73.4	1007.9
2022-03-29T10:48:26	1351	3600	14.1	13.4	8.6	62.5	1007.5
2022-03-29T11:49:26	1270	3600	14.2	15.0	9.6	57.3	1006.9
2022-03-29T12:51:26	1383	3600	13.5	15.9	10.5	50.4	1006.3
2022-03-29T13:53:26	1343	3600	13.6	16.2	10.6	56.1	1005.7
2022-03-29T14:54:26	1367	3600	13.6	15.5	10.7	51.0	1004.8
2022-03-29T15:56:26	1359	3600	13.4	17.3	11.6	44.5	1004.0
2022-03-29T16:57:26	1373	3600	13.4	17.2	12.1	42.5	1003.5
2022-03-29T17:59:26	1291	3600	12.8	14.4	10.9	46.1	1003.1
2022-03-29T19:00:26	1372	3600	12.7	13.5	10.4	49.1	1003.0
2022-03-29T20:02:26	1380	3600	12.6	10.5	8.4	56.5	1003.0
2022-03-29T21:03:26	1351	3600	12.5	8.3	7.0	60.5	1003.0
2022-03-29T22:05:26	1348	3600	12.5	7.1	6.2	62.6	1003.0
2022-03-29T23:07:26	1387	3600	12.5	6.3	5.0	66.0	1003.0
2022-03-30T00:08:26	1327	3600	12.4	4.3	3.2	73.6	1003.1
2022-03-30T01:10:26	1324	3600	12.4	3.0	2.3	78.0	1003.1
2022-03-30T02:11:26	1349	3600	12.3	2.4	2.5	76.7	1003.0
2022-03-30T03:13:26	1352	3600	12.3	1.4	0.8	89.3	1002.8
2022-03-30T04:14:26	1421	3600	12.3	1.3	1.3	88.6	1002.3
2022-03-30T05:16:26	1374	3600	12.2	0.6	0.3	94.0	1002.3
2022-03-30T06:17:26	1397	3600	12.1	0.9	0.6	95.0	1002.1
2022-03-30T07:19:26	1413	3600	12.1	1.3	-0.1	94.5	1002.0
2022-03-30T08:20:26	1430	3600	12.4	3.4	2.0	93.5	1001.7
2022-03-30T09:22:26	1470	3600	14.4	8.9	5.2	70.8	1001.6
2022-03-30T10:24:26	1405	3600	14.3	12.6	7.3	64.5	1001.4
2022-03-30T11:25:26	1419	3600	13.5	12.6	7.1	55.2	1001.3
2022-03-30T12:27:26	1402	3600	13.6	13.2	7.8	49.5	1001.1
2022-03-30T13:28:26	1399	3600	13.6	14.9	8.2	50.8	1000.5
2022-03-30T14:30:26	1378	3600	13.5	15.3	8.7	48.4	1000.1
2022-03-30T15:31:26	1421	3600	13.6	14.0	8.7	48.9	999.6
2022-03-30T16:33:26	1434	3600	13.6	12.6	8.7	48.7	999.2
2022-03-30T17:34:26	1475	3600	12.7	11.5	7.8	50.7	999.0
2022-03-30T18:36:26	1385	3600	12.6	10.0	6.9	49.6	999.2
2022-03-30T19:38:26	1370	3600	12.5	9.1	6.3	48.9	999.4
2022-03-30T20:39:26	1363	3600	12.5	8.4	5.9	50.1	999.8
2022-03-30T21:41:26	1402	3600	12.5	7.7	5.5	52.1	999.9
2022-03-30T22:42:26	1455	3600	12.5	7.3	5.2	54.2	999.9
2022-03-30T23:44:26	1402	3600	12.4	6.6	4.5	57.9	999.8
2022-03-31T00:45:26	1334	3600	12.4	6.2	4.3	62.7	1000.1
2022-03-31T01:47:26	1425	3600	12.4	5.7	3.5	64.7	1000.0
2022-03-31T02:49:26	1448	3600	12.2	4.6	2.5	65.7	999.9
2022-03-31T03:51:26	1433	3600	12.3	3.6	1.7	67.2	999.9
2022-03-31T04:52:26	1430	3600	12.2	3.1	1.1	67.9	999.8
2022-03-31T05:54:26	1365	3600	12.1	2.6	0.5	68.0	999.7
2022-03-31T06:55:26	1405	3600	12.1	2.1	-0.1	68.0	999.7
2022-03-31T07:57:26	1439	3600	12.5	2.6	0.1	67.6	999.9
2022-03-31T08:59:26	1414	3600	13.8	4.8	1.4	64.5	1000.1
2022-03-31T10:00:26	1453	3600	14.3	6.8	2.4	61.7	1000.0
2022-03-31T11:02:26	1460	3600	14.2	8.8	3.6	56.2	1000.0
2022-03-31T12:04:26	1361	3600	13.6	10.9	5.9	52.4	999.8
2022-03-31T13:05:26	1380	3600	13.7	12.3	7.0	49.2	999.3
2022-03-31T14:07:26	1350	3600	13.5	12.3	7.2	48.8	999.1
2022-03-31T15:08:26	1476	3600	13.6	11.1	6.6	48.6	998.6
2022-03-31T16:10:26	1406	3600	13.6	10.9	7.0	43.8	998.2
2022-03-31T17:12:26	1428	3600	12.7	9.6	6.7	40.0	998.0
2022-03-31T18:13:26	1433	3600	12.6	9.3	6.6	34.2	998.1
2022-03-31T19:15:26	1397	3600	12.5	8.8	6.4	31.9	998.3
2022-03-31T20:16:26	1397	3600	12.5	8.6	6.2	32.8	998.8
2022-03-31T21:18:26	1423	3600	12.5	8.4	6.1	32.2	999.4
2022-03-31T22:19:26	1420	3600	12.5	7.9	5.2	39.1	999.6
2022-03-31T23:21:26	1443	3600	12.4	7.1	4.6	40.7	999.6
2022-04-01T00:23:26	1371	3600	12.4	6.7	4.3	41.1	999.8
2022-04-01T01:25:26	1374	3600	12.3	6.5	4.2	39.0	999.7
2022-04-01T02:26:26	1392	3600	12.3	6.3	3.6	40.4	999.4
2022-04-01T03:28:26	1372	3600	12.3	5.6	3.0	42.7	999.5
2022-04-01T04:29:26	1501	3600	12.1	5.0	2.3	44.5	999.3
2022-04-01T05:31:26	1441	3600	12.1	4.5	1.8	46.1	999.6
2022-04-01T06:32:26	1454	3600	12.1	4.1	1.4	47.3	999.8
2022-04-01T07:34:26	1413	3600	12.1	3.8	1.1	50.1	1000.3
2022-04-01T08:36:26	1373	3600	12.4	4.4	1.6	50.6	1000.8
2022-04-01T09:37:26	1380	3600	13.0	5.7	2.5	47.4	1001.0
2022-04-01T10:39:26	1381	3600	13.1	7.2	4.1	40.2	1001.3
2022-04-01T11:40:26	1376	3600	13.9	9.0	5.0	33.7	1001.6
2022-04-01T12:42:26	1395	3600	14.3	10.5	5.9	35.8	1001.9
2022-04-01T13:43:26	1348	3600	14.2	11.3	7.0	31.0	1001.6
2022-04-01T14:45:26	1360	3600	13.6	12.0	7.4	30.1	1001.6
2022-04-01T15:47:26	1410	3600	13.5	11.7	7.2	31.6	1001.5
2022-04-01T16:48:26	1448	3600	13.5	11.8	7.6	31.6	1001.4
2022-04-01T17:50:26	1455	3600	13.6	11.6	7.4	35.5	1001.6
2022-04-01T18:51:26	1398	3600	12.7	8.8	5.3	47.0	1002.7
2022-04-01T19:53:26	1407	3600	12.6	6.8	4.0	51.8	1003.4
2022-04-01T20:54:26	1383	3600	12.5	6.0	3.2	53.9	1004.4
2022-04-01T21:56:26	1418	3600	12.4	5.3	2.6	56.8	1005.1
2022-04-01T22:57:26	1346	3600	12.4	4.7	2.1	56.7	1005.5
2022-04-01T23:59:26	1389	3600	12.5	4.0	1.6	58.5	1005.9
2022-04-02T01:01:26	1346	3600	12.4	3.6	1.2	58.8	1006.2
2022-04-02T02:02:26	1344	3600	12.4	2.8	0.7	62.0	1006.3
2022-04-02T03:04:26	1403	3600	12.3	2.1	0.3	65.8	1006.5
2022-04-02T04:05:26	1395	3600	12.3	1.3	-0.2	70.2	1006.7
2022-04-02T05:07:26	1331	3600	12.2	1.4	-0.2	72.3	1006.7
2022-04-02T06:09:26	1366	3600	12.2	1.5	-0.2	73.7	1007.1
2022-04-02T07:10:26	1356	3600	12.1	1.7	-0.1	74.5	1007.5
2022-04-02T08:12:26	1355	3600	12.5	3.1	0.9	71.4	1008.1
2022-04-02T09:14:26	1292	3600	14.4	6.5	3.0	63.6	1008.6
2022-04-02T10:16:26	1328	3600	14.3	8.8	4.1	56.1	1008.8
2022-04-02T11:17:26	1328	3600	14.3	9.3	4.6	49.2	1009.0
2022-04-02T12:19:26	1319	3600	13.7	9.7	5.2	46.3	1009.0
2022-04-02T13:20:26	1380	3600	13.5	12.3	6.7	41.9	1008.8
2022-04-02T14:22:26	1335	3600	13.8	9.7	4.8	53.0	1009.4
2022-04-02T15:23:26	1314	3600	14.3	8.8	4.3	57.7	1009.8
2022-04-02T16:25:26	1355	3600	12.8	7.7	4.0	54.1	1009.9
2022-04-02T17:26:26	1354	3600	12.7	7.6	4.3	47.9	1010.1
2022-04-02T18:28:26	1245	3600	12.6	7.1	4.0	48.4	1010.8
2022-04-02T19:30:26	1298	3600	12.6	6.3	3.4	50.0	1011.5
2022-04-02T20:31:26	1258	3600	12.5	3.9	1.9	55.7	1012.3
2022-04-02T21:33:26	1329	3600	12.5	2.4	0.7	58.7	1013.1
2022-04-02T22:34:26	1297	3600	12.4	-0.7	-1.6	68.3	1013.6
2022-04-02T23:36:26	1261	3600	12.3	-1.3	-1.7	69.7	1013.8
2022-04-03T00:37:26	1350	3600	12.3	-2.3	-2.6	76.9	1014.3
2022-04-03T01:39:26	1322	3600	12.3	-3.3	-3.0	80.8	1014.6
2022-04-03T02:40:26	1280	3600	12.2	-3.5	-3.0	81.0	1014.3
2022-04-03T03:42:26	1322	3600	12.3	-3.8	-3.8	82.8	1014.3
2022-04-03T04:44:26	1275	3600	12.2	-2.0	-2.6	76.3	1014.3
2022-04-03T05:46:26	1269	3600	12.1	-1.4	-2.6	80.0	1014.0
2022-04-03T06:47:26	1294	3600	12.1	-0.7	-2.1	78.6	1014.3
2022-04-03T07:49:26	1273	3600	12.2	0.2	-1.7	75.2	1014.6
2022-04-03T08:50:26	1317	3600	13.0	2.8	-0.4	71.6	1014.6
2022-04-03T09:52:26	1330	3600	13.6	4.8	1.4	62.6	1014.8
2022-04-03T10:54:26	1320	3600	14.4	9.5	4.0	51.2	1014.8
2022-04-03T11:55:26	1303	3600	13.8	10.8	5.1	40.6	1014.3
2022-04-03T12:57:26	1296	3600	13.6	12.0	5.9	39.3	1013.7
2022-04-03T13:58:26	1311	3600	13.6	11.9	6.6	43.7	1013.0
2022-04-03T15:00:26	1263	3600	13.6	11.9	6.8	44.6	1012.4
2022-04-03T16:02:26	1383	3600	13.7	10.2	5.9	55.6	1012.2
2022-04-03T17:03:26	1336	3600	13.7	9.8	5.8	58.1	1012.0
2022-04-03T18:05:26	1292	3600	12.8	9.6	6.3	57.1	1011.8
2022-04-03T19:06:26	1279	3600	12.6	8.0	5.1	62.0	1011.5
2022-04-03T20:08:26	1317	3600	12.5	7.3	4.9	68.6	1011.6
2022-04-03T21:09:26	1280	3600	12.5	6.1	4.0	72.6	1011.7
2022-04-03T22:11:26	1318	3600	12.4	6.5	4.4	70.7	1011.7
2022-04-03T23:13:26	1280	3600	12.5	6.0	3.5	77.2	1011.7
2022-04-04T00:14:26	1317	3600	12.4	3.9	1.9	85.1	1011.5
2022-04-04T01:16:26	1241	3600	12.4	3.4	1.8	86.3	1011.1
2022-04-04T02:17:26	1304	3600	12.4	3.0	1.3	86.3	1010.6
2022-04-04T03:19:26	1310	3600	12.3	2.4	0.9	87.6	1010.3
2022-04-04T04:20:26	1300	3600	12.2	2.4	1.0	88.0	1009.8
2022-04-04T05:22:26	1285	3600	12.2	2.6	1.2	87.0	1008.9
2022-04-04T06:24:26	1317	3600	12.1	2.5	1.2	86.0	1008.2
2022-04-04T07:25:26	1379	3600	12.2	3.7	2.2	81.9	1007.5
2022-04-04T08:27:26	1319	3600	12.5	5.3	3.4	76.4	1006.9
2022-04-04T09:28:26	1344	3600	13.0	7.0	4.7	68.3	1006.0
2022-04-04T10:30:26	1358	3600	13.4	8.7	5.4	63.3	1004.9
2022-04-04T11:31:26	1346	3600	14.2	11.2	6.6	57.7	1003.3
2022-04-04T12:33:26	1399	3600	14.1	11.4	7.6	51.7	1001.5
2022-04-04T13:34:26	1316	3600	13.7	11.0	6.7	57.7	1000.2
2022-04-04T14:36:26	1345	3600	13.0	7.8	4.0	80.4	999.3
2022-04-04T15:38:26	1370	3600	12.7	6.2	2.7	91.5	998.0
2022-04-04T16:39:26	1411	3600	12.7	5.7	2.7	94.0	996.4
2022-04-04T17:41:26	1400	3600	12.6	5.5	2.7	98.4	995.4
2022-04-04T18:43:26	1440	3600	12.5	5.7	3.1	99.1	994.7
2022-04-04T19:44:26	1450	3600	12.5	5.7	3.2	99.3	994.1
2022-04-04T20:46:26	1367	3600	12.5	6.1	3.7	99.6	993.7
2022-04-04T21:47:26	1456	3600	12.5	6.9	4.7	99.4	993.5
2022-04-04T22:49:26	1359	3600	12.4	7.5	6.0	87.8	993.1
2022-04-04T23:50:26	1403	3600	12.4	8.0	6.4	87.7	993.0
2022-04-05T00:52:26	1430	3600	12.4	8.0	6.3	90.6	993.1
2022-04-05T01:53:26	1360	3600	12.3	8.5	6.8	87.7	993.5
2022-04-05T02:55:26	1320	3600	12.2	8.3	6.2	92.7	993.8
2022-04-05T03:56:26	1456	3600	12.2	7.7	5.6	88.7	994.0
2022-04-05T04:58:26	1395	3600	12.2	7.4	5.1	90.0	994.4
2022-04-05T06:00:26	1374	3600	12.1	7.2	4.9	91.5	994.7
2022-04-05T07:01:26	1322	3600	12.2	7.1	5.0	89.7	995.2
2022-04-05T08:03:26	1376	3600	12.3	7.8	5.3	85.5	996.2
2022-04-05T09:04:26	1365	3600	12.8	8.4	5.6	78.3	997.3
2022-04-05T10:06:26	1339	3600	13.6	10.7	6.4	75.1	997.7
2022-04-05T11:07:26	1348	3600	14.2	11.6	7.2	67.1	998.1
2022-04-05T12:09:26	1380	3600	13.6	11.7	7.6	66.4	998.4
2022-04-05T13:10:26	1355	3600	14.3	11.7	7.8	66.9	998.2
2022-04-05T14:12:26	1299	3600	14.2	12.5	8.5	65.9	998.2
2022-04-05T15:14:26	1330	3600	13.6	12.7	8.7	64.1	998.0
2022-04-05T16:16:26	1370	3600	13.6	11.4	8.1	77.9	997.9
2022-04-05T17:17:26	1384	3600	12.9	11.2	7.9	84.0	997.4
2022-04-05T18:19:26	1329	3600	12.6	10.7	7.8	83.5	997.1
2022-04-05T19:21:26	1420	3600	12.6	10.5	7.8	86.0	996.8
2022-04-05T20:22:26	1357	3600	12.6	9.9	7.4	92.3	996.7
2022-04-05T21:24:26	1325	3600	12.5	9.7	7.4	95.8	996.5
2022-04-05T22:25:26	1299	3600	12.4	9.8	7.5	96.8	996.6
2022-04-05T23:27:26	1313	3600	12.5	9.8	7.7	98.0	996.4
2022-04-06T00:28:26	1299	3600	12.5	10.5	8.7	97.1	996.3
2022-04-06T01:30:26	1311	3600	12.5	10.8	8.9	96.0	996.1
2022-04-06T02:31:26	1268	3600	12.4	10.9	8.9	96.4	996.1
2022-04-06T03:33:26	1339	3600	12.3	10.9	8.8	96.5	995.8
2022-04-06T04:35:26	1321	3600	12.4	10.9	9.0	94.5	995.7
2022-04-06T05:36:26	1333	3600	12.3	11.0	8.9	92.0	995.7
2022-04-06T06:38:26	1330	3600	12.2	10.9	8.9	91.7	996.0
2022-04-06T07:39:26	1300	3600	12.2	10.8	8.7	94.0	996.0
2022-04-06T08:41:26	1288	3600	12.4	11.7	9.6	89.2	996.0
2022-04-06T09:42:26	1256	3600	13.0	13.2	10.7	82.3	995.8
2022-04-06T10:44:26	1315	3600	13.0	13.8	11.1	75.8	995.8
2022-04-06T11:45:26	1272	3600	13.0	14.6	11.7	73.4	995.6
2022-04-06T12:47:26	1354	3600	13.0	15.6	11.7	68.9	995.3
2022-04-06T13:49:26	1316	3600	12.7	14.0	11.0	71.5	995.2
2022-04-06T14:50:26	1327	3600	13.0	15.2	11.5	67.0	995.1
2022-04-06T15:52:26	1358	3600	12.9	14.8	11.5	65.4	994.8
2022-04-06T16:53:26	1390	3600	12.9	14.9	11.7	66.1	994.3
2022-04-06T17:55:26	1322	3600	12.7	14.5	11.5	65.2	993.9
2022-04-06T18:56:26	1341	3600	12.5	14.0	11.4	63.9	993.4
2022-04-06T19:58:26	1408	3600	12.5	13.1	10.9	66.2	992.8
2022-04-06T21:00:26	1390	3600	12.5	12.3	10.4	69.0	992.6
2022-04-06T22:01:26	1359	3600	12.4	12.4	10.4	69.2	992.3
2022-04-06T23:03:26	1373	3600	12.3	12.2	10.6	66.9	991.9
2022-04-07T00:04:26	1331	3600	12.3	12.4	10.6	67.1	991.3
2022-04-07T01:06:26	1373	3600	12.3	12.2	10.4	67.0	990.8
2022-04-07T02:07:26	1368	3600	12.2	11.8	9.9	70.0	990.0
2022-04-07T03:09:26	1377	3600	12.2	11.1	9.6	71.6	989.0
2022-04-07T04:10:26	1444	3600	12.2	10.4	8.9	75.8	988.4
2022-04-07T05:13:26	1420	3600	12.1	10.2	8.9	77.3	987.7
2022-04-07T06:15:26	1350	3600	12.1	11.0	9.4	77.1	987.0
2022-04-07T07:16:26	1453	3600	12.1	11.5	9.7	75.3	986.1
2022-04-07T08:18:26	1397	3600	12.3	12.6	10.7	72.9	985.6
2022-04-07T09:19:26	1504	3600	12.9	14.8	11.9	68.1	984.7
2022-04-07T10:21:26	1456	3600	13.3	17.6	12.9	65.6	983.6
2022-04-07T11:22:26	1487	3600	13.0	17.4	13.3	63.6	982.5
2022-04-07T12:24:26	1522	3600	12.9	16.8	13.4	61.0	980.8
2022-04-07T13:26:26	1583	3600	12.9	15.7	13.1	64.6	978.8
2022-04-07T14:28:26	1498	3600	13.0	14.6	12.1	75.8	977.6
2022-04-07T15:29:26	1557	3600	12.7	15.2	12.7	72.0	975.7
2022-04-07T16:31:26	1499	3600	12.6	10.4	7.3	87.8	977.4
2022-04-07T17:32:26	1530	3600	13.0	13.1	9.8	76.0	977.2
2022-04-07T18:34:26	1563	3600	12.7	13.5	10.5	71.1	977.3
2022-04-07T19:35:26	1528	3600	12.5	12.2	10.0	71.2	977.5
2022-04-07T20:37:26	1531	3600	12.4	11.5	9.5	67.2	978.7
2022-04-07T21:39:26	1456	3600	12.4	9.6	7.1	80.4	980.4
2022-04-07T22:40:26	1408	3600	12.4	8.4	6.3	84.4	980.6
2022-04-07T23:42:26	1419	3600	12.4	8.5	7.1	78.6	980.5
2022-04-08T00:44:26	1400	3600	12.4	8.6	6.9	80.4	980.7
2022-04-08T01:45:26	1475	3600	12.3	8.9	7.3	78.9	980.6
2022-04-08T02:47:26	1534	3600	12.3	9.2	7.4	75.9	981.8
2022-04-08T03:48:26	1471	3600	12.3	8.7	6.8	78.2	983.4
2022-04-08T04:50:26	1431	3600	12.2	9.2	7.1	75.9	984.4
2022-04-08T05:51:26	1426	3600	12.2	9.1	6.8	80.0	985.8
2022-04-08T06:53:26	1364	3600	12.2	7.8	5.4	85.1	987.9
2022-04-08T07:54:26	1373	3600	12.1	8.0	5.7	83.5	989.0
2022-04-08T08:56:26	1442	3600	12.2	6.7	3.0	92.6	990.2
2022-04-08T09:58:26	1335	3600	14.3	9.7	5.9	77.3	991.0
2022-04-08T10:59:26	1371	3600	13.3	11.4	7.0	66.4	991.6
2022-04-08T12:01:26	1399	3600	13.7	11.9	7.7	64.1	991.7
2022-04-08T13:02:26	1385	3600	14.3	11.9	7.7	66.4	991.6
2022-04-08T14:04:26	1313	3600	14.2	12.1	8.5	63.2	991.3
2022-04-08T15:05:26	1391	3600	13.0	12.2	8.2	59.8	991.0
2022-04-08T16:07:26	1357	3600	14.3	12.6	8.7	58.0	990.4
2022-04-08T17:08:26	1377	3600	14.2	12.6	8.7	56.9	990.4
2022-04-08T18:10:26	1368	3600	12.9	11.6	8.6	58.5	990.4
2022-04-08T19:12:26	1418	3600	12.6	10.9	8.2	58.5	990.4
2022-04-08T20:13:26	1351	3600	12.5	8.2	6.6	64.2	990.7
2022-04-08T21:15:26	1342	3600	12.5	7.7	4.5	82.0	991.2
2022-04-08T22:16:26	1354	3600	12.5	5.2	3.1	89.0	990.9
2022-04-08T23:18:26	1392	3600	12.4	4.3	3.2	89.8	990.5
2022-04-09T00:19:26	1394	3600	12.4	4.6	3.9	83.4	990.6
2022-04-09T01:21:26	1375	3600	12.4	4.7	3.9	82.3	990.9
2022-04-09T02:23:26	1386	3600	12.4	5.5	4.2	81.9	991.3
2022-04-09T03:24:26	1373	3600	12.3	5.3	3.7	83.5	991.9
2022-04-09T04:26:26	1379	3600	12.3	5.2	3.5	85.0	992.7
2022-04-09T05:27:26	1373	3600	12.3	4.4	2.7	88.2	993.7
2022-04-09T06:29:26	1343	3600	12.2	4.2	2.6	89.6	995.0
2022-04-09T07:30:26	1277	3600	12.7	5.2	2.9	89.4	996.2
2022-04-09T08:32:26	1290	3600	14.3	7.4	4.1	85.7	997.4
2022-04-09T09:33:26	1334	3600	14.0	8.8	5.4	80.4	998.4
2022-04-09T10:35:26	1294	3600	14.3	10.9	6.6	69.3	999.2
2022-04-09T11:36:26	1361	3600	13.7	12.6	7.6	60.3	999.6
2022-04-09T12:38:26	1311	3600	13.7	13.2	7.9	56.5	999.5
2022-04-09T13:40:26	1276	3600	13.6	12.3	8.1	65.7	999.9
2022-04-09T14:41:26	1312	3600	13.6	13.2	8.1	63.8	1000.4
2022-04-09T15:43:26	1307	3600	14.1	12.0	8.1	69.8	1000.9
2022-04-09T16:44:26	1290	3600	12.9	12.1	8.3	63.7	1000.8
2022-04-09T17:46:26	1217	3600	12.7	9.3	6.2	75.7	1002.1
2022-04-09T18:47:26	1306	3600	12.7	9.0	6.2	79.7	1002.5
2022-04-09T19:49:26	1263	3600	12.5	8.0	6.1	73.9	1003.3
2022-04-09T20:50:26	1252	3600	12.5	7.4	5.5	78.0	1004.0
2022-04-09T21:52:26	1195	3600	12.5	6.6	4.7	81.8	1004.7
2022-04-09T22:54:26	1171	3600	12.4	6.1	4.4	79.9	1005.3
2022-04-09T23:55:26	1244	3600	12.3	5.7	4.0	82.2	1006.2
2022-04-10T00:57:26	1190	3600	12.4	5.0	3.2	85.7	1006.6
2022-04-10T01:59:26	1265	3600	12.4	4.6	3.0	87.3	1007.0
2022-04-10T03:00:26	1209	3600	12.3	4.3	2.6	88.3	1007.2
2022-04-10T04:02:26	1227	3600	12.3	3.9	2.2	89.8	1007.5
2022-04-10T05:04:26	1286	3600	12.2	4.0	2.5	87.8	1007.5
2022-04-10T06:05:26	1236	3600	12.2	4.0	2.4	87.4	1008.2
2022-04-10T07:07:26	1239	3600	12.3	4.8	3.0	86.3	1008.7
2022-04-10T08:08:26	1224	3600	13.0	6.6	3.9	80.8	1009.3
2022-04-10T09:10:26	1261	3600	12.6	6.7	3.9	81.4	1009.9
2022-04-10T10:12:26	1282	3600	13.4	8.3	5.0	77.0	1010.3
2022-04-10T11:14:26	1245	3600	13.4	9.2	5.8	74.3	1010.8
2022-04-10T12:15:26	1193	3600	12.9	10.8	6.4	67.2	1010.9
2022-04-10T13:17:26	1229	3600	14.2	9.9	6.5	65.0	1011.1
2022-04-10T14:18:26	1217	3600	13.6	11.4	7.4	62.1	1010.9
2022-04-10T15:20:26	1235	3600	14.2	10.2	6.9	73.7	1011.3
2022-04-10T16:21:26	1172	3600	14.2	10.8	7.3	73.9	1011.3
2022-04-10T17:23:26	1181	3600	13.5	12.8	8.6	62.6	1011.4
2022-04-10T18:24:26	1157	3600	12.7	10.6	7.0	65.6	1011.9
2022-04-10T19:26:26	1138	3600	12.6	10.5	6.9	62.7	1012.4
2022-04-10T20:28:26	1154	3600	12.5	7.4	4.8	74.8	1013.3
2022-04-10T21:29:26	1173	3600	12.5	5.6	4.0	78.3	1013.8
2022-04-10T22:31:26	1156	3600	12.5	6.2	4.6	77.5	1014.2
2022-04-10T23:32:26	1190	3600	12.5	6.9	5.2	73.2	1014.6
2022-04-11T00:34:26	1101	3600	12.4	6.7	4.8	74.7	1015.1
2022-04-11T01:35:26	1145	3600	12.4	6.1	4.1	80.6	1015.2
2022-04-11T02:37:26	1153	3600	12.3	4.6	3.0	84.3	1015.2
2022-04-11T03:39:26	1236	3600	12.3	3.9	2.4	86.0	1015.0
2022-04-11T04:40:26	1222	3600	12.2	3.2	2.1	87.3	1015.1
2022-04-11T05:42:26	1213	3600	12.2	2.8	1.7	89.3	1015.1
2022-04-11T06:43:26	1155	3600	12.1	2.0	1.0	91.1	1015.3
2022-04-11T07:45:26	1069	3600	13.5	6.1	2.8	85.9	1015.6
2022-04-11T08:46:26	1248	3600	14.3	9.6	4.7	82.2	1015.9
2022-04-11T09:48:26	1171	3600	14.3	12.8	6.7	67.5	1016.0
2022-04-11T10:49:26	1173	3600	13.6	14.6	8.7	55.5	1016.0
2022-04-11T11:51:26	1141	3600	13.5	15.4	9.7	49.0	1015.7
2022-04-11T12:53:26	1190	3600	13.5	16.6	11.0	48.6	1015.3
2022-04-11T13:54:26	1162	3600	13.6	16.5	11.1	44.4	1015.0
2022-04-11T14:56:26	1148	3600	13.3	19.2	12.1	43.4	1014.4
2022-04-11T15:57:26	1207	3600	13.3	19.9	13.0	41.1	1014.0
2022-04-11T16:59:26	1210	3600	13.3	18.8	12.9	42.7	1013.5
2022-04-11T18:00:26	1240	3600	12.8	18.1	12.7	39.9	1013.1
2022-04-11T19:02:26	1128	3600	12.7	16.7	12.2	41.1	1013.2
2022-04-11T20:03:26	1149	3600	12.6	11.8	9.9	48.3	1013.4
2022-04-11T21:05:26	1200	3600	12.6	8.9	8.7	51.3	1013.7
2022-04-11T22:07:26	1158	3600	12.5	7.2	6.3	61.2	1013.8
2022-04-11T23:08:26	1144	3600	12.5	6.5	6.9	56.8	1014.0
2022-04-12T00:10:26	1195	3600	12.4	5.5	5.6	66.0	1014.1
2022-04-12T01:12:26	1135	3600	12.3	4.6	3.7	71.5	1014.2
2022-04-12T02:13:26	1202	3600	12.3	4.9	3.9	69.8	1014.1
2022-04-12T03:15:26	1174	3600	12.2	4.5	4.0	70.8	1014.0
2022-04-12T04:17:26	1203	3600	12.3	3.2	2.6	76.8	1013.8
2022-04-12T05:19:26	1172	3600	12.2	1.9	1.9	80.2	1013.9
2022-04-12T06:20:26	1211	3600	12.1	1.3	1.1	83.7	1014.2
2022-04-12T07:22:26	1258	3600	13.0	4.3	3.0	78.4	1014.1
2022-04-12T08:24:26	1162	3600	14.4	9.3	6.7	68.1	1014.7
2022-04-12T09:25:26	1224	3600	14.2	13.3	9.1	55.6	1015.0
2022-04-12T10:27:26	1160	3600	13.5	16.1	11.3	43.8	1014.9
2022-04-12T11:28:26	1234	3600	13.5	17.9	12.7	40.9	1014.8
2022-04-12T12:30:26	1224	3600	13.4	19.2	14.0	38.9	1014.3
2022-04-12T13:31:26	1223	3600	13.4	20.2	14.8	38.8	1013.9
2022-04-12T14:33:26	1167	3600	13.3	21.3	15.6	35.5	1013.6
2022-04-12T15:34:26	1224	3600	13.2	21.4	16.3	35.2	1013.1
2022-04-12T16:36:26	1194	3600	13.2	21.6	16.6	34.5	1012.8
2022-04-12T17:37:26	1234	3600	13.2	21.2	16.8	33.8	1012.6
2022-04-12T18:39:26	1205	3600	12.8	20.3	16.0	35.1	1012.1
2022-04-12T19:40:26	1239	3600	12.6	16.9	14.3	37.6	1011.9
2022-04-12T20:42:26	1186	3600	12.6	15.1	13.3	42.8	1012.0
2022-04-12T21:44:26	1200	3600	12.6	14.4	12.9	44.0	1012.4
2022-04-12T22:45:26	1233	3600	12.5	13.4	11.9	46.2	1012.6
2022-04-12T23:47:26	1175	3600	12.5	12.1	10.6	50.4	1012.8
2022-04-13T00:48:26	1207	3600	12.4	11.4	10.0	52.0	1012.7
2022-04-13T01:50:26	1193	3600	12.4	10.9	9.3	53.6	1012.5
2022-04-13T02:51:26	1249	3600	12.4	9.8	8.3	57.2	1012.4
2022-04-13T03:53:26	1243	3600	12.4	9.2	7.7	58.8	1012.2
2022-04-13T04:55:26	1286	3600	12.3	8.7	7.0	61.6	1011.9
2022-04-13T05:57:26	1278	3600	12.2	8.0	6.3	65.4	1012.0
2022-04-13T06:58:26	1269	3600	12.3	8.3	6.4	66.1	1012.2
2022-04-13T08:00:26	1202	3600	13.1	10.5	7.8	62.7	1012.5
2022-04-13T09:01:26	1205	3600	13.6	12.6	9.5	57.8	1012.7
2022-04-13T10:03:26	1241	3600	14.1	16.0	12.5	52.6	1013.0
2022-04-13T11:05:26	1244	3600	14.0	19.3	14.9	47.2	1012.9
2022-04-13T12:06:26	1185	3600	13.4	22.2	16.7	44.8	1012.8
2022-04-13T13:08:26	1171	3600	13.3	23.7	18.4	39.8	1012.6
2022-04-13T14:09:26	1264	3600	13.2	24.6	20.0	37.2	1012.5
2022-04-13T15:11:26	1171	3600	13.1	26.2	21.3	37.9	1012.5
2022-04-13T16:12:26	1206	3600	13.2	26.2	21.6	37.6	1012.2
2022-04-13T17:14:26	1221	3600	13.1	26.1	22.2	35.4	1012.2
2022-04-13T18:15:26	1217	3600	13.2	25.1	21.5	35.9	1012.2
2022-04-13T19:17:26	1219	3600	12.7	22.0	19.8	37.4	1012.2
2022-04-13T20:19:26	1179	3600	12.6	19.3	18.1	38.0	1012.4
2022-04-13T21:20:26	1179	3600	12.6	17.2	15.6	46.0	1012.7
2022-04-13T22:22:26	1186	3600	12.5	15.1	14.3	49.2	1012.8
2022-04-13T23:23:26	1214	3600	12.5	14.0	13.6	53.2	1012.8
2022-04-14T00:25:26	1186	3600	12.5	13.2	12.5	58.9	1012.7
2022-04-14T01:27:26	1246	3600	12.4	12.0	10.5	68.7	1012.6
2022-04-14T02:28:26	1185	3600	12.4	10.8	9.3	73.9	1012.5
2022-04-14T03:30:26	1165	3600	12.3	10.5	9.8	71.1	1012.6
2022-04-14T04:32:26	1186	3600	12.3	10.4	9.2	75.0	1013.3
2022-04-14T05:33:26	1262	3600	12.2	11.1	9.7	81.2	1013.4
2022-04-14T06:35:26	1160	3600	12.3	10.7	9.4	83.9	1013.8
2022-04-14T07:36:26	1213	3600	12.3	12.0	10.2	83.9	1014.2
2022-04-14T08:38:26	1177	3600	13.2	15.4	12.1	79.6	1014.4
2022-04-14T09:40:26	1242	3600	14.1	18.3	14.0	72.6	1014.3
2022-04-14T10:41:26	1178	3600	13.1	18.7	14.0	76.9	1015.1
2022-04-14T11:43:26	1150	3600	13.5	18.3	14.3	79.1	1015.1
2022-04-14T12:45:26	1182	3600	13.5	18.2	13.8	81.6	1015.2
2022-04-14T13:46:26	1116	3600	12.8	16.6	12.7	86.2	1015.5
2022-04-14T14:48:26	1206	3600	12.8	15.3	12.0	94.7	1016.0
2022-04-14T15:49:26	1187	3600	12.7	14.7	11.8	95.9	1015.9
2022-04-14T16:51:26	1196	3600	14.2	15.7	12.5	92.7	1015.5
2022-04-14T17:52:26	1164	3600	14.1	16.1	13.6	90.6	1015.1
2022-04-14T18:54:26	1192	3600	12.7	17.0	12.9	87.4	1015.4
2022-04-14T19:56:26	1173	3600	12.6	15.0	12.3	91.9	1015.6
2022-04-14T20:58:26	1142	3600	12.6	14.3	11.8	95.9	1015.8
2022-04-14T21:59:26	1134	3600	12.5	13.1	10.9	94.8	1016.0
2022-04-14T23:01:26	1119	3600	12.5	12.5	10.8	95.2	1015.9
2022-04-15T00:02:26	1052	3600	12.5	12.7	10.8	97.4	1015.9
2022-04-15T01:04:26	1102	3600	12.4	12.5	10.5	97.2	1016.0
2022-04-15T02:05:26	1156	3600	12.4	11.5	9.6	94.5	1015.9
2022-04-15T03:07:26	1129	3600	12.3	10.9	8.7	91.9	1016.2
2022-04-15T04:08:26	1144	3600	12.3	10.2	7.6	92.1	1016.5
2022-04-15T05:10:26	1111	3600	12.2	10.2	7.8	91.2	1016.6
2022-04-15T06:12:26	1124	3600	12.2	10.2	7.8	91.0	1016.8
2022-04-15T07:13:26	1130	3600	12.1	10.2	7.8	91.4	1017.3
2022-04-15T08:15:26	1097	3600	12.2	10.6	7.9	92.4	1017.8
2022-04-15T09:16:26	1139	3600	12.3	11.0	8.2	90.7	1018.2
2022-04-15T10:18:26	1154	3600	12.3	11.3	8.3	88.8	1018.5
2022-04-15T11:19:26	1063	3600	12.4	11.6	8.5	90.1	1019.1
2022-04-15T12:21:26	1089	3600	12.4	11.7	8.8	89.3	1019.3
2022-04-15T13:22:26	1160	3600	12.3	11.3	8.6	95.5	1019.7
2022-04-15T14:25:26	1127	3600	12.5	11.4	8.7	95.8	1020.1
2022-04-15T15:26:26	1045	3600	12.9	11.9	9.3	90.6	1020.4
2022-04-15T16:28:26	1112	3600	12.6	12.4	8.8	91.0	1021.0
2022-04-15T17:29:26	1082	3600	12.4	10.9	7.6	91.9	1021.9
2022-04-15T18:31:26	1117	3600	12.2	10.3	7.1	90.1	1022.8
2022-04-15T19:32:26	1125	3600	12.1	9.7	6.7	89.9	1023.3
2022-04-15T20:34:26	1116	3600	12.2	9.1	6.3	90.3	1024.5
2022-04-15T21:35:26	1075	3600	12.2	8.8	6.1	87.3	1025.3
2022-04-15T22:37:26	1088	3600	12.1	8.4	5.8	87.2	1025.8
2022-04-15T23:39:26	1051	3600	12.1	8.1	5.5	86.3	1026.1
2022-04-16T00:40:26	1048	3600	12.1	7.1	4.6	80.1	1026.7
2022-04-16T01:42:26	1084	3600	12.1	5.0	3.0	84.0	1027.3
2022-04-16T02:43:26	1125	3600	12.0	3.5	1.6	89.0	1027.4
2022-04-16T03:45:26	1027	3600	12.1	1.9	0.7	94.0	1027.4
2022-04-16T04:46:26	1065	3600	12.0	1.3	0.4	96.4	1027.9
2022-04-16T05:48:26	1043	3600	12.0	1.7	0.2	97.4	1028.6
2022-04-16T06:50:26	1055	3600	12.1	2.5	0.6	97.5	1029.1
2022-04-16T07:51:26	1043	3600	12.6	4.3	2.0	94.7	1029.8
2022-04-16T08:53:26	1050	3600	13.8	7.0	4.0	87.5	1030.1
2022-04-16T09:54:26	1007	3600	14.3	11.8	6.2	76.0	1030.4
2022-04-16T10:56:26	1051	3600	14.2	13.3	7.5	61.9	1030.5
2022-04-16T11:58:26	1025	3600	13.6	15.0	9.4	53.5	1030.4
2022-04-16T12:59:26	1112	3600	13.5	16.1	10.5	44.5	1030.2
2022-04-16T14:01:26	1013	3600	13.4	17.3	11.7	41.1	1030.1
2022-04-16T15:02:26	1042	3600	13.3	18.5	12.9	39.5	1030.0
2022-04-16T16:04:26	1029	3600	13.2	18.8	13.3	38.2	1029.3
2022-04-16T17:05:26	1052	3600	13.2	18.2	13.1	36.5	1028.9
2022-04-16T18:07:26	1026	3600	12.8	17.3	12.6	37.1	1028.5
2022-04-16T19:08:26	1158	3600	12.7	16.1	11.8	36.1	1028.6
2022-04-16T20:10:26	1017	3600	12.6	12.6	9.8	41.1	1029.1
2022-04-16T21:11:26	1079	3600	12.6	9.2	7.6	44.5	1029.6
2022-04-16T22:13:26	1058	3600	12.5	7.1	6.1	51.5	1029.9
2022-04-16T23:15:26	1073	3600	12.5	4.6	4.0	58.9	1029.6
2022-04-17T00:16:26	1055	3600	12.5	4.0	4.0	57.8	1029.5
2022-04-17T01:18:26	1052	3600	12.4	3.0	2.9	63.5	1029.2
2022-04-17T02:20:26	1150	3600	12.4	2.6	2.2	65.9	1029.1
2022-04-17T03:21:26	1155	3600	12.3	2.2	1.7	69.4	1028.8
2022-04-17T04:23:26	1113	3600	12.3	1.4	0.3	75.4	1028.7
2022-04-17T05:24:26	1083	3600	12.3	0.1	0.0	86.1	1028.3
2022-04-17T06:26:26	1134	3600	12.3	-0.1	0.0	88.7	1027.9
2022-04-17T07:28:26	1094	3600	13.2	3.4	1.3	79.0	1028.2
2022-04-17T08:29:26	1109	3600	13.7	7.7	4.3	69.2	1028.3
2022-04-17T09:31:26	1125	3600	14.3	11.8	6.6	61.1	1027.9
2022-04-17T10:32:26	1148	3600	13.6	15.8	9.0	54.3	1027.6
2022-04-17T11:34:26	1103	3600	13.5	17.4	11.5	48.4	1027.0
2022-04-17T12:35:26	1063	3600	13.4	18.8	12.2	44.7	1026.1
2022-04-17T13:37:26	1091	3600	13.3	20.2	13.8	39.4	1025.6
2022-04-17T14:38:26	1109	3600	13.3	20.9	14.3	41.2	1024.5
2022-04-17T15:40:26	1050	3600	13.2	20.6	14.9	37.2	1023.6
2022-04-17T16:42:26	1139	3600	13.2	20.5	14.9	36.3	1022.7
2022-04-17T17:43:26	1176	3600	13.0	20.0	15.1	34.7	1021.8
2022-04-17T18:45:26	1136	3600	12.7	19.6	14.7	36.9	1021.5
2022-04-17T19:46:26	1147	3600	12.6	16.8	12.8	42.4	1021.2
2022-04-17T20:48:26	1146	3600	12.6	11.9	10.4	48.7	1021.1
2022-04-17T21:49:26	1165	3600	12.5	10.3	9.8	52.0	1020.8
2022-04-17T22:51:26	1169	3600	12.4	9.7	8.7	56.7	1020.6
2022-04-17T23:52:26	1125	3600	12.5	8.2	7.6	60.4	1020.4
2022-04-18T00:54:26	1126	3600	12.4	6.6	6.2	66.3	1020.4
2022-04-18T01:55:26	1194	3600	12.4	5.8	5.2	70.0	1019.8
2022-04-18T02:57:26	1137	3600	12.3	4.1	3.5	77.1	1019.3
2022-04-18T03:59:26	1223	3600	12.2	3.5	3.5	79.1	1018.7
2022-04-18T05:00:26	1230	3600	12.3	3.3	2.5	82.3	1018.4
2022-04-18T06:02:26	1166	3600	12.2	2.9	2.1	84.0	1018.1
2022-04-18T07:04:26	1243	3600	12.8	4.8	2.8	82.8	1017.9
2022-04-18T08:05:26	1198	3600	14.4	9.1	5.3	76.6	1017.9
2022-04-18T09:07:26	1182	3600	14.2	13.4	8.1	66.5	1017.8
2022-04-18T10:08:26	1233	3600	14.0	16.9	10.1	54.3	1017.7
2022-04-18T11:10:26	1175	3600	13.4	19.3	12.2	49.6	1017.3
2022-04-18T12:12:26	1141	3600	13.5	20.0	13.1	44.6	1016.5
2022-04-18T13:13:26	1184	3600	13.4	20.7	14.1	40.6	1015.9
2022-04-18T14:15:26	1183	3600	13.2	22.0	15.2	38.5	1015.2
2022-04-18T15:16:26	1158	3600	13.1	22.2	15.7	37.2	1014.5
2022-04-18T16:18:26	1232	3600	13.1	22.4	16.3	36.6	1013.8
2022-04-18T17:20:26	1151	3600	13.2	21.8	16.4	36.7	1013.1
2022-04-18T18:21:26	1210	3600	12.8	21.0	15.7	34.0	1012.8
2022-04-18T19:23:26	1252	3600	12.7	18.0	14.3	41.3	1012.5
2022-04-18T20:24:26	1188	3600	12.6	14.8	12.6	47.2	1012.5
2022-04-18T21:26:26	1215	3600	12.6	12.9	11.2	50.7	1012.7
2022-04-18T22:27:26	1182	3600	12.5	11.0	9.4	54.1	1012.7
2022-04-18T23:29:26	1245	3600	12.5	9.5	7.9	49.4	1012.8
2022-04-19T00:31:26	1258	3600	12.5	7.2	5.6	55.0	1012.4
2022-04-19T01:32:26	1292	3600	12.4	5.8	4.3	63.3	1011.8
2022-04-19T02:34:26	1293	3600	12.3	4.7	3.3	69.9	1011.3
2022-04-19T03:36:26	1245	3600	12.3	4.8	3.3	75.1	1011.1
2022-04-19T04:37:26	1370	3600	12.2	3.8	2.4	77.3	1010.8
2022-04-19T05:39:26	1276	3600	12.2	2.8	1.6	81.8	1010.7
2022-04-19T06:41:26	1318	3600	12.4	3.4	2.4	79.4	1010.8
2022-04-19T07:42:26	1270	3600	13.6	7.8	4.9	74.6	1010.9
2022-04-19T08:44:26	1281	3600	14.4	11.1	6.7	65.7	1011.1
2022-04-19T09:45:26	1289	3600	14.2	14.0	8.4	58.8	1011.3
2022-04-19T10:47:26	1272	3600	13.5	16.4	10.6	45.8	1011.1
2022-04-19T11:48:26	1233	3600	13.5	17.7	12.1	43.7	1011.1
2022-04-19T12:50:26	1260	3600	13.4	18.6	13.1	39.6	1010.9
2022-04-19T13:51:26	1190	3600	13.4	18.7	13.0	39.0	1010.8
2022-04-19T14:53:26	1256	3600	13.5	18.4	13.3	40.7	1010.7
2022-04-19T15:55:26	1269	3600	13.5	17.6	13.2	42.7	1010.6
2022-04-19T16:56:26	1303	3600	13.4	17.9	12.8	43.4	1010.5
2022-04-19T17:58:26	1280	3600	13.3	18.2	13.6	40.9	1010.6
2022-04-19T19:00:26	1282	3600	12.7	17.4	13.0	44.6	1010.8
2022-04-19T20:02:26	1311	3600	12.5	14.5	11.5	52.0	1011.2
2022-04-19T21:03:26	1287	3600	12.6	11.4	9.6	59.6	1012.2
2022-04-19T22:05:26	1322	3600	12.5	9.6	8.3	65.3	1012.5
2022-04-19T23:06:26	1185	3600	12.5	7.5	7.2	69.3	1013.1
2022-04-20T00:08:26	1230	3600	12.4	7.2	6.8	68.7	1012.8
2022-04-20T01:10:26	1294	3600	12.4	6.3	5.7	72.1	1012.9
2022-04-20T02:11:26	1241	3600	12.3	5.4	4.6	77.5	1013.0
2022-04-20T03:13:26	1235	3600	12.2	5.8	4.5	80.3	1013.1
2022-04-20T04:14:26	1203	3600	12.3	6.0	4.4	84.2	1013.0
2022-04-20T05:16:26	1267	3600	12.3	6.3	4.6	86.7	1012.7
2022-04-20T06:18:26	1238	3600	12.2	6.8	4.8	87.6	1012.9
2022-04-20T07:19:26	1284	3600	12.3	7.9	5.9	86.6	1012.8
2022-04-20T08:21:26	1269	3600	13.9	12.4	8.6	78.6	1013.0
2022-04-20T09:22:26	1278	3600	14.0	15.5	10.6	65.4	1013.0
2022-04-20T10:24:26	1193	3600	14.2	14.4	10.0	59.8	1013.1
2022-04-20T11:25:26	1243	3600	13.5	15.9	11.2	53.9	1012.9
2022-04-20T12:27:26	1251	3600	13.5	15.3	10.6	61.5	1012.8
2022-04-20T13:29:26	1173	3600	13.5	17.1	11.3	68.0	1012.1
2022-04-20T14:30:26	1237	3600	13.5	16.2	11.4	61.7	1011.7
2022-04-20T15:32:26	1281	3600	13.5	17.0	12.3	60.2	1011.1
2022-04-20T16:34:26	1343	3600	13.5	16.5	12.8	57.9	1010.3
2022-04-20T17:35:26	1313	3600	13.5	17.7	14.1	54.6	1009.6
2022-04-20T18:37:26	1288	3600	12.8	17.0	13.7	48.7	1009.9
2022-04-20T19:38:26	1250	3600	12.6	15.3	12.6	51.7	1010.0
2022-04-20T20:40:26	1234	3600	12.6	13.6	11.2	56.1	1010.0
2022-04-20T21:42:26	1281	3600	12.6	12.4	10.1	57.5	1010.0
2022-04-20T22:43:26	1250	3600	12.5	11.7	9.3	59.8	1010.0
2022-04-20T23:45:26	1286	3600	12.5	10.7	8.2	66.8	1010.0
2022-04-21T00:46:26	1316	3600	12.5	10.4	8.0	69.8	1009.9
2022-04-21T01:48:26	1251	3600	12.4	10.1	7.4	74.8	1009.7
2022-04-21T02:49:26	1232	3600	12.4	9.8	7.1	78.3	1009.7
2022-04-21T03:51:26	1267	3600	12.3	8.9	6.4	84.3	1009.1
2022-04-21T04:53:26	1287	3600	12.2	8.6	6.2	85.3	1009.0
2022-04-21T05:54:26	1279	3600	12.2	8.7	6.2	87.0	1009.0
2022-04-21T06:56:26	1264	3600	12.3	8.8	6.4	87.7	1009.5
2022-04-21T07:57:26	1258	3600	12.4	9.3	6.8	88.6	1009.4
2022-04-21T08:59:26	1295	3600	12.4	10.7	7.8	86.4	1009.3
2022-04-21T10:01:26	1261	3600	12.8	12.0	8.7	82.2	1009.6
2022-04-21T11:02:26	1249	3600	12.8	12.3	9.0	82.0	1009.9
2022-04-21T12:04:26	1332	3600	13.2	13.6	9.7	85.5	1009.7
2022-04-21T13:05:26	1265	3600	12.8	14.0	10.4	80.2	1009.7
2022-04-21T14:07:26	1281	3600	13.1	15.8	11.9	74.9	1009.7
2022-04-21T15:08:26	1227	3600	12.9	15.8	12.1	72.8	1009.4
2022-04-21T16:10:26	1300	3600	12.7	14.8	11.7	76.5	1009.4
2022-04-21T17:11:26	1235	3600	12.6	13.8	10.9	85.1	1009.4
2022-04-21T18:13:26	1209	3600	12.8	13.8	11.1	88.0	1009.5
2022-04-21T19:15:26	1214	3600	12.6	13.8	11.2	87.4	1009.2
2022-04-21T20:16:26	1233	3600	12.5	13.1	10.6	89.8	1009.2
2022-04-21T21:18:26	1218	3600	12.4	12.5	10.4	91.5	1009.1
2022-04-21T22:19:26	1243	3600	12.4	12.2	10.3	90.4	1008.8
2022-04-21T23:21:26	1227	3600	12.3	12.2	10.1	91.9	1008.4
2022-04-22T00:23:26	1220	3600	12.3	11.9	9.8	91.0	1008.0
2022-04-22T01:24:26	1215	3600	12.2	11.4	8.7	78.8	1007.8
2022-04-22T02:26:26	1295	3600	12.2	9.4	6.8	84.5	1007.5
2022-04-22T03:27:26	1215	3600	12.2	7.1	5.3	90.5	1007.0
2022-04-22T04:29:26	1217	3600	12.2	6.4	4.4	93.3	1006.7
2022-04-22T05:30:26	1287	3600	12.1	7.0	5.0	92.8	1006.2
2022-04-22T06:32:26	1254	3600	12.1	7.2	4.9	93.6	1006.2
2022-04-22T07:34:26	1332	3600	13.0	8.8	5.8	91.2	1006.1
2022-04-22T08:35:26	1248	3600	13.0	11.6	7.1	85.7	1006.2
2022-04-22T09:37:26	1267	3600	14.1	15.5	10.0	77.4	1006.1
2022-04-22T10:38:26	1283	3600	13.2	15.1	10.6	72.9	1006.2
2022-04-22T11:40:26	1214	3600	13.4	15.9	11.5	74.7	1005.8
2022-04-22T12:41:26	1276	3600	13.5	15.8	12.0	76.0	1005.5
2022-04-22T13:43:26	1316	3600	13.2	15.8	12.5	74.1	1005.3
2022-04-22T14:44:26	1234	3600	13.6	16.1	12.1	79.2	1005.6
2022-04-22T15:46:26	1270	3600	13.4	18.1	13.4	71.8	1005.2
2022-04-22T16:48:26	1303	3600	13.4	17.6	13.6	68.6	1005.1
2022-04-22T17:50:26	1290	3600	12.8	16.4	13.2	68.0	1005.2
2022-04-22T18:51:26	1268	3600	12.7	16.1	13.1	65.1	1005.3
2022-04-22T19:53:26	1190	3600	12.6	15.3	12.9	65.4	1005.9
2022-04-22T20:55:26	1265	3600	12.6	14.7	12.4	61.9	1006.5
2022-04-22T21:56:26	1277	3600	12.5	13.0	10.9	62.3	1006.6
2022-04-22T22:58:26	1223	3600	12.5	12.0	10.4	66.4	1006.9
2022-04-22T23:59:26	1253	3600	12.5	10.3	8.7	72.7	1007.1
2022-04-23T01:01:26	1217	3600	12.4	9.1	7.6	79.1	1007.0
2022-04-23T02:02:26	1233	3600	12.4	8.3	7.1	79.6	1006.7
2022-04-23T03:04:26	1279	3600	12.3	7.1	6.2	81.6	1006.9
2022-04-23T04:05:26	1338	3600	12.4	6.7	5.5	84.0	1006.7
2022-04-23T05:07:26	1257	3600	12.3	6.2	4.9	85.1	1007.0
2022-04-23T06:08:26	1305	3600	12.3	5.7	4.3	85.9	1007.1
2022-04-23T07:10:26	1338	3600	12.9	8.1	5.6	80.6	1007.4
2022-04-23T08:12:26	1287	3600	14.3	12.1	8.7	70.2	1007.4
2022-04-23T09:13:26	1308	3600	14.2	15.7	11.3	59.0	1007.4
2022-04-23T10:15:26	1257	3600	13.5	18.1	13.2	50.6	1007.3
2022-04-23T11:16:26	1251	3600	13.5	19.7	14.5	47.4	1007.1
2022-04-23T12:18:26	1259	3600	13.4	21.0	15.2	45.6	1006.4
2022-04-23T13:19:26	1259	3600	13.3	22.3	16.4	42.2	1006.0
2022-04-23T14:21:26	1283	3600	13.2	23.3	17.7	39.7	1005.5
2022-04-23T15:23:26	1344	3600	13.1	22.9	17.2	38.7	1004.6
2022-04-23T16:24:26	1311	3600	13.1	22.5	16.9	38.3	1004.0
2022-04-23T17:26:26	1326	3600	13.2	21.8	17.2	36.6	1003.5
2022-04-23T18:28:26	1353	3600	12.8	21.0	16.4	37.7	1003.4
2022-04-23T19:29:26	1295	3600	12.7	18.8	15.6	41.6	1003.3
2022-04-23T20:31:26	1290	3600	12.6	17.0	14.7	43.8	1003.4
2022-04-23T21:33:26	1350	3600	12.6	14.8	12.5	53.6	1003.7
2022-04-23T22:34:26	1274	3600	12.5	12.9	10.9	58.6	1003.5
2022-04-23T23:36:26	1281	3600	12.5	11.6	10.0	61.4	1003.4
2022-04-24T00:37:26	1346	3600	12.4	10.7	9.1	63.8	1003.1
2022-04-24T01:39:26	1302	3600	12.4	9.8	8.4	66.8	1002.7
2022-04-24T02:40:26	1303	3600	12.4	9.0	7.5	70.5	1002.3
2022-04-24T03:42:26	1359	3600	12.4	8.0	6.3	77.2	1001.9
2022-04-24T04:44:26	1397	3600	12.3	7.2	5.5	81.2	1001.6
2022-04-24T05:45:26	1339	3600	12.2	6.8	5.1	82.3	1001.2
2022-04-24T06:47:26	1485	3600	12.4	7.2	5.2	82.9	1001.3
2022-04-24T07:48:26	1352	3600	12.9	8.9	6.7	80.4	1001.4
2022-04-24T08:50:26	1329	3600	13.2	11.6	8.7	71.6	1001.2
2022-04-24T09:51:26	1373	3600	14.2	15.1	10.9	64.7	1000.8
2022-04-24T10:53:26	1402	3600	14.0	18.7	13.6	54.2	1000.4
2022-04-24T11:54:26	1325	3600	13.4	20.4	15.9	53.1	1000.3
2022-04-24T12:56:26	1289	3600	13.4	20.3	15.3	45.6	1000.0
2022-04-24T13:58:26	1389	3600	13.5	19.8	15.3	44.7	999.9
2022-04-24T14:59:26	1368	3600	13.4	21.0	16.4	44.7	999.4
2022-04-24T16:01:26	1346	3600	13.3	21.0	16.5	41.2	998.8
2022-04-24T17:02:26	1392	3600	13.3	20.0	16.2	43.7	998.9
2022-04-24T18:04:26	1435	3600	12.7	18.2	15.4	44.9	999.0
2022-04-24T19:05:26	1325	3600	12.6	16.8	14.1	56.5	999.4
2022-04-24T20:07:26	1350	3600	12.6	15.8	13.2	63.5	1000.0
2022-04-24T21:08:26	1348	3600	12.5	14.6	11.8	68.8	1000.4
2022-04-24T22:10:26	1321	3600	12.5	13.1	10.0	76.1	1001.6
2022-04-24T23:12:26	1397	3600	12.4	11.6	8.5	80.7	1001.8
2022-04-25T00:13:26	1372	3600	12.4	10.4	7.4	85.1	1002.5
2022-04-25T01:15:26	1288	3600	12.4	9.3	6.7	89.4	1002.7
2022-04-25T02:16:26	1354	3600	12.3	9.0	6.4	90.0	1003.1
2022-04-25T03:18:26	1377	3600	12.3	8.8	6.4	89.8	1003.2
2022-04-25T04:19:26	1332	3600	12.3	8.7	6.3	90.2	1003.3
2022-04-25T05:21:26	1309	3600	12.2	8.2	5.9	90.8	1003.6
2022-04-25T06:23:26	1320	3600	12.2	8.2	5.8	90.9	1004.1
2022-04-25T07:24:26	1303	3600	12.2	8.5	5.9	89.5	1004.8
2022-04-25T08:26:26	1358	3600	12.3	9.0	6.1	89.1	1005.5
2022-04-25T09:27:26	1348	3600	12.9	10.7	7.2	85.3	1005.9
2022-04-25T10:29:26	1301	3600	13.2	11.9	7.6	83.5	1006.5
2022-04-25T11:31:26	1328	3600	14.1	16.3	10.9	72.4	1006.9
2022-05-12T12:45:35	496	3600	12.4	25.3	100.0	100.0	1019.5
2022-05-12T13:47:27	532	3600	12.3	25.6	100.0	100.0	1018.8
2022-05-12T14:49:27	532	3600	12.4	26.2	100.0	100.0	1018.5
2022-05-12T15:50:27	508	3600	12.4	26.6	100.0	100.0	1017.9
2022-05-12T16:52:27	522	3600	12.4	26.8	100.0	100.0	1017.5
2022-05-12T17:54:27	509	3600	12.4	27.0	100.0	100.0	1017.4
2022-05-12T18:55:27	511	3600	12.4	26.6	100.0	100.0	1017.3
2022-05-12T19:57:27	534	3600	12.4	26.2	100.0	100.0	1017.4
2022-05-12T20:58:27	527	3600	12.4	26.0	100.0	100.0	1017.9
2022-05-12T22:00:27	535	3600	12.3	25.8	100.0	100.0	1018.4
2022-05-12T23:02:27	529	3600	12.4	25.6	100.0	100.0	1018.5
2022-05-13T00:03:27	544	3600	12.3	25.3	100.0	100.0	1018.5
2022-05-13T01:05:27	507	3600	12.4	25.1	100.0	100.0	1018.1
2022-05-13T02:07:27	521	3600	12.3	24.8	100.0	100.0	1018.2
2022-05-13T03:08:27	567	3600	12.3	24.6	100.0	100.0	1018.0
2022-05-13T04:10:27	492	3600	12.4	24.4	100.0	100.0	1018.0
2022-05-13T05:12:27	547	3600	12.4	24.3	100.0	100.0	1017.8
2022-05-13T06:13:27	488	3600	12.3	24.5	100.0	100.0	1018.1
2022-05-13T07:15:27	506	3600	12.3	24.2	100.0	100.0	1018.3
2022-05-13T08:16:27	481	3600	12.4	24.2	100.0	100.0	1018.7
2022-05-13T09:18:27	511	3600	12.3	24.5	100.0	100.0	1018.7
2022-05-13T10:20:27	490	3600	12.4	25.3	100.0	100.0	1018.6
2022-05-13T11:21:27	541	3600	12.4	25.9	100.0	100.0	1018.5
2022-05-13T12:23:27	518	3600	12.4	26.3	100.0	100.0	1018.1
2022-05-13T14:04:35	505	3600	12.3	26.6	100.0	100.0	1016.8
2022-05-13T15:06:27	513	3600	12.3	26.9	100.0	100.0	1016.1
2022-05-13T16:08:27	514	3600	12.3	27.1	100.0	100.0	1015.5
2022-05-13T17:09:27	529	3600	12.4	26.9	100.0	100.0	1015.1
2022-05-13T18:11:27	535	3600	12.4	26.7	100.0	100.0	1014.8
2022-05-13T19:12:27	573	3600	12.4	26.6	100.0	100.0	1015.4
2022-05-13T20:14:27	533	3600	12.3	26.5	100.0	100.0	1016.0
2022-05-13T21:16:27	530	3600	12.4	26.3	100.0	100.0	1016.8
2022-05-13T22:17:27	533	3600	12.4	26.1	100.0	100.0	1018.1
2022-05-13T23:20:27	513	3600	12.3	25.9	100.0	100.0	1017.3
2022-05-14T00:22:27	521	3600	12.4	25.7	100.0	100.0	1017.6
2022-05-14T01:23:27	511	3600	12.4	25.5	100.0	100.0	1017.3
2022-05-14T02:25:27	515	3600	12.3	25.3	100.0	100.0	1016.9
2022-05-14T03:27:27	523	3600	12.3	25.2	100.0	100.0	1016.9
2022-05-14T04:28:27	533	3600	12.4	25.1	100.0	100.0	1016.6
2022-05-14T05:30:27	557	3600	12.3	25.1	100.0	100.0	1016.6
2022-05-14T06:32:27	542	3600	12.3	25.0	100.0	100.0	1016.9
2022-05-14T07:33:27	540	3600	12.3	24.9	100.0	100.0	1017.5
2022-05-14T08:35:27	536	3600	12.3	24.7	100.0	100.0	1017.6
2022-05-14T09:37:27	504	3600	12.3	24.8	100.0	100.0	1017.7
2022-05-14T10:38:27	513	3600	12.3	25.0	100.0	100.0	1017.8
2022-05-14T11:40:27	538	3600	12.4	25.1	100.0	100.0	1017.6
2022-05-14T12:42:27	531	3600	12.3	25.2	100.0	100.0	1017.6
2022-05-14T13:44:27	517	3600	12.4	25.3	100.0	100.0	1017.0
2022-05-14T14:46:27	520	3600	12.3	25.5	100.0	100.0	1016.7
2022-05-14T15:47:27	511	3600	12.3	25.6	100.0	100.0	1016.2
2022-05-14T16:49:27	500	3600	12.4	25.7	100.0	100.0	1016.1
2022-05-14T17:51:27	526	3600	12.4	25.7	100.0	100.0	1015.9
2022-05-14T18:52:27	549	3600	12.4	25.7	100.0	100.0	1015.9
2022-05-14T19:54:27	489	3600	12.3	25.6	100.0	100.0	1016.7
2022-05-14T20:55:27	515	3600	12.4	25.6	100.0	100.0	1016.7
2022-05-14T21:57:27	533	3600	12.3	25.5	100.0	100.0	1017.4
2022-05-14T22:59:27	511	3600	12.3	25.3	100.0	100.0	1017.5
2022-05-15T00:00:27	520	3600	12.4	25.2	100.0	100.0	1017.3
2022-05-15T01:02:27	505	3600	12.4	25.1	100.0	100.0	1017.6
2022-05-15T02:04:27	487	3600	12.3	25.0	100.0	100.0	1017.1
2022-05-15T03:05:27	519	3600	12.3	25.0	100.0	100.0	1017.1
2022-05-15T04:07:27	497	3600	12.3	24.8	100.0	100.0	1017.1
2022-05-15T05:09:27	530	3600	12.3	24.7	100.0	100.0	1017.1
2022-05-15T06:10:27	561	3600	12.3	24.5	100.0	100.0	1017.1
2022-05-15T07:12:27	532	3600	12.3	24.4	100.0	100.0	1017.6
2022-05-15T08:14:27	584	3600	12.3	24.3	100.0	100.0	1017.7
2022-05-15T09:15:27	524	3600	12.4	24.4	100.0	100.0	1017.8
2022-05-15T10:17:27	548	3600	12.3	24.6	100.0	100.0	1017.7
2022-05-15T11:18:27	516	3600	12.3	24.7	100.0	100.0	1017.5
2022-05-15T12:20:27	534	3600	12.3	24.9	100.0	100.0	1017.3
2022-05-15T13:22:27	485	3600	12.3	25.0	100.0	100.0	1017.0
2022-05-15T14:23:27	541	3600	12.3	25.2	100.0	100.0	1016.4
2022-05-15T15:25:27	519	3600	12.3	25.4	100.0	100.0	1015.9
2022-05-15T16:27:27	545	3600	12.3	25.5	100.0	100.0	1015.4
2022-05-15T17:28:27	535	3600	12.3	25.6	100.0	100.0	1015.3
2022-05-15T18:30:27	478	3600	12.4	25.6	100.0	100.0	1015.1
2022-05-15T19:32:27	521	3600	12.4	25.6	100.0	100.0	1015.1
2022-05-15T20:33:27	502	3600	12.4	25.6	100.0	100.0	1015.8
2022-05-15T21:35:27	501	3600	12.3	25.5	100.0	100.0	1016.4
2022-05-15T22:36:27	545	3600	12.3	25.4	100.0	100.0	1016.5
2022-05-15T23:38:27	468	3600	12.3	25.3	100.0	100.0	1016.7
2022-05-16T00:40:27	527	3600	12.3	25.3	100.0	100.0	1016.9
2022-05-16T01:41:27	531	3600	12.3	25.2	100.0	100.0	1016.9
2022-05-16T02:43:27	557	3600	12.4	25.1	100.0	100.0	1016.6
2022-05-16T03:45:27	543	3600	12.3	25.0	100.0	100.0	1016.7
2022-05-16T04:46:27	555	3600	12.3	24.9	100.0	100.0	1016.6
2022-05-16T05:48:27	541	3600	12.3	24.8	100.0	100.0	1016.8
2022-05-16T06:50:27	549	3600	12.3	24.7	100.0	100.0	1016.9
2022-05-16T07:51:27	482	3600	12.3	24.7	100.0	100.0	1017.3
2022-05-16T08:53:27	490	3600	12.3	24.7	100.0	100.0	1017.6
2022-05-16T09:55:27	533	3600	12.4	24.9	100.0	100.0	1017.5
2022-05-16T10:56:27	507	3600	12.3	25.1	100.0	100.0	1017.8
2022-05-16T11:58:27	523	3600	12.3	25.3	100.0	100.0	1017.5
2022-05-16T12:59:27	470	3600	12.3	25.6	100.0	100.0	1017.0
2022-05-16T14:01:27	541	3600	12.3	25.8	100.0	100.0	1016.3
2022-05-16T15:03:27	544	3600	12.3	26.0	100.0	100.0	1015.3
2022-05-16T16:04:27	545	3600	12.4	26.2	100.0	100.0	1014.9
2022-05-16T17:06:27	486	3600	12.4	26.3	100.0	100.0	1014.6
2022-05-16T18:08:27	491	3600	12.4	26.4	100.0	100.0	1015.0
2022-05-16T19:09:27	509	3600	12.4	26.4	100.0	100.0	1015.7
2022-05-16T20:11:27	524	3600	12.3	26.3	100.0	100.0	1016.6
2022-05-16T21:13:27	480	3600	12.3	26.2	100.0	100.0	1017.6
2022-05-16T22:14:27	502	3600	12.3	26.0	100.0	100.0	1018.5
2022-05-16T23:16:27	498	3600	12.3	25.8	100.0	100.0	1018.8
2022-05-17T00:18:27	491	3600	12.3	25.7	100.0	100.0	1018.0
2022-05-17T01:19:27	505	3600	12.4	25.6	100.0	100.0	1018.3
2022-05-17T02:21:27	526	3600	12.3	25.3	100.0	100.0	1017.7
2022-05-17T03:22:27	496	3600	12.4	25.2	100.0	100.0	1017.2
2022-05-17T04:24:27	506	3600	12.3	25.1	100.0	100.0	1017.3
2022-05-17T05:26:27	531	3600	12.4	25.1	100.0	100.0	1017.2
2022-05-17T06:27:27	498	3600	12.4	25.0	100.0	100.0	1017.3
2022-05-17T07:29:27	527	3600	12.3	24.8	100.0	100.0	1017.5
2022-05-17T08:31:27	556	3600	12.4	24.8	100.0	100.0	1017.8
2022-05-17T09:32:27	518	3600	12.3	24.8	100.0	100.0	1017.7
2022-05-17T10:34:27	520	3600	12.3	25.1	100.0	100.0	1017.5
2022-05-17T11:36:27	531	3600	12.3	25.3	100.0	100.0	1017.3
2022-05-17T12:37:27	504	3600	12.3	25.5	100.0	100.0	1017.0
2022-05-17T13:39:27	498	3600	12.4	25.7	100.0	100.0	1016.4
2022-05-17T14:41:27	532	3600	12.3	25.8	100.0	100.0	1015.9
2022-05-17T15:42:27	500	3600	12.4	26.0	100.0	100.0	1015.3
2022-05-17T16:44:27	545	3600	12.4	26.2	100.0	100.0	1014.8
2022-05-17T17:46:27	579	3600	12.3	26.3	100.0	100.0	1014.3
2022-05-17T18:47:27	508	3600	12.3	26.3	100.0	100.0	1014.1
2022-05-17T19:49:27	542	3600	12.4	26.3	100.0	100.0	1014.4
2022-05-17T20:50:27	547	3600	12.3	26.3	100.0	100.0	1015.0
2022-05-17T21:52:27	517	3600	12.2	26.2	100.0	100.0	1015.7
2022-05-17T22:54:27	527	3600	12.4	26.1	100.0	100.0	1016.3
2022-05-17T23:55:27	484	3600	12.4	25.9	100.0	100.0	1016.8
2022-05-18T00:57:27	548	3600	12.3	25.9	100.0	100.0	1017.0
2022-05-18T01:59:27	543	3600	12.4	25.8	100.0	100.0	1017.2
2022-05-18T03:00:27	489	3600	12.4	25.7	100.0	100.0	1017.2
2022-05-18T04:02:27	524	3600	12.4	25.6	100.0	100.0	1017.3
2022-05-18T05:04:27	534	3600	12.4	25.5	100.0	100.0	1018.0
2022-05-18T06:06:27	537	3600	12.4	25.7	100.0	100.0	1018.3
2022-05-18T07:08:27	496	3600	12.4	25.6	100.0	100.0	1019.6
2022-05-18T08:10:27	500	3600	12.4	25.5	100.0	100.0	1020.9
2022-05-18T09:11:27	585	3600	12.4	25.3	100.0	100.0	1021.5
2022-05-18T10:51:35	355	3600	12.4	25.1	100.0	100.0	1022.1
2022-05-18T11:53:27	363	3600	12.4	25.3	100.0	100.0	1022.2
2022-05-18T12:54:27	325	3600	12.3	25.5	100.0	100.0	1021.9
2022-05-18T13:56:27	333	3600	12.4	25.1	100.0	100.0	1021.6
2022-05-18T14:58:27	319	3600	12.3	25.1	100.0	100.0	1021.6
2022-05-18T16:00:27	317	3600	12.3	25.2	100.0	100.0	1021.5
2022-05-18T17:01:27	318	3600	12.3	25.2	100.0	100.0	1021.5
2022-05-18T18:03:27	315	3600	12.3	24.6	100.0	100.0	1021.6
2022-05-18T19:05:27	321	3600	12.4	24.4	100.0	100.0	1021.9
2022-05-18T20:06:27	344	3600	12.3	24.2	100.0	100.0	1022.4
2022-05-18T21:08:27	290	3600	12.3	24.1	100.0	100.0	1023.1
2022-05-18T22:10:27	325	3600	12.3	24.0	100.0	100.0	1023.8
2022-05-18T23:12:27	361	3600	12.4	23.7	100.0	100.0	1024.3
2022-05-19T00:13:27	310	3600	12.3	23.6	100.0	100.0	1025.0
2022-05-19T01:15:27	307	3600	12.4	23.4	100.0	100.0	1025.2
2022-05-19T02:17:27	306	3600	12.3	23.3	100.0	100.0	1025.2
2022-05-19T03:18:27	332	3600	12.3	23.1	100.0	100.0	1025.4
2022-05-19T04:20:27	324	3600	12.3	23.0	100.0	100.0	1025.3
2022-05-19T05:22:27	314	3600	12.3	23.3	100.0	100.0	1025.4
2022-05-19T06:23:27	339	3600	12.4	23.0	100.0	100.0	1025.8
2022-05-19T07:25:27	306	3600	12.3	22.8	100.0	100.0	1026.2
2022-05-19T08:27:27	330	3600	12.3	22.7	100.0	100.0	1026.6
2022-05-19T09:37:35	68	600	12.4	22.8	100.0	100.0	1026.8
2022-05-19T09:49:27	78	600	12.3	23.2	100.0	100.0	1026.8
2022-05-19T10:00:27	58	600	12.4	23.5	100.0	100.0	1026.8
2022-05-19T10:12:27	58	600	12.4	23.6	100.0	100.0	1026.9
2022-05-19T10:24:27	53	600	12.3	23.6	100.0	100.0	1026.9
2022-05-19T10:35:27	57	600	12.4	23.6	100.0	100.0	1026.8
2022-05-19T10:47:27	48	600	12.3	23.6	100.0	100.0	1027.0
2022-05-19T10:59:27	45	600	12.4	23.6	100.0	100.0	1026.8
2022-05-19T11:11:27	56	600	12.3	23.7	100.0	100.0	1026.7
2022-05-19T11:22:27	67	600	12.4	23.8	100.0	100.0	1026.7
2022-05-19T11:34:27	51	600	12.4	23.9	100.0	100.0	1026.7
2022-05-19T11:46:27	57	600	12.3	23.8	100.0	100.0	1026.7
2022-05-19T11:58:27	51	600	12.4	23.9	100.0	100.0	1026.6
2022-05-19T12:09:27	46	600	12.4	23.9	100.0	100.0	1026.6
2022-05-19T12:21:27	57	600	12.4	24.0	100.0	100.0	1026.6
2022-05-19T12:33:27	47	600	12.3	24.0	100.0	100.0	1026.5
2022-05-19T12:45:27	65	600	12.4	24.0	100.0	100.0	1026.4
2022-05-19T12:56:27	72	600	12.4	24.0	100.0	100.0	1026.4
2022-05-19T13:08:27	69	600	12.3	24.1	100.0	100.0	1026.2
2022-05-19T13:20:27	48	600	12.3	24.1	100.0	100.0	1026.1
2022-05-19T13:31:27	57	600	12.4	24.2	100.0	100.0	1026.1
2022-05-19T13:43:27	57	600	12.4	24.3	100.0	100.0	1026.1
2022-05-19T13:55:27	53	600	12.3	24.3	100.0	100.0	1026.0
2022-05-19T14:07:27	56	600	12.3	24.3	100.0	100.0	1025.9
2022-05-19T14:19:27	57	600	12.3	24.3	100.0	100.0	1025.9
2022-05-19T14:30:27	54	600	12.3	24.4	100.0	100.0	1025.8
2022-05-19T14:42:27	71	600	12.3	24.5	100.0	100.0	1025.7
2022-05-19T14:54:27	64	600	12.4	24.6	100.0	100.0	1025.6
2022-05-19T15:06:27	63	600	12.3	24.6	100.0	100.0	1025.6
2022-05-19T15:17:27	46	600	12.4	24.6	100.0	100.0	1025.5
2022-05-19T15:29:27	56	600	12.4	24.6	100.0	100.0	1025.5
2022-05-19T15:41:27	52	600	12.3	24.6	100.0	100.0	1025.4
2022-05-19T16:04:35	62	600	12.4	24.7	100.0	100.0	1025.1
2022-05-19T16:16:35	42	600	12.4	24.6	100.0	100.0	1025.3
2022-05-19T16:28:27	63	600	12.3	24.4	100.0	100.0	1025.1
2022-05-19T16:40:27	63	600	12.4	24.3	100.0	100.0	1025.1
2022-05-19T16:51:27	61	600	12.4	24.2	100.0	100.0	1025.1
2022-05-19T17:03:27	55	600	12.3	24.1	100.0	100.0	1025.0
2022-05-19T17:15:27	61	600	12.3	24.1	100.0	100.0	1024.9
2022-05-19T17:26:27	70	600	12.4	24.1	100.0	100.0	1024.9
2022-05-19T17:38:27	45	600	12.4	24.0	100.0	100.0	1024.7
2022-05-19T17:49:27	54	600	12.4	23.9	100.0	100.0	1024.7
2022-05-19T18:01:27	53	600	12.4	23.8	100.0	100.0	1024.6
2022-05-19T18:13:27	61	600	12.4	23.8	100.0	100.0	1024.5
2022-05-19T18:24:27	63	600	12.4	23.9	100.0	100.0	1024.5
2022-05-19T18:36:27	51	600	12.3	23.8	100.0	100.0	1024.4
2022-05-19T18:48:27	68	600	12.3	23.7	100.0	100.0	1024.4
2022-05-19T18:59:27	46	600	12.3	23.6	100.0	100.0	1024.3
2022-05-19T19:11:27	57	600	12.4	23.5	100.0	100.0	1024.4
2022-05-19T19:23:27	53	600	12.4	23.5	100.0	100.0	1024.4
2022-05-19T19:34:27	59	600	12.4	23.6	100.0	100.0	1024.4
2022-05-19T19:46:27	52	600	12.3	23.6	100.0	100.0	1024.5
2022-05-19T19:58:27	49	600	12.4	23.5	100.0	100.0	1024.7
2022-05-19T20:09:27	63	600	12.3	23.4	100.0	100.0	1024.9
2022-05-19T20:21:27	56	600	12.3	23.3	100.0	100.0	1025.0
2022-05-19T20:33:27	59	600	12.3	23.3	100.0	100.0	1025.1
2022-05-19T20:44:27	62	600	12.4	23.3	100.0	100.0	1025.1
2022-05-19T20:56:27	56	600	12.3	23.3	100.0	100.0	1025.2
2022-05-19T21:09:27	57	600	12.3	23.3	100.0	100.0	1025.3
2022-05-19T21:21:27	61	600	12.3	23.3	100.0	100.0	1025.3
2022-05-19T21:33:27	48	600	12.3	23.2	100.0	100.0	1025.5
2022-05-19T21:44:27	56	600	12.3	23.2	100.0	100.0	1025.5
2022-05-19T21:56:27	58	600	12.4	23.2	100.0	100.0	1025.5
2022-05-19T22:08:27	62	600	12.3	23.2	100.0	100.0	1025.7
2022-05-19T22:19:27	50	600	12.4	23.2	100.0	100.0	1025.5
2022-05-19T22:31:27	57	600	12.4	23.1	100.0	100.0	1025.7
2022-05-19T22:43:27	50	600	12.3	23.0	100.0	100.0	1025.5
2022-05-19T22:54:27	61	600	12.4	23.0	100.0	100.0	1025.8
2022-05-19T23:06:27	49	600	12.4	23.0	100.0	100.0	1025.8
2022-05-19T23:17:27	51	600	12.4	23.0	100.0	100.0	1025.8
2022-05-19T23:29:27	64	600	12.4	23.0	100.0	100.0	1025.8
2022-05-19T23:41:27	65	600	12.4	22.9	100.0	100.0	1025.8
2022-05-19T23:52:27	55	600	12.3	22.8	100.0	100.0	1025.9
2022-05-20T00:04:27	52	600	12.3	22.8	100.0	100.0	1025.8
2022-05-20T00:16:27	53	600	12.4	22.8	100.0	100.0	1025.9
2022-05-20T00:27:27	52	600	12.4	22.8	100.0	100.0	1025.9
2022-05-20T00:39:27	48	600	12.4	22.8	100.0	100.0	1025.8
2022-05-20T00:51:27	61	600	12.3	22.8	100.0	100.0	1025.6
2022-05-20T01:02:27	63	600	12.3	22.7	100.0	100.0	1025.7
2022-05-20T01:14:27	56	600	12.3	22.6	100.0	100.0	1025.6
2022-05-20T01:26:27	68	600	12.3	22.6	100.0	100.0	1025.6
2022-05-20T01:37:27	43	600	12.4	22.6	100.0	100.0	1025.7
2022-05-20T01:49:27	58	600	12.4	22.6	100.0	100.0	1025.7
2022-05-20T02:01:27	51	600	12.4	22.6	100.0	100.0	1025.6
2022-05-20T02:13:27	40	600	12.4	22.5	100.0	100.0	1025.6
2022-05-20T02:26:27	54	600	12.3	22.5	100.0	100.0	1025.6
2022-05-20T02:37:27	45	600	12.3	22.4	100.0	100.0	1025.7
2022-05-20T02:49:27	49	600	12.4	22.4	100.0	100.0	1025.6
2022-05-20T03:01:27	43	600	12.4	22.4	100.0	100.0	1025.6
2022-05-20T03:13:27	58	600	12.3	22.4	100.0	100.0	1025.5
2022-05-20T03:24:27	58	600	12.3	22.4	100.0	100.0	1025.5
2022-05-20T03:36:27	64	600	12.3	22.4	100.0	100.0	1025.4
2022-05-20T03:48:27	56	600	12.3	22.3	100.0	100.0	1025.6
2022-05-20T03:59:27	51	600	12.4	22.2	100.0	100.0	1025.5
2022-05-20T04:11:27	58	600	12.4	22.2	100.0	100.0	1025.4
2022-05-20T04:23:27	49	600	12.4	22.2	100.0	100.0	1025.4
2022-05-20T04:34:27	55	600	12.4	22.2	100.0	100.0	1025.3
2022-05-20T04:46:27	49	600	12.4	22.3	100.0	100.0	1025.4
2022-05-20T04:57:27	54	600	12.3	22.3	100.0	100.0	1025.3
2022-05-20T05:10:27	50	600	12.4	22.2	100.0	100.0	1025.4
2022-05-20T05:21:27	56	600	12.4	22.2	100.0	100.0	1025.4
2022-05-20T05:33:27	45	600	12.3	22.2	100.0	100.0	1025.5
2022-05-20T05:45:27	53	600	12.3	22.2	100.0	100.0	1025.7
2022-05-20T05:56:27	62	600	12.4	22.3	100.0	100.0	1025.6
2022-05-20T06:08:27	49	600	12.4	22.3	100.0	100.0	1025.6
2022-05-20T06:20:27	49	600	12.3	22.4	100.0	100.0	1025.6
2022-05-20T06:32:27	58	600	12.3	22.3	100.0	100.0	1025.7
2022-05-20T06:43:27	50	600	12.4	22.2	100.0	100.0	1025.7
2022-05-20T06:55:27	67	600	12.3	22.1	100.0	100.0	1025.7
2022-05-20T07:07:27	43	600	12.3	22.1	100.0	100.0	1025.7
2022-05-20T07:18:27	76	600	12.4	22.1	100.0	100.0	1025.8
2022-05-20T07:30:27	44	600	12.4	22.1	100.0	100.0	1025.9
2022-05-20T07:42:27	61	600	12.4	22.1	100.0	100.0	1025.9
2022-05-20T07:54:27	55	600	12.4	22.0	100.0	100.0	1026.0
2022-05-20T08:05:27	42	600	12.4	22.0	100.0	100.0	1025.9
2022-05-20T08:17:27	60	600	12.3	21.9	100.0	100.0	1026.0
2022-05-20T08:29:27	56	600	12.4	21.9	100.0	100.0	1026.0
2022-05-20T08:40:27	48	600	12.4	21.9	100.0	100.0	1026.0
2022-05-20T08:52:27	59	600	12.4	22.0	100.0	100.0	1025.9
2022-05-20T09:04:27	54	600	12.4	22.1	100.0	100.0	1026.0
2022-05-20T09:16:27	50	600	12.4	22.1	100.0	100.0	1025.9
2022-05-20T09:28:27	35	600	12.4	22.0	100.0	100.0	1026.1
2022-05-20T09:39:27	50	600	12.3	22.1	100.0	100.0	1026.0
2022-05-20T09:51:27	58	600	12.4	22.2	100.0	100.0	1026.0
2022-05-20T10:03:27	54	600	12.4	22.2	100.0	100.0	1026.0
2022-05-20T10:15:27	55	600	12.3	22.3	100.0	100.0	1026.0
2022-05-20T10:27:27	51	600	12.4	22.4	100.0	100.0	1026.0
2022-05-20T10:38:27	47	600	12.4	22.5	100.0	100.0	1025.9
2022-05-20T10:50:27	54	600	12.3	22.4	100.0	100.0	1025.8
2022-05-20T11:02:27	47	600	12.4	22.4	100.0	100.0	1025.6
2022-05-20T11:13:27	50	600	12.3	22.5	100.0	100.0	1025.6
2022-05-20T11:25:27	65	600	12.4	22.7	100.0	100.0	1025.5
2022-05-20T11:37:27	56	600	12.3	22.8	100.0	100.0	1025.4
2022-05-20T11:49:27	42	600	12.4	22.8	100.0	100.0	1025.4
2022-05-20T12:00:27	50	600	12.4	22.9	100.0	100.0	1025.1
2022-05-20T12:12:27	56	600	12.4	22.8	100.0	100.0	1025.1
2022-05-20T12:24:27	49	600	12.4	22.9	100.0	100.0	1024.9
2022-05-20T12:36:27	39	600	12.4	22.9	100.0	100.0	1024.8
2022-05-20T12:47:27	49	600	12.4	22.9	100.0	100.0	1024.6
2022-05-20T12:59:27	62	600	12.4	23.0	100.0	100.0	1024.7
2022-05-20T13:11:27	60	600	12.3	23.1	100.0	100.0	1024.5
2022-05-20T13:22:27	40	600	12.4	23.0	100.0	100.0	1024.5
2022-05-20T13:34:27	70	600	12.3	23.1	100.0	100.0	1024.3
2022-05-20T13:46:27	57	600	12.4	23.3	100.0	100.0	1024.1
2022-05-20T13:59:27	44	600	12.4	23.5	100.0	100.0	1024.0
2022-05-20T14:10:27	56	600	12.3	23.6	100.0	100.0	1023.9
2022-05-20T14:22:27	68	600	12.3	23.5	100.0	100.0	1023.8
2022-05-20T14:34:27	48	600	12.3	23.5	100.0	100.0	1023.7
2022-05-20T14:45:27	63	600	12.3	23.4	100.0	100.0	1023.5
2022-05-20T14:57:27	57	600	12.4	23.5	100.0	100.0	1023.5
2022-05-20T15:09:27	59	600	12.3	23.6	100.0	100.0	1023.4
2022-05-20T15:20:27	53	600	12.4	23.7	100.0	100.0	1023.4
2022-05-20T15:32:27	55	600	12.4	23.7	100.0	100.0	1023.1
2022-05-20T15:44:27	55	600	12.3	23.7	100.0	100.0	1022.9
2022-05-20T15:55:27	70	600	12.3	23.5	100.0	100.0	1022.8
2022-05-20T16:08:27	55	600	12.4	23.6	100.0	100.0	1022.7
2022-05-20T16:20:27	57	600	12.3	23.9	100.0	100.0	1022.5
2022-05-20T16:31:27	42	600	12.3	23.9	100.0	100.0	1022.4
2022-05-20T16:43:27	49	600	12.3	23.9	100.0	100.0	1022.4
2022-05-20T16:55:27	65	600	12.4	23.8	100.0	100.0	1022.2
2022-05-20T17:06:27	67	600	12.3	23.7	100.0	100.0	1022.1
2022-05-20T17:18:27	49	600	12.4	23.6	100.0	100.0	1022.1
2022-05-20T17:30:27	50	600	12.4	23.7	100.0	100.0	1022.0
2022-05-20T17:41:27	65	600	12.3	23.7	100.0	100.0	1021.8
2022-05-20T17:53:27	64	600	12.3	23.7	100.0	100.0	1021.8
2022-05-20T18:05:27	56	600	12.4	23.7	100.0	100.0	1021.8
2022-05-20T18:17:27	60	600	12.3	23.6	100.0	100.0	1021.5
2022-05-20T18:28:27	47	600	12.3	23.5	100.0	100.0	1021.5
2022-05-20T18:41:27	57	600	12.4	23.5	100.0	100.0	1021.3
2022-05-20T18:52:27	56	600	12.3	23.5	100.0	100.0	1021.1
2022-05-20T19:04:27	55	600	12.4	23.5	100.0	100.0	1021.1
2022-05-20T19:16:27	60	600	12.3	23.6	100.0	100.0	1021.2
2022-05-20T19:28:27	42	600	12.3	23.7	100.0	100.0	1021.3
2022-05-20T19:39:27	70	600	12.3	23.7	100.0	100.0	1021.2
2022-05-20T19:51:27	50	600	12.4	23.6	100.0	100.0	1021.0
2022-05-20T20:03:27	43	600	12.4	23.5	100.0	100.0	1020.9
2022-05-20T20:15:27	66	600	12.3	23.5	100.0	100.0	1021.0
2022-05-20T20:27:27	56	600	12.3	23.5	100.0	100.0	1020.9
2022-05-20T20:39:27	80	600	12.4	23.5	100.0	100.0	1020.8
2022-05-20T20:50:27	68	600	12.4	23.5	100.0	100.0	1020.8
2022-05-20T21:02:27	54	600	12.4	23.5	100.0	100.0	1020.5
2022-05-20T21:14:27	60	600	12.3	23.4	100.0	100.0	1020.8
2022-05-20T21:25:27	49	600	12.3	23.3	100.0	100.0	1021.0
2022-05-20T21:38:27	51	600	12.4	23.3	100.0	100.0	1021.1
2022-05-20T21:50:27	55	600	12.3	23.3	100.0	100.0	1020.9
2022-05-20T22:01:27	63	600	12.3	23.3	100.0	100.0	1021.0
2022-05-20T22:13:27	62	600	12.3	23.3	100.0	100.0	1021.1
2022-05-20T22:25:27	54	600	12.4	23.3	100.0	100.0	1021.2
2022-05-20T22:37:27	57	600	12.4	23.2	100.0	100.0	1020.9
2022-05-20T22:48:27	70	600	12.3	23.1	100.0	100.0	1020.9
2022-05-20T23:00:27	53	600	12.4	23.1	100.0	100.0	1020.8
2022-05-20T23:12:27	58	600	12.3	23.1	100.0	100.0	1020.8
2022-05-20T23:23:27	53	600	12.4	23.1	100.0	100.0	1020.5
2022-05-20T23:35:27	47	600	12.4	23.2	100.0	100.0	1020.4
2022-05-20T23:47:27	53	600	12.3	23.1	100.0	100.0	1020.2
2022-05-20T23:59:27	55	600	12.3	23.0	100.0	100.0	1020.2
2022-05-21T00:11:27	49	600	12.3	22.9	100.0	100.0	1020.3
2022-05-21T00:22:27	56	600	12.3	22.9	100.0	100.0	1020.4
2022-05-21T00:34:27	54	600	12.4	22.9	100.0	100.0	1020.4
2022-05-21T00:46:27	62	600	12.4	23.0	100.0	100.0	1020.4
2022-05-21T00:58:27	49	600	12.4	23.0	100.0	100.0	1020.4
2022-05-21T01:10:27	58	600	12.4	22.9	100.0	100.0	1020.3
2022-05-21T01:21:27	57	600	12.4	22.8	100.0	100.0	1020.0
2022-05-21T01:33:27	40	600	12.4	22.8	100.0	100.0	1020.0
2022-05-21T01:45:27	50	600	12.3	22.8	100.0	100.0	1020.0
2022-05-21T01:56:27	51	600	12.3	22.8	100.0	100.0	1019.7
2022-05-21T02:08:27	50	600	12.4	22.8	100.0	100.0	1019.7
2022-05-21T02:20:27	62	600	12.3	22.8	100.0	100.0	1019.7
2022-05-21T02:31:27	61	600	12.4	22.8	100.0	100.0	1019.5
2022-05-21T02:43:27	49	600	12.3	22.7	100.0	100.0	1019.5
2022-05-21T02:55:27	61	600	12.4	22.6	100.0	100.0	1019.5
2022-05-21T03:06:27	68	600	12.3	22.6	100.0	100.0	1019.2
2022-05-21T03:18:27	59	600	12.3	22.6	100.0	100.0	1019.1
2022-05-21T03:30:27	61	600	12.4	22.6	100.0	100.0	1019.1
2022-05-21T03:42:27	45	600	12.3	22.6	100.0	100.0	1019.1
2022-05-21T03:53:27	64	600	12.4	22.7	100.0	100.0	1019.1
2022-05-21T04:05:27	48	600	12.4	22.6	100.0	100.0	1018.9
2022-05-21T04:17:27	48	600	12.4	22.5	100.0	100.0	1018.7
2022-05-21T04:28:27	36	600	12.4	22.4	100.0	100.0	1018.7
2022-05-21T04:40:27	71	600	12.3	22.4	100.0	100.0	1018.5
2022-05-21T04:53:27	58	600	12.4	22.5	100.0	100.0	1018.5
2022-05-21T05:04:27	47	600	12.3	22.5	100.0	100.0	1018.5
2022-05-21T05:16:27	45	600	12.4	22.5	100.0	100.0	1018.5
2022-05-21T05:28:27	52	600	12.3	22.7	100.0	100.0	1018.3
2022-05-21T05:39:27	60	600	12.4	22.6	100.0	100.0	1018.4
2022-05-21T05:51:27	64	600	12.4	22.5	100.0	100.0	1018.2
2022-05-21T06:03:27	53	600	12.4	22.5	100.0	100.0	1018.4
2022-05-21T06:14:27	56	600	12.4	22.5	100.0	100.0	1018.4
2022-05-21T06:26:27	53	600	12.4	22.5	100.0	100.0	1018.5
2022-05-21T06:37:27	47	600	12.4	22.5	100.0	100.0	1018.5
2022-05-21T06:49:27	67	600	12.3	22.6	100.0	100.0	1018.5
2022-05-21T07:01:27	61	600	12.3	22.5	100.0	100.0	1018.4
2022-05-21T07:13:27	55	600	12.3	22.4	100.0	100.0	1018.4
2022-05-21T07:25:27	64	600	12.3	22.3	100.0	100.0	1018.5
2022-05-21T07:36:27	60	600	12.4	22.3	100.0	100.0	1018.6
2022-05-21T07:48:27	64	600	12.4	22.3	100.0	100.0	1018.5
2022-05-21T08:00:27	44	600	12.3	22.3	100.0	100.0	1018.5
2022-05-21T08:11:27	71	600	12.3	22.4	100.0	100.0	1018.5
2022-05-21T08:23:27	44	600	12.4	22.4	100.0	100.0	1018.5
2022-05-21T08:35:27	56	600	12.4	22.3	100.0	100.0	1018.4
2022-05-21T08:47:27	49	600	12.4	22.2	100.0	100.0	1018.4
2022-05-21T08:58:27	71	600	12.4	22.2	100.0	100.0	1018.5
2022-05-21T09:12:27	53	600	12.4	22.2	100.0	100.0	1018.7
2022-05-21T09:24:27	78	600	12.4	22.2	100.0	100.0	1018.5
2022-05-21T09:36:27	48	600	12.3	22.3	100.0	100.0	1018.5
2022-05-21T09:48:27	59	600	12.4	22.3	100.0	100.0	1018.4
2022-05-21T10:00:27	52	600	12.3	22.2	100.0	100.0	1018.4
2022-05-21T10:12:27	46	600	12.4	22.2	100.0	100.0	1018.2
2022-05-21T10:24:27	49	600	12.4	22.2	100.0	100.0	1018.2
2022-05-21T10:35:27	56	600	12.3	22.3	100.0	100.0	1018.2
2022-05-21T10:47:27	59	600	12.4	22.3	100.0	100.0	1018.1
2022-05-21T10:59:27	56	600	12.4	22.4	100.0	100.0	1018.0
2022-05-21T11:10:27	61	600	12.4	22.4	100.0	100.0	1017.9
2022-05-21T11:22:27	58	600	12.3	22.3	100.0	100.0	1017.9
2022-05-21T11:34:27	60	600	12.3	22.2	100.0	100.0	1017.9
2022-05-21T11:45:27	56	600	12.4	22.3	100.0	100.0	1017.9
2022-05-21T11:57:27	54	600	12.4	22.3	100.0	100.0	1017.8
2022-05-21T12:09:27	55	600	12.3	22.4	100.0	100.0	1017.8
2022-05-21T12:21:27	58	600	12.4	22.4	100.0	100.0	1017.6
2022-05-21T12:32:27	55	600	12.4	22.4	100.0	100.0	1017.4
2022-05-21T12:45:27	63	600	12.4	22.3	100.0	100.0	1017.3
2022-05-21T12:57:27	66	600	12.3	22.3	100.0	100.0	1017.4
2022-05-21T13:08:27	69	600	12.4	22.3	100.0	100.0	1017.2
2022-05-21T13:20:27	67	600	12.3	22.4	100.0	100.0	1017.0
2022-05-21T13:32:27	55	600	12.4	22.5	100.0	100.0	1017.0
2022-05-21T13:44:27	59	600	12.4	22.5	100.0	100.0	1016.9
2022-05-21T13:56:27	47	600	12.3	22.5	100.0	100.0	1016.8
2022-05-21T14:07:27	55	600	12.4	22.4	100.0	100.0	1016.7
2022-05-21T14:19:27	61	600	12.3	22.4	100.0	100.0	1016.5
2022-05-21T14:31:27	62	600	12.3	22.5	100.0	100.0	1016.2
2022-05-21T14:43:27	56	600	12.4	22.5	100.0	100.0	1016.2
2022-05-21T14:54:27	55	600	12.3	22.6	100.0	100.0	1016.1
2022-05-21T15:06:27	55	600	12.4	22.6	100.0	100.0	1015.9
2022-05-21T15:18:27	58	600	12.3	22.6	100.0	100.0	1015.7
2022-05-21T15:29:27	48	600	12.3	22.5	100.0	100.0	1015.6
2022-05-21T15:41:27	64	600	12.3	22.5	100.0	100.0	1015.6
2022-05-21T15:53:27	53	600	12.4	22.6	100.0	100.0	1015.4
2022-05-21T16:04:27	61	600	12.4	22.7	100.0	100.0	1015.2
2022-05-21T16:16:27	78	600	12.4	22.7	100.0	100.0	1015.2
2022-05-21T16:28:27	51	600	12.4	22.7	100.0	100.0	1014.9
2022-05-21T16:39:27	61	600	12.4	22.7	100.0	100.0	1014.9
2022-05-21T16:51:27	62	600	12.3	22.6	100.0	100.0	1014.7
2022-05-21T17:03:27	51	600	12.4	22.7	100.0	100.0	1014.5
2022-05-21T17:15:27	62	600	12.3	22.7	100.0	100.0	1014.4
2022-05-21T17:27:27	64	600	12.4	22.8	100.0	100.0	1014.2
2022-05-21T17:39:27	55	600	12.3	22.9	100.0	100.0	1014.2
2022-05-21T17:51:27	62	600	12.3	22.8	100.0	100.0	1014.0
2022-05-21T18:03:27	61	600	12.3	22.8	100.0	100.0	1013.9
2022-05-21T18:14:27	56	600	12.4	22.7	100.0	100.0	1013.8
2022-05-21T18:26:27	65	600	12.3	22.7	100.0	100.0	1013.7
2022-05-21T18:38:27	65	600	12.3	22.8	100.0	100.0	1013.5
2022-05-21T18:49:27	71	600	12.3	22.9	100.0	100.0	1013.5
2022-05-21T19:01:27	66	600	12.4	22.9	100.0	100.0	1013.6
2022-05-21T19:13:27	47	600	12.3	22.8	100.0	100.0	1013.4
2022-05-21T19:24:27	67	600	12.4	22.8	100.0	100.0	1013.3
2022-05-21T19:36:27	68	600	12.3	22.7	100.0	100.0	1013.4
2022-05-21T19:48:27	55	600	12.3	22.8	100.0	100.0	1013.5
2022-05-21T19:59:27	54	600	12.3	22.8	100.0	100.0	1013.5
2022-05-21T20:11:27	53	600	12.3	22.9	100.0	100.0	1013.6
2022-05-21T20:23:27	59	600	12.3	22.9	100.0	100.0	1013.6
2022-05-21T20:35:27	58	600	12.3	22.8	100.0	100.0	1013.5
2022-05-21T20:46:27	53	600	12.3	22.7	100.0	100.0	1013.5
2022-05-21T20:58:27	56	600	12.3	22.7	100.0	100.0	1013.6
2022-05-21T21:10:27	49	600	12.4	22.7	100.0	100.0	1013.6
2022-05-21T21:21:27	57	600	12.3	22.8	100.0	100.0	1013.7
2022-05-21T21:33:27	51	600	12.3	22.8	100.0	100.0	1013.8
2022-05-21T21:45:27	60	600	12.4	22.8	100.0	100.0	1013.8
2022-05-21T21:56:27	67	600	12.3	22.8	100.0	100.0	1013.9
2022-05-21T22:09:27	68	600	12.4	22.7	100.0	100.0	1014.0
2022-05-21T22:20:27	53	600	12.4	22.6	100.0	100.0	1013.9
2022-05-21T22:32:27	62	600	12.3	22.6	100.0	100.0	1013.9
2022-05-21T22:44:27	67	600	12.3	22.7	100.0	100.0	1013.9
2022-05-21T22:55:27	66	600	12.4	22.7	100.0	100.0	1013.8
2022-05-21T23:07:27	57	600	12.4	22.7	100.0	100.0	1013.8
2022-05-21T23:19:27	46	600	12.4	22.7	100.0	100.0	1013.8
2022-05-21T23:30:27	67	600	12.4	22.6	100.0	100.0	1013.6
2022-05-21T23:42:27	66	600	12.3	22.6	100.0	100.0	1013.7
2022-05-21T23:54:27	58	600	12.3	22.7	100.0	100.0	1013.7
2022-05-22T00:06:27	47	600	12.4	22.7	100.0	100.0	1013.7
2022-05-22T00:17:27	65	600	12.4	22.7	100.0	100.0	1013.6
2022-05-22T00:30:27	63	600	12.4	22.7	100.0	100.0	1013.7
2022-05-22T00:42:27	63	600	12.3	22.6	100.0	100.0	1013.5
2022-05-22T00:53:27	50	600	12.4	22.5	100.0	100.0	1013.5
2022-05-22T01:05:27	49	600	12.3	22.5	100.0	100.0	1013.4
2022-05-22T01:17:27	58	600	12.3	22.6	100.0	100.0	1013.4
2022-05-22T01:28:27	60	600	12.4	22.6	100.0	100.0	1013.4
2022-05-22T01:40:27	56	600	12.3	22.6	100.0	100.0	1013.4
2022-05-22T01:52:27	45	600	12.3	22.6	100.0	100.0	1013.3
2022-05-22T02:04:27	53	600	12.3	22.5	100.0	100.0	1013.3
2022-05-22T02:15:27	55	600	12.3	22.5	100.0	100.0	1013.1
2022-05-22T02:27:27	63	600	12.3	22.5	100.0	100.0	1013.1
2022-05-22T02:39:27	49	600	12.3	22.5	100.0	100.0	1013.1
2022-05-22T02:50:27	43	600	12.4	22.5	100.0	100.0	1013.1
2022-05-22T03:02:27	72	600	12.4	22.6	100.0	100.0	1012.9
2022-05-22T03:14:27	56	600	12.4	22.5	100.0	100.0	1012.9
2022-05-22T03:25:27	51	600	12.3	22.4	100.0	100.0	1012.9
2022-05-22T03:37:27	53	600	12.4	22.4	100.0	100.0	1012.9
2022-05-22T03:49:27	73	600	12.3	22.4	100.0	100.0	1012.9
2022-05-22T04:00:27	60	600	12.3	22.4	100.0	100.0	1012.8
2022-05-22T04:12:27	62	600	12.4	22.5	100.0	100.0	1012.6
2022-05-22T04:23:27	59	600	12.3	22.5	100.0	100.0	1012.4
2022-05-22T04:35:27	55	600	12.3	22.4	100.0	100.0	1012.5
2022-05-22T04:47:27	67	600	12.4	22.3	100.0	100.0	1012.3
2022-05-22T04:58:27	73	600	12.4	22.3	100.0	100.0	1012.4
2022-05-22T05:10:27	55	600	12.3	22.3	100.0	100.0	1012.6
2022-05-22T05:22:27	53	600	12.4	22.3	100.0	100.0	1012.5
2022-05-22T05:33:27	68	600	12.3	22.3	100.0	100.0	1012.5
2022-05-22T05:45:27	63	600	12.3	22.4	100.0	100.0	1012.6
2022-05-22T05:57:27	67	600	12.3	22.4	100.0	100.0	1012.6
2022-05-22T06:08:27	60	600	12.3	22.2	100.0	100.0	1012.6
2022-05-22T06:20:27	59	600	12.3	22.2	100.0	100.0	1012.7
2022-05-22T06:32:27	50	600	12.4	22.2	100.0	100.0	1012.7
2022-05-22T06:43:27	63	600	12.4	22.2	100.0	100.0	1012.8
2022-05-22T06:55:27	56	600	12.3	22.2	100.0	100.0	1013.0
2022-05-22T07:07:27	53	600	12.3	22.3	100.0	100.0	1012.9
2022-05-22T07:19:27	53	600	12.3	22.3	100.0	100.0	1013.0
2022-05-22T07:32:27	58	600	12.4	22.2	100.0	100.0	1012.9
2022-05-22T07:43:27	58	600	12.3	22.1	100.0	100.0	1013.1
2022-05-22T07:55:27	60	600	12.3	22.1	100.0	100.0	1013.0
2022-05-22T08:07:27	56	600	12.4	22.1	100.0	100.0	1013.1
2022-05-22T08:19:27	58	600	12.4	22.1	100.0	100.0	1012.9
2022-05-22T08:30:27	70	600	12.4	22.2	100.0	100.0	1012.8
2022-05-22T08:42:27	67	600	12.3	22.2	100.0	100.0	1012.8
2022-05-22T08:54:27	59	600	12.3	22.2	100.0	100.0	1012.8
2022-05-22T09:05:27	56	600	12.3	22.1	100.0	100.0	1012.7
2022-05-22T09:17:27	58	600	12.3	22.1	100.0	100.0	1012.7
2022-05-22T09:29:27	66	600	12.3	22.1	100.0	100.0	1012.8
2022-05-22T09:41:27	49	600	12.4	22.1	100.0	100.0	1012.6
2022-05-22T09:52:27	61	600	12.3	22.2	100.0	100.0	1012.6
2022-05-22T10:04:27	52	600	12.4	22.3	100.0	100.0	1012.7
2022-05-22T10:16:27	49	600	12.3	22.3	100.0	100.0	1012.7
2022-05-22T10:27:27	56	600	12.4	22.3	100.0	100.0	1012.6
2022-05-22T10:40:27	71	600	12.3	22.2	100.0	100.0	1012.5
2022-05-22T10:52:27	57	600	12.3	22.2	100.0	100.0	1012.4
2022-05-22T11:04:27	60	600	12.3	22.2	100.0	100.0	1012.2
2022-05-22T11:15:27	52	600	12.3	22.3	100.0	100.0	1012.1
2022-05-22T11:27:27	69	600	12.4	22.4	100.0	100.0	1012.1
2022-05-22T11:39:27	52	600	12.3	22.4	100.0	100.0	1012.0
2022-05-22T11:51:27	56	600	12.3	22.4	100.0	100.0	1011.9
2022-05-22T12:03:27	71	600	12.3	22.3	100.0	100.0	1011.7
2022-05-22T12:15:27	68	600	12.3	22.3	100.0	100.0	1011.7
2022-05-22T12:27:27	48	600	12.3	22.3	100.0	100.0	1011.6
2022-05-22T12:39:27	56	600	12.3	22.4	100.0	100.0	1011.5
2022-05-22T12:50:27	58	600	12.4	22.5	100.0	100.0	1011.5
2022-05-22T13:02:27	71	600	12.4	22.5	100.0	100.0	1011.5
2022-05-22T13:14:27	60	600	12.3	22.5	100.0	100.0	1011.2
2022-05-22T13:25:27	73	600	12.3	22.5	100.0	100.0	1011.0
2022-05-22T13:37:27	58	600	12.3	22.4	100.0	100.0	1011.0
2022-05-22T13:49:27	71	600	12.3	22.5	100.0	100.0	1010.9
2022-05-22T14:00:27	60	600	12.4	22.5	100.0	100.0	1010.8
2022-05-22T14:12:27	53	600	12.3	22.6	100.0	100.0	1010.8
2022-05-22T14:24:27	71	600	12.4	22.7	100.0	100.0	1010.5
2022-05-22T14:35:27	66	600	12.4	22.6	100.0	100.0	1010.2
2022-05-22T14:47:27	63	600	12.4	22.6	100.0	100.0	1009.9
2022-05-22T14:58:27	63	600	12.3	22.5	100.0	100.0	1009.7
2022-05-22T15:10:27	63	600	12.3	22.6	100.0	100.0	1010.0
2022-05-22T15:22:27	60	600	12.3	22.6	100.0	100.0	1010.9
2022-05-22T15:34:27	60	600	12.4	22.7	100.0	100.0	1010.6
2022-05-22T15:45:27	64	600	12.3	22.7	100.0	100.0	1010.8
2022-05-22T15:57:27	63	600	12.3	22.7	100.0	100.0	1010.3
2022-05-22T16:09:27	67	600	12.4	22.6	100.0	100.0	1009.8
2022-05-22T16:20:27	66	600	12.3	22.6	100.0	100.0	1009.2
2022-05-22T16:32:27	53	600	12.4	22.5	100.0	100.0	1009.2
2022-05-22T16:44:27	62	600	12.4	22.6	100.0	100.0	1009.0
2022-05-22T16:56:27	57	600	12.4	22.7	100.0	100.0	1008.9
2022-05-22T17:07:27	66	600	12.4	22.8	100.0	100.0	1008.9
2022-05-22T17:19:27	68	600	12.3	22.7	100.0	100.0	1008.9
2022-05-22T17:31:27	60	600	12.3	22.7	100.0	100.0	1008.7
2022-05-22T17:42:27	64	600	12.4	22.6	100.0	100.0	1008.6
2022-05-22T17:54:27	67	600	12.3	22.6	100.0	100.0	1008.6
2022-05-22T18:06:27	62	600	12.3	22.7	100.0	100.0	1008.6
2022-05-22T18:17:27	55	600	12.4	22.7	100.0	100.0	1008.4
2022-05-22T18:29:27	64	600	12.3	22.8	100.0	100.0	1008.5
2022-05-22T18:42:27	55	600	12.3	22.8	100.0	100.0	1008.4
2022-05-22T18:53:27	66	600	12.3	22.8	100.0	100.0	1008.3
2022-05-22T19:05:27	61	600	12.3	22.7	100.0	100.0	1008.4
2022-05-22T19:17:27	53	600	12.3	22.6	100.0	100.0	1008.3
2022-05-22T19:28:27	61	600	12.3	22.6	100.0	100.0	1008.2
2022-05-22T19:40:27	76	600	12.3	22.7	100.0	100.0	1008.1
2022-05-22T19:52:27	41	600	12.3	22.7	100.0	100.0	1008.2
2022-05-22T20:04:27	57	600	12.3	22.8	100.0	100.0	1008.3
2022-05-22T20:15:27	63	600	12.3	22.7	100.0	100.0	1008.2
2022-05-22T20:27:27	59	600	12.3	22.7	100.0	100.0	1008.3
2022-05-22T20:39:27	70	600	12.3	22.6	100.0	100.0	1008.2
2022-05-22T20:50:27	49	600	12.3	22.6	100.0	100.0	1008.3
2022-05-22T21:02:27	49	600	12.3	22.6	100.0	100.0	1008.4
2022-05-22T21:14:27	57	600	12.4	22.6	100.0	100.0	1008.4
2022-05-22T21:25:27	62	600	12.3	22.7	100.0	100.0	1008.6
2022-05-22T21:37:27	49	600	12.3	22.7	100.0	100.0	1008.8
2022-05-22T21:49:27	52	600	12.3	22.6	100.0	100.0	1009.1
2022-05-22T22:01:27	68	600	12.4	22.5	100.0	100.0	1009.3
2022-05-22T22:13:27	38	600	12.4	22.5	100.0	100.0	1009.1
2022-05-22T22:25:27	68	600	12.4	22.5	100.0	100.0	1009.2
2022-05-22T22:36:27	53	600	12.3	22.6	100.0	100.0	1009.3
2022-05-22T22:48:27	68	600	12.3	22.6	100.0	100.0	1009.5
2022-05-22T23:00:27	62	600	12.4	22.6	100.0	100.0	1009.5
2022-05-22T23:11:27	65	600	12.4	22.5	100.0	100.0	1010.0
2022-05-22T23:23:27	62	600	12.3	22.4	100.0	100.0	1010.1
2022-05-22T23:35:27	44	600	12.3	22.4	100.0	100.0	1010.5
2022-05-22T23:46:27	54	600	12.3	22.4	100.0	100.0	1010.4
2022-05-22T23:58:27	70	600	12.3	22.4	100.0	100.0	1010.5
2022-05-23T00:10:27	48	600	12.4	22.5	100.0	100.0	1010.3
2022-05-23T00:21:27	61	600	12.4	22.5	100.0	100.0	1009.9
2022-05-23T00:34:27	70	600	12.4	22.4	100.0	100.0	1009.9
2022-05-23T00:46:27	66	600	12.3	22.3	100.0	100.0	1009.5
2022-05-23T00:57:27	50	600	12.4	22.3	100.0	100.0	1009.0
2022-05-23T01:09:27	52	600	12.3	22.3	100.0	100.0	1008.5
2022-05-23T01:21:27	54	600	12.3	22.4	100.0	100.0	1008.2
2022-05-23T01:33:27	61	600	12.4	22.4	100.0	100.0	1008.2
2022-05-23T01:44:27	53	600	12.4	22.4	100.0	100.0	1008.4
2022-05-23T01:56:27	46	600	12.4	22.4	100.0	100.0	1008.8
2022-05-23T02:08:27	62	600	12.4	22.3	100.0	100.0	1009.5
2022-05-23T02:19:27	56	600	12.3	22.2	100.0	100.0	1009.4
2022-05-23T02:31:27	63	600	12.4	22.3	100.0	100.0	1009.4
2022-05-23T02:43:27	75	600	12.3	22.3	100.0	100.0	1009.1
2022-05-23T02:54:27	66	600	12.4	22.3	100.0	100.0	1009.2
2022-05-23T03:06:27	67	600	12.4	22.4	100.0	100.0	1009.1
2022-05-23T03:18:27	54	600	12.4	22.3	100.0	100.0	1008.8
2022-05-23T03:29:27	67	600	12.4	22.2	100.0	100.0	1008.9
2022-05-23T03:41:27	63	600	12.3	22.2	100.0	100.0	1009.0
2022-05-23T03:53:27	62	600	12.3	22.2	100.0	100.0	1009.0
2022-05-23T04:04:27	78	600	12.4	22.2	100.0	100.0	1008.9
2022-05-23T04:16:27	57	600	12.3	22.2	100.0	100.0	1008.9
2022-05-23T04:27:27	55	600	12.4	22.3	100.0	100.0	1008.9
2022-05-23T04:39:27	67	600	12.3	22.3	100.0	100.0	1008.7
2022-05-23T04:52:27	62	600	12.4	22.2	100.0	100.0	1008.8
2022-05-23T05:03:27	65	600	12.4	22.1	100.0	100.0	1008.9
2022-05-23T05:16:27	53	600	12.4	22.1	100.0	100.0	1008.6
2022-05-23T05:28:27	64	600	12.4	22.1	100.0	100.0	1008.4
2022-05-23T05:40:27	53	600	12.3	22.2	100.0	100.0	1008.2
2022-05-23T05:52:27	64	600	12.4	22.2	100.0	100.0	1008.1
2022-05-23T06:03:27	72	600	12.3	22.3	100.0	100.0	1008.3
2022-05-23T06:15:27	51	600	12.4	22.2	100.0	100.0	1008.3
2022-05-23T06:27:27	60	600	12.3	22.1	100.0	100.0	1008.0
2022-05-23T06:38:27	54	600	12.4	22.1	100.0	100.0	1008.1
2022-05-23T06:50:27	69	600	12.3	22.1	100.0	100.0	1008.2
2022-05-23T07:02:27	69	600	12.3	22.1	100.0	100.0	1008.3
2022-05-23T07:13:27	56	600	12.3	22.1	100.0	100.0	1008.2
2022-05-23T07:25:27	54	600	12.4	22.2	100.0	100.0	1008.3
2022-05-23T07:37:27	56	600	12.4	22.2	100.0	100.0	1008.1
2022-05-23T07:49:27	54	600	12.4	22.1	100.0	100.0	1008.1
2022-05-23T08:01:27	46	600	12.3	22.0	100.0	100.0	1008.0
2022-05-23T08:12:27	60	600	12.3	22.0	100.0	100.0	1008.0
2022-05-23T08:24:27	58	600	12.4	22.1	100.0	100.0	1008.1
2022-05-23T08:36:27	60	600	12.4	22.1	100.0	100.0	1008.0
2022-05-23T08:47:27	69	600	12.4	22.2	100.0	100.0	1008.1
2022-05-23T08:59:27	58	600	12.3	22.2	100.0	100.0	1008.3
2022-05-23T09:11:27	69	600	12.3	22.2	100.0	100.0	1008.4
2022-05-23T09:22:27	73	600	12.4	22.2	100.0	100.0	1008.3
2022-05-23T09:35:27	44	600	12.4	22.2	100.0	100.0	1008.4
2022-05-23T09:46:27	49	600	12.4	22.3	100.0	100.0	1008.5
2022-05-23T09:58:27	50	600	12.4	22.5	100.0	100.0	1008.5
2022-05-23T10:10:27	64	600	12.3	22.7	100.0	100.0	1008.4
2022-05-23T10:24:02	62	600	12.3	22.8	100.0	100.0	1008.3
2022-05-23T10:36:27	47	600	12.3	22.8	100.0	100.0	1008.4
2022-05-23T10:48:27	55	600	12.4	23.0	100.0	100.0	1008.1
2022-05-23T11:00:27	40	600	12.3	23.1	100.0	100.0	1008.0
2022-05-23T11:12:27	61	600	12.3	23.1	100.0	100.0	1007.9
2022-05-23T11:23:27	63	600	12.4	23.3	100.0	100.0	1008.1
2022-05-23T11:35:27	57	600	12.4	23.5	100.0	100.0	1008.1
2022-05-23T11:47:27	57	600	12.3	23.5	100.0	100.0	1008.0
2022-05-23T11:58:27	40	600	12.3	23.4	100.0	100.0	1008.0
2022-05-23T12:11:27	69	600	12.3	23.5	100.0	100.0	1007.9
2022-05-23T12:22:27	51	600	12.4	23.6	100.0	100.0	1007.8
2022-05-23T12:34:27	62	600	12.4	23.8	100.0	100.0	1007.7
2022-05-23T12:46:27	58	600	12.3	24.0	100.0	100.0	1007.7
2022-05-23T12:57:27	63	600	12.3	24.0	100.0	100.0	1007.6
2022-05-23T13:09:27	55	600	12.3	23.9	100.0	100.0	1007.6
2022-05-23T13:21:27	56	600	12.4	23.7	100.0	100.0	1007.5
2022-05-23T13:32:27	42	600	12.4	23.8	100.0	100.0	1007.5
2022-05-23T13:44:27	62	600	12.4	23.9	100.0	100.0	1007.5
2022-05-23T13:56:27	57	600	12.3	24.2	100.0	100.0	1007.4
2022-05-23T14:08:27	48	600	12.4	24.4	100.0	100.0	1007.2
2022-05-23T14:19:27	26	600	12.3	24.4	100.0	100.0	1007.0
2022-05-23T14:31:27	65	600	12.3	24.4	100.0	100.0	1006.9
2022-05-24T17:36:27	1054	3600	13.2	32.5	100.0	100.0	979.0
2022-05-24T18:38:27	1059	3600	13.4	30.2	100.0	100.0	979.3
2022-05-24T19:40:27	1032	3600	12.4	28.0	100.0	100.0	979.3
2022-05-24T20:42:27	1045	3600	12.4	26.7	100.0	100.0	979.6
2022-05-24T21:44:27	946	3600	12.4	20.0	100.0	100.0	983.4
2022-05-24T22:45:27	886	3600	12.3	18.9	100.0	100.0	983.9
2022-05-24T23:47:27	878	3600	12.4	17.9	100.0	100.0	985.2
2022-05-25T00:49:27	873	3600	12.4	18.0	100.0	100.0	985.3
2022-05-25T01:50:27	979	3600	12.3	17.9	100.0	100.0	985.3
2022-05-25T02:52:27	1008	3600	12.2	17.9	100.0	100.0	985.3
2022-05-25T03:54:27	899	3600	12.2	17.7	100.0	100.0	985.5
2022-05-25T04:55:27	908	3600	12.3	17.7	100.0	100.0	985.6
2022-05-25T05:57:27	908	3600	12.2	17.2	100.0	100.0	986.0
2022-05-25T06:59:27	837	3600	12.2	17.3	100.0	100.0	986.5
2022-05-25T08:01:27	861	3600	12.1	17.3	100.0	100.0	987.1
2022-05-25T09:02:27	914	3600	12.3	17.9	100.0	100.0	987.9
2022-05-25T10:05:27	854	3600	12.9	19.0	100.0	100.0	988.6
2022-05-25T11:06:27	838	3600	13.2	20.0	100.0	100.0	989.3
2022-05-25T12:08:27	905	3600	13.5	21.6	100.0	100.0	989.6
2022-05-25T13:10:27	883	3600	12.8	20.4	100.0	100.0	990.1
2022-05-25T14:12:27	849	3600	13.2	19.1	100.0	100.0	990.1
2022-05-25T15:13:27	821	3600	13.5	23.5	100.0	100.0	989.9
2022-05-25T16:15:27	854	3600	13.5	25.1	100.0	100.0	989.4
2022-05-25T17:17:27	898	3600	13.5	26.9	100.0	100.0	989.1
2022-05-25T18:18:27	849	3600	13.5	26.5	100.0	100.0	989.4
2022-05-25T19:20:27	836	3600	12.7	24.7	100.0	100.0	989.7
2022-05-25T20:22:27	844	3600	12.5	21.3	100.0	100.0	990.6
2022-05-25T21:24:27	904	3600	12.5	20.3	100.0	100.0	991.5
2022-05-25T22:25:27	856	3600	12.5	20.0	100.0	100.0	992.5
2022-05-25T23:27:27	756	3600	12.5	19.5	100.0	100.0	993.2
2022-05-26T00:29:27	828	3600	12.4	19.2	100.0	100.0	993.9
2022-05-26T01:30:27	883	3600	12.4	19.5	100.0	100.0	994.1
2022-05-26T02:32:27	803	3600	12.3	19.2	100.0	100.0	994.3
2022-05-26T03:34:27	857	3600	12.4	18.3	100.0	100.0	993.9
2022-05-26T04:35:27	759	3600	12.3	17.7	100.0	100.0	994.3
2022-05-26T05:37:27	843	3600	12.2	17.1	100.0	100.0	994.6
2022-05-26T06:39:27	844	3600	12.3	17.7	100.0	100.0	995.2
2022-05-26T07:40:27	815	3600	12.7	21.4	100.0	100.0	995.6
2022-05-26T08:42:27	819	3600	13.4	25.7	100.0	100.0	995.7
2022-05-26T09:44:27	807	3600	14.0	30.0	100.0	100.0	995.9
2022-05-26T10:46:27	847	3600	14.0	31.3	100.0	100.0	995.6
2022-05-26T11:49:27	829	3600	13.3	30.6	100.0	100.0	994.9
2022-05-26T12:50:27	820	3600	13.3	32.5	100.0	100.0	994.4
2022-05-26T13:52:27	813	3600	13.2	33.0	100.0	100.0	993.9
2022-05-26T14:54:27	868	3600	13.3	31.7	100.0	100.0	993.6
2022-05-26T15:55:27	823	3600	13.4	29.5	100.0	100.0	993.1
2022-05-26T16:57:27	856	3600	13.5	28.7	100.0	100.0	993.0
2022-05-26T17:59:27	848	3600	13.5	28.2	100.0	100.0	992.8
2022-05-26T19:01:27	858	3600	13.4	29.8	100.0	100.0	992.7
2022-05-26T20:02:27	784	3600	12.5	27.6	100.0	100.0	993.0
2022-05-26T21:04:27	835	3600	12.5	26.0	100.0	100.0	993.4
2022-05-26T22:06:27	774	3600	12.5	24.7	100.0	100.0	994.6
2022-05-26T23:08:27	834	3600	12.4	22.3	100.0	100.0	995.3
2022-05-27T00:10:27	826	3600	12.4	21.8	100.0	100.0	995.5
2022-05-27T01:11:27	863	3600	12.4	21.1	100.0	100.0	995.3
2022-05-27T02:14:27	782	3600	12.4	19.9	100.0	100.0	995.1
2022-05-27T03:16:27	827	3600	12.4	20.0	100.0	100.0	994.9
2022-05-27T04:17:27	840	3600	12.3	19.7	100.0	100.0	994.6
2022-05-27T05:19:27	864	3600	12.3	19.2	100.0	100.0	994.3
2022-05-27T06:21:27	839	3600	12.3	20.0	100.0	100.0	994.5
2022-05-27T07:22:27	852	3600	12.7	21.8	100.0	100.0	994.6
2022-05-27T08:24:27	876	3600	13.2	25.5	100.0	100.0	994.5
2022-05-27T09:26:27	802	3600	14.0	29.4	100.0	100.0	993.9
2022-05-27T10:28:27	871	3600	13.9	32.7	100.0	100.0	993.1
2022-05-27T11:29:27	794	3600	13.3	33.6	100.0	100.0	992.3
2022-05-27T12:32:27	863	3600	13.2	33.4	100.0	100.0	991.3
2022-05-27T13:33:27	838	3600	13.2	34.4	100.0	100.0	990.2
2022-05-27T14:35:27	822	3600	13.1	34.9	100.0	100.0	989.0
2022-05-27T15:37:27	871	3600	13.2	33.6	100.0	100.0	988.2
2022-05-27T16:38:27	900	3600	13.2	34.1	100.0	100.0	987.4
2022-05-27T17:41:27	818	3600	13.3	32.5	100.0	100.0	986.6
2022-05-27T18:42:27	842	3600	13.3	31.3	100.0	100.0	986.3
2022-05-27T19:44:27	917	3600	12.6	28.4	100.0	100.0	986.3
2022-05-27T20:46:27	916	3600	12.5	26.8	100.0	100.0	986.5
2022-05-27T21:48:27	860	3600	12.5	25.6	100.0	100.0	987.2
2022-05-27T22:49:27	890	3600	12.4	23.5	100.0	100.0	987.5
2022-05-27T23:51:27	871	3600	12.4	23.6	100.0	100.0	987.4
2022-05-28T00:53:27	911	3600	12.4	22.8	100.0	100.0	987.3
2022-05-28T01:55:27	885	3600	12.4	22.3	100.0	100.0	987.0
2022-05-28T02:57:27	887	3600	12.3	21.2	100.0	100.0	986.4
2022-05-28T03:58:27	878	3600	12.3	20.5	100.0	100.0	985.9
2022-05-28T05:00:27	891	3600	12.3	19.7	100.0	100.0	985.7
2022-05-28T06:02:27	817	3600	12.3	19.3	100.0	100.0	985.5
2022-05-28T07:03:27	926	3600	12.3	20.6	100.0	100.0	985.5
2022-05-28T08:05:27	858	3600	13.1	23.9	100.0	100.0	985.4
2022-05-28T09:07:27	915	3600	13.5	28.1	100.0	100.0	984.7
2022-05-28T10:08:27	907	3600	14.0	30.2	100.0	100.0	984.1
2022-05-28T11:10:27	894	3600	13.3	29.4	100.0	100.0	983.4
2022-05-28T12:12:27	970	3600	13.3	31.3	100.0	100.0	982.4
2022-05-28T13:13:27	897	3600	13.3	33.6	100.0	100.0	981.7
2022-05-28T14:15:27	899	3600	13.3	31.3	100.0	100.0	980.8
2022-05-28T15:17:27	987	3600	13.3	28.7	100.0	100.0	980.8
2022-05-28T16:19:27	932	3600	13.6	25.9	100.0	100.0	982.2
2022-05-28T17:20:27	942	3600	12.5	23.2	100.0	100.0	982.8
2022-05-28T18:22:27	877	3600	12.5	21.5	100.0	100.0	983.7
2022-05-28T19:24:27	915	3600	12.5	20.1	100.0	100.0	984.0
2022-05-28T20:25:27	900	3600	12.4	19.2	100.0	100.0	984.8
2022-05-28T21:27:27	876	3600	12.4	18.7	100.0	100.0	984.7
2022-05-28T22:29:27	865	3600	12.4	18.4	100.0	100.0	985.1
2022-05-28T23:31:27	926	3600	12.4	18.2	100.0	100.0	985.1
2022-05-29T00:32:27	874	3600	12.4	17.9	100.0	100.0	985.3
2022-05-29T01:34:27	905	3600	12.3	17.6	100.0	100.0	985.0
2022-05-29T02:36:27	917	3600	12.3	17.3	100.0	100.0	984.4
2022-05-29T03:37:27	911	3600	12.3	17.1	100.0	100.0	984.1
2022-05-29T04:40:27	882	3600	12.2	16.5	100.0	100.0	983.9
2022-05-29T05:41:27	884	3600	12.2	15.9	100.0	100.0	983.3
2022-05-29T06:43:27	885	3600	12.2	15.5	100.0	100.0	983.1
2022-05-29T07:45:27	877	3600	12.3	15.6	100.0	100.0	983.0
2022-05-29T08:47:27	885	3600	13.1	16.1	100.0	100.0	982.8
2022-05-29T09:48:27	918	3600	13.0	16.1	100.0	100.0	983.1
2022-05-29T10:50:27	954	3600	13.4	17.7	100.0	100.0	983.1
2022-05-29T11:52:27	936	3600	13.4	17.0	100.0	100.0	983.2
2022-05-29T12:54:27	943	3600	13.1	16.5	100.0	100.0	983.5
2022-05-29T13:56:27	920	3600	13.4	16.8	100.0	100.0	983.6
2022-05-29T14:57:27	902	3600	13.3	17.1	100.0	100.0	983.5
2022-05-29T15:59:27	888	3600	13.7	19.1	100.0	100.0	983.2
2022-05-29T17:01:27	903	3600	13.7	19.7	100.0	100.0	982.7
2022-05-29T18:03:27	900	3600	13.7	19.9	100.0	100.0	982.5
2022-05-29T19:05:27	935	3600	13.2	21.0	100.0	100.0	982.2
2022-05-29T20:07:27	895	3600	12.6	18.2	100.0	100.0	982.3
2022-05-29T21:08:27	934	3600	12.5	14.9	100.0	100.0	983.0
2022-05-29T22:10:27	930	3600	12.5	14.0	100.0	100.0	983.7
2022-05-29T23:12:27	884	3600	12.4	13.3	100.0	100.0	984.4
2022-05-30T00:14:27	915	3600	12.4	12.4	100.0	100.0	984.2
2022-05-30T01:15:27	906	3600	12.4	12.1	100.0	100.0	984.4
2022-05-30T02:17:27	888	3600	12.3	11.1	100.0	100.0	984.4
2022-05-30T03:19:27	931	3600	12.3	11.2	100.0	100.0	984.2
2022-05-30T04:20:27	925	3600	12.3	11.8	100.0	100.0	984.2
2022-05-30T05:22:27	970	3600	12.2	11.7	100.0	100.0	984.5
2022-05-30T06:24:27	899	3600	12.2	11.7	100.0	100.0	984.5
2022-05-30T07:26:27	916	3600	12.4	12.9	100.0	100.0	985.1
2022-05-30T08:27:27	910	3600	13.5	19.1	100.0	100.0	985.1
2022-05-30T09:29:27	915	3600	14.1	23.3	100.0	100.0	984.9
2022-05-30T10:31:27	869	3600	14.0	26.1	100.0	100.0	984.7
2022-05-30T11:32:27	916	3600	13.5	26.2	100.0	100.0	984.3
2022-05-30T12:34:27	932	3600	13.4	27.2	100.0	100.0	983.8
2022-05-30T13:36:27	869	3600	13.4	27.7	100.0	100.0	983.7
2022-05-30T14:38:27	942	3600	13.4	26.6	100.0	100.0	983.4
2022-05-30T15:39:27	885	3600	13.5	25.6	100.0	100.0	983.4
2022-05-30T16:41:27	933	3600	13.4	27.1	100.0	100.0	983.3
2022-05-30T17:43:27	878	3600	13.5	25.7	100.0	100.0	983.5
2022-05-30T18:44:27	851	3600	13.0	25.1	100.0	100.0	983.9
2022-05-30T19:46:27	909	3600	12.6	22.2	100.0	100.0	984.8
2022-05-30T20:48:27	882	3600	12.5	20.5	100.0	100.0	985.7
2022-05-30T21:50:27	849	3600	12.5	20.1	100.0	100.0	987.1
2022-05-30T22:51:27	858	3600	12.4	19.3	100.0	100.0	987.9
2022-05-30T23:53:27	903	3600	12.4	17.5	100.0	100.0	988.4
2022-05-31T00:55:27	909	3600	12.4	17.2	100.0	100.0	989.0
2022-05-31T01:57:27	893	3600	12.4	16.5	100.0	100.0	989.1
2022-05-31T02:59:27	892	3600	12.4	15.9	100.0	100.0	989.2
2022-05-31T04:01:27	855	3600	12.3	15.9	100.0	100.0	989.3
2022-05-31T05:02:27	862	3600	12.3	16.0	100.0	100.0	989.6
2022-05-31T06:05:27	874	3600	12.3	16.0	100.0	100.0	989.9
2022-05-31T07:07:27	856	3600	12.3	16.6	100.0	100.0	990.1
2022-05-31T08:08:27	902	3600	12.6	17.9	100.0	100.0	990.5
2022-05-31T09:10:27	892	3600	13.0	20.4	100.0	100.0	990.3
2022-05-31T10:12:27	844	3600	13.4	22.6	100.0	100.0	990.3
2022-05-31T11:13:27	869	3600	14.2	24.1	100.0	100.0	990.1
2022-05-31T12:15:27	895	3600	13.5	28.3	100.0	100.0	989.5
2022-05-31T13:17:27	908	3600	13.3	28.7	100.0	100.0	988.7
2022-05-31T14:18:27	858	3600	13.3	28.9	100.0	100.0	988.1
2022-05-31T15:20:27	882	3600	13.4	28.1	100.0	100.0	987.6
2022-05-31T16:22:27	895	3600	13.5	27.0	100.0	100.0	987.3
2022-05-31T17:23:27	909	3600	13.4	26.6	100.0	100.0	986.9
2022-05-31T18:26:27	938	3600	12.8	25.4	100.0	100.0	986.9
2022-05-31T19:27:27	943	3600	12.6	24.9	100.0	100.0	987.0
2022-05-31T20:29:27	914	3600	12.5	23.8	100.0	100.0	987.3
2022-05-31T21:31:27	922	3600	12.5	23.1	100.0	100.0	987.8
2022-05-31T22:33:27	816	3600	12.5	22.6	100.0	100.0	988.3
2022-05-31T23:34:27	848	3600	12.4	21.3	100.0	100.0	988.6
2022-06-01T00:36:27	812	3600	12.4	19.0	100.0	100.0	989.0
2022-06-01T01:38:27	886	3600	12.4	18.8	100.0	100.0	989.2
2022-06-01T02:39:27	939	3600	12.4	18.2	100.0	100.0	989.2
2022-06-01T03:41:27	870	3600	12.3	17.1	100.0	100.0	989.4
2022-06-01T04:43:27	902	3600	12.3	17.1	100.0	100.0	989.4
2022-06-01T05:44:27	846	3600	12.3	16.2	100.0	100.0	989.9
2022-06-01T06:46:27	852	3600	12.4	16.9	100.0	100.0	990.5
2022-06-01T07:48:27	864	3600	13.0	20.1	100.0	100.0	990.9
2022-06-01T08:50:27	869	3600	13.6	24.6	100.0	100.0	991.0
2022-06-01T09:51:27	827	3600	14.0	28.8	100.0	100.0	990.8
2022-06-01T10:53:27	860	3600	13.8	32.1	100.0	100.0	990.3
2022-06-01T11:55:27	884	3600	13.2	31.7	100.0	100.0	989.9
2022-06-01T12:56:27	921	3600	13.3	32.1	100.0	100.0	989.2
2022-06-01T13:58:27	931	3600	13.2	32.4	100.0	100.0	988.7
2022-06-01T15:00:27	949	3600	13.2	32.6	100.0	100.0	988.2
2022-06-01T16:02:27	879	3600	13.3	31.4	100.0	100.0	988.0
2022-06-01T17:03:27	901	3600	13.3	32.1	100.0	100.0	987.6
2022-06-01T18:05:27	939	3600	13.3	32.3	100.0	100.0	987.6
2022-06-01T19:08:27	859	3600	13.0	29.3	100.0	100.0	987.8
2022-06-01T20:10:27	930	3600	12.5	27.3	100.0	100.0	988.0
2022-06-01T21:11:27	876	3600	12.5	26.3	100.0	100.0	988.3
2022-06-01T22:13:27	842	3600	12.5	25.3	100.0	100.0	989.3
2022-06-01T23:15:27	834	3600	12.4	23.1	100.0	100.0	989.7
2022-06-02T00:16:27	827	3600	12.4	21.4	100.0	100.0	990.0
2022-06-02T01:18:27	903	3600	12.4	20.5	100.0	100.0	990.3
2022-06-02T02:20:27	860	3600	12.4	19.8	100.0	100.0	990.5
2022-06-02T03:21:27	837	3600	12.3	19.1	100.0	100.0	991.0
2022-06-02T04:23:27	838	3600	12.3	18.5	100.0	100.0	991.1
2022-06-02T05:25:27	872	3600	12.3	18.1	100.0	100.0	991.3
2022-06-02T06:27:27	883	3600	12.3	18.1	100.0	100.0	991.8
2022-06-02T07:28:27	901	3600	12.6	20.2	100.0	100.0	992.1
2022-06-02T08:30:27	899	3600	13.3	24.3	100.0	100.0	992.2
2022-06-02T09:32:27	860	3600	14.1	28.8	100.0	100.0	992.0
2022-06-02T10:33:27	854	3600	13.9	31.9	100.0	100.0	991.8
2022-06-02T11:35:27	875	3600	13.2	32.6	100.0	100.0	991.4
2022-06-02T12:37:27	872	3600	13.2	32.3	100.0	100.0	991.0
2022-06-02T13:39:27	850	3600	13.2	32.4	100.0	100.0	990.3
2022-06-02T14:41:27	852	3600	13.2	32.3	100.0	100.0	989.8
2022-06-02T15:42:27	897	3600	13.2	33.8	100.0	100.0	989.2
2022-06-02T16:44:27	910	3600	12.6	30.6	100.0	100.0	989.4
2022-06-02T17:46:27	898	3600	14.0	30.4	100.0	100.0	989.3
2022-06-02T18:48:27	923	3600	14.0	30.9	100.0	100.0	989.2
2022-06-02T19:50:27	851	3600	12.5	29.1	100.0	100.0	989.4
2022-06-02T20:52:27	906	3600	12.5	28.0	100.0	100.0	990.1
2022-06-02T21:54:27	855	3600	12.5	26.9	100.0	100.0	990.8
2022-06-02T22:55:27	902	3600	12.5	25.0	100.0	100.0	991.5
2022-06-02T23:57:27	872	3600	12.4	23.4	100.0	100.0	992.3
2022-06-03T00:59:27	877	3600	12.4	22.7	100.0	100.0	992.5
2022-06-03T02:00:27	863	3600	12.4	22.5	100.0	100.0	992.8
2022-06-03T03:02:27	808	3600	12.3	22.2	100.0	100.0	993.2
2022-06-03T04:04:27	876	3600	12.3	22.0	100.0	100.0	993.7
2022-06-03T05:06:27	843	3600	12.3	21.3	100.0	100.0	993.8
2022-06-03T06:07:27	852	3600	12.3	21.5	100.0	100.0	994.0
2022-06-03T07:09:27	852	3600	12.3	21.9	100.0	100.0	994.5
2022-06-03T08:11:27	866	3600	12.9	23.6	100.0	100.0	994.4
2022-06-03T09:12:27	874	3600	13.3	26.1	100.0	100.0	994.5
2022-06-03T10:14:27	796	3600	14.0	26.9	100.0	100.0	993.6
2022-06-03T11:16:27	900	3600	13.4	30.5	100.0	100.0	993.0
2022-06-03T12:18:27	812	3600	13.3	31.4	100.0	100.0	993.1
2022-06-03T13:19:27	900	3600	13.3	30.4	100.0	100.0	992.9
2022-06-03T14:21:27	890	3600	13.1	28.9	100.0	100.0	992.4
2022-06-03T15:23:27	845	3600	13.3	28.4	100.0	100.0	992.5
2022-06-03T16:24:27	860	3600	12.7	25.1	100.0	100.0	992.8
2022-06-03T17:26:27	822	3600	13.0	23.7	100.0	100.0	992.6
2022-06-03T18:28:27	803	3600	13.4	24.4	100.0	100.0	992.5
2022-06-03T19:29:27	907	3600	12.5	24.2	100.0	100.0	992.5
2022-06-03T20:32:27	830	3600	12.5	23.6	100.0	100.0	992.9
2022-06-03T21:34:27	863	3600	12.4	22.6	100.0	100.0	993.1
2022-06-03T22:35:27	871	3600	12.4	22.0	100.0	100.0	993.3
2022-06-03T23:37:27	806	3600	12.4	21.4	100.0	100.0	993.6
2022-06-04T00:39:27	884	3600	12.4	20.7	100.0	100.0	993.9
2022-06-04T01:41:27	855	3600	12.4	20.4	100.0	100.0	994.0
2022-06-04T02:43:27	818	3600	12.3	19.9	100.0	100.0	994.2
2022-06-04T03:44:27	857	3600	12.3	20.0	100.0	100.0	993.9
2022-06-04T04:47:27	866	3600	12.3	19.9	100.0	100.0	993.7
2022-06-04T05:49:27	861	3600	12.2	19.5	100.0	100.0	993.7
2022-06-04T06:51:27	859	3600	12.3	20.1	100.0	100.0	994.1
2022-06-04T07:53:27	891	3600	12.8	20.8	100.0	100.0	994.7
2022-06-04T08:54:27	801	3600	13.5	26.7	100.0	100.0	994.0
2022-06-04T09:56:27	863	3600	13.4	30.0	100.0	100.0	993.8
2022-06-04T10:58:27	829	3600	13.3	33.0	100.0	100.0	993.4
2022-06-04T11:59:27	895	3600	13.2	33.6	100.0	100.0	992.7
2022-06-04T13:01:27	879	3600	13.2	33.8	100.0	100.0	991.8
2022-06-04T14:03:27	899	3600	13.1	34.5	100.0	100.0	991.0
2022-06-04T15:05:27	910	3600	13.2	35.0	100.0	100.0	990.4
2022-06-04T16:07:27	880	3600	13.2	34.4	100.0	100.0	990.1
2022-06-04T17:09:27	896	3600	13.2	33.9	100.0	100.0	989.5
2022-06-04T18:11:27	912	3600	13.2	33.8	100.0	100.0	989.5
2022-06-04T19:13:27	884	3600	12.9	32.5	100.0	100.0	989.5
2022-06-04T20:14:27	887	3600	12.5	30.6	100.0	100.0	989.9
2022-06-04T21:16:27	895	3600	12.5	29.0	100.0	100.0	990.9
2022-06-04T22:18:27	925	3600	12.5	25.9	100.0	100.0	991.7
2022-06-04T23:20:27	833	3600	12.5	24.2	100.0	100.0	992.1
2022-06-05T00:22:27	842	3600	12.4	23.8	100.0	100.0	992.3
2022-06-05T01:23:27	855	3600	12.4	22.8	100.0	100.0	992.7
2022-06-05T02:25:27	844	3600	12.3	22.2	100.0	100.0	992.3
2022-06-05T03:27:27	877	3600	12.3	21.9	100.0	100.0	992.6
2022-06-05T04:29:27	872	3600	12.3	21.5	100.0	100.0	992.1
2022-06-05T05:31:27	859	3600	12.3	21.1	100.0	100.0	991.9
2022-06-05T06:33:27	944	3600	12.3	21.3	100.0	100.0	991.9
2022-06-05T07:35:27	875	3600	13.0	24.1	100.0	100.0	992.0
2022-06-05T08:36:27	946	3600	13.4	25.7	100.0	100.0	991.9
2022-06-05T09:38:27	887	3600	13.5	28.5	100.0	100.0	991.2
2022-06-05T10:40:27	854	3600	13.3	32.3	100.0	100.0	990.1
2022-06-05T11:42:27	863	3600	13.2	34.8	100.0	100.0	989.0
2022-06-05T12:43:27	914	3600	13.3	33.6	100.0	100.0	988.4
2022-06-05T13:46:27	942	3600	13.2	35.7	100.0	100.0	987.5
2022-06-05T14:47:27	859	3600	13.1	36.4	100.0	100.0	986.7
2022-06-05T15:49:27	952	3600	13.2	35.9	100.0	100.0	985.7
2022-06-05T16:50:27	902	3600	13.2	34.4	100.0	100.0	985.2
2022-06-05T17:52:27	942	3600	13.1	31.8	100.0	100.0	985.4
2022-06-05T18:54:27	933	3600	12.5	26.2	100.0	100.0	987.0
2022-06-05T19:56:27	871	3600	12.4	22.9	100.0	100.0	989.8
2022-06-05T20:58:27	868	3600	12.4	22.5	100.0	100.0	990.2
2022-06-05T21:59:27	897	3600	12.4	21.2	100.0	100.0	991.4
2022-06-05T23:01:27	939	3600	12.4	20.1	100.0	100.0	991.9
2022-06-06T00:03:27	860	3600	12.3	19.4	100.0	100.0	992.5
2022-06-06T01:05:27	898	3600	12.4	18.7	100.0	100.0	992.7
2022-06-06T02:06:27	925	3600	12.3	18.2	100.0	100.0	992.6
2022-06-06T03:08:27	884	3600	12.2	17.7	100.0	100.0	992.3
2022-06-06T04:10:27	896	3600	12.3	16.9	100.0	100.0	992.2
2022-06-06T05:11:27	855	3600	12.2	16.7	100.0	100.0	992.4
2022-06-06T06:13:27	916	3600	12.2	16.1	100.0	100.0	992.5
2022-06-06T07:15:27	893	3600	12.2	18.3	100.0	100.0	992.8
2022-06-06T08:17:27	869	3600	13.2	22.6	100.0	100.0	992.9
2022-06-06T09:18:27	953	3600	14.1	26.6	100.0	100.0	992.6
2022-06-06T10:21:27	910	3600	13.9	30.9	100.0	100.0	992.0
2022-06-06T11:22:27	860	3600	13.3	32.5	100.0	100.0	991.1
2022-06-06T12:24:27	900	3600	13.3	32.9	100.0	100.0	990.3
2022-06-06T13:26:27	918	3600	13.2	33.7	100.0	100.0	989.4
2022-06-06T14:28:27	852	3600	13.2	34.6	100.0	100.0	988.7
2022-06-06T15:30:27	900	3600	13.2	35.3	100.0	100.0	988.1
2022-06-06T16:32:27	934	3600	13.2	34.6	100.0	100.0	987.6
2022-06-06T17:34:27	903	3600	13.2	33.8	100.0	100.0	987.4
2022-06-06T18:36:27	947	3600	13.3	32.6	100.0	100.0	987.0
2022-06-06T19:37:27	889	3600	12.6	31.4	100.0	100.0	987.0
2022-06-06T20:39:27	910	3600	12.5	29.0	100.0	100.0	987.3
2022-06-06T21:41:27	931	3600	12.4	28.4	100.0	100.0	988.0
2022-06-06T22:43:27	880	3600	12.4	24.9	100.0	100.0	988.0
2022-06-06T23:44:27	946	3600	12.4	24.5	100.0	100.0	988.4
2022-06-07T00:46:27	896	3600	12.4	24.3	100.0	100.0	988.6
2022-06-07T01:48:27	914	3600	12.4	22.9	100.0	100.0	988.1
2022-06-07T02:49:27	951	3600	12.4	22.5	100.0	100.0	987.7
2022-06-07T03:52:27	863	3600	12.3	20.5	100.0	100.0	988.1
2022-06-07T04:53:27	882	3600	12.3	18.7	100.0	100.0	989.0
2022-06-07T05:55:27	832	3600	12.3	18.5	100.0	100.0	989.5
2022-06-07T06:57:27	875	3600	12.2	18.8	100.0	100.0	989.9
2022-06-07T07:59:27	849	3600	12.3	18.8	100.0	100.0	989.8
2022-06-07T09:01:27	891	3600	12.3	19.2	100.0	100.0	989.9
2022-06-07T10:03:27	874	3600	13.6	21.5	100.0	100.0	989.2
2022-06-07T11:04:27	844	3600	14.1	26.0	100.0	100.0	988.1
2022-06-07T12:06:27	863	3600	13.7	28.4	100.0	100.0	987.2
2022-06-07T13:08:27	888	3600	13.4	26.4	100.0	100.0	987.1
2022-06-07T14:10:27	837	3600	13.6	22.7	100.0	100.0	987.7
2022-06-07T15:11:27	889	3600	12.8	21.1	100.0	100.0	989.0
2022-06-07T16:13:27	882	3600	14.3	20.9	100.0	100.0	988.6
2022-06-07T17:15:27	886	3600	14.3	21.6	100.0	100.0	988.4
2022-06-07T18:16:27	875	3600	13.5	23.2	100.0	100.0	987.7
2022-06-07T19:18:27	900	3600	13.0	23.9	100.0	100.0	987.4
2022-06-07T20:20:27	874	3600	12.5	21.2	100.0	100.0	987.3
2022-06-07T21:22:27	882	3600	12.5	18.7	100.0	100.0	987.7
2022-06-07T22:24:27	944	3600	12.5	18.1	100.0	100.0	988.3
2022-06-07T23:25:27	863	3600	12.4	17.3	100.0	100.0	988.2
2022-06-08T00:27:27	904	3600	12.4	16.7	100.0	100.0	988.1
2022-06-08T01:29:27	867	3600	12.3	16.3	100.0	100.0	987.7
2022-06-08T02:31:27	859	3600	12.4	15.7	100.0	100.0	987.5
2022-06-08T03:32:27	851	3600	12.3	15.4	100.0	100.0	987.3
2022-06-08T04:35:27	887	3600	12.3	14.8	100.0	100.0	987.3
2022-06-08T05:36:27	928	3600	12.3	14.5	100.0	100.0	987.6
2022-06-08T06:38:27	909	3600	12.3	15.0	100.0	100.0	987.8
2022-06-08T07:40:27	894	3600	12.6	18.6	100.0	100.0	987.6
2022-06-08T08:42:27	947	3600	13.4	22.8	100.0	100.0	987.4
2022-06-08T09:43:27	889	3600	14.1	26.9	100.0	100.0	986.4
2022-06-08T10:45:27	912	3600	14.0	30.0	100.0	100.0	985.5
2022-06-08T11:47:27	965	3600	13.3	30.5	100.0	100.0	984.7
2022-06-08T12:48:27	914	3600	13.3	30.5	100.0	100.0	983.8
2022-06-08T13:50:27	903	3600	13.3	31.5	100.0	100.0	982.7
2022-06-08T14:52:27	927	3600	13.3	31.5	100.0	100.0	982.3
2022-06-08T15:53:27	926	3600	13.3	31.4	100.0	100.0	981.5
2022-06-08T16:55:27	914	3600	13.3	30.3	100.0	100.0	980.9
2022-06-08T17:57:27	994	3600	13.4	28.6	100.0	100.0	980.8
2022-06-08T18:59:27	944	3600	12.8	27.2	100.0	100.0	980.7
2022-06-08T20:01:27	892	3600	12.5	26.4	100.0	100.0	981.0
2022-06-08T21:03:27	937	3600	12.5	25.5	100.0	100.0	981.1
2022-06-08T22:04:27	880	3600	12.5	24.0	100.0	100.0	982.0
2022-06-08T23:06:27	897	3600	12.4	23.0	100.0	100.0	982.0
2022-06-09T00:08:27	947	3600	12.4	20.0	100.0	100.0	983.7
2022-06-09T01:09:27	907	3600	12.3	18.1	100.0	100.0	984.6
2022-06-09T02:11:27	890	3600	12.4	17.3	100.0	100.0	984.3
2022-06-09T03:13:27	832	3600	12.3	17.2	100.0	100.0	984.2
2022-06-09T04:15:27	889	3600	12.3	16.7	100.0	100.0	983.9
2022-06-09T05:17:27	928	3600	12.3	16.3	100.0	100.0	983.7
2022-06-09T06:18:27	944	3600	12.3	16.0	100.0	100.0	983.5
2022-06-09T07:20:27	875	3600	12.3	16.0	100.0	100.0	983.8
2022-06-09T08:22:27	953	3600	13.0	19.2	100.0	100.0	984.2
2022-06-09T09:23:27	928	3600	14.2	23.1	100.0	100.0	984.2
2022-06-09T10:25:27	961	3600	13.6	23.2	100.0	100.0	983.9
2022-06-09T11:27:27	861	3600	13.6	22.7	100.0	100.0	984.1
2022-06-09T12:29:27	911	3600	13.5	24.8	100.0	100.0	983.9
2022-06-09T13:30:27	929	3600	13.5	26.2	100.0	100.0	983.6
2022-06-09T14:32:27	938	3600	13.4	27.5	100.0	100.0	983.6
2022-06-09T15:34:27	954	3600	13.2	29.5	100.0	100.0	983.2
2022-06-09T16:36:27	911	3600	13.4	29.2	100.0	100.0	982.7
2022-06-09T17:37:27	938	3600	13.3	28.7	100.0	100.0	983.2
2022-06-09T18:39:27	980	3600	13.5	27.4	100.0	100.0	983.6
2022-06-09T19:41:27	890	3600	12.8	26.3	100.0	100.0	984.9
2022-06-09T20:42:27	913	3600	12.5	25.2	100.0	100.0	986.1
2022-06-09T21:44:27	916	3600	12.5	23.6	100.0	100.0	987.3
2022-06-09T22:46:27	888	3600	12.5	22.5	100.0	100.0	988.3
2022-06-09T23:47:27	871	3600	12.5	21.7	100.0	100.0	989.0
2022-06-10T00:49:27	875	3600	12.4	21.6	100.0	100.0	989.5
2022-06-10T01:51:27	901	3600	12.4	21.2	100.0	100.0	989.7
2022-06-10T02:53:27	950	3600	12.4	21.7	100.0	100.0	990.0
2022-06-10T03:54:27	911	3600	12.4	21.3	100.0	100.0	990.5
2022-06-10T04:56:27	931	3600	12.3	21.1	100.0	100.0	990.9
2022-06-10T05:58:27	865	3600	12.3	20.1	100.0	100.0	991.4
2022-06-10T07:00:27	947	3600	12.5	20.5	100.0	100.0	991.8
2022-06-10T08:01:27	920	3600	12.9	23.9	100.0	100.0	992.3
2022-06-10T09:03:27	846	3600	13.8	24.4	100.0	100.0	992.6
2022-06-10T10:05:27	904	3600	14.0	31.1	100.0	100.0	992.4
2022-06-10T11:07:27	929	3600	13.3	31.7	100.0	100.0	992.1
2022-06-10T12:09:27	947	3600	13.3	31.6	100.0	100.0	991.9
2022-06-10T13:11:27	961	3600	13.2	32.0	100.0	100.0	991.2
2022-06-10T14:13:27	846	3600	13.3	32.9	100.0	100.0	990.8
2022-06-10T15:15:27	906	3600	13.3	32.7	100.0	100.0	990.4
2022-06-10T16:17:27	854	3600	13.2	32.9	100.0	100.0	990.1
2022-06-10T17:19:27	906	3600	13.2	33.1	100.0	100.0	989.7
2022-06-10T18:21:27	883	3600	13.2	32.4	100.0	100.0	989.7
2022-06-10T19:22:27	920	3600	12.6	31.3	100.0	100.0	990.1
2022-06-10T20:24:27	907	3600	12.5	28.0	100.0	100.0	990.8
2022-06-10T21:26:27	921	3600	12.4	23.1	100.0	100.0	992.0
2022-06-10T22:27:27	910	3600	12.4	20.3	100.0	100.0	993.3
2022-06-10T23:29:27	894	3600	12.4	19.6	100.0	100.0	994.2
2022-06-11T00:31:27	871	3600	12.4	18.8	100.0	100.0	994.6
2022-06-11T01:33:27	872	3600	12.4	18.5	100.0	100.0	994.9
2022-06-11T02:34:27	929	3600	12.3	18.0	100.0	100.0	995.1
2022-06-11T03:36:27	919	3600	12.3	17.5	100.0	100.0	995.2
2022-06-11T04:38:27	809	3600	12.3	17.0	100.0	100.0	995.2
2022-06-11T05:40:27	875	3600	12.3	16.5	100.0	100.0	995.8
2022-06-11T06:41:27	878	3600	12.3	16.6	100.0	100.0	996.1
2022-06-11T07:43:27	875	3600	12.8	20.0	100.0	100.0	996.5
2022-06-11T08:45:27	838	3600	13.5	25.6	100.0	100.0	996.3
2022-06-11T09:46:27	890	3600	14.0	30.2	100.0	100.0	995.6
2022-06-11T10:48:27	828	3600	14.0	32.2	100.0	100.0	995.2
2022-06-11T11:50:27	850	3600	13.2	33.0	100.0	100.0	994.5
2022-06-11T12:52:27	850	3600	13.2	33.6	100.0	100.0	993.8
2022-06-11T13:53:27	883	3600	13.2	34.1	100.0	100.0	993.1
2022-06-11T14:55:27	966	3600	13.2	34.6	100.0	100.0	992.4
2022-06-11T15:57:27	882	3600	13.2	35.0	100.0	100.0	991.7
2022-06-11T16:58:27	913	3600	13.2	35.0	100.0	100.0	991.4
2022-06-11T18:00:27	904	3600	13.3	33.7	100.0	100.0	991.3
2022-06-11T19:02:27	877	3600	12.8	32.3	100.0	100.0	991.8
2022-06-11T20:04:27	869	3600	12.5	30.0	100.0	100.0	992.6
2022-06-11T21:05:27	877	3600	12.5	27.4	100.0	100.0	993.3
2022-06-11T22:07:27	832	3600	12.5	23.1	100.0	100.0	994.2
2022-06-11T23:09:27	907	3600	12.4	22.1	100.0	100.0	994.8
2022-06-12T00:10:27	901	3600	12.4	21.6	100.0	100.0	995.4
2022-06-12T01:12:27	905	3600	12.4	20.7	100.0	100.0	996.0
2022-06-12T02:14:27	863	3600	12.4	19.7	100.0	100.0	996.2
2022-06-12T03:16:27	813	3600	12.3	19.2	100.0	100.0	996.6
2022-06-12T04:17:27	828	3600	12.3	18.6	100.0	100.0	996.7
2022-06-12T05:19:27	852	3600	12.3	17.7	100.0	100.0	996.9
2022-06-12T06:21:27	817	3600	12.3	17.5	100.0	100.0	997.4
2022-06-12T07:23:27	833	3600	12.4	20.4	100.0	100.0	997.6
2022-06-12T08:25:27	839	3600	13.3	25.4	100.0	100.0	997.4
2022-06-12T09:27:27	857	3600	14.0	30.1	100.0	100.0	997.1
2022-06-12T10:29:27	871	3600	13.9	33.1	100.0	100.0	996.4
2022-06-12T11:31:27	890	3600	13.3	33.8	100.0	100.0	995.5
2022-06-12T12:33:27	831	3600	13.3	34.1	100.0	100.0	994.2
2022-06-12T13:35:27	914	3600	13.3	33.9	100.0	100.0	993.3
2022-06-12T14:36:27	928	3600	13.2	35.4	100.0	100.0	992.1
2022-06-12T15:38:27	893	3600	13.2	35.7	100.0	100.0	991.6
2022-06-12T16:40:27	908	3600	13.1	35.2	100.0	100.0	991.0
2022-06-12T17:41:27	925	3600	13.2	34.8	100.0	100.0	990.5
2022-06-12T18:43:27	934	3600	13.3	33.6	100.0	100.0	990.4
2022-06-12T19:45:27	882	3600	12.6	32.2	100.0	100.0	990.7
2022-06-12T20:47:27	921	3600	12.5	29.9	100.0	100.0	991.4
2022-06-12T21:48:27	959	3600	12.5	27.3	100.0	100.0	991.9
2022-06-12T22:50:27	926	3600	12.4	24.2	100.0	100.0	992.0
2022-06-12T23:52:27	886	3600	12.4	23.6	100.0	100.0	992.2
2022-06-13T00:53:27	866	3600	12.4	23.0	100.0	100.0	992.3
2022-06-13T01:55:27	869	3600	12.4	21.9	100.0	100.0	992.1
2022-06-13T02:57:27	890	3600	12.3	21.2	100.0	100.0	992.0
2022-06-13T03:59:27	935	3600	12.3	20.8	100.0	100.0	991.9
2022-06-13T05:00:27	846	3600	12.3	21.2	100.0	100.0	992.3
2022-06-13T06:02:27	904	3600	12.3	20.4	100.0	100.0	992.6
2022-06-13T07:04:27	922	3600	12.4	20.4	100.0	100.0	992.3
2022-06-13T08:05:27	853	3600	12.7	22.3	100.0	100.0	992.4
2022-06-13T09:07:27	921	3600	13.5	28.5	100.0	100.0	992.3
2022-06-13T10:09:27	846	3600	13.9	31.8	100.0	100.0	992.1
2022-06-13T11:10:27	889	3600	14.0	29.7	100.0	100.0	991.6
2022-06-13T12:12:27	889	3600	13.4	29.6	100.0	100.0	991.2
2022-06-13T13:14:27	918	3600	13.3	33.0	100.0	100.0	990.5
2022-06-13T14:16:27	885	3600	13.2	31.6	100.0	100.0	990.5
2022-06-13T15:17:27	970	3600	13.2	32.1	100.0	100.0	989.6
2022-06-13T16:19:27	904	3600	13.3	30.2	100.0	100.0	989.4
2022-06-13T17:21:27	941	3600	13.3	32.7	100.0	100.0	988.6
2022-06-13T18:23:27	931	3600	13.3	32.4	100.0	100.0	988.6
2022-06-13T19:25:27	842	3600	12.5	29.8	100.0	100.0	988.7
2022-06-13T20:28:27	945	3600	12.4	26.9	100.0	100.0	989.1
2022-06-13T21:29:27	890	3600	12.4	24.0	100.0	100.0	989.5
2022-06-13T22:32:27	863	3600	12.5	23.2	100.0	100.0	990.5
2022-06-13T23:33:27	873	3600	12.4	21.8	100.0	100.0	990.9
2022-06-14T00:35:27	882	3600	12.4	20.7	100.0	100.0	991.5
2022-06-14T01:37:27	902	3600	12.4	20.0	100.0	100.0	992.4
2022-06-14T02:38:27	884	3600	12.4	19.3	100.0	100.0	992.7
2022-06-14T03:41:27	913	3600	12.3	18.7	100.0	100.0	992.9
2022-06-14T04:43:27	909	3600	12.3	18.0	100.0	100.0	993.3
2022-06-14T05:44:27	955	3600	12.3	17.3	100.0	100.0	993.6
2022-06-14T06:46:27	885	3600	12.3	17.3	100.0	100.0	994.2
2022-06-14T07:48:27	999	3600	13.0	20.1	100.0	100.0	994.4
2022-06-14T08:49:27	933	3600	13.5	23.9	100.0	100.0	994.4
2022-06-14T09:51:27	908	3600	14.0	29.2	100.0	100.0	994.1
2022-06-14T10:53:27	946	3600	13.3	32.4	100.0	100.0	993.5
2022-06-14T11:54:27	893	3600	13.3	32.7	100.0	100.0	992.7
2022-06-14T12:56:27	904	3600	13.3	33.3	100.0	100.0	992.1
2022-06-14T13:58:27	882	3600	13.2	34.0	100.0	100.0	991.5
2022-06-14T15:00:27	911	3600	13.2	34.2	100.0	100.0	990.9
2022-06-14T16:01:27	926	3600	13.2	34.0	100.0	100.0	990.4
2022-06-14T17:03:27	888	3600	13.2	33.2	100.0	100.0	990.1
2022-06-14T18:05:27	979	3600	13.2	33.0	100.0	100.0	990.0
2022-06-14T19:07:27	876	3600	12.8	31.2	100.0	100.0	990.1
2022-06-14T20:09:27	940	3600	12.6	29.6	100.0	100.0	990.8
2022-06-14T21:10:27	901	3600	12.5	28.3	100.0	100.0	991.4
2022-06-14T22:13:27	908	3600	12.5	26.6	100.0	100.0	992.1
2022-06-14T23:14:27	859	3600	12.4	24.4	100.0	100.0	992.5
2022-06-15T00:16:27	923	3600	12.4	22.3	100.0	100.0	992.9
2022-06-15T01:18:27	929	3600	12.4	22.1	100.0	100.0	993.3
2022-06-15T02:19:27	887	3600	12.3	22.3	100.0	100.0	993.3
2022-06-15T03:21:27	882	3600	12.4	22.0	100.0	100.0	993.4
2022-06-15T04:23:27	878	3600	12.3	21.2	100.0	100.0	993.5
2022-06-15T05:25:27	946	3600	12.3	20.5	100.0	100.0	993.5
2022-06-15T06:27:27	885	3600	12.3	20.3	100.0	100.0	993.8
2022-06-15T07:29:27	869	3600	12.7	22.4	100.0	100.0	993.9
2022-06-15T08:30:27	884	3600	13.3	26.4	100.0	100.0	993.8
2022-06-15T09:32:27	908	3600	14.0	31.3	100.0	100.0	993.7
2022-06-15T10:35:27	884	3600	13.9	33.8	100.0	100.0	993.2
2022-06-15T11:36:27	906	3600	13.3	34.0	100.0	100.0	992.7
2022-06-15T12:39:27	904	3600	13.2	34.6	100.0	100.0	992.0
2022-06-15T13:40:27	869	3600	13.2	34.7	100.0	100.0	991.4
2022-06-15T14:42:27	948	3600	13.2	34.8	100.0	100.0	990.9
2022-06-15T15:44:27	844	3600	13.4	31.3	100.0	100.0	990.7
2022-06-15T16:45:27	897	3600	13.4	30.6	100.0	100.0	990.8
2022-06-15T17:47:27	945	3600	12.5	28.8	100.0	100.0	991.2
2022-06-15T18:49:27	948	3600	13.0	25.5	100.0	100.0	991.4
2022-06-15T19:50:27	914	3600	12.6	27.0	100.0	100.0	991.8
2022-06-15T20:52:27	893	3600	12.4	23.9	100.0	100.0	992.1
2022-06-15T21:54:27	879	3600	12.4	22.9	100.0	100.0	993.0
2022-06-15T22:56:27	840	3600	12.4	22.9	100.0	100.0	993.6
2022-06-15T23:57:27	868	3600	12.4	22.6	100.0	100.0	994.0
2022-06-16T00:59:27	869	3600	12.4	22.3	100.0	100.0	993.4
2022-06-16T02:01:27	873	3600	12.4	22.2	100.0	100.0	993.4
2022-06-16T03:03:27	936	3600	12.3	21.4	100.0	100.0	993.5
2022-06-16T04:05:27	924	3600	12.3	21.0	100.0	100.0	993.5
2022-06-16T05:07:27	835	3600	12.3	20.4	100.0	100.0	993.0
2022-06-16T06:09:27	865	3600	12.3	20.3	100.0	100.0	993.3
2022-06-16T07:11:27	829	3600	12.4	21.3	100.0	100.0	993.4
2022-06-16T08:12:27	885	3600	13.1	25.2	100.0	100.0	993.4
2022-06-16T09:14:27	914	3600	13.4	27.5	100.0	100.0	993.4
2022-06-16T10:16:27	860	3600	13.4	29.0	100.0	100.0	992.5
2022-06-16T11:17:27	907	3600	13.3	32.3	100.0	100.0	992.0
2022-06-16T12:20:27	833	3600	13.2	33.8	100.0	100.0	992.1
2022-06-16T13:21:27	935	3600	13.3	29.8	100.0	100.0	993.2
2022-06-16T14:24:27	867	3600	13.2	32.2	100.0	100.0	992.1
2022-06-16T15:25:27	888	3600	13.2	34.2	100.0	100.0	991.0
2022-06-16T16:27:27	862	3600	13.3	32.3	100.0	100.0	990.5
2022-06-16T17:29:27	887	3600	13.2	33.6	100.0	100.0	990.0
2022-06-16T18:30:27	928	3600	13.2	34.1	100.0	100.0	989.9
2022-06-16T19:33:27	961	3600	12.6	29.8	100.0	100.0	990.1
2022-06-16T20:34:27	914	3600	12.5	26.9	100.0	100.0	990.6
2022-06-16T21:36:27	958	3600	12.5	25.6	100.0	100.0	991.3
2022-06-16T22:38:27	902	3600	12.5	24.7	100.0	100.0	992.6
2022-06-16T23:39:27	841	3600	12.4	24.0	100.0	100.0	993.0
2022-06-17T00:41:27	825	3600	12.4	23.3	100.0	100.0	993.5
2022-06-17T01:43:27	880	3600	12.4	22.8	100.0	100.0	993.7
2022-06-17T02:45:27	956	3600	12.4	21.6	100.0	100.0	993.6
2022-06-17T03:46:27	865	3600	12.3	21.4	100.0	100.0	993.8
2022-06-17T04:48:27	861	3600	12.3	20.2	100.0	100.0	994.1
2022-06-17T05:50:27	887	3600	12.2	19.6	100.0	100.0	994.7
2022-06-17T06:52:27	947	3600	12.3	19.7	100.0	100.0	995.2
2022-06-17T07:53:27	891	3600	13.1	22.5	100.0	100.0	995.3
2022-06-17T08:55:27	879	3600	13.5	26.5	100.0	100.0	995.4
2022-06-17T09:57:27	858	3600	14.0	29.7	100.0	100.0	994.9
2022-06-17T10:58:27	838	3600	13.3	32.3	100.0	100.0	994.6
2022-06-17T12:00:27	902	3600	13.2	34.5	100.0	100.0	994.2
2022-06-17T13:02:27	825	3600	13.2	36.0	100.0	100.0	993.4
2022-06-17T14:04:27	949	3600	13.1	36.2	100.0	100.0	992.6
2022-06-17T15:05:27	949	3600	13.1	37.3	100.0	100.0	992.1
2022-06-17T16:07:27	933	3600	13.1	38.2	100.0	100.0	991.8
2022-06-17T17:09:27	940	3600	13.1	38.2	100.0	100.0	991.4
2022-06-17T18:10:27	958	3600	13.1	37.8	100.0	100.0	990.8
2022-06-17T19:12:27	944	3600	12.8	35.3	100.0	100.0	991.3
2022-06-17T20:14:27	924	3600	12.6	31.6	100.0	100.0	992.2
2022-06-17T21:15:27	883	3600	12.5	27.0	100.0	100.0	993.2
2022-06-17T22:17:27	922	3600	12.4	25.0	100.0	100.0	994.5
2022-06-17T23:19:27	901	3600	12.4	24.7	100.0	100.0	995.5
2022-06-18T00:21:27	876	3600	12.4	24.0	100.0	100.0	996.0
2022-06-18T01:22:27	900	3600	12.4	23.1	100.0	100.0	996.4
2022-06-18T02:24:27	876	3600	12.3	22.3	100.0	100.0	996.5
2022-06-18T03:26:27	896	3600	12.3	21.6	100.0	100.0	996.7
2022-06-18T04:28:27	884	3600	12.3	20.7	100.0	100.0	996.9
2022-06-18T05:29:27	823	3600	12.3	20.2	100.0	100.0	996.8
2022-06-18T06:31:27	874	3600	12.3	20.4	100.0	100.0	997.3
2022-06-18T07:33:27	808	3600	12.8	22.9	100.0	100.0	997.8
2022-06-18T08:35:27	844	3600	13.2	26.2	100.0	100.0	997.9
2022-06-18T09:37:27	878	3600	14.0	31.0	100.0	100.0	997.3
2022-06-18T10:38:27	868	3600	13.9	33.1	100.0	100.0	996.2
2022-06-18T11:40:27	878	3600	13.2	34.6	100.0	100.0	995.7
2022-06-18T12:42:27	877	3600	13.2	34.8	100.0	100.0	994.8
2022-06-18T13:44:27	883	3600	13.1	35.9	100.0	100.0	994.0
2022-06-18T14:45:27	906	3600	13.2	36.3	100.0	100.0	993.3
2022-06-18T15:47:27	906	3600	13.1	36.3	100.0	100.0	992.5
2022-06-18T16:49:27	845	3600	13.3	36.0	100.0	100.0	991.9
2022-06-18T17:51:27	912	3600	13.2	35.2	100.0	100.0	991.3
2022-06-18T18:52:27	957	3600	13.3	33.8	100.0	100.0	991.3
2022-06-18T19:54:27	943	3600	12.6	32.1	100.0	100.0	991.6
2022-06-18T20:56:27	967	3600	12.5	30.3	100.0	100.0	991.7
2022-06-18T21:58:27	880	3600	12.4	29.6	100.0	100.0	992.5
2022-06-18T22:59:27	914	3600	12.5	28.9	100.0	100.0	992.7
2022-06-19T00:01:27	922	3600	12.4	25.2	100.0	100.0	992.9
2022-06-19T01:03:27	924	3600	12.4	24.2	100.0	100.0	993.3
2022-06-19T02:04:27	889	3600	12.4	23.3	100.0	100.0	993.3
2022-06-19T03:06:27	901	3600	12.3	22.6	100.0	100.0	992.7
2022-06-19T04:09:27	953	3600	12.3	21.9	100.0	100.0	992.6
2022-06-19T05:12:27	921	3600	12.3	21.4	100.0	100.0	992.4
2022-06-19T06:14:27	954	3600	12.3	21.2	100.0	100.0	992.7
2022-06-19T07:15:27	912	3600	12.5	22.7	100.0	100.0	992.9
2022-06-19T08:17:27	898	3600	13.2	25.9	100.0	100.0	992.7
2022-06-19T09:19:27	880	3600	13.9	30.5	100.0	100.0	992.3
2022-06-19T10:20:27	920	3600	13.9	33.3	100.0	100.0	991.5
2022-06-19T11:22:27	898	3600	13.2	35.2	100.0	100.0	990.9
2022-06-19T12:24:27	932	3600	13.2	35.4	100.0	100.0	990.1
2022-06-19T13:26:27	917	3600	13.2	36.2	100.0	100.0	989.2
2022-06-19T14:27:27	936	3600	13.1	37.0	100.0	100.0	988.4
2022-06-19T15:29:27	971	3600	13.1	37.3	100.0	100.0	988.0
2022-06-19T16:31:27	939	3600	13.1	37.1	100.0	100.0	987.5
2022-06-19T17:32:27	909	3600	13.2	36.3	100.0	100.0	987.2
2022-06-19T18:34:27	942	3600	13.2	35.3	100.0	100.0	987.2
2022-06-19T19:36:27	920	3600	12.6	33.4	100.0	100.0	987.4
2022-06-19T20:37:27	947	3600	12.5	31.6	100.0	100.0	987.7
2022-06-19T21:39:27	968	3600	12.5	30.9	100.0	100.0	988.2
2022-06-19T22:41:27	929	3600	12.4	28.8	100.0	100.0	988.7
2022-06-19T23:43:27	956	3600	12.4	25.6	100.0	100.0	989.1
2022-06-20T00:44:27	942	3600	12.4	23.8	100.0	100.0	989.3
2022-06-20T01:46:27	916	3600	12.4	23.4	100.0	100.0	988.9
2022-06-20T02:48:27	966	3600	12.3	23.0	100.0	100.0	988.7
2022-06-20T03:50:27	854	3600	12.3	22.0	100.0	100.0	988.7
2022-06-20T04:52:27	998	3600	12.3	21.5	100.0	100.0	988.8
2022-06-20T05:53:27	957	3600	12.3	20.9	100.0	100.0	988.7
2022-06-20T06:55:27	968	3600	12.3	21.4	100.0	100.0	988.8
2022-06-20T07:57:27	1018	3600	13.0	24.4	100.0	100.0	988.6
2022-06-20T08:59:27	856	3600	13.5	28.1	100.0	100.0	988.2
2022-06-20T10:00:27	943	3600	13.9	32.2	100.0	100.0	987.7
2022-06-20T11:02:27	981	3600	13.3	34.3	100.0	100.0	987.1
2022-06-20T12:04:27	961	3600	13.2	34.9	100.0	100.0	986.3
2022-06-20T13:05:27	1000	3600	13.2	36.1	100.0	100.0	985.4
2022-06-20T14:07:27	963	3600	13.1	36.7	100.0	100.0	984.7
2022-06-20T15:09:27	952	3600	13.1	36.6	100.0	100.0	984.0
2022-06-20T16:11:27	963	3600	13.1	37.0	100.0	100.0	982.8
2022-06-20T17:13:27	1029	3600	13.1	36.6	100.0	100.0	982.1
2022-06-20T18:14:27	941	3600	13.1	35.8	100.0	100.0	982.2
2022-06-20T19:16:27	1019	3600	12.7	34.4	100.0	100.0	982.6
2022-06-20T20:18:27	919	3600	12.5	32.8	100.0	100.0	983.5
2022-06-20T21:20:27	924	3600	12.5	30.3	100.0	100.0	984.5
2022-06-20T22:21:27	928	3600	12.4	27.8	100.0	100.0	985.6
2022-06-20T23:23:27	969	3600	12.4	26.9	100.0	100.0	986.2
2022-06-21T00:25:27	931	3600	12.4	25.5	100.0	100.0	986.8
2022-06-21T01:26:27	939	3600	12.4	24.7	100.0	100.0	986.9
2022-06-21T02:28:27	930	3600	12.4	23.7	100.0	100.0	987.2
2022-06-21T03:30:27	1008	3600	12.3	22.9	100.0	100.0	987.4
2022-06-21T04:32:27	924	3600	12.3	22.1	100.0	100.0	987.2
2022-06-21T05:33:27	1010	3600	12.2	21.9	100.0	100.0	987.5
2022-06-21T06:35:27	977	3600	12.3	22.1	100.0	100.0	988.0
2022-06-21T07:37:27	936	3600	12.9	24.0	100.0	100.0	987.9
2022-06-21T08:39:27	991	3600	13.3	27.1	100.0	100.0	988.1
2022-06-21T09:40:27	917	3600	13.3	30.6	100.0	100.0	987.8
2022-06-21T10:42:27	936	3600	13.4	30.0	100.0	100.0	987.4
2022-06-21T11:44:27	947	3600	13.3	33.2	100.0	100.0	986.6
2022-06-21T12:45:27	933	3600	13.3	33.8	100.0	100.0	986.3
2022-06-21T13:47:27	953	3600	13.2	35.1	100.0	100.0	985.7
2022-06-21T14:49:27	958	3600	13.1	36.1	100.0	100.0	984.6
2022-06-21T15:52:27	911	3600	14.0	27.6	100.0	100.0	986.5
2022-06-21T16:53:27	883	3600	12.5	25.9	100.0	100.0	986.6
2022-06-21T17:55:27	848	3600	14.0	28.1	100.0	100.0	986.9
2022-06-21T18:57:27	863	3600	13.0	28.4	100.0	100.0	986.4
2022-06-21T19:59:27	867	3600	12.4	26.1	100.0	100.0	986.4
2022-06-21T21:01:27	884	3600	12.5	25.6	100.0	100.0	987.5
2022-06-21T22:02:27	823	3600	12.4	24.6	100.0	100.0	988.4
2022-06-21T23:04:27	928	3600	12.4	23.8	100.0	100.0	988.9
2022-06-22T00:06:27	892	3600	12.4	22.6	100.0	100.0	989.4
2022-06-22T01:08:27	885	3600	12.4	21.5	100.0	100.0	989.7
2022-06-22T02:10:27	811	3600	12.3	21.3	100.0	100.0	990.2
2022-06-22T03:11:27	898	3600	12.3	20.7	100.0	100.0	989.4
2022-06-22T04:13:27	905	3600	12.3	20.7	100.0	100.0	989.3
2022-06-22T05:15:27	842	3600	12.2	20.6	100.0	100.0	989.1
2022-06-22T06:16:27	897	3600	12.2	20.6	100.0	100.0	989.2
2022-06-22T07:19:27	839	3600	12.4	21.4	100.0	100.0	988.9
2022-06-22T08:20:27	857	3600	13.0	22.7	100.0	100.0	989.0
2022-06-22T09:22:27	829	3600	13.0	23.6	100.0	100.0	989.1
2022-06-22T10:24:27	877	3600	12.8	23.7	100.0	100.0	989.5
2022-06-22T11:26:27	809	3600	12.8	22.8	100.0	100.0	988.9
2022-06-22T12:28:27	857	3600	13.1	23.0	100.0	100.0	988.7
2022-06-22T13:30:27	856	3600	13.5	25.5	100.0	100.0	988.3
2022-06-22T14:32:27	857	3600	13.5	25.7	100.0	100.0	987.8
2022-06-22T15:33:27	828	3600	13.5	26.1	100.0	100.0	987.7
2022-06-22T16:35:27	891	3600	13.4	27.2	100.0	100.0	987.4
2022-06-22T17:37:27	840	3600	13.5	26.6	100.0	100.0	986.5
2022-06-22T18:39:27	846	3600	13.1	26.7	100.0	100.0	986.0
2022-06-22T19:40:27	899	3600	12.7	25.7	100.0	100.0	985.2
2022-06-22T20:42:27	898	3600	12.5	24.9	100.0	100.0	986.4
2022-06-22T21:44:27	803	3600	12.5	23.2	100.0	100.0	986.8
2022-06-22T22:45:27	867	3600	12.4	23.1	100.0	100.0	987.3
2022-06-22T23:47:27	831	3600	12.4	22.8	100.0	100.0	987.5
2022-06-23T00:49:27	850	3600	12.4	22.5	100.0	100.0	988.2
2022-06-23T01:51:27	897	3600	12.4	22.3	100.0	100.0	988.0
2022-06-23T02:53:27	905	3600	12.4	21.7	100.0	100.0	987.5
2022-06-23T03:55:27	919	3600	12.3	21.6	100.0	100.0	987.8
2022-06-23T04:56:27	840	3600	12.3	21.3	100.0	100.0	988.4
2022-06-23T05:58:27	865	3600	12.2	21.0	100.0	100.0	988.8
2022-06-23T07:00:27	867	3600	12.3	21.8	100.0	100.0	989.2
2022-06-23T08:02:27	915	3600	13.0	25.2	100.0	100.0	989.1
2022-06-23T09:03:27	864	3600	13.4	29.5	100.0	100.0	989.1
2022-06-23T10:05:27	847	3600	14.0	31.3	100.0	100.0	988.7
2022-06-23T11:07:27	881	3600	13.3	33.3	100.0	100.0	988.3
2022-06-23T12:08:27	850	3600	13.2	34.0	100.0	100.0	987.7
2022-06-23T13:10:27	902	3600	13.2	34.5	100.0	100.0	986.9
2022-06-23T14:12:27	902	3600	13.2	35.4	100.0	100.0	986.2
2022-06-23T15:14:27	869	3600	13.2	36.0	100.0	100.0	985.6
2022-06-23T16:16:27	872	3600	13.2	34.2	100.0	100.0	985.4
2022-06-23T17:18:27	909	3600	13.3	32.2	100.0	100.0	985.4
2022-06-23T18:20:27	850	3600	12.7	30.6	100.0	100.0	985.6
2022-06-23T19:22:27	900	3600	12.6	29.9	100.0	100.0	985.7
2022-06-23T20:23:27	854	3600	12.5	29.1	100.0	100.0	985.2
2022-06-23T21:25:27	909	3600	12.5	28.1	100.0	100.0	985.5
2022-06-23T22:27:27	947	3600	12.5	27.8	100.0	100.0	986.2
2022-06-23T23:28:27	863	3600	12.4	26.9	100.0	100.0	986.3
2022-06-24T00:30:27	872	3600	12.4	25.2	100.0	100.0	986.2
2022-06-24T01:32:27	852	3600	12.4	25.3	100.0	100.0	986.4
2022-06-24T02:34:27	894	3600	12.4	24.7	100.0	100.0	986.5
2022-06-24T03:35:27	932	3600	12.3	23.7	100.0	100.0	986.0
2022-06-24T04:37:27	889	3600	12.3	23.2	100.0	100.0	985.8
2022-06-24T05:39:27	883	3600	12.3	22.6	100.0	100.0	985.9
2022-06-24T06:41:27	892	3600	12.4	23.2	100.0	100.0	986.3
2022-06-24T07:42:27	947	3600	12.9	26.1	100.0	100.0	986.2
2022-06-24T08:44:27	914	3600	13.3	28.3	100.0	100.0	986.2
2022-06-24T09:46:27	895	3600	14.0	31.6	100.0	100.0	985.4
2022-06-24T10:47:27	917	3600	13.3	32.3	100.0	100.0	985.1
2022-06-24T11:49:27	899	3600	13.3	32.9	100.0	100.0	984.5
2022-06-24T12:51:27	937	3600	13.2	34.0	100.0	100.0	984.1
2022-06-24T13:53:27	968	3600	13.2	34.5	100.0	100.0	983.7
2022-06-24T14:54:27	900	3600	13.2	35.1	100.0	100.0	983.0
2022-06-24T15:56:27	946	3600	13.2	34.6	100.0	100.0	982.7
2022-06-24T16:58:27	926	3600	13.3	33.3	100.0	100.0	982.7
2022-06-24T17:59:27	926	3600	12.5	30.4	100.0	100.0	983.5
2022-06-24T19:01:27	906	3600	12.7	22.4	100.0	100.0	985.9
2022-06-24T20:03:27	874	3600	12.5	22.9	100.0	100.0	986.1
2022-06-24T21:05:27	897	3600	12.5	21.1	100.0	100.0	986.0
2022-06-24T22:06:27	883	3600	12.4	20.8	100.0	100.0	987.0
2022-06-24T23:08:27	857	3600	12.4	20.0	100.0	100.0	987.3
2022-06-25T00:10:27	906	3600	12.4	19.6	100.0	100.0	987.7
2022-06-25T01:12:27	885	3600	12.4	19.1	100.0	100.0	988.2
2022-06-25T02:14:27	919	3600	12.3	18.8	100.0	100.0	988.4
2022-06-25T03:15:27	906	3600	12.3	18.3	100.0	100.0	988.5
2022-06-25T04:17:27	907	3600	12.2	17.9	100.0	100.0	988.5
2022-06-25T05:19:27	883	3600	12.2	17.3	100.0	100.0	988.8
2022-06-25T06:21:27	885	3600	12.2	17.7	100.0	100.0	989.3
2022-06-25T07:22:27	964	3600	12.3	19.5	100.0	100.0	989.4
2022-06-25T08:24:27	921	3600	13.3	23.1	100.0	100.0	989.6
2022-06-25T09:26:27	929	3600	14.1	26.0	100.0	100.0	989.5
2022-06-25T10:28:27	880	3600	14.0	29.4	100.0	100.0	989.0
2022-06-25T11:29:27	890	3600	13.3	31.5	100.0	100.0	988.3
2022-06-25T12:31:27	889	3600	13.3	32.2	100.0	100.0	987.7
2022-06-25T13:33:27	914	3600	13.2	33.2	100.0	100.0	987.0
2022-06-25T14:34:27	957	3600	13.2	34.0	100.0	100.0	986.5
2022-06-25T15:36:27	946	3600	13.2	34.5	100.0	100.0	986.1
2022-06-25T16:38:27	926	3600	13.2	34.7	100.0	100.0	985.7
2022-06-25T17:40:27	1000	3600	13.2	34.4	100.0	100.0	985.6
2022-06-25T18:42:27	918	3600	13.2	33.3	100.0	100.0	985.6
2022-06-25T19:44:27	980	3600	12.6	32.0	100.0	100.0	985.5
2022-06-25T20:46:27	981	3600	12.5	29.3	100.0	100.0	986.1
2022-06-25T21:47:27	970	3600	12.5	28.4	100.0	100.0	987.0
2022-06-25T22:49:27	953	3600	12.5	25.9	100.0	100.0	987.7
2022-06-25T23:51:27	880	3600	12.4	23.6	100.0	100.0	988.4
2022-06-26T00:53:27	972	3600	12.4	22.8	100.0	100.0	988.7
2022-06-26T01:54:27	855	3600	12.4	21.7	100.0	100.0	989.3
2022-06-26T02:56:27	963	3600	12.4	20.9	100.0	100.0	989.5
2022-06-26T03:58:27	941	3600	12.3	20.5	100.0	100.0	989.7
2022-06-26T05:00:27	951	3600	12.3	19.8	100.0	100.0	990.1
2022-06-26T06:01:27	928	3600	12.3	19.7	100.0	100.0	990.8
2022-06-26T07:03:27	867	3600	12.3	20.2	100.0	100.0	991.2
2022-06-26T08:06:27	936	3600	13.1	23.4	100.0	100.0	991.5
2022-06-26T09:07:27	907	3600	13.6	27.9	100.0	100.0	991.5
2022-06-26T10:09:27	893	3600	13.9	31.1	100.0	100.0	991.0
2022-06-26T11:11:27	846	3600	13.3	33.1	100.0	100.0	990.5
2022-06-26T12:12:27	902	3600	13.2	33.9	100.0	100.0	990.0
2022-06-26T13:15:27	899	3600	13.2	35.5	100.0	100.0	989.4
2022-06-26T14:16:27	872	3600	13.1	35.9	100.0	100.0	988.8
2022-06-26T15:18:27	925	3600	13.1	36.6	100.0	100.0	988.1
2022-06-26T16:20:27	983	3600	13.1	36.1	100.0	100.0	987.8
2022-06-26T17:21:27	897	3600	13.2	36.3	100.0	100.0	987.4
2022-06-26T18:23:27	917	3600	13.2	35.6	100.0	100.0	987.2
2022-06-26T19:25:27	863	3600	12.6	34.0	100.0	100.0	987.6
2022-06-26T20:27:27	915	3600	12.5	31.9	100.0	100.0	988.0
2022-06-26T21:28:27	906	3600	12.5	30.9	100.0	100.0	988.6
2022-06-26T22:31:27	894	3600	12.5	29.2	100.0	100.0	989.3
2022-06-26T23:33:27	922	3600	12.4	25.9	100.0	100.0	989.8
2022-06-27T00:34:27	817	3600	12.4	25.1	100.0	100.0	990.1
2022-06-27T01:36:27	841	3600	12.4	24.1	100.0	100.0	989.9
2022-06-27T02:38:27	906	3600	12.3	24.2	100.0	100.0	990.3
2022-06-27T03:39:27	913	3600	12.3	23.3	100.0	100.0	990.7
2022-06-27T04:41:27	931	3600	12.3	22.8	100.0	100.0	990.9
2022-06-27T05:43:27	923	3600	12.2	22.4	100.0	100.0	991.1
2022-06-27T06:45:27	866	3600	12.4	22.7	100.0	100.0	991.4
2022-06-27T07:47:27	915	3600	12.9	24.8	100.0	100.0	991.7
2022-06-27T08:49:27	939	3600	13.3	27.8	100.0	100.0	991.8
2022-06-27T09:51:27	895	3600	13.9	31.9	100.0	100.0	991.1
2022-06-27T10:52:27	909	3600	13.8	34.7	100.0	100.0	990.5
2022-06-27T11:54:27	950	3600	13.2	35.8	100.0	100.0	989.8
2022-06-27T12:56:27	846	3600	13.1	36.7	100.0	100.0	989.0
2022-06-27T13:58:27	903	3600	13.1	37.6	100.0	100.0	988.3
2022-06-27T14:59:27	951	3600	13.1	38.4	100.0	100.0	988.0
2022-06-27T16:01:27	916	3600	13.1	38.7	100.0	100.0	987.8
2022-06-27T17:03:27	937	3600	13.1	38.2	100.0	100.0	987.5
2022-06-27T18:05:27	945	3600	13.1	37.1	100.0	100.0	987.5
2022-06-27T19:07:27	912	3600	12.9	35.5	100.0	100.0	987.5
2022-06-27T20:09:27	914	3600	12.5	33.4	100.0	100.0	988.1
2022-06-27T21:10:27	899	3600	12.5	32.1	100.0	100.0	988.8
2022-06-27T22:12:27	917	3600	12.5	30.9	100.0	100.0	989.2
2022-06-27T23:14:27	920	3600	12.5	27.7	100.0	100.0	989.7
2022-06-28T00:15:27	892	3600	12.4	25.9	100.0	100.0	989.7
2022-06-28T01:17:27	919	3600	12.4	25.6	100.0	100.0	990.3
2022-06-28T02:19:27	903	3600	12.4	24.8	100.0	100.0	989.9
2022-06-28T03:21:27	962	3600	12.3	24.0	100.0	100.0	989.8
2022-06-28T04:22:27	882	3600	12.3	23.6	100.0	100.0	990.1
2022-06-28T05:24:27	899	3600	12.2	22.9	100.0	100.0	990.2
2022-06-28T06:26:27	953	3600	12.3	22.8	100.0	100.0	990.6
2022-06-28T07:28:27	886	3600	12.6	24.4	100.0	100.0	991.3
2022-06-28T08:29:27	875	3600	13.2	27.1	100.0	100.0	991.2
2022-06-28T09:31:27	912	3600	14.0	31.5	100.0	100.0	991.0
2022-06-28T10:33:27	900	3600	13.9	31.4	100.0	100.0	990.2
2022-06-28T11:35:27	908	3600	13.3	31.8	100.0	100.0	989.5
2022-06-28T12:36:27	914	3600	13.3	34.7	100.0	100.0	989.3
2022-06-28T13:38:27	912	3600	13.2	35.6	100.0	100.0	988.5
2022-06-28T14:40:27	911	3600	13.4	32.4	100.0	100.0	988.4
2022-06-28T15:42:27	914	3600	12.6	29.0	100.0	100.0	990.6
2022-06-28T16:43:27	943	3600	14.1	27.0	100.0	100.0	989.8
2022-06-28T17:45:27	925	3600	13.2	27.6	100.0	100.0	989.9
2022-06-28T18:47:27	923	3600	14.0	26.5	100.0	100.0	989.7
2022-06-28T19:48:27	861	3600	12.7	27.1	100.0	100.0	990.2
2022-06-28T20:50:27	875	3600	12.5	25.2	100.0	100.0	989.3
2022-06-28T21:52:27	909	3600	12.4	24.4	100.0	100.0	990.2
2022-06-28T22:54:27	947	3600	12.4	22.2	100.0	100.0	990.4
2022-06-28T23:56:27	968	3600	12.4	22.1	100.0	100.0	991.7
2022-06-29T00:58:27	869	3600	12.4	21.3	100.0	100.0	990.8
2022-06-29T01:59:27	891	3600	12.3	21.1	100.0	100.0	990.2
2022-06-29T03:01:27	872	3600	12.3	20.9	100.0	100.0	989.5
2022-06-29T04:07:05	905	3600	12.3	21.1	100.0	100.0	988.2
2022-06-29T05:09:27	889	3600	12.3	20.7	100.0	100.0	987.6
2022-06-29T06:10:27	935	3600	12.2	21.1	100.0	100.0	987.3
2022-06-29T07:12:27	900	3600	12.2	21.3	100.0	100.0	986.9
2022-06-29T08:14:27	917	3600	12.2	21.2	100.0	100.0	987.5
2022-06-29T09:16:27	920	3600	12.3	20.9	100.0	100.0	987.8
2022-06-29T10:17:27	907	3600	13.2	22.0	100.0	100.0	987.6
2022-06-29T11:19:27	909	3600	13.5	23.5	100.0	100.0	987.7
2022-06-29T12:21:27	924	3600	13.4	27.4	100.0	100.0	987.4
2022-06-29T13:22:27	889	3600	13.3	29.5	100.0	100.0	986.5
2022-06-29T14:24:27	886	3600	13.3	31.7	100.0	100.0	985.7
2022-06-29T15:26:27	928	3600	13.2	32.8	100.0	100.0	985.4
2022-06-29T16:28:27	952	3600	13.4	31.8	100.0	100.0	985.3
2022-06-29T17:30:27	898	3600	13.3	31.4	100.0	100.0	984.9
2022-06-29T18:32:27	926	3600	13.3	32.9	100.0	100.0	984.7
2022-06-29T19:33:27	885	3600	12.6	30.4	100.0	100.0	984.8
2022-06-29T20:35:27	946	3600	12.5	27.4	100.0	100.0	985.0
2022-06-29T21:37:27	941	3600	12.5	26.0	100.0	100.0	985.8
2022-06-29T22:39:27	967	3600	12.4	25.2	100.0	100.0	986.7
2022-06-29T23:41:27	927	3600	12.4	24.9	100.0	100.0	986.9
2022-06-30T00:43:27	879	3600	12.4	23.9	100.0	100.0	987.1
2022-06-30T01:44:27	895	3600	12.4	23.5	100.0	100.0	987.1
2022-06-30T02:46:27	892	3600	12.3	22.7	100.0	100.0	987.2
2022-06-30T03:48:27	895	3600	12.3	21.9	100.0	100.0	987.6
2022-06-30T04:50:27	935	3600	12.3	21.2	100.0	100.0	987.8
2022-06-30T05:52:27	888	3600	12.3	20.8	100.0	100.0	987.8
2022-06-30T06:53:27	864	3600	12.3	21.5	100.0	100.0	988.3
2022-06-30T07:55:27	916	3600	12.9	24.6	100.0	100.0	988.3
2022-06-30T08:57:27	864	3600	13.4	28.7	100.0	100.0	988.1
2022-06-30T09:58:27	923	3600	13.9	31.7	100.0	100.0	987.7
2022-06-30T11:00:27	944	3600	13.3	33.1	100.0	100.0	987.0
2022-06-30T12:02:27	925	3600	13.3	33.9	100.0	100.0	986.4
2022-06-30T13:04:27	909	3600	13.2	35.0	100.0	100.0	985.7
2022-06-30T14:05:27	921	3600	13.2	35.9	100.0	100.0	985.2
2022-06-30T15:07:27	942	3600	13.1	36.5	100.0	100.0	984.8
2022-06-30T16:09:27	987	3600	13.1	36.2	100.0	100.0	984.9
2022-06-30T17:11:27	940	3600	13.1	36.2	100.0	100.0	984.5
2022-06-30T18:12:27	933	3600	13.3	33.6	100.0	100.0	984.3
2022-06-30T19:14:27	910	3600	13.3	33.0	100.0	100.0	985.1
2022-06-30T20:16:27	898	3600	12.5	31.4	100.0	100.0	985.3
2022-06-30T21:18:27	905	3600	12.5	30.2	100.0	100.0	985.8
2022-06-30T22:19:27	929	3600	12.5	28.9	100.0	100.0	986.6
2022-06-30T23:21:27	950	3600	12.5	27.3	100.0	100.0	987.1
2022-07-01T00:23:27	947	3600	12.4	24.8	100.0	100.0	987.4
2022-07-01T01:24:27	895	3600	12.4	24.7	100.0	100.0	988.3
2022-07-01T02:26:27	911	3600	12.4	23.5	100.0	100.0	988.0
2022-07-01T03:28:27	912	3600	12.3	22.8	100.0	100.0	988.5
2022-07-01T04:30:27	901	3600	12.3	22.0	100.0	100.0	988.9
2022-07-01T05:31:27	880	3600	12.3	21.7	100.0	100.0	988.8
2022-07-01T06:33:27	890	3600	12.3	22.2	100.0	100.0	989.1
2022-07-01T07:35:27	921	3600	12.8	23.6	100.0	100.0	989.1
2022-07-01T08:37:27	958	3600	13.3	26.8	100.0	100.0	988.5
2022-07-01T09:38:27	890	3600	14.0	29.3	100.0	100.0	987.9
2022-07-01T10:40:27	902	3600	13.9	32.3	100.0	100.0	987.1
2022-07-01T11:42:27	926	3600	13.2	33.6	100.0	100.0	986.9
2022-07-01T12:44:27	933	3600	13.2	34.7	100.0	100.0	986.6
2022-07-01T13:46:27	886	3600	13.2	34.4	100.0	100.0	986.3
2022-07-01T14:48:27	1060	3600	13.2	35.8	100.0	100.0	985.9
2022-07-01T15:50:27	959	3600	13.1	36.8	100.0	100.0	986.1
2022-07-01T16:51:27	929	3600	13.2	36.3	100.0	100.0	986.2
2022-07-01T17:53:27	975	3600	13.2	35.3	100.0	100.0	985.8
2022-07-01T18:56:27	1021	3600	13.2	34.4	100.0	100.0	986.4
2022-07-01T19:57:27	966	3600	12.6	31.9	100.0	100.0	987.4
2022-07-01T20:59:27	966	3600	12.5	29.6	100.0	100.0	988.2
2022-07-01T22:01:27	930	3600	12.4	27.6	100.0	100.0	989.5
2022-07-01T23:02:27	943	3600	12.4	27.5	100.0	100.0	990.8
2022-07-02T00:04:27	923	3600	12.4	25.2	100.0	100.0	991.8
2022-07-02T01:06:27	909	3600	12.4	22.5	100.0	100.0	992.3
2022-07-02T02:08:27	942	3600	12.3	21.5	100.0	100.0	992.7
2022-07-02T03:09:27	876	3600	12.3	20.9	100.0	100.0	993.4
2022-07-02T04:11:27	952	3600	12.3	20.2	100.0	100.0	993.7
2022-07-02T05:13:27	917	3600	12.2	20.0	100.0	100.0	994.4
2022-07-02T06:15:27	946	3600	12.3	19.4	100.0	100.0	994.9
2022-07-02T07:16:27	891	3600	12.3	21.0	100.0	100.0	995.4
2022-07-02T08:18:27	902	3600	13.1	24.6	100.0	100.0	995.5
2022-07-02T09:20:27	964	3600	14.0	29.2	100.0	100.0	995.5
2022-07-02T10:22:27	946	3600	14.0	31.3	100.0	100.0	994.9
2022-07-02T11:23:27	938	3600	13.3	32.6	100.0	100.0	994.4
2022-07-02T12:25:27	987	3600	13.2	34.0	100.0	100.0	993.8
2022-07-02T13:27:27	949	3600	13.2	35.1	100.0	100.0	993.1
2022-07-02T14:28:27	900	3600	13.1	36.4	100.0	100.0	992.3
2022-07-02T15:30:27	940	3600	13.1	37.6	100.0	100.0	991.6
2022-07-02T16:32:27	916	3600	13.1	37.8	100.0	100.0	991.3
2022-07-02T17:34:27	938	3600	13.2	37.0	100.0	100.0	990.9
2022-07-02T18:35:27	946	3600	13.2	35.7	100.0	100.0	990.7
2022-07-02T19:37:27	947	3600	12.6	34.1	100.0	100.0	991.0
2022-07-02T20:39:27	939	3600	12.5	32.4	100.0	100.0	990.8
2022-07-02T21:41:27	930	3600	12.5	31.7	100.0	100.0	991.4
2022-07-02T22:42:27	911	3600	12.5	30.2	100.0	100.0	992.2
2022-07-02T23:44:27	874	3600	12.5	27.0	100.0	100.0	992.5
2022-07-03T00:46:27	880	3600	12.4	26.3	100.0	100.0	992.9
2022-07-03T01:47:27	899	3600	12.4	25.2	100.0	100.0	992.9
2022-07-03T02:49:27	895	3600	12.3	24.3	100.0	100.0	993.1
2022-07-03T03:51:27	884	3600	12.3	23.4	100.0	100.0	993.1
2022-07-03T04:53:27	902	3600	12.3	22.9	100.0	100.0	993.2
2022-07-03T05:55:27	938	3600	12.2	22.4	100.0	100.0	993.5
2022-07-03T06:56:27	931	3600	12.3	22.8	100.0	100.0	993.9
2022-07-03T07:58:27	901	3600	12.9	25.4	100.0	100.0	993.9
2022-07-03T09:00:27	949	3600	13.4	29.5	100.0	100.0	993.6
2022-07-03T10:01:27	892	3600	13.9	33.6	100.0	100.0	992.9
2022-07-03T11:03:27	884	3600	13.2	36.1	100.0	100.0	992.3
2022-07-03T12:05:27	935	3600	13.1	37.4	100.0	100.0	991.6
2022-07-03T13:07:27	920	3600	13.1	38.1	100.0	100.0	990.9
2022-07-03T14:08:27	970	3600	13.1	39.3	100.0	100.0	990.0
2022-07-03T15:10:27	1002	3600	13.0	40.1	100.0	100.0	989.2
2022-07-03T16:12:27	963	3600	13.1	39.7	100.0	100.0	988.9
2022-07-03T17:14:27	945	3600	13.1	38.9	100.0	100.0	988.9
2022-07-03T18:15:27	939	3600	13.1	37.9	100.0	100.0	989.0
2022-07-03T19:17:27	929	3600	12.6	35.4	100.0	100.0	989.3
2022-07-03T20:19:27	933	3600	12.5	34.2	100.0	100.0	989.8
2022-07-03T21:21:27	952	3600	12.5	33.4	100.0	100.0	990.2
2022-07-03T22:22:27	956	3600	12.4	27.9	100.0	100.0	990.9
2022-07-03T23:24:27	899	3600	12.5	27.1	100.0	100.0	991.9
2022-07-04T00:26:27	911	3600	12.4	28.3	100.0	100.0	992.3
2022-07-04T01:28:27	949	3600	12.4	23.1	100.0	100.0	992.7
2022-07-04T02:29:27	978	3600	12.3	23.4	100.0	100.0	993.1
2022-07-04T03:31:27	905	3600	12.3	23.8	100.0	100.0	994.0
2022-07-04T04:33:27	933	3600	12.3	22.2	100.0	100.0	994.1
2022-07-04T05:34:27	941	3600	12.3	22.3	100.0	100.0	994.0
2022-07-04T06:36:27	901	3600	12.3	21.8	100.0	100.0	994.6
2022-07-04T07:38:27	960	3600	12.7	23.6	100.0	100.0	994.2
2022-07-04T08:40:27	875	3600	13.2	26.5	100.0	100.0	994.2
2022-07-04T09:42:27	869	3600	13.5	28.6	100.0	100.0	993.0
2022-07-04T10:44:27	880	3600	12.6	27.3	100.0	100.0	993.0
2022-07-04T11:45:27	885	3600	12.5	21.6	100.0	100.0	994.4
2022-07-04T12:47:27	830	3600	12.5	21.8	100.0	100.0	996.5
2022-07-04T13:49:27	826	3600	14.2	22.6	100.0	100.0	995.5
2022-07-04T14:51:27	852	3600	13.5	26.6	100.0	100.0	994.3
2022-07-04T15:53:27	793	3600	13.5	28.5	100.0	100.0	993.0
2022-07-04T16:56:27	869	3600	13.4	29.5	100.0	100.0	991.7
2022-07-04T17:57:27	802	3600	13.3	29.6	100.0	100.0	990.6
2022-07-04T18:59:27	890	3600	12.5	27.9	100.0	100.0	990.7
2022-07-04T20:01:27	821	3600	12.5	24.4	100.0	100.0	990.8
2022-07-04T21:03:27	889	3600	12.4	24.1	100.0	100.0	992.0
2022-07-04T22:04:27	847	3600	12.4	22.9	100.0	100.0	992.7
2022-07-04T23:06:27	871	3600	12.4	22.9	100.0	100.0	992.8
2022-07-05T00:08:27	813	3600	12.3	22.8	100.0	100.0	992.3
2022-07-05T01:10:27	813	3600	12.3	21.9	100.0	100.0	992.5
2022-07-05T02:11:27	870	3600	12.3	21.3	100.0	100.0	991.7
2022-07-05T03:13:27	794	3600	12.2	20.7	100.0	100.0	991.8
2022-07-05T04:15:27	869	3600	12.2	20.2	100.0	100.0	991.8
2022-07-05T05:16:27	875	3600	12.2	19.6	100.0	100.0	992.1
2022-07-05T06:18:27	882	3600	12.2	19.3	100.0	100.0	992.3
2022-07-05T07:20:27	845	3600	12.3	20.9	100.0	100.0	992.2
2022-07-05T08:21:27	850	3600	13.3	23.9	100.0	100.0	992.1
2022-07-05T09:23:27	842	3600	14.1	27.5	100.0	100.0	991.7
2022-07-05T10:25:27	854	3600	14.0	30.5	100.0	100.0	991.2
2022-07-05T11:27:27	850	3600	13.3	32.4	100.0	100.0	990.5
2022-07-05T12:28:27	871	3600	13.3	32.2	100.0	100.0	990.2
2022-07-05T13:30:27	876	3600	13.3	32.3	100.0	100.0	990.5
2022-07-05T14:32:27	879	3600	13.3	32.6	100.0	100.0	989.9
2022-07-05T15:34:27	835	3600	13.2	34.0	100.0	100.0	989.3
2022-07-05T16:35:27	910	3600	13.2	34.5	100.0	100.0	988.8
2022-07-05T17:37:27	861	3600	13.3	32.7	100.0	100.0	988.5
2022-07-05T18:39:27	867	3600	13.3	30.4	100.0	100.0	988.4
2022-07-05T19:41:27	915	3600	12.5	28.8	100.0	100.0	988.7
2022-07-05T20:42:27	857	3600	12.5	27.7	100.0	100.0	989.1
2022-07-05T21:44:27	906	3600	12.5	26.9	100.0	100.0	989.8
2022-07-05T22:46:27	854	3600	12.5	25.9	100.0	100.0	990.6
2022-07-05T23:48:27	840	3600	12.4	25.7	100.0	100.0	991.4
2022-07-06T00:49:27	894	3600	12.4	24.9	100.0	100.0	992.4
2022-07-06T01:52:27	848	3600	12.4	23.0	100.0	100.0	992.3
2022-07-06T02:54:27	837	3600	12.3	21.8	100.0	100.0	993.0
2022-07-06T03:56:27	841	3600	12.3	21.2	100.0	100.0	993.0
2022-07-06T04:58:27	859	3600	12.3	20.3	100.0	100.0	993.5
2022-07-06T05:59:27	914	3600	12.3	19.4	100.0	100.0	993.9
2022-07-06T07:01:27	835	3600	12.3	20.0	100.0	100.0	994.2
2022-07-06T08:03:27	867	3600	13.0	22.9	100.0	100.0	994.4
2022-07-06T09:04:27	882	3600	13.5	27.5	100.0	100.0	994.3
2022-07-06T10:06:27	854	3600	14.0	30.9	100.0	100.0	994.0
2022-07-06T11:08:27	873	3600	13.3	33.1	100.0	100.0	993.2
2022-07-06T12:10:27	896	3600	13.2	34.2	100.0	100.0	992.6
2022-07-06T13:11:27	875	3600	13.2	35.4	100.0	100.0	992.0
2022-07-06T14:14:27	921	3600	13.1	36.4	100.0	100.0	991.4
2022-07-06T15:15:27	929	3600	13.1	36.4	100.0	100.0	990.5
2022-07-06T16:17:27	929	3600	13.2	33.4	100.0	100.0	990.0
2022-07-06T17:19:27	921	3600	13.2	35.1	100.0	100.0	989.6
2022-07-06T18:21:27	900	3600	13.3	32.7	100.0	100.0	989.3
2022-07-06T19:23:27	909	3600	12.6	30.8	100.0	100.0	989.8
2022-07-06T20:24:27	928	3600	12.5	30.1	100.0	100.0	990.3
2022-07-06T21:26:27	864	3600	12.5	28.0	100.0	100.0	991.1
2022-07-06T22:28:27	885	3600	12.5	26.5	100.0	100.0	991.9
2022-07-06T23:30:27	847	3600	12.4	24.9	100.0	100.0	992.0
2022-07-07T00:31:27	864	3600	12.4	23.1	100.0	100.0	992.5
2022-07-07T01:33:27	884	3600	12.4	23.4	100.0	100.0	992.6
2022-07-07T02:35:27	889	3600	12.3	22.8	100.0	100.0	992.4
2022-07-07T03:37:27	902	3600	12.3	22.2	100.0	100.0	992.7
2022-07-07T04:38:27	902	3600	12.3	21.7	100.0	100.0	992.8
2022-07-07T05:40:27	892	3600	12.3	21.4	100.0	100.0	992.8
2022-07-07T06:42:27	878	3600	12.3	21.2	100.0	100.0	993.0
2022-07-07T07:43:27	872	3600	12.7	22.7	100.0	100.0	993.3
2022-07-07T08:45:27	874	3600	13.0	24.6	100.0	100.0	993.1
2022-07-07T09:47:27	875	3600	14.0	29.6	100.0	100.0	992.6
2022-07-07T10:48:27	876	3600	13.9	31.7	100.0	100.0	991.7
2022-07-07T11:50:27	906	3600	13.3	32.4	100.0	100.0	991.0
2022-07-07T12:52:27	945	3600	13.3	32.8	100.0	100.0	990.5
2022-07-07T13:53:27	893	3600	13.4	28.7	100.0	100.0	990.4
2022-07-07T14:55:27	879	3600	13.4	29.0	100.0	100.0	989.5
2022-07-07T15:57:27	912	3600	13.4	31.7	100.0	100.0	988.6
2022-07-07T16:58:27	831	3600	13.3	31.3	100.0	100.0	988.2
2022-07-07T18:00:27	907	3600	13.2	33.2	100.0	100.0	988.2
2022-07-07T19:02:27	941	3600	13.0	33.0	100.0	100.0	987.9
2022-07-07T20:04:27	913	3600	12.5	30.1	100.0	100.0	988.4
2022-07-07T21:05:27	973	3600	12.5	25.4	100.0	100.0	989.7
2022-07-07T22:07:27	952	3600	12.4	23.0	100.0	100.0	991.3
2022-07-07T23:09:27	963	3600	12.4	21.7	100.0	100.0	992.1
2022-07-08T00:10:27	958	3600	12.4	19.8	100.0	100.0	992.5
2022-07-08T01:12:27	934	3600	12.4	19.1	100.0	100.0	993.5
2022-07-08T02:14:27	948	3600	12.3	18.5	100.0	100.0	993.3
2022-07-08T03:16:27	923	3600	12.2	17.9	100.0	100.0	993.6
2022-07-08T04:18:27	936	3600	12.3	17.4	100.0	100.0	993.9
2022-07-08T05:19:27	886	3600	12.2	16.8	100.0	100.0	994.2
2022-07-08T06:21:27	936	3600	12.3	16.7	100.0	100.0	994.8
2022-07-08T07:23:27	941	3600	12.3	18.5	100.0	100.0	995.2
2022-07-08T08:25:27	990	3600	13.2	22.7	100.0	100.0	995.6
2022-07-08T09:27:27	906	3600	14.0	28.1	100.0	100.0	995.7
2022-07-08T10:28:27	918	3600	13.9	31.3	100.0	100.0	995.6
2022-07-08T11:30:27	923	3600	13.3	32.9	100.0	100.0	995.0
2022-07-08T12:32:27	953	3600	13.2	32.6	100.0	100.0	995.0
2022-07-08T13:33:27	930	3600	13.2	33.4	100.0	100.0	994.9
2022-07-08T14:35:27	951	3600	13.2	33.4	100.0	100.0	994.6
2022-07-08T15:37:27	925	3600	13.2	33.6	100.0	100.0	994.2
2022-07-08T16:38:27	966	3600	13.3	33.8	100.0	100.0	993.6
2022-07-08T17:40:27	924	3600	13.3	33.8	100.0	100.0	993.6
2022-07-08T18:42:27	964	3600	13.3	33.5	100.0	100.0	993.4
2022-07-08T19:43:27	949	3600	12.6	32.2	100.0	100.0	993.7
2022-07-08T20:45:27	863	3600	12.5	26.3	100.0	100.0	994.3
2022-07-08T21:47:27	929	3600	12.5	23.8	100.0	100.0	995.4
2022-07-08T22:49:27	868	3600	12.4	21.3	100.0	100.0	996.4
2022-07-08T23:50:27	912	3600	12.4	20.7	100.0	100.0	996.8
2022-07-09T00:52:27	886	3600	12.4	20.4	100.0	100.0	997.4
2022-07-09T01:54:27	902	3600	12.3	19.9	100.0	100.0	997.7
2022-07-09T02:55:27	908	3600	12.3	18.9	100.0	100.0	997.9
2022-07-09T03:57:27	904	3600	12.3	18.0	100.0	100.0	997.8
2022-07-09T04:59:27	924	3600	12.2	17.7	100.0	100.0	998.0
2022-07-09T06:01:27	923	3600	12.3	17.0	100.0	100.0	998.0
2022-07-09T07:03:27	930	3600	12.3	17.3	100.0	100.0	998.2
2022-07-09T08:04:27	927	3600	13.1	20.3	100.0	100.0	998.2
2022-07-09T09:06:27	952	3600	13.7	25.0	100.0	100.0	997.7
2022-07-09T10:08:27	930	3600	14.0	28.9	100.0	100.0	996.9
2022-07-09T11:09:27	932	3600	13.3	31.7	100.0	100.0	995.9
2022-07-09T12:11:27	956	3600	13.2	33.0	100.0	100.0	995.1
2022-07-09T13:12:27	929	3600	13.2	34.4	100.0	100.0	994.1
2022-07-09T14:14:27	990	3600	13.2	35.3	100.0	100.0	993.2
2022-07-09T15:16:27	933	3600	13.1	35.6	100.0	100.0	992.3
2022-07-09T16:17:27	943	3600	13.2	35.0	100.0	100.0	991.8
2022-07-09T17:19:27	1003	3600	13.3	34.1	100.0	100.0	991.7
2022-07-09T18:21:27	915	3600	13.3	33.0	100.0	100.0	991.6
2022-07-09T19:22:27	923	3600	12.6	31.7	100.0	100.0	991.8
2022-07-09T20:25:27	968	3600	12.5	28.6	100.0	100.0	992.4
2022-07-09T21:27:27	899	3600	12.5	27.1	100.0	100.0	993.4
2022-07-09T22:28:27	921	3600	12.5	25.9	100.0	100.0	993.9
2022-07-09T23:30:27	884	3600	12.4	22.3	100.0	100.0	994.2
2022-07-10T00:32:27	856	3600	12.4	21.2	100.0	100.0	994.3
2022-07-10T01:33:27	921	3600	12.4	21.3	100.0	100.0	994.3
2022-07-10T02:35:27	981	3600	12.4	20.6	100.0	100.0	994.0
2022-07-10T03:38:27	956	3600	12.3	19.9	100.0	100.0	993.6
2022-07-10T04:39:27	919	3600	12.3	19.2	100.0	100.0	993.4
2022-07-10T05:41:27	932	3600	12.3	18.5	100.0	100.0	993.2
2022-07-10T06:43:27	965	3600	12.3	18.3	100.0	100.0	993.1
2022-07-10T07:44:27	955	3600	12.8	21.3	100.0	100.0	993.0
2022-07-10T08:46:27	937	3600	13.4	26.2	100.0	100.0	992.5
2022-07-10T09:48:27	963	3600	14.0	30.4	100.0	100.0	991.9
2022-07-10T10:49:27	988	3600	13.9	32.1	100.0	100.0	991.0
2022-07-10T11:51:27	975	3600	13.3	33.3	100.0	100.0	990.4
2022-07-10T12:52:27	954	3600	13.3	33.5	100.0	100.0	989.6
2022-07-10T13:54:27	952	3600	13.3	33.1	100.0	100.0	989.1
2022-07-10T14:56:27	989	3600	13.3	33.8	100.0	100.0	988.9
2022-07-10T15:58:27	964	3600	13.2	35.0	100.0	100.0	988.5
2022-07-10T17:00:27	1034	3600	13.2	34.5	100.0	100.0	988.4
2022-07-10T18:02:27	961	3600	13.3	34.3	100.0	100.0	988.4
2022-07-10T19:04:27	987	3600	12.8	33.7	100.0	100.0	988.3
2022-07-10T20:05:27	1026	3600	12.5	30.8	100.0	100.0	988.6
2022-07-10T21:07:27	928	3600	12.5	26.8	100.0	100.0	989.4
2022-07-10T22:09:27	938	3600	12.4	24.2	100.0	100.0	990.5
2022-07-10T23:10:27	1028	3600	12.4	22.1	100.0	100.0	991.3
2022-07-11T00:12:27	947	3600	12.4	20.7	100.0	100.0	991.9
2022-07-11T01:13:27	980	3600	12.4	20.7	100.0	100.0	992.2
2022-07-11T02:15:27	1013	3600	12.4	20.4	100.0	100.0	992.3
2022-07-11T03:17:27	1014	3600	12.3	19.9	100.0	100.0	992.6
2022-07-11T04:19:27	978	3600	12.3	18.7	100.0	100.0	992.6
2022-07-11T05:20:27	985	3600	12.3	18.2	100.0	100.0	993.0
2022-07-11T06:22:27	1037	3600	12.3	17.7	100.0	100.0	993.2
2022-07-11T07:24:27	1002	3600	12.3	19.2	100.0	100.0	993.8
2022-07-11T08:25:27	951	3600	13.2	22.2	100.0	100.0	993.6
2022-07-11T09:27:27	942	3600	14.0	28.0	100.0	100.0	993.4
2022-07-11T10:29:27	975	3600	14.0	31.1	100.0	100.0	992.7
2022-07-11T11:30:27	970	3600	13.3	32.6	100.0	100.0	992.2
2022-07-11T12:32:27	1043	3600	13.3	33.8	100.0	100.0	991.4
2022-07-11T13:34:27	928	3600	13.2	34.6	100.0	100.0	990.8
2022-07-11T14:35:27	940	3600	13.2	35.1	100.0	100.0	990.2
2022-07-11T15:37:27	966	3600	13.2	35.4	100.0	100.0	989.8
2022-07-11T16:39:27	899	3600	13.1	34.8	100.0	100.0	989.5
2022-07-11T17:40:27	921	3600	13.3	32.3	100.0	100.0	989.5
2022-07-11T18:42:27	999	3600	12.7	31.0	100.0	100.0	989.8
2022-07-11T19:44:27	932	3600	12.6	29.9	100.0	100.0	990.0
2022-07-11T20:45:27	930	3600	12.5	28.8	100.0	100.0	990.6
2022-07-11T21:47:27	941	3600	12.5	27.9	100.0	100.0	991.9
2022-07-11T22:49:27	879	3600	12.5	25.7	100.0	100.0	992.5
2022-07-11T23:51:27	912	3600	12.4	23.4	100.0	100.0	993.1
2022-07-12T00:52:27	914	3600	12.4	23.0	100.0	100.0	993.5
2022-07-12T01:54:27	922	3600	12.3	22.2	100.0	100.0	993.9
2022-07-12T02:56:27	909	3600	12.3	22.4	100.0	100.0	994.2
2022-07-12T03:57:27	987	3600	12.3	22.1	100.0	100.0	994.2
2022-07-12T04:59:27	859	3600	12.3	22.0	100.0	100.0	994.4
2022-07-12T06:01:27	926	3600	12.3	21.9	100.0	100.0	994.8
2022-07-12T07:02:27	895	3600	12.3	22.2	100.0	100.0	995.0
2022-07-12T08:04:27	926	3600	12.9	23.5	100.0	100.0	995.3
2022-07-12T09:06:27	870	3600	13.1	25.8	100.0	100.0	995.5
2022-07-12T10:08:27	910	3600	14.0	30.7	100.0	100.0	995.1
2022-07-12T11:10:27	929	3600	13.9	33.2	100.0	100.0	994.4
2022-07-12T12:11:27	957	3600	13.2	34.3	100.0	100.0	994.0
2022-07-12T13:13:27	930	3600	13.2	35.0	100.0	100.0	993.3
2022-07-12T14:15:27	927	3600	13.1	35.4	100.0	100.0	992.6
2022-07-12T15:16:27	970	3600	13.2	35.6	100.0	100.0	992.2
2022-07-12T16:18:27	928	3600	13.2	35.4	100.0	100.0	991.7
2022-07-12T17:20:27	917	3600	13.3	35.1	100.0	100.0	991.6
2022-07-12T18:21:27	982	3600	13.1	33.3	100.0	100.0	991.9
2022-07-12T19:23:27	900	3600	12.6	32.3	100.0	100.0	992.4
2022-07-12T20:26:27	905	3600	12.5	29.8	100.0	100.0	993.5
2022-07-12T21:28:27	870	3600	12.5	28.4	100.0	100.0	994.6
2022-07-12T22:30:27	879	3600	12.5	24.6	100.0	100.0	995.6
2022-07-12T23:31:27	920	3600	12.4	23.3	100.0	100.0	996.2
2022-07-13T00:34:27	900	3600	12.4	23.5	100.0	100.0	996.8
2022-07-13T01:35:27	844	3600	12.4	23.2	100.0	100.0	997.1
2022-07-13T02:37:27	908	3600	12.4	22.0	100.0	100.0	997.6
2022-07-13T03:39:27	904	3600	12.3	20.3	100.0	100.0	997.7
2022-07-13T04:41:27	872	3600	12.3	19.5	100.0	100.0	997.9
2022-07-13T05:42:27	915	3600	12.3	19.1	100.0	100.0	998.2
2022-07-13T06:44:27	956	3600	12.3	19.3	100.0	100.0	998.9
2022-07-13T07:46:27	915	3600	12.7	21.9	100.0	100.0	999.2
2022-07-13T08:47:27	874	3600	13.4	26.3	100.0	100.0	999.3
2022-07-13T09:49:27	896	3600	14.0	30.6	100.0	100.0	998.6
2022-07-13T10:51:27	909	3600	13.9	32.8	100.0	100.0	998.0
2022-07-13T11:52:27	939	3600	13.2	34.2	100.0	100.0	997.3
2022-07-13T12:54:27	895	3600	13.3	34.8	100.0	100.0	996.3
2022-07-13T13:56:27	905	3600	13.2	35.8	100.0	100.0	995.5
2022-07-13T14:57:27	926	3600	13.1	36.3	100.0	100.0	994.7
2022-07-13T15:59:27	941	3600	13.1	36.7	100.0	100.0	993.9
2022-07-13T17:01:27	910	3600	13.1	36.6	100.0	100.0	993.3
2022-07-13T18:02:27	911	3600	13.2	35.6	100.0	100.0	993.1
2022-07-13T19:04:27	869	3600	12.7	34.2	100.0	100.0	993.3
2022-07-13T20:06:27	889	3600	12.5	31.9	100.0	100.0	993.6
2022-07-13T21:07:27	892	3600	12.5	30.5	100.0	100.0	994.2
2022-07-13T22:09:27	857	3600	12.5	29.9	100.0	100.0	995.0
2022-07-13T23:11:27	927	3600	12.4	27.8	100.0	100.0	995.4
2022-07-14T00:13:27	919	3600	12.4	25.1	100.0	100.0	996.0
2022-07-14T01:15:27	939	3600	12.4	24.5	100.0	100.0	996.1
2022-07-14T02:16:27	854	3600	12.4	24.2	100.0	100.0	996.2
2022-07-14T03:18:27	925	3600	12.3	24.1	100.0	100.0	996.0
2022-07-14T04:20:27	850	3600	12.3	23.7	100.0	100.0	995.7
2022-07-14T05:22:27	896	3600	12.3	23.5	100.0	100.0	995.6
2022-07-14T06:23:27	890	3600	12.2	23.3	100.0	100.0	995.7
2022-07-14T07:25:27	863	3600	12.4	23.9	100.0	100.0	996.0
2022-07-14T08:27:27	881	3600	12.7	24.8	100.0	100.0	996.0
2022-07-14T09:28:27	951	3600	13.2	27.3	100.0	100.0	995.7
2022-07-14T10:30:27	881	3600	13.9	31.0	100.0	100.0	995.2
2022-07-14T11:32:27	962	3600	13.9	33.5	100.0	100.0	994.6
2022-07-14T12:33:27	921	3600	13.2	35.1	100.0	100.0	993.6
2022-07-14T13:35:27	943	3600	13.2	34.0	100.0	100.0	993.1
2022-07-14T14:37:27	938	3600	13.3	33.9	100.0	100.0	992.4
2022-07-14T15:38:27	940	3600	13.3	35.1	100.0	100.0	991.6
2022-07-14T16:40:27	968	3600	13.1	36.4	100.0	100.0	990.5
2022-07-14T17:42:27	1009	3600	13.2	36.6	100.0	100.0	989.7
2022-07-14T18:44:27	934	3600	13.1	35.2	100.0	100.0	989.3
2022-07-14T19:46:27	1004	3600	12.5	33.1	100.0	100.0	989.3
2022-07-14T20:47:27	977	3600	12.5	31.7	100.0	100.0	989.5
2022-07-14T21:49:27	926	3600	12.5	31.3	100.0	100.0	990.2
2022-07-14T22:51:27	974	3600	12.5	29.5	100.0	100.0	990.3
2022-07-14T23:52:27	975	3600	12.5	26.1	100.0	100.0	990.4
2022-07-15T00:54:27	958	3600	12.4	25.6	100.0	100.0	990.4
2022-07-15T01:56:27	935	3600	12.4	24.7	100.0	100.0	990.0
2022-07-15T02:58:27	995	3600	12.4	23.8	100.0	100.0	989.8
2022-07-15T04:00:27	1030	3600	12.3	23.4	100.0	100.0	989.7
2022-07-15T05:01:27	968	3600	12.3	22.7	100.0	100.0	989.7
2022-07-15T06:03:27	944	3600	12.2	22.1	100.0	100.0	989.8
2022-07-15T07:05:27	984	3600	12.3	22.6	100.0	100.0	989.8
2022-07-15T08:06:27	1027	3600	13.0	25.2	100.0	100.0	989.8
2022-07-15T09:08:27	931	3600	13.4	29.8	100.0	100.0	989.5
2022-07-15T10:10:27	986	3600	13.9	33.3	100.0	100.0	988.7
2022-07-15T11:11:27	961	3600	13.2	36.0	100.0	100.0	988.0
2022-07-15T12:13:27	916	3600	13.1	37.8	100.0	100.0	987.1
2022-07-15T13:15:27	991	3600	13.1	38.8	100.0	100.0	986.2
2022-07-15T14:16:27	984	3600	13.1	38.8	100.0	100.0	985.5
2022-07-15T15:18:27	1004	3600	13.0	39.0	100.0	100.0	984.8
2022-07-15T16:20:27	981	3600	13.1	36.8	100.0	100.0	984.9
2022-07-15T17:21:27	1009	3600	13.1	35.6	100.0	100.0	985.2
2022-07-15T18:23:27	1021	3600	13.1	36.8	100.0	100.0	985.3
2022-07-15T19:25:27	997	3600	12.7	35.1	100.0	100.0	985.7
2022-07-15T20:27:27	929	3600	12.5	28.7	100.0	100.0	985.9
2022-07-15T21:28:27	938	3600	12.5	26.6	100.0	100.0	986.8
2022-07-15T22:30:27	939	3600	12.4	25.1	100.0	100.0	988.1
2022-07-15T23:31:27	918	3600	12.4	24.5	100.0	100.0	988.8
2022-07-16T00:33:27	930	3600	12.4	24.1	100.0	100.0	989.5
2022-07-16T01:35:27	961	3600	12.4	23.5	100.0	100.0	990.0
2022-07-16T02:37:27	931	3600	12.3	23.2	100.0	100.0	990.3
2022-07-16T03:38:27	903	3600	12.3	22.7	100.0	100.0	990.5
2022-07-16T04:40:27	926	3600	12.3	22.4	100.0	100.0	990.5
2022-07-16T05:42:27	965	3600	12.3	22.1	100.0	100.0	990.7
2022-07-16T06:43:27	932	3600	12.3	22.4	100.0	100.0	991.1
2022-07-16T07:45:27	899	3600	13.0	24.1	100.0	100.0	991.5
2022-07-16T08:47:27	999	3600	13.3	27.3	100.0	100.0	991.4
2022-07-16T09:48:27	941	3600	14.0	31.7	100.0	100.0	991.0
2022-07-16T10:50:27	961	3600	13.3	33.8	100.0	100.0	990.6
2022-07-16T11:52:27	922	3600	13.2	35.1	100.0	100.0	989.9
2022-07-16T12:53:27	1022	3600	13.1	36.5	100.0	100.0	989.2
2022-07-16T13:55:27	972	3600	13.1	37.6	100.0	100.0	988.7
2022-07-16T14:57:27	959	3600	13.0	38.4	100.0	100.0	988.2
2022-07-16T15:59:27	978	3600	13.1	37.8	100.0	100.0	987.6
2022-07-16T17:01:27	985	3600	13.2	37.2	100.0	100.0	987.4
2022-07-16T18:02:27	997	3600	13.2	35.8	100.0	100.0	987.3
2022-07-16T19:04:27	1074	3600	12.7	35.1	100.0	100.0	987.7
2022-07-16T20:06:27	978	3600	12.6	33.1	100.0	100.0	988.2
2022-07-16T21:08:27	996	3600	12.5	31.7	100.0	100.0	989.3
2022-07-16T22:09:27	960	3600	12.4	29.4	100.0	100.0	990.4
2022-07-16T23:11:27	948	3600	12.4	26.7	100.0	100.0	991.5
2022-07-17T00:13:27	922	3600	12.4	26.0	100.0	100.0	992.2
2022-07-17T01:14:27	896	3600	12.4	26.1	100.0	100.0	993.0
2022-07-17T02:16:27	984	3600	12.4	25.3	100.0	100.0	993.5
2022-07-17T03:18:27	950	3600	12.3	24.2	100.0	100.0	994.0
2022-07-17T04:20:27	865	3600	12.3	23.7	100.0	100.0	994.4
2022-07-17T05:22:27	959	3600	12.2	23.4	100.0	100.0	994.8
2022-07-17T06:23:27	957	3600	12.3	23.0	100.0	100.0	995.4
2022-07-17T07:25:27	875	3600	12.5	24.6	100.0	100.0	995.9
2022-07-17T08:27:27	896	3600	13.1	27.3	100.0	100.0	996.1
2022-07-17T09:28:27	937	3600	14.0	32.1	100.0	100.0	995.9
2022-07-17T10:30:27	950	3600	13.8	34.4	100.0	100.0	995.5
2022-07-17T11:32:27	909	3600	13.2	36.0	100.0	100.0	995.0
2022-07-17T12:33:27	905	3600	13.2	37.2	100.0	100.0	994.3
2022-07-17T13:36:27	944	3600	13.2	38.1	100.0	100.0	993.6
2022-07-17T14:37:27	957	3600	13.0	38.6	100.0	100.0	993.1
2022-07-17T15:39:27	928	3600	13.0	38.5	100.0	100.0	992.8
2022-07-17T16:41:27	958	3600	13.1	38.3	100.0	100.0	992.5
2022-07-17T17:43:27	919	3600	13.1	37.2	100.0	100.0	992.3
2022-07-17T18:44:27	933	3600	13.0	35.7	100.0	100.0	992.2
2022-07-17T19:46:27	946	3600	12.5	33.9	100.0	100.0	992.6
2022-07-17T20:47:27	957	3600	12.5	32.2	100.0	100.0	993.3
2022-07-17T21:49:27	885	3600	12.4	31.3	100.0	100.0	994.7
2022-07-17T22:51:27	967	3600	12.5	30.7	100.0	100.0	995.5
2022-07-17T23:53:27	954	3600	12.4	28.7	100.0	100.0	996.2
2022-07-18T00:54:27	940	3600	12.5	27.0	100.0	100.0	996.5
2022-07-18T01:56:27	940	3600	12.3	26.3	100.0	100.0	996.4
2022-07-18T02:58:27	887	3600	12.3	25.8	100.0	100.0	996.4
2022-07-18T03:59:27	910	3600	12.3	25.2	100.0	100.0	996.7
2022-07-18T05:01:27	915	3600	12.3	24.6	100.0	100.0	996.7
2022-07-18T06:03:27	928	3600	12.2	24.7	100.0	100.0	996.9
2022-07-18T07:04:27	942	3600	12.4	25.1	100.0	100.0	997.2
2022-07-18T08:06:27	901	3600	12.8	26.1	100.0	100.0	997.1
2022-07-18T09:08:27	914	3600	13.4	29.6	100.0	100.0	997.0
2022-07-18T10:10:27	951	3600	13.9	34.3	100.0	100.0	996.3
2022-07-18T11:12:27	929	3600	13.2	35.8	100.0	100.0	995.6
2022-07-18T12:13:27	968	3600	13.1	37.0	100.0	100.0	995.1
2022-07-18T13:15:27	965	3600	13.1	38.3	100.0	100.0	994.4
2022-07-18T14:17:27	927	3600	13.1	38.8	100.0	100.0	993.6
2022-07-18T15:18:27	977	3600	13.0	38.8	100.0	100.0	993.0
2022-07-18T16:20:27	998	3600	13.1	38.6	100.0	100.0	992.5
2022-07-18T17:22:27	995	3600	13.2	37.8	100.0	100.0	992.4
2022-07-18T18:24:27	919	3600	13.1	36.3	100.0	100.0	992.3
2022-07-18T19:25:27	932	3600	12.7	34.8	100.0	100.0	992.7
2022-07-18T20:27:27	967	3600	12.5	32.5	100.0	100.0	993.5
2022-07-18T21:28:27	919	3600	12.5	31.4	100.0	100.0	994.3
2022-07-18T22:30:27	969	3600	12.5	30.7	100.0	100.0	994.9
2022-07-18T23:32:27	939	3600	12.4	29.3	100.0	100.0	995.3
2022-07-19T00:34:27	941	3600	12.4	27.6	100.0	100.0	995.7
2022-07-19T01:35:27	989	3600	12.4	25.6	100.0	100.0	995.7
2022-07-19T02:37:27	934	3600	12.3	25.4	100.0	100.0	995.8
2022-07-19T03:39:27	888	3600	12.3	24.6	100.0	100.0	995.8
2022-07-19T04:41:27	887	3600	12.3	23.9	100.0	100.0	995.8
2022-07-19T05:42:27	928	3600	12.2	23.6	100.0	100.0	995.9
2022-07-19T06:44:27	929	3600	12.3	23.5	100.0	100.0	996.6
2022-07-19T07:46:27	871	3600	12.8	24.5	100.0	100.0	996.6
2022-07-19T08:48:27	910	3600	13.2	27.5	100.0	100.0	996.6
2022-07-19T09:50:27	899	3600	14.0	32.5	100.0	100.0	995.9
2022-07-19T10:52:27	874	3600	13.8	34.9	100.0	100.0	995.3
2022-07-19T11:54:27	928	3600	13.2	36.6	100.0	100.0	994.5
2022-07-19T12:55:27	926	3600	13.1	37.8	100.0	100.0	993.6
2022-07-19T13:58:27	893	3600	13.1	38.9	100.0	100.0	992.8
2022-07-19T14:59:27	891	3600	13.1	39.3	100.0	100.0	992.1
2022-07-19T16:01:27	934	3600	13.0	39.5	100.0	100.0	991.5
2022-07-19T17:03:27	998	3600	13.0	39.3	100.0	100.0	991.2
2022-07-19T18:04:27	962	3600	13.1	37.6	100.0	100.0	991.3
2022-07-19T19:06:27	985	3600	12.7	35.9	100.0	100.0	991.4
2022-07-19T20:08:27	1012	3600	12.5	33.7	100.0	100.0	991.7
2022-07-19T21:10:27	985	3600	12.5	32.6	100.0	100.0	992.3
2022-07-19T22:11:27	982	3600	12.5	31.9	100.0	100.0	993.2
2022-07-19T23:13:27	950	3600	12.5	31.0	100.0	100.0	993.7
2022-07-20T00:15:27	952	3600	12.5	27.5	100.0	100.0	994.2
2022-07-20T01:16:27	957	3600	12.4	26.4	100.0	100.0	994.4
2022-07-20T02:18:27	1005	3600	12.4	25.8	100.0	100.0	994.7
2022-07-20T03:20:27	955	3600	12.3	25.1	100.0	100.0	994.8
2022-07-20T04:21:27	968	3600	12.3	23.8	100.0	100.0	995.0
2022-07-20T05:23:27	950	3600	12.3	23.2	100.0	100.0	995.1
2022-07-20T06:25:27	938	3600	12.2	23.1	100.0	100.0	995.3
2022-07-20T07:26:27	1000	3600	12.5	24.4	100.0	100.0	995.7
2022-07-20T08:28:27	983	3600	13.1	26.5	100.0	100.0	995.6
2022-07-20T09:30:27	924	3600	13.9	31.9	100.0	100.0	995.3
2022-07-20T10:31:27	978	3600	13.9	34.9	100.0	100.0	994.7
2022-07-20T11:33:27	909	3600	13.1	37.2	100.0	100.0	993.8
2022-07-20T12:35:27	948	3600	13.1	38.5	100.0	100.0	993.0
2022-07-20T13:36:27	903	3600	13.0	39.8	100.0	100.0	991.9
2022-07-20T14:38:27	1016	3600	13.1	40.2	100.0	100.0	991.0
2022-07-20T15:40:27	1023	3600	13.0	40.7	100.0	100.0	990.3
2022-07-20T16:42:27	977	3600	13.0	40.3	100.0	100.0	989.8
2022-07-20T17:44:27	1016	3600	13.1	39.1	100.0	100.0	989.6
2022-07-20T18:46:27	1055	3600	13.1	37.6	100.0	100.0	989.8
2022-07-20T19:47:27	995	3600	12.5	35.6	100.0	100.0	990.0
2022-07-20T20:49:27	955	3600	12.5	33.9	100.0	100.0	990.5
2022-07-20T21:51:27	1016	3600	12.5	33.1	100.0	100.0	991.6
2022-07-20T22:53:27	1017	3600	12.4	30.9	100.0	100.0	992.1
2022-07-20T23:55:27	987	3600	12.4	26.9	100.0	100.0	992.5
2022-07-21T00:57:27	976	3600	12.4	26.1	100.0	100.0	992.7
2022-07-21T01:58:27	907	3600	12.4	26.3	100.0	100.0	992.7
2022-07-21T03:00:27	965	3600	12.3	25.6	100.0	100.0	992.7
2022-07-21T04:03:27	967	3600	12.3	24.5	100.0	100.0	993.0
2022-07-21T05:04:27	995	3600	12.3	23.9	100.0	100.0	992.8
2022-07-21T06:06:27	965	3600	12.2	23.5	100.0	100.0	992.9
2022-07-21T07:08:27	943	3600	12.3	24.1	100.0	100.0	993.4
2022-07-21T08:10:27	972	3600	13.0	26.3	100.0	100.0	993.3
2022-07-21T09:11:27	937	3600	13.4	30.4	100.0	100.0	993.1
2022-07-21T10:13:27	953	3600	13.9	34.6	100.0	100.0	992.5
2022-07-21T11:15:27	928	3600	13.1	36.8	100.0	100.0	991.9
2022-07-21T12:16:27	982	3600	13.1	38.3	100.0	100.0	991.1
2022-07-21T13:18:27	964	3600	13.1	39.7	100.0	100.0	990.2
2022-07-21T14:20:27	1011	3600	13.0	40.4	100.0	100.0	989.4
2022-07-21T15:22:27	1071	3600	13.0	41.2	100.0	100.0	989.0
2022-07-21T16:23:27	1018	3600	13.1	40.6	100.0	100.0	988.5
2022-07-21T17:25:27	1042	3600	13.0	39.8	100.0	100.0	988.1
2022-07-21T18:27:27	1054	3600	13.1	38.6	100.0	100.0	988.0
2022-07-21T19:29:27	1083	3600	12.6	37.0	100.0	100.0	988.2
2022-07-21T20:30:27	1026	3600	12.5	34.9	100.0	100.0	988.6
2022-07-21T21:32:27	986	3600	12.4	34.0	100.0	100.0	989.5
2022-07-21T22:34:27	959	3600	12.4	32.8	100.0	100.0	990.2
2022-07-21T23:36:27	1019	3600	12.5	30.7	100.0	100.0	990.8
2022-07-22T00:37:27	966	3600	12.4	28.3	100.0	100.0	991.4
2022-07-22T01:39:27	972	3600	12.4	27.7	100.0	100.0	991.7
2022-07-22T02:41:27	963	3600	12.4	26.6	100.0	100.0	992.0
2022-07-22T03:42:27	932	3600	12.3	25.5	100.0	100.0	991.9
2022-07-22T04:44:27	963	3600	12.3	24.8	100.0	100.0	992.1
2022-07-22T05:46:27	976	3600	12.3	24.2	100.0	100.0	992.3
2022-07-22T06:48:27	982	3600	12.3	24.3	100.0	100.0	992.6
2022-07-22T07:49:27	974	3600	12.7	25.7	100.0	100.0	992.7
2022-07-22T08:51:27	959	3600	13.2	29.6	100.0	100.0	992.9
2022-07-22T09:53:27	969	3600	14.0	33.9	100.0	100.0	992.4
2022-07-22T10:55:27	932	3600	13.8	36.7	100.0	100.0	991.7
2022-07-22T11:56:27	978	3600	13.1	38.5	100.0	100.0	990.9
2022-07-22T12:58:27	1015	3600	13.0	40.3	100.0	100.0	989.9
2022-07-22T14:00:27	986	3600	13.0	41.3	100.0	100.0	989.0
2022-07-22T15:03:27	1014	3600	13.0	42.1	100.0	100.0	988.3
2022-07-22T16:05:27	955	3600	13.0	42.0	100.0	100.0	987.8
2022-07-22T17:06:27	976	3600	13.0	41.2	100.0	100.0	987.6
2022-07-22T18:09:27	968	3600	13.1	39.1	100.0	100.0	987.8
2022-07-22T19:11:27	1018	3600	12.8	38.0	100.0	100.0	987.3
2022-07-22T20:12:27	1056	3600	12.5	36.1	100.0	100.0	988.0
2022-07-22T21:15:27	1029	3600	12.5	35.0	100.0	100.0	988.6
2022-07-22T22:16:27	1034	3600	12.5	34.2	100.0	100.0	989.6
2022-07-22T23:18:27	938	3600	12.5	32.8	100.0	100.0	990.1
2022-07-23T00:20:27	1069	3600	12.4	29.7	100.0	100.0	990.2
2022-07-23T01:22:27	1003	3600	12.5	27.3	100.0	100.0	990.5
2022-07-23T02:23:27	910	3600	12.4	27.8	100.0	100.0	990.4
2022-07-23T03:25:27	993	3600	12.3	27.1	100.0	100.0	990.3
2022-07-23T04:27:27	952	3600	12.4	26.8	100.0	100.0	990.8
2022-07-23T05:29:27	978	3600	12.3	26.3	100.0	100.0	991.2
2022-07-23T06:31:27	957	3600	12.2	27.2	100.0	100.0	991.3
2022-07-23T07:33:27	964	3600	12.7	28.6	100.0	100.0	992.8
2022-07-23T08:35:27	935	3600	12.9	28.7	100.0	100.0	993.2
2022-07-23T09:36:27	965	3600	13.6	29.7	100.0	100.0	993.2
2022-07-23T10:39:27	944	3600	13.4	30.5	100.0	100.0	993.5
2022-07-23T11:40:27	933	3600	13.4	30.4	100.0	100.0	993.0
2022-07-23T12:42:27	951	3600	13.3	33.0	100.0	100.0	991.8
2022-07-23T13:44:27	959	3600	13.2	34.2	100.0	100.0	990.4
2022-07-23T14:46:27	922	3600	13.2	34.5	100.0	100.0	989.3
2022-07-23T15:48:27	963	3600	13.3	33.6	100.0	100.0	989.1
2022-07-23T16:49:27	1035	3600	12.8	32.7	100.0	100.0	989.2
2022-07-23T17:51:27	937	3600	13.3	33.4	100.0	100.0	989.3
2022-07-23T18:53:27	971	3600	13.2	32.1	100.0	100.0	989.6
2022-07-23T19:55:27	943	3600	12.5	31.2	100.0	100.0	989.8
2022-07-23T20:56:27	1014	3600	12.5	30.1	100.0	100.0	990.7
2022-07-23T21:58:27	990	3600	12.5	29.1	100.0	100.0	992.7
2022-07-23T23:00:27	886	3600	12.5	26.1	100.0	100.0	993.5
2022-07-24T00:01:27	889	3600	12.4	24.8	100.0	100.0	993.8
2022-07-24T01:03:27	930	3600	12.4	24.4	100.0	100.0	993.7
2022-07-24T02:05:27	927	3600	12.3	23.5	100.0	100.0	993.9
2022-07-24T03:07:27	961	3600	12.3	22.8	100.0	100.0	993.9
2022-07-24T04:08:27	908	3600	12.3	22.4	100.0	100.0	993.9
2022-07-24T05:10:27	914	3600	12.3	21.9	100.0	100.0	993.8
2022-07-24T06:12:27	965	3600	12.2	21.5	100.0	100.0	993.9
2022-07-24T07:14:27	914	3600	12.3	22.3	100.0	100.0	994.3
2022-07-24T08:15:27	908	3600	13.1	25.2	100.0	100.0	994.2
2022-07-24T09:17:27	896	3600	13.3	29.3	100.0	100.0	993.9
2022-07-24T10:19:27	968	3600	13.9	32.2	100.0	100.0	993.3
2022-07-24T11:21:27	932	3600	13.3	34.5	100.0	100.0	992.5
2022-07-24T12:23:27	985	3600	13.2	36.2	100.0	100.0	991.8
2022-07-24T13:25:27	952	3600	13.1	36.9	100.0	100.0	990.6
2022-07-24T14:26:27	938	3600	13.1	38.6	100.0	100.0	989.7
2022-07-24T15:28:27	962	3600	13.0	39.6	100.0	100.0	988.8
2022-07-24T16:30:27	980	3600	13.0	39.1	100.0	100.0	988.2
2022-07-24T17:32:27	1018	3600	13.1	37.3	100.0	100.0	988.0
2022-07-24T18:34:27	1019	3600	13.1	37.3	100.0	100.0	987.6
2022-07-24T19:36:27	1085	3600	12.6	35.6	100.0	100.0	988.0
2022-07-24T20:37:27	1040	3600	12.5	34.1	100.0	100.0	988.4
2022-07-24T21:39:27	988	3600	12.5	33.4	100.0	100.0	989.1
2022-07-24T22:41:27	930	3600	12.5	31.6	100.0	100.0	989.8
2022-07-24T23:43:27	979	3600	12.5	27.8	100.0	100.0	990.4
2022-07-25T00:44:27	944	3600	12.4	27.8	100.0	100.0	990.8
2022-07-25T01:46:27	877	3600	12.4	27.1	100.0	100.0	990.9
2022-07-25T02:48:27	956	3600	12.4	26.1	100.0	100.0	990.8
2022-07-25T03:50:27	974	3600	12.3	25.4	100.0	100.0	990.7
2022-07-25T04:51:27	968	3600	12.3	25.1	100.0	100.0	990.6
2022-07-25T05:53:27	984	3600	12.3	24.7	100.0	100.0	990.9
2022-07-25T06:55:27	975	3600	12.3	24.5	100.0	100.0	990.9
2022-07-25T07:56:27	983	3600	12.9	26.0	100.0	100.0	990.9
2022-07-25T08:58:27	977	3600	13.3	29.8	100.0	100.0	990.4
2022-07-25T10:00:27	989	3600	13.9	34.3	100.0	100.0	989.9
2022-07-25T11:02:27	939	3600	13.1	36.6	100.0	100.0	989.1
2022-07-25T12:04:27	955	3600	13.1	39.0	100.0	100.0	988.0
2022-07-25T13:06:27	904	3600	13.0	39.9	100.0	100.0	987.0
2022-07-25T14:07:27	1008	3600	13.0	40.8	100.0	100.0	985.9
2022-07-25T15:09:27	987	3600	13.0	41.4	100.0	100.0	984.8
2022-07-25T16:11:27	1034	3600	13.0	41.5	100.0	100.0	983.9
2022-07-25T17:13:27	1005	3600	13.1	40.7	100.0	100.0	983.5
2022-07-25T18:15:27	1131	3600	13.1	38.3	100.0	100.0	982.9
2022-07-25T19:17:27	988	3600	12.6	37.2	100.0	100.0	982.5
2022-07-25T20:19:27	1010	3600	12.5	35.3	100.0	100.0	983.1
2022-07-25T21:20:27	1008	3600	12.5	33.8	100.0	100.0	986.2
2022-07-25T22:22:27	972	3600	12.5	26.7	100.0	100.0	989.7
2022-07-25T23:24:27	951	3600	12.4	23.6	100.0	100.0	990.5
2022-07-26T00:26:27	951	3600	12.4	22.9	100.0	100.0	990.2
2022-07-26T01:27:27	888	3600	12.3	22.7	100.0	100.0	990.4
2022-07-26T02:29:27	951	3600	12.3	22.6	100.0	100.0	989.2
2022-07-26T03:31:27	941	3600	12.3	22.2	100.0	100.0	988.4
2022-07-26T04:33:27	930	3600	12.2	21.8	100.0	100.0	987.9
2022-07-26T05:35:27	929	3600	12.2	21.6	100.0	100.0	988.1
2022-07-26T06:38:27	996	3600	12.2	21.8	100.0	100.0	988.0
2022-07-26T07:40:27	998	3600	12.7	22.7	100.0	100.0	988.0
2022-07-26T08:42:27	941	3600	13.2	26.3	100.0	100.0	988.0
2022-07-26T09:43:27	1021	3600	14.0	30.3	100.0	100.0	987.2
2022-07-26T10:45:27	1007	3600	13.9	33.0	100.0	100.0	986.7
2022-07-26T11:47:27	964	3600	13.2	35.5	100.0	100.0	986.0
2022-07-26T12:48:27	1009	3600	13.2	34.2	100.0	100.0	985.2
2022-07-26T13:50:27	1025	3600	13.2	33.8	100.0	100.0	984.6
2022-07-26T14:52:27	928	3600	13.3	33.0	100.0	100.0	983.8
2022-07-26T15:54:27	975	3600	13.2	34.0	100.0	100.0	983.8
2022-07-26T16:55:27	948	3600	13.2	34.0	100.0	100.0	984.0
2022-07-26T17:57:27	996	3600	13.2	34.3	100.0	100.0	983.9
2022-07-26T18:59:27	1000	3600	13.1	33.6	100.0	100.0	984.5
2022-07-26T20:01:27	965	3600	12.5	31.4	100.0	100.0	984.8
2022-07-26T21:02:27	954	3600	12.5	29.6	100.0	100.0	985.5
2022-07-26T22:04:27	992	3600	12.4	27.9	100.0	100.0	986.2
2022-07-26T23:06:27	1020	3600	12.4	26.9	100.0	100.0	986.9
2022-07-27T00:08:27	949	3600	12.4	26.7	100.0	100.0	988.4
2022-07-27T01:10:27	921	3600	12.4	23.3	100.0	100.0	988.3
2022-07-27T02:12:27	922	3600	12.4	23.1	100.0	100.0	988.1
2022-07-27T03:14:27	961	3600	12.3	23.0	100.0	100.0	987.8
2022-07-27T04:16:27	952	3600	12.3	22.7	100.0	100.0	987.9
2022-07-27T05:18:27	948	3600	12.2	22.3	100.0	100.0	987.2
2022-07-27T06:19:27	964	3600	12.2	22.6	100.0	100.0	987.8
2022-07-27T07:21:27	955	3600	12.3	22.5	100.0	100.0	987.9
2022-07-27T08:23:27	997	3600	12.9	24.0	100.0	100.0	987.8
2022-07-27T09:25:27	992	3600	13.3	25.7	100.0	100.0	987.5
2022-07-27T10:26:27	973	3600	13.9	29.9	100.0	100.0	986.8
2022-07-27T11:28:27	966	3600	13.3	32.2	100.0	100.0	986.6
2022-07-27T12:30:27	964	3600	13.4	31.5	100.0	100.0	986.1
2022-07-27T13:32:27	990	3600	13.2	34.1	100.0	100.0	985.3
2022-07-27T14:34:27	1020	3600	13.1	36.0	100.0	100.0	984.3
2022-07-27T15:36:27	1018	3600	13.1	36.9	100.0	100.0	983.4
2022-07-27T16:38:27	1002	3600	13.2	35.8	100.0	100.0	983.2
2022-07-27T17:40:27	977	3600	13.3	32.7	100.0	100.0	983.3
2022-07-27T18:42:27	962	3600	12.9	29.4	100.0	100.0	983.4
2022-07-27T19:44:27	1014	3600	12.5	29.1	100.0	100.0	984.0
2022-07-27T20:45:27	1007	3600	12.5	27.7	100.0	100.0	984.6
2022-07-27T21:47:27	996	3600	12.5	27.3	100.0	100.0	987.3
2022-07-27T22:49:27	872	3600	12.4	22.1	100.0	100.0	989.7
2022-07-27T23:51:27	877	3600	12.4	21.6	100.0	100.0	990.3
2022-07-28T00:52:27	823	3600	12.4	21.3	100.0	100.0	990.7
2022-07-28T01:54:27	847	3600	12.3	21.0	100.0	100.0	990.3
2022-07-28T02:56:27	843	3600	12.3	20.1	100.0	100.0	990.2
2022-07-28T03:58:27	876	3600	12.3	20.1	100.0	100.0	990.0
2022-07-28T04:59:27	873	3600	12.3	20.2	100.0	100.0	989.8
2022-07-28T06:01:27	853	3600	12.2	20.0	100.0	100.0	990.3
2022-07-28T07:03:27	897	3600	12.2	20.6	100.0	100.0	990.4
2022-07-28T08:05:27	856	3600	13.0	22.2	100.0	100.0	990.8
2022-07-28T09:06:27	862	3600	13.5	25.9	100.0	100.0	990.7
2022-07-28T10:08:27	854	3600	14.0	29.2	100.0	100.0	990.2
2022-07-28T11:10:27	832	3600	13.9	31.9	100.0	100.0	989.5
2022-07-28T12:12:27	893	3600	13.2	33.2	100.0	100.0	988.8
2022-07-28T13:13:27	838	3600	13.2	34.8	100.0	100.0	988.0
2022-07-28T14:15:27	932	3600	13.1	35.5	100.0	100.0	987.5
2022-07-28T15:17:27	882	3600	13.2	35.1	100.0	100.0	986.9
2022-07-28T16:19:27	861	3600	13.3	32.7	100.0	100.0	986.7
2022-07-28T17:20:27	896	3600	13.3	33.6	100.0	100.0	986.6
2022-07-28T18:22:27	924	3600	13.3	31.9	100.0	100.0	986.1
2022-07-28T19:24:27	862	3600	12.6	31.2	100.0	100.0	986.3
2022-07-28T20:26:27	862	3600	12.5	30.1	100.0	100.0	986.6
2022-07-28T21:28:27	874	3600	12.5	29.4	100.0	100.0	987.2
2022-07-28T22:30:27	844	3600	12.3	29.1	100.0	100.0	988.7
2022-07-28T23:31:27	868	3600	12.4	28.7	100.0	100.0	988.6
2022-07-29T00:33:27	888	3600	12.4	27.2	100.0	100.0	989.3
2022-07-29T01:35:27	869	3600	12.4	22.8	100.0	100.0	991.4
2022-07-29T02:36:27	886	3600	12.3	22.8	100.0	100.0	991.7
2022-07-29T03:39:27	878	3600	12.3	22.2	100.0	100.0	991.7
2022-07-29T04:41:27	846	3600	12.3	20.5	100.0	100.0	991.5
2022-07-29T05:43:27	858	3600	12.3	20.4	100.0	100.0	991.6
2022-07-29T06:45:27	879	3600	12.3	20.3	100.0	100.0	991.9
2022-07-29T07:47:27	875	3600	12.7	22.2	100.0	100.0	992.0
2022-07-29T08:49:27	798	3600	13.4	26.3	100.0	100.0	992.1
2022-07-29T09:50:27	906	3600	14.0	28.8	100.0	100.0	991.7
2022-07-29T10:52:27	868	3600	14.0	30.1	100.0	100.0	991.1
2022-07-29T11:54:27	846	3600	13.3	31.5	100.0	100.0	990.1
2022-07-29T12:56:27	902	3600	13.2	33.2	100.0	100.0	989.1
2022-07-29T13:57:27	850	3600	13.2	33.6	100.0	100.0	988.4
2022-07-29T15:00:27	861	3600	13.2	34.0	100.0	100.0	988.0
2022-07-29T16:01:27	923	3600	13.3	33.1	100.0	100.0	987.4
2022-07-29T17:03:27	919	3600	13.3	32.1	100.0	100.0	987.3
2022-07-29T18:05:27	889	3600	12.6	30.0	100.0	100.0	987.4
2022-07-29T19:07:27	883	3600	12.6	27.8	100.0	100.0	988.4
2022-07-29T20:08:27	849	3600	12.5	24.4	100.0	100.0	991.1
2022-07-29T21:10:27	898	3600	12.4	21.5	100.0	100.0	991.3
2022-07-29T22:12:27	846	3600	12.4	21.0	100.0	100.0	991.3
2022-07-29T23:14:27	869	3600	12.4	20.9	100.0	100.0	991.2
2022-07-30T00:16:27	874	3600	12.4	20.7	100.0	100.0	991.3
2022-07-30T01:17:27	833	3600	12.3	20.5	100.0	100.0	990.8
2022-07-30T02:19:27	849	3600	12.3	20.0	100.0	100.0	990.1
2022-07-30T03:21:27	824	3600	12.3	19.3	100.0	100.0	990.0
2022-07-30T04:23:27	902	3600	12.2	19.4	100.0	100.0	990.0
2022-07-30T05:25:27	832	3600	12.2	19.4	100.0	100.0	990.0
2022-07-30T06:27:27	823	3600	12.2	19.3	100.0	100.0	990.5
2022-07-30T07:28:27	849	3600	12.2	20.2	100.0	100.0	990.4
2022-07-30T08:30:27	880	3600	13.2	21.5	100.0	100.0	990.5
2022-07-30T09:32:27	873	3600	14.1	26.8	100.0	100.0	990.5
2022-07-30T10:34:27	820	3600	14.0	29.6	100.0	100.0	990.1
2022-07-30T11:35:27	826	3600	13.3	32.0	100.0	100.0	989.7
2022-07-30T12:37:27	875	3600	13.3	33.2	100.0	100.0	989.0
2022-07-30T13:39:27	890	3600	13.2	33.6	100.0	100.0	988.9
2022-07-30T14:40:27	875	3600	13.3	33.0	100.0	100.0	988.7
2022-07-30T15:42:27	875	3600	13.3	34.8	100.0	100.0	988.2
2022-07-30T16:45:27	937	3600	13.3	34.2	100.0	100.0	987.9
2022-07-30T17:46:27	922	3600	13.2	34.7	100.0	100.0	987.6
2022-07-30T18:48:27	894	3600	12.6	30.8	100.0	100.0	988.1
2022-07-30T19:50:27	890	3600	12.6	28.4	100.0	100.0	988.6
2022-07-30T20:51:27	898	3600	12.4	26.8	100.0	100.0	989.6
2022-07-30T21:53:27	900	3600	12.4	25.1	100.0	100.0	990.8
2022-07-30T22:55:27	890	3600	12.4	23.4	100.0	100.0	991.4
2022-07-30T23:57:27	870	3600	12.4	23.1	100.0	100.0	991.8
2022-07-31T00:58:27	886	3600	12.4	21.9	100.0	100.0	992.0
2022-07-31T02:00:27	905	3600	12.3	20.9	100.0	100.0	992.4
2022-07-31T03:02:27	860	3600	12.3	20.4	100.0	100.0	992.5
2022-07-31T04:04:27	888	3600	12.3	19.5	100.0	100.0	992.6
2022-07-31T05:06:27	916	3600	12.3	19.1	100.0	100.0	992.6
2022-07-31T06:08:27	856	3600	12.2	18.7	100.0	100.0	992.9
2022-07-31T07:09:27	922	3600	12.3	19.2	100.0	100.0	993.2
2022-07-31T08:11:27	923	3600	13.1	21.7	100.0	100.0	993.1
2022-07-31T09:13:27	908	3600	13.7	24.3	100.0	100.0	992.9
2022-07-31T10:15:27	868	3600	14.0	29.1	100.0	100.0	992.6
2022-07-31T11:16:27	886	3600	14.0	32.1	100.0	100.0	991.9
2022-07-31T12:18:27	875	3600	13.2	33.7	100.0	100.0	991.2
2022-07-31T13:20:27	898	3600	13.2	34.9	100.0	100.0	990.4
2022-07-31T14:22:27	888	3600	13.2	33.9	100.0	100.0	989.8
2022-07-31T15:23:27	859	3600	13.2	34.9	100.0	100.0	989.2
2022-07-31T16:25:27	904	3600	13.2	34.1	100.0	100.0	988.6
2022-07-31T17:27:27	972	3600	13.2	35.0	100.0	100.0	988.3
2022-07-31T18:29:27	915	3600	12.8	35.1	100.0	100.0	987.8
2022-07-31T19:30:27	947	3600	12.6	32.3	100.0	100.0	988.0
2022-07-31T20:32:27	949	3600	12.5	27.7	100.0	100.0	988.6
2022-07-31T21:34:27	908	3600	12.5	26.6	100.0	100.0	989.5
2022-07-31T22:36:27	907	3600	12.4	25.5	100.0	100.0	990.4
2022-07-31T23:41:51	902	3600	12.4	24.2	100.0	100.0	990.8
2022-08-01T00:43:27	838	3600	12.4	23.7	100.0	100.0	991.1
2022-08-01T01:45:27	909	3600	12.4	22.5	100.0	100.0	991.5
2022-08-01T02:47:27	874	3600	12.3	22.2	100.0	100.0	991.4
2022-08-01T03:49:27	865	3600	12.3	21.6	100.0	100.0	991.6
2022-08-01T04:50:27	914	3600	12.3	20.6	100.0	100.0	991.5
2022-08-01T05:52:27	875	3600	12.3	20.0	100.0	100.0	991.9
2022-08-01T06:54:27	896	3600	12.3	20.3	100.0	100.0	992.0
2022-08-01T07:56:27	858	3600	12.8	21.7	100.0	100.0	992.2
2022-08-01T08:57:27	897	3600	13.4	25.7	100.0	100.0	992.0
2022-08-01T09:59:27	957	3600	14.0	30.2	100.0	100.0	991.5
2022-08-01T11:01:27	930	3600	13.9	33.3	100.0	100.0	990.8
2022-08-01T12:03:27	879	3600	13.1	35.3	100.0	100.0	990.1
2022-08-01T13:05:27	918	3600	13.1	36.5	100.0	100.0	989.1
2022-08-01T14:07:27	945	3600	13.1	37.2	100.0	100.0	988.1
2022-08-01T15:08:27	926	3600	13.0	38.2	100.0	100.0	987.3
2022-08-01T16:10:27	939	3600	13.0	38.7	100.0	100.0	986.8
2022-08-01T17:12:27	949	3600	13.1	38.3	100.0	100.0	986.7
2022-08-01T18:14:27	920	3600	13.1	36.3	100.0	100.0	986.3
2022-08-01T19:16:27	919	3600	12.6	34.7	100.0	100.0	986.4
2022-08-01T20:18:27	911	3600	12.6	32.6	100.0	100.0	986.7
2022-08-01T21:20:27	962	3600	12.5	27.6	100.0	100.0	988.2
2022-08-01T22:22:27	933	3600	12.5	25.1	100.0	100.0	988.6
2022-08-01T23:24:27	887	3600	12.4	23.8	100.0	100.0	988.6
2022-08-02T00:26:27	896	3600	12.4	21.9	100.0	100.0	991.4
2022-08-02T01:27:27	840	3600	12.4	21.3	100.0	100.0	991.9
2022-08-02T02:29:27	867	3600	12.4	21.3	100.0	100.0	992.3
2022-08-02T03:31:27	896	3600	12.3	20.9	100.0	100.0	992.6
2022-08-02T04:33:27	828	3600	12.3	20.7	100.0	100.0	993.1
2022-08-02T05:34:27	848	3600	12.3	20.5	100.0	100.0	994.1
2022-08-02T06:36:27	787	3600	12.2	20.2	100.0	100.0	993.6
2022-08-02T07:38:27	822	3600	12.2	20.4	100.0	100.0	994.3
2022-08-02T08:40:27	829	3600	13.0	21.6	100.0	100.0	994.5
2022-08-02T09:42:27	813	3600	14.1	26.4	100.0	100.0	993.9
2022-08-02T10:43:27	859	3600	14.0	29.6	100.0	100.0	992.9
2022-08-02T11:45:27	814	3600	13.3	31.2	100.0	100.0	992.6
2022-08-02T12:47:27	844	3600	13.3	32.5	100.0	100.0	991.4
2022-08-02T13:49:27	849	3600	13.2	33.5	100.0	100.0	990.7
2022-08-02T14:50:27	847	3600	13.1	34.7	100.0	100.0	990.2
2022-08-02T15:52:27	855	3600	13.2	34.9	100.0	100.0	989.7
2022-08-02T16:54:27	863	3600	13.2	33.8	100.0	100.0	989.5
2022-08-02T17:56:27	872	3600	13.3	34.6	100.0	100.0	989.1
2022-08-02T18:58:27	883	3600	12.7	33.6	100.0	100.0	989.4
2022-08-02T20:00:27	876	3600	12.6	30.1	100.0	100.0	989.9
2022-08-02T21:01:27	940	3600	12.5	28.3	100.0	100.0	990.8
2022-08-02T22:03:27	826	3600	12.4	24.8	100.0	100.0	991.5
2022-08-02T23:05:27	861	3600	12.4	24.4	100.0	100.0	991.9
2022-08-03T00:07:27	870	3600	12.4	23.8	100.0	100.0	992.3
2022-08-03T01:08:27	861	3600	12.4	23.1	100.0	100.0	992.7
2022-08-03T02:10:27	833	3600	12.3	22.2	100.0	100.0	993.0
2022-08-03T03:12:27	925	3600	12.3	21.7	100.0	100.0	992.8
2022-08-03T04:14:27	830	3600	12.3	21.3	100.0	100.0	992.8
2022-08-03T05:15:27	837	3600	12.3	20.7	100.0	100.0	992.9
2022-08-03T06:17:27	855	3600	12.2	20.2	100.0	100.0	993.2
2022-08-03T07:19:27	874	3600	12.3	20.9	100.0	100.0	993.7
2022-08-03T08:20:27	866	3600	13.1	23.8	100.0	100.0	993.6
2022-08-03T09:22:27	821	3600	13.7	28.2	100.0	100.0	993.6
2022-08-03T10:24:27	906	3600	13.9	31.9	100.0	100.0	993.1
2022-08-03T11:26:27	863	3600	13.3	33.6	100.0	100.0	992.6
2022-08-03T12:28:27	881	3600	13.2	34.8	100.0	100.0	991.8
2022-08-03T13:30:27	851	3600	13.1	36.0	100.0	100.0	991.0
2022-08-03T14:31:27	820	3600	13.1	36.8	100.0	100.0	990.2
2022-08-03T15:33:27	871	3600	13.1	36.9	100.0	100.0	989.7
2022-08-03T16:35:27	899	3600	13.1	36.7	100.0	100.0	989.1
2022-08-03T17:37:27	884	3600	13.2	36.3	100.0	100.0	988.7
2022-08-03T18:38:27	885	3600	13.2	35.4	100.0	100.0	988.5
2022-08-03T19:41:27	885	3600	12.6	32.9	100.0	100.0	989.0
2022-08-03T20:42:27	900	3600	12.5	31.3	100.0	100.0	989.5
2022-08-03T21:44:27	863	3600	12.5	29.7	100.0	100.0	990.2
2022-08-03T22:46:27	839	3600	12.4	26.3	100.0	100.0	990.6
2022-08-03T23:48:27	822	3600	12.4	25.7	100.0	100.0	991.1
2022-08-04T00:49:27	900	3600	12.4	25.2	100.0	100.0	991.7
2022-08-04T01:51:27	879	3600	12.3	24.7	100.0	100.0	992.2
2022-08-04T02:53:27	881	3600	12.3	24.4	100.0	100.0	992.2
2022-08-04T03:55:27	869	3600	12.3	24.0	100.0	100.0	992.3
2022-08-04T04:57:27	865	3600	12.3	23.2	100.0	100.0	992.1
2022-08-04T05:59:27	882	3600	12.3	22.8	100.0	100.0	992.4
2022-08-04T07:01:27	829	3600	12.3	23.0	100.0	100.0	992.3
2022-08-04T08:03:27	807	3600	12.9	24.7	100.0	100.0	992.5
2022-08-04T09:05:27	897	3600	13.4	28.9	100.0	100.0	992.3
2022-08-04T10:06:27	869	3600	14.0	32.7	100.0	100.0	991.9
2022-08-04T11:09:27	870	3600	13.2	35.2	100.0	100.0	991.2
2022-08-04T12:10:27	878	3600	13.1	36.2	100.0	100.0	990.6
2022-08-04T13:12:27	868	3600	13.1	37.5	100.0	100.0	989.8
2022-08-04T14:14:27	841	3600	13.0	38.0	100.0	100.0	989.1
2022-08-04T15:16:27	873	3600	13.1	38.6	100.0	100.0	988.6
2022-08-04T16:18:27	932	3600	13.1	38.3	100.0	100.0	987.9
2022-08-04T17:20:27	842	3600	13.2	37.8	100.0	100.0	987.7
2022-08-04T18:22:27	904	3600	13.1	36.8	100.0	100.0	987.6
2022-08-04T19:24:27	870	3600	12.6	33.9	100.0	100.0	987.9
2022-08-04T20:25:27	891	3600	12.5	32.8	100.0	100.0	988.4
2022-08-04T21:27:27	837	3600	12.5	31.9	100.0	100.0	989.2
2022-08-04T22:29:27	902	3600	12.4	28.1	100.0	100.0	989.7
2022-08-04T23:31:27	941	3600	12.4	27.0	100.0	100.0	990.2
2022-08-05T00:32:27	873	3600	12.3	26.6	100.0	100.0	990.4
2022-08-05T01:34:27	801	3600	12.4	25.7	100.0	100.0	990.5
2022-08-05T02:36:27	899	3600	12.3	24.8	100.0	100.0	990.4
2022-08-05T03:38:27	893	3600	12.3	24.5	100.0	100.0	990.4
2022-08-05T04:39:27	875	3600	12.3	24.2	100.0	100.0	990.7
2022-08-05T05:41:27	941	3600	12.3	23.7	100.0	100.0	990.4
2022-08-05T06:44:27	912	3600	12.2	23.3	100.0	100.0	990.5
2022-08-05T07:45:27	860	3600	12.5	24.7	100.0	100.0	990.7
2022-08-05T08:47:27	893	3600	13.2	28.3	100.0	100.0	990.5
2022-08-05T09:49:27	910	3600	13.9	32.5	100.0	100.0	990.1
2022-08-05T10:51:27	898	3600	13.8	35.0	100.0	100.0	989.5
2022-08-05T11:53:27	924	3600	13.1	36.6	100.0	100.0	988.8
2022-08-05T12:54:27	935	3600	13.1	37.8	100.0	100.0	987.9
2022-08-05T13:56:27	919	3600	13.2	39.3	100.0	100.0	987.3
2022-08-05T14:58:27	962	3600	13.0	39.5	100.0	100.0	986.5
2022-08-05T16:00:27	947	3600	13.0	39.6	100.0	100.0	985.8
2022-08-05T17:02:27	992	3600	13.0	39.2	100.0	100.0	985.3
2022-08-05T18:03:27	993	3600	13.1	38.3	100.0	100.0	985.0
2022-08-05T19:05:27	957	3600	12.6	36.1	100.0	100.0	985.8
2022-08-05T20:07:27	917	3600	12.5	34.7	100.0	100.0	987.9
2022-08-05T21:09:27	912	3600	12.4	28.8	100.0	100.0	991.5
2022-08-05T22:11:27	926	3600	12.4	27.1	100.0	100.0	992.5
2022-08-05T23:13:27	906	3600	12.4	25.6	100.0	100.0	992.1
2022-08-06T00:14:27	917	3600	12.4	24.8	100.0	100.0	992.2
2022-08-06T01:16:27	935	3600	12.3	23.9	100.0	100.0	991.7
2022-08-06T02:18:27	907	3600	12.3	23.3	100.0	100.0	991.9
2022-08-06T03:19:27	823	3600	12.3	22.5	100.0	100.0	992.2
2022-08-06T04:21:27	929	3600	12.3	22.4	100.0	100.0	992.0
2022-08-06T05:23:27	924	3600	12.2	22.0	100.0	100.0	991.4
2022-08-06T06:25:27	927	3600	12.2	22.0	100.0	100.0	991.3
2022-08-06T07:27:27	987	3600	12.5	23.4	100.0	100.0	991.6
2022-08-06T08:29:27	870	3600	12.8	23.8	100.0	100.0	991.6
2022-08-06T09:30:27	904	3600	14.0	29.1	100.0	100.0	991.6
2022-08-06T10:32:27	883	3600	14.0	30.2	100.0	100.0	991.3
2022-08-06T11:34:27	941	3600	13.9	32.7	100.0	100.0	991.2
2022-08-06T12:36:27	948	3600	13.3	33.6	100.0	100.0	990.7
2022-08-06T13:38:27	951	3600	13.2	33.9	100.0	100.0	989.9
2022-08-06T14:40:27	950	3600	13.2	33.2	100.0	100.0	989.8
2022-08-06T15:41:27	975	3600	13.2	33.4	100.0	100.0	989.7
2022-08-06T16:43:27	958	3600	13.2	33.7	100.0	100.0	989.5
2022-08-06T17:45:27	936	3600	12.5	29.2	100.0	100.0	990.4
2022-08-06T18:47:27	898	3600	12.5	24.1	100.0	100.0	992.6
2022-08-06T19:48:27	870	3600	12.5	23.2	100.0	100.0	993.4
2022-08-06T20:50:27	839	3600	12.4	22.9	100.0	100.0	993.5
2022-08-06T21:52:27	882	3600	12.4	22.6	100.0	100.0	994.1
2022-08-06T22:54:27	858	3600	12.4	22.4	100.0	100.0	994.1
2022-08-06T23:55:27	892	3600	12.3	22.1	100.0	100.0	993.6
2022-08-07T00:57:27	804	3600	12.3	22.0	100.0	100.0	993.6
2022-08-07T01:59:27	856	3600	12.3	21.7	100.0	100.0	993.6
2022-08-07T03:00:27	849	3600	12.3	22.0	100.0	100.0	993.4
2022-08-07T04:03:27	837	3600	12.2	21.8	100.0	100.0	993.4
2022-08-07T05:04:27	876	3600	12.2	21.9	100.0	100.0	993.2
2022-08-07T06:06:27	818	3600	12.2	21.9	100.0	100.0	992.9
2022-08-07T07:08:27	890	3600	12.1	22.0	100.0	100.0	993.4
2022-08-07T08:10:27	844	3600	12.9	23.4	100.0	100.0	993.6
2022-08-07T09:11:27	801	3600	13.0	23.9	100.0	100.0	993.3
2022-08-07T10:13:27	887	3600	13.2	25.4	100.0	100.0	993.2
2022-08-07T11:15:27	821	3600	13.5	27.1	100.0	100.0	993.0
2022-08-07T12:17:27	877	3600	13.5	27.4	100.0	100.0	992.6
2022-08-07T13:18:27	868	3600	13.5	27.9	100.0	100.0	991.8
2022-08-07T14:20:27	890	3600	13.5	28.2	100.0	100.0	991.2
2022-08-07T15:22:27	877	3600	13.5	28.5	100.0	100.0	990.7
2022-08-07T16:23:27	892	3600	13.4	29.8	100.0	100.0	989.6
2022-08-07T17:26:27	842	3600	13.3	30.5	100.0	100.0	989.7
2022-08-07T18:27:27	978	3600	12.6	27.8	100.0	100.0	989.6
2022-08-07T19:29:27	889	3600	12.5	27.0	100.0	100.0	990.2
2022-08-07T20:31:27	886	3600	12.5	26.1	100.0	100.0	990.4
2022-08-07T21:33:27	864	3600	12.5	25.5	100.0	100.0	991.3
2022-08-07T22:34:27	851	3600	12.4	24.6	100.0	100.0	991.6
2022-08-07T23:36:27	877	3600	12.4	23.5	100.0	100.0	991.5
2022-08-08T00:38:27	921	3600	12.4	23.0	100.0	100.0	992.1
2022-08-08T01:40:27	858	3600	12.3	22.7	100.0	100.0	992.3
2022-08-08T02:41:27	888	3600	12.3	22.2	100.0	100.0	992.1
2022-08-08T03:43:27	915	3600	12.3	21.8	100.0	100.0	992.1
2022-08-08T04:45:27	911	3600	12.3	21.4	100.0	100.0	992.4
2022-08-08T05:47:27	859	3600	12.2	20.8	100.0	100.0	992.3
2022-08-08T06:48:27	840	3600	12.3	20.7	100.0	100.0	992.7
2022-08-08T07:51:27	945	3600	12.6	21.6	100.0	100.0	993.2
2022-08-08T08:53:27	936	3600	13.2	24.8	100.0	100.0	993.1
2022-08-08T09:55:27	942	3600	14.1	28.4	100.0	100.0	992.9
2022-08-08T10:56:27	888	3600	13.9	30.3	100.0	100.0	992.5
2022-08-08T11:58:27	893	3600	13.2	32.7	100.0	100.0	991.9
2022-08-08T13:00:27	920	3600	13.1	34.8	100.0	100.0	991.0
2022-08-08T14:02:27	946	3600	13.1	35.7	100.0	100.0	990.3
2022-08-08T15:03:27	922	3600	13.1	36.4	100.0	100.0	989.7
2022-08-08T16:05:27	915	3600	13.1	36.3	100.0	100.0	989.2
2022-08-08T17:07:27	948	3600	13.2	36.0	100.0	100.0	989.0
2022-08-08T18:09:27	893	3600	13.2	35.3	100.0	100.0	989.3
2022-08-08T19:11:27	949	3600	12.6	32.9	100.0	100.0	989.8
2022-08-08T20:12:27	889	3600	12.5	30.4	100.0	100.0	990.8
2022-08-08T21:14:27	880	3600	12.4	29.1	100.0	100.0	991.9
2022-08-08T22:16:27	889	3600	12.5	27.7	100.0	100.0	992.8
2022-08-08T23:17:27	920	3600	12.5	25.7	100.0	100.0	993.0
2022-08-09T00:19:27	881	3600	12.4	24.7	100.0	100.0	993.3
2022-08-09T01:21:27	855	3600	12.4	24.3	100.0	100.0	993.7
2022-08-09T02:23:27	855	3600	12.3	23.5	100.0	100.0	994.2
2022-08-09T03:25:27	894	3600	12.3	22.6	100.0	100.0	994.2
2022-08-09T04:27:27	876	3600	12.3	22.0	100.0	100.0	994.5
2022-08-09T05:28:27	898	3600	12.2	21.4	100.0	100.0	994.3
2022-08-09T06:30:27	926	3600	12.2	20.7	100.0	100.0	994.5
2022-08-09T07:32:27	839	3600	12.3	21.5	100.0	100.0	995.2
2022-08-09T08:34:27	921	3600	13.1	25.0	100.0	100.0	995.4
2022-08-09T09:36:27	882	3600	14.0	30.1	100.0	100.0	995.0
2022-08-09T10:38:27	863	3600	13.9	32.8	100.0	100.0	994.6
2022-08-09T11:39:27	901	3600	13.2	34.4	100.0	100.0	994.0
2022-08-09T12:41:27	870	3600	13.1	35.7	100.0	100.0	993.1
2022-08-09T13:43:27	920	3600	13.1	36.5	100.0	100.0	992.6
2022-08-09T14:45:27	964	3600	13.1	37.5	100.0	100.0	991.6
2022-08-09T15:46:27	944	3600	13.1	37.3	100.0	100.0	991.1
2022-08-09T16:48:27	971	3600	13.1	36.9	100.0	100.0	990.7
2022-08-09T17:51:27	902	3600	13.2	35.8	100.0	100.0	990.7
2022-08-09T18:52:27	916	3600	12.8	34.1	100.0	100.0	991.0
2022-08-09T19:54:27	891	3600	12.5	31.2	100.0	100.0	991.8
2022-08-09T20:56:27	900	3600	12.4	30.0	100.0	100.0	993.0
2022-08-09T21:58:27	876	3600	12.5	29.0	100.0	100.0	993.7
2022-08-09T23:00:27	891	3600	12.4	25.9	100.0	100.0	994.1
2022-08-10T00:01:27	850	3600	12.4	25.5	100.0	100.0	994.4
2022-08-10T01:03:27	885	3600	12.4	25.3	100.0	100.0	994.9
2022-08-10T02:06:27	878	3600	12.3	24.1	100.0	100.0	994.9
2022-08-10T03:07:27	870	3600	12.3	23.0	100.0	100.0	994.8
2022-08-10T04:09:27	924	3600	12.3	22.7	100.0	100.0	994.8
2022-08-10T05:11:27	931	3600	12.3	22.6	100.0	100.0	994.8
2022-08-10T06:13:27	992	3600	12.2	21.4	100.0	100.0	994.8
2022-08-10T07:14:27	909	3600	12.3	21.7	100.0	100.0	995.1
2022-08-10T08:16:27	935	3600	12.3	22.6	100.0	100.0	995.3
2022-08-10T09:18:27	910	3600	13.3	25.6	100.0	100.0	995.4
2022-08-10T10:20:27	879	3600	14.0	29.7	100.0	100.0	995.0
2022-08-10T11:22:27	920	3600	13.9	32.8	100.0	100.0	994.6
2022-08-10T12:24:27	860	3600	13.2	34.2	100.0	100.0	993.7
2022-08-10T13:25:27	925	3600	13.2	35.3	100.0	100.0	993.1
2022-08-10T14:27:27	909	3600	13.1	36.0	100.0	100.0	992.3
2022-08-10T15:29:27	961	3600	13.1	36.0	100.0	100.0	991.7
2022-08-10T16:30:27	918	3600	13.2	35.9	100.0	100.0	991.0
2022-08-10T17:32:27	933	3600	13.3	33.3	100.0	100.0	990.9
2022-08-10T18:34:27	924	3600	12.6	31.5	100.0	100.0	991.3
2022-08-10T19:36:27	935	3600	12.5	30.6	100.0	100.0	991.5
2022-08-10T20:37:27	940	3600	12.5	29.4	100.0	100.0	992.2
2022-08-10T21:39:27	927	3600	12.5	28.2	100.0	100.0	993.1
2022-08-10T22:41:27	924	3600	12.5	27.5	100.0	100.0	993.3
2022-08-10T23:43:27	915	3600	12.4	26.4	100.0	100.0	993.8
2022-08-11T00:45:27	914	3600	12.3	27.2	100.0	100.0	994.2
2022-08-11T01:47:27	959	3600	12.4	26.9	100.0	100.0	994.6
2022-08-11T02:48:27	915	3600	12.4	26.6	100.0	100.0	995.0
2022-08-11T03:50:27	918	3600	12.2	25.2	100.0	100.0	994.9
2022-08-11T04:52:27	885	3600	12.3	23.6	100.0	100.0	994.7
2022-08-11T05:54:27	877	3600	12.2	22.3	100.0	100.0	994.5
2022-08-11T06:55:27	835	3600	12.2	22.0	100.0	100.0	994.6
2022-08-11T07:57:27	902	3600	12.3	23.1	100.0	100.0	994.7
2022-08-11T08:59:27	888	3600	13.0	24.6	100.0	100.0	994.7
2022-08-11T10:01:27	900	3600	13.3	28.3	100.0	100.0	994.1
2022-08-11T11:02:27	891	3600	14.0	31.8	100.0	100.0	993.8
2022-08-11T12:04:27	932	3600	13.2	33.3	100.0	100.0	993.2
2022-08-11T13:06:27	932	3600	13.2	34.7	100.0	100.0	992.1
2022-08-11T14:08:27	992	3600	13.1	35.6	100.0	100.0	991.3
2022-08-11T15:09:27	963	3600	13.1	35.7	100.0	100.0	990.4
2022-08-11T16:11:27	967	3600	13.2	35.5	100.0	100.0	989.5
2022-08-11T17:13:27	986	3600	13.2	35.3	100.0	100.0	989.1
2022-08-11T18:15:27	905	3600	13.3	33.4	100.0	100.0	988.4
2022-08-11T19:16:27	958	3600	13.1	31.4	100.0	100.0	988.9
2022-08-11T20:18:27	1004	3600	12.5	30.1	100.0	100.0	989.4
2022-08-11T21:20:27	966	3600	12.5	28.2	100.0	100.0	990.2
2022-08-11T22:22:27	937	3600	12.5	25.1	100.0	100.0	991.4
2022-08-11T23:23:27	913	3600	12.4	22.5	100.0	100.0	991.8
2022-08-12T00:25:27	939	3600	12.4	21.6	100.0	100.0	992.0
2022-08-12T01:27:27	976	3600	12.4	20.7	100.0	100.0	991.7
2022-08-12T02:29:27	934	3600	12.3	20.4	100.0	100.0	991.7
2022-08-12T03:30:27	961	3600	12.3	20.3	100.0	100.0	991.4
2022-08-12T04:32:27	969	3600	12.3	20.6	100.0	100.0	990.9
2022-08-12T05:34:27	955	3600	12.3	20.5	100.0	100.0	990.4
2022-08-12T06:36:27	994	3600	12.2	19.9	100.0	100.0	990.5
2022-08-12T07:37:27	1019	3600	12.3	20.3	100.0	100.0	990.3
2022-08-12T08:39:27	925	3600	12.9	22.5	100.0	100.0	990.5
2022-08-12T09:41:27	917	3600	14.0	27.3	100.0	100.0	990.5
2022-08-12T10:43:27	969	3600	14.0	30.3	100.0	100.0	990.2
2022-08-12T11:44:27	954	3600	13.3	31.9	100.0	100.0	989.4
2022-08-12T12:46:27	948	3600	13.3	33.4	100.0	100.0	988.7
2022-08-12T13:48:27	968	3600	13.2	34.1	100.0	100.0	988.2
2022-08-12T14:51:27	910	3600	13.2	34.8	100.0	100.0	988.0
2022-08-12T15:53:27	1005	3600	12.9	30.7	100.0	100.0	988.3
2022-08-12T16:55:27	982	3600	13.4	27.7	100.0	100.0	989.0
2022-08-12T17:56:27	1002	3600	12.8	27.1	100.0	100.0	989.3
2022-08-12T18:58:27	983	3600	12.5	25.0	100.0	100.0	989.6
2022-08-12T20:00:27	940	3600	12.5	23.7	100.0	100.0	990.6
2022-08-12T21:02:27	972	3600	12.4	20.9	100.0	100.0	992.7
2022-08-12T22:03:27	923	3600	12.4	19.8	100.0	100.0	993.2
2022-08-12T23:06:27	877	3600	12.4	19.4	100.0	100.0	993.1
2022-08-13T00:08:27	944	3600	12.3	18.6	100.0	100.0	992.7
2022-08-13T01:10:27	929	3600	12.4	18.3	100.0	100.0	992.5
2022-08-13T02:11:27	945	3600	12.2	17.4	100.0	100.0	991.9
2022-08-13T03:13:27	967	3600	12.3	16.6	100.0	100.0	991.9
2022-08-13T04:15:27	956	3600	12.2	16.6	100.0	100.0	991.8
2022-08-13T05:17:27	922	3600	12.2	16.2	100.0	100.0	991.9
2022-08-13T06:18:27	889	3600	12.2	16.1	100.0	100.0	991.9
2022-08-13T07:20:27	890	3600	12.1	16.5	100.0	100.0	992.2
2022-08-13T08:22:27	881	3600	13.2	19.7	100.0	100.0	991.8
2022-08-13T09:24:27	931	3600	14.2	24.0	100.0	100.0	991.4
2022-08-13T10:26:27	940	3600	13.5	26.2	100.0	100.0	990.6
2022-08-13T11:28:27	925	3600	13.3	28.0	100.0	100.0	989.9
2022-08-13T12:29:27	920	3600	13.4	29.3	100.0	100.0	989.0
2022-08-13T13:31:27	931	3600	13.3	31.4	100.0	100.0	987.9
2022-08-13T14:33:27	970	3600	13.2	32.6	100.0	100.0	987.4
2022-08-13T15:35:27	973	3600	13.2	33.3	100.0	100.0	986.8
2022-08-13T16:36:27	1030	3600	13.2	33.7	100.0	100.0	985.9
2022-08-13T17:38:27	991	3600	13.2	32.7	100.0	100.0	985.7
2022-08-13T18:40:27	983	3600	13.4	30.2	100.0	100.0	985.7
2022-08-13T19:42:27	1033	3600	12.6	29.4	100.0	100.0	986.3
2022-08-13T20:44:27	961	3600	12.6	27.8	100.0	100.0	986.8
2022-08-13T21:47:27	971	3600	12.5	26.6	100.0	100.0	987.8
2022-08-13T22:49:27	956	3600	12.4	24.7	100.0	100.0	988.8
2022-08-13T23:50:27	1020	3600	12.4	22.4	100.0	100.0	989.0
2022-08-14T00:52:27	925	3600	12.4	21.7	100.0	100.0	989.3
2022-08-14T01:54:27	978	3600	12.3	20.8	100.0	100.0	989.2
2022-08-14T02:56:27	1030	3600	12.3	20.1	100.0	100.0	988.8
2022-08-14T03:57:27	1005	3600	12.3	19.4	100.0	100.0	988.6
2022-08-14T04:59:27	992	3600	12.3	18.5	100.0	100.0	988.1
2022-08-14T06:01:27	975	3600	12.3	17.8	100.0	100.0	988.2
2022-08-14T07:02:27	979	3600	12.3	18.2	100.0	100.0	987.8
2022-08-14T08:04:27	1062	3600	13.0	20.0	100.0	100.0	987.9
2022-08-14T09:06:27	926	3600	13.7	23.1	100.0	100.0	987.4
2022-08-14T10:08:27	964	3600	14.0	28.4	100.0	100.0	987.2
2022-08-14T11:09:27	954	3600	14.0	31.5	100.0	100.0	986.7
2022-08-14T12:11:27	984	3600	13.2	32.2	100.0	100.0	985.5
2022-08-14T13:13:27	955	3600	13.2	33.6	100.0	100.0	984.6
2022-08-14T14:15:27	1015	3600	13.2	34.5	100.0	100.0	983.6
2022-08-14T15:16:27	1017	3600	13.2	35.0	100.0	100.0	983.0
2022-08-14T16:18:27	1032	3600	13.3	33.0	100.0	100.0	982.4
2022-08-14T17:20:27	962	3600	13.3	33.2	100.0	100.0	981.6
2022-08-14T18:22:27	1032	3600	13.1	32.8	100.0	100.0	981.4
2022-08-14T19:23:27	992	3600	12.6	31.1	100.0	100.0	981.4
2022-08-14T20:25:27	1001	3600	12.5	29.2	100.0	100.0	981.5
2022-08-14T21:27:27	1040	3600	12.5	27.9	100.0	100.0	982.4
2022-08-14T22:29:27	1054	3600	12.5	25.2	100.0	100.0	982.7
2022-08-14T23:30:27	1009	3600	12.4	23.9	100.0	100.0	982.8
2022-08-15T00:32:27	965	3600	12.4	24.1	100.0	100.0	982.9
2022-08-15T01:34:27	1025	3600	12.4	23.7	100.0	100.0	983.0
2022-08-15T02:35:27	951	3600	12.3	23.2	100.0	100.0	982.7
2022-08-15T03:37:27	1011	3600	12.3	21.9	100.0	100.0	982.6
2022-08-15T04:39:27	980	3600	12.3	21.0	100.0	100.0	982.7
2022-08-15T05:41:27	1096	3600	12.3	20.5	100.0	100.0	982.6
2022-08-15T06:42:27	1081	3600	12.2	20.3	100.0	100.0	982.9
2022-08-15T07:44:27	1033	3600	12.2	20.8	100.0	100.0	983.1
2022-08-15T08:46:27	1038	3600	13.2	24.2	100.0	100.0	983.1
2022-08-15T09:48:27	1002	3600	14.1	28.4	100.0	100.0	982.9
2022-08-15T10:49:27	1042	3600	13.9	31.6	100.0	100.0	982.7
2022-08-15T11:51:27	1056	3600	13.3	32.9	100.0	100.0	982.3
2022-08-15T12:53:27	1041	3600	13.2	34.9	100.0	100.0	981.6
2022-08-15T13:55:27	1064	3600	13.1	35.8	100.0	100.0	980.8
2022-08-15T14:56:27	1032	3600	13.1	36.5	100.0	100.0	980.2
2022-08-15T15:58:27	1064	3600	13.1	36.2	100.0	100.0	979.6
2022-08-15T17:00:27	1050	3600	13.2	35.5	100.0	100.0	979.7
2022-08-15T18:02:27	1058	3600	13.2	34.3	100.0	100.0	979.4
2022-08-15T19:03:27	1124	3600	12.6	32.0	100.0	100.0	979.5
2022-08-15T20:05:27	1013	3600	12.5	30.2	100.0	100.0	980.1
2022-08-15T21:07:27	992	3600	12.5	29.3	100.0	100.0	980.9
2022-08-15T22:09:27	1040	3600	12.4	28.4	100.0	100.0	981.5
2022-08-15T23:10:27	1037	3600	12.5	27.7	100.0	100.0	982.6
2022-08-16T00:12:27	1005	3600	12.3	26.7	100.0	100.0	983.5
2022-08-16T01:14:27	1073	3600	12.4	25.9	100.0	100.0	984.4
2022-08-16T02:16:27	1056	3600	12.3	23.3	100.0	100.0	985.1
2022-08-16T03:17:27	995	3600	12.3	21.3	100.0	100.0	985.1
2022-08-16T04:19:27	1056	3600	12.3	19.8	100.0	100.0	985.4
2022-08-16T05:21:27	1004	3600	12.2	18.9	100.0	100.0	985.9
2022-08-16T06:23:27	1020	3600	12.2	18.4	100.0	100.0	986.1
2022-08-16T07:24:27	978	3600	12.2	18.9	100.0	100.0	986.4
2022-08-16T08:26:27	1043	3600	13.2	22.2	100.0	100.0	986.5
2022-08-16T09:28:27	1020	3600	14.1	27.8	100.0	100.0	986.4
2022-08-16T10:29:27	1012	3600	13.9	30.0	100.0	100.0	986.1
2022-08-16T11:31:27	1042	3600	13.3	31.9	100.0	100.0	985.5
2022-08-16T12:35:27	985	3600	13.2	33.3	100.0	100.0	985.1
2022-08-16T13:37:27	1027	3600	13.1	34.8	100.0	100.0	984.9
2022-08-16T14:38:27	1032	3600	13.1	36.1	100.0	100.0	984.7
2022-08-16T15:40:27	1066	3600	13.1	36.2	100.0	100.0	984.1
2022-08-16T16:42:27	1058	3600	13.1	36.2	100.0	100.0	984.1
2022-08-16T17:44:27	1034	3600	13.2	35.1	100.0	100.0	984.1
2022-08-16T18:45:27	1045	3600	12.6	32.4	100.0	100.0	984.3
2022-08-16T19:47:27	1000	3600	12.5	30.5	100.0	100.0	984.8
2022-08-16T20:49:27	1096	3600	12.5	29.5	100.0	100.0	985.4
2022-08-16T21:50:27	989	3600	12.5	28.6	100.0	100.0	986.1
2022-08-16T22:52:27	1023	3600	12.5	25.4	100.0	100.0	986.6
2022-08-16T23:54:27	981	3600	12.4	24.3	100.0	100.0	987.0
2022-08-17T00:56:27	996	3600	12.4	23.9	100.0	100.0	987.7
2022-08-17T01:57:27	989	3600	12.4	23.5	100.0	100.0	987.8
2022-08-17T02:59:27	1000	3600	12.3	22.5	100.0	100.0	987.9
2022-08-17T04:01:27	1037	3600	12.3	21.8	100.0	100.0	988.0
2022-08-17T05:03:27	981	3600	12.2	21.2	100.0	100.0	988.3
2022-08-17T06:04:27	1051	3600	12.2	21.1	100.0	100.0	988.2
2022-08-17T07:06:27	1027	3600	12.2	21.0	100.0	100.0	988.5
2022-08-17T08:08:27	1012	3600	12.8	22.7	100.0	100.0	989.1
2022-08-17T09:10:27	974	3600	13.1	25.8	100.0	100.0	989.0
2022-08-17T10:12:27	969	3600	14.0	30.0	100.0	100.0	988.7
2022-08-17T11:14:27	984	3600	13.9	32.8	100.0	100.0	988.3
2022-08-17T12:15:27	1022	3600	13.3	33.8	100.0	100.0	987.7
2022-08-17T13:17:27	998	3600	13.2	34.1	100.0	100.0	987.6
2022-08-17T14:19:27	1050	3600	13.1	35.1	100.0	100.0	987.2
2022-08-17T15:21:27	980	3600	13.1	36.6	100.0	100.0	986.5
2022-08-17T16:23:27	1035	3600	13.1	35.2	100.0	100.0	986.6
2022-08-17T17:25:27	1018	3600	13.3	32.9	100.0	100.0	986.4
2022-08-17T18:27:27	1043	3600	12.8	32.2	100.0	100.0	985.8
2022-08-17T19:28:27	1063	3600	12.6	31.2	100.0	100.0	985.7
2022-08-17T20:31:27	971	3600	12.5	30.3	100.0	100.0	986.3
2022-08-17T21:32:27	1033	3600	12.5	29.7	100.0	100.0	987.4
2022-08-17T22:34:27	1011	3600	12.5	27.4	100.0	100.0	987.2
2022-08-17T23:36:27	1020	3600	12.5	27.4	100.0	100.0	987.8
2022-08-18T00:38:27	1030	3600	12.4	26.5	100.0	100.0	988.0
2022-08-18T01:39:27	1001	3600	12.3	24.5	100.0	100.0	987.9
2022-08-18T02:41:27	1032	3600	12.3	23.5	100.0	100.0	987.4
2022-08-18T03:43:27	957	3600	12.3	23.1	100.0	100.0	987.6
2022-08-18T04:44:27	1003	3600	12.3	22.8	100.0	100.0	987.9
2022-08-18T05:46:27	995	3600	12.2	22.3	100.0	100.0	988.1
2022-08-18T06:48:27	993	3600	12.2	20.5	100.0	100.0	987.5
2022-08-18T07:50:27	959	3600	12.3	20.8	100.0	100.0	988.0
2022-08-18T08:51:27	992	3600	12.3	20.8	100.0	100.0	988.1
2022-08-18T09:53:27	988	3600	12.7	21.9	100.0	100.0	988.9
2022-08-18T10:55:27	982	3600	12.1	20.9	100.0	100.0	989.0
2022-08-18T11:57:27	966	3600	13.1	23.1	100.0	100.0	987.2
2022-08-18T12:58:27	952	3600	12.5	23.4	100.0	100.0	987.3
2022-08-18T14:00:27	910	3600	12.6	21.7	100.0	100.0	986.2
2022-08-18T15:02:27	925	3600	12.4	21.6	100.0	100.0	986.6
2022-08-18T16:04:27	917	3600	12.4	22.3	100.0	100.0	987.0
2022-08-18T17:05:27	936	3600	13.1	23.0	100.0	100.0	986.5
2022-08-18T18:07:27	890	3600	13.2	24.4	100.0	100.0	986.2
2022-08-18T19:09:27	961	3600	12.6	23.4	100.0	100.0	986.5
2022-08-18T20:11:27	927	3600	12.5	22.2	100.0	100.0	986.5
2022-08-18T21:12:27	965	3600	12.4	21.8	100.0	100.0	985.9
2022-08-18T22:15:27	983	3600	12.3	22.2	100.0	100.0	987.3
2022-08-18T23:16:27	909	3600	12.2	21.4	100.0	100.0	986.9
2022-08-19T00:18:27	908	3600	12.2	21.9	100.0	100.0	986.3
2022-08-19T01:20:27	942	3600	12.1	21.1	100.0	100.0	987.2
2022-08-19T02:21:27	908	3600	12.1	20.4	100.0	100.0	986.2
2022-08-19T03:23:27	840	3600	12.1	20.4	100.0	100.0	984.9
2022-08-19T04:25:27	905	3600	12.1	20.5	100.0	100.0	985.3
2022-08-19T05:27:27	921	3600	12.1	20.5	100.0	100.0	983.6
2022-08-19T06:28:27	887	3600	12.1	19.8	100.0	100.0	985.0
2022-08-19T07:30:27	942	3600	12.1	19.7	100.0	100.0	985.3
2022-08-19T08:32:27	898	3600	12.9	23.5	100.0	100.0	985.0
2022-08-19T09:34:27	877	3600	13.0	25.3	100.0	100.0	985.0
2022-08-19T10:36:27	908	3600	13.2	26.1	100.0	100.0	985.0
2022-08-19T11:38:27	928	3600	13.2	26.6	100.0	100.0	985.4
2022-08-19T12:39:27	861	3600	13.4	28.9	100.0	100.0	984.3
2022-08-19T13:41:27	922	3600	13.5	28.3	100.0	100.0	983.9
2022-08-19T14:43:27	867	3600	13.4	28.8	100.0	100.0	983.5
2022-08-19T15:44:27	894	3600	13.3	30.2	100.0	100.0	983.7
2022-08-19T16:46:27	923	3600	13.4	29.2	100.0	100.0	984.6
2022-08-19T17:48:27	955	3600	13.5	26.2	100.0	100.0	984.6
2022-08-19T18:50:27	892	3600	12.9	26.5	100.0	100.0	985.1
2022-08-19T19:51:27	942	3600	12.5	24.9	100.0	100.0	985.8
2022-08-19T20:53:27	869	3600	12.5	23.2	100.0	100.0	986.5
2022-08-19T21:55:27	942	3600	12.4	22.4	100.0	100.0	987.0
2022-08-19T22:57:27	917	3600	12.4	20.5	100.0	100.0	987.7
2022-08-19T23:58:27	899	3600	12.4	20.2	100.0	100.0	988.1
2022-08-20T01:00:27	866	3600	12.4	20.0	100.0	100.0	988.1
2022-08-20T02:02:27	869	3600	12.4	19.8	100.0	100.0	988.0
2022-08-20T03:04:27	874	3600	12.3	19.9	100.0	100.0	987.9
2022-08-20T04:05:27	899	3600	12.3	20.5	100.0	100.0	988.0
2022-08-20T05:08:27	831	3600	12.3	20.4	100.0	100.0	988.0
2022-08-20T06:10:27	845	3600	12.3	20.4	100.0	100.0	988.3
2022-08-20T07:12:27	825	3600	12.3	20.3	100.0	100.0	988.5
2022-08-20T08:13:27	925	3600	12.4	21.5	100.0	100.0	988.4
2022-08-20T09:15:27	862	3600	12.6	22.0	100.0	100.0	988.7
2022-08-20T10:17:27	819	3600	13.1	25.1	100.0	100.0	988.8
2022-08-20T11:19:27	909	3600	13.3	25.4	100.0	100.0	988.5
2022-08-20T12:20:27	891	3600	13.9	30.5	100.0	100.0	987.9
2022-08-20T13:22:27	878	3600	13.2	32.5	100.0	100.0	987.1
2022-08-20T14:24:27	864	3600	13.2	34.2	100.0	100.0	986.4
2022-08-20T15:26:27	950	3600	13.2	34.3	100.0	100.0	986.2
2022-08-20T16:28:27	921	3600	12.6	32.0	100.0	100.0	986.1
2022-08-20T17:30:27	917	3600	13.3	31.7	100.0	100.0	986.2
2022-08-20T18:31:27	935	3600	12.6	30.2	100.0	100.0	986.4
2022-08-20T19:34:27	871	3600	12.4	27.4	100.0	100.0	986.6
2022-08-20T20:36:27	865	3600	12.4	24.5	100.0	100.0	987.3
2022-08-20T21:38:27	911	3600	12.4	23.4	100.0	100.0	988.0
2022-08-20T22:40:27	874	3600	12.4	22.3	100.0	100.0	988.4
2022-08-20T23:41:27	946	3600	12.4	21.8	100.0	100.0	988.8
2022-08-21T00:43:27	863	3600	12.4	21.1	100.0	100.0	988.9
2022-08-21T01:45:27	884	3600	12.3	20.6	100.0	100.0	989.1
2022-08-21T02:47:27	879	3600	12.3	20.1	100.0	100.0	988.9
2022-08-21T03:49:27	899	3600	12.2	19.7	100.0	100.0	988.8
2022-08-21T04:51:27	945	3600	12.3	19.2	100.0	100.0	988.7
2022-08-21T05:53:27	877	3600	12.2	18.7	100.0	100.0	988.8
2022-08-21T06:55:27	878	3600	12.2	18.4	100.0	100.0	989.3
2022-08-21T07:57:27	920	3600	12.7	19.7	100.0	100.0	989.4
2022-08-21T08:59:27	933	3600	13.4	23.5	100.0	100.0	989.3
2022-08-21T10:01:27	920	3600	14.0	27.6	100.0	100.0	988.6
2022-08-21T11:03:27	884	3600	13.9	31.1	100.0	100.0	987.6
2022-08-21T12:04:27	886	3600	13.2	33.9	100.0	100.0	986.8
2022-08-21T13:06:27	936	3600	13.2	35.6	100.0	100.0	986.1
2022-08-21T14:08:27	906	3600	13.1	36.2	100.0	100.0	985.1
2022-08-21T15:10:27	967	3600	13.1	36.3	100.0	100.0	984.3
2022-08-21T16:11:27	990	3600	13.1	36.3	100.0	100.0	983.6
2022-08-21T17:14:27	994	3600	13.1	35.9	100.0	100.0	983.0
2022-08-21T18:16:27	967	3600	13.2	35.3	100.0	100.0	982.8
2022-08-21T19:18:27	958	3600	12.5	29.2	100.0	100.0	983.1
2022-08-21T20:19:27	932	3600	12.5	26.3	100.0	100.0	983.9
2022-08-21T21:21:27	940	3600	12.5	24.8	100.0	100.0	984.8
2022-08-21T22:23:27	949	3600	12.4	24.4	100.0	100.0	985.6
2022-08-21T23:25:27	914	3600	12.4	24.0	100.0	100.0	985.9
2022-08-22T00:27:27	939	3600	12.4	22.7	100.0	100.0	986.4
2022-08-22T01:29:27	945	3600	12.4	21.7	100.0	100.0	986.4
2022-08-22T02:30:27	984	3600	12.3	20.8	100.0	100.0	986.5
2022-08-22T03:32:27	992	3600	12.3	19.7	100.0	100.0	986.3
2022-08-22T04:34:27	924	3600	12.2	19.3	100.0	100.0	986.4
2022-08-22T05:36:27	911	3600	12.2	18.7	100.0	100.0	986.5
2022-08-22T06:37:27	907	3600	12.2	17.9	100.0	100.0	986.8
2022-08-22T07:39:27	939	3600	12.4	19.0	100.0	100.0	987.2
2022-08-22T08:41:27	989	3600	13.2	21.7	100.0	100.0	987.2
2022-08-22T09:43:27	953	3600	14.1	26.4	100.0	100.0	986.6
2022-08-22T10:44:27	980	3600	14.0	30.5	100.0	100.0	986.0
2022-08-22T11:47:27	976	3600	13.2	33.2	100.0	100.0	985.2
2022-08-22T12:48:27	968	3600	13.1	34.8	100.0	100.0	984.5
2022-08-22T13:50:27	1001	3600	13.1	35.2	100.0	100.0	983.8
2022-08-22T14:52:27	942	3600	13.1	35.2	100.0	100.0	983.2
2022-08-22T15:54:27	1049	3600	13.2	35.2	100.0	100.0	982.4
2022-08-22T16:55:27	980	3600	13.2	34.8	100.0	100.0	982.0
2022-08-22T17:57:27	1014	3600	13.3	34.3	100.0	100.0	981.9
2022-08-22T18:59:27	969	3600	12.5	31.3	100.0	100.0	982.3
2022-08-22T20:01:27	974	3600	12.5	27.0	100.0	100.0	982.8
2022-08-22T21:02:27	943	3600	12.4	24.7	100.0	100.0	984.0
2022-08-22T22:04:27	971	3600	12.4	23.5	100.0	100.0	985.1
2022-08-22T23:06:27	955	3600	12.4	22.7	100.0	100.0	985.6
2022-08-23T00:08:27	1020	3600	12.4	21.8	100.0	100.0	986.1
2022-08-23T01:09:27	1026	3600	12.3	20.9	100.0	100.0	986.8
2022-08-23T02:11:27	976	3600	12.3	19.9	100.0	100.0	986.7
2022-08-23T03:13:27	984	3600	12.3	18.9	100.0	100.0	986.8
2022-08-23T04:15:27	980	3600	12.2	18.5	100.0	100.0	987.1
2022-08-23T05:17:27	970	3600	12.2	17.7	100.0	100.0	987.3
2022-08-23T06:19:27	1020	3600	12.2	17.2	100.0	100.0	987.9
2022-08-23T07:20:27	949	3600	12.3	16.9	100.0	100.0	988.3
2022-08-23T08:23:27	1004	3600	13.1	19.4	100.0	100.0	988.8
2022-08-23T09:24:27	958	3600	14.2	24.1	100.0	100.0	988.8
2022-08-23T10:26:27	938	3600	14.1	27.9	100.0	100.0	988.4
2022-08-23T11:28:27	977	3600	13.2	32.2	100.0	100.0	988.1
2022-08-23T12:30:27	1037	3600	13.1	34.8	100.0	100.0	987.4
2022-08-23T13:32:27	953	3600	13.1	36.5	100.0	100.0	986.6
2022-08-23T14:34:27	1015	3600	13.0	37.3	100.0	100.0	986.0
2022-08-23T15:36:27	1002	3600	13.0	37.2	100.0	100.0	985.6
2022-08-23T16:38:27	1014	3600	13.1	37.5	100.0	100.0	985.2
2022-08-23T17:40:27	982	3600	13.2	35.7	100.0	100.0	985.3
2022-08-23T18:42:27	952	3600	12.6	32.3	100.0	100.0	985.8
2022-08-23T19:43:27	937	3600	12.5	29.5	100.0	100.0	987.0
2022-08-23T20:45:27	950	3600	12.5	28.5	100.0	100.0	988.4
2022-08-23T21:47:27	938	3600	12.4	25.1	100.0	100.0	989.4
2022-08-23T22:49:27	917	3600	12.4	23.1	100.0	100.0	990.4
2022-08-23T23:51:27	933	3600	12.4	23.0	100.0	100.0	990.8
2022-08-24T00:52:27	946	3600	12.4	22.1	100.0	100.0	991.1
2022-08-24T01:54:27	897	3600	12.3	20.7	100.0	100.0	991.1
2022-08-24T02:56:27	907	3600	12.3	20.2	100.0	100.0	991.4
2022-08-24T03:57:27	940	3600	12.2	19.2	100.0	100.0	991.3
2022-08-24T04:59:27	940	3600	12.2	18.5	100.0	100.0	991.6
2022-08-24T06:01:27	939	3600	12.2	17.9	100.0	100.0	991.7
2022-08-24T07:03:27	998	3600	12.2	17.1	100.0	100.0	992.0
2022-08-24T08:05:27	975	3600	12.9	19.2	100.0	100.0	992.7
2022-08-24T09:07:27	952	3600	13.6	23.6	100.0	100.0	992.5
2022-08-24T10:08:27	957	3600	14.0	28.1	100.0	100.0	991.9
2022-08-24T11:10:27	960	3600	13.9	31.0	100.0	100.0	991.5
2022-08-24T12:12:27	1008	3600	13.3	32.6	100.0	100.0	990.6
2022-08-24T13:14:27	963	3600	13.2	34.6	100.0	100.0	989.7
2022-08-24T14:15:27	1015	3600	13.1	35.6	100.0	100.0	989.2
2022-08-24T15:17:27	939	3600	13.1	36.2	100.0	100.0	988.5
2022-08-24T16:19:27	1003	3600	13.2	35.7	100.0	100.0	988.2
2022-08-24T17:21:27	1007	3600	13.2	35.0	100.0	100.0	988.2
2022-08-24T18:23:27	947	3600	12.5	33.4	100.0	100.0	988.5
2022-08-24T19:25:27	910	3600	12.5	30.1	100.0	100.0	989.2
2022-08-24T20:26:27	981	3600	12.5	29.0	100.0	100.0	989.8
2022-08-24T21:28:27	962	3600	12.4	27.6	100.0	100.0	990.7
2022-08-24T22:30:27	913	3600	12.4	23.9	100.0	100.0	991.1
2022-08-24T23:32:27	921	3600	12.4	23.5	100.0	100.0	991.7
2022-08-25T00:34:27	986	3600	12.3	23.2	100.0	100.0	991.9
2022-08-25T01:35:27	924	3600	12.3	22.5	100.0	100.0	991.9
2022-08-25T02:37:27	923	3600	12.3	22.2	100.0	100.0	991.7
2022-08-25T03:39:27	954	3600	12.3	21.3	100.0	100.0	991.8
2022-08-25T04:41:27	951	3600	12.3	20.6	100.0	100.0	991.7
2022-08-25T05:42:27	984	3600	12.2	20.3	100.0	100.0	991.6
2022-08-25T06:44:27	874	3600	12.2	20.0	100.0	100.0	991.5
2022-08-25T07:46:27	940	3600	12.4	20.7	100.0	100.0	991.7
2022-08-25T08:48:27	934	3600	13.2	23.8	100.0	100.0	991.4
2022-08-25T09:50:27	1010	3600	14.0	28.6	100.0	100.0	990.9
2022-08-25T10:52:27	960	3600	13.9	32.8	100.0	100.0	990.1
2022-08-25T11:54:27	950	3600	13.2	34.8	100.0	100.0	989.2
2022-08-25T12:56:27	947	3600	13.1	36.2	100.0	100.0	988.1
2022-08-25T13:57:27	961	3600	13.1	36.8	100.0	100.0	987.0
2022-08-25T14:59:27	970	3600	13.1	37.7	100.0	100.0	986.5
2022-08-25T16:01:27	1063	3600	13.1	37.6	100.0	100.0	985.8
2022-08-25T17:03:27	996	3600	13.1	36.8	100.0	100.0	985.8
2022-08-25T18:05:27	989	3600	13.1	34.9	100.0	100.0	986.3
2022-08-25T19:08:27	917	3600	12.6	31.4	100.0	100.0	986.0
2022-08-25T20:09:27	960	3600	12.5	29.7	100.0	100.0	986.8
2022-08-25T21:12:27	967	3600	12.4	27.8	100.0	100.0	987.8
2022-08-25T22:14:27	1023	3600	12.5	26.8	100.0	100.0	988.3
2022-08-25T23:15:27	950	3600	12.4	25.1	100.0	100.0	988.4
2022-08-26T00:17:27	911	3600	12.4	24.9	100.0	100.0	988.7
2022-08-26T01:19:27	957	3600	12.3	24.5	100.0	100.0	988.6
2022-08-26T02:20:27	956	3600	12.3	23.4	100.0	100.0	988.7
2022-08-26T03:22:27	1039	3600	12.3	23.5	100.0	100.0	988.9
2022-08-26T04:24:27	972	3600	12.3	23.5	100.0	100.0	988.6
2022-08-26T05:26:27	980	3600	12.2	23.1	100.0	100.0	988.5
2022-08-26T06:28:27	975	3600	12.2	22.7	100.0	100.0	988.5
2022-08-26T07:30:27	943	3600	12.3	22.4	100.0	100.0	988.6
2022-08-26T08:31:27	940	3600	13.0	25.1	100.0	100.0	988.7
2022-08-26T09:34:27	961	3600	13.9	28.8	100.0	100.0	988.4
2022-08-26T10:36:27	923	3600	13.9	32.5	100.0	100.0	987.7
2022-08-26T11:37:27	963	3600	13.2	34.7	100.0	100.0	986.8
2022-08-26T12:39:27	949	3600	13.1	35.8	100.0	100.0	986.0
2022-08-26T13:41:27	1011	3600	13.1	36.9	100.0	100.0	984.8
2022-08-26T14:43:27	1019	3600	13.0	38.0	100.0	100.0	983.6
2022-08-26T15:45:27	965	3600	13.1	37.2	100.0	100.0	983.4
2022-08-26T16:47:27	1013	3600	13.2	36.1	100.0	100.0	983.2
2022-08-26T17:48:27	1057	3600	13.3	33.0	100.0	100.0	983.6
2022-08-26T18:50:27	1033	3600	12.6	31.4	100.0	100.0	983.8
2022-08-26T19:52:27	1025	3600	12.5	30.7	100.0	100.0	984.4
2022-08-26T20:53:27	968	3600	12.5	29.8	100.0	100.0	984.7
2022-08-26T21:55:27	993	3600	12.5	27.5	100.0	100.0	984.8
2022-08-26T22:57:27	1026	3600	12.4	25.3	100.0	100.0	985.4
2022-08-26T23:59:27	1010	3600	12.4	25.4	100.0	100.0	985.8
2022-08-27T01:00:27	932	3600	12.4	26.0	100.0	100.0	986.6
2022-08-27T02:02:27	982	3600	12.3	25.1	100.0	100.0	987.5
2022-08-27T03:04:27	957	3600	12.3	21.8	100.0	100.0	987.4
2022-08-27T04:08:27	986	3600	12.3	20.5	100.0	100.0	987.6
2022-08-27T05:10:27	1002	3600	12.3	20.0	100.0	100.0	987.5
2022-08-27T06:12:27	959	3600	12.2	20.2	100.0	100.0	987.1
2022-08-27T07:14:27	951	3600	12.2	20.3	100.0	100.0	987.4
2022-08-27T08:16:27	987	3600	12.9	21.9	100.0	100.0	987.6
2022-08-27T09:17:27	940	3600	13.4	24.8	100.0	100.0	987.6
2022-08-27T10:19:27	972	3600	13.7	26.4	100.0	100.0	987.4
2022-08-27T11:21:27	972	3600	13.4	27.4	100.0	100.0	987.9
2022-08-27T12:22:27	997	3600	12.7	25.6	100.0	100.0	988.1
2022-08-27T13:24:27	949	3600	13.2	23.4	100.0	100.0	988.2
2022-08-27T14:26:27	941	3600	12.7	24.0	100.0	100.0	988.3
2022-08-27T15:28:27	947	3600	12.6	22.7	100.0	100.0	987.8
2022-08-27T16:29:27	929	3600	12.8	22.5	100.0	100.0	987.3
2022-08-27T17:31:27	988	3600	12.9	23.0	100.0	100.0	987.7
2022-08-27T18:33:27	1016	3600	13.0	23.6	100.0	100.0	986.8
2022-08-27T19:35:27	958	3600	12.4	23.1	100.0	100.0	987.5
2022-08-27T20:36:27	947	3600	12.4	22.0	100.0	100.0	987.6
2022-08-27T21:38:27	1002	3600	12.4	21.0	100.0	100.0	988.0
2022-08-27T22:40:27	944	3600	12.4	20.5	100.0	100.0	988.3
2022-08-27T23:42:27	939	3600	12.4	20.4	100.0	100.0	988.5
2022-08-28T00:43:27	976	3600	12.3	20.2	100.0	100.0	988.6
2022-08-28T01:45:27	1012	3600	12.3	20.0	100.0	100.0	988.6
2022-08-28T02:47:27	972	3600	12.3	19.6	100.0	100.0	988.5
2022-08-28T03:48:27	957	3600	12.2	19.3	100.0	100.0	988.6
2022-08-28T04:50:27	954	3600	12.2	19.1	100.0	100.0	988.5
2022-08-28T05:52:27	944	3600	12.2	19.2	100.0	100.0	988.5
2022-08-28T06:54:27	955	3600	12.2	18.4	100.0	100.0	988.5
2022-08-28T07:55:27	955	3600	12.2	19.6	100.0	100.0	989.0
2022-08-28T08:57:27	969	3600	12.9	22.5	100.0	100.0	989.2
2022-08-28T09:59:27	993	3600	14.1	27.1	100.0	100.0	989.3
2022-08-28T11:01:27	966	3600	13.4	30.0	100.0	100.0	989.0
2022-08-28T12:02:27	926	3600	13.3	31.6	100.0	100.0	988.3
2022-08-28T13:04:27	942	3600	13.2	33.2	100.0	100.0	987.7
2022-08-28T14:06:27	1009	3600	13.2	33.4	100.0	100.0	987.1
2022-08-28T15:08:27	974	3600	13.2	34.5	100.0	100.0	986.4
2022-08-28T16:10:27	993	3600	13.2	32.7	100.0	100.0	986.2
2022-08-28T17:12:27	964	3600	13.3	32.8	100.0	100.0	986.5
2022-08-28T18:13:27	973	3600	12.7	30.4	100.0	100.0	986.8
2022-08-28T19:15:27	932	3600	12.6	29.0	100.0	100.0	987.5
2022-08-28T20:17:27	921	3600	12.5	27.8	100.0	100.0	988.6
2022-08-28T21:19:27	906	3600	12.5	27.0	100.0	100.0	989.5
2022-08-28T22:20:27	939	3600	12.4	24.0	100.0	100.0	990.9
2022-08-28T23:22:27	901	3600	12.4	22.6	100.0	100.0	990.8
2022-08-29T00:24:27	978	3600	12.4	21.9	100.0	100.0	991.3
2022-08-29T01:26:27	983	3600	12.4	22.5	100.0	100.0	991.7
2022-08-29T02:27:27	985	3600	12.3	21.6	100.0	100.0	991.6
2022-08-29T03:29:27	883	3600	12.3	20.9	100.0	100.0	991.8
2022-08-29T04:31:27	978	3600	12.3	20.5	100.0	100.0	991.7
2022-08-29T05:33:27	960	3600	12.2	20.0	100.0	100.0	991.7
2022-08-29T06:34:27	933	3600	12.3	19.7	100.0	100.0	992.1
2022-08-29T07:36:27	926	3600	12.5	21.1	100.0	100.0	992.6
2022-08-29T08:39:27	938	3600	12.9	24.4	100.0	100.0	993.1
2022-08-29T09:40:27	946	3600	13.5	26.9	100.0	100.0	992.8
2022-08-29T10:42:27	967	3600	14.0	30.8	100.0	100.0	992.5
2022-08-29T11:44:27	933	3600	13.8	32.4	100.0	100.0	992.2
2022-08-29T12:45:27	947	3600	13.2	34.2	100.0	100.0	991.2
2022-08-29T13:47:27	1007	3600	13.1	35.4	100.0	100.0	990.7
2022-08-29T14:49:27	967	3600	13.1	35.8	100.0	100.0	990.1
2022-08-29T15:51:27	938	3600	12.7	33.2	100.0	100.0	989.5
2022-08-29T16:52:27	962	3600	13.2	32.9	100.0	100.0	989.3
2022-08-29T17:54:27	972	3600	12.6	30.6	100.0	100.0	989.2
2022-08-29T18:56:27	1008	3600	12.5	29.7	100.0	100.0	989.2
2022-08-29T19:58:27	1004	3600	12.5	28.6	100.0	100.0	989.7
2022-08-29T20:59:27	933	3600	12.5	27.1	100.0	100.0	991.1
2022-08-29T22:01:27	927	3600	12.5	26.0	100.0	100.0	991.7
2022-08-29T23:03:27	913	3600	12.4	25.2	100.0	100.0	991.9
2022-08-30T00:05:27	907	3600	12.3	25.7	100.0	100.0	992.4
2022-08-30T01:06:27	970	3600	12.3	25.0	100.0	100.0	992.8
2022-08-30T02:08:27	909	3600	12.3	24.8	100.0	100.0	992.8
2022-08-30T03:10:27	952	3600	12.3	24.1	100.0	100.0	992.7
2022-08-30T04:12:27	938	3600	12.3	23.9	100.0	100.0	992.8
2022-08-30T05:14:27	928	3600	12.2	23.3	100.0	100.0	993.7
2022-08-30T06:16:27	967	3600	12.2	22.6	100.0	100.0	994.0
2022-08-30T07:17:27	892	3600	12.2	21.2	100.0	100.0	994.4
2022-08-30T08:19:27	982	3600	12.4	22.1	100.0	100.0	994.2
2022-08-30T09:21:27	979	3600	13.0	24.1	100.0	100.0	994.3
2022-08-30T10:23:27	917	3600	14.0	29.2	100.0	100.0	993.7
2022-08-30T11:24:27	950	3600	13.9	31.9	100.0	100.0	993.1
2022-08-30T12:26:27	938	3600	13.3	33.4	100.0	100.0	992.5
2022-08-30T13:28:27	973	3600	13.2	33.3	100.0	100.0	991.6
2022-08-30T14:29:27	906	3600	13.2	35.1	100.0	100.0	990.8
2022-08-30T15:32:27	964	3600	13.3	32.6	100.0	100.0	990.2
2022-08-30T16:34:27	988	3600	13.2	33.7	100.0	100.0	989.7
2022-08-30T17:35:27	965	3600	13.4	31.1	100.0	100.0	989.0
2022-08-30T18:38:27	1005	3600	12.6	30.1	100.0	100.0	989.0
2022-08-30T19:39:27	1004	3600	12.5	29.0	100.0	100.0	989.1
2022-08-30T20:41:27	1022	3600	12.5	28.1	100.0	100.0	989.7
2022-08-30T21:43:27	978	3600	12.4	24.7	100.0	100.0	991.5
2022-08-30T22:45:27	892	3600	12.4	22.2	100.0	100.0	992.4
2022-08-30T23:46:27	859	3600	12.4	21.6	100.0	100.0	993.1
2022-08-31T00:48:27	820	3600	12.4	21.2	100.0	100.0	992.9
2022-08-31T01:50:27	790	3600	12.4	20.8	100.0	100.0	992.2
2022-08-31T02:52:27	771	3600	12.3	20.8	100.0	100.0	991.7
2022-08-31T03:53:27	823	3600	12.3	20.8	100.0	100.0	991.7
2022-08-31T04:55:27	845	3600	12.2	20.5	100.0	100.0	991.4
2022-08-31T05:57:27	831	3600	12.2	20.4	100.0	100.0	991.3
2022-08-31T06:59:27	897	3600	12.2	20.2	100.0	100.0	991.0
2022-08-31T08:01:27	889	3600	12.3	20.7	100.0	100.0	991.2
2022-08-31T09:05:27	847	3600	13.2	22.2	100.0	100.0	991.0
2022-08-31T10:07:27	838	3600	14.0	27.5	100.0	100.0	990.8
2022-08-31T11:09:27	814	3600	13.9	28.7	100.0	100.0	990.4
2022-08-31T12:10:27	890	3600	13.3	31.1	100.0	100.0	989.7
2022-08-31T13:12:27	848	3600	13.3	31.2	100.0	100.0	988.5
2022-08-31T14:15:27	861	3600	13.1	33.5	100.0	100.0	987.7
2022-08-31T15:16:27	846	3600	13.3	29.4	100.0	100.0	987.7
2022-08-31T16:18:27	917	3600	13.3	29.9	100.0	100.0	987.6
2022-08-31T17:20:27	879	3600	12.6	24.2	100.0	100.0	988.4
2022-08-31T18:21:27	872	3600	14.1	25.2	100.0	100.0	988.0
2022-08-31T19:23:27	833	3600	12.5	24.6	100.0	100.0	987.9
2022-08-31T20:25:27	856	3600	12.5	23.0	100.0	100.0	988.7
2022-08-31T21:27:27	837	3600	12.4	22.1	100.0	100.0	989.2
2022-08-31T22:28:27	933	3600	12.4	21.3	100.0	100.0	989.3
2022-08-31T23:30:27	877	3600	12.4	21.3	100.0	100.0	989.3
2022-09-01T00:32:27	809	3600	12.4	21.3	100.0	100.0	989.4
2022-09-01T01:34:27	881	3600	12.4	21.1	100.0	100.0	989.1
2022-09-01T02:35:27	822	3600	12.3	20.5	100.0	100.0	988.8
2022-09-01T03:37:27	853	3600	12.3	19.9	100.0	100.0	989.0
2022-09-01T04:39:27	862	3600	12.3	19.4	100.0	100.0	988.8
2022-09-01T05:41:27	818	3600	12.2	19.2	100.0	100.0	988.8
2022-09-01T06:43:27	888	3600	12.2	18.5	100.0	100.0	988.9
2022-09-01T07:45:27	882	3600	12.4	18.9	100.0	100.0	988.9
2022-09-01T08:46:27	906	3600	13.0	21.1	100.0	100.0	989.1
2022-09-01T09:48:27	873	3600	14.2	22.4	100.0	100.0	989.2
2022-09-01T10:50:27	841	3600	13.4	27.1	100.0	100.0	988.8
2022-09-01T11:52:27	930	3600	13.3	29.9	100.0	100.0	988.2
2022-09-01T12:53:27	924	3600	13.3	31.2	100.0	100.0	987.5
2022-09-01T13:55:27	958	3600	13.2	32.8	100.0	100.0	986.9
2022-09-01T14:57:27	897	3600	13.2	32.1	100.0	100.0	986.8
2022-09-01T15:59:27	940	3600	13.3	30.2	100.0	100.0	986.6
2022-09-01T17:00:27	872	3600	13.3	28.7	100.0	100.0	986.9
2022-09-01T18:02:27	888	3600	13.4	28.7	100.0	100.0	987.4
2022-09-01T19:04:27	855	3600	12.5	26.5	100.0	100.0	987.9
2022-09-01T20:06:27	884	3600	12.4	25.4	100.0	100.0	988.5
2022-09-01T21:07:27	875	3600	12.4	25.0	100.0	100.0	989.6
2022-09-01T22:09:27	933	3600	12.4	23.7	100.0	100.0	990.2
2022-09-01T23:11:27	868	3600	12.4	23.4	100.0	100.0	990.5
2022-09-02T00:13:27	890	3600	12.4	22.9	100.0	100.0	990.7
2022-09-02T01:14:27	886	3600	12.3	22.4	100.0	100.0	991.0
2022-09-02T02:16:27	806	3600	12.3	22.1	100.0	100.0	990.8
2022-09-02T03:18:27	916	3600	12.3	21.7	100.0	100.0	990.6
2022-09-02T04:20:27	846	3600	12.2	20.8	100.0	100.0	990.4
2022-09-02T05:22:27	908	3600	12.3	19.6	100.0	100.0	990.2
2022-09-02T06:24:27	884	3600	12.2	19.0	100.0	100.0	990.3
2022-09-02T07:25:27	804	3600	12.2	18.7	100.0	100.0	990.6
2022-09-02T08:27:27	905	3600	12.8	20.6	100.0	100.0	990.9
2022-09-02T09:29:27	943	3600	13.5	25.3	100.0	100.0	990.9
2022-09-02T10:31:27	879	3600	14.0	28.3	100.0	100.0	990.6
2022-09-02T11:32:27	917	3600	14.0	28.7	100.0	100.0	990.1
2022-09-02T12:34:27	894	3600	13.4	27.5	100.0	100.0	989.9
2022-09-02T13:36:27	898	3600	13.3	28.6	100.0	100.0	989.4
2022-09-02T14:38:27	886	3600	13.4	29.9	100.0	100.0	988.6
2022-09-02T15:39:27	913	3600	13.3	30.2	100.0	100.0	987.8
2022-09-02T16:41:27	940	3600	13.4	29.7	100.0	100.0	987.4
2022-09-02T17:43:27	939	3600	13.3	27.7	100.0	100.0	987.4
2022-09-02T18:45:27	945	3600	12.5	26.1	100.0	100.0	987.7
2022-09-02T19:47:27	860	3600	12.5	24.9	100.0	100.0	988.2
2022-09-02T20:49:27	895	3600	12.4	24.7	100.0	100.0	988.9
2022-09-02T21:51:27	887	3600	12.4	23.5	100.0	100.0	989.2
2022-09-02T22:52:27	926	3600	12.4	22.2	100.0	100.0	989.8
2022-09-02T23:54:27	907	3600	12.4	21.2	100.0	100.0	989.8
2022-09-03T00:56:27	915	3600	12.4	21.1	100.0	100.0	989.6
2022-09-03T01:58:27	925	3600	12.3	21.0	100.0	100.0	989.7
2022-09-03T03:00:27	859	3600	12.3	20.8	100.0	100.0	990.0
2022-09-03T04:01:27	859	3600	12.3	20.5	100.0	100.0	990.2
2022-09-03T05:03:27	869	3600	12.2	19.1	100.0	100.0	990.2
2022-09-03T06:05:27	894	3600	12.2	19.4	100.0	100.0	990.1
2022-09-03T07:07:27	910	3600	12.2	19.1	100.0	100.0	990.1
2022-09-03T08:08:27	945	3600	12.3	20.0	100.0	100.0	990.3
2022-09-03T09:10:27	887	3600	12.9	22.1	100.0	100.0	990.3
2022-09-03T10:12:27	868	3600	13.3	25.8	100.0	100.0	990.3
2022-09-03T11:14:27	911	3600	13.2	25.8	100.0	100.0	990.4
2022-09-03T12:15:27	938	3600	13.1	26.1	100.0	100.0	990.3
2022-09-03T13:17:27	926	3600	13.5	26.4	100.0	100.0	990.0
2022-09-03T14:19:27	920	3600	13.4	28.6	100.0	100.0	989.7
2022-09-03T15:21:27	934	3600	13.2	30.4	100.0	100.0	989.0
2022-09-03T16:22:27	952	3600	13.3	28.8	100.0	100.0	988.6
2022-09-03T17:24:27	963	3600	13.0	27.1	100.0	100.0	988.7
2022-09-03T18:26:27	901	3600	12.7	26.8	100.0	100.0	988.4
2022-09-03T19:28:27	908	3600	12.5	26.2	100.0	100.0	988.8
2022-09-03T20:29:27	939	3600	12.4	25.3	100.0	100.0	989.7
2022-09-03T21:31:27	935	3600	12.4	24.7	100.0	100.0	990.2
2022-09-03T22:33:27	931	3600	12.4	24.6	100.0	100.0	991.0
2022-09-03T23:35:27	922	3600	12.4	23.3	100.0	100.0	991.5
2022-09-04T00:36:27	839	3600	12.4	22.4	100.0	100.0	992.1
2022-09-04T01:38:27	864	3600	12.3	22.1	100.0	100.0	992.2
2022-09-04T02:40:27	889	3600	12.3	21.1	100.0	100.0	992.5
2022-09-04T03:42:27	903	3600	12.3	20.1	100.0	100.0	993.1
2022-09-04T04:43:27	888	3600	12.3	19.3	100.0	100.0	993.3
2022-09-04T05:45:27	840	3600	12.2	19.2	100.0	100.0	993.3
2022-09-04T06:47:27	869	3600	12.2	17.5	100.0	100.0	994.0
2022-09-04T07:49:27	904	3600	12.5	18.2	100.0	100.0	994.6
2022-09-04T08:51:27	883	3600	13.3	23.3	100.0	100.0	995.1
2022-09-04T09:53:27	893	3600	14.1	26.9	100.0	100.0	994.9
2022-09-04T10:55:27	898	3600	14.0	28.1	100.0	100.0	995.0
2022-09-04T11:57:27	907	3600	13.3	30.1	100.0	100.0	994.6
2022-09-04T12:59:27	900	3600	13.3	31.7	100.0	100.0	993.8
2022-09-04T14:00:27	893	3600	13.2	32.5	100.0	100.0	993.2
2022-09-04T15:02:27	880	3600	13.2	33.2	100.0	100.0	992.9
2022-09-04T16:04:27	901	3600	13.2	33.0	100.0	100.0	992.4
2022-09-04T17:06:27	899	3600	13.3	32.1	100.0	100.0	992.5
2022-09-04T18:07:27	875	3600	12.6	29.3	100.0	100.0	992.9
2022-09-04T19:09:27	890	3600	12.4	27.6	100.0	100.0	993.5
2022-09-04T20:12:27	939	3600	12.5	27.0	100.0	100.0	994.2
2022-09-04T21:13:27	896	3600	12.4	23.3	100.0	100.0	995.2
2022-09-04T22:15:27	901	3600	12.4	22.5	100.0	100.0	995.8
2022-09-04T23:17:27	914	3600	12.3	22.4	100.0	100.0	996.6
2022-09-05T00:18:27	867	3600	12.4	21.6	100.0	100.0	997.4
2022-09-05T01:20:27	924	3600	12.4	20.7	100.0	100.0	997.7
2022-09-05T02:22:27	877	3600	12.3	20.2	100.0	100.0	997.8
2022-09-05T03:24:27	912	3600	12.3	20.2	100.0	100.0	998.1
2022-09-05T04:25:27	848	3600	12.2	19.8	100.0	100.0	998.2
2022-09-05T05:27:27	910	3600	12.3	19.8	100.0	100.0	998.2
2022-09-05T06:29:27	876	3600	12.2	20.0	100.0	100.0	998.2
2022-09-05T07:31:27	885	3600	12.2	20.0	100.0	100.0	998.6
2022-09-05T08:32:27	858	3600	12.8	20.5	100.0	100.0	999.0
2022-09-05T09:34:27	915	3600	13.1	24.9	100.0	100.0	999.0
2022-09-05T10:36:27	863	3600	14.0	28.5	100.0	100.0	998.5
2022-09-05T11:38:27	851	3600	13.9	30.9	100.0	100.0	997.8
2022-09-05T12:39:27	868	3600	13.3	32.0	100.0	100.0	996.9
2022-09-05T13:41:27	899	3600	13.3	32.5	100.0	100.0	996.1
2022-09-05T14:43:27	832	3600	13.3	31.9	100.0	100.0	995.4
2022-09-05T15:45:27	915	3600	13.3	30.9	100.0	100.0	994.8
2022-09-05T16:46:27	866	3600	13.4	30.9	100.0	100.0	994.3
2022-09-05T17:48:27	865	3600	12.7	29.9	100.0	100.0	993.9
2022-09-05T18:50:27	912	3600	12.5	28.4	100.0	100.0	993.9
2022-09-05T19:51:27	878	3600	12.5	27.6	100.0	100.0	994.0
2022-09-05T20:53:27	882	3600	12.5	26.8	100.0	100.0	994.7
2022-09-05T21:55:27	880	3600	12.4	24.9	100.0	100.0	995.0
2022-09-05T22:57:27	908	3600	12.4	24.0	100.0	100.0	995.0
2022-09-05T23:58:27	936	3600	12.4	23.1	100.0	100.0	995.4
2022-09-06T01:00:27	884	3600	12.4	22.5	100.0	100.0	995.5
2022-09-06T02:02:27	908	3600	12.3	22.4	100.0	100.0	995.5
2022-09-06T03:04:27	895	3600	12.3	21.4	100.0	100.0	995.3
2022-09-06T04:05:27	911	3600	12.3	21.1	100.0	100.0	995.6
2022-09-06T05:07:27	910	3600	12.3	20.9	100.0	100.0	995.6
2022-09-06T06:09:27	900	3600	12.2	20.9	100.0	100.0	995.3
2022-09-06T07:11:27	913	3600	12.2	20.6	100.0	100.0	995.4
2022-09-06T08:12:27	932	3600	12.3	21.7	100.0	100.0	995.7
2022-09-06T09:14:27	949	3600	13.3	25.3	100.0	100.0	995.7
2022-09-06T10:16:27	892	3600	14.0	29.4	100.0	100.0	995.4
2022-09-06T11:18:27	888	3600	13.9	31.5	100.0	100.0	994.8
2022-09-06T12:19:27	907	3600	13.2	33.3	100.0	100.0	993.8
2022-09-06T13:21:27	902	3600	13.1	34.2	100.0	100.0	992.8
2022-09-06T14:23:27	873	3600	13.2	34.7	100.0	100.0	992.0
2022-09-06T15:25:27	902	3600	13.1	35.0	100.0	100.0	991.1
2022-09-06T16:26:27	893	3600	13.2	35.1	100.0	100.0	990.4
2022-09-06T17:28:27	938	3600	12.7	33.4	100.0	100.0	989.8
2022-09-06T18:30:27	932	3600	12.6	30.4	100.0	100.0	989.6
2022-09-06T19:31:27	953	3600	12.5	29.7	100.0	100.0	990.1
2022-09-06T20:33:27	948	3600	12.5	29.0	100.0	100.0	990.4
2022-09-06T21:35:27	1012	3600	12.5	28.7	100.0	100.0	990.7
2022-09-06T22:37:27	894	3600	12.5	27.0	100.0	100.0	991.0
2022-09-06T23:38:27	938	3600	12.4	25.3	100.0	100.0	991.6
2022-09-07T00:41:27	941	3600	12.4	25.6	100.0	100.0	991.6
2022-09-07T01:42:27	950	3600	12.3	25.0	100.0	100.0	991.8
2022-09-07T02:44:27	974	3600	12.3	24.0	100.0	100.0	992.3
2022-09-07T03:46:27	902	3600	12.3	23.3	100.0	100.0	992.2
2022-09-07T04:49:27	842	3600	12.3	21.0	100.0	100.0	992.1
2022-09-07T05:51:27	872	3600	12.2	20.9	100.0	100.0	992.5
2022-09-07T06:53:27	892	3600	12.2	20.8	100.0	100.0	992.6
2022-09-07T07:54:27	918	3600	12.3	21.0	100.0	100.0	992.8
2022-09-07T08:56:27	904	3600	13.1	23.3	100.0	100.0	992.8
2022-09-07T09:58:27	872	3600	13.5	27.5	100.0	100.0	992.8
2022-09-07T11:00:27	891	3600	14.0	29.5	100.0	100.0	992.8
2022-09-07T12:01:27	892	3600	13.4	30.2	100.0	100.0	992.2
2022-09-07T13:03:27	941	3600	13.3	31.8	100.0	100.0	990.9
2022-09-07T14:05:27	888	3600	13.3	31.3	100.0	100.0	990.2
2022-09-07T15:07:27	975	3600	13.3	31.4	100.0	100.0	989.6
2022-09-07T16:09:27	978	3600	13.3	30.7	100.0	100.0	989.3
2022-09-07T17:11:27	897	3600	13.3	29.8	100.0	100.0	989.0
2022-09-07T18:12:27	965	3600	12.7	29.0	100.0	100.0	988.7
2022-09-07T19:14:27	930	3600	12.5	28.0	100.0	100.0	988.2
2022-09-07T20:16:27	896	3600	12.5	26.3	100.0	100.0	989.0
2022-09-07T21:18:27	923	3600	12.4	25.4	100.0	100.0	989.5
2022-09-07T22:19:27	963	3600	12.4	24.5	100.0	100.0	989.5
2022-09-07T23:21:27	927	3600	12.4	23.9	100.0	100.0	989.0
2022-09-08T00:23:27	893	3600	12.4	23.6	100.0	100.0	988.8
2022-09-08T01:25:27	1009	3600	12.4	23.0	100.0	100.0	988.6
2022-09-08T02:26:27	924	3600	12.3	21.9	100.0	100.0	988.3
2022-09-08T03:28:27	942	3600	12.3	21.6	100.0	100.0	987.8
2022-09-08T04:30:27	919	3600	12.3	21.3	100.0	100.0	987.4
2022-09-08T05:32:27	899	3600	12.3	21.3	100.0	100.0	987.0
2022-09-08T06:33:27	919	3600	12.2	21.0	100.0	100.0	986.3
2022-09-08T07:35:27	792	3600	12.2	19.9	100.0	100.0	987.0
2022-09-08T08:37:27	837	3600	12.2	20.1	100.0	100.0	987.3
2022-09-08T09:39:27	823	3600	12.2	20.9	100.0	100.0	987.3
2022-09-08T10:40:27	813	3600	12.7	20.7	100.0	100.0	987.3
2022-09-08T11:42:27	844	3600	13.3	22.4	100.0	100.0	987.0
2022-09-08T12:44:27	867	3600	14.0	26.6	100.0	100.0	986.8
2022-09-08T13:46:27	854	3600	14.0	27.8	100.0	100.0	986.4
2022-09-08T14:47:27	828	3600	13.4	28.5	100.0	100.0	986.0
2022-09-08T15:49:27	853	3600	13.4	28.0	100.0	100.0	985.6
2022-09-08T16:51:27	829	3600	13.1	27.0	100.0	100.0	985.2
2022-09-08T17:53:27	869	3600	12.9	26.6	100.0	100.0	985.0
2022-09-08T18:55:27	842	3600	12.5	25.7	100.0	100.0	985.4
2022-09-08T19:57:27	809	3600	12.5	24.6	100.0	100.0	986.0
2022-09-08T20:58:27	870	3600	12.5	22.9	100.0	100.0	987.0
2022-09-08T22:01:27	814	3600	12.4	22.4	100.0	100.0	987.7
2022-09-08T23:02:27	857	3600	12.4	21.9	100.0	100.0	987.8
2022-09-09T00:04:27	864	3600	12.4	21.6	100.0	100.0	988.0
2022-09-09T01:06:27	834	3600	12.4	21.2	100.0	100.0	988.0
2022-09-09T02:08:27	843	3600	12.4	21.0	100.0	100.0	988.0
2022-09-09T03:09:27	891	3600	12.3	20.9	100.0	100.0	988.0
2022-09-09T04:11:27	891	3600	12.3	20.5	100.0	100.0	988.0
2022-09-09T05:13:27	859	3600	12.3	20.6	100.0	100.0	987.7
2022-09-09T06:14:27	870	3600	12.2	20.2	100.0	100.0	987.4
2022-09-09T07:16:27	848	3600	12.2	20.5	100.0	100.0	987.8
2022-09-09T08:18:27	877	3600	12.2	20.8	100.0	100.0	987.8
2022-09-09T09:20:27	879	3600	12.2	21.1	100.0	100.0	988.0
2022-09-09T10:21:27	866	3600	12.3	20.4	100.0	100.0	988.5
2022-09-09T11:23:27	798	3600	12.9	20.5	100.0	100.0	989.3
2022-09-09T12:25:27	846	3600	13.6	21.4	100.0	100.0	989.1
2022-09-09T13:27:27	830	3600	13.3	23.1	100.0	100.0	988.7
2022-09-09T14:28:27	892	3600	14.1	25.1	100.0	100.0	987.8
2022-09-09T15:30:27	836	3600	13.4	26.2	100.0	100.0	986.9
2022-09-09T16:32:27	831	3600	13.5	26.9	100.0	100.0	986.2
2022-09-09T17:34:27	870	3600	12.6	25.7	100.0	100.0	986.3
2022-09-09T18:35:27	897	3600	12.5	23.2	100.0	100.0	987.0
2022-09-09T19:37:27	949	3600	12.5	21.4	100.0	100.0	987.5
2022-09-09T20:39:27	835	3600	12.5	20.8	100.0	100.0	988.1
2022-09-09T21:41:27	832	3600	12.4	20.1	100.0	100.0	989.0
2022-09-09T22:44:27	846	3600	12.4	19.2	100.0	100.0	990.0
2022-09-09T23:45:27	921	3600	12.4	19.1	100.0	100.0	990.2
2022-09-10T00:47:27	905	3600	12.4	18.2	100.0	100.0	990.8
2022-09-10T01:49:27	898	3600	12.4	17.6	100.0	100.0	991.1
2022-09-10T02:51:27	853	3600	12.2	16.8	100.0	100.0	990.9
2022-09-10T03:53:27	842	3600	12.2	16.7	100.0	100.0	990.6
2022-09-10T04:55:27	836	3600	12.2	16.3	100.0	100.0	990.6
2022-09-10T05:56:27	874	3600	12.2	16.0	100.0	100.0	990.7
2022-09-10T06:58:27	893	3600	12.2	15.6	100.0	100.0	990.8
2022-09-10T08:00:27	824	3600	12.6	16.1	100.0	100.0	991.1
2022-09-10T09:02:27	800	3600	13.5	20.3	100.0	100.0	991.4
2022-09-10T10:04:27	817	3600	14.2	23.9	100.0	100.0	991.1
2022-09-10T11:06:27	839	3600	14.0	26.5	100.0	100.0	990.8
2022-09-10T12:07:27	877	3600	13.3	28.0	100.0	100.0	989.8
2022-09-10T13:09:27	892	3600	13.4	27.6	100.0	100.0	989.0
2022-09-10T14:11:27	828	3600	13.3	28.8	100.0	100.0	987.9
2022-09-10T15:13:27	835	3600	13.3	29.9	100.0	100.0	987.1
2022-09-10T16:14:27	892	3600	13.4	26.7	100.0	100.0	987.5
2022-09-10T17:16:27	886	3600	13.5	25.5	100.0	100.0	987.5
2022-09-10T18:18:27	845	3600	12.6	24.2	100.0	100.0	987.6
2022-09-10T19:20:27	885	3600	12.5	22.5	100.0	100.0	988.0
2022-09-10T20:22:27	843	3600	12.5	20.4	100.0	100.0	988.9
2022-09-10T21:24:27	854	3600	12.4	20.0	100.0	100.0	989.7
2022-09-10T22:25:27	879	3600	12.4	19.7	100.0	100.0	990.2
2022-09-10T23:27:27	865	3600	12.4	19.5	100.0	100.0	990.5
2022-09-11T00:29:27	859	3600	12.4	18.1	100.0	100.0	990.6
2022-09-11T01:31:27	898	3600	12.3	18.4	100.0	100.0	991.0
2022-09-11T02:32:27	864	3600	12.3	17.6	100.0	100.0	991.1
2022-09-11T03:34:27	925	3600	12.3	16.8	100.0	100.0	990.9
2022-09-11T04:36:27	881	3600	12.3	16.5	100.0	100.0	990.9
2022-09-11T05:37:27	814	3600	12.2	15.8	100.0	100.0	990.9
2022-09-11T06:39:27	848	3600	12.3	15.4	100.0	100.0	991.2
2022-09-11T07:41:27	908	3600	12.3	15.1	100.0	100.0	991.8
2022-09-11T08:43:27	858	3600	13.2	18.5	100.0	100.0	992.1
2022-09-11T09:44:27	862	3600	14.2	22.5	100.0	100.0	992.0
2022-09-11T10:46:27	846	3600	14.1	25.7	100.0	100.0	991.6
2022-09-11T11:48:27	886	3600	13.4	28.0	100.0	100.0	991.0
2022-09-11T12:50:27	883	3600	13.3	29.2	100.0	100.0	990.0
2022-09-11T13:51:27	848	3600	13.3	30.7	100.0	100.0	989.6
2022-09-11T14:53:27	901	3600	13.2	30.7	100.0	100.0	989.2
2022-09-11T15:55:27	869	3600	13.3	30.8	100.0	100.0	988.6
2022-09-11T16:57:27	850	3600	13.3	30.3	100.0	100.0	988.2
2022-09-11T17:59:27	936	3600	12.5	25.6	100.0	100.0	988.3
2022-09-11T19:01:27	921	3600	12.5	22.2	100.0	100.0	988.5
2022-09-11T20:02:27	904	3600	12.5	20.4	100.0	100.0	989.1
2022-09-11T21:04:27	956	3600	12.4	19.7	100.0	100.0	990.2
2022-09-11T22:06:27	861	3600	12.4	19.4	100.0	100.0	991.1
2022-09-11T23:08:27	880	3600	12.4	18.8	100.0	100.0	991.7
2022-09-12T00:10:27	861	3600	12.4	18.1	100.0	100.0	992.2
2022-09-12T01:12:27	816	3600	12.4	17.6	100.0	100.0	992.4
2022-09-12T02:14:27	882	3600	12.3	17.0	100.0	100.0	992.6
2022-09-12T03:16:27	889	3600	12.3	16.0	100.0	100.0	992.6
2022-09-12T04:18:27	884	3600	12.2	15.3	100.0	100.0	992.4
2022-09-12T05:20:27	931	3600	12.2	14.6	100.0	100.0	992.4
2022-09-12T06:22:27	916	3600	12.2	14.0	100.0	100.0	992.6
2022-09-12T07:23:27	859	3600	12.2	13.9	100.0	100.0	993.0
2022-09-12T08:25:27	908	3600	13.2	15.7	100.0	100.0	993.4
2022-09-12T09:27:27	917	3600	14.4	19.9	100.0	100.0	993.2
2022-09-12T10:29:27	863	3600	14.1	24.1	100.0	100.0	992.7
2022-09-12T11:30:27	928	3600	13.5	26.7	100.0	100.0	992.1
2022-09-12T12:32:27	895	3600	13.4	28.2	100.0	100.0	991.2
2022-09-12T13:34:27	894	3600	13.3	29.2	100.0	100.0	990.5
2022-09-12T14:36:27	857	3600	13.3	30.1	100.0	100.0	989.8
2022-09-12T15:38:27	864	3600	13.3	30.4	100.0	100.0	989.0
2022-09-12T16:40:27	871	3600	13.3	29.9	100.0	100.0	988.4
2022-09-12T17:42:27	881	3600	12.6	27.4	100.0	100.0	988.3
2022-09-12T18:44:27	937	3600	12.6	25.4	100.0	100.0	988.1
2022-09-12T19:46:27	925	3600	12.5	22.7	100.0	100.0	988.6
2022-09-12T20:47:27	909	3600	12.4	20.6	100.0	100.0	989.4
2022-09-12T21:49:27	897	3600	12.4	20.6	100.0	100.0	989.9
2022-09-12T22:51:27	840	3600	12.4	20.0	100.0	100.0	990.3
2022-09-12T23:53:27	923	3600	12.4	19.2	100.0	100.0	990.5
2022-09-13T00:54:27	880	3600	12.4	18.9	100.0	100.0	990.3
2022-09-13T01:56:27	935	3600	12.3	18.8	100.0	100.0	990.5
2022-09-13T02:58:27	904	3600	12.3	18.5	100.0	100.0	990.2
2022-09-13T04:00:27	866	3600	12.3	18.5	100.0	100.0	990.1
2022-09-13T05:01:27	896	3600	12.2	18.8	100.0	100.0	990.2
2022-09-13T06:03:27	909	3600	12.2	19.1	100.0	100.0	990.0
2022-09-13T07:05:27	842	3600	12.2	19.0	100.0	100.0	990.2
2022-09-13T08:06:27	951	3600	12.9	20.1	100.0	100.0	990.4
2022-09-13T09:08:27	930	3600	13.3	24.3	100.0	100.0	989.9
2022-09-13T10:10:27	937	3600	14.1	27.2	100.0	100.0	989.8
2022-09-13T11:12:27	867	3600	13.9	29.0	100.0	100.0	989.4
2022-09-13T12:13:27	945	3600	13.3	30.3	100.0	100.0	988.3
2022-09-13T13:15:27	917	3600	13.2	31.3	100.0	100.0	987.8
2022-09-13T14:17:27	923	3600	13.2	31.6	100.0	100.0	987.1
2022-09-13T15:19:27	908	3600	13.3	32.1	100.0	100.0	986.7
2022-09-13T16:21:27	926	3600	13.2	31.4	100.0	100.0	986.3
2022-09-13T17:23:27	959	3600	13.4	29.8	100.0	100.0	986.2
2022-09-13T18:24:27	963	3600	12.7	28.4	100.0	100.0	986.3
2022-09-13T19:26:27	916	3600	12.5	27.0	100.0	100.0	986.7
2022-09-13T20:28:27	895	3600	12.5	26.0	100.0	100.0	987.4
2022-09-13T21:30:27	879	3600	12.4	25.6	100.0	100.0	987.9
2022-09-13T22:31:27	890	3600	12.4	25.3	100.0	100.0	988.1
2022-09-13T23:33:27	904	3600	12.4	24.1	100.0	100.0	988.2
2022-09-14T00:35:27	885	3600	12.4	23.4	100.0	100.0	988.0
2022-09-14T01:37:27	964	3600	12.4	22.8	100.0	100.0	987.9
2022-09-14T02:38:27	921	3600	12.3	22.2	100.0	100.0	987.5
2022-09-14T03:40:27	901	3600	12.3	22.5	100.0	100.0	987.3
2022-09-14T04:42:27	923	3600	12.3	22.1	100.0	100.0	986.6
2022-09-14T05:44:27	925	3600	12.3	21.4	100.0	100.0	986.4
2022-09-14T06:45:27	948	3600	12.2	21.2	100.0	100.0	986.4
2022-09-14T07:47:27	938	3600	12.3	21.2	100.0	100.0	986.0
2022-09-14T08:49:27	902	3600	12.2	21.7	100.0	100.0	986.3
2022-09-14T09:51:27	918	3600	12.7	23.3	100.0	100.0	987.0
2022-09-14T10:52:27	934	3600	12.9	24.0	100.0	100.0	987.6
2022-09-14T11:54:27	892	3600	12.9	25.5	100.0	100.0	986.9
2022-09-14T12:56:27	894	3600	13.2	26.9	100.0	100.0	986.0
2022-09-14T13:58:27	1027	3600	13.4	29.3	100.0	100.0	985.0
2022-09-14T14:59:27	893	3600	13.3	30.7	100.0	100.0	984.2
2022-09-14T16:01:27	942	3600	13.3	30.1	100.0	100.0	983.7
2022-09-14T17:03:27	960	3600	13.3	29.5	100.0	100.0	983.1
2022-09-14T18:05:27	923	3600	12.8	28.4	100.0	100.0	983.5
2022-09-14T19:06:27	966	3600	12.5	27.7	100.0	100.0	983.0
2022-09-14T20:08:27	1026	3600	12.5	27.0	100.0	100.0	983.1
2022-09-14T21:10:27	998	3600	12.4	26.7	100.0	100.0	983.4
2022-09-14T22:11:27	945	3600	12.5	26.4	100.0	100.0	983.1
2022-09-14T23:13:27	912	3600	12.4	26.0	100.0	100.0	983.0
2022-09-15T00:15:27	959	3600	12.4	24.3	100.0	100.0	983.2
2022-09-15T01:17:27	973	3600	12.4	23.2	100.0	100.0	983.1
2022-09-15T02:19:27	972	3600	12.3	22.3	100.0	100.0	982.9
2022-09-15T03:21:27	981	3600	12.3	21.9	100.0	100.0	982.8
2022-09-15T04:22:27	899	3600	12.3	21.1	100.0	100.0	982.4
2022-09-15T05:24:27	948	3600	12.2	21.0	100.0	100.0	981.8
2022-09-15T06:26:27	908	3600	12.2	20.6	100.0	100.0	981.2
2022-09-15T07:28:27	981	3600	12.2	20.1	100.0	100.0	982.6
2022-09-15T08:29:27	966	3600	12.3	20.9	100.0	100.0	982.4
2022-09-15T09:31:27	958	3600	13.4	25.3	100.0	100.0	982.6
2022-09-15T10:33:27	973	3600	13.3	30.0	100.0	100.0	982.3
2022-09-15T11:35:27	979	3600	14.0	30.4	100.0	100.0	981.3
2022-09-15T12:36:27	961	3600	13.2	31.9	100.0	100.0	980.4
2022-09-15T13:38:27	998	3600	13.3	31.4	100.0	100.0	979.4
2022-09-15T14:40:27	984	3600	13.3	32.1	100.0	100.0	979.0
2022-09-15T15:42:27	974	3600	13.2	32.4	100.0	100.0	978.5
2022-09-15T16:43:27	984	3600	13.3	31.1	100.0	100.0	978.1
2022-09-15T17:45:27	992	3600	12.6	29.3	100.0	100.0	978.4
2022-09-15T18:47:27	953	3600	12.6	24.4	100.0	100.0	979.5
2022-09-15T19:49:27	999	3600	12.5	23.0	100.0	100.0	980.0
2022-09-15T20:50:27	949	3600	12.5	21.8	100.0	100.0	980.4
2022-09-15T21:52:27	939	3600	12.5	21.3	100.0	100.0	981.0
2022-09-15T22:54:27	959	3600	12.4	20.9	100.0	100.0	981.1
2022-09-15T23:57:27	945	3600	12.4	20.6	100.0	100.0	981.5
2022-09-16T00:58:27	960	3600	12.4	20.3	100.0	100.0	981.6
2022-09-16T02:01:27	943	3600	12.3	19.7	100.0	100.0	981.5
2022-09-16T03:02:27	973	3600	12.3	19.6	100.0	100.0	981.6
2022-09-16T04:04:27	959	3600	12.3	19.3	100.0	100.0	981.3
2022-09-16T05:06:27	869	3600	12.3	19.3	100.0	100.0	981.2
2022-09-16T06:08:27	944	3600	12.2	18.7	100.0	100.0	981.0
2022-09-16T07:09:27	991	3600	12.2	18.2	100.0	100.0	981.1
2022-09-16T08:11:27	953	3600	12.9	18.9	100.0	100.0	981.0
2022-09-16T09:13:27	969	3600	13.5	22.8	100.0	100.0	981.1
2022-09-16T10:15:27	949	3600	14.0	26.6	100.0	100.0	980.9
2022-09-16T11:16:27	965	3600	14.0	29.1	100.0	100.0	980.2
2022-09-16T12:18:27	958	3600	13.3	30.8	100.0	100.0	979.2
2022-09-16T13:20:27	993	3600	13.2	30.6	100.0	100.0	978.5
2022-09-16T14:22:27	942	3600	13.3	31.8	100.0	100.0	977.2
2022-09-16T15:23:27	1024	3600	13.4	30.0	100.0	100.0	976.5
2022-09-16T16:25:27	992	3600	12.9	29.4	100.0	100.0	976.1
2022-09-16T17:27:27	961	3600	12.5	26.1	100.0	100.0	976.3
2022-09-16T18:29:27	1019	3600	12.5	23.3	100.0	100.0	976.8
2022-09-16T19:31:27	917	3600	12.5	22.0	100.0	100.0	976.9
2022-09-16T20:33:27	941	3600	12.4	21.0	100.0	100.0	977.4
2022-09-16T21:34:27	969	3600	12.4	20.4	100.0	100.0	977.8
2022-09-16T22:36:27	898	3600	12.4	20.0	100.0	100.0	977.9
2022-09-16T23:38:27	1032	3600	12.4	19.9	100.0	100.0	978.0
2022-09-17T00:40:27	976	3600	12.3	19.6	100.0	100.0	978.1
2022-09-17T01:41:27	995	3600	12.3	19.2	100.0	100.0	978.1
2022-09-17T02:43:27	990	3600	12.3	18.8	100.0	100.0	977.9
2022-09-17T03:45:27	1014	3600	12.2	18.3	100.0	100.0	978.5
2022-09-17T04:47:27	980	3600	12.2	16.7	100.0	100.0	980.0
2022-09-17T05:49:27	969	3600	12.2	15.9	100.0	100.0	980.5
2022-09-17T06:51:27	938	3600	12.1	15.0	100.0	100.0	981.9
2022-09-17T07:52:27	909	3600	12.1	14.3	100.0	100.0	982.2
2022-09-17T08:54:27	932	3600	12.1	13.9	100.0	100.0	982.1
2022-09-17T09:56:27	906	3600	12.1	14.2	100.0	100.0	982.4
2022-09-17T10:58:27	952	3600	13.3	15.2	100.0	100.0	983.1
2022-09-17T11:59:27	904	3600	14.2	18.9	100.0	100.0	982.2
2022-09-17T13:01:27	934	3600	14.1	22.3	100.0	100.0	981.9
2022-09-17T14:03:27	924	3600	13.6	24.3	100.0	100.0	981.6
2022-09-17T15:05:27	966	3600	13.4	24.9	100.0	100.0	981.5
2022-09-17T16:06:27	1043	3600	13.5	25.0	100.0	100.0	981.6
2022-09-17T17:08:27	983	3600	12.7	24.0	100.0	100.0	981.8
2022-09-17T18:10:27	942	3600	12.6	20.9	100.0	100.0	982.7
2022-09-17T19:12:27	899	3600	12.5	18.6	100.0	100.0	983.8
2022-09-17T20:14:27	952	3600	12.5	15.4	100.0	100.0	984.9
2022-09-17T21:15:27	912	3600	12.4	13.3	100.0	100.0	986.0
2022-09-17T22:17:27	965	3600	12.4	12.4	100.0	100.0	987.2
2022-09-17T23:19:27	910	3600	12.4	11.6	100.0	100.0	987.8
2022-09-18T00:21:27	908	3600	12.3	11.2	100.0	100.0	988.0
2022-09-18T01:22:27	926	3600	12.2	10.5	100.0	100.0	988.3
2022-09-18T02:24:27	930	3600	12.3	10.4	100.0	100.0	988.6
2022-09-18T03:26:27	955	3600	12.2	11.0	100.0	100.0	988.9
2022-09-18T04:27:27	915	3600	12.3	10.7	100.0	100.0	989.1
2022-09-18T05:29:27	913	3600	12.2	10.3	100.0	100.0	989.6
2022-09-18T06:31:27	941	3600	12.2	10.0	100.0	100.0	989.8
2022-09-18T07:33:27	915	3600	12.1	10.1	100.0	100.0	990.2
2022-09-18T08:34:27	915	3600	13.3	12.6	100.0	100.0	990.7
2022-09-18T09:36:27	923	3600	14.4	17.5	100.0	100.0	990.6
2022-09-18T10:38:27	931	3600	14.2	21.0	100.0	100.0	990.1
2022-09-18T11:40:27	917	3600	13.5	23.2	100.0	100.0	990.0
2022-09-18T12:41:27	874	3600	13.5	24.9	100.0	100.0	989.1
2022-09-18T13:44:27	940	3600	13.4	26.2	100.0	100.0	988.5
2022-09-18T14:46:27	935	3600	13.5	25.7	100.0	100.0	987.9
2022-09-18T15:48:27	964	3600	13.4	26.6	100.0	100.0	986.9
2022-09-18T16:50:27	886	3600	14.0	25.5	100.0	100.0	986.7
2022-09-18T17:51:27	892	3600	12.6	21.4	100.0	100.0	986.3
2022-09-18T18:53:27	875	3600	12.5	19.4	100.0	100.0	986.3
2022-09-18T19:55:27	947	3600	12.5	16.9	100.0	100.0	986.5
2022-09-18T20:57:27	837	3600	12.4	16.1	100.0	100.0	986.9
2022-09-18T21:58:27	936	3600	12.5	15.8	100.0	100.0	987.0
2022-09-18T23:00:27	891	3600	12.4	15.2	100.0	100.0	986.9
2022-09-19T00:02:27	895	3600	12.3	14.5	100.0	100.0	986.7
2022-09-19T01:04:27	882	3600	12.4	13.7	100.0	100.0	986.7
2022-09-19T02:05:27	897	3600	12.3	13.8	100.0	100.0	986.5
2022-09-19T03:07:27	918	3600	12.3	13.4	100.0	100.0	986.1
2022-09-19T04:10:27	951	3600	12.2	12.8	100.0	100.0	986.3
2022-09-19T05:11:27	955	3600	12.1	11.9	100.0	100.0	986.5
2022-09-19T06:13:27	914	3600	12.1	11.9	100.0	100.0	986.6
2022-09-19T07:15:27	931	3600	12.1	11.0	100.0	100.0	987.2
2022-09-19T08:17:27	1004	3600	13.1	12.2	100.0	100.0	987.8
2022-09-19T09:18:27	888	3600	14.0	17.0	100.0	100.0	988.2
2022-09-19T10:20:27	910	3600	14.1	21.6	100.0	100.0	988.8
2022-09-19T11:22:27	894	3600	13.5	24.4	100.0	100.0	988.9
2022-09-19T12:24:27	921	3600	13.5	25.8	100.0	100.0	988.7
2022-09-19T13:25:27	916	3600	13.4	26.6	100.0	100.0	988.8
2022-09-19T14:27:27	962	3600	13.4	26.8	100.0	100.0	988.4
2022-09-19T15:29:27	937	3600	13.4	26.7	100.0	100.0	988.1
2022-09-19T16:31:27	909	3600	13.4	26.0	100.0	100.0	988.0
2022-09-19T17:33:27	972	3600	12.6	23.9	100.0	100.0	987.9
2022-09-19T18:35:27	915	3600	12.5	20.5	100.0	100.0	988.6
2022-09-19T19:36:27	965	3600	12.5	17.6	100.0	100.0	989.3
2022-09-19T20:38:27	895	3600	12.4	15.7	100.0	100.0	990.4
2022-09-19T21:40:27	913	3600	12.5	15.3	100.0	100.0	991.5
2022-09-19T22:42:27	906	3600	12.3	14.5	100.0	100.0	992.3
2022-09-19T23:43:27	904	3600	12.4	13.5	100.0	100.0	992.5
2022-09-20T00:45:27	915	3600	12.4	12.9	100.0	100.0	993.3
2022-09-20T01:47:27	829	3600	12.3	12.2	100.0	100.0	993.4
2022-09-20T02:49:27	907	3600	12.3	11.4	100.0	100.0	993.8
2022-09-20T03:50:27	857	3600	12.2	10.6	100.0	100.0	993.7
2022-09-20T04:52:27	895	3600	12.2	10.2	100.0	100.0	993.6
2022-09-20T05:54:27	886	3600	12.1	9.5	100.0	100.0	993.8
2022-09-20T06:56:27	946	3600	12.1	9.2	100.0	100.0	994.3
2022-09-20T07:57:27	882	3600	12.6	9.2	100.0	100.0	994.6
2022-09-20T08:59:27	912	3600	13.7	13.2	100.0	100.0	994.6
2022-09-20T10:01:27	913	3600	14.4	17.6	100.0	100.0	994.5
2022-09-20T11:03:27	843	3600	14.2	21.5	100.0	100.0	994.1
2022-09-20T12:04:27	919	3600	13.5	24.0	100.0	100.0	993.0
2022-09-20T13:06:27	907	3600	13.3	25.0	100.0	100.0	992.3
2022-09-20T14:08:27	893	3600	13.5	25.8	100.0	100.0	991.5
2022-09-20T15:10:27	939	3600	13.5	26.2	100.0	100.0	990.7
2022-09-20T16:12:27	907	3600	13.4	26.2	100.0	100.0	990.0
2022-09-20T17:14:27	888	3600	12.6	23.6	100.0	100.0	989.6
2022-09-20T18:16:27	910	3600	12.5	19.5	100.0	100.0	989.9
2022-09-20T19:17:27	929	3600	12.5	16.3	100.0	100.0	990.4
2022-09-20T20:19:27	864	3600	12.5	15.2	100.0	100.0	991.2
2022-09-20T21:21:27	893	3600	12.3	15.8	100.0	100.0	992.3
2022-09-20T22:22:27	936	3600	12.4	14.8	100.0	100.0	993.1
2022-09-20T23:24:27	857	3600	12.4	14.5	100.0	100.0	993.7
2022-09-21T00:26:27	903	3600	12.2	14.0	100.0	100.0	994.2
2022-09-21T01:28:27	878	3600	12.3	13.9	100.0	100.0	994.4
2022-09-21T02:29:27	882	3600	12.3	13.2	100.0	100.0	995.0
2022-09-21T03:31:27	901	3600	12.3	12.1	100.0	100.0	995.1
2022-09-21T04:33:27	894	3600	12.2	11.5	100.0	100.0	995.3
2022-09-21T05:35:27	898	3600	12.1	10.9	100.0	100.0	995.8
2022-09-21T06:36:27	924	3600	12.1	10.6	100.0	100.0	996.4
2022-09-21T07:38:27	898	3600	12.1	10.0	100.0	100.0	997.1
2022-09-21T08:40:27	873	3600	13.4	12.2	100.0	100.0	997.6
2022-09-21T09:42:27	930	3600	14.4	16.3	100.0	100.0	997.4
2022-09-21T10:43:27	870	3600	14.2	20.0	100.0	100.0	997.2
2022-09-21T11:45:27	873	3600	13.5	23.7	100.0	100.0	996.6
2022-09-21T12:47:27	888	3600	13.4	25.3	100.0	100.0	995.6
2022-09-21T13:49:27	917	3600	13.4	26.0	100.0	100.0	995.0
2022-09-21T14:50:27	893	3600	13.5	26.0	100.0	100.0	994.3
2022-09-21T15:52:27	950	3600	13.5	25.9	100.0	100.0	993.7
2022-09-21T16:54:27	868	3600	12.6	24.8	100.0	100.0	993.6
2022-09-21T17:56:27	916	3600	12.6	20.9	100.0	100.0	993.8
2022-09-21T18:57:27	894	3600	12.5	19.5	100.0	100.0	994.7
2022-09-21T19:59:27	919	3600	12.5	19.1	100.0	100.0	995.5
2022-09-21T21:01:27	905	3600	12.4	17.9	100.0	100.0	996.2
2022-09-21T22:03:27	862	3600	12.4	15.2	100.0	100.0	996.6
2022-09-21T23:04:27	890	3600	12.4	14.2	100.0	100.0	997.0
2022-09-22T00:06:27	844	3600	12.3	14.8	100.0	100.0	997.3
2022-09-22T01:08:27	876	3600	12.3	13.7	100.0	100.0	997.5
2022-09-22T02:10:27	856	3600	12.3	13.5	100.0	100.0	997.4
2022-09-22T03:12:27	909	3600	12.3	13.6	100.0	100.0	997.1
2022-09-22T04:14:27	816	3600	12.2	13.5	100.0	100.0	996.8
2022-09-22T05:15:27	864	3600	12.2	13.4	100.0	100.0	996.7
2022-09-22T06:18:27	923	3600	12.2	12.1	100.0	100.0	996.4
2022-09-22T07:20:27	884	3600	12.1	11.8	100.0	100.0	996.9
2022-09-22T08:21:27	868	3600	12.3	13.3	100.0	100.0	996.9
2022-09-22T09:24:27	862	3600	13.1	16.3	100.0	100.0	996.6
2022-09-22T10:26:27	886	3600	14.3	20.9	100.0	100.0	996.5
2022-09-22T11:27:27	901	3600	14.1	23.5	100.0	100.0	995.9
2022-09-22T12:29:27	916	3600	13.4	24.7	100.0	100.0	995.1
2022-09-22T13:31:27	852	3600	13.5	25.5	100.0	100.0	994.2
2022-09-22T14:33:27	888	3600	13.4	25.5	100.0	100.0	993.3
2022-09-22T15:34:27	915	3600	13.4	25.8	100.0	100.0	992.6
2022-09-22T16:36:27	962	3600	13.5	24.9	100.0	100.0	992.2
2022-09-22T17:38:27	919	3600	12.6	21.6	100.0	100.0	992.4
2022-09-22T18:40:27	908	3600	12.5	20.4	100.0	100.0	992.9
2022-09-22T19:41:27	903	3600	12.5	19.3	100.0	100.0	993.7
2022-09-22T20:43:27	941	3600	12.5	18.5	100.0	100.0	994.6
2022-09-22T21:45:27	957	3600	12.4	14.5	100.0	100.0	995.2
2022-09-22T22:47:27	901	3600	12.4	13.0	100.0	100.0	995.7
2022-09-22T23:48:27	911	3600	12.4	13.5	100.0	100.0	996.2
2022-09-23T00:51:27	852	3600	12.3	13.6	100.0	100.0	996.4
2022-09-23T01:52:27	932	3600	12.3	13.4	100.0	100.0	996.3
2022-09-23T02:55:27	879	3600	12.3	13.6	100.0	100.0	996.1
2022-09-23T03:57:27	940	3600	12.2	13.7	100.0	100.0	995.9
2022-09-23T04:58:27	849	3600	12.2	13.6	100.0	100.0	995.7
2022-09-23T06:00:27	862	3600	12.2	13.0	100.0	100.0	995.7
2022-09-23T07:02:27	928	3600	12.2	13.2	100.0	100.0	995.6
2022-09-23T08:03:27	911	3600	12.2	13.5	100.0	100.0	995.6
2022-09-23T09:05:27	854	3600	12.4	14.6	100.0	100.0	995.7
2022-09-23T10:07:27	889	3600	13.1	16.6	100.0	100.0	995.7
2022-09-23T11:09:27	960	3600	13.5	19.1	100.0	100.0	995.5
2022-09-23T12:10:27	934	3600	14.1	23.7	100.0	100.0	994.7
2022-09-23T13:12:27	869	3600	14.0	25.1	100.0	100.0	994.1
2022-09-23T14:14:27	888	3600	13.5	25.6	100.0	100.0	993.1
2022-09-23T15:16:27	932	3600	13.4	25.4	100.0	100.0	992.3
2022-09-23T16:18:27	927	3600	13.5	25.2	100.0	100.0	991.7
2022-09-23T17:20:27	926	3600	13.5	22.7	100.0	100.0	991.4
2022-09-23T18:22:27	964	3600	12.6	20.7	100.0	100.0	991.4
2022-09-23T19:24:27	923	3600	12.4	19.5	100.0	100.0	991.8
2022-09-23T20:26:27	857	3600	12.5	18.8	100.0	100.0	992.3
2022-09-23T21:27:27	914	3600	12.5	16.0	100.0	100.0	992.5
2022-09-23T22:29:27	949	3600	12.5	15.2	100.0	100.0	992.6
2022-09-23T23:31:27	870	3600	12.4	15.9	100.0	100.0	992.7
2022-09-24T00:33:27	942	3600	12.4	15.9	100.0	100.0	992.8
2022-09-24T01:34:27	916	3600	12.4	15.9	100.0	100.0	992.5
2022-09-24T02:36:27	948	3600	12.3	15.8	100.0	100.0	992.2
2022-09-24T03:38:27	983	3600	12.2	15.5	100.0	100.0	991.9
2022-09-24T04:40:27	930	3600	12.3	15.4	100.0	100.0	991.7
2022-09-24T05:42:27	965	3600	12.2	15.1	100.0	100.0	991.2
2022-09-24T06:44:27	925	3600	12.2	15.1	100.0	100.0	991.0
2022-09-24T07:45:27	907	3600	12.2	15.3	100.0	100.0	991.3
2022-09-24T08:47:27	953	3600	12.6	16.4	100.0	100.0	991.4
2022-09-24T09:49:27	901	3600	12.8	18.0	100.0	100.0	991.8
2022-09-24T10:51:27	938	3600	13.0	19.7	100.0	100.0	991.7
2022-09-24T11:52:27	950	3600	13.0	20.5	100.0	100.0	991.3
2022-09-24T12:54:27	944	3600	12.9	20.5	100.0	100.0	991.1
2022-09-24T13:56:27	974	3600	12.8	20.2	100.0	100.0	990.8
2022-09-24T14:58:27	928	3600	12.9	19.6	100.0	100.0	990.7
2022-09-24T15:59:27	906	3600	13.0	19.4	100.0	100.0	990.5
2022-09-24T17:01:27	967	3600	12.5	19.0	100.0	100.0	990.0
2022-09-24T18:03:27	973	3600	12.5	18.7	100.0	100.0	989.6
2022-09-24T19:05:27	967	3600	12.4	17.6	100.0	100.0	989.7
2022-09-24T20:07:27	924	3600	12.4	16.5	100.0	100.0	989.9
2022-09-24T21:09:27	923	3600	12.2	16.3	100.0	100.0	990.3
2022-09-24T22:10:27	953	3600	12.3	16.0	100.0	100.0	989.8
2022-09-24T23:12:27	937	3600	12.2	15.7	100.0	100.0	989.9
2022-09-25T00:14:27	940	3600	12.2	15.6	100.0	100.0	989.8
2022-09-25T01:16:27	985	3600	12.1	15.4	100.0	100.0	989.5
2022-09-25T02:17:27	978	3600	12.2	15.4	100.0	100.0	989.0
2022-09-25T03:19:27	934	3600	12.1	15.8	100.0	100.0	988.6
2022-09-25T04:21:27	949	3600	12.1	15.6	100.0	100.0	987.7
2022-09-25T05:23:27	922	3600	12.1	15.5	100.0	100.0	987.5
2022-09-25T06:24:27	934	3600	12.0	15.0	100.0	100.0	987.4
2022-09-25T07:27:27	947	3600	12.0	15.1	100.0	100.0	987.2
2022-09-25T08:28:27	940	3600	13.2	16.0	100.0	100.0	987.0
2022-09-25T09:30:27	929	3600	13.0	20.0	100.0	100.0	986.9
2022-09-25T10:32:27	1001	3600	13.5	23.0	100.0	100.0	986.6
2022-09-25T11:34:27	961	3600	13.5	25.1	100.0	100.0	985.7
2022-09-25T12:35:27	989	3600	13.5	25.6	100.0	100.0	985.2
2022-09-25T13:38:27	965	3600	13.5	24.9	100.0	100.0	984.7
2022-09-25T14:40:27	1007	3600	12.8	22.8	100.0	100.0	984.4
2022-09-25T15:41:27	1013	3600	13.1	20.5	100.0	100.0	984.1
2022-09-25T16:43:27	931	3600	12.7	20.7	100.0	100.0	984.1
2022-09-25T17:45:27	959	3600	12.8	20.0	100.0	100.0	984.0
2022-09-25T18:46:27	974	3600	12.5	19.1	100.0	100.0	984.2
2022-09-25T19:48:27	984	3600	12.5	18.2	100.0	100.0	984.5
2022-09-25T20:51:27	974	3600	12.4	17.6	100.0	100.0	984.8
2022-09-25T21:52:27	960	3600	12.4	17.4	100.0	100.0	984.8
2022-09-25T22:54:27	966	3600	12.4	17.3	100.0	100.0	984.7
2022-09-25T23:56:27	986	3600	12.3	16.4	100.0	100.0	985.0
2022-09-26T00:57:27	942	3600	12.3	15.3	100.0	100.0	984.8
2022-09-26T01:59:27	960	3600	12.3	15.2	100.0	100.0	985.0
2022-09-26T03:01:27	978	3600	12.3	14.8	100.0	100.0	984.7
2022-09-26T04:03:27	978	3600	12.3	14.2	100.0	100.0	984.2
2022-09-26T05:05:27	920	3600	12.2	13.5	100.0	100.0	984.0
2022-09-26T06:07:27	934	3600	12.2	13.8	100.0	100.0	983.5
2022-09-26T07:09:27	974	3600	12.2	13.3	100.0	100.0	983.7
2022-09-26T08:11:27	977	3600	12.6	13.2	100.0	100.0	984.0
2022-09-26T09:13:27	950	3600	13.6	16.9	100.0	100.0	983.8
2022-09-26T10:14:27	1000	3600	13.7	20.6	100.0	100.0	983.4
2022-09-26T11:16:27	961	3600	13.5	23.3	100.0	100.0	982.7
2022-09-26T12:18:27	939	3600	13.4	24.5	100.0	100.0	981.8
2022-09-26T13:20:27	959	3600	13.5	24.5	100.0	100.0	981.1
2022-09-26T14:21:27	959	3600	13.6	23.5	100.0	100.0	979.9
2022-09-26T15:23:27	1020	3600	13.5	24.0	100.0	100.0	979.0
2022-09-26T16:25:27	1016	3600	13.5	24.3	100.0	100.0	978.4
2022-09-26T17:27:27	1063	3600	12.9	22.7	100.0	100.0	977.9
2022-09-26T18:28:27	1029	3600	12.6	21.4	100.0	100.0	978.0
2022-09-26T19:30:27	1011	3600	12.5	20.9	100.0	100.0	978.0
2022-09-26T20:32:27	1002	3600	12.5	20.6	100.0	100.0	978.1
2022-09-26T21:34:27	1042	3600	12.5	18.7	100.0	100.0	978.4
2022-09-26T22:35:27	1009	3600	12.4	17.6	100.0	100.0	977.9
2022-09-26T23:37:27	1007	3600	12.4	16.8	100.0	100.0	977.4
2022-09-27T00:39:27	1023	3600	12.4	16.2	100.0	100.0	976.7
2022-09-27T01:41:27	1072	3600	12.4	15.9	100.0	100.0	976.2
2022-09-27T02:42:27	1033	3600	12.3	15.7	100.0	100.0	975.8
2022-09-27T03:44:27	1019	3600	12.3	15.5	100.0	100.0	974.8
2022-09-27T04:46:27	993	3600	12.2	15.3	100.0	100.0	974.4
2022-09-27T05:47:27	1047	3600	12.2	15.0	100.0	100.0	973.7
2022-09-27T06:49:27	1062	3600	12.2	14.9	100.0	100.0	973.5
2022-09-27T07:51:27	994	3600	12.2	15.0	100.0	100.0	973.5
2022-09-27T08:53:27	993	3600	12.2	15.4	100.0	100.0	973.6
2022-09-27T09:55:27	987	3600	12.6	16.6	100.0	100.0	974.0
2022-09-27T10:57:27	1029	3600	14.3	20.8	100.0	100.0	974.2
2022-09-27T11:59:27	1079	3600	14.1	22.2	100.0	100.0	973.9
2022-09-27T13:00:27	1004	3600	13.5	21.4	100.0	100.0	973.7
2022-09-27T14:02:27	993	3600	13.4	23.9	100.0	100.0	973.2
2022-09-27T15:04:27	1087	3600	13.6	22.9	100.0	100.0	973.2
2022-09-27T16:06:27	1061	3600	13.5	23.2	100.0	100.0	973.2
2022-09-27T17:07:27	977	3600	13.6	22.3	100.0	100.0	973.5
2022-09-27T18:09:27	1077	3600	12.6	21.0	100.0	100.0	973.9
2022-09-27T19:11:27	1057	3600	12.4	18.3	100.0	100.0	974.9
2022-09-27T20:12:27	1049	3600	12.5	16.4	100.0	100.0	975.6
2022-09-27T21:14:27	1034	3600	12.4	14.9	100.0	100.0	976.1
2022-09-27T22:16:27	1024	3600	12.4	15.0	100.0	100.0	976.5
2022-09-27T23:18:27	1048	3600	12.4	13.8	100.0	100.0	976.8
2022-09-28T00:20:27	1006	3600	12.4	12.8	100.0	100.0	977.6
2022-09-28T01:21:27	1023	3600	12.3	12.3	100.0	100.0	977.6
2022-09-28T02:23:27	1036	3600	12.3	11.6	100.0	100.0	977.5
2022-09-28T03:25:27	1056	3600	12.2	10.7	100.0	100.0	977.5
2022-09-28T04:26:27	1064	3600	12.2	10.4	100.0	100.0	977.1
2022-09-28T05:28:27	1007	3600	12.2	10.5	100.0	100.0	977.2
2022-09-28T06:30:27	1037	3600	12.2	10.6	100.0	100.0	977.0
2022-09-28T07:32:27	1021	3600	12.1	10.5	100.0	100.0	976.7
2022-09-28T08:33:27	1046	3600	12.2	11.6	100.0	100.0	976.7
2022-09-28T09:35:27	1035	3600	12.6	12.6	100.0	100.0	976.6
2022-09-28T10:37:27	1036	3600	12.7	13.7	100.0	100.0	976.8
2022-09-28T11:39:27	1041	3600	12.5	14.7	100.0	100.0	976.4
2022-09-28T12:40:27	1033	3600	12.9	15.9	100.0	100.0	975.9
2022-09-28T13:42:27	1104	3600	13.0	17.6	100.0	100.0	975.1
2022-09-28T14:44:27	992	3600	13.0	18.6	100.0	100.0	974.6
2022-09-28T15:46:27	1084	3600	12.9	19.1	100.0	100.0	973.9
2022-09-28T16:47:27	1048	3600	12.6	18.5	100.0	100.0	973.7
2022-09-28T17:49:27	1069	3600	12.5	17.7	100.0	100.0	973.7
2022-09-28T18:51:27	1058	3600	12.4	16.8	100.0	100.0	973.5
2022-09-28T19:53:27	1022	3600	12.3	15.5	100.0	100.0	973.5
2022-09-28T20:55:27	1001	3600	12.2	14.9	100.0	100.0	973.9
2022-09-28T21:57:27	1035	3600	12.2	14.8	100.0	100.0	973.6
2022-09-28T22:58:27	1027	3600	12.1	14.9	100.0	100.0	973.8
2022-09-29T00:00:27	1047	3600	12.1	14.8	100.0	100.0	973.6
2022-09-29T01:02:27	1044	3600	12.2	14.6	100.0	100.0	973.8
2022-09-29T02:04:27	1016	3600	12.1	14.3	100.0	100.0	973.7
2022-09-29T03:06:27	1083	3600	12.1	14.6	100.0	100.0	973.8
2022-09-29T04:08:27	1041	3600	12.1	14.6	100.0	100.0	973.7
2022-09-29T05:09:27	1089	3600	12.1	14.5	100.0	100.0	974.0
2022-09-29T06:11:27	1089	3600	12.1	14.3	100.0	100.0	973.8
2022-09-29T07:14:27	1080	3600	12.0	14.4	100.0	100.0	974.1
2022-09-29T08:15:27	996	3600	12.1	14.8	100.0	100.0	974.5
2022-09-29T09:17:27	1043	3600	12.9	16.3	100.0	100.0	974.4
2022-09-29T10:19:27	1066	3600	13.2	19.1	100.0	100.0	974.4
2022-09-29T11:21:27	1044	3600	12.9	20.7	100.0	100.0	974.6
2022-09-29T12:22:27	1003	3600	14.2	22.3	100.0	100.0	974.0
2022-09-29T13:24:27	1055	3600	12.9	21.3	100.0	100.0	974.1
2022-09-29T14:26:27	1076	3600	13.2	19.7	100.0	100.0	973.6
2022-09-29T15:28:27	1052	3600	12.8	19.1	100.0	100.0	973.9
2022-09-29T16:30:27	1050	3600	12.5	17.3	100.0	100.0	973.9
2022-09-29T17:32:27	973	3600	12.5	16.7	100.0	100.0	975.1
2022-09-29T18:33:27	913	3600	12.4	16.3	100.0	100.0	975.6
2022-09-29T19:35:27	965	3600	12.3	15.7	100.0	100.0	976.0
2022-09-29T20:37:27	993	3600	12.4	15.3	100.0	100.0	976.3
2022-09-29T21:38:27	943	3600	12.3	15.2	100.0	100.0	976.9
2022-09-29T22:40:27	956	3600	12.3	15.0	100.0	100.0	977.5
2022-09-29T23:42:27	969	3600	12.2	15.1	100.0	100.0	978.2
2022-09-30T00:44:27	912	3600	12.3	14.6	100.0	100.0	978.4
2022-09-30T01:45:27	943	3600	12.3	14.4	100.0	100.0	978.8
2022-09-30T02:47:27	948	3600	12.2	14.4	100.0	100.0	979.1
2022-09-30T03:49:27	1006	3600	12.2	14.3	100.0	100.0	979.4
2022-09-30T04:51:27	878	3600	12.1	14.2	100.0	100.0	980.1
2022-09-30T05:52:27	920	3600	12.1	14.1	100.0	100.0	980.5
2022-09-30T06:54:27	946	3600	12.1	14.1	100.0	100.0	981.1
2022-09-30T07:56:27	891	3600	12.1	14.1	100.0	100.0	982.1
2022-09-30T08:58:27	892	3600	12.6	15.2	100.0	100.0	982.5
2022-09-30T10:00:27	922	3600	12.2	15.5	100.0	100.0	983.8
2022-09-30T11:02:27	918	3600	12.4	15.8	100.0	100.0	984.5
2022-09-30T12:03:27	941	3600	13.0	16.7	100.0	100.0	984.8
2022-09-30T13:05:27	929	3600	13.0	19.1	100.0	100.0	984.8
2022-09-30T14:07:27	858	3600	12.7	19.2	100.0	100.0	985.0
2022-09-30T15:09:27	907	3600	12.8	17.7	100.0	100.0	985.3
2022-09-30T16:10:27	888	3600	12.5	17.6	100.0	100.0	985.6
2022-09-30T17:12:27	895	3600	12.5	17.3	100.0	100.0	986.1
2022-09-30T18:14:27	893	3600	12.4	16.9	100.0	100.0	986.7
2022-09-30T19:16:27	847	3600	12.4	16.2	100.0	100.0	987.1
2022-09-30T20:18:27	837	3600	12.3	15.6	100.0	100.0	987.5
2022-09-30T21:20:27	852	3600	12.2	15.0	100.0	100.0	987.5
2022-09-30T22:21:27	826	3600	12.2	13.9	100.0	100.0	987.4
2022-09-30T23:24:27	854	3600	12.1	14.1	100.0	100.0	988.4
2022-10-01T00:27:27	877	3600	12.1	14.4	100.0	100.0	988.6
2022-10-01T01:29:27	883	3600	12.0	14.7	100.0	100.0	989.1
2022-10-01T02:31:27	857	3600	11.9	14.8	100.0	100.0	989.4
2022-10-01T09:53:35	864	3600	13.0	16.5	100.0	100.0	990.5
2022-10-01T10:56:27	877	3600	13.0	19.1	100.0	100.0	990.4
2022-10-01T11:58:27	843	3600	13.0	19.1	100.0	100.0	990.3
2022-10-01T13:00:27	837	3600	13.1	20.6	100.0	100.0	989.8
2022-10-01T14:01:27	886	3600	13.0	21.3	100.0	100.0	989.7
2022-10-01T15:03:27	869	3600	13.4	21.9	100.0	100.0	989.0
2022-10-01T16:05:27	866	3600	13.2	21.7	100.0	100.0	988.9
2022-10-01T17:07:27	857	3600	12.9	21.1	100.0	100.0	988.5
2022-10-01T18:08:27	854	3600	12.6	20.4	100.0	100.0	988.6
2022-10-01T19:10:27	903	3600	12.5	18.5	100.0	100.0	989.2
2022-10-01T20:12:27	880	3600	12.5	17.3	100.0	100.0	989.9
2022-10-01T21:14:27	788	3600	12.4	16.2	100.0	100.0	990.6
2022-10-01T22:15:27	910	3600	12.4	16.2	100.0	100.0	991.5
2022-10-01T23:17:27	827	3600	12.3	16.0	100.0	100.0	991.8
2022-10-02T00:19:27	890	3600	12.3	15.4	100.0	100.0	992.5
2022-10-02T01:21:27	831	3600	12.3	14.9	100.0	100.0	993.3
2022-10-02T02:22:27	791	3600	12.2	14.2	100.0	100.0	993.9
2022-10-02T03:24:27	833	3600	12.2	14.2	100.0	100.0	994.0
2022-10-02T04:26:27	793	3600	12.2	13.8	100.0	100.0	994.1
2022-10-02T05:27:27	853	3600	12.2	13.4	100.0	100.0	994.9
2022-10-02T06:29:27	813	3600	12.2	13.2	100.0	100.0	995.0
2022-10-02T07:31:27	862	3600	12.1	13.4	100.0	100.0	995.8
2022-10-02T08:33:27	815	3600	13.0	14.4	100.0	100.0	996.2
2022-10-02T09:34:27	817	3600	14.3	18.8	100.0	100.0	996.2
2022-10-02T10:36:27	855	3600	14.2	22.4	100.0	100.0	995.7
2022-10-02T11:38:27	824	3600	13.5	24.6	100.0	100.0	994.6
2022-10-02T12:40:27	812	3600	13.4	25.8	100.0	100.0	994.0
2022-10-02T13:41:27	837	3600	13.5	26.3	100.0	100.0	993.3
2022-10-02T14:43:27	841	3600	13.5	25.8	100.0	100.0	992.1
2022-10-02T15:46:27	816	3600	13.3	26.6	100.0	100.0	991.1
2022-10-02T16:49:27	829	3600	12.6	25.2	100.0	100.0	990.5
2022-10-02T17:50:27	901	3600	12.6	23.1	100.0	100.0	990.3
2022-10-02T18:52:27	898	3600	12.5	21.9	100.0	100.0	990.5
2022-10-02T19:54:27	855	3600	12.5	18.9	100.0	100.0	991.2
2022-10-02T20:56:27	888	3600	12.4	17.3	100.0	100.0	991.7
2022-10-02T21:57:27	840	3600	12.4	17.2	100.0	100.0	991.7
2022-10-02T22:59:27	865	3600	12.3	16.5	100.0	100.0	992.1
2022-10-03T00:01:27	855	3600	12.3	16.0	100.0	100.0	992.4
2022-10-03T01:03:27	852	3600	12.3	15.4	100.0	100.0	992.4
2022-10-03T02:04:27	880	3600	12.3	15.6	100.0	100.0	992.8
2022-10-03T03:06:27	899	3600	12.3	15.0	100.0	100.0	993.4
2022-10-03T04:08:27	841	3600	12.3	14.9	100.0	100.0	993.6
2022-10-03T05:10:27	901	3600	12.3	14.1	100.0	100.0	994.0
2022-10-03T06:11:27	873	3600	12.2	14.0	100.0	100.0	994.3
2022-10-03T07:13:27	835	3600	12.3	13.9	100.0	100.0	994.7
2022-10-03T08:15:27	890	3600	12.7	14.1	100.0	100.0	995.2
2022-10-03T09:16:27	872	3600	13.6	17.2	100.0	100.0	995.3
2022-10-03T10:19:27	914	3600	14.3	20.6	100.0	100.0	995.4
2022-10-03T11:21:27	869	3600	14.1	23.8	100.0	100.0	995.0
2022-10-03T12:23:27	896	3600	13.4	26.1	100.0	100.0	994.4
2022-10-03T13:25:27	903	3600	13.3	28.4	100.0	100.0	993.6
2022-10-03T14:27:27	827	3600	13.4	29.4	100.0	100.0	992.8
2022-10-03T15:29:27	856	3600	13.3	29.8	100.0	100.0	992.2
2022-10-03T16:31:27	905	3600	13.4	28.2	100.0	100.0	991.9
2022-10-03T17:33:27	936	3600	12.6	21.8	100.0	100.0	991.8
2022-10-03T18:35:27	867	3600	12.5	19.6	100.0	100.0	992.5
2022-10-03T19:36:27	897	3600	12.4	18.2	100.0	100.0	993.4
2022-10-03T20:38:27	831	3600	12.5	16.9	100.0	100.0	994.2
2022-10-03T21:40:27	874	3600	12.5	16.1	100.0	100.0	995.0
2022-10-03T22:42:27	856	3600	12.4	15.4	100.0	100.0	995.6
2022-10-03T23:43:27	860	3600	12.4	14.6	100.0	100.0	995.9
2022-10-04T00:45:27	864	3600	12.2	13.8	100.0	100.0	996.1
2022-10-04T01:47:27	894	3600	12.3	13.1	100.0	100.0	996.6
2022-10-04T02:48:27	899	3600	12.3	12.5	100.0	100.0	996.7
2022-10-04T03:50:27	836	3600	12.2	11.6	100.0	100.0	996.7
2022-10-04T04:52:27	876	3600	12.3	11.1	100.0	100.0	996.7
2022-10-04T05:54:27	838	3600	12.2	11.1	100.0	100.0	996.8
2022-10-04T06:55:27	868	3600	12.1	10.5	100.0	100.0	997.5
2022-10-04T07:57:27	868	3600	12.2	10.4	100.0	100.0	997.9
2022-10-04T09:00:27	821	3600	13.2	12.5	100.0	100.0	998.4
2022-10-04T10:01:27	859	3600	13.7	16.3	100.0	100.0	998.5
2022-10-04T11:03:27	829	3600	14.3	18.6	100.0	100.0	998.6
2022-10-04T12:05:27	901	3600	14.3	20.1	100.0	100.0	998.2
2022-10-04T13:06:27	888	3600	13.6	20.7	100.0	100.0	997.9
2022-10-04T14:08:27	785	3600	13.6	21.3	100.0	100.0	997.4
2022-10-04T15:09:27	828	3600	13.5	21.7	100.0	100.0	997.0
2022-10-04T16:11:27	902	3600	13.6	22.2	100.0	100.0	996.8
2022-10-04T17:13:27	851	3600	12.7	19.5	100.0	100.0	996.6
2022-10-04T18:14:27	794	3600	12.5	17.0	100.0	100.0	997.1
2022-10-04T19:16:27	866	3600	12.5	15.1	100.0	100.0	997.9
2022-10-04T20:18:27	805	3600	12.5	14.6	100.0	100.0	998.7
2022-10-04T21:20:27	870	3600	12.3	14.2	100.0	100.0	999.3
2022-10-04T22:21:27	853	3600	12.5	14.3	100.0	100.0	1000.0
2022-10-04T23:23:27	789	3600	12.3	14.0	100.0	100.0	1001.1
2022-10-05T00:25:27	838	3600	12.4	13.9	100.0	100.0	1001.4
2022-10-05T01:27:27	810	3600	12.3	13.1	100.0	100.0	1001.6
2022-10-05T02:29:27	880	3600	12.3	13.0	100.0	100.0	1001.9
2022-10-05T03:31:27	798	3600	12.2	12.3	100.0	100.0	1001.8
2022-10-05T04:33:27	894	3600	12.3	11.7	100.0	100.0	1001.7
2022-10-05T05:35:27	806	3600	12.2	11.5	100.0	100.0	1001.8
2022-10-05T06:36:27	839	3600	12.1	10.6	100.0	100.0	1002.2
2022-10-05T07:39:27	836	3600	12.1	10.5	100.0	100.0	1002.6
2022-10-05T08:40:27	851	3600	13.1	12.1	100.0	100.0	1002.8
2022-10-05T09:42:27	831	3600	14.4	15.9	100.0	100.0	1003.1
2022-10-05T10:44:27	884	3600	14.2	19.7	100.0	100.0	1002.8
2022-10-05T11:46:27	879	3600	13.6	22.5	100.0	100.0	1002.2
2022-10-05T12:47:27	854	3600	13.5	24.4	100.0	100.0	1001.5
2022-10-05T13:49:27	829	3600	13.5	25.5	100.0	100.0	1000.6
2022-10-05T14:51:27	834	3600	13.5	25.9	100.0	100.0	1000.1
2022-10-05T15:52:27	824	3600	13.5	26.2	100.0	100.0	999.9
2022-10-05T16:55:27	861	3600	12.7	24.0	100.0	100.0	999.9
2022-10-05T17:57:27	891	3600	12.6	22.4	100.0	100.0	1000.0
2022-10-05T18:58:27	803	3600	12.5	20.7	100.0	100.0	1000.8
2022-10-05T20:00:27	829	3600	12.5	18.5	100.0	100.0	1001.2
2022-10-05T21:02:27	832	3600	12.5	16.9	100.0	100.0	1001.7
2022-10-05T22:04:27	876	3600	12.4	16.9	100.0	100.0	1001.8
2022-10-05T23:05:27	829	3600	12.4	16.5	100.0	100.0	1002.3
2022-10-06T00:07:27	874	3600	12.3	15.8	100.0	100.0	1002.4
2022-10-06T01:09:27	819	3600	12.3	15.4	100.0	100.0	1002.2
2022-10-06T02:11:27	859	3600	12.3	14.8	100.0	100.0	1002.2
2022-10-06T03:12:27	826	3600	12.3	14.3	100.0	100.0	1002.0
2022-10-06T04:14:27	847	3600	12.3	13.8	100.0	100.0	1001.8
2022-10-06T05:16:27	896	3600	12.2	13.4	100.0	100.0	1002.0
2022-10-06T06:17:27	823	3600	12.2	12.9	100.0	100.0	1002.4
2022-10-06T07:19:27	844	3600	12.2	12.7	100.0	100.0	1002.5
2022-10-06T08:21:27	900	3600	12.8	13.0	100.0	100.0	1003.2
2022-10-06T09:23:27	911	3600	13.7	16.3	100.0	100.0	1003.4
2022-10-06T10:24:27	883	3600	14.3	20.1	100.0	100.0	1003.4
2022-10-06T11:26:27	844	3600	14.0	23.8	100.0	100.0	1003.1
2022-10-06T12:28:27	823	3600	13.4	25.4	100.0	100.0	1002.5
2022-10-06T13:30:27	854	3600	13.4	26.5	100.0	100.0	1001.9
2022-10-06T14:31:27	822	3600	13.3	27.1	100.0	100.0	1001.2
2022-10-06T15:33:27	845	3600	13.5	27.4	100.0	100.0	1000.7
2022-10-06T16:35:27	857	3600	12.7	26.7	100.0	100.0	1000.5
2022-10-06T17:37:27	840	3600	12.6	24.3	100.0	100.0	1000.6
2022-10-06T18:39:27	807	3600	12.5	22.8	100.0	100.0	1001.2
2022-10-06T19:41:27	851	3600	12.5	19.1	100.0	100.0	1002.2
2022-10-06T20:43:27	788	3600	12.4	17.2	100.0	100.0	1002.9
2022-10-06T21:45:27	810	3600	12.4	16.8	100.0	100.0	1003.6
2022-10-06T22:47:27	831	3600	12.3	16.2	100.0	100.0	1004.1
2022-10-06T23:49:27	828	3600	12.4	15.7	100.0	100.0	1004.0
2022-10-07T00:50:27	836	3600	12.4	15.4	100.0	100.0	1003.8
2022-10-07T01:53:27	842	3600	12.2	15.0	100.0	100.0	1003.8
2022-10-07T02:54:27	864	3600	12.2	14.7	100.0	100.0	1003.7
2022-10-07T03:56:27	782	3600	12.2	14.0	100.0	100.0	1003.1
2022-10-07T04:58:27	863	3600	12.3	13.4	100.0	100.0	1003.0
2022-10-07T06:00:27	825	3600	12.1	13.2	100.0	100.0	1002.9
2022-10-07T07:01:27	884	3600	12.2	12.5	100.0	100.0	1002.7
2022-10-07T08:03:27	876	3600	12.2	12.5	100.0	100.0	1002.8
2022-10-07T09:05:27	921	3600	13.4	15.1	100.0	100.0	1003.0
2022-10-07T10:07:27	890	3600	14.4	18.9	100.0	100.0	1002.7
2022-10-07T11:08:27	884	3600	14.1	22.7	100.0	100.0	1001.8
2022-10-07T12:10:27	901	3600	13.4	25.3	100.0	100.0	1000.4
2022-10-07T13:12:27	907	3600	13.4	27.0	100.0	100.0	999.2
2022-10-07T14:14:27	879	3600	13.3	27.7	100.0	100.0	997.7
2022-10-07T15:15:27	938	3600	13.3	28.1	100.0	100.0	996.7
2022-10-07T16:17:27	882	3600	13.5	27.3	100.0	100.0	995.8
2022-10-07T17:19:27	907	3600	12.6	22.5	100.0	100.0	995.5
2022-10-07T18:21:27	881	3600	12.5	20.1	100.0	100.0	995.5
2022-10-07T19:23:27	895	3600	12.5	17.2	100.0	100.0	995.9
2022-10-07T20:24:27	957	3600	12.5	17.1	100.0	100.0	996.3
2022-10-07T21:26:27	968	3600	12.4	16.8	100.0	100.0	996.6
2022-10-07T22:28:27	881	3600	12.4	16.0	100.0	100.0	996.9
2022-10-07T23:30:27	911	3600	12.4	15.4	100.0	100.0	997.1
2022-10-08T00:31:27	936	3600	12.4	15.0	100.0	100.0	996.8
2022-10-08T01:33:27	890	3600	12.4	14.3	100.0	100.0	996.4
2022-10-08T02:35:27	874	3600	12.3	14.1	100.0	100.0	996.4
2022-10-08T03:36:27	903	3600	12.3	13.5	100.0	100.0	996.0
2022-10-08T04:38:27	909	3600	12.2	13.1	100.0	100.0	995.5
2022-10-08T05:40:27	928	3600	12.2	12.6	100.0	100.0	995.7
2022-10-08T06:42:27	987	3600	12.1	12.1	100.0	100.0	995.6
2022-10-08T07:43:27	929	3600	12.1	11.9	100.0	100.0	995.6
2022-10-08T08:45:27	882	3600	13.1	13.4	100.0	100.0	996.3
2022-10-08T09:47:27	865	3600	14.4	17.2	100.0	100.0	996.0
2022-10-08T10:49:27	899	3600	14.1	21.7	100.0	100.0	995.5
2022-10-08T11:50:27	948	3600	13.5	23.8	100.0	100.0	995.0
2022-10-08T12:52:27	848	3600	13.4	25.4	100.0	100.0	994.0
2022-10-08T13:54:27	968	3600	13.3	26.8	100.0	100.0	992.8
2022-10-08T14:56:27	954	3600	13.5	26.9	100.0	100.0	991.9
2022-10-08T15:57:27	981	3600	13.4	26.8	100.0	100.0	991.4
2022-10-08T16:59:27	917	3600	12.8	25.1	100.0	100.0	991.4
2022-10-08T18:02:27	923	3600	12.6	23.6	100.0	100.0	991.7
2022-10-08T19:04:27	910	3600	12.5	22.7	100.0	100.0	992.7
2022-10-08T20:05:27	912	3600	12.5	21.6	100.0	100.0	993.4
2022-10-08T21:07:27	867	3600	12.5	18.6	100.0	100.0	994.1
2022-10-08T22:09:27	907	3600	12.4	18.2	100.0	100.0	994.7
2022-10-08T23:10:27	934	3600	12.4	17.7	100.0	100.0	995.2
2022-10-09T00:12:27	910	3600	12.4	17.2	100.0	100.0	995.3
2022-10-09T01:14:27	893	3600	12.3	17.6	100.0	100.0	995.3
2022-10-09T02:16:27	901	3600	12.3	17.7	100.0	100.0	995.4
2022-10-09T03:17:27	927	3600	12.3	17.3	100.0	100.0	995.4
2022-10-09T04:19:27	962	3600	12.3	16.9	100.0	100.0	995.3
2022-10-09T05:21:27	952	3600	12.2	16.5	100.0	100.0	995.6
2022-10-09T06:23:27	939	3600	12.3	16.3	100.0	100.0	995.9
2022-10-09T07:25:27	883	3600	12.2	16.6	100.0	100.0	996.1
2022-10-09T08:27:27	874	3600	12.2	16.7	100.0	100.0	996.8
2022-10-09T09:28:27	895	3600	12.3	17.4	100.0	100.0	997.4
2022-10-09T10:30:27	922	3600	12.4	17.7	100.0	100.0	997.9
2022-10-09T11:32:27	896	3600	12.7	19.0	100.0	100.0	997.9
2022-10-09T12:34:27	884	3600	12.7	20.7	100.0	100.0	997.5
2022-10-09T13:36:27	874	3600	13.4	22.3	100.0	100.0	996.9
2022-10-09T14:37:27	837	3600	13.4	23.6	100.0	100.0	996.1
2022-10-09T15:39:27	890	3600	13.3	24.0	100.0	100.0	995.6
2022-10-09T16:43:27	911	3600	13.1	23.6	100.0	100.0	995.2
2022-10-09T17:45:27	878	3600	12.7	22.4	100.0	100.0	994.8
2022-10-09T18:46:27	900	3600	12.5	19.7	100.0	100.0	994.9
2022-10-09T19:48:27	905	3600	12.5	17.4	100.0	100.0	995.4
2022-10-09T20:50:27	894	3600	12.4	16.7	100.0	100.0	995.7
2022-10-09T21:52:27	911	3600	12.4	16.4	100.0	100.0	996.3
2022-10-09T22:53:27	911	3600	12.3	16.4	100.0	100.0	996.2
2022-10-09T23:55:27	866	3600	12.3	15.8	100.0	100.0	996.6
2022-10-10T00:57:27	922	3600	12.3	15.1	100.0	100.0	996.5
2022-10-10T01:59:27	912	3600	12.3	15.2	100.0	100.0	996.4
2022-10-10T03:00:27	944	3600	12.3	14.9	100.0	100.0	996.2
2022-10-10T04:02:27	892	3600	12.2	15.1	100.0	100.0	996.0
2022-10-10T05:04:27	919	3600	12.2	14.4	100.0	100.0	995.7
2022-10-10T06:06:27	937	3600	12.1	13.1	100.0	100.0	995.7
2022-10-10T07:08:27	903	3600	12.2	12.4	100.0	100.0	996.0
2022-10-10T08:10:27	915	3600	12.3	13.4	100.0	100.0	996.1
2022-10-10T09:12:27	925	3600	12.8	16.3	100.0	100.0	996.7
2022-10-10T10:13:27	908	3600	12.9	17.7	100.0	100.0	996.8
2022-10-10T11:15:27	897	3600	13.6	19.3	100.0	100.0	996.3
2022-10-10T12:17:27	919	3600	14.1	23.2	100.0	100.0	995.7
2022-10-10T13:19:27	932	3600	13.5	25.2	100.0	100.0	995.0
2022-10-10T14:21:27	905	3600	13.5	24.6	100.0	100.0	994.4
2022-10-10T15:22:27	977	3600	13.5	25.5	100.0	100.0	993.8
2022-10-10T16:24:27	908	3600	13.5	24.5	100.0	100.0	993.8
2022-10-10T17:26:27	921	3600	12.7	23.1	100.0	100.0	994.0
2022-10-10T18:28:27	902	3600	12.5	21.8	100.0	100.0	994.3
2022-10-10T19:29:27	898	3600	12.5	19.6	100.0	100.0	994.9
2022-10-10T20:31:27	881	3600	12.5	16.4	100.0	100.0	995.1
2022-10-10T21:33:27	868	3600	12.4	15.8	100.0	100.0	995.4
2022-10-10T22:34:27	926	3600	12.3	15.2	100.0	100.0	995.9
2022-10-10T23:36:27	957	3600	12.4	15.4	100.0	100.0	996.4
2022-10-11T00:38:27	922	3600	12.4	15.2	100.0	100.0	996.5
2022-10-11T01:40:27	897	3600	12.3	14.3	100.0	100.0	996.5
2022-10-11T02:43:27	914	3600	12.2	13.7	100.0	100.0	996.6
2022-10-11T03:44:27	940	3600	12.2	13.6	100.0	100.0	996.6
2022-10-11T04:46:27	889	3600	12.3	13.1	100.0	100.0	996.5
2022-10-11T05:48:27	1020	3600	12.1	13.3	100.0	100.0	996.6
2022-10-11T06:50:27	882	3600	12.1	12.9	100.0	100.0	996.8
2022-10-11T07:51:27	899	3600	12.1	12.6	100.0	100.0	997.2
2022-10-11T08:53:27	891	3600	13.1	14.1	100.0	100.0	997.6
2022-10-11T09:55:27	885	3600	14.3	17.9	100.0	100.0	997.7
2022-10-11T10:57:27	902	3600	14.2	21.5	100.0	100.0	997.5
2022-10-11T11:59:27	921	3600	13.4	24.7	100.0	100.0	996.7
2022-10-11T13:01:27	939	3600	13.4	25.8	100.0	100.0	996.2
2022-10-11T14:02:27	922	3600	13.4	26.1	100.0	100.0	995.4
2022-10-11T15:04:27	949	3600	13.5	25.2	100.0	100.0	995.2
2022-10-11T16:06:27	895	3600	13.5	24.9	100.0	100.0	995.0
2022-10-11T17:08:27	927	3600	13.4	23.6	100.0	100.0	995.0
2022-10-11T18:09:27	912	3600	12.6	22.2	100.0	100.0	995.2
2022-10-11T19:11:27	935	3600	12.5	19.9	100.0	100.0	995.4
2022-10-11T20:13:27	934	3600	12.5	16.7	100.0	100.0	996.0
2022-10-11T21:15:27	964	3600	12.4	16.4	100.0	100.0	996.5
2022-10-11T22:16:27	934	3600	12.4	15.7	100.0	100.0	997.1
2022-10-11T23:18:27	926	3600	12.4	15.5	100.0	100.0	997.5
2022-10-12T00:20:27	934	3600	12.4	15.0	100.0	100.0	997.4
2022-10-12T01:21:27	923	3600	12.3	14.6	100.0	100.0	997.4
2022-10-12T02:23:27	910	3600	12.3	14.4	100.0	100.0	997.7
2022-10-12T03:25:27	938	3600	12.3	13.8	100.0	100.0	997.7
2022-10-12T04:27:27	913	3600	12.2	13.4	100.0	100.0	997.5
2022-10-12T05:28:27	968	3600	12.2	13.0	100.0	100.0	997.4
2022-10-12T06:30:27	939	3600	12.1	12.9	100.0	100.0	997.7
2022-10-12T07:32:27	906	3600	12.1	12.8	100.0	100.0	997.5
2022-10-12T08:34:27	998	3600	12.5	12.8	100.0	100.0	998.2
2022-10-12T09:35:27	932	3600	13.2	16.4	100.0	100.0	998.4
2022-10-12T10:37:27	914	3600	14.2	20.8	100.0	100.0	998.1
2022-10-12T11:39:27	908	3600	14.1	23.7	100.0	100.0	997.3
2022-10-12T12:41:27	959	3600	13.5	25.6	100.0	100.0	996.7
2022-10-12T13:43:27	881	3600	13.4	26.4	100.0	100.0	996.1
2022-10-12T14:45:27	961	3600	13.4	25.4	100.0	100.0	995.5
2022-10-12T15:46:27	916	3600	13.5	25.3	100.0	100.0	995.1
2022-10-12T16:48:27	965	3600	12.8	23.9	100.0	100.0	995.1
2022-10-12T17:50:27	904	3600	12.5	21.7	100.0	100.0	995.2
2022-10-12T18:52:27	952	3600	12.5	20.3	100.0	100.0	995.6
2022-10-12T19:54:27	941	3600	12.5	17.1	100.0	100.0	996.3
2022-10-12T20:56:27	906	3600	12.5	16.4	100.0	100.0	996.7
2022-10-12T21:58:27	913	3600	12.4	16.0	100.0	100.0	997.0
2022-10-12T22:59:27	890	3600	12.4	15.8	100.0	100.0	997.7
2022-10-13T00:01:27	930	3600	12.4	15.3	100.0	100.0	997.8
2022-10-13T01:03:27	918	3600	12.3	15.7	100.0	100.0	997.8
2022-10-13T02:05:27	942	3600	12.3	16.0	100.0	100.0	997.8
2022-10-13T03:06:27	905	3600	12.3	15.5	100.0	100.0	997.7
2022-10-13T04:08:27	917	3600	12.2	15.0	100.0	100.0	997.4
2022-10-13T05:10:27	890	3600	12.2	13.8	100.0	100.0	997.2
2022-10-13T06:11:27	950	3600	12.2	13.4	100.0	100.0	997.1
2022-10-13T07:13:27	978	3600	12.1	12.3	100.0	100.0	996.6
2022-10-13T08:15:27	996	3600	12.2	12.6	100.0	100.0	997.1
2022-10-13T09:17:27	887	3600	13.4	16.1	100.0	100.0	997.0
2022-10-13T10:19:27	953	3600	14.2	20.6	100.0	100.0	996.6
2022-10-13T11:20:27	950	3600	14.1	23.1	100.0	100.0	996.0
2022-10-13T12:22:27	941	3600	13.5	24.9	100.0	100.0	995.1
2022-10-13T13:24:27	921	3600	13.5	25.7	100.0	100.0	994.1
2022-10-13T14:26:27	922	3600	13.5	25.5	100.0	100.0	993.1
2022-10-13T15:28:27	952	3600	13.5	25.3	100.0	100.0	992.7
2022-10-13T16:31:27	969	3600	13.5	24.2	100.0	100.0	992.4
2022-10-13T17:33:27	973	3600	12.6	22.6	100.0	100.0	992.6
2022-10-13T18:35:27	914	3600	12.5	21.2	100.0	100.0	992.4
2022-10-13T19:37:27	915	3600	12.5	18.4	100.0	100.0	993.0
2022-10-13T20:38:27	996	3600	12.4	16.0	100.0	100.0	993.0
2022-10-13T21:40:27	959	3600	12.5	16.1	100.0	100.0	993.4
2022-10-13T22:42:27	945	3600	12.3	16.4	100.0	100.0	993.5
2022-10-13T23:44:27	962	3600	12.3	16.0	100.0	100.0	993.6
2022-10-14T00:45:27	961	3600	12.4	15.6	100.0	100.0	993.7
2022-10-14T01:47:27	999	3600	12.3	15.8	100.0	100.0	993.3
2022-10-14T02:49:27	920	3600	12.3	15.6	100.0	100.0	993.5
2022-10-14T03:50:27	983	3600	12.3	15.5	100.0	100.0	993.1
2022-10-14T04:52:27	975	3600	12.3	15.4	100.0	100.0	992.9
2022-10-14T05:54:27	1000	3600	12.2	15.3	100.0	100.0	992.7
2022-10-14T06:56:27	881	3600	12.2	15.0	100.0	100.0	992.5
2022-10-14T07:57:27	939	3600	12.1	14.2	100.0	100.0	992.6
2022-10-14T08:59:27	923	3600	13.1	16.9	100.0	100.0	992.9
2022-10-14T10:01:27	972	3600	14.2	21.1	100.0	100.0	992.8
2022-10-14T11:03:27	925	3600	14.0	23.2	100.0	100.0	992.6
2022-10-14T12:04:27	956	3600	13.5	24.8	100.0	100.0	992.0
2022-10-14T13:06:27	959	3600	13.4	25.4	100.0	100.0	991.2
2022-10-14T14:08:27	945	3600	13.4	25.5	100.0	100.0	990.3
2022-10-14T15:10:27	1007	3600	13.5	24.6	100.0	100.0	990.0
2022-10-14T16:11:27	963	3600	13.5	23.9	100.0	100.0	989.5
2022-10-14T17:13:27	986	3600	12.7	23.0	100.0	100.0	989.4
2022-10-14T18:15:27	992	3600	12.5	21.5	100.0	100.0	989.6
2022-10-14T19:17:27	976	3600	12.5	20.4	100.0	100.0	990.2
2022-10-14T20:18:27	977	3600	12.5	20.0	100.0	100.0	990.7
2022-10-14T21:20:27	953	3600	12.4	18.5	100.0	100.0	990.4
2022-10-14T22:22:27	980	3600	12.4	17.8	100.0	100.0	990.8
2022-10-14T23:24:27	937	3600	12.4	17.8	100.0	100.0	991.0
2022-10-15T00:25:27	935	3600	12.4	17.7	100.0	100.0	991.0
2022-10-15T01:27:27	937	3600	12.3	17.6	100.0	100.0	991.0
2022-10-15T02:29:27	927	3600	12.3	17.4	100.0	100.0	990.8
2022-10-15T03:31:27	958	3600	12.3	17.2	100.0	100.0	990.5
2022-10-15T04:33:27	945	3600	12.2	17.0	100.0	100.0	990.3
2022-10-15T05:35:27	955	3600	12.2	16.9	100.0	100.0	989.9
2022-10-15T06:36:27	1002	3600	12.1	16.7	100.0	100.0	989.9
2022-10-15T07:38:27	908	3600	12.2	16.6	100.0	100.0	990.0
2022-10-15T08:40:27	925	3600	12.2	16.8	100.0	100.0	990.4
2022-10-15T09:42:27	934	3600	12.1	17.0	100.0	100.0	991.2
2022-10-15T10:43:27	930	3600	12.2	17.6	100.0	100.0	991.3
2022-10-15T11:45:27	923	3600	12.7	19.1	100.0	100.0	991.3
2022-10-15T12:47:27	950	3600	12.9	20.8	100.0	100.0	991.2
2022-10-15T13:48:27	958	3600	13.4	22.4	100.0	100.0	990.7
2022-10-15T14:50:27	905	3600	13.4	23.8	100.0	100.0	990.3
2022-10-15T15:52:27	967	3600	13.2	24.4	100.0	100.0	990.0
2022-10-15T16:54:27	963	3600	12.8	22.7	100.0	100.0	990.1
2022-10-15T17:56:27	980	3600	12.6	20.3	100.0	100.0	990.4
2022-10-15T18:58:27	969	3600	12.5	18.1	100.0	100.0	991.3
2022-10-15T20:00:27	944	3600	12.4	17.6	100.0	100.0	992.3
2022-10-15T21:01:27	948	3600	12.4	17.6	100.0	100.0	992.8
2022-10-15T22:03:27	872	3600	12.3	17.5	100.0	100.0	993.3
2022-10-15T23:05:27	939	3600	12.3	17.6	100.0	100.0	993.7
2022-10-16T00:06:27	920	3600	12.3	17.3	100.0	100.0	994.3
2022-10-16T01:08:27	895	3600	12.3	17.1	100.0	100.0	994.7
2022-10-16T02:10:27	938	3600	12.3	17.2	100.0	100.0	995.0
2022-10-16T03:12:27	904	3600	12.2	17.1	100.0	100.0	995.5
2022-10-16T04:13:27	968	3600	12.2	16.8	100.0	100.0	995.4
2022-10-16T05:15:27	917	3600	12.2	16.3	100.0	100.0	995.5
2022-10-16T06:17:27	954	3600	12.1	16.2	100.0	100.0	995.9
2022-10-16T07:19:27	905	3600	12.1	16.3	100.0	100.0	996.2
2022-10-16T08:20:27	906	3600	12.1	16.4	100.0	100.0	996.9
2022-10-16T09:22:27	872	3600	12.2	17.7	100.0	100.0	997.6
2022-10-16T10:24:27	901	3600	13.1	20.3	100.0	100.0	998.0
2022-10-16T11:26:27	904	3600	14.1	23.6	100.0	100.0	997.8
2022-10-16T12:27:27	926	3600	14.0	26.1	100.0	100.0	997.6
2022-10-16T13:29:27	989	3600	13.3	27.8	100.0	100.0	996.8
2022-10-16T14:31:27	908	3600	13.3	28.2	100.0	100.0	996.3
2022-10-16T15:33:27	896	3600	13.4	28.0	100.0	100.0	996.4
2022-10-16T16:35:27	907	3600	12.7	25.8	100.0	100.0	996.7
2022-10-16T17:37:27	925	3600	12.6	23.4	100.0	100.0	997.1
2022-10-16T18:38:27	865	3600	12.5	22.2	100.0	100.0	997.8
2022-10-16T19:40:27	840	3600	12.5	19.5	100.0	100.0	999.0
2022-10-16T20:42:27	887	3600	12.4	17.2	100.0	100.0	999.7
2022-10-16T21:44:27	899	3600	12.4	17.2	100.0	100.0	1000.5
2022-10-16T22:45:27	935	3600	12.3	16.6	100.0	100.0	1001.2
2022-10-16T23:47:27	887	3600	12.4	16.2	100.0	100.0	1001.9
2022-10-17T00:49:27	902	3600	12.3	15.5	100.0	100.0	1002.4
2022-10-17T01:51:27	830	3600	12.3	15.2	100.0	100.0	1002.5
2022-10-17T02:52:27	869	3600	12.3	15.2	100.0	100.0	1002.9
2022-10-17T03:54:27	892	3600	12.3	14.5	100.0	100.0	1002.9
2022-10-17T04:56:27	876	3600	12.2	14.0	100.0	100.0	1003.0
2022-10-17T05:58:27	834	3600	12.2	13.6	100.0	100.0	1003.3
2022-10-17T06:59:27	874	3600	12.2	13.2	100.0	100.0	1003.7
2022-10-17T08:02:27	920	3600	12.2	12.8	100.0	100.0	1004.2
2022-10-17T09:03:27	900	3600	13.0	14.8	100.0	100.0	1005.0
2022-10-17T10:05:27	870	3600	14.1	18.2	100.0	100.0	1005.1
2022-10-17T11:07:27	883	3600	14.1	22.1	100.0	100.0	1004.7
2022-10-17T12:09:27	853	3600	14.0	24.9	100.0	100.0	1004.3
2022-10-17T13:10:27	865	3600	13.4	26.6	100.0	100.0	1003.5
2022-10-17T14:12:27	879	3600	13.4	27.5	100.0	100.0	1002.8
2022-10-17T15:14:27	915	3600	13.4	28.0	100.0	100.0	1002.2
2022-10-17T16:15:27	924	3600	12.8	26.8	100.0	100.0	1002.0
2022-10-17T17:17:27	924	3600	12.6	23.9	100.0	100.0	1002.0
2022-10-17T18:19:27	935	3600	12.5	20.9	100.0	100.0	1002.5
2022-10-17T19:21:27	907	3600	12.4	17.4	100.0	100.0	1003.3
2022-10-17T20:22:27	870	3600	12.4	17.0	100.0	100.0	1003.6
2022-10-17T21:24:27	872	3600	12.4	17.1	100.0	100.0	1003.8
2022-10-17T22:26:27	917	3600	12.3	16.6	100.0	100.0	1004.1
2022-10-17T23:28:27	875	3600	12.4	16.3	100.0	100.0	1004.6
2022-10-18T00:29:27	876	3600	12.4	15.8	100.0	100.0	1004.7
2022-10-18T01:31:27	867	3600	12.3	14.9	100.0	100.0	1004.6
2022-10-18T02:33:27	840	3600	12.3	14.7	100.0	100.0	1004.3
2022-10-18T03:35:27	875	3600	12.3	14.0	100.0	100.0	1004.1
2022-10-18T04:36:27	880	3600	12.3	13.7	100.0	100.0	1003.9
2022-10-18T05:38:27	888	3600	12.2	13.4	100.0	100.0	1004.1
2022-10-18T06:40:27	894	3600	12.2	12.9	100.0	100.0	1003.8
2022-10-18T07:41:27	872	3600	12.1	12.9	100.0	100.0	1003.7
2022-10-18T08:43:27	906	3600	13.0	13.7	100.0	100.0	1004.2
2022-10-18T09:45:27	895	3600	13.6	17.0	100.0	100.0	1004.1
2022-10-18T10:47:27	817	3600	14.3	20.7	100.0	100.0	1003.5
2022-10-18T11:48:27	867	3600	14.1	23.7	100.0	100.0	1002.4
2022-10-18T12:50:27	892	3600	13.4	26.3	100.0	100.0	1001.6
2022-10-18T13:52:27	883	3600	13.4	27.5	100.0	100.0	1000.0
2022-10-18T14:54:27	867	3600	13.4	27.7	100.0	100.0	998.7
2022-10-18T15:55:27	879	3600	13.5	27.6	100.0	100.0	998.2
2022-10-18T16:57:27	894	3600	12.9	25.6	100.0	100.0	998.1
2022-10-18T17:59:27	909	3600	12.6	21.3	100.0	100.0	997.9
2022-10-18T19:01:27	912	3600	12.5	18.1	100.0	100.0	998.7
2022-10-18T20:02:27	941	3600	12.5	17.5	100.0	100.0	999.3
2022-10-18T21:04:27	936	3600	12.4	17.0	100.0	100.0	999.6
2022-10-18T22:06:27	941	3600	12.4	16.4	100.0	100.0	999.7
2022-10-18T23:08:27	857	3600	12.4	15.8	100.0	100.0	1000.1
2022-10-19T00:09:27	904	3600	12.3	15.0	100.0	100.0	999.7
2022-10-19T01:11:27	894	3600	12.3	14.6	100.0	100.0	999.7
2022-10-19T02:13:27	895	3600	12.3	14.2	100.0	100.0	999.6
2022-10-19T03:14:27	946	3600	12.3	14.4	100.0	100.0	999.5
2022-10-19T04:16:27	958	3600	12.2	13.7	100.0	100.0	999.2
2022-10-19T05:18:27	917	3600	12.3	13.1	100.0	100.0	999.1
2022-10-19T06:20:27	921	3600	12.2	13.1	100.0	100.0	999.1
2022-10-19T07:21:27	862	3600	12.1	12.6	100.0	100.0	999.0
2022-10-19T08:23:27	936	3600	12.2	12.7	100.0	100.0	999.2
2022-10-19T09:25:27	939	3600	13.5	15.9	100.0	100.0	999.4
2022-10-19T10:27:27	966	3600	14.3	19.4	100.0	100.0	999.0
2022-10-19T11:28:27	930	3600	14.1	23.4	100.0	100.0	998.5
2022-10-19T12:30:27	894	3600	13.4	26.3	100.0	100.0	997.6
2022-10-19T13:32:27	939	3600	13.4	27.9	100.0	100.0	996.4
2022-10-19T14:34:27	920	3600	13.4	28.7	100.0	100.0	995.2
2022-10-19T15:36:27	900	3600	13.3	28.6	100.0	100.0	994.5
2022-10-19T16:38:27	906	3600	12.6	24.6	100.0	100.0	994.2
2022-10-19T17:40:27	916	3600	12.6	21.0	100.0	100.0	994.1
2022-10-19T18:41:27	968	3600	12.5	18.5	100.0	100.0	994.5
2022-10-19T19:43:27	985	3600	12.4	16.7	100.0	100.0	995.2
2022-10-19T20:45:27	921	3600	12.4	17.3	100.0	100.0	995.6
2022-10-19T21:47:27	960	3600	12.4	17.3	100.0	100.0	996.1
2022-10-19T22:48:27	968	3600	12.4	16.6	100.0	100.0	996.6
2022-10-19T23:50:27	933	3600	12.3	16.2	100.0	100.0	996.9
2022-10-20T00:52:27	948	3600	12.3	15.6	100.0	100.0	997.0
2022-10-20T01:54:27	923	3600	12.3	15.2	100.0	100.0	997.3
2022-10-20T02:55:27	952	3600	12.3	14.4	100.0	100.0	997.6
2022-10-20T03:57:27	923	3600	12.2	14.2	100.0	100.0	997.4
2022-10-20T04:59:27	907	3600	12.2	13.2	100.0	100.0	997.5
2022-10-20T06:01:27	903	3600	12.2	12.7	100.0	100.0	997.8
2022-10-20T07:03:27	955	3600	12.2	12.4	100.0	100.0	997.8
2022-10-20T08:05:27	908	3600	12.1	12.1	100.0	100.0	998.2
2022-10-20T09:06:27	972	3600	12.9	14.3	100.0	100.0	998.5
2022-10-20T10:08:27	921	3600	13.6	18.6	100.0	100.0	998.3
2022-10-20T11:10:27	993	3600	14.2	21.6	100.0	100.0	998.0
2022-10-20T12:11:27	1017	3600	13.5	23.2	100.0	100.0	997.5
2022-10-20T13:13:27	940	3600	13.4	25.3	100.0	100.0	996.8
2022-10-20T14:15:27	923	3600	13.6	25.4	100.0	100.0	995.8
2022-10-20T15:17:27	945	3600	13.5	24.4	100.0	100.0	995.2
2022-10-20T16:19:27	955	3600	12.9	23.1	100.0	100.0	995.4
2022-10-20T17:21:27	996	3600	12.5	21.9	100.0	100.0	995.3
2022-10-20T18:22:27	962	3600	12.5	19.6	100.0	100.0	995.2
2022-10-20T19:24:27	954	3600	12.5	18.5	100.0	100.0	995.4
2022-10-20T20:26:27	930	3600	12.5	17.9	100.0	100.0	995.5
2022-10-20T21:28:27	967	3600	12.4	17.5	100.0	100.0	995.3
2022-10-20T22:29:27	956	3600	12.4	17.0	100.0	100.0	995.4
2022-10-20T23:31:27	936	3600	12.4	16.4	100.0	100.0	995.7
2022-10-21T00:33:27	931	3600	12.3	16.1	100.0	100.0	995.6
2022-10-21T01:35:27	938	3600	12.4	16.2	100.0	100.0	995.6
2022-10-21T02:36:27	946	3600	12.3	15.8	100.0	100.0	995.4
2022-10-21T03:38:27	912	3600	12.2	15.7	100.0	100.0	995.3
2022-10-21T04:40:27	966	3600	12.2	15.0	100.0	100.0	995.1
2022-10-21T05:42:27	966	3600	12.2	14.5	100.0	100.0	994.9
2022-10-21T06:43:27	993	3600	12.2	14.4	100.0	100.0	994.7
2022-10-21T07:45:27	950	3600	12.2	14.0	100.0	100.0	994.5
2022-10-21T08:47:27	967	3600	12.2	14.8	100.0	100.0	994.9
2022-10-21T09:48:27	1029	3600	12.9	16.2	100.0	100.0	994.6
2022-10-21T10:50:27	930	3600	12.7	17.9	100.0	100.0	994.4
2022-10-21T11:52:27	1024	3600	12.6	18.2	100.0	100.0	994.4
2022-10-21T12:54:27	1007	3600	12.9	19.3	100.0	100.0	994.1
2022-10-21T13:55:27	960	3600	13.0	21.1	100.0	100.0	993.7
2022-10-21T14:57:27	981	3600	12.6	20.5	100.0	100.0	993.2
2022-10-21T15:59:27	951	3600	12.8	21.0	100.0	100.0	992.8
2022-10-21T17:01:27	958	3600	12.5	20.1	100.0	100.0	992.8
2022-10-21T18:02:27	909	3600	12.4	19.1	100.0	100.0	992.9
2022-10-21T19:04:27	1034	3600	12.3	18.8	100.0	100.0	992.7
2022-10-21T20:06:27	893	3600	12.3	18.6	100.0	100.0	993.1
2022-10-21T21:08:27	937	3600	12.2	17.3	100.0	100.0	993.0
2022-10-21T22:09:27	966	3600	12.2	16.8	100.0	100.0	992.9
2022-10-21T23:11:27	964	3600	12.1	16.7	100.0	100.0	993.2
2022-10-22T00:13:27	946	3600	12.1	16.8	100.0	100.0	992.8
2022-10-22T01:14:27	893	3600	12.1	17.0	100.0	100.0	992.5
2022-10-22T02:16:27	950	3600	12.0	16.9	100.0	100.0	992.2
2022-10-22T03:18:27	934	3600	12.1	17.0	100.0	100.0	991.2
2022-10-22T04:20:27	980	3600	12.1	16.9	100.0	100.0	990.4
2022-10-22T05:21:27	931	3600	12.0	16.9	100.0	100.0	990.1
2022-10-22T06:23:27	863	3600	12.0	16.9	100.0	100.0	989.8
2022-10-22T13:32:35	797	3600	12.9	17.4	100.0	100.0	994.1
2022-10-22T14:35:27	746	3600	13.7	18.7	100.0	100.0	993.5
2022-10-22T15:36:27	771	3600	12.9	21.3	100.0	100.0	993.5
2022-10-22T16:38:27	761	3600	12.5	18.4	100.0	100.0	993.5
2022-10-22T17:40:27	825	3600	12.4	16.2	100.0	100.0	994.0
2022-10-22T18:41:27	810	3600	12.2	15.1	100.0	100.0	994.7
2022-10-22T19:43:27	827	3600	12.3	15.0	100.0	100.0	995.8
2022-10-22T20:45:27	821	3600	12.2	14.5	100.0	100.0	996.4
2022-10-22T21:47:27	809	3600	12.1	14.2	100.0	100.0	997.0
2022-10-23T11:03:35	786	3600	12.3	16.8	100.0	100.0	998.7
2022-10-23T12:05:27	848	3600	12.5	18.1	100.0	100.0	998.6
2022-10-23T13:07:27	821	3600	12.7	19.1	100.0	100.0	997.9
2022-10-23T14:08:27	857	3600	12.8	19.4	100.0	100.0	997.0
2022-10-23T15:11:27	797	3600	12.8	19.9	100.0	100.0	996.4
2022-10-23T16:12:27	848	3600	12.4	19.7	100.0	100.0	996.2
2022-10-23T17:14:27	878	3600	12.3	19.0	100.0	100.0	996.4
2022-10-23T18:16:27	815	3600	12.2	18.2	100.0	100.0	996.4
2022-10-23T19:18:27	814	3600	12.1	16.4	100.0	100.0	996.7
2022-10-24T09:32:35	858	3600	12.7	17.7	100.0	100.0	994.4
2022-10-24T10:34:27	823	3600	12.4	18.1	100.0	100.0	994.4
2022-10-24T11:36:27	829	3600	12.8	18.7	100.0	100.0	993.6
2022-10-24T12:38:27	884	3600	12.6	19.9	100.0	100.0	993.1
2022-10-24T13:40:27	769	3600	12.6	21.8	100.0	100.0	992.1
2022-10-24T14:41:27	809	3600	13.8	23.1	100.0	100.0	991.2
2022-10-24T15:43:27	837	3600	12.5	23.7	100.0	100.0	990.2
2022-10-24T16:45:27	821	3600	12.4	23.4	100.0	100.0	990.2
2022-10-24T17:46:27	877	3600	12.3	20.5	100.0	100.0	990.8
2022-10-24T18:48:27	842	3600	12.2	19.2	100.0	100.0	991.6
2022-10-24T19:50:27	851	3600	12.2	18.6	100.0	100.0	992.4
2022-10-24T20:52:27	797	3600	12.1	18.4	100.0	100.0	992.4
2022-10-25T09:37:35	747	3600	14.2	19.0	100.0	100.0	996.0
2022-10-25T10:39:27	773	3600	14.3	22.0	100.0	100.0	996.1
2022-10-25T11:41:27	806	3600	13.5	24.5	100.0	100.0	996.0
2022-10-25T12:42:27	790	3600	13.4	25.0	100.0	100.0	995.6
2022-10-25T13:44:27	786	3600	13.5	25.9	100.0	100.0	994.9
2022-10-25T14:46:27	761	3600	13.4	25.9	100.0	100.0	994.3
2022-10-25T15:47:27	796	3600	13.4	25.3	100.0	100.0	994.0
2022-10-25T16:49:27	790	3600	12.6	20.4	100.0	100.0	993.9
2022-10-25T17:51:27	786	3600	12.5	18.5	100.0	100.0	994.0
2022-10-25T18:53:27	796	3600	12.5	17.8	100.0	100.0	994.6
2022-10-25T19:54:27	803	3600	12.5	18.2	100.0	100.0	995.1
2022-10-25T20:56:27	810	3600	12.4	18.2	100.0	100.0	995.4
2022-10-25T21:58:27	802	3600	12.4	17.8	100.0	100.0	995.8
2022-10-25T22:59:27	766	3600	12.4	17.8	100.0	100.0	996.0
2022-10-26T00:01:27	813	3600	12.3	17.5	100.0	100.0	996.0
2022-10-26T01:03:27	800	3600	12.3	17.5	100.0	100.0	996.5
2022-10-26T02:05:27	801	3600	12.2	17.3	100.0	100.0	996.5
2022-10-26T03:06:27	786	3600	12.3	16.9	100.0	100.0	996.7
2022-10-26T04:08:27	800	3600	12.2	16.6	100.0	100.0	996.4
2022-10-26T05:10:27	786	3600	12.2	17.0	100.0	100.0	996.3
2022-10-26T06:12:27	763	3600	12.3	16.4	100.0	100.0	996.4
2022-10-26T07:13:27	808	3600	12.2	16.4	100.0	100.0	996.7
2022-10-26T08:15:27	759	3600	12.2	15.6	100.0	100.0	996.7
2022-10-26T09:17:27	767	3600	12.9	17.9	100.0	100.0	997.5
2022-10-26T10:19:27	813	3600	14.2	21.7	100.0	100.0	997.6
2022-10-26T11:20:27	743	3600	14.1	24.4	100.0	100.0	997.6
2022-10-26T12:22:27	800	3600	14.0	26.6	100.0	100.0	997.2
2022-10-26T13:24:27	783	3600	13.3	27.9	100.0	100.0	996.6
2022-10-26T14:26:27	816	3600	13.3	28.8	100.0	100.0	996.5
2022-10-26T15:27:27	755	3600	13.3	27.8	100.0	100.0	996.2
2022-10-26T16:29:27	840	3600	12.6	24.3	100.0	100.0	996.3
2022-10-26T17:31:27	797	3600	12.6	20.9	100.0	100.0	996.6
2022-10-26T18:32:27	787	3600	12.5	18.2	100.0	100.0	997.3
2022-10-26T19:34:27	797	3600	12.5	16.8	100.0	100.0	998.4
2022-10-26T20:36:27	773	3600	12.4	17.1	100.0	100.0	999.1
2022-10-26T21:38:27	800	3600	12.4	16.6	100.0	100.0	1000.0
2022-10-26T22:39:27	818	3600	12.3	16.2	100.0	100.0	1000.6
2022-10-26T23:41:27	775	3600	12.3	15.9	100.0	100.0	1001.1
2022-10-27T00:43:27	790	3600	12.4	15.4	100.0	100.0	1001.4
2022-10-27T01:45:27	796	3600	12.3	14.7	100.0	100.0	1001.8
2022-10-27T02:46:27	847	3600	12.3	14.4	100.0	100.0	1002.0
2022-10-27T03:48:27	792	3600	12.3	13.9	100.0	100.0	1002.2
2022-10-27T04:50:27	765	3600	12.2	13.5	100.0	100.0	1002.4
2022-10-27T05:51:27	782	3600	12.2	13.1	100.0	100.0	1002.7
2022-10-27T06:54:27	776	3600	12.1	12.8	100.0	100.0	1003.3
2022-10-27T07:56:27	806	3600	12.1	12.4	100.0	100.0	1003.6
2022-10-27T08:57:27	783	3600	13.0	13.6	100.0	100.0	1004.4
2022-10-27T09:59:27	824	3600	13.3	16.7	100.0	100.0	1004.7
2022-10-27T11:01:27	809	3600	14.4	18.6	100.0	100.0	1004.5
2022-10-27T12:03:27	821	3600	14.1	22.7	100.0	100.0	1004.1
2022-10-27T13:04:27	767	3600	13.5	25.7	100.0	100.0	1003.3
2022-10-27T14:07:27	756	3600	13.3	27.1	100.0	100.0	1002.4
2022-10-27T15:08:27	826	3600	13.3	27.2	100.0	100.0	1001.5
2022-10-27T16:10:27	772	3600	12.6	23.3	100.0	100.0	1001.2
2022-10-27T17:12:27	763	3600	12.6	18.9	100.0	100.0	1001.5
2022-10-27T18:13:27	796	3600	12.5	16.8	100.0	100.0	1001.9
2022-10-27T19:15:27	750	3600	12.5	16.2	100.0	100.0	1002.7
2022-10-27T20:17:27	718	3600	12.5	16.0	100.0	100.0	1003.5
2022-10-27T21:19:27	758	3600	12.4	15.7	100.0	100.0	1003.6
2022-10-27T22:20:27	748	3600	12.4	15.0	100.0	100.0	1004.3
2022-10-27T23:22:27	748	3600	12.4	14.7	100.0	100.0	1004.4
2022-10-28T00:24:27	837	3600	12.3	14.2	100.0	100.0	1004.7
2022-10-28T01:26:27	793	3600	12.3	13.7	100.0	100.0	1004.5
2022-10-28T02:28:27	755	3600	12.3	13.1	100.0	100.0	1005.2
2022-10-28T03:29:27	751	3600	12.2	13.0	100.0	100.0	1004.9
2022-10-28T04:31:27	772	3600	12.2	12.6	100.0	100.0	1004.7
2022-10-28T05:33:27	813	3600	12.1	12.4	100.0	100.0	1004.8
2022-10-28T06:35:27	770	3600	12.2	12.1	100.0	100.0	1005.0
2022-10-28T07:36:27	777	3600	12.1	12.0	100.0	100.0	1005.0
2022-10-28T08:38:27	813	3600	12.2	11.9	100.0	100.0	1005.3
2022-10-28T09:40:27	778	3600	13.4	15.0	100.0	100.0	1005.5
2022-10-28T10:41:27	771	3600	14.4	17.8	100.0	100.0	1005.1
2022-10-28T11:43:27	774	3600	14.2	20.8	100.0	100.0	1004.7
2022-10-28T12:45:27	815	3600	13.5	24.6	100.0	100.0	1003.9
2022-10-28T13:47:27	792	3600	13.3	26.5	100.0	100.0	1002.9
2022-10-28T14:49:27	826	3600	13.4	26.1	100.0	100.0	1002.1
2022-10-28T15:51:27	783	3600	13.4	25.0	100.0	100.0	1001.6
2022-10-28T16:52:27	799	3600	12.6	20.3	100.0	100.0	1001.7
2022-10-28T17:54:27	761	3600	12.5	17.6	100.0	100.0	1002.0
2022-10-28T18:56:27	802	3600	12.5	16.1	100.0	100.0	1002.4
2022-10-28T19:57:27	804	3600	12.4	16.1	100.0	100.0	1002.7
2022-10-28T21:00:27	781	3600	12.5	15.4	100.0	100.0	1003.1
2022-10-28T22:01:27	841	3600	12.4	14.8	100.0	100.0	1003.3
2022-10-28T23:04:27	802	3600	12.3	15.0	100.0	100.0	1003.7
2022-10-29T00:05:27	768	3600	12.4	14.2	100.0	100.0	1003.8
2022-10-29T01:07:27	811	3600	12.3	13.8	100.0	100.0	1003.8
2022-10-29T02:09:27	773	3600	12.3	13.8	100.0	100.0	1003.8
2022-10-29T03:10:27	879	3600	12.2	13.2	100.0	100.0	1003.7
2022-10-29T04:12:27	811	3600	12.3	12.9	100.0	100.0	1003.2
2022-10-29T05:14:27	832	3600	12.2	12.4	100.0	100.0	1003.0
2022-10-29T06:16:27	795	3600	12.1	12.4	100.0	100.0	1003.2
2022-10-29T07:17:27	822	3600	12.1	12.2	100.0	100.0	1003.2
2022-10-29T08:19:27	770	3600	12.1	12.3	100.0	100.0	1003.3
2022-10-29T09:21:27	848	3600	13.2	14.2	100.0	100.0	1003.5
2022-10-29T10:23:27	774	3600	14.4	17.7	100.0	100.0	1003.3
2022-10-29T11:24:27	834	3600	14.2	21.1	100.0	100.0	1002.9
2022-10-29T12:26:27	786	3600	13.5	24.3	100.0	100.0	1002.0
2022-10-29T13:28:27	838	3600	13.4	26.9	100.0	100.0	1000.8
2022-10-29T14:30:27	763	3600	13.3	28.0	100.0	100.0	999.8
2022-10-29T15:32:27	827	3600	13.2	27.3	100.0	100.0	999.2
2022-10-29T16:33:27	820	3600	12.6	22.0	100.0	100.0	998.9
2022-10-29T17:35:27	872	3600	12.6	19.1	100.0	100.0	999.1
2022-10-29T18:37:27	819	3600	12.5	17.4	100.0	100.0	999.5
2022-10-29T19:39:27	828	3600	12.5	17.0	100.0	100.0	1000.0
2022-10-29T20:40:27	807	3600	12.4	16.2	100.0	100.0	1000.3
2022-10-29T21:42:27	779	3600	12.4	15.4	100.0	100.0	1000.5
2022-10-29T22:44:27	801	3600	12.4	15.0	100.0	100.0	1000.6
2022-10-29T23:45:27	803	3600	12.4	14.7	100.0	100.0	1000.7
2022-10-30T00:47:27	815	3600	12.3	14.3	100.0	100.0	1000.6
2022-10-30T01:49:27	819	3600	12.3	14.4	100.0	100.0	1000.6
2022-10-30T02:50:27	817	3600	12.3	13.7	100.0	100.0	1000.5
2022-10-30T02:52:27	793	3600	12.3	13.3	100.0	100.0	1000.1
2022-10-30T03:54:27	887	3600	12.3	13.1	100.0	100.0	1000.1
2022-10-30T04:55:27	814	3600	12.2	12.9	100.0	100.0	1000.2
2022-10-30T05:57:27	833	3600	12.1	12.6	100.0	100.0	1000.2
2022-10-30T06:59:27	843	3600	12.1	12.7	100.0	100.0	1000.1
2022-10-30T08:01:27	839	3600	13.0	13.4	100.0	100.0	1000.4
2022-10-30T09:02:27	846	3600	13.8	16.9	100.0	100.0	1000.4
2022-10-30T10:04:27	839	3600	14.2	20.7	100.0	100.0	1000.0
2022-10-30T11:06:27	812	3600	14.0	24.2	100.0	100.0	999.3
2022-10-30T12:07:27	866	3600	13.4	26.6	100.0	100.0	998.5
2022-10-30T13:09:27	841	3600	13.2	27.8	100.0	100.0	997.5
2022-10-30T14:11:27	834	3600	13.3	28.2	100.0	100.0	996.8
2022-10-30T15:13:27	872	3600	12.7	23.8	100.0	100.0	996.5
2022-10-30T16:15:27	860	3600	12.6	19.5	100.0	100.0	996.6
2022-10-30T17:16:27	849	3600	12.5	17.5	100.0	100.0	996.8
2022-10-30T18:18:27	814	3600	12.5	17.2	100.0	100.0	997.3
2022-10-30T19:20:27	822	3600	12.5	16.4	100.0	100.0	998.1
2022-10-30T20:21:27	833	3600	12.4	15.8	100.0	100.0	998.4
2022-10-30T21:23:27	866	3600	12.4	15.7	100.0	100.0	998.6
2022-10-30T22:25:27	892	3600	12.4	15.1	100.0	100.0	998.9
2022-10-30T23:27:27	819	3600	12.2	14.2	100.0	100.0	999.1
2022-10-31T00:28:27	839	3600	12.3	14.2	100.0	100.0	999.0
2022-10-31T01:30:27	852	3600	12.3	13.8	100.0	100.0	999.0
2022-10-31T02:32:27	831	3600	12.3	13.3	100.0	100.0	998.9
2022-10-31T03:33:27	856	3600	12.2	13.0	100.0	100.0	998.8
2022-10-31T04:35:27	820	3600	12.2	12.2	100.0	100.0	998.9
2022-10-31T05:37:27	933	3600	12.2	12.1	100.0	100.0	999.0
2022-10-31T06:39:27	836	3600	12.1	11.4	100.0	100.0	999.1
2022-10-31T07:41:27	774	3600	12.2	11.5	100.0	100.0	999.3
2022-10-31T08:42:27	800	3600	13.4	15.2	100.0	100.0	999.7
2022-10-31T09:44:27	825	3600	14.3	18.7	100.0	100.0	999.5
2022-10-31T10:46:27	825	3600	14.1	22.9	100.0	100.0	999.0
2022-10-31T11:48:27	849	3600	13.4	25.3	100.0	100.0	998.1
2022-10-31T12:49:27	852	3600	13.4	26.1	100.0	100.0	997.1
2022-10-31T13:51:27	789	3600	13.3	26.8	100.0	100.0	996.1
2022-10-31T14:53:27	798	3600	13.1	26.1	100.0	100.0	995.6
2022-10-31T15:54:27	832	3600	12.6	21.2	100.0	100.0	995.4
2022-10-31T16:56:27	819	3600	12.5	18.4	100.0	100.0	995.3
2022-10-31T17:58:27	912	3600	12.5	15.5	100.0	100.0	996.0
2022-10-31T18:59:27	845	3600	12.5	15.3	100.0	100.0	996.4
2022-10-31T20:01:27	811	3600	12.4	14.9	100.0	100.0	996.6
2022-10-31T21:03:27	855	3600	12.4	14.4	100.0	100.0	997.0
2022-10-31T22:05:27	835	3600	12.4	14.0	100.0	100.0	997.6
2022-10-31T23:06:27	861	3600	12.4	13.1	100.0	100.0	997.6
2022-11-01T00:08:27	860	3600	12.3	12.7	100.0	100.0	997.7
2022-11-01T01:10:27	866	3600	12.3	12.4	100.0	100.0	997.7
2022-11-01T02:11:27	846	3600	12.3	11.8	100.0	100.0	997.6
2022-11-01T03:13:27	799	3600	12.2	11.7	100.0	100.0	997.6
2022-11-01T04:15:27	807	3600	12.2	11.6	100.0	100.0	997.6
2022-11-01T05:16:27	925	3600	12.1	10.7	100.0	100.0	997.9
2022-11-01T06:18:27	895	3600	12.1	10.2	100.0	100.0	997.8
2022-11-01T07:20:27	831	3600	12.2	10.6	100.0	100.0	998.1
2022-11-01T08:21:27	853	3600	12.7	12.9	100.0	100.0	998.4
2022-11-01T09:23:27	903	3600	12.8	13.4	100.0	100.0	998.6
2022-11-01T10:25:27	877	3600	12.9	15.6	100.0	100.0	998.3
2022-11-01T11:27:27	812	3600	12.9	16.7	100.0	100.0	998.3
2022-11-01T12:28:27	839	3600	13.1	18.7	100.0	100.0	997.8
2022-11-01T13:30:27	899	3600	13.5	19.9	100.0	100.0	997.0
2022-11-01T14:32:27	845	3600	14.2	20.9	100.0	100.0	996.5
2022-11-01T15:33:27	831	3600	12.7	19.8	100.0	100.0	996.6
2022-11-01T16:35:27	856	3600	12.5	18.0	100.0	100.0	996.9
2022-11-01T17:37:27	816	3600	12.5	16.3	100.0	100.0	997.9
2022-11-01T18:38:27	834	3600	12.4	14.7	100.0	100.0	998.2
2022-11-01T19:40:27	813	3600	12.4	13.7	100.0	100.0	998.2
2022-11-01T20:42:27	841	3600	12.3	13.4	100.0	100.0	998.5
2022-11-01T21:43:27	878	3600	12.3	12.5	100.0	100.0	998.8
2022-11-01T22:45:27	746	3600	12.3	12.2	100.0	100.0	999.1
2022-11-01T23:47:27	846	3600	12.3	12.3	100.0	100.0	999.2
2022-11-02T00:49:27	824	3600	12.3	12.1	100.0	100.0	999.1
2022-11-02T01:51:27	876	3600	12.2	11.4	100.0	100.0	999.4
2022-11-02T02:53:27	781	3600	12.2	11.3	100.0	100.0	999.1
2022-11-02T03:55:27	874	3600	12.2	10.7	100.0	100.0	998.7
2022-11-02T04:57:27	878	3600	12.1	10.2	100.0	100.0	999.3
2022-11-02T05:59:27	837	3600	12.1	9.9	100.0	100.0	999.5
2022-11-02T07:00:27	823	3600	12.1	9.9	100.0	100.0	999.8
2022-11-02T08:02:27	808	3600	13.2	10.7	100.0	100.0	1000.4
2022-11-02T09:04:27	845	3600	13.8	13.7	100.0	100.0	1000.5
2022-11-02T10:05:27	808	3600	13.7	17.0	100.0	100.0	999.9
2022-11-02T11:07:27	789	3600	13.7	18.7	100.0	100.0	999.4
2022-11-02T12:09:27	853	3600	13.5	21.4	100.0	100.0	998.5
2022-11-02T13:11:27	809	3600	13.5	22.7	100.0	100.0	997.6
2022-11-02T14:12:27	805	3600	13.6	21.4	100.0	100.0	996.9
2022-11-02T15:14:27	814	3600	13.6	20.4	100.0	100.0	996.8
2022-11-02T16:16:27	844	3600	12.6	18.3	100.0	100.0	996.9
2022-11-02T17:17:27	869	3600	12.5	15.4	100.0	100.0	996.9
2022-11-02T18:19:27	836	3600	12.5	13.4	100.0	100.0	997.7
2022-11-02T19:21:27	894	3600	12.4	13.0	100.0	100.0	998.2
2022-11-02T20:22:27	859	3600	12.4	12.7	100.0	100.0	998.1
2022-11-02T21:25:27	841	3600	12.4	13.0	100.0	100.0	998.3
2022-11-02T22:26:27	808	3600	12.4	13.3	100.0	100.0	998.3
2022-11-02T23:28:27	849	3600	12.4	13.1	100.0	100.0	998.4
2022-11-03T00:30:27	832	3600	12.3	13.0	100.0	100.0	998.4
2022-11-03T01:31:27	795	3600	12.3	12.8	100.0	100.0	998.1
2022-11-03T02:34:27	837	3600	12.3	12.5	100.0	100.0	997.7
2022-11-03T03:35:27	864	3600	12.2	11.8	100.0	100.0	997.3
2022-11-03T04:37:27	851	3600	12.3	11.5	100.0	100.0	997.1
2022-11-03T05:39:27	862	3600	12.2	12.0	100.0	100.0	997.2
2022-11-03T06:40:27	906	3600	12.1	12.2	100.0	100.0	996.8
2022-11-03T07:42:27	894	3600	12.1	12.6	100.0	100.0	996.8
2022-11-03T08:44:27	828	3600	12.3	13.3	100.0	100.0	997.0
2022-11-03T09:45:27	869	3600	12.9	14.7	100.0	100.0	996.1
2022-11-03T10:47:27	854	3600	13.0	17.0	100.0	100.0	995.3
2022-11-03T11:49:27	890	3600	13.1	18.8	100.0	100.0	994.3
2022-11-03T12:50:27	853	3600	13.3	21.1	100.0	100.0	993.5
2022-11-03T13:52:27	859	3600	13.6	21.1	100.0	100.0	992.2
2022-11-03T14:54:27	818	3600	13.2	20.0	100.0	100.0	991.0
2022-11-03T15:56:27	863	3600	12.6	19.0	100.0	100.0	990.6
2022-11-03T16:58:27	889	3600	12.5	18.6	100.0	100.0	989.9
2022-11-03T17:59:27	859	3600	12.5	18.3	100.0	100.0	989.4
2022-11-03T19:01:27	912	3600	12.4	17.8	100.0	100.0	988.6
2022-11-03T20:03:27	890	3600	12.4	17.8	100.0	100.0	988.1
2022-11-03T21:05:27	850	3600	12.5	16.8	100.0	100.0	987.6
2022-11-03T22:07:27	887	3600	12.4	16.1	100.0	100.0	987.1
2022-11-03T23:08:27	926	3600	12.3	15.5	100.0	100.0	985.9
2022-11-04T00:10:27	905	3600	12.3	14.9	100.0	100.0	985.1
2022-11-04T01:12:27	877	3600	12.3	14.4	100.0	100.0	983.8
2022-11-04T02:14:27	916	3600	12.3	14.3	100.0	100.0	982.6
2022-11-04T03:15:27	917	3600	12.2	13.9	100.0	100.0	981.3
2022-11-04T04:17:27	862	3600	12.2	13.5	100.0	100.0	980.0
2022-11-04T05:19:27	861	3600	12.1	13.2	100.0	100.0	978.6
2022-11-04T06:20:27	863	3600	12.1	13.0	100.0	100.0	978.3
2022-11-04T07:22:27	896	3600	12.1	12.9	100.0	100.0	977.9
2022-11-04T08:24:27	901	3600	12.0	12.9	100.0	100.0	978.9
2022-11-04T09:27:27	937	3600	12.0	11.5	100.0	100.0	980.2
2022-11-04T10:29:27	822	3600	12.3	11.5	100.0	100.0	980.4
2022-11-04T11:31:27	885	3600	12.9	12.1	100.0	100.0	980.0
2022-11-04T12:33:27	913	3600	12.9	14.0	100.0	100.0	979.7
2022-11-04T13:35:27	911	3600	14.1	17.8	100.0	100.0	979.7
2022-11-04T14:37:27	913	3600	14.2	18.2	100.0	100.0	979.6
2022-11-04T15:38:27	887	3600	12.6	13.2	100.0	100.0	980.0
2022-11-04T16:40:27	896	3600	12.5	10.9	100.0	100.0	980.0
2022-11-04T17:42:27	981	3600	12.4	10.6	100.0	100.0	980.3
2022-11-04T18:43:27	965	3600	12.5	10.0	100.0	100.0	981.5
2022-11-04T19:45:27	928	3600	12.4	10.2	100.0	100.0	982.2
2022-11-04T20:47:27	902	3600	12.4	9.9	100.0	100.0	983.1
2022-11-04T21:49:27	894	3600	12.3	9.4	100.0	100.0	983.8
2022-11-04T22:51:27	947	3600	12.3	9.1	100.0	100.0	984.4
2022-11-04T23:52:27	867	3600	12.2	8.8	100.0	100.0	984.7
2022-11-05T00:54:27	945	3600	12.3	8.1	100.0	100.0	984.7
2022-11-05T01:56:27	890	3600	12.2	7.9	100.0	100.0	985.3
2022-11-05T02:58:27	930	3600	12.1	7.5	100.0	100.0	985.3
2022-11-05T04:00:27	976	3600	12.1	7.1	100.0	100.0	985.7
2022-11-05T05:02:27	868	3600	12.1	6.9	100.0	100.0	986.5
2022-11-05T06:04:27	880	3600	12.0	6.7	100.0	100.0	986.7
2022-11-05T08:46:35	868	3600	14.0	10.1	100.0	100.0	988.6
2022-11-05T09:48:27	893	3600	13.9	13.2	100.0	100.0	989.0
2022-11-05T10:50:27	917	3600	13.7	16.4	100.0	100.0	988.6
2022-11-05T11:52:27	911	3600	13.6	19.1	100.0	100.0	988.2
2022-11-05T12:53:27	957	3600	13.5	21.9	100.0	100.0	987.8
2022-11-05T13:55:27	856	3600	13.4	22.5	100.0	100.0	987.3
2022-11-05T14:57:27	871	3600	12.7	20.5	100.0	100.0	987.2
2022-11-05T15:58:27	925	3600	12.5	15.3	100.0	100.0	987.8
2022-11-05T17:00:27	907	3600	12.5	12.4	100.0	100.0	988.4
2022-11-05T18:02:27	916	3600	12.5	12.3	100.0	100.0	989.3
2022-11-05T19:03:27	904	3600	12.4	12.6	100.0	100.0	990.3
2022-11-05T20:05:27	937	3600	12.3	11.9	100.0	100.0	991.1
2022-11-05T21:07:27	896	3600	12.3	11.2	100.0	100.0	991.8
2022-11-05T22:09:27	899	3600	12.3	10.7	100.0	100.0	992.3
2022-11-05T23:10:27	901	3600	12.3	10.1	100.0	100.0	993.0
2022-11-06T00:13:27	910	3600	12.3	9.2	100.0	100.0	993.3
2022-11-06T01:15:27	901	3600	12.3	8.3	100.0	100.0	993.1
2022-11-06T02:17:27	915	3600	12.2	8.1	100.0	100.0	993.8
2022-11-06T03:18:27	861	3600	12.2	7.4	100.0	100.0	993.4
2022-11-06T04:20:27	817	3600	12.2	7.3	100.0	100.0	993.7
2022-11-06T05:22:27	866	3600	12.1	6.5	100.0	100.0	994.1
2022-11-06T06:23:27	851	3600	12.1	6.3	100.0	100.0	994.2
2022-11-06T07:25:27	861	3600	12.0	5.6	100.0	100.0	994.8
2022-11-06T08:27:27	872	3600	13.6	8.2	100.0	100.0	995.4
2022-11-06T09:28:27	881	3600	14.6	11.3	100.0	100.0	995.3
2022-11-06T10:30:27	852	3600	14.4	15.0	100.0	100.0	995.0
2022-11-06T11:32:27	887	3600	13.6	18.6	100.0	100.0	994.0
2022-11-06T12:33:27	918	3600	13.5	20.6	100.0	100.0	992.8
2022-11-06T13:35:27	889	3600	13.5	21.2	100.0	100.0	991.8
2022-11-06T14:37:27	898	3600	13.5	20.3	100.0	100.0	991.2
2022-11-06T15:38:27	906	3600	12.8	16.9	100.0	100.0	991.1
2022-11-06T16:40:27	857	3600	12.5	12.8	100.0	100.0	991.5
2022-11-06T17:42:27	910	3600	12.5	10.4	100.0	100.0	991.8
2022-11-06T18:43:27	900	3600	12.5	10.5	100.0	100.0	992.6
2022-11-06T19:45:27	909	3600	12.4	10.4	100.0	100.0	992.6
2022-11-06T20:47:27	852	3600	12.4	9.8	100.0	100.0	992.9
2022-11-06T21:49:27	853	3600	12.4	9.5	100.0	100.0	993.5
2022-11-06T22:51:27	915	3600	12.3	9.3	100.0	100.0	993.5
2022-11-06T23:53:27	898	3600	12.3	9.3	100.0	100.0	993.8
2022-11-07T00:54:27	856	3600	12.3	9.1	100.0	100.0	994.1
2022-11-07T01:56:27	861	3600	12.2	8.8	100.0	100.0	994.2
2022-11-07T02:58:27	853	3600	12.3	8.0	100.0	100.0	994.3
2022-11-07T04:00:27	864	3600	12.1	7.5	100.0	100.0	994.3
2022-11-07T05:01:27	891	3600	12.2	7.1	100.0	100.0	994.6
2022-11-07T06:03:27	831	3600	12.2	6.4	100.0	100.0	995.1
2022-11-07T07:05:27	842	3600	12.1	6.2	100.0	100.0	995.4
2022-11-07T08:07:27	841	3600	13.1	7.6	100.0	100.0	996.3
2022-11-07T09:09:27	855	3600	14.5	11.1	100.0	100.0	996.8
2022-11-07T10:11:27	905	3600	14.5	15.1	100.0	100.0	996.6
2022-11-07T11:13:27	842	3600	13.6	18.5	100.0	100.0	996.5
2022-11-07T12:15:27	882	3600	13.5	20.7	100.0	100.0	995.9
2022-11-07T13:17:27	828	3600	13.5	21.7	100.0	100.0	995.0
2022-11-07T14:18:27	928	3600	13.5	21.1	100.0	100.0	994.3
2022-11-07T15:20:27	846	3600	12.8	17.4	100.0	100.0	994.6
2022-11-07T16:22:27	822	3600	12.5	13.5	100.0	100.0	994.8
2022-11-07T17:23:27	845	3600	12.5	11.2	100.0	100.0	995.3
2022-11-07T18:25:27	895	3600	12.5	10.5	100.0	100.0	996.0
2022-11-07T19:27:27	828	3600	12.4	9.8	100.0	100.0	996.7
2022-11-07T20:28:27	872	3600	12.4	9.7	100.0	100.0	997.0
2022-11-07T21:30:27	822	3600	12.3	8.8	100.0	100.0	997.4
2022-11-07T22:32:27	861	3600	12.3	7.6	100.0	100.0	997.9
2022-11-07T23:33:27	864	3600	12.3	7.9	100.0	100.0	997.7
2022-11-08T00:35:27	798	3600	12.3	7.0	100.0	100.0	998.0
2022-11-08T01:37:27	863	3600	12.3	6.9	100.0	100.0	997.9
2022-11-08T02:38:27	811	3600	12.2	6.0	100.0	100.0	998.2
2022-11-08T03:40:27	853	3600	12.2	6.3	100.0	100.0	997.7
2022-11-08T04:42:27	831	3600	12.1	5.6	100.0	100.0	997.7
2022-11-08T05:43:27	849	3600	12.1	5.4	100.0	100.0	997.6
2022-11-08T06:45:27	880	3600	12.1	5.3	100.0	100.0	997.6
2022-11-08T07:47:27	848	3600	12.1	5.0	100.0	100.0	998.0
2022-11-08T08:48:27	839	3600	13.9	8.9	100.0	100.0	998.2
2022-11-08T09:50:27	882	3600	13.5	12.0	100.0	100.0	997.8
2022-11-08T10:51:27	851	3600	14.4	13.3	100.0	100.0	997.4
2022-11-08T11:53:27	850	3600	13.8	14.6	100.0	100.0	996.7
2022-11-08T12:55:27	882	3600	13.8	16.6	100.0	100.0	995.8
2022-11-08T13:56:27	873	3600	13.6	17.6	100.0	100.0	995.0
2022-11-08T14:58:27	861	3600	13.0	17.5	100.0	100.0	994.7
2022-11-08T16:00:27	883	3600	12.6	13.0	100.0	100.0	994.4
2022-11-08T17:02:27	864	3600	12.5	10.3	100.0	100.0	994.8
2022-11-08T18:03:27	871	3600	12.4	8.8	100.0	100.0	995.1
2022-11-08T19:05:27	827	3600	12.4	8.5	100.0	100.0	995.6
2022-11-08T20:07:27	856	3600	12.4	8.5	100.0	100.0	995.6
2022-11-08T21:08:27	890	3600	12.4	8.7	100.0	100.0	996.0
2022-11-08T22:10:27	835	3600	12.3	8.6	100.0	100.0	996.2
2022-11-08T23:12:27	878	3600	12.3	8.3	100.0	100.0	996.1
2022-11-09T00:13:27	843	3600	12.3	7.2	100.0	100.0	996.1
2022-11-09T01:15:27	891	3600	12.2	7.0	100.0	100.0	996.0
2022-11-09T02:17:27	887	3600	12.2	6.5	100.0	100.0	996.0
2022-11-09T03:18:27	849	3600	12.2	6.0	100.0	100.0	995.8
2022-11-09T04:20:27	829	3600	12.1	5.6	100.0	100.0	995.4
2022-11-09T05:22:27	865	3600	12.1	6.5	100.0	100.0	995.5
2022-11-09T06:24:27	877	3600	12.1	6.5	100.0	100.0	995.6
2022-11-09T07:26:27	900	3600	12.1	5.9	100.0	100.0	995.9
2022-11-09T08:27:27	865	3600	12.1	6.7	100.0	100.0	996.2
2022-11-09T09:29:27	851	3600	12.0	7.1	100.0	100.0	996.3
2022-11-09T10:30:27	857	3600	12.8	8.9	100.0	100.0	996.0
2022-11-09T11:32:27	852	3600	13.2	11.1	100.0	100.0	995.4
2022-11-09T12:35:27	829	3600	13.3	14.2	100.0	100.0	994.6
2022-11-09T13:36:27	838	3600	14.3	17.1	100.0	100.0	993.9
2022-11-09T14:38:27	822	3600	13.7	17.1	100.0	100.0	993.7
2022-11-09T15:40:27	856	3600	12.8	15.7	100.0	100.0	993.6
2022-11-09T16:42:27	835	3600	12.6	14.2	100.0	100.0	993.6
2022-11-09T17:44:27	899	3600	12.5	12.6	100.0	100.0	993.7
2022-11-09T18:46:27	844	3600	12.4	12.5	100.0	100.0	994.4
2022-11-09T19:47:27	843	3600	12.4	12.4	100.0	100.0	994.6
2022-11-09T20:49:27	883	3600	12.4	12.0	100.0	100.0	994.7
2022-11-09T21:51:27	847	3600	12.3	11.8	100.0	100.0	995.1
2022-11-09T22:53:27	868	3600	12.3	11.7	100.0	100.0	995.3
2022-11-09T23:54:27	889	3600	12.3	11.3	100.0	100.0	995.5
2022-11-10T00:56:27	844	3600	12.3	11.2	100.0	100.0	995.4
2022-11-10T01:58:27	860	3600	12.2	11.1	100.0	100.0	995.6
2022-11-10T02:59:27	886	3600	12.2	11.1	100.0	100.0	995.7
2022-11-10T04:01:27	884	3600	12.2	11.0	100.0	100.0	995.9
2022-11-10T05:03:27	809	3600	12.1	10.9	100.0	100.0	996.4
2022-11-10T06:05:27	930	3600	12.1	10.9	100.0	100.0	996.9
2022-11-10T07:06:27	815	3600	12.1	10.8	100.0	100.0	997.5
2022-11-10T08:08:27	889	3600	12.1	11.1	100.0	100.0	998.1
2022-11-10T09:10:27	808	3600	12.3	12.4	100.0	100.0	998.6
2022-11-10T10:11:27	805	3600	13.7	15.6	100.0	100.0	999.5
2022-11-10T11:13:27	824	3600	14.2	20.4	100.0	100.0	1000.0
2022-11-10T12:15:27	846	3600	14.0	22.7	100.0	100.0	999.9
2022-11-10T13:16:27	786	3600	13.5	22.9	100.0	100.0	999.8
2022-11-10T14:18:27	801	3600	13.4	22.7	100.0	100.0	1000.2
2022-11-10T15:20:27	829	3600	12.6	17.7	100.0	100.0	1000.8
2022-11-10T16:21:27	798	3600	12.5	14.5	100.0	100.0	1001.3
2022-11-10T17:23:27	831	3600	12.5	12.8	100.0	100.0	1002.2
2022-11-10T18:25:27	754	3600	12.5	12.6	100.0	100.0	1003.7
2022-11-10T19:26:27	790	3600	12.4	12.2	100.0	100.0	1004.7
2022-11-10T20:28:27	771	3600	12.3	11.7	100.0	100.0	1005.7
2022-11-10T21:30:27	769	3600	12.4	11.4	100.0	100.0	1006.5
2022-11-10T22:31:27	735	3600	12.3	10.9	100.0	100.0	1006.9
2022-11-10T23:33:27	808	3600	12.3	10.3	100.0	100.0	1007.4
2022-11-11T00:35:27	758	3600	12.3	11.0	100.0	100.0	1007.6
2022-11-11T01:36:27	718	3600	12.2	10.3	100.0	100.0	1007.7
2022-11-11T02:39:27	816	3600	12.2	10.1	100.0	100.0	1008.3
2022-11-11T03:40:27	781	3600	12.2	9.1	100.0	100.0	1008.3
2022-11-11T04:42:27	807	3600	12.2	9.1	100.0	100.0	1008.8
2022-11-11T05:44:27	773	3600	12.1	8.4	100.0	100.0	1009.0
2022-11-11T06:45:27	794	3600	12.1	8.5	100.0	100.0	1009.2
2022-11-11T07:47:27	761	3600	12.1	8.4	100.0	100.0	1009.6
2022-11-11T08:49:27	754	3600	13.0	10.6	100.0	100.0	1010.0
2022-11-11T09:50:27	746	3600	14.5	14.3	100.0	100.0	1009.8
2022-11-11T10:52:27	755	3600	14.3	17.2	100.0	100.0	1009.8
2022-11-11T11:54:27	753	3600	13.7	19.3	100.0	100.0	1009.0
2022-11-11T12:55:27	770	3600	13.6	19.9	100.0	100.0	1008.4
2022-11-11T13:57:27	770	3600	13.6	19.6	100.0	100.0	1007.9
2022-11-11T14:59:27	807	3600	13.6	18.7	100.0	100.0	1007.7
2022-11-11T16:00:27	758	3600	12.6	15.4	100.0	100.0	1007.8
2022-11-11T17:03:27	760	3600	12.5	12.2	100.0	100.0	1008.2
2022-11-11T18:04:27	810	3600	12.5	10.9	100.0	100.0	1008.5
2022-11-11T19:06:27	761	3600	12.4	10.7	100.0	100.0	1009.0
2022-11-11T20:08:27	758	3600	12.4	10.4	100.0	100.0	1009.3
2022-11-11T21:09:27	768	3600	12.3	9.7	100.0	100.0	1009.7
2022-11-11T22:11:27	705	3600	12.3	9.5	100.0	100.0	1010.1
2022-11-11T23:12:27	811	3600	12.3	8.6	100.0	100.0	1010.0
2022-11-12T00:14:27	798	3600	12.3	9.0	100.0	100.0	1009.9
2022-11-12T01:16:27	771	3600	12.3	8.2	100.0	100.0	1009.7
2022-11-12T02:17:27	719	3600	12.3	8.1	100.0	100.0	1009.6
2022-11-12T03:19:27	740	3600	12.2	8.2	100.0	100.0	1009.2
2022-11-12T04:21:27	757	3600	12.2	7.9	100.0	100.0	1009.1
2022-11-12T05:23:27	794	3600	12.1	8.1	100.0	100.0	1008.8
2022-11-12T06:25:27	744	3600	12.1	8.1	100.0	100.0	1008.6
2022-11-12T07:26:27	797	3600	12.1	8.6	100.0	100.0	1008.4
2022-11-12T08:28:27	802	3600	12.2	9.0	100.0	100.0	1008.1
2022-11-12T09:29:27	804	3600	13.2	11.0	100.0	100.0	1007.7
2022-11-12T10:31:27	776	3600	13.0	13.0	100.0	100.0	1007.1
2022-11-12T11:33:27	717	3600	14.4	16.3	100.0	100.0	1006.2
2022-11-12T12:35:27	795	3600	14.2	18.7	100.0	100.0	1005.4
2022-11-12T13:36:27	813	3600	13.5	18.7	100.0	100.0	1004.5
2022-11-12T14:38:27	773	3600	13.6	18.3	100.0	100.0	1003.7
2022-11-12T15:40:27	796	3600	12.6	16.7	100.0	100.0	1003.3
2022-11-12T16:41:27	818	3600	12.5	14.1	100.0	100.0	1002.7
2022-11-12T17:43:27	832	3600	12.4	11.8	100.0	100.0	1002.9
2022-11-12T18:45:27	818	3600	12.4	10.4	100.0	100.0	1002.9
2022-11-12T19:47:27	819	3600	12.4	10.3	100.0	100.0	1002.6
2022-11-12T20:48:27	834	3600	12.4	9.7	100.0	100.0	1002.6
2022-11-12T21:50:27	819	3600	12.4	8.5	100.0	100.0	1002.8
2022-11-12T22:52:27	787	3600	12.3	8.8	100.0	100.0	1002.6
2022-11-12T23:53:27	775	3600	12.2	10.1	100.0	100.0	1002.2
2022-11-13T00:55:27	839	3600	12.3	10.3	100.0	100.0	1001.8
2022-11-13T01:57:27	810	3600	12.2	10.1	100.0	100.0	1001.5
2022-11-13T02:58:27	836	3600	12.2	9.8	100.0	100.0	1001.0
2022-11-13T04:00:27	784	3600	12.2	9.4	100.0	100.0	1000.6
2022-11-13T05:02:27	840	3600	12.1	6.6	100.0	100.0	1000.7
2022-11-13T06:03:27	840	3600	12.1	7.1	100.0	100.0	1000.5
2022-11-13T07:05:27	758	3600	12.1	6.7	100.0	100.0	1000.4
2022-11-13T08:07:27	803	3600	12.9	7.6	100.0	100.0	1001.0
2022-11-13T09:08:27	788	3600	14.0	12.2	100.0	100.0	1001.6
2022-11-13T10:10:27	838	3600	14.3	16.1	100.0	100.0	1001.4
2022-11-13T11:12:27	816	3600	14.2	18.8	100.0	100.0	1000.6
2022-11-13T12:13:27	831	3600	13.5	21.4	100.0	100.0	999.4
2022-11-13T13:15:27	798	3600	13.5	21.9	100.0	100.0	998.0
2022-11-13T14:17:27	859	3600	13.5	21.2	100.0	100.0	997.0
2022-11-13T15:18:27	845	3600	12.7	16.3	100.0	100.0	996.9
2022-11-13T16:20:27	868	3600	12.5	15.6	100.0	100.0	997.1
2022-11-13T17:22:27	835	3600	12.5	15.1	100.0	100.0	997.0
2022-11-13T18:23:27	830	3600	12.5	15.3	100.0	100.0	997.2
2022-11-13T19:25:27	873	3600	12.4	14.5	100.0	100.0	997.4
2022-11-13T20:27:27	817	3600	12.3	13.7	100.0	100.0	997.5
2022-11-13T21:29:27	828	3600	12.4	13.8	100.0	100.0	997.7
2022-11-13T22:30:27	799	3600	12.3	13.3	100.0	100.0	997.9
2022-11-13T23:32:27	826	3600	12.3	12.6	100.0	100.0	997.6
2022-11-14T00:34:27	802	3600	12.2	12.1	100.0	100.0	997.6
2022-11-14T01:35:27	850	3600	12.3	11.7	100.0	100.0	997.7
2022-11-14T02:37:27	801	3600	12.3	11.4	100.0	100.0	997.8
2022-11-14T03:39:27	858	3600	12.2	11.2	100.0	100.0	997.8
2022-11-14T04:41:27	781	3600	12.2	11.0	100.0	100.0	997.7
2022-11-14T05:43:27	790	3600	12.1	10.9	100.0	100.0	997.8
2022-11-14T06:45:27	856	3600	12.1	10.7	100.0	100.0	997.9
2022-11-14T07:47:27	761	3600	12.1	10.8	100.0	100.0	998.4
2022-11-14T10:40:35	851	3600	12.7	12.3	100.0	100.0	998.9
2022-11-14T11:42:27	818	3600	12.9	14.7	100.0	100.0	998.2
2022-11-14T12:44:27	848	3600	13.1	15.7	100.0	100.0	997.6
2022-11-14T13:46:27	877	3600	13.5	16.1	100.0	100.0	996.7
2022-11-14T14:48:27	817	3600	12.8	16.1	100.0	100.0	996.0
2022-11-14T15:49:27	784	3600	12.6	14.0	100.0	100.0	995.6
2022-11-14T16:51:27	790	3600	12.5	11.2	100.0	100.0	995.4
2022-11-14T17:53:27	824	3600	12.3	10.5	100.0	100.0	995.7
2022-11-14T18:54:27	811	3600	12.3	10.0	100.0	100.0	996.1
2022-11-14T19:56:27	823	3600	12.2	9.8	100.0	100.0	996.4
2022-11-14T20:58:27	861	3600	12.3	8.8	100.0	100.0	996.6
2022-11-14T21:59:27	861	3600	12.3	10.0	100.0	100.0	996.3
2022-11-14T23:01:27	814	3600	12.3	9.9	100.0	100.0	996.1
2022-11-15T00:03:27	838	3600	12.2	8.8	100.0	100.0	996.1
2022-11-15T01:04:27	864	3600	12.1	10.1	100.0	100.0	995.4
2022-11-15T02:06:27	834	3600	12.1	10.4	100.0	100.0	995.0
2022-11-15T03:07:27	844	3600	12.1	10.2	100.0	100.0	994.9
2022-11-15T09:05:35	885	3600	14.8	11.7	100.0	100.0	994.1
2022-11-15T10:06:27	875	3600	14.6	14.2	100.0	100.0	993.3
2022-11-15T11:08:27	877	3600	13.7	15.1	100.0	100.0	992.9
2022-11-15T12:11:27	873	3600	13.0	15.2	100.0	100.0	991.7
2022-11-15T13:12:27	866	3600	12.8	14.2	100.0	100.0	991.0
2022-11-15T14:14:27	876	3600	12.7	14.0	100.0	100.0	990.2
