# See crns_meta.json and crns_attributes.txt for further details.
datetime	press1	temp1	relhum1	volt	press_ext	temp_ext	abshum_ext	counts1	nsecs1	cph_filtered
2022-05-11T01:59:06	100969.8	29.8	27.2	13.4	nan	nan	nan	4227.6	3600	4227.6
2022-05-11T02:59:08	100891.2	29.0	27.7	13.4	nan	nan	nan	4254.0	3600	4254.0
2022-05-11T03:59:13	100907.2	28.0	28.2	13.3	nan	nan	nan	4173.6	3600	4173.6
2022-05-11T04:59:18	100945.2	27.3	28.6	13.3	nan	nan	nan	4306.8	3600	4306.8
2022-05-11T05:59:23	100940.9	26.6	29.0	13.4	nan	nan	nan	4286.4	3600	4286.4
2022-05-11T06:59:27	100921.5	26.2	29.6	13.4	nan	nan	nan	4314.0	3600	4314.0
2022-05-11T07:59:34	100876.6	26.2	31.5	13.7	nan	nan	nan	4297.2	3600	4297.2
2022-05-11T08:59:35	100815.3	26.7	35.4	14.1	nan	nan	nan	4180.8	3600	4180.8
2022-05-11T09:59:37	100746.7	28.6	34.8	14.0	nan	nan	nan	4155.6	3600	4155.6
2022-05-11T10:59:39	100676.7	30.6	32.9	13.9	nan	nan	nan	4410.0	3600	4410.0
2022-05-11T11:59:49	100592.0	32.8	30.7	13.9	nan	nan	nan	4334.4	3600	4334.4
2022-05-11T13:00:00	100518.0	34.0	28.5	13.8	nan	nan	nan	4442.4	3600	4442.4
2022-05-11T14:00:06	100468.2	35.0	25.9	13.9	nan	nan	nan	4458.0	3600	4458.0
2022-05-11T15:00:09	100408.6	36.0	24.2	13.8	nan	nan	nan	4545.6	3600	4545.6
2022-05-11T16:00:18	100362.0	36.1	22.8	13.8	nan	nan	nan	4429.2	3600	4429.2
2022-05-11T17:00:19	100324.3	36.7	21.9	13.8	nan	nan	nan	4590.0	3600	4590.0
2022-05-11T18:00:24	100282.6	36.8	21.5	13.8	nan	nan	nan	4473.6	3600	4473.6
2022-05-11T19:00:28	100250.1	35.7	22.5	13.6	nan	nan	nan	4556.4	3600	4556.4
2022-05-11T20:00:30	100270.8	33.9	25.1	13.5	nan	nan	nan	4393.2	3600	4393.2
2022-05-11T21:00:34	100288.0	31.8	27.2	13.5	nan	nan	nan	4291.2	3600	4291.2
2022-05-11T22:00:35	100238.8	30.7	28.5	13.5	nan	nan	nan	4527.6	3600	4527.6
2022-05-11T23:00:38	100254.1	29.6	29.5	13.5	nan	nan	nan	4376.4	3600	4376.4
2022-05-12T00:00:44	100261.5	28.6	30.3	13.4	nan	nan	nan	4416.0	3600	4416.0
2022-05-12T01:00:48	100278.5	27.9	31.0	13.3	nan	nan	nan	4348.8	3600	4348.8
2022-05-12T02:00:52	100246.4	27.6	30.6	13.4	nan	nan	nan	4398.0	3600	4398.0
2022-05-12T03:00:59	100346.4	27.1	31.7	13.3	nan	nan	nan	4368.0	3600	4368.0
2022-05-12T04:01:01	100445.3	26.4	34.9	13.3	nan	nan	nan	4266.0	3600	4266.0
2022-05-12T05:01:05	100495.9	25.7	35.4	13.3	nan	nan	nan	4302.0	3600	4302.0
2022-05-12T06:01:08	100593.6	25.0	37.4	13.4	nan	nan	nan	4069.2	3600	4069.2
2022-05-12T07:01:11	100755.0	24.9	37.8	13.8	nan	nan	nan	4341.6	3600	4341.6
2022-05-12T08:01:13	100926.1	25.0	35.1	14.0	nan	nan	nan	4176.0	3600	4176.0
2022-05-12T09:01:16	101084.1	25.6	33.8	14.1	nan	nan	nan	4113.6	3600	4113.6
2022-05-12T10:01:18	101204.4	26.3	32.5	14.1	nan	nan	nan	4146.0	3600	4146.0
2022-05-12T11:01:23	101284.8	27.4	30.0	14.0	nan	nan	nan	4088.4	3600	4088.4
2022-05-12T12:01:31	101308.4	28.1	28.3	14.0	nan	nan	nan	4212.0	3600	4212.0
2022-05-12T13:01:32	101321.0	28.7	26.7	13.9	nan	nan	nan	4113.6	3600	4113.6
2022-05-12T14:01:37	101322.9	29.4	25.4	13.9	nan	nan	nan	4184.4	3600	4184.4
2022-05-12T15:01:45	101300.1	30.5	24.4	14.0	nan	nan	nan	4195.2	3600	4195.2
2022-05-12T16:01:49	101261.6	31.6	23.4	14.0	nan	nan	nan	4221.6	3600	4221.6
2022-05-12T17:01:56	101234.4	31.6	22.6	13.9	nan	nan	nan	4234.8	3600	4234.8
2022-05-12T18:01:59	101217.3	30.9	22.2	13.8	nan	nan	nan	4116.0	3600	4116.0
2022-05-12T19:02:07	101207.0	29.8	22.6	13.7	nan	nan	nan	4183.2	3600	4183.2
2022-05-12T20:02:11	101215.9	28.8	23.9	13.6	nan	nan	nan	4191.6	3600	4191.6
2022-05-12T21:02:21	101220.4	27.8	24.6	13.5	nan	nan	nan	4052.4	3600	4052.4
2022-05-12T22:02:22	101219.5	27.0	25.1	13.5	nan	nan	nan	4154.4	3600	4154.4
2022-05-12T23:02:28	101227.0	25.9	25.7	13.4	nan	nan	nan	3964.8	3600	3964.8
2022-05-13T00:02:29	101224.7	24.9	26.2	13.5	nan	nan	nan	4213.2	3600	4213.2
2022-05-13T01:02:34	101223.5	24.1	26.6	13.4	nan	nan	nan	4300.8	3600	4300.8
2022-05-13T02:02:37	101223.8	23.3	26.8	13.4	nan	nan	nan	4166.4	3600	4166.4
2022-05-13T03:02:42	101212.6	22.4	27.1	13.3	nan	nan	nan	4212.0	3600	4212.0
2022-05-13T04:02:46	101182.0	21.4	27.4	13.4	nan	nan	nan	4182.0	3600	4182.0
2022-05-13T05:02:50	101171.9	20.6	27.4	13.3	nan	nan	nan	4141.2	3600	4141.2
2022-05-13T06:02:54	101155.1	21.2	27.5	13.5	nan	nan	nan	4262.4	3600	4262.4
2022-05-13T07:02:58	101160.7	24.0	27.4	14.1	nan	nan	nan	4200.0	3600	4200.0
2022-05-13T08:03:04	101164.4	26.1	27.9	14.1	nan	nan	nan	4202.4	3600	4202.4
2022-05-13T09:03:08	101183.9	25.8	29.2	13.9	nan	nan	nan	4128.0	3600	4128.0
2022-05-13T10:03:13	101195.5	24.8	30.6	13.9	nan	nan	nan	4074.0	3600	4074.0
2022-05-13T11:03:20	101170.0	26.2	30.0	14.0	nan	nan	nan	4266.0	3600	4266.0
2022-05-13T12:03:21	101152.4	26.6	28.7	14.1	nan	nan	nan	4138.8	3600	4138.8
2022-05-13T13:03:29	101171.0	27.1	26.8	14.0	nan	nan	nan	4195.2	3600	4195.2
2022-05-13T14:03:33	101209.0	27.1	25.8	14.1	nan	nan	nan	4230.0	3600	4230.0
2022-05-13T15:03:35	101225.0	27.0	26.0	14.0	nan	nan	nan	4302.0	3600	4302.0
2022-05-13T16:03:40	101233.0	27.8	25.1	14.1	nan	nan	nan	4299.6	3600	4299.6
2022-05-13T17:03:41	101291.1	27.3	25.3	13.8	nan	nan	nan	4281.6	3600	4281.6
2022-05-13T18:03:47	101315.9	26.9	25.8	14.0	nan	nan	nan	4260.0	3600	4260.0
2022-05-13T19:03:50	101334.8	26.8	26.1	13.7	nan	nan	nan	4195.2	3600	4195.2
2022-05-13T20:03:56	101339.7	26.1	27.0	13.6	nan	nan	nan	4137.6	3600	4137.6
2022-05-13T21:03:57	101375.4	25.6	27.4	13.5	nan	nan	nan	4050.0	3600	4050.0
2022-05-13T22:04:04	101388.2	24.9	27.4	13.5	nan	nan	nan	4070.4	3600	4070.4
2022-05-13T23:04:10	101384.5	24.2	27.5	13.4	nan	nan	nan	4216.8	3600	4216.8
2022-05-14T00:04:12	101391.8	23.7	27.8	13.4	nan	nan	nan	4093.2	3600	4093.2
2022-05-14T01:04:16	101379.5	23.1	28.1	13.4	nan	nan	nan	4114.8	3600	4114.8
2022-05-14T02:04:17	101367.6	22.5	28.4	13.4	nan	nan	nan	4099.2	3600	4099.2
2022-05-14T03:04:25	101373.8	22.2	29.2	13.4	nan	nan	nan	4105.2	3600	4105.2
2022-05-14T04:04:26	101379.4	22.0	30.2	13.3	nan	nan	nan	4047.6	3600	4047.6
2022-05-14T05:04:27	101391.5	21.7	30.9	13.3	nan	nan	nan	4273.2	3600	4273.2
2022-05-14T06:04:34	101389.5	21.9	31.0	13.4	nan	nan	nan	4128.0	3600	4128.0
2022-05-14T07:04:42	101421.6	23.6	31.1	13.7	nan	nan	nan	4212.0	3600	4212.0
2022-05-14T08:04:44	101454.7	23.9	32.0	14.0	nan	nan	nan	4177.2	3600	4177.2
2022-05-14T09:04:48	101464.0	24.8	32.7	14.2	nan	nan	nan	4165.2	3600	4165.2
2022-05-14T10:04:52	101459.6	25.9	32.2	14.1	nan	nan	nan	4213.2	3600	4213.2
2022-05-14T11:05:00	101449.7	27.6	30.8	14.0	nan	nan	nan	4101.6	3600	4101.6
2022-05-14T12:05:01	101448.1	28.4	28.4	14.0	nan	nan	nan	4128.0	3600	4128.0
2022-05-14T13:05:09	101440.7	28.6	27.5	14.0	nan	nan	nan	4262.4	3600	4262.4
2022-05-14T14:05:11	101452.1	28.9	27.0	14.0	nan	nan	nan	4218.0	3600	4218.0
2022-05-14T15:05:13	101448.2	29.5	26.6	14.0	nan	nan	nan	4232.4	3600	4232.4
2022-05-14T16:05:19	101444.8	29.8	26.2	14.0	nan	nan	nan	4081.2	3600	4081.2
2022-05-14T17:05:24	101447.9	30.4	25.9	14.0	nan	nan	nan	4188.0	3600	4188.0
2022-05-14T18:05:26	101452.6	30.4	25.4	13.8	nan	nan	nan	3964.8	3600	3964.8
2022-05-14T19:05:37	101485.3	29.7	25.9	13.7	nan	nan	nan	4057.2	3600	4057.2
2022-05-14T20:05:40	101534.1	28.4	26.5	13.7	nan	nan	nan	3946.8	3600	3946.8
2022-05-14T21:05:51	101583.3	27.2	26.9	13.6	nan	nan	nan	4183.2	3600	4183.2
2022-05-14T22:05:54	101615.9	26.0	27.1	13.5	nan	nan	nan	4189.2	3600	4189.2
2022-05-14T23:06:10	101642.8	24.9	27.4	13.5	nan	nan	nan	4104.0	3600	4104.0
2022-05-15T00:06:11	101674.0	24.0	27.5	13.4	nan	nan	nan	4030.8	3600	4030.8
2022-05-15T01:06:15	101692.7	22.9	27.6	13.4	nan	nan	nan	4010.4	3600	4010.4
2022-05-15T02:06:16	101701.5	21.9	27.7	13.4	nan	nan	nan	4057.2	3600	4057.2
2022-05-15T03:06:18	101712.7	20.9	27.7	13.4	nan	nan	nan	4160.4	3600	4160.4
2022-05-15T04:06:20	101719.6	20.0	27.7	13.3	nan	nan	nan	4152.0	3600	4152.0
2022-05-15T05:06:22	101742.4	19.2	27.8	13.4	nan	nan	nan	3952.8	3600	3952.8
2022-05-15T06:06:26	101790.6	19.9	28.1	13.4	nan	nan	nan	4101.6	3600	4101.6
2022-05-15T07:06:33	101837.8	23.3	28.1	14.1	nan	nan	nan	3970.8	3600	3970.8
2022-05-15T08:06:36	101853.4	25.8	28.3	14.1	nan	nan	nan	3951.6	3600	3951.6
2022-05-15T09:06:39	101868.4	27.5	28.4	14.0	nan	nan	nan	3978.0	3600	3978.0
2022-05-15T10:06:42	101863.7	29.0	27.9	14.0	nan	nan	nan	4063.2	3600	4063.2
2022-05-15T11:06:45	101843.5	29.6	27.3	13.9	nan	nan	nan	4060.8	3600	4060.8
2022-05-15T12:06:49	101809.2	29.8	27.1	13.9	nan	nan	nan	4051.2	3600	4051.2
2022-05-15T13:06:54	101773.9	31.0	26.2	13.9	nan	nan	nan	3957.6	3600	3957.6
2022-05-15T14:06:57	101729.9	32.9	25.0	13.9	nan	nan	nan	4064.4	3600	4064.4
2022-05-15T15:07:05	101681.3	34.4	24.0	13.9	nan	nan	nan	4063.2	3600	4063.2
2022-05-15T16:07:08	101646.8	35.5	22.6	13.8	nan	nan	nan	4179.6	3600	4179.6
2022-05-15T17:07:09	101595.3	36.1	21.9	13.9	nan	nan	nan	4100.4	3600	4100.4
2022-05-15T18:07:11	101570.7	35.7	22.2	13.8	nan	nan	nan	4185.6	3600	4185.6
2022-05-15T19:07:13	101553.0	34.2	23.5	13.7	nan	nan	nan	4256.4	3600	4256.4
2022-05-15T20:07:14	101545.1	32.4	25.0	13.6	nan	nan	nan	4237.2	3600	4237.2
2022-05-15T21:07:17	101574.4	30.7	25.7	13.5	nan	nan	nan	4153.2	3600	4153.2
2022-05-15T22:07:20	101566.3	29.3	26.0	13.5	nan	nan	nan	4238.4	3600	4238.4
2022-05-15T23:07:29	101558.4	28.1	26.1	13.5	nan	nan	nan	4354.8	3600	4354.8
2022-05-16T00:07:33	101584.2	26.9	26.3	13.4	nan	nan	nan	4194.0	3600	4194.0
2022-05-16T01:07:40	101611.7	25.8	26.5	13.4	nan	nan	nan	4171.2	3600	4171.2
2022-05-16T02:07:43	101616.9	24.7	26.8	13.3	nan	nan	nan	4021.2	3600	4021.2
2022-05-16T03:07:54	101607.1	23.8	27.0	13.3	nan	nan	nan	4153.2	3600	4153.2
2022-05-16T04:07:57	101569.4	23.0	27.4	13.3	nan	nan	nan	4107.6	3600	4107.6
2022-05-16T05:07:58	101537.1	22.3	27.7	13.3	nan	nan	nan	4136.4	3600	4136.4
2022-05-16T06:08:02	101515.3	22.6	28.1	13.4	nan	nan	nan	4140.0	3600	4140.0
2022-05-16T07:08:06	101511.7	24.4	28.6	13.9	nan	nan	nan	4153.2	3600	4153.2
2022-05-16T08:08:11	101521.4	26.1	28.6	14.1	nan	nan	nan	4219.2	3600	4219.2
2022-05-16T09:08:16	101519.5	27.9	27.6	14.0	nan	nan	nan	4237.2	3600	4237.2
2022-05-16T10:08:24	101490.4	29.7	26.5	13.9	nan	nan	nan	4176.0	3600	4176.0
2022-05-16T11:08:30	101453.1	30.7	25.2	13.9	nan	nan	nan	4129.2	3600	4129.2
2022-05-16T12:08:39	101404.6	31.7	24.4	13.9	nan	nan	nan	4226.4	3600	4226.4
2022-05-16T13:08:40	101362.9	33.1	23.1	13.8	nan	nan	nan	4263.6	3600	4263.6
2022-05-16T14:08:47	101313.2	34.8	21.8	13.8	nan	nan	nan	4333.2	3600	4333.2
2022-05-16T15:08:50	101243.3	36.2	20.6	13.9	nan	nan	nan	4351.2	3600	4351.2
2022-05-16T16:08:59	101183.3	36.5	20.4	13.9	nan	nan	nan	4263.6	3600	4263.6
2022-05-16T17:09:03	101143.1	36.0	20.7	13.9	nan	nan	nan	4314.0	3600	4314.0
2022-05-16T18:09:07	101109.1	35.0	21.7	13.8	nan	nan	nan	4347.6	3600	4347.6
2022-05-16T19:09:11	101116.7	34.1	22.5	13.7	nan	nan	nan	4309.2	3600	4309.2
2022-05-16T20:09:13	101164.5	33.1	23.0	13.6	nan	nan	nan	4281.6	3600	4281.6
2022-05-16T21:09:18	101220.3	32.3	23.2	13.5	nan	nan	nan	4238.4	3600	4238.4
2022-05-16T22:09:21	101252.5	31.5	23.7	13.5	nan	nan	nan	4195.2	3600	4195.2
2022-05-16T23:09:22	101253.2	30.7	24.2	13.5	nan	nan	nan	4242.0	3600	4242.0
2022-05-17T00:09:24	101256.1	30.0	24.6	13.5	nan	nan	nan	4153.2	3600	4153.2
2022-05-17T01:09:28	101265.6	29.1	25.1	13.4	nan	nan	nan	4282.8	3600	4282.8
2022-05-17T02:09:36	101257.1	28.2	25.5	13.4	nan	nan	nan	4358.4	3600	4358.4
2022-05-17T03:09:42	101302.1	27.1	25.9	13.4	nan	nan	nan	4166.4	3600	4166.4
2022-05-17T04:09:50	101338.6	26.0	26.4	13.3	nan	nan	nan	4209.6	3600	4209.6
2022-05-17T05:09:57	101434.5	25.2	26.7	13.3	nan	nan	nan	4102.8	3600	4102.8
2022-05-17T06:10:01	101415.1	24.3	26.9	13.3	nan	nan	nan	3831.6	3600	3831.6
2022-05-17T07:10:04	101417.3	23.8	27.2	13.4	nan	nan	nan	3769.2	3600	3769.2
2022-05-17T08:10:06	101498.0	23.7	28.2	13.5	nan	nan	nan	3740.4	3600	3740.4
2022-05-17T09:10:09	101551.3	23.9	31.1	13.8	nan	nan	nan	3660.0	3600	3660.0
2022-05-17T10:10:12	101593.6	24.6	33.1	14.1	nan	nan	nan	3736.8	3600	3736.8
2022-05-17T11:10:15	101617.2	26.6	33.2	14.0	nan	nan	nan	3794.4	3600	3794.4
2022-05-17T12:10:21	101636.5	28.1	32.5	14.1	nan	nan	nan	3679.2	3600	3679.2
2022-05-17T13:10:22	101656.7	28.7	32.2	14.0	nan	nan	nan	3856.8	3600	3856.8
2022-05-17T14:10:25	101656.9	29.1	32.2	14.0	nan	nan	nan	3848.4	3600	3848.4
2022-05-17T15:10:31	101646.5	29.8	31.8	14.0	nan	nan	nan	3741.6	3600	3741.6
2022-05-17T16:10:35	101648.0	30.2	31.3	14.0	nan	nan	nan	3768.0	3600	3768.0
2022-05-17T17:10:37	101649.1	30.6	31.0	14.0	nan	nan	nan	3891.6	3600	3891.6
2022-05-17T18:10:40	101647.6	31.7	30.1	13.9	nan	nan	nan	3835.2	3600	3835.2
2022-05-17T19:10:43	101665.9	31.5	29.8	13.7	nan	nan	nan	3776.4	3600	3776.4
2022-05-17T20:10:50	101692.9	30.1	30.6	13.6	nan	nan	nan	3733.2	3600	3733.2
2022-05-17T21:10:57	101756.0	28.9	30.7	13.6	nan	nan	nan	3913.2	3600	3913.2
2022-05-17T22:11:01	101802.4	27.9	30.6	13.5	nan	nan	nan	3732.0	3600	3732.0
2022-05-17T23:11:06	101823.7	27.1	30.4	13.5	nan	nan	nan	3757.2	3600	3757.2
2022-05-18T00:11:10	101845.2	26.3	30.3	13.4	nan	nan	nan	3733.2	3600	3733.2
2022-05-18T01:11:12	101888.3	25.7	30.2	13.4	nan	nan	nan	3870.0	3600	3870.0
2022-05-18T02:11:18	101930.0	25.0	30.1	13.4	nan	nan	nan	3736.8	3600	3736.8
2022-05-18T03:11:22	101999.7	24.3	30.0	13.3	nan	nan	nan	3811.2	3600	3811.2
2022-05-18T04:11:30	102024.8	23.7	29.6	13.3	nan	nan	nan	3777.6	3600	3777.6
2022-05-18T05:11:31	102064.1	23.1	28.6	13.3	nan	nan	nan	3878.4	3600	3878.4
2022-05-18T06:11:34	102093.8	22.7	27.2	13.4	nan	nan	nan	3828.0	3600	3828.0
2022-05-18T07:11:43	102129.4	22.8	26.9	13.9	nan	nan	nan	3786.0	3600	3786.0
2022-05-18T08:11:47	102161.5	23.9	26.9	14.1	nan	nan	nan	3734.4	3600	3734.4
2022-05-18T09:11:50	102170.6	25.4	27.0	14.0	nan	nan	nan	3681.6	3600	3681.6
2022-05-18T10:12:04	102155.0	26.9	27.5	14.0	nan	nan	nan	3658.8	3600	3658.8
2022-05-18T11:12:13	102137.4	28.1	28.2	13.9	nan	nan	nan	3708.0	3600	3708.0
2022-05-18T12:12:27	102110.8	29.1	29.0	13.9	nan	nan	nan	3770.4	3600	3770.4
2022-05-18T13:12:30	102045.4	30.6	28.9	13.9	nan	nan	nan	3865.2	3600	3865.2
2022-05-18T14:12:40	102012.0	32.3	27.2	13.9	nan	nan	nan	3894.0	3600	3894.0
2022-05-18T15:12:51	101981.3	34.1	25.4	13.9	nan	nan	nan	3794.4	3600	3794.4
2022-05-18T16:12:52	101938.0	35.1	24.3	13.9	nan	nan	nan	3841.2	3600	3841.2
2022-05-18T17:13:05	101908.8	36.0	23.4	13.9	nan	nan	nan	3988.8	3600	3988.8
2022-05-18T18:13:06	101879.5	35.6	23.0	13.8	nan	nan	nan	3860.4	3600	3860.4
2022-05-18T19:13:11	101869.8	34.5	23.8	13.7	nan	nan	nan	3859.2	3600	3859.2
2022-05-18T20:13:15	101871.9	33.0	25.1	13.6	nan	nan	nan	3818.4	3600	3818.4
2022-05-18T21:13:24	101888.6	31.7	26.0	13.5	nan	nan	nan	3742.8	3600	3742.8
2022-05-18T22:13:27	101876.4	30.7	26.6	13.5	nan	nan	nan	3846.0	3600	3846.0
2022-05-18T23:13:31	101857.8	29.7	26.9	13.5	nan	nan	nan	3873.6	3600	3873.6
2022-05-19T00:13:33	101825.5	28.8	27.3	13.4	nan	nan	nan	3870.0	3600	3870.0
2022-05-19T01:13:34	101795.6	28.0	27.7	13.4	nan	nan	nan	3986.4	3600	3986.4
2022-05-19T02:13:40	101772.1	27.2	28.0	13.4	nan	nan	nan	3846.0	3600	3846.0
2022-05-19T03:13:52	101749.3	26.4	28.4	13.3	nan	nan	nan	3829.2	3600	3829.2
2022-05-19T04:13:57	101738.3	25.6	28.9	13.3	nan	nan	nan	3979.2	3600	3979.2
2022-05-19T05:14:02	101746.7	24.9	29.2	13.3	nan	nan	nan	3816.0	3600	3816.0
2022-05-19T06:14:03	101738.7	25.3	29.6	13.4	nan	nan	nan	3741.6	3600	3741.6
2022-05-19T07:14:06	101762.1	27.0	30.0	13.9	nan	nan	nan	3924.0	3600	3924.0
2022-05-19T08:14:11	101751.1	28.4	30.2	14.1	nan	nan	nan	3903.6	3600	3903.6
2022-05-19T09:14:15	101716.1	30.7	29.6	14.0	nan	nan	nan	3921.6	3600	3921.6
2022-05-19T10:14:20	101696.5	33.2	28.5	13.9	nan	nan	nan	3907.2	3600	3907.2
2022-05-19T11:14:25	101666.3	34.5	27.8	13.8	nan	nan	nan	4030.8	3600	4030.8
2022-05-19T12:14:27	101609.4	35.7	27.2	13.8	nan	nan	nan	4074.0	3600	4074.0
2022-05-19T13:14:33	101544.9	36.5	26.0	13.8	nan	nan	nan	4039.2	3600	4039.2
2022-05-19T14:14:39	101488.4	37.9	24.2	13.8	nan	nan	nan	4009.2	3600	4009.2
2022-05-19T15:14:48	101429.2	39.2	22.5	13.8	nan	nan	nan	4102.8	3600	4102.8
2022-05-19T16:14:54	101356.1	39.5	21.9	13.8	nan	nan	nan	4045.2	3600	4045.2
2022-05-19T17:14:57	101316.9	39.6	22.0	13.8	nan	nan	nan	4111.2	3600	4111.2
2022-05-19T18:15:02	101285.5	39.2	21.8	13.7	nan	nan	nan	4185.6	3600	4185.6
2022-05-19T19:15:04	101272.9	37.8	22.6	13.6	nan	nan	nan	4117.2	3600	4117.2
2022-05-19T20:15:05	101279.8	36.6	23.4	13.5	nan	nan	nan	4226.4	3600	4226.4
2022-05-19T21:15:06	101307.5	35.4	23.5	13.5	nan	nan	nan	4158.0	3600	4158.0
2022-05-19T22:15:11	101310.4	34.2	24.5	13.5	nan	nan	nan	4089.6	3600	4089.6
2022-05-19T23:15:15	101349.4	33.3	25.4	13.5	nan	nan	nan	3924.0	3600	3924.0
2022-05-20T00:15:23	101357.6	32.3	26.3	13.4	nan	nan	nan	4136.4	3600	4136.4
2022-05-20T01:15:27	101389.4	31.5	28.0	13.4	nan	nan	nan	4069.2	3600	4069.2
2022-05-20T02:15:32	101436.6	30.6	30.4	13.4	nan	nan	nan	3969.6	3600	3969.6
2022-05-20T03:15:36	101496.0	29.9	32.5	13.4	nan	nan	nan	3914.4	3600	3914.4
2022-05-20T04:15:38	101515.7	29.1	33.8	13.3	nan	nan	nan	3894.0	3600	3894.0
2022-05-20T05:15:43	101552.2	28.4	35.1	13.3	nan	nan	nan	3710.4	3600	3710.4
2022-05-20T06:15:44	101583.9	28.2	35.8	13.4	nan	nan	nan	3901.2	3600	3901.2
2022-05-20T07:15:46	101621.9	28.3	36.6	13.6	nan	nan	nan	3814.8	3600	3814.8
2022-05-20T08:15:49	101629.4	29.5	35.6	14.0	nan	nan	nan	3909.6	3600	3909.6
2022-05-20T09:15:52	101618.2	31.3	33.1	13.9	nan	nan	nan	3860.4	3600	3860.4
2022-05-20T10:15:58	101593.6	32.5	31.2	14.0	nan	nan	nan	3894.0	3600	3894.0
2022-05-20T11:16:02	101539.2	33.6	29.8	13.8	nan	nan	nan	3915.6	3600	3915.6
2022-05-20T12:16:12	101490.0	34.2	28.5	13.8	nan	nan	nan	3974.4	3600	3974.4
2022-05-20T13:16:16	101403.2	35.0	26.4	13.8	nan	nan	nan	3994.8	3600	3994.8
2022-05-20T14:16:24	101323.1	36.2	24.3	13.9	nan	nan	nan	4185.6	3600	4185.6
2022-05-20T15:16:27	101203.4	36.6	23.1	13.8	nan	nan	nan	4256.4	3600	4256.4
2022-05-20T16:16:32	101092.6	37.4	23.0	13.9	nan	nan	nan	4076.4	3600	4076.4
2022-05-20T17:16:43	100967.8	37.1	23.9	13.8	nan	nan	nan	4273.2	3600	4273.2
2022-05-20T18:16:50	100863.4	35.8	25.2	13.7	nan	nan	nan	4118.4	3600	4118.4
2022-05-20T19:16:54	100753.5	34.5	26.3	13.6	nan	nan	nan	4190.4	3600	4190.4
2022-05-20T20:17:03	100686.4	32.3	27.2	13.5	nan	nan	nan	4015.2	3600	4015.2
2022-05-20T21:17:04	100590.0	30.7	27.6	13.5	nan	nan	nan	3853.2	3600	3853.2
2022-05-20T22:17:14	100535.1	29.7	28.4	13.4	nan	nan	nan	3846.0	3600	3846.0
2022-05-20T23:17:18	100498.2	29.0	29.9	13.4	nan	nan	nan	3780.0	3600	3780.0
2022-05-21T00:17:28	100557.7	28.4	34.5	13.4	nan	nan	nan	3856.8	3600	3856.8
2022-05-21T01:17:30	100688.6	27.2	35.8	13.3	nan	nan	nan	3760.8	3600	3760.8
2022-05-21T02:17:32	100784.7	26.5	35.8	13.3	nan	nan	nan	3852.0	3600	3852.0
2022-05-21T03:17:33	100875.8	25.7	37.0	13.3	nan	nan	nan	3763.2	3600	3763.2
2022-05-21T04:17:38	100969.9	24.9	36.0	13.3	nan	nan	nan	3831.6	3600	3831.6
2022-05-21T05:17:44	101078.4	24.6	35.4	13.4	nan	nan	nan	3794.4	3600	3794.4
2022-05-21T06:17:49	101183.1	24.6	34.6	13.5	nan	nan	nan	3714.0	3600	3714.0
2022-05-21T07:17:56	101226.1	25.2	33.2	13.7	nan	nan	nan	3919.2	3600	3919.2
2022-05-21T08:17:59	101242.6	24.9	33.2	14.1	nan	nan	nan	3728.4	3600	3728.4
2022-05-21T09:18:07	101217.1	26.2	32.7	14.0	nan	nan	nan	3769.2	3600	3769.2
2022-05-21T10:18:09	101248.5	25.4	33.3	13.9	nan	nan	nan	3703.2	3600	3703.2
2022-05-21T11:18:18	101227.1	24.4	35.7	14.1	nan	nan	nan	3751.2	3600	3751.2
2022-05-21T12:18:19	101197.1	25.5	35.4	14.1	nan	nan	nan	3831.6	3600	3831.6
2022-05-21T13:18:22	101192.5	26.0	34.2	14.1	nan	nan	nan	3660.0	3600	3660.0
2022-05-21T14:18:25	101194.8	25.9	33.5	14.1	nan	nan	nan	3867.6	3600	3867.6
2022-05-21T15:18:27	101205.1	26.9	33.8	14.1	nan	nan	nan	3812.4	3600	3812.4
2022-05-21T16:18:30	101205.3	28.0	32.3	14.0	nan	nan	nan	3901.2	3600	3901.2
2022-05-21T17:18:35	101194.3	27.0	33.4	14.0	nan	nan	nan	3861.6	3600	3861.6
2022-05-21T18:18:44	101196.0	27.0	32.9	13.8	nan	nan	nan	3811.2	3600	3811.2
2022-05-21T19:18:47	101208.9	26.6	32.6	13.7	nan	nan	nan	3885.6	3600	3885.6
2022-05-21T20:18:53	101250.0	26.1	32.2	13.6	nan	nan	nan	3877.2	3600	3877.2
2022-05-21T21:19:02	101299.7	25.4	32.0	13.5	nan	nan	nan	3867.6	3600	3867.6
2022-05-21T22:19:07	101337.8	24.8	31.9	13.5	nan	nan	nan	3867.6	3600	3867.6
2022-05-21T23:19:12	101336.2	23.9	31.9	13.4	nan	nan	nan	4015.2	3600	4015.2
2022-05-22T00:19:14	101329.8	22.7	32.0	13.4	nan	nan	nan	3778.8	3600	3778.8
2022-05-22T01:19:17	101307.5	22.1	32.2	13.4	nan	nan	nan	3807.6	3600	3807.6
2022-05-22T02:19:24	101290.1	21.6	32.8	13.4	nan	nan	nan	3832.8	3600	3832.8
2022-05-22T03:19:26	101284.3	21.0	33.8	13.3	nan	nan	nan	3763.2	3600	3763.2
2022-05-22T04:19:28	101266.3	20.6	35.0	13.3	nan	nan	nan	3880.8	3600	3880.8
2022-05-22T05:19:29	101253.9	20.2	35.8	13.4	nan	nan	nan	3849.6	3600	3849.6
2022-05-22T06:19:32	101293.1	20.7	36.2	13.4	nan	nan	nan	3921.6	3600	3921.6
2022-05-22T07:19:35	101298.9	22.6	36.0	14.1	nan	nan	nan	3967.2	3600	3967.2
2022-05-22T08:19:40	101283.7	25.1	34.9	14.2	nan	nan	nan	3764.4	3600	3764.4
2022-05-22T09:19:44	101264.9	25.0	34.6	14.1	nan	nan	nan	3921.6	3600	3921.6
2022-05-22T10:19:53	101240.6	25.6	34.0	14.1	nan	nan	nan	3902.4	3600	3902.4
2022-05-22T11:20:00	101240.5	26.7	32.7	14.1	nan	nan	nan	3888.0	3600	3888.0
2022-05-22T12:20:04	101235.6	27.2	32.0	14.0	nan	nan	nan	3903.6	3600	3903.6
2022-05-22T13:20:12	101206.8	28.2	30.6	14.0	nan	nan	nan	3864.0	3600	3864.0
2022-05-22T14:20:17	101167.2	28.8	29.8	14.0	nan	nan	nan	3984.0	3600	3984.0
2022-05-22T15:20:24	101129.1	29.7	29.1	14.0	nan	nan	nan	4077.6	3600	4077.6
2022-05-22T16:20:30	101095.6	31.7	27.7	14.0	nan	nan	nan	3992.4	3600	3992.4
2022-05-22T17:20:33	101054.6	31.5	27.4	13.9	nan	nan	nan	4035.6	3600	4035.6
2022-05-22T18:20:45	101022.8	31.3	27.5	13.8	nan	nan	nan	4077.6	3600	4077.6
2022-05-22T19:20:46	101022.1	30.6	27.8	13.7	nan	nan	nan	4165.2	3600	4165.2
2022-05-22T20:20:49	101005.6	29.2	28.7	13.6	nan	nan	nan	4120.8	3600	4120.8
2022-05-22T21:20:56	101004.6	27.8	29.1	13.5	nan	nan	nan	3986.4	3600	3986.4
2022-05-22T22:21:05	100978.6	26.5	29.0	13.5	nan	nan	nan	3945.6	3600	3945.6
2022-05-22T23:21:15	100957.4	25.3	28.9	13.4	nan	nan	nan	3994.8	3600	3994.8
2022-05-23T00:21:20	100926.5	24.3	28.9	13.4	nan	nan	nan	4036.8	3600	4036.8
2022-05-23T01:21:25	100928.9	23.6	29.0	13.4	nan	nan	nan	3985.2	3600	3985.2
2022-05-23T02:21:31	100896.1	23.0	29.3	13.3	nan	nan	nan	4125.6	3600	4125.6
2022-05-23T03:21:35	100846.6	22.5	29.9	13.3	nan	nan	nan	3982.8	3600	3982.8
2022-05-23T04:21:42	100820.9	22.0	30.6	13.3	nan	nan	nan	4167.6	3600	4167.6
2022-05-23T05:21:44	100815.2	21.7	31.4	13.3	nan	nan	nan	4086.0	3600	4086.0
2022-05-23T06:21:51	100799.4	22.1	33.4	13.4	nan	nan	nan	4078.8	3600	4078.8
2022-05-23T07:21:54	100735.4	23.9	34.2	14.2	nan	nan	nan	4142.4	3600	4142.4
2022-05-23T08:22:06	100662.2	25.9	33.0	14.1	nan	nan	nan	4126.8	3600	4126.8
2022-05-23T09:22:14	100622.4	26.9	31.5	14.0	nan	nan	nan	4286.4	3600	4286.4
2022-05-23T10:22:20	100570.3	27.9	30.2	14.0	nan	nan	nan	4167.6	3600	4167.6
2022-05-23T11:22:23	100497.7	28.6	28.6	14.0	nan	nan	nan	4260.0	3600	4260.0
2022-05-23T12:22:30	100408.3	29.3	27.2	14.0	nan	nan	nan	4246.8	3600	4246.8
2022-05-23T13:22:36	100328.0	30.3	26.1	13.9	nan	nan	nan	4420.8	3600	4420.8
2022-05-23T14:22:39	100245.1	32.4	24.5	13.9	nan	nan	nan	4363.2	3600	4363.2
2022-05-23T15:22:40	100198.1	32.9	23.4	14.0	nan	nan	nan	4436.4	3600	4436.4
2022-05-23T16:22:51	100117.7	33.8	22.5	13.9	nan	nan	nan	4386.0	3600	4386.0
2022-05-23T17:22:55	100016.2	33.3	22.7	13.9	nan	nan	nan	4456.8	3600	4456.8
2022-05-23T18:23:01	99909.0	32.0	23.6	13.8	nan	nan	nan	4426.8	3600	4426.8
2022-05-23T19:23:04	99860.8	31.0	24.4	13.7	nan	nan	nan	4515.6	3600	4515.6
2022-05-23T20:23:08	99836.9	30.4	25.0	13.6	nan	nan	nan	4436.4	3600	4436.4
2022-05-23T21:23:13	99799.9	29.8	25.8	13.5	nan	nan	nan	4617.6	3600	4617.6
2022-05-23T22:23:15	99758.1	29.1	26.5	13.5	nan	nan	nan	4584.0	3600	4584.0
2022-05-23T23:23:24	99655.8	28.7	26.9	13.5	nan	nan	nan	4545.6	3600	4545.6
2022-05-24T00:23:27	99595.3	28.3	27.3	13.4	nan	nan	nan	4599.6	3600	4599.6
2022-05-24T01:23:28	99562.9	27.9	27.8	13.4	nan	nan	nan	4620.0	3600	4620.0
2022-05-24T02:23:31	99560.6	27.5	28.4	13.4	nan	nan	nan	4566.0	3600	4566.0
2022-05-24T03:23:34	99572.7	27.2	29.2	13.4	nan	nan	nan	4586.4	3600	4586.4
2022-05-24T04:23:43	99573.1	26.2	30.4	13.3	nan	nan	nan	4352.4	3600	4352.4
2022-05-24T05:23:48	99610.4	25.6	31.5	13.3	nan	nan	nan	4357.2	3600	4357.2
2022-05-24T06:23:49	99706.1	25.4	34.0	13.3	nan	nan	nan	4266.0	3600	4266.0
2022-05-24T07:23:54	99778.2	25.1	38.7	13.5	nan	nan	nan	4462.8	3600	4462.8
2022-05-24T08:23:59	99854.3	25.4	39.4	13.9	nan	nan	nan	4347.6	3600	4347.6
2022-05-24T09:24:04	99943.2	25.7	38.9	13.9	nan	nan	nan	4315.2	3600	4315.2
2022-05-24T10:24:05	99987.0	27.4	36.9	14.0	nan	nan	nan	4443.6	3600	4443.6
2022-05-24T11:24:11	99993.9	29.5	34.2	13.9	nan	nan	nan	4400.4	3600	4400.4
2022-05-24T12:24:18	99997.4	30.7	32.4	14.0	nan	nan	nan	4448.4	3600	4448.4
2022-05-24T13:24:20	100036.3	30.4	31.6	13.9	nan	nan	nan	4483.2	3600	4483.2
2022-05-24T14:24:24	100090.6	30.0	31.7	13.9	nan	nan	nan	4305.6	3600	4305.6
2022-05-24T15:24:30	100188.2	29.6	32.4	14.0	nan	nan	nan	4392.0	3600	4392.0
2022-05-24T16:24:33	100263.2	30.1	31.0	14.0	nan	nan	nan	4215.6	3600	4215.6
2022-05-24T17:24:39	100297.5	31.1	29.3	14.0	nan	nan	nan	4218.0	3600	4218.0
2022-05-24T18:24:40	100350.7	30.9	28.4	13.8	nan	nan	nan	4519.2	3600	4519.2
2022-05-24T19:24:42	100411.9	30.0	28.5	13.7	nan	nan	nan	4431.6	3600	4431.6
2022-05-24T20:24:45	100471.6	29.2	28.9	13.6	nan	nan	nan	4332.0	3600	4332.0
2022-05-24T21:24:46	100553.1	28.0	29.3	13.5	nan	nan	nan	4400.4	3600	4400.4
2022-05-24T22:24:50	100621.0	27.0	29.4	13.5	nan	nan	nan	4290.0	3600	4290.0
2022-05-24T23:24:52	100655.1	26.1	29.4	13.4	nan	nan	nan	4299.6	3600	4299.6
2022-05-25T00:24:59	100679.8	25.2	29.4	13.4	nan	nan	nan	4358.4	3600	4358.4
2022-05-25T01:25:07	100736.2	24.2	29.4	13.4	nan	nan	nan	4347.6	3600	4347.6
2022-05-25T02:25:19	100759.2	23.4	29.4	13.4	nan	nan	nan	4197.6	3600	4197.6
2022-05-25T03:25:21	100772.6	22.6	29.4	13.3	nan	nan	nan	4237.2	3600	4237.2
2022-05-25T04:25:30	100806.5	21.9	29.5	13.3	nan	nan	nan	4186.8	3600	4186.8
2022-05-25T05:25:37	100853.6	21.6	29.6	13.3	nan	nan	nan	4167.6	3600	4167.6
2022-05-25T06:25:40	100885.9	21.9	29.7	13.5	nan	nan	nan	4311.6	3600	4311.6
2022-05-25T07:25:49	100921.1	23.1	29.9	14.0	nan	nan	nan	4161.6	3600	4161.6
2022-05-25T08:25:56	100954.6	25.3	30.0	14.1	nan	nan	nan	4177.2	3600	4177.2
2022-05-25T09:25:58	101008.3	26.3	30.7	14.1	nan	nan	nan	4081.2	3600	4081.2
2022-05-25T10:25:59	101022.3	28.6	30.2	14.0	nan	nan	nan	4215.6	3600	4215.6
2022-05-25T11:26:06	101014.8	29.6	29.4	14.0	nan	nan	nan	4222.8	3600	4222.8
2022-05-25T12:26:09	100981.1	30.2	28.4	14.0	nan	nan	nan	4256.4	3600	4256.4
2022-05-25T13:26:10	100965.0	30.0	27.5	14.0	nan	nan	nan	4316.4	3600	4316.4
2022-05-25T14:26:11	100939.2	29.8	26.6	14.0	nan	nan	nan	4174.8	3600	4174.8
2022-05-25T15:26:15	100919.3	31.0	25.4	14.0	nan	nan	nan	4450.8	3600	4450.8
2022-05-25T16:26:17	100904.7	31.8	23.7	14.0	nan	nan	nan	4320.0	3600	4320.0
2022-05-25T17:26:21	100911.8	31.2	22.5	14.0	nan	nan	nan	4292.4	3600	4292.4
2022-05-25T18:26:24	100933.1	31.3	22.4	13.9	nan	nan	nan	4276.8	3600	4276.8
2022-05-25T19:26:27	100967.3	30.3	22.9	13.7	nan	nan	nan	4348.8	3600	4348.8
2022-05-25T20:26:30	100996.8	29.2	24.1	13.6	nan	nan	nan	4320.0	3600	4320.0
2022-05-25T21:26:37	101046.7	28.2	25.1	13.6	nan	nan	nan	4332.0	3600	4332.0
2022-05-25T22:26:46	101072.2	27.2	25.6	13.5	nan	nan	nan	4233.6	3600	4233.6
2022-05-25T23:26:47	101073.9	26.4	26.0	13.5	nan	nan	nan	4224.0	3600	4224.0
2022-05-26T00:26:51	101069.4	26.0	26.3	13.4	nan	nan	nan	4194.0	3600	4194.0
2022-05-26T01:26:53	101052.6	25.3	26.6	13.4	nan	nan	nan	4300.8	3600	4300.8
2022-05-26T02:26:54	101043.5	24.9	27.0	13.4	nan	nan	nan	4112.4	3600	4112.4
2022-05-26T03:26:59	101044.3	24.6	27.4	13.4	nan	nan	nan	4282.8	3600	4282.8
2022-05-26T04:27:07	101037.4	24.4	28.1	13.3	nan	nan	nan	4135.2	3600	4135.2
2022-05-26T05:27:09	101048.1	24.3	28.9	13.4	nan	nan	nan	4269.6	3600	4269.6
2022-05-26T06:27:19	101085.6	24.4	30.2	13.5	nan	nan	nan	4214.4	3600	4214.4
2022-05-26T07:27:24	101118.5	25.0	31.1	13.9	nan	nan	nan	4104.0	3600	4104.0
2022-05-26T08:27:27	101167.0	25.3	32.3	13.8	nan	nan	nan	4134.0	3600	4134.0
2022-05-26T09:27:31	101223.4	24.4	36.4	14.2	nan	nan	nan	4095.6	3600	4095.6
2022-05-26T10:27:36	101258.8	25.9	36.8	14.0	nan	nan	nan	4158.0	3600	4158.0
2022-05-26T11:27:40	101269.2	27.2	33.7	14.0	nan	nan	nan	4008.0	3600	4008.0
2022-05-26T12:27:48	101272.0	27.7	31.6	14.0	nan	nan	nan	4094.4	3600	4094.4
2022-05-26T13:27:50	101273.2	28.1	30.0	14.1	nan	nan	nan	4161.6	3600	4161.6
2022-05-26T14:27:55	101264.2	28.9	28.8	14.0	nan	nan	nan	4306.8	3600	4306.8
2022-05-26T15:28:01	101258.5	29.8	26.4	14.0	nan	nan	nan	4165.2	3600	4165.2
2022-05-26T16:28:12	101266.1	29.6	25.4	14.1	nan	nan	nan	4252.8	3600	4252.8
2022-05-26T17:28:19	101274.4	29.1	25.2	13.8	nan	nan	nan	4300.8	3600	4300.8
2022-05-26T18:28:29	101262.8	28.6	25.5	13.8	nan	nan	nan	4156.8	3600	4156.8
2022-05-26T19:28:32	101232.7	28.3	26.2	13.7	nan	nan	nan	4261.2	3600	4261.2
2022-05-26T20:28:34	101215.9	27.8	27.5	13.6	nan	nan	nan	4147.2	3600	4147.2
2022-05-26T21:28:36	101241.8	27.2	29.1	13.5	nan	nan	nan	4023.6	3600	4023.6
2022-05-26T22:28:46	101200.0	26.7	30.0	13.5	nan	nan	nan	4092.0	3600	4092.0
2022-05-26T23:28:53	101150.2	26.3	30.1	13.4	nan	nan	nan	4192.8	3600	4192.8
2022-05-27T00:28:57	101128.2	25.9	30.6	13.4	nan	nan	nan	4178.4	3600	4178.4
2022-05-27T01:28:58	101089.3	25.2	32.5	13.4	nan	nan	nan	4108.8	3600	4108.8
2022-05-27T02:29:03	101027.1	24.6	36.3	13.4	nan	nan	nan	4189.2	3600	4189.2
2022-05-27T03:29:09	100982.0	24.2	38.1	13.3	nan	nan	nan	4285.2	3600	4285.2
2022-05-27T04:29:14	100953.3	23.8	40.3	13.3	nan	nan	nan	4144.8	3600	4144.8
2022-05-27T05:29:25	100949.5	23.5	41.9	13.3	nan	nan	nan	4250.4	3600	4250.4
2022-05-27T06:29:26	100954.9	23.3	42.3	13.3	nan	nan	nan	4184.4	3600	4184.4
2022-05-27T07:29:30	100948.6	23.2	43.2	13.3	nan	nan	nan	4134.0	3600	4134.0
2022-05-27T08:29:35	100980.3	23.2	43.7	14.0	nan	nan	nan	3998.4	3600	3998.4
2022-05-27T09:29:43	100990.5	23.7	43.0	14.2	nan	nan	nan	3951.6	3600	3951.6
2022-05-27T10:29:44	100995.2	25.2	37.8	14.1	nan	nan	nan	4212.0	3600	4212.0
2022-05-27T11:29:48	100987.9	26.3	32.5	14.1	nan	nan	nan	4116.0	3600	4116.0
2022-05-27T12:29:49	100964.5	26.1	29.9	14.0	nan	nan	nan	4142.4	3600	4142.4
2022-05-27T13:29:55	100926.7	26.8	27.7	14.0	nan	nan	nan	4324.8	3600	4324.8
2022-05-27T14:30:01	100902.9	27.1	25.7	14.1	nan	nan	nan	4346.4	3600	4346.4
2022-05-27T15:30:10	100894.8	26.9	25.8	14.0	nan	nan	nan	4269.6	3600	4269.6
2022-05-27T16:30:13	100920.0	26.8	25.7	14.0	nan	nan	nan	4309.2	3600	4309.2
2022-05-27T17:30:21	100965.2	26.2	26.1	13.9	nan	nan	nan	4195.2	3600	4195.2
2022-05-27T18:30:30	101009.4	24.7	28.9	13.8	nan	nan	nan	4327.2	3600	4327.2
2022-05-27T19:30:32	101024.3	23.1	31.7	13.8	nan	nan	nan	4164.0	3600	4164.0
2022-05-27T20:30:33	101041.1	22.1	33.7	13.6	nan	nan	nan	4204.8	3600	4204.8
2022-05-27T21:30:36	101045.9	21.2	34.2	13.5	nan	nan	nan	4236.0	3600	4236.0
2022-05-27T22:30:38	101024.8	20.5	35.4	13.5	nan	nan	nan	4135.2	3600	4135.2
2022-05-27T23:30:51	101038.9	19.8	35.9	13.4	nan	nan	nan	4256.4	3600	4256.4
2022-05-28T00:30:54	100990.6	19.0	37.1	13.4	nan	nan	nan	4255.2	3600	4255.2
2022-05-28T01:30:59	100937.0	18.4	38.9	13.4	nan	nan	nan	4104.0	3600	4104.0
2022-05-28T02:31:01	100882.0	18.0	40.1	13.4	nan	nan	nan	4035.6	3600	4035.6
2022-05-28T03:31:06	100821.7	17.6	40.9	13.3	nan	nan	nan	4192.8	3600	4192.8
2022-05-28T04:31:08	100780.4	17.3	41.6	13.3	nan	nan	nan	4144.8	3600	4144.8
2022-05-28T05:31:11	100769.2	17.3	42.4	13.3	nan	nan	nan	4179.6	3600	4179.6
2022-05-28T06:31:27	100797.9	17.3	43.4	13.5	nan	nan	nan	4129.2	3600	4129.2
2022-05-28T07:31:30	100822.3	18.0	43.0	14.0	nan	nan	nan	4123.2	3600	4123.2
2022-05-28T08:31:38	100827.5	18.2	42.6	14.2	nan	nan	nan	4008.0	3600	4008.0
2022-05-28T09:31:42	100823.0	19.4	40.6	14.3	nan	nan	nan	4180.8	3600	4180.8
2022-05-28T10:31:43	100856.7	20.6	38.3	14.2	nan	nan	nan	4144.8	3600	4144.8
2022-05-28T11:31:47	100857.4	20.8	38.2	14.2	nan	nan	nan	4218.0	3600	4218.0
2022-05-28T12:31:49	100856.3	22.0	36.2	14.2	nan	nan	nan	4111.2	3600	4111.2
2022-05-28T13:31:52	100865.2	22.6	35.1	14.2	nan	nan	nan	4152.0	3600	4152.0
2022-05-28T14:31:54	100880.9	21.4	37.2	14.2	nan	nan	nan	4258.8	3600	4258.8
2022-05-28T15:31:58	100867.0	22.7	35.3	14.2	nan	nan	nan	4172.4	3600	4172.4
2022-05-28T16:32:01	100906.9	23.1	33.4	14.1	nan	nan	nan	4236.0	3600	4236.0
2022-05-28T17:32:07	100919.6	21.9	35.0	14.2	nan	nan	nan	4122.0	3600	4122.0
2022-05-28T18:32:09	100928.9	22.1	34.1	13.9	nan	nan	nan	4201.2	3600	4201.2
2022-05-28T19:32:24	100961.4	21.6	34.2	13.7	nan	nan	nan	4246.8	3600	4246.8
2022-05-28T20:32:29	100962.1	21.2	34.6	13.6	nan	nan	nan	4152.0	3600	4152.0
2022-05-28T21:32:35	100963.2	20.8	35.2	13.5	nan	nan	nan	4116.0	3600	4116.0
2022-05-28T22:32:39	100953.9	20.5	35.5	13.5	nan	nan	nan	4190.4	3600	4190.4
2022-05-28T23:32:49	100927.4	20.0	35.7	13.4	nan	nan	nan	4166.4	3600	4166.4
2022-05-29T00:32:51	100876.8	19.4	36.1	13.4	nan	nan	nan	4135.2	3600	4135.2
2022-05-29T01:32:52	100843.6	19.0	36.4	13.4	nan	nan	nan	4086.0	3600	4086.0
2022-05-29T02:32:57	100799.2	18.8	37.0	13.4	nan	nan	nan	4209.6	3600	4209.6
2022-05-29T03:33:03	100772.5	18.6	37.7	13.3	nan	nan	nan	4226.4	3600	4226.4
2022-05-29T04:33:11	100746.9	18.5	37.8	13.2	nan	nan	nan	4134.0	3600	4134.0
2022-05-29T05:33:17	100745.6	18.3	37.5	13.3	nan	nan	nan	4244.4	3600	4244.4
2022-05-29T06:33:20	100729.9	18.6	38.1	13.4	nan	nan	nan	4208.4	3600	4208.4
2022-05-29T07:33:30	100732.9	19.5	38.6	13.8	nan	nan	nan	4172.4	3600	4172.4
2022-05-29T08:33:45	100739.9	20.1	38.5	14.0	nan	nan	nan	4209.6	3600	4209.6
2022-05-29T09:33:50	100738.8	20.9	38.4	14.2	nan	nan	nan	4237.2	3600	4237.2
2022-05-29T10:33:57	100747.8	20.6	38.7	14.2	nan	nan	nan	4243.2	3600	4243.2
2022-05-29T11:33:59	100735.9	21.5	38.5	14.1	nan	nan	nan	4183.2	3600	4183.2
2022-05-29T12:34:02	100719.6	21.3	38.4	14.2	nan	nan	nan	4158.0	3600	4158.0
2022-05-29T13:34:07	100699.1	22.2	37.7	14.2	nan	nan	nan	4132.8	3600	4132.8
2022-05-29T14:34:11	100670.7	22.9	37.4	14.2	nan	nan	nan	4252.8	3600	4252.8
2022-05-29T15:34:19	100662.9	23.4	36.8	14.2	nan	nan	nan	4245.6	3600	4245.6
2022-05-29T16:34:22	100617.2	25.2	35.4	14.1	nan	nan	nan	4243.2	3600	4243.2
2022-05-29T17:34:25	100586.5	26.1	33.4	14.2	nan	nan	nan	4252.8	3600	4252.8
2022-05-29T18:34:26	100557.2	26.0	32.8	14.1	nan	nan	nan	4300.8	3600	4300.8
2022-05-29T19:34:30	100567.2	25.6	32.5	13.8	nan	nan	nan	4305.6	3600	4305.6
2022-05-29T20:34:33	100592.5	24.3	33.0	13.6	nan	nan	nan	4214.4	3600	4214.4
2022-05-29T21:34:38	100614.8	23.3	33.3	13.6	nan	nan	nan	4240.8	3600	4240.8
2022-05-29T22:34:40	100605.8	22.6	33.5	13.5	nan	nan	nan	4166.4	3600	4166.4
2022-05-29T23:34:45	100605.8	22.0	33.5	13.5	nan	nan	nan	4257.6	3600	4257.6
2022-05-30T00:34:48	100606.0	21.4	33.5	13.4	nan	nan	nan	4140.0	3600	4140.0
2022-05-30T01:34:49	100584.8	21.0	33.5	13.4	nan	nan	nan	4218.0	3600	4218.0
2022-05-30T02:34:56	100586.7	20.7	33.5	13.3	nan	nan	nan	4006.8	3600	4006.8
2022-05-30T03:34:57	100588.9	20.4	34.2	13.3	nan	nan	nan	4086.0	3600	4086.0
2022-05-30T04:35:03	100594.9	20.0	35.6	13.3	nan	nan	nan	4224.0	3600	4224.0
2022-05-30T05:35:06	100623.8	19.6	36.9	13.4	nan	nan	nan	4177.2	3600	4177.2
2022-05-30T06:35:21	100656.0	19.5	38.0	13.4	nan	nan	nan	4171.2	3600	4171.2
2022-05-30T07:35:22	100675.4	19.6	39.1	13.6	nan	nan	nan	4285.2	3600	4285.2
2022-05-30T08:35:32	100693.8	20.0	39.5	14.1	nan	nan	nan	4232.4	3600	4232.4
2022-05-30T09:35:37	100728.8	21.8	38.7	14.6	nan	nan	nan	4201.2	3600	4201.2
2022-05-30T10:35:41	100744.2	24.4	36.1	14.7	nan	nan	nan	4196.4	3600	4196.4
2022-05-30T11:35:44	100744.3	24.4	34.2	14.4	nan	nan	nan	4222.8	3600	4222.8
2022-05-30T12:35:45	100758.1	24.8	33.1	14.2	nan	nan	nan	4197.6	3600	4197.6
2022-05-30T13:35:50	100764.1	25.9	31.5	14.0	nan	nan	nan	4197.6	3600	4197.6
2022-05-30T14:35:52	100775.5	27.3	29.4	14.0	nan	nan	nan	4226.4	3600	4226.4
2022-05-30T15:36:02	100825.5	26.9	28.2	14.1	nan	nan	nan	4180.8	3600	4180.8
2022-05-30T16:36:04	100872.1	26.3	28.4	14.1	nan	nan	nan	4146.0	3600	4146.0
2022-05-30T17:36:11	100897.2	25.8	28.5	14.1	nan	nan	nan	4321.2	3600	4321.2
2022-05-30T18:36:13	100921.8	25.1	29.1	13.8	nan	nan	nan	4293.6	3600	4293.6
2022-05-30T19:36:21	100947.6	24.6	29.6	13.7	nan	nan	nan	4128.0	3600	4128.0
2022-05-30T20:36:25	100989.6	23.8	30.0	13.6	nan	nan	nan	4117.2	3600	4117.2
2022-05-30T21:36:28	101051.3	23.0	30.3	13.6	nan	nan	nan	4239.6	3600	4239.6
2022-05-30T22:36:30	101083.8	22.2	30.6	13.5	nan	nan	nan	4170.0	3600	4170.0
2022-05-30T23:36:32	101090.8	21.7	30.6	13.4	nan	nan	nan	4176.0	3600	4176.0
2022-05-31T00:36:37	101112.7	21.2	30.6	13.4	nan	nan	nan	4078.8	3600	4078.8
2022-05-31T01:36:41	101117.2	20.8	30.6	13.4	nan	nan	nan	4107.6	3600	4107.6
2022-05-31T02:36:50	101118.6	20.5	30.7	13.3	nan	nan	nan	4065.6	3600	4065.6
2022-05-31T03:37:02	101114.5	19.9	30.8	13.3	nan	nan	nan	3980.4	3600	3980.4
2022-05-31T04:37:07	101115.9	19.3	30.9	13.3	nan	nan	nan	4014.0	3600	4014.0
2022-05-31T05:37:11	101137.8	19.2	31.0	13.4	nan	nan	nan	4044.0	3600	4044.0
2022-05-31T06:37:13	101137.0	21.0	31.0	13.7	nan	nan	nan	4054.8	3600	4054.8
2022-05-31T07:37:16	101151.6	25.2	30.2	14.2	nan	nan	nan	4195.2	3600	4195.2
2022-05-31T08:37:17	101157.1	27.9	29.7	14.1	nan	nan	nan	4144.8	3600	4144.8
2022-05-31T09:37:19	101136.4	28.7	29.6	14.0	nan	nan	nan	4239.6	3600	4239.6
2022-05-31T10:37:21	101102.8	29.9	28.9	13.9	nan	nan	nan	4194.0	3600	4194.0
2022-05-31T11:37:26	101056.1	29.7	28.4	13.9	nan	nan	nan	4186.8	3600	4186.8
2022-05-31T12:37:27	101001.9	30.3	27.6	14.1	nan	nan	nan	4215.6	3600	4215.6
2022-05-31T13:37:31	100962.9	30.9	27.3	13.9	nan	nan	nan	4286.4	3600	4286.4
2022-05-31T14:37:36	100926.4	31.9	26.3	14.0	nan	nan	nan	4402.8	3600	4402.8
2022-05-31T15:37:37	100901.5	31.4	26.1	13.9	nan	nan	nan	4251.6	3600	4251.6
2022-05-31T16:37:41	100836.5	33.3	24.8	13.9	nan	nan	nan	4377.6	3600	4377.6
2022-05-31T17:37:45	100811.9	33.3	24.7	13.9	nan	nan	nan	4322.4	3600	4322.4
2022-05-31T18:37:48	100780.4	33.3	24.8	13.8	nan	nan	nan	4364.4	3600	4364.4
2022-05-31T19:38:01	100757.4	32.0	26.0	13.7	nan	nan	nan	4488.0	3600	4488.0
2022-05-31T20:38:03	100797.0	30.5	27.1	13.6	nan	nan	nan	4394.4	3600	4394.4
2022-05-31T21:38:09	100891.8	28.4	28.1	13.5	nan	nan	nan	4112.4	3600	4112.4
2022-05-31T22:38:14	100890.4	26.4	28.9	13.5	nan	nan	nan	4365.6	3600	4365.6
2022-05-31T23:38:22	100873.7	25.4	29.3	13.5	nan	nan	nan	4132.8	3600	4132.8
2022-06-01T00:38:30	100835.6	24.6	29.7	13.4	nan	nan	nan	4189.2	3600	4189.2
2022-06-01T01:38:36	100828.0	24.0	30.1	13.4	nan	nan	nan	4122.0	3600	4122.0
2022-06-01T02:38:41	100827.6	23.4	30.4	13.4	nan	nan	nan	4119.6	3600	4119.6
2022-06-01T03:38:43	100813.2	22.9	30.7	13.3	nan	nan	nan	4243.2	3600	4243.2
2022-06-01T04:38:45	100803.7	22.3	31.0	13.3	nan	nan	nan	4240.8	3600	4240.8
2022-06-01T05:38:58	100814.0	21.6	31.4	13.4	nan	nan	nan	4207.2	3600	4207.2
2022-06-01T06:38:59	100837.6	22.5	32.2	13.6	nan	nan	nan	4226.4	3600	4226.4
2022-06-01T07:39:06	100832.3	24.6	32.9	14.2	nan	nan	nan	4173.6	3600	4173.6
2022-06-01T08:39:15	100861.1	26.1	32.9	14.1	nan	nan	nan	4215.6	3600	4215.6
2022-06-01T09:39:21	100872.5	26.9	32.5	14.0	nan	nan	nan	4144.8	3600	4144.8
2022-06-01T10:39:22	100880.2	28.5	31.3	14.0	nan	nan	nan	4261.2	3600	4261.2
2022-06-01T11:39:23	100839.5	29.4	29.9	14.0	nan	nan	nan	4274.4	3600	4274.4
2022-06-01T12:39:27	100806.3	29.6	28.2	13.9	nan	nan	nan	4302.0	3600	4302.0
2022-06-01T13:39:33	100808.0	29.8	26.9	14.0	nan	nan	nan	4350.0	3600	4350.0
2022-06-01T14:39:45	100829.6	29.3	27.1	14.0	nan	nan	nan	4268.4	3600	4268.4
2022-06-01T15:39:51	100852.4	30.0	26.1	13.9	nan	nan	nan	4303.2	3600	4303.2
2022-06-01T16:39:55	100872.6	30.7	23.9	14.0	nan	nan	nan	4408.8	3600	4408.8
2022-06-01T17:39:56	100897.9	29.8	24.2	14.0	nan	nan	nan	4351.2	3600	4351.2
2022-06-01T18:40:01	100941.2	29.6	24.8	13.9	nan	nan	nan	4353.6	3600	4353.6
2022-06-01T19:40:07	100983.3	28.6	24.4	13.7	nan	nan	nan	4236.0	3600	4236.0
2022-06-01T20:40:11	101006.4	27.7	24.8	13.6	nan	nan	nan	4321.2	3600	4321.2
2022-06-01T21:40:14	101032.0	26.5	25.6	13.6	nan	nan	nan	4238.4	3600	4238.4
2022-06-01T22:40:21	101064.8	25.5	26.3	13.5	nan	nan	nan	4261.2	3600	4261.2
2022-06-01T23:40:23	101094.8	24.5	26.7	13.5	nan	nan	nan	4221.6	3600	4221.6
2022-06-02T00:40:24	101130.4	23.7	27.3	13.4	nan	nan	nan	4144.8	3600	4144.8
2022-06-02T01:40:26	101179.9	23.1	28.2	13.4	nan	nan	nan	4168.8	3600	4168.8
2022-06-02T02:40:37	101227.6	22.4	29.0	13.3	nan	nan	nan	4003.2	3600	4003.2
2022-06-02T03:40:39	101269.4	21.6	29.9	13.4	nan	nan	nan	4122.0	3600	4122.0
2022-06-02T04:40:47	101305.1	20.9	30.9	13.3	nan	nan	nan	4022.4	3600	4022.4
2022-06-02T05:40:54	101361.6	20.5	31.4	13.4	nan	nan	nan	4146.0	3600	4146.0
2022-06-02T06:41:00	101414.7	20.8	32.5	13.6	nan	nan	nan	3994.8	3600	3994.8
2022-06-02T07:41:15	101479.3	23.0	33.9	14.2	nan	nan	nan	4005.6	3600	4005.6
2022-06-02T08:41:25	101533.0	24.6	33.5	14.2	nan	nan	nan	3907.2	3600	3907.2
2022-06-02T09:41:32	101572.8	25.5	32.6	14.1	nan	nan	nan	4038.0	3600	4038.0
2022-06-02T10:41:37	101602.5	27.2	30.7	14.0	nan	nan	nan	4048.8	3600	4048.8
2022-06-02T11:41:44	101625.1	27.8	28.6	14.0	nan	nan	nan	4034.4	3600	4034.4
2022-06-02T12:41:49	101644.1	28.0	26.7	14.1	nan	nan	nan	4227.6	3600	4227.6
2022-06-02T13:41:55	101643.8	29.2	25.0	13.9	nan	nan	nan	4178.4	3600	4178.4
2022-06-02T14:41:58	101654.8	30.3	23.3	13.9	nan	nan	nan	4148.4	3600	4148.4
2022-06-02T15:42:04	101669.1	31.1	22.6	14.0	nan	nan	nan	4155.6	3600	4155.6
2022-06-02T16:42:05	101675.4	31.4	22.3	14.0	nan	nan	nan	4035.6	3600	4035.6
2022-06-02T17:42:07	101670.0	30.3	22.9	14.0	nan	nan	nan	4239.6	3600	4239.6
2022-06-02T18:42:10	101675.6	30.3	23.4	13.9	nan	nan	nan	4215.6	3600	4215.6
2022-06-02T19:42:14	101681.8	29.4	24.4	13.7	nan	nan	nan	4160.4	3600	4160.4
2022-06-02T20:42:19	101698.6	28.4	25.5	13.6	nan	nan	nan	4101.6	3600	4101.6
2022-06-02T21:42:20	101746.9	27.1	26.1	13.6	nan	nan	nan	4082.4	3600	4082.4
2022-06-02T22:42:21	101762.9	25.9	26.5	13.5	nan	nan	nan	4104.0	3600	4104.0
2022-06-02T23:42:30	101774.4	24.7	26.7	13.5	nan	nan	nan	4048.8	3600	4048.8
2022-06-03T00:42:38	101786.8	23.6	26.9	13.4	nan	nan	nan	4026.0	3600	4026.0
2022-06-03T01:42:43	101790.7	22.6	27.1	13.4	nan	nan	nan	3949.2	3600	3949.2
2022-06-03T02:42:45	101784.3	21.8	27.3	13.4	nan	nan	nan	4200.0	3600	4200.0
2022-06-03T03:42:53	101778.5	20.9	27.5	13.3	nan	nan	nan	3993.6	3600	3993.6
2022-06-03T04:42:59	101770.0	20.1	27.7	13.3	nan	nan	nan	4099.2	3600	4099.2
2022-06-03T05:43:05	101778.1	20.0	27.9	13.4	nan	nan	nan	4130.4	3600	4130.4
2022-06-03T06:43:09	101796.6	23.2	27.7	13.6	nan	nan	nan	4099.2	3600	4099.2
2022-06-03T07:43:12	101796.0	26.4	27.6	14.1	nan	nan	nan	3972.0	3600	3972.0
2022-06-03T08:43:20	101767.0	28.0	28.0	14.0	nan	nan	nan	4118.4	3600	4118.4
2022-06-03T09:43:27	101730.5	29.5	27.4	13.9	nan	nan	nan	4166.4	3600	4166.4
2022-06-03T10:43:35	101703.9	30.8	26.3	13.9	nan	nan	nan	3996.0	3600	3996.0
2022-06-03T11:43:39	101661.6	31.4	25.6	13.9	nan	nan	nan	4131.6	3600	4131.6
2022-06-03T12:43:44	101605.5	32.4	25.0	13.9	nan	nan	nan	4160.4	3600	4160.4
2022-06-03T13:43:47	101518.9	34.3	24.0	13.8	nan	nan	nan	4351.2	3600	4351.2
2022-06-03T14:43:50	101442.5	36.0	22.8	13.8	nan	nan	nan	4292.4	3600	4292.4
2022-06-03T15:43:57	101405.3	37.4	22.2	13.8	nan	nan	nan	4365.6	3600	4365.6
2022-06-03T16:44:06	101371.4	38.2	21.9	13.8	nan	nan	nan	4548.0	3600	4548.0
2022-06-03T17:44:10	101322.8	37.9	22.0	13.8	nan	nan	nan	4450.8	3600	4450.8
2022-06-03T18:44:12	101285.5	36.7	23.4	13.8	nan	nan	nan	4556.4	3600	4556.4
2022-06-03T19:44:14	101276.6	35.5	24.7	13.6	nan	nan	nan	4640.4	3600	4640.4
2022-06-03T20:44:17	101296.4	34.1	25.6	13.6	nan	nan	nan	4503.6	3600	4503.6
2022-06-03T21:44:19	101330.5	33.1	26.1	13.5	nan	nan	nan	4432.8	3600	4432.8
2022-06-03T22:44:24	101329.6	32.3	26.2	13.5	nan	nan	nan	4363.2	3600	4363.2
2022-06-03T23:44:28	101343.3	31.3	26.4	13.5	nan	nan	nan	4359.6	3600	4359.6
2022-06-04T00:44:38	101354.2	30.3	26.7	13.4	nan	nan	nan	4351.2	3600	4351.2
2022-06-04T01:44:45	101339.1	29.3	27.0	13.4	nan	nan	nan	4240.8	3600	4240.8
2022-06-04T02:44:46	101336.2	28.5	27.3	13.4	nan	nan	nan	4460.4	3600	4460.4
2022-06-04T03:44:52	101327.0	27.7	27.6	13.3	nan	nan	nan	4262.4	3600	4262.4
2022-06-04T04:44:57	101352.4	27.1	27.8	13.4	nan	nan	nan	4095.6	3600	4095.6
2022-06-04T05:45:04	101374.8	26.6	28.0	13.3	nan	nan	nan	4180.8	3600	4180.8
2022-06-04T06:45:07	101383.5	26.3	28.1	13.4	nan	nan	nan	4232.4	3600	4232.4
2022-06-04T07:45:18	101422.4	26.5	28.2	13.7	nan	nan	nan	4131.6	3600	4131.6
2022-06-04T08:45:19	101471.1	27.3	28.1	14.0	nan	nan	nan	4074.0	3600	4074.0
2022-06-04T09:45:29	101505.9	28.3	28.1	14.0	nan	nan	nan	4140.0	3600	4140.0
2022-06-04T10:45:30	101525.0	30.1	27.8	14.0	nan	nan	nan	4249.2	3600	4249.2
2022-06-04T11:45:37	101539.7	31.3	27.4	13.9	nan	nan	nan	4256.4	3600	4256.4
2022-06-04T12:45:38	101524.9	32.9	26.8	13.9	nan	nan	nan	4282.8	3600	4282.8
2022-06-04T13:45:46	101540.7	33.9	26.5	13.9	nan	nan	nan	4251.6	3600	4251.6
2022-06-04T14:45:50	101561.5	34.6	26.3	13.9	nan	nan	nan	4312.8	3600	4312.8
2022-06-04T15:45:58	101554.3	35.8	26.0	13.8	nan	nan	nan	4225.2	3600	4225.2
2022-06-04T16:45:59	101543.0	36.8	25.4	13.8	nan	nan	nan	4459.2	3600	4459.2
2022-06-04T17:46:00	101542.3	36.5	25.0	13.8	nan	nan	nan	4521.6	3600	4521.6
2022-06-04T18:46:05	101553.4	35.6	25.4	13.8	nan	nan	nan	4584.0	3600	4584.0
2022-06-04T19:46:15	101604.1	34.8	26.2	13.7	nan	nan	nan	4515.6	3600	4515.6
2022-06-04T20:46:21	101643.3	33.4	27.0	13.6	nan	nan	nan	4245.6	3600	4245.6
2022-06-04T21:46:24	101709.6	32.0	27.3	13.5	nan	nan	nan	4226.4	3600	4226.4
2022-06-04T22:46:25	101742.7	30.7	27.3	13.5	nan	nan	nan	4297.2	3600	4297.2
2022-06-04T23:46:26	101768.1	29.3	27.3	13.4	nan	nan	nan	4324.8	3600	4324.8
2022-06-05T00:46:31	101767.2	28.1	27.5	13.4	nan	nan	nan	4347.6	3600	4347.6
2022-06-05T01:46:33	101749.6	26.9	27.6	13.4	nan	nan	nan	4226.4	3600	4226.4
2022-06-05T02:46:37	101740.5	25.7	27.6	13.3	nan	nan	nan	4128.0	3600	4128.0
2022-06-05T03:46:40	101715.3	24.5	27.8	13.3	nan	nan	nan	4176.0	3600	4176.0
2022-06-05T04:46:47	101702.0	23.4	27.9	13.3	nan	nan	nan	4171.2	3600	4171.2
2022-06-05T05:46:52	101694.9	23.4	28.1	13.4	nan	nan	nan	4314.0	3600	4314.0
2022-06-05T06:46:59	101650.7	25.3	28.4	13.8	nan	nan	nan	4014.0	3600	4014.0
2022-06-05T07:47:02	101630.7	27.7	28.3	14.0	nan	nan	nan	4112.4	3600	4112.4
2022-06-05T08:47:04	101594.6	30.2	27.6	14.0	nan	nan	nan	4204.8	3600	4204.8
2022-06-05T09:47:23	101537.1	32.0	27.0	13.8	nan	nan	nan	4288.8	3600	4288.8
2022-06-05T10:47:31	101492.4	33.1	26.1	13.9	nan	nan	nan	4353.6	3600	4353.6
2022-06-05T11:47:34	101433.7	33.9	25.4	13.8	nan	nan	nan	4230.0	3600	4230.0
2022-06-05T12:47:36	101349.2	34.7	24.7	13.8	nan	nan	nan	4308.0	3600	4308.0
2022-06-05T13:47:39	101230.5	36.4	23.6	13.8	nan	nan	nan	4356.0	3600	4356.0
2022-06-05T14:47:41	101146.3	37.8	22.5	13.8	nan	nan	nan	4465.2	3600	4465.2
2022-06-05T15:47:52	101084.8	38.4	21.7	13.8	nan	nan	nan	4538.4	3600	4538.4
2022-06-05T16:47:53	101009.4	39.0	21.1	13.8	nan	nan	nan	4570.8	3600	4570.8
2022-06-05T17:48:02	100951.7	38.4	21.2	13.8	nan	nan	nan	4472.4	3600	4472.4
2022-06-05T18:48:07	100917.2	38.1	21.3	13.8	nan	nan	nan	4675.2	3600	4675.2
2022-06-05T19:48:09	100887.5	36.9	22.1	13.6	nan	nan	nan	4513.2	3600	4513.2
2022-06-05T20:48:11	100889.0	35.7	23.3	13.5	nan	nan	nan	4268.4	3600	4268.4
2022-06-05T21:48:19	100897.2	34.8	23.9	13.5	nan	nan	nan	4560.0	3600	4560.0
2022-06-05T22:48:20	100869.1	34.1	24.2	13.5	nan	nan	nan	4404.0	3600	4404.0
2022-06-05T23:48:25	100861.2	33.5	24.6	13.4	nan	nan	nan	4448.4	3600	4448.4
2022-06-06T00:48:27	100833.7	32.5	25.4	13.4	nan	nan	nan	4396.8	3600	4396.8
2022-06-06T01:48:38	100794.3	31.7	26.1	13.4	nan	nan	nan	4384.8	3600	4384.8
2022-06-06T02:48:41	100773.9	30.5	26.7	13.4	nan	nan	nan	4378.8	3600	4378.8
2022-06-06T03:48:48	100783.7	29.7	27.3	13.4	nan	nan	nan	4424.4	3600	4424.4
2022-06-06T04:48:57	100856.0	29.0	28.3	13.3	nan	nan	nan	4131.6	3600	4131.6
2022-06-06T05:48:58	100911.5	28.5	29.8	13.4	nan	nan	nan	4264.8	3600	4264.8
2022-06-06T06:49:06	100950.5	28.4	30.8	13.6	nan	nan	nan	4281.6	3600	4281.6
2022-06-06T07:49:17	101008.0	29.1	32.1	13.9	nan	nan	nan	4084.8	3600	4084.8
2022-06-06T08:49:19	101011.8	32.1	31.3	13.9	nan	nan	nan	4185.6	3600	4185.6
2022-06-06T09:49:23	101007.3	33.1	30.1	13.9	nan	nan	nan	4272.0	3600	4272.0
2022-06-06T10:49:27	101003.9	33.6	29.5	13.9	nan	nan	nan	4263.6	3600	4263.6
2022-06-06T11:49:31	101003.0	34.0	28.9	13.8	nan	nan	nan	4335.6	3600	4335.6
2022-06-06T12:49:37	100986.6	35.1	28.0	13.9	nan	nan	nan	4495.2	3600	4495.2
2022-06-06T13:49:42	100957.4	35.5	27.6	13.9	nan	nan	nan	4346.4	3600	4346.4
2022-06-06T14:49:45	100927.1	36.7	26.8	13.9	nan	nan	nan	4324.8	3600	4324.8
2022-06-06T15:49:49	100904.7	36.4	27.1	13.8	nan	nan	nan	4431.6	3600	4431.6
2022-06-06T16:49:50	100966.4	35.6	27.4	13.7	nan	nan	nan	4369.2	3600	4369.2
2022-06-06T17:49:55	100969.2	32.7	29.1	13.7	nan	nan	nan	4093.2	3600	4093.2
2022-06-06T18:50:01	100948.9	32.0	29.5	13.6	nan	nan	nan	4219.2	3600	4219.2
2022-06-06T19:50:05	100936.8	31.2	30.1	13.6	nan	nan	nan	4197.6	3600	4197.6
2022-06-06T20:50:11	100946.0	30.1	30.4	13.5	nan	nan	nan	4198.8	3600	4198.8
2022-06-06T21:50:14	100951.6	29.0	30.4	13.5	nan	nan	nan	4142.4	3600	4142.4
2022-06-06T22:50:18	100950.4	28.2	30.3	13.4	nan	nan	nan	4050.0	3600	4050.0
2022-06-06T23:50:19	100967.1	27.5	30.3	13.4	nan	nan	nan	4057.2	3600	4057.2
2022-06-07T00:50:23	100964.5	26.5	30.4	13.3	nan	nan	nan	4164.0	3600	4164.0
2022-06-07T01:50:24	100932.3	25.7	30.4	13.4	nan	nan	nan	4035.6	3600	4035.6
2022-06-07T02:50:33	100905.9	25.0	30.4	13.3	nan	nan	nan	4071.6	3600	4071.6
2022-06-07T03:50:36	100900.5	24.3	30.5	13.3	nan	nan	nan	4080.0	3600	4080.0
2022-06-07T04:50:41	100897.9	23.7	31.0	13.3	nan	nan	nan	3930.0	3600	3930.0
2022-06-07T05:50:48	100899.2	23.8	31.6	13.4	nan	nan	nan	4137.6	3600	4137.6
2022-06-07T06:50:54	100902.2	26.4	31.7	13.8	nan	nan	nan	4062.0	3600	4062.0
2022-06-07T07:50:55	100929.2	29.6	30.9	14.0	nan	nan	nan	3967.2	3600	3967.2
2022-06-07T08:50:57	100934.2	31.2	30.3	14.0	nan	nan	nan	4136.4	3600	4136.4
2022-06-07T09:51:02	100907.4	32.8	29.4	13.9	nan	nan	nan	4166.4	3600	4166.4
2022-06-07T10:51:06	100848.9	33.6	28.6	13.9	nan	nan	nan	4137.6	3600	4137.6
2022-06-07T11:51:07	100788.5	33.7	27.8	13.8	nan	nan	nan	4164.0	3600	4164.0
2022-06-07T12:51:09	100767.5	33.6	25.3	13.9	nan	nan	nan	4285.2	3600	4285.2
2022-06-07T13:51:12	100739.1	33.5	23.8	13.9	nan	nan	nan	4369.2	3600	4369.2
2022-06-07T14:51:16	100714.5	33.8	23.2	13.9	nan	nan	nan	4459.2	3600	4459.2
2022-06-07T15:51:21	100691.6	34.1	23.2	13.9	nan	nan	nan	4480.8	3600	4480.8
2022-06-07T16:51:25	100659.4	35.0	22.6	13.8	nan	nan	nan	4363.2	3600	4363.2
2022-06-07T17:51:31	100646.8	35.2	22.0	13.8	nan	nan	nan	4374.0	3600	4374.0
2022-06-07T18:51:33	100654.7	35.0	21.9	13.8	nan	nan	nan	4466.4	3600	4466.4
2022-06-07T19:51:41	100656.7	34.0	22.3	13.7	nan	nan	nan	4414.8	3600	4414.8
2022-06-07T20:51:47	100691.8	32.9	23.4	13.6	nan	nan	nan	4549.2	3600	4549.2
2022-06-07T21:51:56	100725.1	31.4	24.3	13.5	nan	nan	nan	4406.4	3600	4406.4
2022-06-07T22:52:01	100710.6	30.1	25.0	13.4	nan	nan	nan	4466.4	3600	4466.4
2022-06-07T23:52:06	100677.1	29.1	25.4	13.4	nan	nan	nan	4575.6	3600	4575.6
2022-06-08T00:52:07	100650.5	28.3	25.8	13.4	nan	nan	nan	4326.0	3600	4326.0
2022-06-08T01:52:14	100638.7	27.8	26.1	13.4	nan	nan	nan	4396.8	3600	4396.8
2022-06-08T02:52:19	100609.4	27.3	26.3	13.3	nan	nan	nan	4411.2	3600	4411.2
2022-06-08T03:52:25	100594.6	26.7	26.3	13.3	nan	nan	nan	4394.4	3600	4394.4
2022-06-08T04:52:26	100582.3	26.0	26.5	13.3	nan	nan	nan	4225.2	3600	4225.2
2022-06-08T05:52:30	100578.9	25.8	26.8	13.4	nan	nan	nan	4365.6	3600	4365.6
2022-06-08T06:52:32	100574.8	28.0	26.6	13.7	nan	nan	nan	4287.6	3600	4287.6
2022-06-08T07:52:40	100585.6	31.3	26.3	14.0	nan	nan	nan	4165.2	3600	4165.2
2022-06-08T08:52:42	100585.5	32.9	26.4	13.9	nan	nan	nan	4425.6	3600	4425.6
2022-06-08T09:52:43	100550.9	34.3	26.4	13.9	nan	nan	nan	4338.0	3600	4338.0
2022-06-08T10:52:47	100501.7	35.3	26.2	13.8	nan	nan	nan	4387.2	3600	4387.2
2022-06-08T11:52:50	100445.5	35.6	26.0	13.9	nan	nan	nan	4408.8	3600	4408.8
2022-06-08T12:52:53	100393.7	35.1	26.4	13.9	nan	nan	nan	4512.0	3600	4512.0
2022-06-08T13:52:59	100352.0	36.0	25.8	13.9	nan	nan	nan	4542.0	3600	4542.0
2022-06-08T14:53:05	100312.6	36.6	24.9	13.8	nan	nan	nan	4575.6	3600	4575.6
2022-06-08T15:53:14	100257.0	36.7	24.2	13.8	nan	nan	nan	4596.0	3600	4596.0
2022-06-08T16:53:26	100209.1	37.7	23.3	13.8	nan	nan	nan	4662.0	3600	4662.0
2022-06-08T17:53:32	100174.3	37.5	22.8	13.8	nan	nan	nan	4641.6	3600	4641.6
2022-06-08T18:53:33	100172.0	36.6	23.6	13.7	nan	nan	nan	4857.6	3600	4857.6
2022-06-08T19:53:39	100175.4	35.8	24.4	13.6	nan	nan	nan	5122.8	3600	5122.8
2022-06-08T20:53:40	100204.1	34.9	24.9	13.5	nan	nan	nan	5030.4	3600	5030.4
2022-06-08T21:53:42	100217.6	33.6	25.3	13.5	nan	nan	nan	4762.8	3600	4762.8
2022-06-08T22:53:44	100216.9	32.4	25.9	13.5	nan	nan	nan	4735.2	3600	4735.2
2022-06-08T23:53:48	100220.7	31.4	26.1	13.4	nan	nan	nan	4743.6	3600	4743.6
2022-06-09T00:54:38	100234.5	30.4	27.2	13.3	nan	nan	nan	4658.4	3600	4658.4
2022-06-09T01:54:44	100262.4	29.6	29.4	13.4	nan	nan	nan	4580.4	3600	4580.4
2022-06-09T02:54:48	100280.7	28.9	29.9	13.3	nan	nan	nan	4719.6	3600	4719.6
2022-06-09T03:54:49	100288.0	28.2	30.1	13.3	nan	nan	nan	4639.2	3600	4639.2
2022-06-09T04:54:55	100317.3	27.4	30.6	13.4	nan	nan	nan	4498.8	3600	4498.8
2022-06-09T05:55:00	100357.1	27.9	31.4	13.4	nan	nan	nan	4426.8	3600	4426.8
2022-06-09T06:55:08	100407.6	27.7	32.4	13.4	nan	nan	nan	4538.4	3600	4538.4
2022-06-09T07:55:12	100471.0	27.2	33.8	13.5	nan	nan	nan	4506.0	3600	4506.0
2022-06-09T08:55:16	100528.5	27.1	35.1	13.6	nan	nan	nan	4364.4	3600	4364.4
2022-06-09T09:55:23	100591.6	27.5	35.9	13.7	nan	nan	nan	4441.2	3600	4441.2
2022-06-09T10:55:30	100637.8	27.8	35.9	14.0	nan	nan	nan	4417.2	3600	4417.2
2022-06-09T11:55:35	100683.5	29.0	34.8	14.1	nan	nan	nan	4551.6	3600	4551.6
2022-06-09T12:55:37	100718.8	30.3	33.3	14.0	nan	nan	nan	4468.8	3600	4468.8
2022-06-09T13:55:39	100761.2	29.9	32.7	13.9	nan	nan	nan	4465.2	3600	4465.2
2022-06-09T14:55:41	100809.4	29.7	32.7	14.0	nan	nan	nan	4428.0	3600	4428.0
2022-06-09T15:55:43	100845.1	30.4	32.0	13.9	nan	nan	nan	4430.4	3600	4430.4
2022-06-09T16:55:49	100863.2	31.3	30.9	14.0	nan	nan	nan	4500.0	3600	4500.0
2022-06-09T17:55:59	100877.9	33.1	28.4	13.9	nan	nan	nan	4405.2	3600	4405.2
2022-06-09T18:56:02	100958.3	32.2	28.2	13.9	nan	nan	nan	4521.6	3600	4521.6
2022-06-09T19:56:03	101048.5	31.6	28.9	13.7	nan	nan	nan	4434.0	3600	4434.0
2022-06-09T20:56:11	101115.6	30.9	29.4	13.6	nan	nan	nan	4443.6	3600	4443.6
2022-06-09T21:56:17	101216.7	29.8	29.6	13.4	nan	nan	nan	4254.0	3600	4254.0
2022-06-09T22:56:20	101273.6	29.0	29.5	13.5	nan	nan	nan	4468.8	3600	4468.8
2022-06-09T23:56:35	101315.6	28.3	29.6	13.5	nan	nan	nan	4230.0	3600	4230.0
2022-06-10T00:56:39	101391.7	27.4	29.7	13.4	nan	nan	nan	4370.4	3600	4370.4
2022-06-10T01:56:44	101455.8	26.6	29.9	13.4	nan	nan	nan	4208.4	3600	4208.4
2022-06-10T02:56:50	101519.0	25.7	30.0	13.4	nan	nan	nan	4270.8	3600	4270.8
2022-06-10T03:57:00	101562.0	24.9	30.0	13.3	nan	nan	nan	4221.6	3600	4221.6
2022-06-10T04:57:10	101621.2	24.1	30.1	13.3	nan	nan	nan	4060.8	3600	4060.8
2022-06-10T05:57:13	101678.1	24.4	30.9	13.4	nan	nan	nan	4276.8	3600	4276.8
2022-06-10T06:57:16	101736.0	26.7	31.4	13.7	nan	nan	nan	4158.0	3600	4158.0
2022-06-10T07:57:25	101778.1	29.2	31.2	14.0	nan	nan	nan	4203.6	3600	4203.6
2022-06-10T08:57:32	101805.9	31.1	30.0	13.9	nan	nan	nan	4198.8	3600	4198.8
2022-06-10T09:57:38	101812.2	32.3	28.2	14.0	nan	nan	nan	4158.0	3600	4158.0
2022-06-10T10:57:43	101810.9	32.3	27.1	13.9	nan	nan	nan	4262.4	3600	4262.4
2022-06-10T11:57:44	101798.8	32.5	26.3	13.8	nan	nan	nan	4244.4	3600	4244.4
2022-06-10T12:57:45	101772.9	33.5	24.4	13.8	nan	nan	nan	4424.4	3600	4424.4
2022-06-10T13:57:54	101734.3	35.0	22.8	13.8	nan	nan	nan	4384.8	3600	4384.8
2022-06-10T14:57:56	101709.7	36.5	21.4	13.8	nan	nan	nan	4431.6	3600	4431.6
2022-06-10T15:58:03	101681.8	37.9	20.6	13.8	nan	nan	nan	4622.4	3600	4622.4
2022-06-10T16:58:04	101660.6	38.9	19.9	13.8	nan	nan	nan	4574.4	3600	4574.4
2022-06-10T17:58:09	101646.9	38.5	19.6	13.8	nan	nan	nan	4554.0	3600	4554.0
2022-06-10T18:58:14	101646.6	36.8	20.2	13.6	nan	nan	nan	4664.4	3600	4664.4
2022-06-10T19:58:24	101659.6	35.3	21.8	13.5	nan	nan	nan	4718.4	3600	4718.4
2022-06-10T20:58:29	101695.5	33.9	23.1	13.5	nan	nan	nan	4591.2	3600	4591.2
2022-06-10T21:58:35	101713.2	33.1	23.8	13.5	nan	nan	nan	4610.4	3600	4610.4
2022-06-10T22:58:38	101717.2	32.3	24.5	13.5	nan	nan	nan	4590.0	3600	4590.0
2022-06-10T23:58:42	101719.8	31.6	25.0	13.4	nan	nan	nan	4412.4	3600	4412.4
2022-06-11T00:58:49	101701.8	30.9	25.4	13.4	nan	nan	nan	4544.4	3600	4544.4
2022-06-11T01:58:54	101696.9	30.3	25.8	13.3	nan	nan	nan	4430.4	3600	4430.4
2022-06-11T02:58:59	101676.5	29.5	26.2	13.4	nan	nan	nan	4473.6	3600	4473.6
2022-06-11T03:59:03	101668.8	28.7	26.5	13.3	nan	nan	nan	4515.6	3600	4515.6
2022-06-11T04:59:10	101679.6	28.2	26.7	13.3	nan	nan	nan	4321.2	3600	4321.2
2022-06-11T05:59:19	101695.1	28.1	26.9	13.4	nan	nan	nan	4388.4	3600	4388.4
2022-06-11T06:59:25	101711.4	28.4	27.0	13.4	nan	nan	nan	4305.6	3600	4305.6
2022-06-11T07:59:29	101717.2	29.0	27.1	13.8	nan	nan	nan	4236.0	3600	4236.0
2022-06-11T08:59:36	101708.4	30.7	27.0	13.9	nan	nan	nan	4270.8	3600	4270.8
2022-06-11T09:59:39	101693.3	34.5	25.9	13.9	nan	nan	nan	4389.6	3600	4389.6
2022-06-11T10:59:43	101684.6	36.3	25.2	13.8	nan	nan	nan	4605.6	3600	4605.6
2022-06-11T11:59:50	101670.7	36.8	24.4	13.8	nan	nan	nan	4570.8	3600	4570.8
2022-06-11T12:59:56	101663.8	36.6	24.1	13.8	nan	nan	nan	4689.6	3600	4689.6
2022-06-11T14:00:03	101660.3	36.0	24.4	13.8	nan	nan	nan	4796.4	3600	4796.4
2022-06-11T15:00:05	101640.2	37.0	23.4	13.8	nan	nan	nan	4830.0	3600	4830.0
2022-06-11T16:00:10	101603.4	38.2	21.5	13.8	nan	nan	nan	4875.6	3600	4875.6
2022-06-11T17:00:12	101610.8	37.9	20.4	13.8	nan	nan	nan	4864.8	3600	4864.8
2022-06-11T18:00:16	101623.8	37.0	19.9	13.8	nan	nan	nan	4796.4	3600	4796.4
2022-06-11T19:00:18	101622.2	36.7	20.7	13.7	nan	nan	nan	4732.8	3600	4732.8
2022-06-11T20:00:21	101631.6	36.0	21.7	13.6	nan	nan	nan	4855.2	3600	4855.2
2022-06-11T21:00:23	101660.4	35.1	22.8	13.5	nan	nan	nan	4762.8	3600	4762.8
2022-06-11T22:00:32	101675.6	33.7	23.7	13.4	nan	nan	nan	4824.0	3600	4824.0
2022-06-11T23:00:36	101684.8	32.4	24.3	13.4	nan	nan	nan	4602.0	3600	4602.0
2022-06-12T00:00:43	101687.0	31.2	24.7	13.4	nan	nan	nan	4501.2	3600	4501.2
2022-06-12T01:00:45	101674.4	30.2	25.0	13.4	nan	nan	nan	4432.8	3600	4432.8
2022-06-12T02:00:48	101675.7	29.5	25.3	13.3	nan	nan	nan	4554.0	3600	4554.0
2022-06-12T03:00:51	101649.6	28.6	25.7	13.3	nan	nan	nan	4404.0	3600	4404.0
2022-06-12T04:00:57	101619.3	27.9	26.1	13.3	nan	nan	nan	4239.6	3600	4239.6
2022-06-12T05:00:58	101635.8	27.5	26.4	13.3	nan	nan	nan	4286.4	3600	4286.4
2022-06-12T06:01:04	101666.6	27.2	27.1	13.4	nan	nan	nan	4291.2	3600	4291.2
2022-06-12T07:01:12	101655.6	27.0	27.6	13.5	nan	nan	nan	4293.6	3600	4293.6
2022-06-12T08:01:15	101648.5	27.8	27.9	13.8	nan	nan	nan	4240.8	3600	4240.8
2022-06-12T09:01:20	101627.0	28.0	28.5	13.8	nan	nan	nan	4304.4	3600	4304.4
2022-06-12T10:01:21	101625.1	29.4	28.2	14.0	nan	nan	nan	4336.8	3600	4336.8
2022-06-12T11:01:22	101611.5	31.9	28.1	13.9	nan	nan	nan	4467.6	3600	4467.6
2022-06-12T12:01:25	101578.6	33.6	26.8	13.9	nan	nan	nan	4569.6	3600	4569.6
2022-06-12T13:01:27	101531.5	34.9	25.5	13.8	nan	nan	nan	4604.4	3600	4604.4
2022-06-12T14:01:29	101471.7	36.4	23.8	13.8	nan	nan	nan	4761.6	3600	4761.6
2022-06-12T15:01:38	101417.1	37.4	22.3	13.7	nan	nan	nan	4791.6	3600	4791.6
2022-06-12T16:01:40	101375.5	38.1	20.8	13.8	nan	nan	nan	4820.4	3600	4820.4
2022-06-12T17:01:43	101317.6	38.5	19.3	13.9	nan	nan	nan	5016.0	3600	5016.0
2022-06-12T18:01:44	101279.5	38.0	18.1	13.7	nan	nan	nan	4989.6	3600	4989.6
2022-06-12T19:01:45	101284.2	36.8	18.2	13.7	nan	nan	nan	5028.0	3600	5028.0
2022-06-12T20:01:49	101274.1	35.4	19.3	13.6	nan	nan	nan	4956.0	3600	4956.0
2022-06-12T21:01:52	101278.7	34.0	20.6	13.5	nan	nan	nan	4933.2	3600	4933.2
2022-06-12T22:01:53	101261.3	32.8	21.6	13.4	nan	nan	nan	4926.0	3600	4926.0
2022-06-12T23:01:56	101271.5	31.7	22.3	13.4	nan	nan	nan	4648.8	3600	4648.8
2022-06-13T00:01:58	101288.1	30.6	22.9	13.4	nan	nan	nan	4736.4	3600	4736.4
2022-06-13T01:02:06	101279.7	29.6	23.6	13.4	nan	nan	nan	4515.6	3600	4515.6
2022-06-13T02:02:12	101254.9	28.8	24.4	13.3	nan	nan	nan	4550.4	3600	4550.4
2022-06-13T03:02:18	101254.1	27.8	25.2	13.3	nan	nan	nan	4386.0	3600	4386.0
2022-06-13T04:02:22	101267.4	26.9	25.8	13.4	nan	nan	nan	4360.8	3600	4360.8
2022-06-13T05:02:28	101282.7	26.2	26.5	13.3	nan	nan	nan	4387.2	3600	4387.2
2022-06-13T06:02:39	101306.3	26.7	26.9	13.5	nan	nan	nan	4324.8	3600	4324.8
2022-06-13T07:02:43	101345.5	27.2	27.6	13.6	nan	nan	nan	4459.2	3600	4459.2
2022-06-13T08:02:48	101347.5	27.0	28.1	14.0	nan	nan	nan	4524.0	3600	4524.0
2022-06-13T09:02:51	101354.5	27.9	27.4	14.0	nan	nan	nan	4405.2	3600	4405.2
2022-06-13T10:02:54	101368.6	28.7	26.6	14.0	nan	nan	nan	4384.8	3600	4384.8
2022-06-13T11:02:58	101355.2	29.3	25.3	13.9	nan	nan	nan	4533.6	3600	4533.6
2022-06-13T12:02:59	101316.6	30.6	23.6	13.9	nan	nan	nan	4605.6	3600	4605.6
2022-06-13T13:03:03	101342.2	30.5	22.3	14.0	nan	nan	nan	4596.0	3600	4596.0
2022-06-13T14:03:05	101393.0	29.6	23.1	14.0	nan	nan	nan	4710.0	3600	4710.0
2022-06-13T15:03:13	101388.4	30.5	23.0	13.9	nan	nan	nan	4556.4	3600	4556.4
2022-06-13T16:03:14	101361.1	31.1	22.7	13.9	nan	nan	nan	4627.2	3600	4627.2
2022-06-13T17:03:15	101399.0	30.6	23.2	13.9	nan	nan	nan	4704.0	3600	4704.0
2022-06-13T18:03:17	101418.4	30.9	23.0	13.8	nan	nan	nan	4503.6	3600	4503.6
2022-06-13T19:03:21	101455.1	30.1	22.8	13.7	nan	nan	nan	4538.4	3600	4538.4
2022-06-13T20:03:24	101496.8	29.0	24.2	13.7	nan	nan	nan	4490.4	3600	4490.4
2022-06-13T21:03:27	101565.7	27.9	24.9	13.5	nan	nan	nan	4503.6	3600	4503.6
2022-06-13T22:03:29	101607.3	26.6	25.4	13.5	nan	nan	nan	4464.0	3600	4464.0
2022-06-13T23:03:32	101612.9	25.5	25.7	13.5	nan	nan	nan	4440.0	3600	4440.0
2022-06-14T00:03:33	101651.1	24.5	26.5	13.4	nan	nan	nan	4400.4	3600	4400.4
2022-06-14T01:03:38	101683.6	23.6	27.6	13.4	nan	nan	nan	4305.6	3600	4305.6
2022-06-14T02:03:40	101703.4	22.7	28.0	13.4	nan	nan	nan	4207.2	3600	4207.2
2022-06-14T03:03:45	101717.6	21.8	28.4	13.3	nan	nan	nan	4212.0	3600	4212.0
2022-06-14T04:03:50	101736.0	21.0	28.8	13.3	nan	nan	nan	4359.6	3600	4359.6
2022-06-14T05:03:54	101754.2	20.5	29.1	13.3	nan	nan	nan	4180.8	3600	4180.8
2022-06-14T06:04:03	101771.4	20.8	29.7	13.4	nan	nan	nan	4165.2	3600	4165.2
2022-06-14T07:04:05	101780.9	22.3	31.1	13.9	nan	nan	nan	4222.8	3600	4222.8
2022-06-14T08:04:09	101815.9	24.4	31.6	14.1	nan	nan	nan	4276.8	3600	4276.8
2022-06-14T09:04:16	101822.4	26.3	29.3	14.1	nan	nan	nan	4285.2	3600	4285.2
2022-06-14T12:38:48	101809.5	31.7	21.4	13.9	nan	nan	nan	4333.2	3600	4333.2
2022-06-14T13:38:53	101790.8	31.7	21.5	13.9	nan	nan	nan	4324.8	3600	4324.8
2022-06-14T14:38:56	101747.6	32.3	21.6	14.0	nan	nan	nan	4242.0	3600	4242.0
2022-06-14T15:39:02	101713.3	33.5	21.1	13.9	nan	nan	nan	4236.0	3600	4236.0
2022-06-14T16:39:08	101674.4	34.3	20.5	13.9	nan	nan	nan	4321.2	3600	4321.2
2022-06-14T17:39:10	101643.9	34.6	20.4	13.9	nan	nan	nan	4346.4	3600	4346.4
2022-06-14T18:39:14	101650.0	34.0	21.0	13.8	nan	nan	nan	4237.2	3600	4237.2
2022-06-14T19:39:15	101665.6	32.4	22.1	13.7	nan	nan	nan	4230.0	3600	4230.0
2022-06-14T20:39:19	101670.4	31.1	23.0	13.6	nan	nan	nan	4378.8	3600	4378.8
2022-06-14T21:39:20	101683.9	29.7	23.6	13.5	nan	nan	nan	4323.6	3600	4323.6
2022-06-14T22:39:22	101687.1	28.2	24.0	13.4	nan	nan	nan	4377.6	3600	4377.6
2022-06-14T23:39:27	101687.6	26.9	24.2	13.4	nan	nan	nan	4284.0	3600	4284.0
2022-06-15T00:39:28	101679.7	25.8	24.4	13.4	nan	nan	nan	4406.4	3600	4406.4
2022-06-15T01:39:37	101660.5	24.7	24.6	13.3	nan	nan	nan	4368.0	3600	4368.0
2022-06-15T02:39:41	101653.0	23.7	24.8	13.3	nan	nan	nan	4252.8	3600	4252.8
2022-06-15T03:39:42	101640.4	22.7	24.9	13.3	nan	nan	nan	4376.4	3600	4376.4
2022-06-15T04:39:45	101630.3	21.8	25.0	13.3	nan	nan	nan	4269.6	3600	4269.6
2022-06-15T05:39:49	101630.9	21.7	25.2	13.3	nan	nan	nan	4182.0	3600	4182.0
2022-06-15T06:39:51	101628.9	24.4	25.1	13.6	nan	nan	nan	4158.0	3600	4158.0
2022-06-15T07:40:00	101643.6	28.0	24.7	14.1	nan	nan	nan	4251.6	3600	4251.6
2022-06-15T08:40:01	101644.7	29.9	24.6	14.0	nan	nan	nan	4342.8	3600	4342.8
2022-06-15T09:40:05	101629.8	30.2	25.0	13.9	nan	nan	nan	4316.4	3600	4316.4
2022-06-15T10:40:09	101594.7	32.1	24.4	13.9	nan	nan	nan	4398.0	3600	4398.0
2022-06-15T11:40:11	101580.9	33.1	24.3	13.9	nan	nan	nan	4274.4	3600	4274.4
2022-06-15T12:40:12	101546.2	33.9	24.1	13.8	nan	nan	nan	4401.6	3600	4401.6
2022-06-15T13:40:23	101485.4	35.7	23.5	13.8	nan	nan	nan	4281.6	3600	4281.6
2022-06-15T14:40:25	101430.1	37.6	22.5	13.8	nan	nan	nan	4236.0	3600	4236.0
2022-06-15T15:40:31	101390.9	39.4	21.8	13.8	nan	nan	nan	4310.4	3600	4310.4
2022-06-15T16:40:32	101339.3	40.6	21.3	13.8	nan	nan	nan	4495.2	3600	4495.2
2022-06-15T17:40:40	101306.1	40.7	21.4	13.8	nan	nan	nan	4324.8	3600	4324.8
2022-06-15T18:40:46	101258.1	39.8	22.4	13.7	nan	nan	nan	4495.2	3600	4495.2
2022-06-15T19:40:47	101244.3	37.8	23.8	13.6	nan	nan	nan	4353.6	3600	4353.6
2022-06-15T20:40:48	101255.1	36.1	24.7	13.5	nan	nan	nan	4514.4	3600	4514.4
2022-06-15T21:40:49	101276.8	34.4	25.2	13.5	nan	nan	nan	4459.2	3600	4459.2
2022-06-15T22:40:50	101268.2	33.0	25.5	13.5	nan	nan	nan	4362.0	3600	4362.0
2022-06-15T23:40:54	101259.5	31.7	25.6	13.5	nan	nan	nan	4306.8	3600	4306.8
2022-06-16T00:40:57	101257.4	30.5	25.8	13.4	nan	nan	nan	4346.4	3600	4346.4
2022-06-16T01:41:00	101252.6	29.1	26.0	13.4	nan	nan	nan	4314.0	3600	4314.0
2022-06-16T02:41:01	101228.1	28.0	26.2	13.3	nan	nan	nan	4285.2	3600	4285.2
2022-06-16T03:41:03	101214.4	27.1	26.3	13.3	nan	nan	nan	4321.2	3600	4321.2
2022-06-16T04:41:04	101204.6	26.2	26.5	13.3	nan	nan	nan	4364.4	3600	4364.4
2022-06-16T05:41:13	101215.1	25.8	26.7	13.4	nan	nan	nan	4333.2	3600	4333.2
2022-06-16T06:41:17	101233.1	26.5	26.9	13.6	nan	nan	nan	4350.0	3600	4350.0
2022-06-16T07:41:23	101267.1	28.0	26.9	13.9	nan	nan	nan	4224.0	3600	4224.0
2022-06-16T08:41:28	101318.1	29.7	26.7	14.0	nan	nan	nan	4317.6	3600	4317.6
2022-06-16T09:41:33	101348.8	31.0	26.6	13.9	nan	nan	nan	4086.0	3600	4086.0
2022-06-16T10:41:42	101400.2	33.0	26.1	13.9	nan	nan	nan	4284.0	3600	4284.0
2022-06-16T11:41:44	101434.3	33.8	25.9	13.8	nan	nan	nan	4237.2	3600	4237.2
2022-06-16T12:41:50	101481.3	34.2	25.6	13.8	nan	nan	nan	4230.0	3600	4230.0
2022-06-16T13:41:59	101491.5	34.9	24.9	13.8	nan	nan	nan	4149.6	3600	4149.6
2022-06-16T14:42:02	101501.6	36.2	24.0	13.9	nan	nan	nan	4231.2	3600	4231.2
2022-06-16T15:42:03	101504.1	36.5	23.3	13.8	nan	nan	nan	4244.4	3600	4244.4
2022-06-16T16:42:06	101523.3	37.1	22.2	13.9	nan	nan	nan	4292.4	3600	4292.4
2022-06-16T17:42:07	101550.7	37.3	21.3	13.8	nan	nan	nan	4236.0	3600	4236.0
2022-06-16T18:42:09	101549.6	36.5	21.4	13.7	nan	nan	nan	4178.4	3600	4178.4
2022-06-16T19:42:13	101594.2	35.2	22.0	13.6	nan	nan	nan	4420.8	3600	4420.8
2022-06-16T20:42:17	101652.3	33.6	22.4	13.6	nan	nan	nan	4308.0	3600	4308.0
2022-06-16T21:42:24	101706.6	32.1	23.0	13.5	nan	nan	nan	4182.0	3600	4182.0
2022-06-16T22:42:31	101762.2	30.7	23.6	13.4	nan	nan	nan	4086.0	3600	4086.0
2022-06-16T23:42:33	101831.7	29.4	24.0	13.4	nan	nan	nan	4100.4	3600	4100.4
2022-06-17T00:42:39	101853.6	28.4	24.2	13.4	nan	nan	nan	4060.8	3600	4060.8
2022-06-17T01:42:44	101841.4	27.5	24.5	13.3	nan	nan	nan	4207.2	3600	4207.2
2022-06-17T02:42:48	101867.8	26.7	24.8	13.3	nan	nan	nan	4068.0	3600	4068.0
2022-06-17T03:42:49	101871.1	25.8	25.1	13.3	nan	nan	nan	4074.0	3600	4074.0
2022-06-17T04:42:57	101878.3	24.8	25.3	13.2	nan	nan	nan	4058.4	3600	4058.4
2022-06-17T05:43:02	101923.8	24.7	25.6	13.4	nan	nan	nan	4102.8	3600	4102.8
2022-06-17T06:43:05	101939.0	26.6	25.9	13.5	nan	nan	nan	4094.4	3600	4094.4
2022-06-17T07:43:11	101949.9	29.4	25.9	14.0	nan	nan	nan	4160.4	3600	4160.4
2022-06-17T08:43:16	101997.8	31.4	25.9	13.9	nan	nan	nan	4240.8	3600	4240.8
2022-06-17T09:43:17	102026.3	32.9	25.4	13.9	nan	nan	nan	4092.0	3600	4092.0
2022-06-17T10:43:19	102012.9	33.7	24.6	13.8	nan	nan	nan	4024.8	3600	4024.8
2022-06-17T11:43:22	101978.5	34.5	23.8	13.8	nan	nan	nan	4076.4	3600	4076.4
2022-06-17T12:43:23	101941.0	35.4	23.2	13.8	nan	nan	nan	4092.0	3600	4092.0
2022-06-17T13:43:26	101896.2	36.6	22.3	13.8	nan	nan	nan	4191.6	3600	4191.6
2022-06-17T14:43:32	101863.9	37.9	21.5	13.8	nan	nan	nan	4008.0	3600	4008.0
2022-06-17T15:43:35	101843.6	38.0	20.9	13.8	nan	nan	nan	4126.8	3600	4126.8
2022-06-17T16:43:39	101797.6	37.8	21.1	13.8	nan	nan	nan	4176.0	3600	4176.0
2022-06-17T17:43:42	101759.2	37.5	21.6	13.8	nan	nan	nan	4270.8	3600	4270.8
2022-06-17T18:43:43	101744.0	36.9	22.3	13.8	nan	nan	nan	4153.2	3600	4153.2
2022-06-17T19:43:47	101743.5	36.2	23.1	13.7	nan	nan	nan	4237.2	3600	4237.2
2022-06-17T20:43:54	101728.9	35.4	23.7	13.6	nan	nan	nan	4347.6	3600	4347.6
2022-06-17T21:43:57	101719.0	34.4	24.2	13.5	nan	nan	nan	4234.8	3600	4234.8
2022-06-17T22:43:58	101674.9	33.4	24.5	13.5	nan	nan	nan	4266.0	3600	4266.0
2022-06-17T23:44:04	101629.8	32.5	24.8	13.4	nan	nan	nan	4204.8	3600	4204.8
2022-06-18T00:44:11	101584.4	31.6	25.0	13.4	nan	nan	nan	4351.2	3600	4351.2
2022-06-18T01:44:16	101542.6	30.7	25.2	13.4	nan	nan	nan	4263.6	3600	4263.6
2022-06-18T02:44:21	101476.1	29.7	25.4	13.3	nan	nan	nan	4309.2	3600	4309.2
2022-06-18T03:44:26	101403.4	28.8	25.5	13.3	nan	nan	nan	4176.0	3600	4176.0
2022-06-18T04:44:34	101345.9	28.3	25.7	13.4	nan	nan	nan	4244.4	3600	4244.4
2022-06-18T05:44:41	101289.1	28.5	25.9	13.4	nan	nan	nan	4096.8	3600	4096.8
2022-06-18T06:44:44	101261.7	30.9	25.6	13.7	nan	nan	nan	4142.4	3600	4142.4
2022-06-18T07:44:46	101237.1	34.6	24.5	13.9	nan	nan	nan	4254.0	3600	4254.0
2022-06-18T08:44:47	101191.6	37.4	23.5	13.8	nan	nan	nan	4291.2	3600	4291.2
2022-06-18T09:44:50	101137.0	39.3	22.6	13.7	nan	nan	nan	4297.2	3600	4297.2
2022-06-18T10:44:51	101103.1	40.2	21.9	13.7	nan	nan	nan	4443.6	3600	4443.6
2022-06-18T11:44:58	101071.6	40.5	21.4	13.7	nan	nan	nan	4346.4	3600	4346.4
2022-06-18T12:45:03	101032.2	41.1	20.7	13.6	nan	nan	nan	4370.4	3600	4370.4
2022-06-18T13:45:04	100992.3	42.6	19.6	13.6	nan	nan	nan	4412.4	3600	4412.4
2022-06-18T14:45:10	100947.8	43.6	18.7	13.6	nan	nan	nan	4374.0	3600	4374.0
2022-06-18T15:45:11	100903.9	44.5	18.0	13.6	nan	nan	nan	4310.4	3600	4310.4
2022-06-18T16:45:17	100881.2	44.9	17.8	13.6	nan	nan	nan	4471.2	3600	4471.2
2022-06-18T17:45:22	100867.5	44.5	18.1	13.6	nan	nan	nan	4482.0	3600	4482.0
2022-06-18T18:45:28	100865.5	43.9	18.8	13.6	nan	nan	nan	4393.2	3600	4393.2
2022-06-18T19:45:34	100876.5	42.8	20.1	13.5	nan	nan	nan	4518.0	3600	4518.0
2022-06-18T20:45:37	100879.5	41.4	21.2	13.5	nan	nan	nan	4467.6	3600	4467.6
2022-06-18T21:45:43	100904.7	40.0	22.2	13.4	nan	nan	nan	4392.0	3600	4392.0
2022-06-18T22:45:45	100889.8	38.8	22.8	13.4	nan	nan	nan	4267.2	3600	4267.2
2022-06-18T23:45:47	100845.3	37.7	23.3	13.4	nan	nan	nan	4242.0	3600	4242.0
2022-06-19T00:45:52	100851.6	36.4	24.0	13.3	nan	nan	nan	4220.4	3600	4220.4
2022-06-19T01:45:54	100764.9	35.2	24.4	13.4	nan	nan	nan	4212.0	3600	4212.0
2022-06-19T02:45:55	100664.3	34.3	24.7	13.3	nan	nan	nan	4291.2	3600	4291.2
2022-06-19T03:46:01	100546.3	33.6	25.2	13.3	nan	nan	nan	4284.0	3600	4284.0
2022-06-19T04:46:07	100446.5	33.0	26.1	13.3	nan	nan	nan	4453.2	3600	4453.2
2022-06-19T05:46:16	100359.4	32.6	26.9	13.4	nan	nan	nan	4507.2	3600	4507.2
2022-06-19T06:46:17	100290.9	33.1	27.6	13.6	nan	nan	nan	4508.4	3600	4508.4
2022-06-19T07:46:24	100210.2	35.0	27.2	13.8	nan	nan	nan	4454.4	3600	4454.4
2022-06-19T08:46:25	100159.3	37.5	26.1	13.8	nan	nan	nan	4677.6	3600	4677.6
2022-06-19T09:46:36	100135.3	40.1	24.4	13.7	nan	nan	nan	4600.8	3600	4600.8
2022-06-19T10:46:40	100102.7	41.3	22.1	13.6	nan	nan	nan	4609.2	3600	4609.2
2022-06-19T11:46:43	100064.3	42.3	20.7	13.6	nan	nan	nan	4767.6	3600	4767.6
2022-06-19T12:46:46	100093.9	43.0	19.9	13.6	nan	nan	nan	4677.6	3600	4677.6
2022-06-19T13:46:52	100153.7	43.1	20.2	13.6	nan	nan	nan	4550.4	3600	4550.4
2022-06-19T14:46:55	100205.2	43.1	20.1	13.7	nan	nan	nan	4653.6	3600	4653.6
2022-06-19T15:47:00	100236.4	42.3	20.0	13.7	nan	nan	nan	4642.8	3600	4642.8
2022-06-19T16:47:07	100245.3	41.1	20.7	13.7	nan	nan	nan	4616.4	3600	4616.4
2022-06-19T17:47:09	100364.3	40.0	21.5	13.7	nan	nan	nan	4532.4	3600	4532.4
2022-06-19T18:47:11	100435.2	39.4	22.1	13.6	nan	nan	nan	4467.6	3600	4467.6
2022-06-19T19:47:16	100548.0	38.2	22.8	13.6	nan	nan	nan	4435.2	3600	4435.2
2022-06-19T20:47:18	100615.1	36.4	23.5	13.5	nan	nan	nan	4272.0	3600	4272.0
2022-06-19T21:47:21	100642.6	34.5	23.9	13.4	nan	nan	nan	4296.0	3600	4296.0
2022-06-19T22:47:26	100711.2	33.0	24.2	13.4	nan	nan	nan	4522.8	3600	4522.8
2022-06-19T23:47:30	100825.9	31.7	24.5	13.4	nan	nan	nan	4232.4	3600	4232.4
2022-06-20T00:47:33	100727.5	30.4	24.8	13.4	nan	nan	nan	4462.8	3600	4462.8
2022-06-20T01:47:39	100747.4	28.8	25.1	13.3	nan	nan	nan	4318.8	3600	4318.8
2022-06-20T02:47:41	100775.2	27.7	25.5	13.3	nan	nan	nan	4424.4	3600	4424.4
2022-06-20T03:47:50	100730.9	26.9	25.8	13.3	nan	nan	nan	4374.0	3600	4374.0
2022-06-20T04:47:54	100615.4	26.2	26.0	13.3	nan	nan	nan	4314.0	3600	4314.0
2022-06-20T05:48:01	100590.0	25.8	26.2	13.3	nan	nan	nan	4456.8	3600	4456.8
2022-06-20T06:48:02	100762.4	25.3	26.9	13.3	nan	nan	nan	4236.0	3600	4236.0
2022-06-20T07:48:10	100607.0	24.7	27.5	13.4	nan	nan	nan	3976.8	3600	3976.8
2022-06-20T08:48:11	100606.7	24.6	27.7	13.5	nan	nan	nan	4093.2	3600	4093.2
2022-06-20T09:48:12	100674.8	24.6	28.0	13.5	nan	nan	nan	3932.4	3600	3932.4
2022-06-20T10:48:13	100683.2	24.4	28.2	13.5	nan	nan	nan	4081.2	3600	4081.2
2022-06-20T11:48:18	100728.2	24.2	28.4	13.5	nan	nan	nan	4004.4	3600	4004.4
2022-06-20T12:48:25	100745.7	23.9	29.2	13.7	nan	nan	nan	3868.8	3600	3868.8
2022-06-20T13:48:28	100797.4	23.9	31.6	13.8	nan	nan	nan	3932.4	3600	3932.4
2022-06-20T14:48:32	100786.3	24.0	33.0	14.2	nan	nan	nan	3756.0	3600	3756.0
2022-06-20T15:48:35	100774.7	24.5	33.8	14.1	nan	nan	nan	3885.6	3600	3885.6
2022-06-20T16:48:37	100719.0	26.6	33.7	14.1	nan	nan	nan	4117.2	3600	4117.2
2022-06-20T17:48:39	100664.7	27.6	32.7	14.0	nan	nan	nan	4045.2	3600	4045.2
2022-06-20T18:48:45	100638.4	27.2	32.9	13.7	nan	nan	nan	3999.6	3600	3999.6
2022-06-20T19:48:54	100667.4	25.7	33.9	13.6	nan	nan	nan	3825.6	3600	3825.6
2022-06-20T20:48:55	100715.6	24.5	33.8	13.5	nan	nan	nan	4113.6	3600	4113.6
2022-06-20T21:49:07	100779.7	23.6	33.1	13.4	nan	nan	nan	4002.0	3600	4002.0
2022-06-20T22:49:10	100820.6	22.7	32.9	13.4	nan	nan	nan	3942.0	3600	3942.0
2022-06-20T23:49:14	100870.5	21.9	33.6	13.3	nan	nan	nan	3986.4	3600	3986.4
2022-06-21T00:49:17	100880.9	21.3	34.2	13.3	nan	nan	nan	3973.2	3600	3973.2
2022-06-21T01:49:20	100890.2	20.8	35.1	13.2	nan	nan	nan	3854.4	3600	3854.4
2022-06-21T02:49:29	100894.7	20.4	36.4	13.3	nan	nan	nan	3858.0	3600	3858.0
2022-06-21T03:49:34	100904.7	20.1	37.6	13.2	nan	nan	nan	3799.2	3600	3799.2
2022-06-21T04:49:36	100915.3	19.7	38.7	13.3	nan	nan	nan	3894.0	3600	3894.0
2022-06-21T05:49:38	100960.1	19.9	40.2	13.3	nan	nan	nan	4048.8	3600	4048.8
2022-06-21T06:49:45	101015.0	20.5	41.4	13.6	nan	nan	nan	3979.2	3600	3979.2
2022-06-21T07:49:48	101021.3	22.4	40.7	14.2	nan	nan	nan	3967.2	3600	3967.2
2022-06-21T08:49:54	101014.9	26.1	37.2	14.1	nan	nan	nan	3927.6	3600	3927.6
2022-06-21T09:50:03	101019.5	27.9	34.1	14.0	nan	nan	nan	4135.2	3600	4135.2
2022-06-21T10:50:09	101012.2	29.1	32.0	14.0	nan	nan	nan	4116.0	3600	4116.0
2022-06-21T11:50:12	101009.0	30.0	30.4	13.9	nan	nan	nan	4051.2	3600	4051.2
2022-06-21T12:50:17	101005.6	30.9	28.5	14.0	nan	nan	nan	4101.6	3600	4101.6
2022-06-21T13:50:18	100993.5	32.0	27.0	13.9	nan	nan	nan	4206.0	3600	4206.0
2022-06-21T14:50:26	100953.6	33.3	25.6	13.9	nan	nan	nan	4087.2	3600	4087.2
2022-06-21T15:50:32	100924.4	34.7	24.4	13.9	nan	nan	nan	4213.2	3600	4213.2
2022-06-21T16:50:34	100871.7	36.7	23.4	13.8	nan	nan	nan	4050.0	3600	4050.0
2022-06-21T17:50:41	100858.3	37.0	23.1	13.8	nan	nan	nan	4035.6	3600	4035.6
2022-06-21T18:50:44	100838.0	35.7	23.9	13.8	nan	nan	nan	4221.6	3600	4221.6
2022-06-21T19:50:45	100827.7	34.5	25.0	13.7	nan	nan	nan	4090.8	3600	4090.8
2022-06-21T20:50:52	100847.0	33.0	25.8	13.6	nan	nan	nan	4184.4	3600	4184.4
2022-06-21T21:50:53	100848.4	31.6	26.3	13.5	nan	nan	nan	4198.8	3600	4198.8
2022-06-21T22:50:54	100867.4	30.4	26.6	13.4	nan	nan	nan	4202.4	3600	4202.4
2022-06-21T23:50:57	100846.5	29.3	26.7	13.5	nan	nan	nan	4053.6	3600	4053.6
2022-06-22T00:50:58	100856.0	28.3	26.8	13.4	nan	nan	nan	4231.2	3600	4231.2
2022-06-22T01:51:01	100893.7	27.2	26.9	13.3	nan	nan	nan	4179.6	3600	4179.6
2022-06-22T02:51:08	100864.5	26.1	27.0	13.3	nan	nan	nan	4044.0	3600	4044.0
2022-06-22T03:51:13	100836.1	25.3	27.1	13.3	nan	nan	nan	4240.8	3600	4240.8
2022-06-22T04:51:15	100807.8	24.7	27.2	13.3	nan	nan	nan	4240.8	3600	4240.8
2022-06-22T05:51:17	100790.1	25.6	27.3	13.4	nan	nan	nan	4094.4	3600	4094.4
2022-06-22T06:51:20	100825.7	29.2	26.6	13.7	nan	nan	nan	4192.8	3600	4192.8
2022-06-22T07:51:23	100852.6	32.6	26.0	14.0	nan	nan	nan	4076.4	3600	4076.4
2022-06-22T08:51:28	100867.9	35.2	25.6	13.9	nan	nan	nan	4240.8	3600	4240.8
2022-06-22T09:51:36	100847.3	36.8	25.3	13.8	nan	nan	nan	4129.2	3600	4129.2
2022-06-22T10:51:39	100840.2	37.5	24.8	13.8	nan	nan	nan	4113.6	3600	4113.6
2022-06-22T11:51:43	100847.2	37.6	24.3	13.7	nan	nan	nan	4288.8	3600	4288.8
2022-06-22T12:51:49	100840.7	38.0	23.8	13.7	nan	nan	nan	4101.6	3600	4101.6
2022-06-22T13:51:56	100814.3	39.3	23.0	13.7	nan	nan	nan	4209.6	3600	4209.6
2022-06-22T14:52:01	100774.2	40.8	22.0	13.6	nan	nan	nan	4257.6	3600	4257.6
2022-06-22T15:52:06	100741.2	42.0	21.2	13.7	nan	nan	nan	4300.8	3600	4300.8
2022-06-22T16:52:08	100707.7	43.0	20.8	13.7	nan	nan	nan	4260.0	3600	4260.0
2022-06-22T17:52:14	100699.4	43.2	20.9	13.7	nan	nan	nan	4363.2	3600	4363.2
2022-06-22T18:52:18	100706.6	41.8	21.6	13.6	nan	nan	nan	4305.6	3600	4305.6
2022-06-22T19:52:20	100731.6	40.0	22.9	13.5	nan	nan	nan	4224.0	3600	4224.0
2022-06-22T20:52:21	100765.7	38.4	23.9	13.5	nan	nan	nan	4209.6	3600	4209.6
2022-06-22T21:52:27	100804.5	36.7	24.5	13.4	nan	nan	nan	4252.8	3600	4252.8
2022-06-22T22:52:28	100853.3	35.1	24.9	13.4	nan	nan	nan	4228.8	3600	4228.8
2022-06-22T23:52:31	100902.1	33.6	25.1	13.4	nan	nan	nan	4262.4	3600	4262.4
2022-06-23T00:52:35	100923.6	32.3	25.4	13.3	nan	nan	nan	4134.0	3600	4134.0
2022-06-23T01:52:36	100950.0	31.1	25.6	13.3	nan	nan	nan	4240.8	3600	4240.8
2022-06-23T02:52:38	100956.2	29.9	25.9	13.4	nan	nan	nan	4072.8	3600	4072.8
2022-06-23T03:52:39	100975.0	28.6	26.1	13.3	nan	nan	nan	4119.6	3600	4119.6
2022-06-23T04:52:47	101032.1	27.5	26.3	13.3	nan	nan	nan	4022.4	3600	4022.4
2022-06-23T05:52:50	101064.4	28.1	26.5	13.4	nan	nan	nan	3975.6	3600	3975.6
2022-06-23T06:52:55	101096.5	30.3	26.4	13.7	nan	nan	nan	4189.2	3600	4189.2
2022-06-23T07:53:00	101125.5	32.3	26.4	14.0	nan	nan	nan	4090.8	3600	4090.8
2022-06-23T08:53:04	101131.8	34.6	25.9	13.9	nan	nan	nan	4138.8	3600	4138.8
2022-06-23T09:53:07	101132.6	36.6	25.4	13.8	nan	nan	nan	4111.2	3600	4111.2
2022-06-23T10:53:11	101095.3	37.5	25.4	13.7	nan	nan	nan	4162.8	3600	4162.8
2022-06-23T11:53:14	101077.9	38.5	25.1	13.7	nan	nan	nan	4269.6	3600	4269.6
2022-06-23T12:53:19	101034.9	39.2	24.5	13.7	nan	nan	nan	4015.2	3600	4015.2
2022-06-23T13:53:23	100990.2	40.5	23.6	13.7	nan	nan	nan	4354.8	3600	4354.8
2022-06-23T14:53:24	100943.9	41.9	22.6	13.7	nan	nan	nan	4107.6	3600	4107.6
2022-06-23T15:53:26	100895.6	42.7	21.6	13.7	nan	nan	nan	4426.8	3600	4426.8
2022-06-23T16:53:30	100857.9	43.4	20.9	13.7	nan	nan	nan	4449.6	3600	4449.6
2022-06-23T17:53:34	100834.6	43.4	20.9	13.6	nan	nan	nan	4377.6	3600	4377.6
2022-06-23T18:53:40	100812.1	42.4	21.5	13.6	nan	nan	nan	4438.8	3600	4438.8
2022-06-23T19:53:44	100806.8	40.9	22.7	13.6	nan	nan	nan	4365.6	3600	4365.6
2022-06-23T20:53:45	100813.9	39.3	23.9	13.5	nan	nan	nan	4255.2	3600	4255.2
2022-06-23T21:53:53	100811.7	37.8	24.5	13.4	nan	nan	nan	4308.0	3600	4308.0
2022-06-23T22:53:56	100802.2	36.7	24.7	13.4	nan	nan	nan	4262.4	3600	4262.4
2022-06-23T23:53:58	100776.4	35.7	24.8	13.4	nan	nan	nan	4468.8	3600	4468.8
2022-06-24T00:54:02	100743.4	34.7	25.1	13.3	nan	nan	nan	4357.2	3600	4357.2
2022-06-24T01:54:07	100716.0	33.7	25.3	13.3	nan	nan	nan	4284.0	3600	4284.0
2022-06-24T02:54:12	100694.1	32.8	25.5	13.3	nan	nan	nan	4314.0	3600	4314.0
2022-06-24T03:54:14	100679.6	31.9	25.8	13.4	nan	nan	nan	4273.2	3600	4273.2
2022-06-24T04:54:17	100661.9	31.1	26.0	13.4	nan	nan	nan	4437.6	3600	4437.6
2022-06-24T05:54:27	100650.8	31.1	26.3	13.4	nan	nan	nan	4286.4	3600	4286.4
2022-06-24T06:54:33	100633.5	32.1	26.5	13.6	nan	nan	nan	4276.8	3600	4276.8
2022-06-24T07:54:38	100610.1	33.7	26.4	13.9	nan	nan	nan	4351.2	3600	4351.2
2022-06-24T08:54:44	100559.9	35.4	25.9	13.9	nan	nan	nan	4340.4	3600	4340.4
2022-06-24T09:54:45	100501.2	36.8	25.1	13.7	nan	nan	nan	4376.4	3600	4376.4
2022-06-24T10:54:50	100441.4	37.9	24.1	13.8	nan	nan	nan	4514.4	3600	4514.4
2022-06-24T11:54:51	100401.9	38.4	23.3	13.7	nan	nan	nan	4450.8	3600	4450.8
2022-06-24T12:54:52	100338.5	39.3	22.6	13.7	nan	nan	nan	4526.4	3600	4526.4
2022-06-24T13:54:56	100285.3	40.4	21.8	13.7	nan	nan	nan	4611.6	3600	4611.6
2022-06-24T14:55:01	100234.6	41.8	20.9	13.7	nan	nan	nan	4596.0	3600	4596.0
2022-06-24T15:55:07	100206.2	41.6	20.6	13.7	nan	nan	nan	4726.8	3600	4726.8
2022-06-24T16:55:16	100171.7	41.3	20.8	13.7	nan	nan	nan	4695.6	3600	4695.6
2022-06-24T17:55:21	100239.0	40.5	21.5	13.7	nan	nan	nan	4564.8	3600	4564.8
2022-06-24T18:55:23	100271.9	39.1	22.4	13.6	nan	nan	nan	4552.8	3600	4552.8
2022-06-24T19:55:30	100290.1	38.0	23.1	13.6	nan	nan	nan	4546.8	3600	4546.8
2022-06-24T20:55:34	100298.0	37.1	23.6	13.5	nan	nan	nan	4482.0	3600	4482.0
2022-06-24T21:55:36	100376.3	36.1	24.0	13.5	nan	nan	nan	4489.2	3600	4489.2
2022-06-24T22:55:39	100406.6	35.1	24.5	13.4	nan	nan	nan	4314.0	3600	4314.0
2022-06-24T23:55:40	100414.7	34.2	24.8	13.4	nan	nan	nan	4394.4	3600	4394.4
2022-06-25T00:55:41	100433.2	33.6	25.1	13.4	nan	nan	nan	4418.4	3600	4418.4
2022-06-25T01:55:49	100470.9	32.7	25.4	13.3	nan	nan	nan	4405.2	3600	4405.2
2022-06-25T02:55:51	100453.1	31.8	25.6	13.3	nan	nan	nan	4528.8	3600	4528.8
2022-06-25T03:55:53	100471.3	31.0	25.8	13.3	nan	nan	nan	4436.4	3600	4436.4
2022-06-25T04:55:56	100530.2	30.3	26.0	13.3	nan	nan	nan	4381.2	3600	4381.2
2022-06-25T05:55:58	100580.4	30.2	26.1	13.4	nan	nan	nan	4183.2	3600	4183.2
2022-06-25T06:56:00	100636.6	30.8	26.1	13.7	nan	nan	nan	4267.2	3600	4267.2
2022-06-25T07:56:04	100672.9	34.8	25.1	13.8	nan	nan	nan	4224.0	3600	4224.0
2022-06-25T08:56:10	100700.0	37.8	24.6	13.8	nan	nan	nan	4224.0	3600	4224.0
2022-06-25T09:56:12	100722.6	37.8	25.4	13.8	nan	nan	nan	4078.8	3600	4078.8
2022-06-25T10:56:15	100735.2	36.8	26.6	13.8	nan	nan	nan	4107.6	3600	4107.6
2022-06-25T11:56:20	100739.1	37.6	26.5	13.8	nan	nan	nan	4323.6	3600	4323.6
2022-06-25T12:56:23	100735.4	38.9	26.1	13.8	nan	nan	nan	4395.6	3600	4395.6
2022-06-25T13:56:26	100723.7	40.3	25.5	13.7	nan	nan	nan	4293.6	3600	4293.6
2022-06-25T14:56:31	100719.4	42.0	24.7	13.7	nan	nan	nan	4341.6	3600	4341.6
2022-06-25T15:56:32	100689.4	41.3	25.2	13.7	nan	nan	nan	4330.8	3600	4330.8
2022-06-25T16:56:44	100691.5	42.4	24.7	13.7	nan	nan	nan	4374.0	3600	4374.0
2022-06-25T17:56:49	100726.0	40.2	25.4	13.6	nan	nan	nan	4340.4	3600	4340.4
2022-06-25T18:56:56	100763.4	37.1	27.0	13.5	nan	nan	nan	4243.2	3600	4243.2
2022-06-25T19:56:59	100774.6	35.4	28.0	13.5	nan	nan	nan	4545.6	3600	4545.6
2022-06-25T20:57:01	100799.3	34.5	28.2	13.4	nan	nan	nan	4308.0	3600	4308.0
2022-06-25T21:57:08	100829.4	33.4	28.4	13.5	nan	nan	nan	4318.8	3600	4318.8
2022-06-25T22:57:09	100833.2	32.6	28.5	13.4	nan	nan	nan	4166.4	3600	4166.4
2022-06-25T23:57:14	100834.0	31.7	28.6	13.4	nan	nan	nan	4244.4	3600	4244.4
2022-06-26T00:57:16	100834.7	30.9	28.7	13.3	nan	nan	nan	4244.4	3600	4244.4
2022-06-26T01:57:17	100862.3	30.2	28.8	13.3	nan	nan	nan	4302.0	3600	4302.0
2022-06-26T02:57:19	100870.7	29.6	28.9	13.3	nan	nan	nan	4310.4	3600	4310.4
2022-06-26T03:57:26	100872.2	29.1	28.9	13.3	nan	nan	nan	4305.6	3600	4305.6
2022-06-26T04:57:29	100906.7	28.6	29.0	13.3	nan	nan	nan	4172.4	3600	4172.4
2022-06-26T05:57:32	100941.6	28.7	29.0	13.3	nan	nan	nan	4330.8	3600	4330.8
2022-06-26T06:57:37	100965.4	29.3	29.0	13.6	nan	nan	nan	4276.8	3600	4276.8
2022-06-26T07:57:41	100985.7	32.7	28.2	13.9	nan	nan	nan	4159.2	3600	4159.2
2022-06-26T08:57:50	101015.4	35.9	27.1	13.9	nan	nan	nan	4270.8	3600	4270.8
2022-06-26T09:57:56	101009.1	37.4	27.0	13.8	nan	nan	nan	4228.8	3600	4228.8
2022-06-26T10:58:02	101014.3	38.3	26.9	13.8	nan	nan	nan	4227.6	3600	4227.6
2022-06-26T11:58:07	101017.4	39.2	26.6	13.7	nan	nan	nan	4233.6	3600	4233.6
2022-06-26T12:58:11	100998.7	40.5	26.1	13.6	nan	nan	nan	4221.6	3600	4221.6
2022-06-26T13:58:14	100993.0	42.2	25.3	13.6	nan	nan	nan	4216.8	3600	4216.8
2022-06-26T14:58:22	100987.0	44.2	24.2	13.6	nan	nan	nan	4249.2	3600	4249.2
2022-06-26T15:58:28	100966.2	45.7	23.3	13.6	nan	nan	nan	4351.2	3600	4351.2
2022-06-26T16:58:29	100954.9	46.5	23.0	13.6	nan	nan	nan	4404.0	3600	4404.0
2022-06-26T17:58:35	100936.1	45.4	23.6	13.6	nan	nan	nan	4320.0	3600	4320.0
2022-06-26T18:58:38	100918.7	43.8	24.8	13.6	nan	nan	nan	4248.0	3600	4248.0
2022-06-26T19:58:42	100924.2	43.1	25.4	13.5	nan	nan	nan	4267.2	3600	4267.2
2022-06-26T20:58:45	100935.3	41.5	25.9	13.4	nan	nan	nan	4221.6	3600	4221.6
2022-06-26T21:58:47	100975.3	40.0	26.5	13.5	nan	nan	nan	4311.6	3600	4311.6
2022-06-26T22:58:48	100968.4	38.8	26.7	13.4	nan	nan	nan	4161.6	3600	4161.6
2022-06-26T23:58:49	100947.4	37.5	27.0	13.4	nan	nan	nan	4264.8	3600	4264.8
2022-06-27T00:58:52	100888.6	36.4	27.1	13.4	nan	nan	nan	4329.6	3600	4329.6
2022-06-27T01:58:59	100884.9	35.3	27.4	13.4	nan	nan	nan	4339.2	3600	4339.2
2022-06-27T02:59:02	100879.4	34.4	27.5	13.2	nan	nan	nan	4239.6	3600	4239.6
2022-06-27T03:59:09	100890.2	33.3	27.9	13.3	nan	nan	nan	4309.2	3600	4309.2
2022-06-27T04:59:12	100919.4	32.5	28.1	13.4	nan	nan	nan	4346.4	3600	4346.4
2022-06-27T05:59:16	100890.0	32.8	28.2	13.4	nan	nan	nan	4264.8	3600	4264.8
2022-06-27T06:59:18	100889.9	34.2	28.4	13.6	nan	nan	nan	4257.6	3600	4257.6
2022-06-27T07:59:24	100898.0	36.4	28.0	13.8	nan	nan	nan	4374.0	3600	4374.0
2022-06-27T08:59:28	100877.2	38.3	27.6	13.8	nan	nan	nan	4218.0	3600	4218.0
2022-06-27T09:59:39	100851.6	40.2	26.9	13.7	nan	nan	nan	4279.2	3600	4279.2
2022-06-27T10:59:41	100823.8	41.2	26.2	13.6	nan	nan	nan	4226.4	3600	4226.4
2022-06-27T11:59:44	100798.6	41.5	25.8	13.6	nan	nan	nan	4312.8	3600	4312.8
2022-06-27T12:59:45	100781.4	42.8	24.9	13.6	nan	nan	nan	4329.6	3600	4329.6
2022-06-27T13:59:50	100749.9	44.5	23.9	13.6	nan	nan	nan	4401.6	3600	4401.6
2022-06-27T14:59:57	100744.1	46.2	22.9	13.7	nan	nan	nan	4548.0	3600	4548.0
2022-06-27T16:00:03	100730.1	45.5	23.2	13.6	nan	nan	nan	4536.0	3600	4536.0
2022-06-27T17:00:12	100778.4	45.0	22.4	13.6	nan	nan	nan	4432.8	3600	4432.8
2022-06-27T18:00:19	100828.6	43.1	22.2	13.5	nan	nan	nan	4298.4	3600	4298.4
2022-06-27T19:00:28	100903.2	41.1	23.4	13.5	nan	nan	nan	4404.0	3600	4404.0
2022-06-27T20:00:33	100938.7	38.8	25.5	13.4	nan	nan	nan	4394.4	3600	4394.4
2022-06-27T21:00:35	101014.9	37.3	26.8	13.4	nan	nan	nan	4269.6	3600	4269.6
2022-06-27T22:00:36	101128.5	36.9	27.3	13.4	nan	nan	nan	4246.8	3600	4246.8
2022-06-27T23:00:42	101207.0	35.9	28.3	13.3	nan	nan	nan	4225.2	3600	4225.2
2022-06-28T00:00:47	101241.9	35.0	28.7	13.3	nan	nan	nan	4286.4	3600	4286.4
2022-06-28T01:00:53	101305.1	33.9	29.1	13.3	nan	nan	nan	3966.0	3600	3966.0
2022-06-28T02:00:54	101342.5	32.3	29.6	13.3	nan	nan	nan	3976.8	3600	3976.8
2022-06-28T03:01:03	101350.7	31.1	31.3	13.3	nan	nan	nan	3892.8	3600	3892.8
2022-06-28T04:01:05	101426.0	30.2	32.8	13.3	nan	nan	nan	4135.2	3600	4135.2
2022-06-28T05:01:09	101543.5	29.5	33.1	13.3	nan	nan	nan	4072.8	3600	4072.8
2022-06-28T06:01:18	101572.7	28.8	33.5	13.3	nan	nan	nan	4128.0	3600	4128.0
2022-06-28T07:01:21	101555.9	28.3	34.3	13.4	nan	nan	nan	4072.8	3600	4072.8
2022-06-28T08:01:24	101558.6	28.8	34.5	13.9	nan	nan	nan	4143.6	3600	4143.6
2022-06-28T09:01:33	101618.5	30.9	33.8	13.9	nan	nan	nan	4257.6	3600	4257.6
2022-06-28T10:01:38	101684.9	32.8	32.0	13.8	nan	nan	nan	4063.2	3600	4063.2
2022-06-28T11:01:41	101711.4	33.6	30.6	13.9	nan	nan	nan	4130.4	3600	4130.4
2022-06-28T12:01:45	101697.9	33.7	29.8	13.8	nan	nan	nan	4236.0	3600	4236.0
2022-06-28T13:01:52	101682.7	35.2	28.2	13.8	nan	nan	nan	4212.0	3600	4212.0
2022-06-28T14:01:54	101664.1	37.3	26.4	13.8	nan	nan	nan	4069.2	3600	4069.2
2022-06-28T15:01:55	101631.1	39.4	25.1	13.8	nan	nan	nan	4215.6	3600	4215.6
2022-06-28T16:01:59	101576.9	40.2	24.7	13.8	nan	nan	nan	4125.6	3600	4125.6
2022-06-28T17:02:00	101545.8	41.2	23.9	13.8	nan	nan	nan	4096.8	3600	4096.8
2022-06-28T18:02:12	101514.5	41.3	23.7	13.7	nan	nan	nan	4141.2	3600	4141.2
2022-06-28T19:02:17	101482.4	39.6	24.9	13.6	nan	nan	nan	4282.8	3600	4282.8
2022-06-28T20:02:22	101464.4	37.7	26.1	13.6	nan	nan	nan	4286.4	3600	4286.4
2022-06-28T21:02:26	101527.4	36.5	26.5	13.4	nan	nan	nan	4140.0	3600	4140.0
2022-06-28T22:02:31	101547.4	34.9	26.9	13.4	nan	nan	nan	3968.4	3600	3968.4
2022-06-28T23:02:37	101567.0	33.7	27.3	13.4	nan	nan	nan	4048.8	3600	4048.8
2022-06-29T00:02:42	101537.9	32.8	27.4	13.4	nan	nan	nan	4069.2	3600	4069.2
2022-06-29T01:02:45	101509.4	31.9	27.6	13.4	nan	nan	nan	4230.0	3600	4230.0
2022-06-29T02:02:55	101466.3	30.9	27.8	13.3	nan	nan	nan	4189.2	3600	4189.2
2022-06-29T03:03:00	101426.1	29.9	28.0	13.3	nan	nan	nan	4233.6	3600	4233.6
2022-06-29T04:03:02	101420.6	28.9	28.2	13.3	nan	nan	nan	4212.0	3600	4212.0
2022-06-29T05:03:04	101420.3	28.3	28.3	13.4	nan	nan	nan	4144.8	3600	4144.8
2022-06-29T06:03:15	101445.2	28.6	28.4	13.4	nan	nan	nan	4196.4	3600	4196.4
2022-06-29T07:03:18	101431.2	30.1	28.2	13.8	nan	nan	nan	4212.0	3600	4212.0
2022-06-29T08:03:27	101404.2	31.7	28.1	14.0	nan	nan	nan	4272.0	3600	4272.0
2022-06-29T09:03:30	101382.4	31.8	28.3	14.0	nan	nan	nan	4305.6	3600	4305.6
2022-06-29T10:03:33	101365.1	32.6	28.1	13.9	nan	nan	nan	4306.8	3600	4306.8
2022-06-29T11:03:36	101345.4	33.7	27.5	13.9	nan	nan	nan	4315.2	3600	4315.2
2022-06-29T12:03:37	101295.7	33.8	27.3	13.9	nan	nan	nan	4282.8	3600	4282.8
2022-06-29T13:03:45	101255.0	34.4	26.6	13.9	nan	nan	nan	4278.0	3600	4278.0
2022-06-29T14:03:50	101219.8	35.0	26.2	13.9	nan	nan	nan	4324.8	3600	4324.8
2022-06-29T15:03:51	101194.0	36.0	25.4	13.9	nan	nan	nan	4309.2	3600	4309.2
2022-06-29T16:03:59	101151.4	35.4	25.2	13.9	nan	nan	nan	4359.6	3600	4359.6
2022-06-29T17:04:06	101110.7	35.2	25.2	13.9	nan	nan	nan	4245.6	3600	4245.6
2022-06-29T18:04:08	101065.5	36.2	24.2	13.9	nan	nan	nan	4354.8	3600	4354.8
2022-06-29T19:04:10	101043.5	35.5	24.3	13.7	nan	nan	nan	4333.2	3600	4333.2
2022-06-29T20:04:14	101033.4	34.5	24.8	13.6	nan	nan	nan	4280.4	3600	4280.4
2022-06-29T21:04:15	101055.1	33.5	25.4	13.5	nan	nan	nan	4327.2	3600	4327.2
2022-06-29T22:04:21	101046.1	32.5	25.9	13.5	nan	nan	nan	4246.8	3600	4246.8
2022-06-29T23:04:22	101020.0	31.6	26.2	13.5	nan	nan	nan	4378.8	3600	4378.8
2022-06-30T00:04:23	101009.6	30.8	26.5	13.4	nan	nan	nan	4351.2	3600	4351.2
2022-06-30T01:04:28	100970.8	30.2	26.7	13.4	nan	nan	nan	4274.4	3600	4274.4
2022-06-30T02:04:31	100951.1	29.8	26.9	13.4	nan	nan	nan	4314.0	3600	4314.0
2022-06-30T03:04:43	100935.9	29.4	27.1	13.3	nan	nan	nan	4408.8	3600	4408.8
2022-06-30T04:04:46	100902.8	29.2	27.2	13.3	nan	nan	nan	4357.2	3600	4357.2
2022-06-30T05:04:48	100865.4	29.0	27.4	13.3	nan	nan	nan	4440.0	3600	4440.0
2022-06-30T06:04:53	100849.8	29.1	27.6	13.5	nan	nan	nan	4293.6	3600	4293.6
2022-06-30T07:04:56	100845.4	30.1	27.5	13.7	nan	nan	nan	4294.8	3600	4294.8
2022-06-30T08:04:57	100868.6	31.4	27.3	13.9	nan	nan	nan	4388.4	3600	4388.4
2022-06-30T09:05:00	100874.6	32.1	27.4	14.4	nan	nan	nan	4351.2	3600	4351.2
2022-06-30T10:05:02	100845.9	34.9	26.4	14.3	nan	nan	nan	4338.0	3600	4338.0
2022-06-30T11:05:03	100820.1	36.5	26.2	13.8	nan	nan	nan	4291.2	3600	4291.2
2022-06-30T12:05:09	100817.3	36.5	26.6	13.8	nan	nan	nan	4358.4	3600	4358.4
2022-06-30T13:05:11	100790.4	38.0	26.3	13.7	nan	nan	nan	4370.4	3600	4370.4
2022-06-30T14:05:15	100767.3	38.8	26.0	13.8	nan	nan	nan	4330.8	3600	4330.8
2022-06-30T15:05:21	100744.4	39.5	25.8	13.7	nan	nan	nan	4240.8	3600	4240.8
2022-06-30T16:05:28	100740.4	40.9	25.1	13.7	nan	nan	nan	4327.2	3600	4327.2
2022-06-30T17:05:30	100704.2	41.9	24.5	13.7	nan	nan	nan	4446.0	3600	4446.0
2022-06-30T18:05:36	100669.5	42.2	24.3	13.7	nan	nan	nan	4363.2	3600	4363.2
2022-06-30T19:05:41	100652.1	40.8	25.3	13.7	nan	nan	nan	4390.8	3600	4390.8
2022-06-30T20:05:43	100668.7	39.6	26.1	13.6	nan	nan	nan	4227.6	3600	4227.6
2022-06-30T21:05:44	100688.5	38.3	26.7	13.5	nan	nan	nan	4348.8	3600	4348.8
2022-06-30T22:05:47	100707.6	37.1	27.1	13.5	nan	nan	nan	4312.8	3600	4312.8
2022-06-30T23:05:52	100689.0	36.0	27.3	13.4	nan	nan	nan	4257.6	3600	4257.6
2022-07-01T00:05:53	100693.8	35.1	27.5	13.4	nan	nan	nan	4387.2	3600	4387.2
2022-07-01T01:05:55	100699.7	34.3	27.7	13.3	nan	nan	nan	4310.4	3600	4310.4
2022-07-01T02:05:59	100682.6	33.5	27.9	13.4	nan	nan	nan	4336.8	3600	4336.8
2022-07-01T03:06:04	100639.6	32.9	28.2	13.3	nan	nan	nan	4281.6	3600	4281.6
2022-07-01T04:06:09	100642.6	32.2	28.5	13.3	nan	nan	nan	4425.6	3600	4425.6
2022-07-01T05:06:13	100650.6	31.8	28.9	13.3	nan	nan	nan	4270.8	3600	4270.8
2022-07-01T06:06:14	100707.3	32.3	29.7	13.4	nan	nan	nan	4333.2	3600	4333.2
2022-07-01T07:06:18	100777.9	32.4	30.6	13.5	nan	nan	nan	4278.0	3600	4278.0
2022-07-01T08:06:20	100798.0	34.0	30.4	13.9	nan	nan	nan	4450.8	3600	4450.8
2022-07-01T09:06:25	100820.7	35.7	29.8	13.9	nan	nan	nan	4482.0	3600	4482.0
2022-07-01T10:06:29	100890.2	35.3	30.6	13.8	nan	nan	nan	4528.8	3600	4528.8
2022-07-01T11:06:33	101000.0	32.3	32.4	13.6	nan	nan	nan	4128.0	3600	4128.0
2022-07-01T12:06:41	101095.6	30.4	34.2	13.5	nan	nan	nan	3788.4	3600	3788.4
2022-07-01T13:06:47	101103.1	29.4	35.5	13.8	nan	nan	nan	3711.6	3600	3711.6
2022-07-01T14:06:54	101063.6	29.3	36.7	13.9	nan	nan	nan	3744.0	3600	3744.0
2022-07-01T15:07:00	101196.1	29.0	36.8	13.6	nan	nan	nan	3729.6	3600	3729.6
2022-07-01T16:07:02	101254.6	28.4	36.4	13.7	nan	nan	nan	3870.0	3600	3870.0
2022-07-01T17:07:07	101305.1	27.8	36.9	13.7	nan	nan	nan	3790.8	3600	3790.8
2022-07-01T18:07:17	101356.9	27.2	37.0	13.6	nan	nan	nan	3763.2	3600	3763.2
2022-07-01T19:07:23	101407.4	26.9	36.8	13.5	nan	nan	nan	3888.0	3600	3888.0
2022-07-01T20:07:28	101450.9	26.7	36.5	13.4	nan	nan	nan	3802.8	3600	3802.8
2022-07-01T21:07:30	101552.6	26.4	36.4	13.4	nan	nan	nan	3859.2	3600	3859.2
2022-07-01T22:07:38	101649.1	26.1	36.0	13.3	nan	nan	nan	3714.0	3600	3714.0
2022-07-01T23:07:43	101664.8	25.8	35.5	13.3	nan	nan	nan	3562.8	3600	3562.8
2022-07-02T00:07:54	101698.4	25.3	35.0	13.3	nan	nan	nan	3685.2	3600	3685.2
2022-07-02T01:07:55	101718.5	24.7	34.5	13.3	nan	nan	nan	3591.6	3600	3591.6
2022-07-02T02:07:56	101726.8	24.2	33.9	13.2	nan	nan	nan	3632.4	3600	3632.4
2022-07-02T03:08:03	101741.9	23.7	33.5	13.2	nan	nan	nan	3709.2	3600	3709.2
2022-07-02T04:08:07	101768.9	23.3	33.2	13.2	nan	nan	nan	3642.0	3600	3642.0
2022-07-02T05:08:08	101818.0	22.8	33.1	13.3	nan	nan	nan	3616.8	3600	3616.8
2022-07-02T06:08:14	101854.3	23.9	33.0	13.3	nan	nan	nan	3676.8	3600	3676.8
2022-07-02T07:08:20	101889.3	26.9	32.4	13.8	nan	nan	nan	3790.8	3600	3790.8
2022-07-02T08:08:21	101936.8	29.5	31.8	14.0	nan	nan	nan	3726.0	3600	3726.0
2022-07-02T09:08:27	101976.6	32.0	30.9	14.0	nan	nan	nan	3696.0	3600	3696.0
2022-07-02T10:08:32	102014.0	33.7	30.0	13.9	nan	nan	nan	3638.4	3600	3638.4
2022-07-02T11:08:33	101989.8	34.5	29.2	13.8	nan	nan	nan	3686.4	3600	3686.4
2022-07-02T12:08:34	101969.5	34.5	29.0	13.8	nan	nan	nan	3740.4	3600	3740.4
2022-07-02T13:08:39	101937.7	35.3	28.0	13.8	nan	nan	nan	3710.4	3600	3710.4
2022-07-02T14:08:44	101907.9	37.0	26.8	13.8	nan	nan	nan	3690.0	3600	3690.0
2022-07-02T15:08:46	101859.5	38.6	26.0	13.8	nan	nan	nan	3796.8	3600	3796.8
2022-07-02T16:08:52	101811.5	40.0	25.1	13.8	nan	nan	nan	3891.6	3600	3891.6
2022-07-02T17:08:57	101749.1	40.6	24.5	13.8	nan	nan	nan	3835.2	3600	3835.2
2022-07-02T18:08:58	101706.4	40.3	24.4	13.7	nan	nan	nan	3812.4	3600	3812.4
2022-07-02T19:09:04	101655.8	39.0	24.9	13.7	nan	nan	nan	3868.8	3600	3868.8
2022-07-02T20:09:09	101628.6	36.9	25.8	13.6	nan	nan	nan	3867.6	3600	3867.6
2022-07-02T21:09:22	101621.1	35.3	26.6	13.5	nan	nan	nan	3934.8	3600	3934.8
2022-07-02T22:09:28	101605.1	33.8	27.2	13.4	nan	nan	nan	3933.6	3600	3933.6
2022-07-02T23:09:30	101610.2	32.6	27.6	13.4	nan	nan	nan	3747.6	3600	3747.6
2022-07-03T00:09:34	101599.4	31.5	27.8	13.4	nan	nan	nan	3916.8	3600	3916.8
2022-07-03T01:09:37	101593.2	30.6	27.9	13.3	nan	nan	nan	3884.4	3600	3884.4
2022-07-03T02:09:42	101553.6	29.6	28.1	13.3	nan	nan	nan	3933.6	3600	3933.6
2022-07-03T03:09:52	101517.7	28.7	28.2	13.3	nan	nan	nan	3876.0	3600	3876.0
2022-07-03T04:09:56	101501.5	27.9	28.4	13.3	nan	nan	nan	3824.4	3600	3824.4
2022-07-03T05:10:01	101494.5	27.2	28.5	13.3	nan	nan	nan	3829.2	3600	3829.2
2022-07-03T06:10:10	101468.2	27.7	28.8	13.4	nan	nan	nan	3806.4	3600	3806.4
2022-07-03T07:10:11	101441.9	29.4	28.8	13.8	nan	nan	nan	3840.0	3600	3840.0
2022-07-03T08:10:14	101413.9	31.4	28.4	14.0	nan	nan	nan	3963.6	3600	3963.6
2022-07-03T09:10:16	101386.6	33.0	27.9	13.9	nan	nan	nan	3888.0	3600	3888.0
2022-07-03T10:10:24	101343.1	34.1	27.4	13.8	nan	nan	nan	3812.4	3600	3812.4
2022-07-03T11:10:29	101331.9	35.0	26.7	13.8	nan	nan	nan	3972.0	3600	3972.0
2022-07-03T12:10:38	101295.7	36.1	26.2	13.8	nan	nan	nan	3970.8	3600	3970.8
2022-07-03T13:10:42	101234.7	38.1	25.5	13.7	nan	nan	nan	4028.4	3600	4028.4
2022-07-03T14:10:55	101197.5	40.4	24.6	13.7	nan	nan	nan	4010.4	3600	4010.4
2022-07-03T15:10:58	101164.3	40.9	24.4	13.7	nan	nan	nan	4030.8	3600	4030.8
2022-07-03T16:11:01	101122.0	42.2	23.9	13.7	nan	nan	nan	3904.8	3600	3904.8
2022-07-03T17:11:04	101086.1	42.5	23.7	13.7	nan	nan	nan	4119.6	3600	4119.6
2022-07-03T18:11:08	101042.4	42.4	23.7	13.7	nan	nan	nan	4194.0	3600	4194.0
2022-07-03T19:11:14	101010.3	41.4	24.1	13.6	nan	nan	nan	4110.0	3600	4110.0
2022-07-03T20:11:21	100982.4	39.8	25.2	13.6	nan	nan	nan	4122.0	3600	4122.0
2022-07-03T21:11:22	100964.7	38.5	26.0	13.5	nan	nan	nan	4102.8	3600	4102.8
2022-07-03T22:11:28	100965.6	37.1	26.5	13.4	nan	nan	nan	4171.2	3600	4171.2
2022-07-03T23:11:42	101014.1	36.0	26.6	13.4	nan	nan	nan	4174.8	3600	4174.8
2022-07-04T00:11:44	101090.8	34.6	27.1	13.4	nan	nan	nan	3967.2	3600	3967.2
2022-07-04T01:11:52	101129.4	33.3	27.9	13.3	nan	nan	nan	4020.0	3600	4020.0
2022-07-04T02:11:54	101127.6	32.4	28.2	13.4	nan	nan	nan	4180.8	3600	4180.8
2022-07-04T03:11:56	101182.0	31.1	28.8	13.3	nan	nan	nan	4285.2	3600	4285.2
2022-07-04T04:12:00	101212.0	30.1	29.4	13.3	nan	nan	nan	3949.2	3600	3949.2
2022-07-04T05:12:10	101263.1	29.2	29.8	13.3	nan	nan	nan	3964.8	3600	3964.8
2022-07-04T06:12:22	101322.2	29.3	30.5	13.4	nan	nan	nan	3994.8	3600	3994.8
2022-07-04T07:12:27	101373.3	30.2	31.0	13.7	nan	nan	nan	4099.2	3600	4099.2
2022-07-04T08:12:30	101423.7	31.8	30.7	13.9	nan	nan	nan	3884.4	3600	3884.4
2022-07-04T09:12:32	101453.1	31.9	30.5	13.9	nan	nan	nan	4057.2	3600	4057.2
2022-07-04T10:12:39	101452.2	32.5	29.9	13.9	nan	nan	nan	3974.4	3600	3974.4
2022-07-04T11:12:41	101465.4	34.1	28.3	13.8	nan	nan	nan	3900.0	3600	3900.0
2022-07-04T12:12:43	101462.7	34.9	27.1	13.9	nan	nan	nan	4066.8	3600	4066.8
2022-07-04T13:12:47	101422.7	35.0	26.3	13.8	nan	nan	nan	4069.2	3600	4069.2
2022-07-04T14:12:48	101397.5	36.1	25.0	13.8	nan	nan	nan	4155.6	3600	4155.6
2022-07-04T15:12:54	101384.4	37.2	24.1	13.8	nan	nan	nan	4239.6	3600	4239.6
2022-07-04T16:12:58	101372.4	38.6	22.9	13.8	nan	nan	nan	4113.6	3600	4113.6
2022-07-04T17:13:03	101335.5	39.4	22.1	13.8	nan	nan	nan	4234.8	3600	4234.8
2022-07-04T18:13:07	101304.2	38.6	22.4	13.7	nan	nan	nan	4333.2	3600	4333.2
2022-07-04T19:13:12	101308.7	37.4	23.2	13.7	nan	nan	nan	4164.0	3600	4164.0
2022-07-04T20:13:14	101317.6	35.9	24.2	13.6	nan	nan	nan	4172.4	3600	4172.4
2022-07-04T21:13:15	101362.6	34.5	25.0	13.5	nan	nan	nan	4260.0	3600	4260.0
2022-07-04T22:13:19	101378.7	33.0	25.4	13.5	nan	nan	nan	4215.6	3600	4215.6
2022-07-04T23:13:26	101424.6	31.7	25.8	13.4	nan	nan	nan	4114.8	3600	4114.8
2022-07-05T00:13:36	101444.9	30.5	26.0	13.4	nan	nan	nan	4174.8	3600	4174.8
2022-07-05T01:13:46	101434.1	29.4	26.3	13.3	nan	nan	nan	4060.8	3600	4060.8
2022-07-05T02:13:49	101451.2	28.4	26.5	13.3	nan	nan	nan	4137.6	3600	4137.6
2022-07-05T03:13:55	101469.3	27.4	26.7	13.3	nan	nan	nan	4117.2	3600	4117.2
2022-07-05T04:14:00	101474.6	26.5	26.9	13.3	nan	nan	nan	4179.6	3600	4179.6
2022-07-05T05:14:05	101504.6	25.8	27.1	13.3	nan	nan	nan	3986.4	3600	3986.4
2022-07-05T06:14:07	101564.5	27.6	27.0	13.4	nan	nan	nan	4118.4	3600	4118.4
2022-07-05T07:14:12	101598.5	30.2	26.6	13.9	nan	nan	nan	4117.2	3600	4117.2
2022-07-05T08:14:22	101639.0	31.6	26.5	14.0	nan	nan	nan	3974.4	3600	3974.4
2022-07-05T09:14:32	101652.2	33.4	26.2	13.8	nan	nan	nan	4070.4	3600	4070.4
2022-07-05T10:14:35	101640.6	34.8	25.6	13.9	nan	nan	nan	4042.8	3600	4042.8
2022-07-11T12:00:08	101665.6	33.6	26.1	13.9	101722.0	21.7	9.6	3994.8	3600	3994.8
2022-07-11T13:00:12	101654.4	32.5	28.0	13.9	101710.0	22.1	9.1	3975.6	3600	3975.6
2022-07-11T14:00:19	101621.2	33.7	28.0	13.9	101670.0	24.3	8.5	4008.0	3600	4008.0
2022-07-11T15:00:20	101612.0	34.4	27.8	13.9	101670.0	23.9	8.6	4168.8	3600	4168.8
2022-07-11T16:00:28	101611.8	34.9	26.8	13.9	101672.5	23.7	8.1	4041.6	3600	4041.6
2022-07-11T17:00:30	101626.4	33.7	26.8	13.9	101692.0	22.6	8.1	4045.2	3600	4045.2
2022-07-11T18:00:31	101618.3	33.8	26.9	13.8	101682.5	22.9	7.9	4126.8	3600	4126.8
2022-07-11T19:00:41	101617.4	33.5	27.0	13.8	101687.5	23.2	7.8	4042.8	3600	4042.8
2022-07-11T20:00:46	101644.2	32.5	27.6	13.6	101732.5	21.1	8.4	3986.4	3600	3986.4
2022-07-11T21:00:50	101689.1	31.4	28.2	13.5	101795.0	17.2	8.3	4023.6	3600	4023.6
2022-07-11T22:00:51	101722.1	30.1	28.6	13.5	101835.0	14.8	8.7	3888.0	3600	3888.0
2022-07-11T23:00:57	101744.3	29.1	28.7	13.5	101855.0	14.5	8.8	3999.6	3600	3999.6
2022-07-12T00:01:04	101758.5	28.1	28.7	13.4	101862.5	12.7	8.9	3956.4	3600	3956.4
2022-07-12T01:01:05	101769.1	27.2	28.8	13.4	101872.5	12.6	8.8	3931.2	3600	3931.2
2022-07-12T02:01:09	101775.5	26.2	28.9	13.4	101880.0	10.5	8.7	3928.8	3600	3928.8
2022-07-12T03:01:14	101793.3	25.2	28.9	13.4	101897.5	10.2	8.8	4005.6	3600	4005.6
2022-07-12T04:01:29	101825.6	24.3	29.1	13.3	101925.0	10.8	8.7	3921.6	3600	3921.6
2022-07-12T05:01:32	101847.3	23.7	29.3	13.4	101937.5	10.9	8.6	3937.2	3600	3937.2
2022-07-12T06:01:33	101873.7	24.8	29.2	13.4	101960.0	15.3	9.1	3975.6	3600	3975.6
2022-07-12T07:01:36	101902.4	27.7	28.9	13.9	101975.0	17.7	9.8	4040.4	3600	4040.4
2022-07-12T08:01:37	101916.5	30.1	28.8	14.0	101982.5	19.6	9.4	4015.2	3600	4015.2
2022-07-12T09:01:42	101908.9	32.3	28.2	13.9	101960.0	22.2	8.7	3862.8	3600	3862.8
2022-07-12T10:01:46	101897.5	33.6	27.3	13.9	101952.5	23.4	8.2	3865.2	3600	3865.2
2022-07-12T11:01:50	101891.9	34.0	26.6	13.8	101945.0	24.6	8.8	3972.0	3600	3972.0
2022-07-12T12:01:51	101877.5	34.1	26.3	13.9	101932.5	24.9	8.5	3877.2	3600	3877.2
2022-07-12T13:01:56	101863.4	34.3	25.9	13.8	101902.5	26.5	9.3	3888.0	3600	3888.0
2022-07-12T14:02:08	101836.2	35.7	24.9	13.8	101880.0	27.0	8.9	4059.6	3600	4059.6
2022-07-12T15:02:10	101822.6	36.2	24.8	13.9	101862.5	26.8	8.9	3957.6	3600	3957.6
2022-07-12T16:02:18	101784.6	37.6	24.1	13.8	101827.5	27.6	8.7	3897.6	3600	3897.6
2022-07-12T17:02:22	101751.7	38.1	23.5	13.8	101792.5	27.7	8.9	4056.0	3600	4056.0
2022-07-12T18:02:29	101717.4	38.2	23.1	13.7	101762.5	27.4	8.9	3781.2	3600	3781.2
2022-07-12T19:02:33	101707.3	37.4	23.3	13.7	101757.5	26.4	8.9	4030.8	3600	4030.8
2022-07-12T20:02:34	101693.5	36.1	24.0	13.6	101757.5	23.8	8.7	3950.4	3600	3950.4
2022-07-12T21:02:45	101697.6	34.8	24.8	13.5	101782.5	20.2	8.9	4161.6	3600	4161.6
2022-07-12T22:02:51	101716.3	33.4	25.5	13.4	101812.5	19.0	8.8	3898.8	3600	3898.8
2022-07-12T23:02:53	101722.7	32.4	25.9	13.5	101825.0	16.7	9.0	3932.4	3600	3932.4
2022-07-13T00:02:54	101724.8	31.2	26.2	13.4	101827.5	14.0	9.0	3944.4	3600	3944.4
2022-07-13T01:02:55	101693.7	30.1	26.4	13.4	101795.0	13.7	9.3	3975.6	3600	3975.6
2022-07-13T02:02:58	101657.2	29.2	26.6	13.3	101752.5	14.5	10.1	3962.4	3600	3962.4
2022-07-13T03:02:59	101621.5	28.7	26.7	13.3	101715.0	15.3	10.2	4063.2	3600	4063.2
2022-07-13T04:03:04	101589.7	28.2	26.9	13.3	101682.5	15.2	10.4	3967.2	3600	3967.2
2022-07-13T05:03:11	101568.7	27.8	27.1	13.3	101657.5	15.7	10.6	3868.8	3600	3868.8
2022-07-13T06:03:15	101552.1	27.7	27.3	13.3	101637.5	17.2	10.7	3837.6	3600	3837.6
2022-07-13T07:03:21	101540.5	27.8	27.6	13.4	101615.0	19.1	11.3	3982.8	3600	3982.8
2022-07-13T08:03:28	101514.3	28.6	27.8	13.8	101572.5	21.2	11.7	3930.0	3600	3930.0
2022-07-13T09:03:29	101468.1	30.3	27.7	14.0	101515.0	24.2	12.0	4002.0	3600	4002.0
2022-07-13T10:03:33	101421.1	32.7	27.4	13.9	101460.0	26.7	11.2	4028.4	3600	4028.4
2022-07-13T11:03:35	101391.4	34.5	27.1	13.9	101430.0	28.0	11.2	4111.2	3600	4111.2
2022-07-13T12:03:37	101371.6	35.5	26.9	13.9	101412.5	28.0	10.7	4053.6	3600	4053.6
2022-07-13T13:03:38	101327.0	35.8	26.6	13.8	101360.0	29.2	10.0	4006.8	3600	4006.8
2022-07-13T14:03:42	101264.1	36.4	25.7	13.8	101297.5	29.3	9.8	4164.0	3600	4164.0
2022-07-13T15:03:49	101191.7	37.7	24.7	13.8	101227.5	30.3	8.6	4268.4	3600	4268.4
2022-07-13T16:03:53	101131.6	38.4	23.7	13.8	101165.0	30.9	8.8	4119.6	3600	4119.6
2022-07-13T17:03:59	101074.8	39.5	22.0	13.8	101115.0	30.8	9.6	4092.0	3600	4092.0
2022-07-13T18:04:01	101036.9	38.9	22.0	13.8	101082.5	29.4	10.2	4172.4	3600	4172.4
2022-07-13T19:04:04	101028.1	38.3	22.9	13.7	101080.0	28.3	10.3	4323.6	3600	4323.6
2022-07-13T20:04:13	101076.2	37.6	23.8	13.6	101142.5	26.8	10.6	4128.0	3600	4128.0
2022-07-13T21:04:17	101150.3	36.7	24.5	13.5	101217.5	25.0	10.4	4197.6	3600	4197.6
2022-07-13T22:04:23	101204.4	35.8	24.9	13.4	101280.0	23.4	10.0	4092.0	3600	4092.0
2022-07-13T23:04:29	101254.6	34.9	25.1	13.4	101332.5	22.1	10.0	4093.2	3600	4093.2
2022-07-14T00:04:30	101274.1	33.9	25.5	13.4	101362.5	19.0	10.3	4202.4	3600	4202.4
2022-07-14T01:04:33	101281.1	32.8	25.9	13.3	101372.5	18.1	10.5	4123.2	3600	4123.2
2022-07-14T02:04:36	101309.2	31.7	26.3	13.4	101402.5	17.4	10.7	4038.0	3600	4038.0
2022-07-14T03:04:40	101337.0	30.7	26.9	13.4	101435.0	16.6	10.8	4024.8	3600	4024.8
2022-07-14T04:04:43	101376.8	29.6	27.3	13.3	101472.0	14.7	10.1	4236.0	3600	4236.0
2022-07-14T05:04:48	101418.9	28.7	27.2	13.3	101520.0	13.3	9.7	4117.2	3600	4117.2
2022-07-14T06:04:54	101440.8	28.3	27.5	13.4	101527.5	14.7	9.8	4112.4	3600	4112.4
2022-07-14T07:05:02	101457.6	29.6	27.6	13.8	101535.0	16.7	9.9	4113.6	3600	4113.6
2022-07-14T08:05:04	101469.9	31.4	27.4	13.9	101545.0	17.7	9.4	4095.6	3600	4095.6
2022-07-14T09:05:08	101438.8	32.7	27.0	13.9	101497.5	19.4	8.8	4098.0	3600	4098.0
2022-07-14T10:05:12	101391.8	33.8	26.2	13.8	101440.0	20.8	8.4	4178.4	3600	4178.4
2022-07-14T11:05:15	101335.3	34.5	25.5	13.8	101387.5	21.8	7.7	4170.0	3600	4170.0
2022-07-14T12:05:18	101306.9	34.8	24.8	13.8	101360.0	23.0	7.2	4296.0	3600	4296.0
2022-07-14T13:05:25	101247.6	35.1	23.9	13.8	101295.0	24.4	7.5	4267.2	3600	4267.2
2022-07-14T14:05:27	101182.8	36.1	22.5	13.8	101230.0	25.1	6.8	4287.6	3600	4287.6
2022-07-14T15:05:34	101160.0	37.4	21.6	13.8	101210.0	26.1	7.3	4165.2	3600	4165.2
2022-07-14T16:05:36	101104.8	37.8	21.0	13.8	101155.0	25.1	7.0	4297.2	3600	4297.2
2022-07-14T17:05:44	101083.1	36.6	21.4	13.8	101150.0	22.8	6.8	4452.0	3600	4452.0
2022-07-14T18:05:49	101078.6	35.6	21.7	13.8	101152.5	22.6	7.3	4378.8	3600	4378.8
2022-07-14T19:05:54	101088.0	34.9	21.3	13.7	101168.0	21.2	7.2	4262.4	3600	4262.4
2022-07-14T20:06:00	101137.4	33.3	21.5	13.6	101237.5	19.1	7.2	4338.0	3600	4338.0
2022-07-14T21:06:04	101191.2	32.1	21.9	13.5	101295.0	18.1	7.5	4236.0	3600	4236.0
2022-07-14T22:06:06	101249.5	30.9	22.5	13.4	101365.0	16.0	7.6	4125.6	3600	4125.6
2022-07-14T23:06:07	101289.5	29.6	23.2	13.4	101402.5	14.2	7.8	4234.8	3600	4234.8
2022-07-15T00:06:09	101311.2	28.4	23.8	13.4	101422.5	13.5	8.1	4149.6	3600	4149.6
2022-07-15T01:06:16	101325.3	27.3	24.6	13.3	101432.5	12.7	8.3	4003.2	3600	4003.2
2022-07-15T02:06:17	101339.6	26.0	25.4	13.3	101447.5	12.1	8.4	3963.6	3600	3963.6
2022-07-15T03:06:20	101349.6	25.1	26.1	13.3	101453.3	11.4	8.5	4131.6	3600	4131.6
2022-07-15T04:06:22	101351.8	24.4	26.9	13.3	101460.0	11.5	8.7	4160.4	3600	4160.4
2022-07-15T05:06:27	101392.0	23.7	28.3	13.3	101494.0	11.9	8.9	4000.8	3600	4000.8
2022-07-15T06:06:32	101417.7	23.7	30.1	13.4	101512.5	13.2	9.0	4101.6	3600	4101.6
2022-07-15T07:06:33	101452.2	24.5	31.1	14.0	101545.0	14.9	9.0	4218.0	3600	4218.0
2022-07-15T08:06:40	101497.6	25.6	31.1	14.1	101587.5	15.9	9.0	4087.2	3600	4087.2
2022-07-15T09:06:45	101512.7	25.9	31.1	14.0	101592.5	16.7	8.4	4052.4	3600	4052.4
2022-07-15T10:06:52	101524.2	26.1	30.4	14.1	101607.5	17.2	7.9	4153.2	3600	4153.2
2022-07-15T11:06:54	101538.1	26.5	29.7	14.1	101615.0	18.3	8.0	4270.8	3600	4270.8
2022-07-15T12:06:57	101539.3	27.1	28.8	14.0	101617.5	18.8	7.3	4173.6	3600	4173.6
2022-07-15T13:07:00	101537.3	27.9	27.8	14.0	101615.0	19.7	7.5	4239.6	3600	4239.6
2022-07-15T14:07:06	101539.5	28.3	27.0	14.0	101622.5	19.6	7.5	4272.0	3600	4272.0
2022-07-15T15:07:11	101527.6	28.8	26.5	14.0	101605.0	20.4	7.6	4196.4	3600	4196.4
2022-07-15T16:07:18	101525.3	29.4	25.9	14.0	101605.0	20.2	7.3	4129.2	3600	4129.2
2022-07-15T17:07:19	101510.3	29.8	25.2	14.0	101575.0	21.1	7.2	4303.2	3600	4303.2
2022-07-15T18:07:22	101480.5	30.2	24.7	14.0	101562.5	20.2	7.4	4274.4	3600	4274.4
2022-07-15T19:07:23	101468.9	29.6	24.9	13.8	101557.5	19.1	7.6	4251.6	3600	4251.6
2022-07-15T20:07:31	101452.9	28.6	25.6	13.6	101555.0	17.9	7.8	4258.8	3600	4258.8
2022-07-15T21:07:35	101462.6	27.8	26.2	13.5	101572.5	15.7	7.9	4296.0	3600	4296.0
2022-07-15T22:07:36	101470.4	27.0	26.4	13.5	101580.0	14.8	8.4	4249.2	3600	4249.2
2022-07-15T23:07:39	101463.2	26.5	26.6	13.3	101567.5	15.2	8.7	4060.8	3600	4060.8
2022-07-16T00:07:41	101453.9	26.3	26.9	13.4	101552.5	15.2	8.7	4023.6	3600	4023.6
2022-07-16T01:07:44	101436.5	25.8	27.4	13.3	101537.5	14.8	8.9	4146.0	3600	4146.0
2022-07-16T02:07:49	101403.0	25.5	27.6	13.3	101495.0	14.5	9.1	4155.6	3600	4155.6
2022-07-16T03:07:55	101340.3	25.1	27.7	13.4	101427.5	14.0	9.0	4198.8	3600	4198.8
2022-07-16T04:07:58	101267.8	24.8	27.7	13.3	101357.5	14.2	8.7	4225.2	3600	4225.2
2022-07-16T05:08:02	101229.6	24.4	27.9	13.3	101320.0	14.1	8.8	4227.6	3600	4227.6
2022-07-16T06:08:04	101180.1	24.1	28.3	13.4	101267.5	15.2	8.6	4338.0	3600	4338.0
2022-07-16T07:08:06	101158.6	24.3	29.9	13.4	101250.0	16.3	9.0	4212.0	3600	4212.0
2022-07-16T08:08:11	101215.1	24.1	32.3	13.5	101310.0	14.3	10.9	3992.4	3600	3992.4
2022-07-16T09:08:16	101249.0	24.3	35.8	14.1	101330.0	16.8	11.2	4203.6	3600	4203.6
2022-07-16T10:08:21	101288.1	25.9	36.1	14.1	101367.5	18.0	10.1	4172.4	3600	4172.4
2022-07-16T11:08:28	101331.7	27.3	34.1	14.0	101405.0	20.1	8.9	4293.6	3600	4293.6
2022-07-16T12:08:29	101391.7	28.3	31.5	14.0	101467.5	19.8	8.3	4206.0	3600	4206.0
2022-07-16T13:08:32	101432.3	28.8	29.3	14.0	101505.0	21.3	7.0	4329.6	3600	4329.6
2022-07-16T14:08:34	101488.7	29.9	26.5	13.9	101565.0	21.3	6.4	4189.2	3600	4189.2
2022-07-16T15:08:35	101535.1	30.8	24.6	14.0	101600.0	22.2	6.2	4296.0	3600	4296.0
2022-07-16T16:08:36	101568.2	31.1	23.2	14.0	101640.0	21.9	6.3	4407.6	3600	4407.6
2022-07-16T17:08:38	101605.4	31.3	22.4	14.0	101680.0	21.9	6.5	4189.2	3600	4189.2
2022-07-16T18:08:45	101652.0	31.6	22.1	13.9	101735.0	21.4	6.7	4172.4	3600	4172.4
2022-07-16T19:08:46	101706.3	31.1	22.2	13.8	101787.5	20.8	6.7	4207.2	3600	4207.2
2022-07-16T20:08:47	101764.4	30.1	22.7	13.7	101867.5	18.9	6.8	4051.2	3600	4051.2
2022-07-16T21:08:51	101855.7	29.0	23.4	13.5	101975.0	16.4	7.0	4088.4	3600	4088.4
2022-07-16T22:08:54	101930.7	27.7	24.1	13.5	102055.0	14.8	7.1	4010.4	3600	4010.4
2022-07-16T23:08:58	101990.1	26.6	24.8	13.5	102115.0	13.1	7.2	4033.2	3600	4033.2
2022-07-17T00:08:59	102035.6	25.6	25.1	13.4	102152.5	12.1	7.3	3952.8	3600	3952.8
2022-07-17T01:09:07	102069.3	24.7	25.7	13.4	102185.0	11.0	7.3	4081.2	3600	4081.2
2022-07-17T02:09:09	102083.4	23.7	26.0	13.4	102195.0	9.3	7.2	4075.2	3600	4075.2
2022-07-17T03:09:18	102082.8	22.8	26.1	13.3	102190.0	8.8	7.4	4014.0	3600	4014.0
2022-07-17T04:09:22	102083.9	22.0	26.3	13.3	102190.0	8.3	7.3	4131.6	3600	4131.6
2022-07-17T05:09:24	102118.1	21.2	26.4	13.3	102225.0	7.8	7.6	3908.4	3600	3908.4
2022-07-17T06:09:26	102174.6	21.8	26.7	13.4	102270.0	12.8	8.5	4044.0	3600	4044.0
2022-07-17T07:09:29	102189.5	23.1	27.6	13.8	102287.5	13.6	8.7	3990.0	3600	3990.0
2022-07-17T08:09:34	102225.2	23.7	28.6	14.2	102317.5	15.4	8.9	4032.0	3600	4032.0
2022-07-17T09:09:41	102246.2	25.0	28.8	14.1	102335.0	16.7	8.3	3987.6	3600	3987.6
2022-07-17T10:09:46	102264.3	25.9	28.9	14.1	102350.0	17.4	8.2	4080.0	3600	4080.0
2022-07-17T11:09:50	102277.0	26.4	28.8	14.0	102352.5	18.6	8.3	4036.8	3600	4036.8
2022-07-17T12:09:54	102250.4	27.4	28.5	14.0	102325.0	19.8	8.2	4056.0	3600	4056.0
2022-07-17T13:10:00	102232.0	29.1	27.8	13.9	102295.0	22.2	8.0	4005.6	3600	4005.6
2022-07-17T14:10:06	102203.0	31.0	26.5	13.9	102255.0	23.8	8.0	4288.8	3600	4288.8
2022-07-17T15:10:13	102156.2	32.9	25.4	13.9	102207.5	24.9	7.7	4008.0	3600	4008.0
2022-07-17T16:10:17	102129.8	34.4	24.2	13.9	102182.5	25.1	7.5	4118.4	3600	4118.4
2022-07-17T17:10:21	102098.7	35.1	23.5	13.9	102150.0	25.0	7.1	4156.8	3600	4156.8
2022-07-17T18:10:24	102062.8	35.2	23.1	13.8	102120.0	24.5	7.0	3964.8	3600	3964.8
2022-07-17T19:10:25	102038.4	34.2	23.5	13.7	102105.0	24.1	7.4	4016.4	3600	4016.4
2022-07-17T20:10:27	102051.1	33.0	24.4	13.7	102125.0	22.1	7.7	4096.8	3600	4096.8
2022-07-17T21:10:32	102069.8	31.8	25.2	13.6	102182.5	16.6	7.8	4120.8	3600	4120.8
2022-07-17T22:10:33	102079.0	30.4	25.6	13.5	102185.0	14.8	8.0	4070.4	3600	4070.4
2022-07-17T23:10:37	102081.0	29.4	25.8	13.4	102187.5	13.8	8.5	4063.2	3600	4063.2
2022-07-18T00:10:42	102066.1	28.4	25.9	13.4	102167.5	13.5	9.2	4054.8	3600	4054.8
2022-07-18T01:10:47	102079.3	27.6	26.1	13.4	102187.5	13.2	9.6	4164.0	3600	4164.0
2022-07-18T02:10:58	102095.5	26.9	26.2	13.3	102200.0	12.7	9.5	4084.8	3600	4084.8
2022-07-18T03:11:08	102092.4	26.1	26.4	13.3	102187.5	11.7	9.4	3957.6	3600	3957.6
2022-07-18T04:11:11	102078.8	25.2	26.5	13.3	102170.0	10.9	9.3	3956.4	3600	3956.4
2022-07-18T05:11:14	102065.4	24.4	26.6	13.3	102156.0	10.6	9.4	4035.6	3600	4035.6
2022-07-18T06:11:16	102060.6	25.2	26.7	13.4	102127.5	17.9	10.6	4003.2	3600	4003.2
2022-07-18T07:11:24	102046.6	28.5	26.1	13.9	102102.5	21.1	10.4	4069.2	3600	4069.2
2022-07-18T08:11:25	102056.0	31.6	25.8	14.0	102102.5	22.5	10.2	4050.0	3600	4050.0
2022-07-18T09:11:31	102037.1	33.9	25.6	13.9	102080.0	25.1	9.5	4147.2	3600	4147.2
2022-07-18T10:11:35	102027.2	34.6	25.6	13.9	102077.5	25.4	9.1	4012.8	3600	4012.8
2022-07-18T11:11:38	102018.8	35.4	25.3	13.8	102062.5	26.6	8.4	4046.4	3600	4046.4
2022-07-18T12:11:42	101993.6	36.1	25.0	13.8	102032.5	28.0	8.3	4024.8	3600	4024.8
2022-07-18T13:11:43	101951.7	37.2	24.4	13.8	101990.0	28.9	8.5	4126.8	3600	4126.8
2022-07-18T14:11:49	101900.1	38.7	23.8	13.8	101937.5	29.6	8.1	4370.4	3600	4370.4
2022-07-18T15:11:50	101859.3	39.6	23.6	13.8	101900.0	29.9	8.6	4180.8	3600	4180.8
2022-07-18T16:11:55	101807.5	40.2	23.7	13.7	101847.5	30.3	8.6	4180.8	3600	4180.8
2022-07-18T17:11:57	101766.2	40.1	24.2	13.7	101802.5	30.1	8.5	4216.8	3600	4216.8
2022-07-18T18:11:59	101708.6	39.7	24.6	13.7	101750.0	29.5	8.8	4411.2	3600	4411.2
2022-07-18T19:12:05	101676.6	39.1	24.8	13.7	101722.5	30.2	8.8	4273.2	3600	4273.2
2022-07-18T20:12:08	101647.2	37.9	25.4	13.5	101707.5	25.1	9.1	4300.8	3600	4300.8
2022-07-18T21:12:11	101632.9	36.6	25.9	13.5	101710.0	21.8	9.1	4334.4	3600	4334.4
2022-07-18T22:12:17	101619.2	35.4	26.0	13.4	101702.5	19.6	9.4	4363.2	3600	4363.2
2022-07-18T23:12:18	101598.4	34.2	26.1	13.4	101690.0	18.9	9.4	4478.4	3600	4478.4
2022-07-19T00:12:25	101585.8	33.2	26.4	13.4	101677.5	18.4	9.1	4394.4	3600	4394.4
2022-07-19T01:12:30	101561.5	32.2	26.4	13.4	101657.5	16.2	9.0	4156.8	3600	4156.8
2022-07-19T02:12:34	101558.4	31.3	26.5	13.3	101657.5	16.4	9.2	4262.4	3600	4262.4
2022-07-19T03:12:38	101558.1	30.4	26.6	13.3	101655.0	14.4	9.0	4275.6	3600	4275.6
2022-07-19T04:12:45	101539.4	29.4	26.6	13.3	101642.5	13.2	9.2	4178.4	3600	4178.4
2022-07-19T05:12:54	101536.4	28.4	26.8	13.3	101627.5	14.0	9.7	4214.4	3600	4214.4
2022-07-19T06:12:59	101556.6	29.1	26.7	13.4	101620.0	21.1	10.5	4258.8	3600	4258.8
2022-07-19T07:13:06	101576.8	32.3	26.0	13.8	101622.5	25.5	10.3	4174.8	3600	4174.8
2022-07-19T08:13:14	101590.8	36.0	25.1	13.9	101632.5	27.4	10.1	4189.2	3600	4189.2
2022-07-19T09:13:16	101596.1	38.6	24.6	13.8	101630.0	29.2	10.1	4214.4	3600	4214.4
2022-07-19T10:13:23	101596.5	40.1	24.6	13.7	101625.0	30.5	9.0	4204.8	3600	4204.8
2022-07-19T11:13:28	101580.4	41.1	24.7	13.7	101610.0	32.8	8.5	4218.0	3600	4218.0
2022-07-19T12:13:33	101537.5	42.2	24.3	13.6	101560.0	35.2	8.5	4291.2	3600	4291.2
2022-07-19T13:13:45	101497.1	43.4	23.7	13.6	101530.0	36.3	7.7	4342.8	3600	4342.8
2022-07-19T14:13:47	101471.9	45.3	23.0	13.5	101502.0	36.1	7.1	4341.6	3600	4341.6
2022-07-19T15:13:52	101445.2	46.6	22.4	13.6	101470.0	36.4	6.6	4617.6	3600	4617.6
2022-07-19T16:13:57	101412.7	47.4	21.6	13.6	101440.0	36.5	6.4	4561.2	3600	4561.2
2022-07-19T17:14:01	101385.6	48.1	21.4	13.6	101412.5	36.4	6.1	4586.4	3600	4586.4
2022-07-19T18:14:05	101357.3	48.0	21.7	13.6	101387.5	34.6	6.4	4735.2	3600	4735.2
2022-07-19T19:14:13	101356.9	46.4	23.0	13.5	101397.5	32.8	7.4	4640.4	3600	4640.4
2022-07-19T20:14:16	101359.4	44.7	24.2	13.5	101412.5	29.1	8.0	4762.8	3600	4762.8
2022-07-19T21:14:17	101378.9	43.0	24.9	13.4	101432.5	27.7	7.7	4741.2	3600	4741.2
2022-07-19T22:14:25	101379.5	41.6	25.3	13.4	101447.5	24.0	8.4	4653.6	3600	4653.6
2022-07-19T23:14:27	101386.0	40.2	25.6	13.4	101452.5	24.5	8.6	4437.6	3600	4437.6
2022-07-20T00:14:31	101419.9	39.1	25.7	13.3	101490.0	23.5	9.0	4340.4	3600	4340.4
2022-07-20T01:14:33	101427.0	38.0	25.9	13.4	101495.0	22.5	9.4	4405.2	3600	4405.2
2022-07-20T02:14:37	101404.7	36.9	26.1	13.3	101472.0	22.0	9.6	4412.4	3600	4412.4
2022-07-20T03:14:38	101381.3	35.9	26.2	13.3	101456.7	21.2	9.7	4440.0	3600	4440.0
2022-07-20T04:14:39	101364.1	35.0	26.4	13.4	101455.0	18.9	9.8	4394.4	3600	4394.4
2022-07-20T05:14:42	101362.7	34.0	26.6	13.4	101447.5	19.1	9.8	4341.6	3600	4341.6
2022-07-20T06:14:44	101397.7	33.8	26.6	13.4	101458.0	22.8	10.1	4332.0	3600	4332.0
2022-07-20T07:14:45	101401.7	34.9	26.4	13.7	101450.0	26.2	10.6	4218.0	3600	4218.0
2022-07-20T08:14:49	101423.8	36.8	26.0	13.8	101466.0	29.0	10.9	4296.0	3600	4296.0
2022-07-20T09:14:52	101431.9	39.0	25.4	13.8	101470.0	31.7	11.1	4285.2	3600	4285.2
2022-07-20T10:14:54	101429.3	40.8	24.9	13.7	101462.0	34.5	10.9	4190.4	3600	4190.4
2022-07-20T11:14:58	101413.6	42.2	24.4	13.7	101440.0	36.5	9.9	4252.8	3600	4252.8
2022-07-20T12:14:59	101372.6	43.5	23.8	13.5	101400.0	38.1	9.3	4296.0	3600	4296.0
2022-07-20T13:15:04	101326.2	44.7	22.8	13.6	101357.5	39.4	8.4	4306.8	3600	4306.8
2022-07-20T14:15:08	101274.6	46.3	21.7	13.6	101297.5	40.3	8.4	4527.6	3600	4527.6
2022-07-20T15:15:10	101223.1	47.2	20.9	13.5	101250.0	39.5	8.0	4572.0	3600	4572.0
2022-07-20T16:15:11	101183.7	47.5	20.6	13.6	101215.0	38.5	8.1	4468.8	3600	4468.8
2022-07-20T17:15:14	101148.4	47.2	20.4	13.6	101172.5	37.8	8.2	4593.6	3600	4593.6
2022-07-20T18:15:19	101105.9	47.1	20.2	13.5	101137.5	37.0	8.3	4640.4	3600	4640.4
2022-07-20T19:15:22	101066.2	46.2	20.6	13.5	101102.5	35.6	8.4	4666.8	3600	4666.8
2022-07-20T20:15:23	101057.4	45.0	21.2	13.4	101105.0	31.4	8.4	4617.6	3600	4617.6
2022-07-20T21:15:24	101049.0	43.7	22.1	13.4	101097.5	28.8	8.5	4476.0	3600	4476.0
2022-07-20T22:15:28	101038.5	42.4	22.9	13.4	101097.5	27.3	8.8	4636.8	3600	4636.8
2022-07-20T23:15:33	101043.8	41.2	23.4	13.3	101110.0	25.1	9.9	4479.6	3600	4479.6
2022-07-21T00:15:37	101061.4	40.0	23.8	13.3	101125.0	23.7	9.8	4431.6	3600	4431.6
2022-07-21T01:15:44	101034.5	38.9	24.2	13.3	101087.5	24.1	9.6	4616.4	3600	4616.4
2022-07-21T02:15:49	100989.8	38.1	24.3	13.3	101050.0	24.2	9.8	4436.4	3600	4436.4
2022-07-21T03:15:50	100961.7	37.3	24.3	13.3	101027.5	23.4	9.9	4534.8	3600	4534.8
2022-07-21T04:15:55	100952.5	36.4	24.5	13.3	101017.5	22.4	9.9	4542.0	3600	4542.0
2022-07-21T05:15:57	101003.1	35.6	24.7	13.3	101080.0	22.2	10.1	4471.2	3600	4471.2
2022-07-21T06:16:05	101095.2	35.2	25.0	13.4	101165.0	22.6	11.3	4423.2	3600	4423.2
2022-07-21T07:16:08	101175.2	35.4	25.3	13.6	101237.5	22.8	11.4	4233.6	3600	4233.6
2022-07-21T08:16:10	101207.6	36.4	25.4	13.8	101257.5	25.0	11.8	4293.6	3600	4293.6
2022-07-21T09:16:17	101266.6	38.1	24.9	13.7	101310.0	26.5	11.9	4180.8	3600	4180.8
2022-07-21T10:16:22	101295.0	38.4	24.8	13.7	101330.0	28.4	11.9	4178.4	3600	4178.4
2022-07-21T11:16:29	101314.5	39.2	24.1	13.7	101357.5	27.9	11.3	4390.8	3600	4390.8
2022-07-21T12:16:35	101361.3	38.0	24.3	13.8	101402.5	25.8	11.6	4371.6	3600	4371.6
2022-07-21T13:16:37	101355.0	36.6	25.0	13.7	101402.5	23.7	13.4	4299.6	3600	4299.6
2022-07-21T14:16:41	101311.0	35.8	25.8	13.8	101350.0	26.6	15.2	4266.0	3600	4266.0
2022-07-21T15:16:48	101259.7	37.1	25.6	13.8	101292.5	28.4	13.8	4399.2	3600	4399.2
2022-07-21T16:16:50	101297.6	37.5	25.7	13.8	101342.5	25.1	14.5	4348.8	3600	4348.8
2022-07-21T17:16:51	101273.8	37.5	26.6	13.8	101310.0	25.5	14.8	4386.0	3600	4386.0
2022-07-21T18:16:56	101269.0	36.2	27.1	13.6	101325.0	21.7	16.3	4226.4	3600	4226.4
2022-07-21T19:16:59	101254.5	34.3	27.6	13.5	101320.0	20.1	16.3	4142.4	3600	4142.4
2022-07-21T20:17:01	101273.9	33.2	27.7	13.5	101325.0	19.6	16.3	4122.0	3600	4122.0
2022-07-21T21:17:07	101273.1	32.1	27.8	13.4	101335.0	18.7	15.7	4063.2	3600	4063.2
2022-07-21T22:17:14	101258.3	31.4	27.9	13.4	101315.0	18.4	15.5	3969.6	3600	3969.6
2022-07-21T23:17:17	101259.3	30.8	28.0	13.3	101315.0	18.8	16.0	3799.2	3600	3799.2
2022-07-22T00:17:22	101270.6	30.3	28.5	13.3	101320.0	18.8	15.9	3954.0	3600	3954.0
2022-07-22T01:17:27	101282.9	29.8	29.2	13.3	101335.0	18.4	15.0	4040.4	3600	4040.4
2022-07-22T02:17:39	101304.7	29.2	29.9	13.3	101357.5	18.1	14.6	4005.6	3600	4005.6
2022-07-22T03:17:45	101301.2	28.7	30.3	13.3	101355.0	17.8	14.4	3910.8	3600	3910.8
2022-07-22T04:17:47	101307.1	28.1	30.6	13.3	101365.0	17.1	14.1	3974.4	3600	3974.4
2022-07-22T05:17:57	101323.3	27.6	30.9	13.3	101377.5	17.3	14.2	3924.0	3600	3924.0
2022-07-22T06:18:05	101336.1	27.6	31.1	13.4	101390.0	18.2	14.6	3972.0	3600	3972.0
2022-07-22T07:18:12	101349.1	27.9	31.6	13.6	101397.5	19.4	15.1	3940.8	3600	3940.8
2022-07-22T08:18:16	101351.6	29.1	32.5	14.0	101385.0	21.4	15.2	3974.4	3600	3974.4
2022-07-22T09:18:22	101358.8	30.9	32.8	14.0	101390.0	22.1	15.1	3986.4	3600	3986.4
2022-07-22T10:18:28	101396.2	30.5	34.2	13.9	101435.0	20.6	15.1	4052.4	3600	4052.4
2022-07-22T11:18:29	101410.0	30.5	35.2	14.0	101445.0	22.2	15.0	3951.6	3600	3951.6
2022-07-22T12:18:33	101425.4	31.7	34.6	13.9	101455.0	23.0	14.8	4098.0	3600	4098.0
2022-07-22T13:18:38	101421.4	32.5	33.9	14.0	101455.0	22.3	14.0	4224.0	3600	4224.0
2022-07-22T14:18:44	101416.7	32.7	33.2	13.9	101447.5	22.6	13.4	4226.4	3600	4226.4
2022-07-22T15:18:46	101407.7	33.2	32.3	13.9	101430.0	24.6	12.9	4251.6	3600	4251.6
2022-07-22T16:18:50	101394.9	34.9	30.4	13.9	101422.5	24.6	12.5	4063.2	3600	4063.2
2022-07-22T17:18:51	101356.6	35.4	29.1	13.8	101382.5	24.2	12.2	4209.6	3600	4209.6
2022-07-22T18:18:52	101340.2	35.1	28.7	13.7	101377.5	22.8	12.2	4183.2	3600	4183.2
2022-07-22T19:18:54	101315.9	33.8	29.2	13.6	101365.0	21.2	12.1	4190.4	3600	4190.4
2022-07-22T20:18:59	101312.7	32.6	29.5	13.6	101370.0	18.9	12.0	4179.6	3600	4179.6
2022-07-22T21:19:01	101325.8	31.4	29.6	13.5	101400.0	17.0	11.9	4252.8	3600	4252.8
2022-07-22T22:19:03	101332.6	30.4	29.6	13.5	101400.0	15.4	11.9	4284.0	3600	4284.0
2022-07-22T23:19:04	101349.9	29.6	29.5	13.4	101417.5	14.8	12.2	4185.6	3600	4185.6
2022-07-23T00:19:08	101356.4	28.7	29.4	13.4	101420.0	14.7	12.2	4028.4	3600	4028.4
2022-07-23T01:19:09	101298.6	28.0	29.4	13.4	101362.5	14.8	11.9	4230.0	3600	4230.0
2022-07-23T02:19:11	101275.2	27.4	29.4	13.4	101345.0	13.8	11.3	4225.2	3600	4225.2
2022-07-23T03:19:14	101250.1	26.7	29.4	13.3	101312.5	13.8	11.2	4113.6	3600	4113.6
2022-07-23T04:19:20	101238.3	26.3	29.4	13.3	101312.5	14.4	10.9	4045.2	3600	4045.2
2022-07-23T05:19:25	101270.8	26.1	29.2	13.2	101342.5	14.5	11.2	3987.6	3600	3987.6
2022-07-23T06:19:29	101268.9	25.6	29.0	13.3	101330.0	14.3	11.8	3891.6	3600	3891.6
2022-07-23T07:19:32	101282.4	25.2	29.0	13.3	101340.0	14.6	12.0	3818.4	3600	3818.4
2022-07-23T08:19:37	101278.4	25.2	29.1	13.4	101337.5	15.2	12.3	3951.6	3600	3951.6
2022-07-23T09:19:41	101280.8	25.6	29.4	14.0	101335.0	16.9	12.9	3872.4	3600	3872.4
2022-07-23T10:19:48	101275.1	27.3	29.6	14.0	101322.5	19.3	13.3	3909.6	3600	3909.6
2022-07-23T11:19:52	101309.6	29.4	29.5	14.0	101352.5	19.9	12.2	3916.8	3600	3916.8
2022-07-23T12:19:59	101311.7	30.6	29.6	13.9	101342.5	23.1	12.3	3915.6	3600	3915.6
2022-07-23T13:20:04	101307.6	31.9	29.2	13.9	101342.5	23.2	11.6	4000.8	3600	4000.8
2022-07-23T14:20:08	101288.3	32.9	28.8	13.9	101317.5	24.6	11.4	4050.0	3600	4050.0
2022-07-23T15:20:12	101274.9	33.9	28.1	14.0	101312.5	25.3	10.6	4094.4	3600	4094.4
2022-07-23T16:20:13	101261.6	34.5	27.2	13.9	101302.5	25.4	10.3	4177.2	3600	4177.2
2022-07-23T17:20:23	101259.3	34.7	26.6	13.9	101302.5	24.1	9.2	4212.0	3600	4212.0
2022-07-23T18:20:29	101277.7	34.3	26.3	13.8	101332.5	23.9	8.7	4126.8	3600	4126.8
2022-07-23T19:20:37	101316.0	33.6	25.9	13.7	101377.5	22.6	8.5	4162.8	3600	4162.8
2022-07-23T20:20:46	101370.8	32.5	26.0	13.6	101460.0	19.7	8.5	4221.6	3600	4221.6
2022-07-23T21:20:54	101444.5	31.3	26.3	13.5	101542.5	17.1	8.5	4099.2	3600	4099.2
2022-07-23T22:20:58	101502.3	30.1	26.5	13.5	101610.0	13.8	8.9	4077.6	3600	4077.6
2022-07-23T23:20:59	101546.9	29.1	26.7	13.4	101647.5	12.9	8.9	4039.2	3600	4039.2
2022-07-24T00:21:08	101557.8	28.0	26.8	13.4	101655.0	11.5	9.0	3939.6	3600	3939.6
2022-07-24T01:21:09	101559.5	27.1	26.9	13.3	101650.0	10.7	9.2	3919.2	3600	3919.2
2022-07-24T02:21:12	101582.0	25.9	27.0	13.3	101672.0	10.3	9.3	3793.2	3600	3793.2
2022-07-24T03:21:18	101596.6	24.8	27.4	13.3	101680.0	10.3	9.5	3898.8	3600	3898.8
2022-07-24T04:21:20	101598.6	24.1	27.5	13.3	101685.0	10.0	9.3	3975.6	3600	3975.6
2022-07-24T05:21:24	101640.8	23.4	27.7	13.3	101722.5	11.0	10.0	4017.6	3600	4017.6
2022-07-24T06:21:31	101654.1	24.4	27.8	13.4	101715.0	16.3	11.0	3936.0	3600	3936.0
2022-07-24T07:21:32	101650.8	27.4	27.6	14.0	101710.0	18.6	10.6	3858.0	3600	3858.0
2022-07-24T08:21:34	101657.8	30.4	27.2	14.0	101712.5	19.8	10.3	3804.0	3600	3804.0
2022-07-24T09:21:37	101652.4	31.9	27.2	13.9	101700.0	21.3	10.4	3952.8	3600	3952.8
2022-07-24T10:21:38	101636.6	33.2	27.0	13.9	101680.0	23.3	10.0	3888.0	3600	3888.0
2022-07-24T11:21:43	101630.3	34.0	26.7	13.9	101670.0	24.8	9.9	3895.2	3600	3895.2
2022-07-24T12:21:46	101600.6	34.6	26.5	13.8	101630.0	26.4	9.7	3991.2	3600	3991.2
2022-07-24T13:21:47	101551.4	35.6	25.9	13.8	101585.0	27.2	9.6	3925.2	3600	3925.2
2022-07-24T14:21:52	101503.3	37.4	24.9	13.8	101535.0	28.2	9.6	3981.6	3600	3981.6
2022-07-24T15:21:54	101451.7	38.8	24.3	13.8	101477.5	28.8	9.2	4006.8	3600	4006.8
2022-07-24T16:21:58	101376.8	40.1	23.6	13.7	101400.0	30.8	9.2	4081.2	3600	4081.2
2022-07-24T17:22:03	101319.2	41.4	23.0	13.8	101342.5	30.1	9.1	4070.4	3600	4070.4
2022-07-24T18:22:08	101269.9	41.3	23.1	13.7	101302.5	29.2	9.2	4093.2	3600	4093.2
2022-07-24T19:22:10	101234.4	40.0	24.3	13.6	101277.5	28.7	9.1	4299.6	3600	4299.6
2022-07-24T20:22:14	101213.2	38.3	25.6	13.5	101277.5	24.9	9.6	4232.4	3600	4232.4
2022-07-24T21:22:23	101222.6	36.6	26.3	13.5	101298.0	21.0	10.0	4082.4	3600	4082.4
2022-07-24T22:22:32	101219.2	35.1	26.5	13.4	101302.5	19.4	10.5	4051.2	3600	4051.2
2022-07-24T23:22:37	101214.3	34.0	26.7	13.4	101300.0	18.6	9.8	4098.0	3600	4098.0
2022-07-25T00:22:39	101176.0	33.0	26.7	13.3	101255.0	18.7	9.5	4080.0	3600	4080.0
2022-07-25T01:22:48	101132.9	32.2	26.8	13.3	101210.0	18.5	9.5	4080.0	3600	4080.0
2022-07-25T02:22:50	101078.1	31.5	26.8	13.3	101155.0	18.0	9.3	4102.8	3600	4102.8
2022-07-25T03:22:56	101032.8	30.8	26.9	13.3	101117.5	17.6	9.0	4340.4	3600	4340.4
2022-07-25T04:22:58	100971.0	30.0	27.0	13.3	101052.5	17.1	8.9	4196.4	3600	4196.4
2022-07-25T05:22:59	100920.3	29.4	27.1	13.3	101002.0	17.5	9.1	4286.4	3600	4286.4
2022-07-25T06:23:02	100842.1	29.7	27.3	13.4	100900.0	20.8	9.6	4152.0	3600	4152.0
2022-07-25T07:23:10	100795.0	31.3	27.2	13.9	100842.5	23.8	10.2	4287.6	3600	4287.6
2022-07-25T08:23:12	100736.7	33.5	26.8	13.9	100775.0	27.2	10.9	4250.4	3600	4250.4
2022-07-25T09:23:14	100677.2	35.9	26.2	13.8	100715.0	30.2	11.5	4206.0	3600	4206.0
2022-07-25T10:23:23	100625.8	37.7	25.7	13.7	100657.5	32.7	12.3	4310.4	3600	4310.4
2022-07-25T11:23:27	100545.4	39.2	25.2	13.7	100575.0	34.7	12.1	4326.0	3600	4326.0
2022-07-25T12:23:30	100463.0	40.2	24.9	13.7	100492.5	35.4	11.2	4323.6	3600	4323.6
2022-07-25T13:23:31	100387.0	41.5	24.2	13.6	100412.5	37.1	11.1	4477.2	3600	4477.2
2022-07-25T14:23:34	100313.6	43.0	23.4	13.7	100345.0	36.2	10.9	4460.4	3600	4460.4
2022-07-25T15:23:41	100250.4	43.5	23.2	13.7	100285.0	36.1	10.9	4512.0	3600	4512.0
2022-07-25T16:23:46	100179.2	43.0	23.7	13.7	100210.0	34.3	10.7	4545.6	3600	4545.6
2022-07-25T17:23:50	100087.6	43.5	23.6	13.6	100135.0	34.6	10.9	4467.6	3600	4467.6
2022-07-25T18:23:56	100133.6	40.6	24.0	13.5	100182.5	26.1	12.5	4602.0	3600	4602.0
2022-07-25T19:24:01	100189.9	37.7	25.1	13.5	100260.0	25.7	13.0	4572.0	3600	4572.0
2022-07-25T20:24:06	100203.4	36.7	25.9	13.5	100272.5	24.4	12.8	4564.8	3600	4564.8
2022-07-25T21:24:08	100349.7	36.3	26.2	13.3	100425.0	23.1	13.8	4292.4	3600	4292.4
2022-07-25T22:24:10	100457.4	35.5	27.1	13.3	100542.5	21.6	14.9	4063.2	3600	4063.2
2022-07-25T23:24:14	100531.3	34.4	27.7	13.3	100595.0	20.4	14.5	4135.2	3600	4135.2
2022-07-26T00:24:26	100554.8	33.3	28.3	13.3	100632.5	19.4	14.7	4269.6	3600	4269.6
2022-07-26T01:24:31	100588.9	32.2	28.7	13.3	100662.5	18.5	14.8	4284.0	3600	4284.0
2022-07-26T02:24:37	100619.4	31.4	29.1	13.3	100692.5	18.4	14.9	4248.0	3600	4248.0
2022-07-26T03:24:42	100639.2	30.7	29.7	13.3	100705.0	18.0	14.6	4165.2	3600	4165.2
2022-07-26T04:24:46	100640.1	29.7	30.1	13.3	100707.5	17.2	13.8	4130.4	3600	4130.4
2022-07-26T05:24:49	100648.7	28.9	30.6	13.3	100715.0	16.9	13.3	4327.2	3600	4327.2
2022-07-26T06:25:04	100660.2	28.5	30.9	13.4	100720.0	18.0	13.5	4102.8	3600	4102.8
2022-07-26T07:25:10	100692.5	29.3	31.5	13.9	100745.0	20.2	13.2	4196.4	3600	4196.4
2022-07-26T08:25:15	100725.1	30.7	32.0	14.0	100772.5	21.2	12.8	4200.0	3600	4200.0
2022-07-26T09:25:23	100735.8	32.9	31.0	13.8	100775.0	23.2	12.4	4336.8	3600	4336.8
2022-07-26T10:25:30	100756.7	33.8	29.8	13.9	100795.0	23.8	11.9	4179.6	3600	4179.6
2022-07-26T11:25:33	100775.0	33.5	29.4	13.9	100817.5	23.7	12.0	4270.8	3600	4270.8
2022-07-26T12:25:35	100779.5	33.9	29.1	13.9	100817.5	24.8	11.7	4267.2	3600	4267.2
2022-07-26T13:25:44	100864.6	33.4	29.1	13.9	100940.0	20.1	12.2	4231.2	3600	4231.2
2022-07-26T14:25:46	100933.1	32.0	30.4	13.9	100992.5	19.3	12.8	4316.4	3600	4316.4
2022-07-26T15:25:52	100929.6	31.5	31.3	13.9	100990.0	20.7	12.6	4213.2	3600	4213.2
2022-07-26T16:26:03	100951.3	32.3	31.1	13.9	100997.5	22.0	12.2	4388.4	3600	4388.4
2022-07-26T17:26:08	100950.1	32.4	30.6	13.9	101010.0	21.8	11.2	4278.0	3600	4278.0
2022-07-26T18:26:14	100953.9	32.2	30.0	13.8	101015.0	21.9	10.3	4273.2	3600	4273.2
2022-07-26T19:26:20	100981.7	31.7	29.2	13.6	101056.0	20.3	9.5	4178.4	3600	4178.4
2022-07-26T20:26:21	101024.5	30.7	28.9	13.6	101112.5	18.0	9.1	4166.4	3600	4166.4
2022-07-26T21:26:31	101071.5	29.8	28.8	13.5	101170.0	16.2	9.1	4174.8	3600	4174.8
2022-07-26T22:26:32	101109.0	29.0	28.7	13.5	101212.5	16.2	8.7	4334.4	3600	4334.4
2022-07-26T23:26:35	101175.6	28.4	28.5	13.4	101272.5	16.3	8.0	4204.8	3600	4204.8
2022-07-27T00:26:36	101212.7	27.8	28.3	13.4	101317.5	15.4	8.1	4272.0	3600	4272.0
2022-07-27T01:26:45	101219.8	27.0	28.3	13.3	101317.5	13.6	7.9	4188.0	3600	4188.0
2022-07-27T02:26:49	101218.3	26.0	28.3	13.3	101325.0	11.7	7.9	4122.0	3600	4122.0
2022-07-27T03:26:55	101233.7	25.0	28.4	13.3	101335.0	10.4	8.0	4092.0	3600	4092.0
2022-07-27T04:26:56	101245.3	24.1	28.5	13.3	101342.5	10.9	8.2	4100.4	3600	4100.4
2022-07-27T05:27:01	101257.2	23.5	28.6	13.3	101352.5	10.9	8.4	4219.2	3600	4219.2
2022-07-27T06:27:06	101255.5	23.7	28.8	13.4	101342.5	13.2	8.8	4170.0	3600	4170.0
2022-07-27T07:27:12	101296.6	25.5	29.1	14.0	101380.0	15.8	9.1	4192.8	3600	4192.8
2022-07-27T08:27:17	101314.9	27.1	29.3	14.1	101400.0	16.3	8.8	4129.2	3600	4129.2
2022-07-27T09:27:25	101334.0	26.9	29.6	14.1	101415.0	17.3	8.5	4065.6	3600	4065.6
2022-07-27T10:27:27	101348.4	27.2	29.4	14.0	101427.5	17.9	8.1	4027.2	3600	4027.2
2022-07-27T11:27:33	101355.2	27.5	29.0	14.1	101432.5	18.2	8.1	4226.4	3600	4226.4
2022-07-27T12:27:36	101343.8	28.0	28.6	14.0	101415.0	19.9	8.1	4240.8	3600	4240.8
2022-07-27T13:27:41	101332.9	28.7	27.9	14.0	101402.5	20.4	7.7	4334.4	3600	4334.4
2022-07-27T14:27:43	101311.8	29.7	26.8	14.0	101377.5	21.6	7.5	4341.6	3600	4341.6
2022-07-27T15:27:48	101308.5	31.3	25.7	14.0	101372.5	22.8	7.4	4194.0	3600	4194.0
2022-07-27T16:27:56	101308.2	31.4	25.1	14.0	101387.5	21.0	7.4	4251.6	3600	4251.6
2022-07-27T17:27:58	101299.0	30.9	25.2	13.9	101377.5	21.1	7.4	4168.8	3600	4168.8
2022-07-27T18:28:04	101265.9	31.0	25.0	13.9	101342.5	21.5	7.2	4411.2	3600	4411.2
2022-07-27T19:28:11	101266.8	30.7	24.8	13.7	101355.0	20.6	7.2	4454.4	3600	4454.4
2022-07-27T20:28:14	101293.1	29.8	25.2	13.6	101402.5	17.6	7.3	4329.6	3600	4329.6
2022-07-27T21:28:15	101354.3	28.6	25.6	13.5	101477.5	15.3	7.5	4146.0	3600	4146.0
2022-07-27T22:28:19	101399.7	27.6	25.9	13.5	101522.5	12.9	7.4	4221.6	3600	4221.6
2022-07-27T23:28:28	101439.8	26.5	26.0	13.5	101560.0	10.5	7.4	4167.6	3600	4167.6
2022-07-28T00:28:29	101470.6	25.5	26.1	13.4	101590.0	9.4	7.5	4090.8	3600	4090.8
2022-07-28T01:28:35	101487.9	24.6	26.2	13.4	101605.0	9.8	7.8	4218.0	3600	4218.0
2022-07-28T02:28:40	101500.6	23.8	26.3	13.4	101610.0	8.1	7.4	4210.8	3600	4210.8
2022-07-28T03:28:43	101509.1	22.8	26.4	13.3	101612.5	7.5	7.6	4161.6	3600	4161.6
2022-07-28T04:28:46	101513.9	21.9	26.4	13.3	101617.5	6.8	7.4	4131.6	3600	4131.6
2022-07-28T05:28:47	101548.8	21.1	26.5	13.3	101652.5	7.1	7.7	4033.2	3600	4033.2
2022-07-28T06:28:48	101575.8	21.7	26.6	13.4	101667.5	12.4	8.8	4170.0	3600	4170.0
2022-07-28T07:28:50	101599.1	24.6	26.4	13.9	101687.5	15.3	8.6	4058.4	3600	4058.4
2022-07-28T08:28:54	101618.7	27.2	26.3	14.0	101702.5	16.9	8.3	4142.4	3600	4142.4
2022-07-28T09:29:00	101612.1	28.6	26.5	14.0	101690.0	19.0	8.3	4152.0	3600	4152.0
2022-07-28T10:29:08	101615.8	30.2	26.2	13.9	101690.0	20.4	8.0	4189.2	3600	4189.2
2022-07-28T11:29:15	101607.2	31.2	26.1	13.9	101672.5	21.6	8.0	4226.4	3600	4226.4
2022-07-28T12:29:24	101577.6	31.9	25.9	13.9	101635.0	24.8	8.2	4176.0	3600	4176.0
2022-07-28T13:29:28	101552.3	33.4	25.1	13.8	101607.5	25.0	7.8	4219.2	3600	4219.2
2022-07-28T14:29:35	101519.7	34.9	24.3	13.9	101570.0	25.5	7.6	4304.4	3600	4304.4
2022-07-28T15:30:39	101479.9	36.4	23.4	13.8	101535.0	25.0	7.3	4305.6	3600	4305.6
2022-07-28T16:30:40	101443.2	37.4	22.8	13.8	101497.5	26.2	7.3	4282.8	3600	4282.8
2022-07-28T17:30:47	101423.2	37.9	22.4	13.8	101488.0	24.0	7.2	4311.6	3600	4311.6
2022-07-28T18:30:49	101417.1	36.6	23.1	13.7	101490.0	23.0	7.1	4298.4	3600	4298.4
2022-07-28T19:30:53	101420.0	35.0	24.2	13.6	101507.5	20.9	7.5	4314.0	3600	4314.0
2022-07-28T20:30:56	101416.7	33.5	24.9	13.5	101522.5	17.7	7.5	4136.4	3600	4136.4
2022-07-28T21:31:02	101438.8	32.0	25.4	13.5	101557.5	15.8	7.5	4347.6	3600	4347.6
2022-07-28T22:31:06	101460.6	30.8	25.6	13.4	101575.0	15.5	7.4	4315.2	3600	4315.2
2022-07-28T23:31:10	101485.8	29.7	25.6	13.4	101600.0	15.4	7.5	4384.8	3600	4384.8
2022-07-29T00:31:21	101516.7	28.7	25.8	13.3	101632.5	14.4	7.9	4224.0	3600	4224.0
2022-07-29T01:31:24	101512.0	27.7	25.9	13.3	101625.0	14.1	8.5	4070.4	3600	4070.4
2022-07-29T02:31:31	101465.5	26.8	26.1	13.3	101570.0	13.7	8.8	4255.2	3600	4255.2
2022-07-29T03:31:34	101409.9	26.0	26.2	13.3	101512.5	13.3	8.9	4245.6	3600	4245.6
2022-07-29T04:31:39	101391.8	25.4	26.4	13.3	101492.5	13.1	9.1	4233.6	3600	4233.6
2022-07-29T05:31:44	101378.7	24.8	26.6	13.3	101480.0	13.3	9.2	4207.2	3600	4207.2
2022-07-29T06:31:47	101381.8	24.9	26.7	13.4	101477.5	14.6	9.4	4311.6	3600	4311.6
2022-07-29T07:31:50	101378.4	25.4	26.8	13.7	101465.0	16.4	9.6	4087.2	3600	4087.2
2022-07-29T08:31:55	101380.6	27.0	26.6	14.1	101455.0	20.2	9.5	4214.4	3600	4214.4
2022-07-29T09:32:00	101358.1	30.1	26.0	13.9	101415.0	24.0	9.0	4092.0	3600	4092.0
2022-07-29T10:32:02	101338.4	31.7	25.8	14.0	101395.0	26.2	8.4	4274.4	3600	4274.4
2022-07-29T11:32:10	101307.3	31.9	25.8	13.9	101370.0	26.3	7.9	4405.2	3600	4405.2
2022-07-29T12:32:14	101283.2	33.2	25.2	13.8	101337.5	28.8	7.8	4196.4	3600	4196.4
2022-07-29T13:32:17	101245.4	35.1	24.2	13.8	101297.5	29.9	8.3	4266.0	3600	4266.0
2022-07-29T14:32:26	101208.6	37.1	23.3	13.8	101257.5	30.6	8.7	4216.8	3600	4216.8
2022-07-29T15:32:30	101167.9	38.2	22.8	13.8	101217.5	30.7	8.8	4280.4	3600	4280.4
2022-07-29T16:32:31	101144.8	39.1	22.3	13.8	101197.5	30.1	8.6	4257.6	3600	4257.6
2022-07-29T17:32:39	101110.5	38.8	22.6	13.8	101167.5	28.4	8.3	4390.8	3600	4390.8
2022-07-29T18:32:40	101085.7	37.8	23.3	13.7	101147.5	27.1	8.5	4308.0	3600	4308.0
2022-07-29T19:32:47	101093.2	36.6	24.1	13.6	101165.0	25.9	8.5	4524.0	3600	4524.0
2022-07-29T20:32:52	101121.7	35.7	24.7	13.5	101205.0	23.9	8.3	4346.4	3600	4346.4
2022-07-29T21:32:55	101148.7	34.7	25.0	13.5	101237.5	22.6	8.3	4245.6	3600	4245.6
2022-07-29T22:33:03	101167.0	33.9	25.2	13.4	101257.5	21.7	8.3	4353.6	3600	4353.6
2022-07-29T23:33:07	101165.3	33.2	25.3	13.5	101252.5	21.6	8.1	4191.6	3600	4191.6
2022-07-30T00:33:13	101136.6	32.6	25.3	13.4	101225.0	21.3	8.1	4171.2	3600	4171.2
2022-07-30T01:33:14	101133.5	32.1	25.4	13.4	101222.5	20.4	8.1	4234.8	3600	4234.8
2022-07-30T02:33:15	101121.6	31.4	25.5	13.3	101222.5	19.7	8.3	4221.6	3600	4221.6
2022-07-30T03:33:18	101122.2	30.9	25.6	13.3	101222.5	18.9	8.6	4416.0	3600	4416.0
2022-07-30T04:33:22	101136.4	30.3	25.8	13.3	101242.5	18.4	8.9	4267.2	3600	4267.2
2022-07-30T05:33:23	101146.4	29.9	25.9	13.3	101257.5	18.0	9.0	4218.0	3600	4218.0
2022-07-30T06:33:24	101158.9	29.4	26.0	13.3	101262.5	17.6	9.0	4146.0	3600	4146.0
2022-07-30T07:33:28	101171.4	29.4	26.1	13.6	101270.0	18.7	9.3	4282.8	3600	4282.8
2022-07-30T08:33:32	101201.3	30.8	25.9	13.9	101277.5	21.3	9.4	4285.2	3600	4285.2
2022-07-30T09:33:40	101204.3	33.4	25.3	14.3	101270.0	23.6	9.5	4275.6	3600	4275.6
2022-07-30T10:33:46	101191.1	35.1	25.1	14.2	101247.5	25.2	9.6	4231.2	3600	4231.2
2022-07-30T11:33:49	101189.2	35.8	25.3	13.9	101245.0	26.1	9.7	4311.6	3600	4311.6
2022-07-30T12:33:55	101183.8	36.4	25.2	13.8	101230.0	27.4	9.5	4356.0	3600	4356.0
2022-07-30T13:33:59	101178.9	37.1	24.9	13.8	101235.0	27.8	8.8	4342.8	3600	4342.8
2022-07-30T14:34:02	101167.7	38.1	24.3	13.8	101217.5	27.8	8.5	4304.4	3600	4304.4
2022-07-30T15:34:08	101147.7	39.2	23.8	13.7	101197.5	29.2	8.5	4226.4	3600	4226.4
2022-07-30T16:34:12	101137.9	40.0	23.2	13.8	101192.5	28.0	8.0	4322.4	3600	4322.4
2022-07-30T17:34:18	101144.0	40.0	23.0	13.8	101202.5	27.2	8.2	4435.2	3600	4435.2
2022-07-30T18:34:21	101165.7	38.8	23.4	13.7	101235.0	25.7	8.5	4372.8	3600	4372.8
2022-07-30T19:34:27	101200.2	37.4	24.1	13.6	101270.0	24.7	9.3	4246.8	3600	4246.8
2022-07-30T20:34:32	101235.3	36.2	24.6	13.5	101327.5	20.9	10.0	4312.8	3600	4312.8
2022-07-30T21:34:34	101255.6	34.7	25.2	13.5	101352.5	18.9	10.2	4318.8	3600	4318.8
2022-07-30T22:34:38	101251.7	33.5	25.5	13.4	101355.0	16.4	11.0	4246.8	3600	4246.8
2022-07-30T23:34:41	101249.6	32.3	25.8	13.4	101347.5	15.7	10.9	4326.0	3600	4326.0
2022-07-31T00:34:43	101233.1	31.2	26.0	13.4	101327.5	14.3	11.0	4282.8	3600	4282.8
2022-07-31T01:34:49	101223.6	30.1	26.1	13.3	101320.0	13.8	10.9	4194.0	3600	4194.0
2022-07-31T02:34:50	101207.9	29.1	26.3	13.3	101300.0	13.2	11.0	4262.4	3600	4262.4
2022-07-31T03:34:54	101206.4	28.2	26.4	13.3	101295.0	13.1	11.1	4200.0	3600	4200.0
2022-07-31T04:34:59	101178.1	27.3	26.6	13.3	101265.0	12.7	10.9	4329.6	3600	4329.6
2022-07-31T05:35:01	101177.5	26.7	26.7	13.3	101265.0	13.6	11.6	4297.2	3600	4297.2
2022-07-31T06:35:05	101191.2	27.4	26.8	13.4	101262.5	18.1	12.3	4137.6	3600	4137.6
2022-07-31T07:35:09	101210.1	30.0	27.0	13.9	101270.0	20.3	12.3	4182.0	3600	4182.0
2022-07-31T08:35:14	101203.3	32.8	27.1	13.9	101245.0	23.1	12.5	4254.0	3600	4254.0
2022-07-31T09:35:17	101168.9	34.5	26.8	13.9	101213.3	24.3	12.0	4473.6	3600	4473.6
2022-07-31T10:35:23	101152.0	34.4	27.4	13.9	101195.0	25.7	12.2	4222.8	3600	4222.8
2022-07-31T11:35:31	101122.1	35.7	27.0	13.8	101160.0	27.6	11.6	4225.2	3600	4225.2
2022-07-31T12:35:32	101088.1	36.5	26.6	13.8	101127.5	27.2	11.1	4148.4	3600	4148.4
2022-07-31T13:35:34	101051.4	36.9	26.1	13.8	101082.5	29.4	10.7	4302.0	3600	4302.0
2022-07-31T14:35:35	100998.9	39.0	24.3	13.7	101032.5	30.1	10.0	4450.8	3600	4450.8
2022-07-31T15:35:40	100943.1	39.9	23.3	13.7	100975.0	29.9	9.7	4446.0	3600	4446.0
2022-07-31T16:35:42	100904.3	40.9	22.6	13.7	100950.0	30.2	8.9	4369.2	3600	4369.2
2022-07-31T17:35:45	100883.3	41.0	22.2	13.7	100930.0	28.9	8.5	4443.6	3600	4443.6
2022-07-31T18:35:47	100851.7	39.6	22.9	13.6	100905.0	27.1	8.7	4656.0	3600	4656.0
2022-07-31T19:35:49	100839.0	38.3	23.7	13.5	100906.0	25.0	9.1	4546.8	3600	4546.8
2022-07-31T20:35:52	100843.7	37.2	24.4	13.5	100917.5	23.2	9.7	4368.0	3600	4368.0
2022-07-31T21:35:59	100843.7	36.3	24.8	13.4	100912.5	23.1	9.7	4447.2	3600	4447.2
2022-07-31T22:36:01	100812.2	35.5	25.0	13.4	100882.5	22.8	10.6	4546.8	3600	4546.8
2022-07-31T23:36:09	100842.7	34.5	25.6	13.4	100917.5	21.5	11.7	4402.8	3600	4402.8
2022-08-01T00:36:18	100841.7	33.4	26.7	13.3	100922.5	19.6	13.0	4423.2	3600	4423.2
2022-08-01T01:36:23	100828.4	32.3	27.3	13.3	100912.5	18.9	13.3	4316.4	3600	4316.4
2022-08-01T02:36:25	100814.9	31.5	27.6	13.3	100895.0	17.9	13.3	4274.4	3600	4274.4
2022-08-01T03:36:31	100790.1	30.9	27.6	13.3	100865.0	17.3	13.7	4296.0	3600	4296.0
2022-08-01T04:36:37	100789.8	30.4	27.7	13.3	100865.0	18.0	14.0	4287.6	3600	4287.6
2022-08-01T05:36:41	100816.0	29.8	29.3	13.2	100885.0	18.5	14.5	4076.4	3600	4076.4
2022-08-01T06:36:47	100834.8	29.6	31.6	13.3	100897.5	19.2	14.8	4344.0	3600	4344.0
2022-08-01T07:36:53	100857.9	29.5	33.2	13.4	100917.5	19.6	15.0	4412.4	3600	4412.4
2022-08-01T08:36:56	100883.5	29.6	33.9	13.5	100942.5	20.0	14.5	4270.8	3600	4270.8
2022-08-01T09:36:59	100914.6	30.0	34.1	13.8	100967.5	21.1	13.9	4312.8	3600	4312.8
2022-08-01T10:37:07	100953.3	30.4	34.1	13.9	101002.5	21.9	13.6	4344.0	3600	4344.0
2022-08-01T11:37:12	101008.2	30.7	34.1	13.9	101065.0	21.6	13.3	4441.2	3600	4441.2
2022-08-01T12:37:15	101035.4	30.9	34.2	13.9	101085.0	22.5	13.3	4189.2	3600	4189.2
2022-08-01T13:37:16	101049.6	32.1	33.2	13.9	101085.0	24.3	12.9	4456.8	3600	4456.8
2022-08-01T14:37:17	101064.1	32.8	32.4	13.9	101105.0	24.7	12.5	4296.0	3600	4296.0
2022-08-01T15:37:21	101082.6	33.3	31.6	13.9	101125.0	24.8	12.6	4342.8	3600	4342.8
2022-08-01T16:37:27	101103.0	34.1	30.6	13.9	101150.0	25.6	11.7	4237.2	3600	4237.2
2022-08-01T17:37:32	101125.0	34.2	29.8	13.9	101177.5	24.4	12.1	4300.8	3600	4300.8
2022-08-01T18:37:35	101135.3	34.0	29.7	13.8	101187.5	23.7	11.9	4288.8	3600	4288.8
2022-08-01T19:37:38	101152.3	33.4	29.8	13.7	101212.5	23.3	11.4	4305.6	3600	4305.6
2022-08-01T20:37:44	101200.2	32.6	29.8	13.6	101272.5	21.0	10.9	4311.6	3600	4311.6
2022-08-01T21:37:49	101256.4	31.7	29.7	13.5	101337.5	19.8	10.4	4296.0	3600	4296.0
2022-08-01T22:37:50	101317.8	30.9	29.5	13.4	101410.0	18.2	10.1	4393.2	3600	4393.2
2022-08-01T23:37:51	101369.2	30.2	29.4	13.4	101457.5	17.5	10.0	4298.4	3600	4298.4
2022-08-02T00:37:58	101385.9	29.6	29.2	13.4	101470.0	17.4	9.8	4398.0	3600	4398.0
2022-08-02T01:38:05	101376.7	29.0	29.2	13.3	101460.0	17.2	9.5	4526.4	3600	4526.4
2022-08-02T02:38:12	101381.2	28.5	29.1	13.3	101472.5	16.6	9.6	4238.4	3600	4238.4
2022-08-02T03:38:16	101391.8	27.9	29.1	13.2	101487.5	14.9	9.4	4120.8	3600	4120.8
2022-08-02T04:38:19	101413.4	27.0	29.2	13.3	101515.0	14.0	9.5	4396.8	3600	4396.8
2022-08-02T05:38:31	101445.3	26.4	29.1	13.3	101537.5	13.6	9.6	4323.6	3600	4323.6
2022-08-02T06:38:41	101465.6	27.5	28.9	13.5	101535.0	19.6	10.1	4276.8	3600	4276.8
2022-08-02T07:38:44	101508.0	30.4	28.3	14.0	101570.0	20.9	10.5	4194.0	3600	4194.0
2022-08-02T08:38:48	101497.6	32.8	27.8	13.9	101552.5	22.0	9.9	4306.8	3600	4306.8
2022-08-02T09:38:56	101480.6	34.6	27.3	13.8	101527.5	23.9	9.9	4137.6	3600	4137.6
2022-08-02T10:38:57	101458.6	35.2	27.0	13.8	101505.0	25.0	9.9	4449.6	3600	4449.6
2022-08-02T11:39:02	101449.5	35.6	26.6	13.9	101495.0	25.5	9.9	4327.2	3600	4327.2
2022-08-02T12:39:11	101399.3	35.8	26.2	13.8	101440.0	26.7	9.8	4454.4	3600	4454.4
2022-08-02T13:39:13	101364.3	37.1	25.4	13.7	101397.5	28.7	9.6	4399.2	3600	4399.2
2022-08-02T14:39:19	101319.7	38.6	24.4	13.8	101355.0	29.6	9.5	4401.6	3600	4401.6
2022-08-02T15:39:23	101267.7	39.8	23.6	13.8	101307.5	28.9	9.4	4422.0	3600	4422.0
2022-08-02T16:39:26	101231.6	39.4	23.6	13.8	101275.0	27.9	9.3	4516.8	3600	4516.8
2022-08-02T17:39:27	101204.4	39.2	23.9	13.8	101250.0	27.7	9.0	4444.8	3600	4444.8
2022-08-02T18:39:31	101178.5	38.6	24.3	13.7	101232.5	26.9	9.0	4497.6	3600	4497.6
2022-08-02T19:39:34	101184.7	38.0	25.0	13.6	101247.5	25.5	9.8	4464.0	3600	4464.0
2022-08-02T20:39:39	101189.0	36.7	25.6	13.5	101262.5	22.0	10.8	4574.4	3600	4574.4
2022-08-02T21:39:43	101196.3	35.3	26.1	13.5	101280.0	20.4	10.3	4484.4	3600	4484.4
2022-08-02T22:39:45	101208.8	34.2	26.2	13.4	101302.5	19.1	10.0	4417.2	3600	4417.2
2022-08-02T23:39:48	101232.2	33.2	26.4	13.4	101325.0	18.3	10.1	4346.4	3600	4346.4
2022-08-03T00:39:53	101253.9	32.2	26.5	13.3	101344.0	17.0	10.2	4377.6	3600	4377.6
2022-08-03T01:39:55	101224.2	31.4	26.6	13.3	101306.7	18.1	10.4	4388.4	3600	4388.4
2022-08-03T02:39:56	101191.8	30.9	26.7	13.3	101275.0	18.4	10.6	4418.4	3600	4418.4
2022-08-03T03:39:58	101171.4	30.4	26.8	13.3	101257.5	17.9	10.1	4392.0	3600	4392.0
2022-08-03T04:40:02	101176.0	29.9	26.9	13.3	101262.5	17.9	9.7	4303.2	3600	4303.2
2022-08-03T05:40:12	101172.5	29.5	27.1	13.3	101262.5	17.7	9.6	4395.6	3600	4395.6
2022-08-03T06:40:19	101190.3	30.4	27.0	13.4	101250.0	23.7	10.3	4425.6	3600	4425.6
2022-08-03T07:40:20	101210.6	33.3	26.3	13.8	101257.5	27.4	10.1	4287.6	3600	4287.6
2022-08-03T08:40:28	101212.6	36.2	25.6	13.8	101255.0	28.6	10.3	4364.4	3600	4364.4
2022-08-03T09:40:36	101223.4	40.4	22.2	13.7	101257.5	31.5	10.0	4251.6	3600	4251.6
2022-08-03T12:53:18	101158.2	49.4	12.3	13.5	101177.5	35.3	10.1	4554.0	3600	4554.0
2022-08-03T13:53:21	101123.7	47.5	15.7	13.5	101152.5	35.4	10.2	4416.0	3600	4416.0
2022-08-03T14:53:29	101094.8	47.9	17.2	13.5	101122.5	35.2	10.2	4538.4	3600	4538.4
2022-08-03T15:53:33	101063.6	48.6	17.9	13.5	101087.5	35.8	10.2	4580.4	3600	4580.4
2022-08-03T16:53:37	101031.4	48.8	18.4	13.6	101055.0	34.7	9.8	4783.2	3600	4783.2
2022-08-03T17:53:40	101006.6	48.4	19.0	13.6	101035.0	34.3	9.8	4693.2	3600	4693.2
2022-08-03T18:53:42	101001.4	47.5	19.7	13.5	101042.5	32.3	10.5	4660.8	3600	4660.8
2022-08-03T19:53:47	101008.8	45.9	21.1	13.4	101057.5	29.6	11.0	4586.4	3600	4586.4
2022-08-03T20:53:52	101026.0	44.0	22.1	13.4	101087.5	25.3	10.8	4624.8	3600	4624.8
2022-08-03T21:53:58	101017.5	42.3	22.8	13.3	101080.0	24.0	11.2	4600.8	3600	4600.8
2022-08-03T22:54:05	101014.8	40.9	23.1	13.3	101087.5	21.4	11.2	4514.4	3600	4514.4
2022-08-03T23:54:06	101018.2	39.4	23.5	13.3	101100.0	20.0	12.0	4609.2	3600	4609.2
2022-08-04T00:54:10	101025.5	38.1	23.7	13.3	101102.5	19.8	12.6	4555.2	3600	4555.2
2022-08-04T01:54:13	101023.9	37.0	24.0	13.3	101107.5	18.6	13.0	4581.6	3600	4581.6
2022-08-04T02:54:16	101015.9	35.9	24.3	13.3	101092.5	18.8	12.4	4632.0	3600	4632.0
2022-08-04T03:54:21	100993.7	34.8	24.5	13.3	101070.0	18.0	12.4	4507.2	3600	4507.2
2022-08-04T04:54:25	100975.6	33.9	24.7	13.3	101057.5	17.6	12.3	4584.0	3600	4584.0
2022-08-04T05:54:31	100969.4	33.1	24.8	13.3	101042.5	18.9	13.3	4429.2	3600	4429.2
2022-08-04T06:54:32	100984.1	34.2	24.8	13.4	101025.0	25.1	13.1	4532.4	3600	4532.4
2022-08-04T07:54:36	100989.4	36.6	24.5	13.7	101025.0	28.5	12.0	4599.6	3600	4599.6
2022-08-04T08:54:43	100990.7	39.4	23.9	13.7	101022.5	31.8	11.6	4482.0	3600	4482.0
2022-08-04T09:54:44	100968.1	41.9	23.3	13.6	101002.0	33.9	11.2	4381.2	3600	4381.2
2022-08-04T10:54:45	100953.7	42.9	23.0	13.6	100993.3	36.5	10.0	4708.8	3600	4708.8
2022-08-04T11:54:47	100929.5	43.8	22.6	13.6	100962.5	37.7	9.9	4617.6	3600	4617.6
2022-08-04T12:54:49	100882.8	45.1	22.1	13.6	100915.0	38.3	10.3	4636.8	3600	4636.8
2022-08-04T13:54:54	100866.6	46.4	21.6	13.6	100897.5	38.9	10.0	4734.0	3600	4734.0
2022-08-04T14:54:55	100826.3	47.6	20.9	13.5	100857.5	39.2	9.5	4882.8	3600	4882.8
2022-08-04T15:55:01	100770.0	48.7	20.1	13.5	100800.0	39.7	9.2	4768.8	3600	4768.8
2022-08-04T16:55:02	100727.2	49.1	19.6	13.6	100757.5	38.5	9.5	4665.6	3600	4665.6
2022-08-04T17:55:09	100691.3	48.6	19.8	13.6	100725.0	37.0	10.0	4675.2	3600	4675.2
2022-08-04T18:55:11	100671.4	48.2	20.2	13.5	100710.0	35.2	10.5	4869.6	3600	4869.6
2022-08-04T19:55:13	100656.7	46.8	21.3	13.4	100705.0	31.7	10.2	4671.6	3600	4671.6
2022-08-04T20:55:19	100664.8	45.1	22.3	13.4	100725.0	28.1	10.2	4863.6	3600	4863.6
2022-08-04T21:55:29	100699.8	43.6	22.6	13.3	100758.0	27.9	10.7	4842.0	3600	4842.0
2022-08-04T22:55:31	100710.1	42.2	22.9	13.3	100775.0	24.7	11.5	4687.2	3600	4687.2
2022-08-04T23:55:33	100710.4	40.9	23.3	13.3	100780.0	22.9	12.1	4688.4	3600	4688.4
2022-08-05T00:55:39	100696.6	39.6	23.7	13.3	100765.0	22.0	12.6	4608.0	3600	4608.0
2022-08-05T01:55:43	100709.8	38.3	24.1	13.3	100782.5	21.3	13.4	4609.2	3600	4609.2
2022-08-05T02:55:49	100717.1	37.1	24.5	13.3	100782.5	21.6	13.8	4467.6	3600	4467.6
2022-08-05T03:55:53	100697.5	36.2	24.8	13.3	100765.0	20.2	13.8	4462.8	3600	4462.8
2022-08-05T04:56:01	100670.8	35.3	25.1	13.3	100742.5	20.2	14.0	4521.6	3600	4521.6
2022-08-05T05:56:07	100707.9	34.7	25.3	13.3	100770.0	21.2	14.2	4465.2	3600	4465.2
2022-08-05T06:56:11	100823.2	34.7	26.2	13.4	100885.0	22.1	14.6	4422.0	3600	4422.0
2022-08-05T07:56:18	100887.4	34.4	28.4	13.4	100955.0	21.6	15.4	4358.4	3600	4358.4
2022-08-05T08:56:22	100885.9	34.0	28.9	13.4	100932.5	20.9	15.6	4496.4	3600	4496.4
2022-08-05T09:56:26	100909.4	33.2	28.8	13.5	100975.0	21.5	16.3	4460.4	3600	4460.4
2022-08-05T10:56:28	100926.7	33.0	28.7	13.5	100967.5	21.7	16.5	4381.2	3600	4381.2
2022-08-05T11:56:35	100935.3	33.1	29.0	13.8	100970.0	24.1	16.8	4300.8	3600	4300.8
2022-08-05T12:56:41	100934.2	35.3	28.6	13.8	100962.5	27.3	16.3	4408.8	3600	4408.8
2022-08-05T13:56:43	100957.9	37.5	27.6	13.8	100987.5	28.2	15.0	4364.4	3600	4364.4
2022-08-05T14:56:44	100968.0	37.9	27.7	13.8	100997.5	27.8	14.9	4488.0	3600	4488.0
2022-08-05T15:56:48	100993.5	37.8	27.9	13.7	101040.0	25.9	14.7	4314.0	3600	4314.0
2022-08-05T16:56:55	101039.0	36.4	28.7	13.6	101100.0	23.6	14.5	4495.2	3600	4495.2
2022-08-05T17:56:58	101158.6	35.5	29.3	13.6	101240.0	20.9	13.5	4308.0	3600	4308.0
2022-08-05T18:56:59	101270.9	34.1	29.1	13.5	101340.0	18.9	12.4	4350.0	3600	4350.0
2022-08-05T19:57:02	101335.8	32.8	29.0	13.4	101417.5	18.1	11.7	4454.4	3600	4454.4
2022-08-05T20:57:03	101413.9	31.8	28.7	13.3	101495.0	17.3	10.9	4254.0	3600	4254.0
2022-08-05T21:57:06	101481.8	30.9	28.5	13.3	101572.5	16.4	11.1	4242.0	3600	4242.0
2022-08-05T22:57:09	101568.1	30.1	28.5	13.3	101652.5	16.4	11.3	4242.0	3600	4242.0
2022-08-05T23:57:12	101620.0	29.4	28.9	13.3	101710.0	16.0	10.7	4410.0	3600	4410.0
2022-08-06T00:57:15	101668.6	28.5	29.2	13.3	101755.0	14.8	9.4	4357.2	3600	4357.2
2022-08-06T01:57:20	101736.9	27.6	29.1	13.2	101832.5	13.6	9.1	4254.0	3600	4254.0
2022-08-06T02:57:23	101769.6	26.6	29.1	13.2	101860.0	12.6	9.0	4208.4	3600	4208.4
2022-08-06T03:57:24	101796.1	25.7	29.0	13.2	101892.5	11.7	8.9	4246.8	3600	4246.8
2022-08-06T04:57:27	101851.1	24.9	29.2	13.2	101945.0	11.3	8.9	4257.6	3600	4257.6
2022-08-06T05:57:34	101919.2	24.4	29.5	13.2	102015.0	11.5	9.0	4210.8	3600	4210.8
2022-08-06T06:57:40	102006.1	24.6	29.8	13.4	102090.0	13.6	9.4	4225.2	3600	4225.2
2022-08-06T07:57:44	102061.0	27.0	29.8	13.9	102147.5	15.8	9.5	4106.4	3600	4106.4
2022-08-06T08:57:50	102110.9	29.3	29.1	14.0	102190.0	17.7	9.1	4190.4	3600	4190.4
2022-08-06T09:57:52	102141.5	30.9	28.2	13.9	102210.0	19.6	7.9	4311.6	3600	4311.6
2022-08-06T10:57:56	102159.0	31.8	26.9	13.9	102222.5	20.8	7.0	4338.0	3600	4338.0
2022-08-06T11:57:58	102171.6	32.0	26.0	13.9	102235.0	21.9	7.0	4134.0	3600	4134.0
2022-08-06T12:58:03	102162.1	32.7	25.1	14.0	102227.5	21.9	6.9	4323.6	3600	4323.6
2022-08-06T13:58:07	102149.8	33.4	24.4	13.8	102210.0	22.8	6.9	4267.2	3600	4267.2
2022-08-06T14:58:13	102140.3	34.2	23.8	14.0	102210.0	21.8	6.6	4177.2	3600	4177.2
2022-08-06T15:58:18	102121.6	33.9	23.8	13.8	102187.5	22.3	6.6	4338.0	3600	4338.0
2022-08-06T16:58:23	102094.5	35.2	22.6	13.9	102160.0	23.1	6.4	4330.8	3600	4330.8
2022-08-06T17:58:26	102070.7	35.2	22.2	13.7	102147.5	22.0	6.5	4197.6	3600	4197.6
2022-08-06T18:58:34	102074.7	34.6	22.3	13.6	102160.0	21.4	6.5	4246.8	3600	4246.8
2022-08-06T19:58:42	102099.1	33.4	23.0	13.6	102192.5	19.8	6.9	4191.6	3600	4191.6
2022-08-06T20:58:43	102142.3	31.9	23.7	13.5	102260.0	16.1	7.0	4317.6	3600	4317.6
2022-08-06T21:58:48	102178.3	30.6	24.1	13.4	102295.0	14.7	7.2	4231.2	3600	4231.2
2022-08-06T22:58:51	102192.0	29.6	24.2	13.4	102307.5	13.6	7.4	4149.6	3600	4149.6
2022-08-06T23:58:54	102200.8	28.4	24.3	13.3	102320.0	10.8	7.7	4026.0	3600	4026.0
2022-08-07T00:59:03	102183.2	27.3	24.4	13.3	102295.0	10.3	7.3	4214.4	3600	4214.4
2022-08-07T01:59:06	102184.2	26.2	24.5	13.3	102292.5	10.7	7.5	4261.2	3600	4261.2
2022-08-07T02:59:11	102166.4	25.2	24.5	13.2	102275.0	8.9	7.5	4029.6	3600	4029.6
2022-08-07T03:59:12	102162.5	23.9	24.8	13.2	102265.0	7.7	7.4	4209.6	3600	4209.6
2022-08-07T04:59:17	102158.1	23.0	25.0	13.3	102262.5	7.6	7.5	4326.0	3600	4326.0
2022-08-07T05:59:27	102170.2	22.4	25.1	13.2	102270.0	9.2	8.0	4240.8	3600	4240.8
2022-08-07T06:59:32	102185.0	24.1	25.1	13.5	102267.5	17.5	8.8	4170.0	3600	4170.0
2022-08-07T07:59:34	102197.2	27.7	24.7	13.9	102277.5	19.5	8.8	4252.8	3600	4252.8
2022-08-07T08:59:37	102207.8	29.8	24.7	14.1	102270.0	22.2	8.0	4309.2	3600	4309.2
2022-08-07T09:59:47	102175.3	31.6	24.4	13.9	102232.5	23.8	7.8	4288.8	3600	4288.8
2022-08-07T10:59:51	102153.3	33.0	24.1	13.9	102210.0	24.3	7.1	4430.4	3600	4430.4
2022-08-07T11:59:53	102093.9	34.4	23.9	13.8	102146.0	25.7	7.0	4345.2	3600	4345.2
2022-08-07T12:59:54	102029.7	35.0	23.4	13.8	102080.0	27.4	7.0	4220.4	3600	4220.4
2022-08-07T13:59:57	101983.7	37.0	22.5	13.8	102038.0	26.7	6.6	4327.2	3600	4327.2
2022-08-07T15:00:03	101925.9	38.1	21.8	13.8	101977.5	26.7	6.4	4426.8	3600	4426.8
2022-08-07T16:00:17	101880.8	39.6	21.0	13.8	101932.5	26.1	6.4	4615.2	3600	4615.2
2022-08-07T17:00:23	101848.3	39.5	20.6	13.9	101907.5	26.0	6.4	4480.8	3600	4480.8
2022-08-07T18:00:27	101825.0	38.8	20.2	13.7	101895.0	25.0	6.5	4446.0	3600	4446.0
2022-08-07T19:00:32	101826.4	37.8	20.6	13.6	101907.5	23.1	6.7	4485.6	3600	4485.6
2022-08-07T20:00:35	101832.8	36.0	21.8	13.5	101925.0	20.5	7.0	4333.2	3600	4333.2
2022-08-07T21:00:40	101856.0	34.5	22.5	13.5	101970.0	17.1	7.1	4287.6	3600	4287.6
2022-08-07T22:00:45	101883.3	33.0	22.9	13.4	102000.0	15.9	7.2	4394.4	3600	4394.4
2022-08-07T23:00:47	101890.8	31.8	23.2	13.4	102007.5	15.2	7.2	4278.0	3600	4278.0
2022-08-08T00:00:48	101894.2	30.7	23.4	13.3	102007.5	15.2	7.3	4311.6	3600	4311.6
2022-08-08T01:00:50	101897.6	29.6	23.6	13.2	102015.0	13.5	7.4	4276.8	3600	4276.8
2022-08-08T02:00:53	101899.8	28.6	23.7	13.3	102015.0	12.9	7.5	4270.8	3600	4270.8
2022-08-08T03:00:54	101888.9	27.5	23.8	13.3	102002.5	10.8	7.5	4216.8	3600	4216.8
2022-08-08T04:00:55	101877.7	26.5	24.0	13.3	101995.0	10.0	7.6	4125.6	3600	4125.6
2022-08-08T05:00:59	101897.2	25.5	24.1	13.3	102012.5	9.2	7.7	4328.4	3600	4328.4
2022-08-08T06:01:05	101932.7	24.9	24.2	13.3	102040.0	11.5	8.3	4203.6	3600	4203.6
2022-08-08T07:01:09	101953.9	26.8	24.2	13.6	102042.5	19.0	8.8	4107.6	3600	4107.6
2022-08-08T08:01:18	101981.6	30.1	23.9	13.8	102060.0	20.2	8.4	4116.0	3600	4116.0
2022-08-08T09:01:19	102013.7	33.3	23.4	14.0	102082.0	22.5	8.2	4196.4	3600	4196.4
2022-08-08T10:01:26	102031.4	35.0	23.3	13.8	102092.5	24.6	7.4	4100.4	3600	4100.4
2022-08-08T11:01:33	102018.2	35.3	23.4	13.9	102077.5	26.2	7.3	4358.4	3600	4358.4
2022-08-08T12:01:35	101995.7	35.2	23.5	13.8	102052.5	26.7	7.3	4322.4	3600	4322.4
2022-08-08T13:01:40	101981.1	37.0	22.5	13.8	102037.5	27.9	7.0	4340.4	3600	4340.4
2022-08-08T14:01:47	101960.4	37.7	22.2	13.8	102017.5	27.4	7.1	4362.0	3600	4362.0
2022-08-08T15:01:49	101937.7	38.8	21.5	13.8	101992.5	29.2	7.0	4212.0	3600	4212.0
2022-08-08T16:01:54	101938.6	40.0	20.0	13.8	101995.0	28.4	7.0	4354.8	3600	4354.8
2022-08-08T17:01:57	101930.0	40.4	19.9	13.8	101992.5	26.6	6.9	4393.2	3600	4393.2
2022-08-08T18:02:03	101928.9	39.4	20.6	13.7	101997.5	26.4	6.9	4317.6	3600	4317.6
2022-08-08T19:02:06	101954.9	38.6	21.1	13.6	102035.0	24.6	7.4	4260.0	3600	4260.0
2022-08-08T20:02:07	102007.6	37.0	21.9	13.5	102102.5	21.6	7.8	4326.0	3600	4326.0
2022-08-08T21:02:15	102060.9	35.5	22.5	13.4	102167.5	19.4	7.9	4208.4	3600	4208.4
2022-08-08T22:02:16	102100.0	34.2	22.8	13.4	102212.5	17.8	8.0	4159.2	3600	4159.2
2022-08-08T23:02:22	102123.8	33.0	23.1	13.4	102240.0	16.9	8.4	4354.8	3600	4354.8
2022-08-09T00:02:33	102136.1	31.8	23.2	13.4	102250.0	15.7	8.7	4206.0	3600	4206.0
2022-08-09T01:02:36	102148.6	30.7	23.4	13.3	102260.0	15.2	8.9	4060.8	3600	4060.8
2022-08-09T02:02:38	102147.0	29.8	23.6	13.3	102250.0	15.6	9.1	4173.6	3600	4173.6
2022-08-09T03:02:46	102142.0	29.1	23.8	13.3	102250.0	15.3	9.3	4220.4	3600	4220.4
2022-08-09T04:02:48	102148.9	28.5	24.0	13.2	102250.0	15.7	9.5	4162.8	3600	4162.8
2022-08-09T05:02:54	102161.8	28.1	24.2	13.3	102267.5	15.8	9.7	4233.6	3600	4233.6
2022-08-09T06:03:00	102200.4	27.7	24.4	13.2	102305.0	16.1	9.8	4174.8	3600	4174.8
2022-08-09T07:03:05	102231.6	27.7	24.6	13.4	102327.5	17.4	10.1	4195.2	3600	4195.2
2022-08-09T08:03:10	102271.2	28.7	24.6	13.8	102350.0	20.0	10.1	4017.6	3600	4017.6
2022-08-09T09:03:13	102299.5	30.9	24.3	13.9	102365.0	22.3	9.5	4005.6	3600	4005.6
2022-08-09T10:03:20	102301.1	32.7	24.4	13.9	102365.0	24.2	9.0	4125.6	3600	4125.6
2022-08-09T11:03:26	102299.5	33.8	24.5	13.8	102360.0	25.6	8.5	4096.8	3600	4096.8
2022-08-09T12:03:28	102277.5	34.9	24.3	13.8	102332.5	27.1	8.4	4138.8	3600	4138.8
2022-08-09T13:03:33	102263.4	36.2	23.8	13.8	102320.0	27.0	8.4	4069.2	3600	4069.2
2022-08-09T14:03:38	102247.2	36.9	23.3	13.8	102297.5	27.1	8.2	4245.6	3600	4245.6
2022-08-09T15:03:40	102215.8	39.0	22.0	13.7	102265.0	28.9	8.1	4160.4	3600	4160.4
2022-08-09T16:03:45	102201.0	40.6	21.1	13.7	102252.5	28.6	7.8	4051.2	3600	4051.2
2022-08-09T17:03:53	102188.7	40.1	21.1	13.8	102240.0	26.8	7.8	4224.0	3600	4224.0
2022-08-09T18:03:59	102167.7	39.2	21.7	13.7	102230.0	25.9	8.0	4316.4	3600	4316.4
2022-08-09T19:04:02	102190.9	38.1	22.2	13.6	102260.0	25.0	8.1	4210.8	3600	4210.8
2022-08-09T20:04:05	102223.0	36.9	22.7	13.4	102305.0	23.4	8.4	4035.6	3600	4035.6
2022-08-09T21:04:11	102271.3	35.6	23.1	13.5	102362.5	21.2	8.6	4279.2	3600	4279.2
2022-08-09T22:04:13	102292.9	34.5	23.4	13.4	102390.0	19.5	8.9	4159.2	3600	4159.2
2022-08-09T23:04:14	102314.8	33.4	23.6	13.4	102412.5	18.8	9.3	4188.0	3600	4188.0
2022-08-10T00:04:17	102326.7	32.3	23.7	13.3	102427.5	17.3	9.4	4075.2	3600	4075.2
2022-08-10T01:04:19	102338.5	31.3	23.9	13.3	102442.5	16.3	9.6	3993.6	3600	3993.6
2022-08-10T02:04:22	102326.3	30.2	24.1	13.3	102427.5	15.3	9.8	4114.8	3600	4114.8
2022-08-10T03:04:23	102300.9	29.2	24.2	13.3	102407.5	13.9	9.7	4064.4	3600	4064.4
2022-08-10T04:04:27	102293.1	28.1	24.4	13.3	102397.5	12.9	9.7	4100.4	3600	4100.4
2022-08-10T05:04:36	102299.9	27.2	24.5	13.3	102397.5	11.6	9.6	4118.4	3600	4118.4
2022-08-10T06:04:38	102322.1	26.7	24.6	13.3	102410.0	13.9	10.5	4015.2	3600	4015.2
2022-08-10T07:04:41	102347.5	28.2	24.7	13.7	102425.0	17.0	11.1	4057.2	3600	4057.2
2022-08-10T08:04:44	102356.8	30.5	24.6	13.9	102422.5	19.7	11.2	4000.8	3600	4000.8
2022-08-10T09:04:45	102343.7	32.7	24.4	14.0	102397.5	22.4	10.5	3994.8	3600	3994.8
2022-08-10T10:04:46	102336.8	33.8	24.4	13.8	102390.0	24.3	9.5	3954.0	3600	3954.0
2022-08-10T11:04:49	102321.4	35.1	24.2	13.8	102362.5	25.7	8.1	4111.2	3600	4111.2
2022-08-10T12:04:57	102276.3	35.9	23.8	13.8	102322.5	27.5	7.8	4065.6	3600	4065.6
2022-08-10T13:05:07	102237.6	37.2	23.1	13.7	102282.5	27.9	7.3	4072.8	3600	4072.8
2022-08-10T14:05:11	102203.9	39.1	22.2	13.8	102242.5	29.3	7.4	4020.0	3600	4020.0
2022-08-10T15:05:15	102139.9	40.6	21.2	13.7	102180.0	30.9	7.3	4275.6	3600	4275.6
2022-08-10T16:05:20	102092.1	42.0	20.4	13.7	102130.0	31.3	7.3	4095.6	3600	4095.6
2022-08-10T17:05:26	102056.2	42.6	19.9	13.7	102097.5	30.2	7.2	4192.8	3600	4192.8
2022-08-10T18:05:27	102023.9	42.2	20.0	13.5	102072.5	28.8	7.0	4111.2	3600	4111.2
2022-08-10T19:05:34	102001.7	40.9	20.7	13.5	102062.5	26.7	7.4	4306.8	3600	4306.8
2022-08-10T20:05:42	102005.2	39.2	21.9	13.5	102087.5	23.8	7.7	4278.0	3600	4278.0
2022-08-10T21:05:43	102025.1	37.5	22.6	13.5	102117.5	20.9	8.3	4161.6	3600	4161.6
2022-08-10T22:05:44	102044.3	36.1	23.0	13.4	102135.0	21.0	9.0	4303.2	3600	4303.2
2022-08-10T23:05:47	102045.5	35.1	23.1	13.3	102132.5	20.4	9.6	4190.4	3600	4190.4
2022-08-11T00:05:48	102033.9	34.0	23.3	13.3	102125.0	18.8	9.6	4064.4	3600	4064.4
2022-08-11T01:05:50	102012.3	32.9	23.5	13.3	102107.5	17.9	9.5	4179.6	3600	4179.6
2022-08-11T02:05:56	101998.5	31.9	23.7	13.3	102100.0	17.2	9.4	4233.6	3600	4233.6
2022-08-11T03:06:02	102002.8	30.9	23.8	13.3	102105.0	15.6	9.2	4384.8	3600	4384.8
2022-08-11T04:06:13	101992.8	29.8	24.0	13.3	102097.5	13.0	9.2	4077.6	3600	4077.6
2022-08-11T05:06:16	101984.6	28.7	24.1	13.2	102090.0	12.2	9.2	4171.2	3600	4171.2
2022-08-11T06:06:18	101983.1	28.0	24.2	13.3	102080.0	14.2	9.7	4311.6	3600	4311.6
2022-08-11T07:06:19	102006.3	29.5	24.2	13.6	102080.0	20.4	10.0	4070.4	3600	4070.4
2022-08-11T08:06:21	102021.7	32.4	23.8	13.8	102085.0	21.9	10.0	4263.6	3600	4263.6
2022-08-11T09:06:28	102014.9	34.2	23.6	13.9	102065.0	25.6	9.7	4350.0	3600	4350.0
2022-08-11T10:06:29	102005.8	36.1	23.3	13.8	102050.0	27.3	9.2	4166.4	3600	4166.4
2022-08-11T11:06:35	101986.8	37.1	23.1	13.8	102027.5	29.9	8.9	4336.8	3600	4336.8
2022-08-11T12:06:37	101935.2	38.1	22.8	13.8	101977.5	30.9	8.6	4334.4	3600	4334.4
2022-08-11T13:06:41	101881.0	39.4	22.1	13.7	101922.0	31.5	8.2	4245.6	3600	4245.6
2022-08-11T14:06:44	101827.4	41.2	21.4	13.7	101865.0	32.3	7.8	4394.4	3600	4394.4
2022-08-11T15:06:46	101775.0	42.6	20.7	13.6	101817.5	31.5	7.6	4297.2	3600	4297.2
2022-08-11T16:06:47	101730.8	43.6	20.3	13.6	101770.0	31.2	7.6	4371.6	3600	4371.6
2022-08-11T17:06:56	101694.2	43.6	20.3	13.7	101736.7	30.9	7.3	4411.2	3600	4411.2
2022-08-11T18:07:00	101669.4	42.7	20.5	13.6	101720.0	29.4	6.9	4515.6	3600	4515.6
2022-08-11T19:07:04	101662.8	41.6	21.1	13.6	101720.0	28.4	6.5	4462.8	3600	4462.8
2022-08-11T20:07:07	101681.4	40.2	21.7	13.5	101752.5	25.9	6.2	4396.8	3600	4396.8
2022-08-11T21:07:13	101708.5	38.5	22.3	13.4	101794.0	22.6	6.2	4422.0	3600	4422.0
2022-08-11T22:07:14	101728.5	37.0	22.6	13.3	101835.0	20.0	6.5	4370.4	3600	4370.4
2022-08-11T23:07:16	101760.6	35.8	22.8	13.3	101857.5	20.9	7.2	4375.2	3600	4375.2
2022-08-12T00:07:18	101759.5	34.8	22.9	13.3	101860.0	19.5	7.7	4311.6	3600	4311.6
2022-08-12T01:07:19	101772.2	33.6	23.1	13.3	101890.0	16.2	8.1	4320.0	3600	4320.0
2022-08-12T02:07:30	101776.6	32.3	23.3	13.3	101887.5	15.4	8.4	4308.0	3600	4308.0
2022-08-12T03:07:31	101767.1	31.3	23.5	13.3	101877.5	13.7	8.4	4159.2	3600	4159.2
2022-08-12T04:07:35	101753.5	30.1	23.6	13.2	101867.5	12.4	8.7	4429.2	3600	4429.2
2022-08-12T05:07:36	101764.9	29.1	23.8	13.3	101877.5	12.4	9.0	4317.6	3600	4317.6
2022-08-12T06:07:42	101772.5	28.7	23.9	13.3	101865.0	16.5	9.7	4365.6	3600	4365.6
2022-08-12T07:07:46	101792.0	30.7	23.7	13.7	101857.5	22.6	9.8	4290.0	3600	4290.0
2022-08-12T08:07:52	101815.7	33.6	23.4	13.8	101872.5	24.4	9.7	4300.8	3600	4300.8
2022-08-12T09:07:54	101813.4	35.3	23.2	13.9	101862.5	27.1	9.1	4196.4	3600	4196.4
2022-08-12T10:07:59	101806.8	36.1	23.4	13.8	101852.5	28.8	8.6	4381.2	3600	4381.2
2022-08-12T11:08:05	101790.0	36.9	22.7	13.8	101835.0	29.4	8.2	4448.4	3600	4448.4
2022-08-12T12:08:12	101731.4	37.5	22.1	13.7	101775.0	30.7	7.9	4317.6	3600	4317.6
2022-08-12T13:08:17	101682.0	38.7	21.4	13.7	101730.0	31.5	7.8	4257.6	3600	4257.6
2022-08-12T14:08:19	101648.7	40.1	20.7	13.7	101695.0	32.3	8.0	4388.4	3600	4388.4
2022-08-12T15:08:20	101624.2	41.5	19.9	13.6	101667.5	31.1	7.8	4437.6	3600	4437.6
2022-08-12T16:08:26	101588.4	41.2	19.7	13.7	101632.5	31.0	8.0	4374.0	3600	4374.0
2022-08-12T17:08:28	101548.4	41.2	19.6	13.7	101600.0	29.6	7.7	4456.8	3600	4456.8
2022-08-12T18:08:33	101521.7	41.0	19.6	13.7	101572.5	29.2	7.9	4465.2	3600	4465.2
2022-08-12T19:08:38	101486.8	40.1	20.1	13.6	101545.0	27.4	8.1	4430.4	3600	4430.4
2022-08-12T20:08:42	101508.3	38.9	20.9	13.5	101582.5	24.2	8.2	4462.8	3600	4462.8
2022-08-12T21:08:46	101516.3	37.6	21.6	13.4	101602.5	21.7	8.5	4483.2	3600	4483.2
2022-08-12T22:08:51	101526.0	36.4	22.0	13.4	101620.0	19.3	8.7	4423.2	3600	4423.2
2022-08-12T23:08:54	101528.4	35.3	22.3	13.3	101617.5	20.3	9.1	4450.8	3600	4450.8
2022-08-13T00:08:58	101535.2	34.4	22.4	13.3	101620.0	21.0	9.3	4278.0	3600	4278.0
2022-08-13T01:08:59	101531.3	33.7	22.6	13.3	101620.0	20.5	9.5	4250.4	3600	4250.4
2022-08-13T02:09:05	101512.2	33.0	22.9	13.3	101600.0	19.6	9.6	4279.2	3600	4279.2
2022-08-13T03:09:07	101481.2	32.2	23.1	13.3	101582.5	17.2	9.6	4269.6	3600	4269.6
2022-08-13T04:09:08	101469.5	31.3	23.2	13.2	101570.0	16.3	9.7	4248.0	3600	4248.0
2022-08-13T05:09:14	101454.7	30.6	23.4	13.3	101552.5	16.2	9.9	4297.2	3600	4297.2
2022-08-13T06:09:17	101448.8	30.1	23.5	13.3	101537.5	16.5	10.1	4422.0	3600	4422.0
2022-08-13T07:09:23	101443.4	30.4	23.5	13.3	101522.5	19.1	10.5	4442.4	3600	4442.4
2022-08-13T08:09:24	101446.1	30.7	23.6	13.5	101520.0	21.0	10.9	4210.8	3600	4210.8
2022-08-13T09:09:31	101454.9	31.6	23.5	13.6	101517.5	23.2	11.3	4412.4	3600	4412.4
2022-08-13T10:09:34	101456.7	32.8	23.4	13.8	101510.0	24.9	11.5	4284.0	3600	4284.0
2022-08-13T11:09:35	101447.0	33.6	23.4	13.9	101492.5	27.0	11.7	4276.8	3600	4276.8
2022-08-13T12:09:42	101399.1	35.1	23.1	13.9	101442.5	27.6	11.9	4270.8	3600	4270.8
2022-08-13T13:09:47	101383.1	35.1	23.6	13.8	101440.0	26.6	12.5	4278.0	3600	4278.0
2022-08-13T14:09:48	101367.5	34.9	24.2	13.9	101412.5	26.0	12.8	4309.2	3600	4309.2
2022-08-13T15:09:52	101309.9	34.7	24.5	13.9	101357.5	26.2	12.5	4365.6	3600	4365.6
2022-08-13T16:09:57	101264.3	36.1	23.9	13.9	101302.5	27.9	12.3	4386.0	3600	4386.0
2022-08-13T17:09:58	101209.4	37.2	23.5	13.8	101242.5	29.8	12.4	4381.2	3600	4381.2
2022-08-13T18:10:02	101155.6	38.1	23.1	13.8	101195.0	29.5	12.3	4334.4	3600	4334.4
2022-08-13T19:10:05	101114.5	37.9	23.4	13.7	101165.0	28.2	12.6	4528.8	3600	4528.8
2022-08-13T20:10:13	101132.0	37.1	24.0	13.6	101192.5	25.6	13.3	4519.2	3600	4519.2
2022-08-13T21:10:26	101143.2	36.2	24.5	13.5	101202.5	24.5	13.3	4351.2	3600	4351.2
2022-08-13T22:10:29	101154.5	35.3	24.8	13.5	101217.5	22.2	15.4	4392.0	3600	4392.0
2022-08-13T23:10:33	101107.2	34.0	25.1	13.4	101170.0	20.5	15.4	4323.6	3600	4323.6
2022-08-14T00:10:42	101084.0	33.0	25.3	13.3	101155.0	19.4	15.5	4452.0	3600	4452.0
2022-08-14T01:10:45	101062.1	32.2	25.5	13.3	101125.0	18.5	15.1	4488.0	3600	4488.0
2022-08-14T02:10:47	101033.9	31.4	25.6	13.3	101097.5	17.7	14.7	4316.4	3600	4316.4
2022-08-14T03:10:53	101010.3	30.8	25.7	13.3	101080.0	17.4	14.5	4264.8	3600	4264.8
2022-08-14T04:10:54	100993.2	30.2	25.8	13.3	101057.5	18.0	14.9	4411.2	3600	4411.2
2022-08-14T05:10:57	100962.7	29.9	25.8	13.2	101020.0	17.9	14.7	4399.2	3600	4399.2
2022-08-14T06:10:59	100942.9	29.6	25.8	13.2	101002.5	18.3	15.1	4394.4	3600	4394.4
2022-08-14T07:11:01	100917.7	29.7	25.9	13.4	100957.5	21.6	16.2	4362.0	3600	4362.0
2022-08-14T08:11:07	100876.2	32.1	25.7	13.8	100902.0	25.3	16.0	4245.6	3600	4245.6
2022-08-14T09:11:13	100850.0	35.5	24.9	13.9	100876.7	26.7	14.6	4484.4	3600	4484.4
2022-08-14T10:11:22	100828.3	36.7	24.7	13.8	100847.5	30.0	14.1	4508.4	3600	4508.4
2022-08-14T11:11:26	100780.9	38.1	24.4	13.7	100797.5	31.6	13.3	4399.2	3600	4399.2
2022-08-14T12:11:32	100707.5	39.1	24.3	13.7	100730.0	32.4	12.8	4539.6	3600	4539.6
2022-08-14T13:11:39	100649.7	40.3	23.9	13.7	100672.5	33.1	11.9	4634.4	3600	4634.4
2022-08-14T14:11:44	100584.0	41.8	23.3	13.6	100607.5	32.5	11.0	4670.4	3600	4670.4
2022-08-14T15:11:47	100496.1	42.8	22.6	13.7	100522.5	33.2	10.1	4938.0	3600	4938.0
2022-08-14T16:11:51	100416.6	43.9	21.7	13.7	100447.5	34.2	10.1	4910.4	3600	4910.4
2022-08-14T17:11:56	100379.1	44.2	21.2	13.7	100412.5	32.9	9.7	4911.6	3600	4911.6
2022-08-14T18:11:59	100326.0	43.5	21.4	13.6	100367.5	31.8	8.8	5218.8	3600	5218.8
2022-08-14T19:12:01	100282.2	42.6	21.8	13.5	100327.5	29.8	9.0	4944.0	3600	4944.0
2022-08-14T20:12:06	100294.8	41.3	22.7	13.5	100355.0	25.8	9.3	4996.8	3600	4996.8
2022-08-14T21:12:10	100318.1	39.9	23.3	13.4	100382.5	24.7	10.9	4842.0	3600	4842.0
2022-08-14T22:12:14	100303.0	38.8	23.4	13.4	100370.0	23.6	12.1	4713.6	3600	4713.6
2022-08-14T23:12:17	100288.5	37.9	23.6	13.3	100347.5	23.8	12.4	4876.8	3600	4876.8
2022-08-15T00:12:23	100258.4	37.0	23.9	13.3	100322.5	22.8	12.5	4970.4	3600	4970.4
2022-08-15T01:12:25	100237.9	36.0	24.1	13.3	100310.0	20.4	12.4	4945.2	3600	4945.2
2022-08-15T02:12:26	100213.6	35.0	24.4	13.2	100285.0	19.8	12.8	4940.4	3600	4940.4
2022-08-15T03:12:28	100181.6	34.2	24.5	13.3	100245.0	20.2	13.4	4899.6	3600	4899.6
2022-08-15T04:12:30	100156.5	33.5	24.8	13.2	100227.5	19.7	13.8	4803.6	3600	4803.6
2022-08-15T05:12:31	100134.6	32.8	25.1	13.3	100205.0	19.2	13.8	4658.4	3600	4658.4
2022-08-15T06:12:32	100137.6	32.5	25.3	13.2	100192.5	20.9	14.8	4590.0	3600	4590.0
2022-08-15T07:12:43	100145.3	33.5	25.3	13.5	100180.0	24.5	15.2	4706.4	3600	4706.4
2022-08-15T08:12:47	100137.6	34.7	25.6	13.8	100172.5	24.7	15.3	4789.2	3600	4789.2
2022-08-15T09:12:49	100098.1	36.0	26.0	13.9	100130.0	26.7	15.4	4644.0	3600	4644.0
2022-08-15T10:12:51	100075.9	37.2	25.9	13.7	100102.5	28.0	14.7	4700.4	3600	4700.4
2022-08-15T11:12:57	100051.1	38.0	25.8	13.8	100075.0	30.4	14.3	4786.8	3600	4786.8
2022-08-15T12:13:01	100007.6	38.6	25.6	13.9	100035.0	31.1	13.8	4821.6	3600	4821.6
2022-08-15T13:13:04	99965.6	39.6	25.1	13.8	99998.0	32.6	13.2	5025.6	3600	5025.6
2022-08-15T14:13:11	99922.6	41.3	24.1	13.6	99950.0	34.1	13.0	5128.8	3600	5128.8
2022-08-15T15:13:18	99856.4	43.0	23.0	13.7	99887.5	32.4	12.5	5040.0	3600	5040.0
2022-08-15T16:13:19	99826.1	42.2	23.2	13.7	99867.5	30.7	12.2	5085.6	3600	5085.6
2022-08-15T17:13:21	99862.0	42.1	23.4	13.7	99912.5	30.5	13.3	5005.2	3600	5005.2
2022-08-15T18:13:25	99984.7	39.5	24.1	13.5	100060.0	20.7	15.3	4833.6	3600	4833.6
2022-08-15T19:13:28	100068.8	36.4	25.8	13.4	100147.5	19.8	15.8	4590.0	3600	4590.0
2022-08-15T20:13:33	100026.7	35.0	26.0	13.4	100090.0	19.5	16.0	4461.6	3600	4461.6
2022-08-15T21:13:36	100078.1	33.9	26.3	13.4	100162.5	19.1	15.6	4472.4	3600	4472.4
2022-08-15T22:13:39	100169.7	33.0	26.6	13.3	100240.0	18.8	15.5	4273.2	3600	4273.2
2022-08-15T23:13:47	100201.2	32.3	26.8	13.3	100270.0	18.4	15.3	4440.0	3600	4440.0
2022-08-16T00:13:48	100208.2	31.6	27.0	13.3	100262.5	18.9	16.0	4227.6	3600	4227.6
2022-08-16T01:13:55	100186.2	31.2	27.1	13.2	100245.0	18.6	15.8	4441.2	3600	4441.2
2022-08-16T02:14:01	100202.4	30.4	27.4	13.2	100262.5	17.9	15.1	4470.0	3600	4470.0
2022-08-16T03:14:09	100224.8	29.8	27.6	13.2	100290.0	17.4	14.7	4345.2	3600	4345.2
2022-08-16T04:14:19	100234.0	29.0	27.8	13.2	100302.0	16.9	14.4	4408.8	3600	4408.8
2022-08-16T05:14:23	100259.2	28.5	27.7	13.2	100326.7	16.8	14.3	4298.4	3600	4298.4
2022-08-16T06:14:32	100282.6	28.3	27.7	13.3	100340.0	18.2	15.6	4405.2	3600	4405.2
2022-08-16T07:14:35	100307.2	29.0	28.0	13.6	100347.5	21.1	17.3	4360.8	3600	4360.8
2022-08-16T08:14:49	100359.5	30.8	28.3	13.8	100394.0	22.8	17.3	4384.8	3600	4384.8
2022-08-16T09:14:54	100406.3	33.5	28.2	13.9	100433.3	24.4	16.9	4311.6	3600	4311.6
2022-08-16T10:14:57	100439.4	35.8	27.4	13.9	100464.0	26.9	16.6	4274.4	3600	4274.4
2022-08-16T11:15:04	100451.9	37.0	27.0	13.8	100470.0	29.1	15.4	4399.2	3600	4399.2
2022-08-16T12:15:08	100450.4	37.5	26.8	13.8	100475.0	29.1	14.6	4378.8	3600	4378.8
2022-08-16T13:15:12	100457.7	38.4	26.4	13.7	100485.0	30.1	13.4	4444.8	3600	4444.8
2022-08-16T14:15:14	100462.1	40.1	25.3	13.8	100487.5	31.4	12.5	4449.6	3600	4449.6
2022-08-16T15:15:19	100460.1	41.4	24.1	13.7	100490.0	30.9	11.9	4388.4	3600	4388.4
2022-08-16T16:15:21	100452.8	41.1	23.8	13.7	100482.5	30.0	11.8	4449.6	3600	4449.6
2022-08-16T17:15:23	100448.0	41.0	23.5	13.7	100482.5	30.4	11.1	4519.2	3600	4519.2
2022-08-16T18:15:30	100466.5	41.1	22.9	13.6	100507.5	29.2	11.2	4503.6	3600	4503.6
2022-08-16T19:15:35	100503.1	40.2	23.5	13.5	100557.5	26.6	12.1	4441.2	3600	4441.2
2022-08-16T20:15:41	100545.5	38.7	24.4	13.4	100612.5	23.0	12.3	4551.6	3600	4551.6
2022-08-16T21:15:44	100582.3	37.4	24.8	13.4	100657.5	20.9	12.6	4520.4	3600	4520.4
2022-08-16T22:15:48	100601.7	36.3	25.0	13.4	100672.5	20.6	12.7	4579.2	3600	4579.2
2022-08-16T23:15:53	100609.6	35.2	25.2	13.3	100690.0	18.9	13.1	4486.8	3600	4486.8
2022-08-17T00:16:02	100639.1	34.3	25.3	13.3	100712.5	19.0	13.6	4352.4	3600	4352.4
2022-08-17T01:16:09	100631.4	33.5	25.4	13.2	100697.5	18.0	13.4	4209.6	3600	4209.6
2022-08-17T02:16:11	100635.3	32.5	25.6	13.3	100712.5	17.2	13.1	4419.6	3600	4419.6
2022-08-17T03:16:14	100641.6	31.7	25.7	13.2	100715.0	16.9	13.1	4334.4	3600	4334.4
2022-08-17T04:16:24	100631.9	31.0	25.8	13.2	100697.5	16.8	13.5	4299.6	3600	4299.6
2022-08-17T05:16:30	100624.0	30.4	25.9	13.2	100697.5	16.3	13.4	4416.0	3600	4416.0
2022-08-17T06:16:33	100656.3	30.2	26.0	13.3	100710.0	19.6	14.8	4273.2	3600	4273.2
2022-08-17T07:16:43	100690.1	32.0	25.8	13.7	100727.5	23.9	15.9	4216.8	3600	4216.8
2022-08-17T08:16:48	100716.1	35.3	25.0	13.8	100745.0	27.4	14.3	4352.4	3600	4352.4
2022-08-17T09:16:58	100735.6	37.2	24.8	13.8	100765.0	29.4	13.2	4238.4	3600	4238.4
2022-08-17T10:17:02	100742.5	39.1	24.3	13.8	100770.0	32.0	12.0	4390.8	3600	4390.8
2022-08-17T11:17:06	100739.0	40.0	24.1	13.7	100772.5	32.5	11.5	4261.2	3600	4261.2
2022-08-17T12:17:08	100725.2	40.8	23.9	13.7	100762.5	33.0	10.8	4462.8	3600	4462.8
2022-08-17T13:17:13	100699.3	41.1	23.9	13.7	100740.0	32.7	10.7	4516.8	3600	4516.8
2022-08-17T14:17:14	100683.1	41.5	23.8	13.7	100720.0	33.5	10.8	4435.2	3600	4435.2
2022-08-17T15:17:17	100662.3	42.1	23.5	13.7	100700.0	32.8	10.5	4516.8	3600	4516.8
2022-08-17T16:17:20	100638.1	43.1	23.0	13.7	100675.0	34.9	10.5	4657.2	3600	4657.2
2022-08-17T17:17:25	100617.8	43.9	22.5	13.7	100657.5	32.7	11.4	4450.8	3600	4450.8
2022-08-17T18:17:28	100595.2	42.8	23.2	13.6	100645.0	30.6	10.5	4528.8	3600	4528.8
2022-08-17T19:17:32	100589.2	42.1	23.8	13.5	100637.5	29.2	11.0	4616.4	3600	4616.4
2022-08-17T20:17:36	100606.0	41.0	24.3	13.5	100665.0	26.6	11.6	4536.0	3600	4536.0
2022-08-17T21:17:38	100600.4	39.6	24.7	13.4	100657.5	25.4	12.1	4338.0	3600	4338.0
2022-08-17T22:17:41	100601.4	38.5	24.8	13.4	100665.0	23.9	12.4	4524.0	3600	4524.0
2022-08-17T23:17:43	100614.7	37.6	24.9	13.3	100675.0	24.0	12.5	4546.8	3600	4546.8
2022-08-18T00:17:47	100627.0	36.9	25.0	13.3	100690.0	23.0	13.2	4570.8	3600	4570.8
2022-08-18T01:17:56	100603.5	36.1	25.2	13.3	100662.5	22.6	13.7	4516.8	3600	4516.8
2022-08-18T02:18:04	100574.4	35.3	25.4	13.3	100645.0	20.6	13.5	4500.0	3600	4500.0
2022-08-18T03:18:11	100556.6	34.4	25.6	13.3	100625.0	19.3	13.5	4407.6	3600	4407.6
2022-08-18T04:18:15	100536.7	33.5	25.7	13.2	100610.0	17.4	13.3	4328.4	3600	4328.4
2022-08-18T05:18:24	100541.4	32.7	25.8	13.2	100620.0	16.9	13.1	4368.0	3600	4368.0
2022-08-18T06:18:30	100563.9	32.2	25.9	13.3	100640.0	17.9	14.1	4509.6	3600	4509.6
2022-08-18T07:18:32	100612.8	32.3	25.9	13.4	100675.0	20.4	14.6	4306.8	3600	4306.8
2022-08-18T08:18:40	100629.0	32.8	26.0	13.5	100677.5	22.4	14.9	4306.8	3600	4306.8
2022-08-18T09:18:42	100646.7	33.4	26.1	13.7	100687.5	24.2	14.9	4436.4	3600	4436.4
2022-08-18T10:18:44	100664.5	34.7	26.2	13.9	100690.0	26.9	14.9	4340.4	3600	4340.4
2022-08-18T11:18:53	100626.7	37.1	25.8	13.8	100655.0	29.1	13.2	4396.8	3600	4396.8
2022-08-18T12:18:57	100603.4	39.0	25.2	13.8	100635.0	30.6	12.6	4500.0	3600	4500.0
2022-08-18T13:18:58	100597.3	40.4	24.7	13.8	100630.0	32.0	12.9	4510.8	3600	4510.8
2022-08-18T14:19:03	100563.9	40.7	24.9	13.7	100592.5	31.4	12.9	4569.6	3600	4569.6
2022-08-18T15:19:05	100511.4	41.2	24.4	13.7	100545.0	32.9	13.1	4536.0	3600	4536.0
2022-08-18T16:19:09	100511.7	42.5	23.3	13.7	100550.0	32.2	13.5	4568.4	3600	4568.4
2022-08-18T17:19:10	100519.4	41.5	23.7	13.7	100552.5	30.3	13.2	4492.8	3600	4492.8
2022-08-18T18:19:15	100497.4	40.6	24.2	13.6	100542.5	29.3	12.4	4560.0	3600	4560.0
2022-08-18T19:19:25	100519.9	39.8	24.5	13.5	100572.5	26.5	13.2	4502.4	3600	4502.4
2022-08-18T20:19:35	100550.9	38.6	24.8	13.4	100615.0	24.1	14.2	4340.4	3600	4340.4
2022-08-18T21:19:39	100556.7	36.9	25.2	13.3	100626.7	22.7	14.7	4329.6	3600	4329.6
2022-08-18T22:19:49	100572.9	35.9	25.7	13.3	100630.0	22.1	14.8	4327.2	3600	4327.2
2022-08-18T23:19:52	100571.6	35.0	26.1	13.3	100637.5	21.5	15.0	4468.8	3600	4468.8
2022-08-19T00:19:57	100592.6	34.3	26.5	13.3	100655.0	21.0	15.3	4338.0	3600	4338.0
2022-08-19T01:20:03	100580.1	33.7	26.6	13.3	100632.0	20.6	15.5	4408.8	3600	4408.8
2022-08-19T02:20:05	100543.2	33.0	27.2	13.3	100600.0	20.1	15.7	4407.6	3600	4407.6
2022-08-19T03:20:07	100570.7	32.3	27.4	13.3	100622.5	19.6	16.0	4004.4	3600	4004.4
2022-08-19T04:20:09	100476.6	31.6	27.8	13.2	100525.0	19.3	16.0	3721.2	3600	3721.2
2022-08-19T05:20:12	100432.8	31.0	28.4	13.2	100487.5	19.4	16.0	3698.4	3600	3698.4
2022-08-19T06:20:18	100462.8	30.7	28.6	13.3	100517.5	19.9	16.4	3825.6	3600	3825.6
2022-08-19T07:20:25	100485.7	30.7	29.1	13.4	100535.0	20.5	16.8	3798.0	3600	3798.0
2022-08-19T08:20:27	100511.7	31.1	30.0	13.8	100555.0	21.6	17.1	3843.6	3600	3843.6
2022-08-19T09:20:28	100562.0	31.7	31.1	13.7	100607.5	22.0	17.2	3718.8	3600	3718.8
2022-08-19T10:20:33	100585.0	31.9	32.6	13.7	100625.0	22.0	17.1	3714.0	3600	3714.0
2022-08-19T11:20:37	100605.9	31.7	33.6	13.5	100647.5	21.6	17.1	3866.4	3600	3866.4
2022-08-19T12:20:42	100596.2	31.4	35.1	13.5	100635.0	21.3	16.9	3722.4	3600	3722.4
2022-08-19T13:20:44	100621.9	31.3	36.7	13.5	100662.5	21.2	16.8	3951.6	3600	3951.6
2022-08-19T14:20:47	100640.4	31.4	37.4	13.6	100677.5	21.9	17.0	3818.4	3600	3818.4
2022-08-19T15:20:51	100650.1	31.4	37.2	13.5	100685.0	21.5	16.8	3838.8	3600	3838.8
2022-08-19T16:20:52	100662.4	31.2	37.8	13.5	100705.0	21.2	16.6	3752.4	3600	3752.4
2022-08-19T17:20:55	100700.9	31.1	37.7	13.4	100742.5	21.0	16.5	3824.4	3600	3824.4
2022-08-19T18:21:02	100704.7	30.8	37.4	13.3	100752.5	20.4	16.3	3750.0	3600	3750.0
2022-08-19T19:21:10	100718.0	30.3	37.0	13.3	100760.0	19.7	16.4	3729.6	3600	3729.6
2022-08-19T20:21:19	100770.7	29.9	36.1	13.2	100820.0	19.7	16.5	3825.6	3600	3825.6
2022-08-19T21:21:20	100810.2	29.7	35.5	13.2	100852.5	19.7	16.5	3693.6	3600	3693.6
2022-08-19T22:21:25	100784.7	29.4	35.1	13.2	100822.5	19.4	16.1	3752.4	3600	3752.4
2022-08-19T23:21:31	100808.8	29.2	34.6	13.2	100855.0	19.5	16.3	3722.4	3600	3722.4
2022-08-20T00:21:34	100798.2	29.1	34.7	13.2	100837.5	19.5	16.2	3591.6	3600	3591.6
2022-08-20T01:21:39	100777.5	28.9	34.7	13.2	100822.5	19.2	16.1	3717.6	3600	3717.6
2022-08-20T02:21:46	100795.5	28.7	34.6	13.2	100840.0	19.2	16.2	3760.8	3600	3760.8
2022-08-20T03:21:51	100806.5	28.6	34.4	13.2	100850.0	19.1	16.1	3630.0	3600	3630.0
2022-08-20T04:21:52	100823.3	28.5	34.4	13.2	100862.5	19.1	16.0	3686.4	3600	3686.4
2022-08-20T05:22:02	100804.7	28.3	34.4	13.2	100850.0	18.9	15.9	3560.4	3600	3560.4
2022-08-20T06:22:11	100839.7	28.2	34.9	13.2	100882.5	18.9	15.8	3614.4	3600	3614.4
2022-08-20T07:22:20	100864.5	28.2	34.8	13.2	100912.5	19.1	15.9	3693.6	3600	3693.6
2022-08-20T08:22:28	100906.6	28.2	35.1	13.3	100947.5	19.4	16.0	3722.4	3600	3722.4
2022-08-20T09:22:35	100939.2	28.4	35.8	13.4	100980.0	20.0	16.0	3667.2	3600	3667.2
2022-08-20T10:22:42	100970.8	28.8	36.4	13.6	101012.5	20.4	15.6	3646.8	3600	3646.8
2022-08-20T11:22:44	100989.1	29.0	36.8	13.6	101025.0	20.7	15.3	3547.2	3600	3547.2
2022-08-20T12:22:47	101005.4	29.5	36.5	13.7	101047.5	20.9	14.0	3764.4	3600	3764.4
2022-08-20T13:22:49	101033.5	29.8	35.8	13.7	101075.0	20.8	14.2	3649.2	3600	3649.2
2022-08-20T14:22:52	101034.8	30.0	35.4	13.6	101082.5	20.9	14.3	3710.4	3600	3710.4
2022-08-20T15:23:01	101026.6	29.9	35.0	13.7	101067.5	21.6	15.0	3666.0	3600	3666.0
2022-08-20T16:23:04	101029.1	30.8	34.0	13.6	101072.0	22.2	15.3	3505.2	3600	3505.2
2022-08-20T17:23:05	101030.7	30.9	33.4	13.6	101073.3	21.6	15.6	3686.4	3600	3686.4
2022-08-20T18:23:11	101049.2	30.7	33.5	13.5	101097.5	21.4	15.4	3669.6	3600	3669.6
2022-08-20T19:23:14	101084.8	30.4	33.8	13.4	101135.0	21.0	14.6	3621.6	3600	3621.6
2022-08-20T20:23:15	101110.2	30.1	33.6	13.4	101160.0	19.8	14.6	3733.2	3600	3733.2
2022-08-20T21:23:17	101120.4	29.8	33.1	13.3	101175.0	19.1	14.8	3733.2	3600	3733.2
2022-08-20T22:23:35	101127.7	29.6	32.8	13.3	101185.0	18.7	14.7	3669.6	3600	3669.6
2022-08-20T23:23:38	101114.5	29.3	32.6	13.3	101160.0	19.2	15.1	3644.4	3600	3644.4
2022-08-21T00:23:41	101093.5	29.1	32.6	13.2	101150.0	18.7	14.4	3730.8	3600	3730.8
2022-08-21T01:23:45	101109.9	28.7	32.5	13.2	101170.0	17.4	13.4	3660.0	3600	3660.0
2022-08-21T02:23:47	101118.1	28.2	32.5	13.3	101172.5	17.0	12.7	3658.8	3600	3658.8
2022-08-21T03:23:57	101115.3	27.8	32.3	13.2	101180.0	16.2	11.9	3699.6	3600	3699.6
2022-08-21T04:24:01	101109.4	27.3	32.0	13.2	101175.0	14.9	11.8	3592.8	3600	3592.8
2022-08-21T05:24:03	101109.9	26.8	31.7	13.2	101180.0	14.1	11.4	3670.8	3600	3670.8
2022-08-21T06:24:04	101128.5	26.4	31.5	13.2	101197.5	13.9	11.4	3804.0	3600	3804.0
2022-08-21T07:24:05	101158.4	26.5	31.4	13.4	101225.0	15.7	11.9	3634.8	3600	3634.8
2022-08-21T08:24:06	101167.7	27.0	31.5	13.6	101225.0	17.5	12.3	3673.2	3600	3673.2
2022-08-21T09:24:07	101157.8	28.2	31.6	14.0	101197.5	20.2	12.1	3728.4	3600	3728.4
2022-08-21T10:24:14	101150.0	30.1	31.3	14.0	101197.5	21.3	10.6	3741.6	3600	3741.6
2022-08-21T11:24:20	101150.1	30.3	31.4	14.0	101200.0	21.9	10.3	3817.2	3600	3817.2
2022-08-21T12:24:23	101143.2	31.1	31.0	14.0	101190.0	23.1	10.0	3822.0	3600	3822.0
2022-08-21T13:24:27	101135.2	33.1	29.7	13.9	101177.5	24.6	10.1	3610.8	3600	3610.8
2022-08-21T14:24:31	101115.4	34.7	28.2	13.8	101170.0	23.3	10.0	3714.0	3600	3714.0
2022-08-21T15:24:32	101105.3	33.4	29.0	13.9	101163.3	22.9	10.1	3807.6	3600	3807.6
2022-08-21T16:24:34	101087.6	33.2	29.3	13.9	101140.0	23.1	10.2	3912.0	3600	3912.0
2022-08-21T17:24:42	101070.2	33.4	29.3	13.9	101130.0	23.4	10.0	3926.4	3600	3926.4
2022-08-21T18:24:50	101060.6	34.0	28.9	13.8	101117.5	23.9	10.3	3844.8	3600	3844.8
2022-08-21T19:24:54	101069.9	34.1	28.4	13.6	101140.0	21.8	10.3	3934.8	3600	3934.8
2022-08-21T20:24:59	101091.4	32.8	28.8	13.5	101175.0	18.6	10.9	3864.0	3600	3864.0
2022-08-21T21:25:08	101105.6	31.6	29.0	13.5	101195.0	17.2	11.0	3897.6	3600	3897.6
2022-08-21T22:25:11	101107.5	30.7	29.0	13.4	101202.5	15.9	11.0	3751.2	3600	3751.2
2022-08-21T23:25:17	101136.9	29.9	28.9	13.4	101230.0	15.3	11.5	3752.4	3600	3752.4
2022-08-22T00:25:20	101147.4	29.1	28.9	13.3	101237.5	14.3	11.3	3777.6	3600	3777.6
2022-08-22T01:25:23	101148.7	28.1	28.9	13.3	101232.0	13.1	10.9	3772.8	3600	3772.8
2022-08-22T02:25:33	101149.9	27.3	28.9	13.3	101237.5	12.4	10.6	3806.4	3600	3806.4
2022-08-22T03:25:43	101158.8	26.6	28.9	13.4	101242.5	12.7	10.9	3716.4	3600	3716.4
2022-08-22T04:25:49	101154.2	25.9	28.9	13.3	101232.5	12.3	10.7	3786.0	3600	3786.0
2022-08-22T05:25:50	101160.3	25.4	29.0	13.2	101245.0	11.9	10.5	3693.6	3600	3693.6
2022-08-22T06:25:51	101210.9	25.0	29.0	13.3	101292.5	12.9	11.2	3790.8	3600	3790.8
2022-08-22T07:25:52	101240.6	25.5	29.0	13.5	101310.0	15.2	12.9	3762.0	3600	3762.0
2022-08-22T08:26:05	101269.1	26.8	28.9	13.8	101327.5	17.8	13.6	3751.2	3600	3751.2
2022-08-22T09:26:11	101290.1	28.4	28.7	14.1	101337.5	20.7	13.2	3820.8	3600	3820.8
2022-08-22T10:26:17	101291.4	29.7	28.5	14.0	101335.0	22.2	11.4	3939.6	3600	3939.6
2022-08-22T11:26:20	101294.1	30.7	28.4	13.9	101345.0	23.0	10.8	3704.4	3600	3704.4
2022-08-22T12:26:26	101288.3	31.9	28.1	13.9	101332.5	24.8	10.9	3778.8	3600	3778.8
2022-08-22T13:26:33	101269.3	33.5	27.7	13.9	101317.5	25.2	9.8	3885.6	3600	3885.6
2022-08-22T14:26:36	101230.7	34.5	27.3	13.9	101282.5	25.2	9.3	3804.0	3600	3804.0
2022-08-22T15:26:39	101212.3	34.1	27.6	13.9	101275.0	24.6	9.8	3927.6	3600	3927.6
2022-08-22T16:26:44	101215.7	33.7	27.8	13.9	101275.0	24.6	9.9	3963.6	3600	3963.6
2022-08-22T17:26:46	101213.7	34.1	27.7	13.8	101277.5	23.8	9.9	3825.6	3600	3825.6
2022-08-22T18:26:52	101215.4	33.6	27.8	13.6	101290.0	22.5	10.1	3873.6	3600	3873.6
2022-08-22T19:26:55	101239.3	33.0	28.0	13.5	101322.5	21.3	10.7	3770.4	3600	3770.4
2022-08-22T20:27:01	101277.5	32.2	28.2	13.4	101367.5	20.1	10.9	3775.2	3600	3775.2
2022-08-22T21:27:06	101302.8	31.5	28.2	13.4	101395.0	19.1	10.9	3840.0	3600	3840.0
2022-08-22T22:27:13	101319.6	30.9	28.2	13.4	101410.0	18.6	11.0	3903.6	3600	3903.6
2022-08-22T23:27:16	101334.6	30.4	28.3	13.4	101425.0	17.8	10.8	3850.8	3600	3850.8
2022-08-23T00:27:24	101325.3	29.8	28.3	13.3	101410.0	17.3	11.1	3884.4	3600	3884.4
2022-08-23T01:27:28	101335.0	29.2	28.4	13.3	101412.5	16.8	11.5	3777.6	3600	3777.6
2022-08-23T02:27:30	101297.0	28.7	28.4	13.3	101377.5	16.5	11.7	3817.2	3600	3817.2
2022-08-23T03:27:34	101285.2	28.3	28.5	13.2	101365.0	17.1	12.1	3844.8	3600	3844.8
2022-08-23T04:27:38	101286.5	28.0	28.6	13.3	101375.0	16.1	12.0	3856.8	3600	3856.8
2022-08-23T05:27:45	101321.3	27.5	28.7	13.2	101407.5	15.2	11.8	3818.4	3600	3818.4
2022-08-23T06:27:51	101342.3	27.1	28.8	13.2	101430.0	15.2	11.8	3757.2	3600	3757.2
2022-08-23T07:27:58	101370.0	27.0	28.9	13.3	101447.5	15.9	12.0	3738.0	3600	3738.0
2022-08-23T08:28:01	101395.2	27.2	29.1	13.4	101467.5	17.2	12.5	3699.6	3600	3699.6
2022-08-23T09:28:04	101413.6	28.3	29.1	13.9	101477.5	19.8	13.5	3613.2	3600	3613.2
2022-08-23T10:28:05	101427.8	31.2	28.3	13.9	101470.0	23.1	13.0	3742.8	3600	3742.8
2022-08-23T11:28:12	101406.1	32.2	28.5	13.9	101447.5	24.6	11.8	3735.6	3600	3735.6
2022-08-23T12:28:15	101400.2	33.1	28.5	13.9	101450.0	24.8	11.6	3735.6	3600	3735.6
2022-08-23T13:28:17	101405.8	34.1	28.0	13.9	101457.5	25.1	11.1	3795.6	3600	3795.6
2022-08-23T14:28:21	101384.1	35.2	27.5	13.8	101427.5	26.4	10.4	3751.2	3600	3751.2
2022-08-23T15:28:23	101374.7	36.8	26.5	13.9	101422.5	26.1	10.6	3816.0	3600	3816.0
2022-08-23T16:28:26	101360.8	37.3	26.2	13.9	101407.5	25.9	10.6	3902.4	3600	3902.4
2022-08-23T17:28:33	101348.7	36.9	26.4	13.8	101400.0	25.6	10.7	3890.4	3600	3890.4
2022-08-23T18:28:35	101344.8	36.9	26.2	13.7	101407.5	24.8	11.0	3788.4	3600	3788.4
2022-08-23T19:28:39	101403.6	35.9	26.8	13.5	101475.0	22.9	11.2	3817.2	3600	3817.2
2022-08-23T20:28:45	101465.2	34.6	27.5	13.5	101547.5	20.9	11.4	3811.2	3600	3811.2
2022-08-23T21:28:55	101512.4	33.5	27.7	13.4	101597.5	19.6	11.8	3628.8	3600	3628.8
2022-08-23T22:29:06	101542.0	32.7	27.8	13.4	101622.5	19.2	12.3	3681.6	3600	3681.6
2022-08-23T23:29:07	101537.3	31.9	27.8	13.3	101617.5	18.4	12.4	3763.2	3600	3763.2
2022-08-24T00:29:16	101532.0	31.1	27.9	13.3	101617.5	16.3	12.1	3822.0	3600	3822.0
2022-08-24T01:29:28	101535.5	30.1	28.0	13.3	101620.0	15.3	12.1	3788.4	3600	3788.4
2022-08-24T02:29:35	101525.5	29.1	28.1	13.3	101610.0	14.7	11.8	3806.4	3600	3806.4
2022-08-24T03:29:36	101537.1	28.4	28.1	13.3	101626.7	13.2	11.0	3630.0	3600	3630.0
2022-08-24T04:29:38	101544.0	27.7	28.1	13.2	101627.5	13.2	11.3	3747.6	3600	3747.6
2022-08-24T05:29:39	101550.9	27.1	28.1	13.2	101630.0	14.2	12.1	3682.8	3600	3682.8
2022-08-24T06:29:47	101591.3	26.8	28.3	13.2	101668.0	15.1	12.8	3661.2	3600	3661.2
2022-08-24T07:29:55	101630.1	26.8	28.6	13.2	101696.7	16.0	13.5	3565.2	3600	3565.2
2022-08-24T08:29:57	101667.2	27.0	29.0	13.5	101728.0	16.7	14.1	3669.6	3600	3669.6
2022-08-24T09:29:58	101698.6	27.8	29.1	13.6	101760.0	17.9	14.9	3680.4	3600	3680.4
2022-08-24T10:30:07	101711.3	28.9	29.0	14.0	101754.0	20.7	15.3	3668.4	3600	3668.4
2022-08-24T11:30:19	101697.6	31.0	28.9	13.9	101725.0	23.1	15.5	3768.0	3600	3768.0
2022-08-24T12:30:25	101661.9	32.6	28.9	13.9	101692.5	25.4	15.0	3703.2	3600	3703.2
2022-08-24T13:30:35	101638.6	34.3	28.3	13.8	101665.0	26.9	14.7	3776.4	3600	3776.4
2022-08-24T14:30:37	101619.2	36.0	27.7	13.8	101650.0	27.3	13.7	3789.6	3600	3789.6
2022-08-24T15:30:40	101606.3	37.8	26.8	13.8	101635.0	28.4	13.7	3722.4	3600	3722.4
2022-08-24T16:30:47	101581.9	38.7	26.3	13.8	101605.0	29.9	13.3	3805.2	3600	3805.2
2022-08-24T17:30:49	101565.8	38.9	26.1	13.8	101597.5	28.1	13.6	3818.4	3600	3818.4
2022-08-24T18:30:57	101560.7	37.9	26.8	13.6	101607.5	26.1	13.7	3847.2	3600	3847.2
2022-08-24T19:31:00	101594.3	36.6	27.8	13.5	101650.0	24.4	14.0	3838.8	3600	3838.8
2022-08-24T20:31:03	101647.9	35.5	28.4	13.5	101705.0	22.9	14.0	3846.0	3600	3846.0
2022-08-24T21:31:06	101657.5	34.5	28.6	13.4	101720.0	21.6	14.3	3732.0	3600	3732.0
2022-08-24T22:31:15	101674.1	33.7	28.7	13.4	101737.5	20.8	14.7	3804.0	3600	3804.0
2022-08-24T23:31:16	101683.4	32.9	28.8	13.3	101745.0	20.1	14.9	3750.0	3600	3750.0
2022-08-25T00:31:19	101678.0	32.2	28.9	13.3	101735.0	19.4	14.9	3738.0	3600	3738.0
2022-08-25T01:31:21	101650.8	31.6	29.0	13.3	101710.0	18.9	14.8	3771.6	3600	3771.6
2022-08-25T02:31:22	101631.1	30.9	29.1	13.2	101690.0	18.4	14.7	3928.8	3600	3928.8
2022-08-25T03:31:27	101614.4	30.3	29.2	13.2	101676.0	17.5	14.3	3822.0	3600	3822.0
2022-08-25T04:31:29	101578.7	29.7	29.3	13.1	101640.0	16.8	13.9	3631.2	3600	3631.2
2022-08-25T05:31:31	101559.6	29.1	29.4	13.2	101622.5	16.3	13.6	3799.2	3600	3799.2
2022-08-25T06:31:32	101579.3	28.8	29.4	13.2	101640.0	17.1	14.4	3698.4	3600	3698.4
2022-08-25T07:31:36	101587.2	28.8	29.5	13.3	101642.5	17.7	14.9	3925.2	3600	3925.2
2022-08-25T08:31:44	101602.6	29.0	29.7	13.4	101650.0	18.8	15.4	3826.8	3600	3826.8
2022-08-25T09:31:48	101596.9	29.4	30.0	13.6	101637.5	20.1	15.7	3676.8	3600	3676.8
2022-08-25T10:31:54	101561.2	30.2	30.1	14.0	101592.5	21.9	16.2	3691.2	3600	3691.2
2022-08-25T11:31:58	101515.2	31.7	29.8	14.0	101535.0	24.5	16.5	3775.2	3600	3775.2
2022-08-25T12:32:08	101466.1	33.4	29.5	13.9	101485.0	25.7	16.7	3712.8	3600	3712.8
2022-08-25T13:32:14	101410.1	35.0	29.2	13.8	101430.0	26.7	16.3	3890.4	3600	3890.4
2022-08-25T14:32:19	101343.1	36.9	28.5	13.8	101362.5	27.7	15.8	3903.6	3600	3903.6
2022-08-25T15:32:20	101294.1	38.3	27.9	13.8	101315.0	28.5	15.3	3954.0	3600	3954.0
2022-08-25T16:32:25	101231.8	38.7	27.7	13.8	101255.0	28.2	15.0	4046.4	3600	4046.4
2022-08-25T17:32:30	101181.1	38.1	28.0	13.8	101210.0	27.5	14.9	4017.6	3600	4017.6
2022-08-25T18:32:33	101154.1	37.5	28.4	13.6	101192.5	26.5	14.8	3996.0	3600	3996.0
2022-08-25T19:32:36	101164.0	36.5	29.1	13.5	101212.5	24.8	14.7	3933.6	3600	3933.6
2022-08-25T20:32:37	101191.1	35.5	29.4	13.4	101247.5	22.9	14.7	3810.0	3600	3810.0
2022-08-25T21:32:42	101196.4	34.8	29.5	13.4	101252.5	21.7	14.9	3921.6	3600	3921.6
2022-08-25T22:32:43	101164.9	34.1	29.5	13.4	101217.5	21.3	15.0	3894.0	3600	3894.0
2022-08-25T23:32:51	101155.6	33.4	29.5	13.3	101215.0	19.6	14.7	3980.4	3600	3980.4
2022-08-26T00:32:52	101120.8	32.7	29.5	13.3	101170.0	20.5	15.1	3962.4	3600	3962.4
2022-08-26T01:32:55	101082.7	32.2	29.6	13.3	101135.0	19.8	15.0	3855.6	3600	3855.6
2022-08-26T02:33:04	101048.9	31.7	29.7	13.2	101102.5	19.8	15.2	3910.8	3600	3910.8
2022-08-26T03:33:10	101033.3	31.2	29.7	13.2	101090.0	19.1	15.1	3936.0	3600	3936.0
2022-08-26T04:33:12	101012.8	30.7	29.8	13.2	101070.0	18.2	14.9	4100.4	3600	4100.4
2022-08-26T05:33:15	100983.5	30.3	29.8	13.2	101040.0	18.3	15.1	4029.6	3600	4029.6
2022-08-26T06:33:16	100999.2	30.2	29.9	13.3	101050.0	19.6	15.8	4016.4	3600	4016.4
2022-08-26T07:33:17	101007.2	31.2	30.0	13.6	101042.5	21.4	16.4	3904.8	3600	3904.8
2022-08-26T08:33:21	100986.3	33.1	29.6	13.9	101007.5	24.5	17.2	3932.4	3600	3932.4
2022-08-26T09:33:26	100970.4	35.1	29.2	13.9	100990.0	27.5	17.7	3998.4	3600	3998.4
2022-08-26T10:33:38	100941.5	36.7	28.9	13.9	100962.5	29.4	17.6	3996.0	3600	3996.0
2022-08-26T11:33:48	100876.6	36.7	29.4	13.8	100895.0	28.0	16.2	3939.6	3600	3939.6
2022-08-26T12:33:51	100869.9	35.1	30.6	13.5	100935.0	21.1	15.6	3675.6	3600	3675.6
2022-08-26T13:33:56	100821.6	32.3	32.5	13.5	100895.0	19.2	15.8	3127.2	3600	3127.2
2022-08-26T14:34:04	100873.5	31.1	33.1	13.4	100925.0	18.9	15.6	3106.8	3600	3106.8
2022-08-26T15:34:05	100876.7	30.3	33.5	13.4	100930.0	18.7	15.7	3255.6	3600	3255.6
2022-08-26T16:34:12	100727.7	29.8	33.8	13.4	100762.5	19.0	16.0	3150.0	3600	3150.0
2022-08-26T17:34:17	100670.1	29.9	33.8	13.4	100725.0	19.4	16.4	3231.6	3600	3231.6
2022-08-26T18:34:19	100731.0	30.0	33.6	13.3	100775.0	19.4	16.5	3278.4	3600	3278.4
2022-08-26T19:34:25	100700.4	29.4	34.1	13.3	100740.0	19.0	16.1	3232.8	3600	3232.8
2022-08-26T20:34:29	100711.9	29.3	33.8	13.3	100772.5	18.6	15.9	3295.2	3600	3295.2
2022-08-26T21:34:37	100759.4	28.9	33.7	13.2	100810.0	18.4	15.6	3174.0	3600	3174.0
2022-08-26T22:34:41	100771.6	28.6	33.6	13.2	100827.5	18.4	15.6	3264.0	3600	3264.0
2022-08-26T23:34:42	100765.9	28.0	34.0	13.2	100815.0	18.3	15.6	3198.0	3600	3198.0
2022-08-27T00:34:43	100705.5	27.8	34.4	13.1	100750.0	18.2	15.6	3098.4	3600	3098.4
2022-08-27T01:34:53	100687.0	28.2	33.5	13.2	100745.0	18.1	15.5	3216.0	3600	3216.0
2022-08-27T02:35:00	100695.5	28.1	33.2	13.2	100742.5	18.1	15.4	3276.0	3600	3276.0
2022-08-27T03:35:08	100699.1	27.9	33.2	13.2	100755.0	17.9	15.3	3099.6	3600	3099.6
2022-08-27T04:35:12	100713.9	27.8	33.3	13.2	100757.5	18.2	15.5	3214.8	3600	3214.8
2022-08-27T05:35:31	100692.0	27.8	33.4	13.2	100745.0	18.4	15.7	3218.4	3600	3218.4
2022-08-27T06:35:41	100705.4	27.7	33.9	13.2	100747.5	18.7	16.0	3132.0	3600	3132.0
2022-08-27T07:35:47	100702.8	27.8	34.3	13.2	100750.0	19.0	16.3	3176.4	3600	3176.4
2022-08-27T08:35:51	100735.1	28.1	34.6	13.3	100782.5	19.4	16.7	3177.6	3600	3177.6
2022-08-27T09:35:52	100763.3	28.4	34.8	13.4	100802.5	19.7	17.0	3230.4	3600	3230.4
2022-08-27T10:36:09	100759.4	28.8	35.0	13.5	100795.0	20.1	17.3	3268.8	3600	3268.8
2022-08-27T11:36:17	100753.1	29.1	35.6	13.7	100795.0	20.5	17.1	3261.6	3600	3261.6
2022-08-27T12:36:24	100786.2	29.6	36.0	14.0	100822.5	21.6	17.7	3105.6	3600	3105.6
2022-08-27T13:36:31	100789.0	30.5	35.9	14.0	100815.0	21.9	17.1	3255.6	3600	3255.6
2022-08-27T14:36:39	100758.4	31.5	35.5	14.0	100785.0	22.8	17.2	3250.8	3600	3250.8
2022-08-27T15:36:41	100770.1	32.4	34.8	13.7	100807.5	22.0	16.7	3292.8	3600	3292.8
2022-08-27T16:36:47	100788.1	31.6	35.3	13.6	100832.5	21.2	16.4	3313.2	3600	3313.2
2022-08-27T17:36:54	100816.7	30.9	35.7	13.5	100862.5	20.2	15.3	3346.8	3600	3346.8
2022-08-27T18:37:03	100842.7	30.3	35.8	13.5	100897.5	19.2	15.2	3103.2	3600	3103.2
2022-08-27T19:37:04	100899.2	29.7	35.6	13.4	100957.5	19.0	15.3	3195.6	3600	3195.6
2022-08-27T20:37:20	100929.9	29.3	35.4	13.4	100982.5	18.8	15.2	3300.0	3600	3300.0
2022-08-27T21:37:22	100952.9	28.9	35.3	13.2	101006.0	19.0	15.3	3020.4	3600	3020.4
2022-08-27T22:37:23	100976.1	28.5	35.9	13.3	101025.0	19.0	14.9	3318.0	3600	3318.0
2022-08-27T23:37:27	100978.2	28.3	36.1	13.2	101026.7	18.6	14.5	3345.6	3600	3345.6
2022-08-28T00:37:32	100970.1	28.1	36.0	13.2	101025.0	18.2	14.5	3272.4	3600	3272.4
2022-08-28T01:37:34	100984.4	27.8	36.1	13.2	101042.5	18.1	14.6	3328.8	3600	3328.8
2022-08-28T02:37:39	101005.1	27.5	36.5	13.2	101060.0	17.1	13.4	3210.0	3600	3210.0
2022-08-28T03:37:47	101004.7	26.9	37.0	13.2	101065.0	15.9	12.4	3313.2	3600	3313.2
2022-08-28T04:37:52	101010.9	26.5	37.1	13.2	101077.5	15.6	12.3	3106.8	3600	3106.8
2022-08-28T05:37:54	101035.6	26.0	37.0	13.2	101107.5	14.7	11.9	3120.0	3600	3120.0
2022-08-28T06:38:00	101082.1	25.4	36.8	13.2	101150.0	14.1	11.7	3188.4	3600	3188.4
2022-08-28T07:38:01	101098.0	25.2	37.0	13.2	101167.5	14.7	11.9	3237.6	3600	3237.6
2022-08-28T08:38:12	101141.6	25.2	37.5	13.3	101210.0	14.9	11.9	3249.6	3600	3249.6
2022-08-28T09:38:20	101191.7	25.4	38.3	13.5	101262.5	15.5	12.2	3178.8	3600	3178.8
2022-08-28T10:38:26	101218.7	25.7	38.6	13.6	101280.0	16.1	12.4	3241.2	3600	3241.2
2022-08-28T11:38:31	101244.3	26.0	38.5	13.7	101305.0	16.4	12.6	3157.2	3600	3157.2
2022-08-28T12:38:32	101275.0	26.3	38.6	14.0	101337.5	17.4	12.8	3285.6	3600	3285.6
2022-08-28T13:38:33	101276.7	27.6	38.1	14.0	101327.5	19.1	13.2	3138.0	3600	3138.0
2022-08-28T14:38:39	101258.4	29.1	36.9	14.0	101300.0	20.3	13.9	3246.0	3600	3246.0
2022-08-28T15:38:47	101217.3	31.4	34.9	13.9	101254.0	22.1	13.3	3315.6	3600	3315.6
2022-08-28T16:38:53	101206.7	32.5	33.3	14.0	101245.0	22.9	11.6	3325.2	3600	3325.2
2022-08-28T17:38:55	101209.2	32.3	32.4	13.7	101260.0	21.8	10.7	3195.6	3600	3195.6
2022-08-28T18:38:57	101217.5	31.6	32.2	13.6	101285.0	20.6	10.7	3314.4	3600	3314.4
2022-08-28T19:38:59	101258.4	30.3	32.6	13.4	101347.5	17.9	10.7	3171.6	3600	3171.6
2022-08-28T20:39:05	101326.7	29.2	32.8	13.4	101415.0	16.6	10.0	3324.0	3600	3324.0
2022-08-28T21:39:14	101361.6	28.4	32.7	13.4	101453.3	15.0	9.9	3230.4	3600	3230.4
2022-08-28T22:39:18	101384.7	27.6	32.6	13.3	101472.5	13.9	9.6	3256.8	3600	3256.8
2022-08-28T23:39:21	101402.6	26.8	32.5	13.3	101495.0	13.3	9.6	3265.2	3600	3265.2
2022-08-29T00:39:35	101420.4	26.1	32.4	13.3	101502.5	13.4	9.5	3280.8	3600	3280.8
2022-08-29T01:39:37	101413.0	25.4	32.4	13.2	101494.0	13.0	9.5	3297.6	3600	3297.6
2022-08-29T02:39:53	101406.1	24.7	32.5	13.2	101492.5	12.5	9.5	3211.2	3600	3211.2
2022-08-29T03:40:09	101438.6	24.1	32.7	13.2	101527.5	11.9	9.2	3241.2	3600	3241.2
2022-08-29T04:40:16	101437.3	23.6	32.9	13.2	101517.5	11.4	9.2	3237.6	3600	3237.6
2022-08-29T05:40:19	101433.8	23.0	33.0	13.2	101520.0	11.3	9.4	3280.8	3600	3280.8
2022-08-29T06:40:23	101451.8	22.9	33.6	13.2	101535.0	12.8	10.1	3320.4	3600	3320.4
2022-08-29T07:40:29	101480.8	23.1	34.3	13.3	101562.5	13.7	10.5	3222.0	3600	3222.0
2022-08-29T08:40:30	101524.3	23.4	34.9	13.3	101600.0	14.5	10.9	3259.2	3600	3259.2
2022-08-29T09:40:36	101551.8	23.9	35.2	13.5	101625.0	15.9	11.6	3194.4	3600	3194.4
2022-08-29T10:40:38	101569.2	24.8	35.7	13.7	101637.5	17.4	12.3	3186.0	3600	3186.0
2022-08-29T11:40:59	101591.2	25.5	36.1	13.7	101660.0	18.0	12.4	3195.6	3600	3195.6
2022-08-29T12:41:11	101592.9	26.0	36.7	13.9	101650.0	18.9	12.7	3216.0	3600	3216.0
2022-08-29T13:41:18	101577.4	27.4	36.7	14.0	101625.0	21.0	13.2	3278.4	3600	3278.4
2022-08-29T14:41:22	101548.9	29.2	36.0	14.0	101587.5	22.1	13.4	3252.0	3600	3252.0
2022-08-29T15:41:25	101521.0	31.1	34.7	14.0	101557.5	23.3	12.9	3170.4	3600	3170.4
2022-08-29T16:41:39	101499.0	32.4	33.2	14.0	101537.5	23.8	12.0	3188.4	3600	3188.4
2022-08-29T17:42:37	101477.5	32.6	32.4	13.7	101532.5	22.7	11.8	3278.4	3600	3278.4
2022-08-29T18:42:47	101481.3	31.9	32.5	13.6	101550.0	20.6	11.9	3159.6	3600	3159.6
2022-08-29T19:42:48	101498.0	30.5	33.2	13.5	101580.0	17.7	12.2	3226.8	3600	3226.8
2022-08-29T20:42:49	101551.1	29.4	33.4	13.4	101640.0	16.0	12.1	3157.2	3600	3157.2
2022-08-29T21:42:54	101597.0	28.6	33.3	13.4	101685.0	15.5	11.8	3370.8	3600	3370.8
2022-08-29T22:43:04	101629.3	27.9	33.1	13.4	101710.0	14.9	11.7	3166.8	3600	3166.8
2022-08-29T23:43:05	101647.6	27.3	33.0	13.4	101725.0	14.3	11.7	3099.6	3600	3099.6
2022-08-30T00:43:10	101655.7	26.7	32.9	13.3	101732.5	13.9	11.7	3190.8	3600	3190.8
2022-08-30T01:43:16	101654.4	26.1	32.8	13.2	101730.0	13.7	11.7	3177.6	3600	3177.6
2022-08-30T02:43:22	101664.5	25.7	32.8	13.3	101740.0	13.8	11.7	3187.2	3600	3187.2
2022-08-30T03:43:31	101663.7	25.2	32.8	13.2	101735.0	13.8	11.8	3180.0	3600	3180.0
2022-08-30T04:43:43	101654.2	24.7	32.8	13.2	101722.5	13.3	11.5	3310.8	3600	3310.8
2022-08-30T05:43:52	101677.9	24.1	32.9	13.2	101752.5	13.0	11.3	3054.0	3600	3054.0
2022-08-30T06:43:54	101706.9	24.0	32.9	13.2	101780.0	13.3	11.5	3248.4	3600	3248.4
2022-08-30T07:44:02	101739.3	24.2	33.0	13.4	101807.5	13.9	12.0	3216.0	3600	3216.0
2022-08-30T08:44:05	101758.5	24.8	33.1	13.5	101822.5	15.8	13.5	3115.2	3600	3115.2
2022-08-30T09:44:12	101787.0	25.9	33.0	14.1	101847.5	17.5	14.3	3146.4	3600	3146.4
2022-08-30T10:44:19	101812.6	27.6	32.7	14.3	101865.0	18.6	13.3	3210.0	3600	3210.0
2022-08-30T11:44:23	101808.4	28.3	33.0	14.5	101850.0	20.1	13.0	3199.2	3600	3199.2
2022-08-30T12:44:30	101780.4	29.9	32.3	13.9	101825.0	21.4	12.4	3164.4	3600	3164.4
2022-08-30T13:44:34	101746.4	31.5	31.6	14.0	101787.5	21.8	12.1	3205.2	3600	3205.2
2022-08-30T14:44:40	101714.0	31.8	31.5	13.9	101760.0	21.7	11.4	3114.0	3600	3114.0
2022-08-30T15:44:47	101683.1	32.5	31.2	14.0	101740.0	22.0	11.7	3346.8	3600	3346.8
2022-08-30T16:44:48	101691.9	32.5	31.0	13.9	101748.0	21.1	12.3	3354.0	3600	3354.0
2022-08-30T17:44:52	101680.1	32.1	31.2	13.7	101742.5	20.2	11.9	3184.8	3600	3184.8
2022-08-30T18:45:00	101686.7	31.3	31.5	13.6	101760.0	19.2	11.7	3184.8	3600	3184.8
2022-08-30T19:45:05	101727.9	30.2	31.7	13.5	101812.5	17.9	11.1	3200.4	3600	3200.4
2022-08-30T20:45:14	101754.6	29.3	31.8	13.4	101837.5	16.6	11.0	3172.8	3600	3172.8
2022-08-30T21:45:28	101781.8	28.5	31.8	13.4	101867.5	15.7	11.1	3276.0	3600	3276.0
2022-08-30T22:45:31	101786.5	27.9	31.7	13.4	101867.5	15.4	10.8	3252.0	3600	3252.0
2022-08-30T23:45:37	101815.6	27.1	31.7	13.4	101902.5	14.2	10.4	3288.0	3600	3288.0
2022-08-31T00:45:46	101837.7	26.4	31.7	13.3	101927.5	13.3	10.1	3145.2	3600	3145.2
2022-08-31T01:45:48	101824.8	25.7	31.7	13.3	101910.0	12.9	9.9	3171.6	3600	3171.6
2022-08-31T02:45:50	101842.1	25.0	31.6	13.2	101932.5	12.3	9.9	3254.4	3600	3254.4
2022-08-31T03:45:51	101839.9	24.4	31.6	13.2	101917.5	12.4	10.0	3147.6	3600	3147.6
2022-08-31T04:45:52	101816.3	24.0	31.7	13.2	101895.0	12.3	10.0	3214.8	3600	3214.8
2022-08-31T05:45:57	101849.9	23.5	31.8	13.2	101937.5	11.8	9.9	3272.4	3600	3272.4
2022-08-31T06:46:05	101869.8	23.5	31.9	13.4	101950.0	12.8	10.2	3142.8	3600	3142.8
2022-08-31T07:46:07	101898.1	24.9	32.2	13.5	101975.0	14.4	10.7	3249.6	3600	3249.6
2022-08-31T08:46:16	101918.9	26.8	32.2	14.0	101992.5	17.3	10.9	3258.0	3600	3258.0
2022-08-31T09:46:19	101944.7	28.2	31.8	14.0	102005.0	18.9	10.5	3277.2	3600	3277.2
2022-08-31T10:46:31	101955.5	29.0	31.6	14.0	102017.5	20.0	9.8	3205.2	3600	3205.2
2022-08-31T11:46:37	101943.0	29.8	31.4	14.0	102002.5	20.7	9.2	3218.4	3600	3218.4
2022-08-31T12:46:40	101913.1	30.4	31.0	13.9	101980.0	21.0	9.1	3238.8	3600	3238.8
2022-08-31T15:26:28	101832.1	31.4	24.6	13.9	101897.5	21.8	8.1	3379.2	3600	3379.2
2022-08-31T16:26:39	101819.7	32.4	25.2	13.9	101890.0	21.4	8.2	3505.2	3600	3505.2
2022-08-31T17:26:43	101792.6	32.2	26.0	13.8	101865.0	21.3	8.0	3295.2	3600	3295.2
2022-08-31T18:26:49	101769.0	32.1	26.6	13.7	101852.5	20.2	8.4	3321.6	3600	3321.6
2022-08-31T19:26:53	101795.5	30.9	27.6	13.6	101897.5	18.2	8.9	3261.6	3600	3261.6
2022-08-31T20:27:03	101834.6	29.5	28.4	13.5	101945.0	16.3	9.5	3373.2	3600	3373.2
2022-08-31T21:27:15	101849.7	28.4	28.9	13.4	101950.0	15.1	9.3	3373.2	3600	3373.2
2022-08-31T22:27:30	101861.8	27.6	29.2	13.4	101967.5	15.2	9.1	3187.2	3600	3187.2
2022-08-31T23:27:31	101882.9	26.9	29.4	13.4	101987.5	15.0	9.3	3314.4	3600	3314.4
2022-09-01T00:27:36	101900.3	26.3	29.5	13.3	102000.0	14.8	9.5	3348.0	3600	3348.0
2022-09-01T01:27:45	101883.2	25.9	29.7	13.4	101985.0	14.7	9.5	3303.6	3600	3303.6
2022-09-01T02:27:52	101871.4	25.5	29.9	13.3	101972.5	14.6	9.4	3312.0	3600	3312.0
2022-09-01T03:28:02	101867.5	25.0	30.0	13.2	101967.5	14.2	9.3	3356.4	3600	3356.4
2022-09-01T04:28:10	101861.8	24.6	30.2	13.2	101955.0	13.7	9.3	3260.4	3600	3260.4
2022-09-01T05:28:23	101849.3	24.0	30.3	13.2	101942.5	12.5	9.3	3264.0	3600	3264.0
2022-09-01T06:28:25	101851.5	23.4	30.5	13.3	101947.5	11.8	9.2	3284.4	3600	3284.4
2022-09-01T07:28:40	101860.5	24.2	30.7	13.5	101947.5	13.5	9.6	3306.0	3600	3306.0
2022-09-01T08:28:45	101884.2	26.2	30.7	13.7	101970.0	15.9	10.2	3327.6	3600	3327.6
2022-09-01T09:28:49	101895.4	27.5	30.4	14.0	101975.0	17.4	9.9	3325.2	3600	3325.2
2022-09-01T10:28:52	101902.3	28.4	30.4	13.9	101970.0	18.8	9.2	3260.4	3600	3260.4
2022-09-01T11:28:58	101883.9	29.0	30.4	14.0	101955.0	19.5	9.0	3286.8	3600	3286.8
2022-09-01T12:29:04	101863.2	29.3	30.1	13.9	101940.0	19.7	8.6	3295.2	3600	3295.2
2022-09-01T13:29:08	101848.5	29.1	30.2	14.0	101926.7	20.1	8.1	3361.2	3600	3361.2
2022-09-01T14:29:10	101835.8	29.2	30.1	14.0	101915.0	19.9	8.5	3368.4	3600	3368.4
2022-09-01T15:29:18	101804.4	30.4	29.5	14.0	101872.5	21.1	8.5	3458.4	3600	3458.4
2022-09-01T16:29:22	101760.3	32.3	27.9	14.0	101827.5	21.1	8.4	3416.4	3600	3416.4
2022-09-01T17:29:27	101738.3	31.8	27.9	13.8	101817.5	20.1	8.5	3478.8	3600	3478.8
2022-09-01T18:29:30	101715.6	30.8	28.5	13.7	101802.5	19.2	8.8	3441.6	3600	3441.6
2022-09-01T19:29:37	101742.9	29.9	28.9	13.6	101847.5	17.4	8.9	3470.4	3600	3470.4
2022-09-01T20:29:47	101778.5	28.6	29.2	13.5	101886.0	15.6	9.0	3478.8	3600	3478.8
2022-09-01T21:30:01	101798.9	27.5	29.4	13.4	101905.0	14.6	9.0	3314.4	3600	3314.4
2022-09-01T22:30:06	101802.6	26.0	30.1	13.4	101905.0	13.8	9.0	3342.0	3600	3342.0
2022-09-01T23:30:12	101799.8	25.7	29.8	13.4	101900.0	13.1	8.9	3345.6	3600	3345.6
2022-09-02T00:30:15	101786.6	25.2	29.5	13.3	101887.5	11.9	8.8	3430.8	3600	3430.8
2022-09-02T01:30:26	101770.6	24.4	29.5	13.3	101867.5	11.1	8.7	3445.2	3600	3445.2
2022-09-02T02:30:34	101742.0	23.6	29.6	13.3	101837.5	10.7	8.6	3415.2	3600	3415.2
2022-09-02T03:30:39	101720.0	23.0	29.6	13.3	101812.5	10.3	8.6	3332.4	3600	3332.4
2022-09-02T04:30:44	101699.6	22.5	29.6	13.2	101792.5	11.1	8.8	3447.6	3600	3447.6
2022-09-02T05:30:47	101688.2	22.1	29.6	13.2	101782.5	10.4	8.7	3394.8	3600	3394.8
2022-09-02T06:30:52	101700.8	21.7	29.7	13.3	101792.5	10.3	8.7	3456.0	3600	3456.0
2022-09-02T07:30:54	101709.9	22.2	29.7	13.4	101790.0	12.7	9.4	3367.2	3600	3367.2
2022-09-02T08:31:02	101708.9	23.3	29.7	13.8	101787.5	14.8	10.0	3327.6	3600	3327.6
2022-09-02T09:31:05	101715.6	25.8	29.3	14.1	101785.0	18.5	10.8	3469.2	3600	3469.2
2022-09-02T10:31:09	101704.6	27.6	29.3	13.9	101760.0	20.3	10.5	3262.8	3600	3262.8
2022-09-02T11:31:10	101664.6	28.6	29.2	14.0	101720.0	21.5	10.0	3529.2	3600	3529.2
2022-09-02T12:31:16	101629.4	29.3	29.2	14.0	101692.5	20.9	9.5	3320.4	3600	3320.4
2022-09-02T13:31:23	101591.8	29.7	29.0	13.9	101652.5	22.0	9.5	3370.8	3600	3370.8
2022-09-02T14:31:33	101544.1	30.5	28.4	14.0	101605.0	21.9	8.8	3469.2	3600	3469.2
2022-09-02T15:31:35	101488.6	31.6	27.5	14.0	101552.5	22.0	8.5	3597.6	3600	3597.6
2022-09-02T16:31:44	101454.8	31.6	27.1	14.0	101532.5	21.1	8.4	3636.0	3600	3636.0
2022-09-02T17:31:46	101431.8	31.1	27.3	13.8	101512.5	20.8	7.8	3510.0	3600	3510.0
2022-09-02T18:31:59	101410.5	30.5	27.4	13.6	101502.5	18.7	7.6	3637.2	3600	3637.2
2022-09-02T19:32:05	101410.0	29.5	28.0	13.6	101515.0	17.2	7.7	3512.4	3600	3512.4
2022-09-02T20:32:17	101439.5	28.8	28.2	13.5	101547.5	17.2	7.7	3550.8	3600	3550.8
2022-09-02T21:32:20	101462.6	28.2	28.2	13.5	101570.0	16.1	7.7	3464.4	3600	3464.4
2022-09-02T22:32:30	101486.8	27.5	28.4	13.4	101600.0	14.9	7.7	3608.4	3600	3608.4
2022-09-02T23:32:39	101490.0	26.8	28.4	13.3	101602.5	14.0	7.7	3451.2	3600	3451.2
2022-09-03T00:32:47	101487.2	26.1	28.5	13.4	101592.5	13.7	7.7	3483.6	3600	3483.6
2022-09-03T01:32:52	101454.8	25.5	28.6	13.3	101560.0	13.3	7.6	3543.6	3600	3543.6
2022-09-03T02:32:55	101426.8	24.9	28.6	13.2	101535.0	13.0	7.6	3427.2	3600	3427.2
2022-09-03T03:32:58	101412.3	24.4	28.6	13.2	101522.5	12.6	7.5	3632.4	3600	3632.4
2022-09-03T04:33:06	101413.8	23.9	28.7	13.2	101520.0	12.2	7.6	3404.4	3600	3404.4
2022-09-03T05:33:09	101425.6	23.4	28.8	13.2	101535.0	11.5	7.5	3502.8	3600	3502.8
2022-09-03T06:33:10	101420.4	23.0	28.9	13.2	101527.5	12.0	7.5	3518.4	3600	3518.4
2022-09-03T07:33:17	101429.8	23.1	29.0	13.3	101536.0	13.2	7.9	3374.4	3600	3374.4
2022-09-03T08:33:22	101449.3	23.5	29.2	13.9	101547.5	14.9	8.6	3466.8	3600	3466.8
2022-09-03T09:33:35	101456.1	24.4	29.3	14.1	101546.7	16.6	9.1	3472.8	3600	3472.8
2022-09-03T10:33:37	101442.4	26.0	29.1	14.1	101525.0	18.7	9.1	3633.6	3600	3633.6
2022-09-03T11:33:40	101401.9	27.3	29.0	13.9	101465.0	21.1	8.5	3417.6	3600	3417.6
2022-09-03T12:33:42	101362.8	28.0	28.9	14.1	101435.0	20.7	8.2	3586.8	3600	3586.8
2022-09-03T13:33:44	101312.9	29.2	28.4	14.0	101372.5	23.5	8.2	3652.8	3600	3652.8
2022-09-03T14:33:55	101277.2	31.4	27.0	13.9	101340.0	23.3	7.7	3562.8	3600	3562.8
2022-09-03T15:34:00	101243.6	31.9	26.5	14.0	101312.5	22.5	7.3	3591.6	3600	3591.6
2022-09-03T16:34:03	101222.4	31.9	26.3	14.0	101305.0	21.4	7.2	3583.2	3600	3583.2
2022-09-03T17:34:06	101224.5	31.1	26.6	13.8	101310.0	20.9	7.5	3666.0	3600	3666.0
2022-09-03T18:34:09	101231.5	30.7	26.6	13.6	101330.0	19.3	7.6	3596.4	3600	3596.4
2022-09-03T19:34:18	101266.9	29.7	27.1	13.5	101370.0	18.7	7.6	3636.0	3600	3636.0
2022-09-03T20:34:28	101294.6	29.1	27.5	13.4	101397.5	18.1	7.6	3667.2	3600	3667.2
2022-09-03T21:34:30	101320.0	28.5	27.7	13.4	101425.0	17.5	7.6	3570.0	3600	3570.0
2022-09-03T22:34:43	101339.4	28.1	27.9	13.4	101450.0	17.3	7.4	3577.2	3600	3577.2
2022-09-03T23:34:56	101366.7	27.6	28.0	13.4	101477.5	16.6	7.3	3536.4	3600	3536.4
2022-09-04T00:35:00	101393.8	27.1	28.1	13.3	101507.5	16.2	7.3	3696.0	3600	3696.0
2022-09-04T01:35:02	101409.2	26.7	28.1	13.2	101522.5	15.6	7.2	3565.2	3600	3565.2
2022-09-04T02:35:08	101443.8	26.2	28.2	13.3	101555.0	15.0	7.4	3654.0	3600	3654.0
2022-09-04T03:35:12	101457.6	25.7	28.3	13.2	101567.5	14.3	7.5	3360.0	3600	3360.0
2022-09-04T04:35:16	101460.4	25.1	28.4	13.2	101575.0	13.6	7.5	3501.6	3600	3501.6
2022-09-04T05:35:19	101482.5	24.7	28.4	13.2	101595.0	13.5	7.5	3403.2	3600	3403.2
2022-09-04T06:35:28	101548.6	24.7	28.3	13.4	101667.5	14.4	7.6	3628.8	3600	3628.8
2022-09-04T07:35:35	101616.9	25.6	28.3	13.6	101720.0	15.2	7.9	3579.6	3600	3579.6
2022-09-04T08:35:40	101658.3	26.4	28.3	14.0	101757.5	16.8	8.6	3384.0	3600	3384.0
2022-09-04T09:35:45	101703.6	27.9	28.1	14.0	101790.0	18.9	9.6	3378.0	3600	3378.0
2022-09-04T10:35:46	101717.7	28.9	28.1	14.0	101787.5	21.3	10.0	3466.8	3600	3466.8
2022-09-04T11:35:47	101717.5	29.8	28.2	13.9	101782.5	22.5	10.1	3447.6	3600	3447.6
2022-09-04T12:35:54	101718.3	30.8	28.1	13.9	101775.0	23.4	9.7	3537.6	3600	3537.6
2022-09-04T13:36:00	101690.4	32.4	27.4	13.9	101742.5	24.4	9.5	3498.0	3600	3498.0
2022-09-04T14:36:06	101693.8	34.0	26.4	13.9	101752.5	24.9	9.7	3514.8	3600	3514.8
2022-09-04T15:36:08	101712.5	35.0	25.7	13.9	101765.0	25.5	9.4	3556.8	3600	3556.8
2022-09-04T16:36:10	101713.4	35.0	25.5	13.9	101775.0	24.4	8.9	3591.6	3600	3591.6
2022-09-04T17:36:14	101738.6	34.2	25.8	13.7	101812.5	22.5	8.9	3489.6	3600	3489.6
2022-09-04T18:36:15	101775.4	33.4	26.4	13.6	101857.5	20.7	8.5	3571.2	3600	3571.2
2022-09-04T19:36:22	101828.7	32.1	27.1	13.5	101925.0	18.4	8.7	3501.6	3600	3501.6
2022-09-04T20:36:23	101861.9	31.1	27.5	13.4	101950.0	19.1	8.3	3529.2	3600	3529.2
2022-09-04T21:36:27	101878.2	30.5	27.6	13.4	101977.5	17.7	8.3	3480.0	3600	3480.0
2022-09-04T22:36:32	101917.7	29.7	27.7	13.4	102027.5	16.3	8.5	3523.2	3600	3523.2
2022-09-04T23:36:36	101948.6	29.0	27.8	13.3	102042.5	15.9	8.7	3475.2	3600	3475.2
2022-09-05T00:36:37	101959.6	28.6	27.9	13.3	102052.5	17.1	8.7	3438.0	3600	3438.0
2022-09-05T01:36:44	101943.6	28.3	27.9	13.3	102030.0	17.0	8.7	3528.0	3600	3528.0
2022-09-05T02:36:50	101973.0	28.0	28.0	13.2	102072.5	16.9	8.6	3430.8	3600	3430.8
2022-09-05T03:36:54	102007.8	27.4	28.2	13.2	102107.5	15.8	8.4	3242.4	3600	3242.4
2022-09-05T04:36:56	102007.2	26.7	28.5	13.2	102102.5	14.8	8.4	3432.0	3600	3432.0
2022-09-05T05:36:57	101991.1	26.0	28.7	13.2	102092.5	13.9	8.4	3412.8	3600	3412.8
2022-09-05T06:37:04	102023.2	25.6	28.8	13.3	102117.5	14.4	8.6	3420.0	3600	3420.0
2022-09-05T07:37:10	102054.8	25.9	28.9	13.4	102147.5	15.8	9.2	3499.2	3600	3499.2
2022-09-05T08:37:13	102071.3	27.0	28.8	13.9	102147.5	17.9	9.9	3405.6	3600	3405.6
2022-09-05T09:37:16	102080.5	28.2	28.7	14.0	102150.0	19.6	10.3	3398.4	3600	3398.4
2022-09-05T10:37:17	102052.3	29.3	28.8	13.9	102105.0	21.6	10.9	3381.6	3600	3381.6
2022-09-05T11:37:22	102020.5	30.1	29.0	13.9	102065.0	22.8	10.6	3406.8	3600	3406.8
2022-09-05T12:37:26	101970.4	30.9	29.0	13.9	102020.0	23.5	10.6	3478.8	3600	3478.8
2022-09-05T13:37:28	101940.5	31.9	28.6	13.9	101992.5	23.9	10.8	3472.8	3600	3472.8
2022-09-05T14:37:33	101899.3	33.1	28.0	13.8	101947.5	24.6	11.0	3303.6	3600	3303.6
2022-09-05T15:37:41	101870.2	34.4	27.2	13.9	101915.0	25.0	10.6	3466.8	3600	3466.8
2022-09-05T16:37:54	101831.1	34.3	27.0	13.9	101885.0	24.1	10.6	3487.2	3600	3487.2
2022-09-05T17:38:03	101815.5	33.8	27.3	13.8	101875.0	23.0	10.2	3464.4	3600	3464.4
2022-09-05T18:38:14	101803.9	33.2	27.6	13.6	101872.5	21.5	9.9	3555.6	3600	3555.6
2022-09-05T19:38:19	101830.4	32.0	28.2	13.5	101910.0	20.0	9.6	3430.8	3600	3430.8
2022-09-05T20:38:27	101836.8	31.1	28.5	13.4	101920.0	18.8	9.4	3529.2	3600	3529.2
2022-09-05T21:38:29	101829.4	30.3	28.6	13.5	101915.0	18.0	9.1	3517.2	3600	3517.2
2022-09-05T22:38:32	101818.7	29.6	28.7	13.4	101907.5	17.4	8.7	3436.8	3600	3436.8
2022-09-05T23:38:38	101794.9	29.0	28.6	13.3	101887.5	17.0	8.2	3489.6	3600	3489.6
2022-09-06T00:38:42	101778.4	28.4	28.6	13.3	101870.0	16.5	7.7	3356.4	3600	3356.4
2022-09-06T01:38:50	101746.6	28.0	28.4	13.3	101836.7	16.0	7.2	3416.4	3600	3416.4
2022-09-06T02:38:57	101734.8	27.5	28.2	13.2	101830.0	15.5	6.8	3553.2	3600	3553.2
2022-09-06T03:38:58	101727.7	27.0	28.0	13.3	101827.5	14.9	6.6	3598.8	3600	3598.8
2022-09-06T04:39:03	101710.8	26.4	27.9	13.2	101812.5	14.4	6.6	3494.4	3600	3494.4
2022-09-06T05:39:04	101688.5	25.9	27.8	13.2	101790.0	13.8	6.8	3595.2	3600	3595.2
2022-09-06T06:39:13	101658.9	25.4	27.9	13.3	101762.5	14.1	7.3	3638.4	3600	3638.4
2022-09-06T07:39:21	101659.5	25.9	27.9	13.5	101752.5	15.3	7.6	3652.8	3600	3652.8
2022-09-06T08:39:22	101644.6	26.9	27.9	13.9	101730.0	16.9	8.1	3664.8	3600	3664.8
2022-09-06T09:39:34	101646.5	27.3	27.9	14.1	101730.0	17.6	8.7	3538.8	3600	3538.8
2022-09-06T10:39:36	101619.8	27.9	28.0	14.1	101695.0	19.0	9.2	3649.2	3600	3649.2
2022-09-06T11:39:37	101571.4	28.3	28.1	14.1	101640.0	19.7	9.5	3640.8	3600	3640.8
2022-09-06T12:39:45	101523.8	28.9	28.1	14.0	101600.0	19.9	9.6	3612.0	3600	3612.0
2022-09-06T13:39:49	101493.2	29.2	28.2	14.0	101552.5	21.5	9.9	3630.0	3600	3630.0
2022-09-06T14:39:54	101441.8	30.6	27.9	13.9	101492.5	22.8	10.2	3742.8	3600	3742.8
2022-09-06T15:39:55	101402.7	31.9	27.3	14.0	101460.0	23.1	10.3	3726.0	3600	3726.0
2022-09-06T16:40:01	101382.7	32.0	27.3	14.0	101445.0	22.2	10.1	3697.2	3600	3697.2
2022-09-06T17:40:02	101341.1	30.7	28.4	13.8	101405.0	21.4	9.9	3802.8	3600	3802.8
2022-09-06T18:40:08	101315.6	30.6	28.5	13.6	101390.0	20.6	9.8	3640.8	3600	3640.8
2022-09-06T19:40:11	101335.1	29.8	28.9	13.5	101412.5	20.1	9.7	3679.2	3600	3679.2
2022-09-06T20:40:18	101345.1	29.2	29.4	13.5	101425.0	19.6	9.1	3757.2	3600	3757.2
2022-09-06T21:40:27	101335.4	28.9	29.6	13.4	101415.0	18.9	8.9	3786.0	3600	3786.0
2022-09-06T22:40:34	101270.1	28.7	29.0	13.4	101352.0	18.2	8.9	3571.2	3600	3571.2
2022-09-06T23:40:46	101229.6	28.4	28.9	13.4	101313.3	17.9	8.6	3862.8	3600	3862.8
2022-09-07T00:40:48	101210.6	28.1	28.9	13.3	101300.0	16.9	8.6	3836.4	3600	3836.4
2022-09-07T01:40:57	101181.8	27.6	28.9	13.3	101272.5	15.7	8.4	3702.0	3600	3702.0
2022-09-07T02:41:02	101142.4	27.0	28.9	13.2	101240.0	15.2	8.1	3812.4	3600	3812.4
2022-09-07T03:41:15	101126.7	26.5	28.9	13.3	101227.5	14.7	8.0	3788.4	3600	3788.4
2022-09-07T04:41:23	101109.7	26.0	28.9	13.2	101205.0	14.2	7.9	3717.6	3600	3717.6
2022-09-07T05:41:25	101066.3	25.4	28.9	13.3	101162.5	13.2	8.0	3787.2	3600	3787.2
2022-09-07T06:41:34	101038.4	25.0	28.9	13.3	101130.0	14.0	8.4	3882.0	3600	3882.0
2022-09-07T07:41:39	101032.1	25.7	29.0	13.4	101122.5	15.9	9.0	3842.4	3600	3842.4
2022-09-07T08:41:42	101014.8	26.4	29.2	13.7	101092.5	17.1	9.5	3632.4	3600	3632.4
2022-09-07T09:41:45	101005.7	27.6	29.2	14.0	101075.0	19.3	10.3	3723.6	3600	3723.6
2022-09-07T10:41:54	100997.5	29.1	29.0	14.0	101050.0	21.4	11.4	3074.0	3600	3074.0
2022-09-07T14:14:02	100888.4	34.1	30.9	13.7	100940.0	23.3	12.3	2711.0	3600	2711.0
2022-09-07T15:14:05	100871.8	33.9	30.0	13.8	100910.0	23.3	12.8	3672.0	3600	3672.0
2022-09-07T16:14:09	100831.6	34.4	29.2	13.9	100870.0	24.2	13.3	3885.0	3600	3885.0
2022-09-07T17:14:11	100817.7	35.4	28.4	13.8	100855.0	24.1	12.8	3797.0	3600	3797.0
2022-09-07T18:14:14	100759.3	34.6	28.6	13.6	100795.0	23.3	12.8	3898.0	3600	3898.0
2022-09-07T19:14:18	100742.5	34.0	29.0	13.5	100797.5	22.3	12.5	3917.0	3600	3917.0
2022-09-07T20:14:19	100785.3	33.2	29.2	13.5	100850.0	20.5	12.2	3870.0	3600	3870.0
2022-09-07T21:14:20	100792.6	32.5	29.4	13.5	100852.5	19.4	11.8	3856.0	3600	3856.0
2022-09-07T22:14:27	100745.9	31.7	29.4	13.4	100810.0	18.9	11.9	3790.0	3600	3790.0
2022-09-07T23:14:30	100720.6	31.2	29.4	13.3	100785.0	18.8	11.6	3931.0	3600	3931.0
2022-09-08T00:14:33	100711.5	30.7	29.3	13.3	100782.5	18.4	11.1	3923.0	3600	3923.0
2022-09-08T01:14:37	100662.6	30.2	29.4	13.3	100732.5	17.6	10.4	3807.0	3600	3807.0
2022-09-08T02:14:40	100643.6	29.6	29.4	13.3	100717.5	17.1	10.1	3916.0	3600	3916.0
2022-09-08T03:14:43	100619.1	29.0	29.3	13.3	100696.0	16.8	9.9	3902.0	3600	3902.0
2022-09-08T04:14:49	100569.6	28.4	29.3	13.2	100640.0	16.5	9.2	3933.0	3600	3933.0
2022-09-08T05:14:51	100528.6	28.0	29.2	13.2	100606.7	15.9	8.9	3965.0	3600	3965.0
2022-09-08T06:14:56	100502.0	27.5	29.2	13.2	100584.0	15.7	8.7	3947.0	3600	3947.0
2022-09-08T07:14:58	100490.6	27.2	29.1	13.2	100575.0	15.9	8.8	3915.0	3600	3915.0
2022-09-08T08:15:00	100504.5	27.2	29.1	13.3	100592.5	16.5	9.1	4009.0	3600	4009.0
2022-09-08T09:15:01	100481.9	27.6	29.0	13.5	100557.5	17.4	9.7	3980.0	3600	3980.0
2022-09-08T10:15:02	100450.9	27.4	29.1	13.5	100530.0	16.5	9.8	3988.0	3600	3988.0
2022-09-08T11:15:05	100472.5	26.6	29.3	13.4	100560.0	14.9	10.8	3961.0	3600	3961.0
2022-09-08T12:15:12	100438.7	25.9	29.4	13.2	100510.0	14.0	11.2	3845.0	3600	3845.0
2022-09-08T13:15:17	100371.4	25.4	29.7	13.5	100437.5	14.9	12.1	3710.0	3600	3710.0
2022-09-08T14:15:21	100340.1	25.6	30.1	13.8	100402.5	16.9	13.3	3551.0	3600	3551.0
2022-09-08T15:15:26	100299.0	26.0	30.9	13.7	100362.0	17.2	13.5	3784.0	3600	3784.0
2022-09-08T16:15:32	100280.1	25.9	31.8	13.5	100340.0	17.0	13.8	3718.0	3600	3718.0
2022-09-08T17:15:38	100272.2	25.8	32.6	13.4	100327.5	17.3	14.2	3701.0	3600	3701.0
2022-09-08T18:15:44	100316.3	25.9	33.6	13.3	100385.0	16.9	13.6	3756.0	3600	3756.0
2022-09-08T19:15:50	100376.2	25.5	34.5	13.2	100442.5	15.9	13.0	3695.0	3600	3695.0
2022-09-08T20:15:51	100413.8	25.2	34.6	13.2	100480.0	15.7	13.0	3694.0	3600	3694.0
2022-09-08T21:15:57	100451.7	25.1	34.6	13.2	100522.5	16.0	13.1	3645.0	3600	3645.0
2022-09-08T22:16:00	100507.4	25.0	34.9	13.2	100570.0	15.7	12.8	3695.0	3600	3695.0
2022-09-08T23:16:02	100541.6	24.6	34.9	13.2	100600.0	14.7	12.2	3721.0	3600	3721.0
2022-09-09T00:16:07	100559.0	24.1	34.6	13.2	100622.5	13.8	11.7	3689.0	3600	3689.0
2022-09-09T01:16:15	100563.8	23.7	34.2	13.1	100630.0	12.8	11.1	3671.0	3600	3671.0
2022-09-09T02:16:25	100544.1	23.4	33.8	13.2	100607.5	12.8	11.1	3702.0	3600	3702.0
2022-09-09T03:16:34	100552.1	23.1	33.5	13.1	100612.5	12.7	11.1	3640.0	3600	3640.0
2022-09-09T04:16:46	100562.2	22.7	33.3	13.1	100627.5	12.2	10.8	3645.0	3600	3645.0
2022-09-09T05:16:48	100579.3	22.4	33.1	13.1	100645.0	12.2	10.8	3725.0	3600	3725.0
2022-09-09T06:16:50	100596.2	22.2	33.0	13.2	100657.5	12.8	11.2	3753.0	3600	3753.0
2022-09-09T07:16:53	100618.4	22.8	33.2	13.3	100677.5	14.7	12.4	3702.0	3600	3702.0
2022-09-09T08:17:00	100642.4	24.2	33.4	13.5	100695.0	16.7	12.8	3661.0	3600	3661.0
2022-09-09T09:17:05	100665.7	25.1	33.6	14.1	100717.5	18.1	13.2	3697.0	3600	3697.0
2022-09-09T10:17:16	100686.4	26.5	33.5	14.0	100737.5	19.3	13.5	3623.0	3600	3623.0
2022-09-09T11:17:24	100692.6	28.2	32.8	14.0	100725.0	21.9	14.3	3636.0	3600	3636.0
2022-09-09T12:17:27	100692.9	30.1	32.1	13.9	100720.0	23.2	14.3	3672.0	3600	3672.0
2022-09-09T13:17:36	100669.7	31.6	31.6	13.9	100697.5	24.3	13.8	3654.0	3600	3654.0
2022-09-09T14:17:39	100647.6	32.9	30.7	13.8	100690.0	22.5	13.4	3723.0	3600	3723.0
2022-09-09T15:17:45	100633.4	30.5	31.8	14.0	100682.5	20.7	13.8	3698.0	3600	3698.0
2022-09-09T16:17:54	100627.3	30.4	32.3	13.8	100670.0	21.1	13.2	3727.0	3600	3727.0
2022-09-09T17:18:00	100600.5	30.2	32.4	13.7	100662.5	19.4	12.9	3698.0	3600	3698.0
2022-09-09T18:18:02	100634.6	29.7	32.3	13.5	100692.5	18.2	13.2	3704.0	3600	3704.0
2022-09-09T19:18:06	100613.4	28.7	32.3	13.5	100680.0	16.4	12.4	3668.0	3600	3668.0
2022-09-09T20:18:12	100675.4	27.6	32.4	13.4	100752.5	15.5	12.1	3621.0	3600	3621.0
2022-09-09T21:18:13	100713.8	27.2	32.3	13.4	100782.5	15.7	12.0	3744.0	3600	3744.0
2022-09-09T22:18:18	100693.9	26.8	32.3	13.3	100755.0	15.0	11.6	3634.0	3600	3634.0
2022-09-09T23:18:31	100678.1	26.2	32.5	13.3	100750.0	14.2	11.3	3584.0	3600	3584.0
2022-09-10T00:18:32	100698.3	25.6	32.5	13.3	100767.5	13.5	11.0	3540.0	3600	3540.0
2022-09-10T01:18:38	100677.3	25.1	32.5	13.2	100745.0	13.0	10.8	3581.0	3600	3581.0
2022-09-10T02:18:43	100658.8	24.5	32.5	13.2	100727.5	12.6	10.5	3634.0	3600	3634.0
2022-09-10T03:18:46	100667.3	24.0	32.4	13.2	100742.5	12.2	10.3	3534.0	3600	3534.0
2022-09-10T04:18:54	100692.4	23.5	32.4	13.2	100765.0	11.5	10.0	3563.0	3600	3563.0
2022-09-10T05:19:01	100681.7	23.0	32.3	13.2	100750.0	11.2	9.9	3618.0	3600	3618.0
2022-09-10T06:19:06	100691.5	22.6	32.3	13.2	100762.5	11.2	10.0	3615.0	3600	3615.0
2022-09-10T07:19:07	100702.3	23.1	32.5	13.3	100770.0	14.4	11.1	3672.0	3600	3672.0
2022-09-10T08:19:08	100734.5	24.9	33.0	13.3	100795.0	16.4	11.7	3622.0	3600	3622.0
2022-09-10T09:19:13	100744.2	26.6	33.2	14.1	100797.5	18.3	12.4	3583.0	3600	3583.0
2022-09-10T10:19:15	100773.4	28.6	33.0	14.0	100820.0	20.4	12.8	3663.0	3600	3663.0
2022-09-10T11:19:16	100776.6	29.8	32.7	14.0	100810.0	21.1	13.2	3632.0	3600	3632.0
2022-09-10T12:19:22	100758.1	30.4	32.7	13.9	100792.5	21.9	13.1	3671.0	3600	3671.0
2022-09-10T13:19:27	100728.7	31.7	32.3	13.9	100765.0	22.1	12.8	3595.0	3600	3595.0
2022-09-10T14:19:28	100715.1	32.3	31.8	13.9	100755.0	21.7	12.6	3696.0	3600	3696.0
2022-09-10T15:19:29	100697.5	32.4	31.4	13.9	100745.0	20.5	12.0	3687.0	3600	3687.0
2022-09-10T16:19:30	100687.8	31.7	31.6	13.9	100735.0	21.1	12.7	3774.0	3600	3774.0
2022-09-10T17:19:37	100699.3	31.6	31.3	13.8	100760.0	19.5	12.0	3716.0	3600	3716.0
2022-09-10T18:19:48	100727.2	30.7	31.6	13.6	100800.0	17.4	12.1	3742.0	3600	3742.0
2022-09-10T19:19:50	100757.0	29.9	31.7	13.5	100827.5	16.2	12.1	3754.0	3600	3754.0
2022-09-10T20:20:00	100791.1	29.2	31.6	13.5	100862.5	15.9	12.3	3654.0	3600	3654.0
2022-09-10T21:20:06	100778.1	28.5	31.6	13.4	100847.5	14.6	11.8	3773.0	3600	3773.0
2022-09-10T22:20:11	100793.4	27.8	31.5	13.4	100865.0	13.9	11.6	3720.0	3600	3720.0
2022-09-10T23:20:18	100810.9	27.1	31.5	13.3	100882.5	14.7	11.5	3620.0	3600	3620.0
2022-09-11T00:20:21	100831.5	26.6	31.4	13.3	100900.0	13.9	11.3	3786.0	3600	3786.0
2022-09-11T01:20:27	100860.9	26.0	31.4	13.3	100927.5	13.1	11.0	3690.0	3600	3690.0
2022-09-11T02:20:38	100876.0	25.4	31.4	13.2	100945.0	12.1	10.5	3479.0	3600	3479.0
2022-09-11T03:20:48	100885.5	24.8	31.4	13.2	100955.0	11.9	10.5	3517.0	3600	3517.0
2022-09-11T04:20:52	100901.7	24.2	31.5	13.2	100970.0	12.3	10.8	3509.0	3600	3509.0
2022-09-11T05:20:57	100959.2	23.8	31.6	13.1	101035.0	12.6	11.0	3640.0	3600	3640.0
2022-09-11T06:20:58	101005.9	23.8	31.8	13.2	101072.5	12.7	11.1	3598.0	3600	3598.0
2022-09-11T07:21:02	101051.7	23.8	32.1	13.2	101120.0	13.6	11.7	3528.0	3600	3528.0
2022-09-11T08:21:04	101105.1	24.1	32.4	13.4	101165.0	14.8	12.3	3567.0	3600	3567.0
2022-09-11T09:21:06	101134.0	25.2	32.3	13.7	101195.0	16.1	12.3	3601.0	3600	3601.0
2022-09-11T10:21:08	101180.5	25.8	32.8	13.7	101245.0	16.6	12.3	3585.0	3600	3585.0
2022-09-11T11:21:11	101200.6	26.5	33.3	14.1	101255.0	18.0	12.6	3494.0	3600	3494.0
2022-09-11T12:21:17	101211.8	27.7	33.3	14.0	101267.5	19.0	12.4	3551.0	3600	3551.0
2022-09-11T13:21:20	101211.6	29.1	33.1	14.0	101252.5	20.5	12.2	3613.0	3600	3613.0
2022-09-11T14:21:24	101208.4	30.7	32.1	13.8	101262.5	19.9	11.7	3610.0	3600	3610.0
2022-09-11T15:21:30	101237.0	28.8	32.6	13.7	101300.0	16.6	12.6	3592.0	3600	3592.0
2022-09-11T16:21:31	101226.1	28.1	33.3	14.0	101282.5	18.4	13.6	3620.0	3600	3620.0
2022-09-11T17:21:34	101227.9	28.4	33.5	13.8	101287.5	17.9	12.7	3323.0	3600	3323.0
2022-09-11T18:21:43	101214.1	27.7	33.6	13.6	101280.0	16.7	12.7	3611.0	3600	3611.0
2022-09-11T19:21:46	101223.7	27.2	33.5	13.5	101295.0	15.7	12.4	3499.0	3600	3499.0
2022-09-11T20:21:53	101253.9	26.4	33.4	13.4	101330.0	13.9	11.5	3530.0	3600	3530.0
2022-09-11T21:22:00	101298.9	25.7	33.2	13.3	101370.0	13.5	11.3	3676.0	3600	3676.0
2022-09-11T22:22:01	101321.0	25.1	33.0	13.3	101390.0	13.3	11.0	3523.0	3600	3523.0
2022-09-11T23:22:07	101319.9	24.9	32.8	13.3	101382.5	13.5	11.4	3549.0	3600	3549.0
2022-09-12T00:22:13	101321.4	24.7	32.6	13.3	101387.5	13.3	11.3	3576.0	3600	3576.0
2022-09-12T01:22:20	101298.4	24.0	32.6	13.2	101365.0	11.9	10.3	3519.0	3600	3519.0
2022-09-12T02:22:25	101282.6	23.2	32.7	13.2	101350.0	11.4	10.2	3512.0	3600	3512.0
2022-09-12T03:22:27	101271.3	22.5	32.6	13.2	101337.5	10.3	9.5	3563.0	3600	3563.0
2022-09-12T04:22:29	101269.0	21.7	32.7	13.2	101342.5	10.2	9.5	3559.0	3600	3559.0
2022-09-12T05:22:37	101272.6	21.1	32.7	13.2	101342.5	9.6	9.1	3657.0	3600	3657.0
2022-09-12T06:22:40	101278.3	20.6	32.6	13.2	101340.0	9.5	9.1	3625.0	3600	3625.0
2022-09-12T07:22:42	101299.5	20.7	32.7	13.3	101365.0	11.9	10.6	3549.0	3600	3549.0
2022-09-12T08:22:46	101317.8	22.9	32.9	13.4	101377.5	13.9	12.0	3592.0	3600	3592.0
2022-09-12T09:22:52	101326.5	25.0	32.6	14.1	101380.0	16.6	12.7	3616.0	3600	3616.0
2022-09-12T10:22:59	101331.9	27.1	32.0	14.0	101380.0	17.9	12.0	3631.0	3600	3631.0
2022-09-12T11:23:05	101309.3	28.4	32.0	14.0	101352.5	19.2	12.0	3596.0	3600	3596.0
2022-09-12T12:23:10	101295.4	29.3	32.0	14.0	101337.5	20.3	11.8	3601.0	3600	3601.0
2022-09-12T13:23:12	101261.6	30.8	31.6	14.0	101295.0	22.5	11.9	3716.0	3600	3716.0
2022-09-12T14:23:25	101236.3	32.5	30.8	13.9	101277.5	22.0	11.3	3620.0	3600	3620.0
2022-09-12T15:23:28	101194.3	32.4	30.5	14.0	101237.5	20.8	11.0	3643.0	3600	3643.0
2022-09-12T16:23:33	101152.1	31.7	30.8	13.9	101207.5	20.0	10.8	3655.0	3600	3655.0
2022-09-12T17:23:34	101109.6	31.1	31.1	13.7	101172.0	19.2	11.5	3604.0	3600	3604.0
2022-09-12T18:23:40	101062.4	30.3	31.4	13.6	101127.5	17.4	11.5	3709.0	3600	3709.0
2022-09-12T19:23:42	101044.4	29.4	31.4	13.5	101122.5	15.8	11.3	3670.0	3600	3670.0
2022-09-12T20:23:45	101016.1	28.4	31.4	13.4	101090.0	14.6	10.7	3755.0	3600	3755.0
2022-09-12T21:23:51	100980.9	27.5	31.3	13.4	101055.0	13.8	10.4	3726.0	3600	3726.0
2022-09-12T22:23:55	100951.1	26.8	31.2	13.3	101025.0	12.4	10.0	3559.0	3600	3559.0
2022-09-12T23:24:00	100894.7	26.1	31.2	13.3	100967.5	11.8	9.8	3708.0	3600	3708.0
2022-09-13T00:24:04	100825.8	25.4	31.1	13.3	100900.0	12.2	9.9	3712.0	3600	3712.0
2022-09-13T01:24:07	100773.2	25.1	31.2	13.2	100843.3	12.5	9.9	3761.0	3600	3761.0
2022-09-13T02:24:08	100693.3	24.9	31.1	13.2	100765.0	12.3	9.9	3855.0	3600	3855.0
2022-09-13T03:24:10	100627.8	24.4	31.2	13.2	100698.0	12.0	9.8	3776.0	3600	3776.0
2022-09-13T04:24:13	100537.5	23.9	31.3	13.2	100610.0	11.8	9.7	3729.0	3600	3729.0
2022-09-13T05:24:18	100483.9	23.6	31.5	13.2	100557.5	12.1	9.9	3747.0	3600	3747.0
2022-09-13T06:24:20	100431.1	23.4	31.7	13.2	100505.0	12.8	10.2	3738.0	3600	3738.0
2022-09-13T07:24:21	100448.8	23.2	31.9	13.1	100522.5	13.3	10.7	3739.0	3600	3739.0
2022-09-13T08:24:24	100410.4	23.2	32.1	13.2	100472.5	14.5	11.4	3790.0	3600	3790.0
2022-09-13T09:24:29	100405.4	23.8	32.2	13.4	100475.0	15.8	11.9	3760.0	3600	3760.0
2022-09-13T10:24:31	100395.6	24.8	32.6	14.1	100447.5	18.2	13.1	3918.0	3600	3918.0
2022-09-13T11:24:36	100376.6	26.7	33.2	14.1	100425.0	19.9	13.5	3791.0	3600	3791.0
2022-09-13T12:24:43	100359.2	27.1	34.2	13.7	100417.5	18.2	13.1	3824.0	3600	3824.0
2022-09-13T13:24:48	100344.3	26.3	39.2	13.7	100407.5	18.2	13.4	3842.0	3600	3842.0
2022-09-13T14:24:49	100329.8	26.9	39.6	13.8	100387.5	18.7	13.6	3969.0	3600	3969.0
2022-09-13T15:24:57	100300.9	27.8	38.8	13.9	100350.0	20.0	14.3	3729.0	3600	3729.0
2022-09-13T16:25:01	100277.3	28.6	37.8	14.1	100325.0	20.1	14.1	3716.0	3600	3716.0
2022-09-13T17:25:03	100252.8	28.9	37.5	13.7	100310.0	19.5	13.7	3799.0	3600	3799.0
2022-09-13T18:25:08	100240.7	28.3	37.1	13.6	100302.5	18.1	13.1	3891.0	3600	3891.0
2022-09-13T19:25:12	100258.3	27.5	37.2	13.4	100325.0	17.1	12.9	3967.0	3600	3967.0
2022-09-13T20:25:15	100277.1	26.9	37.2	13.4	100342.5	16.2	12.6	3865.0	3600	3865.0
2022-09-13T21:25:19	100288.0	26.4	37.0	13.3	100360.0	15.2	12.2	3820.0	3600	3820.0
2022-09-13T22:25:22	100279.7	25.9	36.6	13.2	100352.5	14.6	11.3	3762.0	3600	3762.0
2022-09-13T23:25:30	100298.0	25.1	36.4	13.3	100380.0	13.1	10.2	3874.0	3600	3874.0
2022-09-14T00:25:33	100304.6	24.4	36.1	13.3	100382.5	11.9	10.0	3937.0	3600	3937.0
2022-09-14T01:25:40	100301.1	23.9	35.7	13.2	100372.5	11.7	9.9	3880.0	3600	3880.0
2022-09-14T02:25:44	100255.1	23.4	35.4	13.2	100327.5	11.5	10.0	3837.0	3600	3837.0
2022-09-14T03:25:51	100241.5	23.0	35.2	13.2	100315.0	11.5	9.9	3872.0	3600	3872.0
2022-09-14T04:25:56	100226.3	22.5	35.0	13.1	100295.0	11.2	9.7	3879.0	3600	3879.0
2022-09-14T05:26:00	100204.8	22.1	35.0	13.2	100275.0	10.9	9.6	3792.0	3600	3792.0
2022-09-14T06:26:05	100187.7	21.8	34.9	13.2	100257.5	10.9	9.7	3939.0	3600	3939.0
2022-09-14T07:26:09	100178.4	21.8	34.9	13.2	100242.5	12.1	10.3	3954.0	3600	3954.0
2022-09-14T08:26:17	100158.6	22.6	34.9	13.4	100225.0	13.6	10.7	3779.0	3600	3779.0
2022-09-14T09:26:24	100161.3	23.6	35.0	14.1	100227.5	15.5	11.4	3186.0	3600	3186.0
2022-09-14T10:26:31	100149.5	25.5	34.8	14.1	100210.0	17.1	11.4	3536.0	3600	3536.0
2022-09-14T11:26:38	100123.1	26.4	34.4	14.1	100180.0	17.8	10.6	3219.0	3600	3219.0
2022-09-14T12:26:40	100090.1	27.4	34.0	14.0	100147.5	18.9	10.5	3693.0	3600	3693.0
2022-09-14T13:26:42	100076.1	28.2	33.5	14.1	100140.0	18.5	10.3	3664.0	3600	3664.0
2022-09-14T14:26:47	100038.7	28.4	33.4	14.1	100102.5	18.9	10.4	3648.0	3600	3648.0
2022-09-14T15:26:52	99984.9	28.5	33.2	13.9	100055.0	18.1	10.4	3969.0	3600	3969.0
2022-09-14T16:26:58	99944.5	27.8	33.5	13.7	100020.0	17.4	10.8	4069.0	3600	4069.0
2022-09-14T17:27:04	99914.6	27.4	33.6	13.6	99992.5	17.0	11.1	4074.0	3600	4074.0
2022-09-14T18:27:05	99911.7	27.1	33.7	13.5	99992.5	15.9	10.9	3999.0	3600	3999.0
2022-09-14T19:27:13	99876.3	26.5	33.8	13.4	99960.0	14.6	10.5	4009.0	3600	4009.0
2022-09-14T20:27:16	99862.3	26.0	33.7	13.4	99952.0	13.7	10.6	4097.0	3600	4097.0
2022-09-14T21:27:23	99872.4	25.7	33.3	13.4	99956.7	12.9	10.3	3971.0	3600	3971.0
2022-09-14T22:27:24	99874.3	25.2	33.2	13.3	99957.5	12.9	10.5	4005.0	3600	4005.0
2022-09-14T23:27:28	99880.0	24.8	33.2	13.2	99957.5	13.2	10.5	4049.0	3600	4049.0
2022-09-15T00:27:29	99864.9	24.4	33.5	13.3	99945.0	12.9	10.6	4043.0	3600	4043.0
2022-09-15T01:27:30	99841.1	23.9	33.8	13.2	99917.5	12.4	10.4	4096.0	3600	4096.0
2022-09-15T02:27:40	99834.1	23.5	33.9	13.2	99915.0	12.0	10.3	4140.0	3600	4140.0
2022-09-15T03:27:42	99841.5	23.1	34.0	13.2	99917.5	12.2	10.4	4076.0	3600	4076.0
2022-09-15T04:27:48	99837.9	22.8	34.3	13.2	99915.0	11.3	9.8	4091.0	3600	4091.0
2022-09-15T05:27:51	99838.5	22.2	34.2	13.1	99915.0	10.7	9.6	4099.0	3600	4099.0
2022-09-15T06:28:01	99827.7	21.6	34.2	13.1	99900.0	10.7	9.7	4181.0	3600	4181.0
2022-09-15T07:28:05	99844.3	21.6	34.4	13.3	99915.0	12.0	10.3	4016.0	3600	4016.0
2022-09-15T08:28:08	99861.1	22.2	35.5	13.5	99932.5	13.4	10.5	3963.0	3600	3963.0
2022-09-15T09:28:11	99896.3	23.0	36.5	13.8	99972.5	14.4	10.8	3991.0	3600	3991.0
2022-09-15T10:28:16	99920.0	23.8	37.0	14.0	99987.5	15.2	10.7	3638.0	3600	3638.0
2022-09-15T11:28:20	99912.3	24.9	37.1	14.1	99975.0	17.1	10.8	3486.0	3600	3486.0
2022-09-15T12:28:28	99899.4	26.0	36.1	14.1	99962.5	17.5	9.7	3533.0	3600	3533.0
2022-09-15T13:28:35	99901.3	26.2	34.9	14.2	99975.0	17.4	9.3	3805.0	3600	3805.0
2022-09-15T14:28:38	99903.2	26.6	34.0	14.1	99975.0	18.0	9.6	3472.0	3600	3472.0
2022-09-15T15:28:41	99883.1	27.1	33.1	14.1	99952.5	17.8	9.3	3806.0	3600	3806.0
2022-09-15T16:28:45	99876.3	27.2	32.2	14.0	99952.5	17.4	8.6	4031.0	3600	4031.0
2022-09-15T17:28:50	99908.2	26.1	31.8	13.7	100005.0	15.0	9.3	4058.0	3600	4058.0
2022-09-15T18:28:51	99926.3	24.9	33.0	13.5	100022.0	13.6	9.5	4014.0	3600	4014.0
2022-09-15T19:28:56	99945.2	23.9	34.4	13.5	100043.3	13.0	9.8	4032.0	3600	4032.0
2022-09-15T20:28:57	99962.7	23.4	35.2	13.4	100057.5	12.8	9.7	4003.0	3600	4003.0
2022-09-15T21:28:58	99974.6	23.1	35.7	13.4	100067.5	12.9	9.6	4041.0	3600	4041.0
2022-09-15T22:29:00	99990.9	22.6	36.1	13.3	100080.0	12.4	9.4	3972.0	3600	3972.0
2022-09-15T23:29:04	100016.6	22.3	36.3	13.3	100110.0	12.2	9.2	3996.0	3600	3996.0
2022-09-16T00:29:11	100050.0	21.9	36.9	13.3	100135.0	11.9	9.0	3937.0	3600	3937.0
2022-09-16T01:29:21	100052.9	21.5	37.4	13.2	100137.5	11.3	8.8	4013.0	3600	4013.0
2022-09-16T02:29:24	100054.0	21.2	37.7	13.2	100145.0	11.0	8.9	4097.0	3600	4097.0
2022-09-16T03:29:31	100060.7	20.9	37.9	13.2	100150.0	10.4	8.9	3875.0	3600	3875.0
2022-09-16T04:29:36	100056.1	20.4	37.8	13.2	100142.5	9.8	8.8	4015.0	3600	4015.0
2022-09-16T05:29:41	100042.5	20.0	37.6	13.1	100125.0	9.7	8.7	4016.0	3600	4016.0
2022-09-16T06:29:42	100037.1	19.6	37.5	13.2	100117.5	9.4	8.6	4022.0	3600	4022.0
2022-09-16T07:29:44	100025.4	19.6	37.8	13.3	100102.5	10.4	8.9	3917.0	3600	3917.0
2022-09-16T08:29:45	100019.1	20.6	39.1	13.6	100092.0	12.0	9.3	3796.0	3600	3796.0
2022-09-16T09:29:50	100040.1	21.7	39.4	14.2	100113.3	13.3	9.4	3782.0	3600	3782.0
2022-09-16T10:29:56	100040.5	23.0	38.6	14.2	100110.0	15.2	9.2	3907.0	3600	3907.0
2022-09-16T11:29:57	100016.0	23.9	37.1	14.1	100086.7	15.6	8.4	3906.0	3600	3906.0
2022-09-16T12:30:01	99993.6	24.3	35.3	14.1	100068.0	16.6	8.0	3861.0	3600	3861.0
2022-09-16T13:30:06	99959.8	25.2	32.6	14.0	100030.0	16.4	7.4	3989.0	3600	3989.0
2022-09-16T14:30:09	99904.8	25.3	31.6	14.1	99982.5	17.0	7.4	4121.0	3600	4121.0
2022-09-16T15:30:12	99870.8	26.1	30.0	14.0	99950.0	17.7	6.5	3698.0	3600	3698.0
2022-09-16T16:30:21	99838.9	26.4	28.0	14.1	99920.0	17.6	6.5	3776.0	3600	3776.0
2022-09-16T17:30:23	99828.2	26.4	27.1	13.7	99922.5	16.2	6.7	4133.0	3600	4133.0
2022-09-16T18:30:27	99837.8	25.6	27.0	13.6	99945.0	14.1	6.8	4135.0	3600	4135.0
2022-09-16T19:30:30	99832.6	24.5	27.9	13.5	99940.0	13.1	7.1	4219.0	3600	4219.0
2022-09-16T20:30:35	99835.5	23.8	28.9	13.4	99942.5	12.2	7.8	4084.0	3600	4084.0
2022-09-16T21:30:43	99769.6	22.7	30.5	13.4	99870.0	10.1	8.7	4002.0	3600	4002.0
2022-09-16T22:30:45	99749.2	22.0	31.8	13.3	99852.5	10.4	8.9	3941.0	3600	3941.0
2022-09-16T23:30:50	99790.8	21.6	34.5	13.3	99892.5	10.8	9.1	3877.0	3600	3877.0
2022-09-17T00:30:51	99822.0	21.3	36.7	13.3	99917.5	10.9	9.2	3905.0	3600	3905.0
2022-09-17T01:31:01	99850.5	21.1	38.2	13.3	99945.0	11.1	9.3	3768.0	3600	3768.0
2022-09-17T02:31:05	99888.8	21.0	39.1	13.2	99982.5	11.4	9.4	3829.0	3600	3829.0
2022-09-17T03:31:13	99901.4	21.0	39.6	13.2	99992.5	11.7	9.5	4003.0	3600	4003.0
2022-09-17T04:31:14	99908.5	20.9	39.9	13.2	99992.5	11.6	9.6	3844.0	3600	3844.0
2022-09-17T05:31:17	99921.1	20.7	40.2	13.1	100004.0	11.5	9.6	3730.0	3600	3730.0
2022-09-17T06:31:19	99945.6	20.7	40.6	13.2	100032.5	11.5	9.9	3979.0	3600	3979.0
2022-09-17T07:31:27	99993.6	20.7	41.2	13.3	100080.0	11.8	9.7	3720.0	3600	3720.0
2022-09-17T08:31:31	100018.4	21.0	41.8	13.5	100095.0	12.6	9.7	3833.0	3600	3833.0
2022-09-17T09:31:38	100041.5	21.4	41.7	13.9	100117.5	13.1	9.6	3771.0	3600	3771.0
2022-09-17T10:31:40	100049.1	22.4	40.7	14.2	100130.0	13.9	9.4	3570.0	3600	3570.0
2022-09-17T11:31:41	100084.8	23.1	39.5	14.1	100160.0	14.8	9.5	3597.0	3600	3597.0
2022-09-17T12:31:46	100106.8	24.0	38.2	14.1	100177.5	15.5	9.3	3508.0	3600	3508.0
2022-09-17T13:31:47	100076.5	24.5	36.8	14.1	100150.0	15.1	8.7	3547.0	3600	3547.0
2022-09-17T14:31:53	100042.7	25.2	35.2	14.1	100120.0	16.1	7.8	3758.0	3600	3758.0
2022-09-17T15:31:55	100064.4	25.7	33.1	14.2	100146.7	14.9	7.8	3424.0	3600	3424.0
2022-09-17T16:32:10	100075.4	25.0	31.9	14.2	100160.0	13.8	7.5	3397.0	3600	3397.0
2022-09-17T17:32:12	100058.1	23.9	31.2	13.8	100152.0	12.0	7.3	4038.0	3600	4038.0
2022-09-17T18:32:16	100055.8	22.7	31.9	13.6	100152.5	10.6	7.8	4033.0	3600	4033.0
2022-09-17T19:32:26	100055.6	21.6	33.0	13.5	100150.0	9.4	8.5	3832.0	3600	3832.0
2022-09-17T20:32:32	100054.9	21.0	33.5	13.4	100150.0	9.7	8.8	3852.0	3600	3852.0
2022-09-17T21:32:33	100057.9	20.7	34.0	13.4	100147.5	9.8	8.9	3753.0	3600	3753.0
2022-09-17T22:32:35	100059.6	20.5	34.9	13.3	100147.5	10.1	9.0	3831.0	3600	3831.0
2022-09-17T23:32:38	100060.9	20.3	36.0	13.3	100145.0	10.4	9.2	3835.0	3600	3835.0
2022-09-18T00:32:44	100058.5	20.2	36.7	13.3	100145.0	10.5	9.3	3903.0	3600	3903.0
2022-09-18T01:32:48	100071.2	19.9	37.2	13.2	100160.0	10.2	9.2	3810.0	3600	3810.0
2022-09-18T02:32:50	100099.4	19.7	37.5	13.2	100190.0	9.9	8.9	3880.0	3600	3880.0
2022-09-18T03:32:57	100137.8	19.4	37.8	13.2	100227.5	10.0	9.0	3776.0	3600	3776.0
2022-09-18T04:33:01	100161.9	19.3	38.5	13.2	100250.0	9.8	8.7	3901.0	3600	3901.0
2022-09-18T05:33:06	100193.3	19.0	39.5	13.1	100272.5	9.2	8.3	3838.0	3600	3838.0
2022-09-18T06:33:08	100237.4	18.7	40.1	13.1	100315.0	8.9	8.0	3786.0	3600	3786.0
2022-09-18T07:33:11	100275.5	18.7	40.5	13.3	100355.0	9.3	8.1	3834.0	3600	3834.0
2022-09-18T08:33:17	100303.0	19.3	40.7	13.8	100380.0	10.6	8.4	3658.0	3600	3658.0
2022-09-18T09:33:19	100307.2	20.1	40.4	14.2	100380.0	12.0	8.6	3658.0	3600	3658.0
2022-09-18T10:33:25	100293.4	21.3	39.4	14.3	100370.0	12.7	8.4	3548.0	3600	3548.0
2022-09-18T11:33:26	100277.1	21.8	38.3	14.2	100355.0	13.6	8.4	3596.0	3600	3596.0
2022-09-18T12:33:32	100252.1	22.1	37.2	14.2	100332.5	12.8	8.7	3781.0	3600	3781.0
2022-09-18T13:33:40	100207.5	22.6	37.1	14.0	100292.5	13.2	8.0	3835.0	3600	3835.0
2022-09-18T14:33:44	100208.2	22.6	36.2	14.0	100292.5	10.5	8.0	3676.0	3600	3676.0
2022-09-18T15:33:46	100175.9	21.2	36.6	14.1	100260.0	10.9	7.9	3794.0	3600	3794.0
2022-09-18T16:33:51	100167.7	21.1	37.1	14.2	100245.0	12.4	8.3	3277.0	3600	3277.0
2022-09-18T17:33:55	100151.1	21.1	37.0	13.8	100240.0	11.5	7.9	3799.0	3600	3799.0
2022-09-18T18:34:00	100147.6	21.0	36.5	13.6	100242.5	10.1	7.9	3791.0	3600	3791.0
2022-09-18T19:34:04	100176.6	20.2	36.4	13.6	100265.0	9.7	7.8	3789.0	3600	3789.0
2022-09-18T20:34:10	100191.6	19.8	36.7	13.4	100280.0	9.2	7.9	3799.0	3600	3799.0
2022-09-18T21:34:14	100194.0	19.4	36.8	13.4	100285.0	8.8	7.9	3795.0	3600	3795.0
2022-09-18T22:34:17	100207.0	19.0	37.2	13.4	100290.0	8.6	8.1	3825.0	3600	3825.0
2022-09-18T23:34:26	100213.5	18.8	37.6	13.3	100295.0	8.6	8.2	3729.0	3600	3729.0
2022-09-19T00:34:34	100234.9	18.4	37.8	13.2	100320.0	7.9	7.9	3662.0	3600	3662.0
2022-09-19T01:34:40	100255.5	17.9	37.7	13.2	100340.0	7.6	7.9	3665.0	3600	3665.0
2022-09-19T02:34:44	100289.1	17.8	37.7	13.2	100372.5	8.0	8.1	3703.0	3600	3703.0
2022-09-19T03:34:56	100335.6	17.8	38.3	13.2	100422.5	8.6	8.4	3752.0	3600	3752.0
2022-09-19T04:35:02	100377.0	17.9	39.3	13.2	100460.0	9.0	8.5	3596.0	3600	3596.0
2022-09-19T05:35:07	100432.7	17.9	39.9	13.1	100520.0	9.3	8.7	3550.0	3600	3550.0
2022-09-19T06:35:10	100489.9	17.9	39.9	13.1	100572.5	9.5	8.8	3630.0	3600	3630.0
2022-09-19T07:35:14	100552.4	18.1	40.0	13.1	100635.0	10.3	9.2	3619.0	3600	3619.0
2022-09-19T08:35:15	100630.8	18.6	40.3	13.1	100720.0	11.0	9.4	3537.0	3600	3537.0
2022-09-19T09:35:19	100707.4	18.7	41.3	13.4	100795.0	12.0	9.7	3624.0	3600	3624.0
2022-09-19T10:35:25	100758.9	19.6	42.0	14.1	100830.0	13.7	10.1	3140.0	3600	3140.0
2022-09-19T11:35:31	100783.2	21.6	41.2	14.3	100850.0	14.3	10.0	3225.0	3600	3225.0
2022-09-19T12:35:34	100792.4	22.4	41.0	14.3	100862.5	15.7	10.1	3515.0	3600	3515.0
2022-09-19T13:35:43	100779.9	24.2	39.6	14.1	100852.5	16.6	9.5	3492.0	3600	3492.0
2022-09-19T14:35:48	100831.4	23.4	38.1	13.7	100910.0	10.6	8.7	3658.0	3600	3658.0
2022-09-19T15:35:54	100883.8	21.4	38.3	13.6	100970.0	10.2	9.1	3430.0	3600	3430.0
2022-09-19T16:35:55	100900.6	20.8	38.2	13.6	100982.5	10.5	9.3	3490.0	3600	3490.0
2022-09-19T17:36:04	100931.8	20.8	38.6	13.5	101012.5	11.0	9.5	3451.0	3600	3451.0
2022-09-19T18:36:13	100964.9	20.5	39.1	13.4	101045.0	10.7	9.2	3503.0	3600	3503.0
2022-09-19T19:36:15	101004.8	20.0	39.3	13.3	101085.0	9.9	8.8	3376.0	3600	3376.0
2022-09-19T20:36:20	101042.6	19.6	39.1	13.2	101125.0	9.4	8.6	3325.0	3600	3325.0
2022-09-19T21:36:26	101072.3	18.9	38.9	13.2	101147.5	8.7	8.4	3400.0	3600	3400.0
2022-09-19T22:36:29	101088.7	18.7	38.9	13.2	101167.5	8.9	8.4	3373.0	3600	3373.0
2022-09-19T23:36:39	101113.9	18.4	39.0	13.2	101192.5	8.5	8.2	3256.0	3600	3256.0
2022-09-20T00:36:42	101146.2	18.1	39.2	13.1	101227.5	8.5	8.2	3427.0	3600	3427.0
2022-09-20T01:36:44	101171.2	18.1	39.4	13.1	101245.0	8.5	8.2	3309.0	3600	3309.0
2022-09-20T02:36:45	101183.2	17.9	39.3	13.1	101260.0	8.6	8.3	3314.0	3600	3314.0
2022-09-20T03:36:51	101202.1	17.9	39.3	13.1	101282.5	9.0	8.5	3273.0	3600	3273.0
2022-09-20T04:36:59	101226.7	17.9	39.6	13.1	101307.5	9.2	8.5	3221.0	3600	3221.0
2022-09-20T05:37:06	101254.9	17.9	40.0	13.1	101330.0	9.0	8.4	3193.0	3600	3193.0
2022-09-20T06:37:08	101293.4	17.6	40.1	13.1	101376.0	8.6	8.3	3236.0	3600	3236.0
2022-09-20T07:37:10	101354.0	17.6	40.2	13.2	101430.0	8.5	8.3	3232.0	3600	3232.0
2022-09-20T08:37:11	101391.4	17.8	40.3	13.6	101467.5	9.9	8.9	3323.0	3600	3323.0
2022-09-20T09:37:13	101453.8	18.3	41.0	13.8	101530.0	10.5	9.0	3233.0	3600	3233.0
2022-09-20T10:37:18	101494.0	19.1	41.4	14.3	101570.0	11.7	9.4	2900.0	3600	2900.0
2022-09-20T11:37:19	101514.1	20.7	40.7	14.3	101587.5	12.7	9.7	3203.0	3600	3203.0
2022-09-20T12:37:26	101526.4	21.7	40.1	14.2	101597.5	12.9	9.5	3198.0	3600	3198.0
2022-09-20T13:37:28	101523.7	22.9	39.5	14.1	101595.0	14.7	9.6	3209.0	3600	3209.0
2022-09-20T14:37:35	101568.7	23.4	38.1	13.8	101652.5	11.8	8.8	3291.0	3600	3291.0
2022-09-20T15:37:43	101590.7	21.2	38.2	13.7	101667.5	10.2	8.9	3178.0	3600	3178.0
2022-09-20T16:37:50	101598.1	20.7	38.4	13.9	101675.0	11.5	9.3	3056.0	3600	3056.0
2022-09-20T17:38:01	101627.1	21.0	38.5	13.7	101705.0	11.4	9.0	3146.0	3600	3146.0
2022-09-20T18:38:08	101667.1	20.3	38.4	13.6	101757.5	9.6	8.5	3166.0	3600	3166.0
2022-09-20T19:38:13	101735.4	19.3	38.4	13.4	101817.5	8.4	8.2	3193.0	3600	3193.0
2022-09-20T20:38:20	101784.7	18.6	38.1	13.4	101865.0	7.7	7.9	3227.0	3600	3227.0
2022-09-20T21:38:25	101826.5	18.2	37.8	13.3	101900.0	7.2	7.8	3204.0	3600	3204.0
2022-09-20T22:38:30	101864.2	17.6	37.5	13.3	101945.0	7.1	7.8	3173.0	3600	3173.0
2022-09-20T23:38:32	101906.9	17.1	37.3	13.3	101977.5	6.3	7.4	3126.0	3600	3126.0
2022-09-21T00:38:43	101920.0	16.5	37.1	13.2	101992.5	6.5	7.5	3248.0	3600	3248.0
2022-09-21T01:38:47	101944.9	16.0	36.8	13.1	102015.0	5.8	7.2	3108.0	3600	3108.0
2022-09-21T02:38:56	101964.2	15.5	36.6	13.1	102035.0	5.6	7.0	3129.0	3600	3129.0
2022-09-21T03:39:03	101980.6	15.2	36.4	13.2	102050.0	5.5	7.0	3104.0	3600	3104.0
2022-09-21T04:39:05	102005.1	14.6	36.2	13.1	102074.0	4.7	6.7	3170.0	3600	3170.0
2022-09-21T05:39:09	102029.0	14.0	36.0	13.1	102100.0	4.4	6.5	3051.0	3600	3051.0
2022-09-21T06:39:10	102051.2	13.8	35.9	13.1	102120.0	4.4	6.5	3034.0	3600	3034.0
2022-09-21T07:39:19	102092.2	14.4	36.1	13.2	102162.5	6.7	7.6	3013.0	3600	3013.0
2022-09-21T08:39:20	102121.4	16.1	36.5	13.5	102195.0	8.2	8.3	2949.0	3600	2949.0
2022-09-21T09:39:28	102146.6	17.5	36.7	14.3	102215.0	10.7	9.8	2981.0	3600	2981.0
2022-09-21T10:39:34	102153.3	19.9	36.7	14.2	102220.0	13.4	10.7	3081.0	3600	3081.0
2022-09-21T11:39:40	102159.1	21.4	37.0	14.2	102222.5	14.7	10.4	3056.0	3600	3056.0
2022-09-21T12:39:44	102133.5	22.8	37.0	14.2	102197.5	16.2	10.2	3131.0	3600	3131.0
2022-09-21T13:39:50	102108.2	25.2	36.3	14.1	102167.5	17.0	9.4	3021.0	3600	3021.0
2022-09-21T14:39:53	102082.4	25.7	35.9	14.1	102157.5	16.5	8.6	3098.0	3600	3098.0
2022-09-21T15:40:01	102054.9	26.4	35.2	14.1	102125.0	17.1	8.4	2683.0	3600	2683.0
2022-09-21T16:40:08	102025.3	26.0	34.8	14.1	102102.5	17.1	8.0	3058.0	3600	3058.0
2022-09-21T17:40:15	102012.1	26.2	34.2	13.7	102105.0	16.0	7.8	3211.0	3600	3211.0
2022-09-21T18:40:19	102030.6	25.5	34.1	13.6	102127.5	12.8	8.0	3204.0	3600	3204.0
2022-09-21T19:40:30	102049.0	23.8	34.7	13.6	102150.0	10.5	7.7	3129.0	3600	3129.0
2022-09-21T20:40:33	102069.1	22.6	34.7	13.4	102165.0	8.4	7.5	3283.0	3600	3283.0
2022-09-21T21:40:40	102083.3	21.8	34.6	13.4	102170.0	7.9	7.6	3207.0	3600	3207.0
2022-09-21T22:40:44	102086.0	21.1	34.4	13.3	102172.5	8.1	7.5	3090.0	3600	3090.0
2022-09-21T23:40:49	102090.0	20.5	34.2	13.3	102175.0	7.8	7.6	3069.0	3600	3069.0
2022-09-22T00:40:58	102081.6	20.2	34.1	13.3	102162.5	8.2	7.7	2981.0	3600	2981.0
2022-09-22T01:41:01	102060.4	19.6	34.1	13.2	102140.0	6.7	7.3	3121.0	3600	3121.0
2022-09-22T02:41:04	102040.8	18.7	34.1	13.2	102125.0	4.8	6.5	3200.0	3600	3200.0
2022-09-22T03:41:09	102035.0	18.0	34.1	13.2	102110.0	4.7	6.5	3119.0	3600	3119.0
2022-09-22T04:41:11	102034.9	17.4	34.0	13.2	102105.0	3.8	6.2	3134.0	3600	3134.0
2022-09-22T05:41:18	102018.8	16.5	33.9	13.1	102090.0	3.5	6.1	3014.0	3600	3014.0
2022-09-22T06:41:22	102023.9	15.7	33.9	13.2	102102.5	3.5	6.2	3120.0	3600	3120.0
2022-09-22T07:41:23	102044.3	16.9	34.4	13.2	102115.0	6.6	7.5	3148.0	3600	3148.0
2022-09-22T08:41:31	102048.1	19.5	34.2	13.8	102122.5	9.5	8.8	3070.0	3600	3070.0
2022-09-22T09:41:36	102054.2	21.5	33.7	14.2	102130.0	12.5	9.2	3168.0	3600	3168.0
2022-09-22T10:41:44	102055.6	23.4	33.1	14.2	102127.5	14.7	9.2	3120.0	3600	3120.0
2022-09-22T11:41:50	102038.7	24.0	33.4	14.1	102115.0	14.6	8.6	3177.0	3600	3177.0
2022-09-22T12:41:58	102020.4	25.2	33.5	14.1	102092.5	15.7	8.2	3188.0	3600	3188.0
2022-09-22T13:42:02	101965.7	27.1	33.0	14.1	102037.5	17.0	8.2	3149.0	3600	3149.0
2022-09-22T14:42:10	101929.3	29.6	31.8	14.1	101995.0	18.3	7.8	3207.0	3600	3207.0
2022-09-22T15:42:11	101891.8	29.7	31.2	14.0	101975.0	16.0	7.0	2931.0	3600	2931.0
2022-09-22T16:42:18	101863.3	27.6	32.4	13.7	101952.5	14.6	8.1	3313.0	3600	3313.0
2022-09-22T17:42:24	101836.4	26.4	33.0	13.6	101927.5	13.9	7.9	3368.0	3600	3368.0
2022-09-22T18:42:26	101821.0	25.7	33.1	13.5	101920.0	10.8	7.3	3322.0	3600	3322.0
2022-09-22T19:42:27	101815.4	24.0	33.4	13.4	101912.5	8.0	7.4	3328.0	3600	3328.0
2022-09-22T20:42:29	101812.4	22.8	33.4	13.4	101907.5	7.0	7.3	3290.0	3600	3290.0
2022-09-22T21:42:36	101806.8	21.8	33.3	13.3	101895.0	6.2	7.0	3360.0	3600	3360.0
2022-09-22T22:42:42	101790.2	21.0	33.2	13.3	101877.5	6.4	7.3	3287.0	3600	3287.0
2022-09-22T23:42:53	101783.0	20.1	33.2	13.2	101864.0	6.1	7.2	3234.0	3600	3234.0
2022-09-23T00:42:55	101748.0	19.3	33.2	13.2	101822.5	6.0	7.1	3251.0	3600	3251.0
2022-09-23T01:42:56	101711.1	18.8	33.1	13.2	101790.0	5.4	6.8	3208.0	3600	3208.0
2022-09-23T02:43:01	101677.6	18.2	33.1	13.2	101755.0	5.1	6.7	3312.0	3600	3312.0
2022-09-23T03:43:07	101633.9	17.6	33.1	13.1	101707.5	5.1	6.7	3199.0	3600	3199.0
2022-09-23T04:43:12	101587.9	17.1	33.1	13.1	101665.0	4.9	6.6	3403.0	3600	3403.0
2022-09-23T05:43:18	101547.0	16.6	33.1	13.1	101617.5	4.3	6.3	3384.0	3600	3384.0
2022-09-23T06:43:22	101527.0	15.8	33.4	13.1	101600.0	4.0	6.2	3336.0	3600	3336.0
2022-09-23T07:43:25	101526.5	17.2	33.6	13.2	101600.0	7.1	7.6	3345.0	3600	3345.0
2022-09-23T08:43:30	101531.2	19.4	33.1	13.8	101610.0	10.2	8.5	3120.0	3600	3120.0
2022-09-23T09:43:33	101523.5	20.7	32.9	14.2	101597.5	12.8	9.2	3241.0	3600	3241.0
2022-09-23T10:43:38	101496.1	22.3	32.8	14.2	101565.0	15.0	9.4	3262.0	3600	3262.0
2022-09-23T11:43:44	101444.1	23.2	33.0	14.2	101517.5	16.5	8.9	3403.0	3600	3403.0
2022-09-23T12:43:45	101401.9	24.7	32.6	14.1	101472.5	17.6	8.4	3328.0	3600	3328.0
2022-09-23T13:43:46	101335.5	26.4	31.9	14.1	101407.5	17.9	8.3	3255.0	3600	3255.0
2022-09-23T14:43:48	101272.7	27.1	31.6	14.1	101345.0	18.6	8.3	3304.0	3600	3304.0
2022-09-23T15:43:52	101205.5	28.7	30.7	14.0	101277.5	18.4	8.1	3011.0	3600	3011.0
2022-09-23T16:44:00	101158.0	27.6	31.2	13.9	101247.5	16.3	8.2	3504.0	3600	3504.0
2022-09-23T17:44:02	101130.8	26.6	31.9	13.7	101227.5	15.5	8.4	3535.0	3600	3535.0
2022-09-23T18:44:03	101105.8	25.6	32.6	13.6	101210.0	12.5	8.0	3488.0	3600	3488.0
2022-09-23T19:44:07	101099.4	24.4	32.9	13.5	101200.0	11.6	8.0	3405.0	3600	3405.0
2022-09-23T20:44:13	101087.4	23.6	33.0	13.4	101187.5	10.7	7.9	3501.0	3600	3501.0
2022-09-23T21:44:15	101064.4	22.9	33.0	13.3	101165.0	10.3	7.6	3463.0	3600	3463.0
2022-09-23T22:44:17	101031.9	22.3	33.0	13.4	101132.5	10.4	7.8	3484.0	3600	3484.0
2022-09-23T23:44:27	101006.9	21.9	33.0	13.3	101105.0	10.2	7.8	3546.0	3600	3546.0
2022-09-24T00:44:39	100974.5	21.4	33.0	13.3	101068.0	9.7	7.7	3596.0	3600	3596.0
2022-09-24T01:44:44	100951.6	21.0	33.0	13.2	101040.0	9.1	7.7	3613.0	3600	3613.0
2022-09-24T02:44:51	100901.1	20.6	33.1	13.2	100990.0	9.6	7.9	3687.0	3600	3687.0
2022-09-24T03:44:53	100860.2	20.4	33.1	13.2	100950.0	9.8	8.0	3451.0	3600	3451.0
2022-09-24T04:45:02	100840.2	20.2	33.1	13.2	100927.5	9.9	8.0	3545.0	3600	3545.0
2022-09-24T05:45:13	100821.8	20.0	33.2	13.2	100912.5	9.3	7.9	3661.0	3600	3661.0
2022-09-24T06:45:19	100821.1	19.6	33.2	13.2	100915.0	8.9	7.9	3573.0	3600	3573.0
2022-09-24T07:45:23	100830.1	19.8	33.2	13.3	100917.5	10.4	8.5	3532.0	3600	3532.0
2022-09-24T08:45:31	100851.1	20.6	33.1	13.5	100942.5	12.1	8.8	3555.0	3600	3555.0
2022-09-24T09:45:34	100875.9	21.4	33.0	14.1	100960.0	14.1	9.6	3292.0	3600	3292.0
2022-09-24T10:45:43	100876.9	23.0	32.6	14.0	100957.5	15.2	9.5	3380.0	3600	3380.0
2022-09-24T11:45:44	100883.0	23.3	32.6	14.1	100967.5	15.0	9.5	3581.0	3600	3581.0
2022-09-24T12:45:47	100873.3	23.6	32.8	14.2	100952.5	16.4	10.2	3289.0	3600	3289.0
2022-09-24T13:45:48	100863.7	25.0	32.5	14.2	100942.5	17.2	10.1	3582.0	3600	3582.0
2022-09-24T14:45:53	100845.9	25.6	32.4	14.2	100932.5	16.0	9.6	3550.0	3600	3550.0
2022-09-24T15:45:55	100835.0	25.6	32.7	13.8	100920.0	15.8	9.4	3635.0	3600	3635.0
2022-09-24T16:46:03	100831.1	24.9	33.2	13.7	100922.5	15.0	9.6	3634.0	3600	3634.0
2022-09-24T17:46:04	100828.3	24.4	33.6	13.6	100925.0	14.2	9.5	3570.0	3600	3570.0
2022-09-24T18:46:11	100849.2	23.9	33.8	13.4	100947.5	13.6	9.4	3464.0	3600	3464.0
2022-09-24T19:46:12	100873.3	23.6	33.6	13.4	100972.5	13.2	9.2	3562.0	3600	3562.0
2022-09-24T20:46:18	100887.4	23.3	33.5	13.4	100982.5	12.9	9.2	3622.0	3600	3622.0
2022-09-24T21:46:22	100875.9	22.7	33.4	13.3	100965.0	12.5	9.4	3519.0	3600	3519.0
2022-09-24T22:46:25	100864.8	22.4	33.4	13.3	100955.0	12.5	9.3	3440.0	3600	3440.0
2022-09-24T23:46:28	100861.6	22.1	33.4	13.3	100947.5	11.9	9.3	3554.0	3600	3554.0
2022-09-25T00:46:29	100835.7	21.8	33.5	13.2	100925.0	11.8	9.3	3588.0	3600	3588.0
2022-09-25T01:46:40	100814.1	21.6	33.5	13.2	100902.5	11.6	9.3	3605.0	3600	3605.0
2022-09-25T02:46:43	100783.8	21.3	33.6	13.2	100872.5	11.6	9.0	3549.0	3600	3549.0
2022-09-25T03:46:47	100773.3	21.0	33.7	13.2	100860.0	10.3	8.9	3648.0	3600	3648.0
2022-09-25T04:46:48	100754.6	20.5	33.8	13.2	100837.5	9.6	8.7	3596.0	3600	3596.0
2022-09-25T05:46:57	100751.7	20.3	33.7	13.1	100832.5	9.8	9.0	3519.0	3600	3519.0
2022-09-25T06:46:58	100760.5	20.2	33.6	13.1	100842.5	10.2	9.3	3488.0	3600	3488.0
2022-09-25T07:47:06	100754.4	20.3	33.5	13.1	100832.5	11.0	9.8	3737.0	3600	3737.0
2022-09-25T08:47:12	100758.1	20.8	33.4	13.3	100837.5	12.5	9.9	3559.0	3600	3559.0
2022-09-25T09:47:14	100751.1	21.8	33.1	13.9	100822.5	13.8	9.9	3386.0	3600	3386.0
2022-09-25T10:47:15	100734.8	23.3	32.7	14.2	100807.5	15.1	10.4	3446.0	3600	3446.0
2022-09-25T11:47:20	100707.8	25.0	32.2	14.1	100775.0	16.9	10.8	3402.0	3600	3402.0
2022-09-25T12:47:25	100683.2	26.7	32.1	14.0	100750.0	18.0	10.8	3673.0	3600	3673.0
2022-09-25T13:47:28	100636.7	29.0	31.8	14.0	100697.5	18.6	10.7	3552.0	3600	3552.0
2022-09-25T14:47:34	100612.5	28.6	32.0	14.1	100685.0	17.4	10.2	3624.0	3600	3624.0
2022-09-25T15:47:35	100570.5	27.8	32.8	14.0	100647.5	17.6	10.4	3599.0	3600	3599.0
2022-09-25T16:47:37	100537.5	27.4	33.1	13.7	100620.0	16.6	10.4	3628.0	3600	3628.0
2022-09-25T17:47:43	100519.4	26.6	33.7	13.7	100607.5	15.1	10.1	3699.0	3600	3699.0
2022-09-25T18:47:52	100514.5	25.6	34.1	13.6	100605.0	13.8	9.8	3709.0	3600	3709.0
2022-09-25T19:47:56	100519.9	24.8	34.2	13.5	100610.0	13.1	9.7	3618.0	3600	3618.0
2022-09-25T20:47:59	100513.6	24.3	34.3	13.5	100600.0	12.7	9.8	3694.0	3600	3694.0
2022-09-25T21:48:03	100490.4	23.8	34.4	13.4	100577.5	12.1	9.7	3694.0	3600	3694.0
2022-09-25T22:48:07	100462.2	23.3	34.7	13.3	100542.5	12.1	9.7	3812.0	3600	3812.0
2022-09-25T23:48:14	100434.4	23.0	34.9	13.3	100520.0	11.7	9.4	3648.0	3600	3648.0
2022-09-26T00:48:22	100409.8	22.6	35.0	13.2	100492.5	11.3	9.4	3820.0	3600	3820.0
2022-09-26T01:48:25	100367.8	22.1	35.0	13.3	100447.5	10.5	9.1	3712.0	3600	3712.0
2022-09-26T02:48:39	100313.6	21.6	34.9	13.2	100390.0	10.1	9.0	3782.0	3600	3782.0
2022-09-26T03:48:44	100253.0	21.3	34.7	13.2	100332.5	10.2	8.9	3835.0	3600	3835.0
2022-09-26T04:48:50	100214.8	20.9	34.5	13.2	100295.0	9.4	8.7	3834.0	3600	3834.0
2022-09-26T05:48:52	100167.2	20.4	34.4	13.2	100240.0	8.4	8.2	3785.0	3600	3785.0
2022-09-26T06:49:02	100133.5	19.8	34.3	13.2	100207.5	8.4	8.3	3783.0	3600	3783.0
2022-09-26T07:49:05	100099.7	20.2	34.4	13.3	100174.0	10.8	9.5	3808.0	3600	3808.0
2022-09-26T08:49:13	100070.2	21.9	34.2	14.1	100140.0	13.3	9.7	3554.0	3600	3554.0
2022-09-26T09:49:26	100049.4	23.6	33.9	14.2	100120.0	15.1	9.3	3797.0	3600	3797.0
2022-09-26T10:49:28	99994.3	25.0	33.5	14.2	100060.0	16.6	9.1	3747.0	3600	3747.0
2022-09-26T11:49:31	99940.6	25.0	33.5	14.1	100015.0	15.7	8.7	3845.0	3600	3845.0
2022-09-26T12:49:33	99876.7	25.1	33.5	14.2	99945.0	16.9	8.9	3686.0	3600	3686.0
2022-09-26T13:49:38	99803.5	25.6	33.0	14.1	99877.5	16.8	8.7	3538.0	3600	3538.0
2022-09-26T14:49:43	99735.6	26.0	32.6	14.0	99820.0	16.5	8.1	3643.0	3600	3643.0
2022-09-26T15:49:44	99680.5	26.0	32.3	14.0	99765.0	16.7	8.3	3400.0	3600	3400.0
2022-09-26T16:49:53	99621.3	26.2	31.8	13.9	99712.5	16.3	8.1	3899.0	3600	3899.0
2022-09-26T17:50:01	99571.4	25.3	32.0	13.6	99672.0	13.4	7.8	4114.0	3600	4114.0
2022-09-26T18:50:02	99539.0	24.4	32.3	13.6	99640.0	12.8	7.7	3953.0	3600	3953.0
2022-09-26T19:50:10	99512.2	23.9	32.3	13.5	99617.5	12.8	8.0	3998.0	3600	3998.0
2022-09-26T20:50:17	99482.1	23.6	32.3	13.4	99582.5	12.4	8.0	4120.0	3600	4120.0
2022-09-26T21:50:19	99425.7	23.2	32.4	13.4	99525.0	12.1	8.1	4118.0	3600	4118.0
2022-09-26T22:50:20	99369.6	22.9	32.5	13.3	99465.0	11.9	8.1	4027.0	3600	4027.0
2022-09-26T23:50:22	99293.1	22.6	32.6	13.3	99385.0	11.7	8.1	4028.0	3600	4028.0
2022-09-27T00:50:26	99201.3	22.3	32.8	13.2	99295.0	11.6	8.1	4182.0	3600	4182.0
2022-09-27T01:50:34	99128.8	22.1	33.0	13.2	99225.0	11.5	8.1	4149.0	3600	4149.0
2022-09-27T02:50:37	99060.0	21.9	33.2	13.2	99150.0	11.5	8.2	4226.0	3600	4226.0
2022-09-27T03:50:42	98994.2	21.6	33.4	13.2	99087.5	11.3	8.4	4095.0	3600	4095.0
2022-09-27T04:50:46	98949.3	21.2	33.6	13.2	99042.5	10.8	8.5	4029.0	3600	4029.0
2022-09-27T05:50:50	98903.4	20.8	33.7	13.1	99000.0	10.4	8.7	4065.0	3600	4065.0
2022-09-27T06:50:53	98897.7	20.5	33.9	13.2	98992.5	10.2	8.9	4028.0	3600	4028.0
2022-09-27T07:50:55	98890.3	20.4	34.2	13.2	98985.0	10.7	9.2	4115.0	3600	4115.0
2022-09-27T08:50:56	98899.6	20.5	34.7	13.3	98992.5	11.4	9.5	3975.0	3600	3975.0
2022-09-27T09:50:59	98914.3	20.8	34.9	13.4	99005.0	12.3	9.8	3876.0	3600	3876.0
2022-09-27T10:51:02	98921.1	21.3	35.0	13.6	99010.0	13.1	10.0	4010.0	3600	4010.0
2022-09-27T11:51:09	98909.4	21.8	35.0	13.9	98995.0	13.8	9.8	3868.0	3600	3868.0
2022-09-27T12:51:17	98962.7	21.3	35.6	13.7	99052.5	10.8	9.4	4016.0	3600	4016.0
2022-09-27T13:51:25	98977.2	20.9	37.0	14.2	99060.0	12.4	9.6	3770.0	3600	3770.0
2022-09-27T14:51:29	99008.3	21.1	38.2	14.1	99097.5	12.3	9.4	3830.0	3600	3830.0
2022-09-27T15:51:32	99042.9	21.2	39.0	13.9	99135.0	12.2	9.1	3796.0	3600	3796.0
2022-09-27T16:51:35	99099.2	20.9	38.8	13.6	99190.0	11.0	8.9	3930.0	3600	3930.0
2022-09-27T17:51:37	99146.1	20.4	38.3	13.6	99237.5	10.2	8.6	3945.0	3600	3945.0
2022-09-27T18:51:38	99171.2	19.6	38.0	13.4	99265.0	9.0	8.2	3859.0	3600	3859.0
2022-09-27T19:51:47	99218.2	19.0	37.7	13.4	99310.0	8.8	7.8	3988.0	3600	3988.0
2022-09-27T20:51:50	99235.7	18.6	37.4	13.3	99325.0	8.7	7.6	3939.0	3600	3939.0
2022-09-27T21:51:56	99237.5	18.1	37.2	13.3	99325.0	8.4	7.5	3857.0	3600	3857.0
2022-09-27T22:51:58	99246.0	17.8	37.0	13.2	99340.0	8.2	7.5	3915.0	3600	3915.0
2022-09-27T23:52:01	99258.6	17.5	36.9	13.2	99342.5	8.1	7.7	3946.0	3600	3946.0
2022-09-28T00:52:05	99242.8	17.5	36.8	13.2	99330.0	8.2	7.8	3870.0	3600	3870.0
2022-09-28T01:52:08	99234.4	17.3	36.7	13.1	99320.0	8.2	7.9	3748.0	3600	3748.0
2022-09-28T02:52:17	99210.9	17.3	36.5	13.2	99292.5	8.2	7.9	3913.0	3600	3913.0
2022-09-28T03:52:25	99185.3	17.2	36.4	13.1	99265.0	8.1	7.8	3822.0	3600	3822.0
2022-09-28T04:52:27	99151.2	17.0	36.3	13.1	99230.0	7.5	7.6	3851.0	3600	3851.0
2022-09-28T05:52:28	99120.6	16.6	36.2	13.1	99197.5	7.0	7.5	3870.0	3600	3870.0
2022-09-28T06:52:37	99114.9	16.6	36.1	13.1	99192.5	7.5	7.9	3928.0	3600	3928.0
2022-09-28T07:52:41	99090.2	16.8	36.0	13.3	99167.5	8.8	8.3	3907.0	3600	3907.0
2022-09-28T08:52:50	99080.4	17.6	36.1	14.0	99165.0	10.0	8.4	3652.0	3600	3652.0
2022-09-28T09:52:59	99095.3	18.3	36.1	14.2	99182.5	10.8	8.6	3747.0	3600	3747.0
2022-09-28T10:53:01	99113.1	19.2	35.7	13.9	99200.0	11.4	8.5	4050.0	3600	4050.0
2022-09-28T11:53:02	99130.1	19.4	35.6	14.3	99217.5	11.6	8.8	3239.0	3600	3239.0
2022-09-28T12:53:09	99141.4	20.1	35.4	14.3	99222.5	11.7	8.7	3522.0	3600	3522.0
2022-09-28T13:53:12	99148.2	20.2	35.3	14.3	99230.0	11.5	8.8	3935.0	3600	3935.0
2022-09-28T14:53:13	99146.6	20.5	35.1	14.3	99232.5	11.3	8.4	3935.0	3600	3935.0
2022-09-28T15:53:14	99180.3	20.7	35.0	14.0	99272.5	11.1	8.3	3993.0	3600	3993.0
2022-09-28T16:53:16	99226.1	20.4	35.2	13.8	99320.0	9.9	8.1	3910.0	3600	3910.0
2022-09-28T17:53:22	99265.1	19.7	35.4	13.6	99362.5	8.9	8.0	3866.0	3600	3866.0
2022-09-28T18:53:28	99308.2	19.2	35.3	13.5	99395.0	8.6	8.0	3841.0	3600	3841.0
2022-09-28T19:53:33	99345.1	18.9	35.2	13.4	99435.0	8.6	8.1	3932.0	3600	3932.0
2022-09-28T20:53:38	99386.5	18.6	35.0	13.4	99472.5	8.2	7.9	3739.0	3600	3739.0
2022-09-28T21:53:40	99424.3	18.2	35.0	13.3	99512.5	8.0	7.9	3972.0	3600	3972.0
2022-09-28T22:53:41	99473.2	17.9	35.0	13.3	99560.0	7.9	7.9	3806.0	3600	3806.0
2022-09-28T23:53:46	99503.2	17.7	34.9	13.2	99587.5	8.0	8.0	3887.0	3600	3887.0
2022-09-29T00:53:49	99516.5	17.6	34.9	13.2	99597.5	8.0	8.0	3954.0	3600	3954.0
2022-09-29T01:53:50	99517.5	17.5	34.9	13.2	99600.0	7.8	7.9	3860.0	3600	3860.0
2022-09-29T02:53:54	99534.6	17.2	34.9	13.2	99620.0	7.2	7.6	3889.0	3600	3889.0
2022-09-29T03:53:55	99571.8	16.9	34.9	13.1	99655.0	7.0	7.6	3822.0	3600	3822.0
2022-09-29T04:53:57	99592.1	16.8	34.8	13.2	99670.0	7.1	7.7	3825.0	3600	3825.0
2022-09-29T05:53:58	99620.4	16.6	34.8	13.1	99702.5	7.2	7.7	3907.0	3600	3907.0
2022-09-29T06:54:08	99649.0	16.6	34.8	13.1	99730.0	7.2	7.8	3838.0	3600	3838.0
2022-09-29T07:54:11	99678.4	16.7	34.7	13.1	99762.0	8.3	8.2	3818.0	3600	3818.0
2022-09-29T08:54:15	99713.3	17.2	34.7	13.2	99796.7	9.2	8.3	3865.0	3600	3865.0
2022-09-29T09:54:20	99755.9	18.0	34.6	13.8	99837.5	10.7	8.7	3766.0	3600	3766.0
2022-09-29T10:54:21	99794.8	20.0	34.5	14.2	99872.5	12.9	9.2	3778.0	3600	3778.0
2022-09-29T11:54:23	99819.5	21.6	34.2	14.2	99902.5	13.6	8.8	3796.0	3600	3796.0
2022-09-29T12:54:27	99845.0	22.4	34.3	14.1	99932.5	13.5	8.2	3723.0	3600	3723.0
2022-09-29T13:54:32	99862.4	22.5	34.1	14.1	99947.5	14.4	8.6	3667.0	3600	3667.0
2022-09-29T14:54:47	99876.0	24.1	33.6	14.1	99962.5	15.9	8.3	3603.0	3600	3603.0
2022-09-29T15:54:51	99905.5	25.5	32.8	14.2	99997.5	15.5	8.0	3592.0	3600	3592.0
2022-09-29T16:54:55	99939.6	24.7	33.0	13.9	100035.0	15.3	7.8	3940.0	3600	3940.0
2022-09-29T17:54:57	99980.9	23.8	33.3	13.7	100090.0	12.1	7.5	3864.0	3600	3864.0
2022-09-29T18:54:59	100068.4	22.4	33.8	13.6	100177.5	8.7	7.2	3836.0	3600	3836.0
2022-09-29T19:55:03	100116.9	21.3	33.9	13.5	100217.5	7.8	7.1	3871.0	3600	3871.0
2022-09-29T20:55:04	100140.8	20.5	33.8	13.4	100242.5	7.4	7.1	3823.0	3600	3823.0
2022-09-29T21:55:07	100184.9	19.8	33.8	13.4	100282.5	6.4	6.9	3912.0	3600	3912.0
2022-09-29T22:55:09	100247.8	19.1	33.7	13.3	100342.5	5.8	6.8	3834.0	3600	3834.0
2022-09-29T23:55:13	100290.3	18.5	33.6	13.3	100382.5	5.3	6.7	3745.0	3600	3745.0
2022-09-30T00:55:17	100323.6	17.8	33.6	13.3	100412.5	5.0	6.6	3812.0	3600	3812.0
2022-09-30T01:55:23	100342.4	17.2	33.5	13.2	100427.5	5.0	6.7	3629.0	3600	3629.0
2022-09-30T02:55:30	100365.1	16.7	33.5	13.2	100447.5	4.0	6.2	3495.0	3600	3495.0
2022-09-30T03:55:31	100374.7	16.1	33.5	13.2	100455.0	4.0	6.3	3790.0	3600	3790.0
2022-09-30T04:55:38	100406.3	15.6	33.5	13.2	100487.5	4.5	6.5	3571.0	3600	3571.0
2022-09-30T05:55:42	100450.1	15.3	33.5	13.1	100537.5	4.0	6.3	3682.0	3600	3682.0
2022-09-30T06:55:44	100520.8	14.7	33.5	13.1	100602.5	3.8	6.2	3665.0	3600	3665.0
2022-09-30T07:55:48	100564.1	14.9	33.8	13.2	100650.0	5.8	7.1	3575.0	3600	3575.0
2022-09-30T08:55:50	100621.6	16.3	33.9	14.1	100702.5	8.8	8.2	3548.0	3600	3548.0
2022-09-30T09:55:51	100655.1	18.7	33.6	14.3	100740.0	11.8	9.0	3578.0	3600	3578.0
2022-09-30T10:55:58	100693.3	21.2	33.1	14.2	100765.0	14.7	9.3	3460.0	3600	3460.0
2022-09-30T11:56:02	100673.5	22.5	33.1	14.2	100745.0	16.3	9.5	3589.0	3600	3589.0
2022-09-30T12:56:12	100647.9	24.2	33.3	14.2	100717.5	17.5	9.1	3560.0	3600	3560.0
2022-09-30T13:56:18	100644.3	26.4	32.5	14.1	100720.0	17.9	8.6	3669.0	3600	3669.0
2022-09-30T14:56:28	100647.6	28.0	31.6	14.1	100727.5	17.9	8.2	3654.0	3600	3654.0
2022-09-30T15:56:34	100641.8	27.8	31.6	13.9	100727.5	16.8	7.7	3465.0	3600	3465.0
2022-09-30T16:56:37	100651.3	26.3	32.5	14.0	100737.5	16.4	8.4	3708.0	3600	3708.0
2022-09-30T17:56:40	100657.4	25.9	32.9	13.7	100752.5	15.0	7.9	3657.0	3600	3657.0
2022-09-30T18:56:43	100659.7	24.6	33.3	13.6	100765.0	9.8	7.5	3716.0	3600	3716.0
2022-09-30T19:56:52	100667.2	23.1	33.6	13.5	100768.0	8.5	7.3	3622.0	3600	3622.0
2022-09-30T20:56:53	100669.2	22.1	33.5	13.4	100770.0	7.8	7.2	3559.0	3600	3559.0
2022-09-30T21:56:54	100666.6	21.4	33.4	13.4	100760.0	7.5	7.2	3724.0	3600	3724.0
2022-09-30T22:56:58	100644.9	20.9	33.4	13.3	100737.5	8.2	7.4	3602.0	3600	3602.0
2022-09-30T23:57:01	100648.9	20.5	33.4	13.3	100740.0	7.9	7.2	3685.0	3600	3685.0
2022-10-01T00:57:05	100606.6	19.9	33.4	13.3	100692.5	6.9	7.1	3475.0	3600	3475.0
2022-10-01T01:57:09	100569.2	19.3	33.4	13.2	100650.0	6.8	7.1	3686.0	3600	3686.0
2022-10-01T02:57:10	100521.2	18.9	33.4	13.1	100603.3	7.0	7.2	3549.0	3600	3549.0
2022-10-01T03:57:12	100484.7	18.7	33.5	13.2	100572.5	7.2	7.2	3680.0	3600	3680.0
2022-10-01T04:57:15	100443.4	18.4	33.6	13.2	100522.5	7.5	7.2	3659.0	3600	3659.0
2022-10-01T05:57:20	100390.9	18.1	34.0	13.1	100472.5	7.8	7.4	3688.0	3600	3688.0
2022-10-01T06:57:28	100354.3	18.0	34.5	13.1	100432.5	8.1	7.4	3731.0	3600	3731.0
2022-10-01T07:57:30	100279.4	18.1	35.0	13.2	100358.0	8.8	7.6	3684.0	3600	3684.0
2022-10-01T08:57:36	100189.4	18.3	35.5	13.3	100265.0	10.1	8.0	3752.0	3600	3752.0
2022-10-01T09:57:41	100120.7	19.0	35.8	13.5	100197.5	11.4	8.5	3780.0	3600	3780.0
2022-10-01T10:57:45	100034.6	19.3	36.0	13.6	100112.5	11.4	8.9	3680.0	3600	3680.0
2022-10-01T11:57:46	99984.8	19.1	36.8	13.6	100065.0	10.9	9.1	3699.0	3600	3699.0
2022-10-01T12:57:57	99952.9	19.1	37.2	13.5	100032.5	11.0	9.1	3724.0	3600	3724.0
2022-10-01T13:58:04	99930.7	19.1	37.7	13.5	100010.0	11.0	9.4	3746.0	3600	3746.0
2022-10-01T14:58:08	99921.9	19.6	38.1	13.6	100002.5	12.4	9.8	3810.0	3600	3810.0
2022-10-01T15:58:15	99926.5	20.0	38.5	13.5	100012.5	12.7	9.8	3754.0	3600	3754.0
2022-10-01T16:58:17	99944.4	20.1	38.9	13.4	100025.0	13.2	9.9	3783.0	3600	3783.0
2022-10-01T17:58:20	99974.6	20.2	39.0	13.4	100067.5	12.3	9.6	3742.0	3600	3742.0
2022-10-01T18:58:23	100006.6	20.0	38.9	13.2	100095.0	12.5	9.8	3828.0	3600	3828.0
2022-10-01T19:58:25	100113.3	20.1	39.6	13.2	100210.0	12.2	9.9	3624.0	3600	3624.0
2022-10-01T20:58:28	100227.8	19.9	41.2	13.1	100322.5	11.2	9.3	3651.0	3600	3651.0
2022-10-01T21:58:30	100317.6	19.5	41.6	13.1	100410.0	10.3	9.0	3678.0	3600	3678.0
2022-10-01T22:58:32	100402.4	19.2	41.7	13.1	100492.5	10.4	9.1	3500.0	3600	3500.0
2022-10-01T23:58:34	100507.5	19.0	41.7	13.1	100597.5	10.1	8.9	3616.0	3600	3616.0
2022-10-02T00:58:36	100581.3	18.8	41.5	13.0	100665.0	10.2	9.0	3528.0	3600	3528.0
2022-10-02T01:58:41	100633.4	18.8	41.2	13.1	100720.0	9.9	8.8	3493.0	3600	3493.0
2022-10-02T02:58:49	100671.8	18.5	40.9	13.1	100757.5	9.6	8.6	3430.0	3600	3430.0
2022-10-02T03:58:52	100702.7	18.3	40.8	13.1	100782.5	9.8	8.7	3485.0	3600	3485.0
2022-10-02T04:59:01	100733.8	18.3	40.8	13.1	100812.5	10.1	8.7	3537.0	3600	3537.0
2022-10-02T05:59:10	100743.4	18.4	41.0	13.1	100822.5	10.8	8.9	3505.0	3600	3505.0
2022-10-02T06:59:15	100773.6	18.6	41.2	13.1	100857.5	11.0	9.1	3535.0	3600	3535.0
2022-10-02T07:59:23	100803.8	18.8	41.4	13.2	100882.5	11.3	9.3	3495.0	3600	3495.0
2022-10-02T08:59:26	100816.1	19.5	41.5	14.0	100890.0	13.1	9.8	3444.0	3600	3444.0
2022-10-02T09:59:29	100817.6	20.9	42.0	14.2	100887.5	14.5	10.3	3289.0	3600	3289.0
2022-10-02T10:59:35	100815.8	21.9	42.1	14.1	100885.0	15.1	10.4	3186.0	3600	3186.0
2022-10-02T11:59:40	100830.3	22.1	41.9	13.9	100897.5	13.9	10.7	3424.0	3600	3424.0
2022-10-02T12:59:42	100821.6	22.1	42.4	14.0	100885.0	15.0	11.2	3342.0	3600	3342.0
2022-10-02T13:59:45	100824.9	23.3	42.6	14.2	100890.0	16.3	10.8	3501.0	3600	3501.0
2022-10-02T14:59:48	100833.2	24.2	41.0	13.9	100912.5	15.2	9.8	3386.0	3600	3386.0
2022-10-02T15:59:53	100867.3	23.8	40.2	14.2	100950.0	14.8	9.7	3005.0	3600	3005.0
2022-10-02T17:00:01	100890.4	23.6	39.6	13.9	100973.3	15.0	10.1	3540.0	3600	3540.0
2022-10-02T18:00:03	100947.7	23.0	39.7	13.6	101038.0	12.8	9.8	3467.0	3600	3467.0
2022-10-02T19:00:09	101026.9	22.3	39.4	13.5	101120.0	11.3	9.5	3442.0	3600	3442.0
2022-10-02T20:00:10	101096.0	21.7	39.1	13.5	101185.0	10.7	9.2	3370.0	3600	3370.0
2022-10-02T21:00:14	101162.4	21.3	39.0	13.4	101247.5	10.8	9.0	3432.0	3600	3432.0
2022-10-02T22:00:20	101213.9	21.1	39.3	13.4	101295.0	10.9	8.9	3427.0	3600	3427.0
2022-10-02T23:00:23	101262.5	20.9	39.5	13.3	101342.5	10.7	8.9	3527.0	3600	3527.0
2022-10-03T00:00:25	101295.4	20.7	39.5	13.3	101375.0	10.5	8.9	3418.0	3600	3418.0
2022-10-03T01:00:29	101331.6	20.4	39.8	13.3	101415.0	10.2	8.8	3549.0	3600	3549.0
2022-10-03T02:00:38	101377.7	20.2	40.2	13.2	101460.0	10.7	9.1	3476.0	3600	3476.0
2022-10-03T03:00:40	101418.5	20.3	40.7	13.2	101502.5	10.8	9.1	3353.0	3600	3353.0
2022-10-03T04:00:47	101455.1	20.2	41.0	13.2	101535.0	10.8	9.1	3409.0	3600	3409.0
2022-10-03T05:00:52	101481.7	20.1	41.2	13.2	101565.0	10.8	9.1	3288.0	3600	3288.0
2022-10-03T06:00:57	101511.5	20.0	41.4	13.2	101592.5	10.4	8.9	3425.0	3600	3425.0
2022-10-03T07:01:01	101549.5	19.9	41.6	13.2	101635.0	10.8	9.0	3311.0	3600	3311.0
2022-10-03T08:01:09	101604.1	20.3	41.7	13.3	101685.0	11.4	9.1	3450.0	3600	3450.0
2022-10-03T09:01:20	101658.4	20.9	41.4	13.7	101742.5	12.2	9.3	3458.0	3600	3458.0
2022-10-03T10:01:22	101707.6	21.5	41.0	14.2	101785.0	13.3	9.5	3178.0	3600	3178.0
2022-10-03T11:01:27	101723.3	22.4	40.5	14.2	101805.0	14.1	9.7	3131.0	3600	3131.0
2022-10-03T12:01:38	101739.1	23.0	40.0	14.3	101812.5	13.8	9.9	2996.0	3600	2996.0
2022-10-03T13:01:45	101728.4	22.9	40.1	14.2	101802.5	14.4	10.3	3082.0	3600	3082.0
2022-10-03T14:01:54	101712.3	23.4	40.1	14.1	101782.5	15.5	10.0	3209.0	3600	3209.0
2022-10-03T15:02:02	101712.0	24.2	39.1	14.1	101785.0	15.6	9.7	3206.0	3600	3206.0
2022-10-03T16:02:03	101701.0	24.5	38.4	13.8	101775.0	15.3	9.4	3337.0	3600	3337.0
2022-10-03T17:02:09	101688.4	24.0	38.2	13.6	101765.0	14.6	9.9	3430.0	3600	3430.0
2022-10-03T18:02:14	101694.6	23.5	38.6	13.5	101775.0	13.7	10.2	3363.0	3600	3363.0
2022-10-03T19:02:16	101690.5	22.9	39.0	13.4	101770.0	13.4	10.2	3336.0	3600	3336.0
2022-10-03T20:02:19	101695.4	22.5	39.4	13.4	101777.5	13.1	10.1	3311.0	3600	3311.0
2022-10-03T21:02:23	101699.1	22.3	39.5	13.4	101782.5	12.9	10.0	3359.0	3600	3359.0
2022-10-03T22:02:26	101705.2	22.1	39.6	13.3	101785.0	12.8	10.1	3351.0	3600	3351.0
2022-10-03T23:02:32	101706.0	22.0	39.9	13.3	101782.5	12.7	10.1	3228.0	3600	3228.0
2022-10-04T00:02:33	101686.4	21.9	40.2	13.3	101762.5	12.8	10.1	3339.0	3600	3339.0
2022-10-04T01:02:36	101679.3	21.8	40.5	13.3	101760.0	12.7	10.0	3219.0	3600	3219.0
2022-10-04T02:02:44	101701.2	21.7	40.6	13.2	101777.5	12.5	9.9	3266.0	3600	3266.0
2022-10-04T03:02:50	101693.5	21.6	40.5	13.2	101765.0	12.1	9.7	3322.0	3600	3322.0
2022-10-04T04:02:52	101672.9	21.4	40.3	13.2	101747.5	11.9	9.6	3232.0	3600	3232.0
2022-10-04T05:02:54	101659.7	21.2	40.2	13.1	101735.0	11.5	9.5	3314.0	3600	3314.0
2022-10-04T06:03:05	101662.9	21.0	40.1	13.1	101735.0	11.3	9.4	3338.0	3600	3338.0
2022-10-04T07:03:11	101677.3	20.9	40.0	13.2	101752.5	11.7	9.5	3334.0	3600	3334.0
2022-10-04T08:03:13	101697.6	21.0	40.1	13.2	101772.5	12.1	9.8	3247.0	3600	3247.0
2022-10-04T09:03:21	101738.5	21.4	40.0	13.4	101815.0	12.7	10.0	3397.0	3600	3397.0
2022-10-04T10:03:30	101770.5	22.0	39.8	13.5	101842.5	13.0	10.1	3184.0	3600	3184.0
2022-10-04T11:03:35	101768.8	22.6	39.7	14.1	101835.0	14.7	10.6	2909.0	3600	2909.0
2022-10-04T12:03:38	101767.0	24.4	38.9	14.1	101835.0	16.3	10.7	3013.0	3600	3013.0
2022-10-04T13:03:42	101746.4	25.5	38.3	14.1	101805.0	16.7	10.9	2708.0	3600	2708.0
2022-10-04T14:03:47	101709.1	26.7	37.8	14.1	101775.0	17.5	10.5	2767.0	3600	2767.0
2022-10-04T15:03:48	101660.9	27.5	37.1	14.1	101717.5	18.2	10.7	3024.0	3600	3024.0
2022-10-04T16:03:51	101600.1	27.8	36.5	14.0	101660.0	18.2	10.2	2840.0	3600	2840.0
2022-10-04T17:04:03	101578.7	27.1	36.7	13.8	101647.5	17.5	9.8	3487.0	3600	3487.0
2022-10-04T18:04:07	101556.5	26.1	36.9	13.5	101642.0	13.4	9.1	3360.0	3600	3360.0
2022-10-04T19:04:10	101567.1	25.0	36.8	13.5	101660.0	11.4	8.8	3474.0	3600	3474.0
2022-10-04T20:04:15	101557.3	24.4	36.7	13.4	101642.5	10.9	8.7	3445.0	3600	3445.0
2022-10-04T21:04:23	101556.3	23.7	36.5	13.4	101642.5	10.6	8.7	3329.0	3600	3329.0
2022-10-04T22:04:30	101547.7	23.1	36.3	13.4	101627.5	10.3	8.6	3448.0	3600	3448.0
2022-10-04T23:04:40	101524.7	22.7	36.2	13.3	101600.0	10.4	8.6	3404.0	3600	3404.0
2022-10-05T00:04:43	101479.6	22.3	36.1	13.3	101555.0	10.1	8.5	3414.0	3600	3414.0
2022-10-05T01:04:50	101454.5	21.9	36.1	13.2	101535.0	10.5	8.5	3387.0	3600	3387.0
2022-10-05T02:04:52	101449.2	21.6	36.1	13.2	101527.5	10.3	8.4	3491.0	3600	3491.0
2022-10-05T03:05:01	101406.6	21.2	36.0	13.2	101482.5	9.8	8.3	3502.0	3600	3502.0
2022-10-05T04:05:07	101413.2	20.8	36.0	13.2	101495.0	8.7	7.9	3482.0	3600	3482.0
2022-10-05T05:05:17	101368.5	20.4	36.0	13.2	101442.5	8.6	8.1	3470.0	3600	3470.0
2022-10-05T06:05:21	101337.5	20.2	35.9	13.2	101420.0	9.1	8.2	3573.0	3600	3573.0
2022-10-05T07:05:23	101320.8	20.0	36.0	13.2	101402.5	9.4	8.3	3492.0	3600	3492.0
2022-10-05T08:05:24	101324.1	20.2	36.0	13.2	101402.5	11.3	8.9	3454.0	3600	3454.0
2022-10-05T09:05:26	101348.9	21.2	35.9	13.8	101420.0	13.1	9.3	3476.0	3600	3476.0
2022-10-05T10:05:36	101298.5	22.8	35.7	14.2	101365.0	15.3	10.0	2846.0	3600	2846.0
2022-10-05T11:05:44	101258.5	23.9	35.7	14.1	101322.5	17.2	10.5	3444.0	3600	3444.0
2022-10-05T12:05:50	101248.5	25.2	35.5	14.1	101310.0	18.5	11.0	3000.0	3600	3000.0
2022-10-05T13:05:53	101200.8	26.9	35.1	14.1	101262.5	19.5	11.2	3505.0	3600	3505.0
2022-10-05T14:05:57	101161.9	28.6	34.5	14.0	101222.5	20.1	10.8	3514.0	3600	3514.0
2022-10-05T15:06:05	101140.0	29.3	33.9	14.0	101202.5	19.6	10.6	3327.0	3600	3327.0
2022-10-05T16:06:13	101083.2	28.4	34.5	14.1	101145.0	19.5	10.4	3012.0	3600	3012.0
2022-10-05T17:06:20	101070.2	27.7	35.0	13.8	101143.3	18.6	9.9	3631.0	3600	3631.0
2022-10-05T18:06:30	101046.4	27.1	35.2	13.6	101135.0	15.8	9.5	3571.0	3600	3571.0
2022-10-05T19:06:35	101049.7	25.9	35.6	13.6	101142.0	13.6	9.4	3638.0	3600	3638.0
2022-10-05T20:06:40	101048.9	25.2	35.8	13.5	101137.5	13.4	9.6	3552.0	3600	3552.0
2022-10-05T21:06:48	101102.4	24.9	35.8	13.4	101197.5	14.7	9.9	3691.0	3600	3691.0
2022-10-05T22:06:52	101177.3	24.7	35.8	13.4	101265.0	14.7	9.9	3580.0	3600	3580.0
2022-10-05T23:06:59	101216.5	24.5	35.9	13.4	101300.0	14.4	10.0	3624.0	3600	3624.0
2022-10-06T00:07:05	101237.9	24.2	36.0	13.3	101327.5	14.0	10.2	3660.0	3600	3660.0
2022-10-06T01:07:07	101282.6	24.0	36.1	13.3	101370.0	14.0	10.3	3491.0	3600	3491.0
2022-10-06T02:07:10	101322.0	23.8	36.2	13.3	101407.5	14.9	10.6	3451.0	3600	3451.0
2022-10-06T03:07:15	101355.2	23.9	36.6	13.2	101440.0	14.9	10.7	3472.0	3600	3472.0
2022-10-06T04:07:17	101399.4	23.8	36.8	13.2	101487.5	14.9	10.9	3539.0	3600	3539.0
2022-10-06T05:07:18	101531.4	23.8	37.7	13.2	101625.0	15.4	11.3	3484.0	3600	3484.0
2022-10-06T06:07:25	101660.8	23.4	39.1	13.2	101750.0	14.6	10.0	3520.0	3600	3520.0
2022-10-06T07:07:28	101808.9	23.0	39.3	13.2	101907.5	13.7	9.3	3483.0	3600	3483.0
2022-10-06T08:07:34	101956.9	22.7	39.4	13.3	102045.0	14.0	9.8	3380.0	3600	3380.0
2022-10-06T09:07:41	102071.1	23.1	39.8	14.0	102152.5	14.9	9.5	3237.0	3600	3237.0
2022-10-06T10:07:51	102173.7	24.3	38.2	14.1	102262.5	15.9	9.1	3237.0	3600	3237.0
2022-10-06T11:07:53	102245.6	24.9	36.5	14.0	102327.5	16.1	8.7	3368.0	3600	3368.0
2022-10-06T12:07:57	102301.3	25.4	35.3	14.0	102377.5	17.0	8.5	3362.0	3600	3362.0
2022-10-06T13:07:58	102334.6	26.4	33.8	14.0	102407.5	17.2	8.1	3346.0	3600	3346.0
2022-10-06T14:08:06	102352.0	27.6	32.4	14.0	102427.5	17.5	7.8	3292.0	3600	3292.0
2022-10-06T15:08:15	102371.6	28.4	30.9	14.0	102447.5	17.8	7.8	3085.0	3600	3085.0
2022-10-06T16:08:23	102391.7	27.9	30.5	14.0	102470.0	17.8	7.7	2946.0	3600	2946.0
2022-10-06T17:08:33	102409.1	27.2	30.8	13.8	102495.0	16.6	7.7	3520.0	3600	3520.0
2022-10-06T18:08:36	102437.6	26.3	31.2	13.6	102545.0	13.6	7.4	3403.0	3600	3403.0
2022-10-06T19:08:40	102470.1	25.2	31.9	13.5	102572.5	11.2	7.3	3404.0	3600	3404.0
2022-10-06T20:08:43	102487.4	24.2	32.2	13.5	102590.0	8.7	7.3	3348.0	3600	3348.0
2022-10-06T21:08:50	102513.0	23.2	32.3	13.4	102612.5	8.7	7.4	3316.0	3600	3316.0
2022-10-06T22:08:53	102536.8	22.3	32.4	13.4	102632.5	7.5	7.3	3406.0	3600	3406.0
2022-10-06T23:08:55	102523.9	21.5	32.5	13.4	102612.5	7.5	7.3	3263.0	3600	3263.0
2022-10-07T00:08:56	102496.1	20.7	32.5	13.3	102585.0	7.1	7.1	3422.0	3600	3422.0
2022-10-07T01:09:01	102474.7	20.0	32.6	13.2	102560.0	6.6	7.0	3362.0	3600	3362.0
2022-10-07T02:09:11	102454.0	19.3	32.6	13.3	102535.0	6.0	6.9	3400.0	3600	3400.0
2022-10-07T03:09:21	102392.2	18.6	32.6	13.2	102467.5	5.8	6.8	3443.0	3600	3443.0
2022-10-07T04:09:26	102333.2	18.1	32.7	13.2	102407.5	5.2	6.6	3485.0	3600	3485.0
2022-10-07T05:09:31	102285.4	17.5	32.7	13.2	102360.0	4.6	6.4	3391.0	3600	3391.0
2022-10-07T06:09:34	102238.9	16.9	32.8	13.2	102310.0	4.1	6.2	3389.0	3600	3389.0
2022-10-07T07:09:38	102197.9	16.4	32.8	13.2	102267.5	4.0	6.2	3341.0	3600	3341.0
2022-10-07T08:09:39	102183.3	16.8	33.0	13.2	102257.5	7.2	7.6	3509.0	3600	3509.0
2022-10-07T09:09:41	102179.1	18.1	33.2	14.2	102245.0	10.4	8.5	3399.0	3600	3399.0
2022-10-07T10:09:45	102129.3	20.6	32.9	14.2	102195.0	13.9	9.3	3528.0	3600	3528.0
2022-10-07T11:09:51	102058.1	22.5	32.9	14.1	102115.0	16.5	9.1	3416.0	3600	3416.0
2022-10-07T12:09:54	101976.8	23.7	33.3	14.1	102035.0	17.4	8.4	3473.0	3600	3473.0
2022-10-07T13:10:01	101863.8	25.5	33.2	14.1	101922.5	18.3	8.4	3519.0	3600	3519.0
2022-10-07T14:10:05	101763.9	27.5	32.3	14.0	101827.5	18.9	8.0	3564.0	3600	3564.0
2022-10-07T15:10:09	101699.4	28.6	31.5	14.0	101767.5	18.4	7.6	3419.0	3600	3419.0
2022-10-07T16:10:10	101605.0	27.7	32.0	14.0	101677.5	18.3	7.4	3285.0	3600	3285.0
2022-10-07T17:10:22	101547.3	26.7	32.8	13.8	101625.0	18.2	7.8	3727.0	3600	3727.0
2022-10-07T18:10:25	101515.2	25.8	33.2	13.6	101617.5	12.3	7.4	3597.0	3600	3597.0
2022-10-07T19:10:28	101493.2	24.3	33.7	13.5	101595.0	10.5	7.2	3718.0	3600	3718.0
2022-10-07T20:10:29	101439.8	23.3	33.8	13.5	101537.5	8.9	7.3	3692.0	3600	3692.0
2022-10-07T21:10:38	101389.8	22.4	33.6	13.4	101490.0	8.4	7.3	3769.0	3600	3769.0
2022-10-07T22:10:42	101356.5	21.9	33.5	13.4	101447.5	8.7	7.5	3797.0	3600	3797.0
2022-10-07T23:10:45	101306.4	21.5	33.5	13.3	101392.5	8.1	7.5	3696.0	3600	3696.0
2022-10-08T00:10:48	101233.3	20.9	33.5	13.3	101315.0	7.8	7.6	3725.0	3600	3725.0
2022-10-08T01:10:54	101181.3	20.3	33.5	13.3	101267.5	7.2	7.3	3769.0	3600	3769.0
2022-10-08T02:10:58	101158.8	19.6	33.5	13.2	101240.0	5.9	6.9	3650.0	3600	3650.0
2022-10-08T03:11:01	101120.2	19.1	33.5	13.2	101202.5	6.9	7.5	3662.0	3600	3662.0
2022-10-08T04:11:09	101088.5	18.9	33.5	13.2	101172.5	8.0	8.2	3621.0	3600	3621.0
2022-10-08T05:11:14	101097.1	18.8	33.6	13.2	101182.5	8.7	8.5	3813.0	3600	3813.0
2022-10-08T06:11:15	101089.3	18.7	33.7	13.2	101170.0	8.9	8.4	3635.0	3600	3635.0
2022-10-08T07:11:17	101096.9	18.5	33.8	13.2	101177.5	9.0	8.3	3830.0	3600	3830.0
2022-10-08T08:11:19	101125.5	18.6	34.0	13.5	101208.0	10.4	8.7	3571.0	3600	3571.0
2022-10-08T09:11:20	101174.8	20.0	34.3	14.8	101250.0	13.1	9.2	3653.0	3600	3653.0
2022-10-08T10:11:23	101202.0	21.9	34.5	14.4	101277.5	14.5	9.3	3549.0	3600	3549.0
2022-10-08T11:11:27	101237.5	22.6	35.3	14.6	101315.0	15.1	9.4	3475.0	3600	3475.0
2022-10-08T12:11:32	101274.2	22.8	35.7	13.8	101355.0	14.4	9.4	3721.0	3600	3721.0
2022-10-08T13:11:37	101289.4	22.4	36.5	14.1	101367.5	14.0	10.1	3474.0	3600	3474.0
2022-10-08T14:11:45	101292.4	22.9	37.0	14.0	101365.0	14.6	9.4	3630.0	3600	3630.0
2022-10-08T15:11:50	101301.0	24.0	36.5	14.0	101377.5	15.4	9.0	3460.0	3600	3460.0
2022-10-08T16:11:54	101330.1	23.7	35.8	13.8	101425.0	14.0	8.3	3682.0	3600	3682.0
2022-10-08T17:12:02	101421.6	22.2	36.3	13.6	101517.5	10.6	8.6	3762.0	3600	3762.0
2022-10-08T18:12:07	101484.0	21.3	36.5	13.5	101587.5	10.2	8.5	3754.0	3600	3754.0
2022-10-08T19:12:13	101585.6	20.6	36.6	13.4	101680.0	9.2	8.2	3603.0	3600	3603.0
2022-10-08T20:12:17	101674.2	19.8	36.5	13.3	101770.0	8.6	8.0	3622.0	3600	3622.0
2022-10-08T21:12:20	101747.8	19.3	36.5	13.3	101835.0	9.1	8.1	3519.0	3600	3519.0
2022-10-08T22:12:29	101813.2	19.1	36.8	13.3	101900.0	8.9	7.9	3563.0	3600	3563.0
2022-10-08T23:12:33	101870.3	18.6	36.9	13.3	101957.5	8.1	7.7	3481.0	3600	3481.0
2022-10-09T00:12:39	101909.1	18.1	36.9	13.2	101990.0	7.5	7.5	3481.0	3600	3481.0
2022-10-09T01:12:44	101935.2	17.6	36.8	13.2	102015.0	6.7	7.3	3509.0	3600	3509.0
2022-10-09T02:12:48	101975.3	17.0	36.6	13.2	102055.0	6.4	7.2	3411.0	3600	3411.0
2022-10-09T03:12:51	102025.8	16.5	36.4	13.2	102105.0	5.9	7.0	3434.0	3600	3434.0
2022-10-09T04:12:58	102049.4	16.0	36.3	13.1	102125.0	5.5	6.9	3513.0	3600	3513.0
2022-10-09T05:13:04	102071.8	15.3	36.0	13.1	102145.0	3.8	6.2	3395.0	3600	3395.0
2022-10-09T06:13:07	102104.5	14.7	36.0	13.1	102178.0	4.3	6.4	3445.0	3600	3445.0
2022-10-09T07:13:08	102145.4	14.2	35.8	13.1	102216.7	3.7	6.2	3417.0	3600	3417.0
2022-10-09T08:13:11	102200.8	14.5	35.9	13.2	102270.0	6.4	7.5	3396.0	3600	3396.0
2022-10-09T09:13:14	102236.7	15.8	36.0	14.1	102307.5	8.5	8.4	3150.0	3600	3150.0
2022-10-09T10:13:17	102266.9	17.9	35.9	14.3	102340.0	11.2	9.0	3379.0	3600	3379.0
2022-10-09T11:13:18	102260.9	19.7	35.8	14.2	102322.5	13.5	9.8	3346.0	3600	3346.0
2022-10-09T12:13:23	102230.3	21.2	36.0	14.2	102292.5	15.2	10.1	3346.0	3600	3346.0
2022-10-09T13:13:26	102171.9	23.9	35.2	14.1	102232.5	16.2	9.7	3381.0	3600	3381.0
2022-10-09T14:13:37	102115.3	25.9	34.2	14.1	102180.0	16.6	8.7	3332.0	3600	3332.0
2022-10-09T15:13:38	102061.8	26.9	33.3	14.2	102132.5	16.1	8.4	3177.0	3600	3177.0
2022-10-09T16:13:50	102016.0	26.2	33.6	14.2	102085.0	16.2	8.2	3217.0	3600	3217.0
2022-10-09T17:13:53	101974.7	25.0	34.2	13.9	102050.0	15.7	8.0	3555.0	3600	3555.0
2022-10-09T18:13:59	101944.4	24.0	34.5	13.6	102037.5	11.3	7.5	3652.0	3600	3652.0
2022-10-09T19:14:04	101929.4	22.7	34.7	13.5	102020.0	9.7	7.5	3592.0	3600	3592.0
2022-10-09T20:14:08	101895.4	21.9	34.6	13.5	101982.5	8.7	7.4	3540.0	3600	3540.0
2022-10-09T21:14:21	101844.7	21.1	34.4	13.4	101930.0	7.9	7.2	3637.0	3600	3637.0
2022-10-09T22:14:29	101810.9	20.5	34.3	13.3	101895.0	7.7	7.1	3626.0	3600	3626.0
2022-10-09T23:14:30	101771.3	19.9	34.2	13.3	101852.5	7.3	7.0	3563.0	3600	3563.0
2022-10-10T00:14:43	101719.0	19.4	34.2	13.3	101795.0	6.9	6.9	3593.0	3600	3593.0
2022-10-10T01:14:45	101675.6	18.9	34.3	13.2	101755.0	6.9	6.9	3465.0	3600	3465.0
2022-10-10T02:14:46	101620.6	18.4	34.4	13.2	101692.0	6.2	6.7	3655.0	3600	3655.0
2022-10-10T03:14:50	101565.7	17.9	34.5	13.2	101636.7	5.8	6.6	3588.0	3600	3588.0
2022-10-10T04:14:56	101498.4	17.4	34.6	13.1	101567.5	5.6	6.6	3598.0	3600	3598.0
2022-10-10T05:15:02	101438.1	17.1	34.8	13.2	101506.7	5.5	6.5	3653.0	3600	3653.0
2022-10-10T06:15:03	101369.3	16.7	34.9	13.1	101436.0	5.1	6.4	3777.0	3600	3777.0
2022-10-10T07:15:04	101314.4	16.3	35.0	13.1	101388.0	5.2	6.5	3731.0	3600	3731.0
2022-10-10T08:15:05	101284.1	16.6	35.2	13.5	101355.0	7.1	7.0	3699.0	3600	3699.0
2022-10-10T09:15:06	101262.3	17.8	35.3	14.2	101337.5	10.5	7.9	3530.0	3600	3530.0
2022-10-10T10:15:09	101222.7	19.6	35.2	14.2	101295.0	12.3	8.1	3703.0	3600	3703.0
2022-10-10T11:15:11	101175.3	20.6	35.3	14.2	101245.0	14.4	8.6	3629.0	3600	3629.0
2022-10-10T12:15:19	101134.1	22.1	35.2	14.2	101210.0	15.8	8.7	3666.0	3600	3666.0
2022-10-10T13:15:20	101107.6	24.1	34.4	14.1	101182.5	16.8	9.1	3623.0	3600	3623.0
2022-10-10T14:15:31	101064.8	26.2	33.3	14.2	101135.0	17.6	9.4	3888.0	3600	3888.0
2022-10-10T15:15:40	101031.5	26.6	33.0	14.2	101102.5	17.8	9.5	3263.0	3600	3263.0
2022-10-10T16:15:47	101002.2	25.9	33.7	14.1	101080.0	17.5	9.5	3554.0	3600	3554.0
2022-10-10T17:15:52	101017.8	25.1	34.3	13.7	101107.5	14.8	9.1	3818.0	3600	3818.0
2022-10-10T18:15:54	101034.2	24.1	34.9	13.6	101132.5	11.4	8.6	3785.0	3600	3785.0
2022-10-10T19:15:56	101078.3	23.3	35.1	13.5	101172.5	11.8	8.9	3781.0	3600	3781.0
2022-10-10T20:16:06	101125.5	22.9	35.0	13.4	101222.5	11.6	8.9	3808.0	3600	3808.0
2022-10-10T21:16:09	101180.1	22.7	34.9	13.4	101280.0	12.7	9.1	3782.0	3600	3782.0
2022-10-10T22:16:11	101286.4	22.7	35.3	13.3	101377.5	13.4	9.4	3731.0	3600	3731.0
2022-10-10T23:16:18	101362.8	22.5	36.3	13.3	101455.0	12.9	9.7	3629.0	3600	3629.0
2022-10-11T00:16:19	101441.5	22.3	36.8	13.3	101532.5	11.8	8.7	3778.0	3600	3778.0
2022-10-11T01:16:26	101550.0	21.6	36.6	13.2	101650.0	9.6	7.8	3607.0	3600	3607.0
2022-10-11T02:16:27	101634.1	20.7	36.2	13.2	101730.0	7.3	7.3	3625.0	3600	3625.0
2022-10-11T03:16:28	101683.0	19.9	35.8	13.2	101772.5	7.2	7.4	3621.0	3600	3621.0
2022-10-11T04:16:33	101739.4	19.2	35.6	13.2	101822.5	7.2	7.6	3576.0	3600	3576.0
2022-10-11T05:16:34	101802.4	18.6	35.5	13.2	101890.0	6.9	7.5	3493.0	3600	3493.0
2022-10-11T06:16:45	101866.5	18.0	35.5	13.2	101947.5	6.8	7.5	3574.0	3600	3574.0
2022-10-11T07:16:53	101932.7	17.6	35.7	13.2	102015.0	7.0	7.7	3554.0	3600	3554.0
2022-10-11T09:44:13	102071.5	18.4	43.0	14.2	102147.5	11.0	8.9	3447.0	3600	3447.0
2022-10-11T10:44:22	102107.2	20.7	41.5	14.2	102180.0	12.7	9.0	3477.0	3600	3477.0
2022-10-11T11:44:25	102124.8	21.8	40.4	14.1	102195.0	14.2	9.2	3381.0	3600	3381.0
2022-10-11T12:44:30	102127.1	23.4	39.2	14.1	102197.5	15.3	8.7	3443.0	3600	3443.0
2022-10-11T13:44:33	102115.8	24.1	37.5	14.1	102190.0	14.1	7.8	3377.0	3600	3377.0
2022-10-11T14:44:35	102108.9	24.1	36.9	14.1	102185.0	14.7	8.0	3321.0	3600	3321.0
2022-10-11T15:44:41	102102.7	24.1	36.0	14.2	102182.5	14.5	7.5	2918.0	3600	2918.0
2022-10-11T16:44:44	102102.1	23.8	35.7	13.8	102190.0	14.1	7.6	3577.0	3600	3577.0
2022-10-11T17:44:48	102116.2	23.2	35.8	13.6	102213.3	10.4	7.3	3553.0	3600	3553.0
2022-10-11T18:44:50	102151.0	22.0	35.9	13.5	102246.0	7.7	7.0	3542.0	3600	3542.0
2022-10-11T19:44:56	102161.0	20.9	35.8	13.5	102250.0	7.2	7.1	3700.0	3600	3700.0
2022-10-11T20:45:02	102152.6	20.1	35.5	13.4	102238.0	5.8	6.8	3571.0	3600	3571.0
2022-10-11T21:45:04	102157.5	19.3	35.3	13.3	102240.0	5.5	6.8	3581.0	3600	3581.0
2022-10-11T22:45:18	102169.3	18.6	35.1	13.3	102250.0	5.1	6.7	3595.0	3600	3595.0
2022-10-11T23:45:20	102177.0	17.9	35.0	13.3	102252.5	4.8	6.6	3506.0	3600	3506.0
2022-10-12T00:45:24	102174.6	17.2	34.9	13.2	102247.5	3.9	6.2	3503.0	3600	3503.0
2022-10-12T01:45:29	102189.8	16.4	34.9	13.2	102262.5	3.7	6.2	3573.0	3600	3573.0
2022-10-12T02:45:34	102199.0	15.7	34.9	13.2	102272.5	3.1	6.0	3575.0	3600	3575.0
2022-10-12T03:45:41	102185.0	15.1	34.9	13.1	102252.5	3.3	6.1	3595.0	3600	3595.0
2022-10-12T04:45:48	102157.5	14.5	34.9	13.1	102222.5	3.3	6.1	3489.0	3600	3489.0
2022-10-12T05:45:50	102165.4	14.0	34.9	13.1	102230.0	2.2	5.6	3663.0	3600	3663.0
2022-10-12T06:46:00	102168.1	13.4	34.9	13.0	102235.0	3.1	6.0	3498.0	3600	3498.0
2022-10-12T07:46:07	102192.2	13.4	35.0	13.3	102260.0	4.0	6.3	3516.0	3600	3516.0
2022-10-12T08:46:12	102211.2	14.5	35.1	14.1	102277.5	7.0	7.7	3280.0	3600	3280.0
2022-10-12T09:46:13	102205.6	16.5	35.0	14.3	102272.5	9.7	9.2	3478.0	3600	3478.0
2022-10-12T10:46:19	102188.5	18.7	35.0	14.2	102247.5	12.7	9.3	3518.0	3600	3518.0
2022-10-12T11:46:21	102166.0	20.4	35.3	14.2	102230.0	15.1	8.7	3508.0	3600	3508.0
2022-10-12T12:46:27	102116.6	22.6	34.8	14.2	102182.5	16.0	8.2	3474.0	3600	3474.0
2022-10-12T13:46:30	102060.6	24.2	34.0	14.1	102132.5	15.9	7.9	3502.0	3600	3502.0
2022-10-12T14:46:31	102016.5	25.5	33.2	14.1	102087.5	16.4	8.0	3467.0	3600	3467.0
2022-10-12T15:46:39	101970.4	25.3	33.2	14.2	102047.5	15.9	7.6	2946.0	3600	2946.0
2022-10-12T16:46:49	101929.5	24.1	34.0	13.9	102007.5	15.7	7.5	3689.0	3600	3689.0
2022-10-12T17:46:58	101902.7	23.2	34.5	13.6	102000.0	11.5	7.0	3676.0	3600	3676.0
2022-10-12T18:47:03	101890.4	21.9	34.9	13.5	101987.5	9.6	7.0	3723.0	3600	3723.0
2022-10-12T19:47:06	101860.9	21.1	34.9	13.5	101960.0	8.6	7.0	3755.0	3600	3755.0
2022-10-12T20:47:10	101845.4	20.5	34.7	13.4	101932.5	7.2	6.8	3690.0	3600	3690.0
2022-10-12T21:47:12	101811.9	19.8	34.6	13.4	101895.0	6.0	6.6	3674.0	3600	3674.0
2022-10-12T22:47:17	101781.2	19.1	34.4	13.3	101865.0	5.9	6.7	3624.0	3600	3624.0
2022-10-12T23:47:19	101760.9	18.6	34.3	13.3	101845.0	6.6	6.7	3750.0	3600	3750.0
2022-10-13T00:47:21	101729.5	18.1	34.2	13.3	101810.0	5.2	6.4	3612.0	3600	3612.0
2022-10-13T01:47:24	101703.0	17.6	34.2	13.2	101787.5	5.7	6.6	3654.0	3600	3654.0
2022-10-13T02:47:28	101680.6	17.2	34.2	13.2	101757.5	5.4	6.6	3702.0	3600	3702.0
2022-10-13T03:47:32	101615.4	16.7	34.1	13.2	101690.0	5.0	6.5	3651.0	3600	3651.0
2022-10-13T04:47:47	101580.6	16.4	34.1	13.1	101655.0	5.4	6.7	3585.0	3600	3585.0
2022-10-13T05:48:00	101558.8	16.2	34.1	13.1	101627.5	5.3	6.7	3783.0	3600	3783.0
2022-10-13T06:48:02	101525.2	16.0	34.1	13.1	101597.5	5.1	6.6	3685.0	3600	3685.0
2022-10-13T07:48:09	101518.4	15.9	34.2	13.2	101590.0	6.0	7.1	3683.0	3600	3683.0
2022-10-13T08:48:12	101498.9	16.5	34.3	13.7	101567.5	8.9	8.2	3490.0	3600	3490.0
2022-10-13T09:48:18	101472.6	18.1	34.1	13.8	101537.5	11.5	9.0	3738.0	3600	3738.0
2022-10-13T10:48:19	101449.1	19.5	34.0	14.3	101520.0	14.3	10.1	3539.0	3600	3539.0
2022-10-13T11:48:25	101421.2	22.4	35.5	14.2	101482.5	16.5	10.6	3419.0	3600	3419.0
2022-10-13T12:48:29	101364.8	23.6	37.7	14.2	101430.0	16.4	10.0	3218.0	3600	3218.0
2022-10-13T13:48:36	101336.9	24.1	37.4	14.2	101410.0	16.5	9.5	3314.0	3600	3314.0
2022-10-13T14:48:40	101309.2	24.4	36.9	14.2	101375.0	16.8	9.7	3543.0	3600	3543.0
2022-10-13T15:48:44	101257.9	25.4	36.2	14.1	101327.5	17.3	9.2	3381.0	3600	3381.0
2022-10-13T16:48:46	101258.6	24.9	36.2	13.7	101345.0	14.7	8.7	3869.0	3600	3869.0
2022-10-13T17:48:49	101249.2	23.8	36.7	13.6	101337.5	12.1	8.5	3855.0	3600	3855.0
2022-10-13T18:48:52	101235.4	22.8	36.8	13.5	101327.5	11.1	8.4	3830.0	3600	3830.0
2022-10-13T19:48:55	101222.7	22.3	36.6	13.5	101312.5	10.4	8.4	3910.0	3600	3910.0
2022-10-13T20:48:58	101204.5	21.8	36.4	13.4	101287.5	9.4	8.2	3837.0	3600	3837.0
2022-10-13T21:49:02	101194.6	21.2	36.2	13.4	101282.5	8.8	8.1	3801.0	3600	3801.0
2022-10-13T22:49:09	101193.8	20.7	36.0	13.3	101277.5	8.3	8.0	3718.0	3600	3718.0
2022-10-13T23:49:12	101195.9	20.2	35.8	13.3	101270.0	7.5	7.7	3862.0	3600	3862.0
2022-10-14T00:49:16	101172.6	19.7	35.7	13.2	101245.0	7.3	7.7	3777.0	3600	3777.0
2022-10-14T01:49:22	101148.9	19.2	35.6	13.2	101225.0	7.5	7.9	3678.0	3600	3678.0
2022-10-14T02:49:39	101135.0	18.6	35.6	13.2	101207.5	7.3	7.8	3798.0	3600	3798.0
2022-10-14T03:49:40	101127.3	18.1	35.6	13.2	101197.5	6.4	7.4	3868.0	3600	3868.0
2022-10-14T04:49:42	101095.4	17.8	35.6	13.1	101165.0	6.9	7.7	3834.0	3600	3834.0
2022-10-14T05:49:49	101075.3	17.6	35.6	13.1	101147.5	7.6	8.0	3800.0	3600	3800.0
2022-10-14T06:49:51	101049.3	17.6	35.5	13.1	101120.0	7.9	8.2	3760.0	3600	3760.0
2022-10-14T07:49:54	101042.2	17.7	35.5	13.1	101117.5	8.7	8.6	3754.0	3600	3754.0
2022-10-14T08:49:57	101063.3	18.1	35.5	13.3	101135.0	10.2	9.5	3904.0	3600	3904.0
2022-10-14T09:50:02	101061.6	19.2	35.4	13.7	101127.5	12.6	10.9	3706.0	3600	3706.0
2022-10-14T10:50:04	101024.8	21.2	35.0	14.2	101085.0	15.9	11.5	3540.0	3600	3540.0
2022-10-14T11:50:05	101005.2	23.2	34.7	14.2	101067.5	16.6	10.9	3651.0	3600	3651.0
2022-10-14T12:50:08	100965.6	24.3	34.8	14.1	101025.0	16.7	10.9	3875.0	3600	3875.0
2022-10-14T13:50:13	100910.0	24.6	34.9	14.1	100967.5	17.3	11.1	3789.0	3600	3789.0
2022-10-14T14:50:19	100861.6	26.1	34.5	14.1	100922.5	17.9	11.0	3830.0	3600	3830.0
2022-10-14T15:50:26	100844.0	26.2	34.4	13.9	100905.0	16.9	10.7	3800.0	3600	3800.0
2022-10-14T16:50:33	100778.0	25.4	35.0	13.7	100850.0	15.5	10.4	3991.0	3600	3991.0
2022-10-14T17:50:41	100744.8	24.6	35.6	13.6	100825.0	13.8	10.1	3877.0	3600	3877.0
2022-10-14T18:50:50	100719.0	23.9	35.9	13.5	100805.0	13.6	10.1	3897.0	3600	3897.0
2022-10-14T19:50:55	100687.1	23.6	36.0	13.4	100766.0	13.1	9.9	3978.0	3600	3978.0
2022-10-14T20:50:56	100635.5	23.3	36.1	13.4	100712.5	12.7	9.8	3959.0	3600	3959.0
2022-10-14T21:51:00	100581.1	23.1	36.1	13.3	100655.0	13.0	9.9	4047.0	3600	4047.0
2022-10-14T22:51:03	100515.8	23.0	36.2	13.3	100587.5	13.2	9.9	3914.0	3600	3914.0
2022-10-14T23:51:09	100440.1	22.9	36.4	13.2	100512.5	13.3	9.9	3904.0	3600	3904.0
2022-10-15T00:51:14	100400.2	22.6	36.8	13.3	100476.7	13.1	10.0	3944.0	3600	3944.0
2022-10-15T01:51:22	100369.2	22.4	37.0	13.2	100442.5	12.8	10.3	3933.0	3600	3933.0
2022-10-15T02:51:26	100316.2	22.2	37.2	13.2	100392.5	12.9	10.6	3917.0	3600	3917.0
2022-10-15T03:51:29	100275.6	22.1	37.4	13.2	100350.0	12.8	10.5	3966.0	3600	3966.0
2022-10-15T04:51:40	100244.9	21.9	37.5	13.2	100317.5	12.5	10.4	3891.0	3600	3891.0
2022-10-15T05:51:42	100234.8	21.7	37.5	13.1	100315.0	12.2	10.4	3932.0	3600	3932.0
2022-10-15T06:51:45	100255.4	21.4	37.5	13.1	100332.5	11.2	9.7	4009.0	3600	4009.0
2022-10-15T07:51:50	100300.1	21.2	37.5	13.2	100380.0	12.1	10.5	3905.0	3600	3905.0
2022-10-15T08:51:55	100349.6	21.7	37.4	13.6	100417.5	13.6	11.5	3936.0	3600	3936.0
2022-10-15T09:52:01	100374.7	22.7	37.2	13.8	100445.0	15.7	12.0	3972.0	3600	3972.0
2022-10-15T10:52:03	100400.2	23.6	37.2	14.2	100465.0	16.4	11.9	3686.0	3600	3686.0
2022-10-15T11:52:04	100428.2	24.7	37.2	14.2	100490.0	17.3	11.8	3800.0	3600	3800.0
2022-10-15T12:52:10	100410.2	26.1	36.6	14.1	100462.5	18.6	12.5	3600.0	3600	3600.0
2022-10-15T13:52:21	100400.5	26.8	36.2	14.1	100455.0	18.7	12.5	3860.0	3600	3860.0
2022-10-15T14:52:27	100373.7	26.7	36.3	14.1	100440.0	18.6	12.3	3867.0	3600	3867.0
2022-10-15T15:52:32	100377.7	26.8	36.4	13.8	100450.0	17.9	12.1	3605.0	3600	3605.0
2022-10-15T16:52:37	100378.0	26.4	36.6	13.7	100452.5	16.9	11.7	3871.0	3600	3871.0
2022-10-15T17:52:41	100404.3	25.7	37.0	13.6	100492.5	14.0	10.9	3946.0	3600	3946.0
2022-10-15T18:52:44	100446.7	24.9	37.1	13.5	100532.5	13.2	10.7	3893.0	3600	3893.0
2022-10-15T19:52:53	100471.1	24.5	37.1	13.4	100547.5	13.9	10.9	3881.0	3600	3881.0
2022-10-15T20:52:56	100485.8	24.5	37.1	13.4	100562.5	14.6	11.1	3789.0	3600	3789.0
2022-10-15T21:52:58	100532.0	24.5	37.1	13.3	100612.5	14.7	11.2	3820.0	3600	3820.0
2022-10-15T22:53:02	100578.6	24.5	36.9	13.3	100655.0	14.8	11.2	3824.0	3600	3824.0
2022-10-15T23:53:04	100602.1	24.4	36.9	13.3	100677.5	14.4	11.2	3717.0	3600	3717.0
2022-10-16T00:53:08	100634.9	24.2	36.9	13.3	100715.0	14.5	11.3	3721.0	3600	3721.0
2022-10-16T01:53:14	100680.0	24.2	36.9	13.2	100757.5	15.0	11.5	3701.0	3600	3701.0
2022-10-16T02:53:18	100718.6	24.2	36.9	13.2	100797.5	14.9	11.5	3645.0	3600	3645.0
2022-10-16T03:53:19	100766.4	24.1	37.0	13.2	100842.5	14.3	11.3	3649.0	3600	3649.0
2022-10-16T04:53:20	100804.3	23.8	37.0	13.2	100885.0	13.8	11.1	3872.0	3600	3872.0
2022-10-16T05:53:23	100831.1	23.6	36.9	13.2	100907.5	13.0	10.8	3688.0	3600	3688.0
2022-10-16T06:53:32	100855.6	23.4	36.8	13.2	100932.5	13.2	11.1	3782.0	3600	3782.0
2022-10-16T07:53:36	100907.5	23.4	36.9	13.2	100985.0	14.3	11.6	3658.0	3600	3658.0
2022-10-16T08:53:43	100966.9	24.0	36.7	13.3	101040.0	15.6	12.0	3748.0	3600	3748.0
2022-10-16T09:53:45	101020.4	24.6	36.5	13.4	101092.5	16.4	12.3	3741.0	3600	3741.0
2022-10-16T10:53:52	101075.9	25.5	36.6	14.1	101142.5	17.9	12.7	3227.0	3600	3227.0
2022-10-16T11:53:58	101124.7	26.5	36.7	14.1	101180.0	18.8	12.4	3295.0	3600	3295.0
2022-10-16T12:54:01	101144.9	27.4	36.6	14.1	101205.0	19.1	11.5	3561.0	3600	3561.0
2022-10-16T13:54:04	101188.3	28.9	36.0	13.9	101245.0	20.1	10.9	3576.0	3600	3576.0
2022-10-16T14:54:07	101232.6	29.8	34.6	14.0	101292.5	20.1	10.4	3486.0	3600	3486.0
2022-10-16T15:54:08	101274.6	29.4	34.2	13.9	101337.5	20.0	10.1	3155.0	3600	3155.0
2022-10-16T16:54:15	101323.7	28.7	34.6	13.8	101400.0	19.1	9.6	3732.0	3600	3732.0
2022-10-16T17:54:18	101397.9	27.8	35.0	13.6	101500.0	14.8	9.3	3584.0	3600	3584.0
2022-10-16T18:54:24	101486.6	26.6	35.3	13.5	101585.0	12.4	8.9	3563.0	3600	3563.0
2022-10-16T19:55:38	101546.5	25.3	35.5	13.5	101650.0	11.8	8.9	3620.0	3600	3620.0
2022-10-16T20:55:40	101597.7	24.5	35.5	13.4	101692.5	11.8	9.3	3643.0	3600	3643.0
2022-10-16T21:55:48	101653.6	24.0	35.5	13.4	101750.0	11.6	9.2	3604.0	3600	3604.0
2022-10-16T22:55:51	101701.4	23.6	35.4	13.3	101787.5	11.3	9.3	3612.0	3600	3612.0
2022-10-16T23:55:57	101726.5	23.1	35.5	13.4	101807.5	11.4	9.3	3561.0	3600	3561.0
2022-10-17T00:56:00	101727.7	22.9	35.5	13.2	101810.0	12.3	9.7	3588.0	3600	3588.0
2022-10-17T01:56:01	101737.9	22.8	35.5	13.2	101810.0	13.2	10.3	3494.0	3600	3494.0
2022-10-17T02:56:07	101717.6	22.7	35.6	13.2	101790.0	12.2	10.0	3521.0	3600	3521.0
2022-10-17T03:56:17	101689.3	22.4	35.9	13.2	101765.0	12.4	10.4	3503.0	3600	3503.0
2022-10-17T04:56:21	101668.8	22.3	36.2	13.2	101740.0	12.9	10.8	3559.0	3600	3559.0
2022-10-17T05:56:24	101650.6	22.2	36.5	13.2	101720.0	12.6	10.6	3482.0	3600	3482.0
2022-10-17T06:56:25	101642.9	22.0	36.8	13.2	101717.5	12.4	10.6	3484.0	3600	3484.0
2022-10-17T07:56:31	101686.0	22.1	37.1	13.2	101755.0	13.7	11.4	3498.0	3600	3498.0
2022-10-17T08:56:37	101728.3	22.7	37.5	13.8	101797.5	15.7	12.0	3301.0	3600	3301.0
2022-10-17T09:56:40	101736.7	24.3	37.4	14.1	101792.5	18.1	12.7	3390.0	3600	3390.0
2022-10-17T10:56:43	101728.8	25.8	37.4	14.1	101772.5	20.4	13.4	3613.0	3600	3613.0
2022-10-17T11:56:48	101721.6	27.4	37.3	14.0	101757.5	22.6	13.9	3486.0	3600	3486.0
2022-10-17T12:56:49	101705.0	29.4	36.5	14.0	101745.0	23.4	13.6	3538.0	3600	3538.0
2022-10-17T13:56:56	101680.6	31.0	35.8	13.9	101712.5	24.2	13.9	3324.0	3600	3324.0
2022-10-17T14:57:06	101665.7	32.1	35.1	13.9	101707.5	24.4	13.6	3285.0	3600	3285.0
2022-10-17T15:57:11	101682.0	32.2	35.3	13.9	101725.0	23.9	12.9	3502.0	3600	3502.0
2022-10-17T16:57:12	101707.4	31.3	36.1	13.7	101760.0	22.2	12.5	3409.0	3600	3409.0
2022-10-17T17:57:18	101724.9	30.4	36.8	13.6	101795.0	19.7	12.0	3672.0	3600	3672.0
2022-10-17T18:57:23	101759.3	29.7	37.1	13.5	101832.5	18.4	12.1	3494.0	3600	3494.0
2022-10-17T19:57:25	101799.7	29.2	37.1	13.4	101877.5	17.6	12.0	3536.0	3600	3536.0
2022-10-17T20:57:27	101848.6	28.6	37.1	13.4	101922.5	16.8	11.6	3489.0	3600	3489.0
2022-10-17T21:57:34	101875.4	28.1	36.9	13.4	101955.0	15.1	11.2	3609.0	3600	3609.0
2022-10-17T22:57:36	101923.3	27.4	36.8	13.3	102007.5	15.1	11.3	3469.0	3600	3469.0
2022-10-17T23:57:37	101968.7	27.0	36.6	13.3	102045.0	14.3	11.2	3426.0	3600	3426.0
2022-10-18T00:57:38	101979.9	26.7	36.5	13.3	102052.5	14.8	11.6	3332.0	3600	3332.0
2022-10-18T01:57:44	102002.1	26.4	36.4	13.3	102075.0	14.8	11.6	3519.0	3600	3519.0
2022-10-18T02:57:53	102020.8	26.1	36.4	13.3	102090.0	15.3	12.0	3386.0	3600	3386.0
2022-10-18T03:57:55	102026.9	25.8	36.5	13.2	102092.5	15.3	12.2	3459.0	3600	3459.0
2022-10-18T04:57:57	102051.8	25.6	36.7	13.2	102115.0	15.7	12.2	3505.0	3600	3505.0
2022-10-18T05:58:02	102051.9	25.2	36.8	13.2	102112.5	14.7	11.8	3455.0	3600	3455.0
2022-10-18T06:58:05	102030.1	24.8	36.9	13.2	102092.5	13.9	11.5	3340.0	3600	3340.0
2022-10-18T07:58:13	102008.5	24.4	36.9	13.2	102075.0	14.2	11.8	3411.0	3600	3411.0
2022-10-18T08:58:15	102075.4	24.3	36.9	13.2	102142.5	14.8	12.4	3337.0	3600	3337.0
2022-10-18T09:58:21	102078.3	24.3	36.9	13.2	102140.0	14.8	12.5	3303.0	3600	3303.0
2022-10-18T10:58:29	102085.3	24.2	37.0	13.2	102142.5	14.9	12.5	3141.0	3600	3141.0
2022-10-18T11:58:31	102072.0	24.1	37.2	13.2	102132.5	15.0	12.6	2994.0	3600	2994.0
2022-10-18T12:58:32	102043.5	24.1	37.4	13.2	102092.5	15.2	12.8	3148.0	3600	3148.0
2022-10-18T13:58:35	102022.2	24.3	37.9	13.3	102072.5	15.4	12.9	3127.0	3600	3127.0
2022-10-18T14:58:39	102001.5	24.6	38.6	13.5	102052.5	16.0	13.0	3028.0	3600	3028.0
2022-10-18T15:58:45	102029.3	25.2	39.1	13.8	102080.0	16.5	12.6	3174.0	3600	3174.0
2022-10-18T16:58:47	102044.9	24.9	39.6	13.6	102102.5	14.9	11.4	3071.0	3600	3071.0
2022-10-18T17:58:51	102042.6	23.8	39.4	13.4	102110.0	12.4	10.2	3293.0	3600	3293.0
2022-10-18T18:58:56	102073.0	22.7	38.4	13.3	102145.0	10.4	9.3	3200.0	3600	3200.0
2022-10-18T19:58:57	102113.1	22.0	38.4	13.2	102185.0	10.8	9.7	3155.0	3600	3155.0
2022-10-18T20:59:01	102132.3	21.6	38.7	13.2	102197.5	10.2	9.3	3209.0	3600	3209.0
2022-10-18T21:59:03	102167.4	21.0	38.4	13.1	102242.5	9.7	8.9	3249.0	3600	3249.0
2022-10-18T22:59:04	102177.6	20.5	38.1	13.1	102245.0	9.2	8.6	3168.0	3600	3168.0
2022-10-18T23:59:07	102161.5	20.1	38.0	13.1	102225.0	9.6	8.8	3168.0	3600	3168.0
2022-10-19T00:59:16	102132.3	20.1	37.9	13.1	102200.0	10.4	8.9	3192.0	3600	3192.0
2022-10-19T01:59:20	102141.5	20.1	37.9	13.1	102210.0	10.3	8.8	3135.0	3600	3135.0
2022-10-19T02:59:21	102125.3	19.9	38.1	13.1	102192.5	10.5	8.7	3183.0	3600	3183.0
2022-10-19T03:59:28	102108.0	19.8	38.4	13.1	102177.5	10.8	8.7	3206.0	3600	3206.0
2022-10-19T04:59:34	102118.0	19.7	38.6	13.1	102195.0	10.3	8.7	3312.0	3600	3312.0
2022-10-19T05:59:40	102160.9	19.5	38.6	13.1	102235.0	10.2	8.7	3197.0	3600	3197.0
2022-10-19T06:59:41	102189.6	19.4	38.8	13.1	102268.0	10.3	8.8	3210.0	3600	3210.0
2022-10-19T07:59:42	102232.3	19.3	38.8	13.1	102310.0	10.4	8.8	3062.0	3600	3062.0
2022-10-19T08:59:43	102262.6	19.4	39.0	13.2	102337.5	10.9	8.9	3227.0	3600	3227.0
2022-10-19T09:59:46	102296.5	19.9	39.0	13.3	102377.5	11.8	8.9	3207.0	3600	3207.0
2022-10-19T10:59:49	102321.5	20.8	38.8	13.8	102397.5	12.8	9.0	3144.0	3600	3144.0
2022-10-19T11:59:54	102342.5	21.9	38.5	14.0	102417.5	13.2	8.8	3102.0	3600	3102.0
2022-10-19T13:00:02	102331.2	22.3	38.1	14.2	102400.0	13.5	8.8	2994.0	3600	2994.0
2022-10-19T14:00:06	102300.1	23.7	37.6	14.0	102372.0	13.8	8.5	3281.0	3600	3281.0
2022-10-19T15:00:12	102262.7	24.0	36.8	14.1	102337.5	13.7	8.1	3129.0	3600	3129.0
2022-10-19T16:00:18	102232.1	23.7	37.2	13.9	102315.0	13.3	7.8	3117.0	3600	3117.0
2022-10-19T17:00:22	102218.6	23.2	37.4	13.7	102305.0	13.0	7.9	3301.0	3600	3301.0
2022-10-19T18:00:24	102244.1	22.2	37.4	13.6	102335.0	9.4	7.4	3219.0	3600	3219.0
2022-10-19T19:00:29	102274.1	20.9	37.2	13.5	102362.0	7.3	7.3	3349.0	3600	3349.0
2022-10-19T20:00:34	102276.8	20.0	36.8	13.4	102360.0	6.2	6.9	3272.0	3600	3272.0
2022-10-19T21:00:37	102262.4	19.1	36.5	13.3	102345.0	4.8	6.4	3146.0	3600	3146.0
2022-10-19T22:00:39	102283.4	18.4	36.3	13.3	102360.0	5.5	6.8	3301.0	3600	3301.0
2022-10-19T23:00:43	102261.6	18.0	36.2	13.3	102332.5	6.1	6.9	3254.0	3600	3254.0
2022-10-20T00:00:51	102224.0	17.6	36.1	13.2	102295.0	6.0	6.7	3204.0	3600	3204.0
2022-10-20T01:00:59	102216.6	17.2	36.1	13.2	102292.5	5.3	6.4	3250.0	3600	3250.0
2022-10-20T02:01:01	102182.4	16.8	36.0	13.2	102255.0	4.5	6.2	3297.0	3600	3297.0
2022-10-20T03:01:11	102122.5	16.3	36.0	13.2	102187.5	4.1	6.2	3262.0	3600	3262.0
2022-10-20T04:01:17	102061.2	15.6	36.0	13.2	102120.0	3.3	5.8	3205.0	3600	3205.0
2022-10-20T05:01:20	102012.9	14.8	36.4	13.1	102080.0	4.2	6.2	3256.0	3600	3256.0
2022-10-20T06:01:27	101972.9	14.4	36.6	13.1	102032.5	3.7	6.0	3311.0	3600	3311.0
2022-10-20T07:01:35	101941.9	14.0	36.7	13.1	102010.0	3.9	6.2	3310.0	3600	3310.0
2022-10-20T08:01:38	101922.6	13.8	36.9	13.2	101987.5	5.4	6.8	3214.0	3600	3214.0
2022-10-20T09:01:42	101907.1	14.7	37.6	14.3	101975.0	7.8	7.4	3149.0	3600	3149.0
2022-10-20T10:01:46	101864.1	16.0	38.5	14.2	101930.0	9.6	7.8	3148.0	3600	3148.0
2022-10-20T11:01:50	101781.4	17.2	39.1	14.3	101850.0	11.2	8.0	3309.0	3600	3309.0
2022-10-20T12:01:57	101706.2	18.4	39.3	14.2	101775.0	12.6	8.1	3381.0	3600	3381.0
2022-10-20T13:02:08	101618.3	20.6	38.0	14.2	101692.5	13.6	8.4	3273.0	3600	3273.0
2022-10-20T14:02:10	101546.6	22.2	36.7	14.2	101615.0	13.9	8.0	3424.0	3600	3424.0
2022-10-20T15:02:17	101474.3	22.4	35.7	14.3	101552.5	13.2	7.7	3128.0	3600	3128.0
2022-10-20T16:02:18	101432.2	21.8	35.7	14.0	101510.0	13.2	7.7	3464.0	3600	3464.0
2022-10-20T17:02:22	101372.1	21.2	35.9	13.7	101455.0	11.2	7.4	3405.0	3600	3405.0
2022-10-20T18:02:28	101327.3	20.4	36.1	13.5	101412.5	10.0	7.4	3466.0	3600	3466.0
2022-10-20T19:02:29	101264.7	20.0	36.3	13.5	101352.5	9.6	7.5	3535.0	3600	3535.0
2022-10-20T20:02:30	101214.8	19.6	36.5	13.4	101305.0	9.1	7.6	3510.0	3600	3510.0
2022-10-20T21:02:35	101161.0	19.3	36.7	13.3	101242.5	8.5	7.6	3611.0	3600	3611.0
2022-10-20T22:02:37	101126.2	18.9	36.9	13.3	101215.0	8.2	7.6	3497.0	3600	3497.0
2022-10-20T23:02:39	101107.9	18.7	37.0	13.3	101192.5	8.7	7.8	3648.0	3600	3648.0
2022-10-21T00:02:46	101086.1	18.5	37.2	13.2	101172.5	8.4	7.9	3630.0	3600	3630.0
2022-10-21T01:02:50	101030.6	18.2	37.3	13.2	101102.5	8.3	7.9	3499.0	3600	3499.0
2022-10-21T02:02:53	101023.1	18.1	37.4	13.2	101097.5	8.6	8.1	3665.0	3600	3665.0
2022-10-21T03:02:59	100939.0	18.0	37.5	13.2	101012.5	8.6	8.1	3525.0	3600	3525.0
2022-10-21T04:03:04	100860.8	17.9	37.6	13.2	100937.5	8.6	8.2	3528.0	3600	3528.0
2022-10-21T05:03:08	100829.4	17.8	37.7	13.1	100897.5	8.7	8.2	3512.0	3600	3512.0
2022-10-21T06:03:10	100760.6	17.8	38.1	13.1	100830.0	8.5	8.1	3635.0	3600	3635.0
2022-10-21T07:03:13	100687.1	17.6	38.4	13.1	100757.5	8.5	8.1	3679.0	3600	3679.0
2022-10-21T08:03:25	100692.5	17.7	38.7	13.1	100770.0	9.2	8.5	3565.0	3600	3565.0
2022-10-21T09:03:28	100717.2	17.6	39.1	13.2	100785.0	10.3	8.8	3584.0	3600	3584.0
2022-10-21T10:03:32	100676.0	18.5	39.1	13.5	100747.5	11.8	9.5	3562.0	3600	3562.0
2022-10-21T11:03:35	100633.9	19.8	38.7	13.8	100707.5	13.6	10.1	3694.0	3600	3694.0
2022-10-21T12:03:37	100591.5	21.1	38.8	14.3	100662.5	15.7	10.8	3137.0	3600	3137.0
2022-10-21T13:03:43	100565.6	22.9	38.3	14.2	100635.0	16.1	10.6	3287.0	3600	3287.0
2022-10-21T14:03:50	100546.8	23.4	37.8	13.8	100622.5	15.4	10.4	3587.0	3600	3587.0
2022-10-21T15:03:58	100524.4	22.9	38.0	13.7	100610.0	14.5	10.2	3726.0	3600	3726.0
2022-10-21T16:04:06	100523.1	22.6	38.0	13.5	100602.5	13.8	10.1	3593.0	3600	3593.0
2022-10-21T17:04:08	100486.8	22.4	38.0	13.5	100572.5	13.2	10.2	3591.0	3600	3591.0
2022-10-21T18:04:11	100508.5	22.1	38.2	13.4	100592.5	13.3	10.6	3567.0	3600	3567.0
2022-10-21T19:04:16	100539.2	21.9	38.3	13.4	100617.5	13.3	11.1	3494.0	3600	3494.0
2022-10-21T20:04:20	100543.7	21.9	38.3	13.3	100622.5	13.4	11.3	3500.0	3600	3500.0
2022-10-21T21:04:29	100553.1	21.9	38.2	13.2	100632.5	13.4	11.4	3473.0	3600	3473.0
2022-10-21T22:04:30	100573.2	21.9	38.3	13.2	100652.5	13.3	11.3	3493.0	3600	3493.0
2022-10-21T23:04:37	100594.4	21.9	38.3	13.2	100667.5	13.4	11.5	3381.0	3600	3381.0
2022-10-22T00:04:38	100603.2	21.9	38.2	13.2	100677.5	13.4	11.5	3550.0	3600	3550.0
2022-10-22T01:04:39	100575.8	21.8	38.2	13.1	100650.0	13.0	11.2	3545.0	3600	3545.0
2022-10-22T02:04:45	100578.2	21.6	38.2	13.1	100655.0	12.4	10.8	3490.0	3600	3490.0
2022-10-22T03:04:54	100581.5	21.5	38.2	13.1	100650.0	12.2	10.7	3543.0	3600	3543.0
2022-10-22T04:05:01	100586.9	21.3	38.1	13.1	100657.5	11.9	10.5	3532.0	3600	3532.0
2022-10-22T05:05:07	100587.9	21.2	38.0	13.1	100665.0	11.6	10.4	3448.0	3600	3448.0
2022-10-22T06:05:10	100623.0	21.0	38.0	13.1	100692.5	11.6	10.4	3389.0	3600	3389.0
2022-10-22T07:05:17	100638.6	20.9	37.9	13.1	100707.5	11.1	10.0	3478.0	3600	3478.0
2022-10-22T08:05:25	100680.4	20.8	37.9	13.1	100757.5	11.8	10.5	3459.0	3600	3459.0
2022-10-22T09:05:30	100740.1	21.2	37.7	13.2	100820.0	13.0	11.3	3544.0	3600	3544.0
2022-10-22T10:05:35	100800.8	21.7	37.6	13.3	100872.5	13.8	11.9	3539.0	3600	3539.0
2022-10-22T11:05:43	100844.2	22.4	37.9	13.5	100905.0	15.1	12.4	3379.0	3600	3379.0
2022-10-22T12:05:46	100862.3	23.1	38.7	14.0	100922.5	15.9	12.4	3422.0	3600	3422.0
2022-10-22T13:05:58	100860.7	25.0	39.2	14.2	100920.0	17.6	13.0	3435.0	3600	3435.0
2022-10-22T14:06:02	100860.9	27.2	38.7	14.0	100912.5	18.6	13.1	3425.0	3600	3425.0
2022-10-22T15:06:10	100878.7	28.4	37.7	14.0	100932.5	19.0	12.9	3346.0	3600	3346.0
2022-10-22T16:06:11	100901.6	27.9	38.0	13.8	100962.5	19.1	12.4	3503.0	3600	3503.0
2022-10-22T17:06:23	100931.2	27.1	38.5	13.6	101000.0	17.1	11.7	3633.0	3600	3633.0
2022-10-22T18:06:26	100969.2	26.0	38.8	13.5	101055.0	14.0	11.0	3418.0	3600	3418.0
2022-10-22T19:06:38	101042.3	25.4	38.8	13.4	101122.5	15.1	11.4	3548.0	3600	3548.0
2022-10-22T20:06:44	101066.9	25.1	38.6	13.4	101145.0	14.2	10.7	3594.0	3600	3594.0
2022-10-22T21:06:51	101108.6	24.6	38.5	13.3	101182.5	14.2	11.1	3478.0	3600	3478.0
2022-10-22T22:06:54	101164.2	24.2	38.7	13.3	101237.5	14.2	11.2	3410.0	3600	3410.0
2022-10-22T23:07:01	101202.8	24.0	38.9	13.3	101275.0	14.2	11.0	3486.0	3600	3486.0
2022-10-23T00:07:13	101204.3	23.4	39.1	13.2	101285.0	12.3	10.1	3407.0	3600	3407.0
2022-10-23T01:07:14	101213.6	22.8	39.0	13.2	101287.5	12.1	10.2	3388.0	3600	3388.0
2022-10-23T02:07:27	101224.7	22.5	38.9	13.2	101300.0	12.6	10.3	3300.0	3600	3300.0
2022-10-23T03:07:29	101238.1	22.2	38.7	13.1	101312.5	11.7	9.8	3267.0	3600	3267.0
2022-10-23T04:07:30	101220.9	21.5	38.8	13.2	101290.0	10.3	9.1	3552.0	3600	3552.0
2022-10-23T05:07:38	101221.0	20.9	38.8	13.1	101292.5	9.9	9.1	3453.0	3600	3453.0
2022-10-23T06:07:42	101219.4	20.3	38.8	13.1	101285.0	9.2	8.8	3402.0	3600	3402.0
2022-10-23T07:07:48	101213.2	19.9	38.6	13.2	101285.0	9.0	8.7	3516.0	3600	3516.0
2022-10-23T08:07:52	101210.7	19.6	38.5	13.2	101282.5	9.3	8.9	3474.0	3600	3474.0
2022-10-23T09:07:59	101217.7	19.8	38.6	13.8	101282.5	11.1	10.0	3268.0	3600	3268.0
2022-10-23T10:08:08	101204.2	20.7	38.7	14.3	101265.0	13.0	11.2	2693.0	3600	2693.0
2022-10-23T11:08:14	101179.3	21.7	38.9	14.2	101235.0	15.6	11.9	3289.0	3600	3289.0
2022-10-23T12:08:17	101151.0	23.1	39.4	14.1	101202.5	17.6	12.4	3146.0	3600	3146.0
2022-10-23T13:08:21	101080.6	24.7	39.2	14.1	101132.5	18.0	12.1	2884.0	3600	2884.0
2022-10-23T14:08:24	101001.9	25.5	38.7	14.2	101055.0	17.6	11.8	3448.0	3600	3448.0
2022-10-23T15:08:26	100919.9	25.4	38.7	14.1	100985.0	17.4	12.0	3546.0	3600	3546.0
2022-10-23T16:08:33	100872.5	25.4	38.7	13.8	100935.0	16.7	11.8	3383.0	3600	3383.0
2022-10-23T17:08:34	100805.0	25.0	39.0	13.6	100875.0	15.5	11.4	3658.0	3600	3658.0
2022-10-23T18:08:41	100755.5	24.4	39.4	13.5	100827.5	14.8	11.3	3516.0	3600	3516.0
2022-10-23T19:08:47	100682.2	24.2	39.5	13.5	100752.5	15.0	11.2	3602.0	3600	3602.0
2022-10-23T20:08:52	100627.2	24.1	39.7	13.4	100697.5	14.4	10.9	3563.0	3600	3563.0
2022-10-23T21:09:00	100580.7	23.8	39.8	13.4	100654.0	13.9	10.6	3635.0	3600	3635.0
2022-10-23T22:09:03	100561.2	23.4	39.6	13.3	100637.5	12.7	10.0	3715.0	3600	3715.0
2022-10-23T23:09:04	100583.1	23.1	39.4	13.3	100670.0	12.9	10.1	3661.0	3600	3661.0
2022-10-24T00:09:09	100623.4	22.8	39.3	13.3	100695.0	13.2	10.7	3498.0	3600	3498.0
2022-10-24T01:09:13	100559.6	22.6	39.1	13.2	100643.3	12.6	10.6	3463.0	3600	3463.0
2022-10-24T02:09:16	100569.6	22.4	38.8	13.3	100647.5	12.3	10.5	3454.0	3600	3454.0
2022-10-24T03:09:20	100549.6	22.1	38.7	13.2	100615.0	11.9	10.4	3576.0	3600	3576.0
2022-10-24T04:09:26	100489.6	21.8	38.6	13.2	100560.0	11.3	10.1	3573.0	3600	3573.0
2022-10-24T05:09:32	100490.3	21.5	38.6	13.1	100560.0	12.4	10.8	3471.0	3600	3471.0
2022-10-24T06:09:36	100484.5	21.5	38.6	13.2	100555.0	12.4	10.8	3437.0	3600	3437.0
2022-10-24T07:09:51	100484.0	21.3	38.7	13.1	100554.0	12.4	10.7	3599.0	3600	3599.0
2022-10-24T08:09:53	100486.7	21.3	38.7	13.2	100560.0	13.1	11.1	3552.0	3600	3552.0
2022-10-24T09:09:58	100528.6	21.9	38.8	13.4	100592.5	15.2	11.9	3539.0	3600	3539.0
2022-10-24T10:10:01	100511.8	22.9	39.1	13.9	100575.0	16.4	12.3	3491.0	3600	3491.0
2022-10-24T11:10:02	100510.2	23.7	39.2	13.8	100572.5	17.1	12.4	3473.0	3600	3473.0
2022-10-24T12:10:06	100497.8	24.3	39.2	13.7	100555.0	17.4	12.3	3490.0	3600	3490.0
2022-10-24T13:10:12	100478.9	24.9	39.1	13.8	100540.0	17.8	12.4	3533.0	3600	3533.0
2022-10-24T14:10:14	100438.3	25.6	39.0	14.1	100495.0	18.6	12.5	3376.0	3600	3376.0
2022-10-24T15:10:21	100449.6	26.7	38.5	13.9	100515.0	18.9	12.2	3489.0	3600	3489.0
2022-10-24T16:10:24	100475.4	26.6	38.4	13.7	100547.5	18.1	12.1	3643.0	3600	3643.0
2022-10-24T17:10:29	100481.8	26.0	38.8	13.5	100555.0	16.8	11.8	3547.0	3600	3547.0
2022-10-24T18:10:35	100519.1	25.5	39.0	13.5	100597.5	16.4	11.5	3621.0	3600	3621.0
2022-10-24T19:10:40	100536.0	25.3	39.1	13.4	100615.0	16.1	11.2	3558.0	3600	3558.0
2022-10-24T20:10:45	100565.3	25.1	39.1	13.3	100647.5	15.5	11.0	3559.0	3600	3559.0
2022-10-24T21:10:51	100574.4	24.8	39.1	13.3	100650.0	15.2	11.0	3450.0	3600	3450.0
2022-10-24T22:10:52	100606.3	24.6	39.0	13.3	100690.0	14.6	10.9	3514.0	3600	3514.0
2022-10-24T23:10:55	100649.9	24.1	39.0	13.2	100732.5	14.3	10.8	3543.0	3600	3543.0
2022-10-25T00:11:03	100686.2	23.8	39.1	13.2	100775.0	13.7	10.5	3522.0	3600	3522.0
2022-10-25T01:11:10	100713.2	23.4	39.0	13.2	100797.5	12.4	10.2	3601.0	3600	3601.0
2022-10-25T02:11:19	100720.5	23.1	38.9	13.2	100802.5	12.2	10.2	3545.0	3600	3545.0
2022-10-25T03:11:20	100722.4	23.0	38.8	13.1	100802.5	13.8	10.5	3423.0	3600	3423.0
2022-10-25T04:11:22	100735.7	22.9	38.9	13.1	100820.0	13.7	10.3	3462.0	3600	3462.0
2022-10-25T05:11:25	100775.7	22.8	39.0	13.2	100862.5	13.7	10.0	3512.0	3600	3512.0
2022-10-25T06:11:27	100800.1	22.5	39.1	13.1	100882.5	13.1	10.0	3491.0	3600	3491.0
2022-10-25T07:11:28	100836.5	22.4	39.0	13.2	100922.5	13.1	10.1	3558.0	3600	3558.0
2022-10-25T08:11:32	100901.6	22.3	39.1	13.2	100985.0	13.3	10.4	3503.0	3600	3503.0
2022-10-25T09:11:34	100946.6	22.3	39.3	13.3	101027.5	13.4	10.6	3459.0	3600	3459.0
2022-10-25T10:11:36	100971.7	22.4	39.6	13.6	101047.5	14.3	11.0	3410.0	3600	3410.0
2022-10-25T11:11:41	101016.2	23.0	40.1	14.0	101090.0	15.4	11.0	3232.0	3600	3232.0
2022-10-25T12:11:49	101052.1	23.3	40.6	13.8	101120.0	15.6	11.0	3398.0	3600	3398.0
2022-10-25T13:11:57	101061.1	24.1	40.8	13.9	101132.5	16.2	11.0	3382.0	3600	3382.0
2022-10-25T14:11:58	101085.4	24.6	40.3	13.8	101167.5	15.7	11.0	3424.0	3600	3424.0
2022-10-25T15:12:00	101128.1	23.9	40.4	13.6	101205.0	14.3	11.0	3410.0	3600	3410.0
2022-10-25T16:12:07	101143.9	23.5	40.7	13.6	101222.5	14.6	11.2	3371.0	3600	3371.0
2022-10-25T17:12:10	101146.0	23.1	40.7	13.5	101227.5	12.9	10.3	3563.0	3600	3563.0
2022-10-25T18:12:14	101184.6	22.2	40.4	13.4	101270.0	11.7	9.9	3453.0	3600	3453.0
2022-10-25T19:12:17	101221.5	21.5	40.3	13.3	101305.0	11.4	9.4	3466.0	3600	3466.0
2022-10-25T20:12:27	101252.0	21.0	40.0	13.3	101332.0	10.8	9.1	3464.0	3600	3464.0
2022-10-25T21:12:29	101265.5	20.6	39.6	13.3	101346.7	9.2	8.5	3393.0	3600	3393.0
2022-10-25T22:12:36	101289.9	20.3	39.4	13.2	101370.0	9.8	9.0	3333.0	3600	3333.0
2022-10-25T23:12:39	101310.8	19.8	39.1	13.2	101387.5	8.9	8.5	3317.0	3600	3317.0
2022-10-26T00:12:45	101328.7	19.2	38.9	13.2	101405.0	8.3	8.3	3408.0	3600	3408.0
2022-10-26T01:12:49	101336.8	18.7	38.8	13.1	101410.0	8.2	8.3	3259.0	3600	3259.0
2022-10-26T02:12:51	101338.6	18.3	38.7	13.1	101412.5	8.2	8.3	3399.0	3600	3399.0
2022-10-26T03:12:59	101316.6	17.9	38.5	13.1	101387.5	7.3	7.8	3347.0	3600	3347.0
2022-10-26T04:13:00	101307.3	17.5	38.3	13.1	101375.0	7.2	7.8	3397.0	3600	3397.0
2022-10-26T05:13:07	101307.5	17.2	38.1	13.1	101375.0	6.3	7.4	3404.0	3600	3404.0
2022-10-26T06:13:10	101316.7	16.7	38.0	13.1	101385.0	6.2	7.4	3338.0	3600	3338.0
2022-10-26T07:13:12	101307.6	16.3	37.8	13.0	101380.0	6.1	7.3	3385.0	3600	3385.0
2022-10-26T08:13:14	101331.3	16.1	37.8	13.2	101402.5	6.9	7.7	3284.0	3600	3284.0
2022-10-26T09:13:20	101351.9	16.6	38.0	14.3	101422.5	9.3	9.0	3179.0	3600	3179.0
2022-10-26T10:13:27	101363.2	18.0	38.2	14.3	101432.5	11.5	10.3	3343.0	3600	3343.0
2022-10-26T11:13:29	101366.7	19.5	38.6	14.2	101432.5	13.8	11.2	3299.0	3600	3299.0
2022-10-26T12:13:32	101368.8	21.1	39.1	14.1	101430.0	15.8	11.2	3266.0	3600	3266.0
2022-10-26T13:13:33	101347.9	23.6	38.7	14.1	101407.5	17.2	11.3	3288.0	3600	3288.0
2022-10-26T14:13:41	101335.9	25.8	37.6	14.1	101400.0	17.7	11.3	3306.0	3600	3306.0
2022-10-26T15:13:51	101342.0	26.6	36.9	14.0	101415.0	17.6	11.2	3401.0	3600	3401.0
2022-10-26T16:13:58	101375.5	25.8	37.4	13.7	101447.5	16.7	11.2	3422.0	3600	3422.0
2022-10-26T17:14:01	101398.9	24.9	38.1	13.6	101480.0	14.6	10.6	3388.0	3600	3388.0
2022-10-26T18:14:02	101437.7	23.8	38.7	13.4	101522.0	13.3	10.5	3249.0	3600	3249.0
2022-10-26T19:14:07	101497.6	23.4	38.9	13.4	101583.3	13.4	10.6	3428.0	3600	3428.0
2022-10-26T20:14:14	101555.4	23.1	38.9	13.4	101640.0	12.2	10.0	3343.0	3600	3343.0
2022-10-26T21:14:20	101596.3	22.6	38.9	13.3	101680.0	11.0	9.6	3407.0	3600	3407.0
2022-10-26T22:14:25	101664.8	22.1	38.8	13.3	101747.5	10.2	9.2	3350.0	3600	3350.0
2022-10-26T23:14:30	101707.6	21.7	38.6	13.3	101792.5	10.2	9.3	3366.0	3600	3366.0
2022-10-27T00:14:31	101739.2	21.2	38.6	13.3	101817.5	10.6	9.6	3298.0	3600	3298.0
2022-10-27T01:14:40	101777.6	20.8	38.5	13.2	101857.5	10.5	9.6	3343.0	3600	3343.0
2022-10-27T02:14:47	101836.5	20.4	38.6	13.2	101914.0	10.5	9.6	3287.0	3600	3287.0
2022-10-27T03:14:55	101873.4	20.0	38.6	13.2	101943.3	9.8	9.2	3209.0	3600	3209.0
2022-10-27T04:15:00	101891.0	19.6	38.6	13.2	101970.0	9.8	9.3	3283.0	3600	3283.0
2022-10-27T05:15:06	101941.1	19.2	38.5	13.1	102022.5	9.0	8.8	3302.0	3600	3302.0
2022-10-27T06:15:12	102001.5	18.9	38.4	13.1	102080.0	9.0	8.8	3153.0	3600	3153.0
2022-10-27T07:15:19	102033.7	18.6	38.3	13.1	102107.5	8.6	8.6	3106.0	3600	3106.0
2022-10-27T08:15:24	102057.6	18.5	38.2	13.3	102127.5	10.0	9.4	3268.0	3600	3268.0
2022-10-27T09:15:29	102101.6	19.2	38.3	14.0	102175.0	12.3	10.9	3090.0	3600	3090.0
2022-10-27T10:15:36	102137.6	20.5	38.3	14.2	102205.0	14.2	12.2	2967.0	3600	2967.0
2022-10-27T11:15:40	102131.8	22.3	38.2	14.2	102187.5	16.7	13.4	3095.0	3600	3095.0
2022-10-27T12:15:43	102124.6	24.7	38.0	14.1	102170.0	19.1	13.6	3212.0	3600	3212.0
2022-10-27T13:15:47	102094.2	27.0	37.3	14.1	102142.5	20.1	13.3	3105.0	3600	3105.0
2022-10-27T14:15:51	102054.5	28.6	36.6	14.0	102097.5	20.4	13.1	3026.0	3600	3026.0
2022-10-27T15:15:53	102011.6	28.8	36.5	13.9	102060.0	19.9	12.6	3293.0	3600	3293.0
2022-10-27T16:15:58	101982.8	27.9	37.3	13.7	102042.5	18.5	12.2	3222.0	3600	3222.0
2022-10-27T17:15:59	101948.9	26.8	38.1	13.6	102022.5	15.8	11.5	3216.0	3600	3216.0
2022-10-27T18:16:02	101931.2	25.9	38.5	13.5	102005.0	14.8	11.4	3248.0	3600	3248.0
2022-10-27T19:16:04	101897.2	25.3	38.6	13.4	101975.0	13.9	11.0	3219.0	3600	3219.0
2022-10-27T20:16:10	101863.8	24.8	38.5	13.4	101932.5	13.3	10.8	3314.0	3600	3314.0
2022-10-27T21:16:14	101841.5	24.3	38.4	13.4	101910.0	12.8	10.6	3234.0	3600	3234.0
2022-10-27T22:16:18	101797.9	23.9	38.3	13.3	101867.5	12.8	10.6	3265.0	3600	3265.0
2022-10-27T23:16:24	101754.5	23.7	38.3	13.3	101827.5	12.6	10.4	3326.0	3600	3326.0
2022-10-28T00:16:35	101730.8	23.5	38.4	13.3	101792.5	12.7	10.5	3274.0	3600	3274.0
2022-10-28T01:16:43	101712.0	23.3	38.4	13.3	101785.0	12.9	10.5	3311.0	3600	3311.0
2022-10-28T02:16:45	101709.6	23.2	38.4	13.2	101777.5	12.9	10.5	3309.0	3600	3309.0
2022-10-28T03:16:49	101676.4	22.9	38.3	13.2	101745.0	11.8	10.0	3351.0	3600	3351.0
2022-10-28T04:17:00	101660.3	22.5	38.3	13.2	101730.0	11.6	10.0	3355.0	3600	3355.0
2022-10-28T05:17:07	101653.1	22.3	38.3	13.1	101725.0	11.3	9.9	3263.0	3600	3263.0
2022-10-28T06:17:09	101627.6	22.0	38.2	13.1	101697.5	11.0	9.8	3352.0	3600	3352.0
2022-10-28T07:17:20	101600.9	21.8	38.2	13.1	101665.0	11.6	10.1	3267.0	3600	3267.0
2022-10-28T08:17:24	101587.6	21.8	38.3	13.3	101660.0	12.9	10.7	3351.0	3600	3351.0
2022-10-28T09:17:33	101598.8	22.6	38.4	13.7	101666.0	15.2	11.5	3282.0	3600	3282.0
2022-10-28T10:17:35	101585.4	24.3	38.2	14.2	101635.0	17.9	12.8	3227.0	3600	3227.0
2022-10-28T11:17:36	101553.3	25.7	38.1	14.1	101602.5	20.0	13.6	3318.0	3600	3318.0
2022-10-28T12:17:43	101510.9	27.5	38.0	14.0	101550.0	21.4	13.7	3341.0	3600	3341.0
2022-10-28T13:17:45	101478.4	29.4	37.2	13.9	101522.5	22.4	13.7	3361.0	3600	3361.0
2022-10-28T14:17:52	101433.5	30.6	36.6	14.0	101472.5	22.3	13.5	3371.0	3600	3371.0
2022-10-28T15:18:01	101400.2	30.7	36.5	13.9	101453.3	21.8	13.4	3100.0	3600	3100.0
2022-10-28T16:18:03	101394.3	29.9	37.1	13.7	101452.5	20.4	12.8	3396.0	3600	3396.0
2022-10-28T17:18:07	101379.1	28.9	37.9	13.6	101450.0	18.1	12.1	3447.0	3600	3447.0
2022-10-28T18:18:10	101376.9	28.1	38.3	13.5	101452.5	17.0	11.7	3382.0	3600	3382.0
2022-10-28T19:18:13	101384.9	27.6	38.3	13.4	101464.0	16.2	11.7	3415.0	3600	3415.0
2022-10-28T20:18:18	101383.3	27.1	38.2	13.4	101460.0	15.5	11.5	3453.0	3600	3453.0
2022-10-28T21:18:21	101413.4	26.7	38.2	13.4	101497.5	15.2	11.4	3364.0	3600	3364.0
2022-10-28T22:18:22	101449.2	26.5	38.1	13.3	101522.5	15.6	11.3	3510.0	3600	3510.0
2022-10-28T23:18:31	101462.9	26.2	38.0	13.3	101540.0	15.8	11.1	3438.0	3600	3438.0
2022-10-29T00:18:37	101510.7	26.0	38.0	13.3	101582.5	16.6	10.9	3371.0	3600	3371.0
2022-10-29T01:18:40	101539.8	26.0	38.0	13.2	101617.5	16.8	11.0	3456.0	3600	3456.0
2022-10-29T02:18:43	101578.4	25.8	38.1	13.2	101657.5	15.8	11.2	3325.0	3600	3325.0
2022-10-29T03:18:50	101597.7	25.4	38.2	13.2	101685.0	14.9	11.0	3276.0	3600	3276.0
2022-10-29T04:18:52	101622.1	25.1	38.4	13.2	101702.5	14.9	11.2	3249.0	3600	3249.0
2022-10-29T05:18:57	101637.3	24.7	38.3	13.2	101715.0	14.4	11.1	3206.0	3600	3206.0
2022-10-29T06:19:05	101646.8	24.4	38.3	13.1	101727.5	14.3	11.1	3324.0	3600	3324.0
2022-10-29T07:19:12	101664.7	24.1	38.2	13.1	101745.0	13.6	10.9	3256.0	3600	3256.0
2022-10-29T08:19:14	101681.9	24.0	38.3	13.3	101757.5	14.3	11.2	3326.0	3600	3326.0
2022-10-29T09:19:24	101722.8	24.5	38.3	13.8	101795.0	15.7	11.8	3254.0	3600	3254.0
2022-10-29T10:19:33	101736.9	25.7	38.1	14.1	101795.0	17.4	12.5	3005.0	3600	3005.0
2022-10-29T11:19:34	101722.5	26.7	37.9	13.9	101775.0	18.3	12.9	3277.0	3600	3277.0
2022-10-29T12:19:44	101681.3	28.2	37.5	14.1	101727.5	19.8	13.5	3362.0	3600	3362.0
2022-10-29T13:19:46	101621.1	29.9	36.8	14.0	101660.0	21.1	13.8	3304.0	3600	3304.0
2022-10-29T14:19:49	101566.4	30.8	36.4	13.9	101607.5	20.7	13.3	3160.0	3600	3160.0
2022-10-29T15:19:59	101537.2	30.1	36.6	13.7	101590.0	19.3	13.0	3534.0	3600	3534.0
2022-10-29T16:20:06	101516.5	29.4	37.2	13.6	101580.0	18.8	13.1	3451.0	3600	3451.0
2022-10-29T17:20:12	101515.6	28.7	37.5	13.5	101587.5	17.0	12.6	3450.0	3600	3450.0
2022-10-29T18:20:17	101509.0	28.0	37.7	13.5	101577.5	16.1	12.4	3505.0	3600	3505.0
2022-10-29T19:20:22	101502.4	27.5	37.7	13.3	101575.0	15.2	12.0	3329.0	3600	3329.0
2022-10-29T20:20:25	101497.3	27.0	37.6	13.3	101562.5	14.7	11.9	3450.0	3600	3450.0
2022-10-29T21:20:31	101469.9	26.5	37.5	13.4	101540.0	14.4	11.8	3499.0	3600	3499.0
2022-10-29T22:20:34	101482.1	26.1	37.4	13.3	101555.0	14.2	11.7	3377.0	3600	3377.0
2022-10-29T23:20:38	101468.9	25.6	37.4	13.3	101527.5	13.6	11.4	3301.0	3600	3301.0
2022-10-30T00:20:43	101448.6	25.3	37.3	13.2	101515.0	13.8	11.5	3436.0	3600	3436.0
2022-10-30T01:20:46	101434.7	24.9	37.3	13.2	101500.0	12.7	10.7	3515.0	3600	3515.0
2022-10-30T02:20:48	101374.2	24.3	37.2	13.2	101440.0	12.8	11.0	3336.0	3600	3336.0
2022-10-30T02:20:50	101349.0	23.9	37.2	13.2	101420.0	12.6	10.8	3414.0	3600	3414.0
2022-10-30T03:20:51	101344.4	23.5	37.2	13.2	101412.5	12.3	10.6	3434.0	3600	3434.0
2022-10-30T04:21:02	101306.6	23.2	37.2	13.2	101377.5	12.0	10.5	3407.0	3600	3407.0
2022-10-30T05:21:10	101315.6	22.9	37.2	13.1	101390.0	12.4	10.8	3511.0	3600	3511.0
2022-10-30T06:21:11	101301.9	22.7	37.2	13.1	101367.5	12.3	10.6	3494.0	3600	3494.0
2022-10-30T07:21:17	101308.4	22.6	37.3	13.2	101375.0	12.6	10.8	3522.0	3600	3522.0
2022-10-30T08:21:23	101336.3	22.9	37.5	13.6	101407.5	14.6	11.7	3380.0	3600	3380.0
2022-10-30T09:21:24	101345.1	24.1	37.5	14.0	101405.0	16.9	12.2	3488.0	3600	3488.0
2022-10-30T10:21:28	101356.2	25.7	37.6	14.1	101412.5	19.1	12.4	3420.0	3600	3420.0
2022-10-30T11:21:34	101334.6	27.3	37.8	14.0	101382.5	20.4	11.9	3445.0	3600	3445.0
2022-10-30T12:21:43	101334.5	29.1	37.3	14.0	101380.0	21.2	12.2	3479.0	3600	3479.0
2022-10-30T13:21:45	101319.7	30.4	36.7	14.0	101367.5	21.6	12.3	3222.0	3600	3222.0
2022-10-30T14:21:53	101304.3	30.7	36.4	13.8	101360.0	21.4	12.4	3472.0	3600	3472.0
2022-10-30T15:22:00	101306.9	30.1	37.0	13.6	101367.5	19.9	12.1	3535.0	3600	3535.0
2022-10-30T16:22:03	101311.4	28.9	37.8	13.5	101390.0	16.4	11.4	3543.0	3600	3543.0
2022-10-30T17:22:05	101316.5	27.6	38.2	13.5	101405.0	14.1	10.7	3454.0	3600	3454.0
2022-10-30T18:22:06	101336.5	26.6	38.1	13.4	101420.0	13.7	11.1	3482.0	3600	3482.0
2022-10-30T19:22:17	101340.8	25.9	37.9	13.3	101417.5	12.6	10.4	3428.0	3600	3428.0
2022-10-30T20:22:23	101333.6	25.2	37.6	13.4	101410.0	11.4	9.9	3541.0	3600	3541.0
2022-10-30T21:22:31	101341.7	24.4	37.5	13.4	101422.5	11.4	10.0	3428.0	3600	3428.0
2022-10-30T22:22:38	101359.9	23.8	37.4	13.3	101442.5	10.3	9.4	3464.0	3600	3464.0
2022-10-30T23:22:40	101362.6	23.1	37.3	13.2	101440.0	10.2	9.4	3619.0	3600	3619.0
2022-10-31T00:22:49	101380.1	22.4	37.3	13.2	101460.0	9.9	9.2	3408.0	3600	3408.0
2022-10-31T01:22:53	101423.5	21.8	37.3	13.2	101500.0	10.0	9.3	3467.0	3600	3467.0
2022-10-31T02:22:57	101441.4	21.2	37.4	13.2	101517.5	9.3	8.9	3442.0	3600	3442.0
2022-10-31T03:22:59	101467.7	20.6	37.5	13.2	101550.0	9.2	8.9	3349.0	3600	3349.0
2022-10-31T04:23:03	101513.1	20.0	37.5	13.1	101590.0	8.8	8.7	3347.0	3600	3347.0
2022-10-31T05:23:05	101538.0	19.4	37.5	13.1	101614.0	8.5	8.5	3355.0	3600	3355.0
2022-10-31T06:23:08	101567.2	19.2	37.3	13.1	101640.0	8.6	8.6	3333.0	3600	3333.0
2022-10-31T07:23:10	101614.3	19.2	37.2	13.3	101687.5	9.9	9.4	3247.0	3600	3247.0
2022-10-31T08:23:14	101648.4	19.6	37.3	13.6	101720.0	10.8	9.9	3410.0	3600	3410.0
2022-10-31T09:23:23	101669.8	20.3	37.5	14.2	101742.5	12.6	11.1	3048.0	3600	3048.0
2022-10-31T10:23:35	101694.7	21.4	37.9	13.7	101760.0	13.3	11.5	3296.0	3600	3296.0
2022-10-31T11:23:39	101685.9	21.8	38.0	13.7	101755.0	13.5	11.6	3356.0	3600	3356.0
2022-10-31T12:23:47	101666.4	22.1	38.2	13.6	101727.5	13.5	11.6	3445.0	3600	3445.0
2022-10-31T13:23:54	101628.5	22.3	38.2	13.5	101690.0	13.4	11.5	3348.0	3600	3348.0
2022-10-31T14:23:59	101598.9	22.4	38.2	13.4	101657.5	13.4	11.5	3463.0	3600	3463.0
2022-10-31T15:24:02	101557.3	22.2	38.3	13.3	101617.5	13.1	11.3	3398.0	3600	3398.0
2022-10-31T16:24:03	101523.1	22.0	38.3	13.3	101587.5	12.8	11.1	3337.0	3600	3337.0
2022-10-31T17:24:08	101506.9	21.8	38.2	13.2	101572.5	12.4	10.9	3370.0	3600	3370.0
2022-10-31T18:24:16	101482.3	21.7	38.1	13.2	101542.5	12.3	10.9	3430.0	3600	3430.0
2022-10-31T19:24:21	101450.0	21.5	38.0	13.2	101510.0	12.0	10.7	3450.0	3600	3450.0
2022-10-31T20:24:23	101395.2	21.4	37.9	13.1	101455.0	12.1	10.7	3510.0	3600	3510.0
2022-10-31T21:24:24	101344.1	21.4	37.8	13.1	101405.0	12.2	10.8	3460.0	3600	3460.0
2022-10-31T22:24:29	101295.9	21.4	37.8	13.1	101362.5	12.4	10.9	3576.0	3600	3576.0
2022-10-31T23:24:40	101221.8	21.3	37.8	13.1	101280.0	12.3	10.9	3502.0	3600	3502.0
2022-11-01T00:24:43	101126.3	21.2	37.8	13.0	101182.5	12.5	11.0	3401.0	3600	3401.0
2022-11-01T01:24:47	101067.5	21.2	37.9	13.1	101135.0	12.1	10.7	3500.0	3600	3500.0
2022-11-01T02:24:51	101010.0	20.9	38.1	13.1	101070.0	12.0	10.6	3392.0	3600	3392.0
2022-11-01T03:24:52	100959.0	20.6	38.2	13.0	101030.0	11.0	10.0	3454.0	3600	3454.0
2022-11-01T04:25:01	100942.4	20.1	38.1	13.1	101013.3	10.4	9.7	3572.0	3600	3572.0
2022-11-01T05:25:11	100910.9	20.1	38.0	13.1	100975.0	11.0	10.0	3550.0	3600	3550.0
2022-11-01T06:25:14	100898.8	20.2	38.1	13.1	100970.0	11.2	10.2	3531.0	3600	3531.0
2022-11-01T07:25:15	100908.8	20.2	38.3	13.1	100987.5	11.2	10.1	3470.0	3600	3470.0
2022-11-01T08:25:21	100978.9	20.3	38.3	13.2	101055.0	11.7	10.4	3481.0	3600	3481.0
2022-11-01T09:25:29	100998.5	20.7	38.4	13.4	101067.5	12.8	11.2	3575.0	3600	3575.0
2022-11-01T10:25:30	101030.5	21.4	38.2	13.4	101100.0	13.3	11.6	3472.0	3600	3472.0
2022-11-01T11:25:31	101055.2	21.8	38.2	13.5	101130.0	14.5	12.4	3444.0	3600	3444.0
2022-11-01T12:25:35	101084.0	22.4	38.2	13.4	101152.5	15.3	13.0	3437.0	3600	3437.0
2022-11-01T13:25:47	101098.6	23.2	38.3	14.1	101165.0	16.6	13.3	3332.0	3600	3332.0
2022-11-01T14:25:55	101121.8	23.8	38.4	13.7	101190.0	16.5	12.7	3418.0	3600	3418.0
2022-11-01T15:26:01	101157.2	23.8	38.8	13.6	101227.5	16.3	12.1	3454.0	3600	3454.0
2022-11-01T16:26:06	101189.6	23.2	39.3	13.4	101265.0	14.6	11.3	3399.0	3600	3399.0
2022-11-01T17:26:08	101244.8	22.7	39.4	13.4	101327.5	13.4	10.9	3488.0	3600	3488.0
2022-11-01T18:26:13	101308.3	22.1	39.3	13.2	101390.0	12.4	10.3	3593.0	3600	3593.0
2022-11-01T19:26:21	101340.3	21.4	39.2	13.2	101417.5	10.4	9.3	3520.0	3600	3520.0
2022-11-01T20:26:23	101362.6	20.6	38.9	13.2	101440.0	9.7	9.0	3571.0	3600	3571.0
2022-11-01T21:26:29	101389.2	20.1	38.9	13.1	101462.5	9.1	8.8	3468.0	3600	3468.0
2022-11-01T22:26:39	101387.4	19.6	38.5	13.1	101465.0	8.2	8.3	3532.0	3600	3532.0
2022-11-01T23:26:44	101387.0	19.1	38.3	13.1	101457.5	7.6	8.0	3451.0	3600	3451.0
2022-11-02T00:26:47	101385.6	18.1	38.5	13.1	101457.5	7.1	7.8	3470.0	3600	3470.0
2022-11-02T01:26:48	101395.4	17.5	38.8	13.0	101460.0	6.8	7.6	3393.0	3600	3393.0
2022-11-02T02:26:50	101369.9	17.0	38.9	13.1	101440.0	6.6	7.5	3465.0	3600	3465.0
2022-11-02T03:26:58	101344.4	16.7	38.9	13.1	101415.0	6.2	7.4	3463.0	3600	3463.0
2022-11-02T04:27:00	101334.6	16.4	39.0	13.1	101405.0	7.0	7.7	3551.0	3600	3551.0
2022-11-02T05:27:04	101332.4	16.3	39.0	13.1	101407.5	7.4	7.9	3497.0	3600	3497.0
2022-11-02T06:27:06	101325.6	16.2	39.1	13.0	101397.5	7.8	7.8	3556.0	3600	3556.0
2022-11-02T07:27:09	101350.1	16.1	39.3	13.2	101427.5	8.0	7.9	3490.0	3600	3490.0
2022-11-02T08:27:13	101375.4	16.8	39.6	13.5	101454.0	10.3	8.5	3517.0	3600	3517.0
2022-11-02T09:27:17	101398.4	17.6	40.3	14.3	101470.0	12.5	9.1	3424.0	3600	3424.0
2022-11-02T10:27:22	101418.4	19.1	40.9	14.2	101492.5	13.8	9.2	3498.0	3600	3498.0
2022-11-02T11:27:27	101440.4	20.9	40.2	14.1	101522.5	14.2	9.1	3470.0	3600	3470.0
2022-11-02T12:27:29	101457.8	21.5	39.3	14.0	101532.5	14.5	8.3	3450.0	3600	3450.0
2022-11-02T13:27:30	101470.5	22.2	37.4	14.0	101555.0	14.7	7.5	3380.0	3600	3380.0
2022-11-02T14:27:36	101493.2	22.3	36.2	13.8	101585.0	14.4	7.6	3469.0	3600	3469.0
2022-11-02T15:27:48	101544.7	22.2	35.6	13.6	101640.0	13.3	6.9	3536.0	3600	3536.0
2022-11-02T16:27:50	101590.1	21.4	35.2	13.5	101692.5	11.6	6.7	3598.0	3600	3598.0
2022-11-02T17:27:52	101629.8	20.7	35.2	13.4	101732.5	10.2	6.6	3464.0	3600	3464.0
2022-11-02T18:28:03	101669.6	20.1	35.3	13.4	101772.5	8.9	6.5	3410.0	3600	3410.0
2022-11-02T19:28:08	101677.4	19.5	35.4	13.3	101775.0	7.9	6.4	3517.0	3600	3517.0
2022-11-02T20:28:12	101696.9	18.9	35.4	13.3	101790.0	5.1	6.0	3463.0	3600	3463.0
2022-11-02T21:28:13	101710.6	18.2	35.3	13.2	101805.0	4.6	6.1	3496.0	3600	3496.0
2022-11-02T22:28:16	101704.1	17.7	35.3	13.2	101792.5	4.7	6.1	3420.0	3600	3420.0
2022-11-02T23:28:18	101675.4	17.1	35.3	13.2	101758.0	4.7	6.1	3498.0	3600	3498.0
2022-11-03T00:28:25	101650.8	16.7	35.2	13.2	101726.7	4.3	6.0	3370.0	3600	3370.0
2022-11-03T01:28:26	101605.9	16.2	35.2	13.1	101685.0	3.8	5.9	3490.0	3600	3490.0
2022-11-03T02:28:33	101570.1	15.7	35.2	13.1	101652.5	3.2	5.8	3433.0	3600	3433.0
2022-11-03T03:28:39	101529.7	15.3	35.2	13.1	101607.5	3.6	6.0	3478.0	3600	3478.0
2022-11-03T04:28:42	101488.4	15.0	35.2	13.1	101565.0	3.5	6.0	3465.0	3600	3465.0
2022-11-03T05:28:48	101431.1	14.6	35.2	13.0	101505.0	3.5	6.0	3595.0	3600	3595.0
2022-11-03T06:28:52	101396.0	14.3	35.3	13.0	101477.5	3.5	6.0	3522.0	3600	3522.0
2022-11-03T07:28:54	101387.0	14.2	35.5	13.6	101457.5	4.4	6.4	3456.0	3600	3456.0
2022-11-03T08:29:00	101332.7	15.0	35.9	14.3	101402.5	7.3	7.3	3127.0	3600	3127.0
2022-11-03T09:29:06	101261.7	16.4	36.3	14.3	101330.0	9.4	7.6	3542.0	3600	3542.0
2022-11-03T10:29:09	101177.2	17.6	36.9	14.3	101252.5	11.1	7.8	3465.0	3600	3465.0
2022-11-03T11:29:12	101089.2	18.4	36.8	13.9	101167.5	11.1	7.7	3708.0	3600	3708.0
2022-11-03T12:29:15	101003.9	18.6	36.7	13.8	101085.0	11.2	7.8	3667.0	3600	3667.0
2022-11-03T13:29:18	100920.0	19.2	36.6	14.3	100997.5	12.1	8.0	3592.0	3600	3592.0
2022-11-03T14:29:22	100793.5	19.7	36.4	13.8	100875.0	11.5	7.9	3771.0	3600	3771.0
2022-11-03T15:29:32	100705.2	19.5	36.6	13.6	100785.0	10.7	7.8	3893.0	3600	3893.0
2022-11-03T16:29:40	100591.4	19.1	37.0	13.5	100667.5	9.9	7.7	3845.0	3600	3845.0
2022-11-03T17:29:44	100479.5	18.8	37.3	13.4	100564.0	10.0	7.7	3877.0	3600	3877.0
2022-11-03T18:29:48	100380.3	18.8	37.6	13.4	100456.7	10.0	7.7	3890.0	3600	3890.0
2022-11-03T19:29:51	100256.5	18.8	37.7	13.3	100336.0	9.7	7.4	3900.0	3600	3900.0
2022-11-03T20:29:54	100139.1	18.6	37.7	13.2	100225.0	9.0	7.2	3810.0	3600	3810.0
2022-11-03T21:29:56	100090.3	18.4	37.6	13.2	100172.5	8.0	7.0	3887.0	3600	3887.0
2022-11-03T22:29:58	100049.7	18.0	37.5	13.2	100140.0	7.4	7.0	3955.0	3600	3955.0
2022-11-03T23:30:03	100007.5	17.7	37.3	13.2	100092.0	7.3	7.1	3816.0	3600	3816.0
2022-11-04T00:30:05	99947.7	17.5	37.2	13.2	100030.0	7.0	7.1	3863.0	3600	3863.0
2022-11-04T01:30:09	99908.0	17.2	37.1	13.1	99997.5	6.9	7.2	3931.0	3600	3931.0
2022-11-04T02:30:11	99883.0	17.1	37.1	13.1	99967.5	7.3	7.4	3859.0	3600	3859.0
2022-11-04T03:30:22	99849.2	17.1	37.1	13.1	99937.5	7.5	7.5	3940.0	3600	3940.0
2022-11-04T04:30:23	99877.4	17.0	37.1	13.1	99960.0	7.7	7.7	3857.0	3600	3857.0
2022-11-04T05:30:25	99889.4	17.0	37.2	13.1	99980.0	8.2	7.9	3893.0	3600	3893.0
2022-11-04T06:30:30	99950.5	17.1	37.3	13.1	100040.0	9.0	8.4	3815.0	3600	3815.0
2022-11-04T07:30:36	100023.7	17.3	37.3	13.0	100107.5	9.5	8.9	3810.0	3600	3810.0
2022-11-04T08:30:41	100030.6	17.6	37.3	13.1	100105.0	9.8	9.1	3824.0	3600	3824.0
2022-11-04T09:30:49	100044.4	17.9	37.9	13.1	100127.5	10.2	9.2	3777.0	3600	3777.0
2022-11-04T10:30:52	100048.8	18.1	38.8	13.2	100135.0	10.5	9.1	3766.0	3600	3766.0
2022-11-04T11:30:54	100107.6	18.4	39.3	13.2	100197.5	10.5	8.9	3853.0	3600	3853.0
2022-11-04T12:31:02	100141.5	18.4	39.5	13.2	100215.0	10.2	8.9	3997.0	3600	3997.0
2022-11-04T13:31:06	100153.5	18.4	39.5	13.1	100240.0	9.9	8.7	3907.0	3600	3907.0
2022-11-04T14:31:09	100176.1	18.3	39.5	13.1	100255.0	9.7	8.7	3788.0	3600	3788.0
2022-11-04T15:31:14	100218.9	18.2	39.5	13.1	100305.0	9.6	8.6	3804.0	3600	3804.0
2022-11-04T16:31:19	100258.5	18.0	39.5	13.0	100342.5	9.1	8.4	3802.0	3600	3802.0
2022-11-04T17:31:22	100304.0	17.9	39.4	13.0	100387.5	8.8	8.3	3831.0	3600	3831.0
2022-11-04T18:31:23	100351.3	17.8	39.2	12.9	100440.0	8.8	8.2	3692.0	3600	3692.0
2022-11-04T19:31:30	100383.6	17.7	39.1	13.1	100467.5	8.8	8.3	3625.0	3600	3625.0
2022-11-04T20:31:35	100412.2	17.7	39.1	13.1	100497.5	8.8	8.3	3714.0	3600	3714.0
2022-11-04T21:31:39	100457.9	17.6	39.2	13.0	100540.0	8.7	8.3	3804.0	3600	3804.0
2022-11-04T22:31:42	100494.5	17.6	39.4	13.0	100580.0	8.6	8.2	3686.0	3600	3686.0
2022-11-04T23:31:45	100538.8	17.5	39.7	13.0	100625.0	8.8	8.3	3697.0	3600	3697.0
2022-11-05T00:31:47	100578.4	17.5	40.0	13.0	100662.5	8.7	8.3	3614.0	3600	3614.0
2022-11-05T01:31:58	100627.3	17.3	40.0	13.0	100707.5	7.9	8.0	3682.0	3600	3682.0
2022-11-05T02:32:01	100687.0	16.9	40.0	13.1	100770.0	7.6	7.9	3612.0	3600	3612.0
2022-11-05T03:32:08	100730.9	16.8	39.9	13.0	100817.5	7.2	7.7	3626.0	3600	3626.0
2022-11-05T04:32:15	100795.9	16.4	39.8	13.0	100880.0	6.7	7.4	3575.0	3600	3575.0
2022-11-05T05:32:20	100843.0	16.0	39.7	13.0	100925.0	6.2	7.2	3600.0	3600	3600.0
2022-11-05T06:32:22	100900.9	15.7	39.6	13.0	100990.0	5.9	7.1	3543.0	3600	3543.0
2022-11-05T07:32:30	100992.1	15.6	39.6	13.1	101075.0	6.0	7.1	3483.0	3600	3483.0
2022-11-05T08:32:35	101055.1	15.6	39.9	14.0	101130.0	7.0	7.6	3611.0	3600	3611.0
2022-11-05T09:32:37	101111.0	16.5	40.6	14.3	101197.5	8.9	8.1	3546.0	3600	3546.0
2022-11-05T10:32:38	101166.4	17.6	40.9	14.3	101250.0	10.2	8.3	3517.0	3600	3517.0
2022-11-05T11:32:39	101195.9	18.9	41.1	14.3	101280.0	11.3	8.3	3463.0	3600	3463.0
2022-11-05T12:32:47	101209.8	19.9	41.0	14.2	101290.0	11.8	8.2	3507.0	3600	3507.0
2022-11-05T13:32:53	101212.7	20.5	40.4	14.0	101297.5	11.4	7.8	3482.0	3600	3482.0
2022-11-05T14:33:07	101235.1	20.4	39.2	13.8	101320.0	10.8	7.7	3600.0	3600	3600.0
2022-11-05T15:33:14	101260.2	20.1	38.9	13.6	101355.0	9.7	7.4	3465.0	3600	3465.0
2022-11-05T16:33:21	101295.1	19.1	38.8	13.5	101390.0	7.7	6.9	3522.0	3600	3522.0
2022-11-05T17:33:24	101342.5	18.3	38.5	13.5	101440.0	6.9	6.8	3523.0	3600	3523.0
2022-11-05T18:33:29	101385.1	17.8	38.2	13.4	101470.0	6.1	6.7	3413.0	3600	3413.0
2022-11-05T19:33:32	101382.6	17.3	38.0	13.4	101465.0	5.8	6.6	3509.0	3600	3509.0
2022-11-05T20:33:33	101385.3	16.8	37.7	13.4	101475.0	3.9	6.0	3479.0	3600	3479.0
2022-11-05T21:33:34	101410.0	16.4	37.5	13.3	101495.0	4.1	6.2	3434.0	3600	3434.0
2022-11-05T22:33:37	101408.1	16.0	37.3	13.3	101490.0	4.0	6.2	3457.0	3600	3457.0
2022-11-05T23:33:38	101404.6	15.8	37.3	13.3	101487.5	4.8	6.6	3472.0	3600	3472.0
2022-11-06T00:33:47	101381.2	15.7	37.3	13.3	101457.5	5.0	6.6	3551.0	3600	3551.0
2022-11-06T01:33:51	101363.9	15.5	37.4	13.2	101440.0	5.0	6.5	3371.0	3600	3371.0
2022-11-06T02:33:52	101314.4	15.4	37.5	13.2	101390.0	5.4	6.6	3564.0	3600	3564.0
2022-11-06T03:33:53	101290.4	15.2	37.6	13.2	101367.5	5.2	6.4	3624.0	3600	3624.0
2022-11-06T04:33:59	101273.9	14.9	37.6	13.2	101350.0	4.5	6.3	3455.0	3600	3455.0
2022-11-06T05:34:07	101244.6	14.6	37.6	13.1	101315.0	4.3	6.2	3485.0	3600	3485.0
2022-11-06T06:34:09	101235.6	14.4	37.5	13.1	101312.5	4.3	6.2	3562.0	3600	3562.0
2022-11-06T07:34:14	101253.9	14.5	37.6	13.6	101327.5	5.4	6.5	3454.0	3600	3454.0
2022-11-06T08:34:28	101235.1	15.2	37.9	14.3	101310.0	7.1	7.0	3327.0	3600	3327.0
2022-11-06T09:34:31	101207.1	16.4	38.1	14.3	101287.5	8.7	7.4	3533.0	3600	3533.0
2022-11-06T10:34:32	101188.1	17.4	38.4	14.2	101266.0	9.9	7.6	3481.0	3600	3481.0
2022-11-06T11:34:36	101120.8	18.9	38.3	14.2	101200.0	10.8	7.7	3577.0	3600	3577.0
2022-11-06T12:34:46	101056.5	20.3	37.6	14.2	101137.5	11.4	7.9	3581.0	3600	3581.0
2022-11-06T13:34:50	100988.3	20.8	37.0	14.0	101075.0	11.3	7.8	3299.0	3600	3299.0
2022-11-06T14:34:54	100943.8	20.4	36.9	13.7	101030.0	10.8	7.6	3787.0	3600	3787.0
2022-11-06T15:34:57	100892.2	19.8	37.2	13.6	100982.5	9.5	7.3	3664.0	3600	3664.0
2022-11-06T16:35:03	100852.6	18.8	37.5	13.6	100937.5	7.3	6.8	3685.0	3600	3685.0
2022-11-06T17:35:12	100817.4	18.1	37.5	13.4	100907.5	6.5	6.6	3776.0	3600	3776.0
2022-11-06T18:35:14	100810.8	17.7	37.3	13.4	100895.0	6.2	6.5	3734.0	3600	3734.0
2022-11-06T19:35:15	100768.3	17.4	37.2	13.4	100852.5	6.5	6.6	3715.0	3600	3715.0
2022-11-06T20:35:18	100727.6	17.1	37.2	13.3	100808.0	6.5	6.6	3733.0	3600	3733.0
2022-11-06T21:35:26	100658.8	16.9	37.3	13.3	100737.5	6.4	6.7	3667.0	3600	3667.0
2022-11-06T22:35:32	100632.2	16.7	37.5	13.2	100717.5	6.7	6.7	3736.0	3600	3736.0
2022-11-06T23:35:40	100628.4	16.6	37.6	13.2	100712.5	7.0	6.8	3605.0	3600	3605.0
2022-11-07T00:35:45	100591.8	16.4	37.8	13.2	100672.5	6.8	6.9	3626.0	3600	3626.0
2022-11-07T01:35:52	100582.8	16.1	37.9	13.2	100665.0	6.5	6.9	3678.0	3600	3678.0
2022-11-07T02:35:54	100578.8	16.0	38.0	13.2	100662.5	6.5	6.9	3687.0	3600	3687.0
2022-11-07T03:35:58	100598.2	15.9	38.1	13.2	100690.0	7.3	7.1	3653.0	3600	3653.0
2022-11-07T04:36:00	100633.6	16.1	38.1	13.1	100722.5	7.9	7.2	3691.0	3600	3691.0
2022-11-07T05:36:04	100671.8	16.2	38.1	13.1	100760.0	8.1	7.2	3660.0	3600	3660.0
2022-11-07T06:36:11	100706.4	16.3	38.2	13.1	100797.5	8.3	7.3	3629.0	3600	3629.0
2022-11-07T07:36:16	100739.9	16.4	38.3	13.4	100830.0	8.6	7.4	3596.0	3600	3596.0
2022-11-07T08:36:23	100759.0	17.2	38.4	14.3	100852.5	10.2	7.9	3423.0	3600	3423.0
2022-11-07T09:36:28	100784.4	18.6	38.4	14.3	100870.0	11.8	8.4	3601.0	3600	3601.0
2022-11-07T10:36:35	100797.7	19.8	38.6	14.3	100885.0	13.1	8.7	3692.0	3600	3692.0
2022-11-07T11:36:39	100792.3	20.8	38.6	14.2	100880.0	13.7	8.8	3224.0	3600	3224.0
2022-11-07T12:36:40	100783.3	21.6	38.2	14.0	100870.0	13.7	8.7	3319.0	3600	3319.0
2022-11-07T13:36:42	100781.1	21.3	38.2	13.7	100875.0	13.3	8.7	3669.0	3600	3669.0
2022-11-07T14:36:46	100772.9	21.1	38.3	13.6	100862.5	13.1	8.8	3712.0	3600	3712.0
2022-11-07T15:36:55	100765.2	21.0	38.4	13.5	100862.5	12.8	8.9	3841.0	3600	3841.0
2022-11-07T16:36:56	100788.6	20.8	38.5	13.4	100890.0	11.9	8.7	3778.0	3600	3778.0
2022-11-07T17:37:06	100821.2	20.5	38.7	13.4	100922.5	12.0	8.7	3701.0	3600	3701.0
2022-11-07T18:37:14	100856.9	20.6	38.7	13.4	100955.0	12.1	8.8	3709.0	3600	3709.0
2022-11-07T19:37:19	100865.2	20.5	38.6	13.3	100960.0	11.8	8.8	3741.0	3600	3741.0
2022-11-07T20:37:21	100881.1	20.5	38.6	13.3	100977.5	12.0	8.8	3502.0	3600	3502.0
2022-11-07T21:37:25	100910.0	20.5	38.5	13.3	101005.0	11.5	8.7	3658.0	3600	3658.0
2022-11-07T22:37:28	100908.9	20.3	38.4	13.2	101002.5	10.8	8.6	3625.0	3600	3625.0
2022-11-07T23:37:33	100898.1	20.1	38.4	13.2	100990.0	10.6	8.5	3641.0	3600	3641.0
2022-11-08T00:37:46	100889.0	20.0	38.3	13.2	100982.5	10.2	8.5	3536.0	3600	3536.0
2022-11-08T01:37:53	100896.8	19.8	38.3	13.2	100990.0	10.2	8.4	3650.0	3600	3650.0
2022-11-08T02:38:01	100882.4	19.6	38.3	13.1	100970.0	10.1	8.4	3618.0	3600	3618.0
2022-11-08T03:38:04	100877.1	19.5	38.3	13.1	100970.0	9.7	8.3	3550.0	3600	3550.0
2022-11-08T04:38:08	100865.9	19.2	38.2	13.1	100955.0	8.6	8.1	3583.0	3600	3583.0
2022-11-08T05:38:09	100867.8	18.9	38.2	13.1	100947.5	8.5	8.0	3536.0	3600	3536.0
2022-11-08T06:38:11	100864.2	18.6	38.1	13.1	100952.5	7.8	7.7	3589.0	3600	3589.0
2022-11-08T07:38:13	100886.8	18.5	38.1	13.7	100967.5	8.3	8.1	3603.0	3600	3603.0
2022-11-08T08:38:14	100867.7	19.2	38.3	14.8	100945.0	10.9	8.9	3388.0	3600	3388.0
2022-11-08T09:38:20	100841.6	20.5	38.3	14.7	100920.0	12.8	9.4	3487.0	3600	3487.0
2022-11-08T10:38:23	100816.4	21.6	38.3	14.2	100890.0	14.6	9.9	3167.0	3600	3167.0
2022-11-08T11:38:33	100770.6	22.9	38.0	14.1	100842.5	15.6	10.2	3487.0	3600	3487.0
2022-11-08T12:38:39	100706.4	24.6	37.4	14.1	100772.5	16.2	9.9	3624.0	3600	3624.0
2022-11-08T13:38:41	100641.9	24.8	36.9	14.1	100720.0	15.6	9.6	3315.0	3600	3315.0
2022-11-08T14:38:46	100618.0	24.5	37.0	13.8	100695.0	14.9	9.3	3812.0	3600	3812.0
2022-11-08T15:38:48	100573.6	23.7	37.3	13.6	100667.5	13.1	8.7	3767.0	3600	3767.0
2022-11-08T16:38:52	100548.9	22.9	37.5	13.5	100645.0	12.3	8.4	3845.0	3600	3845.0
2022-11-08T17:38:54	100532.3	22.5	37.5	13.5	100627.5	11.6	8.3	3827.0	3600	3827.0
2022-11-08T18:38:57	100535.5	22.2	37.5	13.5	100632.5	11.2	8.1	3744.0	3600	3744.0
2022-11-08T19:38:59	100545.2	21.9	37.4	13.5	100642.5	11.2	8.0	3836.0	3600	3836.0
2022-11-08T20:39:04	100534.8	21.8	37.3	13.4	100627.5	11.3	8.0	3713.0	3600	3713.0
2022-11-08T21:39:07	100541.9	21.6	37.2	13.3	100640.0	11.2	8.0	3689.0	3600	3689.0
2022-11-08T22:39:15	100527.5	21.5	37.1	13.3	100625.0	11.7	8.0	3740.0	3600	3740.0
2022-11-08T23:39:16	100530.1	21.4	37.1	13.3	100627.5	11.8	8.0	3680.0	3600	3680.0
2022-11-09T00:39:20	100555.4	21.3	37.1	13.3	100650.0	12.2	8.2	3708.0	3600	3708.0
2022-11-09T01:39:23	100528.7	21.2	37.2	13.3	100620.0	11.9	8.1	3728.0	3600	3728.0
2022-11-09T02:39:33	100487.7	21.2	37.2	13.3	100580.0	10.7	7.9	3701.0	3600	3701.0
2022-11-09T03:39:41	100458.2	20.9	37.2	13.2	100557.5	10.8	7.9	3720.0	3600	3720.0
2022-11-09T04:39:45	100481.2	20.8	37.2	13.2	100575.0	11.2	8.2	3917.0	3600	3917.0
2022-11-09T05:39:46	100486.6	20.5	37.4	13.2	100577.5	11.3	8.3	3808.0	3600	3808.0
2022-11-09T06:39:49	100513.2	20.6	37.4	13.1	100612.0	11.3	8.5	3689.0	3600	3689.0
2022-11-09T07:39:51	100530.7	20.4	37.5	13.2	100617.5	11.0	9.0	3751.0	3600	3751.0
2022-11-09T08:40:04	100546.9	20.3	37.7	13.2	100643.3	11.4	9.3	3653.0	3600	3653.0
2022-11-09T09:40:05	100581.1	20.4	37.9	13.3	100672.5	12.0	9.6	3723.0	3600	3723.0
2022-11-09T10:40:10	100617.0	20.9	38.2	14.1	100697.5	12.8	9.9	3543.0	3600	3543.0
2022-11-09T11:40:11	100574.7	21.7	38.4	14.1	100652.5	14.4	10.3	3670.0	3600	3670.0
2022-11-09T12:40:18	100548.3	23.0	38.3	14.1	100627.5	15.1	10.3	3388.0	3600	3388.0
2022-11-09T13:40:19	100542.5	23.6	38.0	13.9	100627.5	15.1	10.1	3604.0	3600	3604.0
2022-11-09T14:40:22	100557.5	23.5	37.9	13.7	100652.5	14.2	9.9	3880.0	3600	3880.0
2022-11-09T15:40:24	100580.9	22.9	38.1	13.5	100670.0	12.4	9.6	3731.0	3600	3731.0
2022-11-09T16:40:27	100584.6	22.3	38.4	13.5	100680.0	12.0	9.5	3692.0	3600	3692.0
2022-11-09T17:40:28	100631.8	21.9	38.4	13.4	100732.5	11.8	9.4	3691.0	3600	3691.0
2022-11-09T18:40:31	100730.0	21.7	38.4	13.4	100817.5	11.8	9.2	3593.0	3600	3593.0
2022-11-09T19:40:37	100743.7	21.3	38.4	13.3	100840.0	10.6	8.7	3551.0	3600	3551.0
2022-11-09T20:40:39	100797.9	20.8	38.4	13.3	100890.0	9.6	8.5	3683.0	3600	3683.0
2022-11-09T21:40:44	100844.6	20.6	38.2	13.3	100932.5	10.4	8.9	3697.0	3600	3697.0
2022-11-09T22:40:47	100883.0	20.6	38.2	13.3	100975.0	11.3	8.9	3606.0	3600	3606.0
2022-11-09T23:40:52	100955.3	20.6	38.4	13.2	101047.5	11.7	8.4	3595.0	3600	3595.0
2022-11-10T00:41:00	101007.7	20.6	38.5	13.2	101100.0	11.8	8.4	3615.0	3600	3615.0
2022-11-10T01:41:07	101056.0	20.6	38.5	13.2	101152.5	11.6	8.3	3598.0	3600	3598.0
2022-11-10T02:41:12	101119.9	20.5	38.5	13.1	101215.0	11.6	8.2	3551.0	3600	3551.0
2022-11-10T03:41:18	101185.3	20.5	38.6	13.1	101282.5	11.1	8.1	3539.0	3600	3539.0
2022-11-10T04:41:20	101266.4	20.1	38.6	13.0	101367.5	9.9	7.9	3488.0	3600	3488.0
2022-11-10T05:41:22	101329.7	19.6	38.5	13.1	101432.5	9.2	7.8	3494.0	3600	3494.0
2022-11-10T06:41:30	101437.7	19.2	38.3	13.1	101540.0	8.6	7.7	3545.0	3600	3545.0
2022-11-10T07:41:37	101570.9	19.0	38.2	13.3	101672.5	9.3	8.0	3514.0	3600	3514.0
2022-11-10T08:41:42	101666.8	19.6	38.5	14.3	101757.5	10.9	8.4	3175.0	3600	3175.0
2022-11-10T09:41:52	101747.2	20.5	38.7	14.2	101840.0	11.8	8.7	3023.0	3600	3023.0
2022-11-10T10:41:53	101802.2	21.1	39.0	14.2	101890.0	12.7	8.8	3165.0	3600	3165.0
2022-11-10T11:41:54	101831.4	21.9	39.0	14.2	101915.0	13.6	9.0	3329.0	3600	3329.0
2022-11-10T12:41:56	101849.6	22.7	38.6	14.1	101937.5	13.8	9.0	3227.0	3600	3227.0
2022-11-10T13:41:59	101897.7	22.8	38.3	13.8	101995.0	13.9	9.1	3354.0	3600	3354.0
2022-11-10T14:42:02	101946.3	22.6	38.3	13.7	102037.5	13.4	8.9	3413.0	3600	3413.0
2022-11-10T15:42:04	102011.9	22.3	38.2	13.6	102110.0	12.6	8.3	3372.0	3600	3372.0
2022-11-10T16:42:13	102050.8	21.6	38.2	13.5	102147.5	10.6	8.0	3277.0	3600	3277.0
2022-11-10T17:42:14	102112.3	21.0	38.2	13.5	102217.5	10.1	8.1	3450.0	3600	3450.0
2022-11-10T18:42:16	102164.3	20.9	38.0	13.4	102255.0	11.4	8.2	3364.0	3600	3364.0
2022-11-10T19:42:19	102187.8	20.9	37.9	13.3	102287.5	11.4	8.1	3377.0	3600	3377.0
2022-11-10T20:42:27	102215.0	20.8	37.8	13.3	102310.0	11.2	8.1	3304.0	3600	3304.0
2022-11-10T21:42:29	102286.4	20.5	37.8	13.3	102382.5	9.9	8.0	3218.0	3600	3218.0
2022-11-10T22:42:41	102290.9	19.9	37.7	13.3	102386.0	9.0	7.8	3270.0	3600	3270.0
2022-11-10T23:42:57	102336.6	19.5	37.7	13.2	102427.5	8.7	7.7	3182.0	3600	3182.0
2022-11-11T00:43:02	102354.6	19.0	37.6	13.2	102440.0	8.0	7.6	3226.0	3600	3226.0
2022-11-11T01:43:09	102348.0	18.7	37.6	13.1	102432.5	8.1	7.5	3284.0	3600	3284.0
2022-11-11T02:43:12	102360.4	18.4	37.7	13.2	102450.0	8.2	7.5	3237.0	3600	3237.0
2022-11-11T03:43:18	102369.5	18.2	37.8	13.2	102452.5	8.1	7.5	3282.0	3600	3282.0
2022-11-11T04:43:22	102333.5	18.1	37.8	13.1	102415.0	8.2	7.5	3354.0	3600	3354.0
2022-11-11T05:43:29	102339.9	17.9	38.0	13.1	102420.0	8.2	7.4	3287.0	3600	3287.0
2022-11-11T06:43:34	102389.4	17.8	38.0	13.1	102485.0	7.9	7.3	3330.0	3600	3330.0
2022-11-11T07:43:37	102407.5	17.6	38.1	13.1	102490.0	8.2	7.4	3332.0	3600	3332.0
2022-11-11T08:43:41	102450.7	17.8	38.2	13.2	102542.0	9.1	7.6	3296.0	3600	3296.0
2022-11-11T09:43:42	102513.4	18.4	38.1	13.3	102607.5	10.3	7.8	3246.0	3600	3246.0
2022-11-11T10:43:48	102562.9	19.2	37.9	13.5	102650.0	11.5	8.1	3205.0	3600	3205.0
2022-11-11T11:43:55	102559.6	20.0	37.7	13.8	102637.5	12.1	8.2	3302.0	3600	3302.0
2022-11-11T12:44:00	102517.9	20.8	37.5	14.2	102597.5	12.4	8.3	3280.0	3600	3280.0
2022-11-11T13:44:12	102510.2	21.2	37.3	14.1	102600.0	12.7	8.4	3277.0	3600	3277.0
2022-11-11T14:44:18	102500.3	21.2	37.3	13.7	102595.0	12.3	8.3	3318.0	3600	3318.0
2022-11-11T15:44:19	102522.7	20.8	37.5	13.5	102617.5	10.8	8.0	3279.0	3600	3279.0
2022-11-11T16:44:24	102546.9	20.0	37.8	13.4	102640.0	9.1	7.8	3274.0	3600	3274.0
2022-11-11T17:44:27	102555.0	19.4	37.9	13.4	102647.5	8.9	7.6	3375.0	3600	3375.0
2022-11-11T18:44:33	102570.6	19.0	37.7	13.3	102665.0	8.2	7.3	3183.0	3600	3183.0
2022-11-11T19:44:41	102611.4	18.6	37.6	13.2	102704.0	6.9	6.9	3267.0	3600	3267.0
2022-11-11T20:44:47	102657.0	18.1	37.4	13.2	102746.7	5.3	6.5	3160.0	3600	3160.0
2022-11-11T21:44:50	102686.2	17.4	37.3	13.2	102768.0	5.0	6.5	3231.0	3600	3231.0
2022-11-11T22:44:59	102704.8	16.9	37.1	13.2	102786.7	4.3	6.3	3256.0	3600	3256.0
2022-11-11T23:45:00	102705.9	16.4	37.0	13.1	102782.0	4.6	6.4	3161.0	3600	3161.0
2022-11-12T00:45:09	102704.9	15.9	36.8	13.1	102782.5	4.2	6.2	3185.0	3600	3185.0
2022-11-12T01:45:10	102712.4	15.3	36.7	13.1	102787.5	3.0	5.8	3150.0	3600	3150.0
2022-11-12T02:45:13	102734.8	14.7	36.7	13.1	102810.0	3.5	6.0	3151.0	3600	3151.0
2022-11-12T03:45:19	102758.8	14.2	36.7	13.0	102830.0	2.7	5.7	3211.0	3600	3211.0
2022-11-12T04:45:23	102766.1	13.5	36.7	13.1	102835.0	2.2	5.5	3191.0	3600	3191.0
2022-11-12T05:45:30	102778.4	13.0	36.8	13.0	102850.0	2.4	5.6	3105.0	3600	3105.0
2022-11-12T06:45:33	102811.2	12.6	36.8	13.0	102887.5	2.2	5.6	3064.0	3600	3064.0
2022-11-12T07:45:39	102858.1	12.7	37.0	14.0	102935.0	4.1	6.4	2932.0	3600	2932.0
2022-11-12T08:45:41	102878.6	13.9	37.3	14.4	102950.0	6.1	7.2	2486.0	3600	2486.0
2022-11-12T09:45:49	102881.0	15.4	37.6	14.3	102952.5	8.6	8.1	2982.0	3600	2982.0
2022-11-12T10:46:01	102879.0	17.0	37.5	14.3	102947.5	10.4	8.6	2627.0	3600	2627.0
2022-11-12T11:46:09	102869.7	18.6	37.1	14.4	102945.0	11.8	8.8	2444.0	3600	2444.0
2022-11-12T12:46:19	102829.0	20.3	36.6	14.3	102902.5	12.1	8.6	2820.0	3600	2820.0
2022-11-12T13:46:24	102793.3	21.1	36.6	14.1	102872.5	12.2	8.7	3045.0	3600	3045.0
2022-11-12T14:46:26	102779.9	20.7	37.0	13.7	102857.5	11.3	8.4	3141.0	3600	3141.0
2022-11-12T15:46:40	102765.5	19.9	37.2	13.6	102847.5	8.7	7.7	3165.0	3600	3165.0
2022-11-12T16:46:46	102772.1	18.5	37.6	13.5	102855.0	6.8	7.1	3282.0	3600	3282.0
2022-11-12T17:46:51	102766.0	17.6	37.5	13.4	102837.5	5.3	6.7	3210.0	3600	3210.0
2022-11-12T18:46:59	102762.2	16.8	37.2	13.4	102837.5	4.6	6.5	3203.0	3600	3203.0
2022-11-12T19:47:06	102760.3	16.0	37.0	13.3	102832.5	4.0	6.3	3061.0	3600	3061.0
2022-11-12T20:47:07	102764.2	15.3	36.9	13.3	102832.5	2.9	5.9	3167.0	3600	3167.0
2022-11-12T21:47:09	102747.7	14.7	36.9	13.2	102817.5	3.6	6.2	3091.0	3600	3091.0
2022-11-12T22:47:15	102712.1	14.6	36.9	13.2	102777.5	4.2	6.4	3193.0	3600	3193.0
2022-11-12T23:47:16	102682.1	14.5	36.8	13.2	102752.5	5.0	6.8	3179.0	3600	3179.0
2022-11-13T00:47:22	102653.2	14.5	36.8	13.2	102720.0	5.1	6.8	3175.0	3600	3175.0
2022-11-13T01:47:33	102611.6	14.1	36.9	13.1	102677.5	4.5	6.6	3180.0	3600	3180.0
2022-11-13T02:47:43	102571.8	14.1	36.9	13.1	102635.0	6.0	7.3	3206.0	3600	3206.0
2022-11-13T03:47:49	102528.8	14.7	36.8	13.1	102597.5	7.1	7.8	3140.0	3600	3140.0
2022-11-13T04:47:55	102511.9	15.1	36.7	13.1	102580.0	7.2	7.9	3234.0	3600	3234.0
2022-11-13T05:48:08	102492.8	15.2	36.8	13.1	102562.5	7.5	8.0	3203.0	3600	3203.0
2022-11-13T06:48:12	102460.9	15.5	36.8	13.0	102525.0	7.9	8.2	3192.0	3600	3192.0
2022-11-13T07:48:29	102430.4	15.7	37.0	13.0	102497.5	8.4	8.4	3210.0	3600	3210.0
2022-11-13T08:48:31	102411.1	16.1	37.1	13.1	102480.0	8.9	8.5	3334.0	3600	3334.0
2022-11-13T09:48:39	102394.7	16.4	37.5	13.1	102462.5	9.4	8.4	3256.0	3600	3256.0
2022-11-13T10:48:46	102359.2	16.9	37.8	13.1	102427.5	9.8	8.4	3312.0	3600	3312.0
2022-11-13T11:48:48	102296.9	17.4	38.1	13.2	102370.0	10.1	8.2	3179.0	3600	3179.0
2022-11-13T12:48:51	102245.4	17.9	38.5	13.8	102312.5	10.2	8.0	3210.0	3600	3210.0
2022-11-13T13:48:56	102170.9	18.9	38.2	14.0	102245.0	10.7	8.1	2886.0	3600	2886.0
2022-11-13T14:49:01	102137.0	19.1	37.9	13.6	102215.0	10.1	7.8	3399.0	3600	3399.0
2022-11-13T15:49:02	102110.7	18.4	38.1	13.4	102190.0	8.3	7.4	3365.0	3600	3365.0
2022-11-13T16:49:10	102085.1	17.6	38.4	13.3	102162.5	7.8	7.3	3401.0	3600	3401.0
2022-11-13T17:49:16	102066.3	17.2	38.3	13.3	102140.0	7.1	7.2	3392.0	3600	3392.0
2022-11-13T18:49:19	102045.4	16.9	38.2	13.2	102120.0	6.8	7.0	3226.0	3600	3226.0
2022-11-13T19:49:22	102039.5	16.6	38.3	13.2	102117.5	6.3	6.9	3398.0	3600	3398.0
2022-11-13T20:49:27	102001.9	16.4	38.6	13.1	102077.5	6.1	6.8	3314.0	3600	3314.0
2022-11-13T21:49:40	101975.9	16.1	38.6	13.1	102052.5	5.8	6.7	3215.0	3600	3215.0
2022-11-13T22:49:42	101942.4	15.9	38.4	13.1	102012.5	5.6	6.7	3318.0	3600	3318.0
2022-11-13T23:49:51	101884.3	15.7	38.3	13.1	101957.5	5.5	6.7	3426.0	3600	3426.0
2022-11-14T00:49:52	101835.6	15.4	38.1	13.0	101905.0	5.3	6.6	3373.0	3600	3373.0
2022-11-14T01:49:56	101785.1	15.1	38.0	13.0	101855.0	5.0	6.5	3398.0	3600	3398.0
2022-11-14T02:50:02	101722.5	14.8	38.0	13.0	101792.5	5.1	6.6	3415.0	3600	3415.0
2022-11-14T03:50:08	101672.4	14.9	38.5	13.0	101737.5	5.8	6.9	3460.0	3600	3460.0
2022-11-14T04:50:12	101620.8	14.9	38.8	13.0	101687.5	5.5	6.7	3460.0	3600	3460.0
2022-11-14T05:50:13	101576.9	14.7	39.0	13.0	101645.0	5.0	6.6	3396.0	3600	3396.0
2022-11-14T06:50:15	101548.1	14.4	39.0	13.0	101617.5	4.6	6.4	3516.0	3600	3516.0
2022-11-14T07:50:20	101546.0	14.3	38.9	13.3	101607.5	5.2	6.7	3464.0	3600	3464.0
2022-11-14T08:50:26	101510.4	14.9	39.1	14.2	101582.5	6.7	7.1	3156.0	3600	3156.0
2022-11-14T09:50:28	101493.7	15.7	39.5	14.3	101570.0	8.0	7.4	3437.0	3600	3437.0
2022-11-14T10:50:35	101442.5	16.5	40.1	14.3	101517.5	8.8	7.6	3487.0	3600	3487.0
2022-11-14T11:50:39	101394.6	17.7	40.1	14.2	101465.0	10.0	7.9	3512.0	3600	3512.0
2022-11-14T12:50:49	101353.2	18.9	39.5	14.3	101432.5	10.2	7.8	3467.0	3600	3467.0
2022-11-14T13:50:55	101312.1	19.1	39.0	14.2	101390.0	10.2	7.8	3030.0	3600	3030.0
2022-11-14T14:51:03	101273.2	18.9	38.9	13.7	101355.0	9.6	7.6	3509.0	3600	3509.0
2022-11-14T15:51:07	101233.1	18.2	39.0	13.6	101315.0	7.7	7.2	3631.0	3600	3631.0
2022-11-14T16:51:13	101209.3	17.4	39.1	13.4	101300.0	6.6	6.9	3650.0	3600	3650.0
2022-11-14T17:51:18	101204.0	17.0	38.9	13.4	101280.0	6.4	7.0	3629.0	3600	3629.0
2022-11-14T18:51:23	101166.1	16.8	38.8	13.4	101240.0	6.5	7.0	3615.0	3600	3615.0
2022-11-14T19:51:28	101119.8	16.6	38.8	13.3	101195.0	6.1	6.8	3590.0	3600	3590.0
2022-11-14T20:51:32	101096.0	16.3	38.7	13.3	101175.0	5.4	6.6	3696.0	3600	3696.0
2022-11-14T21:51:36	101075.1	15.9	38.5	13.3	101145.0	5.0	6.5	3670.0	3600	3670.0
2022-11-14T22:51:40	101041.2	15.6	38.4	13.3	101115.0	4.7	6.4	3725.0	3600	3725.0
2022-11-14T23:51:42	101021.2	15.3	38.3	13.2	101087.5	4.4	6.3	3593.0	3600	3593.0
2022-11-15T00:51:47	100977.4	14.9	38.1	13.2	101047.5	4.0	6.1	3620.0	3600	3620.0
2022-11-15T01:51:56	100925.7	14.6	38.0	13.2	100990.0	3.6	6.0	3597.0	3600	3597.0
2022-11-15T02:52:00	100872.3	14.3	38.1	13.1	100942.5	4.2	6.3	3675.0	3600	3675.0
2022-11-15T03:52:09	100835.4	14.2	38.2	13.1	100905.0	4.4	6.4	3552.0	3600	3552.0
2022-11-15T04:52:18	100819.1	14.1	38.2	13.1	100887.5	4.1	6.2	3509.0	3600	3509.0
2022-11-15T05:52:21	100814.5	13.8	38.2	13.1	100887.5	3.6	6.1	3631.0	3600	3631.0
2022-11-15T06:52:27	100808.5	13.4	38.1	13.1	100885.0	3.5	6.1	3631.0	3600	3631.0
2022-11-15T07:52:29	100835.1	13.3	38.1	13.5	100905.0	4.2	6.4	3401.0	3600	3401.0
2022-11-15T08:52:34	100840.5	14.1	38.4	14.4	100912.5	6.6	7.4	3197.0	3600	3197.0
2022-11-15T09:52:42	100829.0	15.3	38.6	14.3	100905.0	8.8	8.0	3609.0	3600	3609.0
2022-11-15T10:52:43	100786.5	17.0	38.7	14.3	100856.0	11.1	8.5	3577.0	3600	3577.0
2022-11-15T11:52:47	100711.6	19.4	38.4	14.2	100790.0	12.4	8.9	3639.0	3600	3639.0
2022-11-15T12:52:49	100666.7	21.1	37.9	14.2	100742.5	12.7	8.8	3555.0	3600	3555.0
2022-11-15T13:52:51	100621.2	21.2	37.7	14.0	100697.5	12.5	8.8	3310.0	3600	3310.0
2022-11-15T14:52:55	100588.1	20.8	37.9	13.6	100672.5	11.5	8.4	3630.0	3600	3630.0
2022-11-15T15:52:59	100558.6	20.0	38.3	13.6	100643.3	10.2	8.2	3713.0	3600	3713.0
2022-11-15T16:53:01	100519.8	19.3	38.6	13.5	100607.5	8.7	7.8	3810.0	3600	3810.0
2022-11-15T17:53:03	100494.2	18.8	38.6	13.4	100582.5	8.8	7.9	3798.0	3600	3798.0
2022-11-15T18:53:09	100481.8	18.5	38.5	13.4	100570.0	8.4	7.8	3908.0	3600	3908.0
2022-11-15T19:53:11	100464.1	18.1	38.4	13.4	100552.5	7.6	7.6	3790.0	3600	3790.0
2022-11-15T20:53:12	100446.2	17.7	38.2	13.3	100527.5	7.0	7.4	3770.0	3600	3770.0
2022-11-15T21:53:13	100428.8	17.2	38.0	13.3	100502.5	5.8	6.9	3815.0	3600	3815.0
2022-11-15T22:53:16	100391.2	16.9	37.8	13.2	100470.0	6.3	7.3	3596.0	3600	3596.0
2022-11-15T23:53:17	100355.9	16.7	37.7	13.2	100435.0	6.2	7.2	3810.0	3600	3810.0
2022-11-16T00:53:22	100340.9	16.4	37.7	13.2	100422.5	5.7	7.0	3774.0	3600	3774.0
2022-11-16T01:53:26	100301.8	16.1	37.6	13.2	100375.0	5.4	6.9	3870.0	3600	3870.0
2022-11-16T02:53:31	100239.2	15.8	37.7	13.2	100312.5	5.1	6.8	3821.0	3600	3821.0
2022-11-16T03:53:33	100210.5	15.5	37.7	13.1	100285.0	4.9	6.7	3819.0	3600	3819.0
2022-11-16T04:53:35	100183.8	15.2	37.7	13.1	100260.0	4.7	6.6	3867.0	3600	3867.0
2022-11-16T05:53:37	100203.9	15.0	37.7	13.1	100277.5	5.0	6.7	3893.0	3600	3893.0
2022-11-16T06:53:40	100217.0	14.9	37.8	13.1	100295.0	5.5	7.0	3795.0	3600	3795.0
2022-11-16T07:53:42	100231.2	14.9	38.1	13.1	100305.0	5.8	7.1	3807.0	3600	3807.0
2022-11-16T08:53:44	100202.5	15.0	38.4	13.1	100270.0	6.0	7.2	3832.0	3600	3832.0
2022-11-16T09:53:53	100153.1	15.0	38.6	13.1	100225.0	6.2	7.3	3931.0	3600	3931.0
2022-11-16T10:53:57	100146.9	15.1	38.9	13.0	100220.0	6.2	7.2	3918.0	3600	3918.0
2022-11-16T11:54:02	100125.0	15.1	39.1	13.0	100205.0	6.2	7.0	3762.0	3600	3762.0
2022-11-16T12:54:10	100119.6	15.1	39.3	13.0	100197.5	6.1	6.8	3892.0	3600	3892.0
2022-11-16T13:54:16	100115.5	15.1	39.4	13.0	100192.5	6.2	6.8	3899.0	3600	3899.0
2022-11-16T14:54:17	100099.8	15.1	39.5	13.0	100177.5	6.3	6.8	4050.0	3600	4050.0
2022-11-16T15:54:22	100075.4	15.1	39.5	13.0	100155.0	6.3	6.7	4009.0	3600	4009.0
2022-11-16T16:54:24	100074.9	15.0	39.4	13.0	100157.5	5.8	6.8	3935.0	3600	3935.0
2022-11-16T17:54:25	100080.5	14.8	39.2	13.0	100165.0	5.6	6.8	3833.0	3600	3833.0
2022-11-16T18:54:29	100080.8	14.7	39.1	13.0	100162.5	5.6	6.7	3869.0	3600	3869.0
2022-11-16T19:54:30	100080.5	14.6	39.1	12.9	100167.5	5.6	6.6	3913.0	3600	3913.0
2022-11-16T20:54:37	100106.7	14.6	39.0	13.0	100190.0	5.8	6.4	3925.0	3600	3925.0
2022-11-16T21:54:39	100111.3	14.5	39.1	12.9	100192.5	5.6	6.2	3994.0	3600	3994.0
2022-11-16T22:54:47	100101.3	14.3	39.0	13.0	100182.5	4.9	6.0	3833.0	3600	3833.0
2022-11-16T23:54:51	100065.6	14.1	38.9	13.0	100140.0	4.7	5.8	3986.0	3600	3986.0
2022-11-17T00:54:55	100036.4	14.0	38.8	13.0	100117.5	4.3	5.6	3946.0	3600	3946.0
2022-11-17T01:54:57	100013.8	13.8	38.6	12.9	100090.0	3.8	5.5	3987.0	3600	3987.0
2022-11-17T02:55:02	99977.4	13.6	38.5	12.9	100050.0	3.6	5.4	3997.0	3600	3997.0
2022-11-17T03:55:07	99934.3	13.4	38.3	12.9	100015.0	3.6	5.4	3929.0	3600	3929.0
2022-11-17T04:55:12	99909.8	13.3	38.3	12.9	99987.5	3.5	5.4	3954.0	3600	3954.0
2022-11-17T05:55:17	99863.7	13.2	38.4	12.9	99942.5	3.7	5.5	3936.0	3600	3936.0
2022-11-17T06:55:25	99822.1	13.1	38.5	13.0	99900.0	3.8	5.5	3869.0	3600	3869.0
2022-11-17T07:55:33	99805.8	13.1	38.7	12.9	99887.5	4.1	5.6	4031.0	3600	4031.0
2022-11-17T08:55:39	99767.3	13.2	39.0	13.0	99850.0	4.5	5.6	4033.0	3600	4033.0
2022-11-17T09:55:43	99780.4	13.3	39.4	12.9	99865.0	4.5	5.6	3982.0	3600	3982.0
2022-11-17T10:55:48	99737.2	13.4	39.6	13.0	99817.5	4.7	5.7	4068.0	3600	4068.0
2022-11-17T11:55:56	99684.4	13.5	39.8	13.0	99765.0	4.8	5.8	4033.0	3600	4033.0
2022-11-17T12:55:58	99650.0	13.5	39.9	13.0	99735.0	4.9	5.8	4113.0	3600	4113.0
2022-11-17T13:56:04	99630.0	13.6	40.0	13.0	99712.5	4.9	5.7	4086.0	3600	4086.0
2022-11-17T14:56:08	99616.8	13.5	39.9	12.9	99712.5	4.6	5.7	4046.0	3600	4046.0
2022-11-17T15:56:11	99623.3	13.2	39.7	12.9	99707.5	3.9	5.7	4071.0	3600	4071.0
2022-11-17T16:56:12	99625.4	12.9	39.6	12.9	99710.0	3.5	5.7	4061.0	3600	4061.0
2022-11-17T17:56:14	99621.8	12.7	39.5	12.9	99707.5	3.3	5.7	4056.0	3600	4056.0
2022-11-17T18:56:19	99641.8	12.6	39.5	12.9	99730.0	3.3	5.7	4092.0	3600	4092.0
2022-11-17T19:56:24	99660.1	12.4	39.5	12.9	99745.0	3.0	5.6	4044.0	3600	4044.0
2022-11-17T20:56:25	99680.9	12.3	39.5	12.9	99762.5	2.7	5.5	3874.0	3600	3874.0
2022-11-17T21:56:26	99708.9	12.0	39.4	12.9	99790.0	2.3	5.3	3961.0	3600	3961.0
2022-11-17T22:56:33	99739.2	11.8	39.4	12.9	99817.5	2.2	5.2	4003.0	3600	4003.0
2022-11-17T23:56:36	99766.5	11.6	39.4	12.9	99845.0	2.1	5.2	3934.0	3600	3934.0
2022-11-18T00:56:40	99785.2	11.4	39.3	12.9	99867.5	1.9	5.1	3893.0	3600	3893.0
2022-11-18T01:56:47	99807.2	11.2	39.3	12.9	99890.0	1.5	5.0	3976.0	3600	3976.0
2022-11-18T02:56:48	99823.3	11.0	39.0	12.9	99910.0	0.9	4.8	3958.0	3600	3958.0
2022-11-18T03:56:51	99843.0	10.7	38.8	12.9	99925.0	0.8	4.7	3959.0	3600	3959.0
2022-11-18T04:56:54	99892.7	10.5	38.6	12.9	99977.5	0.5	4.6	3884.0	3600	3884.0
2022-11-18T05:56:57	99954.2	10.2	38.5	12.9	100040.0	-0.1	4.5	3952.0	3600	3952.0
2022-11-18T06:57:00	100014.6	10.0	38.2	12.9	100095.0	-0.3	4.5	3915.0	3600	3915.0
2022-11-18T07:57:06	100067.5	9.7	38.1	12.8	100145.0	-0.4	4.3	3930.0	3600	3930.0
2022-11-18T08:57:11	100120.0	9.5	38.0	13.0	100200.0	-0.3	4.2	3904.0	3600	3904.0
2022-11-18T09:57:15	100194.7	9.5	38.0	13.1	100280.0	-0.1	4.1	3898.0	3600	3898.0
2022-11-18T10:57:19	100270.9	9.4	38.0	13.1	100352.5	-0.6	3.9	3816.0	3600	3816.0
2022-11-18T11:57:22	100321.0	9.2	37.9	13.0	100397.5	-0.8	3.8	3920.0	3600	3920.0
2022-11-18T12:57:27	100351.1	9.0	37.9	12.9	100432.5	-0.6	3.9	3801.0	3600	3801.0
2022-11-18T13:57:30	100390.9	8.9	37.8	12.9	100472.5	-0.5	3.8	3865.0	3600	3865.0
2022-11-18T14:57:34	100438.8	8.5	37.8	12.9	100520.0	-1.3	3.6	3837.0	3600	3837.0
2022-11-18T15:57:37	100507.8	8.0	37.8	12.9	100590.0	-2.0	3.5	3769.0	3600	3769.0
2022-11-18T16:57:41	100567.8	7.5	37.7	12.8	100650.0	-2.1	3.4	3739.0	3600	3739.0
2022-11-18T17:57:48	100627.7	7.1	37.5	12.9	100710.0	-3.0	3.3	3666.0	3600	3666.0
2022-11-18T18:57:49	100671.7	6.5	37.0	12.8	100755.0	-4.4	3.2	3657.0	3600	3657.0
2022-11-18T19:57:53	100720.9	5.9	36.8	12.8	100795.0	-4.6	3.3	3719.0	3600	3719.0
2022-11-18T20:57:57	100769.0	5.4	36.5	12.8	100847.5	-5.0	3.2	3705.0	3600	3705.0
2022-11-18T21:58:01	100815.4	4.9	36.6	12.8	100892.5	-4.8	3.2	3749.0	3600	3749.0
2022-11-18T22:58:13	100841.5	4.5	36.5	12.8	100917.5	-5.2	3.2	3729.0	3600	3729.0
2022-11-18T23:58:16	100882.9	4.1	36.2	12.8	100957.5	-5.5	3.1	3722.0	3600	3722.0
2022-11-19T00:58:24	100907.9	3.4	35.4	12.8	100977.5	-7.2	2.8	3687.0	3600	3687.0
2022-11-19T01:58:29	100929.0	2.7	34.5	12.8	100995.0	-7.5	2.8	3684.0	3600	3684.0
2022-11-19T02:58:34	100948.9	2.2	34.0	12.8	101020.0	-7.5	2.8	3715.0	3600	3715.0
2022-11-19T03:58:37	100954.1	1.9	33.8	12.8	101025.0	-8.1	2.6	3556.0	3600	3556.0
2022-11-19T04:58:41	100976.1	1.5	33.3	12.7	101044.0	-7.7	2.7	3582.0	3600	3582.0
2022-11-19T05:58:49	100962.3	1.4	33.6	12.8	101023.3	-7.1	2.8	3697.0	3600	3697.0
2022-11-19T06:58:59	100961.3	1.5	34.3	12.8	101030.0	-6.9	2.9	3646.0	3600	3646.0
2022-11-19T07:59:08	100965.9	1.5	34.5	12.9	101030.0	-6.3	3.0	3598.0	3600	3598.0
2022-11-19T08:59:10	100953.3	2.4	35.7	13.5	101010.0	-4.0	3.6	3671.0	3600	3671.0
2022-11-19T09:59:13	100935.0	4.0	36.9	13.8	101000.0	-2.3	4.0	3591.0	3600	3591.0
2022-11-19T10:59:15	100918.7	5.2	37.7	14.3	100980.0	-0.6	4.2	3357.0	3600	3357.0
2022-11-19T11:59:21	100856.0	6.5	38.2	14.2	100912.5	0.1	4.2	3406.0	3600	3406.0
2022-11-19T12:59:30	100799.4	7.6	38.7	14.4	100865.0	1.4	4.3	3252.0	3600	3252.0
2022-11-19T13:59:36	100787.9	8.3	38.8	13.7	100857.5	1.1	4.3	3660.0	3600	3660.0
2022-11-19T14:59:40	100764.5	7.8	39.2	13.5	100840.0	0.7	4.3	3633.0	3600	3633.0
2022-11-19T15:59:41	100751.9	7.8	39.4	13.4	100827.5	0.4	4.2	3699.0	3600	3699.0
2022-11-19T16:59:44	100732.3	7.7	39.5	13.4	100807.5	0.1	4.3	3709.0	3600	3709.0
2022-11-19T17:59:52	100729.3	7.7	39.8	13.3	100805.0	-0.2	4.5	3592.0	3600	3592.0
2022-11-19T18:59:53	100736.6	7.7	40.0	13.3	100810.0	-0.3	4.6	3697.0	3600	3697.0
2022-11-19T19:59:59	100741.0	7.7	40.2	13.2	100813.3	-0.4	4.5	3698.0	3600	3698.0
2022-11-19T21:00:04	100763.1	7.7	40.4	13.2	100838.0	-0.6	4.4	3715.0	3600	3715.0
2022-11-19T22:00:09	100757.6	7.6	40.5	13.1	100825.0	-0.8	4.4	3658.0	3600	3658.0
2022-11-19T23:00:18	100725.4	7.6	40.4	13.1	100795.0	-0.7	4.4	3592.0	3600	3592.0
2022-11-20T00:00:20	100701.4	7.5	40.2	13.1	100770.0	-0.9	4.2	3560.0	3600	3560.0
2022-11-20T01:00:23	100691.5	7.4	40.1	13.0	100760.0	-1.3	4.1	3734.0	3600	3734.0
2022-11-20T02:00:31	100672.2	7.1	39.8	13.0	100735.0	-1.8	4.0	3617.0	3600	3617.0
2022-11-20T03:00:32	100641.7	6.9	39.7	12.9	100710.0	-1.8	4.0	3661.0	3600	3661.0
2022-11-20T04:00:39	100616.1	7.0	39.5	12.9	100680.0	-1.4	4.1	3694.0	3600	3694.0
2022-11-20T05:00:46	100602.4	7.2	39.3	12.9	100667.5	-0.9	4.3	3637.0	3600	3637.0
2022-11-20T06:00:53	100566.8	7.3	39.3	12.9	100632.5	-0.8	4.3	3731.0	3600	3731.0
2022-11-20T07:00:56	100545.8	7.4	39.4	12.9	100615.0	-0.8	4.3	3690.0	3600	3690.0
2022-11-20T08:01:02	100536.2	7.4	39.4	12.9	100602.5	-0.8	4.2	3780.0	3600	3780.0
2022-11-20T09:01:05	100520.2	7.6	39.3	12.9	100587.5	-0.4	4.3	3820.0	3600	3820.0
2022-11-20T10:01:11	100511.3	7.9	39.3	12.9	100578.0	-0.2	4.3	3771.0	3600	3771.0
2022-11-20T11:01:15	100482.2	8.2	39.4	13.0	100547.5	0.3	4.4	3832.0	3600	3832.0
2022-11-20T12:01:21	100449.1	8.5	39.5	13.1	100512.5	0.6	4.5	3609.0	3600	3609.0
2022-11-20T13:01:29	100412.5	8.6	39.6	13.1	100482.5	0.3	4.5	3637.0	3600	3637.0
2022-11-20T14:01:31	100378.3	8.7	39.8	13.2	100452.5	0.5	4.6	3696.0	3600	3696.0
2022-11-20T15:01:41	100380.6	8.8	39.9	13.0	100450.0	0.3	4.5	3843.0	3600	3843.0
2022-11-20T16:01:43	100349.6	8.5	39.9	12.9	100415.0	-0.3	4.3	3686.0	3600	3686.0
2022-11-20T17:01:45	100327.4	7.9	39.6	12.8	100400.0	-1.2	4.2	3886.0	3600	3886.0
2022-11-20T18:01:46	100323.5	7.3	39.2	12.8	100387.5	-1.8	4.0	3746.0	3600	3746.0
2022-11-20T19:01:49	100294.8	6.8	38.8	12.8	100362.5	-2.2	3.9	3777.0	3600	3777.0
2022-11-20T20:01:52	100285.3	6.5	39.2	12.8	100350.0	-2.4	3.9	3934.0	3600	3934.0
2022-11-20T21:01:58	100228.1	6.2	38.4	12.8	100287.5	-3.6	3.6	3876.0	3600	3876.0
2022-11-20T22:01:59	100172.9	5.7	37.6	12.8	100235.0	-4.2	3.5	3767.0	3600	3767.0
2022-11-20T23:02:02	100113.5	5.3	37.7	12.8	100175.0	-3.9	3.6	3868.0	3600	3868.0
2022-11-21T00:02:09	100052.3	5.7	39.1	12.8	100107.5	-2.8	3.9	3750.0	3600	3750.0
2022-11-21T01:02:10	99981.4	6.0	39.1	12.8	100042.5	-2.3	4.1	3701.0	3600	3701.0
2022-11-21T02:02:13	99942.1	6.2	38.9	12.8	100005.0	-2.1	4.1	3853.0	3600	3853.0
2022-11-21T03:02:23	99905.2	6.2	38.7	12.8	99967.5	-2.0	4.1	3927.0	3600	3927.0
2022-11-21T04:02:28	99900.9	6.2	38.6	12.8	99972.5	-2.2	4.1	3779.0	3600	3779.0
2022-11-21T05:02:39	99922.1	6.0	38.5	12.8	99992.5	-2.5	4.0	3863.0	3600	3863.0
2022-11-21T06:02:50	99935.8	6.0	38.4	12.8	100000.0	-2.4	4.0	3835.0	3600	3835.0
2022-11-21T07:02:54	99958.4	6.1	38.2	12.8	100030.0	-2.4	4.0	3871.0	3600	3871.0
2022-11-21T08:02:59	100019.5	6.1	38.2	12.8	100085.0	-2.8	3.9	3791.0	3600	3791.0
2022-11-21T09:03:05	100068.3	6.2	38.2	12.8	100132.5	-2.8	4.0	3848.0	3600	3848.0
2022-11-21T10:03:08	100087.0	6.4	38.2	12.9	100155.0	-2.2	4.1	3759.0	3600	3759.0
2022-11-21T11:03:15	100120.2	6.7	38.2	12.9	100185.0	-1.8	4.2	3792.0	3600	3792.0
2022-11-21T12:03:19	100121.1	7.1	38.2	12.9	100187.5	-1.0	4.4	3921.0	3600	3921.0
2022-11-21T13:03:25	100093.1	7.6	38.0	13.0	100152.5	-0.1	4.6	3845.0	3600	3845.0
2022-11-21T14:03:32	100045.6	7.8	37.9	12.9	100105.0	0.1	4.5	3867.0	3600	3867.0
2022-11-21T15:03:34	100019.4	7.8	38.0	12.9	100087.5	-0.9	4.2	3842.0	3600	3842.0
2022-11-21T16:03:35	100026.2	7.1	38.1	12.8	100087.5	-2.5	3.9	3871.0	3600	3871.0
2022-11-21T17:03:36	99993.9	6.4	38.1	12.8	100062.5	-3.3	3.7	3792.0	3600	3792.0
2022-11-21T18:03:39	99964.6	6.3	38.1	12.8	100027.5	-2.5	4.0	3812.0	3600	3812.0
2022-11-21T19:03:41	99924.1	6.5	38.0	12.8	99980.0	-2.1	4.1	3853.0	3600	3853.0
2022-11-21T20:03:49	99839.3	6.6	37.9	12.8	99897.5	-2.0	4.0	3861.0	3600	3861.0
2022-11-21T21:03:51	99810.6	6.6	37.9	12.8	99882.5	-1.6	4.1	3828.0	3600	3828.0
2022-11-21T22:03:57	99845.9	6.8	38.1	12.7	99915.0	-1.2	4.2	3918.0	3600	3918.0
2022-11-21T23:04:01	99779.9	7.0	38.4	12.8	99842.5	-1.0	4.2	3866.0	3600	3866.0
2022-11-22T00:04:03	99741.4	7.0	38.7	12.8	99800.0	-1.3	4.2	3951.0	3600	3951.0
2022-11-22T01:04:09	99693.0	6.9	39.1	12.8	99755.0	-1.8	4.1	3926.0	3600	3926.0
2022-11-22T02:04:15	99682.8	6.7	39.2	12.8	99752.5	-2.0	4.0	3929.0	3600	3929.0
2022-11-22T03:04:16	99647.1	6.7	39.3	12.8	99705.0	-2.0	4.0	3961.0	3600	3961.0
2022-11-22T04:04:26	99612.4	6.6	39.2	12.8	99675.0	-2.2	4.0	3962.0	3600	3962.0
2022-11-22T05:04:28	99590.7	6.6	39.2	12.8	99655.0	-2.0	4.0	3855.0	3600	3855.0
2022-11-22T06:04:35	99580.7	6.7	39.4	12.8	99650.0	-2.0	4.1	4019.0	3600	4019.0
2022-11-22T07:04:38	99618.1	6.7	39.6	12.8	99685.0	-1.8	4.2	3943.0	3600	3943.0
2022-11-22T08:04:42	99620.9	6.9	39.9	12.8	99680.0	-1.2	4.3	3851.0	3600	3851.0
2022-11-22T09:04:43	99609.8	7.2	39.9	12.8	99682.5	-0.6	4.4	3954.0	3600	3954.0
2022-11-22T10:04:47	99669.1	7.5	40.2	12.9	99737.5	-0.1	4.6	4004.0	3600	4004.0
2022-11-22T11:04:51	99678.3	7.8	40.6	12.9	99747.5	0.3	4.7	4024.0	3600	4024.0
2022-11-22T12:04:57	99666.1	8.2	40.9	12.8	99737.5	0.9	4.9	3942.0	3600	3942.0
2022-11-22T13:05:02	99642.6	8.6	41.0	12.8	99705.0	1.4	5.1	3978.0	3600	3978.0
2022-11-22T14:05:06	99617.6	8.9	41.0	12.9	99690.0	1.7	5.2	4133.0	3600	4133.0
2022-11-22T15:05:10	99631.8	9.1	41.0	12.8	99705.0	1.5	5.1	4076.0	3600	4076.0
2022-11-22T16:05:12	99645.4	9.1	41.0	12.8	99722.5	1.7	5.2	3902.0	3600	3902.0
2022-11-22T17:05:14	99681.3	9.2	41.1	12.8	99762.5	1.6	5.2	4009.0	3600	4009.0
2022-11-22T18:05:19	99729.2	9.3	41.1	12.8	99805.0	1.6	5.2	3973.0	3600	3973.0
2022-11-22T19:05:22	99746.5	9.3	41.3	12.8	99825.0	1.3	5.1	3821.0	3600	3821.0
2022-11-22T20:05:30	99780.0	9.1	41.5	12.7	99857.5	0.8	5.0	3821.0	3600	3821.0
2022-11-22T21:05:31	99799.5	9.0	41.7	12.8	99872.5	0.5	4.9	3872.0	3600	3872.0
2022-11-22T22:05:32	99807.7	8.9	41.6	12.8	99880.0	0.2	4.8	3936.0	3600	3936.0
2022-11-22T23:05:35	99818.0	8.8	41.4	12.8	99882.5	0.1	4.8	3787.0	3600	3787.0
2022-11-23T00:05:43	99821.3	8.8	41.4	12.8	99885.0	0.2	4.8	3816.0	3600	3816.0
2022-11-23T01:05:45	99830.1	8.8	41.2	12.8	99895.0	0.2	4.9	3829.0	3600	3829.0
2022-11-23T02:05:49	99838.0	8.9	41.2	12.7	99905.0	0.6	5.0	3911.0	3600	3911.0
2022-11-23T03:05:50	99837.5	9.0	41.2	12.8	99902.5	0.7	5.0	3789.0	3600	3789.0
2022-11-23T04:05:51	99848.7	9.0	41.2	12.8	99915.0	0.7	5.0	3829.0	3600	3829.0
2022-11-23T05:05:55	99842.6	9.0	41.2	12.8	99910.0	0.7	5.0	3948.0	3600	3948.0
2022-11-23T06:05:59	99861.3	9.1	41.3	12.8	99927.5	0.7	5.0	3815.0	3600	3815.0
2022-11-23T07:06:03	99876.1	9.0	41.1	12.8	99947.5	0.3	4.8	3875.0	3600	3875.0
2022-11-23T08:06:09	99915.7	8.9	41.0	13.1	99982.5	0.5	4.9	3760.0	3600	3760.0
2022-11-23T09:06:12	99941.2	9.4	41.4	13.8	100007.5	2.3	5.5	3894.0	3600	3894.0
2022-11-23T10:06:18	99938.9	10.3	41.6	13.8	100012.5	4.0	5.9	3865.0	3600	3865.0
2022-11-23T11:06:24	99933.0	11.4	41.5	13.5	100007.5	5.6	6.3	3845.0	3600	3845.0
2022-11-23T12:06:31	99919.6	12.1	41.4	13.5	100000.0	6.1	6.5	3810.0	3600	3810.0
2022-11-23T13:06:43	99919.5	12.7	41.4	13.4	100000.0	6.6	6.7	3903.0	3600	3903.0
2022-11-23T14:06:47	99916.3	13.2	41.3	13.4	99997.5	6.9	6.8	3892.0	3600	3892.0
2022-11-23T15:06:55	99917.9	13.5	41.1	13.3	100002.5	5.8	6.5	3797.0	3600	3797.0
2022-11-23T16:07:00	99952.6	13.1	41.1	13.2	100040.0	4.7	6.1	3833.0	3600	3833.0
2022-11-23T17:07:05	99975.1	12.7	41.1	13.2	100052.5	3.7	5.8	3826.0	3600	3826.0
2022-11-23T18:07:08	99988.0	12.3	41.1	13.1	100075.0	2.7	5.5	3740.0	3600	3740.0
2022-11-23T19:07:11	100026.2	11.9	40.8	13.2	100110.0	1.8	5.3	3902.0	3600	3902.0
2022-11-23T20:07:14	100063.0	11.5	40.6	13.1	100137.5	1.4	5.2	3819.0	3600	3819.0
2022-11-23T21:07:18	100092.4	11.1	40.4	13.1	100172.5	0.9	5.0	3888.0	3600	3888.0
2022-11-23T22:07:23	100148.8	10.6	40.2	13.0	100225.0	0.4	4.9	3727.0	3600	3727.0
2022-11-23T23:07:25	100185.8	10.4	40.1	12.9	100255.0	0.6	5.0	3772.0	3600	3772.0
2022-11-24T00:07:29	100212.8	10.3	40.0	13.0	100280.0	0.6	5.0	3778.0	3600	3778.0
2022-11-24T01:07:34	100229.1	10.2	39.9	12.9	100297.5	0.5	5.0	3786.0	3600	3786.0
2022-11-24T02:07:37	100262.3	10.1	39.9	12.9	100330.0	0.3	5.0	3831.0	3600	3831.0
2022-11-24T03:07:40	100285.7	9.9	39.8	12.8	100355.0	0.1	4.9	3827.0	3600	3827.0
2022-11-24T04:07:45	100307.8	9.7	39.7	12.8	100375.0	-0.3	4.8	3744.0	3600	3744.0
2022-11-24T05:07:47	100360.4	9.5	39.6	12.8	100435.0	-0.4	4.7	3733.0	3600	3733.0
2022-11-24T06:07:53	100420.4	9.2	39.6	12.8	100495.0	-0.5	4.7	3713.0	3600	3713.0
2022-11-24T07:07:57	100467.3	9.1	39.6	12.8	100540.0	-0.3	4.7	3769.0	3600	3769.0
2022-11-24T08:07:59	100519.2	9.1	39.7	12.8	100592.5	0.1	4.9	3666.0	3600	3666.0
2022-11-24T09:08:05	100572.6	9.3	39.8	12.9	100642.5	1.1	5.2	3679.0	3600	3679.0
2022-11-24T10:08:07	100597.6	9.8	39.8	13.0	100670.0	2.2	5.7	3637.0	3600	3637.0
2022-11-24T11:08:11	100629.0	10.7	39.9	13.3	100705.0	3.4	6.1	3718.0	3600	3718.0
2022-11-24T12:08:13	100651.6	11.0	40.0	13.1	100724.0	3.6	6.2	3555.0	3600	3555.0
2022-11-24T13:08:16	100674.3	11.3	40.1	13.0	100747.5	4.3	6.4	3639.0	3600	3639.0
2022-11-24T14:08:19	100716.5	11.8	40.0	13.0	100797.5	4.9	6.5	3582.0	3600	3582.0
2022-11-24T15:08:27	100769.9	11.9	40.0	12.8	100857.5	4.7	6.4	3471.0	3600	3471.0
2022-11-24T16:08:34	100821.5	12.0	40.0	12.9	100903.3	4.3	6.3	3630.0	3600	3630.0
2022-11-24T17:08:46	100861.8	11.9	40.0	12.8	100940.0	4.2	6.3	3533.0	3600	3533.0
2022-11-24T18:08:54	100887.0	11.9	40.0	12.8	100967.5	3.5	6.0	3592.0	3600	3592.0
2022-11-24T19:09:00	100911.4	11.4	40.1	12.8	100980.0	2.3	5.6	3575.0	3600	3575.0
2022-11-24T20:09:07	100936.2	10.8	40.1	12.7	101012.5	1.5	5.3	3421.0	3600	3421.0
2022-11-24T21:09:15	100989.2	10.5	40.0	12.8	101062.5	1.1	5.2	3616.0	3600	3616.0
2022-11-24T22:09:21	101015.4	10.4	39.8	12.8	101088.0	1.3	5.3	3539.0	3600	3539.0
2022-11-24T23:09:28	101044.9	10.6	39.8	12.8	101117.5	2.1	5.6	3590.0	3600	3590.0
2022-11-25T00:09:32	101068.6	10.7	39.7	12.7	101140.0	2.4	5.7	3496.0	3600	3496.0
2022-11-25T01:09:36	101071.1	10.8	39.7	12.7	101137.5	2.7	5.8	3537.0	3600	3537.0
2022-11-25T02:09:43	101051.6	10.9	39.6	12.8	101120.0	2.1	5.6	3562.0	3600	3562.0
2022-11-25T03:09:48	101062.8	10.7	39.5	12.7	101130.0	2.3	5.7	3531.0	3600	3531.0
2022-11-25T04:09:54	101070.0	10.8	39.5	12.8	101140.0	2.6	5.8	3583.0	3600	3583.0
2022-11-25T05:09:55	101073.4	10.9	39.4	12.7	101142.5	2.4	5.7	3590.0	3600	3590.0
2022-11-25T06:10:03	101074.2	10.6	39.4	12.7	101147.5	2.1	5.6	3508.0	3600	3508.0
2022-11-25T07:10:11	101119.1	10.1	39.4	12.7	101187.5	1.0	5.2	3543.0	3600	3543.0
2022-11-25T08:10:14	101148.8	10.0	39.4	12.8	101217.5	1.5	5.4	3552.0	3600	3552.0
2022-11-25T09:10:19	101170.5	10.5	39.4	13.3	101240.0	3.1	6.0	3514.0	3600	3514.0
2022-11-25T10:10:24	101167.7	11.4	39.6	14.0	101237.5	5.4	7.0	3517.0	3600	3517.0
2022-11-25T11:10:28	101167.8	12.9	39.8	14.3	101235.0	6.6	7.6	3525.0	3600	3525.0
2022-11-25T12:10:29	101149.8	14.2	40.0	13.7	101227.5	7.3	7.5	3635.0	3600	3635.0
2022-11-25T13:10:35	101148.6	14.4	40.2	13.6	101230.0	7.3	7.3	3602.0	3600	3602.0
2022-11-25T14:10:43	101180.3	14.7	40.2	13.5	101267.5	7.5	7.3	3523.0	3600	3523.0
2022-11-25T15:10:46	101227.6	14.6	40.3	13.4	101312.5	6.9	7.1	3562.0	3600	3562.0
2022-11-25T16:10:51	101265.2	14.5	40.5	13.4	101350.0	6.4	7.0	3517.0	3600	3517.0
2022-11-25T17:10:52	101296.5	14.4	40.4	13.3	101382.5	6.2	7.0	3460.0	3600	3460.0
2022-11-25T18:10:58	101339.3	14.3	40.4	13.3	101422.5	6.0	7.0	3592.0	3600	3592.0
2022-11-25T19:11:00	101388.6	14.3	40.3	13.3	101477.5	6.0	7.1	3478.0	3600	3478.0
2022-11-25T20:11:08	101460.0	14.4	40.3	13.3	101545.0	6.6	7.4	3486.0	3600	3486.0
2022-11-25T21:11:11	101536.5	14.6	40.4	13.2	101620.0	6.6	7.5	3257.0	3600	3257.0
2022-11-25T22:11:16	101591.3	14.7	40.6	13.2	101675.0	6.6	7.5	3316.0	3600	3316.0
2022-11-25T23:11:18	101659.5	14.7	40.7	13.1	101742.5	6.7	7.6	3338.0	3600	3338.0
2022-11-26T00:11:22	101710.9	14.8	40.8	13.2	101790.0	6.7	7.6	3261.0	3600	3261.0
2022-11-26T01:11:34	101750.4	14.8	40.8	13.1	101830.0	6.8	7.6	3325.0	3600	3325.0
2022-11-26T02:11:36	101803.5	14.9	40.9	13.1	101887.5	6.9	7.7	3284.0	3600	3284.0
2022-11-26T03:11:42	101855.1	15.0	41.0	13.1	101935.0	7.0	7.7	3239.0	3600	3239.0
2022-11-26T04:11:46	101902.3	15.1	41.3	13.0	101985.0	7.2	7.8	3245.0	3600	3245.0
2022-11-26T05:11:48	101978.4	15.2	41.7	13.0	102062.5	7.3	7.9	3233.0	3600	3233.0
2022-11-26T06:11:57	102056.9	15.3	42.1	13.0	102137.5	7.3	7.9	3213.0	3600	3213.0
2022-11-26T07:11:59	102134.3	15.3	42.8	13.0	102215.0	7.2	7.8	3216.0	3600	3216.0
2022-11-26T08:12:06	102204.5	15.3	43.1	13.0	102280.0	7.2	7.7	3141.0	3600	3141.0
2022-11-26T09:12:11	102261.3	15.5	43.0	13.0	102345.0	7.5	7.7	3250.0	3600	3250.0
2022-11-26T10:12:18	102327.5	15.6	42.9	13.0	102407.5	7.5	7.7	3224.0	3600	3224.0
2022-11-26T11:12:21	102370.9	15.7	43.0	12.9	102446.0	7.6	7.7	3129.0	3600	3129.0
2022-11-26T12:12:24	102403.3	15.8	43.1	13.0	102476.7	7.5	7.6	3155.0	3600	3155.0
2022-11-26T13:12:32	102409.9	15.8	43.2	13.0	102485.0	7.4	7.5	3221.0	3600	3221.0
2022-11-26T14:12:37	102424.8	15.8	43.5	13.0	102500.0	7.3	7.4	3148.0	3600	3148.0
2022-11-26T15:12:46	102445.1	15.8	43.5	12.9	102520.0	7.2	7.4	3187.0	3600	3187.0
2022-11-26T16:12:48	102454.1	15.7	43.2	12.9	102527.5	6.9	7.4	3115.0	3600	3115.0
2022-11-26T17:12:56	102482.0	15.6	42.8	12.8	102560.0	6.9	7.4	3182.0	3600	3182.0
2022-11-26T18:12:57	102508.0	15.6	42.5	12.9	102580.0	6.9	7.4	3035.0	3600	3035.0
2022-11-26T19:12:58	102501.2	15.5	42.3	12.8	102570.0	6.9	7.5	3135.0	3600	3135.0
2022-11-26T20:13:01	102483.0	15.4	42.1	12.8	102555.0	6.1	7.1	3115.0	3600	3115.0
2022-11-26T21:13:03	102487.4	15.2	41.9	12.8	102562.5	5.9	7.0	3115.0	3600	3115.0
2022-11-26T22:13:05	102489.1	15.2	41.7	12.8	102562.5	6.2	7.2	3075.0	3600	3075.0
2022-11-26T23:13:11	102490.5	15.2	41.5	12.8	102562.5	6.0	7.1	3071.0	3600	3071.0
2022-11-27T00:13:12	102482.4	15.0	41.4	12.8	102550.0	5.4	6.9	3115.0	3600	3115.0
2022-11-27T01:13:16	102463.0	14.9	41.3	12.8	102530.0	6.0	7.2	3134.0	3600	3134.0
2022-11-27T02:13:20	102410.6	14.6	41.0	12.8	102472.5	4.4	6.4	3116.0	3600	3116.0
2022-11-27T03:13:21	102395.8	13.7	40.2	12.8	102462.5	2.5	5.7	3244.0	3600	3244.0
2022-11-27T04:13:23	102371.0	13.3	40.5	12.7	102432.5	2.6	5.7	3187.0	3600	3187.0
2022-11-27T05:13:33	102356.4	12.9	40.6	12.8	102422.5	2.2	5.6	3254.0	3600	3254.0
2022-11-27T06:13:42	102350.9	12.3	40.0	12.8	102407.5	1.4	5.3	3228.0	3600	3228.0
2022-11-27T07:13:43	102324.8	11.7	39.3	12.8	102385.0	0.6	5.0	3265.0	3600	3265.0
2022-11-27T08:13:49	102287.2	11.4	40.0	13.0	102338.0	1.0	5.2	3148.0	3600	3148.0
2022-11-27T09:13:52	102250.4	11.7	40.5	13.7	102312.5	3.1	6.0	3212.0	3600	3212.0
2022-11-27T10:13:56	102241.5	12.6	40.8	14.1	102300.0	4.6	6.6	3277.0	3600	3277.0
2022-11-27T11:13:59	102208.5	13.6	40.9	14.4	102270.0	6.0	6.9	3173.0	3600	3173.0
2022-11-27T12:14:11	102144.9	15.0	41.0	14.2	102207.5	7.2	7.0	3268.0	3600	3268.0
2022-11-27T13:14:18	102060.2	15.7	41.0	14.0	102127.5	7.5	6.8	3272.0	3600	3272.0
2022-11-27T14:14:24	102003.9	15.7	41.0	13.6	102077.5	6.4	6.4	3277.0	3600	3277.0
2022-11-27T15:14:27	101968.1	15.2	40.8	13.5	102040.0	5.1	6.1	3346.0	3600	3346.0
2022-11-27T16:14:30	101922.5	14.6	40.7	13.5	101992.5	4.3	5.9	3318.0	3600	3318.0
2022-11-27T17:14:31	101863.9	14.2	40.6	13.4	101932.5	4.5	6.1	3213.0	3600	3213.0
2022-11-27T18:14:45	101792.4	14.1	40.5	13.4	101860.0	4.4	6.1	3353.0	3600	3353.0
2022-11-27T19:14:51	101734.9	14.0	40.5	13.4	101806.0	4.0	5.9	3372.0	3600	3372.0
2022-11-27T20:14:58	101698.7	13.7	40.4	13.3	101772.5	3.4	5.6	3418.0	3600	3418.0
2022-11-27T21:15:01	101663.3	13.4	40.3	13.3	101727.5	2.8	5.5	3388.0	3600	3388.0
2022-11-27T22:15:02	101606.4	13.1	40.2	13.3	101673.3	2.7	5.4	3361.0	3600	3361.0
2022-11-27T23:15:03	101583.9	12.9	40.2	13.3	101654.0	3.1	5.6	3429.0	3600	3429.0
2022-11-28T00:15:08	101529.1	12.9	40.4	13.2	101597.5	3.2	5.6	3433.0	3600	3433.0
2022-11-28T01:15:12	101475.9	12.8	40.5	13.2	101545.0	3.0	5.6	3418.0	3600	3418.0
2022-11-28T02:15:17	101424.6	12.6	40.6	13.2	101487.5	2.9	5.5	3353.0	3600	3353.0
2022-11-28T03:15:28	101372.8	12.5	40.6	13.2	101440.0	2.6	5.4	3479.0	3600	3479.0
2022-11-28T04:15:30	101327.3	12.0	40.7	13.2	101392.5	2.2	5.3	3447.0	3600	3447.0
2022-11-28T05:15:35	101282.6	11.5	41.3	13.2	101352.5	2.8	5.4	3468.0	3600	3468.0
2022-11-28T06:15:36	101242.4	11.4	41.9	13.2	101307.5	2.8	5.4	3333.0	3600	3333.0
2022-11-28T07:15:41	101212.4	11.4	42.1	13.2	101282.5	2.8	5.4	3396.0	3600	3396.0
2022-11-28T08:15:42	101191.1	11.4	42.3	13.2	101262.5	3.2	5.5	3428.0	3600	3428.0
2022-11-28T09:15:43	101201.1	11.6	42.6	13.3	101282.5	3.7	5.7	3518.0	3600	3518.0
2022-11-28T10:15:53	101192.2	11.9	42.7	13.3	101255.0	4.2	5.7	3367.0	3600	3367.0
2022-11-28T11:16:01	101162.1	12.3	42.6	13.4	101235.0	4.7	5.9	3514.0	3600	3514.0
2022-11-28T12:16:08	101117.2	12.5	42.5	13.4	101190.0	4.8	5.9	3478.0	3600	3478.0
2022-11-28T13:16:09	101077.7	12.6	42.5	13.3	101155.0	5.0	5.9	3622.0	3600	3622.0
2022-11-28T14:16:13	101043.5	12.7	42.5	13.3	101122.5	4.9	5.9	3546.0	3600	3546.0
2022-11-28T15:16:17	101065.2	12.5	42.6	13.2	101147.5	4.6	5.9	3529.0	3600	3529.0
2022-11-28T16:16:19	101085.1	12.4	42.6	13.2	101167.5	4.4	5.8	3582.0	3600	3582.0
2022-11-28T17:16:30	101100.1	12.3	42.6	13.1	101180.0	4.0	5.8	3502.0	3600	3502.0
2022-11-28T18:16:34	101100.8	12.2	42.5	13.1	101175.0	3.6	5.7	3452.0	3600	3452.0
2022-11-28T19:16:37	101089.4	12.1	42.4	13.1	101165.0	3.3	5.6	3529.0	3600	3529.0
2022-11-28T20:16:38	101099.7	11.9	42.2	13.1	101177.5	3.1	5.6	3579.0	3600	3579.0
2022-11-28T21:16:39	101116.5	11.8	42.1	13.1	101190.0	3.0	5.6	3531.0	3600	3531.0
2022-11-28T22:16:42	101113.3	11.7	42.0	13.1	101182.5	3.1	5.6	3504.0	3600	3504.0
2022-11-28T23:16:51	101118.3	11.6	42.0	13.0	101190.0	3.0	5.6	3538.0	3600	3538.0
2022-11-29T00:16:56	101124.4	11.5	41.9	13.1	101195.0	2.9	5.5	3519.0	3600	3519.0
2022-11-29T01:16:58	101131.2	11.4	41.9	13.1	101200.0	2.9	5.5	3354.0	3600	3354.0
2022-11-29T02:17:04	101130.2	11.3	41.8	13.0	101202.5	2.8	5.5	3539.0	3600	3539.0
2022-11-29T03:17:07	101142.3	11.3	41.8	13.0	101217.5	2.9	5.6	3459.0	3600	3459.0
2022-11-29T04:17:08	101169.3	11.2	41.7	12.9	101247.5	2.9	5.6	3360.0	3600	3360.0
2022-11-29T05:17:12	101192.3	11.1	41.7	13.0	101270.0	2.6	5.5	3496.0	3600	3496.0
2022-11-29T06:17:15	101238.8	11.0	41.6	13.0	101317.5	2.7	5.6	3500.0	3600	3500.0
2022-11-29T07:17:24	101297.9	11.0	41.6	13.0	101375.0	2.9	5.7	3399.0	3600	3399.0
2022-11-29T08:17:25	101333.6	11.0	41.6	13.0	101410.0	3.1	5.8	3439.0	3600	3439.0
2022-11-29T09:17:27	101369.7	11.1	41.6	13.0	101442.5	3.4	5.9	3376.0	3600	3376.0
2022-11-29T10:17:32	101395.6	11.3	41.5	13.0	101467.5	3.9	6.0	3410.0	3600	3410.0
2022-11-29T11:17:34	101412.7	11.5	41.4	13.0	101485.0	4.1	6.1	3405.0	3600	3405.0
2022-11-29T12:17:38	101422.0	11.7	41.4	13.0	101497.5	4.5	6.2	3444.0	3600	3444.0
2022-11-29T13:17:41	101461.6	11.8	41.4	12.9	101540.0	4.5	6.2	3317.0	3600	3317.0
2022-11-29T14:17:48	101493.2	11.8	41.4	12.9	101567.5	4.2	6.1	3319.0	3600	3319.0
2022-11-29T15:17:50	101524.4	11.7	41.5	12.9	101605.0	4.0	6.1	3422.0	3600	3422.0
2022-11-29T16:17:54	101566.5	11.6	41.6	12.9	101645.0	3.9	6.2	3263.0	3600	3263.0
2022-11-29T17:17:56	101607.6	11.6	41.5	12.9	101682.5	4.0	6.2	3354.0	3600	3354.0
2022-11-29T18:17:58	101635.5	11.6	41.5	12.9	101712.5	3.9	6.2	3252.0	3600	3252.0
2022-11-29T19:17:59	101672.1	11.7	41.6	12.9	101745.0	4.0	6.3	3349.0	3600	3349.0
2022-11-29T20:18:04	101687.9	11.7	41.6	12.8	101757.5	4.0	6.2	3382.0	3600	3382.0
2022-11-29T21:18:06	101714.7	11.7	41.6	12.8	101790.0	4.1	6.2	3265.0	3600	3265.0
2022-11-29T22:18:14	101747.3	11.7	41.6	12.8	101817.5	4.1	6.2	3327.0	3600	3327.0
2022-11-29T23:18:15	101763.4	11.7	41.6	12.8	101835.0	4.1	6.2	3355.0	3600	3355.0
2022-11-30T00:18:19	101771.8	11.7	41.6	12.8	101835.0	4.0	6.1	3327.0	3600	3327.0
2022-11-30T01:18:25	101781.9	11.7	41.7	12.8	101850.0	4.0	6.1	3108.0	3600	3108.0
2022-11-30T02:18:39	101805.1	11.8	41.5	12.8	101875.0	4.0	6.1	3379.0	3600	3379.0
2022-11-30T03:18:42	101812.9	11.7	41.5	12.8	101882.5	3.9	6.0	3228.0	3600	3228.0
2022-11-30T04:18:51	101826.7	11.7	41.5	12.8	101895.0	3.8	5.9	3224.0	3600	3224.0
2022-11-30T05:18:52	101854.5	11.6	41.5	12.8	101927.5	3.6	5.9	3225.0	3600	3225.0
2022-11-30T06:18:56	101898.0	11.6	41.5	12.8	101977.5	3.5	5.8	3231.0	3600	3231.0
2022-11-30T07:18:57	101940.4	11.5	41.6	12.8	102015.0	3.5	5.8	3265.0	3600	3265.0
2022-11-30T08:18:59	101985.7	11.5	41.7	12.8	102062.5	3.5	5.8	3360.0	3600	3360.0
2022-11-30T09:19:05	102020.9	11.5	41.7	12.8	102095.0	3.8	5.8	3242.0	3600	3242.0
2022-11-30T10:19:13	102034.6	11.8	41.8	12.8	102107.5	4.5	5.9	3267.0	3600	3267.0
2022-11-30T11:19:17	102025.8	12.2	41.6	12.9	102100.0	5.1	6.0	3232.0	3600	3232.0
