# See crns_meta.json and crns_attributes.txt for further details.
datetime	press1	temp1	relhum1	volt	press_ext	temp_ext	abshum_ext	counts1	nsecs1	cph_filtered
2022-05-11T01:05:05	1009.2	30.9	25.6	12.8	1009.5	18.2	11.1	3559	3600	3559
2022-05-11T02:05:12	1009.2	29.9	26.4	12.8	1009.6	16.8	12.0	3447	3600	3447
2022-05-11T03:05:14	1008.5	29.2	27.0	12.8	1008.9	16.7	11.9	3593	3600	3593
2022-05-11T04:05:25	1008.7	28.6	27.4	12.7	1009.1	15.9	12.4	3592	3600	3592
2022-05-11T05:05:30	1009.0	28.0	27.8	12.7	1009.4	15.5	13.2	3474	3600	3474
2022-05-11T06:05:38	1008.9	27.0	28.9	12.7	1009.3	15.8	13.5	3283	3600	3283
2022-05-11T07:05:41	1008.8	26.4	30.8	12.9	1009.3	16.8	14.3	3387	3600	3387
2022-05-11T08:05:51	1008.3	26.5	34.2	13.6	1008.7	18.5	14.8	3558	3600	3558
2022-05-11T09:05:58	1007.7	27.2	36.7	14.0	1008.1	21.0	12.6	3637	3600	3637
2022-05-11T10:06:05	1007.1	28.6	35.3	13.8	1007.5	23.9	11.7	3578	3600	3578
2022-05-11T11:06:08	1006.3	30.6	33.0	13.7	1006.7	27.2	11.6	3814	3600	3814
2022-05-11T12:06:16	1005.5	33.0	30.2	13.7	1005.9	28.3	10.7	3551	3600	3551
2022-05-11T13:06:23	1004.8	34.5	27.6	13.7	1005.1	30.8	10.1	4048	3600	4048
2022-05-11T14:06:33	1004.3	35.6	25.3	13.8	1004.6	30.6	10.2	3615	3600	3615
2022-05-11T15:06:34	1003.7	36.3	24.2	13.6	1004.0	31.7	9.8	3833	3600	3833
2022-05-11T16:06:38	1003.2	36.5	23.2	13.7	1003.5	30.5	9.5	3858	3600	3858
2022-05-11T17:06:41	1002.9	36.6	22.5	13.8	1003.1	31.7	9.5	3881	3600	3881
2022-05-11T18:06:47	1002.4	36.9	22.0	13.7	1002.6	29.6	9.6	3736	3600	3736
2022-05-11T19:06:48	1002.1	36.0	22.9	13.2	1002.3	26.0	9.6	4059	3600	4059
2022-05-11T20:06:53	1002.3	34.0	25.2	13.0	1002.7	19.3	15.3	3745	3600	3745
2022-05-11T21:06:57	1002.5	32.0	27.3	12.9	1002.8	18.1	15.3	3562	3600	3562
2022-05-11T22:06:58	1002.0	30.8	28.7	12.9	1002.3	17.9	15.2	3763	3600	3763
2022-05-11T23:07:02	1002.2	29.8	29.4	12.9	1002.5	16.2	13.8	3600	3600	3600
2022-05-12T00:07:10	1002.3	28.8	30.1	12.8	1002.7	15.4	13.1	3750	3600	3750
2022-05-12T01:07:15	1002.4	28.0	30.6	12.8	1002.8	14.9	12.7	3644	3600	3644
2022-05-12T02:07:21	1002.1	27.5	30.8	12.8	1002.6	15.6	13.3	3527	3600	3527
2022-05-12T03:07:25	1003.3	27.0	31.8	12.7	1003.7	15.4	13.1	3529	3600	3529
2022-05-12T04:07:28	1004.2	26.3	33.1	12.7	1004.7	14.6	12.5	3564	3600	3564
2022-05-12T05:07:35	1004.7	25.6	33.5	12.7	1005.3	14.3	12.3	3452	3600	3452
2022-05-12T06:07:41	1005.8	24.9	35.3	12.9	1006.3	14.4	12.4	3466	3600	3466
2022-05-12T07:07:47	1007.5	24.5	36.9	13.5	1008.0	14.4	11.4	3615	3600	3615
2022-05-12T08:07:52	1009.2	24.9	36.0	14.2	1009.7	15.3	10.6	3434	3600	3434
2022-05-12T09:07:59	1010.7	25.8	34.9	14.5	1011.2	17.0	10.5	3582	3600	3582
2022-05-12T10:08:10	1011.8	27.0	33.6	14.2	1012.3	19.4	10.1	3374	3600	3374
2022-05-12T11:08:15	1012.5	28.7	31.3	13.8	1013.0	20.9	9.1	3484	3600	3484
2022-05-12T12:08:16	1012.7	30.2	28.8	13.7	1013.2	22.7	8.6	3522	3600	3522
2022-05-12T13:08:19	1012.8	31.4	26.7	13.8	1013.3	23.7	8.2	3571	3600	3571
2022-05-12T14:08:24	1012.8	32.2	25.4	13.8	1013.3	26.0	8.5	3629	3600	3629
2022-05-12T15:08:31	1012.6	33.2	24.2	13.7	1013.1	28.6	8.4	3458	3600	3458
2022-05-12T16:08:32	1012.2	33.8	23.6	13.8	1012.7	26.5	7.8	3574	3600	3574
2022-05-12T17:08:42	1012.0	33.1	23.5	13.9	1012.4	24.0	7.5	3511	3600	3511
2022-05-12T18:08:48	1011.8	32.5	23.7	13.9	1012.2	22.0	7.4	3619	3600	3619
2022-05-12T19:08:56	1011.7	31.5	24.0	13.5	1012.2	18.4	7.2	3454	3600	3454
2022-05-12T20:09:03	1011.7	30.3	24.8	13.2	1012.2	15.9	7.0	3713	3600	3713
2022-05-12T21:09:04	1011.8	29.1	25.5	13.0	1012.4	15.0	6.9	3413	3600	3413
2022-05-12T22:09:11	1011.9	28.2	25.9	12.9	1012.4	14.7	7.1	3601	3600	3601
2022-05-12T23:09:13	1011.9	27.4	26.2	12.9	1012.5	13.9	7.1	3408	3600	3408
2022-05-13T00:09:17	1011.9	26.6	26.6	12.9	1012.4	13.1	7.2	3636	3600	3636
2022-05-13T01:09:22	1011.9	25.7	26.9	12.8	1012.4	12.7	7.3	3311	3600	3311
2022-05-13T02:09:30	1011.9	24.7	27.3	12.8	1012.5	10.6	7.7	3322	3600	3322
2022-05-13T03:09:35	1011.8	23.8	27.6	12.8	1012.4	8.9	8.4	3539	3600	3539
2022-05-13T04:09:36	1011.5	22.8	27.9	12.8	1012.1	8.5	8.6	3417	3600	3417
2022-05-13T05:09:37	1011.3	22.1	28.2	12.8	1012.0	8.3	8.4	3578	3600	3578
2022-05-13T06:09:39	1011.2	21.7	28.4	12.9	1011.8	9.8	9.3	3514	3600	3514
2022-05-13T07:09:44	1011.2	22.1	28.4	13.9	1011.8	13.6	9.8	3663	3600	3663
2022-05-13T08:09:48	1011.3	23.6	28.4	14.5	1011.8	17.0	9.1	3488	3600	3488
2022-05-13T09:09:52	1011.4	24.8	28.8	14.2	1012.0	17.7	9.0	3349	3600	3349
2022-05-13T10:09:55	1011.6	24.7	29.4	14.3	1012.1	17.2	8.7	3484	3600	3484
2022-05-13T11:10:02	1011.3	26.1	29.2	14.0	1011.9	20.5	8.5	3458	3600	3458
2022-05-13T12:10:04	1011.1	27.2	28.4	13.8	1011.7	21.3	8.0	3649	3600	3649
2022-05-13T13:10:05	1011.3	28.3	27.0	13.9	1011.8	21.9	7.6	3550	3600	3550
2022-05-13T14:10:06	1011.7	28.2	25.8	14.0	1012.2	19.6	7.4	3453	3600	3453
2022-05-13T15:10:08	1011.9	27.9	25.8	13.9	1012.4	22.2	7.8	3387	3600	3387
2022-05-13T16:10:10	1011.9	29.0	25.2	13.9	1012.4	22.1	7.7	3717	3600	3717
2022-05-13T17:10:13	1012.5	28.7	25.0	13.7	1013.0	19.0	7.4	3556	3600	3556
2022-05-13T18:10:21	1012.7	28.0	25.3	14.0	1013.3	20.1	7.7	3457	3600	3457
2022-05-13T19:10:28	1012.9	27.9	25.7	13.5	1013.5	17.2	7.6	3575	3600	3575
2022-05-13T20:10:38	1013.1	26.9	26.4	13.1	1013.6	15.5	7.8	3511	3600	3511
2022-05-13T21:10:47	1013.4	26.1	26.9	13.0	1014.0	14.1	7.9	3428	3600	3428
2022-05-13T22:10:54	1013.5	25.4	27.2	12.9	1014.1	13.3	7.8	3540	3600	3540
2022-05-13T23:11:03	1013.5	24.8	27.5	12.8	1014.1	13.1	7.9	3385	3600	3385
2022-05-14T00:11:08	1013.6	24.5	27.6	12.9	1014.2	12.8	8.0	3637	3600	3637
2022-05-14T01:11:11	1013.4	23.9	27.9	12.8	1014.0	12.0	8.2	3531	3600	3531
2022-05-14T02:11:12	1013.3	23.2	28.2	12.8	1014.0	11.5	8.5	3555	3600	3555
2022-05-14T03:11:17	1013.4	22.9	28.6	12.8	1014.0	12.5	8.7	3204	3600	3204
2022-05-14T04:11:21	1013.4	22.6	29.0	12.7	1014.1	12.3	8.7	3406	3600	3406
2022-05-14T05:11:25	1013.5	22.2	29.2	12.8	1014.2	10.9	9.0	3323	3600	3323
2022-05-14T06:11:31	1013.6	21.9	29.4	12.9	1014.2	11.6	8.8	3603	3600	3603
2022-05-14T07:11:40	1013.9	22.2	29.9	13.4	1014.5	14.4	8.9	3358	3600	3358
2022-05-14T08:11:45	1014.2	23.2	30.5	14.0	1014.8	16.7	9.1	3625	3600	3625
2022-05-14T09:11:50	1014.3	24.6	30.9	14.0	1014.8	19.2	9.3	3472	3600	3472
2022-05-14T10:11:54	1014.2	26.1	30.7	13.9	1014.8	21.1	9.3	3567	3600	3567
2022-05-14T11:12:02	1014.1	28.6	29.4	13.8	1014.7	23.4	9.1	3573	3600	3573
2022-05-14T12:12:09	1014.1	30.0	27.4	13.8	1014.6	24.0	8.5	3581	3600	3581
2022-05-14T13:12:16	1014.0	30.7	26.4	13.8	1014.5	26.0	9.1	3569	3600	3569
2022-05-14T14:12:21	1014.1	31.3	25.9	13.8	1014.6	24.9	8.9	3471	3600	3471
2022-05-14T15:12:33	1014.0	31.8	25.6	13.8	1014.5	26.2	9.0	3560	3600	3560
2022-05-14T16:12:41	1014.0	32.0	25.3	13.9	1014.5	25.3	8.9	3529	3600	3529
2022-05-14T17:12:48	1014.0	32.3	25.3	13.9	1014.5	25.9	8.8	3521	3600	3521
2022-05-14T18:12:50	1014.1	32.3	25.5	13.9	1014.5	23.9	8.6	3434	3600	3434
2022-05-14T19:12:58	1014.4	31.6	25.9	13.4	1014.9	19.0	8.3	3661	3600	3661
2022-05-14T20:13:00	1015.0	29.8	26.7	13.1	1015.5	14.4	8.1	3367	3600	3367
2022-05-14T21:13:12	1015.4	28.0	27.4	13.0	1016.0	11.8	8.0	3364	3600	3364
2022-05-14T22:13:17	1015.8	26.8	27.8	12.9	1016.4	10.7	8.4	3458	3600	3458
2022-05-14T23:13:18	1016.1	25.6	28.1	12.9	1016.6	9.7	8.9	3254	3600	3254
2022-05-15T00:13:24	1016.4	24.5	28.4	12.9	1017.0	8.9	8.7	3457	3600	3457
2022-05-15T01:13:30	1016.5	23.5	28.6	12.8	1017.1	8.2	8.4	3269	3600	3269
2022-05-15T02:13:32	1016.6	22.5	29.0	12.8	1017.3	7.3	7.9	3577	3600	3577
2022-05-15T03:13:36	1016.7	21.6	29.2	12.8	1017.4	7.0	7.8	3369	3600	3369
2022-05-15T04:13:44	1016.8	20.7	29.4	12.7	1017.5	6.8	7.6	3407	3600	3407
2022-05-15T05:13:49	1017.0	20.0	29.8	12.8	1017.7	6.8	7.7	3339	3600	3339
2022-05-15T06:13:58	1017.5	19.6	29.9	12.8	1018.2	7.5	8.0	3299	3600	3299
2022-05-15T07:14:01	1018.0	20.0	30.1	13.8	1018.6	10.7	9.8	3492	3600	3492
2022-05-15T08:14:04	1018.1	21.9	30.1	14.1	1018.8	15.5	10.1	3442	3600	3442
2022-05-15T09:14:06	1018.3	24.2	29.7	13.9	1018.9	18.3	8.8	3421	3600	3421
2022-05-15T10:14:12	1018.2	26.4	28.9	13.8	1018.8	19.9	8.4	3289	3600	3289
2022-05-15T11:14:13	1018.0	28.6	27.7	13.7	1018.6	22.6	8.4	3367	3600	3367
2022-05-15T12:14:17	1017.7	30.7	26.1	13.6	1018.2	26.3	8.0	3356	3600	3356
2022-05-15T13:14:26	1017.3	32.5	24.8	13.6	1017.8	27.5	7.5	3488	3600	3488
2022-05-15T14:14:29	1016.8	34.1	23.8	13.6	1017.3	30.0	7.5	3477	3600	3477
2022-05-15T15:14:30	1016.3	35.1	22.9	13.7	1016.7	30.2	7.2	3609	3600	3609
2022-05-15T16:14:34	1016.0	35.5	23.0	13.8	1016.4	31.2	7.2	3446	3600	3446
2022-05-15T17:14:44	1015.5	35.5	23.4	13.8	1015.8	30.5	7.2	3424	3600	3424
2022-05-15T18:14:47	1015.2	35.2	24.3	13.7	1015.5	26.2	7.0	3408	3600	3408
2022-05-15T19:14:48	1015.1	33.9	25.2	13.2	1015.5	17.9	6.8	3318	3600	3318
2022-05-15T20:14:50	1015.1	31.8	25.8	13.1	1015.5	14.9	6.6	3549	3600	3549
2022-05-15T21:14:53	1015.4	30.1	26.2	13.0	1015.8	12.9	6.7	3505	3600	3505
2022-05-15T22:14:59	1015.2	28.7	26.4	12.9	1015.7	12.1	7.2	3470	3600	3470
2022-05-15T23:15:03	1015.2	27.3	26.7	12.9	1015.7	11.0	7.8	3496	3600	3496
2022-05-16T00:15:08	1015.5	26.2	27.1	12.9	1016.0	10.1	8.3	3313	3600	3313
2022-05-16T01:15:11	1015.8	25.1	27.4	12.8	1016.3	9.2	8.9	3626	3600	3626
2022-05-16T02:15:17	1015.8	24.1	27.9	12.8	1016.3	8.6	8.6	3332	3600	3332
2022-05-16T03:15:19	1015.6	23.1	28.3	12.8	1016.2	8.9	8.8	3546	3600	3546
2022-05-16T04:15:23	1015.2	22.4	28.8	12.7	1015.7	9.3	9.0	3354	3600	3354
2022-05-16T05:15:26	1014.9	21.8	29.2	12.8	1015.4	9.6	9.1	3456	3600	3456
2022-05-16T06:15:32	1014.7	21.7	30.0	13.0	1015.2	12.6	8.9	3350	3600	3350
2022-05-16T07:15:42	1014.8	22.6	31.2	14.0	1015.3	16.4	8.2	3516	3600	3516
2022-05-16T08:15:48	1014.8	24.0	30.9	13.9	1015.3	19.0	8.1	3471	3600	3471
2022-05-16T09:15:52	1014.7	25.6	30.0	13.8	1015.2	22.0	8.3	3430	3600	3430
2022-05-16T10:16:01	1014.4	27.7	28.4	13.8	1014.9	24.9	8.4	3560	3600	3560
2022-05-16T11:16:02	1014.0	29.7	26.4	13.7	1014.5	28.0	8.3	3563	3600	3563
2022-05-16T12:16:05	1013.5	31.8	24.2	13.7	1013.9	31.6	8.2	3510	3600	3510
2022-05-16T13:16:09	1013.1	33.6	22.5	13.6	1013.4	33.4	8.1	3572	3600	3572
2022-05-16T14:16:12	1012.6	34.9	21.4	13.6	1012.9	35.4	8.1	3722	3600	3722
2022-05-16T15:16:18	1011.8	35.8	21.2	13.6	1012.1	35.5	8.1	3519	3600	3519
2022-05-16T16:16:23	1011.2	35.9	21.4	13.8	1011.4	32.1	7.9	3718	3600	3718
2022-05-16T17:16:26	1010.9	35.5	21.8	13.8	1011.1	28.5	7.7	3748	3600	3748
2022-05-16T18:16:28	1010.6	34.8	22.4	13.7	1010.8	25.6	7.6	3562	3600	3562
2022-05-16T19:16:31	1010.8	34.1	22.9	13.2	1011.0	23.2	7.7	3781	3600	3781
2022-05-16T20:16:38	1011.3	33.1	23.3	13.0	1011.6	21.9	7.7	3542	3600	3542
2022-05-16T21:16:39	1011.9	32.3	23.5	12.9	1012.1	20.6	8.1	3646	3600	3646
2022-05-16T22:16:49	1012.1	31.5	24.0	12.9	1012.4	19.0	8.5	3639	3600	3639
2022-05-16T23:16:53	1012.1	30.8	24.6	12.9	1012.4	17.7	8.4	3618	3600	3618
2022-05-17T00:16:55	1012.2	30.0	25.2	12.8	1012.5	16.3	8.8	3441	3600	3441
2022-05-17T01:17:05	1012.2	28.9	25.7	12.8	1012.5	15.0	9.0	3405	3600	3405
2022-05-17T02:17:10	1012.3	28.0	26.2	12.8	1012.7	14.5	9.5	3571	3600	3571
2022-05-17T03:17:18	1012.7	26.9	26.8	12.8	1013.0	13.4	11.6	3429	3600	3429
2022-05-17T04:17:21	1013.2	26.0	27.5	12.7	1013.6	13.1	11.4	3522	3600	3522
2022-05-17T05:17:27	1014.0	25.1	28.1	12.7	1014.4	13.0	11.3	3461	3600	3461
2022-05-17T06:17:31	1013.8	24.4	28.4	12.7	1014.2	12.9	11.3	3213	3600	3213
2022-05-17T07:17:39	1013.9	24.0	28.8	12.9	1014.4	13.7	11.9	3038	3600	3038
2022-05-17T08:17:40	1014.8	24.1	29.4	13.2	1015.3	15.0	12.8	3220	3600	3220
2022-05-17T09:17:43	1015.2	24.5	30.5	13.9	1015.7	16.2	13.8	3215	3600	3215
2022-05-17T10:17:52	1015.6	25.7	30.9	14.5	1016.1	19.3	15.0	3116	3600	3116
2022-05-17T11:17:54	1015.8	27.8	30.5	14.5	1016.3	21.2	14.6	3134	3600	3134
2022-05-17T12:17:59	1016.0	28.8	30.3	14.0	1016.5	22.5	14.0	3996	3600	3996
2022-05-17T13:18:05	1016.1	29.2	30.4	13.9	1016.7	21.6	14.0	3216	3600	3216
2022-05-17T14:18:14	1016.2	29.9	30.2	13.9	1016.7	23.1	13.8	3259	3600	3259
2022-05-17T15:18:26	1016.1	30.7	30.0	13.9	1016.5	23.1	13.4	3281	3600	3281
2022-05-17T16:18:31	1016.1	30.8	29.9	13.9	1016.6	22.6	12.7	3141	3600	3141
2022-05-17T17:18:39	1016.1	31.0	29.9	13.9	1016.6	24.0	12.6	3270	3600	3270
2022-05-17T18:18:43	1016.1	31.5	29.8	13.8	1016.5	24.9	12.2	3106	3600	3106
2022-05-17T19:18:44	1016.3	30.8	30.1	13.3	1016.8	18.1	13.5	3128	3600	3128
2022-05-17T20:18:48	1016.6	29.4	30.7	13.1	1017.2	15.6	13.3	3088	3600	3088
2022-05-17T21:18:59	1017.3	28.3	30.9	13.0	1017.9	14.3	12.3	3106	3600	3106
2022-05-17T22:19:06	1017.7	27.5	30.9	12.9	1018.3	14.0	12.1	3186	3600	3186
2022-05-17T23:19:13	1017.8	26.8	31.0	12.9	1018.4	13.1	11.4	3114	3600	3114
2022-05-18T00:19:18	1018.2	26.0	31.2	12.9	1018.8	12.6	11.1	3183	3600	3183
2022-05-18T01:19:21	1018.5	25.2	31.4	12.8	1019.2	11.0	10.0	3062	3600	3062
2022-05-18T02:19:35	1019.1	24.4	31.4	12.8	1019.7	10.8	9.8	3257	3600	3257
2022-05-18T03:19:40	1019.7	23.8	31.2	12.8	1020.3	12.4	8.5	3074	3600	3074
2022-05-18T04:19:43	1019.9	23.4	30.4	12.7	1020.6	12.1	7.1	3109	3600	3109
2022-05-18T05:19:44	1020.3	22.9	29.0	12.8	1021.1	11.7	6.3	3088	3600	3088
2022-05-18T06:19:45	1020.6	22.5	27.9	13.0	1021.3	12.0	6.1	3288	3600	3288
2022-05-18T07:19:48	1021.0	22.6	27.6	13.9	1021.7	13.7	6.5	3163	3600	3163
2022-05-18T08:19:54	1021.3	23.4	28.0	14.0	1022.0	16.2	7.2	3270	3600	3270
2022-05-18T09:19:58	1021.2	24.7	28.7	13.9	1021.9	19.2	8.3	3143	3600	3143
2022-05-18T10:20:03	1021.1	26.4	29.2	13.8	1021.7	22.1	9.3	3278	3600	3278
2022-05-18T11:20:10	1020.8	28.2	29.3	13.6	1021.4	25.4	10.3	3032	3600	3032
2022-05-18T12:20:15	1020.6	29.7	29.3	13.7	1021.2	28.2	10.8	3129	3600	3129
2022-05-18T13:20:24	1019.9	31.2	28.6	13.7	1020.4	29.8	10.5	3323	3600	3323
2022-05-18T14:20:30	1019.6	32.5	27.3	13.7	1020.1	32.1	10.2	3361	3600	3361
2022-05-18T15:20:31	1019.3	33.6	26.4	13.7	1019.7	31.8	10.2	3054	3600	3054
2022-05-18T16:20:32	1018.8	34.1	26.3	13.7	1019.2	31.6	10.2	3350	3600	3350
2022-05-18T17:20:34	1018.5	34.3	26.0	13.8	1018.9	31.6	10.1	3309	3600	3309
2022-05-18T18:20:39	1018.2	34.1	26.0	13.8	1018.6	27.3	10.0	3388	3600	3388
2022-05-18T19:20:45	1018.2	33.2	26.1	13.3	1018.6	23.5	10.0	3180	3600	3180
2022-05-18T20:20:50	1018.3	32.3	26.6	13.1	1018.7	21.1	9.9	3199	3600	3199
2022-05-18T21:20:55	1018.5	31.4	27.1	13.0	1018.9	19.3	9.9	3131	3600	3131
2022-05-18T22:21:03	1018.3	30.6	27.5	12.9	1018.7	18.6	9.9	3288	3600	3288
2022-05-18T23:21:09	1018.1	29.9	27.9	12.9	1018.6	17.9	9.7	3128	3600	3128
2022-05-19T00:21:14	1017.7	29.2	28.3	12.9	1018.2	17.2	9.8	3275	3600	3275
2022-05-19T01:21:19	1017.5	28.4	28.8	12.8	1017.9	16.3	10.0	3202	3600	3202
2022-05-19T02:21:25	1017.3	27.7	29.4	12.8	1017.7	15.6	10.1	3196	3600	3196
2022-05-19T03:21:29	1017.1	26.9	30.1	12.8	1017.5	14.8	10.2	3266	3600	3266
2022-05-19T04:21:34	1017.1	26.2	30.7	12.8	1017.5	14.1	10.2	3347	3600	3347
2022-05-19T05:21:46	1017.1	25.6	31.1	12.8	1017.6	14.0	10.3	3306	3600	3306
2022-05-19T06:21:48	1017.0	25.4	31.6	13.0	1017.5	15.7	10.4	3269	3600	3269
2022-05-19T07:21:54	1017.2	25.9	32.2	13.8	1017.7	18.6	10.3	3282	3600	3282
2022-05-19T08:22:07	1017.0	27.1	32.2	13.9	1017.5	21.3	10.6	3257	3600	3257
2022-05-19T09:22:17	1016.7	29.0	31.4	13.8	1017.2	24.2	11.2	3132	3600	3132
2022-05-19T10:22:20	1016.5	31.3	30.0	13.7	1016.9	26.4	11.4	3364	3600	3364
2022-05-19T11:22:22	1016.1	33.3	28.8	13.6	1016.5	29.4	11.8	3182	3600	3182
2022-05-19T12:22:23	1015.5	35.0	27.6	13.6	1015.8	30.8	11.4	3385	3600	3385
2022-05-19T13:22:26	1014.9	36.1	26.6	13.6	1015.2	32.3	10.9	3355	3600	3355
2022-05-19T14:22:34	1014.3	37.0	25.5	13.5	1014.6	33.1	10.9	3371	3600	3371
2022-05-19T15:22:37	1013.7	37.8	24.5	13.6	1014.0	33.1	10.3	3227	3600	3227
2022-05-19T16:22:45	1013.0	37.7	24.3	13.7	1013.2	30.8	10.3	3397	3600	3397
2022-05-19T17:22:53	1012.7	37.6	24.6	13.7	1012.9	31.5	10.3	3493	3600	3493
2022-05-19T18:22:59	1012.4	37.5	24.6	13.7	1012.6	28.7	9.4	3403	3600	3403
2022-05-19T19:23:04	1012.2	36.6	25.2	13.3	1012.4	25.5	9.1	3501	3600	3501
2022-05-19T20:23:10	1012.3	35.8	25.7	13.0	1012.6	23.6	8.8	3325	3600	3325
2022-05-19T21:23:23	1012.6	34.9	26.0	12.9	1012.9	21.8	10.8	3437	3600	3437
2022-05-19T22:23:29	1012.7	33.7	26.8	12.9	1012.9	19.5	12.9	3451	3600	3451
2022-05-19T23:23:31	1013.1	32.9	27.4	12.9	1013.4	19.0	13.7	3328	3600	3328
2022-05-20T00:23:33	1013.2	32.1	28.1	12.8	1013.5	19.4	13.6	3178	3600	3178
2022-05-20T01:23:39	1013.5	31.4	28.8	12.8	1013.8	18.6	14.4	3302	3600	3302
2022-05-20T02:23:40	1014.0	30.6	29.9	12.8	1014.3	17.9	15.0	3143	3600	3143
2022-05-20T03:23:47	1014.6	29.9	30.9	12.7	1014.9	17.7	15.1	3239	3600	3239
2022-05-20T04:23:49	1014.8	29.4	31.5	12.7	1015.2	17.5	14.9	3276	3600	3276
2022-05-20T05:23:55	1015.1	29.0	31.9	12.7	1015.5	17.8	15.2	3143	3600	3143
2022-05-20T06:24:01	1015.5	28.7	32.5	12.9	1015.9	18.5	15.3	3087	3600	3087
2022-05-20T07:24:05	1015.9	28.7	33.2	13.7	1016.3	19.9	13.5	3077	3600	3077
2022-05-20T08:24:12	1015.9	29.5	33.4	14.2	1016.4	21.3	12.6	3314	3600	3314
2022-05-20T09:24:15	1015.7	30.7	32.5	14.3	1016.2	22.7	12.0	3192	3600	3192
2022-05-20T10:24:21	1015.5	32.4	31.1	13.7	1015.9	25.3	11.9	3316	3600	3316
2022-05-20T11:24:26	1014.9	34.5	29.1	13.5	1015.4	27.4	12.0	3209	3600	3209
2022-05-20T12:24:35	1014.4	36.4	27.4	13.4	1014.8	29.2	11.1	3392	3600	3392
2022-05-20T13:24:37	1013.6	37.5	26.1	13.5	1014.0	30.0	10.3	3461	3600	3461
2022-05-20T14:24:46	1012.8	38.5	24.7	13.5	1013.1	31.7	9.8	3344	3600	3344
2022-05-20T15:24:50	1011.5	38.6	24.1	13.6	1011.9	31.1	10.1	3417	3600	3417
2022-05-20T16:24:57	1010.5	38.9	24.1	13.7	1010.8	31.3	10.1	3445	3600	3445
2022-05-20T17:24:59	1009.3	38.5	24.7	13.7	1009.5	28.8	10.3	3580	3600	3580
2022-05-20T18:25:05	1008.2	37.4	25.6	13.4	1008.5	24.1	11.0	3350	3600	3350
2022-05-20T19:25:16	1007.1	35.4	26.9	13.1	1007.4	20.4	13.2	3547	3600	3547
2022-05-20T20:25:23	1006.1	32.8	28.4	12.9	1006.5	17.4	14.8	3336	3600	3336
2022-05-20T21:25:25	1005.5	31.3	29.3	12.9	1005.9	16.8	14.3	3180	3600	3180
2022-05-20T22:25:34	1005.0	30.4	30.0	12.9	1005.4	17.0	14.5	3200	3600	3200
2022-05-20T23:25:40	1004.6	29.7	30.9	12.8	1005.0	17.5	14.9	3163	3600	3163
2022-05-21T00:25:45	1005.2	29.1	33.5	12.8	1005.6	17.5	14.9	3249	3600	3249
2022-05-21T01:25:47	1006.5	28.2	35.0	12.8	1007.0	15.7	13.4	3112	3600	3112
2022-05-21T02:25:52	1007.4	27.4	35.0	12.8	1007.9	15.0	12.8	3183	3600	3183
2022-05-21T03:25:57	1008.3	26.3	35.8	12.7	1008.8	14.1	12.1	3275	3600	3275
2022-05-21T04:26:01	1009.3	25.3	35.7	12.6	1009.8	13.3	11.5	3139	3600	3139
2022-05-21T05:26:09	1010.4	24.7	35.4	12.8	1010.9	12.9	11.2	3119	3600	3119
2022-05-21T06:26:16	1011.4	24.4	35.0	13.0	1012.0	12.6	10.3	3061	3600	3061
2022-05-21T07:26:21	1011.9	24.5	34.5	13.5	1012.4	14.0	10.0	3252	3600	3252
2022-05-21T08:26:27	1012.1	24.6	34.2	14.2	1012.6	14.8	9.5	3051	3600	3051
2022-05-21T09:26:30	1011.8	25.6	33.8	14.4	1012.4	17.2	9.7	3144	3600	3144
2022-05-21T10:26:33	1012.1	25.4	33.8	14.3	1012.7	14.5	10.9	3068	3600	3068
2022-05-21T11:26:37	1011.9	24.5	35.3	13.9	1012.5	16.9	10.6	3254	3600	3254
2022-05-21T12:26:39	1011.6	26.1	35.0	13.9	1012.2	19.1	9.9	3142	3600	3142
2022-05-21T13:26:48	1011.5	26.6	33.8	14.0	1012.1	17.9	9.6	3183	3600	3183
2022-05-21T14:26:58	1011.5	26.5	33.3	13.9	1012.1	19.8	9.8	3289	3600	3289
2022-05-21T15:26:59	1011.6	27.7	33.1	13.8	1012.2	23.8	10.5	3302	3600	3302
2022-05-21T16:27:06	1011.6	29.1	32.0	13.9	1012.1	22.6	10.7	3126	3600	3126
2022-05-21T17:27:12	1011.5	28.0	32.8	14.0	1012.1	21.8	11.3	3141	3600	3141
2022-05-21T18:27:19	1011.5	27.8	33.1	14.0	1012.2	18.2	10.5	3247	3600	3247
2022-05-21T19:27:20	1011.7	27.3	33.1	13.3	1012.3	16.5	10.5	3210	3600	3210
2022-05-21T20:27:27	1012.1	26.6	32.9	13.2	1012.7	14.6	10.3	3268	3600	3268
2022-05-21T21:27:30	1012.5	25.7	32.8	13.0	1013.2	12.9	10.7	3171	3600	3171
2022-05-21T22:27:33	1013.0	24.9	32.7	12.9	1013.6	11.6	10.3	3214	3600	3214
2022-05-21T23:27:35	1013.0	24.0	32.5	12.9	1013.7	9.8	9.3	3130	3600	3130
2022-05-22T00:27:40	1012.9	23.1	32.4	12.9	1013.6	8.6	8.6	3183	3600	3183
2022-05-22T01:27:44	1012.6	22.3	32.3	12.8	1013.4	9.3	9.0	3109	3600	3109
2022-05-22T02:27:46	1012.5	21.5	32.5	12.8	1013.2	9.0	8.8	3112	3600	3112
2022-05-22T03:27:47	1012.4	21.0	32.7	12.8	1013.1	9.4	9.1	3216	3600	3216
2022-05-22T04:27:54	1012.3	20.6	33.0	12.8	1013.0	9.2	8.9	3156	3600	3156
2022-05-22T05:28:03	1012.1	20.2	33.3	12.8	1012.8	8.6	8.6	3276	3600	3276
2022-05-22T06:28:09	1012.5	20.0	33.5	13.0	1013.2	9.6	9.2	3190	3600	3190
2022-05-22T07:28:21	1012.6	20.6	34.2	13.9	1013.3	13.1	10.9	3160	3600	3160
2022-05-22T08:28:28	1012.4	22.4	34.2	14.1	1013.1	16.1	10.3	3269	3600	3269
2022-05-22T09:28:34	1012.2	23.7	33.7	14.0	1012.9	17.7	9.9	3236	3600	3236
2022-05-22T10:28:42	1012.0	25.0	33.2	13.9	1012.7	18.8	9.6	3227	3600	3227
2022-05-22T11:28:53	1012.0	26.7	32.2	13.9	1012.6	20.4	9.7	3308	3600	3308
2022-05-22T12:29:03	1011.9	28.2	31.2	13.8	1012.6	23.3	9.6	3393	3600	3393
2022-05-22T13:29:05	1011.6	29.7	30.1	13.7	1012.3	22.5	8.9	3245	3600	3245
2022-05-22T14:29:13	1011.2	30.1	29.5	13.8	1011.9	23.4	9.0	3437	3600	3437
2022-05-22T15:29:14	1010.9	30.4	29.2	13.8	1011.5	26.6	9.0	3244	3600	3244
2022-05-22T16:29:15	1010.5	31.7	28.5	13.8	1011.1	25.5	8.6	3568	3600	3568
2022-05-22T17:29:24	1010.1	31.1	28.9	13.9	1010.7	22.2	8.6	3234	3600	3234
2022-05-22T18:29:32	1009.8	30.8	29.5	13.8	1010.3	22.2	7.9	3358	3600	3358
2022-05-22T19:29:33	1009.8	29.9	29.7	13.4	1010.4	16.3	8.0	3325	3600	3325
2022-05-22T20:29:40	1009.7	28.4	30.0	13.1	1010.3	13.1	7.8	3390	3600	3390
2022-05-22T21:29:44	1009.6	26.8	30.1	13.0	1010.2	11.1	8.2	3439	3600	3439
2022-05-22T22:29:49	1009.3	25.5	30.2	12.9	1010.0	9.9	8.8	3462	3600	3462
2022-05-22T23:29:58	1009.1	24.5	30.3	12.8	1009.7	9.1	8.9	3317	3600	3317
2022-05-23T00:30:01	1008.9	23.9	30.4	12.9	1009.5	10.3	9.6	3244	3600	3244
2022-05-23T01:30:09	1008.9	23.4	30.5	12.8	1009.5	10.1	9.5	3354	3600	3354
2022-05-23T02:30:13	1008.4	22.9	31.0	12.8	1009.0	11.2	10.1	3416	3600	3416
2022-05-23T03:30:17	1008.0	22.4	31.8	12.7	1008.6	11.0	10.0	3429	3600	3429
2022-05-23T04:30:24	1007.9	21.9	32.5	12.7	1008.5	11.0	10.0	3462	3600	3462
2022-05-23T05:30:33	1007.8	21.8	33.8	12.9	1008.4	12.4	10.6	3343	3600	3343
2022-05-23T06:30:42	1007.5	22.0	35.4	13.5	1008.1	14.0	10.0	3567	3600	3567
2022-05-23T07:30:50	1006.8	23.0	35.8	14.0	1007.4	17.1	9.5	3400	3600	3400
2022-05-23T08:30:59	1006.2	24.4	34.9	13.8	1006.8	19.7	9.2	3343	3600	3343
2022-05-23T09:31:04	1005.8	25.7	33.3	13.8	1006.3	21.7	9.1	3459	3600	3459
2022-05-23T10:31:12	1005.2	27.1	31.7	13.8	1005.8	23.2	9.0	3594	3600	3594
2022-05-23T11:31:19	1004.4	28.2	29.9	13.8	1004.9	24.8	8.8	3501	3600	3501
2022-05-23T12:31:25	1003.5	29.1	28.3	13.8	1004.0	25.0	8.5	3615	3600	3615
2022-05-23T13:31:30	1002.7	30.2	27.0	13.6	1003.2	29.7	9.1	3569	3600	3569
2022-05-23T14:31:34	1001.9	31.9	25.8	13.7	1002.3	30.0	9.1	3700	3600	3700
2022-05-23T15:31:36	1001.4	32.0	25.3	13.7	1001.8	30.3	9.0	3618	3600	3618
2022-05-23T16:31:40	1000.5	32.4	25.1	13.8	1000.9	29.9	9.2	3726	3600	3726
2022-05-23T17:31:47	999.4	32.0	25.2	13.9	999.9	23.8	8.9	3722	3600	3722
2022-05-23T18:31:56	998.5	31.3	25.3	13.8	998.9	22.7	8.7	3835	3600	3835
2022-05-23T19:31:58	998.2	30.8	25.3	13.2	998.6	21.5	8.6	3799	3600	3799
2022-05-23T20:32:01	997.9	30.3	25.7	13.0	998.3	20.4	8.7	3639	3600	3639
2022-05-23T21:32:04	997.5	29.6	26.5	12.9	998.0	19.5	8.9	3747	3600	3747
2022-05-23T22:32:09	997.0	29.0	27.0	12.9	997.4	19.1	8.6	3919	3600	3919
2022-05-23T23:32:10	996.0	28.6	27.2	12.9	996.4	19.0	8.6	3690	3600	3690
2022-05-24T00:32:14	995.5	28.4	27.5	12.8	995.9	18.7	8.6	3964	3600	3964
2022-05-24T01:32:15	995.2	28.0	28.0	12.8	995.7	18.1	8.8	3800	3600	3800
2022-05-24T02:32:23	995.2	27.6	28.6	12.8	995.7	18.0	9.1	3890	3600	3890
2022-05-24T03:32:29	995.4	27.2	29.4	12.8	995.8	16.9	11.0	3784	3600	3784
2022-05-24T04:32:33	995.4	26.2	31.1	12.7	995.9	15.5	13.2	3786	3600	3786
2022-05-24T05:32:37	995.9	25.7	32.2	12.7	996.4	16.3	13.8	3687	3600	3687
2022-05-24T06:32:41	996.9	25.6	34.0	12.8	997.4	16.3	13.8	3703	3600	3703
2022-05-24T07:32:45	997.6	25.5	36.0	13.2	998.1	17.2	14.1	3614	3600	3614
2022-05-24T08:32:50	998.4	26.1	36.1	13.8	998.9	18.7	12.8	3579	3600	3579
2022-05-24T09:32:58	999.2	26.6	35.9	14.3	999.7	19.0	11.6	3640	3600	3640
2022-05-24T10:32:59	999.5	28.2	34.4	14.2	1000.0	21.7	10.8	3597	3600	3597
2022-05-24T11:33:02	999.5	30.2	32.3	13.8	1000.0	24.0	10.7	3768	3600	3768
2022-05-24T12:33:05	999.6	31.7	30.5	13.8	1000.1	23.8	10.3	3563	3600	3563
2022-05-24T13:33:12	1000.0	30.9	30.4	13.9	1000.5	22.4	10.8	3739	3600	3739
2022-05-24T14:33:22	1000.6	30.6	30.7	13.9	1001.1	21.6	11.2	3548	3600	3548
2022-05-24T15:33:31	1001.7	30.4	31.2	13.8	1002.1	23.7	11.4	3652	3600	3652
2022-05-24T16:33:32	1002.3	31.3	30.5	13.8	1002.7	25.1	10.5	3566	3600	3566
2022-05-24T17:33:33	1002.6	31.9	29.6	13.9	1003.0	25.8	10.2	3735	3600	3735
2022-05-24T18:33:37	1003.2	31.5	29.5	13.6	1003.7	19.9	10.0	3475	3600	3475
2022-05-24T19:33:47	1003.9	30.5	29.8	13.3	1004.4	17.2	9.8	3503	3600	3503
2022-05-24T20:33:53	1004.4	29.3	30.1	13.1	1005.0	14.8	9.1	3647	3600	3647
2022-05-24T21:34:03	1005.4	28.2	30.2	13.0	1005.9	13.5	8.5	3598	3600	3598
2022-05-24T22:34:11	1005.9	27.2	30.3	12.9	1006.5	12.3	8.8	3548	3600	3548
2022-05-24T23:34:14	1006.2	26.2	30.4	12.9	1006.8	11.4	9.2	3485	3600	3485
2022-05-25T00:34:15	1006.5	25.3	30.5	12.9	1007.1	10.2	9.5	3565	3600	3565
2022-05-25T01:34:18	1007.1	24.4	30.7	12.8	1007.7	10.2	9.5	3533	3600	3533
2022-05-25T02:34:19	1007.2	23.7	30.9	12.8	1007.9	9.3	9.0	3520	3600	3520
2022-05-25T03:34:20	1007.4	22.9	31.1	12.8	1008.1	9.5	9.1	3589	3600	3589
2022-05-25T04:34:21	1007.8	22.4	31.2	12.7	1008.4	9.5	9.1	3499	3600	3499
2022-05-25T05:34:22	1008.3	22.1	31.3	12.8	1008.9	10.9	10.0	3491	3600	3491
2022-05-25T06:34:27	1008.7	22.4	31.2	13.4	1009.3	13.2	10.9	3455	3600	3455
2022-05-25T07:34:32	1009.0	23.4	31.0	14.1	1009.6	15.8	10.3	3241	3600	3241
2022-05-25T08:34:39	1009.4	24.5	30.8	14.0	1010.1	17.3	10.1	3446	3600	3446
2022-05-25T09:34:44	1009.8	25.9	30.7	13.8	1010.4	18.9	9.9	3585	3600	3585
2022-05-25T10:34:47	1009.8	27.8	29.9	13.6	1010.4	20.8	9.2	3525	3600	3525
2022-05-25T11:34:50	1009.7	29.3	29.0	13.6	1010.3	22.4	8.9	3407	3600	3407
2022-05-25T12:34:52	1009.4	30.8	27.8	13.7	1010.0	23.0	8.5	3490	3600	3490
2022-05-25T13:34:53	1009.2	30.5	27.6	13.8	1009.8	22.5	8.5	3623	3600	3623
2022-05-25T14:34:54	1009.0	30.7	27.1	13.7	1009.5	23.9	7.9	3657	3600	3657
2022-05-25T15:34:58	1008.8	31.4	26.2	13.8	1009.3	25.0	8.0	3541	3600	3541
2022-05-25T16:35:07	1008.6	31.5	25.0	13.8	1009.1	23.6	7.0	3498	3600	3498
2022-05-25T17:35:12	1008.7	31.1	24.2	13.9	1009.2	23.8	7.4	3540	3600	3540
2022-05-25T18:35:16	1009.0	31.0	24.1	13.7	1009.5	21.3	7.4	3614	3600	3614
2022-05-25T19:35:18	1009.3	29.9	24.6	13.3	1009.8	18.6	7.5	3752	3600	3752
2022-05-25T20:35:19	1009.7	29.0	25.6	13.1	1010.2	16.9	7.8	3446	3600	3446
2022-05-25T21:35:22	1010.1	28.1	26.3	13.0	1010.7	15.2	7.6	3497	3600	3497
2022-05-25T22:35:25	1010.4	27.3	26.9	12.9	1010.9	14.2	7.1	3445	3600	3445
2022-05-25T23:35:30	1010.3	26.6	27.2	12.9	1010.9	15.2	7.1	3689	3600	3689
2022-05-26T00:35:35	1010.3	26.2	27.4	12.9	1010.8	14.6	7.1	3409	3600	3409
2022-05-26T01:35:47	1010.1	25.6	27.7	12.8	1010.6	14.6	7.2	3517	3600	3517
2022-05-26T02:35:49	1010.1	25.2	27.9	12.8	1010.6	14.9	7.3	3385	3600	3385
2022-05-26T03:35:52	1010.0	25.0	28.1	12.8	1010.6	15.4	7.4	3679	3600	3679
2022-05-26T04:36:00	1010.0	24.8	28.4	12.7	1010.6	15.6	7.6	3513	3600	3513
2022-05-26T05:36:07	1010.2	24.7	28.9	12.8	1010.7	15.7	8.0	3533	3600	3533
2022-05-26T06:36:12	1010.6	24.8	29.6	13.2	1011.1	16.3	8.5	3461	3600	3461
2022-05-26T07:36:14	1010.9	25.2	30.4	13.9	1011.4	17.5	9.1	3457	3600	3457
2022-05-26T08:36:24	1011.5	25.3	31.5	13.8	1012.1	15.6	11.3	3380	3600	3380
2022-05-26T09:36:28	1011.9	24.8	34.2	14.0	1012.4	17.5	12.5	3309	3600	3309
2022-05-26T10:36:31	1012.3	26.8	34.5	13.8	1012.8	21.1	10.6	3630	3600	3630
2022-05-26T11:36:42	1012.4	28.1	32.5	14.0	1012.9	20.7	9.7	3356	3600	3356
2022-05-26T12:36:45	1012.4	28.4	31.4	13.8	1012.9	22.0	9.2	3515	3600	3515
2022-05-26T13:36:54	1012.3	29.0	29.9	13.8	1012.8	22.8	9.4	3280	3600	3280
2022-05-26T14:37:00	1012.2	30.5	28.5	13.9	1012.7	26.2	9.0	3558	3600	3558
2022-05-26T15:37:05	1012.1	31.3	26.6	13.8	1012.6	24.4	8.5	3526	3600	3526
2022-05-26T16:37:07	1012.2	30.9	25.6	13.9	1012.7	22.1	8.3	3380	3600	3380
2022-05-26T17:37:18	1012.3	30.3	25.5	13.9	1012.8	20.0	8.1	3422	3600	3422
2022-05-26T18:37:28	1012.1	29.6	25.7	13.6	1012.6	19.4	8.1	3442	3600	3442
2022-05-26T19:37:32	1011.9	29.1	26.2	13.2	1012.4	18.6	8.4	3535	3600	3535
2022-05-26T20:37:34	1011.9	28.5	27.1	13.0	1012.3	17.6	9.2	3456	3600	3456
2022-05-26T21:37:38	1012.0	27.8	28.0	12.9	1012.5	16.2	10.0	3498	3600	3498
2022-05-26T22:37:39	1011.5	27.3	28.5	12.9	1012.0	15.7	10.2	3524	3600	3524
2022-05-26T23:37:45	1011.1	26.9	28.8	12.9	1011.6	15.4	10.7	3441	3600	3441
2022-05-27T00:37:52	1010.8	26.4	29.4	12.8	1011.3	15.2	11.6	3431	3600	3431
2022-05-27T01:37:56	1010.4	25.6	30.8	12.8	1011.0	14.2	12.2	3441	3600	3441
2022-05-27T02:38:00	1009.8	24.9	32.8	12.8	1010.4	14.0	12.1	3471	3600	3471
2022-05-27T03:38:03	1009.4	24.5	34.2	12.7	1010.0	14.1	12.2	3451	3600	3451
2022-05-27T04:38:07	1009.1	24.1	35.5	12.7	1009.7	14.1	12.1	3394	3600	3394
2022-05-27T05:38:16	1009.1	23.7	36.0	12.7	1009.7	14.0	12.1	3360	3600	3360
2022-05-27T06:38:22	1009.2	23.5	36.2	12.7	1009.9	14.3	12.3	3467	3600	3467
2022-05-27T07:38:30	1009.2	23.4	37.1	13.2	1009.8	14.5	12.4	3392	3600	3392
2022-05-27T08:38:39	1009.4	23.7	38.3	14.6	1010.1	16.0	13.6	3355	3600	3355
2022-05-27T09:38:42	1009.5	24.9	38.4	14.4	1010.2	17.5	12.3	3429	3600	3429
2022-05-27T10:38:44	1009.5	26.9	36.1	13.8	1010.1	19.9	10.2	3527	3600	3527
2022-05-27T11:38:51	1009.3	28.3	32.8	13.8	1009.9	21.1	9.2	3499	3600	3499
2022-05-27T12:38:58	1009.1	28.3	30.3	13.9	1009.7	21.0	8.4	3373	3600	3373
2022-05-27T13:39:00	1008.7	29.3	28.5	13.7	1009.3	23.8	8.1	3593	3600	3593
2022-05-27T14:39:07	1008.5	29.9	26.6	13.8	1009.1	22.0	8.1	3502	3600	3502
2022-05-27T15:39:09	1008.5	29.4	26.8	13.8	1009.0	24.2	8.9	3691	3600	3691
2022-05-27T16:39:12	1008.8	28.8	27.4	13.9	1009.4	20.8	8.0	3584	3600	3584
2022-05-27T17:39:14	1009.3	27.9	27.8	14.0	1009.9	16.9	9.4	3527	3600	3527
2022-05-27T18:39:15	1009.8	26.2	29.6	13.9	1010.5	12.8	9.6	3639	3600	3639
2022-05-27T19:39:19	1009.8	24.5	31.0	13.4	1010.4	11.0	10.0	3358	3600	3358
2022-05-27T20:39:21	1010.1	23.3	31.9	13.1	1010.7	10.1	9.5	3500	3600	3500
2022-05-27T21:39:35	1010.1	22.2	32.4	13.0	1010.8	9.1	8.9	3453	3600	3453
2022-05-27T22:39:44	1009.9	21.3	33.1	12.9	1010.6	9.2	8.9	3496	3600	3496
2022-05-27T23:39:45	1010.0	20.5	33.9	12.9	1010.7	8.7	8.6	3399	3600	3399
2022-05-28T00:39:50	1009.5	19.6	34.4	12.9	1010.2	8.0	8.3	3505	3600	3505
2022-05-28T01:39:55	1009.0	18.9	35.1	12.8	1009.7	8.5	8.5	3326	3600	3326
2022-05-28T02:39:57	1008.5	18.4	36.2	12.8	1009.2	8.6	8.6	3295	3600	3295
2022-05-28T03:40:02	1007.9	17.9	37.1	12.8	1008.6	8.5	8.5	3366	3600	3366
2022-05-28T04:40:09	1007.5	17.6	37.8	12.8	1008.2	8.6	8.6	3485	3600	3485
2022-05-28T05:40:19	1007.3	17.6	38.8	12.8	1008.0	9.3	9.0	3435	3600	3435
2022-05-28T06:40:20	1007.6	17.6	39.8	13.3	1008.3	9.5	9.1	3467	3600	3467
2022-05-28T07:40:28	1007.8	17.9	41.1	14.0	1008.5	10.9	9.3	3314	3600	3314
2022-05-28T08:40:31	1007.8	18.4	41.5	14.2	1008.5	12.1	9.4	3309	3600	3309
2022-05-28T09:40:37	1007.8	19.8	40.7	14.1	1008.5	14.1	8.6	3504	3600	3504
2022-05-28T10:40:38	1008.1	21.4	38.6	14.1	1008.8	15.4	8.4	3591	3600	3591
2022-05-28T11:40:40	1008.2	21.6	37.6	14.0	1008.9	16.4	9.0	3467	3600	3467
2022-05-28T12:40:44	1008.1	23.5	36.1	13.9	1008.8	18.6	8.3	3544	3600	3544
2022-05-28T13:40:45	1008.2	24.8	34.2	14.0	1008.9	18.2	9.5	3484	3600	3484
2022-05-28T14:40:50	1008.4	23.3	35.2	14.0	1009.1	16.4	10.0	3425	3600	3425
2022-05-28T15:40:58	1008.2	24.3	35.1	14.0	1008.9	20.8	8.6	3457	3600	3457
2022-05-28T16:41:02	1008.6	25.1	33.3	14.0	1009.3	15.9	8.8	3435	3600	3435
2022-05-28T17:41:04	1008.7	23.6	34.0	14.1	1009.5	14.2	8.3	3406	3600	3406
2022-05-28T18:41:10	1008.8	23.3	33.9	13.9	1009.6	14.3	8.2	3485	3600	3485
2022-05-28T19:41:14	1009.2	22.7	33.9	13.3	1009.9	12.4	8.4	3473	3600	3473
2022-05-28T20:41:15	1009.3	22.1	33.9	13.1	1010.0	11.3	8.6	3355	3600	3355
2022-05-28T21:41:17	1009.3	21.5	33.9	13.0	1010.0	10.7	8.9	3380	3600	3380
2022-05-28T22:41:25	1009.2	21.2	33.9	12.9	1009.9	10.5	8.9	3380	3600	3380
2022-05-28T23:41:34	1008.9	20.6	33.9	12.9	1009.7	9.7	9.1	3416	3600	3416
2022-05-29T00:41:42	1008.4	19.9	34.1	12.8	1009.2	9.3	8.8	3386	3600	3386
2022-05-29T01:41:53	1008.1	19.4	34.1	12.8	1008.8	9.9	8.1	3492	3600	3492
2022-05-29T02:41:55	1007.7	19.3	34.3	12.8	1008.4	9.8	8.3	3407	3600	3407
2022-05-29T03:42:03	1007.4	18.9	34.5	12.7	1008.1	9.6	8.1	3315	3600	3315
2022-05-29T04:42:08	1007.1	18.7	34.6	12.7	1007.9	9.1	8.8	3335	3600	3335
2022-05-29T05:42:12	1007.1	18.5	34.6	12.8	1007.9	9.5	9.0	3419	3600	3419
2022-05-29T06:42:16	1006.9	18.9	34.9	13.2	1007.7	10.8	9.0	3448	3600	3448
2022-05-29T07:42:18	1007.0	19.7	35.0	14.3	1007.7	12.5	8.8	3349	3600	3349
2022-05-29T08:42:24	1007.0	20.2	34.9	14.3	1007.8	13.0	8.8	3417	3600	3417
2022-05-29T09:42:40	1007.0	20.9	35.0	14.6	1007.8	14.0	9.1	3539	3600	3539
2022-05-29T10:42:49	1007.1	20.7	35.3	14.2	1007.9	12.9	10.0	3489	3600	3489
2022-05-29T11:42:57	1007.0	21.4	35.6	14.1	1007.7	14.4	9.7	3351	3600	3351
2022-05-29T12:43:05	1006.8	21.6	35.7	13.9	1007.6	16.0	9.8	3495	3600	3495
2022-05-29T13:43:12	1006.6	22.7	35.5	14.1	1007.4	14.8	9.7	3512	3600	3512
2022-05-29T14:43:16	1006.3	23.0	35.8	13.9	1007.1	18.2	9.9	3366	3600	3366
2022-05-29T15:43:19	1006.2	23.9	35.4	14.0	1007.0	17.1	8.9	3482	3600	3482
2022-05-29T16:43:20	1005.8	24.8	34.7	13.9	1006.5	20.3	8.8	3488	3600	3488
2022-05-29T17:43:22	1005.5	25.7	33.6	14.0	1006.2	19.5	8.1	3508	3600	3508
2022-05-29T18:43:25	1005.2	25.6	33.0	14.1	1005.9	16.9	7.8	3493	3600	3493
2022-05-29T19:43:30	1005.3	24.9	33.1	13.4	1006.0	14.1	8.7	3547	3600	3547
2022-05-29T20:43:41	1005.6	23.8	33.3	13.1	1006.3	12.1	9.2	3483	3600	3483
2022-05-29T21:43:45	1005.8	23.0	33.4	13.0	1006.5	11.4	9.5	3444	3600	3444
2022-05-29T22:43:48	1005.7	22.4	33.4	12.9	1006.5	10.4	9.6	3389	3600	3389
2022-05-29T23:43:55	1005.7	21.9	33.4	12.9	1006.4	9.5	9.1	3516	3600	3516
2022-05-30T00:44:00	1005.6	21.4	33.4	12.9	1006.4	9.7	9.2	3516	3600	3516
2022-05-30T01:44:05	1005.5	21.0	33.4	12.8	1006.2	9.9	9.4	3466	3600	3466
2022-05-30T02:44:10	1005.5	20.7	33.4	12.8	1006.2	10.1	9.4	3465	3600	3465
2022-05-30T03:44:12	1005.5	20.3	33.6	12.8	1006.3	10.0	9.4	3511	3600	3511
2022-05-30T04:44:14	1005.6	19.7	34.1	12.7	1006.4	9.7	9.2	3345	3600	3345
2022-05-30T05:44:23	1005.9	19.3	34.7	12.9	1006.7	10.0	9.4	3411	3600	3411
2022-05-30T06:44:32	1006.2	19.3	35.2	13.1	1007.0	10.7	9.8	3335	3600	3335
2022-05-30T07:44:38	1006.4	19.5	35.8	13.8	1007.2	12.0	10.2	3447	3600	3447
2022-05-30T08:44:43	1006.6	20.3	35.9	14.1	1007.4	13.1	9.5	3536	3600	3536
2022-05-30T09:44:47	1006.9	21.9	35.5	13.9	1007.7	16.0	8.9	3550	3600	3550
2022-05-30T10:44:50	1007.0	24.3	34.0	13.9	1007.8	18.0	8.5	3364	3600	3364
2022-05-30T11:44:59	1007.1	25.1	32.9	13.9	1007.8	18.6	8.3	3545	3600	3545
2022-05-30T12:45:02	1007.2	26.0	32.2	13.8	1007.9	20.8	8.6	3345	3600	3345
2022-05-30T13:45:08	1007.2	28.3	30.7	13.7	1007.9	22.9	8.1	3460	3600	3460
2022-05-30T14:45:11	1007.4	29.0	29.6	13.9	1008.1	20.8	7.7	3513	3600	3513
2022-05-30T15:45:13	1007.9	28.4	29.1	14.0	1008.6	19.1	8.1	3458	3600	3458
2022-05-30T16:45:18	1008.3	27.7	29.3	14.0	1009.1	17.4	7.8	3422	3600	3422
2022-05-30T17:45:25	1008.6	27.1	29.5	14.0	1009.3	15.6	8.0	3523	3600	3523
2022-05-30T18:45:30	1008.8	26.4	29.9	13.9	1009.6	14.2	8.0	3472	3600	3472
2022-05-30T19:45:31	1009.2	25.7	30.3	13.3	1009.9	13.1	8.1	3368	3600	3368
2022-05-30T20:45:40	1009.6	24.6	30.7	13.1	1010.4	10.6	8.7	3407	3600	3407
2022-05-30T21:45:45	1010.2	23.6	31.1	13.0	1011.0	9.3	9.0	3354	3600	3354
2022-05-30T22:45:47	1010.5	22.7	31.4	12.9	1011.2	9.3	9.0	3308	3600	3308
2022-05-30T23:45:51	1010.5	22.0	31.7	12.9	1011.3	8.9	8.7	3280	3600	3280
2022-05-31T00:45:58	1010.8	21.4	31.9	12.9	1011.5	9.1	8.9	3475	3600	3475
2022-05-31T01:46:06	1010.8	21.1	32.0	12.8	1011.6	9.5	9.1	3345	3600	3345
2022-05-31T02:46:08	1010.7	20.8	32.0	12.8	1011.5	8.7	8.6	3262	3600	3262
2022-05-31T03:46:17	1010.7	20.2	32.1	12.8	1011.5	7.4	8.0	3328	3600	3328
2022-05-31T04:46:23	1010.8	19.7	32.2	12.8	1011.6	7.2	7.9	3345	3600	3345
2022-05-31T05:46:29	1011.0	19.6	32.2	13.0	1011.8	8.4	8.5	3436	3600	3436
2022-05-31T06:46:41	1011.0	19.8	32.2	13.8	1011.8	10.6	9.5	3333	3600	3333
2022-05-31T07:46:48	1011.1	21.3	32.0	14.1	1011.9	14.6	8.5	3330	3600	3330
2022-05-31T08:46:51	1011.1	23.0	31.4	13.9	1011.8	16.4	7.7	3535	3600	3535
2022-05-31T09:46:56	1010.8	24.6	30.8	13.8	1011.5	18.0	7.4	3509	3600	3509
2022-05-31T10:47:00	1010.5	26.4	29.7	13.8	1011.2	19.1	7.3	3382	3600	3382
2022-05-31T11:47:04	1010.0	27.7	28.9	13.7	1010.6	22.7	7.7	3522	3600	3522
2022-05-31T12:47:06	1009.5	28.9	28.1	13.9	1010.1	21.5	7.5	3407	3600	3407
2022-05-31T13:47:13	1009.0	29.9	27.6	13.8	1009.7	24.6	7.6	3446	3600	3446
2022-05-31T14:47:16	1008.7	30.2	26.9	13.9	1009.4	22.8	7.3	3426	3600	3426
2022-05-31T15:47:20	1008.3	29.6	27.2	13.8	1008.9	25.4	7.8	3604	3600	3604
2022-05-31T16:47:24	1007.9	30.7	26.9	13.9	1008.4	25.0	7.6	3612	3600	3612
2022-05-31T17:47:31	1007.6	30.9	27.2	13.9	1008.1	26.9	7.5	3498	3600	3498
2022-05-31T18:47:32	1007.2	31.1	27.7	13.6	1007.8	20.8	7.3	3452	3600	3452
2022-05-31T19:47:42	1007.2	29.7	28.4	13.2	1007.8	16.2	7.4	3546	3600	3546
2022-05-31T20:47:49	1007.8	28.4	28.9	13.0	1008.4	15.0	8.3	3456	3600	3456
2022-05-31T21:47:51	1008.6	26.9	29.6	12.9	1009.2	13.5	10.3	3538	3600	3538
2022-05-31T22:47:56	1008.5	25.6	30.2	12.9	1009.1	12.4	10.9	3505	3600	3505
2022-05-31T23:48:02	1008.3	24.7	30.6	12.8	1008.9	11.8	10.5	3341	3600	3341
2022-06-01T00:48:04	1007.9	23.8	31.3	12.8	1008.6	11.7	10.4	3446	3600	3446
2022-06-01T01:48:13	1007.9	23.3	31.7	12.8	1008.5	11.7	10.5	3499	3600	3499
2022-06-01T02:48:14	1007.9	22.8	31.9	12.8	1008.6	11.8	10.5	3451	3600	3451
2022-06-01T03:48:20	1007.7	22.4	32.1	12.7	1008.3	11.5	10.3	3436	3600	3436
2022-06-01T04:48:22	1007.7	21.9	32.3	12.7	1008.3	11.1	10.1	3496	3600	3496
2022-06-01T05:48:31	1007.8	21.2	32.6	12.8	1008.5	10.6	9.7	3386	3600	3386
2022-06-01T06:48:37	1008.0	20.9	32.9	13.5	1008.6	12.0	10.6	3536	3600	3536
2022-06-01T07:48:40	1008.0	22.2	32.9	14.6	1008.6	15.3	11.1	3511	3600	3511
2022-06-01T08:48:43	1008.2	23.9	32.7	14.4	1008.8	17.4	10.5	3385	3600	3385
2022-06-01T09:48:50	1008.3	25.2	32.8	13.8	1008.9	18.7	10.4	3341	3600	3341
2022-06-01T10:48:56	1008.4	27.4	31.9	13.7	1009.0	20.9	9.8	3323	3600	3323
2022-06-01T11:49:02	1008.0	29.0	30.5	13.7	1008.6	22.4	8.5	3507	3600	3507
2022-06-01T12:49:10	1007.6	29.9	29.1	13.7	1008.2	24.0	8.7	3626	3600	3626
2022-06-01T13:49:12	1007.7	30.3	28.4	13.8	1008.3	22.1	9.1	3489	3600	3489
2022-06-01T14:49:16	1008.0	29.9	28.4	13.8	1008.5	22.8	9.2	3476	3600	3476
2022-06-01T15:49:19	1008.1	31.1	27.6	13.7	1008.6	28.0	8.5	3537	3600	3537
2022-06-01T16:49:25	1008.3	31.6	26.5	13.8	1008.8	23.2	8.3	3530	3600	3530
2022-06-01T17:49:29	1008.6	30.6	27.2	13.9	1009.1	22.2	8.8	3621	3600	3621
2022-06-01T18:49:36	1009.2	30.2	27.5	13.5	1009.8	18.1	7.6	3480	3600	3480
2022-06-01T19:49:41	1009.5	28.9	27.7	13.2	1010.0	15.9	7.8	3478	3600	3478
2022-06-01T20:49:46	1009.8	27.8	28.3	13.0	1010.4	12.9	8.3	3671	3600	3671
2022-06-01T21:49:48	1010.0	26.5	28.9	12.9	1010.6	10.6	9.5	3466	3600	3466
2022-06-01T22:49:55	1010.4	25.5	29.2	12.9	1011.0	10.3	9.5	3356	3600	3356
2022-06-01T23:50:00	1010.6	24.7	29.5	12.9	1011.2	10.8	9.4	3384	3600	3384
2022-06-02T00:50:04	1011.2	24.0	29.7	12.8	1011.8	10.7	9.6	3516	3600	3516
2022-06-02T01:50:05	1011.6	23.4	30.0	12.8	1012.2	10.3	9.6	3325	3600	3325
2022-06-02T02:50:11	1012.0	22.6	30.3	12.8	1012.7	8.9	8.8	3456	3600	3456
2022-06-02T03:50:14	1012.4	21.8	30.6	12.7	1013.1	8.6	8.6	3419	3600	3419
2022-06-02T04:50:19	1012.9	21.2	30.9	12.7	1013.5	8.8	8.7	3402	3600	3402
2022-06-02T05:50:20	1013.5	21.0	31.1	12.9	1014.1	10.3	9.5	3378	3600	3378
2022-06-02T06:50:22	1014.0	21.2	31.6	13.6	1014.7	12.0	10.4	3350	3600	3350
2022-06-02T07:50:28	1014.6	22.4	32.0	14.1	1015.2	14.9	9.9	3283	3600	3283
2022-06-02T08:50:31	1015.1	23.9	31.8	14.1	1015.7	16.7	9.4	3413	3600	3413
2022-06-02T09:50:35	1015.5	25.2	31.4	13.8	1016.1	19.1	9.1	3235	3600	3235
2022-06-02T10:50:42	1015.7	27.5	30.0	13.7	1016.3	21.0	8.5	3469	3600	3469
2022-06-02T11:50:48	1016.0	29.1	28.4	13.7	1016.5	22.6	8.0	3250	3600	3250
2022-06-02T12:50:50	1016.1	30.6	26.8	13.5	1016.6	25.2	7.9	3376	3600	3376
2022-06-02T13:50:57	1016.1	32.2	25.4	13.6	1016.6	26.0	7.6	3416	3600	3416
2022-06-02T14:51:01	1016.2	33.2	24.2	13.7	1016.6	27.6	7.8	3321	3600	3321
2022-06-02T15:51:03	1016.3	33.6	24.1	13.7	1016.7	28.2	8.1	3626	3600	3626
2022-06-02T16:51:08	1016.3	33.4	24.3	13.8	1016.8	23.4	7.8	3339	3600	3339
2022-06-02T17:51:19	1016.3	32.6	25.1	13.9	1016.7	23.4	8.0	3386	3600	3386
2022-06-02T18:51:20	1016.4	32.0	25.7	13.6	1016.9	18.8	8.0	3093	3600	3093
2022-06-02T19:51:24	1016.5	30.3	26.7	13.2	1017.0	15.0	8.0	3245	3600	3245
2022-06-02T20:51:26	1016.8	28.7	27.5	13.0	1017.3	12.7	8.1	3259	3600	3259
2022-06-02T21:51:29	1017.2	27.3	28.1	13.0	1017.7	11.3	8.8	3242	3600	3242
2022-06-02T22:51:35	1017.3	26.2	28.6	12.9	1017.9	10.4	9.6	3450	3600	3450
2022-06-02T23:51:42	1017.5	25.1	29.1	12.9	1018.0	9.7	9.2	3278	3600	3278
2022-06-03T00:51:49	1017.6	24.2	29.5	12.8	1018.1	9.0	8.8	3409	3600	3409
2022-06-03T01:51:55	1017.6	23.3	29.9	12.8	1018.2	8.4	8.5	3246	3600	3246
2022-06-03T02:52:07	1017.5	22.5	30.3	12.8	1018.1	7.9	8.2	3282	3600	3282
2022-06-03T03:52:18	1017.4	21.6	30.7	12.8	1018.1	7.2	7.9	3298	3600	3298
2022-06-03T04:52:20	1017.3	20.9	30.9	12.7	1018.0	7.0	7.8	3285	3600	3285
2022-06-03T05:52:22	1017.5	20.5	31.1	12.8	1018.1	8.2	8.4	3335	3600	3335
2022-06-03T06:52:34	1017.7	20.6	31.5	13.4	1018.3	11.6	10.4	3282	3600	3282
2022-06-03T07:52:38	1017.5	22.3	32.1	14.0	1018.0	17.7	10.7	3358	3600	3358
2022-06-03T08:52:46	1017.2	24.4	32.2	13.8	1017.7	20.8	9.1	3284	3600	3284
2022-06-03T09:52:51	1016.9	26.5	30.9	13.7	1017.4	23.3	8.7	3352	3600	3352
2022-06-03T10:52:54	1016.6	28.8	29.0	13.6	1017.1	25.7	8.7	3314	3600	3314
2022-06-03T11:53:00	1016.2	31.0	27.0	13.6	1016.6	28.4	8.5	3389	3600	3389
2022-06-03T12:53:05	1015.6	33.0	25.3	13.5	1016.0	31.5	8.8	3389	3600	3389
2022-06-03T13:53:11	1014.7	34.8	23.9	13.5	1015.1	33.8	8.9	3608	3600	3608
2022-06-03T14:53:21	1013.9	36.3	23.0	13.6	1014.3	36.2	8.7	3631	3600	3631
2022-06-03T15:53:22	1013.5	37.2	22.9	13.6	1013.8	36.3	8.6	3513	3600	3513
2022-06-03T16:53:29	1013.1	37.2	23.3	13.6	1013.3	33.9	8.3	3552	3600	3552
2022-06-03T17:53:30	1012.6	36.6	24.1	13.8	1012.8	28.6	8.7	3510	3600	3510
2022-06-03T18:53:33	1012.4	36.3	25.1	13.7	1012.6	25.9	9.2	3627	3600	3627
2022-06-03T19:53:37	1012.3	35.0	25.9	13.2	1012.6	20.9	9.2	3612	3600	3612
2022-06-03T20:53:39	1012.6	33.5	26.7	13.1	1012.8	18.5	9.3	3446	3600	3446
2022-06-03T21:53:42	1012.9	32.3	27.1	12.9	1013.1	18.3	9.2	3366	3600	3366
2022-06-03T22:53:43	1012.9	31.5	27.4	12.9	1013.2	17.7	8.9	3634	3600	3634
2022-06-03T23:53:44	1013.0	30.5	27.7	12.9	1013.4	15.8	9.0	3498	3600	3498
2022-06-04T00:53:50	1013.1	29.6	28.1	12.8	1013.5	15.0	9.5	3482	3600	3482
2022-06-04T01:53:56	1013.0	28.7	28.4	12.8	1013.4	14.9	9.8	3678	3600	3678
2022-06-04T02:53:58	1013.0	28.1	28.7	12.8	1013.4	15.2	10.1	3495	3600	3495
2022-06-04T03:53:59	1012.9	27.5	29.0	12.7	1013.3	15.0	10.2	3466	3600	3466
2022-06-04T04:54:00	1013.0	26.9	29.4	12.7	1013.4	14.6	10.0	3394	3600	3394
2022-06-04T05:54:09	1013.4	26.5	29.6	12.8	1013.8	15.0	9.6	3428	3600	3428
2022-06-04T06:54:10	1013.5	26.2	29.8	12.9	1013.9	15.8	9.1	3468	3600	3468
2022-06-04T07:54:11	1013.9	26.5	29.8	13.5	1014.3	18.2	9.1	3319	3600	3319
2022-06-04T08:54:12	1014.4	27.4	29.4	14.0	1014.8	20.4	9.2	3515	3600	3515
2022-06-04T09:54:24	1014.7	28.5	29.0	13.9	1015.0	23.2	9.9	3378	3600	3378
2022-06-04T10:54:25	1014.9	30.6	28.2	13.8	1015.2	25.9	9.9	3401	3600	3401
2022-06-04T11:54:27	1015.0	32.5	27.2	13.6	1015.3	29.5	10.1	3363	3600	3363
2022-06-04T12:54:28	1014.8	35.0	25.9	13.7	1015.1	30.0	9.9	3382	3600	3382
2022-06-04T13:54:35	1015.0	35.8	25.4	13.7	1015.3	30.7	10.2	3365	3600	3365
2022-06-04T14:54:37	1015.1	36.4	25.3	13.6	1015.4	30.4	10.3	3352	3600	3352
2022-06-04T15:54:42	1015.1	37.1	25.2	13.7	1015.3	32.7	10.3	3476	3600	3476
2022-06-04T16:54:48	1015.0	37.7	25.4	13.7	1015.2	32.4	10.0	3416	3600	3416
2022-06-04T17:54:57	1015.0	37.2	25.9	13.8	1015.2	26.8	9.9	3607	3600	3607
2022-06-04T18:54:58	1015.1	36.4	26.6	13.6	1015.4	24.3	9.8	3424	3600	3424
2022-06-04T19:55:04	1015.7	35.0	27.2	13.2	1015.9	19.6	9.8	3498	3600	3498
2022-06-04T20:55:05	1016.1	33.3	27.8	13.0	1016.4	16.7	9.5	3457	3600	3457
2022-06-04T21:55:10	1016.7	31.8	28.2	12.9	1017.0	14.8	9.1	3560	3600	3560
2022-06-04T22:55:22	1017.1	30.3	28.5	12.9	1017.4	13.3	8.8	3423	3600	3423
2022-06-04T23:55:29	1017.3	29.0	28.8	12.9	1017.7	11.7	8.9	3405	3600	3405
2022-06-05T00:55:34	1017.3	27.6	29.1	12.8	1017.7	10.5	8.6	3456	3600	3456
2022-06-05T01:55:35	1017.1	26.4	29.3	12.8	1017.6	9.5	8.6	3494	3600	3494
2022-06-05T02:55:47	1017.0	25.2	29.6	12.8	1017.5	8.7	8.6	3487	3600	3487
2022-06-05T03:55:53	1016.7	24.1	29.9	12.7	1017.2	7.7	8.1	3317	3600	3317
2022-06-05T04:56:06	1016.6	23.1	30.1	12.7	1017.1	7.2	7.8	3421	3600	3421
2022-06-05T05:56:13	1016.5	22.5	30.2	12.8	1017.0	8.2	8.4	3312	3600	3312
2022-06-05T06:56:17	1016.1	22.4	30.6	13.5	1016.5	12.3	10.3	3435	3600	3435
2022-06-05T07:56:22	1015.9	23.9	31.0	14.0	1016.3	18.5	9.4	3432	3600	3432
2022-06-05T08:56:31	1015.4	26.1	30.6	13.8	1015.9	22.3	9.4	3462	3600	3462
2022-06-05T09:56:37	1014.9	28.6	29.6	13.6	1015.3	25.9	9.9	3493	3600	3493
2022-06-05T10:56:39	1014.5	31.0	28.1	13.6	1014.9	28.9	9.7	3477	3600	3477
2022-06-05T11:56:44	1013.7	33.2	26.2	13.5	1014.0	31.7	10.0	3487	3600	3487
2022-06-05T12:56:47	1012.8	34.9	24.7	13.5	1013.1	34.8	10.3	3426	3600	3426
2022-06-05T13:56:55	1011.7	36.5	23.7	13.4	1012.0	36.9	10.6	3713	3600	3713
2022-06-05T14:56:59	1010.9	37.6	23.2	13.6	1011.1	37.1	10.3	3688	3600	3688
2022-06-05T15:57:04	1010.3	37.7	22.9	13.6	1010.5	35.5	10.3	3653	3600	3653
2022-06-05T16:57:06	1009.5	37.8	22.7	13.7	1009.7	33.9	10.2	3627	3600	3627
2022-06-05T17:57:08	1009.0	37.4	22.8	13.7	1009.1	32.7	10.2	3712	3600	3712
2022-06-05T18:57:15	1008.7	37.2	22.7	13.7	1008.8	28.6	9.7	3794	3600	3794
2022-06-05T19:57:20	1008.4	36.3	23.2	13.2	1008.6	25.6	9.7	3658	3600	3658
2022-06-05T20:57:21	1008.4	35.4	23.9	13.0	1008.6	24.2	9.6	3697	3600	3697
2022-06-05T21:57:31	1008.5	34.7	24.3	12.9	1008.7	23.7	9.7	3699	3600	3699
2022-06-05T22:57:34	1008.3	34.1	24.6	12.9	1008.5	23.1	9.9	3597	3600	3597
2022-06-05T23:57:35	1008.2	33.5	25.0	12.9	1008.4	22.5	10.1	3552	3600	3552
2022-06-06T00:57:41	1008.0	32.7	25.8	12.8	1008.2	21.4	10.7	3587	3600	3587
2022-06-06T01:57:48	1007.6	31.9	26.7	12.8	1007.9	20.6	11.1	3641	3600	3641
2022-06-06T02:57:56	1007.4	30.8	27.7	12.8	1007.6	18.6	14.3	3638	3600	3638
2022-06-06T03:57:59	1007.4	29.9	28.8	12.7	1007.6	17.9	15.0	3556	3600	3556
2022-06-06T04:58:00	1008.1	29.2	29.6	12.7	1008.4	17.7	15.1	3471	3600	3471
2022-06-06T05:58:07	1008.7	28.7	30.3	12.8	1009.0	17.9	15.3	3545	3600	3545
2022-06-06T06:58:15	1009.1	28.5	30.8	13.2	1009.4	18.7	16.0	3530	3600	3530
2022-06-06T07:58:21	1009.7	28.6	31.7	14.1	1010.0	19.3	16.1	3421	3600	3421
2022-06-06T08:58:25	1009.7	30.2	31.9	14.2	1010.1	22.4	14.5	3438	3600	3438
2022-06-06T09:58:37	1009.7	31.9	31.6	13.9	1010.0	24.7	13.3	3255	3600	3255
2022-06-06T10:58:44	1009.6	33.2	30.8	13.7	1010.0	26.0	13.0	3491	3600	3491
2022-06-06T11:58:47	1009.6	33.9	30.1	13.6	1010.0	27.3	12.9	3430	3600	3430
2022-06-06T12:58:51	1009.4	35.5	28.8	13.6	1009.8	28.1	13.0	3565	3600	3565
2022-06-06T13:58:59	1009.2	35.7	28.5	13.6	1009.5	28.5	12.7	3601	3600	3601
2022-06-06T14:59:06	1008.8	36.5	28.0	13.8	1009.2	27.2	12.9	3560	3600	3560
2022-06-06T15:59:07	1008.7	36.0	28.4	13.7	1008.9	29.7	13.3	3670	3600	3670
2022-06-06T16:59:17	1009.1	35.6	28.6	13.6	1009.5	22.0	14.8	3597	3600	3597
2022-06-06T17:59:21	1009.3	32.6	30.4	13.7	1009.7	18.3	15.7	3266	3600	3266
2022-06-06T18:59:26	1009.1	31.7	31.3	13.8	1009.5	19.2	16.5	3425	3600	3425
2022-06-06T19:59:29	1009.0	31.1	31.9	13.3	1009.4	17.1	14.6	3327	3600	3327
2022-06-06T20:59:34	1009.1	30.1	32.4	13.1	1009.5	15.2	13.0	3439	3600	3439
2022-06-06T21:59:37	1009.2	29.1	32.7	12.9	1009.7	14.8	12.7	3286	3600	3286
2022-06-06T22:59:47	1009.1	28.3	32.8	12.9	1009.7	15.5	13.2	3342	3600	3342
2022-06-06T23:59:53	1009.3	27.6	32.9	12.9	1009.8	14.0	12.1	3304	3600	3304
2022-06-07T00:59:57	1009.2	26.8	33.2	12.8	1009.8	13.3	11.6	3309	3600	3309
2022-06-07T02:00:04	1008.9	26.1	33.4	12.8	1009.5	13.0	11.3	3349	3600	3349
2022-06-07T03:00:05	1008.7	25.4	33.5	12.8	1009.3	12.8	11.2	3451	3600	3451
2022-06-07T04:00:07	1008.6	24.9	33.5	12.7	1009.2	12.2	10.8	3334	3600	3334
2022-06-07T05:00:15	1008.7	24.3	33.4	12.8	1009.3	12.0	10.7	3370	3600	3370
2022-06-07T06:00:21	1008.6	24.1	33.4	12.9	1009.2	12.7	11.1	3316	3600	3316
2022-06-07T07:00:27	1008.7	24.5	33.5	13.7	1009.3	15.5	13.2	3370	3600	3370
2022-06-07T08:00:29	1009.0	26.5	32.7	13.9	1009.5	18.5	14.4	3358	3600	3358
2022-06-07T09:00:32	1008.8	28.1	32.0	13.8	1009.5	21.4	12.8	3337	3600	3337
2022-06-07T10:00:38	1008.5	29.7	31.4	13.7	1009.0	24.2	11.4	3309	3600	3309
2022-06-07T11:00:40	1007.8	31.2	30.4	13.7	1008.4	25.1	10.2	3554	3600	3554
2022-06-07T12:00:42	1007.3	32.7	28.9	13.6	1007.8	26.6	9.5	3320	3600	3320
2022-06-07T13:00:45	1007.2	33.0	27.4	13.8	1007.7	25.5	8.8	3591	3600	3591
2022-06-07T14:00:50	1006.7	33.2	26.5	13.7	1007.2	26.0	8.7	3536	3600	3536
2022-06-07T15:00:55	1006.6	33.3	25.8	13.8	1007.1	25.9	9.0	3629	3600	3629
2022-06-07T16:01:00	1006.3	33.8	25.6	13.8	1006.7	27.2	8.9	3506	3600	3506
2022-06-07T17:01:04	1006.1	34.2	25.1	13.8	1006.4	27.6	8.7	3684	3600	3684
2022-06-07T18:01:08	1006.0	34.5	25.1	13.8	1006.4	27.1	9.6	3630	3600	3630
2022-06-07T19:01:13	1006.1	34.1	25.7	13.5	1006.5	22.4	8.9	3568	3600	3568
2022-06-07T20:01:15	1006.2	32.9	26.4	13.2	1006.6	20.1	8.6	3630	3600	3630
2022-06-07T21:01:22	1006.8	31.7	27.1	13.0	1007.2	16.3	10.0	3613	3600	3613
2022-06-07T22:01:24	1006.8	30.3	27.8	12.9	1007.3	14.4	10.9	3603	3600	3603
2022-06-07T23:01:30	1006.7	29.2	28.2	12.9	1007.1	14.1	11.1	3586	3600	3586
2022-06-08T00:01:37	1006.3	28.4	28.6	12.9	1006.8	14.2	11.7	3612	3600	3612
2022-06-08T01:01:38	1006.1	27.9	28.8	12.8	1006.6	15.0	11.4	3572	3600	3572
2022-06-08T02:01:47	1006.0	27.5	29.1	12.8	1006.5	14.9	12.0	3540	3600	3540
2022-06-08T03:01:53	1005.7	26.8	29.5	12.8	1006.2	13.4	11.6	3583	3600	3583
2022-06-08T04:01:57	1005.5	26.1	29.9	12.7	1006.1	12.9	11.3	3703	3600	3703
2022-06-08T05:02:01	1005.5	25.7	30.3	12.7	1006.0	14.4	12.4	3383	3600	3383
2022-06-08T06:02:04	1005.4	25.6	30.8	13.0	1005.9	16.0	12.5	3560	3600	3560
2022-06-08T07:02:10	1005.4	26.0	30.8	13.7	1005.9	18.3	11.7	3598	3600	3598
2022-06-08T08:02:19	1005.5	27.6	30.4	13.9	1006.0	21.1	11.5	3518	3600	3518
2022-06-08T09:02:29	1005.4	29.2	29.7	13.8	1005.9	23.2	11.7	3637	3600	3637
2022-06-08T10:02:43	1005.0	31.1	29.0	13.7	1005.5	24.9	11.8	3464	3600	3464
2022-06-08T11:02:52	1004.5	32.5	28.6	13.6	1004.9	27.4	12.0	3566	3600	3566
2022-06-08T12:02:55	1003.9	33.4	28.4	13.8	1004.4	25.9	11.9	3633	3600	3633
2022-06-08T13:03:04	1003.4	33.4	28.6	13.7	1003.9	27.6	11.6	3788	3600	3788
2022-06-08T14:03:14	1003.0	34.1	28.3	13.7	1003.4	28.2	11.2	3696	3600	3696
2022-06-08T15:03:15	1002.6	34.6	27.7	13.8	1003.0	28.0	10.5	3731	3600	3731
2022-06-08T16:03:27	1002.0	34.8	27.2	13.7	1002.4	28.6	10.6	3848	3600	3848
2022-06-08T17:03:32	1001.6	35.4	26.6	13.8	1001.9	29.5	10.0	3793	3600	3793
2022-06-08T18:03:36	1001.3	35.3	26.2	13.8	1001.6	26.1	10.2	3876	3600	3876
2022-06-08T19:03:42	1001.3	34.6	26.8	13.6	1001.6	24.5	10.7	3824	3600	3824
2022-06-08T20:03:45	1001.3	34.0	27.5	13.2	1001.7	22.7	10.6	3748	3600	3748
2022-06-08T21:03:49	1001.6	33.2	28.0	13.0	1002.0	19.8	10.6	3689	3600	3689
2022-06-08T22:03:56	1001.8	32.0	28.6	12.9	1002.2	17.2	11.3	3822	3600	3822
2022-06-08T23:04:04	1001.8	31.0	29.0	12.9	1002.2	16.5	13.3	3723	3600	3723
2022-06-09T00:04:09	1001.8	30.3	29.4	12.9	1002.2	17.0	14.4	3742	3600	3742
2022-06-09T01:04:13	1002.0	29.8	29.8	12.8	1002.4	17.3	14.3	3824	3600	3824
2022-06-09T02:04:18	1002.3	29.2	30.3	12.8	1002.8	16.8	13.3	3756	3600	3756
2022-06-09T03:04:23	1002.4	28.7	30.6	12.7	1002.9	15.9	13.4	3565	3600	3565
2022-06-09T04:04:28	1002.5	28.0	30.6	12.7	1003.1	13.9	12.0	3620	3600	3620
2022-06-09T05:04:35	1002.9	27.3	30.9	12.8	1003.4	14.5	12.4	3754	3600	3754
2022-06-09T06:04:39	1003.3	27.3	31.2	12.9	1003.8	17.0	13.8	3760	3600	3760
2022-06-09T07:04:40	1003.8	27.3	31.5	13.0	1004.4	17.3	13.4	3525	3600	3525
2022-06-09T08:04:48	1004.4	27.1	32.1	13.3	1005.0	18.1	14.4	3523	3600	3523
2022-06-09T09:04:49	1005.1	27.2	32.7	13.6	1005.7	18.8	14.0	3576	3600	3576
2022-06-09T10:04:54	1005.6	27.7	33.1	13.8	1006.2	19.5	13.2	3604	3600	3604
2022-06-09T11:04:55	1006.1	28.4	33.0	13.9	1006.6	21.7	13.0	3521	3600	3521
2022-06-09T12:04:56	1006.5	29.8	32.2	13.9	1007.1	23.7	12.4	3618	3600	3618
2022-06-09T13:05:02	1006.8	31.0	31.2	13.9	1007.4	23.0	11.7	3699	3600	3699
2022-06-09T14:05:09	1007.3	30.4	31.4	13.9	1007.9	21.5	12.0	3628	3600	3628
2022-06-09T15:05:13	1007.8	30.7	31.4	13.9	1008.3	23.9	12.5	3581	3600	3581
2022-06-09T16:05:14	1008.2	31.4	30.9	13.8	1008.7	24.9	11.8	3589	3600	3589
2022-06-09T17:05:19	1008.2	32.9	30.1	13.8	1008.7	29.5	11.3	3707	3600	3707
2022-06-09T18:05:20	1008.6	33.4	29.4	13.9	1009.1	25.1	11.2	3620	3600	3620
2022-06-09T19:05:27	1009.5	32.7	29.9	13.7	1010.1	22.5	11.4	3598	3600	3598
2022-06-09T20:05:30	1010.4	31.9	30.3	13.3	1010.9	19.7	11.4	3555	3600	3555
2022-06-09T21:05:33	1011.2	30.8	30.7	13.1	1011.7	16.6	11.4	3661	3600	3661
2022-06-09T22:05:40	1012.0	29.6	30.9	12.9	1012.5	14.8	12.2	3656	3600	3656
2022-06-09T23:05:48	1012.4	28.6	31.1	12.9	1013.0	14.0	12.0	3635	3600	3635
2022-06-10T00:05:50	1013.0	27.7	31.2	12.8	1013.6	12.9	11.3	3343	3600	3343
2022-06-10T01:05:51	1013.9	26.6	31.6	12.8	1014.5	12.0	10.7	3420	3600	3420
2022-06-10T02:05:58	1014.5	25.7	31.8	12.8	1015.1	11.2	10.1	3480	3600	3480
2022-06-10T03:06:04	1015.0	24.8	32.0	12.8	1015.7	10.5	9.7	3340	3600	3340
2022-06-10T04:06:06	1015.5	24.0	32.1	12.7	1016.2	10.0	9.4	3503	3600	3503
2022-06-10T05:06:07	1016.2	23.4	32.3	12.8	1016.8	10.2	9.5	3345	3600	3345
2022-06-10T06:06:08	1016.7	23.2	32.6	12.9	1017.3	11.6	10.4	3391	3600	3391
2022-06-10T07:06:10	1017.2	23.6	33.1	13.8	1017.9	15.4	12.7	3314	3600	3314
2022-06-10T08:06:14	1017.4	25.6	32.8	13.9	1018.1	19.6	11.9	3500	3600	3500
2022-06-10T09:06:17	1017.7	27.8	32.0	13.7	1018.3	22.3	11.1	3373	3600	3373
2022-06-10T10:06:21	1017.6	30.1	30.7	13.7	1018.3	24.3	10.4	3490	3600	3490
2022-06-10T11:06:31	1017.6	31.5	29.5	13.6	1018.2	25.5	10.2	3325	3600	3325
2022-06-10T12:06:34	1017.5	33.5	27.9	13.5	1018.0	28.7	9.5	3533	3600	3533
2022-06-10T13:06:40	1017.2	35.3	25.8	13.5	1017.7	30.3	9.3	3615	3600	3615
2022-06-10T14:06:43	1016.8	37.0	24.4	13.4	1017.2	31.5	8.8	3495	3600	3495
2022-06-10T15:06:44	1016.5	38.1	23.5	13.5	1016.9	33.9	8.9	3625	3600	3625
2022-06-10T16:06:56	1016.3	38.5	23.5	13.6	1016.6	33.7	8.8	3525	3600	3525
2022-06-10T17:07:01	1016.0	38.6	24.0	13.8	1016.3	33.7	9.1	3670	3600	3670
2022-06-10T18:07:03	1016.0	38.3	24.6	13.8	1016.2	27.9	9.0	3636	3600	3636
2022-06-10T19:07:04	1016.0	36.8	25.5	13.4	1016.3	22.7	8.9	3591	3600	3591
2022-06-10T20:07:05	1016.2	35.5	26.4	13.2	1016.4	20.5	9.4	3598	3600	3598
2022-06-10T21:07:10	1016.6	34.0	27.1	13.0	1016.9	18.3	9.5	3570	3600	3570
2022-06-10T22:07:14	1016.7	33.0	27.6	12.9	1017.1	18.8	9.6	3432	3600	3432
2022-06-10T23:07:20	1016.8	32.2	27.9	12.9	1017.1	18.6	10.6	3374	3600	3374
2022-06-11T00:07:31	1016.8	31.6	28.3	12.9	1017.1	18.6	11.7	3502	3600	3502
2022-06-11T01:07:32	1016.6	31.1	28.6	12.8	1017.0	18.0	11.0	3443	3600	3443
2022-06-11T02:07:40	1016.6	30.4	29.0	12.8	1017.0	17.1	11.4	3554	3600	3554
2022-06-11T03:07:46	1016.4	29.7	29.3	12.7	1016.8	15.9	12.2	3385	3600	3385
2022-06-11T04:07:53	1016.3	29.0	29.6	12.7	1016.7	16.2	13.6	3452	3600	3452
2022-06-11T05:07:57	1016.5	28.6	29.8	12.7	1016.9	17.1	12.8	3408	3600	3408
2022-06-11T06:07:59	1016.7	28.6	29.9	12.8	1017.1	18.6	12.0	3399	3600	3399
2022-06-11T07:08:03	1016.8	28.8	29.9	13.2	1017.3	20.1	11.4	3402	3600	3402
2022-06-11T08:08:05	1016.8	29.3	29.9	14.0	1017.3	22.1	11.6	3393	3600	3393
2022-06-11T09:08:13	1016.7	30.6	29.6	14.3	1017.1	25.1	11.5	3459	3600	3459
2022-06-11T10:08:26	1016.5	32.7	28.5	14.0	1016.9	27.3	11.0	3463	3600	3463
2022-06-11T11:08:29	1016.4	34.9	27.2	13.6	1016.8	30.2	11.0	3495	3600	3495
2022-06-11T12:08:34	1016.3	36.5	25.9	13.6	1016.6	30.6	11.1	3483	3600	3483
2022-06-11T13:08:37	1016.2	36.6	25.6	13.7	1016.5	27.8	11.2	3616	3600	3616
2022-06-11T14:08:47	1016.2	36.5	25.8	13.6	1016.5	30.7	11.9	3625	3600	3625
2022-06-11T15:08:52	1015.9	38.3	24.7	13.5	1016.2	35.2	11.0	3614	3600	3614
2022-06-11T16:08:55	1015.6	39.5	23.6	13.6	1015.8	34.0	10.7	3548	3600	3548
2022-06-11T17:08:57	1015.7	39.1	23.0	13.7	1015.9	30.4	10.2	3588	3600	3588
2022-06-11T18:09:01	1015.8	38.3	23.1	13.8	1016.0	28.4	10.0	3502	3600	3502
2022-06-11T19:09:08	1015.8	37.7	23.8	13.6	1016.0	25.9	10.7	3571	3600	3571
2022-06-11T20:09:09	1015.9	36.6	24.9	13.1	1016.1	22.0	10.4	3480	3600	3480
2022-06-11T21:09:11	1016.3	35.1	25.9	13.0	1016.5	18.9	9.6	3619	3600	3619
2022-06-11T22:09:13	1016.4	33.9	26.5	12.9	1016.7	17.6	9.5	3593	3600	3593
2022-06-11T23:09:18	1016.4	32.6	27.1	12.9	1016.8	16.8	9.8	3604	3600	3604
2022-06-12T00:09:23	1016.5	31.6	27.6	12.9	1016.8	15.6	11.6	3506	3600	3506
2022-06-12T01:09:27	1016.4	30.7	28.1	12.8	1016.7	16.0	12.2	3636	3600	3636
2022-06-12T02:09:30	1016.4	30.0	28.5	12.8	1016.8	15.6	11.9	3437	3600	3437
2022-06-12T03:09:32	1016.1	29.2	29.0	12.8	1016.5	15.7	13.0	3432	3600	3432
2022-06-12T04:09:37	1015.8	28.6	29.4	12.7	1016.3	15.9	13.5	3419	3600	3419
2022-06-12T05:09:43	1016.0	28.2	29.7	12.7	1016.4	16.7	13.8	3505	3600	3505
2022-06-12T06:09:44	1016.3	27.8	30.0	12.9	1016.8	16.9	14.4	3351	3600	3351
2022-06-12T07:09:49	1016.2	27.5	30.4	13.3	1016.6	18.9	16.1	3464	3600	3464
2022-06-12T08:09:52	1016.1	28.1	30.6	13.8	1016.6	20.8	16.7	3330	3600	3330
2022-06-12T09:09:54	1015.9	28.6	31.0	14.1	1016.4	21.5	16.0	3429	3600	3429
2022-06-12T10:09:56	1015.9	30.1	31.0	14.3	1016.4	24.3	13.9	3288	3600	3288
2022-06-12T11:10:00	1015.7	32.5	29.8	13.9	1016.1	28.5	12.6	3417	3600	3417
2022-06-12T12:10:07	1015.4	35.3	27.8	13.5	1015.8	30.2	11.1	3612	3600	3612
2022-06-12T13:10:13	1014.9	36.9	26.2	13.6	1015.3	31.7	11.0	3575	3600	3575
2022-06-12T14:10:15	1014.3	38.6	24.7	13.5	1014.6	34.8	10.7	3659	3600	3659
2022-06-12T15:10:16	1013.7	39.6	23.5	13.5	1014.0	34.7	10.0	3667	3600	3667
2022-06-12T16:10:19	1013.2	40.0	22.9	13.6	1013.4	34.9	9.6	3725	3600	3725
2022-06-12T17:10:23	1012.7	40.0	22.8	13.6	1012.8	34.0	9.0	3753	3600	3753
2022-06-12T18:10:27	1012.3	39.6	22.6	13.7	1012.5	30.2	8.5	3639	3600	3639
2022-06-12T19:10:29	1012.4	38.3	22.9	13.3	1012.6	23.4	8.5	3766	3600	3766
2022-06-12T20:10:32	1012.4	36.5	23.9	13.1	1012.6	19.6	8.4	3635	3600	3635
2022-06-12T21:10:34	1012.4	34.7	24.9	13.0	1012.7	17.3	8.0	3721	3600	3721
2022-06-12T22:10:36	1012.3	33.4	25.6	12.9	1012.5	16.7	8.1	3643	3600	3643
2022-06-12T23:10:40	1012.4	32.2	26.1	12.9	1012.7	16.0	8.5	3619	3600	3619
2022-06-13T00:10:46	1012.5	31.1	26.6	12.8	1012.9	14.8	9.1	3524	3600	3524
2022-06-13T01:10:51	1012.4	30.1	27.1	12.8	1012.8	14.4	9.9	3697	3600	3697
2022-06-13T02:10:52	1012.2	29.2	27.6	12.8	1012.5	13.7	10.8	3639	3600	3639
2022-06-13T03:10:56	1012.2	28.3	28.0	12.7	1012.6	13.1	11.4	3522	3600	3522
2022-06-13T04:11:03	1012.3	27.5	28.3	12.7	1012.7	12.8	11.2	3627	3600	3627
2022-06-13T05:11:08	1012.5	26.7	28.6	12.7	1012.9	12.5	11.0	3518	3600	3518
2022-06-13T06:11:13	1012.7	26.2	28.8	13.0	1013.2	13.2	11.1	3595	3600	3595
2022-06-13T07:11:17	1013.1	26.4	29.1	13.5	1013.5	16.3	10.1	3612	3600	3612
2022-06-13T08:11:18	1013.1	26.9	29.1	14.4	1013.5	18.4	9.4	3373	3600	3373
2022-06-13T09:11:29	1013.2	27.9	28.6	14.4	1013.6	19.1	8.8	3596	3600	3596
2022-06-13T10:11:31	1013.3	29.1	28.0	14.1	1013.7	22.2	8.9	3513	3600	3513
2022-06-13T11:11:34	1013.1	30.6	26.8	13.5	1013.5	24.6	8.6	3559	3600	3559
2022-06-13T12:11:38	1012.8	33.2	24.8	13.7	1013.1	27.0	8.0	3668	3600	3668
2022-06-13T13:11:41	1013.0	33.5	23.7	13.8	1013.4	23.2	8.1	3538	3600	3538
2022-06-13T14:11:43	1013.5	32.1	23.9	13.7	1013.9	23.0	8.3	3601	3600	3601
2022-06-13T15:11:52	1013.5	33.3	23.5	13.6	1013.8	28.0	8.9	3430	3600	3430
2022-06-13T16:11:54	1013.2	33.8	23.2	13.8	1013.6	24.8	8.4	3623	3600	3623
2022-06-13T17:11:57	1013.6	33.0	23.5	13.8	1013.9	24.3	8.7	3815	3600	3815
2022-06-13T18:11:59	1013.8	33.0	23.4	13.9	1014.1	23.4	8.1	3501	3600	3501
2022-06-13T19:12:03	1014.2	32.2	23.4	13.5	1014.6	18.3	7.9	3609	3600	3609
2022-06-13T20:12:07	1014.7	30.7	24.2	13.2	1015.0	16.2	8.4	3572	3600	3572
2022-06-13T21:12:13	1015.3	29.3	25.1	13.0	1015.8	14.1	9.4	3530	3600	3530
2022-06-13T22:12:15	1015.7	27.8	26.1	12.9	1016.2	11.3	9.9	3429	3600	3429
2022-06-13T23:12:16	1015.8	26.7	26.6	12.9	1016.3	10.3	9.6	3450	3600	3450
2022-06-14T00:12:21	1016.2	25.6	27.1	12.9	1016.7	9.5	9.1	3499	3600	3499
2022-06-14T01:12:27	1016.5	24.6	27.5	12.8	1017.1	8.8	8.7	3528	3600	3528
2022-06-14T02:12:30	1016.7	23.8	27.5	12.8	1017.3	7.6	8.1	3435	3600	3435
2022-06-14T03:12:37	1016.9	22.9	27.7	12.8	1017.5	7.1	7.8	3330	3600	3330
2022-06-14T04:12:39	1017.0	22.0	27.9	12.7	1017.7	6.9	7.7	3347	3600	3347
2022-06-14T05:12:45	1017.2	21.4	28.1	12.8	1017.9	8.1	8.3	3267	3600	3267
2022-06-14T06:12:49	1017.4	21.3	28.3	13.1	1018.0	10.3	9.6	3433	3600	3433
2022-06-14T07:12:52	1017.5	21.9	29.1	13.9	1018.0	13.5	9.9	3521	3600	3521
2022-06-14T08:12:58	1017.8	23.3	29.6	13.9	1018.3	17.1	9.2	3432	3600	3432
2022-06-14T09:13:07	1017.8	25.3	28.9	13.8	1018.4	19.1	8.1	3435	3600	3435
2022-06-14T10:13:19	1017.7	27.0	27.9	13.8	1018.2	20.8	8.1	3503	3600	3503
2022-06-14T12:53:09	1017.7	31.0	22.8	13.7	1018.1	23.1	7.7	3498	3600	3498
2022-06-14T13:53:12	1017.4	31.7	22.8	13.7	1017.9	24.7	7.8	3497	3600	3497
2022-06-14T14:53:18	1016.9	33.4	22.6	13.7	1017.3	30.4	8.1	3498	3600	3498
2022-06-14T15:53:21	1016.6	34.7	22.0	13.7	1017.0	30.2	8.1	3542	3600	3542
2022-06-14T16:53:22	1016.2	34.9	22.2	13.8	1016.5	28.7	8.1	3457	3600	3457
2022-06-14T17:53:29	1016.1	34.9	22.8	13.9	1016.3	28.3	8.2	3516	3600	3516
2022-06-14T18:53:30	1016.1	34.0	23.6	13.6	1016.5	20.9	8.1	3510	3600	3510
2022-06-14T19:53:34	1016.3	32.3	24.6	13.3	1016.7	17.3	8.3	3478	3600	3478
2022-06-14T20:53:37	1016.4	30.7	25.4	13.1	1016.8	14.3	8.3	3465	3600	3465
2022-06-14T21:53:39	1016.5	29.1	26.0	13.0	1017.0	12.5	8.3	3481	3600	3481
2022-06-14T22:53:42	1016.5	27.8	26.4	12.9	1017.0	11.4	8.5	3856	3600	3856
2022-06-14T23:53:55	1016.5	26.7	26.8	12.9	1017.0	10.8	8.8	3545	3600	3545
2022-06-15T00:53:59	1016.5	25.7	27.1	12.9	1017.0	10.1	9.1	3425	3600	3425
2022-06-15T01:54:01	1016.2	24.7	27.6	12.8	1016.8	9.5	9.1	3594	3600	3594
2022-06-15T02:54:03	1016.2	23.8	28.0	12.8	1016.8	8.5	8.6	3402	3600	3402
2022-06-15T03:54:04	1016.0	22.9	28.3	12.7	1016.6	8.0	8.3	3563	3600	3563
2022-06-15T04:54:08	1016.0	22.1	28.5	12.7	1016.6	7.8	8.2	3335	3600	3335
2022-06-15T05:54:15	1016.0	21.7	28.7	12.8	1016.6	8.9	8.8	3460	3600	3460
2022-06-15T06:54:23	1016.0	21.8	28.9	13.3	1016.5	11.8	10.5	3495	3600	3495
2022-06-15T07:54:33	1016.1	23.7	28.8	14.5	1016.6	18.5	10.0	3417	3600	3417
2022-06-15T08:54:36	1016.1	26.0	28.3	14.4	1016.5	22.1	8.7	3435	3600	3435
2022-06-15T09:54:38	1015.8	28.5	27.2	13.7	1016.3	25.5	8.6	3389	3600	3389
2022-06-15T10:54:46	1015.6	30.9	25.7	13.7	1016.0	26.9	8.5	3518	3600	3518
2022-06-15T11:54:47	1015.4	32.8	24.4	13.7	1015.8	28.7	8.7	3567	3600	3567
2022-06-15T12:54:57	1015.0	34.7	23.3	13.6	1015.3	30.1	8.7	3547	3600	3547
2022-06-15T13:55:01	1014.3	36.9	22.1	13.6	1014.6	34.8	9.0	3557	3600	3557
2022-06-15T14:55:02	1013.8	39.1	21.2	13.6	1014.0	34.6	8.7	3592	3600	3592
2022-06-15T15:55:03	1013.3	39.4	21.4	13.6	1013.5	36.3	8.9	3544	3600	3544
2022-06-15T16:55:09	1012.8	39.7	21.9	13.7	1012.9	35.9	8.9	3632	3600	3632
2022-06-15T17:55:11	1012.5	39.6	22.6	13.8	1012.6	33.7	8.8	3726	3600	3726
2022-06-15T18:55:16	1012.0	38.9	23.4	13.4	1012.2	25.6	8.8	3842	3600	3842
2022-06-15T19:55:18	1012.0	37.0	24.3	13.2	1012.1	20.8	9.1	3823	3600	3823
2022-06-15T20:55:19	1012.2	35.2	25.0	13.0	1012.5	17.9	8.8	3691	3600	3691
2022-06-15T21:55:28	1012.3	33.6	25.4	12.9	1012.6	16.1	8.7	3651	3600	3651
2022-06-15T22:55:30	1012.3	32.3	25.8	12.9	1012.6	15.3	8.8	3631	3600	3631
2022-06-15T23:55:32	1012.2	31.1	26.1	12.9	1012.5	14.0	9.3	3570	3600	3570
2022-06-16T00:55:38	1012.2	29.9	26.6	12.8	1012.6	12.7	9.7	3551	3600	3551
2022-06-16T01:55:42	1012.1	28.7	26.9	12.8	1012.4	11.9	10.0	3497	3600	3497
2022-06-16T02:55:46	1011.9	27.6	27.3	12.7	1012.3	11.9	10.5	3581	3600	3581
2022-06-16T03:55:50	1011.7	26.7	27.6	12.7	1012.2	11.5	10.3	3513	3600	3513
2022-06-16T04:55:56	1011.7	26.0	27.9	12.7	1012.1	11.8	10.5	3521	3600	3521
2022-06-16T05:55:59	1011.8	25.6	28.2	12.9	1012.3	13.5	11.3	3471	3600	3471
2022-06-16T06:56:07	1012.0	25.9	28.6	13.7	1012.4	16.5	10.8	3439	3600	3439
2022-06-16T07:56:10	1012.5	27.3	28.5	14.3	1012.9	20.8	10.6	3401	3600	3401
2022-06-16T08:56:11	1012.9	29.0	28.1	14.3	1013.3	22.8	10.4	3563	3600	3563
2022-06-16T09:56:12	1013.2	30.8	27.4	13.8	1013.6	26.1	10.6	3471	3600	3471
2022-06-16T10:56:13	1013.7	33.3	26.2	13.7	1014.0	28.1	10.5	3464	3600	3464
2022-06-16T11:56:20	1013.9	35.3	25.1	13.6	1014.3	29.6	10.3	3412	3600	3412
2022-06-16T12:56:25	1014.4	36.7	24.1	13.5	1014.7	31.8	10.0	3444	3600	3444
2022-06-16T13:56:36	1014.5	38.6	22.9	13.5	1014.7	33.4	9.8	3535	3600	3535
2022-06-16T14:56:37	1014.6	39.4	22.2	13.7	1014.8	32.6	9.7	3530	3600	3530
2022-06-16T15:56:38	1014.6	39.4	22.2	13.6	1014.8	33.5	9.6	3623	3600	3623
2022-06-16T16:56:41	1014.8	39.6	22.0	13.7	1015.0	32.9	9.0	3519	3600	3519
2022-06-16T17:56:42	1015.1	39.3	22.1	13.7	1015.2	29.8	8.8	3563	3600	3563
2022-06-16T18:56:45	1015.1	38.2	22.5	13.5	1015.3	24.4	8.7	3620	3600	3620
2022-06-16T19:56:46	1015.7	36.3	23.1	13.2	1015.9	20.2	7.7	3636	3600	3636
2022-06-16T20:56:53	1016.3	34.4	23.7	13.0	1016.5	16.5	7.4	3466	3600	3466
2022-06-16T21:56:54	1016.8	32.6	24.5	12.9	1017.2	14.0	7.5	3370	3600	3370
2022-06-16T22:57:01	1017.4	31.1	25.2	12.9	1017.8	13.3	7.8	3404	3600	3404
2022-06-16T23:57:07	1018.1	29.9	25.7	12.9	1018.5	12.6	8.1	3362	3600	3362
2022-06-17T00:57:08	1018.1	28.8	26.2	12.8	1018.4	13.0	8.4	3466	3600	3466
2022-06-17T01:57:14	1018.2	27.9	26.6	12.8	1018.5	12.8	8.9	3323	3600	3323
2022-06-17T02:57:17	1018.3	27.1	26.9	12.8	1018.7	11.4	9.8	3410	3600	3410
2022-06-17T03:57:22	1018.4	26.0	27.4	12.7	1018.9	10.7	9.8	3369	3600	3369
2022-06-17T04:57:24	1018.4	25.1	27.7	12.7	1018.9	10.5	9.7	3207	3600	3207
2022-06-17T05:57:39	1018.9	24.7	27.8	12.7	1019.3	11.6	10.4	3358	3600	3358
2022-06-17T06:57:45	1019.1	24.7	28.1	13.2	1019.5	13.7	11.4	3376	3600	3376
2022-06-17T07:57:52	1019.2	26.2	28.1	14.5	1019.6	19.3	10.5	3231	3600	3231
2022-06-17T08:58:02	1019.7	28.5	27.5	14.3	1020.0	22.5	10.2	3244	3600	3244
2022-06-17T09:58:07	1019.8	30.8	26.6	13.8	1020.2	24.8	9.8	3247	3600	3247
2022-06-17T10:58:10	1019.6	32.9	25.3	13.6	1020.0	26.3	9.2	3269	3600	3269
2022-06-17T11:58:14	1019.3	35.0	23.7	13.6	1019.6	28.0	9.1	3373	3600	3373
2022-06-17T12:58:15	1018.9	36.6	22.6	13.6	1019.1	30.4	9.1	3425	3600	3425
2022-06-17T13:58:23	1018.4	38.0	21.8	13.6	1018.7	32.0	9.0	3438	3600	3438
2022-06-17T14:58:30	1018.1	38.7	21.2	13.6	1018.3	31.6	8.6	3372	3600	3372
2022-06-17T15:58:37	1017.9	38.6	20.9	13.7	1018.2	29.9	8.5	3417	3600	3417
2022-06-17T16:58:45	1017.4	38.3	21.2	13.7	1017.6	29.1	8.5	3560	3600	3560
2022-06-17T17:58:53	1017.1	38.0	21.7	13.8	1017.3	28.0	8.7	3397	3600	3397
2022-06-17T18:58:55	1017.0	37.4	22.3	13.6	1017.2	26.0	9.2	3500	3600	3500
2022-06-17T19:59:00	1017.0	36.6	23.1	13.2	1017.2	23.6	9.8	3506	3600	3506
2022-06-17T20:59:03	1016.9	35.6	23.9	13.0	1017.1	21.2	8.8	3359	3600	3359
2022-06-17T21:59:06	1016.7	34.6	24.4	12.9	1017.0	20.1	8.8	3500	3600	3500
2022-06-17T22:59:10	1016.2	33.7	24.8	12.9	1016.5	18.8	9.0	3552	3600	3552
2022-06-17T23:59:15	1015.8	32.9	25.2	12.9	1016.1	18.4	9.0	3509	3600	3509
2022-06-18T00:59:20	1015.4	32.1	25.4	12.8	1015.7	17.7	8.9	3422	3600	3422
2022-06-18T01:59:23	1014.9	31.4	25.7	12.8	1015.2	17.1	8.8	3421	3600	3421
2022-06-18T02:59:24	1014.3	30.6	25.9	12.7	1014.6	16.8	8.7	3442	3600	3442
2022-06-18T03:59:28	1013.6	29.7	26.2	12.7	1013.9	16.9	8.6	3483	3600	3483
2022-06-18T04:59:37	1013.1	29.1	26.6	12.7	1013.4	17.3	8.8	3544	3600	3544
2022-06-18T05:59:44	1012.5	28.8	27.0	12.8	1012.8	18.5	9.2	3497	3600	3497
2022-06-18T06:59:52	1012.2	29.1	27.2	13.4	1012.5	22.5	9.8	3522	3600	3522
2022-06-18T07:59:54	1011.9	31.1	26.4	14.4	1012.2	26.0	9.9	3549	3600	3549
2022-06-18T08:59:57	1011.4	33.5	25.3	14.1	1011.7	29.3	10.2	3427	3600	3427
2022-06-18T09:59:59	1010.8	36.1	24.1	13.7	1011.1	32.2	10.9	3477	3600	3477
2022-06-18T11:00:02	1010.4	38.7	22.8	13.5	1010.7	34.8	11.6	3554	3600	3554
2022-06-18T12:00:07	1010.1	41.0	21.7	13.4	1010.3	37.2	11.8	3516	3600	3516
2022-06-18T13:00:11	1009.8	43.1	20.5	13.4	1009.9	38.6	11.4	3709	3600	3709
2022-06-18T14:00:19	1009.3	44.5	19.8	13.4	1009.3	41.0	11.6	3655	3600	3655
2022-06-18T15:00:26	1008.8	46.0	18.8	13.4	1008.8	43.0	11.6	3711	3600	3711
2022-06-18T16:00:30	1008.5	46.7	18.6	13.5	1008.4	42.4	11.9	3708	3600	3708
2022-06-18T17:00:35	1008.3	46.6	18.9	13.6	1008.1	40.5	12.3	3784	3600	3784
2022-06-18T18:00:36	1008.2	46.1	19.6	13.6	1008.0	37.6	12.7	3795	3600	3795
2022-06-18T19:00:37	1008.2	45.2	20.8	13.3	1008.1	32.2	12.9	3939	3600	3939
2022-06-18T20:00:40	1008.3	43.6	22.2	13.1	1008.3	27.7	12.8	3878	3600	3878
2022-06-18T21:00:45	1008.4	41.8	23.4	12.9	1008.5	24.6	13.5	3761	3600	3761
2022-06-18T22:00:49	1008.7	40.3	24.4	12.9	1008.7	22.8	14.0	3713	3600	3713
2022-06-18T23:00:56	1008.4	39.0	25.2	12.9	1008.4	21.5	14.0	3753	3600	3753
2022-06-19T00:01:00	1008.1	37.7	25.8	12.8	1008.2	20.5	14.1	3637	3600	3637
2022-06-19T01:01:02	1008.0	36.5	26.4	12.7	1008.2	19.6	14.9	3605	3600	3605
2022-06-19T02:01:07	1007.0	35.5	27.0	12.8	1007.2	20.4	15.2	3604	3600	3604
2022-06-19T03:01:12	1006.0	34.7	27.5	12.7	1006.2	20.7	14.4	3699	3600	3699
2022-06-19T04:01:17	1004.8	34.0	28.7	12.7	1005.1	21.8	13.8	3646	3600	3646
2022-06-19T05:01:22	1003.9	33.4	29.8	12.8	1004.1	21.7	13.8	3693	3600	3693
2022-06-19T06:01:25	1003.1	33.0	30.7	13.0	1003.4	22.2	13.9	3759	3600	3759
2022-06-19T07:01:29	1002.4	33.1	31.2	13.5	1002.7	24.5	13.5	3781	3600	3781
2022-06-19T08:01:35	1001.6	34.2	30.3	14.3	1001.8	28.0	13.0	3784	3600	3784
2022-06-19T09:01:36	1001.2	36.2	28.3	14.2	1001.4	31.9	12.8	3950	3600	3950
2022-06-19T10:01:38	1000.9	38.7	25.1	13.5	1001.1	34.6	11.0	3737	3600	3737
2022-06-19T11:01:43	1000.5	40.6	21.9	13.4	1000.6	36.7	11.1	3769	3600	3769
2022-06-19T12:01:51	1000.1	42.7	20.2	13.4	1000.2	39.3	11.7	3853	3600	3853
2022-06-19T13:01:52	1000.6	45.3	19.4	13.3	1000.6	42.6	14.1	3746	3600	3746
2022-06-19T14:01:54	1001.1	46.8	19.3	13.3	1001.1	41.6	13.2	3737	3600	3737
2022-06-19T15:01:55	1001.5	47.0	19.0	13.5	1001.5	38.1	12.6	3796	3600	3796
2022-06-19T16:02:00	1002.0	45.6	19.7	13.5	1001.9	31.8	12.4	4036	3600	4036
2022-06-19T17:02:02	1002.2	44.0	20.9	13.6	1002.2	28.9	12.6	3857	3600	3857
2022-06-19T18:02:04	1003.4	42.7	21.6	13.6	1003.4	28.2	12.8	3797	3600	3797
2022-06-19T19:02:07	1004.2	41.8	22.2	13.5	1004.2	25.9	12.9	3908	3600	3908
2022-06-19T20:02:13	1005.2	40.1	23.1	13.1	1005.3	22.2	12.3	3750	3600	3750
2022-06-19T21:02:18	1006.0	38.1	24.0	13.0	1006.1	19.4	11.2	3706	3600	3706
2022-06-19T22:02:19	1006.2	36.2	24.7	12.8	1006.4	17.3	11.2	3703	3600	3703
2022-06-19T23:02:20	1007.1	34.7	25.4	12.9	1007.3	16.5	11.5	3727	3600	3727
2022-06-20T00:02:23	1008.0	33.4	25.9	12.8	1008.3	16.0	11.4	3529	3600	3529
2022-06-20T01:02:27	1006.5	31.8	26.6	12.8	1006.8	15.0	12.7	3629	3600	3629
2022-06-20T02:02:28	1007.4	30.1	27.6	12.8	1007.8	14.3	12.3	3603	3600	3603
2022-06-20T03:02:35	1007.4	29.0	28.1	12.7	1007.9	14.3	12.3	3579	3600	3579
2022-06-20T04:02:42	1006.8	28.1	28.6	12.7	1007.3	14.2	12.2	3486	3600	3486
2022-06-20T05:02:47	1005.7	27.3	29.1	12.8	1006.1	14.4	12.3	3420	3600	3420
2022-06-20T06:02:50	1005.8	26.9	29.3	12.8	1006.3	15.0	12.8	3521	3600	3521
2022-06-20T07:02:52	1007.0	26.3	29.8	12.7	1007.5	14.3	12.3	3271	3600	3271
2022-06-20T08:02:53	1005.8	25.7	30.4	12.9	1006.3	14.9	12.8	3256	3600	3256
2022-06-20T09:03:04	1006.2	25.7	30.6	13.3	1006.7	15.7	13.4	3224	3600	3224
2022-06-20T10:03:10	1006.4	25.6	30.8	13.3	1007.0	15.6	13.3	3322	3600	3322
2022-06-20T11:03:14	1006.5	25.4	31.0	13.4	1007.2	15.7	13.4	3184	3600	3184
2022-06-20T12:03:21	1007.1	25.1	31.1	13.4	1007.7	15.4	13.1	3234	3600	3234
2022-06-20T13:03:26	1007.3	25.0	31.5	13.9	1007.9	15.8	13.5	3216	3600	3216
2022-06-20T14:03:31	1007.6	25.0	32.5	14.4	1008.3	15.2	13.0	3170	3600	3170
2022-06-20T15:03:35	1007.5	25.0	33.2	14.6	1008.2	16.2	13.8	3104	3600	3104
2022-06-20T16:03:37	1007.3	25.9	34.0	14.3	1007.9	20.9	13.9	3224	3600	3224
2022-06-20T17:03:42	1006.7	27.7	33.9	14.0	1007.3	22.1	11.8	3234	3600	3234
2022-06-20T18:03:49	1006.2	28.1	33.7	14.0	1006.9	21.4	11.4	3268	3600	3268
2022-06-20T19:03:56	1006.0	27.4	33.8	13.7	1006.7	17.0	12.2	3213	3600	3213
2022-06-20T20:04:00	1006.4	25.9	34.2	13.3	1007.2	14.7	12.6	3213	3600	3213
2022-06-20T21:04:01	1007.0	24.7	33.9	13.1	1007.8	12.3	10.9	3251	3600	3251
2022-06-20T22:04:04	1007.5	23.6	33.5	13.0	1008.3	11.0	10.0	3137	3600	3137
2022-06-20T23:04:05	1008.0	22.6	33.3	12.9	1008.8	10.4	9.6	3136	3600	3136
2022-06-21T00:04:10	1008.4	21.9	33.5	12.9	1009.2	10.3	9.6	3249	3600	3249
2022-06-21T01:04:18	1008.5	21.2	33.6	12.8	1009.3	10.1	9.5	3217	3600	3217
2022-06-21T02:04:19	1008.6	20.8	34.1	12.8	1009.4	10.4	9.6	3193	3600	3193
2022-06-21T03:04:25	1008.6	20.4	35.0	12.8	1009.4	10.4	9.6	3170	3600	3170
2022-06-21T04:04:30	1008.7	20.0	35.6	12.7	1009.6	10.2	9.5	3235	3600	3235
2022-06-21T05:04:33	1008.8	19.6	35.9	12.7	1009.7	10.4	9.7	3194	3600	3194
2022-06-21T06:04:40	1009.3	19.8	37.2	12.9	1010.1	12.0	10.6	3041	3600	3041
2022-06-21T07:04:42	1009.8	20.6	38.8	13.8	1010.6	14.0	12.1	3166	3600	3166
2022-06-21T08:04:47	1009.8	22.4	38.5	14.5	1010.6	17.3	12.9	3251	3600	3251
2022-06-21T09:04:55	1009.7	25.1	36.5	14.4	1010.5	20.3	11.5	3274	3600	3274
2022-06-21T10:05:02	1009.7	27.9	34.0	13.8	1010.5	23.6	11.3	3223	3600	3223
2022-06-21T11:05:07	1009.7	30.5	31.4	13.7	1010.4	25.3	10.4	3152	3600	3152
2022-06-21T12:05:13	1009.7	32.7	29.1	13.6	1010.3	28.0	9.8	3244	3600	3244
2022-06-21T13:05:17	1009.6	34.6	27.2	13.7	1010.2	29.2	9.9	3303	3600	3303
2022-06-21T14:05:26	1009.4	35.4	25.8	13.6	1010.0	29.7	9.7	3270	3600	3270
2022-06-21T15:05:31	1009.1	36.4	24.5	13.8	1009.5	31.9	9.7	3375	3600	3375
2022-06-21T16:05:37	1008.6	37.2	23.8	13.7	1009.1	33.3	9.5	3364	3600	3364
2022-06-21T17:05:40	1008.3	37.7	24.1	13.8	1008.7	30.9	8.9	3253	3600	3253
2022-06-21T18:05:45	1008.0	37.0	25.0	13.8	1008.4	27.6	8.9	3452	3600	3452
2022-06-21T19:05:57	1007.9	36.0	25.9	13.8	1008.3	23.3	9.1	3354	3600	3354
2022-06-21T20:06:01	1007.9	34.6	26.6	13.2	1008.3	20.0	9.2	3430	3600	3430
2022-06-21T21:06:09	1008.1	33.1	27.2	13.0	1008.5	18.1	9.2	3318	3600	3318
2022-06-21T22:06:18	1008.1	31.8	27.5	13.0	1008.7	16.3	9.0	3424	3600	3424
2022-06-21T23:06:30	1008.3	30.7	27.8	12.9	1008.8	15.7	10.4	3328	3600	3328
2022-06-22T00:06:36	1008.0	29.7	28.1	12.9	1008.6	14.0	10.5	3341	3600	3341
2022-06-22T01:06:43	1008.3	28.6	28.4	12.8	1008.9	12.9	11.2	3317	3600	3317
2022-06-22T02:06:44	1008.5	27.6	28.8	12.8	1009.1	11.8	10.5	3368	3600	3368
2022-06-22T03:06:48	1008.2	26.6	29.1	12.8	1008.8	12.0	10.6	3356	3600	3356
2022-06-22T04:06:59	1008.0	26.0	29.5	12.7	1008.6	12.0	10.7	3320	3600	3320
2022-06-22T05:07:03	1007.6	25.3	29.7	12.7	1008.3	11.5	10.4	3329	3600	3329
2022-06-22T06:07:06	1007.6	25.0	29.9	12.8	1008.2	12.7	11.1	3348	3600	3348
2022-06-22T07:07:10	1008.0	25.3	30.1	13.8	1008.6	16.2	13.8	3265	3600	3265
2022-06-22T08:07:11	1008.1	27.4	29.6	14.4	1008.6	22.0	13.2	3235	3600	3235
2022-06-22T09:07:14	1008.2	30.0	28.4	14.3	1008.7	25.2	9.8	3279	3600	3279
2022-06-22T10:07:20	1007.9	32.3	27.0	13.6	1008.4	26.7	9.3	3361	3600	3361
2022-06-22T11:07:24	1007.9	34.5	25.5	13.6	1008.4	28.6	9.0	3293	3600	3293
2022-06-22T12:07:32	1008.0	36.3	24.3	13.5	1008.4	29.8	8.9	3382	3600	3382
2022-06-22T13:07:44	1007.9	38.0	23.3	13.5	1008.2	33.6	9.8	3471	3600	3471
2022-06-22T14:07:45	1007.6	40.1	22.3	13.5	1007.9	35.0	9.5	3469	3600	3469
2022-06-22T15:07:47	1007.1	41.0	21.6	13.4	1007.4	35.6	9.2	3505	3600	3505
2022-06-22T16:07:50	1006.8	41.2	21.6	13.6	1007.0	35.6	9.3	3532	3600	3532
2022-06-22T17:07:54	1006.5	41.4	22.2	13.7	1006.6	34.7	9.4	3632	3600	3632
2022-06-22T18:08:02	1006.5	41.2	22.8	13.7	1006.6	33.9	9.1	3671	3600	3671
2022-06-22T19:08:06	1006.6	40.5	23.4	13.3	1006.8	25.4	9.0	3635	3600	3635
2022-06-22T20:08:13	1006.9	38.3	24.4	13.1	1007.1	21.0	9.0	3721	3600	3721
2022-06-22T21:08:18	1007.3	36.4	25.0	13.0	1007.6	18.7	8.8	3666	3600	3666
2022-06-22T22:08:22	1007.7	34.8	25.5	12.9	1008.0	16.9	9.4	3579	3600	3579
2022-06-22T23:08:24	1008.3	33.3	26.1	12.9	1008.6	15.7	10.3	3488	3600	3488
2022-06-23T00:08:27	1008.7	32.0	26.6	12.9	1009.0	15.1	12.7	3418	3600	3418
2022-06-23T01:08:30	1008.9	30.9	27.2	12.8	1009.3	14.8	12.7	3347	3600	3347
2022-06-23T02:08:36	1009.1	29.8	27.8	12.8	1009.6	13.5	11.7	3409	3600	3409
2022-06-23T03:08:38	1009.2	28.7	28.3	12.7	1009.7	12.8	11.2	3443	3600	3443
2022-06-23T04:08:43	1009.4	27.7	28.7	12.7	1009.9	11.9	10.6	3497	3600	3497
2022-06-23T05:08:47	1010.0	26.7	29.0	12.8	1010.5	11.9	10.6	3256	3600	3256
2022-06-23T06:08:49	1010.3	26.2	29.2	12.8	1010.9	13.3	11.6	3310	3600	3310
2022-06-23T07:08:58	1010.6	26.5	29.6	13.9	1011.1	17.4	13.5	3262	3600	3262
2022-06-23T08:09:01	1010.9	28.5	29.2	14.4	1011.3	22.8	12.0	3406	3600	3406
2022-06-23T09:09:03	1010.9	30.8	28.5	14.2	1011.3	26.2	11.6	3347	3600	3347
2022-06-23T10:09:09	1010.8	33.3	27.2	13.7	1011.2	29.0	11.5	3407	3600	3407
2022-06-23T11:09:16	1010.4	35.8	25.6	13.5	1010.8	32.1	10.4	3379	3600	3379
2022-06-23T12:09:18	1010.2	37.9	23.7	13.5	1010.6	33.7	9.8	3462	3600	3462
2022-06-23T13:09:20	1009.8	39.4	22.2	13.4	1010.0	36.2	10.1	3356	3600	3356
2022-06-23T14:09:24	1009.3	40.6	21.0	13.4	1009.5	38.4	10.3	3519	3600	3519
2022-06-23T15:09:25	1008.8	41.3	20.2	13.5	1009.0	38.3	9.9	3689	3600	3689
2022-06-23T16:09:28	1008.3	41.3	19.5	13.6	1008.4	39.2	9.5	3698	3600	3698
2022-06-23T17:09:29	1008.0	41.5	19.1	13.7	1008.0	37.2	9.6	3715	3600	3715
2022-06-23T18:09:33	1007.7	41.5	19.3	13.7	1007.8	35.4	9.2	3636	3600	3636
2022-06-23T19:09:34	1007.6	40.8	19.4	13.3	1007.7	29.0	8.9	3791	3600	3791
2022-06-23T20:09:38	1007.6	39.4	20.4	13.1	1007.7	24.6	9.1	3630	3600	3630
2022-06-23T21:09:39	1007.7	37.9	21.5	13.0	1007.8	22.6	9.4	3659	3600	3659
2022-06-23T22:09:41	1007.7	36.5	22.4	12.9	1007.9	20.6	10.1	3636	3600	3636
2022-06-23T23:09:42	1007.5	35.3	23.2	12.9	1007.8	20.2	10.7	3559	3600	3559
2022-06-24T00:09:44	1007.3	34.4	23.9	12.8	1007.5	19.3	10.9	3509	3600	3509
2022-06-24T01:09:49	1006.9	33.4	24.6	12.8	1007.2	18.3	11.0	3581	3600	3581
2022-06-24T02:09:51	1006.7	32.6	25.1	12.8	1007.0	19.4	10.7	3537	3600	3537
2022-06-24T03:09:52	1006.5	32.0	25.6	12.7	1006.8	19.0	10.8	3461	3600	3461
2022-06-24T04:09:56	1006.4	31.3	26.5	12.7	1006.7	19.3	10.6	3422	3600	3422
2022-06-24T05:09:59	1006.1	30.7	27.2	12.7	1006.5	18.8	10.6	3530	3600	3530
2022-06-24T06:10:05	1006.1	30.4	27.9	12.8	1006.4	20.0	10.7	3531	3600	3531
2022-06-24T07:10:09	1005.9	30.6	28.7	13.5	1006.2	22.7	11.1	3540	3600	3540
2022-06-24T08:10:13	1005.6	31.9	28.5	14.3	1005.9	26.2	11.3	3552	3600	3552
2022-06-24T09:10:18	1005.1	33.5	27.2	14.2	1005.3	29.1	11.1	3562	3600	3562
2022-06-24T10:10:23	1004.4	35.5	24.9	13.6	1004.7	31.8	10.8	3551	3600	3551
2022-06-24T11:10:27	1003.9	37.4	22.6	13.5	1004.1	33.4	10.4	3620	3600	3620
2022-06-24T12:10:31	1003.4	38.5	20.9	13.4	1003.6	35.8	10.5	3547	3600	3547
2022-06-24T13:10:32	1002.8	40.0	19.6	13.5	1002.9	36.6	10.1	3568	3600	3568
2022-06-24T14:10:38	1002.2	40.8	18.6	13.6	1002.3	38.7	10.1	3896	3600	3896
2022-06-24T15:10:39	1001.8	41.8	17.8	13.6	1001.9	37.3	9.6	3720	3600	3720
2022-06-24T16:10:43	1001.4	41.2	17.5	13.7	1001.5	33.7	9.1	3865	3600	3865
2022-06-24T17:10:45	1001.3	40.9	18.2	13.7	1001.4	31.7	11.4	3712	3600	3712
2022-06-24T18:10:46	1002.1	40.0	19.9	13.4	1002.2	27.7	12.2	3860	3600	3860
2022-06-24T19:10:52	1002.3	38.8	21.3	13.1	1002.4	26.1	11.7	3865	3600	3865
2022-06-24T20:10:59	1002.5	37.9	22.3	13.0	1002.6	25.4	12.4	3764	3600	3764
2022-06-24T21:11:05	1002.7	37.0	23.3	12.9	1002.9	24.0	13.1	3750	3600	3750
2022-06-24T22:11:09	1003.5	36.1	24.4	12.9	1003.6	22.7	13.4	3660	3600	3660
2022-06-24T23:11:10	1003.8	35.3	25.7	12.8	1004.0	22.2	13.7	3589	3600	3589
2022-06-25T00:11:11	1003.8	34.6	26.4	12.8	1004.0	21.1	14.4	3561	3600	3561
2022-06-25T01:11:12	1004.2	33.8	26.7	12.8	1004.4	19.8	15.4	3522	3600	3522
2022-06-25T02:11:21	1004.3	33.0	27.3	12.7	1004.5	20.2	14.9	3514	3600	3514
2022-06-25T03:11:22	1004.2	32.3	27.9	12.7	1004.5	18.5	15.5	3528	3600	3528
2022-06-25T04:11:25	1004.5	31.5	28.2	12.7	1004.9	17.5	14.9	3579	3600	3579
2022-06-25T05:11:30	1005.1	30.9	28.6	12.8	1005.4	18.1	15.4	3471	3600	3471
2022-06-25T06:11:38	1005.6	30.9	28.8	13.0	1006.0	20.1	17.2	3497	3600	3497
2022-06-25T07:11:40	1006.1	31.3	29.3	14.0	1006.5	23.0	16.3	3440	3600	3440
2022-06-25T08:11:43	1006.4	33.2	28.5	14.2	1006.8	26.0	15.4	3440	3600	3440
2022-06-25T09:11:47	1006.6	34.9	27.7	14.1	1007.0	27.7	15.2	3505	3600	3505
2022-06-25T10:12:00	1006.9	35.4	27.8	13.8	1007.3	27.0	15.2	3436	3600	3436
2022-06-25T11:12:01	1006.9	35.6	28.1	13.8	1007.3	28.5	15.4	3409	3600	3409
2022-06-25T12:12:07	1007.0	37.2	27.6	13.6	1007.3	31.7	15.2	3515	3600	3515
2022-06-25T13:12:09	1006.9	39.1	26.5	13.5	1007.2	33.9	15.0	3542	3600	3542
2022-06-25T14:12:15	1006.7	41.0	25.3	13.5	1007.0	36.3	14.8	3671	3600	3671
2022-06-25T15:12:18	1006.7	42.3	24.4	13.6	1006.9	34.8	14.0	3691	3600	3691
2022-06-25T16:12:23	1006.4	41.5	25.1	13.6	1006.6	34.8	14.1	3688	3600	3688
2022-06-25T17:12:30	1006.5	42.0	25.0	13.6	1006.7	33.1	14.3	3752	3600	3752
2022-06-25T18:12:34	1006.9	39.3	26.4	13.2	1007.2	23.8	19.7	3685	3600	3685
2022-06-25T19:12:36	1007.3	36.8	28.3	13.1	1007.6	21.9	19.0	3580	3600	3580
2022-06-25T20:12:38	1007.4	35.6	29.0	13.0	1007.7	20.9	18.2	3653	3600	3653
2022-06-25T21:12:40	1007.7	34.8	29.2	12.9	1008.1	20.1	17.4	3490	3600	3490
2022-06-25T22:12:42	1008.0	34.1	29.4	12.9	1008.4	19.2	16.5	3491	3600	3491
2022-06-25T23:12:44	1008.0	33.4	29.6	12.8	1008.4	19.2	16.5	3506	3600	3506
2022-06-26T00:12:50	1008.0	32.7	29.9	12.8	1008.4	18.7	16.0	3528	3600	3528
2022-06-26T01:12:51	1008.0	32.0	30.2	12.8	1008.5	18.4	15.7	3558	3600	3558
2022-06-26T02:12:58	1008.3	31.4	30.4	12.8	1008.8	18.1	15.5	3444	3600	3444
2022-06-26T03:13:03	1008.4	30.8	30.7	12.7	1008.9	17.7	15.1	3436	3600	3436
2022-06-26T04:13:05	1008.5	30.2	30.8	12.7	1009.0	18.1	15.4	3422	3600	3422
2022-06-26T05:13:11	1008.9	29.9	31.6	12.7	1009.4	19.1	16.4	3270	3600	3270
2022-06-26T06:13:16	1009.2	30.0	33.0	13.0	1009.8	20.4	17.7	3420	3600	3420
2022-06-26T07:13:23	1009.4	30.6	33.8	13.8	1009.9	23.8	19.6	3324	3600	3324
2022-06-26T08:13:32	1009.6	32.4	33.4	14.3	1010.2	27.5	17.2	3379	3600	3379
2022-06-26T09:13:36	1009.7	34.2	32.2	14.2	1010.3	29.0	15.6	3396	3600	3396
2022-06-26T10:13:38	1009.7	35.9	30.9	13.6	1010.2	31.5	14.9	3504	3600	3504
2022-06-26T11:13:40	1009.7	37.6	29.2	13.6	1010.2	32.7	14.5	3397	3600	3397
2022-06-26T12:13:44	1009.7	39.1	27.7	13.5	1010.1	36.2	14.5	3592	3600	3592
2022-06-26T13:13:48	1009.5	41.5	25.5	13.4	1009.9	38.6	13.5	3472	3600	3472
2022-06-26T14:13:52	1009.5	43.8	23.8	13.4	1009.7	38.9	13.4	3659	3600	3659
2022-06-26T15:13:56	1009.3	44.8	23.1	13.5	1009.5	40.5	13.1	3743	3600	3743
2022-06-26T16:14:01	1009.1	45.3	22.9	13.5	1009.2	39.1	12.4	3671	3600	3671
2022-06-26T17:14:07	1009.0	45.2	23.1	13.5	1009.1	37.7	12.6	3666	3600	3666
2022-06-26T18:14:12	1008.8	44.1	23.8	13.6	1008.9	32.0	12.9	3756	3600	3756
2022-06-26T19:14:16	1008.7	42.8	24.7	13.6	1008.8	29.6	13.2	3710	3600	3710
2022-06-26T20:14:21	1008.8	42.1	25.0	13.1	1008.9	27.8	13.5	3752	3600	3752
2022-06-26T21:14:26	1009.1	40.6	25.7	13.0	1009.2	24.2	13.0	3715	3600	3715
2022-06-26T22:14:32	1009.3	39.1	26.4	12.9	1009.5	22.9	13.6	3887	3600	3887
2022-06-26T23:14:35	1009.2	37.9	26.9	12.9	1009.5	21.8	14.4	3609	3600	3609
2022-06-27T00:14:41	1008.8	36.7	27.4	12.8	1009.1	20.4	15.1	3735	3600	3735
2022-06-27T01:14:45	1008.4	35.6	27.8	12.8	1008.7	19.7	16.0	3575	3600	3575
2022-06-27T02:14:53	1008.5	34.7	28.2	12.8	1008.8	19.1	16.4	3683	3600	3683
2022-06-27T03:14:56	1008.4	33.9	28.6	12.6	1008.8	18.7	16.0	3528	3600	3528
2022-06-27T04:15:02	1008.7	33.0	29.2	12.7	1009.1	18.4	15.8	3442	3600	3442
2022-06-27T05:15:05	1008.7	32.4	30.1	12.8	1009.2	20.5	16.4	3635	3600	3635
2022-06-27T06:15:10	1008.5	32.3	31.5	13.0	1008.9	22.9	15.3	3460	3600	3460
2022-06-27T07:15:15	1008.6	33.1	32.2	14.0	1009.0	26.9	15.2	3465	3600	3465
2022-06-27T08:15:20	1008.5	34.9	31.4	14.2	1008.8	30.1	15.2	3541	3600	3541
2022-06-27T09:15:22	1008.2	36.9	29.9	14.0	1008.6	33.4	14.9	3551	3600	3551
2022-06-27T10:15:26	1008.0	38.8	27.8	13.5	1008.3	35.8	14.1	3527	3600	3527
2022-06-27T11:15:32	1007.7	40.5	25.3	13.5	1008.0	37.5	13.8	3554	3600	3554
2022-06-27T12:15:34	1007.5	41.8	23.5	13.4	1007.7	38.9	13.3	3529	3600	3529
2022-06-27T13:15:38	1007.2	43.5	22.1	13.4	1007.4	39.5	12.8	3711	3600	3711
2022-06-27T14:15:44	1006.9	44.6	21.1	13.4	1007.0	40.9	12.8	3727	3600	3727
2022-06-27T15:15:45	1006.9	45.1	20.7	13.5	1006.9	38.7	12.1	3896	3600	3896
2022-06-27T16:15:47	1006.8	44.5	21.1	13.5	1006.8	37.0	12.8	3844	3600	3844
2022-06-27T17:15:53	1007.4	44.3	21.3	13.6	1007.4	33.1	14.5	3823	3600	3823
2022-06-27T18:15:55	1008.0	42.9	22.2	13.2	1008.0	29.8	14.3	3840	3600	3840
2022-06-27T19:16:02	1008.7	40.8	24.2	13.1	1008.8	25.9	20.5	3721	3600	3721
2022-06-27T20:16:06	1009.1	38.8	26.2	13.0	1009.2	23.7	18.3	3819	3600	3819
2022-06-27T21:16:08	1010.0	37.8	27.1	12.9	1010.2	23.3	16.5	3666	3600	3666
2022-06-27T22:16:15	1011.2	37.2	27.6	12.9	1011.4	23.1	16.9	3643	3600	3643
2022-06-27T23:16:18	1011.8	36.3	28.3	12.8	1012.1	22.3	15.9	3606	3600	3606
2022-06-28T00:16:23	1012.2	35.4	28.7	12.8	1012.5	21.3	15.4	3509	3600	3509
2022-06-28T01:16:28	1012.9	34.3	29.3	12.7	1013.2	20.1	16.6	3363	3600	3363
2022-06-28T02:16:37	1013.2	32.8	30.3	12.7	1013.6	18.9	16.2	3310	3600	3310
2022-06-28T03:16:41	1013.3	31.7	31.9	12.7	1013.7	18.3	15.6	3279	3600	3279
2022-06-28T04:16:42	1014.2	30.8	32.8	12.7	1014.7	17.9	15.2	3333	3600	3333
2022-06-28T05:16:48	1015.3	30.1	33.1	12.7	1015.8	17.8	15.1	3231	3600	3231
2022-06-28T06:16:54	1015.3	29.6	33.4	12.7	1015.9	17.6	15.0	3273	3600	3273
2022-06-28T07:17:00	1015.2	29.2	34.0	13.4	1015.7	18.5	15.9	3293	3600	3293
2022-06-28T08:17:02	1015.4	29.9	34.5	14.4	1015.8	20.7	17.5	3157	3600	3157
2022-06-28T09:17:07	1016.0	31.4	34.1	14.3	1016.5	23.3	15.6	3278	3600	3278
2022-06-28T10:17:08	1016.6	33.4	32.6	13.8	1017.0	26.0	13.9	3198	3600	3198
2022-06-28T11:17:10	1016.7	34.8	30.7	13.7	1017.2	26.6	12.9	3189	3600	3189
2022-06-28T12:17:16	1016.6	35.9	29.2	13.5	1017.0	29.7	12.0	3349	3600	3349
2022-06-28T13:17:21	1016.4	38.3	26.7	13.5	1016.7	32.3	10.7	3250	3600	3250
2022-06-28T14:17:25	1016.2	40.1	24.5	13.5	1016.5	35.1	10.5	3407	3600	3407
2022-06-28T15:17:27	1015.7	40.8	23.4	13.6	1015.9	36.0	10.3	3346	3600	3346
2022-06-28T16:17:29	1015.3	41.2	23.1	13.6	1015.5	35.0	9.7	3443	3600	3443
2022-06-28T17:17:32	1014.9	41.2	23.1	13.7	1015.1	34.3	9.2	3552	3600	3552
2022-06-28T18:17:34	1014.6	41.1	23.1	13.6	1014.7	32.8	9.2	3634	3600	3634
2022-06-28T19:17:39	1014.4	40.1	23.5	13.3	1014.6	24.8	9.2	3536	3600	3536
2022-06-28T20:17:40	1014.2	38.1	24.5	13.1	1014.5	21.4	9.6	3598	3600	3598
2022-06-28T21:17:45	1014.9	36.3	25.2	13.0	1015.2	19.1	10.7	3514	3600	3514
2022-06-28T22:17:50	1015.2	34.8	25.9	12.9	1015.5	19.5	11.2	3392	3600	3392
2022-06-28T23:17:52	1015.3	33.9	26.3	12.9	1015.6	18.8	11.6	3528	3600	3528
2022-06-29T00:17:54	1015.0	33.0	26.7	12.9	1015.3	17.6	12.3	3416	3600	3416
2022-06-29T01:17:56	1014.7	31.9	27.2	12.8	1015.1	16.3	13.4	3368	3600	3368
2022-06-29T02:17:57	1014.2	30.9	27.7	12.8	1014.7	15.4	13.2	3347	3600	3347
2022-06-29T03:18:02	1013.9	29.9	28.1	12.8	1014.3	14.4	12.4	3430	3600	3430
2022-06-29T04:18:08	1013.9	28.9	28.5	12.7	1014.4	14.1	12.2	3320	3600	3320
2022-06-29T05:18:18	1013.9	28.3	28.9	12.8	1014.5	15.1	12.9	3328	3600	3328
2022-06-29T06:18:21	1014.1	28.3	29.3	13.1	1014.6	17.8	15.0	3229	3600	3229
2022-06-29T07:18:27	1013.9	29.1	30.2	13.9	1014.3	22.6	13.8	3343	3600	3343
2022-06-29T08:18:33	1013.6	30.6	29.9	13.9	1014.1	24.4	11.3	3348	3600	3348
2022-06-29T09:18:36	1013.4	31.5	29.2	13.8	1013.8	26.0	11.0	3413	3600	3413
2022-06-29T10:18:38	1013.3	33.1	27.9	13.7	1013.7	28.6	10.6	3399	3600	3399
2022-06-29T11:18:41	1012.9	34.3	26.3	13.8	1013.3	28.0	9.7	3480	3600	3480
2022-06-29T12:18:46	1012.4	34.2	25.2	13.7	1012.8	28.7	9.6	3424	3600	3424
2022-06-29T13:18:47	1012.1	34.8	23.9	13.7	1012.4	29.1	9.8	3479	3600	3479
2022-06-29T14:18:50	1011.8	35.3	23.3	13.8	1012.0	31.3	10.0	3587	3600	3587
2022-06-29T15:18:54	1011.4	36.0	22.3	13.8	1011.7	29.0	9.2	3484	3600	3484
2022-06-29T16:19:00	1011.1	35.3	21.8	13.8	1011.4	26.6	8.9	3491	3600	3491
2022-06-29T17:19:01	1010.6	35.4	21.6	13.8	1010.8	30.2	9.3	3581	3600	3581
2022-06-29T18:19:03	1010.1	35.8	21.3	13.8	1010.3	27.5	8.5	3532	3600	3532
2022-06-29T19:19:07	1010.1	35.2	21.2	13.3	1010.3	24.1	8.7	3551	3600	3551
2022-06-29T20:19:11	1010.0	34.3	22.2	13.1	1010.3	22.5	10.2	3353	3600	3353
2022-06-29T21:19:19	1010.2	33.5	23.3	13.0	1010.5	20.4	10.9	3601	3600	3601
2022-06-29T22:19:31	1010.1	32.6	24.1	12.9	1010.4	18.9	11.5	3582	3600	3582
2022-06-29T23:19:36	1009.9	31.8	24.9	12.9	1010.2	17.7	11.9	3629	3600	3629
2022-06-30T00:19:47	1009.6	31.2	25.4	12.9	1010.0	17.2	12.6	3461	3600	3461
2022-06-30T01:19:48	1009.4	30.5	25.7	12.8	1009.7	17.6	12.8	3438	3600	3438
2022-06-30T02:19:53	1009.1	30.1	26.1	12.8	1009.6	17.5	13.1	3527	3600	3527
2022-06-30T03:19:56	1009.0	29.7	26.4	12.8	1009.4	18.2	13.9	3503	3600	3503
2022-06-30T04:20:01	1008.6	29.5	26.6	12.7	1009.1	18.8	14.7	3419	3600	3419
2022-06-30T05:20:05	1008.3	29.4	26.8	12.8	1008.7	19.6	15.3	3408	3600	3408
2022-06-30T06:20:06	1008.2	29.7	27.1	13.2	1008.6	21.9	14.0	3384	3600	3384
2022-06-30T07:20:09	1008.1	30.7	27.1	13.7	1008.5	23.5	13.5	3479	3600	3479
2022-06-30T08:20:16	1008.4	31.5	27.1	13.9	1008.8	24.6	13.4	3404	3600	3404
2022-06-30T09:20:19	1008.3	32.6	27.4	13.7	1008.7	27.5	13.8	3463	3600	3463
2022-06-30T10:20:23	1008.0	35.0	27.0	13.6	1008.4	30.2	14.1	3434	3600	3434
2022-06-30T11:20:26	1007.8	36.9	26.3	13.7	1008.1	30.6	14.3	3468	3600	3468
2022-06-30T12:20:34	1007.7	37.4	26.4	13.6	1008.0	33.5	14.8	3429	3600	3429
2022-06-30T13:20:36	1007.4	39.5	25.6	13.6	1007.7	34.4	14.5	3503	3600	3503
2022-06-30T14:20:39	1007.1	39.9	25.4	13.6	1007.4	34.4	14.5	3618	3600	3618
2022-06-30T15:20:41	1007.0	41.0	24.9	13.5	1007.2	37.1	14.6	3712	3600	3712
2022-06-30T16:20:47	1006.9	41.5	24.7	13.6	1007.1	37.3	14.5	3629	3600	3629
2022-06-30T17:20:49	1006.5	41.6	24.8	13.6	1006.6	36.1	14.1	3546	3600	3546
2022-06-30T18:20:51	1006.2	41.4	24.9	13.7	1006.3	32.4	14.0	3779	3600	3779
2022-06-30T19:20:55	1006.1	40.3	25.4	13.4	1006.3	28.5	14.1	3700	3600	3700
2022-06-30T20:21:02	1006.3	39.2	26.0	13.1	1006.5	26.6	14.2	3808	3600	3808
2022-06-30T21:21:05	1006.5	38.1	26.7	13.0	1006.7	24.9	14.7	3741	3600	3741
2022-06-30T22:21:11	1006.7	37.1	27.2	12.9	1007.0	23.0	14.9	3480	3600	3480
2022-06-30T23:21:13	1006.5	36.0	27.7	12.9	1006.7	22.0	15.9	3733	3600	3733
2022-07-01T00:21:14	1006.6	35.1	28.2	12.8	1006.9	21.0	17.4	3637	3600	3637
2022-07-01T01:21:17	1006.6	34.3	28.7	12.8	1006.9	21.2	18.0	3569	3600	3569
2022-07-01T02:21:20	1006.5	33.7	29.6	12.8	1006.8	21.3	18.5	3661	3600	3661
2022-07-01T03:21:30	1006.0	33.1	30.7	12.7	1006.3	21.1	18.5	3492	3600	3492
2022-07-01T04:21:32	1006.2	32.5	31.8	12.7	1006.6	20.9	18.2	3578	3600	3578
2022-07-01T05:21:34	1006.2	32.2	33.5	12.8	1006.6	22.1	19.3	3540	3600	3540
2022-07-01T06:21:35	1007.0	32.3	34.7	13.0	1007.5	22.7	19.9	3601	3600	3601
2022-07-01T07:21:45	1007.5	32.6	34.2	13.6	1008.0	24.7	18.6	3617	3600	3617
2022-07-01T08:21:49	1007.6	34.2	32.9	14.3	1008.0	27.7	15.5	3506	3600	3506
2022-07-01T09:21:51	1007.9	35.8	31.2	14.3	1008.4	28.1	15.3	3457	3600	3457
2022-07-01T10:22:01	1008.9	35.5	31.0	13.5	1009.4	22.4	15.8	3518	3600	3518
2022-07-01T11:22:05	1009.8	32.4	32.6	13.2	1010.4	17.5	14.9	3244	3600	3244
2022-07-01T12:22:06	1010.8	30.7	34.2	13.4	1011.4	17.2	14.6	3149	3600	3149
2022-07-01T13:22:14	1010.5	30.2	35.4	13.9	1011.1	18.6	16.0	3143	3600	3143
2022-07-01T14:22:21	1010.5	30.6	36.6	13.9	1011.1	19.2	16.4	3015	3600	3015
2022-07-01T15:22:24	1011.8	30.2	36.4	13.5	1012.5	17.5	14.9	3019	3600	3019
2022-07-01T16:22:31	1012.3	29.3	36.2	13.9	1012.9	17.7	15.1	3044	3600	3044
2022-07-01T17:22:42	1012.9	28.6	36.7	13.6	1013.5	16.6	14.1	2973	3600	2973
2022-07-01T18:22:44	1013.3	28.1	36.7	13.3	1014.0	16.7	14.2	3026	3600	3026
2022-07-01T19:22:45	1013.9	27.8	36.6	13.2	1014.6	16.5	14.1	2995	3600	2995
2022-07-01T20:22:49	1014.3	27.4	36.4	13.0	1015.0	16.0	13.6	2955	3600	2955
2022-07-01T21:22:51	1015.6	26.9	36.4	12.9	1016.3	15.5	13.2	2938	3600	2938
2022-07-01T22:22:53	1016.2	26.5	36.0	12.9	1017.0	15.0	12.8	2952	3600	2952
2022-07-01T23:22:56	1016.4	26.1	35.6	12.8	1017.2	14.8	12.6	2965	3600	2965
2022-07-02T00:23:03	1016.8	25.6	35.4	12.8	1017.5	14.0	12.0	2962	3600	2962
2022-07-02T01:23:16	1016.9	25.1	35.1	12.8	1017.7	13.3	11.5	2911	3600	2911
2022-07-02T02:23:19	1017.0	24.5	34.9	12.7	1017.8	12.7	11.1	2988	3600	2988
2022-07-02T03:23:22	1017.1	24.1	34.6	12.7	1017.9	12.8	11.2	2958	3600	2958
2022-07-02T04:23:23	1017.5	23.8	34.4	12.6	1018.3	12.6	11.0	2824	3600	2824
2022-07-02T05:23:29	1018.0	23.5	34.2	12.7	1018.8	12.8	11.2	2879	3600	2879
2022-07-02T06:23:38	1018.3	23.5	34.2	12.9	1019.1	13.8	11.9	2928	3600	2928
2022-07-02T07:23:48	1018.7	24.1	34.3	14.1	1019.5	16.7	14.1	2931	3600	2931
2022-07-02T08:23:49	1019.1	26.2	33.8	14.4	1019.8	20.0	13.7	2965	3600	2965
2022-07-02T09:23:59	1019.5	28.4	32.7	14.2	1020.2	23.0	12.3	2910	3600	2910
2022-07-02T10:24:05	1019.6	30.7	31.3	13.7	1020.4	25.1	11.2	2959	3600	2959
2022-07-02T11:24:13	1019.4	33.0	29.4	13.6	1020.1	26.9	10.6	2949	3600	2949
2022-07-02T12:24:21	1019.2	35.1	27.7	13.6	1019.8	30.2	10.7	3030	3600	3030
2022-07-02T13:24:22	1018.9	37.1	26.2	13.5	1019.4	31.6	10.4	2897	3600	2897
2022-07-02T14:24:24	1018.5	38.2	25.1	13.5	1019.0	33.6	10.6	3026	3600	3026
2022-07-02T15:24:36	1018.0	38.4	24.6	13.6	1018.4	34.3	10.2	3024	3600	3024
2022-07-02T16:24:37	1017.5	38.8	24.2	13.6	1017.8	34.2	10.2	3115	3600	3115
2022-07-02T17:24:44	1016.9	38.6	24.0	13.7	1017.2	31.9	9.8	3159	3600	3159
2022-07-02T18:24:48	1016.5	38.2	23.7	13.7	1016.7	30.6	9.4	3123	3600	3123
2022-07-02T19:24:55	1016.0	37.2	22.7	13.3	1016.3	25.0	9.1	3155	3600	3155
2022-07-02T20:24:59	1015.9	35.8	22.8	13.1	1016.2	22.6	9.3	3175	3600	3175
2022-07-02T21:25:03	1015.8	34.5	24.0	13.0	1016.2	18.8	9.4	3163	3600	3163
2022-07-02T22:25:04	1015.7	33.2	25.0	12.9	1016.2	17.5	9.9	3096	3600	3096
2022-07-02T23:25:13	1015.7	32.2	25.6	12.9	1016.2	17.2	10.3	3140	3600	3140
2022-07-03T00:25:19	1015.6	31.4	26.0	12.8	1016.0	18.0	9.5	3259	3600	3259
2022-07-03T01:25:23	1015.5	30.6	26.2	12.8	1016.0	17.0	9.5	3151	3600	3151
2022-07-03T02:25:27	1015.1	29.7	26.7	12.8	1015.6	16.5	9.5	3164	3600	3164
2022-07-03T03:25:34	1014.8	29.0	27.2	12.7	1015.3	16.1	9.5	3080	3600	3080
2022-07-03T04:25:36	1014.7	28.2	27.9	12.7	1015.2	15.6	9.6	3067	3600	3067
2022-07-03T05:25:40	1014.6	27.6	28.7	12.7	1015.1	15.8	9.9	3107	3600	3107
2022-07-03T06:25:48	1014.3	27.3	29.8	12.9	1014.8	17.1	10.4	2953	3600	2953
2022-07-03T07:25:50	1014.0	27.9	30.6	14.0	1014.4	21.0	10.7	3056	3600	3056
2022-07-03T08:25:51	1013.8	29.5	30.1	14.4	1014.1	24.5	10.9	3073	3600	3073
2022-07-03T09:26:02	1013.4	31.2	29.1	14.1	1013.8	27.0	10.9	3117	3600	3117
2022-07-03T10:26:08	1013.0	32.9	27.5	13.6	1013.4	29.0	10.9	3092	3600	3092
2022-07-03T11:26:15	1012.8	34.8	25.8	13.5	1013.2	31.1	11.3	3301	3600	3301
2022-07-03T12:26:19	1012.5	36.9	24.4	13.5	1012.7	32.8	11.1	3180	3600	3180
2022-07-03T13:26:26	1011.8	39.1	23.3	13.4	1012.1	35.3	11.2	3213	3600	3213
2022-07-03T14:26:29	1011.4	40.8	22.2	13.5	1011.6	34.7	10.9	3278	3600	3278
2022-07-03T15:26:37	1011.1	40.8	22.1	13.5	1011.2	38.9	11.4	3257	3600	3257
2022-07-03T16:26:39	1010.7	41.5	22.0	13.5	1010.8	36.3	10.8	3313	3600	3313
2022-07-03T17:26:40	1010.3	41.3	22.0	13.7	1010.3	35.2	10.7	3378	3600	3378
2022-07-03T18:26:43	1009.9	41.2	21.6	13.7	1009.9	34.0	10.4	3465	3600	3465
2022-07-03T19:26:44	1009.6	40.3	21.3	13.3	1009.7	28.2	10.4	3441	3600	3441
2022-07-03T20:26:54	1009.4	39.0	22.2	13.1	1009.5	25.0	10.6	3483	3600	3483
2022-07-03T21:26:56	1009.2	37.8	23.1	13.0	1009.4	22.8	10.5	3536	3600	3536
2022-07-03T22:26:57	1009.4	36.9	23.8	12.9	1009.6	21.9	10.9	3453	3600	3453
2022-07-03T23:27:01	1009.8	35.7	24.5	12.9	1010.0	20.8	12.2	3468	3600	3468
2022-07-04T00:27:06	1010.7	34.4	25.6	12.8	1011.0	19.7	14.0	3457	3600	3457
2022-07-04T01:27:09	1010.9	32.9	26.8	12.8	1011.2	18.2	14.7	3282	3600	3282
2022-07-04T02:27:12	1011.0	32.2	27.2	12.8	1011.4	16.9	14.4	3305	3600	3305
2022-07-04T03:27:13	1011.6	31.3	27.7	12.7	1012.0	16.4	14.0	3378	3600	3378
2022-07-04T04:27:18	1011.8	30.4	28.2	12.7	1012.3	15.5	13.2	3205	3600	3205
2022-07-04T05:27:25	1012.5	29.7	28.6	12.7	1012.9	15.5	13.2	3210	3600	3210
2022-07-04T06:27:31	1013.0	29.2	29.2	12.9	1013.4	16.6	14.1	3207	3600	3207
2022-07-04T07:27:35	1013.5	29.4	29.9	13.8	1013.9	19.1	14.6	3316	3600	3316
2022-07-04T08:27:39	1013.9	30.9	29.9	14.3	1014.3	22.1	13.1	3269	3600	3269
2022-07-04T09:27:41	1014.1	32.1	29.4	14.1	1014.6	24.3	12.6	3129	3600	3129
2022-07-04T10:27:46	1014.1	33.4	28.5	13.6	1014.5	25.5	11.8	3286	3600	3286
2022-07-04T11:27:50	1014.3	35.3	26.8	13.5	1014.6	26.9	11.1	3230	3600	3230
2022-07-04T12:27:57	1014.1	36.2	25.3	13.6	1014.5	27.3	10.8	3396	3600	3396
2022-07-04T13:28:04	1013.8	37.5	24.0	13.5	1014.1	30.3	10.3	3345	3600	3345
2022-07-04T14:28:09	1013.5	38.4	22.8	13.7	1013.8	31.1	10.2	3400	3600	3400
2022-07-04T15:28:20	1013.4	39.7	21.9	13.5	1013.6	34.1	9.9	3418	3600	3418
2022-07-04T16:28:27	1013.1	40.2	21.0	13.6	1013.4	32.1	9.5	3408	3600	3408
2022-07-04T17:28:36	1012.8	40.2	21.2	13.7	1013.0	30.8	9.5	3483	3600	3483
2022-07-04T18:28:38	1012.5	39.5	22.0	13.7	1012.8	27.6	8.9	3438	3600	3438
2022-07-04T19:28:39	1012.7	38.3	22.5	13.2	1012.9	22.6	9.0	3625	3600	3625
2022-07-04T20:28:40	1012.9	36.3	23.5	13.1	1013.2	18.9	8.8	3449	3600	3449
2022-07-04T21:28:41	1013.3	34.6	24.2	12.9	1013.7	17.0	8.7	3421	3600	3421
2022-07-04T22:28:49	1013.5	33.3	24.7	12.9	1013.9	15.8	9.1	3249	3600	3249
2022-07-04T23:28:55	1014.0	32.1	25.2	12.9	1014.5	15.2	12.0	3301	3600	3301
2022-07-05T00:28:57	1014.1	31.1	25.9	12.8	1014.5	15.0	12.6	3378	3600	3378
2022-07-05T01:29:09	1014.0	30.1	26.3	12.8	1014.4	14.5	11.2	3336	3600	3336
2022-07-05T02:29:10	1014.2	29.2	26.6	12.8	1014.8	13.0	11.1	3267	3600	3267
2022-07-05T03:29:13	1014.3	28.1	27.0	12.7	1014.9	11.9	10.6	3262	3600	3262
2022-07-05T04:29:15	1014.5	27.1	27.3	12.7	1015.1	11.6	10.4	3237	3600	3237
2022-07-05T05:29:16	1014.8	26.4	27.6	12.7	1015.4	12.1	10.7	3195	3600	3195
2022-07-05T06:29:21	1015.4	26.0	27.9	13.1	1016.0	14.6	12.4	3345	3600	3345
2022-07-05T07:29:25	1015.7	26.9	28.0	14.4	1016.2	19.3	12.0	3273	3600	3273
2022-07-05T08:29:28	1016.1	28.9	27.3	14.3	1016.5	22.6	10.7	3317	3600	3317
2022-07-05T09:29:32	1016.1	31.1	26.5	14.1	1016.5	24.6	10.3	3290	3600	3290
2022-07-05T10:29:38	1015.9	33.3	25.4	13.6	1016.3	27.0	10.7	3270	3600	3270
2022-07-05T11:29:42	1015.8	35.3	24.4	13.7	1016.2	28.2	10.6	3287	3600	3287
2022-07-05T12:29:43	1015.6	36.5	23.6	13.6	1016.0	29.9	10.5	3319	3600	3319
2022-07-05T13:29:49	1015.3	37.5	22.8	13.5	1015.6	30.7	10.3	3436	3600	3436
2022-07-05T14:29:51	1014.9	39.1	21.8	13.6	1015.2	33.3	10.3	3300	3600	3300
2022-07-05T15:29:59	1014.6	39.6	21.4	13.6	1014.9	31.7	9.8	3408	3600	3408
2022-07-05T16:30:00	1014.5	39.2	21.3	13.7	1014.7	29.4	9.5	3510	3600	3510
2022-07-05T17:30:03	1014.5	38.4	21.5	13.8	1014.7	28.2	9.0	3448	3600	3448
2022-07-05T18:30:06	1014.6	38.0	21.4	13.7	1014.9	26.0	8.5	3417	3600	3417
2022-07-05T19:30:10	1014.7	36.9	21.9	13.4	1015.0	23.0	8.2	3426	3600	3426
2022-07-05T20:30:14	1014.9	35.4	22.6	13.1	1015.3	18.6	7.9	3503	3600	3503
2022-07-05T21:30:21	1015.2	33.7	23.5	13.0	1015.6	16.4	7.7	3466	3600	3466
2022-07-05T22:30:23	1015.4	32.5	24.1	12.9	1015.8	16.3	8.0	3469	3600	3469
2022-07-05T23:30:24	1015.8	31.5	24.5	12.9	1016.2	15.3	8.3	3379	3600	3379
2022-07-06T00:30:31	1016.0	30.2	25.0	12.8	1016.5	13.4	8.9	3351	3600	3351
2022-07-06T01:30:37	1016.1	29.1	25.5	12.8	1016.7	13.1	9.9	3398	3600	3398
2022-07-06T02:30:42	1016.3	28.2	25.9	12.8	1016.8	12.7	10.8	3265	3600	3265
2022-07-06T03:30:44	1016.4	27.4	26.4	12.7	1016.8	14.1	12.0	3210	3600	3210
2022-07-06T04:30:48	1016.7	26.9	26.6	12.7	1017.1	14.1	11.8	3311	3600	3311
2022-07-06T05:30:52	1016.8	26.6	26.8	12.8	1017.3	14.2	11.8	3193	3600	3193
2022-07-06T06:30:57	1016.9	26.5	27.3	13.1	1017.4	14.8	11.2	3279	3600	3279
2022-07-06T07:31:06	1016.9	27.0	28.0	14.3	1017.3	18.1	10.6	3261	3600	3261
2022-07-06T08:31:12	1017.0	28.6	27.7	14.4	1017.4	20.3	10.0	3307	3600	3307
2022-07-06T09:31:18	1017.1	29.9	27.1	14.1	1017.5	22.9	9.7	3340	3600	3340
2022-07-06T10:31:19	1017.2	30.5	26.2	13.9	1017.7	21.3	8.8	3339	3600	3339
2022-07-06T11:31:23	1017.3	30.5	25.8	13.8	1017.7	22.2	8.6	3285	3600	3285
2022-07-06T12:31:27	1017.2	31.1	25.2	13.8	1017.6	23.7	8.9	3385	3600	3385
2022-07-06T13:31:33	1017.0	32.4	24.4	13.8	1017.3	25.5	8.9	3420	3600	3420
2022-07-06T14:31:37	1016.7	33.6	23.4	13.8	1017.1	25.1	8.7	3414	3600	3414
2022-07-06T15:31:39	1016.8	32.8	22.9	13.9	1017.3	20.7	8.2	3473	3600	3473
2022-07-06T16:31:40	1016.7	31.8	23.4	13.9	1017.1	22.1	8.8	3358	3600	3358
2022-07-06T17:31:44	1016.3	32.3	23.5	13.9	1016.7	23.0	8.8	3409	3600	3409
2022-07-06T18:31:47	1015.9	32.1	23.6	13.6	1016.3	20.1	8.7	3372	3600	3372
2022-07-06T19:31:49	1015.7	31.2	24.2	13.3	1016.1	18.7	8.8	3411	3600	3411
2022-07-06T20:31:52	1015.4	30.3	24.7	13.1	1016.0	15.8	8.7	3340	3600	3340
2022-07-06T21:32:00	1015.3	29.1	25.1	13.0	1015.8	14.5	8.6	3304	3600	3304
2022-07-06T22:32:02	1014.9	28.3	25.4	12.9	1015.4	14.5	8.6	3280	3600	3280
2022-07-06T23:32:04	1014.5	27.6	25.7	12.9	1015.1	14.9	8.2	3358	3600	3358
2022-07-07T00:32:10	1014.1	27.1	25.9	12.8	1014.6	15.1	8.1	3408	3600	3408
2022-07-07T01:32:14	1013.7	26.5	26.2	12.8	1014.2	15.2	8.3	3292	3600	3292
2022-07-07T02:32:21	1013.4	25.7	27.0	12.8	1014.0	13.7	10.8	3420	3600	3420
2022-07-07T03:32:23	1012.8	24.8	27.9	12.7	1013.4	13.0	11.3	3372	3600	3372
2022-07-07T04:32:25	1012.3	24.2	28.8	12.7	1012.9	13.2	11.5	3384	3600	3384
2022-07-07T05:32:30	1011.8	23.8	30.5	12.7	1012.4	13.2	11.5	3224	3600	3224
2022-07-07T06:32:31	1011.3	23.5	32.0	12.7	1011.9	13.3	11.6	3260	3600	3260
2022-07-07T07:32:43	1011.2	23.2	33.3	12.8	1011.8	13.8	11.9	3184	3600	3184
2022-07-07T08:32:45	1011.0	23.2	34.9	13.1	1011.6	14.5	12.4	3105	3600	3105
2022-07-07T09:32:54	1010.8	23.4	36.1	13.6	1011.4	15.5	13.2	3178	3600	3178
2022-07-07T10:32:59	1010.7	23.7	37.2	14.0	1011.3	16.4	14.0	3120	3600	3120
2022-07-07T11:33:03	1010.8	24.2	37.3	14.2	1011.4	17.3	14.7	3091	3600	3091
2022-07-07T12:33:12	1011.0	24.6	38.2	14.1	1011.6	17.5	14.9	3151	3600	3151
2022-07-07T13:33:13	1010.9	26.3	37.5	14.4	1011.5	21.4	15.9	3064	3600	3064
2022-07-07T14:33:20	1010.9	27.9	36.5	14.0	1011.5	25.7	16.3	3236	3600	3236
2022-07-07T15:33:26	1011.0	29.9	35.1	14.0	1011.7	22.8	14.9	3208	3600	3208
2022-07-07T16:33:29	1011.3	29.2	35.5	13.9	1012.0	23.2	16.6	3074	3600	3074
2022-07-07T17:33:31	1011.7	29.5	35.4	13.6	1012.4	21.4	15.5	3286	3600	3286
2022-07-07T18:33:34	1012.2	28.2	35.4	13.4	1013.0	18.0	15.4	3150	3600	3150
2022-07-07T19:33:38	1013.0	27.3	36.0	13.2	1013.8	16.4	13.9	3135	3600	3135
2022-07-07T20:33:40	1014.0	26.4	36.3	13.1	1014.8	15.3	13.1	3130	3600	3130
2022-07-07T21:33:44	1015.1	25.8	35.8	13.0	1015.9	14.9	12.8	3200	3600	3200
2022-07-07T22:33:45	1015.8	25.3	35.5	12.9	1016.6	14.4	12.4	3138	3600	3138
2022-07-07T23:33:48	1016.5	24.7	35.5	12.9	1017.3	13.8	11.9	3088	3600	3088
2022-07-08T00:33:53	1017.1	24.2	35.7	12.9	1018.0	13.7	11.9	3034	3600	3034
2022-07-08T01:34:02	1017.5	23.8	35.9	12.8	1018.3	13.6	11.8	3002	3600	3002
2022-07-08T02:34:06	1017.8	23.4	36.3	12.8	1018.6	13.7	11.8	3129	3600	3129
2022-07-08T03:34:11	1018.1	23.4	36.7	12.7	1018.9	14.2	12.2	3004	3600	3004
2022-07-08T04:34:19	1018.6	23.3	36.8	12.7	1019.5	14.2	12.2	2948	3600	2948
2022-07-08T05:34:25	1019.4	23.3	37.0	12.7	1020.2	14.5	12.5	3014	3600	3014
2022-07-08T06:34:29	1020.0	23.4	37.6	12.7	1020.8	14.8	12.7	2891	3600	2891
2022-07-08T07:34:32	1020.5	23.5	38.1	13.0	1021.3	15.1	12.9	3014	3600	3014
2022-07-08T08:34:35	1020.9	24.1	37.9	14.0	1021.7	17.3	12.6	3018	3600	3018
2022-07-08T09:34:40	1021.2	25.4	36.7	14.6	1021.9	18.5	11.7	3011	3600	3011
2022-07-08T10:34:51	1021.5	25.8	36.4	14.6	1022.3	17.3	11.4	3000	3600	3000
2022-07-08T11:34:54	1021.5	26.6	36.0	13.8	1022.3	22.2	11.5	3057	3600	3057
2022-07-08T12:34:55	1021.3	30.0	33.2	13.7	1022.0	25.9	11.0	2978	3600	2978
2022-07-08T13:35:02	1021.2	31.1	31.1	14.0	1022.0	22.5	10.8	3088	3600	3088
2022-07-08T14:35:08	1021.3	29.7	31.4	14.0	1022.0	20.4	10.9	2982	3600	2982
2022-07-08T15:35:10	1021.3	29.3	31.9	14.0	1022.0	21.1	11.8	3090	3600	3090
2022-07-08T16:35:11	1021.1	29.7	32.0	13.9	1021.8	21.1	11.7	3096	3600	3096
2022-07-08T17:35:15	1020.8	30.2	32.0	14.0	1021.4	25.1	12.1	3087	3600	3087
2022-07-08T18:35:16	1020.4	30.9	31.4	13.8	1021.1	22.3	11.3	3128	3600	3128
2022-07-08T19:35:23	1020.1	30.2	31.4	13.3	1020.8	19.4	11.1	3125	3600	3125
2022-07-08T20:35:28	1020.2	29.2	31.8	13.1	1020.9	17.8	11.3	2992	3600	2992
2022-07-08T21:35:31	1020.4	28.3	31.9	13.0	1021.1	15.4	12.0	3077	3600	3077
2022-07-08T22:35:33	1020.3	27.4	32.0	12.9	1021.1	14.2	12.1	2953	3600	2953
2022-07-08T23:35:38	1020.2	26.7	32.1	12.9	1021.0	13.3	11.6	3072	3600	3072
2022-07-09T00:35:44	1020.1	26.0	32.3	12.9	1020.9	12.7	11.2	3090	3600	3090
2022-07-09T01:35:49	1020.1	25.3	32.4	12.8	1020.9	11.7	10.5	3120	3600	3120
2022-07-09T02:35:53	1020.0	24.5	32.5	12.8	1020.8	10.9	9.9	3069	3600	3069
2022-07-09T03:35:55	1019.5	23.9	32.6	12.8	1020.3	11.7	10.4	3075	3600	3075
2022-07-09T04:35:58	1019.5	23.7	32.6	12.7	1020.3	12.9	11.3	3044	3600	3044
2022-07-09T05:36:01	1019.5	23.6	32.8	12.7	1020.2	13.7	11.8	2997	3600	2997
2022-07-09T06:36:08	1019.5	23.6	33.1	12.8	1020.3	14.6	12.5	3049	3600	3049
2022-07-09T07:36:17	1019.2	24.1	33.8	13.6	1020.0	16.8	12.7	3181	3600	3181
2022-07-09T08:36:21	1019.0	25.4	33.6	14.3	1019.7	18.5	11.9	3127	3600	3127
2022-07-09T09:36:28	1018.8	26.0	34.0	14.6	1019.5	18.4	11.9	3103	3600	3103
2022-07-09T10:36:30	1018.6	26.3	34.9	14.2	1019.3	18.6	12.2	3041	3600	3041
2022-07-09T11:36:34	1018.1	27.4	35.1	13.8	1018.8	22.9	12.4	3063	3600	3063
2022-07-09T12:36:40	1017.6	30.0	33.5	13.8	1018.2	24.8	12.1	3196	3600	3196
2022-07-09T13:36:41	1017.2	31.1	32.2	13.9	1017.9	23.4	13.1	3230	3600	3230
2022-07-09T14:36:46	1016.6	30.0	33.1	13.9	1017.2	23.0	15.0	3120	3600	3120
2022-07-09T15:36:48	1016.2	29.6	33.8	13.8	1016.9	20.4	15.7	3170	3600	3170
2022-07-09T16:36:49	1015.5	29.5	34.5	14.0	1016.2	22.0	17.3	3101	3600	3101
2022-07-09T17:36:52	1015.1	29.6	34.7	13.8	1015.9	19.4	15.9	3095	3600	3095
2022-07-09T18:37:37	1014.6	29.7	34.9	13.8	1015.3	21.4	13.6	3181	3600	3181
2022-07-09T19:37:38	1014.5	29.3	35.0	13.3	1015.2	17.9	14.7	3078	3600	3078
2022-07-09T20:37:39	1014.8	28.4	35.1	13.1	1015.6	15.4	13.1	3061	3600	3061
2022-07-09T21:37:46	1015.5	27.2	34.6	13.0	1016.3	13.6	11.7	3120	3600	3120
2022-07-09T22:37:52	1015.9	26.3	34.2	12.9	1016.7	12.1	10.7	3086	3600	3086
2022-07-09T23:37:55	1015.9	25.4	33.9	12.9	1016.7	11.5	10.3	3099	3600	3099
2022-07-10T00:38:00	1015.7	24.8	33.8	12.9	1016.5	12.7	11.0	3155	3600	3155
2022-07-10T01:38:13	1015.5	24.4	33.8	12.8	1016.4	13.2	10.6	3132	3600	3132
2022-07-10T02:38:24	1015.3	24.1	34.0	12.8	1016.2	13.1	11.2	3153	3600	3153
2022-07-10T03:38:31	1015.0	23.7	34.3	12.8	1015.8	12.8	10.8	3062	3600	3062
2022-07-10T04:38:41	1014.8	23.3	34.5	12.7	1015.6	12.4	11.0	3227	3600	3227
2022-07-10T05:38:43	1014.7	23.0	35.0	12.8	1015.5	12.5	11.0	3064	3600	3064
2022-07-10T06:38:44	1014.6	23.1	35.5	13.1	1015.4	14.1	11.4	3163	3600	3163
2022-07-10T07:38:49	1014.5	23.5	36.0	13.7	1015.3	15.7	10.9	3206	3600	3206
2022-07-10T08:39:02	1014.5	24.5	35.7	14.0	1015.3	17.2	10.4	3162	3600	3162
2022-07-10T09:39:08	1014.5	25.2	35.1	14.1	1015.2	18.1	10.1	3182	3600	3182
2022-07-10T10:39:10	1014.6	26.2	34.2	14.0	1015.3	19.3	9.9	3180	3600	3180
2022-07-10T11:39:15	1014.6	27.3	33.1	14.0	1015.3	20.4	9.8	3259	3600	3259
2022-07-10T12:39:23	1014.6	28.0	32.0	14.0	1015.3	20.8	9.7	3221	3600	3221
2022-07-10T13:39:30	1014.6	28.6	31.3	14.0	1015.3	22.1	9.5	3128	3600	3128
2022-07-10T14:39:32	1014.7	29.5	30.3	13.9	1015.3	23.2	9.4	3214	3600	3214
2022-07-10T15:39:41	1014.4	30.6	29.3	13.8	1015.0	24.0	9.3	3208	3600	3208
2022-07-10T16:39:43	1014.1	30.8	29.0	13.9	1014.7	24.5	9.2	3197	3600	3197
2022-07-10T17:39:48	1013.9	31.1	28.4	13.9	1014.5	23.1	8.8	3301	3600	3301
2022-07-10T18:39:51	1014.1	30.6	28.2	13.8	1014.7	20.3	8.6	3260	3600	3260
2022-07-10T19:39:58	1014.3	29.7	28.6	13.4	1014.9	18.6	8.7	3267	3600	3267
2022-07-10T20:40:01	1014.6	28.9	29.0	13.2	1015.2	16.7	8.9	3318	3600	3318
2022-07-10T21:40:13	1015.0	27.9	29.5	13.0	1015.8	13.1	9.0	3319	3600	3319
2022-07-10T22:40:20	1015.3	26.7	29.9	13.0	1016.0	11.9	9.2	3247	3600	3247
2022-07-10T23:40:22	1015.5	25.8	30.1	12.9	1016.2	11.2	9.9	3142	3600	3142
2022-07-11T00:40:28	1015.4	25.0	30.4	12.9	1016.2	11.2	10.0	3222	3600	3222
2022-07-11T01:40:37	1015.3	24.3	30.6	12.9	1016.1	10.1	9.5	3233	3600	3233
2022-07-11T02:40:41	1015.2	23.5	30.9	12.8	1016.0	9.5	9.1	3180	3600	3180
2022-07-11T03:40:47	1015.2	22.8	31.2	12.8	1016.1	9.0	8.8	3221	3600	3221
2022-07-11T04:40:56	1015.5	22.1	31.4	12.8	1016.4	8.6	8.6	3117	3600	3117
2022-07-11T05:40:59	1015.5	21.6	31.8	12.8	1016.3	9.8	9.3	3168	3600	3168
2022-07-11T06:41:02	1015.7	21.5	32.6	13.1	1016.4	11.5	10.3	3214	3600	3214
2022-07-11T07:41:12	1016.0	22.5	33.0	14.1	1016.7	15.5	11.1	3069	3600	3069
2022-07-11T08:41:20	1016.1	24.7	32.4	13.9	1016.8	19.1	10.7	3200	3600	3200
2022-07-11T09:41:26	1016.3	27.0	31.7	13.8	1016.9	21.0	10.6	3213	3600	3213
2022-07-11T10:41:29	1016.2	29.0	30.7	13.7	1016.8	23.0	10.7	3168	3600	3168
2022-07-11T11:41:31	1016.2	31.1	29.6	13.8	1016.8	25.1	10.8	3241	3600	3241
2022-07-11T12:41:36	1016.2	32.5	28.5	13.9	1016.8	26.1	10.4	3231	3600	3231
2022-07-11T15:33:34	1015.6	36.2	21.2	13.7	1016.5	26.6	8.6	3296	3600	3296
2022-07-11T16:33:38	1015.8	35.9	22.5	13.8	1016.7	24.0	8.7	3362	3600	3362
2022-07-11T17:33:41	1015.9	34.9	23.9	13.8	1016.8	23.7	8.6	3519	3600	3519
2022-07-11T18:33:45	1015.8	34.8	24.5	13.8	1016.6	22.9	8.4	3405	3600	3405
2022-07-11T19:33:48	1015.9	34.0	25.3	13.4	1016.9	20.4	8.3	3361	3600	3361
2022-07-11T20:33:53	1016.2	32.5	26.3	13.1	1017.4	17.4	8.4	3294	3600	3294
2022-07-11T21:33:55	1016.7	31.1	26.9	13.0	1017.8	15.8	8.3	3275	3600	3275
2022-07-11T22:34:02	1016.9	29.9	27.4	12.9	1018.0	14.7	8.5	3169	3600	3169
2022-07-11T23:34:04	1017.1	28.9	27.9	12.9	1018.2	13.6	8.8	3163	3600	3163
2022-07-12T00:34:06	1017.2	28.0	28.3	12.9	1018.2	12.8	8.8	3126	3600	3126
2022-07-12T01:34:08	1017.4	26.9	28.8	12.8	1018.3	12.0	8.8	3206	3600	3206
2022-07-12T02:34:16	1017.5	25.9	29.2	12.8	1018.3	11.2	8.7	3142	3600	3142
2022-07-12T03:34:21	1017.7	25.0	29.5	12.8	1018.6	10.4	8.6	3159	3600	3159
2022-07-12T04:34:32	1018.0	24.2	29.8	12.7	1018.8	9.8	8.5	3262	3600	3262
2022-07-12T05:34:37	1018.2	23.6	30.0	12.8	1019.0	10.1	8.6	3149	3600	3149
2022-07-12T06:34:43	1018.5	23.4	30.2	13.1	1019.3	12.3	9.6	3242	3600	3242
2022-07-12T07:34:45	1018.8	24.6	30.6	14.0	1019.4	20.4	10.5	3147	3600	3147
2022-07-12T08:34:50	1018.7	27.2	29.8	13.9	1019.4	25.4	9.8	3139	3600	3139
2022-07-12T09:34:56	1018.6	29.7	28.8	13.8	1019.2	26.7	8.8	3175	3600	3175
2022-07-12T10:34:59	1018.5	32.2	27.3	13.7	1019.3	27.8	9.0	3220	3600	3220
2022-07-12T11:35:02	1018.4	34.6	25.9	13.7	1019.2	28.2	9.1	3172	3600	3172
2022-07-12T12:35:04	1018.3	35.9	25.1	13.7	1019.0	28.4	9.2	3099	3600	3099
2022-07-12T13:35:10	1018.0	37.9	24.2	13.6	1018.8	30.9	9.3	3226	3600	3226
2022-07-12T14:35:17	1017.9	39.0	23.5	13.6	1018.6	29.8	9.3	3210	3600	3210
2022-07-12T15:35:20	1017.6	39.1	23.6	13.6	1018.4	30.4	9.0	3332	3600	3332
2022-07-12T16:35:26	1017.2	39.6	23.5	13.7	1018.0	30.1	9.2	3415	3600	3415
2022-07-12T17:35:32	1016.9	39.5	23.6	13.7	1017.6	29.0	9.2	3285	3600	3285
2022-07-12T18:35:33	1016.7	39.2	23.7	13.6	1017.5	27.0	9.3	3324	3600	3324
2022-07-12T19:35:34	1016.5	37.7	24.3	13.2	1017.4	23.4	9.5	3442	3600	3442
2022-07-12T20:35:36	1016.6	36.0	25.3	13.0	1017.5	20.3	9.2	3524	3600	3524
2022-07-12T21:35:42	1016.7	34.5	26.0	13.0	1017.8	18.1	9.2	3356	3600	3356
2022-07-12T22:35:44	1016.8	33.2	26.6	12.9	1017.9	17.1	8.9	3332	3600	3332
2022-07-12T23:35:48	1017.0	32.1	26.9	12.9	1018.0	15.8	8.8	3227	3600	3227
2022-07-13T00:35:49	1016.7	30.9	27.4	12.9	1017.7	15.2	9.0	3229	3600	3229
2022-07-13T01:35:51	1016.4	30.0	27.9	12.8	1017.3	15.3	9.5	3204	3600	3204
2022-07-13T02:35:54	1016.1	29.4	28.2	12.8	1017.0	16.1	9.8	3224	3600	3224
2022-07-13T03:35:59	1015.6	28.9	28.4	12.7	1016.5	16.1	9.9	3152	3600	3152
2022-07-13T04:36:06	1015.5	28.4	28.7	12.7	1016.4	16.1	10.1	3126	3600	3126
2022-07-13T05:36:08	1015.3	28.1	28.9	12.8	1016.2	16.8	10.4	3120	3600	3120
2022-07-13T06:36:09	1015.1	28.1	29.1	13.0	1016.0	18.2	10.8	3243	3600	3243
2022-07-13T07:36:18	1015.1	28.8	29.0	13.4	1015.8	20.3	11.5	3209	3600	3209
2022-07-13T08:36:24	1014.6	30.1	28.3	14.2	1015.2	22.4	11.7	3105	3600	3105
2022-07-13T09:36:30	1014.1	31.8	27.8	14.3	1014.7	26.0	11.5	3233	3600	3233
2022-07-13T10:36:31	1013.7	33.9	27.1	13.9	1014.3	28.6	10.9	3299	3600	3299
2022-07-13T11:36:36	1013.4	35.8	26.4	13.7	1014.1	29.7	11.2	3368	3600	3368
2022-07-13T12:36:39	1013.1	36.7	25.8	13.7	1013.8	29.7	10.6	3183	3600	3183
2022-07-13T13:36:44	1012.5	37.5	24.9	13.7	1013.2	29.6	9.5	3282	3600	3282
2022-07-13T14:36:50	1011.8	38.0	24.1	13.7	1012.5	30.7	9.1	3306	3600	3306
2022-07-13T15:36:51	1011.1	39.1	23.0	13.7	1011.9	31.2	8.7	3436	3600	3436
2022-07-13T16:36:52	1010.5	40.1	21.7	13.6	1011.4	32.7	9.3	3622	3600	3622
2022-07-13T17:36:58	1010.1	40.4	21.2	13.7	1011.0	30.4	9.8	3511	3600	3511
2022-07-13T18:37:00	1009.8	40.2	21.7	13.6	1010.7	29.4	10.5	3481	3600	3481
2022-07-13T19:37:03	1010.0	39.5	22.5	13.2	1011.0	27.1	10.8	3605	3600	3605
2022-07-13T20:37:05	1010.7	38.3	23.6	13.0	1011.7	24.9	11.1	3510	3600	3510
2022-07-13T21:37:11	1011.4	37.2	24.4	12.9	1012.4	22.4	10.5	3505	3600	3505
2022-07-13T22:37:16	1011.9	36.3	24.7	12.9	1012.9	21.1	10.3	3506	3600	3506
2022-07-13T23:37:17	1012.3	35.4	25.1	12.9	1013.3	19.8	10.3	3425	3600	3425
2022-07-14T00:37:20	1012.4	33.9	25.9	12.8	1013.4	17.8	10.4	3506	3600	3506
2022-07-14T01:37:21	1012.6	32.6	26.8	12.8	1013.6	16.8	10.6	3480	3600	3480
2022-07-14T02:37:22	1012.9	31.6	27.4	12.8	1013.9	16.6	10.8	3356	3600	3356
2022-07-14T03:37:25	1013.1	30.7	27.9	12.7	1014.1	15.5	10.5	3339	3600	3339
2022-07-14T04:37:30	1013.6	29.6	28.3	12.7	1014.5	13.9	9.9	3309	3600	3309
2022-07-14T05:37:32	1014.0	28.7	28.6	12.8	1014.9	12.9	9.6	3182	3600	3182
2022-07-14T06:37:34	1014.0	28.0	28.8	13.1	1014.9	14.0	10.1	3144	3600	3144
2022-07-14T07:37:40	1014.3	28.9	28.6	14.2	1015.0	19.6	10.1	3266	3600	3266
2022-07-14T08:37:41	1014.1	30.6	27.7	14.2	1014.7	22.7	9.2	3339	3600	3339
2022-07-14T09:37:43	1013.6	32.0	26.8	13.8	1014.3	24.2	8.7	3339	3600	3339
2022-07-14T10:37:47	1013.2	33.6	25.7	13.6	1013.9	25.2	8.5	3321	3600	3321
2022-07-14T11:37:55	1012.7	35.1	24.5	13.5	1013.5	25.8	7.4	3411	3600	3411
2022-07-14T12:37:59	1012.4	36.7	23.1	13.5	1013.1	26.2	7.4	3526	3600	3526
2022-07-14T13:38:01	1011.7	37.9	22.0	13.5	1012.4	27.3	6.9	3467	3600	3467
2022-07-14T14:38:11	1011.2	39.1	20.8	13.5	1012.1	27.8	7.1	3581	3600	3581
2022-07-14T15:38:18	1010.9	39.6	20.2	13.6	1011.7	28.1	7.1	3511	3600	3511
2022-07-14T16:38:25	1010.5	39.2	20.6	13.7	1011.4	25.9	7.2	3534	3600	3534
2022-07-14T17:38:26	1010.3	37.8	21.4	13.8	1011.2	24.2	7.5	3533	3600	3533
2022-07-14T18:38:32	1010.4	37.8	21.0	13.6	1011.4	23.2	7.4	3678	3600	3678
2022-07-14T19:38:37	1010.6	36.3	20.9	13.2	1011.7	20.1	7.4	3600	3600	3600
2022-07-14T20:38:40	1011.1	34.3	21.6	13.1	1012.4	18.1	7.3	3530	3600	3530
2022-07-14T21:38:47	1011.7	32.9	22.5	12.9	1012.9	17.3	7.5	3540	3600	3540
2022-07-14T22:38:52	1012.2	31.6	23.2	12.9	1013.5	15.3	7.6	3314	3600	3314
2022-07-14T23:38:58	1012.6	30.2	23.9	12.9	1013.8	13.3	7.7	3318	3600	3318
2022-07-15T00:39:01	1012.8	28.9	24.7	12.8	1013.9	12.6	8.2	3337	3600	3337
2022-07-15T01:39:14	1012.9	27.8	25.5	12.8	1013.9	11.8	8.2	3202	3600	3202
2022-07-15T02:39:18	1013.1	26.7	26.2	12.8	1014.0	11.5	8.4	3389	3600	3389
2022-07-15T03:39:30	1013.1	25.7	26.8	12.7	1014.0	10.7	8.4	3347	3600	3347
2022-07-15T04:39:32	1013.3	24.9	27.8	12.7	1014.2	11.1	8.7	3339	3600	3339
2022-07-15T05:39:40	1013.7	24.2	28.9	12.7	1014.6	11.8	9.0	3158	3600	3158
2022-07-15T06:39:42	1014.0	24.4	30.3	13.4	1015.0	14.4	9.3	3323	3600	3323
2022-07-15T07:39:44	1014.4	25.1	30.8	14.5	1015.4	16.4	9.2	3282	3600	3282
2022-07-15T08:39:50	1014.7	26.3	30.5	14.5	1015.6	17.4	9.1	3341	3600	3341
2022-07-15T09:39:52	1014.8	27.5	29.6	14.3	1015.7	17.9	8.4	3388	3600	3388
2022-07-15T10:39:54	1014.9	27.9	28.7	14.0	1015.9	18.6	8.1	3341	3600	3341
2022-07-15T11:39:59	1015.0	28.7	27.7	13.9	1016.0	19.9	8.0	3310	3600	3310
2022-07-15T12:40:03	1015.0	29.8	26.5	13.9	1015.9	21.2	7.7	3452	3600	3452
2022-07-15T13:40:13	1015.0	30.9	25.2	13.9	1015.9	21.4	7.6	3358	3600	3358
2022-07-15T14:40:16	1015.0	31.1	24.6	13.8	1015.9	21.9	7.6	3367	3600	3367
2022-07-15T15:40:24	1014.9	31.9	24.0	13.8	1015.8	22.4	7.5	3414	3600	3414
2022-07-15T16:40:31	1014.8	31.6	23.7	13.8	1015.8	22.2	7.6	3350	3600	3350
2022-07-15T17:40:34	1014.5	32.0	23.5	13.9	1015.5	22.0	7.4	3427	3600	3427
2022-07-15T18:40:38	1014.3	31.8	23.6	13.8	1015.4	20.4	7.5	3388	3600	3388
2022-07-15T19:40:39	1014.2	30.9	24.2	13.3	1015.4	19.1	7.7	3364	3600	3364
2022-07-15T20:40:49	1014.2	29.8	24.8	13.1	1015.4	16.7	7.8	3411	3600	3411
2022-07-15T21:40:51	1014.4	28.8	25.3	13.0	1015.5	15.0	7.9	3369	3600	3369
2022-07-15T22:40:59	1014.3	28.0	25.7	12.9	1015.4	14.9	8.5	3384	3600	3384
2022-07-15T23:41:01	1014.2	27.5	26.2	12.9	1015.3	15.2	8.6	3186	3600	3186
2022-07-16T00:41:03	1014.1	26.9	26.8	12.9	1015.1	14.9	8.9	3325	3600	3325
2022-07-16T01:41:04	1013.9	26.2	27.3	12.8	1014.9	14.6	9.0	3448	3600	3448
2022-07-16T02:41:07	1013.4	25.9	27.7	12.8	1014.3	14.5	9.1	3455	3600	3455
2022-07-16T03:41:13	1012.6	25.5	28.0	12.7	1013.6	14.2	8.8	3307	3600	3307
2022-07-16T04:41:14	1012.1	25.1	28.3	12.7	1013.1	14.3	8.8	3303	3600	3303
2022-07-16T05:41:19	1011.7	24.6	28.6	12.7	1012.5	14.5	8.9	3240	3600	3240
2022-07-16T06:41:26	1011.3	24.7	29.6	12.8	1012.2	16.1	8.7	3383	3600	3383
2022-07-16T07:41:34	1011.5	25.0	31.2	12.9	1012.6	15.3	10.2	3526	3600	3526
2022-07-16T08:41:36	1012.0	24.7	33.9	14.1	1012.9	15.6	12.1	3366	3600	3366
2022-07-16T09:41:41	1012.3	26.5	35.6	14.5	1013.1	19.1	12.0	3268	3600	3268
2022-07-16T10:41:45	1012.8	28.4	34.0	14.1	1013.5	21.3	10.9	3447	3600	3447
2022-07-16T11:41:52	1013.2	30.8	31.2	13.8	1014.0	23.4	9.1	3451	3600	3451
2022-07-16T12:41:56	1013.7	32.0	28.5	13.8	1014.5	24.1	8.5	3466	3600	3466
2022-07-16T13:42:02	1014.2	34.1	25.7	13.7	1015.0	25.7	6.9	3392	3600	3392
2022-07-16T14:42:06	1014.7	35.2	23.4	13.8	1015.6	26.3	6.6	3457	3600	3457
2022-07-16T15:42:13	1015.1	36.1	21.7	13.8	1016.1	25.3	6.5	3458	3600	3458
2022-07-16T16:42:14	1015.5	35.6	20.6	13.7	1016.4	24.4	6.6	3409	3600	3409
2022-07-16T17:42:16	1015.9	35.3	20.5	13.8	1016.9	24.1	6.9	3465	3600	3465
2022-07-16T18:42:17	1016.4	34.8	20.7	13.6	1017.5	21.9	6.8	3357	3600	3357
2022-07-16T19:42:18	1017.0	33.3	21.1	13.3	1018.2	19.1	6.8	3432	3600	3432
2022-07-16T20:42:19	1017.8	31.8	22.1	13.1	1019.1	16.7	6.9	3279	3600	3279
2022-07-16T21:42:20	1018.6	30.4	22.9	13.0	1019.9	14.7	7.0	3200	3600	3200
2022-07-16T22:42:21	1019.3	29.1	23.7	12.9	1020.5	13.2	7.2	3235	3600	3235
2022-07-16T23:42:26	1019.8	28.0	24.3	12.9	1020.9	11.7	7.2	3327	3600	3327
2022-07-17T00:42:32	1020.2	26.7	24.9	12.8	1021.2	10.7	7.2	3257	3600	3257
2022-07-17T01:42:33	1020.5	25.6	25.4	12.8	1021.4	9.5	7.2	3095	3600	3095
2022-07-17T02:42:34	1020.5	24.7	25.8	12.8	1021.3	9.0	7.3	3266	3600	3266
2022-07-17T03:42:39	1020.5	23.8	26.1	12.8	1021.3	8.4	7.3	3213	3600	3213
2022-07-17T04:42:41	1020.6	22.9	26.5	12.7	1021.4	8.1	7.5	3229	3600	3229
2022-07-17T05:42:53	1021.2	22.3	26.8	12.8	1022.0	8.8	8.0	3168	3600	3168
2022-07-17T06:42:56	1021.6	22.2	27.1	13.1	1022.3	11.3	8.8	3246	3600	3246
2022-07-17T07:43:01	1021.8	23.1	27.6	14.2	1022.8	15.6	9.2	3224	3600	3224
2022-07-17T08:43:08	1022.0	24.7	27.7	14.5	1023.0	17.7	8.7	3121	3600	3121
2022-07-17T09:43:14	1022.2	26.5	27.4	14.4	1023.1	19.5	8.5	3238	3600	3238
2022-07-17T10:43:16	1022.4	27.5	27.1	14.0	1023.4	19.6	8.4	3213	3600	3213
2022-07-17T11:43:18	1022.3	28.6	26.7	13.8	1023.2	20.4	8.3	3253	3600	3253
2022-07-17T12:43:21	1022.1	30.6	25.9	13.7	1022.8	24.4	8.3	3268	3600	3268
2022-07-17T13:43:28	1021.9	33.7	24.0	13.6	1022.6	25.7	7.8	3277	3600	3277
2022-07-17T14:43:29	1021.4	35.5	22.8	13.7	1022.2	26.8	7.9	3214	3600	3214
2022-07-17T15:43:36	1021.0	36.6	22.0	13.7	1021.9	27.4	7.6	3330	3600	3330
2022-07-17T16:43:40	1020.7	37.1	21.9	13.7	1021.5	27.7	7.2	3327	3600	3327
2022-07-17T17:43:42	1020.4	36.9	22.4	13.8	1021.2	26.8	7.0	3443	3600	3443
2022-07-17T18:43:44	1020.1	36.6	22.7	13.6	1021.0	24.8	7.3	3353	3600	3353
2022-07-17T19:43:50	1020.1	35.4	23.2	13.3	1021.1	21.4	7.5	3319	3600	3319
2022-07-17T20:43:51	1020.2	33.7	24.0	13.1	1021.4	18.5	7.5	3371	3600	3371
2022-07-17T21:43:52	1020.5	32.2	24.5	13.0	1021.6	17.0	7.5	3284	3600	3284
2022-07-17T22:44:01	1020.4	31.0	25.0	12.9	1021.6	15.9	8.5	3177	3600	3177
2022-07-17T23:44:03	1020.4	29.9	25.6	12.9	1021.5	15.2	9.6	3326	3600	3326
2022-07-18T00:44:06	1020.3	29.1	26.1	12.9	1021.4	14.7	9.9	3340	3600	3340
2022-07-18T01:44:11	1020.6	28.3	26.6	12.8	1021.6	14.2	9.4	3265	3600	3265
2022-07-18T02:44:14	1020.6	27.6	26.9	12.8	1021.6	13.3	9.4	3253	3600	3253
2022-07-18T03:44:25	1020.5	26.7	27.3	12.7	1021.4	12.6	9.5	3293	3600	3293
2022-07-18T04:44:31	1020.4	25.8	27.7	12.7	1021.2	11.9	9.3	3362	3600	3362
2022-07-18T05:44:33	1020.4	25.2	28.0	12.8	1021.2	12.1	9.5	3335	3600	3335
2022-07-18T06:44:38	1020.2	25.1	28.1	13.1	1021.0	14.5	10.4	3281	3600	3281
2022-07-18T07:44:40	1020.2	26.2	27.9	14.4	1021.0	21.9	10.8	3173	3600	3173
2022-07-18T08:44:43	1020.0	28.7	27.2	14.4	1020.7	24.8	9.7	3234	3600	3234
2022-07-18T09:44:52	1020.0	31.1	26.2	13.9	1020.7	26.8	9.0	3328	3600	3328
2022-07-18T10:44:55	1019.9	33.0	25.2	13.7	1020.6	27.3	8.6	3227	3600	3227
2022-07-18T11:45:01	1019.6	35.2	24.0	13.6	1020.5	28.3	8.0	3387	3600	3387
2022-07-18T12:45:04	1019.3	36.9	23.1	13.6	1020.1	29.1	8.1	3363	3600	3363
2022-07-18T13:45:05	1018.8	38.1	22.6	13.6	1019.6	30.4	8.1	3373	3600	3373
2022-07-18T14:45:08	1018.3	39.1	22.2	13.5	1019.1	30.2	8.2	3482	3600	3482
2022-07-18T15:45:10	1017.9	40.1	21.8	13.7	1018.7	30.3	8.1	3319	3600	3319
2022-07-18T16:45:13	1017.4	39.6	22.2	13.7	1018.3	29.0	8.5	3403	3600	3403
2022-07-18T17:45:19	1016.8	39.2	22.8	13.8	1017.7	28.2	8.4	3473	3600	3473
2022-07-18T18:45:28	1016.4	38.9	22.8	13.6	1017.3	27.5	8.4	3587	3600	3587
2022-07-18T19:45:31	1016.2	37.8	23.2	13.2	1017.0	25.8	8.8	3522	3600	3522
2022-07-18T20:45:37	1015.9	36.7	23.9	12.9	1016.9	23.6	8.6	3530	3600	3530
2022-07-18T21:45:44	1015.9	35.7	24.4	12.9	1016.9	22.1	9.1	3542	3600	3542
2022-07-18T22:45:49	1015.6	34.8	24.8	12.9	1016.6	21.9	9.1	3463	3600	3463
2022-07-18T23:45:55	1015.6	34.0	25.1	12.9	1016.5	21.0	8.7	3509	3600	3509
2022-07-19T00:45:56	1015.4	33.1	25.4	12.8	1016.4	19.1	8.6	3463	3600	3463
2022-07-19T01:46:00	1015.2	32.2	25.8	12.8	1016.3	19.0	8.8	3468	3600	3468
2022-07-19T02:46:02	1015.3	31.2	26.2	12.8	1016.4	16.9	8.8	3435	3600	3435
2022-07-19T03:46:06	1015.1	30.4	26.5	12.7	1016.1	15.6	9.0	3460	3600	3460
2022-07-19T04:46:12	1015.0	29.5	26.8	12.7	1016.1	16.8	9.3	3463	3600	3463
2022-07-19T05:46:18	1015.2	29.0	27.1	12.8	1016.3	16.0	9.6	3429	3600	3429
2022-07-19T06:46:19	1015.4	29.1	27.2	13.3	1016.3	20.4	10.3	3382	3600	3382
2022-07-19T07:46:25	1015.5	30.8	26.4	14.3	1016.2	26.8	9.9	3405	3600	3405
2022-07-19T08:46:29	1015.5	33.1	25.5	14.2	1016.2	30.1	9.9	3257	3600	3257
2022-07-19T09:46:36	1015.5	35.8	24.4	13.7	1016.2	32.0	9.1	3378	3600	3378
2022-07-19T10:46:41	1015.4	38.7	23.0	13.5	1016.2	33.8	8.5	3248	3600	3248
2022-07-19T11:46:45	1015.0	41.3	21.7	13.4	1015.9	35.2	8.1	3436	3600	3436
2022-07-19T12:46:46	1014.6	43.3	20.7	13.4	1015.4	35.5	7.6	3455	3600	3455
2022-07-19T13:46:50	1014.3	44.9	19.8	13.4	1015.2	37.0	7.3	3660	3600	3660
2022-07-19T14:46:53	1014.1	46.6	19.1	13.4	1015.0	39.2	6.9	3596	3600	3596
2022-07-19T15:46:58	1013.7	47.5	18.6	13.4	1014.6	38.9	6.6	3751	3600	3751
2022-07-19T16:47:06	1013.4	47.7	19.1	13.5	1014.4	37.5	6.3	3856	3600	3856
2022-07-19T17:47:10	1013.1	47.5	19.9	13.5	1014.0	35.9	6.7	3804	3600	3804
2022-07-19T18:47:15	1013.1	46.7	20.8	13.3	1014.0	33.0	7.9	3908	3600	3908
2022-07-19T19:47:19	1013.1	44.8	21.7	13.1	1014.1	28.4	8.0	3817	3600	3817
2022-07-19T20:47:25	1013.3	42.9	22.4	12.9	1014.3	25.9	7.8	3790	3600	3790
2022-07-19T21:47:26	1013.4	41.4	22.8	12.9	1014.4	24.7	8.3	3783	3600	3783
2022-07-19T22:47:31	1013.4	40.2	23.1	12.9	1014.4	25.4	8.5	3772	3600	3772
2022-07-19T23:47:32	1013.7	39.2	23.3	12.8	1014.7	24.2	8.8	3680	3600	3680
2022-07-20T00:47:35	1013.9	38.2	23.6	12.8	1014.8	24.2	9.1	3570	3600	3570
2022-07-20T01:47:38	1013.8	37.3	23.8	12.8	1014.7	23.6	9.4	3672	3600	3672
2022-07-20T02:47:45	1013.5	36.5	24.1	12.7	1014.4	23.2	9.5	3618	3600	3618
2022-07-20T03:47:47	1013.3	35.6	24.5	12.7	1014.3	21.6	9.7	3501	3600	3501
2022-07-20T04:47:50	1013.2	34.7	24.9	12.7	1014.2	21.2	9.5	3562	3600	3562
2022-07-20T05:47:54	1013.6	34.4	24.9	12.8	1014.5	21.4	9.6	3458	3600	3458
2022-07-20T06:47:58	1013.6	34.4	24.6	13.2	1014.5	23.4	9.9	3483	3600	3483
2022-07-20T07:48:01	1013.8	35.1	24.4	14.0	1014.5	26.4	10.3	3377	3600	3377
2022-07-20T08:48:02	1013.9	36.1	24.3	14.1	1014.7	29.1	10.8	3449	3600	3449
2022-07-20T09:48:07	1013.9	38.1	23.8	13.7	1014.7	31.9	10.5	3325	3600	3325
2022-07-20T10:48:14	1013.7	40.4	22.4	13.4	1014.5	34.2	10.0	3448	3600	3448
2022-07-20T11:48:21	1013.5	42.7	20.4	13.4	1014.3	36.1	8.8	3569	3600	3569
2022-07-20T12:48:25	1013.0	44.6	18.4	13.3	1013.9	37.2	8.3	3594	3600	3594
2022-07-20T13:48:27	1012.6	45.9	16.8	13.3	1013.5	38.0	7.8	3641	3600	3641
2022-07-20T14:48:30	1012.0	47.1	16.1	13.3	1012.8	38.1	7.7	3735	3600	3735
2022-07-20T15:48:34	1011.4	47.3	15.8	13.4	1012.4	37.9	7.8	3711	3600	3711
2022-07-20T16:48:37	1011.2	47.1	15.5	13.5	1012.1	37.0	8.0	3739	3600	3739
2022-07-20T17:48:42	1010.7	46.8	15.2	13.6	1011.6	36.5	7.9	3568	3600	3568
2022-07-20T18:48:46	1010.4	46.5	15.1	13.3	1011.3	35.5	8.2	3786	3600	3786
2022-07-20T19:48:49	1010.1	45.5	15.6	13.1	1011.0	34.0	8.0	3824	3600	3824
2022-07-20T20:48:51	1010.1	44.5	16.5	12.9	1011.1	31.6	8.1	3804	3600	3804
2022-07-20T21:48:56	1010.0	43.3	17.6	12.9	1010.9	29.3	8.4	3768	3600	3768
2022-07-20T22:48:58	1010.0	42.2	18.7	12.9	1010.9	27.3	9.0	3627	3600	3627
2022-07-20T23:48:59	1010.1	41.1	19.7	12.8	1011.0	26.4	9.8	3597	3600	3597
2022-07-21T00:49:00	1010.2	40.1	20.3	12.8	1011.0	26.2	9.2	3552	3600	3552
2022-07-21T01:49:06	1009.7	39.2	20.5	12.8	1010.5	26.1	9.5	3553	3600	3553
2022-07-21T02:49:07	1009.4	38.4	20.7	12.7	1010.2	25.3	9.5	3728	3600	3728
2022-07-21T03:49:14	1009.1	37.5	21.1	12.7	1010.1	24.1	9.8	3563	3600	3563
2022-07-21T04:49:16	1009.3	36.6	21.8	12.7	1010.2	23.5	9.6	3591	3600	3591
2022-07-21T05:49:20	1010.2	35.9	22.4	12.8	1011.2	22.6	10.7	3516	3600	3516
2022-07-21T06:49:21	1011.1	35.5	23.3	13.1	1012.1	22.7	11.3	3491	3600	3491
2022-07-21T07:49:24	1011.5	35.5	24.0	13.9	1012.3	25.9	11.4	3433	3600	3433
2022-07-21T08:49:31	1012.0	36.6	23.9	14.0	1012.8	28.4	11.7	3373	3600	3373
2022-07-21T09:49:33	1012.5	37.4	23.9	14.1	1013.2	28.4	11.8	3434	3600	3434
2022-07-21T10:49:44	1012.6	38.6	23.4	13.5	1013.4	30.6	11.2	3402	3600	3402
2022-07-21T11:49:48	1013.0	39.3	22.6	13.7	1013.9	28.1	11.3	3472	3600	3472
2022-07-21T12:49:51	1013.3	38.1	23.3	13.7	1014.0	25.9	12.3	3431	3600	3431
2022-07-21T13:49:55	1012.9	36.4	24.8	13.6	1013.6	24.5	15.0	3459	3600	3459
2022-07-21T14:49:59	1012.5	37.2	26.1	13.6	1013.1	26.0	13.6	3469	3600	3469
2022-07-21T15:50:01	1012.3	37.8	26.4	13.7	1013.1	26.7	13.6	3413	3600	3413
2022-07-21T16:50:06	1012.6	37.7	26.7	13.7	1013.1	27.3	14.8	3393	3600	3393
2022-07-21T17:50:09	1012.4	38.2	26.4	13.4	1013.1	25.8	14.8	3430	3600	3430
2022-07-21T18:50:10	1012.2	36.2	27.3	13.2	1012.9	21.0	16.3	3462	3600	3462
2022-07-21T19:50:22	1012.4	34.4	28.3	13.0	1013.1	20.0	16.4	3396	3600	3396
2022-07-21T20:50:26	1012.4	33.3	28.8	12.9	1013.1	19.8	16.5	3185	3600	3185
2022-07-21T21:50:35	1012.4	32.3	29.1	12.9	1013.0	19.3	16.2	3244	3600	3244
2022-07-21T22:50:45	1012.2	31.7	29.2	12.9	1012.9	19.2	16.2	3157	3600	3157
2022-07-21T23:50:46	1012.3	31.2	29.5	12.8	1013.0	19.2	16.3	3228	3600	3228
2022-07-22T00:50:49	1012.4	30.6	30.0	12.8	1013.0	18.7	15.8	3118	3600	3118
2022-07-22T01:50:54	1012.6	30.0	30.9	12.8	1013.2	18.0	15.0	3256	3600	3256
2022-07-22T02:50:59	1012.7	29.3	31.8	12.7	1013.3	17.8	14.9	3085	3600	3085
2022-07-22T03:51:00	1012.7	28.8	32.3	12.7	1013.3	17.4	14.5	3194	3600	3194
2022-07-22T04:51:01	1012.8	28.2	32.5	12.7	1013.5	17.0	14.3	3118	3600	3118
2022-07-22T05:51:09	1013.0	27.9	32.7	12.8	1013.6	17.4	14.7	3118	3600	3118
2022-07-22T06:51:22	1013.1	28.1	32.8	13.2	1013.7	18.6	15.4	3208	3600	3208
2022-07-22T07:51:25	1013.2	28.7	33.5	14.2	1013.7	20.8	16.3	3137	3600	3137
2022-07-22T08:51:30	1013.2	30.4	33.7	14.3	1013.7	23.0	15.9	3136	3600	3136
2022-07-22T09:51:31	1013.4	31.3	33.9	14.3	1014.0	22.3	15.5	3188	3600	3188
2022-07-22T10:51:35	1013.6	30.9	35.1	13.8	1014.1	22.6	15.8	3078	3600	3078
2022-07-22T11:51:42	1013.8	32.6	34.3	13.7	1014.4	25.1	15.6	3194	3600	3194
2022-07-22T12:51:44	1013.8	34.5	32.6	13.7	1014.4	25.8	14.7	3195	3600	3195
2022-07-22T13:51:53	1013.8	35.3	31.4	13.7	1014.4	25.4	13.9	3328	3600	3328
2022-07-22T14:52:00	1013.7	35.6	30.4	13.8	1014.3	26.0	13.7	3165	3600	3165
2022-07-22T15:52:02	1013.6	36.9	29.3	13.7	1014.2	28.0	13.1	3239	3600	3239
2022-07-22T16:52:03	1013.4	37.5	28.2	13.8	1013.9	26.8	12.6	3261	3600	3261
2022-07-22T17:52:10	1013.1	37.4	28.0	13.8	1013.8	25.4	12.4	3395	3600	3395
2022-07-22T18:52:13	1012.8	36.5	28.1	13.4	1013.6	22.6	12.4	3308	3600	3308
2022-07-22T19:52:18	1012.7	35.0	28.5	13.2	1013.6	19.9	12.2	3257	3600	3257
2022-07-22T20:52:22	1012.8	33.5	28.8	13.0	1013.7	17.6	11.9	3323	3600	3323
2022-07-22T21:52:24	1012.9	32.3	29.0	12.9	1013.8	16.5	11.7	3295	3600	3295
2022-07-22T22:52:25	1013.0	31.3	29.1	12.9	1013.9	15.9	11.9	3282	3600	3282
2022-07-22T23:52:27	1013.2	30.4	29.3	12.9	1014.0	15.7	12.2	3213	3600	3213
2022-07-23T00:52:36	1013.0	29.7	29.4	12.8	1013.6	15.3	11.9	3259	3600	3259
2022-07-23T01:52:38	1012.5	28.9	29.6	12.8	1013.2	14.6	11.5	3289	3600	3289
2022-07-23T02:52:49	1012.3	28.1	29.7	12.8	1013.0	13.8	11.2	3377	3600	3377
2022-07-23T03:52:50	1012.0	27.5	29.7	12.7	1012.7	14.0	11.2	3290	3600	3290
2022-07-23T04:52:57	1012.4	27.0	29.8	12.7	1013.1	14.3	11.4	3216	3600	3216
2022-07-23T05:53:04	1012.3	26.5	29.9	12.7	1013.0	14.4	11.8	3143	3600	3143
2022-07-23T06:53:08	1012.4	25.9	30.3	12.7	1013.1	14.4	12.0	3167	3600	3167
2022-07-23T07:53:13	1012.4	25.6	30.5	12.9	1013.0	15.0	12.5	3074	3600	3074
2022-07-23T08:53:19	1012.5	25.8	30.8	13.6	1013.1	16.1	13.3	2925	3600	2925
2022-07-23T09:53:25	1012.4	27.2	30.7	14.5	1013.0	19.2	14.8	3035	3600	3035
2022-07-23T10:53:34	1012.6	29.6	30.1	14.3	1013.2	21.8	14.1	3056	3600	3056
2022-07-23T11:53:36	1012.7	31.0	30.0	13.7	1013.3	23.4	13.5	3167	3600	3167
2022-07-23T12:53:48	1012.8	33.4	29.0	13.8	1013.3	24.3	12.2	3181	3600	3181
2022-07-23T13:53:52	1012.6	33.9	28.7	13.7	1013.2	26.1	11.8	3117	3600	3117
2022-07-23T14:53:57	1012.4	35.9	27.4	13.8	1013.1	27.4	11.3	3189	3600	3189
2022-07-23T15:54:01	1012.3	36.5	26.6	13.8	1013.0	27.5	10.8	3167	3600	3167
2022-07-23T16:54:07	1012.2	36.5	26.1	13.8	1013.0	26.5	10.0	3177	3600	3177
2022-07-23T17:54:08	1012.3	36.4	25.9	13.8	1013.1	25.4	10.0	3181	3600	3181
2022-07-23T18:54:13	1012.6	35.9	25.7	13.5	1013.5	23.2	9.4	3214	3600	3214
2022-07-23T19:54:17	1013.0	34.4	25.9	13.2	1014.1	19.7	9.4	3259	3600	3259
2022-07-23T20:54:19	1013.8	32.7	26.5	13.0	1015.0	16.8	8.9	3215	3600	3215
2022-07-23T21:54:22	1014.4	31.3	26.9	13.0	1015.5	14.9	8.5	3212	3600	3212
2022-07-23T22:54:35	1015.0	30.1	27.2	12.9	1016.1	14.0	8.6	3122	3600	3122
2022-07-23T23:54:41	1015.2	29.0	27.5	12.9	1016.2	13.2	8.7	3105	3600	3105
2022-07-24T00:54:44	1015.2	27.9	27.8	12.9	1016.1	12.4	8.9	3092	3600	3092
2022-07-24T01:54:48	1015.4	27.0	28.1	12.8	1016.3	11.8	8.9	3103	3600	3103
2022-07-24T02:54:56	1015.6	26.1	28.4	12.8	1016.4	11.3	9.1	3037	3600	3037
2022-07-24T03:54:57	1015.6	25.3	28.7	12.8	1016.4	11.2	9.5	3029	3600	3029
2022-07-24T04:55:07	1015.8	24.6	29.0	12.7	1016.7	10.9	9.5	3101	3600	3101
2022-07-24T05:55:08	1016.2	24.1	29.2	12.8	1017.0	11.2	9.7	3017	3600	3017
2022-07-24T06:55:10	1016.2	23.9	29.4	13.1	1016.9	13.9	10.8	2999	3600	2999
2022-07-24T07:55:19	1016.2	25.3	29.2	14.5	1016.9	21.6	11.1	3067	3600	3067
2022-07-24T08:55:25	1016.2	27.8	28.4	14.3	1016.9	23.7	10.4	3088	3600	3088
2022-07-24T09:55:29	1016.0	29.8	27.7	13.9	1016.8	24.4	10.1	3124	3600	3124
2022-07-24T10:55:38	1016.0	31.7	27.0	13.7	1016.7	25.3	9.8	3025	3600	3025
2022-07-24T11:55:39	1015.7	34.1	25.9	13.6	1016.5	28.1	10.0	3095	3600	3095
2022-07-24T12:55:44	1015.3	36.5	24.5	13.6	1016.1	28.4	9.7	3245	3600	3245
2022-07-24T13:55:46	1014.8	38.4	23.4	13.5	1015.6	29.7	9.5	3102	3600	3102
2022-07-24T14:55:56	1014.4	39.6	22.7	13.5	1015.1	30.5	9.4	3202	3600	3202
2022-07-24T15:56:02	1013.7	40.3	22.6	13.6	1014.5	29.5	9.2	3323	3600	3323
2022-07-24T16:56:06	1013.0	40.4	22.8	13.7	1013.8	29.2	9.1	3317	3600	3317
2022-07-24T17:56:08	1012.4	40.3	23.2	13.7	1013.3	29.1	9.0	3322	3600	3322
2022-07-24T18:56:14	1012.0	40.0	23.7	13.4	1013.0	27.6	9.1	3123	3600	3123
2022-07-24T19:56:15	1011.7	38.5	24.4	13.1	1012.7	24.8	8.9	3270	3600	3270
2022-07-24T20:56:19	1011.8	37.0	24.8	13.0	1012.9	22.2	9.0	3236	3600	3236
2022-07-24T21:56:22	1011.8	35.8	25.1	12.9	1012.9	21.2	9.3	3450	3600	3450
2022-07-24T22:56:25	1011.8	34.9	25.4	12.9	1012.9	21.4	10.0	3365	3600	3365
2022-07-24T23:56:30	1011.7	34.0	25.5	12.9	1012.7	21.1	9.2	3232	3600	3232
2022-07-25T00:56:32	1011.3	33.3	25.4	12.8	1012.3	20.3	9.1	3171	3600	3171
2022-07-25T01:56:36	1010.7	32.5	25.4	12.8	1011.7	19.8	9.1	3330	3600	3330
2022-07-25T02:56:39	1010.2	31.8	25.6	12.8	1011.2	19.4	8.9	3369	3600	3369
2022-07-25T03:56:50	1009.6	31.0	25.8	12.7	1010.7	18.7	8.6	3251	3600	3251
2022-07-25T04:56:52	1009.0	30.1	26.2	12.7	1010.1	18.1	8.7	3333	3600	3333
2022-07-25T05:56:56	1008.6	29.6	26.7	12.7	1009.7	18.1	8.9	3328	3600	3328
2022-07-25T06:56:57	1007.9	29.4	27.3	13.1	1008.9	20.0	9.3	3297	3600	3297
2022-07-25T07:57:06	1007.4	30.2	27.6	14.2	1008.2	23.8	9.8	3434	3600	3434
2022-07-25T08:57:12	1006.8	32.3	27.1	14.2	1007.5	26.9	10.6	3362	3600	3362
2022-07-25T09:57:14	1006.3	34.7	26.2	13.9	1007.1	29.2	11.2	3445	3600	3445
2022-07-25T10:57:15	1005.7	36.5	25.6	13.5	1006.5	31.9	11.9	3422	3600	3422
2022-07-25T11:57:21	1004.8	38.6	24.7	13.5	1005.6	33.9	11.6	3484	3600	3484
2022-07-25T12:57:30	1004.0	40.5	23.4	13.4	1004.9	34.7	11.0	3503	3600	3503
2022-07-25T13:57:37	1003.1	42.5	21.5	13.4	1004.0	35.3	10.6	3552	3600	3552
2022-07-25T14:57:38	1002.3	42.8	20.6	13.4	1003.3	34.9	10.5	3520	3600	3520
2022-07-25T15:57:41	1001.8	42.9	20.6	13.7	1002.8	33.8	10.3	3693	3600	3693
2022-07-25T16:57:42	1000.9	42.4	21.0	13.6	1001.8	34.4	10.5	3582	3600	3582
2022-07-25T17:57:46	1000.6	42.3	21.1	13.3	1001.7	28.7	14.4	3714	3600	3714
2022-07-25T18:57:51	1001.0	38.6	24.3	13.0	1002.0	24.4	13.2	3566	3600	3566
2022-07-25T19:57:52	1001.6	36.9	26.0	13.0	1002.6	25.2	12.7	3558	3600	3558
2022-07-25T20:57:53	1002.2	37.1	25.9	12.9	1003.4	24.2	13.1	3587	3600	3587
2022-07-25T21:58:03	1003.5	36.4	26.3	12.9	1004.6	22.2	14.4	3514	3600	3514
2022-07-25T22:58:13	1004.6	35.7	26.8	12.8	1005.7	21.5	14.9	3434	3600	3434
2022-07-25T23:58:15	1005.0	34.4	27.8	12.8	1005.9	20.4	14.6	3403	3600	3403
2022-07-26T00:58:18	1005.4	33.4	28.4	12.8	1006.4	19.6	15.0	3353	3600	3353
2022-07-26T01:58:20	1005.6	32.2	29.0	12.8	1006.5	18.6	14.9	3375	3600	3375
2022-07-26T02:58:27	1006.0	31.5	29.4	12.7	1006.9	18.5	14.9	3435	3600	3435
2022-07-26T03:58:28	1006.0	30.6	30.0	12.7	1006.9	17.9	14.4	3390	3600	3390
2022-07-26T04:58:30	1006.1	29.6	30.7	12.7	1007.0	16.9	13.6	3364	3600	3364
2022-07-26T05:58:36	1006.2	28.9	31.1	12.7	1007.0	16.7	13.5	3305	3600	3305
2022-07-26T06:58:38	1006.3	28.5	31.5	13.2	1007.1	18.4	13.8	3409	3600	3409
2022-07-26T07:58:39	1006.7	29.1	32.3	14.3	1007.4	22.2	13.3	3344	3600	3344
2022-07-26T08:58:44	1006.9	30.7	32.2	14.2	1007.6	25.3	13.0	3384	3600	3384
2022-07-26T09:58:46	1007.0	32.8	30.9	13.9	1007.7	26.9	12.4	3480	3600	3480
2022-07-26T10:58:54	1007.3	34.2	29.4	13.8	1008.1	26.0	12.0	3386	3600	3386
2022-07-26T11:58:56	1007.4	34.7	28.6	13.6	1008.2	25.7	12.0	3400	3600	3400
2022-07-26T12:58:58	1007.5	35.6	27.6	13.7	1008.5	25.6	11.9	3234	3600	3234
2022-07-26T13:59:07	1008.7	34.5	28.1	13.8	1009.8	21.7	13.0	3342	3600	3342
2022-07-26T14:59:10	1008.9	33.6	29.1	13.8	1009.9	21.2	13.4	3283	3600	3283
2022-07-26T15:59:15	1009.0	34.0	29.3	13.7	1009.9	23.6	12.9	3379	3600	3379
2022-07-26T16:59:18	1009.1	35.1	28.5	13.8	1010.0	23.9	12.0	3308	3600	3308
2022-07-26T17:59:28	1009.1	34.8	28.0	13.8	1010.0	23.2	11.0	3375	3600	3375
2022-07-26T18:59:30	1009.2	34.5	27.5	13.6	1010.2	22.2	10.1	3341	3600	3341
2022-07-26T19:59:36	1009.5	33.1	27.7	13.2	1010.6	19.2	9.8	3406	3600	3406
2022-07-26T20:59:41	1010.0	31.8	28.2	13.0	1011.1	16.9	9.4	3451	3600	3451
2022-07-26T21:59:43	1010.5	30.5	28.5	12.9	1011.7	15.4	9.2	3482	3600	3482
2022-07-26T22:59:56	1011.1	29.5	28.6	12.9	1012.3	14.9	8.8	3383	3600	3383
2022-07-26T23:59:58	1011.6	28.9	28.6	12.9	1012.7	15.6	8.4	3324	3600	3324
2022-07-27T01:00:06	1011.9	28.1	28.6	12.9	1013.0	14.4	8.3	3324	3600	3324
2022-07-27T02:00:10	1011.8	27.0	28.7	12.8	1012.8	11.9	8.0	3264	3600	3264
2022-07-27T03:00:17	1011.9	25.9	28.9	12.8	1012.9	10.6	8.0	3325	3600	3325
2022-07-27T04:00:22	1012.1	25.0	29.1	12.8	1013.0	10.4	8.2	3299	3600	3299
2022-07-27T05:00:27	1012.2	24.2	29.2	12.7	1013.1	10.5	8.4	3282	3600	3282
2022-07-27T06:00:31	1012.2	23.7	29.4	12.9	1013.1	11.1	8.8	3217	3600	3217
2022-07-27T07:00:35	1012.6	23.8	29.7	13.7	1013.5	16.3	9.7	3307	3600	3307
2022-07-27T08:00:47	1012.8	25.3	29.8	14.0	1013.7	18.9	9.0	3223	3600	3223
2022-07-27T09:00:56	1012.9	26.4	29.6	14.0	1014.0	19.4	8.9	3396	3600	3396
2022-07-27T10:01:01	1013.1	27.2	29.3	14.0	1014.1	20.0	8.7	3113	3600	3113
2022-07-27T11:02:13	1013.2	28.3	28.6	13.9	1014.2	19.8	8.3	3370	3600	3370
2022-07-27T12:02:16	1013.1	28.9	28.0	13.9	1014.1	21.1	8.3	3365	3600	3365
2022-07-27T13:02:17	1013.0	30.3	26.8	13.8	1014.0	22.2	8.2	3343	3600	3343
2022-07-27T14:02:21	1012.8	31.5	25.8	13.8	1013.7	23.8	7.7	3419	3600	3419
2022-07-27T15:02:27	1012.7	33.1	24.5	13.7	1013.6	25.9	7.7	3283	3600	3283
2022-07-27T16:02:31	1012.7	34.1	23.5	13.8	1013.8	23.6	7.5	3435	3600	3435
2022-07-27T17:02:32	1012.7	33.4	23.6	13.9	1013.7	22.6	7.5	3287	3600	3287
2022-07-27T18:02:37	1012.3	33.3	23.6	13.8	1013.3	23.0	7.2	3474	3600	3474
2022-07-27T19:02:46	1012.3	32.9	23.3	13.4	1013.5	20.2	7.4	3272	3600	3272
2022-07-27T20:02:51	1012.5	31.3	24.1	13.2	1013.9	17.1	7.3	3470	3600	3470
2022-07-27T21:02:55	1013.1	29.9	24.9	13.0	1014.5	14.5	7.5	3248	3600	3248
2022-07-27T22:02:56	1013.6	28.7	25.4	12.9	1015.0	13.1	7.4	3353	3600	3353
2022-07-27T23:03:01	1014.0	27.6	25.7	12.9	1015.3	12.2	7.4	3380	3600	3380
2022-07-28T00:03:06	1014.3	26.6	26.1	12.9	1015.5	11.6	7.5	3335	3600	3335
2022-07-28T01:03:11	1014.6	25.7	26.4	12.8	1015.6	10.8	7.7	3331	3600	3331
2022-07-28T02:03:14	1014.7	24.8	26.7	12.8	1015.7	10.1	7.7	3328	3600	3328
2022-07-28T03:03:22	1014.8	23.9	27.0	12.8	1015.7	9.3	7.6	3259	3600	3259
2022-07-28T04:03:23	1014.8	23.0	27.3	12.7	1015.7	8.5	7.5	3174	3600	3174
2022-07-28T05:03:29	1015.2	22.2	27.6	12.7	1016.0	8.4	7.6	3303	3600	3303
2022-07-28T06:03:32	1015.5	21.8	27.9	12.8	1016.3	9.1	8.1	3231	3600	3231
2022-07-28T07:03:43	1015.7	22.1	28.1	13.9	1016.6	14.3	9.3	3244	3600	3244
2022-07-28T08:03:51	1015.8	24.2	27.7	14.4	1016.7	20.4	8.9	3124	3600	3124
2022-07-28T09:04:03	1015.8	26.5	27.0	14.3	1016.7	21.2	8.4	3314	3600	3314
2022-07-28T10:04:06	1015.8	28.5	26.1	13.8	1016.8	21.7	7.9	3321	3600	3321
2022-07-28T11:04:13	1015.7	30.0	25.6	13.7	1016.7	22.5	8.0	3241	3600	3241
2022-07-28T12:04:15	1015.5	32.0	24.8	13.6	1016.4	23.1	8.1	3321	3600	3321
2022-07-28T13:04:24	1015.3	34.0	23.9	13.7	1016.2	25.5	7.9	3455	3600	3455
2022-07-28T14:04:29	1014.9	35.7	22.8	13.5	1015.8	26.0	7.7	3346	3600	3346
2022-07-28T15:04:34	1014.5	37.2	22.0	13.6	1015.5	27.4	7.2	3372	3600	3372
2022-07-28T16:04:38	1014.1	38.1	21.5	13.7	1015.1	26.6	7.3	3484	3600	3484
2022-07-28T17:04:46	1013.9	37.9	22.1	13.8	1014.9	25.9	7.3	3324	3600	3324
2022-07-28T18:04:51	1013.8	37.4	22.7	13.8	1014.8	24.4	7.1	3385	3600	3385
2022-07-28T19:04:59	1013.8	36.2	23.3	13.6	1015.0	22.3	7.5	3405	3600	3405
2022-07-28T20:05:04	1013.8	34.5	24.1	13.2	1015.0	19.1	7.6	3362	3600	3362
2022-07-28T21:05:12	1013.9	32.8	24.6	13.0	1015.2	16.1	7.6	3463	3600	3463
2022-07-28T22:05:15	1014.1	31.4	25.1	13.0	1015.5	14.8	7.5	3343	3600	3343
2022-07-28T23:05:26	1014.4	30.1	25.4	12.9	1015.6	13.9	7.5	3363	3600	3363
2022-07-29T00:05:35	1014.7	29.0	25.7	12.9	1016.0	13.1	7.7	3252	3600	3252
2022-07-29T01:05:36	1014.9	28.0	26.0	12.8	1016.0	12.3	7.9	3383	3600	3383
2022-07-29T02:05:41	1014.7	27.0	26.4	12.8	1015.8	12.0	8.4	3278	3600	3278
2022-07-29T03:05:47	1014.0	26.1	26.7	12.8	1015.0	11.7	8.7	3323	3600	3323
2022-07-29T04:05:51	1013.7	25.4	27.1	12.7	1014.6	11.7	8.9	3391	3600	3391
2022-07-29T05:06:00	1013.5	24.7	27.5	12.7	1014.5	11.6	9.0	3438	3600	3438
2022-07-29T06:06:09	1013.5	24.5	27.7	12.8	1014.5	13.2	9.8	3217	3600	3217
2022-07-29T07:06:12	1013.5	25.0	27.7	13.2	1014.5	15.9	10.0	3368	3600	3368
2022-07-29T08:06:17	1013.5	25.9	27.6	14.3	1014.5	18.9	9.9	3325	3600	3325
2022-07-29T09:06:20	1013.4	28.2	27.3	14.3	1014.2	23.0	9.1	3345	3600	3345
2022-07-29T10:06:25	1013.2	31.1	26.1	14.0	1014.0	24.8	8.5	3310	3600	3310
2022-07-29T11:06:31	1012.9	32.5	24.7	13.8	1013.8	25.1	7.9	3328	3600	3328
2022-07-29T12:06:32	1012.7	32.9	23.8	13.7	1013.6	26.8	7.6	3472	3600	3472
2022-07-29T13:06:36	1012.3	35.2	21.9	13.5	1013.3	28.2	7.7	3417	3600	3417
2022-07-29T14:06:39	1011.9	37.3	20.7	13.5	1012.9	29.3	8.4	3486	3600	3486
2022-07-29T15:06:47	1011.5	38.4	20.4	13.6	1012.5	29.0	8.5	3448	3600	3448
2022-07-29T16:06:51	1011.2	39.0	20.5	13.6	1012.1	29.4	8.6	3516	3600	3516
2022-07-29T17:06:56	1010.9	39.3	20.3	13.7	1011.9	28.9	8.4	3579	3600	3579
2022-07-29T18:07:02	1010.5	39.2	20.4	13.8	1011.5	28.1	8.4	3424	3600	3424
2022-07-29T19:07:06	1010.5	38.2	21.0	13.3	1011.5	26.2	8.6	3457	3600	3457
2022-07-29T20:07:08	1010.7	36.9	21.9	13.1	1011.8	23.9	8.5	3436	3600	3436
2022-07-29T21:07:09	1011.0	35.7	22.5	13.0	1012.2	21.4	8.5	3375	3600	3375
2022-07-29T22:07:16	1011.2	34.6	23.0	12.9	1012.5	19.9	8.6	3371	3600	3371
2022-07-29T23:07:23	1011.3	33.6	23.4	12.9	1012.5	20.3	8.4	3483	3600	3483
2022-07-30T00:07:26	1011.2	33.0	23.5	12.9	1012.3	21.4	8.1	3456	3600	3456
2022-07-30T01:07:33	1011.0	32.6	23.4	12.8	1012.1	21.1	8.1	3387	3600	3387
2022-07-30T02:07:35	1010.9	32.0	23.6	12.8	1012.1	19.8	8.2	3447	3600	3447
2022-07-30T03:07:40	1010.9	31.5	24.0	12.8	1012.0	19.7	8.4	3375	3600	3375
2022-07-30T04:08:17	1011.0	30.7	24.5	12.7	1012.3	18.7	8.8	3487	3600	3487
2022-07-30T05:08:23	1011.1	30.2	24.9	12.7	1012.3	18.2	9.0	3436	3600	3436
2022-07-30T06:08:24	1011.2	29.8	25.2	12.7	1012.5	17.8	9.3	3490	3600	3490
2022-07-30T07:08:27	1011.3	29.5	25.4	13.0	1012.5	18.4	9.6	3473	3600	3473
2022-07-30T08:08:30	1011.5	30.0	25.4	14.0	1012.6	21.7	9.7	3440	3600	3440
2022-07-30T09:08:35	1011.7	31.8	24.9	14.2	1012.6	25.1	9.6	3315	3600	3315
2022-07-30T10:08:39	1011.6	34.1	24.0	14.0	1012.5	27.1	9.6	3435	3600	3435
2022-07-30T11:08:46	1011.5	36.5	23.0	13.6	1012.5	28.1	9.8	3533	3600	3533
2022-07-30T12:09:00	1011.5	38.3	22.1	13.4	1012.4	27.9	9.5	3505	3600	3505
2022-07-30T13:09:05	1011.4	39.5	21.2	13.3	1012.4	27.1	8.9	3482	3600	3482
2022-07-30T14:09:10	1011.4	39.4	20.9	13.6	1012.4	28.4	8.9	3412	3600	3412
2022-07-30T15:09:11	1011.2	40.5	20.5	13.7	1012.1	28.9	8.4	3569	3600	3569
2022-07-30T16:09:12	1011.1	41.3	20.2	13.6	1012.0	29.2	8.3	3536	3600	3536
2022-07-30T17:09:14	1011.0	41.1	20.2	13.7	1012.0	28.1	8.1	3592	3600	3592
2022-07-30T18:09:17	1011.1	40.5	20.3	13.6	1012.2	26.4	8.3	3549	3600	3549
2022-07-30T19:09:25	1011.4	39.2	20.8	13.2	1012.5	24.9	8.3	3514	3600	3514
2022-07-30T20:09:26	1011.8	38.0	21.6	13.1	1012.9	23.4	9.8	3425	3600	3425
2022-07-30T21:09:29	1012.2	36.6	22.5	13.0	1013.4	20.2	9.9	3424	3600	3424
2022-07-30T22:09:38	1012.2	35.3	23.2	12.9	1013.4	18.8	10.4	3456	3600	3456
2022-07-30T23:09:44	1012.2	34.0	23.9	12.9	1013.4	17.6	10.6	3439	3600	3439
2022-07-31T00:09:48	1012.1	32.9	24.4	12.8	1013.2	16.5	11.0	3396	3600	3396
2022-07-31T01:09:50	1011.9	31.8	25.0	12.8	1013.0	15.8	10.9	3376	3600	3376
2022-07-31T02:09:51	1011.8	30.9	25.3	12.8	1012.9	14.9	10.9	3431	3600	3431
2022-07-31T03:09:59	1011.8	30.0	25.6	12.7	1012.9	14.3	10.9	3409	3600	3409
2022-07-31T04:10:05	1011.6	29.1	26.0	12.7	1012.5	13.8	11.1	3387	3600	3387
2022-07-31T05:10:08	1011.4	28.2	26.3	12.7	1012.4	13.7	11.1	3398	3600	3398
2022-07-31T06:10:11	1011.6	27.7	26.6	12.8	1012.5	14.2	11.4	3434	3600	3434
2022-07-31T07:10:15	1011.7	27.7	26.9	13.4	1012.6	18.0	12.7	3335	3600	3335
2022-07-31T08:10:22	1011.9	29.0	27.1	14.4	1012.5	25.2	12.6	3460	3600	3460
2022-07-31T09:10:34	1011.6	31.2	26.9	14.3	1012.2	27.6	12.4	3356	3600	3356
2022-07-31T10:10:43	1011.3	33.1	26.5	13.8	1012.1	27.7	11.9	3399	3600	3399
2022-07-31T11:10:46	1011.0	35.2	25.8	13.6	1011.8	30.4	11.7	3329	3600	3329
2022-07-31T12:10:49	1010.7	38.0	24.3	13.6	1011.5	31.1	11.2	3438	3600	3438
2022-07-31T13:10:50	1010.4	38.9	23.5	13.5	1011.2	30.9	10.9	3475	3600	3475
2022-07-31T14:11:01	1009.8	40.7	22.5	13.4	1010.7	33.3	10.1	3479	3600	3479
2022-07-31T15:11:04	1009.3	42.3	21.0	13.4	1010.2	33.2	9.7	3514	3600	3514
2022-07-31T16:11:10	1008.8	42.7	20.5	13.6	1009.7	32.6	9.4	3577	3600	3577
2022-07-31T17:11:16	1008.5	42.7	20.6	13.6	1009.5	31.5	8.5	3659	3600	3659
2022-07-31T18:11:21	1008.2	41.6	21.2	13.6	1009.2	28.6	8.8	3657	3600	3657
2022-07-31T19:11:24	1008.0	40.4	22.0	13.2	1009.0	26.9	9.0	3596	3600	3596
2022-07-31T20:11:28	1008.0	39.1	22.7	13.0	1009.1	24.4	8.8	3604	3600	3604
2022-07-31T21:11:31	1008.1	38.0	23.2	12.9	1009.2	23.4	9.3	3572	3600	3572
2022-07-31T22:11:33	1007.9	37.2	23.5	12.9	1008.9	22.8	10.2	3649	3600	3649
2022-07-31T23:11:34	1007.9	36.2	24.0	12.8	1009.0	22.1	11.1	3553	3600	3553
2022-08-01T00:11:43	1008.1	35.2	24.7	12.8	1009.2	21.4	12.0	3501	3600	3501
2022-08-01T01:11:50	1008.0	33.9	25.9	12.8	1009.0	19.8	13.0	3462	3600	3462
2022-08-01T02:11:55	1007.9	32.8	26.6	12.8	1009.0	19.0	13.2	3522	3600	3522
2022-08-01T03:12:00	1007.6	31.9	27.0	12.7	1008.7	18.1	12.9	3464	3600	3464
2022-08-01T04:12:08	1007.5	31.4	27.2	12.7	1008.5	18.2	13.7	3538	3600	3538
2022-08-01T05:12:09	1007.7	30.9	28.0	12.7	1008.7	18.5	14.2	3443	3600	3443
2022-08-01T06:12:14	1007.9	30.4	29.4	12.7	1008.8	19.2	14.7	3503	3600	3503
2022-08-01T07:12:19	1008.1	30.4	30.7	12.8	1009.0	19.9	15.1	3402	3600	3402
2022-08-01T08:12:22	1008.4	30.4	31.5	13.2	1009.1	20.8	15.2	3407	3600	3407
2022-08-01T09:12:23	1008.7	30.8	32.0	13.6	1009.4	22.1	14.6	3505	3600	3505
2022-08-01T10:12:24	1009.0	31.5	31.8	14.0	1009.8	22.9	14.1	3434	3600	3434
2022-08-01T11:12:25	1009.4	32.2	31.6	14.2	1010.3	23.4	13.5	3443	3600	3443
2022-08-01T12:12:31	1009.9	32.5	31.5	14.3	1010.7	23.2	13.3	3519	3600	3519
2022-08-01T13:12:36	1010.0	33.2	31.2	14.0	1010.8	26.5	13.3	3369	3600	3369
2022-08-01T14:12:39	1010.2	35.1	29.5	13.7	1011.0	27.0	12.7	3442	3600	3442
2022-08-01T15:12:46	1010.4	36.0	28.5	13.8	1011.2	27.7	12.6	3456	3600	3456
2022-08-01T16:12:53	1010.6	36.6	27.7	13.7	1011.4	27.9	12.3	3548	3600	3548
2022-08-01T17:12:54	1010.8	36.9	26.9	13.8	1011.6	27.1	11.8	3483	3600	3483
2022-08-01T18:13:00	1010.9	36.6	26.9	13.8	1011.8	25.9	12.0	3529	3600	3529
2022-08-01T19:13:03	1011.0	36.0	27.1	13.4	1012.0	24.1	11.7	3492	3600	3492
2022-08-01T20:13:07	1011.3	35.0	27.4	13.2	1012.3	22.3	11.2	3324	3600	3324
2022-08-01T21:13:11	1011.9	33.7	27.7	12.9	1013.1	19.3	10.7	3329	3600	3329
2022-08-01T22:13:14	1012.6	32.5	27.9	12.9	1013.8	17.6	10.3	3422	3600	3422
2022-08-01T23:13:18	1013.1	31.5	28.0	12.9	1014.3	16.7	10.1	3470	3600	3470
2022-08-02T00:13:19	1013.4	30.8	28.1	12.9	1014.5	16.8	10.1	3380	3600	3380
2022-08-02T01:13:21	1013.5	30.2	28.2	12.9	1014.5	17.3	9.8	3398	3600	3398
2022-08-02T02:13:32	1013.4	29.7	28.3	12.8	1014.5	17.0	9.7	3427	3600	3427
2022-08-02T03:13:33	1013.6	29.1	28.3	12.8	1014.7	16.4	9.6	3370	3600	3370
2022-08-02T04:13:40	1013.7	28.3	28.4	12.8	1014.7	14.3	9.3	3365	3600	3365
2022-08-02T05:13:46	1013.9	27.5	28.6	12.7	1015.0	13.9	9.4	3446	3600	3446
2022-08-02T06:13:48	1014.2	27.0	28.7	12.9	1015.2	14.0	9.7	3276	3600	3276
2022-08-02T07:13:54	1014.5	27.1	28.6	13.7	1015.5	19.1	10.7	3361	3600	3361
2022-08-02T08:14:00	1014.7	28.4	28.2	13.9	1015.4	24.2	10.5	3365	3600	3365
2022-08-02T09:14:09	1014.6	30.3	27.6	13.8	1015.3	26.3	9.8	3398	3600	3398
2022-08-02T10:14:15	1014.3	32.5	26.6	13.6	1015.1	27.0	9.8	3381	3600	3381
2022-08-02T11:14:24	1014.1	34.6	25.5	13.6	1015.0	27.4	9.7	3427	3600	3427
2022-08-02T12:14:31	1013.9	36.3	24.5	13.5	1014.7	28.4	9.8	3492	3600	3492
2022-08-02T13:14:37	1013.4	38.0	23.4	13.4	1014.3	27.7	9.4	3509	3600	3509
2022-08-02T14:14:39	1012.9	40.1	22.1	13.4	1013.8	30.9	9.3	3550	3600	3550
2022-08-02T15:14:44	1012.4	41.7	21.1	13.5	1013.3	30.8	9.3	3545	3600	3545
2022-08-02T16:14:47	1012.0	41.0	21.7	13.7	1012.9	29.9	9.2	3622	3600	3622
2022-08-02T17:14:49	1011.7	40.3	22.4	13.7	1012.6	29.4	9.2	3648	3600	3648
2022-08-02T18:14:54	1011.4	39.9	22.8	13.7	1012.4	28.2	9.0	3455	3600	3455
2022-08-02T19:14:57	1011.4	39.0	23.4	13.4	1012.4	26.0	9.3	3451	3600	3451
2022-08-02T20:14:58	1011.5	37.8	24.0	13.1	1012.6	23.3	10.2	3592	3600	3592
2022-08-02T21:15:01	1011.6	36.3	24.8	13.0	1012.7	22.0	10.2	3554	3600	3554
2022-08-02T22:15:03	1011.7	35.2	25.1	12.9	1012.8	21.1	9.8	3630	3600	3630
2022-08-02T23:15:05	1011.9	34.2	25.4	12.9	1013.1	19.1	10.0	3567	3600	3567
2022-08-03T00:15:08	1012.2	33.3	25.8	12.9	1013.4	18.1	10.2	3516	3600	3516
2022-08-03T01:15:12	1012.1	32.5	26.1	12.8	1013.1	19.2	10.0	3565	3600	3565
2022-08-03T02:15:19	1011.7	31.9	26.4	12.8	1012.7	19.6	10.7	3553	3600	3553
2022-08-03T03:15:25	1011.4	31.4	26.8	12.8	1012.5	19.4	9.9	3467	3600	3467
2022-08-03T04:15:33	1011.5	30.9	27.0	12.7	1012.5	19.5	9.5	3535	3600	3535
2022-08-03T05:15:36	1011.4	30.5	27.1	12.7	1012.5	19.5	9.3	3671	3600	3671
2022-08-03T06:15:37	1011.5	30.2	27.1	12.8	1012.6	20.0	9.6	3513	3600	3513
2022-08-03T07:15:44	1011.7	30.6	27.0	13.8	1012.6	24.6	9.9	3641	3600	3641
2022-08-03T08:15:50	1011.7	32.3	26.3	14.2	1012.6	27.8	10.0	3577	3600	3577
2022-08-03T09:15:53	1011.7	34.4	25.3	14.0	1012.7	30.2	9.6	3622	3600	3622
2022-08-03T10:15:58	1011.7	36.7	24.1	13.5	1012.6	31.1	8.9	3510	3600	3510
2022-08-03T11:16:01	1011.5	39.0	22.8	13.4	1012.4	32.2	9.4	3588	3600	3588
2022-08-03T13:38:48	1010.8	45.1	16.4	13.3	1011.7	34.8	10.0	3797	3600	3797
2022-08-03T14:38:50	1010.5	45.8	17.5	13.4	1011.5	35.4	10.0	3771	3600	3771
2022-08-03T15:38:54	1010.2	46.3	18.3	13.4	1011.1	35.4	10.0	3812	3600	3812
2022-08-03T16:38:58	1009.8	47.0	18.7	13.5	1010.8	35.8	10.0	3862	3600	3862
2022-08-03T17:39:04	1009.5	46.2	19.7	13.6	1010.5	34.9	9.9	3760	3600	3760
2022-08-03T18:39:08	1009.5	45.6	20.6	13.3	1010.5	33.5	9.9	3752	3600	3752
2022-08-03T19:39:13	1009.6	44.2	21.6	13.1	1010.6	29.6	10.2	3757	3600	3757
2022-08-03T20:39:19	1009.8	42.5	22.3	12.9	1010.8	26.8	10.1	3714	3600	3714
2022-08-03T21:39:21	1009.8	41.1	22.9	12.9	1010.8	26.5	10.5	3833	3600	3833
2022-08-03T22:39:25	1009.8	40.1	23.4	12.9	1010.8	24.1	10.6	3692	3600	3692
2022-08-03T23:39:30	1009.8	38.9	23.9	12.8	1010.8	22.8	11.4	3620	3600	3620
2022-08-04T00:39:36	1009.9	37.9	24.4	12.8	1010.9	22.3	12.0	3720	3600	3720
2022-08-04T01:39:42	1009.9	36.9	24.9	12.8	1010.9	21.3	12.6	3657	3600	3657
2022-08-04T02:39:47	1009.9	35.8	25.5	12.7	1010.9	20.2	12.1	3634	3600	3634
2022-08-04T03:39:51	1009.7	34.9	25.8	12.7	1010.7	19.8	11.7	3696	3600	3696
2022-08-04T04:39:56	1009.5	34.0	26.2	12.7	1010.5	18.8	12.5	3675	3600	3675
2022-08-04T05:40:01	1009.4	33.1	26.6	12.7	1010.4	18.9	13.0	3736	3600	3736
2022-08-04T06:40:04	1009.5	32.7	27.3	12.9	1010.4	21.9	13.2	3744	3600	3744
2022-08-04T07:40:09	1009.5	33.7	27.3	13.9	1010.3	26.0	11.9	3736	3600	3736
2022-08-04T08:40:10	1009.6	35.2	26.4	14.2	1010.3	30.1	11.3	3651	3600	3651
2022-08-04T09:40:15	1009.4	37.4	25.3	13.9	1010.2	31.4	11.2	3653	3600	3653
2022-08-04T10:40:18	1009.1	40.0	23.5	13.4	1010.1	33.7	9.8	3702	3600	3702
2022-08-04T11:40:19	1008.9	42.3	21.5	13.4	1009.8	35.6	9.7	3850	3600	3850
2022-08-04T12:40:24	1008.5	44.5	20.1	13.3	1009.4	36.6	9.7	3827	3600	3827
2022-08-04T13:40:28	1008.3	45.8	19.3	13.3	1009.3	37.4	10.0	3946	3600	3946
2022-08-04T14:40:34	1007.9	46.6	18.5	13.3	1008.9	37.6	9.4	3860	3600	3860
2022-08-04T15:40:35	1007.4	47.1	18.0	13.4	1008.4	37.7	9.0	3929	3600	3929
2022-08-04T16:40:42	1006.9	47.3	17.7	13.5	1007.8	37.1	9.2	3865	3600	3865
2022-08-04T17:40:43	1006.5	46.8	18.0	13.5	1007.5	37.0	9.8	3799	3600	3799
2022-08-04T18:40:47	1006.3	46.6	18.5	13.3	1007.3	35.3	10.2	3953	3600	3953
2022-08-04T19:40:51	1006.1	45.5	19.4	13.1	1007.1	33.2	9.9	3908	3600	3908
2022-08-04T20:40:54	1006.2	44.4	20.1	12.9	1007.2	31.4	9.8	3995	3600	3995
2022-08-04T21:40:57	1006.5	43.0	20.8	12.8	1007.5	28.4	10.6	3811	3600	3811
2022-08-04T22:40:59	1006.7	41.5	21.6	12.8	1007.7	25.4	11.3	3794	3600	3794
2022-08-04T23:41:03	1006.7	40.5	22.2	12.8	1007.8	24.3	11.5	3787	3600	3787
2022-08-05T00:41:07	1006.7	39.5	22.8	12.8	1007.7	22.8	12.0	3719	3600	3719
2022-08-05T01:41:11	1006.6	38.3	23.5	12.8	1007.6	21.6	12.7	3854	3600	3854
2022-08-05T02:41:15	1006.8	37.1	24.1	12.7	1007.9	20.9	13.0	3823	3600	3823
2022-08-05T03:41:20	1006.7	36.1	24.7	12.7	1007.7	20.6	13.7	3799	3600	3799
2022-08-05T04:41:30	1006.4	35.2	25.2	12.7	1007.4	19.8	13.6	3693	3600	3693
2022-08-05T05:41:39	1006.6	34.4	25.7	12.8	1007.6	20.2	13.9	3733	3600	3733
2022-08-05T06:41:44	1007.3	34.4	25.9	12.9	1008.4	22.4	14.7	3682	3600	3682
2022-08-05T07:41:49	1008.5	34.6	27.0	13.2	1009.2	23.0	15.3	3511	3600	3511
2022-08-05T08:41:53	1008.7	34.6	28.1	13.3	1009.5	22.5	15.7	3655	3600	3655
2022-08-05T09:41:55	1008.4	33.4	28.9	13.4	1009.3	21.6	16.8	3737	3600	3737
2022-08-05T10:42:02	1009.1	33.2	29.2	13.4	1009.9	22.3	17.0	3658	3600	3658
2022-08-05T11:42:04	1008.9	32.9	29.4	13.9	1009.6	23.2	17.7	3605	3600	3605
2022-08-05T12:42:05	1009.0	35.3	28.9	14.1	1009.5	27.8	16.7	3675	3600	3675
2022-08-05T13:42:07	1009.1	38.4	27.2	13.8	1009.8	29.7	15.3	3636	3600	3636
2022-08-05T14:42:09	1009.3	39.5	26.5	13.6	1010.0	30.7	14.7	3575	3600	3575
2022-08-05T15:42:11	1009.4	39.5	26.4	13.6	1010.2	29.9	14.8	3593	3600	3593
2022-08-05T16:42:13	1009.8	38.3	27.1	13.3	1010.6	25.6	14.4	3695	3600	3695
2022-08-05T17:42:22	1010.6	37.0	28.0	13.8	1011.6	24.0	14.3	3663	3600	3663
2022-08-05T18:42:26	1012.0	36.0	28.2	13.2	1013.0	20.8	12.6	3514	3600	3514
2022-08-05T19:42:30	1012.7	34.4	28.2	13.0	1013.8	19.1	12.1	3517	3600	3517
2022-08-05T20:42:34	1013.6	33.0	28.3	12.9	1014.6	17.9	11.1	3516	3600	3516
2022-08-05T21:42:35	1014.2	32.2	28.2	12.9	1015.2	16.8	10.9	3600	3600	3600
2022-08-05T22:42:38	1015.1	31.3	28.2	12.9	1016.2	16.2	11.2	3511	3600	3511
2022-08-05T23:42:43	1015.7	30.5	28.4	12.8	1016.7	16.3	11.1	3571	3600	3571
2022-08-06T00:42:45	1016.2	29.6	28.8	12.8	1017.2	14.9	9.9	3621	3600	3621
2022-08-06T01:42:51	1016.7	28.5	28.9	12.7	1017.8	13.8	9.3	3531	3600	3531
2022-08-06T02:42:55	1017.3	27.5	29.0	12.7	1018.2	12.6	9.0	3628	3600	3628
2022-08-06T03:43:03	1017.5	26.5	29.0	12.7	1018.3	11.5	8.8	3499	3600	3499
2022-08-06T04:43:09	1018.0	25.6	29.1	12.6	1018.9	10.9	8.8	3574	3600	3574
2022-08-06T05:43:20	1018.6	24.8	29.1	12.6	1019.4	10.7	8.9	3654	3600	3654
2022-08-06T06:43:25	1019.4	24.3	29.3	12.8	1020.3	11.5	9.3	3579	3600	3579
2022-08-06T07:43:30	1020.1	24.7	29.7	14.2	1020.9	18.3	10.0	3553	3600	3553
2022-08-06T08:43:33	1020.6	26.5	29.5	14.4	1021.3	22.7	9.5	3426	3600	3426
2022-08-06T09:43:42	1021.0	28.6	28.7	14.1	1021.8	23.6	8.6	3521	3600	3521
2022-08-06T10:43:49	1021.2	30.9	27.0	13.6	1022.0	24.8	7.5	3485	3600	3485
2022-08-06T11:43:52	1021.3	33.0	25.0	13.6	1022.2	25.3	7.2	3489	3600	3489
2022-08-06T12:43:54	1021.3	34.8	23.2	13.7	1022.2	25.6	6.9	3560	3600	3560
2022-08-06T13:44:05	1021.1	35.2	22.4	13.6	1022.1	25.7	6.8	3595	3600	3595
2022-08-06T14:44:09	1021.0	36.4	21.3	13.8	1022.0	24.9	6.6	3494	3600	3494
2022-08-06T15:44:11	1020.8	35.5	21.6	13.8	1021.8	24.7	6.7	3602	3600	3602
2022-08-06T16:44:16	1020.5	36.0	21.5	13.7	1021.5	26.7	6.7	3491	3600	3491
2022-08-06T17:44:24	1020.4	36.2	21.2	13.8	1021.4	23.7	6.6	3573	3600	3573
2022-08-06T18:44:30	1020.3	35.4	21.6	13.4	1021.5	22.5	6.5	3611	3600	3611
2022-08-06T19:44:31	1020.6	33.9	22.2	13.2	1021.9	19.0	6.8	3492	3600	3492
2022-08-06T20:44:34	1021.0	32.2	22.9	13.0	1022.4	16.1	7.0	3780	3600	3780
2022-08-06T21:44:47	1021.4	30.6	23.5	13.0	1022.8	14.6	7.2	3526	3600	3526
2022-08-06T22:44:55	1021.6	29.4	23.9	12.9	1022.9	13.7	7.3	3547	3600	3547
2022-08-06T23:45:03	1021.7	28.2	24.4	12.9	1022.9	12.7	7.7	3510	3600	3510
2022-08-07T00:45:04	1021.5	27.1	24.9	12.8	1022.6	11.8	7.5	3518	3600	3518
2022-08-07T01:45:06	1021.5	26.1	25.3	12.8	1022.6	10.6	7.5	3562	3600	3562
2022-08-07T02:45:11	1021.4	25.0	25.6	12.8	1022.3	9.9	7.7	3396	3600	3396
2022-08-07T03:45:15	1021.3	24.1	26.0	12.7	1022.2	9.3	7.7	3492	3600	3492
2022-08-07T04:45:17	1021.3	23.2	26.4	12.7	1022.2	8.7	7.6	3538	3600	3538
2022-08-07T05:45:18	1021.4	22.5	26.8	12.7	1022.2	9.2	8.0	3406	3600	3406
2022-08-07T06:45:25	1021.6	22.4	27.2	13.4	1022.5	12.6	8.9	3495	3600	3495
2022-08-07T07:45:28	1021.7	23.9	27.3	14.5	1022.6	19.1	8.5	3427	3600	3427
2022-08-07T08:45:31	1021.8	26.1	27.2	14.4	1022.6	21.6	7.8	3469	3600	3469
2022-08-07T09:45:32	1021.4	28.3	26.3	13.8	1022.3	23.4	7.7	3579	3600	3579
2022-08-07T10:45:33	1021.2	30.9	24.9	13.6	1022.0	24.2	6.8	3483	3600	3483
2022-08-07T11:45:37	1020.6	33.3	23.1	13.6	1021.5	25.2	6.8	3471	3600	3471
2022-08-07T12:45:41	1019.9	35.0	21.9	13.5	1020.8	26.0	6.7	3616	3600	3616
2022-08-07T13:45:42	1019.5	36.8	20.8	13.6	1020.4	26.6	6.6	3605	3600	3605
2022-08-07T14:45:48	1018.8	38.3	20.0	13.4	1019.8	30.4	6.6	3506	3600	3506
2022-08-07T15:45:54	1018.4	39.8	19.1	13.6	1019.4	28.8	6.3	3549	3600	3549
2022-08-07T16:45:55	1018.1	39.5	19.6	13.7	1019.0	28.2	6.4	3551	3600	3551
2022-08-07T17:46:04	1017.9	39.1	19.9	13.7	1018.9	26.9	6.4	3550	3600	3550
2022-08-07T18:46:09	1017.9	37.9	20.4	13.3	1019.0	23.9	6.7	3592	3600	3592
2022-08-07T19:46:16	1017.9	35.8	21.4	13.1	1019.2	19.8	7.0	3580	3600	3580
2022-08-07T20:46:18	1018.2	34.1	22.1	13.0	1019.6	17.2	7.1	3632	3600	3632
2022-08-07T21:46:20	1018.4	32.6	22.6	12.9	1019.8	15.9	7.1	3548	3600	3548
2022-08-07T22:46:21	1018.5	31.3	22.9	12.9	1019.9	15.0	7.2	3477	3600	3477
2022-08-07T23:46:26	1018.6	30.2	23.4	12.9	1019.9	14.2	7.3	3511	3600	3511
2022-08-08T00:46:27	1018.6	29.1	23.7	12.8	1019.9	13.4	7.3	3551	3600	3551
2022-08-08T01:46:29	1018.6	28.1	24.1	12.8	1019.8	12.4	7.4	3541	3600	3541
2022-08-08T02:46:38	1018.6	27.1	24.5	12.8	1019.7	11.8	7.6	3504	3600	3504
2022-08-08T03:46:45	1018.4	26.1	24.9	12.7	1019.5	11.1	7.5	3517	3600	3517
2022-08-08T04:46:48	1018.6	25.2	25.2	12.7	1019.7	10.5	7.6	3544	3600	3544
2022-08-08T05:46:55	1019.0	24.5	25.4	12.7	1020.0	10.5	7.8	3559	3600	3559
2022-08-08T06:46:59	1019.2	24.2	25.6	13.1	1020.3	13.9	8.9	3545	3600	3545
2022-08-08T07:47:10	1019.4	25.5	25.6	14.5	1020.4	21.6	8.9	3486	3600	3486
2022-08-08T08:47:13	1019.7	28.3	24.8	14.3	1020.5	26.3	8.5	3473	3600	3473
2022-08-08T09:47:17	1019.9	31.1	23.8	13.8	1020.8	28.2	7.9	3575	3600	3575
2022-08-08T10:47:20	1019.8	33.7	22.6	13.7	1020.8	27.7	7.2	3496	3600	3496
2022-08-08T11:47:25	1019.6	34.6	21.9	13.8	1020.7	26.3	7.0	3588	3600	3588
2022-08-08T12:47:34	1019.4	36.4	20.9	13.6	1020.5	28.9	7.1	3480	3600	3480
2022-08-08T13:47:39	1019.3	37.5	20.2	13.6	1020.3	28.1	6.9	3562	3600	3562
2022-08-08T14:47:41	1019.0	38.5	19.9	13.6	1020.0	31.1	7.1	3484	3600	3484
2022-08-08T15:47:46	1019.0	40.4	19.0	13.6	1020.0	32.6	7.1	3504	3600	3504
2022-08-08T16:47:49	1018.9	40.8	18.8	13.6	1020.0	30.3	7.0	3573	3600	3573
2022-08-08T17:47:53	1018.9	39.9	19.6	13.7	1020.0	27.7	7.0	3442	3600	3442
2022-08-08T18:47:55	1019.0	39.0	20.2	13.3	1020.2	25.7	7.1	3575	3600	3575
2022-08-08T19:48:05	1019.5	37.3	20.9	13.1	1020.8	22.2	7.7	3578	3600	3578
2022-08-08T20:48:07	1020.1	35.6	21.7	13.0	1021.5	19.0	7.8	3517	3600	3517
2022-08-08T21:48:11	1020.6	34.1	22.2	12.9	1022.0	17.6	7.9	3554	3600	3554
2022-08-08T22:48:16	1020.8	32.9	22.7	12.9	1022.1	16.4	8.1	3480	3600	3480
2022-08-08T23:48:21	1021.0	31.7	23.1	12.9	1022.3	15.4	8.4	3488	3600	3488
2022-08-09T00:48:22	1021.1	30.6	23.6	12.8	1022.4	14.6	8.7	3456	3600	3456
2022-08-09T01:48:25	1021.1	29.6	24.0	12.8	1022.4	14.6	8.7	3419	3600	3419
2022-08-09T02:48:31	1021.1	28.9	24.3	12.8	1022.3	14.9	8.9	3422	3600	3422
2022-08-09T03:48:34	1021.1	28.2	24.6	12.7	1022.3	15.0	9.2	3455	3600	3455
2022-08-09T04:48:36	1021.2	27.7	24.8	12.7	1022.4	15.3	9.5	3511	3600	3511
2022-08-09T05:48:38	1021.5	27.3	25.1	12.7	1022.7	15.7	9.8	3352	3600	3352
2022-08-09T06:48:40	1021.9	27.2	25.3	12.8	1023.0	16.9	10.2	3373	3600	3373
2022-08-09T07:48:47	1022.2	27.7	25.5	13.7	1023.2	20.6	10.5	3364	3600	3364
2022-08-09T08:48:51	1022.6	29.5	25.5	14.3	1023.4	24.9	9.9	3396	3600	3396
2022-08-09T09:48:57	1022.6	32.4	24.5	14.1	1023.5	26.6	9.1	3401	3600	3401
2022-08-09T10:49:03	1022.7	34.9	23.1	13.6	1023.5	27.8	8.7	3413	3600	3413
2022-08-09T11:49:05	1022.5	37.2	21.8	13.5	1023.4	28.9	8.3	3332	3600	3332
2022-08-09T12:49:08	1022.3	39.1	20.4	13.6	1023.2	29.2	8.2	3441	3600	3441
2022-08-09T13:49:09	1022.2	39.0	20.2	13.6	1023.1	28.7	8.2	3489	3600	3489
2022-08-09T14:49:23	1021.8	40.5	19.8	13.5	1022.8	32.6	8.1	3431	3600	3431
2022-08-09T15:49:25	1021.7	42.2	18.8	13.5	1022.6	32.4	8.0	3483	3600	3483
2022-08-09T16:49:28	1021.6	42.4	18.9	13.7	1022.5	30.1	7.7	3464	3600	3464
2022-08-09T17:49:31	1021.3	41.1	19.6	13.6	1022.3	28.2	7.9	3378	3600	3378
2022-08-09T18:49:35	1021.4	39.8	20.1	13.5	1022.5	25.7	8.1	3303	3600	3303
2022-08-09T19:49:42	1021.8	38.3	20.7	13.1	1022.9	23.4	8.2	3418	3600	3418
2022-08-09T20:49:46	1022.2	36.9	21.2	13.0	1023.4	21.0	8.5	3389	3600	3389
2022-08-09T21:49:49	1022.5	35.4	21.9	12.9	1023.8	18.6	8.6	3353	3600	3353
2022-08-09T22:49:56	1022.7	34.1	22.4	12.9	1024.0	17.4	8.9	3306	3600	3306
2022-08-09T23:50:01	1022.9	32.9	22.9	12.9	1024.2	16.2	9.1	3401	3600	3401
2022-08-10T00:50:02	1023.1	31.7	23.5	12.8	1024.2	15.1	9.3	3259	3600	3259
2022-08-10T01:50:10	1023.0	30.5	24.0	12.8	1024.1	14.3	9.5	3359	3600	3359
2022-08-10T02:50:11	1022.7	29.3	24.5	12.8	1023.8	13.3	9.5	3337	3600	3337
2022-08-10T03:50:13	1022.6	28.2	24.9	12.7	1023.7	12.4	9.5	3495	3600	3495
2022-08-10T04:50:19	1022.7	27.3	25.3	12.7	1023.6	12.2	9.7	3325	3600	3325
2022-08-10T05:50:28	1022.9	26.5	25.6	12.7	1023.8	11.9	9.6	3315	3600	3315
2022-08-10T06:50:38	1023.1	26.2	26.1	13.3	1024.0	16.1	11.2	3323	3600	3323
2022-08-10T07:50:48	1023.3	27.7	26.4	14.4	1024.0	23.8	11.5	3332	3600	3332
2022-08-10T08:50:49	1023.1	30.0	25.9	14.3	1023.8	26.1	10.7	3371	3600	3371
2022-08-10T09:50:58	1023.1	32.3	25.2	13.8	1023.9	27.0	9.9	3422	3600	3422
2022-08-10T10:51:00	1022.9	35.0	23.6	13.6	1023.7	28.5	8.5	3458	3600	3458
2022-08-10T11:51:04	1022.5	37.6	21.7	13.5	1023.4	28.5	7.8	3460	3600	3460
2022-08-10T12:51:06	1022.1	39.5	20.1	13.4	1023.0	29.1	7.2	3369	3600	3369
2022-08-10T13:51:08	1021.7	41.3	19.1	13.4	1022.6	32.5	7.3	3404	3600	3404
2022-08-10T14:51:13	1021.1	42.5	18.4	13.5	1022.0	31.8	7.2	3535	3600	3535
2022-08-10T15:51:20	1020.6	42.6	18.5	13.5	1021.5	30.9	7.2	3489	3600	3489
2022-08-10T16:51:21	1020.2	42.2	18.8	13.6	1021.1	30.4	7.1	3444	3600	3444
2022-08-10T17:51:34	1019.9	41.8	19.3	13.5	1020.8	29.0	7.1	3418	3600	3418
2022-08-10T18:51:43	1019.6	40.8	19.9	13.2	1020.6	26.9	7.1	3534	3600	3534
2022-08-10T19:51:55	1019.6	39.0	20.5	13.0	1020.8	22.7	7.5	3485	3600	3485
2022-08-10T20:52:05	1019.9	37.3	21.1	12.9	1021.1	20.5	8.2	3386	3600	3386
2022-08-10T21:52:20	1020.1	35.9	21.6	12.9	1021.4	19.0	8.7	3467	3600	3467
2022-08-10T22:52:24	1020.1	34.7	22.1	12.9	1021.3	19.0	9.3	3431	3600	3431
2022-08-10T23:52:32	1020.1	33.6	22.6	12.8	1021.2	17.4	9.5	3429	3600	3429
2022-08-11T00:52:39	1019.8	32.5	23.2	12.8	1021.0	16.2	9.4	3401	3600	3401
2022-08-11T01:52:41	1019.7	31.4	23.6	12.8	1020.9	15.3	9.3	3417	3600	3417
2022-08-11T02:52:46	1019.7	30.4	24.1	12.7	1020.8	14.6	9.3	3316	3600	3316
2022-08-11T03:52:54	1019.7	29.3	24.5	12.7	1020.7	13.7	9.2	3443	3600	3443
2022-08-11T04:52:55	1019.5	28.3	24.9	12.7	1020.6	12.9	9.0	3470	3600	3470
2022-08-11T05:53:01	1019.5	27.3	25.2	12.6	1020.5	12.8	9.3	3416	3600	3416
2022-08-11T06:53:07	1019.7	27.0	25.6	13.2	1020.7	16.6	10.3	3520	3600	3520
2022-08-11T07:53:14	1019.9	28.2	25.5	14.4	1020.7	22.1	9.9	3470	3600	3470
2022-08-11T08:53:22	1019.8	30.5	25.2	14.3	1020.6	24.8	9.5	3413	3600	3413
2022-08-11T09:53:24	1019.7	32.9	24.4	13.8	1020.5	26.5	9.1	3620	3600	3620
2022-08-11T10:53:26	1019.5	35.5	23.0	13.5	1020.3	28.8	9.0	3453	3600	3453
2022-08-11T11:53:28	1019.0	37.7	21.4	13.5	1019.8	29.4	8.3	3550	3600	3550
2022-08-11T12:53:29	1018.5	39.5	20.0	13.4	1019.4	31.0	8.2	3484	3600	3484
2022-08-11T13:53:30	1018.1	41.0	18.9	13.5	1018.9	31.3	7.7	3539	3600	3539
2022-08-11T14:53:37	1017.5	42.4	18.1	13.4	1018.4	31.4	7.3	3557	3600	3557
2022-08-11T15:53:45	1017.0	42.9	18.1	13.5	1018.0	31.1	7.5	3483	3600	3483
2022-08-11T16:53:50	1016.5	42.6	18.4	13.6	1017.5	31.4	7.4	3531	3600	3531
2022-08-11T17:53:57	1016.3	42.3	18.5	13.7	1017.3	30.0	7.0	3632	3600	3632
2022-08-11T18:54:04	1016.2	41.5	18.6	13.5	1017.2	28.6	6.6	3573	3600	3573
2022-08-11T19:54:08	1016.4	40.0	19.1	13.1	1017.5	26.1	6.3	3602	3600	3602
2022-08-11T20:54:12	1016.7	38.4	19.6	13.0	1017.8	24.2	6.1	3574	3600	3574
2022-08-11T21:54:18	1016.8	37.1	19.9	12.9	1018.0	21.7	6.4	3602	3600	3602
2022-08-11T22:54:22	1017.1	35.8	20.4	12.9	1018.5	19.2	6.6	3561	3600	3561
2022-08-11T23:54:27	1017.3	34.4	21.0	12.9	1018.6	18.1	7.4	3464	3600	3464
2022-08-12T00:54:32	1017.3	33.1	21.6	12.8	1018.7	16.9	7.9	3416	3600	3416
2022-08-12T01:54:38	1017.5	32.0	22.1	12.8	1018.7	16.3	8.4	3571	3600	3571
2022-08-12T02:54:40	1017.3	30.9	22.7	12.8	1018.6	15.6	8.6	3584	3600	3584
2022-08-12T03:54:49	1017.2	29.9	23.2	12.7	1018.5	14.6	8.9	3584	3600	3584
2022-08-12T04:54:54	1017.2	28.9	23.7	12.7	1018.5	14.1	8.9	3519	3600	3519
2022-08-12T05:54:56	1017.4	28.2	24.1	12.7	1018.6	14.2	9.2	3586	3600	3586
2022-08-12T06:55:02	1017.5	27.9	24.4	13.2	1018.6	17.9	10.0	3592	3600	3592
2022-08-12T07:55:05	1017.7	29.1	24.4	14.3	1018.6	23.4	9.7	3525	3600	3525
2022-08-12T08:55:06	1017.8	31.2	24.0	14.2	1018.6	26.1	8.9	3579	3600	3579
2022-08-12T09:55:09	1017.7	33.4	23.4	13.8	1018.6	27.2	8.6	3476	3600	3476
2022-08-12T10:55:13	1017.6	35.6	21.9	13.5	1018.5	27.9	8.0	3486	3600	3486
2022-08-12T11:55:14	1017.1	37.2	20.1	13.4	1018.0	28.7	7.6	3467	3600	3467
2022-08-12T12:55:20	1016.6	39.1	18.6	13.5	1017.5	30.0	7.6	3585	3600	3585
2022-08-12T13:55:25	1016.2	40.2	17.7	13.3	1017.0	30.4	7.7	3449	3600	3449
2022-08-12T14:55:31	1015.9	41.0	17.3	13.5	1016.8	31.2	7.9	3652	3600	3652
2022-08-12T15:55:34	1015.6	41.2	17.1	13.5	1016.5	29.7	7.7	3640	3600	3640
2022-08-12T16:55:37	1015.1	41.0	17.0	13.7	1016.1	29.6	7.8	3595	3600	3595
2022-08-12T17:55:39	1014.9	40.9	17.2	13.7	1015.8	29.2	7.8	3722	3600	3722
2022-08-12T18:55:40	1014.5	39.9	17.6	13.2	1015.5	27.8	7.9	3604	3600	3604
2022-08-12T19:55:42	1014.6	38.6	18.6	13.1	1015.7	25.5	8.2	3654	3600	3654
2022-08-12T20:55:46	1014.8	37.3	19.4	12.9	1015.9	22.8	8.4	3600	3600	3600
2022-08-12T21:55:48	1014.9	36.2	20.1	12.9	1016.1	21.2	8.7	3515	3600	3515
2022-08-12T22:55:49	1014.9	35.2	20.6	12.9	1016.1	19.9	8.7	3616	3600	3616
2022-08-12T23:55:51	1015.0	34.1	21.2	12.8	1016.2	18.8	9.2	3550	3600	3550
2022-08-13T00:55:57	1015.0	33.1	21.7	12.8	1016.2	18.1	9.2	3585	3600	3585
2022-08-13T01:55:58	1014.9	32.3	22.2	12.8	1016.0	17.9	9.5	3597	3600	3597
2022-08-13T02:56:09	1014.6	31.5	22.6	12.8	1015.7	17.4	9.7	3549	3600	3549
2022-08-13T03:56:15	1014.5	30.6	23.1	12.7	1015.6	16.5	9.6	3676	3600	3676
2022-08-13T04:56:16	1014.3	29.9	23.5	12.7	1015.4	16.1	9.9	3577	3600	3577
2022-08-13T05:56:21	1014.2	29.2	23.9	12.7	1015.3	16.1	10.0	3553	3600	3553
2022-08-13T06:56:22	1014.1	29.0	24.1	12.9	1015.1	17.8	10.7	3521	3600	3521
2022-08-13T07:56:29	1014.1	29.3	24.2	13.2	1015.1	20.4	11.1	3644	3600	3644
2022-08-13T08:56:30	1014.3	30.4	24.1	13.8	1015.1	23.1	11.3	3604	3600	3604
2022-08-13T09:56:36	1014.2	31.6	23.9	13.9	1015.1	24.8	11.5	3583	3600	3583
2022-08-13T10:56:40	1014.2	32.7	24.0	14.2	1015.0	26.0	11.6	3504	3600	3504
2022-08-13T11:56:47	1013.7	34.5	23.8	14.2	1014.5	28.6	11.9	3420	3600	3420
2022-08-13T12:56:51	1013.5	35.4	23.9	13.8	1014.4	26.5	12.3	3625	3600	3625
2022-08-13T13:56:54	1013.4	35.1	25.1	13.8	1014.3	26.2	12.5	3596	3600	3596
2022-08-13T14:56:58	1012.9	34.5	26.1	13.8	1013.7	26.1	12.7	3580	3600	3580
2022-08-13T15:56:59	1012.4	35.9	25.6	13.7	1013.2	28.1	12.3	3530	3600	3530
2022-08-13T16:57:05	1011.9	36.9	25.0	13.7	1012.6	28.2	12.1	3734	3600	3734
2022-08-13T17:57:09	1011.3	37.3	25.1	13.8	1012.1	29.0	12.3	3673	3600	3673
2022-08-13T18:57:13	1010.8	37.5	24.9	13.5	1011.7	27.9	12.1	3590	3600	3590
2022-08-13T19:57:19	1010.9	37.1	24.7	13.2	1011.9	26.5	13.0	3675	3600	3675
2022-08-13T20:57:25	1011.0	36.1	25.1	13.0	1012.0	25.1	13.1	3643	3600	3643
2022-08-13T21:57:33	1011.2	35.0	25.7	12.9	1012.1	22.6	15.2	3659	3600	3659
2022-08-13T22:57:36	1010.9	33.6	26.8	12.9	1011.7	20.4	15.9	3591	3600	3591
2022-08-13T23:57:44	1010.6	32.6	27.4	12.9	1011.5	19.9	15.8	3665	3600	3665
2022-08-14T00:57:51	1010.4	31.8	27.9	12.9	1011.2	19.4	15.6	3586	3600	3586
2022-08-14T01:57:52	1010.1	31.0	28.1	12.8	1010.9	18.6	15.1	3708	3600	3708
2022-08-14T02:58:00	1009.9	30.4	28.3	12.8	1010.6	18.3	15.0	3596	3600	3596
2022-08-14T03:58:02	1009.7	29.8	28.6	12.8	1010.5	18.1	14.9	3674	3600	3674
2022-08-14T04:58:05	1009.4	29.4	28.9	12.7	1010.2	18.2	15.0	3697	3600	3697
2022-08-14T05:58:09	1009.2	29.2	28.9	12.7	1010.0	18.4	15.0	3666	3600	3666
2022-08-14T06:58:10	1009.0	29.1	28.9	13.0	1009.6	20.4	16.1	3639	3600	3639
2022-08-14T07:58:16	1008.6	30.3	29.1	14.2	1009.1	24.2	16.1	3702	3600	3702
2022-08-14T08:58:25	1008.2	32.4	28.7	14.3	1008.9	28.2	15.3	3677	3600	3677
2022-08-14T09:58:29	1008.0	34.9	28.0	13.8	1008.7	28.6	13.9	3671	3600	3671
2022-08-14T10:58:39	1007.5	37.0	27.2	13.5	1008.2	29.9	13.2	3757	3600	3757
2022-08-14T11:58:48	1006.9	39.1	25.8	13.4	1007.5	31.1	12.7	3762	3600	3762
2022-08-14T12:58:54	1006.2	40.9	24.1	13.4	1007.0	32.2	11.9	3794	3600	3794
2022-08-14T13:59:03	1005.6	42.5	22.7	13.4	1006.4	33.2	11.2	3816	3600	3816
2022-08-14T14:59:04	1004.7	43.4	21.5	13.4	1005.6	33.5	10.4	3846	3600	3846
2022-08-14T15:59:15	1003.9	44.1	20.6	13.5	1004.8	33.3	9.8	3918	3600	3918
2022-08-14T16:59:17	1003.4	44.2	19.9	13.6	1004.4	32.5	9.8	4045	3600	4045
2022-08-14T17:59:21	1002.9	43.5	19.9	13.5	1003.9	31.9	9.0	4025	3600	4025
2022-08-14T18:59:23	1002.5	42.7	20.0	13.2	1003.5	30.4	8.8	3899	3600	3899
2022-08-14T19:59:25	1002.5	41.1	20.9	13.0	1003.6	26.5	9.3	4019	3600	4019
2022-08-14T20:59:27	1002.8	39.6	21.5	12.9	1003.8	25.8	11.1	3979	3600	3979
2022-08-14T21:59:36	1002.7	38.7	22.1	12.9	1003.7	24.8	11.9	4012	3600	4012
2022-08-14T22:59:43	1002.5	37.8	22.7	12.9	1003.5	23.4	12.0	4026	3600	4026
2022-08-14T23:59:50	1002.2	36.7	23.4	12.8	1003.3	21.9	12.2	3892	3600	3892
2022-08-15T00:59:53	1002.1	35.8	23.9	12.8	1003.1	21.1	12.5	3825	3600	3825
2022-08-15T01:59:54	1001.8	35.0	24.4	12.8	1002.9	20.9	13.2	3907	3600	3907
2022-08-15T02:59:59	1001.6	34.2	25.0	12.7	1002.5	21.4	13.7	3935	3600	3935
2022-08-15T04:00:02	1001.3	33.5	26.1	12.7	1002.2	20.8	14.1	3893	3600	3893
2022-08-15T05:00:04	1001.0	32.8	27.5	12.7	1002.0	20.4	14.2	3917	3600	3917
2022-08-15T06:00:11	1001.1	32.3	27.9	12.7	1002.0	20.1	14.6	3865	3600	3865
2022-08-15T07:00:14	1001.1	32.4	28.3	13.4	1001.9	22.7	15.3	3964	3600	3964
2022-08-15T08:00:21	1001.0	33.3	30.0	14.3	1001.6	24.0	15.4	3816	3600	3816
2022-08-15T09:00:29	1000.6	34.5	31.1	14.2	1001.2	25.9	15.2	3905	3600	3905
2022-08-15T10:00:33	1000.4	35.8	30.6	13.6	1001.1	27.3	14.5	3917	3600	3917
2022-08-15T11:00:38	1000.1	37.5	29.1	13.4	1000.9	28.3	14.1	3937	3600	3937
2022-08-15T12:00:40	999.6	38.8	27.5	13.3	1000.4	29.2	13.7	3938	3600	3938
2022-08-15T13:00:49	999.3	40.1	25.6	13.5	1000.1	30.2	12.9	4000	3600	4000
2022-08-15T14:00:58	998.9	40.9	24.5	13.5	999.7	31.3	12.9	3984	3600	3984
2022-08-15T15:01:04	998.2	42.5	23.2	13.5	999.0	31.4	12.3	4119	3600	4119
2022-08-15T16:01:05	997.9	42.3	22.8	13.7	998.8	30.8	12.2	4200	3600	4200
2022-08-15T17:01:09	998.1	41.9	23.2	13.5	999.2	30.9	12.5	4136	3600	4136
2022-08-15T18:01:10	999.4	39.2	24.7	13.0	1000.6	20.6	15.6	4016	3600	4016
2022-08-15T19:01:12	1000.3	36.0	27.7	13.0	1001.4	20.0	16.1	3774	3600	3774
2022-08-15T20:01:21	1000.0	34.7	28.3	12.9	1000.9	19.8	16.5	3703	3600	3703
2022-08-15T21:01:26	1000.4	33.6	28.7	12.9	1001.5	19.4	16.1	3597	3600	3597
2022-08-15T22:01:28	1001.4	32.6	29.4	12.8	1002.3	19.3	16.0	3573	3600	3573
2022-08-15T23:01:29	1001.7	31.9	30.0	12.8	1002.5	19.2	16.1	3708	3600	3708
2022-08-16T00:01:31	1001.8	31.3	30.2	12.8	1002.5	19.3	16.3	3619	3600	3619
2022-08-16T01:01:33	1001.6	30.8	30.2	12.8	1002.3	19.1	16.2	3623	3600	3623
2022-08-16T02:01:38	1001.7	30.1	30.5	12.7	1002.5	18.3	15.4	3549	3600	3549
2022-08-16T03:01:48	1002.0	29.4	30.7	12.7	1002.8	17.7	15.0	3574	3600	3574
2022-08-16T04:01:50	1002.1	28.7	30.9	12.6	1002.9	17.4	14.8	3667	3600	3667
2022-08-16T05:01:51	1002.2	28.1	31.1	12.6	1003.0	17.2	14.6	3667	3600	3667
2022-08-16T06:01:56	1002.6	27.7	31.1	12.7	1003.3	17.6	15.0	3554	3600	3554
2022-08-16T07:01:58	1002.8	27.8	31.3	13.3	1003.5	19.5	16.4	3754	3600	3754
2022-08-16T08:02:06	1003.2	28.8	31.9	14.4	1003.8	22.5	17.3	3674	3600	3674
2022-08-16T09:02:10	1003.7	30.7	31.5	14.2	1004.3	26.0	17.0	3555	3600	3555
2022-08-16T10:02:12	1004.0	33.0	30.7	13.8	1004.7	27.2	16.7	3601	3600	3601
2022-08-16T11:02:13	1004.2	35.4	29.7	13.6	1004.8	28.1	15.5	3582	3600	3582
2022-08-16T12:02:15	1004.2	37.0	28.5	13.7	1004.9	28.5	14.5	3630	3600	3630
2022-08-16T13:02:22	1004.2	38.0	27.8	13.6	1005.0	30.8	14.0	3637	3600	3637
2022-08-16T14:02:23	1004.3	40.4	25.9	13.5	1005.1	32.5	12.9	3663	3600	3663
2022-08-16T15:02:31	1004.2	41.7	24.6	13.5	1005.1	33.5	12.2	3765	3600	3765
2022-08-16T16:02:39	1004.1	42.1	24.0	13.6	1005.1	32.0	11.7	3646	3600	3646
2022-08-16T17:02:45	1004.1	41.6	24.1	13.7	1005.0	31.5	11.2	3613	3600	3613
2022-08-16T18:02:47	1004.2	41.6	23.9	13.5	1005.1	30.8	10.8	3857	3600	3857
2022-08-16T19:02:49	1004.5	40.4	24.4	13.2	1005.6	27.9	11.0	3816	3600	3816
2022-08-16T20:02:52	1004.9	39.0	25.1	13.0	1006.0	24.6	11.1	3794	3600	3794
2022-08-16T21:02:55	1005.4	37.6	25.6	12.9	1006.5	22.9	11.2	3694	3600	3694
2022-08-16T22:03:00	1005.7	36.6	25.9	12.9	1006.7	21.8	12.2	3732	3600	3732
2022-08-16T23:03:01	1005.7	35.6	26.2	12.9	1006.8	20.2	12.2	3733	3600	3733
2022-08-17T00:03:06	1006.0	34.6	26.5	12.8	1007.0	20.4	12.9	3653	3600	3653
2022-08-17T01:03:09	1006.1	33.9	26.9	12.8	1007.0	19.4	13.4	3764	3600	3764
2022-08-17T02:03:10	1006.0	33.0	27.4	12.8	1007.0	18.4	13.1	3777	3600	3777
2022-08-17T03:03:11	1006.1	32.1	27.7	12.8	1007.1	18.0	13.2	3704	3600	3704
2022-08-17T04:03:21	1006.1	31.4	28.1	12.7	1007.0	18.3	14.0	3653	3600	3653
2022-08-17T05:03:24	1005.9	30.8	28.5	12.7	1006.9	17.4	13.5	3639	3600	3639
2022-08-17T06:03:30	1006.1	30.2	28.7	12.7	1007.0	17.1	13.6	3676	3600	3676
2022-08-17T07:03:34	1006.5	30.2	28.9	13.4	1007.3	21.6	15.5	3671	3600	3671
2022-08-17T08:03:35	1006.8	32.1	28.2	14.3	1007.5	26.6	13.9	3455	3600	3455
2022-08-17T09:03:38	1007.0	34.3	27.3	14.1	1007.8	28.4	12.8	3717	3600	3717
2022-08-17T10:03:43	1007.0	36.7	26.2	13.5	1007.9	30.0	11.7	3586	3600	3586
2022-08-17T11:03:47	1007.0	38.8	24.8	13.4	1007.9	30.8	11.3	3576	3600	3576
2022-08-17T12:03:51	1006.9	40.5	23.4	13.5	1007.8	31.6	10.8	3681	3600	3681
2022-08-17T13:03:55	1006.6	41.0	22.8	13.6	1007.6	31.2	10.3	3759	3600	3759
2022-08-17T14:03:58	1006.5	41.0	22.6	13.6	1007.4	31.4	10.5	3751	3600	3751
2022-08-17T15:04:01	1006.2	41.7	22.1	13.6	1007.2	31.5	10.4	3782	3600	3782
2022-08-17T16:04:09	1006.0	42.4	21.9	13.6	1007.0	32.6	10.3	3660	3600	3660
2022-08-17T17:04:10	1005.8	42.8	21.9	13.7	1006.8	32.4	11.0	3654	3600	3654
2022-08-17T18:04:14	1005.6	42.0	22.9	13.6	1006.5	30.6	11.0	3787	3600	3787
2022-08-17T19:04:21	1005.5	41.2	23.5	13.2	1006.5	28.6	11.2	3664	3600	3664
2022-08-17T20:04:23	1005.7	39.9	24.2	13.0	1006.7	25.9	11.7	3790	3600	3790
2022-08-17T21:04:25	1005.6	38.6	24.8	12.9	1006.7	23.9	12.3	3704	3600	3704
2022-08-17T22:04:29	1005.7	37.6	25.2	12.9	1006.7	22.6	12.6	3663	3600	3663
2022-08-17T23:04:32	1005.8	36.7	25.5	12.9	1006.8	22.1	12.7	3751	3600	3751
2022-08-18T00:04:38	1005.9	35.9	25.8	12.8	1006.9	21.9	13.2	3718	3600	3718
2022-08-18T01:04:40	1005.7	35.1	26.2	12.8	1006.7	21.1	13.7	3684	3600	3684
2022-08-18T02:04:47	1005.4	34.4	26.7	12.8	1006.4	20.6	13.9	3672	3600	3672
2022-08-18T03:04:49	1005.3	33.6	27.2	12.8	1006.3	20.0	13.9	3627	3600	3627
2022-08-18T04:04:56	1005.0	32.8	27.7	12.7	1006.0	19.2	13.7	3711	3600	3711
2022-08-18T05:04:58	1005.0	32.1	28.1	12.7	1006.1	18.5	13.6	3688	3600	3688
2022-08-18T06:05:03	1005.3	31.6	28.3	12.7	1006.3	18.7	13.9	3672	3600	3672
2022-08-18T07:05:08	1005.8	31.5	28.4	13.1	1006.6	20.8	15.0	3616	3600	3616
2022-08-18T08:05:15	1006.0	32.2	28.2	13.5	1006.8	22.9	15.1	3518	3600	3518
2022-08-18T09:05:21	1006.1	33.3	27.4	13.8	1006.9	24.6	15.3	3653	3600	3653
2022-08-18T10:05:23	1006.3	34.4	27.0	14.3	1007.1	27.8	15.3	3726	3600	3726
2022-08-18T11:05:26	1005.9	37.2	26.0	14.0	1006.7	31.3	13.4	3621	3600	3621
2022-08-18T12:05:30	1005.7	40.0	24.6	13.5	1006.5	33.3	13.0	3592	3600	3592
2022-08-18T13:05:35	1005.6	41.6	23.8	13.5	1006.5	34.4	13.1	3648	3600	3648
2022-08-18T14:05:37	1005.4	42.1	23.5	13.7	1006.4	34.0	13.0	3770	3600	3770
2022-08-18T15:05:41	1004.9	41.9	23.8	13.6	1005.8	35.1	13.3	3813	3600	3813
2022-08-18T16:05:42	1004.6	43.8	22.9	13.5	1005.6	36.6	13.2	3636	3600	3636
2022-08-18T17:05:45	1004.8	43.8	22.9	13.6	1005.8	33.1	13.5	3738	3600	3738
2022-08-18T18:05:48	1004.6	42.4	23.9	13.3	1005.6	30.6	13.1	3799	3600	3799
2022-08-18T19:05:50	1004.8	41.2	24.5	13.1	1005.8	28.0	12.7	3685	3600	3685
2022-08-18T20:05:57	1005.0	40.0	24.9	13.0	1006.1	25.4	13.7	3803	3600	3803
2022-08-18T21:06:02	1005.2	38.4	25.7	12.9	1006.2	22.6	15.9	3620	3600	3620
2022-08-18T22:06:05	1005.5	36.6	26.9	12.9	1006.4	21.6	15.7	3603	3600	3603
2022-08-18T23:06:12	1005.4	35.5	27.6	12.9	1006.3	21.4	15.6	3635	3600	3635
2022-08-19T00:06:16	1005.6	34.8	28.0	12.8	1006.5	21.3	15.8	3609	3600	3609
2022-08-19T01:06:20	1005.6	34.2	28.1	12.8	1006.4	20.9	15.8	3582	3600	3582
2022-08-19T02:06:22	1005.3	33.7	28.4	12.8	1006.0	20.6	16.0	3653	3600	3653
2022-08-19T03:06:27	1005.3	32.8	28.8	12.7	1006.2	20.0	16.4	3463	3600	3463
2022-08-19T04:06:36	1004.9	31.9	29.4	12.7	1005.5	19.6	16.4	3211	3600	3211
2022-08-19T05:06:39	1004.1	31.2	30.2	12.6	1004.9	19.4	16.4	3171	3600	3171
2022-08-19T06:06:45	1004.2	30.7	30.9	12.7	1005.0	19.6	16.7	3206	3600	3206
2022-08-19T07:06:52	1004.5	30.6	31.9	12.9	1005.2	20.3	17.5	3129	3600	3129
2022-08-19T08:06:59	1004.7	31.1	32.4	13.8	1005.4	22.1	19.1	2997	3600	2997
2022-08-19T09:07:15	1005.2	32.4	32.4	13.8	1005.8	22.6	18.8	3133	3600	3133
2022-08-19T10:07:26	1005.5	32.7	33.4	14.0	1006.1	22.7	18.9	3069	3600	3069
2022-08-19T11:07:37	1005.8	32.6	33.9	13.4	1006.4	22.1	18.4	3106	3600	3106
2022-08-19T12:07:39	1005.7	32.2	34.5	13.3	1006.3	21.6	18.0	3255	3600	3255
2022-08-19T13:07:42	1005.8	31.9	35.6	13.4	1006.5	21.4	17.8	3146	3600	3146
2022-08-19T14:07:50	1006.0	31.9	36.3	14.0	1006.6	22.0	18.2	3085	3600	3085
2022-08-19T15:07:51	1006.2	32.4	36.2	13.3	1006.9	22.0	17.8	3211	3600	3211
2022-08-19T16:08:01	1006.2	31.9	36.5	13.3	1006.9	21.5	17.7	3201	3600	3201
2022-08-19T17:08:06	1006.6	31.7	36.6	13.2	1007.3	21.4	17.5	3191	3600	3191
2022-08-19T18:08:13	1006.7	31.4	36.3	13.1	1007.4	20.8	17.1	3153	3600	3153
2022-08-19T19:08:22	1006.7	30.9	36.1	13.0	1007.5	20.3	17.1	3120	3600	3120
2022-08-19T20:08:26	1007.1	30.4	35.7	12.9	1007.9	19.9	17.0	3205	3600	3205
2022-08-19T21:08:31	1007.7	30.0	35.2	12.9	1008.4	19.9	17.0	3137	3600	3137
2022-08-19T22:08:39	1007.7	29.7	34.8	12.8	1008.2	19.4	16.6	3048	3600	3048
2022-08-19T23:08:42	1007.6	29.4	34.6	12.8	1008.4	19.5	16.7	3067	3600	3067
2022-08-20T00:08:48	1007.8	29.2	34.4	12.8	1008.4	19.6	16.9	2983	3600	2983
2022-08-20T01:08:49	1007.5	29.0	34.4	12.8	1008.2	19.4	16.6	3076	3600	3076
2022-08-20T02:08:57	1007.6	28.8	34.3	12.7	1008.2	19.2	16.5	2995	3600	2995
2022-08-20T03:09:03	1007.8	28.6	34.2	12.6	1008.5	19.4	16.7	3083	3600	3083
2022-08-20T04:09:07	1007.9	28.5	34.1	12.6	1008.6	19.1	16.4	3098	3600	3098
2022-08-20T05:09:11	1007.7	28.3	34.1	12.6	1008.4	19.0	16.3	3047	3600	3047
2022-08-20T06:09:12	1008.0	28.1	34.2	12.5	1008.8	19.1	16.4	3055	3600	3055
2022-08-20T07:09:19	1008.2	27.9	34.5	12.7	1009.0	19.3	16.6	3175	3600	3175
2022-08-20T08:09:24	1008.6	27.9	34.8	12.8	1009.4	19.6	16.8	3133	3600	3133
2022-08-20T09:09:27	1009.0	28.1	35.3	13.2	1009.7	20.1	17.3	3111	3600	3111
2022-08-20T10:09:37	1009.3	28.5	35.3	13.7	1009.9	21.1	17.5	3086	3600	3086
2022-08-20T11:09:41	1009.5	29.1	35.4	13.8	1010.2	21.1	16.9	3133	3600	3133
2022-08-20T12:09:46	1009.6	29.7	35.5	13.9	1010.3	21.5	16.5	3199	3600	3199
2022-08-20T13:09:56	1010.0	30.2	35.3	14.2	1010.7	21.4	15.8	3113	3600	3113
2022-08-20T14:10:00	1010.0	30.3	35.2	14.2	1010.7	21.6	15.8	3166	3600	3166
2022-08-20T15:10:01	1010.0	30.2	34.9	13.9	1010.7	21.8	16.4	3151	3600	3151
2022-08-20T16:10:05	1010.0	30.8	34.3	13.9	1010.6	22.6	16.1	3111	3600	3111
2022-08-20T17:10:10	1010.0	30.9	33.9	13.6	1010.7	22.1	16.4	3044	3600	3044
2022-08-20T18:10:16	1010.1	30.7	33.9	13.4	1010.9	21.7	16.5	3053	3600	3053
2022-08-20T19:10:23	1010.5	30.4	34.0	13.2	1011.2	20.9	15.9	3042	3600	3042
2022-08-20T20:10:25	1010.7	30.0	34.0	13.1	1011.6	19.9	15.1	2918	3600	2918
2022-08-20T21:10:32	1010.9	29.6	33.9	13.0	1011.7	19.3	15.1	3013	3600	3013
2022-08-20T22:10:38	1010.9	29.3	33.6	12.9	1011.8	19.0	15.0	2977	3600	2977
2022-08-20T23:10:40	1010.9	29.0	33.4	12.9	1011.6	19.0	15.3	3124	3600	3124
2022-08-21T00:10:50	1010.6	28.8	33.4	12.9	1011.4	18.6	15.1	3075	3600	3075
2022-08-21T01:10:51	1010.8	28.4	33.4	12.9	1011.6	17.4	14.0	3090	3600	3090
2022-08-21T02:10:55	1010.9	27.8	33.3	12.8	1011.7	16.4	13.4	3052	3600	3052
2022-08-21T03:11:01	1010.8	27.3	33.2	12.8	1011.6	15.5	12.6	3072	3600	3072
2022-08-21T04:11:06	1010.8	26.9	33.0	12.7	1011.6	14.9	12.2	2933	3600	2933
2022-08-21T05:11:11	1010.8	26.5	32.6	12.7	1011.6	14.2	11.7	3136	3600	3136
2022-08-21T06:11:21	1011.0	26.0	32.5	12.8	1011.8	14.0	11.8	3128	3600	3128
2022-08-21T07:11:31	1011.3	26.1	32.3	13.1	1012.1	15.4	12.7	3064	3600	3064
2022-08-21T08:11:39	1011.4	26.6	32.1	14.0	1012.1	18.2	13.5	3154	3600	3154
2022-08-21T09:11:45	1011.3	28.1	31.8	14.4	1011.9	22.3	13.3	3033	3600	3033
2022-08-21T10:11:47	1011.1	30.4	30.9	14.2	1011.9	23.8	11.8	3149	3600	3149
2022-08-21T11:11:50	1011.1	31.4	30.3	13.8	1012.0	23.8	11.3	3090	3600	3090
2022-08-21T12:11:54	1011.1	32.7	29.6	13.7	1011.9	25.3	11.4	3212	3600	3212
2022-08-21T13:12:07	1011.0	35.0	28.2	13.5	1011.8	27.9	11.0	3144	3600	3144
2022-08-21T14:12:12	1010.8	37.2	26.6	13.7	1011.7	27.4	10.7	3162	3600	3162
2022-08-21T15:12:16	1010.8	36.0	26.9	13.8	1011.7	24.0	10.9	3178	3600	3178
2022-08-21T16:12:19	1010.6	35.1	27.7	13.8	1011.5	23.9	10.6	3142	3600	3142
2022-08-21T17:12:22	1010.4	35.0	27.7	13.8	1011.4	23.7	10.4	3251	3600	3251
2022-08-21T18:12:23	1010.3	34.9	27.6	13.8	1011.3	23.4	10.0	3196	3600	3196
2022-08-21T19:12:30	1010.3	34.4	27.7	13.4	1011.5	21.9	10.1	3207	3600	3207
2022-08-21T20:12:31	1010.5	33.2	28.1	13.1	1011.8	19.1	9.9	3136	3600	3136
2022-08-21T21:12:41	1010.7	32.0	28.4	13.0	1011.9	17.9	10.4	3130	3600	3130
2022-08-21T22:12:46	1010.7	31.0	28.6	12.9	1012.0	16.9	10.6	3245	3600	3245
2022-08-21T23:12:48	1011.0	30.2	28.9	12.9	1012.2	16.2	11.1	3182	3600	3182
2022-08-22T00:12:56	1011.2	29.5	29.3	12.9	1012.3	15.8	11.5	3178	3600	3178
2022-08-22T01:13:02	1011.2	28.6	29.7	12.8	1012.2	14.7	11.3	3142	3600	3142
2022-08-22T02:13:04	1011.2	27.5	30.3	12.8	1012.2	14.0	11.3	3185	3600	3185
2022-08-22T03:13:06	1011.3	26.9	30.5	12.8	1012.3	13.8	11.3	3135	3600	3135
2022-08-22T04:13:07	1011.3	26.3	30.6	12.8	1012.2	13.3	11.1	3053	3600	3053
2022-08-22T05:13:13	1011.2	25.7	30.9	12.7	1012.2	13.2	11.2	3245	3600	3245
2022-08-22T06:13:21	1011.6	25.1	31.3	12.8	1012.6	13.1	11.2	3148	3600	3148
2022-08-22T07:13:26	1012.0	25.1	31.4	13.1	1013.0	14.7	12.1	3226	3600	3226
2022-08-22T08:13:31	1012.3	25.8	31.3	13.9	1013.2	17.6	13.0	3130	3600	3130
2022-08-22T09:13:40	1012.5	27.0	30.9	14.4	1013.4	19.9	13.2	3304	3600	3304
2022-08-22T10:13:46	1012.6	28.7	30.5	14.4	1013.4	21.8	12.0	3090	3600	3090
2022-08-22T11:13:51	1012.6	30.2	30.0	13.9	1013.5	22.9	10.9	3075	3600	3075
2022-08-22T12:13:59	1012.6	31.2	29.7	13.8	1013.5	24.1	11.3	3240	3600	3240
2022-08-22T13:14:03	1012.4	32.9	28.8	13.6	1013.4	25.2	10.3	3180	3600	3180
2022-08-22T14:14:10	1012.1	34.7	27.5	13.8	1013.0	26.0	9.5	3065	3600	3065
2022-08-22T15:14:16	1011.8	34.5	27.0	13.8	1012.9	24.6	9.5	3214	3600	3214
2022-08-22T16:14:19	1011.7	34.1	27.2	13.9	1012.8	24.3	9.6	3162	3600	3162
2022-08-22T17:14:25	1011.8	34.1	27.1	13.8	1012.9	24.2	9.9	3187	3600	3187
2022-08-22T18:14:32	1011.8	33.8	27.2	13.8	1012.9	22.9	10.1	3129	3600	3129
2022-08-22T19:14:43	1011.9	33.1	27.6	13.3	1013.0	22.0	10.8	3125	3600	3125
2022-08-22T20:14:48	1012.4	32.2	28.1	13.1	1013.6	21.0	10.7	3232	3600	3232
2022-08-22T21:14:52	1012.7	31.5	28.4	13.0	1013.9	20.1	10.8	3191	3600	3191
2022-08-22T22:15:03	1012.8	30.9	28.7	12.9	1014.0	19.3	10.9	3236	3600	3236
2022-08-22T23:15:07	1013.0	30.3	28.9	12.8	1014.2	18.0	10.9	3062	3600	3062
2022-08-23T00:15:11	1012.9	29.8	28.8	12.8	1014.1	17.2	11.2	3051	3600	3051
2022-08-23T01:15:12	1013.0	29.3	28.9	12.8	1014.1	16.8	11.4	3103	3600	3103
2022-08-23T02:15:18	1012.7	28.8	29.0	12.8	1013.7	16.5	11.6	3254	3600	3254
2022-08-23T03:15:21	1012.6	28.4	29.1	12.8	1013.6	16.3	12.0	3194	3600	3194
2022-08-23T04:15:27	1012.5	27.9	29.4	12.8	1013.6	16.2	12.0	3104	3600	3104
2022-08-23T05:15:29	1012.9	27.5	29.6	12.7	1014.0	15.7	12.0	3239	3600	3239
2022-08-23T06:15:39	1013.1	27.1	29.9	12.7	1014.1	15.1	11.9	3196	3600	3196
2022-08-23T07:15:53	1013.4	26.9	30.0	12.8	1014.4	15.8	12.4	3105	3600	3105
2022-08-23T08:15:58	1013.6	27.1	30.0	13.2	1014.6	17.4	13.1	3183	3600	3183
2022-08-23T09:16:01	1013.8	28.1	29.8	14.3	1014.7	21.4	14.4	3120	3600	3120
2022-08-23T10:16:08	1013.9	30.7	29.3	14.1	1014.7	24.6	13.8	3097	3600	3097
2022-08-23T11:16:16	1013.8	33.7	28.5	13.8	1014.5	26.1	12.5	3165	3600	3165
2022-08-23T12:16:21	1013.7	35.9	27.2	13.5	1014.5	27.0	12.1	3220	3600	3220
2022-08-23T13:16:23	1013.7	36.6	26.6	13.6	1014.6	26.2	11.5	3194	3600	3194
2022-08-23T14:16:29	1013.5	37.1	26.4	13.6	1014.4	28.2	10.8	3300	3600	3300
2022-08-23T15:16:32	1013.4	38.8	25.2	13.5	1014.4	28.5	10.8	3163	3600	3163
2022-08-23T16:16:34	1013.2	39.2	25.1	13.7	1014.2	27.8	11.0	3278	3600	3278
2022-08-23T17:16:35	1013.1	38.6	25.4	13.7	1014.1	26.5	11.0	3296	3600	3296
2022-08-23T18:16:40	1013.1	37.9	25.8	13.3	1014.2	24.5	11.0	3253	3600	3253
2022-08-23T19:16:44	1013.7	36.2	26.7	13.1	1015.0	21.8	11.2	3123	3600	3123
2022-08-23T20:16:51	1014.4	34.8	27.2	13.0	1015.6	19.8	11.4	3238	3600	3238
2022-08-23T21:16:55	1014.8	33.6	27.7	12.9	1016.0	18.5	11.7	2970	3600	2970
2022-08-23T22:17:03	1015.1	32.6	28.1	12.9	1016.2	17.6	12.0	3118	3600	3118
2022-08-23T23:17:05	1015.1	31.7	28.5	12.9	1016.2	17.1	12.4	3103	3600	3103
2022-08-24T00:17:08	1015.0	30.8	28.8	12.8	1016.1	16.2	12.2	3193	3600	3193
2022-08-24T01:17:10	1015.1	29.9	29.1	12.8	1016.1	15.3	11.9	3172	3600	3172
2022-08-24T02:17:11	1015.0	29.1	29.4	12.8	1016.0	14.6	11.7	3065	3600	3065
2022-08-24T03:17:15	1015.1	28.1	29.7	12.7	1016.1	14.1	11.6	3193	3600	3193
2022-08-24T04:17:20	1015.1	27.3	29.9	12.7	1016.1	13.7	11.4	3169	3600	3169
2022-08-24T05:17:21	1015.3	26.8	30.0	12.7	1016.2	14.7	12.2	3153	3600	3153
2022-08-24T06:17:23	1015.6	26.5	30.2	12.7	1016.6	15.7	12.9	3145	3600	3145
2022-08-24T07:17:27	1016.0	26.6	30.5	13.0	1016.9	16.7	13.8	3067	3600	3067
2022-08-24T08:17:28	1016.4	27.0	30.9	13.6	1017.2	17.7	14.4	3058	3600	3058
2022-08-24T09:17:39	1016.7	27.7	31.0	13.9	1017.5	18.6	14.8	3112	3600	3112
2022-08-24T10:17:44	1016.8	28.9	30.8	14.4	1017.5	21.6	15.9	3106	3600	3106
2022-08-24T11:17:51	1016.7	31.1	30.0	14.3	1017.3	24.3	16.2	3103	3600	3103
2022-08-24T12:17:58	1016.3	33.0	29.5	13.9	1017.0	26.2	15.4	3192	3600	3192
2022-08-24T13:18:05	1016.1	35.3	28.9	13.6	1016.8	25.9	14.7	3097	3600	3097
2022-08-24T14:18:07	1015.9	36.8	28.4	13.7	1016.6	26.9	13.9	3142	3600	3142
2022-08-24T15:18:11	1015.7	38.0	28.0	13.7	1016.5	27.6	13.4	3181	3600	3181
2022-08-24T16:18:22	1015.5	38.4	27.9	13.7	1016.2	27.9	13.5	3154	3600	3154
2022-08-24T17:18:28	1015.2	38.2	28.2	13.7	1016.1	27.4	13.2	3167	3600	3167
2022-08-24T18:18:30	1015.2	37.4	28.9	13.3	1016.1	26.2	13.8	3183	3600	3183
2022-08-24T19:18:31	1015.5	36.1	29.5	13.1	1016.5	23.9	14.1	3165	3600	3165
2022-08-24T20:18:38	1016.1	34.9	29.9	13.0	1017.1	21.7	14.0	3062	3600	3062
2022-08-24T21:18:45	1016.2	33.9	30.1	12.9	1017.2	20.5	14.2	3091	3600	3091
2022-08-24T22:18:54	1016.4	33.1	30.3	12.9	1017.4	19.8	14.5	3035	3600	3035
2022-08-24T23:18:58	1016.5	32.4	30.6	12.9	1017.5	19.2	14.7	3192	3600	3192
2022-08-25T00:18:59	1016.5	31.7	30.7	12.8	1017.4	18.5	14.7	3079	3600	3079
2022-08-25T01:19:02	1016.2	31.0	30.9	12.8	1017.1	18.1	14.6	3170	3600	3170
2022-08-25T02:19:05	1016.0	30.4	31.1	12.8	1016.9	17.6	14.4	3138	3600	3138
2022-08-25T03:19:11	1015.9	29.8	31.4	12.8	1016.8	17.1	14.0	3045	3600	3045
2022-08-25T04:19:19	1015.6	29.2	31.5	12.7	1016.4	16.5	13.6	3134	3600	3134
2022-08-25T05:19:24	1015.3	28.6	31.6	12.7	1016.2	16.1	13.4	3159	3600	3159
2022-08-25T06:19:30	1015.4	28.2	31.7	12.7	1016.3	17.1	14.4	3093	3600	3093
2022-08-25T07:19:34	1015.6	28.4	31.9	12.9	1016.4	18.4	15.4	3100	3600	3100
2022-08-25T08:19:41	1015.7	28.7	32.4	13.3	1016.5	19.2	15.8	3241	3600	3241
2022-08-25T09:19:46	1015.7	29.6	32.7	13.7	1016.4	20.6	16.2	3215	3600	3215
2022-08-25T10:19:53	1015.3	30.5	32.7	14.3	1016.0	22.6	16.9	3185	3600	3185
2022-08-25T11:19:54	1014.9	32.2	32.5	14.2	1015.5	25.2	17.2	3162	3600	3162
2022-08-25T12:19:55	1014.4	34.9	31.5	13.8	1015.0	26.7	16.9	3256	3600	3256
2022-08-25T13:19:58	1013.9	36.7	30.9	13.4	1014.5	28.9	17.1	3161	3600	3161
2022-08-25T14:20:00	1013.3	38.6	29.9	13.5	1014.0	29.3	16.3	3233	3600	3233
2022-08-25T15:20:02	1012.8	39.6	29.3	13.6	1013.5	29.1	15.6	3366	3600	3366
2022-08-25T16:20:07	1012.2	40.0	29.2	13.6	1012.9	29.2	15.6	3294	3600	3294
2022-08-25T17:20:11	1011.6	39.4	29.5	13.7	1012.4	28.0	15.0	3309	3600	3309
2022-08-25T18:20:14	1011.2	38.7	29.7	13.4	1012.1	26.9	15.1	3383	3600	3383
2022-08-25T19:20:16	1011.2	37.8	29.7	13.1	1012.1	24.8	14.8	3317	3600	3317
2022-08-25T20:20:18	1011.5	36.2	30.4	13.0	1012.5	22.7	14.9	3286	3600	3286
2022-08-25T21:20:20	1011.7	35.2	30.8	12.9	1012.6	21.6	15.0	3206	3600	3206
2022-08-25T22:20:21	1011.4	34.4	30.9	12.9	1012.4	20.8	14.9	3281	3600	3281
2022-08-25T23:20:28	1011.3	33.6	31.0	12.9	1012.2	19.9	14.9	3240	3600	3240
2022-08-26T00:20:29	1011.0	32.9	31.2	12.8	1011.9	19.4	14.8	3373	3600	3373
2022-08-26T01:20:36	1010.7	32.3	31.4	12.8	1011.5	19.4	15.1	3341	3600	3341
2022-08-26T02:20:43	1010.3	31.7	31.5	12.8	1011.1	18.9	15.0	3185	3600	3185
2022-08-26T03:20:50	1010.1	31.1	31.8	12.7	1011.0	18.7	15.1	3333	3600	3333
2022-08-26T04:20:57	1009.9	30.6	32.0	12.7	1010.8	18.4	15.0	3328	3600	3328
2022-08-26T05:21:02	1009.6	30.1	32.1	12.7	1010.5	18.3	15.0	3214	3600	3214
2022-08-26T06:21:07	1009.6	29.8	32.3	12.8	1010.4	18.6	15.4	3270	3600	3270
2022-08-26T07:21:13	1009.8	30.1	32.3	13.3	1010.5	22.0	17.0	3241	3600	3241
2022-08-26T08:21:18	1009.6	31.8	31.8	14.4	1010.3	25.7	17.2	3253	3600	3253
2022-08-26T09:21:22	1009.4	33.6	31.6	14.2	1010.1	26.3	17.5	3197	3600	3197
2022-08-26T10:21:24	1009.2	35.4	31.8	13.7	1009.9	28.1	17.7	3390	3600	3390
2022-08-26T11:21:38	1008.7	36.8	31.6	13.8	1009.4	28.1	17.1	3313	3600	3313
2022-08-26T12:21:39	1008.3	36.0	32.3	13.3	1009.1	24.2	16.1	3259	3600	3259
2022-08-26T13:21:41	1008.1	33.0	34.6	13.2	1008.8	19.6	16.0	2691	3600	2691
2022-08-26T14:21:44	1008.2	31.6	35.5	13.0	1009.2	19.2	16.2	2481	3600	2481
2022-08-26T15:21:45	1008.6	30.9	35.5	13.0	1009.4	19.0	16.1	2543	3600	2543
2022-08-26T16:21:56	1007.5	30.4	35.5	13.0	1008.2	19.2	16.3	2613	3600	2613
2022-08-26T17:22:01	1006.2	30.2	35.5	13.3	1007.0	19.8	17.0	2764	3600	2764
2022-08-26T18:22:14	1006.9	30.1	35.7	13.2	1007.7	20.0	17.2	2583	3600	2583
2022-08-26T19:22:15	1006.8	29.8	35.7	13.0	1007.5	19.4	16.7	2583	3600	2583
2022-08-26T20:22:24	1006.6	29.2	35.7	12.9	1007.5	18.6	15.9	2665	3600	2665
2022-08-26T21:22:25	1007.3	28.7	35.7	12.8	1008.1	18.2	15.5	2715	3600	2715
2022-08-26T22:22:32	1007.3	28.4	35.6	12.8	1008.2	18.1	15.5	2672	3600	2672
2022-08-26T23:22:37	1007.4	28.2	35.5	12.8	1008.2	18.4	15.8	2669	3600	2669
2022-08-27T00:22:40	1007.1	28.0	35.4	12.7	1007.8	18.4	15.8	2705	3600	2705
2022-08-27T01:22:41	1006.5	27.8	35.4	12.7	1007.3	18.2	15.6	2831	3600	2831
2022-08-27T02:22:43	1006.7	27.5	35.5	12.7	1007.5	18.4	15.7	2810	3600	2810
2022-08-27T03:22:49	1006.6	27.3	35.4	12.6	1007.5	18.0	15.4	2757	3600	2757
2022-08-27T04:22:53	1006.8	27.2	35.5	12.6	1007.6	18.2	15.5	2727	3600	2727
2022-08-27T05:22:54	1006.7	27.2	35.6	12.6	1007.4	18.6	15.9	2652	3600	2652
2022-08-27T06:22:57	1006.7	27.2	35.8	12.6	1007.5	19.0	16.3	2720	3600	2720
2022-08-27T07:23:03	1006.7	27.4	36.2	12.8	1007.5	19.6	16.9	2719	3600	2719
2022-08-27T08:23:12	1007.0	27.6	36.4	13.1	1007.8	20.2	17.5	2791	3600	2791
2022-08-27T09:23:19	1007.3	28.0	36.3	13.4	1008.0	20.6	18.0	2850	3600	2850
2022-08-27T10:23:27	1007.3	28.6	36.3	13.6	1008.0	20.9	18.3	2649	3600	2649
2022-08-27T11:23:30	1007.2	29.1	36.2	13.8	1007.9	21.2	18.6	2775	3600	2775
2022-08-27T12:23:35	1007.5	29.6	36.8	14.4	1008.2	22.6	20.0	2793	3600	2793
2022-08-27T13:23:38	1007.6	30.7	36.6	14.3	1008.2	22.6	19.7	2736	3600	2736
2022-08-27T14:23:53	1007.3	31.3	36.9	14.0	1008.0	23.3	19.9	2744	3600	2744
2022-08-27T15:24:04	1007.3	32.8	36.6	13.8	1008.0	22.8	19.0	2768	3600	2768
2022-08-27T16:24:16	1007.5	31.8	37.5	13.5	1008.3	21.5	18.0	2744	3600	2744
2022-08-27T17:24:23	1007.8	31.3	37.8	13.2	1008.6	20.0	16.6	2816	3600	2816
2022-08-27T18:24:26	1008.0	30.4	37.5	13.1	1008.9	19.3	16.2	2696	3600	2696
2022-08-27T19:24:27	1008.6	29.5	37.9	13.0	1009.5	18.9	16.1	2805	3600	2805
2022-08-27T20:24:36	1008.9	29.0	37.8	13.0	1009.8	18.6	15.9	2789	3600	2789
2022-08-27T21:24:42	1009.1	28.6	37.6	12.9	1010.0	18.8	16.1	2736	3600	2736
2022-08-27T22:24:49	1009.4	28.4	37.7	12.9	1010.2	18.7	16.0	2639	3600	2639
2022-08-27T23:24:53	1009.4	28.1	37.8	12.9	1010.3	18.3	15.7	2649	3600	2649
2022-08-28T00:24:56	1009.4	27.8	37.7	12.8	1010.2	18.0	15.4	2782	3600	2782
2022-08-28T01:25:00	1009.5	27.5	37.8	12.8	1010.3	18.0	15.3	2709	3600	2709
2022-08-28T02:25:04	1009.7	27.2	38.1	12.8	1010.5	17.1	14.5	2769	3600	2769
2022-08-28T03:25:06	1009.7	26.6	38.6	12.7	1010.5	15.8	13.4	2759	3600	2759
2022-08-28T04:25:15	1009.8	26.1	38.7	12.7	1010.6	15.4	13.1	2674	3600	2674
2022-08-28T05:25:21	1010.0	25.7	38.6	12.7	1010.9	14.9	12.7	2782	3600	2782
2022-08-28T06:25:25	1010.4	25.0	38.7	12.7	1011.3	14.2	12.2	2727	3600	2727
2022-08-28T07:25:26	1010.6	24.8	38.8	12.9	1011.5	14.8	12.7	2725	3600	2725
2022-08-28T08:25:32	1011.0	25.1	39.2	13.2	1011.9	15.4	13.1	2667	3600	2667
2022-08-28T09:25:42	1011.5	25.6	39.6	13.5	1012.5	16.0	13.2	2637	3600	2637
2022-08-28T10:25:47	1011.8	26.6	38.9	13.8	1012.8	16.8	13.6	2710	3600	2710
2022-08-28T11:25:52	1012.1	27.2	38.4	13.8	1013.0	17.3	13.8	2683	3600	2683
2022-08-28T12:25:59	1012.4	27.5	38.3	14.5	1013.3	18.4	14.4	2793	3600	2793
2022-08-28T13:26:13	1012.4	28.8	37.9	14.3	1013.2	21.0	15.1	2685	3600	2685
2022-08-28T14:26:15	1012.3	30.6	36.8	13.9	1013.0	22.8	14.8	2724	3600	2724
2022-08-28T15:26:17	1011.9	32.6	35.4	13.8	1012.6	23.8	15.0	2678	3600	2678
2022-08-28T16:26:20	1011.7	33.8	34.6	13.8	1012.5	24.9	13.9	2791	3600	2791
2022-08-28T17:26:23	1011.7	33.8	34.4	13.9	1012.6	23.7	12.8	2752	3600	2752
2022-08-28T18:26:29	1011.8	33.0	34.2	13.4	1012.8	20.4	12.2	2823	3600	2823
2022-08-28T19:26:30	1012.1	31.1	34.7	13.2	1013.3	17.4	11.4	2714	3600	2714
2022-08-28T20:26:39	1012.7	29.7	34.7	13.0	1013.9	15.4	11.1	2768	3600	2768
2022-08-28T21:26:42	1013.2	28.6	34.6	12.9	1014.3	14.1	10.3	2778	3600	2778
2022-08-28T22:26:43	1013.5	27.6	34.4	12.9	1014.5	13.2	10.2	2768	3600	2768
2022-08-28T23:26:52	1013.7	26.7	34.3	12.9	1014.7	12.5	10.1	2691	3600	2691
2022-08-29T00:26:55	1013.9	25.9	34.2	12.9	1014.8	12.1	9.9	2713	3600	2713
2022-08-29T01:26:57	1013.8	25.2	34.2	12.8	1014.8	11.7	9.8	2730	3600	2730
2022-08-29T02:27:03	1013.7	24.6	34.3	12.8	1014.6	12.0	9.9	2721	3600	2721
2022-08-29T03:27:12	1014.0	24.0	34.4	12.8	1015.0	11.8	9.6	2702	3600	2702
2022-08-29T04:27:15	1014.1	23.5	34.5	12.7	1015.0	11.4	9.5	2730	3600	2730
2022-08-29T05:27:21	1014.0	22.9	34.7	12.7	1014.9	11.1	9.5	2771	3600	2771
2022-08-29T06:27:22	1014.2	22.6	34.9	12.7	1015.0	12.1	10.3	2763	3600	2763
2022-08-29T07:27:30	1014.4	22.8	35.4	12.8	1015.4	13.7	10.8	2648	3600	2648
2022-08-31T14:33:08	1018.2	38.5	19.8	13.6	1019.2	23.7	9.0	2712	3600	2712
2022-08-31T15:33:14	1018.0	36.5	22.5	13.6	1019.0	23.9	8.6	2857	3600	2857
2022-08-31T16:33:21	1017.9	36.1	23.8	13.8	1019.0	22.4	8.7	2785	3600	2785
2022-08-31T17:33:29	1017.6	35.4	25.0	13.8	1018.7	21.8	8.7	2840	3600	2840
2022-08-31T18:33:31	1017.4	34.4	26.0	13.4	1018.7	19.7	9.2	2964	3600	2964
2022-08-31T19:33:41	1017.7	32.5	27.0	13.1	1019.1	16.9	9.4	2907	3600	2907
2022-08-31T20:33:46	1018.1	30.8	27.9	13.0	1019.4	14.9	9.7	2804	3600	2804
2022-08-31T21:33:49	1018.2	29.5	28.6	12.9	1019.5	13.8	9.7	2870	3600	2870
2022-08-31T22:33:58	1018.4	28.4	29.1	12.9	1019.6	13.0	9.4	2774	3600	2774
2022-08-31T23:34:06	1018.6	27.5	29.6	12.9	1019.8	13.4	9.6	2865	3600	2865
2022-09-01T00:34:14	1018.7	26.9	30.0	12.8	1019.9	13.9	9.9	2768	3600	2768
2022-09-01T01:34:19	1018.5	26.3	30.3	12.8	1019.7	14.2	10.0	2737	3600	2737
2022-09-01T02:34:27	1018.4	25.8	30.7	12.8	1019.5	13.9	9.9	2878	3600	2878
2022-09-01T03:34:34	1018.4	25.3	30.9	12.8	1019.5	13.5	9.8	2805	3600	2805
2022-09-01T04:34:37	1018.3	24.8	31.2	12.7	1019.4	12.9	9.7	2765	3600	2765
2022-09-01T05:34:47	1018.2	24.1	31.4	12.7	1019.2	11.0	9.1	2842	3600	2842
2022-09-01T06:34:49	1018.3	23.3	31.6	12.9	1019.2	11.6	9.5	2890	3600	2890
2022-09-01T07:34:55	1018.4	23.7	31.9	14.4	1019.4	18.0	10.6	2811	3600	2811
2022-09-01T08:35:06	1018.6	25.4	31.7	14.4	1019.5	20.9	10.8	2757	3600	2757
2022-09-01T09:35:07	1018.7	27.6	31.1	13.8	1019.8	21.0	10.3	2773	3600	2773
2022-09-01T10:35:11	1018.6	29.7	30.1	13.7	1019.6	21.6	9.5	2745	3600	2745
2022-09-01T11:35:13	1018.5	31.2	28.9	13.8	1019.5	21.6	9.5	2744	3600	2744
2022-09-01T12:35:14	1018.3	31.7	28.3	13.8	1019.4	21.6	9.0	2916	3600	2916
2022-09-01T13:35:28	1018.2	31.3	28.1	13.9	1019.4	21.0	9.4	2904	3600	2904
2022-09-01T14:35:38	1018.0	31.5	28.1	13.8	1019.1	21.9	9.4	2790	3600	2790
2022-09-01T15:35:41	1017.6	32.7	27.5	13.7	1018.6	22.8	8.8	2854	3600	2854
2022-09-01T16:35:44	1017.2	33.8	27.0	13.9	1018.3	22.3	9.1	2762	3600	2762
2022-09-01T17:35:50	1016.9	32.8	27.7	13.8	1018.2	20.2	9.4	2827	3600	2827
2022-09-01T18:35:51	1016.9	31.7	28.4	13.3	1018.2	18.5	9.6	2916	3600	2916
2022-09-01T19:35:52	1017.3	30.3	28.8	13.1	1018.7	15.4	9.2	2947	3600	2947
2022-09-01T20:35:56	1017.6	28.9	29.2	13.0	1018.9	13.7	9.2	2912	3600	2912
2022-09-01T21:36:02	1017.7	27.8	29.4	12.9	1018.9	12.7	9.1	2874	3600	2874
2022-09-01T22:36:03	1017.8	26.9	29.7	12.9	1018.9	11.9	9.1	2804	3600	2804
2022-09-01T23:36:11	1017.7	26.0	29.9	12.9	1018.8	11.3	9.0	2798	3600	2798
2022-09-02T00:36:14	1017.5	25.1	30.1	12.8	1018.6	10.7	8.9	2838	3600	2838
2022-09-02T01:36:16	1017.4	24.3	30.4	12.8	1018.4	10.1	8.8	2856	3600	2856
2022-09-02T02:36:28	1017.1	23.5	30.6	12.8	1018.0	9.7	8.7	2845	3600	2845
2022-09-02T03:36:29	1016.9	22.8	30.8	12.7	1017.7	9.4	8.6	2903	3600	2903
2022-09-02T04:36:32	1016.7	22.2	31.0	12.7	1017.6	9.8	9.0	2897	3600	2897
2022-09-02T05:36:37	1016.6	21.8	31.2	12.7	1017.5	9.4	8.7	2879	3600	2879
2022-09-02T06:36:48	1016.7	21.2	31.4	12.7	1017.6	9.4	8.8	2819	3600	2819
2022-09-02T07:36:56	1016.8	21.6	31.5	13.6	1017.8	14.5	10.5	2913	3600	2913
2022-09-02T08:37:10	1016.8	22.7	31.5	14.4	1017.8	15.8	10.4	2895	3600	2895
2022-09-02T09:37:11	1016.9	24.9	32.1	14.2	1017.9	18.4	10.5	2847	3600	2847
2022-09-02T10:37:19	1016.7	27.1	32.2	13.9	1017.7	19.7	9.8	2854	3600	2854
2022-09-02T11:37:21	1016.3	29.1	31.0	13.7	1017.4	20.7	9.2	2893	3600	2893
2022-09-02T12:37:29	1016.0	30.2	29.6	13.8	1017.1	20.4	8.8	3004	3600	3004
2022-09-02T13:37:31	1015.6	29.9	29.1	13.9	1016.7	20.9	8.3	2904	3600	2904
2022-09-02T14:37:33	1015.1	30.5	28.2	13.8	1016.1	21.4	8.3	2930	3600	2930
2022-09-02T15:37:37	1014.5	31.3	27.3	13.8	1015.6	21.4	8.1	2907	3600	2907
2022-09-02T16:37:44	1014.2	31.2	26.7	13.8	1015.4	20.8	7.7	2990	3600	2990
2022-09-02T17:37:45	1014.0	30.9	26.7	13.7	1015.2	20.7	7.8	3083	3600	3083
2022-09-02T18:37:51	1013.8	30.1	27.0	13.2	1015.1	18.6	7.8	3047	3600	3047
2022-09-02T19:37:59	1013.8	29.1	27.4	13.1	1015.2	17.5	7.6	2983	3600	2983
2022-09-02T20:38:00	1014.1	28.3	27.6	13.0	1015.5	17.4	7.7	2947	3600	2947
2022-09-02T21:38:08	1014.4	27.8	27.6	12.9	1015.8	16.6	7.7	2954	3600	2954
2022-09-02T22:38:12	1014.6	27.1	27.8	12.9	1016.0	15.2	7.7	2974	3600	2974
2022-09-02T23:38:15	1014.6	26.4	28.0	12.9	1016.0	14.5	7.7	2971	3600	2971
2022-09-03T00:38:16	1014.6	25.7	28.3	12.8	1015.8	12.8	7.8	2971	3600	2971
2022-09-03T01:38:19	1014.2	24.9	28.6	12.8	1015.5	12.7	7.8	2953	3600	2953
2022-09-03T02:38:26	1014.0	24.4	29.0	12.8	1015.3	13.3	7.7	2986	3600	2986
2022-09-03T03:38:35	1013.9	23.9	29.3	12.7	1015.1	12.8	7.6	2969	3600	2969
2022-09-03T04:38:40	1013.9	23.4	29.6	12.7	1015.1	12.0	7.6	2993	3600	2993
2022-09-03T05:38:47	1014.0	22.8	29.8	12.6	1015.2	11.4	7.6	2979	3600	2979
2022-09-03T06:38:57	1014.0	22.4	30.2	12.7	1015.2	12.3	7.7	2934	3600	2934
2022-09-03T07:39:05	1014.1	22.6	30.7	13.2	1015.3	13.4	7.9	2991	3600	2991
2022-09-03T08:39:06	1014.2	23.1	31.1	14.2	1015.5	14.7	8.4	2952	3600	2952
2022-09-03T09:39:12	1014.3	24.3	31.3	14.3	1015.5	16.9	8.9	2925	3600	2925
2022-09-03T10:39:16	1014.1	26.4	30.8	14.1	1015.3	18.9	8.6	2961	3600	2961
2022-09-03T11:39:19	1013.7	28.5	29.4	13.6	1014.9	20.8	8.0	2929	3600	2929
2022-09-03T12:39:23	1013.3	29.3	27.9	13.9	1014.5	20.6	7.7	3009	3600	3009
2022-09-03T13:39:28	1012.8	30.2	26.9	13.6	1014.0	22.6	7.5	3027	3600	3027
2022-09-03T14:39:30	1012.4	32.0	25.1	13.8	1013.6	22.5	7.2	3093	3600	3093
2022-09-03T15:39:33	1012.1	32.2	24.6	13.8	1013.3	22.6	7.4	2876	3600	2876
2022-09-03T16:39:36	1011.9	32.4	24.6	13.8	1013.1	21.6	7.1	2974	3600	2974
2022-09-03T17:39:43	1011.9	31.6	24.3	13.9	1013.3	21.3	7.1	3040	3600	3040
2022-09-03T18:39:46	1012.0	30.8	24.1	13.3	1013.4	20.1	7.4	3022	3600	3022
2022-09-03T19:39:52	1012.3	29.9	24.8	13.1	1013.8	18.4	7.8	3075	3600	3075
2022-09-03T20:39:54	1012.6	29.1	25.5	13.0	1014.0	17.3	8.0	3009	3600	3009
2022-09-03T21:39:55	1012.9	28.4	26.0	12.9	1014.3	17.2	7.8	2992	3600	2992
2022-09-03T22:39:59	1013.1	28.0	26.3	12.9	1014.5	16.7	7.9	3121	3600	3121
2022-09-03T23:40:11	1013.3	27.4	26.7	12.9	1014.8	15.4	7.8	2945	3600	2945
2022-09-04T00:40:14	1013.6	26.7	27.0	12.8	1015.0	14.9	7.7	2979	3600	2979
2022-09-04T01:40:15	1013.8	26.2	27.3	12.8	1015.2	15.4	7.4	2931	3600	2931
2022-09-04T02:40:31	1014.1	25.7	27.5	12.8	1015.5	15.1	7.4	2987	3600	2987
2022-09-04T03:40:33	1014.3	25.3	27.9	12.8	1015.6	14.5	7.6	2999	3600	2999
2022-09-04T04:40:36	1014.3	24.7	28.2	12.7	1015.7	13.8	7.6	2775	3600	2775
2022-09-04T05:40:56	1014.6	24.2	28.6	12.7	1016.0	13.5	7.6	2927	3600	2927
2022-09-04T06:41:04	1015.0	23.9	28.9	12.8	1016.5	14.3	7.7	3019	3600	3019
2022-09-04T07:41:12	1015.8	24.3	29.1	14.0	1017.2	16.1	7.9	2952	3600	2952
2022-09-04T08:41:14	1016.2	25.2	29.2	14.5	1017.6	17.1	8.2	2933	3600	2933
2022-09-04T09:41:25	1016.7	26.6	29.5	14.2	1018.0	18.9	9.1	2870	3600	2870
2022-09-04T10:41:31	1016.9	28.1	29.5	13.7	1018.1	20.2	9.4	2899	3600	2899
2022-09-04T11:41:32	1016.9	29.9	29.0	13.7	1018.0	21.6	9.4	2968	3600	2968
2022-09-04T12:41:40	1016.9	31.5	28.1	13.6	1018.0	22.7	9.7	3032	3600	3032
2022-09-04T13:41:49	1016.6	32.9	26.9	13.6	1017.7	23.5	9.1	2974	3600	2974
2022-09-04T14:41:56	1016.6	34.0	25.9	13.6	1017.8	24.0	8.9	2993	3600	2993
2022-09-04T15:41:57	1016.8	34.6	25.4	13.7	1017.9	24.1	8.5	2920	3600	2920
2022-09-04T16:42:03	1016.8	34.7	25.2	13.8	1017.9	23.8	8.8	2901	3600	2901
2022-09-04T17:42:04	1017.0	34.1	25.3	13.9	1018.2	23.0	8.5	3006	3600	3006
2022-09-04T18:42:08	1017.4	33.2	25.9	13.3	1018.7	21.2	8.8	2963	3600	2963
2022-09-04T19:42:13	1017.9	32.0	26.4	13.1	1019.3	18.5	8.3	2962	3600	2962
2022-09-04T20:42:22	1018.3	30.9	26.8	13.0	1019.7	17.5	8.6	2990	3600	2990
2022-09-04T21:42:27	1018.4	30.0	27.0	12.9	1019.8	17.9	8.4	2877	3600	2877
2022-09-04T22:42:36	1018.8	29.4	27.1	12.9	1020.2	16.8	8.5	2867	3600	2867
2022-09-04T23:42:42	1019.2	28.6	27.3	12.8	1020.5	16.2	8.6	2965	3600	2965
2022-09-05T00:42:44	1019.3	28.2	27.6	12.8	1020.6	17.3	8.7	2955	3600	2955
2022-09-05T01:42:56	1019.1	27.9	27.9	12.8	1020.5	17.3	8.5	2926	3600	2926
2022-09-05T02:43:16	1019.5	27.5	28.2	12.7	1020.9	17.1	8.5	2861	3600	2861
2022-09-05T03:43:18	1019.8	27.2	28.4	12.8	1021.1	16.3	8.4	2981	3600	2981
2022-09-05T04:43:25	1019.8	26.6	28.6	12.7	1021.1	15.1	8.4	2902	3600	2902
2022-09-05T05:43:27	1019.6	26.0	28.8	12.7	1020.9	14.0	8.4	2786	3600	2786
2022-09-05T06:43:36	1019.9	25.4	29.1	12.8	1021.1	14.4	8.6	2785	3600	2785
2022-09-05T07:43:41	1020.2	25.5	29.4	13.6	1021.5	15.9	9.1	2855	3600	2855
2022-09-05T08:43:47	1020.4	26.3	29.7	14.4	1021.6	18.1	9.6	2778	3600	2778
2022-09-05T09:43:58	1020.5	27.6	30.0	14.3	1021.7	19.5	10.0	2818	3600	2818
2022-09-05T10:44:02	1020.3	29.1	30.2	13.7	1021.4	20.7	10.0	2826	3600	2826
2022-09-05T11:44:07	1020.0	30.6	29.8	13.6	1021.0	22.1	10.3	2885	3600	2885
2022-09-05T12:44:14	1019.5	31.9	28.9	13.6	1020.5	23.0	10.1	2884	3600	2884
2022-09-05T13:44:23	1019.1	32.9	28.0	13.6	1020.2	23.6	10.3	2884	3600	2884
2022-09-05T14:44:28	1018.7	34.0	27.4	13.6	1019.7	24.2	10.3	2950	3600	2950
2022-09-05T15:44:32	1018.4	34.7	26.9	13.7	1019.4	24.4	10.0	2917	3600	2917
2022-09-05T16:44:43	1017.9	34.5	26.7	13.8	1019.0	23.6	10.1	2896	3600	2896
2022-09-05T17:44:44	1017.8	34.0	27.0	13.7	1018.9	22.8	10.1	2982	3600	2982
2022-09-05T18:44:48	1017.8	33.0	27.4	13.2	1018.9	21.1	9.8	2877	3600	2877
2022-09-05T19:44:53	1018.1	31.8	27.6	13.0	1019.3	19.6	9.7	2980	3600	2980
2022-09-05T20:45:02	1018.0	30.9	27.8	12.9	1019.3	18.5	9.3	2857	3600	2857
2022-09-05T21:45:05	1017.9	30.2	27.9	12.9	1019.2	17.9	9.0	2918	3600	2918
2022-09-05T22:45:08	1017.8	29.5	27.9	12.9	1019.1	17.9	8.5	3017	3600	3017
2022-09-05T23:45:12	1017.6	28.9	27.8	12.8	1018.9	17.4	8.0	2856	3600	2856
2022-09-06T00:45:14	1017.4	28.1	27.7	12.8	1018.7	16.7	7.5	2940	3600	2940
2022-09-06T01:45:21	1017.1	27.5	27.6	12.8	1018.4	15.9	7.1	2966	3600	2966
2022-09-06T02:45:29	1017.0	26.8	27.5	12.8	1018.4	15.4	6.7	2977	3600	2977
2022-09-06T03:45:33	1016.9	26.2	27.2	12.7	1018.3	15.1	6.6	3000	3600	3000
2022-09-06T04:45:34	1016.8	25.7	27.1	12.7	1018.1	14.3	6.6	2964	3600	2964
2022-09-06T05:45:43	1016.4	25.1	27.4	12.7	1017.7	13.9	7.0	3010	3600	3010
2022-09-06T06:45:47	1016.3	24.8	27.9	13.1	1017.6	14.8	7.4	2947	3600	2947
2022-09-06T07:45:51	1016.2	25.2	28.2	14.5	1017.5	16.6	7.8	3016	3600	3016
2022-09-06T08:46:00	1016.1	26.2	28.4	14.4	1017.4	17.3	8.1	2988	3600	2988
2022-09-06T09:46:04	1016.2	26.9	28.7	13.9	1017.4	18.1	8.6	3043	3600	3043
2022-09-06T10:46:13	1015.8	27.6	29.1	13.9	1017.0	18.5	8.8	2996	3600	2996
2022-09-06T11:46:16	1015.2	27.9	29.4	13.9	1016.4	19.5	9.4	2873	3600	2873
2022-09-06T12:46:21	1014.9	28.4	29.5	13.9	1016.0	20.1	9.5	2927	3600	2927
2022-09-06T13:46:27	1014.5	29.0	29.6	13.9	1015.6	21.4	9.6	3067	3600	3067
2022-09-06T14:46:31	1013.9	30.6	29.1	13.8	1015.0	22.6	9.9	3051	3600	3051
2022-09-06T15:46:33	1013.7	31.3	28.7	13.8	1014.8	22.4	9.8	2931	3600	2931
2022-09-06T16:46:36	1013.4	31.1	28.7	13.9	1014.5	21.8	9.9	3051	3600	3051
2022-09-06T17:46:41	1013.0	30.5	29.0	13.5	1014.1	21.3	9.8	3083	3600	3083
2022-09-06T18:46:51	1012.9	29.9	29.1	13.2	1014.1	20.8	9.6	3122	3600	3122
2022-09-06T19:46:53	1013.1	29.5	29.2	13.0	1014.2	20.3	9.3	3185	3600	3185
2022-09-06T20:47:07	1013.1	29.2	29.1	12.9	1014.4	20.0	8.8	3155	3600	3155
2022-09-06T21:47:14	1012.8	28.8	28.9	12.8	1014.0	19.4	8.7	3105	3600	3105
2022-09-06T22:47:24	1012.2	28.3	28.9	12.9	1013.5	18.8	8.6	3114	3600	3114
2022-09-06T23:47:34	1011.9	28.2	28.6	12.8	1013.2	18.3	8.5	3115	3600	3115
2022-09-07T00:47:39	1011.8	27.9	28.6	12.8	1013.1	17.2	8.4	3181	3600	3181
2022-09-07T01:47:46	1011.4	27.4	28.6	12.8	1012.7	16.2	8.3	3159	3600	3159
2022-09-07T02:47:55	1011.0	26.8	28.7	12.8	1012.4	15.7	8.0	3069	3600	3069
2022-09-07T03:48:01	1010.9	26.2	28.8	12.7	1012.2	14.8	8.0	3079	3600	3079
2022-09-07T04:48:02	1010.7	25.6	28.9	12.7	1011.9	13.1	8.1	3113	3600	3113
2022-09-07T05:48:07	1010.3	24.9	29.1	12.6	1011.5	13.6	8.1	3190	3600	3190
2022-09-07T06:48:12	1010.0	24.7	29.5	13.0	1011.2	15.2	8.5	3168	3600	3168
2022-09-07T07:48:23	1010.0	25.2	30.2	14.3	1011.2	16.4	8.8	3116	3600	3116
2022-09-07T08:48:27	1009.8	26.0	31.0	14.3	1011.0	18.1	9.4	3151	3600	3151
2022-09-07T09:48:34	1009.8	27.6	31.1	13.9	1010.9	19.7	10.3	3253	3600	3253
2022-09-07T10:48:38	1009.6	29.5	30.7	13.8	1010.6	21.3	10.9	3131	3600	3131
2022-09-07T11:48:40	1009.2	30.3	30.3	13.9	1010.2	21.7	11.3	3069	3600	3069
2022-09-07T12:48:43	1009.1	30.3	31.0	13.9	1010.1	22.4	11.9	3166	3600	3166
2022-09-07T13:48:46	1008.8	30.8	31.2	13.8	1009.7	22.9	12.4	3158	3600	3158
2022-09-07T14:48:49	1008.5	31.4	34.0	13.8	1009.4	23.4	12.8	3129	3600	3129
2022-09-07T15:48:54	1008.0	32.0	34.9	13.8	1008.9	24.5	14.0	3181	3600	3181
2022-09-07T16:49:00	1007.8	33.6	33.4	13.9	1008.8	24.6	13.5	3235	3600	3235
2022-09-07T17:49:03	1007.2	33.1	32.8	13.5	1008.2	23.2	13.6	3180	3600	3180
2022-09-07T18:49:06	1007.0	32.4	32.8	13.2	1008.0	21.8	12.9	3291	3600	3291
2022-09-07T19:49:10	1007.4	31.6	32.7	13.0	1008.5	21.4	12.3	3232	3600	3232
2022-09-07T20:49:11	1007.6	31.1	32.4	12.9	1008.7	19.8	11.8	3298	3600	3298
2022-09-07T21:49:17	1007.1	30.4	32.1	12.9	1008.3	18.2	11.9	3266	3600	3266
2022-09-07T22:49:21	1006.9	29.8	32.0	12.9	1008.0	17.4	12.0	3285	3600	3285
2022-09-07T23:49:24	1006.8	29.3	32.0	12.8	1007.9	18.0	11.3	3164	3600	3164
2022-09-08T00:49:29	1006.3	28.9	31.9	12.8	1007.4	18.0	10.7	3312	3600	3312
2022-09-08T01:49:35	1006.1	28.5	31.8	12.8	1007.2	17.6	10.3	3316	3600	3316
2022-09-08T02:49:42	1005.9	28.1	31.7	12.8	1007.0	17.0	10.1	3297	3600	3297
2022-09-08T03:49:45	1005.5	27.7	31.6	12.7	1006.7	16.2	9.8	3216	3600	3216
2022-09-08T04:50:03	1005.1	27.2	31.6	12.7	1006.2	15.9	9.3	3381	3600	3381
2022-09-08T05:50:08	1004.8	26.8	31.5	12.6	1005.9	15.9	9.0	3246	3600	3246
2022-09-08T06:50:13	1004.7	26.5	31.4	12.7	1005.8	16.0	8.7	3328	3600	3328
2022-09-08T07:50:20	1004.6	26.4	31.2	12.8	1005.9	16.1	8.8	3343	3600	3343
2022-09-08T08:50:23	1004.6	26.5	31.3	13.3	1005.8	16.7	9.2	3331	3600	3331
2022-09-08T09:50:24	1004.4	27.0	31.3	13.6	1005.6	17.0	9.6	3284	3600	3284
2022-09-08T10:50:26	1004.1	26.6	31.6	13.4	1005.3	15.9	10.4	3264	3600	3264
2022-09-08T11:50:36	1004.6	25.8	32.3	13.2	1005.6	14.4	11.2	3293	3600	3293
2022-09-08T12:50:43	1003.5	25.1	33.0	13.4	1004.6	14.6	12.0	3116	3600	3116
2022-09-08T13:50:50	1003.2	25.1	34.2	14.3	1004.2	15.7	12.8	3048	3600	3048
2022-09-08T14:50:51	1002.8	25.5	36.2	14.2	1003.8	16.9	13.6	3137	3600	3137
2022-09-08T15:50:59	1002.6	25.6	38.1	13.5	1003.5	17.0	13.9	3009	3600	3009
2022-09-08T16:51:02	1002.5	25.4	39.6	13.3	1003.5	17.2	14.3	3063	3600	3063
2022-09-08T17:51:03	1002.5	25.5	40.3	13.2	1003.5	17.4	14.5	3058	3600	3058
2022-09-08T18:51:08	1003.1	25.3	40.6	13.1	1004.1	16.5	13.7	3038	3600	3038
2022-09-08T19:51:15	1003.6	24.9	40.0	13.0	1004.5	15.8	13.2	2985	3600	2985
2022-09-08T20:51:23	1004.0	24.7	39.4	12.9	1005.0	15.9	13.4	2984	3600	2984
2022-09-08T21:51:30	1004.5	24.7	39.2	12.9	1005.4	15.9	13.5	3080	3600	3080
2022-09-08T22:51:35	1004.9	24.5	39.2	12.8	1005.9	15.5	13.0	3056	3600	3056
2022-09-08T23:51:46	1005.2	23.9	39.0	12.8	1006.1	14.6	12.3	2968	3600	2968
2022-09-09T00:51:51	1005.3	23.5	38.4	12.8	1006.2	14.3	12.2	2990	3600	2990
2022-09-09T01:51:54	1005.3	23.2	37.9	12.7	1006.1	14.1	12.1	3111	3600	3111
2022-09-09T02:52:02	1005.2	22.9	37.7	12.7	1006.1	13.8	11.9	2951	3600	2951
2022-09-09T03:52:07	1005.2	22.6	37.5	12.6	1006.1	13.8	11.7	3036	3600	3036
2022-09-09T04:52:08	1005.4	22.3	37.3	12.6	1006.3	13.5	11.5	3066	3600	3066
2022-09-09T05:52:11	1005.5	22.0	37.2	12.6	1006.5	13.4	11.2	3121	3600	3121
2022-09-09T06:52:14	1005.7	21.9	37.2	12.7	1006.6	13.7	11.4	3033	3600	3033
2022-09-09T07:52:16	1006.0	22.4	37.3	14.2	1007.0	16.1	12.3	3058	3600	3058
2022-09-09T08:52:24	1006.1	23.5	37.4	14.5	1007.1	17.3	12.7	3081	3600	3081
2022-09-09T09:52:36	1006.5	25.1	37.4	14.0	1007.5	18.3	13.1	3030	3600	3030
2022-09-09T10:52:41	1006.6	26.6	37.2	13.8	1007.6	19.8	13.7	3082	3600	3082
2022-09-09T11:52:47	1006.6	28.7	36.2	13.7	1007.5	21.7	14.1	3085	3600	3085
2022-09-09T12:52:57	1006.5	31.1	34.6	13.7	1007.4	23.0	13.8	3098	3600	3098
2022-09-09T13:53:07	1006.2	32.4	33.7	13.6	1007.1	23.2	13.1	2977	3600	2977
2022-09-09T14:53:09	1006.1	31.9	33.5	13.7	1007.1	20.2	13.6	3060	3600	3060
2022-09-09T15:53:14	1006.0	30.1	35.4	13.9	1007.0	21.1	13.7	3033	3600	3033
2022-09-09T16:53:27	1005.8	30.6	35.3	13.9	1006.7	20.7	13.1	3095	3600	3095
2022-09-09T17:53:35	1005.8	30.1	35.3	13.3	1007.0	18.4	13.4	3079	3600	3079
2022-09-09T18:53:42	1005.9	29.2	35.3	13.1	1007.0	17.3	13.4	3081	3600	3081
2022-09-09T19:53:50	1006.0	27.9	35.5	13.0	1007.1	15.6	12.6	2990	3600	2990
2022-09-09T20:53:51	1006.6	27.0	35.9	12.9	1007.7	16.9	12.6	3029	3600	3029
2022-09-09T21:53:57	1006.8	26.6	36.2	12.9	1007.9	16.5	12.4	3013	3600	3013
2022-09-09T22:54:04	1006.4	26.1	36.7	12.9	1007.5	15.6	11.9	3169	3600	3169
2022-09-09T23:54:08	1006.6	25.5	37.0	12.8	1007.6	15.2	11.6	2941	3600	2941
2022-09-10T00:54:15	1006.6	25.0	37.2	12.8	1007.6	14.6	11.4	2978	3600	2978
2022-09-10T01:54:20	1006.4	24.4	37.3	12.8	1007.3	14.1	11.0	3042	3600	3042
2022-09-10T02:54:29	1006.3	23.9	37.3	12.7	1007.4	13.8	10.8	3122	3600	3122
2022-09-10T03:54:31	1006.5	23.4	37.1	12.7	1007.5	13.3	10.7	2969	3600	2969
2022-09-10T04:54:34	1006.6	22.9	37.0	12.7	1007.6	12.8	10.5	3035	3600	3035
2022-09-10T05:54:39	1006.5	22.5	36.8	12.6	1007.4	12.4	10.4	3042	3600	3042
2022-09-10T06:54:51	1006.7	22.1	36.7	12.8	1007.6	13.4	10.8	2971	3600	2971
2022-09-10T07:54:58	1006.9	22.9	36.6	14.3	1007.8	18.4	11.8	2927	3600	2927
2022-09-10T08:55:00	1007.1	24.9	35.9	14.3	1008.0	22.0	12.8	3081	3600	3081
2022-09-10T09:55:03	1007.2	27.4	34.9	13.9	1008.2	21.9	12.9	2980	3600	2980
2022-09-10T10:55:10	1007.5	29.8	33.7	13.7	1008.4	22.3	13.2	3089	3600	3089
2022-09-10T11:55:12	1007.3	31.4	32.7	13.5	1008.3	22.6	13.2	2990	3600	2990
2022-09-10T12:55:20	1007.1	33.4	31.5	13.6	1008.0	24.1	13.0	3059	3600	3059
2022-09-10T13:55:32	1006.9	35.1	30.3	13.7	1007.9	23.7	12.8	3093	3600	3093
2022-09-10T14:55:39	1006.7	35.1	30.2	13.8	1007.7	24.3	12.8	3064	3600	3064
2022-09-10T15:55:44	1006.6	34.4	30.4	13.8	1007.6	21.3	12.5	3141	3600	3141
2022-09-10T16:55:50	1006.6	33.9	31.2	13.8	1007.6	22.2	12.8	3038	3600	3038
2022-09-10T17:55:54	1006.8	33.2	31.5	13.5	1007.9	19.5	12.2	3131	3600	3131
2022-09-10T18:56:03	1007.1	31.7	32.0	13.1	1008.3	17.3	12.0	3149	3600	3149
2022-09-10T19:56:12	1007.5	30.8	32.2	13.0	1008.7	16.7	12.1	3063	3600	3063
2022-09-10T20:56:13	1007.5	30.0	32.3	12.9	1008.6	15.8	11.9	3028	3600	3028
2022-09-10T21:56:14	1007.5	29.1	32.4	12.9	1008.6	14.9	11.7	3149	3600	3149
2022-09-10T22:56:21	1007.7	28.4	32.5	12.8	1008.8	14.1	11.4	3113	3600	3113
2022-09-10T23:56:29	1007.9	27.6	32.7	12.8	1008.9	13.6	11.2	2989	3600	2989
2022-09-11T00:56:39	1008.2	27.0	32.8	12.8	1009.2	13.0	10.9	2974	3600	2974
2022-09-11T01:56:44	1008.4	26.3	32.8	12.8	1009.4	12.6	10.7	2946	3600	2946
2022-09-11T02:56:47	1008.5	25.7	32.9	12.7	1009.4	12.1	10.4	2933	3600	2933
2022-09-11T03:56:50	1008.6	25.1	33.0	12.7	1009.5	11.8	10.3	3098	3600	3098
2022-09-11T04:56:51	1009.1	24.5	33.1	12.7	1010.0	12.1	10.6	2968	3600	2968
2022-09-11T05:57:01	1009.6	24.1	33.7	12.5	1010.5	12.9	11.2	2866	3600	2866
2022-09-11T06:57:13	1010.0	23.8	34.1	12.7	1010.9	13.7	11.8	2931	3600	2931
2022-09-11T07:57:20	1010.6	24.0	34.5	12.9	1011.5	14.8	12.6	2970	3600	2970
2022-09-11T08:57:22	1010.9	24.9	34.3	13.7	1011.8	16.8	13.1	3032	3600	3032
2022-09-11T09:57:29	1011.3	25.7	34.2	13.9	1012.3	18.1	13.2	2896	3600	2896
2022-09-11T10:57:31	1011.6	26.4	34.5	14.4	1012.5	19.1	13.5	3007	3600	3007
2022-09-11T11:57:36	1011.8	28.2	34.0	14.2	1012.7	20.6	13.3	2979	3600	2979
2022-09-11T12:57:51	1011.8	29.8	33.4	13.7	1012.6	22.8	13.6	2934	3600	2934
2022-09-11T13:57:52	1011.7	32.9	31.7	13.8	1012.6	24.4	12.7	2999	3600	2999
2022-09-11T14:58:03	1011.9	31.7	31.9	13.7	1013.0	18.5	13.2	3057	3600	3057
2022-09-11T15:58:06	1012.0	29.3	33.9	13.9	1013.0	18.3	14.8	2930	3600	2930
2022-09-11T16:58:10	1012.0	29.9	34.5	14.0	1012.9	19.6	15.0	3006	3600	3006
2022-09-11T17:58:24	1011.9	29.7	34.7	13.3	1012.9	17.5	13.7	2953	3600	2953
2022-09-11T18:58:29	1012.0	28.8	34.8	13.1	1013.0	16.1	12.8	2926	3600	2926
2022-09-11T19:58:33	1012.1	27.9	34.8	13.0	1013.1	14.8	12.2	2919	3600	2919
2022-09-11T20:58:45	1012.6	27.1	34.6	12.9	1013.6	14.0	11.8	2910	3600	2910
2022-09-11T21:59:01	1012.8	26.5	34.6	12.9	1013.8	13.2	11.3	2911	3600	2911
2022-09-11T22:59:06	1012.9	25.9	34.5	12.9	1013.8	13.6	11.6	2919	3600	2919
2022-09-11T23:59:10	1012.9	25.6	34.5	12.8	1013.8	13.8	11.8	2874	3600	2874
2022-09-12T00:59:11	1012.8	25.2	34.4	12.8	1013.6	12.6	10.9	2952	3600	2952
2022-09-12T01:59:13	1012.6	24.5	34.4	12.8	1013.4	11.8	10.4	2978	3600	2978
2022-09-12T02:59:14	1012.4	23.9	34.4	12.7	1013.2	11.2	10.0	2857	3600	2857
2022-09-12T03:59:15	1012.4	23.4	34.2	12.7	1013.2	10.6	9.7	3015	3600	3015
2022-09-12T04:59:17	1012.4	22.9	34.0	12.7	1013.1	10.3	9.6	2939	3600	2939
2022-09-12T05:59:27	1012.5	22.4	33.9	12.6	1013.2	10.1	9.5	2896	3600	2896
2022-09-12T06:59:42	1012.5	22.1	33.9	13.0	1013.4	11.9	10.5	2950	3600	2950
2022-09-12T07:59:46	1012.9	22.9	33.6	14.5	1013.8	19.6	12.3	2954	3600	2954
2022-09-12T08:59:56	1012.9	24.9	33.4	14.3	1013.8	21.1	12.8	2968	3600	2968
2022-09-12T10:00:09	1013.0	27.4	32.6	13.8	1014.0	19.5	12.5	3060	3600	3060
2022-09-12T11:00:15	1012.8	30.0	31.6	13.6	1013.7	20.9	12.5	2974	3600	2974
2022-09-12T12:00:22	1012.6	31.9	30.7	13.6	1013.5	21.8	11.8	3019	3600	3019
2022-09-12T13:00:25	1012.3	33.6	29.9	13.6	1013.3	21.4	11.1	3028	3600	3028
2022-09-12T14:00:28	1012.0	34.3	29.5	13.7	1013.0	22.2	11.5	3105	3600	3105
2022-09-12T15:00:38	1011.6	34.0	29.6	13.8	1012.6	22.0	11.1	2947	3600	2947
2022-09-12T16:00:42	1011.2	33.2	30.1	13.9	1012.3	20.5	11.4	3138	3600	3138
2022-09-12T17:00:50	1010.9	32.5	30.6	13.9	1011.9	19.3	11.1	3090	3600	3090
2022-09-12T18:00:51	1010.5	31.7	31.0	13.4	1011.6	18.4	11.3	3045	3600	3045
2022-09-12T19:00:57	1010.1	30.7	31.3	13.1	1011.3	16.6	11.1	3207	3600	3207
2022-09-12T20:01:11	1010.0	29.6	31.6	13.0	1011.1	15.7	10.8	3067	3600	3067
2022-09-12T21:01:14	1009.6	28.7	31.7	12.9	1010.7	15.4	10.7	3196	3600	3196
2022-09-12T22:01:20	1009.3	27.9	31.9	12.9	1010.4	14.7	10.6	3143	3600	3143
2022-09-12T23:01:28	1008.9	27.2	32.1	12.8	1009.9	14.1	10.2	3008	3600	3008
2022-09-13T00:01:33	1008.2	26.6	32.3	12.8	1009.2	14.1	10.1	3030	3600	3030
2022-09-13T01:01:36	1007.7	25.7	33.0	12.7	1008.6	13.8	10.1	3037	3600	3037
2022-09-13T02:01:41	1006.8	25.0	33.9	12.8	1007.7	13.6	10.1	3075	3600	3075
2022-09-13T03:01:49	1006.2	24.5	34.4	12.7	1007.2	13.5	10.1	3109	3600	3109
2022-09-13T04:01:52	1005.4	24.0	34.8	12.7	1006.4	13.1	10.0	3260	3600	3260
2022-09-13T05:02:00	1004.8	23.6	35.2	12.7	1005.8	12.7	10.0	3242	3600	3242
2022-09-13T06:02:01	1004.2	23.2	35.6	12.6	1005.1	13.0	10.2	3150	3600	3150
2022-09-13T07:02:03	1004.1	23.1	35.9	12.6	1005.2	13.4	10.7	3102	3600	3102
2022-09-13T08:02:11	1004.1	22.9	36.0	12.7	1005.0	13.7	11.3	3120	3600	3120
2022-09-13T09:02:14	1003.7	23.1	36.3	13.2	1004.7	15.2	12.0	3159	3600	3159
2022-09-13T10:02:27	1003.8	23.8	36.4	14.2	1004.8	17.1	12.9	3070	3600	3070
2022-09-13T11:02:33	1003.6	26.1	36.0	14.4	1004.5	20.5	14.0	3129	3600	3129
2022-09-13T12:02:36	1003.4	27.6	35.8	13.8	1004.4	19.6	13.6	3165	3600	3165
2022-09-13T13:02:37	1003.3	26.3	37.8	13.8	1004.3	17.4	13.8	3102	3600	3102
2022-09-13T14:02:41	1003.1	26.2	38.8	14.2	1004.1	18.7	14.8	3203	3600	3203
2022-09-13T15:02:42	1002.8	26.8	38.3	13.8	1003.6	20.1	15.1	3152	3600	3152
2022-09-13T16:02:43	1002.6	28.2	37.7	14.0	1003.5	20.6	14.6	3144	3600	3144
2022-09-13T17:02:51	1002.3	28.7	37.7	14.0	1003.2	20.6	14.2	3186	3600	3186
2022-09-13T18:02:53	1002.1	28.5	37.9	13.6	1003.1	18.7	13.5	3210	3600	3210
2022-09-13T19:02:57	1002.2	27.6	38.1	13.2	1003.3	17.5	13.1	3296	3600	3296
2022-09-13T20:03:03	1002.4	27.0	38.1	13.0	1003.5	16.4	12.9	3129	3600	3129
2022-09-13T21:03:07	1002.5	26.5	37.8	13.0	1003.6	15.5	12.5	3241	3600	3241
2022-09-13T22:03:10	1002.5	25.9	37.4	12.9	1003.6	14.2	11.7	3249	3600	3249
2022-09-13T23:03:18	1002.6	25.4	36.9	12.8	1003.6	12.9	10.8	3219	3600	3219
2022-09-14T00:03:25	1002.7	24.9	36.3	12.8	1003.7	12.0	10.3	3286	3600	3286
2022-09-14T01:03:28	1002.8	24.4	36.0	12.8	1003.7	12.1	10.4	3333	3600	3333
2022-09-14T02:03:29	1002.4	23.9	35.8	12.8	1003.2	11.9	10.3	3189	3600	3189
2022-09-14T03:03:41	1002.1	23.5	35.8	12.8	1003.0	11.8	10.2	3159	3600	3159
2022-09-14T04:03:43	1002.0	23.1	35.8	12.7	1002.9	11.4	10.0	3149	3600	3149
2022-09-14T05:03:45	1001.8	22.6	35.8	12.7	1002.7	11.1	9.9	3328	3600	3328
2022-09-14T06:03:49	1001.7	22.2	35.8	12.6	1002.5	10.8	9.7	3282	3600	3282
2022-09-14T07:03:57	1001.6	22.0	35.8	12.7	1002.4	11.6	10.2	3307	3600	3307
2022-09-14T08:04:00	1001.3	22.3	35.7	13.2	1002.2	13.7	11.4	3412	3600	3412
2022-09-14T09:04:06	1001.3	23.2	35.5	14.4	1002.3	15.8	12.0	3262	3600	3262
2022-09-14T10:04:13	1001.3	25.0	35.1	14.4	1002.2	18.6	12.2	3306	3600	3306
2022-09-14T11:04:23	1001.0	26.5	34.4	14.2	1002.0	18.4	11.5	3160	3600	3160
2022-09-14T12:04:25	1000.6	27.4	34.0	13.7	1001.6	20.0	11.3	3370	3600	3370
2022-09-14T13:04:33	1000.5	29.3	32.8	13.9	1001.6	19.8	10.9	3276	3600	3276
2022-09-14T14:04:35	1000.3	29.1	32.8	13.9	1001.3	20.1	11.3	3438	3600	3438
2022-09-14T15:04:41	999.7	29.4	32.6	14.0	1000.7	19.8	11.3	3297	3600	3297
2022-09-14T16:04:48	999.3	29.0	32.8	13.9	1000.4	18.2	11.0	3357	3600	3357
2022-09-14T17:04:50	998.9	28.4	33.1	13.7	1000.1	17.6	11.6	3334	3600	3334
2022-09-14T18:04:52	998.9	28.0	33.3	13.3	1000.0	16.8	11.2	3363	3600	3363
2022-09-14T19:05:03	998.6	27.3	33.4	13.1	999.7	15.6	10.8	3435	3600	3435
2022-09-14T20:05:08	998.3	26.6	33.5	12.9	999.5	14.8	10.7	3204	3600	3204
2022-09-14T21:05:13	998.4	26.1	33.7	12.9	999.6	14.3	10.5	3322	3600	3322
2022-09-14T22:05:17	998.4	25.6	33.8	12.9	999.5	13.9	10.7	3251	3600	3251
2022-09-14T23:05:22	998.5	25.1	34.0	12.9	999.6	13.4	10.6	3466	3600	3466
2022-09-15T00:05:36	998.4	24.6	34.2	12.8	999.5	13.1	10.6	3404	3600	3404
2022-09-15T01:05:40	998.3	24.2	34.5	12.8	999.3	12.7	10.5	3306	3600	3306
2022-09-15T02:05:41	998.0	23.7	34.7	12.8	999.1	12.2	10.4	3338	3600	3338
2022-09-15T03:05:44	998.1	23.2	35.0	12.7	999.1	12.1	10.4	3398	3600	3398
2022-09-15T04:05:48	998.1	22.9	35.4	12.7	999.1	12.1	10.3	3364	3600	3364
2022-09-15T05:05:52	998.1	22.5	35.4	12.7	999.0	11.1	9.7	3319	3600	3319
2022-09-15T06:06:02	998.0	22.0	35.4	12.6	998.9	10.8	9.7	3338	3600	3338
2022-09-15T07:06:12	998.1	21.8	35.8	12.9	999.1	12.1	10.4	3287	3600	3287
2022-09-15T08:06:27	998.3	22.2	36.7	13.6	999.3	13.9	11.0	3365	3600	3365
2022-09-15T09:06:32	998.6	23.0	37.2	14.2	999.7	15.0	11.2	3330	3600	3330
2022-09-15T10:06:34	998.9	23.8	37.6	14.5	1000.0	15.9	11.1	3322	3600	3322
2022-09-15T11:06:37	998.8	25.2	37.5	14.2	999.8	18.5	11.5	3373	3600	3373
2022-09-15T12:06:39	998.7	27.6	35.7	13.9	999.8	19.7	10.5	3452	3600	3452
2022-09-15T13:06:40	998.7	27.8	34.2	13.9	999.8	18.7	9.7	3244	3600	3244
2022-09-15T14:06:50	998.7	27.9	33.3	13.9	999.9	19.2	10.1	3479	3600	3479
2022-09-15T15:06:52	998.5	28.6	32.5	13.9	999.7	18.8	9.6	3332	3600	3332
2022-09-15T16:07:04	998.4	28.6	31.8	14.0	999.6	18.8	9.1	3374	3600	3374
2022-09-15T17:07:07	998.7	27.7	31.3	13.6	1000.0	15.8	9.8	3340	3600	3340
2022-09-15T18:07:15	998.9	26.2	32.5	13.2	1000.2	14.0	9.9	3241	3600	3241
2022-09-15T19:07:24	999.1	25.2	33.3	13.1	1000.3	12.9	10.0	3395	3600	3395
2022-09-15T20:07:26	999.3	24.3	34.1	13.0	1000.5	12.4	9.9	3395	3600	3395
2022-09-15T21:07:33	999.4	23.9	34.5	12.9	1000.6	12.8	9.9	3321	3600	3321
2022-09-15T22:07:37	999.6	23.3	34.9	12.9	1000.8	12.1	9.6	3409	3600	3409
2022-09-15T23:07:49	999.8	22.8	35.2	12.8	1001.0	11.9	9.4	3355	3600	3355
2022-09-16T00:07:54	1000.2	22.3	35.7	12.8	1001.2	11.7	9.2	3317	3600	3317
2022-09-16T01:08:05	1000.2	21.8	36.2	12.8	1001.2	11.0	9.0	3290	3600	3290
2022-09-16T02:08:07	1000.3	21.3	36.6	12.8	1001.3	10.8	9.1	3276	3600	3276
2022-09-16T03:08:08	1000.3	20.9	37.1	12.7	1001.3	10.3	9.1	3200	3600	3200
2022-09-16T04:08:09	1000.3	20.4	37.3	12.7	1001.2	9.9	8.9	3321	3600	3321
2022-09-16T05:08:17	1000.2	20.0	37.5	12.6	1001.0	9.7	8.9	3282	3600	3282
2022-09-16T06:08:24	1000.1	19.6	37.8	12.6	1001.0	9.6	8.8	3263	3600	3263
2022-09-16T07:08:30	1000.0	19.4	38.3	13.2	1000.9	11.7	9.4	3308	3600	3308
2022-09-16T08:08:31	999.9	20.0	39.5	14.3	1000.9	13.5	9.8	3288	3600	3288
2022-09-16T09:08:33	1000.0	21.3	40.0	14.7	1001.1	14.8	9.8	3386	3600	3386
2022-09-16T10:08:40	1000.1	23.0	39.1	14.2	1001.2	16.8	9.9	3234	3600	3234
2022-09-16T11:08:44	999.9	25.1	36.8	13.8	1001.0	17.6	9.3	3328	3600	3328
2022-09-16T12:08:48	999.6	26.2	34.4	13.7	1000.8	18.1	8.7	3300	3600	3300
2022-09-16T13:08:50	999.4	27.5	31.7	13.8	1000.5	18.6	8.1	3455	3600	3455
2022-09-16T14:08:51	998.9	27.9	30.0	13.9	1000.1	18.6	8.1	3413	3600	3413
2022-09-16T15:08:53	998.5	28.7	29.0	13.9	999.7	19.4	7.5	3524	3600	3524
2022-09-16T16:08:58	998.2	28.9	27.4	13.9	999.5	18.8	7.2	3396	3600	3396
2022-09-16T17:08:59	997.9	28.4	26.7	14.0	999.4	17.4	6.8	3403	3600	3403
2022-09-16T18:09:00	998.0	27.2	26.3	13.4	999.5	15.0	6.8	3440	3600	3440
2022-09-16T19:09:03	998.0	25.9	26.9	13.1	999.5	13.3	7.1	3441	3600	3441
2022-09-16T20:09:08	998.0	25.0	27.9	13.0	999.5	13.1	7.5	3413	3600	3413
2022-09-16T21:09:15	997.8	23.8	29.5	12.9	999.0	10.6	8.9	3359	3600	3359
2022-09-16T22:09:20	997.1	22.8	31.6	12.9	998.3	10.2	9.1	3190	3600	3190
2022-09-16T23:09:21	997.4	22.1	34.2	12.8	998.5	10.5	9.4	3148	3600	3148
2022-09-17T00:09:28	997.9	21.7	36.6	12.8	999.0	10.6	9.6	3260	3600	3260
2022-09-17T01:09:31	998.0	21.3	37.9	12.8	999.1	10.7	9.6	3200	3600	3200
2022-09-17T02:09:32	998.5	21.0	38.7	12.8	999.6	10.9	9.8	3233	3600	3233
2022-09-17T03:09:39	998.7	20.8	39.3	12.7	999.7	11.3	10.0	3247	3600	3247
2022-09-17T04:09:43	998.8	20.7	39.9	12.7	999.8	11.3	10.0	3191	3600	3191
2022-09-17T05:09:49	998.9	20.5	40.3	12.6	999.9	11.2	10.0	3232	3600	3232
2022-09-17T06:09:54	999.0	20.3	40.6	12.6	1000.0	11.4	10.2	3276	3600	3276
2022-09-17T07:10:03	999.4	20.3	41.4	12.6	1000.4	11.6	10.3	3146	3600	3146
2022-09-17T08:10:05	999.8	20.4	42.5	13.3	1000.7	12.0	10.5	3096	3600	3096
2022-09-17T09:10:06	1000.0	20.7	43.0	14.1	1001.0	12.4	10.5	3256	3600	3256
2022-09-17T10:10:20	1000.1	21.6	42.6	14.4	1001.1	14.0	10.8	3218	3600	3218
2022-09-17T11:10:22	1000.3	22.9	41.6	14.6	1001.4	15.0	10.5	3194	3600	3194
2022-09-17T12:10:28	1000.6	24.2	40.4	13.8	1001.7	16.5	10.5	3270	3600	3270
2022-09-17T13:10:36	1000.7	26.2	37.8	13.8	1001.8	17.5	10.2	3168	3600	3168
2022-09-17T14:10:45	1000.2	26.9	35.5	13.8	1001.4	17.4	9.1	3218	3600	3218
2022-09-17T15:11:00	1000.0	27.9	33.3	13.8	1001.2	17.7	8.6	3318	3600	3318
2022-09-17T16:11:08	1000.3	27.6	31.6	13.9	1001.6	15.8	8.1	3368	3600	3368
2022-09-17T17:11:11	1000.3	26.7	30.5	14.1	1001.5	13.5	7.5	3267	3600	3267
2022-09-17T18:11:14	1000.2	25.2	30.1	13.3	1001.5	11.7	7.6	3272	3600	3272
2022-09-17T19:11:16	1000.2	23.6	31.2	13.1	1001.4	10.3	8.3	3281	3600	3281
2022-09-17T20:11:21	1000.2	22.4	32.4	13.0	1001.3	9.7	8.7	3228	3600	3228
2022-09-17T21:11:22	1000.3	21.8	33.0	12.9	1001.3	10.0	9.1	3255	3600	3255
2022-09-17T22:11:26	1000.3	21.3	33.6	12.9	1001.3	10.0	9.1	3142	3600	3142
2022-09-17T23:11:34	1000.3	20.9	34.5	12.9	1001.3	10.2	9.3	3160	3600	3160
2022-09-18T00:11:36	1000.3	20.6	35.4	12.8	1001.3	10.6	9.6	3295	3600	3295
2022-09-18T01:11:45	1000.3	20.4	36.0	12.8	1001.3	10.7	9.6	3247	3600	3247
2022-09-18T02:11:47	1000.5	20.2	36.7	12.8	1001.5	10.2	9.4	3282	3600	3282
2022-09-18T03:11:48	1000.8	19.8	37.3	12.7	1001.7	9.9	9.3	3159	3600	3159
2022-09-18T04:11:53	1001.2	19.5	38.0	12.7	1002.1	10.0	9.3	3169	3600	3169
2022-09-18T05:12:01	1001.4	19.2	39.1	12.7	1002.2	9.5	9.0	3185	3600	3185
2022-09-18T06:12:02	1001.7	18.9	39.7	12.6	1002.6	8.9	8.6	3186	3600	3186
2022-09-18T07:12:03	1002.2	18.5	40.1	13.0	1003.0	8.9	8.6	3137	3600	3137
2022-09-18T08:12:05	1002.6	18.4	40.9	14.6	1003.4	11.1	9.1	3161	3600	3161
2022-09-18T09:12:13	1002.8	19.4	41.5	14.5	1003.8	12.7	9.2	3099	3600	3099
2022-09-18T10:12:22	1002.7	20.9	40.7	14.2	1003.7	13.8	9.3	3187	3600	3187
2022-09-18T11:12:26	1002.5	22.1	39.4	14.0	1003.5	14.6	9.4	3149	3600	3149
2022-09-18T12:12:28	1002.4	23.2	38.0	13.9	1003.5	14.9	9.2	3168	3600	3168
2022-09-18T13:12:32	1002.0	23.6	37.2	13.9	1003.0	14.3	10.2	3171	3600	3171
2022-09-18T14:12:38	1001.7	24.9	36.8	14.0	1002.9	13.6	8.9	3228	3600	3228
2022-09-18T15:12:42	1001.6	23.3	36.7	14.1	1002.6	10.6	8.9	3197	3600	3197
2022-09-18T16:12:51	1001.5	22.0	37.3	14.1	1002.5	11.3	9.1	3179	3600	3179
2022-09-18T17:12:57	1001.3	22.7	37.5	14.1	1002.4	12.3	8.4	3108	3600	3108
2022-09-18T18:13:07	1001.2	22.6	36.7	13.6	1002.2	11.0	8.1	3229	3600	3229
2022-09-18T19:13:11	1001.3	21.4	36.5	13.2	1002.3	9.7	8.2	3107	3600	3107
2022-09-18T20:13:12	1001.5	20.4	36.8	13.1	1002.5	9.4	8.1	3144	3600	3144
2022-09-18T21:13:16	1001.6	19.9	37.2	13.0	1002.5	9.0	8.1	3173	3600	3173
2022-09-18T22:13:19	1001.7	19.4	37.7	12.9	1002.6	8.7	8.2	3160	3600	3160
2022-09-18T23:13:25	1001.7	19.0	38.1	12.9	1002.6	8.7	8.4	2986	3600	2986
2022-09-19T00:13:31	1001.9	18.6	38.4	12.8	1002.7	8.5	8.4	3167	3600	3167
2022-09-19T01:13:39	1002.1	17.8	38.3	12.8	1002.9	7.3	7.7	3109	3600	3109
2022-09-19T02:13:45	1002.3	17.3	38.2	12.8	1003.1	7.6	8.0	3011	3600	3011
2022-09-19T03:13:48	1002.8	17.2	38.3	12.7	1003.6	8.1	8.3	3118	3600	3118
2022-09-19T04:13:51	1003.2	17.3	38.8	12.7	1004.0	8.8	8.7	3090	3600	3090
2022-09-19T05:13:58	1003.6	17.4	39.8	12.7	1004.5	9.1	8.9	3052	3600	3052
2022-09-19T06:14:01	1004.2	17.5	40.2	12.6	1005.0	9.4	9.0	2984	3600	2984
2022-09-19T07:14:02	1004.9	17.6	40.4	12.6	1005.8	9.9	9.3	3062	3600	3062
2022-09-19T08:14:07	1005.6	17.9	41.1	12.8	1006.6	10.9	10.0	3047	3600	3047
2022-09-19T09:14:15	1006.4	18.2	41.5	12.9	1007.4	11.5	10.3	2937	3600	2937
2022-09-19T10:14:19	1007.0	19.0	41.5	14.4	1008.0	12.9	11.1	2975	3600	2975
2022-09-19T11:14:23	1007.3	20.8	41.4	14.6	1008.3	15.3	11.4	3098	3600	3098
2022-09-19T12:14:33	1007.5	22.9	40.8	14.3	1008.5	17.1	11.6	3033	3600	3033
2022-09-19T13:14:46	1007.5	25.2	39.2	13.9	1008.5	18.8	11.3	3021	3600	3021
2022-09-19T14:14:50	1007.6	26.8	36.9	13.8	1008.9	15.8	10.2	3099	3600	3099
2022-09-19T15:14:55	1008.1	23.4	37.6	13.7	1009.2	10.8	9.4	2942	3600	2942
2022-09-19T16:15:04	1008.7	22.0	38.4	13.3	1009.7	10.5	9.4	2753	3600	2753
2022-09-19T17:15:13	1008.8	21.4	38.6	13.4	1009.8	11.2	9.9	2879	3600	2879
2022-09-19T18:15:20	1009.2	21.0	38.9	13.2	1010.1	10.6	9.6	2904	3600	2904
2022-09-19T19:15:25	1009.6	20.2	39.1	13.0	1010.5	9.7	9.1	2819	3600	2819
2022-09-19T20:15:31	1010.1	19.4	39.1	12.9	1010.9	9.1	8.8	2838	3600	2838
2022-09-19T21:15:34	1010.4	18.7	39.0	12.9	1011.1	8.4	8.4	2749	3600	2749
2022-09-19T22:15:43	1010.5	18.2	38.9	12.8	1011.3	8.3	8.4	2857	3600	2857
2022-09-19T23:15:45	1010.8	17.8	38.9	12.8	1011.5	7.9	8.2	2702	3600	2702
2022-09-20T00:15:48	1011.1	17.4	39.0	12.7	1011.8	7.9	8.2	2826	3600	2826
2022-09-20T01:15:51	1011.4	17.3	39.1	12.7	1012.1	8.2	8.4	2842	3600	2842
2022-09-20T02:15:59	1011.5	17.1	39.1	12.7	1012.2	8.2	8.3	2775	3600	2775
2022-09-20T03:16:10	1011.7	17.1	39.3	12.6	1012.4	8.6	8.6	2725	3600	2725
2022-09-20T04:16:17	1011.9	17.1	39.5	12.6	1012.7	9.1	8.8	2775	3600	2775
2022-09-20T05:16:28	1012.2	17.2	40.0	12.5	1013.0	8.9	8.8	2801	3600	2801
2022-09-20T06:16:29	1012.4	16.9	40.0	12.5	1013.2	8.4	8.5	2623	3600	2623
2022-09-20T07:16:30	1013.1	16.6	40.0	12.8	1013.9	8.7	8.6	2846	3600	2846
2022-09-20T08:16:47	1013.5	16.9	40.1	14.2	1014.4	10.5	9.7	2721	3600	2721
2022-09-20T09:16:56	1014.1	18.2	40.4	14.5	1015.0	11.2	10.0	2765	3600	2765
2022-09-20T10:16:58	1014.5	19.2	40.7	14.7	1015.5	12.6	10.6	2753	3600	2753
2022-09-20T11:16:59	1014.8	20.9	40.4	14.0	1015.8	13.8	10.7	2715	3600	2715
2022-09-20T12:17:04	1014.9	22.0	40.1	14.1	1016.0	13.8	10.4	2659	3600	2659
2022-09-20T13:17:05	1014.9	23.7	39.5	13.9	1015.9	16.9	11.1	2757	3600	2757
2022-09-20T14:17:06	1015.2	25.3	37.8	13.8	1016.4	14.2	9.7	2746	3600	2746
2022-09-20T15:17:19	1015.6	22.3	38.5	13.9	1016.5	10.7	9.5	2675	3600	2675
2022-09-20T16:17:22	1015.6	21.5	39.2	14.2	1016.6	11.6	10.1	2672	3600	2672
2022-09-20T17:17:38	1015.9	21.7	39.5	13.7	1016.9	11.9	10.1	2689	3600	2689
2022-09-20T18:17:44	1016.3	20.7	39.5	13.3	1017.2	9.6	8.7	2581	3600	2581
2022-09-20T19:17:45	1016.9	19.6	39.4	13.1	1017.8	8.5	8.4	2623	3600	2623
2022-09-20T20:17:46	1017.5	18.9	39.2	13.0	1018.2	8.1	8.2	2672	3600	2672
2022-09-20T21:17:49	1017.9	18.3	39.0	12.9	1018.6	7.9	8.2	2505	3600	2505
2022-09-20T22:17:57	1018.3	17.8	38.8	12.9	1019.0	7.6	8.0	2658	3600	2658
2022-09-20T23:17:59	1018.7	17.2	38.8	12.8	1019.4	7.1	7.8	2660	3600	2660
2022-09-21T00:18:02	1018.8	16.7	38.7	12.8	1019.4	7.0	7.7	2624	3600	2624
2022-09-21T01:18:05	1019.1	16.2	38.6	12.8	1019.8	6.6	7.5	2591	3600	2591
2022-09-21T02:18:13	1019.3	15.8	38.5	12.7	1019.9	6.2	7.4	2606	3600	2606
2022-09-21T03:18:17	1019.4	15.4	38.5	12.7	1020.0	5.9	7.2	2497	3600	2497
2022-09-21T04:18:32	1019.6	14.9	38.4	12.6	1020.1	5.3	6.9	2537	3600	2537
2022-09-21T05:18:36	1019.9	14.4	38.3	12.6	1020.4	5.2	6.9	2541	3600	2541
2022-09-21T06:18:38	1020.1	14.1	38.3	12.6	1020.5	4.9	6.8	2525	3600	2525
2022-09-21T07:18:40	1020.5	14.1	38.3	14.0	1021.2	8.6	8.6	2582	3600	2582
2022-09-21T08:18:45	1020.8	15.4	38.3	14.7	1021.7	10.5	9.4	2576	3600	2576
2022-09-21T09:18:46	1021.1	16.9	38.4	14.6	1022.1	13.2	10.9	2594	3600	2594
2022-09-21T10:18:50	1021.2	20.1	38.2	13.9	1022.2	15.8	11.9	2572	3600	2572
2022-09-21T11:18:53	1021.2	23.4	37.2	13.8	1022.3	17.1	12.1	2535	3600	2535
2022-09-21T12:18:56	1021.0	24.5	37.0	13.7	1022.0	17.9	11.6	2526	3600	2526
2022-09-21T13:18:58	1020.8	27.3	35.7	13.7	1021.8	19.8	11.1	2597	3600	2597
2022-09-21T14:19:10	1020.5	28.5	34.5	13.8	1021.5	19.9	10.6	2648	3600	2648
2022-09-21T15:19:11	1020.2	29.5	34.0	13.8	1021.3	20.2	9.6	2710	3600	2710
2022-09-21T16:19:18	1020.0	29.6	34.0	13.9	1021.1	18.9	9.7	2690	3600	2690
2022-09-21T17:19:35	1019.8	29.0	35.0	13.8	1021.1	16.6	9.4	2708	3600	2708
2022-09-21T18:19:43	1020.0	27.4	35.3	13.3	1021.2	12.3	8.1	2743	3600	2743
2022-09-21T19:19:44	1020.2	25.5	35.2	13.1	1021.3	10.3	7.7	2668	3600	2668
2022-09-21T20:19:53	1020.3	23.9	35.5	13.0	1021.4	9.5	7.7	2688	3600	2688
2022-09-21T21:19:54	1020.5	22.9	35.6	12.9	1021.4	8.3	7.6	2693	3600	2693
2022-09-21T22:20:00	1020.5	21.9	35.6	12.9	1021.4	7.8	7.5	2628	3600	2628
2022-09-21T23:20:11	1020.6	21.1	35.7	12.8	1021.4	7.5	7.5	2565	3600	2565
2022-09-22T00:20:13	1020.6	20.6	35.8	12.8	1021.4	7.8	7.8	2578	3600	2578
2022-09-22T01:20:17	1020.4	20.1	35.8	12.8	1021.1	7.4	7.5	2626	3600	2626
2022-09-22T02:20:20	1020.2	19.3	35.9	12.7	1020.8	6.3	7.1	2589	3600	2589
2022-09-22T03:20:26	1020.0	18.5	35.9	12.7	1020.6	5.5	6.8	2615	3600	2615
2022-09-22T04:20:32	1020.0	17.9	35.9	12.7	1020.5	5.0	6.6	2596	3600	2596
2022-09-22T05:20:35	1019.9	17.2	35.9	12.6	1020.4	4.5	6.4	2671	3600	2671
2022-09-22T06:20:36	1019.9	16.6	35.9	12.6	1020.4	4.2	6.3	2638	3600	2638
2022-09-22T07:20:37	1020.1	16.4	36.0	14.0	1020.8	8.6	7.8	2666	3600	2666
2022-09-22T08:20:40	1020.2	17.7	36.0	14.5	1021.2	14.9	8.8	2617	3600	2617
2022-09-22T09:20:47	1020.2	20.3	35.4	14.2	1021.4	14.6	9.3	2552	3600	2552
2022-09-22T10:20:48	1020.3	22.8	34.5	13.8	1021.4	15.3	9.4	2545	3600	2545
2022-09-22T11:20:50	1020.2	24.6	33.9	13.8	1021.3	16.4	9.5	2687	3600	2687
2022-09-22T12:20:53	1020.0	26.2	33.2	13.8	1021.1	18.4	9.5	2624	3600	2624
2022-09-22T13:20:54	1019.6	27.6	32.5	13.7	1020.7	18.1	8.7	2693	3600	2693
2022-09-22T14:21:00	1019.1	29.7	31.4	13.7	1020.2	18.3	8.2	2684	3600	2684
2022-09-22T15:21:06	1018.7	30.3	30.9	13.8	1019.9	17.6	7.4	2825	3600	2825
2022-09-22T16:21:07	1018.4	29.3	31.8	14.0	1019.7	16.5	8.7	2806	3600	2806
2022-09-22T17:21:12	1018.1	27.6	32.9	13.7	1019.5	14.2	7.9	2747	3600	2747
2022-09-22T18:21:23	1017.9	26.3	33.2	13.3	1019.2	11.9	7.2	2755	3600	2755
2022-09-22T19:21:24	1017.8	24.8	33.2	13.1	1019.0	9.8	7.4	2696	3600	2696
2022-09-22T20:21:32	1017.8	23.5	33.4	13.0	1018.8	8.6	7.4	2873	3600	2873
2022-09-22T21:21:36	1017.8	22.5	33.6	12.9	1018.8	8.1	7.7	2676	3600	2676
2022-09-22T22:21:38	1017.6	21.7	33.8	12.9	1018.5	7.9	7.7	2768	3600	2768
2022-09-22T23:21:42	1017.5	20.9	34.0	12.8	1018.5	8.3	7.8	2728	3600	2728
2022-09-23T00:21:54	1017.3	20.1	34.2	12.8	1018.1	7.8	7.6	2726	3600	2726
2022-09-23T01:21:59	1016.9	19.5	34.4	12.8	1017.7	7.6	7.3	2740	3600	2740
2022-09-23T02:22:04	1016.6	18.9	34.6	12.8	1017.4	6.9	7.0	2681	3600	2681
2022-09-23T03:22:07	1016.2	18.3	34.7	12.7	1016.9	6.5	6.9	2717	3600	2717
2022-09-23T04:22:17	1015.7	17.7	34.8	12.7	1016.4	6.1	6.8	2799	3600	2799
2022-09-23T05:22:28	1015.3	17.1	35.1	12.7	1016.0	6.1	6.7	2820	3600	2820
2022-09-23T06:22:34	1014.9	16.6	35.3	12.6	1015.6	5.6	6.6	2722	3600	2722
2022-09-23T07:22:41	1015.0	16.4	35.4	13.9	1015.7	7.3	7.0	2697	3600	2697
2022-09-23T08:22:50	1015.0	17.5	35.5	14.6	1015.9	9.6	7.8	2734	3600	2734
2022-09-23T09:22:58	1015.0	19.1	35.5	14.4	1016.0	11.9	8.6	2808	3600	2808
2022-09-23T10:23:09	1014.8	21.1	35.6	13.8	1015.9	13.9	8.9	2816	3600	2816
2022-09-23T11:23:11	1014.3	23.0	35.2	13.8	1015.5	15.1	8.5	2887	3600	2887
2022-09-23T12:23:17	1013.9	24.6	34.3	13.8	1015.1	16.6	7.9	2722	3600	2722
2022-09-23T13:23:18	1013.2	25.9	33.2	13.9	1014.5	17.2	7.8	2784	3600	2784
2022-09-23T14:23:20	1012.6	26.6	32.5	13.9	1013.9	17.2	8.0	2801	3600	2801
2022-09-23T15:23:27	1011.9	27.9	32.0	13.8	1013.2	18.0	7.7	2907	3600	2907
2022-09-23T16:23:29	1011.4	27.8	32.0	14.0	1012.8	16.4	7.4	2999	3600	2999
2022-09-23T17:23:41	1011.1	26.7	32.8	14.0	1012.5	15.9	7.9	2951	3600	2951
2022-09-23T18:23:48	1010.8	25.9	33.2	13.3	1012.2	14.1	8.0	2847	3600	2847
2022-09-23T19:23:50	1010.7	24.7	33.4	13.1	1012.0	12.5	8.0	2906	3600	2906
2022-09-23T20:23:51	1010.6	23.9	33.5	13.0	1011.9	12.4	7.9	2994	3600	2994
2022-09-23T21:23:55	1010.5	23.3	33.5	12.9	1011.7	11.9	7.7	2848	3600	2848
2022-09-23T22:23:59	1010.2	22.7	33.5	12.9	1011.4	11.5	7.6	3069	3600	3069
2022-09-23T23:24:04	1009.9	22.2	33.6	12.9	1011.1	11.1	7.7	3109	3600	3109
2022-09-24T00:24:07	1009.6	21.8	33.8	12.8	1010.8	10.9	7.7	2913	3600	2913
2022-09-24T01:24:09	1009.3	21.3	34.0	12.8	1010.5	10.5	7.7	2957	3600	2957
2022-09-24T02:24:19	1009.0	20.9	34.2	12.8	1010.1	10.4	7.7	2950	3600	2950
2022-09-24T03:24:31	1008.5	20.6	34.4	12.7	1009.6	10.4	7.8	2923	3600	2923
2022-09-24T04:24:32	1008.2	20.4	34.6	12.7	1009.4	10.4	8.0	2959	3600	2959
2022-09-24T05:24:38	1008.0	20.1	34.6	12.7	1009.1	10.3	8.0	2882	3600	2882
2022-09-24T06:24:43	1007.9	19.8	34.7	12.6	1009.0	9.8	7.9	2961	3600	2961
2022-09-24T07:24:53	1008.0	19.6	34.8	12.9	1009.0	9.9	8.1	2940	3600	2940
2022-09-24T08:25:03	1008.1	20.0	35.0	13.7	1009.2	11.2	8.5	3037	3600	3037
2022-09-24T09:25:05	1008.4	20.6	35.4	14.3	1009.6	12.1	8.6	2822	3600	2822
2022-09-24T10:25:07	1008.5	21.9	35.3	14.7	1009.7	14.0	9.1	2952	3600	2952
2022-09-24T11:25:08	1008.5	22.6	34.8	14.4	1009.8	13.7	9.0	3011	3600	3011
2022-09-24T12:25:10	1008.5	22.8	35.0	14.1	1009.7	14.5	9.4	2897	3600	2897
2022-09-24T13:25:14	1008.3	23.6	34.9	14.1	1009.6	15.8	9.5	3003	3600	3003
2022-09-24T14:25:16	1008.2	24.6	34.4	14.0	1009.4	17.2	10.4	2949	3600	2949
2022-09-24T15:25:19	1008.0	25.2	34.2	14.1	1009.3	16.8	10.1	2962	3600	2962
2022-09-24T16:25:31	1008.0	25.0	34.3	13.9	1009.4	16.0	10.7	3076	3600	3076
2022-09-24T17:25:46	1007.9	24.2	34.9	13.4	1009.2	14.8	10.4	3013	3600	3013
2022-09-24T18:25:51	1008.1	23.7	35.0	13.2	1009.4	13.4	9.9	2995	3600	2995
2022-09-24T19:25:57	1008.3	23.2	35.1	13.0	1009.6	12.6	9.6	2987	3600	2987
2022-09-24T20:26:01	1008.6	22.8	35.0	13.0	1009.7	12.3	9.6	3074	3600	3074
2022-09-24T21:26:02	1008.5	22.4	35.1	12.9	1009.6	12.1	9.8	2965	3600	2965
2022-09-24T22:26:03	1008.4	22.0	35.1	12.9	1009.4	11.7	9.8	3048	3600	3048
2022-09-24T23:26:09	1008.4	21.7	35.1	12.8	1009.4	11.6	9.7	2990	3600	2990
2022-09-25T00:26:11	1008.1	21.3	35.2	12.8	1009.1	11.3	9.5	2974	3600	2974
2022-09-25T01:26:13	1007.9	21.1	35.2	12.8	1008.9	11.2	9.6	3014	3600	3014
2022-09-25T02:26:14	1007.6	21.0	35.1	12.8	1008.6	11.1	9.5	2969	3600	2969
2022-09-25T03:26:17	1007.5	20.7	35.1	12.7	1008.4	10.7	9.3	2932	3600	2932
2022-09-25T04:26:20	1007.3	20.2	35.3	12.7	1008.2	10.1	9.0	2980	3600	2980
2022-09-25T05:26:26	1007.2	20.0	35.3	12.6	1008.1	10.2	9.1	2979	3600	2979
2022-09-25T06:26:30	1007.2	19.9	35.3	12.6	1008.2	10.4	9.3	2997	3600	2997
2022-09-25T07:26:33	1007.3	19.9	35.4	12.6	1008.2	10.9	9.7	2989	3600	2989
2022-09-25T08:26:36	1007.2	20.0	35.4	12.9	1008.2	11.8	10.0	3028	3600	3028
2022-09-25T09:26:45	1007.2	20.5	35.4	13.9	1008.2	12.9	9.8	2969	3600	2969
2022-09-25T10:26:48	1007.1	21.8	35.1	14.6	1008.1	14.1	10.0	2911	3600	2911
2022-09-25T11:26:59	1006.8	23.6	34.6	14.2	1008.0	16.0	10.8	2967	3600	2967
2022-09-25T12:27:07	1006.6	25.7	33.9	13.9	1007.7	18.0	10.7	2968	3600	2968
2022-09-25T13:27:08	1006.2	28.7	32.5	13.8	1007.2	20.3	11.1	2913	3600	2913
2022-09-25T14:27:11	1005.8	29.9	31.9	13.9	1007.0	20.1	11.0	3156	3600	3156
2022-09-25T15:27:14	1005.5	28.7	32.8	13.9	1006.7	18.9	11.0	3106	3600	3106
2022-09-25T16:27:19	1005.1	28.3	33.5	14.0	1006.3	18.1	10.9	3163	3600	3163
2022-09-25T17:27:21	1004.9	27.4	34.2	13.6	1006.1	16.6	10.5	3121	3600	3121
2022-09-25T18:27:23	1004.8	26.4	34.6	13.2	1006.1	14.2	9.9	3250	3600	3250
2022-09-25T19:27:25	1004.8	25.5	34.7	13.1	1006.1	13.2	9.7	3211	3600	3211
2022-09-25T20:27:31	1004.8	24.9	34.7	13.0	1006.0	12.8	9.8	3098	3600	3098
2022-09-25T21:27:42	1004.7	24.6	34.5	12.9	1005.8	12.4	9.7	3212	3600	3212
2022-09-25T22:27:45	1004.5	24.0	34.8	12.9	1005.5	12.2	9.8	3158	3600	3158
2022-09-25T23:27:50	1004.1	23.4	35.3	12.9	1005.2	12.1	9.7	3209	3600	3209
2022-09-26T00:27:54	1003.9	22.9	35.5	12.8	1004.9	11.6	9.5	3084	3600	3084
2022-09-26T01:27:56	1003.5	22.8	35.4	12.8	1004.5	11.2	9.3	3226	3600	3226
2022-09-26T02:27:58	1003.1	22.4	35.1	12.8	1004.0	10.4	9.0	3264	3600	3264
2022-09-26T03:28:04	1002.5	22.0	35.0	12.7	1003.4	10.5	9.1	3212	3600	3212
2022-09-26T04:28:13	1002.0	21.6	35.0	12.7	1002.9	10.1	8.9	3149	3600	3149
2022-09-26T05:28:18	1001.5	21.1	35.0	12.7	1002.4	9.5	8.6	3074	3600	3074
2022-09-26T06:28:21	1001.2	20.6	35.0	12.6	1002.0	8.9	8.4	3182	3600	3182
2022-09-26T07:28:28	1000.9	20.4	35.1	13.2	1001.8	10.5	9.1	3072	3600	3072
2022-09-26T08:28:32	1000.6	21.0	35.3	14.6	1001.6	13.3	9.8	3222	3600	3222
2022-09-26T09:28:37	1000.3	22.3	35.3	14.4	1001.4	15.1	9.7	3249	3600	3249
2022-09-26T10:28:42	1000.0	24.1	34.9	13.9	1001.1	17.1	9.4	3085	3600	3085
2022-09-26T11:28:49	999.4	25.9	33.5	14.0	1000.6	16.0	8.6	3259	3600	3259
2022-09-26T12:28:54	998.9	25.0	33.6	14.0	1000.0	16.1	8.7	3234	3600	3234
2022-09-26T13:28:55	998.2	25.5	33.5	14.0	999.4	16.4	8.6	3310	3600	3310
2022-09-26T14:28:56	997.3	25.8	32.7	14.0	998.6	16.5	8.1	3280	3600	3280
2022-09-26T15:29:01	996.7	25.7	31.7	13.9	998.0	16.2	8.4	3460	3600	3460
2022-09-26T16:29:03	996.2	26.1	31.5	14.0	997.5	16.9	7.8	3449	3600	3449
2022-09-26T17:29:11	995.6	25.9	31.1	13.6	997.0	14.8	7.9	3492	3600	3492
2022-09-26T18:29:15	995.2	25.0	31.6	13.2	996.6	13.7	7.7	3486	3600	3486
2022-09-26T19:29:18	995.0	24.3	31.8	13.0	996.3	13.3	7.7	3501	3600	3501
2022-09-26T20:29:21	994.7	23.9	32.0	13.0	996.1	13.3	8.0	3538	3600	3538
2022-09-26T21:29:22	994.3	23.5	32.2	12.9	995.6	12.7	8.1	3564	3600	3564
2022-09-26T22:29:24	993.8	23.1	32.5	12.9	995.0	12.6	8.1	3553	3600	3553
2022-09-26T23:29:28	993.1	22.8	32.9	12.8	994.4	12.3	8.2	3470	3600	3470
2022-09-27T00:29:29	992.3	22.5	33.3	12.8	993.5	12.1	8.1	3524	3600	3524
2022-09-27T01:29:41	991.4	22.2	33.6	12.8	992.6	11.9	8.1	3560	3600	3560
2022-09-27T02:29:42	990.7	21.9	34.1	12.8	991.9	12.0	8.2	3476	3600	3476
2022-09-27T03:29:47	989.9	21.7	34.5	12.7	991.1	11.9	8.2	3480	3600	3480
2022-09-27T04:29:51	989.4	21.3	34.9	12.7	990.6	11.4	8.5	3553	3600	3553
2022-09-27T05:29:58	988.9	20.8	35.4	12.7	990.0	10.9	8.7	3558	3600	3558
2022-09-27T06:29:59	988.7	20.4	36.1	12.6	989.9	10.6	8.9	3443	3600	3443
2022-09-27T07:30:04	988.6	20.1	37.1	12.6	989.8	10.7	9.2	3386	3600	3386
2022-09-27T08:30:15	988.7	20.2	38.0	12.9	989.8	11.1	9.4	3385	3600	3385
2022-09-27T09:30:17	988.8	20.3	39.1	13.4	990.0	11.7	9.7	3383	3600	3383
2022-09-27T10:30:19	988.9	20.6	39.5	13.8	990.1	12.6	9.9	3317	3600	3317
2022-09-27T11:30:22	988.9	21.2	39.3	14.3	990.0	13.1	10.0	3495	3600	3495
2022-09-27T12:30:32	989.1	21.7	38.9	13.8	990.3	12.2	9.6	3240	3600	3240
2022-09-27T13:30:47	989.4	21.3	39.3	14.5	990.5	11.9	10.2	3328	3600	3328
2022-09-27T14:30:56	989.6	22.1	39.6	14.3	990.8	12.7	10.2	3332	3600	3332
2022-09-27T15:31:01	990.0	22.2	39.8	14.0	991.2	12.5	10.2	3362	3600	3362
2022-09-27T16:31:07	990.5	21.9	39.9	13.8	991.6	11.3	9.4	3217	3600	3217
2022-09-27T17:31:11	990.9	21.4	39.4	13.8	992.0	10.6	9.2	3285	3600	3285
2022-09-27T18:31:12	991.3	20.5	38.9	13.2	992.3	9.1	8.4	3281	3600	3281
2022-09-27T19:31:13	991.7	19.6	38.6	13.1	992.6	8.3	8.2	3305	3600	3305
2022-09-27T20:31:22	992.1	19.1	38.2	13.0	992.9	8.0	8.0	3226	3600	3226
2022-09-27T21:31:27	992.1	18.6	38.0	12.9	992.9	7.8	7.8	3201	3600	3201
2022-09-27T22:31:28	992.1	18.3	37.9	12.9	993.0	7.8	7.8	3320	3600	3320
2022-09-27T23:31:31	992.3	18.0	37.9	12.8	993.1	7.7	7.8	3168	3600	3168
2022-09-28T00:31:37	992.2	17.8	38.0	12.8	993.0	8.1	8.0	3234	3600	3234
2022-09-28T01:31:42	992.1	17.7	38.0	12.7	992.9	8.1	8.1	3182	3600	3182
2022-09-28T02:31:44	991.9	17.6	38.0	12.7	992.7	8.5	8.1	3149	3600	3149
2022-09-28T03:31:47	991.6	17.6	37.9	12.7	992.5	8.4	8.0	3237	3600	3237
2022-09-28T04:31:48	991.3	17.5	37.8	12.6	992.1	8.3	8.0	3219	3600	3219
2022-09-28T05:31:51	991.0	17.1	37.6	12.6	991.8	7.6	7.8	3336	3600	3336
2022-09-28T06:31:55	990.8	17.0	37.5	12.5	991.6	7.9	8.0	3317	3600	3317
2022-09-28T07:32:05	990.7	17.0	37.5	13.0	991.5	8.6	8.1	3491	3600	3491
2022-09-28T08:32:09	990.5	17.4	38.1	14.6	991.5	10.7	8.5	3167	3600	3167
2022-09-28T09:32:14	990.6	18.5	37.8	14.6	991.6	10.5	8.6	3245	3600	3245
2022-09-28T10:32:17	990.8	19.1	37.7	14.3	991.8	10.7	8.4	3336	3600	3336
2022-09-28T11:32:26	991.0	19.2	37.6	14.2	992.0	10.6	8.4	3357	3600	3357
2022-09-28T12:32:32	991.1	19.5	37.9	14.1	992.2	11.2	8.7	3279	3600	3279
2022-09-28T13:32:39	991.2	19.9	37.9	14.2	992.2	10.9	8.6	3426	3600	3426
2022-09-28T14:32:46	991.1	20.1	37.9	14.2	992.2	11.1	8.5	3457	3600	3457
2022-09-28T15:32:55	991.3	20.4	37.6	14.2	992.4	11.2	8.5	3396	3600	3396
2022-09-28T16:33:06	991.8	20.5	37.5	14.0	992.9	11.0	8.4	3371	3600	3371
2022-09-28T17:33:11	992.2	19.9	37.6	13.5	993.2	9.5	8.1	3255	3600	3255
2022-09-28T18:33:14	992.6	19.4	37.4	13.2	993.6	8.8	8.0	3206	3600	3206
2022-09-28T19:33:22	993.0	19.1	37.1	13.1	994.0	8.7	8.1	3139	3600	3139
2022-09-28T20:33:26	993.5	18.6	37.0	13.0	994.4	8.3	8.0	3156	3600	3156
2022-09-28T21:33:30	993.9	18.3	36.9	12.9	994.8	8.2	8.0	3278	3600	3278
2022-09-28T22:33:33	994.4	18.0	37.0	12.8	995.2	8.0	8.0	3229	3600	3229
2022-09-28T23:33:35	994.7	17.8	37.0	12.8	995.5	8.1	8.1	3163	3600	3163
2022-09-29T00:33:36	994.9	17.7	37.1	12.8	995.7	8.2	8.1	3244	3600	3244
2022-09-29T01:33:42	994.9	17.6	37.2	12.7	995.7	8.1	8.1	3164	3600	3164
2022-09-29T02:33:48	995.0	17.3	37.1	12.7	995.8	7.5	7.7	3216	3600	3216
2022-09-29T03:33:52	995.4	17.0	37.1	12.6	996.2	7.3	7.7	3148	3600	3148
2022-09-29T04:33:54	995.6	16.9	37.1	12.6	996.4	7.3	7.7	3186	3600	3186
2022-09-29T05:33:56	995.9	16.8	37.0	12.5	996.6	7.4	7.8	3351	3600	3351
2022-09-29T06:33:57	996.2	16.7	36.9	12.5	997.0	7.5	7.9	3195	3600	3195
2022-09-29T07:34:03	996.4	16.7	37.0	12.6	997.2	8.1	8.2	3182	3600	3182
2022-09-29T08:34:04	996.7	17.0	37.0	12.9	997.6	9.0	8.4	3173	3600	3173
2022-09-29T09:34:05	997.2	17.7	36.8	14.1	998.2	10.3	8.8	3128	3600	3128
2022-09-29T10:34:07	997.6	20.0	36.2	14.4	998.7	13.6	9.3	3302	3600	3302
2022-09-29T11:34:11	997.9	23.0	34.9	14.2	999.0	14.4	9.1	3215	3600	3215
2022-09-29T12:34:13	998.1	23.9	34.4	14.1	999.3	14.2	8.3	3162	3600	3162
2022-09-29T13:34:23	998.3	23.4	34.5	14.2	999.5	13.8	8.1	3174	3600	3174
2022-09-29T14:34:27	998.4	24.2	34.6	13.9	999.6	15.3	7.7	3167	3600	3167
2022-09-29T15:34:34	998.7	25.6	33.8	14.0	1000.0	15.7	7.7	3218	3600	3218
2022-09-29T16:34:37	999.0	25.3	33.9	14.1	1000.4	14.2	7.4	3292	3600	3292
2022-09-29T17:34:48	999.4	24.5	34.4	13.6	1000.8	12.5	7.4	3249	3600	3249
2022-09-29T18:34:50	1000.2	23.1	34.8	13.2	1001.5	10.5	7.3	3226	3600	3226
2022-09-29T19:34:53	1000.8	22.2	34.7	13.0	1002.0	10.3	7.3	3166	3600	3166
2022-09-29T20:34:56	1001.1	21.4	34.6	13.0	1002.2	9.4	7.3	3176	3600	3176
2022-09-29T21:35:00	1001.5	20.8	34.6	12.9	1002.6	8.6	7.3	3111	3600	3111
2022-09-29T22:35:05	1002.0	20.1	34.6	12.9	1003.1	7.8	7.2	3169	3600	3169
2022-09-29T23:35:10	1002.6	19.5	34.7	12.8	1003.5	7.1	7.1	3146	3600	3146
2022-09-30T00:35:11	1002.9	18.9	34.8	12.8	1003.8	6.5	6.9	3155	3600	3155
2022-09-30T01:35:13	1003.1	18.2	34.9	12.8	1003.9	6.2	6.9	3161	3600	3161
2022-09-30T02:35:17	1003.3	17.7	35.0	12.7	1004.1	5.9	6.8	3095	3600	3095
2022-09-30T03:35:24	1003.4	17.2	35.1	12.7	1004.1	5.4	6.7	3066	3600	3066
2022-09-30T04:35:27	1003.7	16.7	35.3	12.7	1004.4	5.5	6.7	3071	3600	3071
2022-09-30T05:35:29	1004.1	16.2	35.7	12.6	1004.9	5.5	6.6	2960	3600	2960
2022-09-30T06:35:31	1004.9	15.9	35.8	12.6	1005.5	4.8	6.4	3057	3600	3057
2022-09-30T07:35:34	1005.3	15.8	36.1	14.1	1006.0	6.9	7.0	2985	3600	2985
2022-09-30T08:35:40	1005.9	17.0	36.4	14.7	1006.8	10.1	8.0	2983	3600	2983
2022-09-30T09:35:46	1006.2	19.2	35.9	14.2	1007.4	12.6	8.7	2973	3600	2973
2022-09-30T10:35:47	1006.6	21.8	34.9	13.8	1007.8	14.9	9.1	3037	3600	3037
2022-09-30T11:35:55	1006.4	24.3	33.8	13.7	1007.6	16.6	9.2	3025	3600	3025
2022-09-30T12:35:59	1006.2	26.5	32.7	13.7	1007.5	17.5	8.7	3040	3600	3040
2022-09-30T13:36:04	1006.1	27.8	32.0	13.8	1007.4	18.1	8.4	3063	3600	3063
2022-09-30T14:36:13	1006.1	28.9	31.5	13.8	1007.5	19.0	8.1	3158	3600	3158
2022-09-30T15:36:14	1006.1	29.3	31.3	13.9	1007.5	17.6	7.6	3118	3600	3118
2022-09-30T16:36:18	1006.2	28.0	32.2	14.0	1007.6	15.8	7.8	3170	3600	3170
2022-09-30T17:36:20	1006.2	27.1	33.0	13.6	1007.6	15.1	7.8	3221	3600	3221
2022-09-30T18:36:24	1006.3	25.9	33.3	13.2	1007.6	13.3	7.6	3057	3600	3057
2022-09-30T19:36:35	1006.4	24.9	33.4	13.0	1007.7	11.9	7.5	3152	3600	3152
2022-09-30T20:36:37	1006.4	23.9	33.3	12.9	1007.6	10.8	7.5	3064	3600	3064
2022-09-30T21:36:41	1006.4	23.1	33.4	12.9	1007.6	10.2	7.6	3059	3600	3059
2022-09-30T22:36:43	1006.2	22.4	33.4	12.9	1007.3	9.8	7.5	3027	3600	3027
2022-09-30T23:36:46	1006.2	21.8	33.6	12.8	1007.3	9.6	7.4	3049	3600	3049
2022-10-01T00:36:49	1006.0	21.2	33.7	12.8	1007.0	9.0	7.4	2988	3600	2988
2022-10-01T01:36:58	1005.5	20.5	33.9	12.8	1006.5	8.4	7.3	3071	3600	3071
2022-10-01T02:37:01	1005.0	19.9	34.2	12.7	1006.0	8.1	7.3	3057	3600	3057
2022-10-01T03:37:02	1004.6	19.6	34.4	12.7	1005.5	8.2	7.3	2951	3600	2951
2022-10-01T04:37:05	1004.2	19.2	34.6	12.7	1005.1	8.1	7.2	2950	3600	2950
2022-10-01T05:37:13	1003.7	18.9	35.1	12.6	1004.6	8.3	7.4	3049	3600	3049
2022-10-01T06:37:19	1003.3	18.7	35.8	12.6	1004.2	8.6	7.5	3109	3600	3109
2022-10-01T07:37:21	1002.7	18.6	36.4	12.7	1003.6	9.1	7.6	3117	3600	3117
2022-10-01T08:37:22	1001.9	18.6	37.1	12.8	1002.8	9.8	7.8	3041	3600	3041
2022-10-01T09:37:32	1001.2	19.1	37.8	13.4	1002.2	10.9	8.2	3226	3600	3226
2022-10-01T10:37:33	1000.4	19.6	38.4	14.1	1001.4	11.5	8.8	3227	3600	3227
2022-10-01T11:37:44	999.7	19.4	40.0	13.7	1000.8	11.1	9.0	3172	3600	3172
2022-10-01T12:37:45	999.4	19.3	41.6	13.7	1000.5	10.9	9.1	3099	3600	3099
2022-10-01T13:37:48	999.2	19.4	42.6	13.5	1000.1	10.9	9.2	3157	3600	3157
2022-10-01T14:37:54	999.0	19.5	43.2	14.4	1000.0	11.9	9.7	3135	3600	3135
2022-10-01T15:37:57	999.0	20.1	42.6	13.6	1000.1	12.8	9.8	3087	3600	3087
2022-10-01T16:37:59	999.1	20.4	42.5	13.7	1000.2	12.9	10.0	3174	3600	3174
2022-10-01T17:38:02	999.3	20.6	42.1	13.4	1000.5	12.8	9.8	3134	3600	3134
2022-10-01T18:38:07	999.7	20.5	41.9	13.1	1000.8	12.7	9.9	3063	3600	3063
2022-10-01T19:38:21	1000.3	20.5	42.2	13.0	1001.6	12.5	10.1	3069	3600	3069
2022-10-01T20:38:22	1001.6	20.2	43.5	12.9	1002.8	11.6	9.6	3107	3600	3107
2022-10-01T21:38:23	1002.5	19.8	43.0	12.9	1003.6	10.4	9.1	3091	3600	3091
2022-10-01T22:38:27	1003.4	19.3	42.3	12.8	1004.4	10.1	9.1	2952	3600	2952
2022-10-01T23:38:35	1004.4	19.1	42.0	12.8	1005.4	10.0	9.0	2887	3600	2887
2022-10-02T00:38:43	1005.3	18.7	41.9	12.7	1006.4	10.0	9.0	3027	3600	3027
2022-10-02T01:38:45	1005.9	18.6	42.1	12.7	1006.9	10.1	9.0	2942	3600	2942
2022-10-02T02:38:48	1006.2	18.4	42.2	12.6	1007.2	9.6	8.8	2890	3600	2890
2022-10-02T03:38:55	1006.6	18.1	42.2	12.6	1007.5	9.7	8.8	2961	3600	2961
2022-10-02T04:39:01	1006.9	18.1	42.5	12.5	1007.9	9.9	8.8	2924	3600	2924
2022-10-02T05:39:07	1007.1	18.1	43.1	12.5	1008.0	10.4	9.0	2974	3600	2974
2022-10-02T06:39:09	1007.3	18.3	44.0	12.5	1008.3	10.9	9.1	2954	3600	2954
2022-10-02T07:39:11	1007.6	18.4	44.5	12.6	1008.6	11.3	9.4	2921	3600	2921
2022-10-02T08:39:13	1007.8	19.0	44.4	14.2	1008.9	14.2	10.2	2975	3600	2975
2022-10-02T09:39:15	1007.9	20.9	44.1	14.4	1009.0	16.1	10.7	2929	3600	2929
2022-10-02T10:39:21	1007.8	22.6	42.8	14.1	1009.0	15.9	10.6	2957	3600	2957
2022-10-02T11:39:29	1007.9	23.5	41.8	14.0	1009.1	15.1	11.1	2873	3600	2873
2022-10-02T12:39:41	1007.8	22.9	42.4	14.0	1009.0	14.8	11.7	2922	3600	2922
2022-10-02T13:39:49	1007.8	23.7	42.5	13.7	1009.0	16.8	12.1	2927	3600	2927
2022-10-02T14:40:00	1007.9	26.5	40.3	14.0	1009.1	17.3	11.0	3087	3600	3087
2022-10-02T15:40:08	1008.2	25.7	39.7	13.9	1009.4	16.2	10.3	3029	3600	3029
2022-10-02T16:40:16	1008.4	26.5	38.5	14.0	1009.6	16.3	10.2	3000	3600	3000
2022-10-02T17:40:20	1008.8	26.1	38.1	13.6	1010.1	14.3	10.0	2946	3600	2946
2022-10-02T18:40:28	1009.4	24.6	38.3	13.2	1010.6	12.2	9.6	2959	3600	2959
2022-10-02T19:40:31	1010.3	23.6	38.3	13.0	1011.4	11.2	9.3	2988	3600	2988
2022-10-02T20:40:42	1010.9	22.9	38.2	13.0	1012.0	10.4	9.1	2974	3600	2974
2022-10-02T21:40:54	1011.6	22.2	38.2	12.9	1012.6	10.4	9.0	2962	3600	2962
2022-10-02T22:40:59	1012.1	21.7	38.5	12.8	1013.1	10.3	8.9	2930	3600	2930
2022-10-02T23:41:10	1012.4	21.3	38.7	12.9	1013.4	10.1	8.9	2933	3600	2933
2022-10-03T00:41:19	1012.7	20.9	39.0	12.8	1013.7	10.0	8.9	2901	3600	2901
2022-10-03T01:41:27	1013.2	20.6	39.3	12.8	1014.1	9.9	8.9	2871	3600	2871
2022-10-03T02:41:30	1013.6	20.4	39.9	12.8	1014.6	10.7	9.3	2834	3600	2834
2022-10-03T03:41:38	1014.0	20.3	40.4	12.7	1015.0	10.8	9.3	2807	3600	2807
2022-10-03T04:41:40	1014.3	20.2	40.7	12.7	1015.3	10.9	9.3	2843	3600	2843
2022-10-03T05:41:49	1014.6	20.1	41.1	12.7	1015.6	10.8	9.2	2862	3600	2862
2022-10-03T06:41:51	1014.9	19.9	41.2	12.7	1015.8	10.3	9.0	2751	3600	2751
2022-10-03T07:41:57	1015.4	19.8	41.6	13.1	1016.4	11.8	9.4	2774	3600	2774
2022-10-03T08:41:59	1015.9	20.5	41.6	14.3	1017.0	13.4	9.9	2744	3600	2744
2022-10-03T09:42:04	1016.5	21.7	41.1	14.3	1017.6	14.3	10.0	2725	3600	2725
2022-10-03T10:42:07	1016.8	23.3	40.2	14.4	1018.0	15.7	10.4	2793	3600	2793
2022-10-03T11:42:12	1016.9	24.5	39.2	14.1	1018.2	16.4	10.5	2758	3600	2758
2022-10-03T12:42:13	1017.0	24.4	39.0	14.0	1018.1	15.3	11.2	2714	3600	2714
2022-10-03T13:42:22	1016.8	24.3	39.6	13.9	1017.9	16.3	11.0	2785	3600	2785
2022-10-03T14:42:30	1016.7	25.9	38.7	14.0	1018.0	16.7	10.6	2825	3600	2825
2022-10-03T15:42:39	1016.7	26.2	38.0	14.0	1017.9	17.2	10.4	2851	3600	2851
2022-10-03T16:42:51	1016.6	25.8	37.6	13.5	1017.8	15.2	10.0	2872	3600	2872
2022-10-03T17:42:55	1016.6	24.8	38.0	13.2	1017.8	14.2	10.1	2754	3600	2754
2022-10-03T18:43:00	1016.5	24.1	38.2	13.0	1017.7	13.4	10.4	2869	3600	2869
2022-10-03T19:43:04	1016.6	23.4	38.5	12.9	1017.8	12.9	10.1	2817	3600	2817
2022-10-03T20:43:12	1016.6	22.9	38.7	12.9	1017.7	12.8	10.2	2827	3600	2827
2022-10-03T21:43:17	1016.7	22.6	38.7	12.9	1017.8	12.4	10.1	2882	3600	2882
2022-10-03T22:43:19	1016.8	22.3	39.0	12.8	1017.8	12.4	10.1	2733	3600	2733
2022-10-03T23:43:32	1016.6	22.1	39.3	12.8	1017.6	12.5	10.2	2874	3600	2874
2022-10-04T00:43:38	1016.4	22.0	39.6	12.8	1017.5	12.7	10.2	2721	3600	2721
2022-10-04T01:43:39	1016.6	21.9	39.9	12.8	1017.6	12.6	10.1	2824	3600	2824
2022-10-04T02:43:47	1016.6	21.8	39.9	12.8	1017.7	12.4	10.0	2734	3600	2734
2022-10-04T03:43:49	1016.4	21.7	39.8	12.7	1017.4	12.1	9.8	2735	3600	2735
2022-10-04T04:43:53	1016.3	21.5	39.8	12.7	1017.3	11.8	9.6	2843	3600	2843
2022-10-04T05:43:58	1016.2	21.3	39.7	12.7	1017.3	11.3	9.6	2722	3600	2722
2022-10-04T06:43:59	1016.3	21.1	39.6	12.6	1017.3	11.4	9.7	2795	3600	2795
2022-10-04T07:44:05	1016.6	21.1	39.6	12.7	1017.6	12.1	9.9	2688	3600	2688
2022-10-04T08:44:18	1016.9	21.4	39.7	13.2	1017.9	13.1	10.3	2800	3600	2800
2022-10-04T09:44:20	1017.2	22.1	39.5	13.7	1018.4	14.1	10.4	2722	3600	2722
2022-10-04T10:44:29	1017.4	22.7	39.3	14.2	1018.5	14.3	10.5	2767	3600	2767
2022-10-04T11:44:35	1017.3	24.2	38.6	14.4	1018.4	16.8	11.0	2867	3600	2867
2022-10-04T12:44:43	1017.2	26.4	37.0	14.1	1018.3	17.9	11.1	2752	3600	2752
2022-10-04T13:44:44	1016.8	27.6	36.3	13.8	1017.9	18.8	10.9	2885	3600	2885
2022-10-04T14:44:45	1016.4	28.5	35.7	13.9	1017.5	18.8	10.7	2850	3600	2850
2022-10-04T15:44:52	1015.7	29.0	35.5	13.9	1016.8	18.2	10.1	2963	3600	2963
2022-10-04T16:44:53	1015.4	28.6	35.6	13.9	1016.7	17.1	9.7	2989	3600	2989
2022-10-04T17:44:57	1015.2	27.2	36.3	13.2	1016.4	14.9	9.4	2872	3600	2872
2022-10-04T18:45:02	1015.4	25.9	36.7	13.1	1016.6	13.8	9.0	2877	3600	2877
2022-10-04T19:45:07	1015.2	25.0	36.6	13.0	1016.4	12.6	8.9	2874	3600	2874
2022-10-04T20:45:10	1015.3	24.2	36.6	12.9	1016.4	11.9	8.9	2860	3600	2860
2022-10-04T21:45:16	1015.2	23.5	36.6	12.9	1016.3	11.7	8.8	2880	3600	2880
2022-10-04T22:45:23	1015.0	22.9	36.7	12.9	1016.0	11.4	8.8	2886	3600	2886
2022-10-04T23:45:25	1014.5	22.4	36.8	12.8	1015.5	11.2	8.6	2982	3600	2982
2022-10-05T00:45:30	1014.2	22.0	36.9	12.8	1015.3	11.2	8.6	2893	3600	2893
2022-10-05T01:45:34	1014.2	21.7	37.0	12.8	1015.2	10.9	8.5	2930	3600	2930
2022-10-05T02:45:39	1013.8	21.3	37.1	12.8	1014.8	10.7	8.5	3026	3600	3026
2022-10-05T03:45:40	1013.8	20.9	37.2	12.7	1014.9	10.0	8.3	2939	3600	2939
2022-10-05T04:45:50	1013.5	20.4	37.2	12.7	1014.4	10.0	8.3	2857	3600	2857
2022-10-05T05:45:52	1013.1	20.1	37.3	12.7	1014.0	10.0	8.3	2991	3600	2991
2022-10-05T06:45:55	1012.9	19.9	37.5	12.7	1013.9	10.3	8.4	3050	3600	3050
2022-10-05T07:45:59	1012.9	19.9	37.6	12.9	1014.0	11.5	8.8	2951	3600	2951
2022-10-05T08:46:04	1013.2	20.5	37.7	14.0	1014.4	13.1	9.1	3018	3600	3018
2022-10-05T09:46:18	1012.9	21.7	37.6	14.6	1014.0	15.0	9.7	2872	3600	2872
2022-10-05T10:46:26	1012.4	23.1	37.3	14.2	1013.6	16.5	10.3	2967	3600	2967
2022-10-05T11:46:31	1012.2	24.9	36.8	13.9	1013.4	18.0	10.6	3090	3600	3090
2022-10-05T12:46:39	1011.9	26.5	36.1	13.8	1013.0	19.3	11.2	3045	3600	3045
2022-10-05T13:46:45	1011.4	27.9	35.5	13.7	1012.5	21.1	11.3	3117	3600	3117
2022-10-05T14:46:50	1011.2	29.6	34.4	13.8	1012.4	20.3	10.6	3087	3600	3087
2022-10-05T15:46:51	1010.6	29.6	34.2	13.8	1011.9	19.7	10.4	3101	3600	3101
2022-10-05T16:47:09	1010.4	29.2	33.8	13.9	1011.7	18.3	9.8	3135	3600	3135
2022-10-05T17:47:10	1010.2	28.0	33.7	13.3	1011.5	16.6	9.6	3120	3600	3120
2022-10-05T18:47:12	1010.2	27.0	34.0	13.1	1011.5	15.1	9.5	3182	3600	3182
2022-10-05T19:47:14	1010.1	26.2	34.3	13.0	1011.5	14.4	9.6	3164	3600	3164
2022-10-05T20:47:16	1010.4	25.7	34.5	12.9	1011.8	15.1	9.8	3181	3600	3181
2022-10-05T21:47:21	1011.2	25.5	34.9	12.9	1012.6	15.2	9.9	3157	3600	3157
2022-10-05T22:47:30	1011.7	25.2	35.2	12.9	1013.1	15.0	10.0	3173	3600	3173
2022-10-05T23:47:38	1011.9	24.9	35.4	12.8	1013.2	14.7	10.1	3033	3600	3033
2022-10-06T00:47:40	1012.3	24.7	35.9	12.8	1013.6	14.8	10.3	3006	3600	3006
2022-10-06T01:47:52	1012.8	24.4	36.3	12.8	1014.0	14.8	10.4	3028	3600	3028
2022-10-06T02:47:55	1013.2	24.4	36.9	12.8	1014.4	15.5	10.7	3057	3600	3057
2022-10-06T03:47:59	1013.4	24.4	37.3	12.7	1014.7	15.1	10.8	2985	3600	2985
2022-10-06T04:48:05	1014.4	24.2	38.0	12.7	1015.8	15.3	11.4	3015	3600	3015
2022-10-06T05:48:09	1015.8	23.9	39.4	12.7	1017.1	14.4	10.7	3065	3600	3065
2022-10-06T06:48:12	1017.1	23.4	39.4	12.6	1018.5	13.7	9.6	2989	3600	2989
2022-10-06T07:48:14	1018.7	22.9	39.3	13.9	1020.0	15.7	10.1	2967	3600	2967
2022-10-06T08:48:16	1020.0	23.9	39.1	14.3	1021.3	17.4	10.4	2841	3600	2841
2022-10-06T09:48:24	1021.0	25.6	37.5	14.2	1022.4	17.8	9.5	2762	3600	2762
2022-10-06T10:48:25	1021.8	27.2	35.1	13.9	1023.1	18.2	9.5	2936	3600	2936
2022-10-06T11:48:29	1022.4	28.4	33.1	13.7	1023.8	19.1	9.4	2875	3600	2875
2022-10-06T12:48:31	1022.9	30.0	30.9	13.8	1024.2	19.6	9.0	2984	3600	2984
2022-10-06T13:48:33	1023.1	30.6	29.6	13.6	1024.3	19.4	8.6	2946	3600	2946
2022-10-06T14:48:38	1023.3	31.0	28.7	13.7	1024.5	19.9	8.3	3002	3600	3002
2022-10-06T15:48:41	1023.5	31.3	28.4	13.8	1024.8	19.4	8.2	3033	3600	3033
2022-10-06T16:48:50	1023.6	30.8	28.5	13.8	1025.0	17.6	7.8	2993	3600	2993
2022-10-06T17:48:52	1023.9	29.1	28.9	13.3	1025.3	14.7	7.6	2973	3600	2973
2022-10-06T18:48:58	1024.3	27.5	30.1	13.1	1025.7	12.9	7.4	3000	3600	3000
2022-10-06T19:49:00	1024.4	26.3	31.0	13.0	1025.8	11.7	7.5	2969	3600	2969
2022-10-06T20:49:09	1024.7	25.3	31.5	12.9	1026.0	10.6	7.6	2810	3600	2810
2022-10-06T21:49:12	1025.0	24.4	32.0	12.9	1026.2	9.8	7.6	2872	3600	2872
2022-10-06T22:49:22	1025.0	23.5	32.3	12.9	1026.1	9.2	7.5	2902	3600	2902
2022-10-06T23:49:32	1024.7	22.6	32.7	12.8	1025.8	8.4	7.4	2899	3600	2899
2022-10-07T00:49:38	1024.4	21.7	33.0	12.8	1025.4	7.9	7.3	2821	3600	2821
2022-10-07T01:49:49	1024.3	20.9	33.3	12.8	1025.2	7.5	7.2	2826	3600	2826
2022-10-07T02:49:55	1023.8	20.1	33.5	12.8	1024.7	7.2	7.2	2894	3600	2894
2022-10-07T03:50:01	1023.2	19.5	33.8	12.7	1024.0	7.3	7.1	2955	3600	2955
2022-10-07T04:50:02	1022.7	18.9	34.0	12.7	1023.5	6.4	6.8	2773	3600	2773
2022-10-07T05:50:09	1022.3	18.2	34.2	12.7	1022.9	6.0	6.7	2877	3600	2877
2022-10-07T06:50:12	1021.8	17.6	34.3	12.7	1022.4	5.6	6.6	2811	3600	2811
2022-10-07T07:50:21	1021.5	17.4	34.5	14.2	1022.4	8.4	7.3	2838	3600	2838
2022-10-07T08:50:24	1021.5	18.1	34.9	14.6	1022.5	11.0	8.1	2944	3600	2944
2022-10-07T09:50:31	1021.2	20.1	34.8	14.1	1022.2	13.7	9.0	2810	3600	2810
2022-10-07T10:50:36	1020.5	23.0	34.0	13.7	1021.6	16.5	9.2	2823	3600	2823
2022-10-07T11:50:37	1019.8	25.9	32.5	13.6	1020.9	18.6	8.7	2930	3600	2930
2022-10-07T12:50:38	1018.7	27.9	31.0	13.7	1019.8	19.2	8.7	3009	3600	3009
2022-10-07T13:50:42	1017.6	29.3	30.1	13.7	1018.8	19.1	7.9	3007	3600	3007
2022-10-07T14:50:50	1016.9	30.1	29.8	13.7	1018.1	19.5	7.6	3109	3600	3109
2022-10-07T15:50:52	1016.0	30.2	29.8	13.9	1017.3	18.6	7.5	3048	3600	3048
2022-10-07T16:51:07	1015.3	29.6	30.1	13.9	1016.6	17.2	7.4	3151	3600	3151
2022-10-07T17:51:11	1014.9	28.3	30.9	13.3	1016.3	14.7	7.5	3137	3600	3137
2022-10-07T18:51:13	1014.7	26.7	31.5	13.1	1016.1	12.5	7.3	3215	3600	3215
2022-10-07T19:51:23	1014.3	25.6	31.6	13.0	1015.6	12.1	7.5	3166	3600	3166
2022-10-07T20:51:28	1013.7	24.6	31.7	12.9	1015.0	11.2	7.5	3172	3600	3172
2022-10-07T21:51:36	1013.3	23.8	31.9	12.9	1014.5	10.9	7.6	3171	3600	3171
2022-10-07T22:51:40	1012.8	23.1	32.1	12.8	1014.0	10.6	7.8	3136	3600	3136
2022-10-07T23:51:48	1012.1	22.6	32.3	12.8	1013.2	10.2	7.9	3156	3600	3156
2022-10-08T00:52:01	1011.5	21.9	32.6	12.8	1012.5	8.7	7.6	3147	3600	3147
2022-10-08T01:52:06	1011.3	21.1	32.9	12.8	1012.2	7.5	7.3	3186	3600	3186
2022-10-08T02:52:09	1010.9	20.6	33.1	12.7	1011.9	8.5	8.1	3131	3600	3131
2022-10-08T03:52:13	1010.6	20.3	33.2	12.7	1011.5	8.9	8.3	3236	3600	3236
2022-10-08T04:52:22	1010.7	20.0	33.4	12.7	1011.6	9.4	8.4	3199	3600	3199
2022-10-08T05:52:31	1010.6	19.9	33.7	12.6	1011.5	9.5	8.4	3056	3600	3056
2022-10-08T06:52:42	1010.6	19.6	34.0	12.6	1011.6	9.4	8.4	3076	3600	3076
2022-10-08T07:52:46	1010.8	19.6	34.2	13.1	1011.9	11.1	8.8	3123	3600	3123
2022-10-08T08:52:51	1011.3	21.0	34.3	14.3	1012.5	15.6	9.6	3110	3600	3110
2022-10-08T09:52:58	1011.6	23.3	34.2	14.5	1012.9	15.8	9.5	3055	3600	3055
2022-10-08T10:53:01	1012.0	23.9	34.7	14.1	1013.2	16.1	9.7	3113	3600	3113
2022-10-08T11:53:13	1012.4	24.2	35.0	13.8	1013.6	15.0	9.6	3060	3600	3060
2022-10-08T12:53:16	1012.6	23.5	35.9	13.9	1013.8	14.4	10.4	3080	3600	3080
2022-10-08T13:53:19	1012.5	23.9	36.4	14.1	1013.8	15.2	9.8	3142	3600	3142
2022-10-08T14:53:20	1012.7	25.2	35.7	13.9	1013.9	16.9	9.4	3095	3600	3095
2022-10-08T15:53:25	1012.9	25.6	34.4	13.7	1014.2	14.8	8.9	3095	3600	3095
2022-10-08T16:53:26	1013.8	24.3	34.7	13.3	1015.0	11.3	8.9	3082	3600	3082
2022-10-08T17:53:30	1014.4	22.7	35.1	13.1	1015.6	10.0	8.8	3049	3600	3049
2022-10-08T18:53:36	1015.4	21.6	35.4	13.0	1016.5	8.9	8.3	3067	3600	3067
2022-10-08T19:53:37	1016.3	20.6	35.5	12.9	1017.3	8.3	8.1	2956	3600	2956
2022-10-08T20:53:39	1017.1	19.9	35.7	12.9	1017.9	8.2	8.1	2961	3600	2961
2022-10-08T21:53:43	1017.8	19.4	36.0	12.8	1018.6	8.2	8.1	3008	3600	3008
2022-10-08T22:53:49	1018.3	18.8	36.2	12.8	1019.2	7.6	7.8	2960	3600	2960
2022-10-08T23:53:51	1018.7	18.2	36.2	12.8	1019.5	7.1	7.6	3002	3600	3002
2022-10-09T00:53:56	1019.0	17.7	36.2	12.7	1019.7	6.7	7.4	2960	3600	2960
2022-10-09T01:54:04	1019.3	17.1	36.2	12.7	1020.0	6.4	7.3	2980	3600	2980
2022-10-09T02:54:05	1019.9	16.7	36.2	12.7	1020.5	6.0	7.1	2939	3600	2939
2022-10-09T03:54:07	1020.2	16.2	36.2	12.7	1020.7	5.7	7.0	2971	3600	2971
2022-10-09T04:54:08	1020.3	15.7	36.1	12.6	1020.9	5.0	6.7	2918	3600	2918
2022-10-09T05:54:14	1020.6	15.1	36.0	12.5	1021.2	4.9	6.7	2837	3600	2837
2022-10-09T06:54:21	1020.9	14.6	36.1	12.6	1021.5	5.2	6.8	2931	3600	2931
2022-10-09T07:54:25	1021.6	14.8	36.3	14.3	1022.4	9.3	8.6	2879	3600	2879
2022-10-09T08:54:31	1022.0	16.3	36.3	14.6	1022.9	11.7	8.8	2861	3600	2861
2022-10-09T09:54:33	1022.3	18.5	36.3	14.2	1023.3	13.7	9.6	2827	3600	2827
2022-10-09T10:54:41	1022.3	21.6	35.6	13.8	1023.3	13.8	9.5	2763	3600	2763
2022-10-09T11:54:42	1022.0	24.1	34.6	13.8	1023.1	15.5	9.8	2854	3600	2854
2022-10-09T12:54:51	1021.5	26.2	33.6	13.7	1022.5	16.6	9.4	2913	3600	2913
2022-10-09T13:54:57	1020.9	27.4	33.0	13.7	1022.0	17.8	8.8	2994	3600	2994
2022-10-09T14:55:03	1020.3	28.1	32.5	13.8	1021.5	17.0	8.3	2950	3600	2950
2022-10-09T15:55:11	1019.9	28.1	32.8	13.9	1021.0	16.2	7.7	3022	3600	3022
2022-10-09T16:55:12	1019.4	27.3	32.8	13.9	1020.6	14.5	7.6	3030	3600	3030
2022-10-09T17:55:17	1019.1	25.7	33.3	13.3	1020.3	12.3	7.6	2961	3600	2961
2022-10-09T18:55:20	1019.0	24.2	33.7	13.1	1020.1	10.7	7.6	2970	3600	2970
2022-10-09T19:55:25	1018.7	23.2	33.7	13.0	1019.8	10.3	7.6	3036	3600	3036
2022-10-09T20:55:29	1018.2	22.4	33.8	12.9	1019.2	9.9	7.5	2935	3600	2935
2022-10-09T21:55:37	1017.9	21.7	33.8	12.9	1018.9	9.5	7.3	3069	3600	3069
2022-10-09T22:55:40	1017.5	21.1	34.0	12.8	1018.5	9.1	7.2	3059	3600	3059
2022-10-09T23:55:46	1017.1	20.4	34.1	12.8	1018.0	8.4	7.1	2979	3600	2979
2022-10-10T00:55:57	1016.5	19.8	34.4	12.8	1017.4	8.2	7.0	2943	3600	2943
2022-10-10T01:56:04	1016.1	19.3	34.8	12.7	1016.9	7.7	6.9	2967	3600	2967
2022-10-10T02:56:07	1015.6	18.7	35.2	12.7	1016.4	7.2	6.8	3006	3600	3006
2022-10-10T03:56:08	1014.8	18.1	35.6	12.6	1015.6	6.5	6.7	2975	3600	2975
2022-10-10T04:56:11	1014.2	17.7	35.9	12.6	1014.8	6.3	6.6	3049	3600	3049
2022-10-10T05:56:19	1013.5	17.3	36.2	12.6	1014.2	6.2	6.6	3179	3600	3179
2022-10-10T06:56:22	1013.0	16.9	36.5	12.5	1013.6	5.8	6.4	3115	3600	3115
2022-10-10T07:56:25	1012.7	16.8	36.6	14.2	1013.4	7.1	6.7	3170	3600	3170
2022-10-10T08:56:31	1012.4	17.6	36.9	14.7	1013.3	8.8	7.1	3144	3600	3144
2022-10-10T09:56:40	1012.2	19.3	36.7	14.3	1013.2	11.9	7.9	3147	3600	3147
2022-10-10T10:56:44	1011.7	20.9	36.1	13.9	1012.8	13.0	8.0	3168	3600	3168
2022-10-10T11:56:57	1011.3	22.7	35.4	13.8	1012.5	14.9	8.4	3158	3600	3158
2022-10-10T12:56:58	1010.9	24.5	34.3	13.7	1012.2	16.3	8.6	3104	3600	3104
2022-10-10T13:57:03	1010.6	26.0	33.4	13.7	1011.8	17.4	9.0	3183	3600	3183
2022-10-10T14:57:07	1010.1	27.1	32.9	13.9	1011.4	17.9	9.3	3350	3600	3350
2022-10-10T15:57:14	1009.9	27.3	33.1	13.9	1011.1	17.8	9.3	3207	3600	3207
2022-10-10T16:57:21	1009.7	27.1	33.5	13.9	1011.1	16.4	9.3	3246	3600	3246
2022-10-10T17:57:27	1009.8	25.8	34.1	13.2	1011.1	14.6	9.0	3223	3600	3223
2022-10-10T18:57:36	1010.1	24.8	34.4	13.1	1011.5	13.5	8.9	3227	3600	3227
2022-10-10T19:57:39	1010.6	24.2	34.3	13.0	1011.9	12.3	8.8	3243	3600	3243
2022-10-10T20:57:42	1011.1	23.7	34.3	12.9	1012.3	12.3	9.0	3135	3600	3135
2022-10-10T21:57:47	1011.8	23.5	34.4	12.9	1013.2	13.0	9.2	3239	3600	3239
2022-10-10T22:57:50	1012.8	23.2	34.9	12.8	1014.1	13.0	9.5	3186	3600	3186
2022-10-10T23:57:52	1013.5	22.9	35.7	12.8	1014.8	12.6	9.5	3140	3600	3140
2022-10-11T00:57:56	1014.4	22.5	35.8	12.8	1015.6	10.4	8.2	3129	3600	3129
2022-10-11T01:58:00	1015.6	21.4	35.6	12.7	1016.7	8.1	7.4	3033	3600	3033
2022-10-11T02:58:06	1016.3	20.5	35.5	12.7	1017.2	7.2	7.4	3080	3600	3080
2022-10-11T03:58:12	1016.6	19.9	35.5	12.7	1017.5	7.1	7.4	3063	3600	3063
2022-10-11T04:58:23	1017.3	19.4	35.6	12.7	1018.2	7.2	7.5	2992	3600	2992
2022-10-11T05:58:28	1017.9	18.9	35.8	12.6	1018.8	7.1	7.5	2971	3600	2971
2022-10-11T06:58:30	1018.5	18.4	36.0	12.6	1019.3	6.7	7.4	2973	3600	2973
2022-10-11T07:58:32	1019.2	18.2	36.2	13.8	1020.2	9.7	8.5	3023	3600	3023
2022-10-11T11:00:33	1020.8	27.1	32.2	13.7	1021.9	15.8	9.7	2862	3600	2862
2022-10-11T12:00:42	1020.9	27.2	32.6	13.6	1022.1	17.2	9.6	2982	3600	2982
2022-10-11T13:00:54	1020.8	28.3	32.1	13.8	1022.0	17.5	8.7	3020	3600	3020
2022-10-11T14:01:04	1020.7	27.2	32.4	14.0	1022.0	16.2	8.7	3021	3600	3021
2022-10-11T15:01:14	1020.7	27.3	32.7	13.9	1021.9	16.2	8.3	2994	3600	2994
2022-10-11T16:01:15	1020.6	27.3	32.9	14.0	1021.9	16.2	8.3	3100	3600	3100
2022-10-11T17:01:17	1020.6	26.7	33.1	13.6	1022.0	13.2	7.9	3001	3600	3001
2022-10-11T18:01:19	1020.9	24.9	33.6	13.2	1022.1	9.9	7.2	3080	3600	3080
2022-10-11T19:01:28	1021.2	23.5	33.9	13.0	1022.3	8.6	7.2	3102	3600	3102
2022-10-11T20:01:37	1021.2	22.4	34.1	13.0	1022.2	8.0	7.4	3114	3600	3114
2022-10-11T21:01:40	1021.1	21.6	34.3	12.9	1022.0	7.2	7.1	3006	3600	3006
2022-10-11T22:01:47	1021.2	20.8	34.5	12.9	1022.1	7.0	7.3	2988	3600	2988
2022-10-11T23:01:52	1021.4	20.0	34.6	12.8	1022.1	6.2	7.0	2991	3600	2991
2022-10-12T00:01:53	1021.4	19.2	34.8	12.8	1022.1	5.8	6.9	3010	3600	3010
2022-10-12T01:01:55	1021.4	18.5	34.9	12.8	1022.1	5.2	6.7	2915	3600	2915
2022-10-12T02:01:59	1021.6	17.9	35.0	12.8	1022.1	4.8	6.5	3016	3600	3016
2022-10-12T03:02:11	1021.7	17.2	35.1	12.7	1022.1	4.3	6.3	2994	3600	2994
2022-10-12T04:02:18	1021.4	16.6	35.2	12.7	1021.9	4.4	6.4	2955	3600	2955
2022-10-12T05:02:25	1021.2	16.1	35.3	12.7	1021.7	4.2	6.4	2908	3600	2908
2022-10-12T06:02:26	1021.3	15.5	35.5	12.6	1021.7	3.4	6.0	2874	3600	2874
2022-10-12T07:02:29	1021.4	15.0	35.5	12.8	1021.8	4.1	6.3	2947	3600	2947
2022-10-12T08:02:33	1021.6	15.4	35.6	14.7	1022.4	7.8	7.4	2911	3600	2911
2022-10-12T09:02:35	1021.8	17.0	35.6	14.6	1022.6	9.1	7.7	2839	3600	2839
2022-10-12T10:02:49	1021.7	19.3	35.3	14.1	1022.6	11.8	8.4	2988	3600	2988
2022-10-12T11:02:52	1021.5	21.8	34.8	13.9	1022.5	13.7	8.2	3104	3600	3104
2022-10-12T12:03:00	1021.2	24.2	33.8	13.8	1022.3	15.4	8.1	2997	3600	2997
2022-10-12T13:03:02	1020.6	25.6	32.9	13.8	1021.8	15.9	7.7	3014	3600	3014
2022-10-12T14:03:16	1020.1	26.1	32.5	13.9	1021.4	16.0	7.6	3012	3600	3012
2022-10-12T15:03:21	1019.7	26.9	32.3	13.9	1020.9	16.5	7.8	3042	3600	3042
2022-10-12T16:03:23	1019.2	27.0	32.6	14.0	1020.5	15.4	7.3	3162	3600	3162
2022-10-12T17:03:29	1018.8	26.1	33.0	13.6	1020.1	13.9	7.2	3133	3600	3133
2022-10-12T18:03:41	1018.7	24.5	33.6	13.2	1019.9	10.9	7.0	3139	3600	3139
2022-10-12T19:03:44	1018.5	23.1	33.8	13.1	1019.6	10.0	7.1	3186	3600	3186
2022-10-12T20:03:47	1018.2	22.2	33.8	13.0	1019.3	9.1	7.0	3131	3600	3131
2022-10-12T21:03:52	1018.0	21.3	33.9	12.9	1019.0	8.4	7.1	3164	3600	3164
2022-10-12T22:03:55	1017.6	20.6	33.9	12.9	1018.6	8.4	7.0	3086	3600	3086
2022-10-12T23:03:56	1017.4	20.0	34.1	12.8	1018.4	8.1	6.9	3070	3600	3070
2022-10-13T00:04:01	1017.2	19.4	34.4	12.8	1018.0	7.7	6.9	3033	3600	3033
2022-10-13T01:04:07	1016.9	18.8	34.6	12.8	1017.7	7.1	6.8	3032	3600	3032
2022-10-13T02:04:09	1016.6	18.2	35.0	12.8	1017.5	6.7	6.8	3145	3600	3145
2022-10-13T03:04:19	1016.3	17.7	35.5	12.7	1017.0	6.2	6.7	3070	3600	3070
2022-10-13T04:04:24	1015.6	17.1	35.8	12.7	1016.4	5.9	6.7	3060	3600	3060
2022-10-13T05:04:29	1015.4	16.7	36.3	12.6	1016.1	6.0	6.8	3116	3600	3116
2022-10-13T06:04:34	1015.1	16.4	36.6	12.5	1015.8	6.0	6.8	3018	3600	3018
2022-10-13T07:04:41	1014.9	16.1	36.7	12.6	1015.6	6.0	6.8	3134	3600	3134
2022-10-13T08:04:44	1014.8	16.1	37.1	13.1	1015.5	6.9	7.2	3146	3600	3146
2022-10-13T09:04:55	1014.6	17.0	37.4	14.8	1015.5	9.8	8.2	3182	3600	3182
2022-10-13T10:05:02	1014.3	18.2	37.1	14.8	1015.2	11.6	9.0	3151	3600	3151
2022-10-13T11:05:03	1014.2	19.7	37.0	14.2	1015.2	14.5	10.0	3074	3600	3074
2022-10-13T12:05:07	1013.7	21.9	36.2	14.1	1014.8	16.2	10.3	3093	3600	3093
2022-10-13T13:05:09	1013.2	23.0	36.2	14.0	1014.3	16.7	9.9	3226	3600	3226
2022-10-13T16:05:44	1012.2	29.6	32.0	14.4	1013.4	17.2	8.8	3142	3600	3142
2022-10-13T17:05:49	1012.2	28.3	32.0	13.4	1013.5	15.0	8.8	3293	3600	3293
2022-10-13T18:05:51	1012.1	26.8	32.5	13.2	1013.4	13.3	8.5	3225	3600	3225
2022-10-13T19:05:58	1012.0	25.5	32.7	13.0	1013.2	12.3	8.5	3144	3600	3144
2022-10-13T20:06:01	1011.9	24.6	32.8	13.0	1013.1	12.1	8.6	3153	3600	3153
2022-10-13T21:06:02	1011.7	23.8	32.8	12.9	1012.8	11.4	8.6	3198	3600	3198
2022-10-13T22:06:04	1011.6	23.1	32.9	12.9	1012.7	10.9	8.6	3145	3600	3145
2022-10-13T23:06:13	1011.6	22.5	33.0	12.8	1012.6	10.3	8.4	3107	3600	3107
2022-10-14T00:06:19	1011.5	21.9	33.0	12.8	1012.5	9.8	8.5	3094	3600	3094
2022-10-14T01:06:20	1011.3	21.3	33.0	12.8	1012.2	9.2	8.3	3180	3600	3180
2022-10-14T02:06:24	1011.1	20.7	33.0	12.8	1012.0	8.8	8.2	3264	3600	3264
2022-10-14T03:06:26	1011.0	20.2	33.0	12.7	1011.9	8.4	8.0	3222	3600	3222
2022-10-14T04:06:36	1010.9	19.7	33.0	12.7	1011.7	8.2	8.0	3164	3600	3164
2022-10-14T05:06:38	1010.6	19.2	33.0	12.7	1011.4	8.1	8.1	3076	3600	3076
2022-10-14T06:06:44	1010.4	19.0	33.2	12.7	1011.1	8.5	8.3	3132	3600	3132
2022-10-14T07:06:49	1010.1	18.8	33.4	12.6	1011.0	8.8	8.4	3124	3600	3124
2022-10-14T08:06:53	1010.2	18.7	33.6	12.7	1011.0	9.6	8.8	3147	3600	3147
2022-10-14T09:07:01	1010.4	19.1	34.0	13.2	1011.2	11.1	9.5	3220	3600	3220
2022-10-14T10:07:07	1010.2	20.1	34.4	14.2	1011.2	13.3	10.5	3217	3600	3217
2022-10-14T11:07:16	1009.9	22.3	34.5	14.3	1010.9	15.8	10.8	3196	3600	3196
2022-10-14T12:07:20	1009.6	24.2	34.6	14.0	1010.7	16.6	10.9	3279	3600	3279
2022-10-14T13:07:28	1009.1	25.4	34.4	13.8	1010.2	17.1	10.9	3309	3600	3309
2022-10-14T14:07:34	1008.6	25.3	34.6	14.0	1009.6	17.6	10.9	3226	3600	3226
2022-10-14T15:07:40	1008.2	26.5	34.5	14.0	1009.4	17.7	10.8	3219	3600	3219
2022-10-14T16:07:46	1007.9	26.4	34.4	14.0	1009.0	16.3	10.4	3168	3600	3168
2022-10-14T17:07:47	1007.3	25.7	34.5	13.4	1008.5	15.5	10.3	3241	3600	3241
2022-10-14T18:07:55	1007.0	24.9	34.6	13.2	1008.2	14.7	10.1	3203	3600	3203
2022-10-14T19:08:00	1006.8	24.3	35.0	13.0	1008.0	14.4	10.1	3238	3600	3238
2022-10-14T20:08:12	1006.4	23.9	35.3	13.0	1007.6	13.9	9.8	3428	3600	3428
2022-10-14T21:08:14	1006.0	23.6	35.5	12.9	1007.1	13.7	9.8	3255	3600	3255
2022-10-14T22:08:17	1005.4	23.3	35.6	12.9	1006.5	13.8	9.8	3268	3600	3268
2022-10-14T23:08:26	1004.7	23.2	36.0	12.9	1005.9	13.9	9.9	3239	3600	3239
2022-10-15T00:08:33	1004.0	23.0	36.6	12.8	1005.1	13.8	9.8	3197	3600	3197
2022-10-15T01:08:37	1003.6	22.7	37.2	12.8	1004.8	13.4	10.0	3395	3600	3395
2022-10-15T02:08:43	1003.2	22.4	37.7	12.8	1004.3	13.2	10.5	3308	3600	3308
2022-10-15T03:08:49	1002.7	22.2	38.1	12.8	1003.8	13.3	10.6	3174	3600	3174
2022-10-15T04:09:03	1002.3	22.0	38.0	12.7	1003.4	13.1	10.6	3319	3600	3319
2022-10-15T05:09:12	1002.0	21.8	37.8	12.7	1003.1	12.9	10.6	3203	3600	3203
2022-10-15T06:09:16	1002.1	21.6	37.4	12.7	1003.2	12.9	10.6	3247	3600	3247
2022-10-15T07:09:19	1002.3	21.2	37.2	12.7	1003.5	12.4	10.4	3237	3600	3237
2022-10-15T08:09:27	1002.8	21.2	37.1	13.1	1003.9	13.5	10.9	3191	3600	3191
2022-10-15T09:09:30	1003.1	21.7	36.9	14.0	1004.2	14.4	11.3	3278	3600	3278
2022-10-15T10:09:36	1003.4	22.8	36.8	14.2	1004.5	16.1	12.0	3070	3600	3070
2022-10-15T11:09:38	1003.7	24.1	36.7	14.5	1004.8	17.5	12.1	3230	3600	3230
2022-10-15T12:09:43	1003.9	25.4	36.5	14.2	1005.1	18.1	12.1	3168	3600	3168
2022-10-15T13:09:51	1003.7	26.5	36.3	14.0	1004.8	18.4	12.3	3174	3600	3174
2022-10-15T14:09:58	1003.6	26.8	36.1	14.0	1004.7	18.0	12.1	3264	3600	3264
2022-10-15T15:10:01	1003.4	26.6	36.2	14.1	1004.5	18.1	12.0	3313	3600	3313
2022-10-15T16:10:02	1003.5	26.8	36.3	13.9	1004.7	17.6	11.9	3325	3600	3325
2022-10-15T17:10:05	1003.5	26.4	36.3	13.5	1004.7	16.6	11.6	3361	3600	3361
2022-10-15T18:10:08	1003.8	25.6	36.4	13.1	1005.1	15.2	11.3	3110	3600	3110
2022-10-15T19:10:14	1004.2	24.9	36.5	13.0	1005.4	14.6	11.0	3145	3600	3145
2022-10-15T20:10:24	1004.4	24.6	36.5	12.9	1005.6	14.9	11.0	3233	3600	3233
2022-10-15T21:10:33	1004.6	24.5	36.7	12.9	1005.9	15.2	11.1	3111	3600	3111
2022-10-15T22:10:36	1005.1	24.4	36.9	12.9	1006.3	15.4	11.3	3218	3600	3218
2022-10-15T23:10:41	1005.5	24.3	37.1	12.8	1006.7	15.4	11.3	3082	3600	3082
2022-10-16T00:10:50	1005.7	24.1	37.1	12.8	1006.9	15.1	11.3	3173	3600	3173
2022-10-16T01:10:51	1006.1	24.0	37.3	12.8	1007.4	15.3	11.5	3078	3600	3078
2022-10-16T02:10:53	1006.6	23.9	37.5	12.8	1007.7	15.4	11.6	3162	3600	3162
2022-10-16T03:10:58	1007.0	23.9	37.6	12.8	1008.2	15.3	11.6	3139	3600	3139
2022-10-16T04:11:03	1007.4	23.8	37.5	12.7	1008.5	14.6	11.3	3151	3600	3151
2022-10-16T05:11:04	1007.8	23.5	37.3	12.7	1009.0	14.0	11.2	3053	3600	3053
2022-10-16T06:11:08	1008.0	23.3	37.1	12.7	1009.1	13.8	11.1	3158	3600	3158
2022-10-16T07:11:09	1008.3	23.1	37.2	12.6	1009.4	14.0	11.2	3115	3600	3115
2022-10-16T08:11:15	1008.9	23.2	37.5	12.8	1010.0	14.8	11.6	3052	3600	3052
2022-10-16T09:11:26	1009.5	23.9	37.2	13.2	1010.6	15.7	12.0	3044	3600	3044
2022-10-16T10:11:36	1010.0	24.5	37.0	13.9	1011.1	17.2	12.5	3038	3600	3038
2022-10-16T11:11:41	1010.6	26.3	36.8	14.5	1011.7	18.9	12.7	2953	3600	2953
2022-10-16T12:11:43	1011.0	27.9	36.5	14.2	1012.1	19.8	12.3	3030	3600	3030
2022-10-16T13:11:53	1011.2	28.6	36.1	13.8	1012.3	20.4	11.5	3096	3600	3096
2022-10-16T14:11:57	1011.6	30.5	34.8	13.8	1012.7	21.9	11.1	3008	3600	3008
2022-10-16T15:11:59	1012.0	31.4	33.3	13.8	1013.1	21.5	10.7	3076	3600	3076
2022-10-16T16:12:03	1012.4	31.6	32.5	13.9	1013.6	21.1	10.3	3083	3600	3083
2022-10-16T17:12:04	1013.0	31.2	32.2	13.5	1014.4	18.8	9.6	2987	3600	2987
2022-10-16T18:12:16	1013.8	29.4	32.4	13.2	1015.2	15.6	9.2	3079	3600	3079
2022-10-16T19:12:20	1014.6	28.0	32.6	13.0	1015.9	13.8	9.0	3073	3600	3073
2022-10-16T20:12:21	1015.2	27.0	32.5	12.9	1016.5	12.9	9.2	2963	3600	2963
2022-10-16T21:12:23	1015.7	26.1	32.5	12.9	1017.0	12.8	9.2	2951	3600	2951
2022-10-16T22:12:26	1016.2	25.5	32.6	12.9	1017.5	12.7	9.4	3000	3600	3000
2022-10-16T23:12:35	1016.7	25.0	32.7	12.8	1017.9	12.6	9.3	2986	3600	2986
2022-10-17T00:12:44	1016.9	24.4	32.8	12.8	1018.0	12.7	9.4	3036	3600	3036
2022-10-17T01:12:52	1016.9	24.2	33.0	12.8	1018.1	13.5	9.7	2958	3600	2958
2022-10-17T02:12:58	1017.0	24.0	33.3	12.8	1018.2	14.1	10.4	2945	3600	2945
2022-10-17T03:13:03	1016.8	23.8	33.5	12.7	1017.9	13.4	10.5	2846	3600	2846
2022-10-17T04:13:07	1016.6	23.4	34.3	12.7	1017.6	13.2	10.6	2894	3600	2894
2022-10-17T05:13:11	1016.4	23.2	35.9	12.7	1017.4	13.5	10.9	2883	3600	2883
2022-10-17T06:13:20	1016.1	23.0	37.2	12.6	1017.2	13.1	10.8	2878	3600	2878
2022-10-17T07:13:22	1016.2	22.7	38.0	12.6	1017.3	13.7	11.1	2897	3600	2897
2022-10-17T08:13:24	1016.6	22.9	38.6	13.2	1017.7	14.8	11.4	2864	3600	2864
2022-10-17T09:13:33	1017.0	23.9	38.7	14.5	1018.1	17.0	12.1	2966	3600	2966
2022-10-17T10:13:37	1017.0	25.6	38.2	14.4	1018.0	19.0	12.7	2917	3600	2917
2022-10-17T11:13:39	1017.0	27.7	37.5	14.0	1017.9	21.1	13.3	2872	3600	2872
2022-10-17T12:13:50	1016.8	29.6	36.8	13.7	1017.8	23.1	13.5	2885	3600	2885
2022-10-17T13:13:54	1016.7	31.3	35.9	13.8	1017.6	23.5	13.2	2999	3600	2999
2022-10-17T14:14:07	1016.4	32.6	35.2	13.7	1017.3	24.3	13.6	3025	3600	3025
2022-10-17T15:14:11	1016.3	33.2	34.8	13.8	1017.4	24.9	13.4	3042	3600	3042
2022-10-17T16:14:19	1016.5	33.5	34.4	13.8	1017.6	23.8	12.6	2963	3600	2963
2022-10-17T17:14:33	1016.7	32.6	34.3	13.5	1017.9	22.3	12.2	3084	3600	3084
2022-10-17T18:14:38	1017.0	31.6	34.4	13.1	1018.2	20.9	12.0	2937	3600	2937
2022-10-17T19:14:44	1017.3	30.8	34.3	13.0	1018.5	19.9	12.1	3006	3600	3006
2022-10-17T20:14:49	1017.7	30.2	34.2	12.9	1019.0	18.5	11.9	2950	3600	2950
2022-10-17T21:14:53	1018.2	29.6	34.2	12.9	1019.4	17.7	11.6	2915	3600	2915
2022-10-17T22:15:02	1018.5	29.1	34.1	12.9	1019.8	16.6	11.5	2875	3600	2875
2022-10-17T23:15:06	1019.0	28.6	34.0	12.8	1020.3	16.4	11.5	2877	3600	2877
2022-10-18T00:15:13	1019.4	28.1	34.0	12.8	1020.6	16.0	11.5	2862	3600	2862
2022-10-18T01:15:22	1019.5	27.7	34.0	12.8	1020.8	16.0	11.7	2797	3600	2797
2022-10-18T02:15:23	1019.8	27.3	34.0	12.8	1021.0	15.9	11.8	2878	3600	2878
2022-10-18T03:15:24	1019.8	27.0	34.1	12.7	1021.0	15.8	12.0	2817	3600	2817
2022-10-18T04:15:27	1020.0	26.4	34.4	12.7	1021.2	15.7	12.1	2854	3600	2854
2022-10-18T05:15:36	1020.2	25.8	35.1	12.7	1021.2	15.2	12.0	2872	3600	2872
2022-10-18T06:15:41	1020.0	25.2	35.3	12.6	1021.0	14.7	11.8	2933	3600	2933
2022-10-18T07:15:48	1019.8	24.7	35.4	12.6	1020.8	14.5	11.9	2857	3600	2857
2022-10-18T08:15:52	1020.1	24.4	35.5	12.6	1021.2	14.8	12.2	2726	3600	2726
2022-10-18T09:16:02	1020.5	24.4	35.7	12.6	1021.5	15.1	12.6	2690	3600	2690
2022-10-18T10:16:06	1020.5	24.2	36.0	12.6	1021.5	15.2	12.7	2681	3600	2681
2022-10-18T11:16:12	1020.4	24.1	36.2	12.7	1021.4	15.2	12.7	2545	3600	2545
2022-10-18T12:16:19	1020.1	24.0	36.6	12.8	1021.1	15.4	12.9	2610	3600	2610
2022-10-18T13:16:27	1020.0	24.1	37.0	13.0	1020.9	15.8	13.2	2569	3600	2569
2022-10-18T14:16:32	1019.7	24.3	37.7	13.4	1020.6	16.1	13.5	2631	3600	2631
2022-10-18T15:16:47	1019.8	25.0	38.3	14.2	1020.8	17.0	13.9	2542	3600	2542
2022-10-18T16:17:00	1020.0	26.2	38.5	14.0	1021.0	16.2	12.5	2628	3600	2628
2022-10-18T17:17:07	1020.0	25.5	38.3	13.2	1021.0	13.6	10.9	2539	3600	2539
2022-10-18T18:17:14	1020.3	24.2	37.8	13.1	1021.2	11.8	10.1	2591	3600	2591
2022-10-18T19:17:27	1020.6	23.3	37.3	13.0	1021.5	11.3	9.9	2610	3600	2610
2022-10-18T20:17:36	1020.9	22.7	36.9	12.9	1021.8	10.3	9.4	2655	3600	2655
2022-10-18T21:17:37	1021.2	22.0	36.5	12.9	1022.0	9.2	8.7	2688	3600	2688
2022-10-18T22:17:48	1021.5	21.3	36.2	12.8	1022.2	8.7	8.5	2626	3600	2626
2022-10-18T23:17:50	1021.4	20.7	36.1	12.8	1022.0	8.6	8.5	2559	3600	2559
2022-10-19T00:17:55	1021.0	20.4	36.1	12.7	1021.8	9.7	9.1	2744	3600	2744
2022-10-19T01:17:58	1021.0	20.2	36.2	12.7	1021.9	9.9	9.2	2683	3600	2683
2022-10-19T02:18:08	1020.9	20.1	36.3	12.6	1021.8	9.8	9.2	2515	3600	2515
2022-10-19T03:18:12	1020.8	20.0	36.3	12.6	1021.5	9.8	9.1	2666	3600	2666
2022-10-19T04:18:15	1020.7	19.8	36.6	12.5	1021.6	9.9	9.1	2655	3600	2655
2022-10-19T05:18:27	1021.2	19.6	36.5	12.5	1022.0	9.9	9.1	2622	3600	2622
2022-10-19T06:18:30	1021.4	19.4	36.6	12.5	1022.2	9.8	9.1	2698	3600	2698
2022-10-19T07:18:33	1021.7	19.3	36.8	12.5	1022.6	10.0	9.2	2506	3600	2506
2022-10-19T08:18:36	1022.0	19.3	36.9	12.6	1022.9	10.4	9.4	2591	3600	2591
2022-10-19T09:18:38	1022.3	19.4	37.3	12.9	1023.2	11.1	9.8	2524	3600	2524
2022-10-19T10:18:50	1022.7	20.0	37.3	13.8	1023.7	12.4	10.2	2590	3600	2590
2022-10-19T11:18:55	1022.9	21.6	37.2	14.6	1023.9	14.8	10.7	2628	3600	2628
2022-10-19T12:19:02	1023.0	23.7	36.8	14.2	1024.1	14.6	10.1	2731	3600	2731
2022-10-19T13:19:05	1022.8	24.0	36.8	13.9	1023.9	15.5	10.1	2630	3600	2630
2022-10-19T14:19:09	1022.5	26.1	36.0	14.0	1023.6	15.8	9.5	2642	3600	2642
2022-10-19T15:19:19	1022.2	25.6	36.1	14.0	1023.3	15.9	9.4	2572	3600	2572
2022-10-19T16:19:23	1022.0	26.0	36.0	13.9	1023.1	14.1	8.6	2617	3600	2617
2022-10-19T17:19:27	1021.9	24.9	36.1	13.3	1023.0	11.0	7.7	2612	3600	2612
2022-10-19T18:19:30	1022.2	22.8	35.7	13.1	1023.1	8.5	7.4	2622	3600	2622
2022-10-19T19:19:33	1022.4	21.5	35.4	13.0	1023.3	7.9	7.3	2698	3600	2698
2022-10-19T20:19:34	1022.4	20.6	35.1	13.0	1023.2	7.2	7.1	2654	3600	2654
2022-10-19T21:19:38	1022.3	19.7	34.9	12.9	1023.0	6.1	6.9	2635	3600	2635
2022-10-19T22:19:46	1022.5	18.9	34.8	12.9	1023.2	6.3	7.0	2623	3600	2623
2022-10-19T23:19:49	1022.2	18.2	34.9	12.8	1022.9	7.3	7.0	2591	3600	2591
2022-10-20T00:19:51	1021.9	17.7	35.2	12.8	1022.6	7.0	6.8	2598	3600	2598
2022-10-20T01:20:09	1021.8	17.3	35.2	12.8	1022.5	6.5	6.6	2649	3600	2649
2022-10-20T02:20:11	1021.5	16.8	35.1	12.8	1022.1	6.1	6.5	2651	3600	2651
2022-10-20T03:20:14	1020.8	16.3	35.1	12.7	1021.4	5.7	6.4	2700	3600	2700
2022-10-20T04:20:15	1020.2	15.8	35.0	12.7	1020.7	5.0	6.3	2650	3600	2650
2022-10-20T05:20:23	1019.8	15.3	35.3	12.7	1020.4	5.1	6.3	2791	3600	2791
2022-10-20T06:20:32	1019.3	14.9	35.3	12.6	1019.8	4.5	6.2	2732	3600	2732
2022-10-20T07:20:41	1019.1	14.5	35.4	12.7	1019.6	4.8	6.4	2675	3600	2675
2022-10-20T08:20:48	1018.9	14.8	36.3	14.7	1019.6	7.2	6.9	2717	3600	2717
2022-10-20T09:21:00	1018.7	16.0	38.3	14.6	1019.6	8.6	7.3	2786	3600	2786
2022-10-20T10:21:09	1018.2	17.5	39.3	14.1	1019.1	10.0	7.6	2828	3600	2828
2022-10-20T11:21:12	1017.5	18.8	39.4	14.0	1018.5	11.5	7.6	2858	3600	2858
2022-10-20T12:21:22	1016.6	20.1	38.8	13.9	1017.8	12.7	7.8	2860	3600	2860
2022-10-20T13:21:31	1015.8	21.6	37.9	13.9	1017.0	13.8	8.0	2791	3600	2791
2022-10-20T14:21:43	1015.0	22.7	36.5	13.9	1016.2	14.2	7.5	2843	3600	2843
2022-10-20T15:21:45	1014.3	22.7	35.3	14.0	1015.6	13.8	7.5	2868	3600	2868
2022-10-20T16:21:47	1013.9	22.4	34.9	14.0	1015.2	13.3	7.4	2935	3600	2935
2022-10-20T17:22:01	1013.2	21.6	34.7	13.4	1014.5	12.0	7.3	2775	3600	2775
2022-10-20T18:22:04	1012.9	20.7	35.0	13.2	1014.0	10.9	7.4	2899	3600	2899
2022-10-20T19:22:11	1012.3	20.1	35.6	13.1	1013.4	10.4	7.4	2856	3600	2856
2022-10-20T20:22:20	1011.8	19.7	36.5	13.0	1012.9	9.8	7.6	2971	3600	2971
2022-10-20T21:22:23	1011.2	19.2	37.3	12.9	1012.2	9.2	7.6	2856	3600	2856
2022-10-20T22:22:27	1010.9	18.8	37.8	12.9	1012.0	9.1	7.6	2927	3600	2927
2022-10-20T23:22:30	1010.7	18.5	38.2	12.8	1011.8	9.0	7.7	2967	3600	2967
2022-10-21T00:22:34	1010.5	18.1	39.3	12.8	1011.4	8.7	7.9	2943	3600	2943
2022-10-21T01:22:37	1010.0	17.8	39.7	12.8	1010.9	8.7	7.9	2917	3600	2917
2022-10-21T02:22:40	1009.8	17.6	39.8	12.7	1010.6	8.9	8.1	2798	3600	2798
2022-10-21T03:22:53	1008.9	17.5	40.2	12.7	1009.8	9.0	8.2	2893	3600	2893
2022-10-21T04:22:58	1008.2	17.4	40.4	12.7	1009.1	9.0	8.2	2914	3600	2914
2022-10-21T05:23:07	1007.8	17.3	40.9	12.6	1008.6	9.1	8.2	2992	3600	2992
2022-10-21T06:23:08	1007.1	17.1	41.6	12.6	1007.9	9.1	8.1	2983	3600	2983
2022-10-21T07:23:09	1006.5	17.0	42.0	12.6	1007.5	9.2	8.2	2863	3600	2863
2022-10-21T08:23:19	1006.7	17.1	42.3	12.6	1007.7	9.8	8.5	2821	3600	2821
2022-10-21T09:23:24	1006.8	17.4	42.6	12.9	1007.7	10.7	8.8	2940	3600	2940
2022-10-21T10:23:31	1006.3	18.3	42.9	14.2	1007.4	12.3	9.4	3031	3600	3031
2022-10-21T11:23:34	1005.9	19.5	42.8	14.5	1007.0	13.8	10.0	2987	3600	2987
2022-10-21T12:23:42	1005.5	21.3	42.6	14.5	1006.6	15.6	10.3	3028	3600	3028
2022-10-21T13:23:50	1005.3	22.8	42.1	14.2	1006.5	15.7	10.2	3025	3600	3025
2022-10-21T14:23:57	1005.1	22.7	41.5	13.9	1006.3	14.9	10.0	3000	3600	3000
2022-10-21T15:23:58	1004.9	22.2	41.2	13.7	1006.2	14.5	10.0	3091	3600	3091
2022-10-21T16:24:03	1004.8	22.0	40.9	13.3	1006.0	14.1	10.0	3036	3600	3036
2022-10-21T17:24:09	1004.6	21.8	40.5	13.1	1005.9	13.8	10.1	3084	3600	3084
2022-10-21T18:24:16	1004.8	21.5	40.3	13.0	1006.1	13.6	10.7	3003	3600	3003
2022-10-21T19:24:24	1005.1	21.3	40.3	12.9	1006.3	13.7	11.4	2852	3600	2852
2022-10-21T20:24:25	1005.1	21.3	40.2	12.9	1006.2	13.8	11.5	2970	3600	2970
2022-10-21T21:24:33	1005.3	21.3	40.0	12.9	1006.5	13.7	11.5	2898	3600	2898
2022-10-21T22:24:39	1005.5	21.2	39.8	12.8	1006.6	13.6	11.5	2844	3600	2844
2022-10-21T23:24:53	1005.6	21.3	39.7	12.8	1006.7	13.8	11.6	2935	3600	2935
2022-10-22T00:24:55	1005.7	21.2	39.7	12.8	1006.7	13.6	11.5	2899	3600	2899
2022-10-22T01:24:59	1005.4	21.1	39.6	12.7	1006.4	13.2	11.3	2869	3600	2869
2022-10-22T02:25:07	1005.5	20.9	39.4	12.7	1006.5	12.9	11.1	2985	3600	2985
2022-10-22T03:25:12	1005.5	20.8	39.3	12.7	1006.5	12.8	11.0	2771	3600	2771
2022-10-22T04:25:15	1005.5	20.7	39.1	12.7	1006.5	12.7	11.0	2858	3600	2858
2022-10-22T05:25:24	1005.6	20.6	38.9	12.6	1006.7	12.6	10.9	2876	3600	2876
2022-10-22T06:25:28	1005.8	20.5	38.9	12.6	1006.9	12.4	10.7	2873	3600	2873
2022-10-22T07:25:33	1006.1	20.3	38.8	12.6	1007.1	12.2	10.6	2806	3600	2806
2022-10-22T08:25:44	1006.5	20.2	38.8	12.7	1007.6	12.4	10.8	2977	3600	2977
2022-10-22T09:25:51	1007.2	20.6	38.8	13.0	1008.3	13.4	11.5	2913	3600	2913
2022-10-22T10:25:59	1007.7	21.1	38.9	13.5	1008.8	14.4	12.2	2984	3600	2984
2022-10-22T11:26:05	1008.1	21.9	39.2	13.9	1009.2	15.6	13.0	2847	3600	2847
2022-10-22T12:26:09	1008.2	23.5	39.6	14.3	1009.3	17.4	13.7	2848	3600	2848
2022-10-22T13:26:14	1008.2	27.4	38.8	14.3	1009.3	19.9	13.8	2829	3600	2829
2022-10-22T14:26:19	1008.2	29.5	38.3	13.8	1009.3	21.4	13.8	2877	3600	2877
2022-10-22T15:26:26	1008.5	30.4	38.2	13.8	1009.5	21.1	13.3	2851	3600	2851
2022-10-22T16:26:35	1008.7	30.0	38.4	13.8	1009.9	20.1	12.5	2929	3600	2929
2022-10-22T17:26:41	1009.0	28.6	38.4	13.2	1010.2	16.9	11.5	2817	3600	2817
2022-10-22T18:26:47	1009.6	26.9	38.6	13.1	1010.9	15.2	11.3	2860	3600	2860
2022-10-22T19:26:52	1010.2	26.1	38.4	13.0	1011.5	15.2	11.2	2873	3600	2873
2022-10-22T20:26:57	1010.4	25.5	38.2	12.9	1011.6	14.4	10.8	2862	3600	2862
2022-10-22T21:27:01	1010.8	24.8	38.3	12.9	1012.0	14.0	11.3	2729	3600	2729
2022-10-22T22:27:09	1011.4	24.2	38.5	12.9	1012.5	13.9	11.4	2731	3600	2731
2022-10-22T23:27:12	1011.7	23.7	38.7	12.8	1012.9	13.4	10.9	2938	3600	2938
2022-10-23T00:27:27	1011.7	22.8	38.9	12.8	1012.8	12.3	10.2	2751	3600	2751
2022-10-23T01:27:40	1011.8	22.2	38.9	12.8	1012.8	12.2	10.3	2806	3600	2806
2022-10-23T02:27:44	1011.9	22.0	38.9	12.8	1013.0	12.3	10.3	2797	3600	2797
2022-10-23T03:27:56	1012.0	21.4	38.9	12.7	1013.0	11.7	9.9	2775	3600	2775
2022-10-23T04:28:03	1011.8	20.9	38.8	12.7	1012.8	11.2	9.6	2810	3600	2810
2022-10-23T05:28:08	1011.8	20.3	38.8	12.7	1012.8	10.5	9.4	2832	3600	2832
2022-10-23T06:28:16	1011.8	19.7	38.7	12.7	1012.7	10.5	9.4	2786	3600	2786
2022-10-23T07:28:20	1011.8	19.4	38.6	12.7	1012.6	10.2	9.3	2770	3600	2770
2022-10-23T08:28:22	1011.8	19.3	38.6	13.2	1012.8	10.2	9.3	2782	3600	2782
2022-10-23T09:28:34	1011.8	19.9	38.7	14.7	1012.8	12.2	10.3	2830	3600	2830
2022-10-23T10:28:35	1011.6	21.1	39.4	14.5	1012.6	14.3	10.9	2778	3600	2778
2022-10-23T11:28:41	1011.4	23.3	39.9	14.0	1012.5	16.6	11.7	2752	3600	2752
2022-10-23T12:28:51	1011.0	25.3	40.0	13.9	1012.0	17.9	11.9	2846	3600	2846
2022-10-23T13:28:55	1010.2	25.8	40.3	14.0	1011.3	17.9	11.6	2940	3600	2940
2022-10-23T14:29:08	1009.4	25.7	40.1	14.0	1010.5	17.5	11.5	2888	3600	2888
2022-10-23T15:29:09	1008.6	25.7	40.1	14.0	1009.8	17.5	11.6	2863	3600	2863
2022-10-23T16:29:16	1008.1	25.6	39.9	13.7	1009.3	16.8	11.5	2942	3600	2942
2022-10-23T17:29:17	1007.5	25.0	39.9	13.2	1008.7	16.2	11.2	2885	3600	2885
2022-10-23T18:29:28	1006.9	24.6	40.1	13.1	1008.1	15.8	11.3	3063	3600	3063
2022-10-23T19:29:29	1006.3	24.4	40.6	13.0	1007.5	15.7	11.0	3020	3600	3020
2022-10-23T20:29:32	1005.7	24.1	40.7	12.9	1006.9	15.0	10.7	3031	3600	3031
2022-10-23T21:29:38	1005.4	23.8	40.7	12.9	1006.7	14.4	10.4	3046	3600	3046
2022-10-23T22:29:46	1005.2	23.4	40.4	12.9	1006.5	13.7	10.1	3051	3600	3051
2022-10-23T23:29:56	1005.6	23.0	40.1	12.8	1007.0	13.9	10.2	2922	3600	2922
2022-10-24T00:30:08	1005.8	22.6	40.2	12.8	1007.0	13.4	10.7	2924	3600	2924
2022-10-24T01:30:17	1005.2	22.2	40.2	12.8	1006.4	12.8	10.8	2867	3600	2867
2022-10-24T02:30:24	1005.3	21.8	40.3	12.8	1006.3	12.7	10.8	2815	3600	2815
2022-10-24T03:30:31	1004.7	21.4	40.4	12.7	1005.7	12.4	10.7	2870	3600	2870
2022-10-24T04:30:32	1004.5	21.1	40.3	12.7	1005.5	12.6	10.8	2893	3600	2893
2022-10-24T05:30:46	1004.5	21.0	40.5	12.7	1005.6	13.2	11.0	2902	3600	2902
2022-10-24T06:30:50	1004.6	20.9	40.8	12.6	1005.7	13.1	10.8	2913	3600	2913
2022-10-24T07:30:57	1004.4	20.8	40.9	12.6	1005.5	13.3	10.9	2945	3600	2945
2022-10-24T08:31:02	1004.8	21.0	41.0	12.9	1005.9	14.6	11.4	2878	3600	2878
2022-10-24T09:31:07	1004.9	21.8	41.5	14.0	1006.0	16.2	12.0	2960	3600	2960
2022-10-24T10:31:08	1004.7	23.0	42.0	14.6	1005.9	17.2	12.2	2925	3600	2925
2022-10-24T11:31:25	1004.8	23.8	42.1	14.5	1005.9	17.5	12.1	3048	3600	3048
2022-10-24T12:31:33	1004.5	24.2	42.1	14.1	1005.7	17.8	12.0	2925	3600	2925
2022-10-24T13:31:37	1004.2	24.7	42.1	14.1	1005.4	18.4	12.1	2985	3600	2985
2022-10-24T14:31:41	1004.0	25.7	41.8	14.0	1005.2	19.6	12.2	2912	3600	2912
2022-10-24T15:31:52	1004.3	26.5	41.0	14.1	1005.6	18.9	11.8	3005	3600	3005
2022-10-24T16:31:58	1004.4	26.1	40.7	13.4	1005.7	17.8	11.7	2967	3600	2967
2022-10-24T17:32:05	1004.7	25.4	40.7	13.1	1006.0	17.1	11.5	2941	3600	2941
2022-10-24T18:32:07	1005.0	25.1	40.6	13.0	1006.2	16.9	11.1	2898	3600	2898
2022-10-24T19:32:18	1005.2	24.9	40.5	13.0	1006.5	16.2	10.9	2901	3600	2901
2022-10-24T20:32:19	1005.4	24.7	40.4	12.9	1006.6	16.0	11.0	2901	3600	2901
2022-10-24T21:32:24	1005.4	24.5	40.3	12.9	1006.8	15.6	10.8	2904	3600	2904
2022-10-24T22:32:36	1005.9	24.2	40.2	12.9	1007.2	15.1	10.8	2958	3600	2958
2022-10-24T23:32:45	1006.3	23.9	40.1	12.8	1007.6	14.8	10.6	2949	3600	2949
2022-10-25T00:32:47	1006.6	23.6	40.0	12.8	1008.0	14.0	10.5	2901	3600	2901
2022-10-25T01:32:50	1006.8	23.2	39.7	12.8	1008.1	13.3	10.3	2925	3600	2925
2022-10-25T02:32:58	1006.9	22.9	39.5	12.8	1008.1	13.4	10.4	2913	3600	2913
2022-10-25T03:33:01	1006.9	22.8	39.5	12.7	1008.1	14.0	10.4	2852	3600	2852
2022-10-25T04:33:06	1007.1	22.7	39.6	12.7	1008.4	13.9	10.1	2901	3600	2901
2022-10-25T05:33:10	1007.6	22.5	39.7	12.7	1008.8	13.7	9.9	2928	3600	2928
2022-10-25T06:33:14	1007.7	22.3	39.7	12.6	1009.0	13.3	9.9	2839	3600	2839
2022-10-25T07:33:19	1008.3	22.1	39.8	12.6	1009.5	13.4	10.1	2858	3600	2858
2022-10-25T08:33:31	1008.9	22.0	40.0	12.8	1010.1	13.6	10.5	2953	3600	2953
2022-10-25T09:33:34	1009.2	22.1	40.4	13.5	1010.4	13.6	10.8	2840	3600	2840
2022-10-25T10:33:36	1009.5	22.4	40.6	14.1	1010.7	15.5	11.4	2742	3600	2742
2022-10-25T11:33:37	1010.0	23.8	40.8	14.0	1011.2	16.2	11.1	2812	3600	2812
2022-10-25T12:33:39	1010.2	24.0	41.0	14.5	1011.4	16.6	11.1	2845	3600	2845
2022-10-25T13:33:41	1010.4	25.2	40.5	13.8	1011.6	17.0	11.1	2925	3600	2925
2022-10-25T14:33:42	1010.7	25.1	40.2	13.7	1012.0	15.8	11.3	2841	3600	2841
2022-10-25T15:33:43	1011.0	24.2	40.3	13.9	1012.2	15.0	11.8	2738	3600	2738
2022-10-25T16:33:46	1011.1	24.1	40.2	13.6	1012.2	14.7	11.3	2812	3600	2812
2022-10-25T17:33:56	1011.2	23.0	40.0	13.2	1012.4	12.6	10.3	2799	3600	2799
2022-10-25T18:34:09	1011.7	22.0	40.0	13.0	1012.8	11.6	9.9	2828	3600	2828
2022-10-25T19:34:13	1012.0	21.3	39.9	12.9	1013.1	11.1	9.5	2863	3600	2863
2022-10-25T20:34:21	1012.2	20.8	39.8	12.9	1013.2	10.8	9.3	2829	3600	2829
2022-10-25T21:34:28	1012.4	20.2	39.7	12.9	1013.4	10.5	9.2	2740	3600	2740
2022-10-25T22:34:31	1012.7	19.8	39.5	12.8	1013.6	10.3	9.1	2805	3600	2805
2022-10-25T23:34:32	1012.8	19.3	39.4	12.8	1013.8	9.7	8.9	2743	3600	2743
2022-10-26T00:34:33	1013.0	18.8	39.2	12.8	1013.9	9.3	8.8	2748	3600	2748
2022-10-26T01:34:40	1013.0	18.3	39.1	12.8	1013.9	9.3	8.8	2711	3600	2711
2022-10-26T02:34:42	1013.0	18.0	39.0	12.7	1013.8	8.7	8.4	2769	3600	2769
2022-10-26T03:34:45	1012.8	17.5	38.9	12.7	1013.5	8.6	8.4	2732	3600	2732
2022-10-26T04:34:51	1012.7	17.3	38.9	12.7	1013.5	8.4	8.4	2750	3600	2750
2022-10-26T05:35:05	1012.8	16.9	38.9	12.6	1013.5	7.8	8.1	2791	3600	2791
2022-10-26T06:35:14	1012.8	16.6	38.9	12.6	1013.5	7.8	8.1	2749	3600	2749
2022-10-26T07:35:21	1012.9	16.3	39.0	12.7	1013.6	7.7	8.0	2844	3600	2844
2022-10-26T08:35:23	1013.1	16.7	39.2	14.6	1013.9	9.2	8.6	2749	3600	2749
2022-10-26T09:35:27	1013.3	18.1	39.9	14.5	1014.2	11.3	9.5	2685	3600	2685
2022-10-26T10:35:30	1013.3	20.3	40.6	14.1	1014.4	13.8	10.3	2760	3600	2760
2022-10-26T11:35:32	1013.4	22.6	40.7	13.8	1014.4	15.8	10.7	2762	3600	2762
2022-10-26T12:35:51	1013.3	24.7	40.2	13.6	1014.4	17.4	10.6	2740	3600	2740
2022-10-26T13:35:56	1013.0	26.4	39.6	13.7	1014.2	18.2	11.0	2853	3600	2853
2022-10-26T14:36:07	1013.0	27.5	39.3	13.8	1014.2	18.9	11.1	2715	3600	2715
2022-10-26T15:36:11	1013.3	27.6	39.1	13.9	1014.5	18.0	10.9	2828	3600	2828
2022-10-26T16:36:19	1013.5	26.6	39.1	13.5	1014.8	16.3	10.8	2861	3600	2861
2022-10-26T17:36:20	1013.8	25.3	39.0	13.1	1015.1	15.0	10.5	2759	3600	2759
2022-10-26T18:36:31	1014.3	24.7	38.9	13.0	1015.5	14.8	10.7	2821	3600	2821
2022-10-26T19:36:40	1015.0	24.3	38.6	13.0	1016.3	14.5	10.6	2775	3600	2775
2022-10-26T20:36:43	1015.4	23.8	38.4	12.9	1016.6	13.7	10.4	2746	3600	2746
2022-10-26T21:36:46	1016.0	23.4	38.3	12.9	1017.3	13.0	10.2	2759	3600	2759
2022-10-26T22:36:52	1016.5	22.9	38.1	12.8	1017.7	12.0	9.8	2737	3600	2737
2022-10-26T23:36:57	1016.9	22.4	38.0	12.8	1018.0	11.4	9.7	2771	3600	2771
2022-10-27T00:36:59	1017.3	22.0	38.0	12.8	1018.4	11.1	9.6	2763	3600	2763
2022-10-27T01:37:01	1017.7	21.6	38.0	12.8	1018.8	11.1	9.7	2607	3600	2607
2022-10-27T02:37:05	1018.2	21.3	38.0	12.7	1019.2	10.9	9.6	2652	3600	2652
2022-10-27T03:37:09	1018.4	20.9	38.0	12.7	1019.4	10.8	9.6	2632	3600	2632
2022-10-27T04:37:21	1018.7	20.6	38.0	12.7	1019.7	10.6	9.5	2686	3600	2686
2022-10-27T05:37:22	1019.4	20.3	37.9	12.6	1020.3	10.4	9.4	2652	3600	2652
2022-10-27T06:37:28	1019.8	20.0	37.9	12.5	1020.8	10.3	9.4	2607	3600	2607
2022-10-27T07:37:35	1020.1	19.7	37.9	12.8	1021.0	10.5	9.5	2535	3600	2535
2022-10-27T08:37:43	1020.4	20.1	38.1	14.1	1021.4	12.3	10.3	2612	3600	2612
2022-10-27T09:37:56	1020.9	21.3	38.3	14.6	1021.9	14.0	11.1	2616	3600	2616
2022-10-27T10:38:00	1021.0	23.2	38.1	14.4	1022.1	16.6	12.0	2608	3600	2608
2022-10-27T11:38:03	1021.0	25.3	37.8	13.8	1022.1	18.6	12.7	2683	3600	2683
2022-10-27T12:38:07	1020.8	27.3	37.5	13.8	1021.9	20.2	13.0	2595	3600	2595
2022-10-27T13:38:16	1020.5	28.7	37.5	13.7	1021.5	21.1	12.7	2653	3600	2653
2022-10-27T14:38:17	1020.1	29.7	37.5	13.8	1021.1	21.0	12.6	2582	3600	2582
2022-10-27T15:38:24	1019.6	29.9	37.6	13.8	1020.8	20.2	12.1	2804	3600	2804
2022-10-27T16:38:29	1019.4	29.1	37.7	13.7	1020.6	18.3	11.7	2644	3600	2644
2022-10-27T17:38:41	1019.1	27.7	37.8	13.2	1020.3	16.9	11.7	2673	3600	2673
2022-10-27T18:39:01	1018.9	26.7	38.0	13.0	1020.2	16.2	11.6	2760	3600	2760
2022-10-27T19:39:08	1018.6	26.1	38.1	13.0	1019.7	15.4	11.4	2609	3600	2609
2022-10-27T20:39:10	1018.2	25.5	38.3	12.9	1019.4	14.9	11.3	2612	3600	2612
2022-10-27T21:39:16	1018.0	25.0	38.5	12.9	1019.1	14.5	11.0	2781	3600	2781
2022-10-27T22:39:24	1017.5	24.6	38.8	12.8	1018.6	14.3	10.8	2633	3600	2633
2022-10-27T23:39:34	1017.2	24.2	38.8	12.8	1018.3	14.2	10.7	2748	3600	2748
2022-10-28T00:39:42	1016.8	23.8	38.9	12.8	1017.9	13.9	10.6	2632	3600	2632
2022-10-28T01:39:50	1016.8	23.6	39.0	12.8	1018.0	14.3	10.7	2752	3600	2752
2022-10-28T02:39:57	1016.7	23.4	39.1	12.8	1017.8	14.0	10.6	2669	3600	2669
2022-10-28T03:40:06	1016.4	23.1	39.1	12.7	1017.4	13.3	10.4	2741	3600	2741
2022-10-28T04:40:09	1016.2	22.7	38.9	12.6	1017.3	13.1	10.4	2659	3600	2659
2022-10-28T05:40:13	1016.1	22.3	38.9	12.6	1017.1	13.0	10.3	2871	3600	2871
2022-10-28T06:40:23	1015.9	22.1	39.0	12.6	1016.9	13.1	10.4	2712	3600	2712
2022-10-28T07:40:30	1015.6	22.0	39.2	12.6	1016.6	13.1	10.3	2737	3600	2737
2022-10-28T08:40:33	1015.6	22.1	39.6	13.2	1016.6	14.4	10.8	2720	3600	2720
2022-10-28T09:40:38	1015.7	22.9	39.7	14.6	1016.9	16.0	11.5	2813	3600	2813
2022-10-28T10:40:46	1015.4	24.7	39.5	14.4	1016.5	18.4	12.4	2766	3600	2766
2022-10-28T11:40:51	1015.2	27.0	39.1	13.9	1016.2	20.7	13.0	2859	3600	2859
2022-10-28T12:40:53	1014.7	29.1	38.5	13.7	1015.7	22.4	13.1	2753	3600	2753
2022-10-28T13:41:03	1014.4	30.4	38.0	13.7	1015.4	22.8	12.9	2814	3600	2814
2022-10-28T14:41:07	1013.9	31.2	37.9	13.6	1015.0	23.2	13.0	2817	3600	2817
2022-10-28T15:41:10	1013.6	31.4	37.6	13.8	1014.8	22.2	12.7	2769	3600	2769
2022-10-28T16:41:19	1013.5	30.4	37.6	13.4	1014.7	20.2	12.3	2832	3600	2832
2022-10-28T17:41:26	1013.4	29.2	37.7	13.1	1014.8	18.7	11.7	2890	3600	2890
2022-10-28T18:41:34	1013.4	28.4	37.6	13.0	1014.7	18.1	11.6	2870	3600	2870
2022-10-28T19:41:42	1013.5	27.8	37.5	12.9	1014.8	17.4	11.6	2698	3600	2698
2022-10-28T20:41:49	1013.5	27.4	37.4	12.9	1014.8	17.1	11.6	2901	3600	2901
2022-10-28T21:41:56	1013.8	27.0	37.4	12.9	1015.1	16.9	11.4	2879	3600	2879
2022-10-28T22:42:00	1014.1	26.7	37.4	12.8	1015.5	16.8	11.2	2832	3600	2832
2022-10-28T23:42:05	1014.3	26.4	37.4	12.8	1015.6	16.5	10.9	2798	3600	2798
2022-10-29T00:42:13	1014.8	26.2	37.3	12.8	1016.1	16.6	10.7	2728	3600	2728
2022-10-29T01:42:21	1015.2	26.0	37.4	12.7	1016.5	16.3	10.9	2809	3600	2809
2022-10-29T02:42:22	1015.5	25.5	37.6	12.7	1016.8	15.3	10.8	2739	3600	2739
2022-10-29T03:42:27	1015.8	25.2	37.6	12.7	1017.1	14.8	10.9	2802	3600	2802
2022-10-29T04:42:36	1015.9	24.9	37.7	12.7	1017.2	14.8	11.0	2706	3600	2706
2022-10-29T05:42:48	1016.0	24.6	37.8	12.7	1017.2	14.4	11.0	2778	3600	2778
2022-10-29T06:42:56	1016.2	24.3	37.9	12.6	1017.4	14.3	11.0	2715	3600	2715
2022-10-29T07:42:59	1016.3	24.0	37.9	12.7	1017.5	13.9	11.0	2710	3600	2710
2022-10-29T08:43:07	1016.6	24.1	38.0	13.5	1017.8	16.2	11.7	2760	3600	2760
2022-10-29T09:43:10	1017.0	25.0	38.0	14.4	1018.1	17.8	12.4	2835	3600	2835
2022-10-29T10:43:11	1017.0	26.4	37.8	14.5	1018.1	19.1	12.7	2785	3600	2785
2022-10-29T11:43:13	1016.8	27.3	37.7	14.0	1017.9	19.5	13.0	2778	3600	2778
2022-10-29T12:43:16	1016.3	29.3	37.2	13.8	1017.3	20.3	13.3	2808	3600	2808
2022-10-29T13:43:17	1015.7	30.6	37.0	13.7	1016.8	21.7	13.5	2852	3600	2852
2022-10-29T14:43:19	1015.1	31.4	36.8	13.8	1016.2	21.4	13.0	2873	3600	2873
2022-10-29T15:43:28	1014.9	30.5	37.1	14.0	1016.1	19.8	12.8	2807	3600	2807
2022-10-29T16:43:35	1014.8	29.8	37.3	13.4	1016.0	18.8	12.7	2725	3600	2725
2022-10-29T17:43:48	1014.8	28.9	37.3	13.1	1016.0	18.0	12.6	2880	3600	2880
2022-10-29T18:43:50	1014.7	28.2	37.3	13.0	1016.0	17.1	12.5	2738	3600	2738
2022-10-29T19:43:54	1014.6	27.6	37.2	12.9	1015.9	16.6	12.4	2778	3600	2778
2022-10-29T20:44:06	1014.5	27.1	37.2	12.9	1015.7	16.2	12.3	2746	3600	2746
2022-10-29T21:44:08	1014.3	26.6	37.3	12.9	1015.5	15.7	12.2	2800	3600	2800
2022-10-29T22:44:10	1014.5	26.2	37.3	12.8	1015.6	15.2	11.9	2863	3600	2863
2022-10-29T23:44:27	1014.2	25.8	37.3	12.8	1015.2	14.9	11.8	2779	3600	2779
2022-10-30T00:44:28	1014.2	25.3	37.3	12.8	1015.2	14.5	11.6	2864	3600	2864
2022-10-30T01:44:38	1013.8	24.8	37.4	12.8	1014.8	13.8	11.4	2799	3600	2799
2022-10-30T02:44:47	1013.3	24.4	37.6	12.7	1014.3	13.7	11.3	2839	3600	2839
2022-10-30T02:44:53	1013.1	23.9	38.1	12.7	1014.1	13.2	11.0	2962	3600	2962
2022-10-30T03:45:03	1013.0	23.5	38.5	12.7	1013.9	13.1	10.9	2766	3600	2766
2022-10-30T04:45:06	1012.8	23.2	38.7	12.6	1013.8	12.8	10.8	2783	3600	2783
2022-10-30T05:45:08	1012.8	22.9	38.6	12.6	1013.8	12.8	10.7	2941	3600	2941
2022-10-30T06:45:14	1012.7	22.6	38.5	12.6	1013.7	12.9	10.8	2880	3600	2880
2022-10-30T07:45:20	1012.8	22.5	38.7	12.9	1013.9	13.7	11.1	2771	3600	2771
2022-10-30T08:45:28	1013.1	23.4	38.7	14.5	1014.2	16.5	12.0	2812	3600	2812
2022-10-30T09:45:29	1013.1	25.5	38.2	14.3	1014.1	19.8	12.8	2881	3600	2881
2022-10-30T10:45:33	1013.2	28.6	37.2	13.9	1014.1	22.4	12.7	2930	3600	2930
2022-10-30T11:45:34	1012.9	31.0	36.3	13.5	1014.0	23.5	12.4	2909	3600	2909
2022-10-30T12:45:36	1013.0	32.5	35.9	13.5	1014.0	23.8	12.1	2826	3600	2826
2022-10-30T13:45:40	1012.8	33.4	35.7	13.6	1013.8	24.5	12.7	2902	3600	2902
2022-10-30T14:45:55	1012.7	33.7	36.0	13.8	1013.8	23.6	12.4	2937	3600	2937
2022-10-30T15:45:58	1012.7	32.5	36.4	13.4	1014.0	19.5	11.5	2997	3600	2997
2022-10-30T16:46:07	1012.7	30.4	36.6	13.1	1014.0	16.6	11.0	2923	3600	2923
2022-10-30T17:46:19	1012.9	29.1	36.5	13.0	1014.2	15.3	11.1	2842	3600	2842
2022-10-30T18:46:24	1013.1	28.1	36.4	12.9	1014.3	15.0	11.1	2908	3600	2908
2022-10-30T19:46:36	1013.0	27.2	36.3	12.9	1014.2	13.6	10.7	2841	3600	2841
2022-10-30T20:46:44	1013.0	26.3	36.3	12.8	1014.2	12.8	10.5	2906	3600	2906
2022-10-30T21:46:53	1013.2	25.6	36.3	12.8	1014.3	13.1	10.6	2817	3600	2817
2022-10-30T22:46:54	1013.3	24.9	36.4	12.8	1014.4	12.0	10.1	2908	3600	2908
2022-10-30T23:46:56	1013.4	24.2	36.4	12.8	1014.4	11.4	9.8	2924	3600	2924
2022-10-31T00:46:59	1013.6	23.6	36.4	12.8	1014.7	11.2	9.8	2868	3600	2868
2022-10-31T01:47:03	1014.0	23.1	36.4	12.7	1015.0	11.2	9.9	2808	3600	2808
2022-10-31T02:47:04	1014.2	22.6	36.4	12.7	1015.2	10.8	9.6	2760	3600	2760
2022-10-31T03:47:05	1014.6	22.1	36.5	12.7	1015.5	10.6	9.5	2721	3600	2721
2022-10-31T04:47:15	1015.0	21.6	36.5	12.6	1015.9	10.1	9.3	2707	3600	2707
2022-10-31T05:47:23	1015.1	21.1	36.5	12.6	1016.0	9.9	9.2	2872	3600	2872
2022-10-31T06:47:25	1015.5	20.8	36.5	12.7	1016.5	10.6	9.6	2774	3600	2774
2022-10-31T07:47:32	1015.9	21.1	36.6	13.4	1017.0	12.7	10.7	2906	3600	2906
2022-10-31T08:47:36	1016.3	21.6	36.8	14.4	1017.3	13.3	10.8	2769	3600	2769
2022-10-31T09:47:42	1016.5	23.0	36.9	14.3	1017.5	15.2	11.5	2797	3600	2797
2022-10-31T10:47:43	1016.6	23.1	37.4	13.8	1017.6	14.4	11.4	2886	3600	2886
2022-10-31T11:47:55	1016.5	23.1	37.6	13.8	1017.5	14.8	11.6	2860	3600	2860
2022-10-31T12:48:00	1016.1	23.1	37.7	13.7	1017.1	14.6	11.6	2784	3600	2784
2022-10-31T13:48:12	1015.8	23.1	37.7	13.5	1016.9	14.5	11.5	2799	3600	2799
2022-10-31T14:48:24	1015.4	23.0	37.6	13.3	1016.4	14.1	11.4	2911	3600	2911
2022-10-31T15:48:31	1015.0	22.6	37.5	13.1	1016.0	13.6	11.2	2837	3600	2837
2022-10-31T16:48:34	1014.8	22.3	37.4	13.0	1015.8	13.2	11.0	2807	3600	2807
2022-10-31T17:48:37	1014.6	22.1	37.3	12.9	1015.5	12.8	10.9	2931	3600	2931
2022-10-31T18:48:40	1014.3	21.9	37.3	12.8	1015.2	12.6	10.7	2863	3600	2863
2022-10-31T19:48:49	1013.9	21.6	37.3	12.8	1014.7	12.4	10.7	2955	3600	2955
2022-10-31T20:48:57	1013.3	21.5	37.3	12.8	1014.2	12.5	10.8	2875	3600	2875
2022-10-31T21:49:00	1012.8	21.3	37.3	12.8	1013.7	12.6	10.9	2808	3600	2808
2022-10-31T22:49:05	1012.2	21.2	37.3	12.8	1013.1	12.6	10.9	2778	3600	2778
2022-10-31T23:49:06	1011.3	21.1	37.6	12.7	1012.1	12.8	11.1	2876	3600	2876
2022-11-01T00:49:08	1010.5	21.0	39.1	12.7	1011.5	13.1	11.2	2867	3600	2867
2022-11-01T01:49:17	1010.0	20.6	39.3	12.7	1010.9	12.3	10.6	2942	3600	2942
2022-11-01T02:49:19	1009.3	20.2	39.2	12.6	1010.3	12.0	10.4	2943	3600	2943
2022-11-01T03:49:28	1009.2	19.8	39.0	12.6	1010.1	11.7	10.3	2901	3600	2901
2022-11-01T04:49:33	1009.0	19.6	39.1	12.5	1010.0	11.5	10.2	2884	3600	2884
2022-11-01T05:49:37	1008.5	19.7	40.2	12.5	1009.6	11.8	10.4	2997	3600	2997
2022-11-01T06:49:42	1008.6	19.7	40.9	12.5	1009.6	11.6	10.2	2959	3600	2959
2022-11-01T07:49:48	1009.2	19.7	40.9	12.8	1010.3	11.8	10.3	2843	3600	2843
2022-11-01T08:49:50	1009.6	20.0	41.0	13.5	1010.6	12.6	10.7	2898	3600	2898
2022-11-01T09:50:01	1009.8	20.6	41.1	13.6	1010.9	13.7	11.1	3003	3600	3003
2022-11-01T10:50:05	1010.1	20.9	40.9	13.7	1011.2	14.5	11.7	2954	3600	2954
2022-11-01T11:50:16	1010.5	21.5	40.8	13.7	1011.6	15.6	12.3	3006	3600	3006
2022-11-01T12:50:22	1010.6	22.0	40.9	14.4	1011.7	16.8	12.9	2840	3600	2840
2022-11-01T13:50:28	1010.8	23.5	41.3	14.1	1012.0	17.4	12.6	2908	3600	2908
2022-11-01T14:50:32	1011.1	24.0	41.4	13.9	1012.3	17.1	12.3	2841	3600	2841
2022-11-01T15:50:41	1011.5	23.9	41.2	13.3	1012.7	15.7	11.5	2984	3600	2984
2022-11-01T16:50:44	1011.9	23.1	41.0	13.0	1013.2	14.5	11.2	2852	3600	2852
2022-11-01T17:50:46	1012.6	22.6	40.6	13.0	1013.8	13.4	10.7	2945	3600	2945
2022-11-01T18:51:01	1012.9	22.2	40.2	12.9	1014.1	12.3	10.3	2958	3600	2958
2022-11-01T19:51:10	1013.1	21.7	39.8	12.9	1014.2	11.3	9.8	2948	3600	2948
2022-11-01T20:51:21	1013.5	21.2	39.5	12.9	1014.5	11.3	9.8	2891	3600	2891
2022-11-01T21:51:31	1013.5	20.9	39.4	12.8	1014.5	10.7	9.4	2892	3600	2892
2022-11-01T22:51:40	1013.6	20.4	39.1	12.8	1014.5	10.1	9.1	2954	3600	2954
2022-11-01T23:51:45	1013.5	20.0	38.9	12.8	1014.4	9.9	8.8	2855	3600	2855
2022-11-02T00:51:47	1013.5	19.6	38.8	12.7	1014.5	9.3	8.4	2903	3600	2903
2022-11-02T01:51:55	1013.5	19.1	38.6	12.7	1014.4	9.0	8.2	2930	3600	2930
2022-11-02T02:51:58	1013.2	18.7	38.5	12.7	1014.1	8.6	7.9	2911	3600	2911
2022-11-02T03:52:01	1013.1	18.3	38.4	12.6	1013.9	8.4	7.7	2854	3600	2854
2022-11-02T04:52:04	1013.0	18.0	38.5	12.6	1013.9	8.5	7.7	2960	3600	2960
2022-11-02T05:52:11	1013.0	17.8	38.7	12.5	1013.9	8.8	7.8	2917	3600	2917
2022-11-02T06:52:14	1013.0	17.6	39.0	12.6	1014.0	8.7	7.7	2929	3600	2929
2022-11-02T07:52:22	1013.3	17.9	39.1	13.7	1014.4	10.7	8.3	2950	3600	2950
2022-11-02T08:52:32	1013.5	18.5	39.3	13.9	1014.6	11.4	8.7	2955	3600	2955
2022-11-02T09:52:40	1013.7	20.1	39.5	14.4	1014.9	14.7	9.3	2926	3600	2926
2022-11-02T10:52:47	1013.9	22.6	38.8	14.1	1015.2	15.9	9.0	2951	3600	2951
2022-11-02T11:52:50	1014.2	23.5	37.7	14.0	1015.5	15.1	8.9	2913	3600	2913
2022-11-02T12:52:55	1014.2	22.9	37.3	14.0	1015.5	15.4	8.0	2910	3600	2910
2022-11-02T13:52:59	1014.4	23.7	35.5	14.1	1015.8	15.2	7.6	2999	3600	2999
2022-11-02T14:53:07	1014.7	23.7	34.7	14.0	1016.2	15.3	7.5	3030	3600	3030
2022-11-02T15:53:25	1015.2	23.3	34.0	13.4	1016.7	12.7	6.8	2981	3600	2981
2022-11-02T16:53:27	1015.7	22.0	33.9	13.1	1017.1	10.9	6.6	2898	3600	2898
2022-11-02T17:53:32	1016.1	21.2	34.0	13.0	1017.4	9.7	6.6	2850	3600	2850
2022-11-02T18:53:33	1016.4	20.5	34.2	13.0	1017.6	8.9	6.5	2921	3600	2921
2022-11-02T19:53:38	1016.5	19.9	34.3	12.9	1017.6	8.4	6.4	2988	3600	2988
2022-11-02T20:53:42	1016.7	19.3	34.5	12.9	1017.8	7.6	6.4	2917	3600	2917
2022-11-02T21:53:43	1016.8	18.7	34.6	12.8	1017.9	7.4	6.5	2826	3600	2826
2022-11-02T22:53:44	1016.6	18.1	34.7	12.8	1017.6	7.3	6.4	2806	3600	2806
2022-11-02T23:53:47	1016.4	17.6	34.9	12.8	1017.3	6.9	6.4	2845	3600	2845
2022-11-03T00:53:52	1016.0	17.5	34.7	12.7	1016.9	6.4	6.4	2922	3600	2922
2022-11-03T01:53:53	1015.6	16.6	35.0	12.7	1016.4	5.4	6.3	2886	3600	2886
2022-11-03T02:54:00	1015.3	15.9	35.4	12.7	1016.0	5.1	6.3	2942	3600	2942
2022-11-03T03:54:10	1014.8	15.5	35.9	12.6	1015.5	5.4	6.3	2959	3600	2959
2022-11-03T04:54:26	1014.4	15.2	36.2	12.6	1015.2	5.4	6.3	2903	3600	2903
2022-11-03T05:54:33	1013.7	14.8	36.7	12.5	1014.5	4.9	6.2	3004	3600	3004
2022-11-03T06:54:36	1013.6	14.5	37.0	12.6	1014.4	4.9	6.3	2953	3600	2953
2022-11-03T07:54:43	1013.4	14.7	37.4	14.7	1014.2	7.0	6.8	2923	3600	2923
2022-11-03T08:54:45	1012.7	16.2	38.1	14.6	1013.6	8.9	7.2	3021	3600	3021
2022-11-03T09:54:48	1012.0	17.8	38.3	14.1	1013.0	10.7	7.5	3043	3600	3043
2022-11-03T10:54:55	1011.1	18.9	38.3	14.2	1012.2	11.1	7.4	3002	3600	3002
2022-11-03T11:54:56	1010.2	18.6	38.4	14.2	1011.3	11.0	7.3	3044	3600	3044
2022-11-03T12:54:59	1009.3	18.7	38.5	14.2	1010.5	11.8	7.6	3207	3600	3207
2022-11-03T13:55:06	1008.2	19.4	38.5	14.2	1009.4	12.2	7.6	3153	3600	3153
2022-11-03T14:55:13	1007.2	19.6	38.3	14.0	1008.4	11.9	7.6	3212	3600	3212
2022-11-03T15:55:19	1006.2	19.3	38.2	13.3	1007.4	11.2	7.6	3240	3600	3240
2022-11-03T16:55:28	1004.9	18.9	38.5	13.2	1006.1	10.9	7.6	3211	3600	3211
2022-11-03T17:55:32	1004.2	18.7	38.8	13.1	1005.4	10.9	7.5	3141	3600	3141
2022-11-03T18:55:33	1002.9	18.6	39.1	13.0	1004.0	10.8	7.4	3166	3600	3166
2022-11-03T19:55:35	1001.8	18.5	38.9	12.9	1003.0	10.3	7.1	3280	3600	3280
2022-11-03T20:55:38	1000.9	18.3	38.6	12.8	1002.1	9.7	7.0	3184	3600	3184
2022-11-03T21:55:45	1000.4	18.0	38.4	12.8	1001.5	8.8	7.0	3275	3600	3275
2022-11-03T22:55:47	1000.0	17.6	38.4	12.8	1001.0	8.4	7.1	3269	3600	3269
2022-11-03T23:55:53	999.6	17.4	38.6	12.7	1000.6	8.1	7.1	3321	3600	3321
2022-11-04T00:56:05	999.0	17.1	38.8	12.7	1000.1	7.9	7.2	3317	3600	3317
2022-11-04T01:56:09	998.7	16.8	39.2	12.7	999.8	7.7	7.3	3292	3600	3292
2022-11-04T02:56:14	998.3	16.7	39.5	12.6	999.3	7.9	7.4	3332	3600	3332
2022-11-04T03:56:16	998.3	16.6	39.7	12.6	999.4	8.1	7.6	3233	3600	3233
2022-11-04T04:56:21	998.4	16.5	40.0	12.5	999.5	8.5	7.8	3297	3600	3297
2022-11-04T05:56:23	998.8	16.5	40.3	12.5	999.9	9.0	8.1	3252	3600	3252
2022-11-04T06:56:31	999.4	16.6	40.1	12.5	1000.5	9.4	8.6	3139	3600	3139
2022-11-04T07:56:37	1000.0	16.8	40.0	12.5	1001.0	9.8	9.0	3181	3600	3181
2022-11-04T08:56:45	1000.0	17.0	40.1	12.7	1001.0	10.3	9.3	3228	3600	3228
2022-11-04T09:56:47	1000.1	17.3	40.5	12.7	1001.1	10.4	9.4	3169	3600	3169
2022-11-04T10:56:48	1000.3	17.6	40.7	13.0	1001.4	10.9	9.7	3210	3600	3210
2022-11-04T11:56:54	1001.0	17.8	40.7	13.0	1002.1	10.4	9.3	3130	3600	3130
2022-11-04T12:56:59	1001.0	17.7	40.5	12.9	1002.0	10.3	9.3	3232	3600	3232
2022-11-04T13:57:06	1001.4	17.6	40.4	12.8	1002.4	9.9	9.0	3191	3600	3191
2022-11-04T14:57:08	1001.5	17.5	40.2	12.7	1002.5	9.8	9.0	3191	3600	3191
2022-11-04T15:57:16	1001.9	17.5	40.1	12.6	1003.0	9.4	8.8	3210	3600	3210
2022-11-04T16:57:22	1002.3	17.2	40.0	12.5	1003.2	8.9	8.5	3153	3600	3153
2022-11-04T17:57:23	1002.7	17.0	39.8	12.5	1003.7	8.6	8.4	3136	3600	3136
2022-11-04T18:57:24	1003.2	16.9	39.6	12.5	1004.2	8.6	8.4	3171	3600	3171
2022-11-04T19:57:31	1003.5	16.9	39.5	12.5	1004.4	8.7	8.4	3071	3600	3071
2022-11-04T20:57:36	1003.8	16.8	39.4	12.5	1004.7	8.6	8.4	3152	3600	3152
2022-11-04T21:57:41	1004.3	16.7	39.4	12.5	1005.2	8.6	8.4	3132	3600	3132
2022-11-04T22:57:49	1004.6	16.6	39.4	12.5	1005.5	8.4	8.3	3014	3600	3014
2022-11-04T23:57:51	1005.1	16.6	39.5	12.4	1006.0	8.6	8.5	3109	3600	3109
2022-11-05T00:57:59	1005.5	16.6	39.7	12.5	1006.5	8.6	8.4	2984	3600	2984
2022-11-05T01:58:02	1006.0	16.2	39.7	12.4	1006.9	7.6	7.9	2994	3600	2994
2022-11-05T02:58:15	1006.6	15.8	39.7	12.4	1007.4	7.3	7.8	3050	3600	3050
2022-11-05T03:58:23	1007.1	15.5	39.5	12.4	1007.9	6.9	7.6	3042	3600	3042
2022-11-05T04:58:28	1007.7	15.1	39.5	12.4	1008.5	6.2	7.2	2996	3600	2996
2022-11-05T05:58:38	1008.2	14.6	39.5	12.4	1008.9	5.9	7.1	2996	3600	2996
2022-11-05T06:58:44	1008.9	14.3	39.5	12.5	1009.7	5.8	7.1	2982	3600	2982
2022-11-05T07:58:50	1009.8	14.2	39.5	13.2	1010.6	6.5	7.4	2915	3600	2915
2022-11-05T08:58:54	1010.3	15.2	39.7	14.6	1011.2	9.4	8.9	2976	3600	2976
2022-11-05T09:58:55	1011.0	17.6	40.0	14.4	1012.0	11.2	9.6	3025	3600	3025
2022-11-05T10:59:01	1011.4	20.5	39.5	13.9	1012.5	12.7	9.5	3088	3600	3088
2022-11-05T11:59:10	1011.7	22.7	38.9	13.9	1012.9	14.1	9.3	3120	3600	3120
2022-11-05T12:59:14	1011.8	24.1	38.4	13.9	1013.0	14.6	8.7	3034	3600	3034
2022-11-05T13:59:22	1011.8	24.2	37.9	13.9	1013.0	13.2	8.2	2958	3600	2958
2022-11-05T14:59:24	1012.1	23.1	37.9	13.9	1013.3	12.1	8.0	2983	3600	2983
2022-11-05T15:59:27	1012.4	22.2	37.7	13.3	1013.5	9.8	7.3	2920	3600	2920
2022-11-05T16:59:31	1012.7	20.6	37.4	13.1	1013.8	7.7	6.9	3005	3600	3005
2022-11-05T17:59:34	1013.3	19.6	37.2	13.0	1014.2	7.0	6.8	2861	3600	2861
2022-11-05T18:59:36	1013.5	18.8	37.0	13.0	1014.3	6.4	6.7	2947	3600	2947
2022-11-05T19:59:41	1013.5	18.2	37.0	12.9	1014.3	6.4	6.7	2944	3600	2944
2022-11-05T20:59:47	1013.6	17.6	36.9	12.9	1014.5	6.2	6.6	2890	3600	2890
2022-11-05T21:59:48	1013.8	17.0	36.9	12.8	1014.5	5.8	6.5	2963	3600	2963
2022-11-05T22:59:54	1013.8	16.5	37.0	12.8	1014.5	6.0	6.6	3027	3600	3027
2022-11-06T00:00:02	1013.7	16.2	37.0	12.8	1014.5	6.2	6.7	2912	3600	2912
2022-11-06T01:00:07	1013.4	15.9	37.2	12.8	1014.2	5.9	6.6	2947	3600	2947
2022-11-06T02:00:14	1013.1	15.6	37.3	12.7	1013.8	6.1	6.6	2838	3600	2838
2022-11-06T03:00:16	1012.7	15.3	37.6	12.7	1013.4	6.0	6.5	2831	3600	2831
2022-11-06T04:00:26	1012.5	15.0	37.8	12.7	1013.2	5.5	6.4	3035	3600	3035
2022-11-06T05:00:40	1012.3	14.7	37.9	12.7	1012.9	5.3	6.4	2939	3600	2939
2022-11-06T06:00:50	1012.0	14.4	37.9	12.6	1012.7	5.0	6.3	2819	3600	2819
2022-11-06T07:00:51	1012.2	14.2	38.1	13.5	1012.9	5.9	6.5	2966	3600	2966
2022-11-06T08:00:59	1012.2	14.9	38.6	14.7	1013.0	7.6	6.8	3003	3600	3003
2022-11-06T09:01:04	1011.8	16.2	39.0	14.6	1012.8	9.1	7.2	3003	3600	3003
2022-11-06T10:01:05	1011.7	17.9	39.0	13.9	1012.8	10.5	7.4	2876	3600	2876
2022-11-06T11:01:11	1011.3	19.4	38.6	13.9	1012.4	11.3	7.5	3087	3600	3087
2022-11-06T12:01:18	1010.7	20.6	38.0	13.9	1011.8	12.2	7.6	3079	3600	3079
2022-11-06T13:01:19	1010.0	21.5	37.6	14.0	1011.1	12.2	7.7	3088	3600	3088
2022-11-06T14:01:27	1009.4	21.7	37.4	14.1	1010.5	12.0	7.5	3032	3600	3032
2022-11-06T15:01:29	1008.8	21.3	37.1	13.9	1009.9	10.7	7.3	3077	3600	3077
2022-11-06T16:01:31	1008.4	20.0	37.0	13.3	1009.5	9.0	6.9	3112	3600	3112
2022-11-06T17:01:35	1007.9	18.9	36.8	13.1	1008.9	8.2	6.7	3197	3600	3197
2022-11-06T18:01:41	1007.8	18.3	36.7	13.0	1008.9	7.7	6.6	3123	3600	3123
2022-11-06T19:01:46	1007.5	17.8	36.7	13.0	1008.4	7.6	6.6	3108	3600	3108
2022-11-06T20:01:50	1007.1	17.4	37.0	12.9	1008.1	7.2	6.6	2994	3600	2994
2022-11-06T21:01:54	1006.7	17.0	37.5	12.9	1007.5	6.9	6.6	3065	3600	3065
2022-11-06T22:01:55	1006.1	16.6	38.0	12.8	1007.0	7.1	6.6	3101	3600	3101
2022-11-06T23:01:57	1006.0	16.5	38.4	12.8	1007.0	7.2	6.7	3132	3600	3132
2022-11-07T00:01:58	1005.8	16.3	38.6	12.8	1006.8	7.3	6.8	3053	3600	3053
2022-11-07T01:02:00	1005.5	16.0	39.0	12.8	1006.5	7.1	6.9	3022	3600	3022
2022-11-07T02:02:06	1005.5	15.7	39.2	12.8	1006.4	7.1	6.9	3041	3600	3041
2022-11-07T03:02:14	1005.5	15.4	39.2	12.7	1006.5	7.3	7.0	3047	3600	3047
2022-11-07T04:02:19	1005.9	15.5	39.2	12.7	1006.9	8.1	7.1	3182	3600	3182
2022-11-07T05:02:21	1006.3	15.6	39.4	12.7	1007.3	8.6	7.1	3040	3600	3040
2022-11-07T06:02:23	1006.5	15.8	39.7	12.7	1007.6	8.6	7.1	3014	3600	3014
2022-11-07T07:02:26	1006.9	15.9	39.9	12.7	1008.1	8.9	7.2	3051	3600	3051
2022-11-07T08:02:30	1007.2	16.3	40.0	14.8	1008.3	10.0	7.5	3090	3600	3090
2022-11-07T09:02:34	1007.4	17.6	40.0	14.7	1008.6	11.4	7.9	3119	3600	3119
2022-11-07T10:02:38	1007.6	19.5	39.8	14.2	1008.9	13.6	8.5	2969	3600	2969
2022-11-07T11:02:51	1007.7	21.7	39.0	14.0	1009.0	14.7	8.8	2966	3600	2966
2022-11-07T12:02:54	1007.6	22.3	38.5	14.0	1008.9	15.1	8.7	3071	3600	3071
2022-11-07T13:02:56	1007.5	22.5	38.0	14.0	1008.9	14.1	8.5	3022	3600	3022
2022-11-07T14:02:57	1007.5	21.6	38.1	13.5	1008.9	13.6	8.5	3074	3600	3074
2022-11-07T15:02:59	1007.4	21.4	38.3	13.4	1008.7	13.4	8.6	3026	3600	3026
2022-11-07T16:03:02	1007.4	21.2	38.5	13.1	1008.8	13.2	8.6	3152	3600	3152
2022-11-07T17:03:08	1007.7	20.9	38.6	13.0	1009.1	12.5	8.5	3126	3600	3126
2022-11-07T18:03:15	1008.0	20.7	38.8	13.0	1009.5	12.5	8.6	3060	3600	3060
2022-11-07T19:03:23	1008.3	20.7	38.8	12.9	1009.6	12.4	8.6	3130	3600	3130
2022-11-07T20:03:24	1008.4	20.5	38.8	12.9	1009.7	12.3	8.7	3069	3600	3069
2022-11-07T21:03:29	1008.6	20.5	38.8	12.8	1010.0	12.4	8.6	2954	3600	2954
2022-11-07T22:03:38	1008.8	20.4	38.7	12.8	1010.1	11.8	8.5	3001	3600	3001
2022-11-07T23:03:39	1008.7	20.3	38.7	12.8	1010.0	11.3	8.4	3034	3600	3034
2022-11-08T00:03:42	1008.6	20.0	38.7	12.8	1009.9	11.1	8.4	2838	3600	2838
2022-11-08T01:03:46	1008.6	19.8	38.7	12.7	1009.9	10.9	8.4	2900	3600	2900
2022-11-08T02:03:50	1008.6	19.5	39.0	12.7	1009.8	10.8	8.4	2964	3600	2964
2022-11-08T03:03:55	1008.5	19.4	39.1	12.7	1009.8	10.7	8.3	2871	3600	2871
2022-11-08T04:04:03	1008.4	19.2	39.2	12.7	1009.5	9.8	8.1	2960	3600	2960
2022-11-08T05:04:11	1008.4	18.9	39.0	12.6	1009.5	9.5	8.2	2904	3600	2904
2022-11-08T06:04:22	1008.3	18.6	39.0	12.6	1009.3	9.0	8.0	2931	3600	2931
2022-11-08T07:04:33	1008.5	18.4	38.9	12.8	1009.5	8.8	8.0	3021	3600	3021
2022-11-08T08:04:36	1008.5	18.7	39.0	14.6	1009.6	10.8	8.6	3057	3600	3057
2022-11-08T09:04:45	1008.2	20.0	39.3	14.5	1009.4	12.3	8.9	3011	3600	3011
2022-11-08T10:04:50	1008.0	21.4	39.3	14.0	1009.2	14.2	9.4	3000	3600	3000
2022-11-08T11:04:56	1007.7	22.9	39.0	14.0	1008.9	15.4	9.7	3018	3600	3018
2022-11-08T12:04:58	1007.1	24.2	38.8	13.8	1008.3	16.6	9.7	3054	3600	3054
2022-11-08T13:05:05	1006.5	25.4	38.0	13.9	1007.7	16.2	9.5	3108	3600	3108
2022-11-08T14:05:06	1006.0	25.3	37.3	14.0	1007.3	16.1	9.2	3101	3600	3101
2022-11-08T15:05:09	1005.7	24.9	37.0	13.5	1007.0	14.8	8.8	3109	3600	3109
2022-11-08T16:05:17	1005.3	23.8	36.6	13.1	1006.7	13.4	8.4	3137	3600	3137
2022-11-08T17:05:20	1005.1	23.0	36.5	13.0	1006.4	13.1	8.2	3081	3600	3081
2022-11-08T18:05:22	1005.0	22.4	36.7	13.0	1006.4	12.6	8.1	3166	3600	3166
2022-11-08T19:05:24	1005.1	22.0	36.6	12.9	1006.4	12.3	8.0	3098	3600	3098
2022-11-08T20:05:28	1005.1	21.7	36.7	12.9	1006.4	12.3	7.9	3141	3600	3141
2022-11-08T21:05:33	1005.1	21.5	36.6	12.9	1006.4	11.8	7.8	3152	3600	3152
2022-11-08T22:05:34	1005.0	21.3	36.7	12.8	1006.4	12.2	7.8	3138	3600	3138
2022-11-08T23:05:38	1005.0	21.2	36.8	12.8	1006.4	12.6	7.8	3015	3600	3015
2022-11-09T00:05:42	1005.1	21.1	36.8	12.8	1006.5	12.7	7.9	3091	3600	3091
2022-11-09T01:05:48	1005.2	21.0	36.9	12.8	1006.5	12.9	8.0	3164	3600	3164
2022-11-09T02:05:50	1004.8	20.9	37.1	12.8	1006.0	12.3	7.8	3062	3600	3062
2022-11-09T03:05:53	1004.3	20.6	37.0	12.7	1005.6	11.6	7.7	3055	3600	3055
2022-11-09T04:05:57	1004.4	20.5	37.0	12.7	1005.8	11.9	8.0	3111	3600	3111
2022-11-09T05:06:04	1004.5	20.4	37.0	12.7	1005.8	11.8	8.1	3067	3600	3067
2022-11-09T06:06:17	1004.7	20.3	37.3	12.7	1006.0	11.9	8.2	3114	3600	3114
2022-11-09T07:06:23	1005.0	20.2	37.5	12.6	1006.2	11.7	8.5	3012	3600	3012
2022-11-09T08:06:27	1005.1	20.0	37.9	12.7	1006.4	11.3	9.0	3013	3600	3013
2022-11-09T09:06:32	1005.3	19.8	39.0	12.8	1006.5	11.8	9.3	3079	3600	3079
2022-11-09T10:06:40	1005.8	20.1	39.9	14.2	1007.1	12.8	9.6	3041	3600	3041
2022-11-09T11:06:47	1005.6	21.5	40.1	14.6	1006.8	14.2	10.0	2982	3600	2982
2022-11-09T12:06:49	1005.3	23.0	40.0	14.3	1006.5	15.3	10.1	3161	3600	3161
2022-11-09T13:06:57	1005.2	23.9	39.5	14.0	1006.5	16.0	10.0	3100	3600	3100
2022-11-09T14:07:09	1005.2	24.0	39.0	14.1	1006.5	15.2	9.8	3157	3600	3157
2022-11-09T15:07:12	1005.5	23.6	38.9	13.6	1006.8	13.7	9.6	3098	3600	3098
2022-11-09T16:07:13	1005.5	22.7	38.8	13.1	1006.8	12.8	9.5	3073	3600	3073
2022-11-09T17:07:18	1005.7	22.2	38.8	13.0	1007.1	12.4	9.4	2987	3600	2987
2022-11-09T18:07:20	1006.7	21.9	38.6	13.0	1008.0	11.7	9.1	3055	3600	3055
2022-11-09T19:07:22	1007.0	21.5	38.5	12.9	1008.2	11.4	8.9	3058	3600	3058
2022-11-09T20:07:26	1007.5	20.8	38.5	12.9	1008.7	10.9	8.6	3013	3600	3013
2022-11-09T21:07:30	1008.0	20.5	38.4	12.8	1009.2	11.1	8.9	3107	3600	3107
2022-11-09T22:07:38	1008.4	20.5	38.3	12.8	1009.6	11.5	8.9	2978	3600	2978
2022-11-09T23:07:41	1009.0	20.4	38.5	12.8	1010.3	11.6	8.5	3116	3600	3116
2022-11-10T00:07:43	1009.6	20.3	38.7	12.8	1010.9	11.6	8.3	2942	3600	2942
2022-11-10T01:07:50	1010.1	20.1	39.2	12.7	1011.4	11.8	8.2	3000	3600	3000
2022-11-10T02:07:56	1010.6	20.3	38.8	12.7	1011.9	11.5	8.2	3106	3600	3106
2022-11-10T03:08:02	1011.1	20.4	38.6	12.7	1012.4	11.6	8.1	3069	3600	3069
2022-11-10T04:08:05	1011.9	20.3	38.4	12.7	1013.2	10.5	7.9	2966	3600	2966
2022-11-10T05:08:07	1012.6	19.9	38.2	12.6	1013.8	9.6	7.7	2917	3600	2917
2022-11-10T06:08:10	1013.4	19.2	38.2	12.6	1014.6	8.9	7.6	2989	3600	2989
2022-11-10T07:08:13	1014.6	18.5	38.8	12.7	1015.9	9.0	7.8	2851	3600	2851
2022-11-10T08:08:20	1015.9	18.9	39.0	14.3	1017.1	12.0	8.5	2870	3600	2870
2022-11-10T09:08:25	1016.7	20.3	39.2	14.6	1018.0	13.2	8.7	2783	3600	2783
2022-11-10T10:08:36	1017.5	21.6	39.1	14.2	1018.9	14.2	9.0	2869	3600	2869
2022-11-10T11:08:43	1017.9	23.0	38.6	13.8	1019.2	15.1	9.2	2872	3600	2872
2022-11-10T12:08:54	1018.1	24.3	37.8	13.9	1019.4	15.6	9.2	2746	3600	2746
2022-11-10T13:09:05	1018.4	24.3	37.4	14.1	1019.8	15.0	9.1	2819	3600	2819
2022-11-10T14:09:07	1018.9	23.7	37.4	14.0	1020.3	14.4	8.9	2918	3600	2918
2022-11-10T15:09:14	1019.5	23.4	37.4	13.9	1020.9	13.7	8.5	2782	3600	2782
2022-11-10T16:09:24	1020.1	22.8	37.2	13.2	1021.4	11.9	8.0	2858	3600	2858
2022-11-10T17:09:27	1020.4	21.9	37.2	13.1	1021.7	11.0	8.0	2808	3600	2808
2022-11-10T18:09:28	1021.1	21.4	37.2	13.0	1022.5	11.5	8.1	2813	3600	2813
2022-11-10T19:09:41	1021.4	21.2	37.2	12.9	1022.7	11.7	7.9	2788	3600	2788
2022-11-10T20:09:43	1021.7	21.0	37.3	12.9	1023.1	11.6	8.0	2987	3600	2987
2022-11-10T21:09:46	1022.2	20.7	37.3	12.9	1023.6	11.0	7.9	2765	3600	2765
2022-11-10T22:09:47	1022.6	20.2	37.4	12.8	1023.7	9.7	7.8	2793	3600	2793
2022-11-10T23:09:55	1022.8	19.7	37.5	12.8	1024.0	9.4	7.7	2758	3600	2758
2022-11-11T00:10:04	1023.1	19.2	37.6	12.8	1024.2	8.9	7.6	2794	3600	2794
2022-11-11T01:10:15	1023.3	18.8	37.8	12.8	1024.3	8.5	7.5	2791	3600	2791
2022-11-11T02:10:18	1023.1	18.4	37.9	12.8	1024.1	8.4	7.5	2721	3600	2721
2022-11-11T03:10:22	1023.4	18.1	38.0	12.7	1024.4	8.3	7.4	2726	3600	2726
2022-11-11T04:10:29	1023.2	17.9	38.2	12.7	1024.1	8.4	7.4	2783	3600	2783
2022-11-11T05:10:33	1023.0	17.7	38.5	12.7	1024.0	8.6	7.4	2781	3600	2781
2022-11-11T06:10:37	1023.4	17.5	38.6	12.7	1024.4	8.2	7.2	2824	3600	2824
2022-11-11T07:10:47	1023.7	17.3	38.6	12.6	1024.7	8.3	7.3	2764	3600	2764
2022-11-11T08:10:56	1023.9	17.2	38.8	12.8	1025.0	8.9	7.4	2725	3600	2725
2022-11-11T09:10:58	1024.5	17.5	39.1	13.2	1025.7	9.8	7.6	2698	3600	2698
2022-11-11T10:11:05	1025.1	18.1	39.0	13.6	1026.2	11.1	7.9	2814	3600	2814
2022-11-11T11:11:11	1025.4	18.9	38.8	14.4	1026.5	12.1	8.0	2788	3600	2788
2022-11-11T12:11:12	1025.2	19.6	38.6	14.7	1026.3	12.6	8.1	2758	3600	2758
2022-11-11T13:11:13	1024.8	20.5	38.5	14.5	1026.0	13.1	8.3	2651	3600	2651
2022-11-11T14:11:20	1024.8	21.0	38.4	14.2	1026.0	13.3	8.3	2762	3600	2762
2022-11-11T15:11:25	1024.7	21.2	38.2	14.0	1026.1	12.5	8.2	2821	3600	2821
2022-11-11T16:11:29	1025.0	20.5	38.2	13.2	1026.3	10.6	7.8	2740	3600	2740
2022-11-11T17:11:30	1025.2	19.6	38.1	13.1	1026.3	9.6	7.7	2782	3600	2782
2022-11-11T18:11:39	1025.3	19.2	38.0	13.0	1026.4	9.0	7.4	2747	3600	2747
2022-11-11T19:11:42	1025.5	18.9	37.8	12.9	1026.6	8.9	7.3	2763	3600	2763
2022-11-11T20:11:50	1026.0	18.6	37.6	12.9	1027.0	8.0	7.1	2611	3600	2611
2022-11-11T21:11:59	1026.4	18.0	37.5	12.9	1027.4	7.3	7.0	2647	3600	2647
2022-11-11T22:12:02	1026.6	17.5	37.4	12.8	1027.5	6.8	7.0	2649	3600	2649
2022-11-11T23:12:05	1026.7	17.2	37.2	12.8	1027.6	6.7	6.8	2649	3600	2649
2022-11-12T00:12:06	1026.7	16.7	37.2	12.8	1027.5	5.7	6.5	2604	3600	2604
2022-11-12T01:12:14	1026.8	16.3	37.0	12.7	1027.4	5.0	6.3	2558	3600	2558
2022-11-12T02:12:20	1026.8	16.0	36.7	12.7	1027.5	4.7	6.3	2688	3600	2688
2022-11-12T03:12:26	1027.1	15.7	36.3	12.7	1027.7	4.0	6.0	2661	3600	2661
2022-11-12T04:12:32	1027.3	15.2	36.1	12.6	1027.8	3.1	5.7	2686	3600	2686
2022-11-12T05:12:38	1027.3	14.7	36.0	12.6	1027.8	3.5	5.9	2601	3600	2601
2022-11-12T06:12:49	1027.5	14.3	35.9	12.6	1028.0	3.3	5.9	2731	3600	2731
2022-11-12T07:12:50	1027.9	14.0	35.9	13.0	1028.4	3.9	6.1	2651	3600	2651
2022-11-12T08:12:53	1028.3	14.8	36.1	14.7	1029.1	6.4	6.8	2621	3600	2621
2022-11-12T09:13:03	1028.4	16.2	36.5	14.6	1029.3	8.3	7.4	2593	3600	2593
2022-11-12T10:13:19	1028.5	18.6	36.7	14.1	1029.5	10.6	7.9	2560	3600	2560
2022-11-12T11:13:22	1028.5	19.2	37.3	14.1	1029.5	11.1	8.0	2577	3600	2577
2022-11-12T12:13:26	1028.3	20.0	37.6	14.1	1029.3	12.6	8.6	2673	3600	2673
2022-11-12T13:13:36	1027.8	21.7	37.5	14.0	1028.9	13.5	8.6	2646	3600	2646
2022-11-12T14:13:38	1027.6	23.6	37.4	13.9	1028.8	13.8	8.6	2562	3600	2562
2022-11-12T15:13:40	1027.4	23.3	37.8	13.6	1028.5	11.8	8.1	2704	3600	2704
2022-11-12T16:13:43	1027.4	21.2	38.0	13.2	1028.4	8.9	7.7	2548	3600	2548
2022-11-12T17:13:52	1027.4	19.9	37.7	13.1	1028.2	7.5	7.3	2658	3600	2658
2022-11-12T18:13:54	1027.3	18.9	37.5	13.0	1028.0	6.1	6.8	2666	3600	2666
2022-11-12T19:13:56	1027.3	18.1	37.2	12.9	1028.0	5.3	6.6	2629	3600	2629
2022-11-12T20:14:01	1027.3	17.7	36.8	12.9	1027.9	4.7	6.4	2656	3600	2656
2022-11-12T21:14:04	1027.3	17.3	36.2	12.8	1027.9	5.0	6.6	2584	3600	2584
2022-11-12T22:14:11	1027.2	16.4	36.6	12.8	1027.7	6.0	7.1	2624	3600	2624
2022-11-12T23:14:24	1026.8	16.1	37.2	12.8	1027.4	5.8	7.0	2607	3600	2607
2022-11-13T00:14:35	1026.5	15.7	37.6	12.8	1027.1	6.2	7.2	2668	3600	2668
2022-11-13T01:14:42	1026.2	15.5	37.8	12.7	1026.8	6.0	7.0	2644	3600	2644
2022-11-13T02:14:45	1025.8	15.5	37.5	12.7	1026.3	5.7	6.9	2644	3600	2644
2022-11-13T03:14:49	1025.4	15.4	37.1	12.7	1026.0	7.4	7.7	2699	3600	2699
2022-11-13T04:14:54	1025.0	15.3	37.6	12.6	1025.7	7.9	7.8	2708	3600	2708
2022-11-13T05:15:05	1024.8	15.4	38.0	12.6	1025.5	7.8	7.8	2638	3600	2638
2022-11-13T06:15:17	1024.6	15.5	38.2	12.6	1025.3	8.6	8.0	2686	3600	2686
2022-11-13T07:15:24	1024.1	15.7	39.0	12.6	1024.9	8.8	8.0	2750	3600	2750
2022-11-13T08:15:27	1023.9	15.9	39.5	12.6	1024.8	9.2	8.1	2732	3600	2732
2022-11-13T09:15:35	1023.7	16.2	40.4	12.6	1024.6	9.5	8.2	2661	3600	2661
2022-11-13T10:15:36	1023.6	16.5	41.3	12.8	1024.4	9.9	8.3	2746	3600	2746
2022-11-13T11:15:37	1023.0	16.9	41.6	12.9	1023.9	10.2	8.1	2627	3600	2627
2022-11-13T12:15:38	1022.5	17.3	41.8	13.6	1023.4	10.3	7.9	2666	3600	2666
2022-11-13T13:15:40	1021.8	18.5	41.7	14.4	1022.7	11.2	7.9	2674	3600	2674
2022-11-13T14:15:50	1021.2	20.0	41.0	14.6	1022.2	11.6	7.9	2728	3600	2728
2022-11-13T15:15:58	1021.0	19.9	40.3	13.5	1021.9	10.1	7.5	2703	3600	2703
2022-11-13T16:16:00	1020.6	18.6	40.0	13.2	1021.5	8.6	7.3	2867	3600	2867
2022-11-13T17:16:03	1020.4	18.0	39.4	13.0	1021.3	7.7	7.1	2821	3600	2821
2022-11-13T18:16:05	1020.2	17.4	39.1	12.9	1021.0	7.7	7.2	2862	3600	2862
2022-11-13T19:16:12	1020.1	16.8	39.9	12.9	1020.9	7.1	7.0	2824	3600	2824
2022-11-13T20:16:20	1020.0	16.4	41.0	12.8	1020.8	6.8	6.9	2925	3600	2925
2022-11-13T21:16:21	1019.6	16.2	41.2	12.8	1020.3	6.5	6.8	2879	3600	2879
2022-11-13T22:16:24	1019.4	15.8	41.0	12.7	1020.0	6.1	6.7	2848	3600	2848
2022-11-13T23:16:25	1018.8	15.4	40.8	12.7	1019.5	6.0	6.7	2878	3600	2878
2022-11-14T00:16:30	1018.3	15.2	40.7	12.7	1018.9	5.8	6.7	2765	3600	2765
2022-11-14T01:16:42	1017.8	14.9	40.4	12.6	1018.4	5.4	6.6	2746	3600	2746
2022-11-14T02:16:51	1017.3	14.6	40.2	12.6	1017.8	5.3	6.6	2851	3600	2851
2022-11-14T03:16:52	1016.7	14.4	41.4	12.6	1017.3	6.0	6.9	2852	3600	2852
2022-11-14T04:17:04	1016.1	14.5	43.0	12.5	1016.7	6.1	6.8	2868	3600	2868
2022-11-14T05:17:07	1015.7	14.3	43.2	12.5	1016.3	5.7	6.7	2860	3600	2860
2022-11-14T06:17:11	1015.2	14.1	43.1	12.5	1015.8	5.3	6.6	2969	3600	2969
2022-11-14T07:17:18	1015.2	13.9	42.8	12.7	1015.8	5.4	6.7	2883	3600	2883
2022-11-14T08:17:31	1015.0	14.3	42.9	14.8	1015.6	6.6	6.9	2923	3600	2923
2022-11-14T09:17:33	1014.7	15.5	43.2	14.6	1015.5	7.8	7.1	2901	3600	2901
2022-11-14T10:17:39	1014.4	16.8	43.0	14.1	1015.3	8.5	7.2	2916	3600	2916
2022-11-14T11:17:47	1013.8	17.9	42.6	13.9	1014.7	9.8	7.4	2923	3600	2923
2022-11-14T12:17:53	1013.3	19.1	41.9	13.9	1014.3	10.6	7.5	3018	3600	3018
2022-11-14T13:17:58	1013.0	19.8	41.1	14.0	1014.0	10.9	7.6	3061	3600	3061
2022-11-14T14:18:03	1012.5	20.0	40.5	14.1	1013.6	10.8	7.5	2951	3600	2951
2022-11-14T15:18:08	1012.2	19.4	40.0	13.4	1013.1	9.6	7.3	2974	3600	2974
2022-11-14T16:18:13	1011.8	18.3	39.8	13.1	1012.8	8.2	7.2	2980	3600	2980
2022-11-14T17:18:22	1011.8	17.7	39.6	13.0	1012.7	8.1	7.2	2959	3600	2959
2022-11-14T18:18:34	1011.5	17.3	39.8	13.0	1012.4	7.9	7.1	2997	3600	2997
2022-11-14T19:18:42	1011.0	16.9	40.1	12.9	1011.9	7.4	7.0	3102	3600	3102
2022-11-14T20:18:52	1010.6	16.6	40.3	12.9	1011.4	7.0	6.9	3054	3600	3054
2022-11-14T21:18:55	1010.5	16.2	40.3	12.8	1011.3	6.4	6.7	3043	3600	3043
2022-11-14T22:18:58	1010.2	15.8	40.4	12.8	1011.0	6.0	6.6	3080	3600	3080
2022-11-14T23:19:04	1010.0	15.4	40.6	12.8	1010.7	5.7	6.5	3023	3600	3023
2022-11-15T00:19:06	1009.6	15.1	40.6	12.8	1010.2	5.4	6.5	3137	3600	3137
2022-11-15T01:19:13	1009.1	14.7	40.8	12.7	1009.8	5.2	6.4	2989	3600	2989
2022-11-15T02:19:17	1008.6	14.4	41.0	12.7	1009.1	5.3	6.5	3087	3600	3087
2022-11-15T03:19:26	1008.1	14.2	41.2	12.7	1008.8	5.6	6.5	3056	3600	3056
2022-11-15T04:19:34	1007.9	14.1	41.1	12.6	1008.6	5.7	6.5	3059	3600	3059
2022-11-15T05:19:40	1007.8	14.0	41.0	12.6	1008.5	5.2	6.4	3048	3600	3048
2022-11-15T06:19:51	1007.8	13.7	40.8	12.6	1008.4	4.4	6.2	3055	3600	3055
2022-11-15T07:19:57	1008.0	13.5	40.8	13.2	1008.6	5.2	6.5	3003	3600	3003
2022-11-15T08:20:01	1008.1	14.4	40.8	14.6	1008.9	7.1	7.0	3003	3600	3003
2022-11-15T09:20:10	1008.0	16.4	40.9	14.6	1008.9	8.7	7.4	3048	3600	3048
2022-11-15T10:20:15	1007.8	18.3	40.9	13.9	1008.8	10.5	7.9	3103	3600	3103
2022-11-15T11:20:28	1007.1	20.2	40.6	13.9	1008.2	12.2	8.3	3027	3600	3027
2022-11-15T12:20:31	1006.6	21.7	40.3	14.0	1007.7	13.2	8.5	3053	3600	3053
2022-11-15T13:20:32	1006.2	22.6	40.1	13.9	1007.5	13.6	8.5	3089	3600	3089
2022-11-15T14:20:40	1005.7	23.0	40.0	14.0	1007.0	13.5	8.5	3222	3600	3222
2022-11-15T15:20:44	1005.5	22.6	40.1	13.6	1006.7	12.4	8.3	3144	3600	3144
2022-11-15T16:20:53	1005.1	21.1	39.9	13.2	1006.2	10.5	8.0	3115	3600	3115
2022-11-15T17:20:54	1004.7	20.0	39.6	13.0	1005.8	9.3	7.8	3117	3600	3117
2022-11-15T18:20:59	1004.6	19.4	39.3	13.0	1005.6	8.7	7.7	3104	3600	3104
2022-11-15T19:21:01	1004.4	18.8	39.0	12.9	1005.4	7.6	7.4	3165	3600	3165
2022-11-15T20:21:12	1004.2	18.2	38.9	12.9	1005.0	6.8	7.2	3051	3600	3051
2022-11-15T21:21:14	1004.1	17.6	38.7	12.8	1004.9	6.1	6.9	3157	3600	3157
2022-11-15T22:21:24	1003.8	17.1	38.7	12.8	1004.5	6.1	7.0	3150	3600	3150
2022-11-15T23:21:26	1003.5	16.9	38.8	12.8	1004.2	6.6	7.3	3125	3600	3125
2022-11-16T00:21:28	1003.2	16.6	38.9	12.8	1003.9	6.3	7.2	3211	3600	3211
2022-11-16T01:21:37	1003.1	16.3	39.0	12.7	1003.8	5.8	7.0	3175	3600	3175
2022-11-16T02:21:44	1002.5	15.9	39.1	12.7	1003.1	5.6	6.9	3135	3600	3135
2022-11-16T03:21:49	1002.0	15.5	39.4	12.7	1002.6	5.2	6.7	3268	3600	3268
2022-11-16T04:22:01	1001.7	15.2	39.6	12.7	1002.3	5.0	6.7	3233	3600	3233
2022-11-16T05:22:06	1001.6	14.8	39.7	12.6	1002.3	5.0	6.7	3162	3600	3162
2022-11-16T06:22:07	1001.8	14.6	40.0	12.6	1002.4	5.4	6.9	3199	3600	3199
2022-11-16T07:22:09	1002.0	14.5	40.3	12.6	1002.6	5.8	7.1	3291	3600	3291
2022-11-16T08:22:12	1002.0	14.5	41.0	12.6	1002.6	6.1	7.2	3299	3600	3299
2022-11-16T09:22:19	1001.5	14.5	41.1	12.6	1002.1	6.3	7.3	3181	3600	3181
2022-11-16T10:22:31	1001.2	14.5	41.8	12.6	1001.9	6.4	7.3	3156	3600	3156
2022-11-16T11:22:33	1001.1	14.6	42.2	12.6	1001.7	6.5	7.2	3268	3600	3268
2022-11-16T12:22:34	1001.0	14.6	42.3	12.5	1001.6	6.4	6.9	3270	3600	3270
2022-11-16T13:22:42	1000.9	14.5	42.5	12.5	1001.6	6.4	6.8	3219	3600	3219
2022-11-16T14:22:50	1000.8	14.5	42.5	12.5	1001.5	6.5	6.7	3230	3600	3230
2022-11-16T15:22:58	1000.6	14.4	42.4	12.5	1001.4	6.6	6.6	3145	3600	3145
2022-11-16T16:23:03	1000.5	14.4	42.2	12.4	1001.2	6.4	6.7	3320	3600	3320
2022-11-16T17:23:08	1000.5	14.2	42.1	12.4	1001.2	5.8	6.8	3316	3600	3316
2022-11-16T18:23:10	1000.6	14.1	42.1	12.4	1001.3	5.7	6.8	3300	3600	3300
2022-11-16T19:23:17	1000.5	13.9	42.3	12.4	1001.2	5.8	6.7	3204	3600	3204
2022-11-16T20:23:25	1000.7	13.8	42.3	12.4	1001.4	5.9	6.5	3241	3600	3241
2022-11-16T21:23:33	1000.9	13.7	42.3	12.4	1001.6	6.0	6.3	3322	3600	3322
2022-11-16T22:23:40	1000.8	13.6	42.2	12.4	1001.5	5.4	6.1	3272	3600	3272
2022-11-16T23:23:43	1000.6	13.4	42.0	12.4	1001.2	5.1	5.9	3260	3600	3260
2022-11-17T00:23:47	1000.2	13.2	41.9	12.4	1000.8	4.9	5.7	3364	3600	3364
2022-11-17T01:23:52	1000.0	13.0	41.6	12.4	1000.6	4.2	5.5	3378	3600	3378
2022-11-17T02:23:53	999.7	12.8	41.4	12.4	1000.3	3.9	5.4	3329	3600	3329
2022-11-17T03:24:03	999.2	12.7	41.1	12.3	999.7	3.8	5.3	3262	3600	3262
2022-11-17T04:24:04	999.0	12.5	41.0	12.4	999.6	3.9	5.3	3334	3600	3334
2022-11-17T05:24:06	998.6	12.4	41.1	12.4	999.1	3.9	5.4	3376	3600	3376
2022-11-17T06:24:08	998.1	12.3	41.4	12.4	998.7	4.0	5.4	3402	3600	3402
2022-11-17T07:24:13	997.9	12.3	41.7	12.4	998.5	4.2	5.4	3443	3600	3443
2022-11-17T08:24:20	997.5	12.3	42.0	12.5	998.2	4.6	5.5	3285	3600	3285
2022-11-17T09:24:23	997.5	12.4	42.2	12.5	998.3	4.8	5.5	3346	3600	3346
2022-11-17T10:24:26	997.4	12.6	42.3	12.5	998.0	4.9	5.6	3343	3600	3343
2022-11-17T11:24:30	996.8	12.7	42.5	12.5	997.6	5.0	5.7	3451	3600	3451
2022-11-17T12:24:33	996.4	13.1	42.0	12.5	997.2	5.2	5.6	3409	3600	3409
2022-11-17T13:24:34	996.2	13.2	41.8	12.4	997.0	5.3	5.6	3473	3600	3473
2022-11-17T14:24:37	995.9	13.2	41.6	12.4	996.8	5.2	5.6	3356	3600	3356
2022-11-17T15:24:43	996.0	13.1	41.6	12.4	996.7	4.3	5.6	3375	3600	3375
2022-11-17T16:24:45	996.0	12.7	42.0	12.4	996.7	3.8	5.6	3358	3600	3358
2022-11-17T17:24:48	995.9	12.5	42.1	12.4	996.5	3.5	5.7	3331	3600	3331
2022-11-17T18:24:53	996.0	12.3	42.3	12.3	996.7	3.5	5.7	3364	3600	3364
2022-11-17T19:24:57	996.2	12.2	42.6	12.3	996.9	3.3	5.6	3406	3600	3406
2022-11-17T20:25:02	996.4	11.9	42.6	12.3	997.0	3.0	5.5	3298	3600	3298
2022-11-17T21:25:08	996.7	11.4	43.1	12.3	997.3	2.6	5.4	3279	3600	3279
2022-11-17T22:25:12	997.0	11.0	43.4	12.3	997.5	2.4	5.3	3445	3600	3445
2022-11-17T23:25:18	997.3	10.8	43.4	12.3	997.8	2.3	5.2	3147	3600	3147
2022-11-18T00:25:28	997.5	10.7	43.2	12.3	998.0	2.2	5.1	3487	3600	3487
2022-11-18T01:25:32	997.7	10.6	42.8	12.3	998.1	1.9	5.0	3139	3600	3139
2022-11-18T02:25:33	997.9	10.4	42.5	12.3	998.3	1.3	4.9	3381	3600	3381
2022-11-18T03:25:38	998.1	10.5	41.7	12.3	998.5	1.0	4.8	3377	3600	3377
2022-11-18T04:25:39	998.4	10.1	41.5	12.3	998.8	0.8	4.7	3340	3600	3340
2022-11-18T05:25:46	999.0	10.0	41.0	12.3	999.4	0.4	4.6	3157	3600	3157
2022-11-18T06:25:50	999.6	9.8	40.6	12.3	999.9	0.1	4.6	3319	3600	3319
2022-11-18T07:25:51	1000.0	9.6	40.3	12.3	1000.3	-0.1	4.6	3219	3600	3219
2022-11-18T08:25:53	1000.6	9.5	40.1	12.3	1000.8	-0.3	4.4	3226	3600	3226
2022-11-18T09:26:01	1001.1	9.4	40.0	12.7	1001.5	0.1	4.3	3237	3600	3237
2022-11-18T10:26:03	1002.0	9.4	39.9	12.9	1002.4	0.1	4.1	3287	3600	3287
2022-11-18T11:26:06	1002.6	9.3	39.7	12.9	1002.9	-0.2	4.0	3321	3600	3321
2022-11-18T12:26:10	1003.0	9.2	39.4	12.8	1003.2	-0.4	3.9	3260	3600	3260
2022-11-18T13:26:12	1003.4	9.0	39.2	12.7	1003.7	-0.1	3.9	3210	3600	3210
2022-11-18T14:26:14	1003.8	8.9	39.0	12.7	1004.0	-0.7	3.7	3170	3600	3170
2022-11-18T15:26:19	1004.4	8.4	38.8	12.5	1004.5	-1.7	3.6	3186	3600	3186
2022-11-18T16:26:25	1005.1	7.8	38.4	12.3	1005.1	-2.8	3.5	3213	3600	3213
2022-11-18T17:26:30	1005.6	7.1	38.1	12.3	1005.6	-3.9	3.3	3315	3600	3315
2022-11-18T18:26:34	1006.2	6.6	37.9	12.3	1006.0	-4.8	3.2	3137	3600	3137
2022-11-18T19:26:38	1006.6	6.1	37.6	12.3	1006.5	-5.1	3.2	3123	3600	3123
2022-11-18T20:26:40	1007.1	5.6	37.5	12.3	1006.8	-5.5	3.1	3246	3600	3246
2022-11-18T21:26:47	1007.6	5.2	37.3	12.3	1007.3	-5.8	3.1	3188	3600	3188
2022-11-18T22:26:52	1008.0	4.7	37.2	12.3	1007.6	-6.2	3.0	3148	3600	3148
2022-11-18T23:26:59	1008.3	4.1	37.1	12.2	1007.9	-6.6	2.9	3109	3600	3109
2022-11-19T00:27:00	1008.7	3.5	37.1	12.2	1008.2	-6.9	2.8	3122	3600	3122
2022-11-19T01:27:04	1008.8	3.1	37.0	12.2	1008.3	-7.2	2.8	3125	3600	3125
2022-11-19T02:27:06	1009.0	2.5	36.9	12.2	1008.5	-7.5	2.7	3102	3600	3102
2022-11-19T03:27:07	1009.2	2.0	36.8	12.2	1008.6	-7.5	2.7	3108	3600	3108
2022-11-19T04:27:16	1009.4	1.5	36.7	12.2	1008.8	-7.6	2.7	3118	3600	3118
2022-11-19T05:27:19	1009.3	1.2	36.7	12.2	1008.7	-7.4	2.8	3145	3600	3145
2022-11-19T06:27:27	1009.2	1.2	36.8	12.2	1008.7	-7.0	2.9	3024	3600	3024
2022-11-19T07:27:34	1009.3	1.1	36.9	12.3	1008.9	-6.3	3.0	3134	3600	3134
2022-11-19T08:27:39	1009.3	1.5	37.2	13.8	1008.9	-4.3	3.5	3062	3600	3062
2022-11-19T09:27:42	1009.0	3.3	37.4	13.8	1009.0	-2.3	3.9	3163	3600	3163
2022-11-19T10:27:49	1009.0	5.0	37.9	14.8	1009.1	0.3	4.5	3136	3600	3136
2022-11-19T11:27:59	1008.5	7.7	38.2	14.5	1008.8	1.4	4.4	3006	3600	3006
2022-11-19T12:28:06	1007.8	8.8	38.6	14.6	1008.1	2.7	4.5	3065	3600	3065
2022-11-19T13:28:08	1007.5	10.6	38.6	13.9	1008.2	3.4	4.5	3161	3600	3161
2022-11-19T14:28:13	1007.3	9.5	39.3	13.3	1007.8	1.1	4.4	3188	3600	3188
2022-11-19T15:28:14	1007.2	8.6	39.5	13.2	1007.6	0.9	4.3	3089	3600	3089
2022-11-19T16:28:21	1007.0	8.2	39.5	13.1	1007.4	0.4	4.2	3022	3600	3022
2022-11-19T17:28:23	1006.9	8.2	39.4	13.0	1007.2	0.1	4.4	3138	3600	3138
2022-11-19T18:28:27	1007.0	8.2	39.5	12.9	1007.3	-0.0	4.6	3084	3600	3084
2022-11-19T19:28:30	1007.0	8.1	39.4	12.8	1007.2	-0.1	4.6	3073	3600	3073
2022-11-19T20:28:38	1007.1	8.0	39.6	12.8	1007.4	-0.3	4.5	3064	3600	3064
2022-11-19T21:28:43	1007.3	8.0	39.6	12.7	1007.5	-0.5	4.4	2990	3600	2990
2022-11-19T22:28:52	1007.0	8.0	39.5	12.7	1007.1	-0.6	4.4	3068	3600	3068
2022-11-19T23:28:59	1006.7	7.9	39.5	12.6	1006.9	-0.7	4.4	3029	3600	3029
2022-11-20T00:29:01	1006.6	7.8	39.3	12.6	1006.7	-0.9	4.3	2999	3600	2999
2022-11-20T01:29:03	1006.5	7.6	39.2	12.6	1006.6	-1.3	4.2	3037	3600	3037
2022-11-20T02:29:10	1006.3	7.1	39.1	12.6	1006.2	-1.7	4.1	3123	3600	3123
2022-11-20T03:29:17	1006.0	7.0	39.0	12.5	1006.0	-1.6	4.1	3153	3600	3153
2022-11-20T04:29:23	1005.7	7.1	38.9	12.5	1005.8	-1.2	4.2	3222	3600	3222
2022-11-20T05:29:27	1005.5	7.2	39.0	12.5	1005.6	-0.9	4.3	3090	3600	3090
2022-11-20T06:29:29	1005.2	7.3	39.2	12.4	1005.2	-0.7	4.3	3267	3600	3267
2022-11-20T07:29:35	1005.1	7.3	39.4	12.4	1005.1	-0.8	4.3	3147	3600	3147
2022-11-20T08:29:50	1005.0	7.2	39.7	12.4	1005.1	-0.5	4.3	3185	3600	3185
2022-11-20T09:29:56	1004.8	7.5	39.6	12.4	1005.0	-0.2	4.3	3132	3600	3132
2022-11-20T10:29:57	1004.7	7.7	39.7	12.5	1004.9	-0.1	4.3	3155	3600	3155
2022-11-20T11:29:58	1004.4	7.8	39.7	12.8	1004.5	0.6	4.4	3133	3600	3133
2022-11-20T12:30:02	1004.0	8.0	40.1	12.9	1004.4	0.9	4.5	3088	3600	3088
2022-11-20T13:30:05	1003.7	8.1	40.4	13.0	1003.9	0.7	4.6	3051	3600	3051
2022-11-20T14:30:09	1003.4	8.6	40.4	13.9	1003.8	1.5	4.7	3123	3600	3123
2022-11-20T15:30:10	1003.4	8.9	40.2	13.1	1003.7	0.7	4.5	3170	3600	3170
2022-11-20T16:30:14	1003.0	8.3	39.9	12.9	1003.2	-0.5	4.2	3211	3600	3211
2022-11-20T17:30:17	1002.9	7.5	39.7	12.7	1003.0	-1.1	4.1	3165	3600	3165
2022-11-20T18:30:22	1002.7	6.8	39.1	12.6	1002.7	-1.8	4.0	3098	3600	3098
2022-11-20T19:30:28	1002.6	6.3	39.5	12.5	1002.5	-2.2	3.9	3190	3600	3190
2022-11-20T20:30:32	1002.2	6.0	39.1	12.5	1002.1	-2.6	3.8	3243	3600	3243
2022-11-20T21:30:39	1001.6	5.4	38.6	12.4	1001.5	-2.9	3.8	3178	3600	3178
2022-11-20T22:30:40	1001.1	5.0	38.0	12.4	1000.9	-2.9	3.8	3216	3600	3216
2022-11-20T23:30:49	1000.4	5.3	39.1	12.4	1000.3	-2.3	4.0	3326	3600	3326
2022-11-21T00:30:56	999.9	5.7	39.1	12.3	999.7	-2.1	4.0	3151	3600	3151
2022-11-21T01:31:03	999.3	5.9	38.8	12.3	999.2	-1.9	4.0	3316	3600	3316
2022-11-21T02:31:04	999.0	6.0	38.6	12.3	999.0	-1.8	4.1	3421	3600	3421
2022-11-21T03:31:10	998.6	6.0	38.5	12.3	998.6	-1.8	4.1	3179	3600	3179
2022-11-21T04:31:18	998.7	6.0	38.4	12.3	998.8	-1.9	4.1	3226	3600	3226
2022-11-21T05:31:26	998.9	5.7	38.4	12.3	998.9	-2.3	4.0	3289	3600	3289
2022-11-21T06:31:29	999.0	5.9	38.2	12.3	999.0	-2.2	4.0	3129	3600	3129
2022-11-21T07:31:34	999.4	5.9	38.1	12.3	999.5	-2.1	4.1	3337	3600	3337
2022-11-21T08:31:35	1000.0	6.0	38.2	12.3	1000.0	-2.1	4.1	3270	3600	3270
2022-11-21T09:31:36	1000.4	6.2	38.4	12.4	1000.4	-1.9	4.1	3239	3600	3239
2022-11-21T10:31:41	1000.6	6.4	38.5	12.5	1000.6	-1.5	4.2	3369	3600	3369
2022-11-21T11:31:51	1000.9	6.7	38.7	12.6	1001.0	-0.8	4.4	3229	3600	3229
2022-11-21T12:31:57	1000.8	7.1	38.6	12.8	1000.9	-0.3	4.5	3259	3600	3259
2022-11-21T13:32:07	1000.4	7.4	38.5	12.9	1000.5	-0.1	4.4	3204	3600	3204
2022-11-21T14:32:11	999.9	7.6	38.5	13.1	1000.1	0.1	4.4	3204	3600	3204
2022-11-21T15:32:14	999.9	7.6	38.6	12.9	1000.0	-0.9	4.1	3219	3600	3219
2022-11-21T16:32:31	999.8	6.9	38.6	12.6	999.8	-1.9	3.9	3125	3600	3125
2022-11-21T17:32:34	999.5	6.4	38.6	12.5	999.4	-2.1	3.9	3208	3600	3208
2022-11-21T18:32:37	999.1	6.3	38.6	12.3	999.1	-1.9	4.0	3248	3600	3248
2022-11-21T19:32:41	998.5	6.3	38.7	12.3	998.5	-1.5	4.1	3379	3600	3379
2022-11-21T20:32:52	997.8	6.4	38.8	12.2	997.8	-1.4	4.1	3226	3600	3226
2022-11-21T21:32:55	997.9	6.5	39.2	12.2	998.1	-0.9	4.1	3464	3600	3464
2022-11-21T22:33:01	997.9	6.6	39.9	12.2	998.0	-0.6	4.2	3314	3600	3314
2022-11-21T23:33:08	997.3	6.6	40.5	12.2	997.4	-0.7	4.1	3312	3600	3312
2022-11-22T00:33:09	996.8	6.3	41.8	12.2	996.9	-1.0	4.1	3227	3600	3227
2022-11-22T01:33:20	996.5	6.5	42.1	12.2	996.5	-1.6	4.0	3177	3600	3177
2022-11-22T02:33:22	996.5	6.3	42.1	12.2	996.5	-1.7	4.0	3328	3600	3328
2022-11-22T03:33:29	995.9	6.4	41.8	12.2	995.9	-1.8	4.0	3373	3600	3373
2022-11-22T04:33:31	995.6	6.4	41.3	12.2	995.6	-1.8	4.0	3294	3600	3294
2022-11-22T05:33:35	995.4	6.4	41.6	12.2	995.5	-1.7	4.0	3324	3600	3324
2022-11-22T06:33:38	995.6	6.5	42.1	12.2	995.7	-1.6	4.1	3345	3600	3345
2022-11-22T07:33:47	995.9	6.5	42.4	12.2	996.0	-1.3	4.2	3354	3600	3354
2022-11-22T08:33:54	995.6	6.7	42.7	12.4	995.8	-0.8	4.3	3341	3600	3341
2022-11-22T09:33:55	996.0	7.0	43.1	12.5	996.3	-0.4	4.4	3373	3600	3373
2022-11-22T10:33:56	996.4	7.5	43.4	12.6	996.7	0.2	4.6	3316	3600	3316
2022-11-22T11:34:04	996.3	7.8	43.8	12.6	996.6	0.6	4.8	3362	3600	3362
2022-11-22T12:34:06	996.2	8.0	44.0	12.6	996.5	1.3	4.9	3323	3600	3323
2022-11-22T13:34:18	995.9	8.2	44.6	12.6	996.3	1.8	5.1	3407	3600	3407
2022-11-22T14:34:19	995.9	8.6	44.7	12.5	996.3	1.9	5.1	3290	3600	3290
2022-11-22T15:34:21	996.0	8.9	44.5	12.3	996.4	1.9	5.1	3336	3600	3336
2022-11-22T16:34:24	996.3	8.8	44.7	12.2	996.8	2.0	5.1	3278	3600	3278
2022-11-22T17:34:28	996.8	8.9	44.8	12.2	997.3	2.0	5.1	3191	3600	3191
2022-11-22T18:34:38	997.0	9.0	44.7	12.2	997.5	1.8	5.1	3309	3600	3309
2022-11-22T19:34:42	997.3	9.0	44.9	12.2	997.7	1.6	5.1	3350	3600	3350
2022-11-22T20:34:50	997.6	9.1	44.9	12.2	998.0	1.3	5.0	3159	3600	3159
2022-11-22T21:34:53	997.7	9.0	44.5	12.2	998.0	1.0	5.0	3317	3600	3317
2022-11-22T22:34:54	997.7	8.9	44.1	12.2	998.0	0.8	4.9	3269	3600	3269
2022-11-22T23:35:00	997.8	8.8	43.9	12.2	998.1	0.8	4.9	3141	3600	3141
2022-11-23T00:35:05	997.8	8.7	43.8	12.2	998.1	0.6	4.9	3325	3600	3325
2022-11-23T01:35:16	997.9	8.7	43.8	12.2	998.2	0.9	5.0	3208	3600	3208
2022-11-23T02:35:17	998.0	8.9	43.7	12.2	998.3	1.1	5.0	3285	3600	3285
2022-11-23T03:35:24	998.0	8.8	43.8	12.2	998.4	1.1	5.0	3316	3600	3316
2022-11-23T04:35:30	998.0	8.7	43.9	12.2	998.4	1.2	5.0	3156	3600	3156
2022-11-23T05:35:31	998.1	8.5	44.3	12.2	998.5	1.3	5.0	3223	3600	3223
2022-11-23T06:35:39	998.2	8.6	44.2	12.2	998.6	1.0	5.0	3287	3600	3287
2022-11-23T07:35:45	998.6	8.5	44.1	12.5	998.9	1.1	5.0	3130	3600	3130
2022-11-23T08:35:48	999.0	9.2	44.3	14.4	999.5	2.2	5.2	3310	3600	3310
2022-11-23T09:35:50	999.0	11.0	44.3	14.3	999.7	3.8	5.5	3243	3600	3243
2022-11-23T10:35:55	999.0	11.5	44.4	13.3	999.7	5.2	6.0	3262	3600	3262
2022-11-23T11:36:03	998.8	11.9	44.5	13.3	999.6	5.8	6.2	3234	3600	3234
2022-11-23T12:36:06	998.8	12.5	44.5	13.3	999.7	6.5	6.3	3218	3600	3218
2022-11-23T13:36:10	998.8	13.0	44.3	13.3	999.7	7.2	6.6	3309	3600	3309
2022-11-23T14:36:20	998.7	13.6	44.1	13.2	999.7	6.9	6.5	3289	3600	3289
2022-11-23T15:36:28	999.0	13.5	43.5	13.1	999.9	6.1	6.3	3266	3600	3266
2022-11-23T16:36:35	999.3	13.2	43.4	13.0	1000.2	5.4	6.1	3159	3600	3159
2022-11-23T17:36:36	999.4	12.9	43.0	12.9	1000.1	4.3	5.8	3280	3600	3280
2022-11-23T18:36:43	999.7	12.3	43.0	12.9	1000.4	3.5	5.6	3339	3600	3339
2022-11-23T19:36:48	1000.0	11.9	42.9	12.8	1000.7	2.9	5.5	3300	3600	3300
2022-11-23T20:36:55	1000.3	11.7	42.7	12.8	1000.9	2.4	5.4	3262	3600	3262
2022-11-23T21:37:02	1000.8	11.3	42.4	12.7	1001.2	1.7	5.2	3181	3600	3181
2022-11-23T22:37:09	1001.3	11.1	41.9	12.7	1001.7	1.3	5.2	3158	3600	3158
2022-11-23T23:37:16	1001.5	11.0	41.5	12.7	1001.9	1.1	5.1	3230	3600	3230
2022-11-24T00:37:22	1001.8	10.7	41.6	12.6	1002.1	1.1	5.1	3155	3600	3155
2022-11-24T01:37:24	1002.1	10.5	41.6	12.6	1002.4	0.8	5.0	3175	3600	3175
2022-11-24T02:37:27	1002.3	10.1	41.6	12.6	1002.6	0.4	4.9	3174	3600	3174
2022-11-24T03:37:31	1002.6	10.0	41.4	12.6	1002.9	0.1	4.8	3117	3600	3117
2022-11-24T04:37:35	1002.9	9.7	41.2	12.5	1003.1	-0.1	4.8	3144	3600	3144
2022-11-24T05:37:38	1003.5	9.4	41.1	12.5	1003.7	-0.2	4.8	3138	3600	3138
2022-11-24T06:37:40	1004.0	9.2	41.0	12.5	1004.2	-0.2	4.8	3134	3600	3134
2022-11-24T07:37:44	1004.6	9.1	41.2	12.5	1004.8	0.1	4.9	3061	3600	3061
2022-11-24T08:37:48	1005.1	9.2	41.4	12.6	1005.3	0.7	5.1	3148	3600	3148
2022-11-24T09:38:00	1005.5	9.5	41.6	12.8	1005.8	1.4	5.3	3124	3600	3124
2022-11-24T10:38:05	1005.7	10.0	42.2	13.7	1006.2	2.7	5.8	3029	3600	3029
2022-11-24T11:38:08	1006.0	10.5	42.9	13.2	1006.5	3.2	5.9	2976	3600	2976
2022-11-24T12:38:10	1006.2	10.7	43.4	13.1	1006.7	3.8	6.1	3060	3600	3060
2022-11-24T13:38:14	1006.5	11.1	43.1	13.1	1007.1	4.4	6.2	3030	3600	3030
2022-11-24T14:38:20	1007.0	11.4	42.9	12.9	1007.7	4.8	6.3	3107	3600	3107
2022-11-24T15:38:26	1007.5	11.6	42.7	12.8	1008.2	4.9	6.4	3099	3600	3099
2022-11-24T16:38:29	1008.0	11.6	42.5	12.7	1008.7	4.6	6.3	3037	3600	3037
2022-11-24T17:38:40	1008.3	11.7	42.5	12.7	1009.0	4.6	6.3	3073	3600	3073
2022-11-24T18:38:44	1008.6	11.5	42.5	12.6	1009.3	4.0	6.1	2927	3600	2927
2022-11-24T19:38:46	1008.7	11.2	42.3	12.5	1009.2	3.3	5.9	3096	3600	3096
2022-11-24T20:38:52	1009.3	10.7	42.1	12.5	1009.9	3.0	5.9	2997	3600	2997
2022-11-24T21:38:53	1009.6	10.4	42.0	12.4	1010.1	2.4	5.6	3000	3600	3000
2022-11-24T22:39:02	1009.9	10.5	42.0	12.4	1010.3	2.2	5.6	2998	3600	2998
2022-11-24T23:39:06	1010.2	10.6	42.1	12.4	1010.6	2.6	5.8	2968	3600	2968
2022-11-25T00:39:13	1010.3	10.7	42.0	12.4	1010.8	2.9	5.8	2968	3600	2968
2022-11-25T01:39:15	1010.2	10.7	42.0	12.4	1010.6	3.0	5.9	2957	3600	2957
2022-11-25T02:39:20	1010.1	10.6	41.9	12.4	1010.6	2.7	5.8	3012	3600	3012
2022-11-25T03:39:27	1010.3	10.6	42.0	12.4	1010.7	2.9	5.9	2956	3600	2956
2022-11-25T04:39:31	1010.3	10.7	41.9	12.3	1010.8	3.2	6.0	3111	3600	3111
2022-11-25T05:39:34	1010.3	10.7	41.8	12.3	1010.8	3.2	6.0	2934	3600	2934
2022-11-25T06:39:36	1010.5	10.4	41.9	12.3	1011.0	3.1	5.9	3072	3600	3072
2022-11-25T07:39:45	1010.9	10.2	41.8	12.4	1011.4	2.5	5.7	2957	3600	2957
2022-11-25T08:40:38	1011.2	10.4	41.9	13.0	1011.6	2.3	5.6	2929	3600	2929
2022-11-25T09:40:42	1011.3	11.5	42.2	14.8	1011.9	4.4	6.5	3065	3600	3065
2022-11-25T10:40:51	1011.3	13.8	42.7	14.4	1012.0	6.5	7.0	3044	3600	3044
2022-11-25T11:40:56	1011.2	15.9	42.8	14.0	1012.0	7.9	7.2	2938	3600	2938
2022-11-25T12:41:01	1011.1	15.9	43.3	13.6	1012.0	7.9	7.1	2898	3600	2898
2022-11-25T13:41:05	1011.2	15.7	43.6	13.4	1012.1	8.0	7.2	2920	3600	2920
2022-11-25T14:41:11	1011.7	15.3	43.9	13.2	1012.6	7.6	7.1	2960	3600	2960
2022-11-25T15:41:16	1012.1	15.0	43.6	13.1	1013.0	7.2	7.0	2996	3600	2996
2022-11-25T16:41:19	1012.4	14.9	43.2	13.0	1013.3	6.8	7.0	2906	3600	2906
2022-11-25T17:41:25	1012.8	15.0	42.5	12.9	1013.7	6.5	7.0	3015	3600	3015
2022-11-25T18:41:30	1013.3	14.9	41.9	12.9	1014.1	6.2	7.0	2917	3600	2917
2022-11-25T19:41:38	1013.8	14.8	41.7	12.8	1014.7	6.5	7.2	2936	3600	2936
2022-11-25T20:41:39	1014.6	14.9	41.8	12.8	1015.5	6.8	7.4	2813	3600	2813
2022-11-25T21:41:45	1015.2	14.9	41.8	12.8	1016.1	6.8	7.5	2916	3600	2916
2022-11-25T22:41:57	1015.8	14.9	41.8	12.7	1016.7	6.9	7.5	2839	3600	2839
2022-11-25T23:41:58	1016.5	15.0	41.7	12.7	1017.4	7.0	7.6	2767	3600	2767
2022-11-26T00:41:59	1016.9	15.0	41.8	12.7	1017.7	7.0	7.6	2828	3600	2828
2022-11-26T01:42:05	1017.4	15.0	41.8	12.7	1018.3	7.0	7.6	2753	3600	2753
2022-11-26T02:42:08	1018.0	15.0	41.8	12.7	1018.8	7.2	7.7	2844	3600	2844
2022-11-26T03:42:14	1018.4	15.1	41.9	12.6	1019.2	7.3	7.8	2727	3600	2727
2022-11-26T04:42:24	1019.0	15.2	42.0	12.6	1020.0	7.5	7.9	2752	3600	2752
2022-11-26T05:42:28	1019.9	15.2	42.1	12.5	1020.8	7.5	7.9	2693	3600	2693
2022-11-26T06:42:36	1020.5	15.2	42.3	12.6	1021.4	7.4	7.8	2737	3600	2737
2022-11-26T07:42:40	1021.2	15.2	42.4	12.6	1022.1	7.2	7.8	2730	3600	2730
2022-11-26T08:42:49	1021.8	15.3	42.5	12.6	1022.7	7.4	7.9	2653	3600	2653
2022-11-26T09:43:11	1022.5	15.4	42.3	12.6	1023.4	7.7	8.0	2719	3600	2719
2022-11-26T10:43:14	1023.0	15.6	42.4	12.6	1023.9	7.6	8.0	2659	3600	2659
2022-11-26T11:43:23	1023.3	15.6	42.5	12.7	1024.2	7.9	8.1	2652	3600	2652
2022-11-26T12:43:26	1023.7	15.3	43.1	12.7	1024.5	7.5	7.9	2665	3600	2665
2022-11-26T13:43:27	1023.7	15.2	43.6	12.7	1024.5	7.4	7.8	2691	3600	2691
2022-11-26T14:43:33	1023.9	15.4	43.6	12.6	1024.7	7.4	7.8	2645	3600	2645
2022-11-26T15:43:36	1024.1	15.4	43.2	12.5	1024.9	7.1	7.7	2590	3600	2590
2022-11-26T16:43:41	1024.2	15.2	43.0	12.5	1025.0	7.0	7.6	2717	3600	2717
2022-11-26T17:43:49	1024.6	15.1	42.9	12.5	1025.3	7.0	7.6	2640	3600	2640
2022-11-26T18:43:56	1024.7	15.2	42.6	12.5	1025.4	7.0	7.6	2540	3600	2540
2022-11-26T19:43:57	1024.5	15.2	42.4	12.5	1025.2	7.0	7.6	2690	3600	2690
2022-11-26T20:44:04	1024.4	15.2	41.9	12.5	1025.2	6.5	7.4	2647	3600	2647
2022-11-26T21:44:06	1024.5	15.2	41.5	12.5	1025.2	6.6	7.4	2731	3600	2731
2022-11-26T22:44:12	1024.5	15.2	41.4	12.4	1025.2	6.7	7.4	2721	3600	2721
2022-11-26T23:44:20	1024.5	15.1	41.2	12.4	1025.2	6.5	7.4	2585	3600	2585
2022-11-27T00:44:22	1024.4	15.0	41.1	12.4	1025.0	6.3	7.3	2705	3600	2705
2022-11-27T01:44:32	1024.1	14.9	41.0	12.4	1024.7	6.1	7.2	2635	3600	2635
2022-11-27T02:44:34	1023.6	14.6	40.8	12.4	1024.2	5.1	6.7	2677	3600	2677
2022-11-27T03:44:43	1023.4	13.7	40.7	12.3	1023.9	3.8	6.1	2591	3600	2591
2022-11-27T04:44:44	1023.2	13.1	40.7	12.4	1023.6	3.2	5.9	2642	3600	2642
2022-11-27T05:44:52	1023.2	12.8	40.5	12.4	1023.6	2.6	5.6	2711	3600	2711
2022-11-27T06:44:58	1022.9	12.2	40.2	12.3	1023.2	2.1	5.5	2613	3600	2613
2022-11-27T07:45:00	1022.7	11.7	40.3	12.5	1022.9	1.9	5.4	2541	3600	2541
2022-11-27T08:45:03	1022.3	11.8	40.5	13.3	1022.6	1.9	5.4	2745	3600	2745
2022-11-27T09:45:04	1022.1	12.7	41.1	14.8	1022.5	4.2	6.2	2721	3600	2721
2022-11-27T10:45:08	1021.8	14.7	41.6	14.7	1022.5	6.3	6.5	2689	3600	2689
2022-11-27T11:45:17	1021.2	16.7	41.4	14.0	1022.0	7.7	6.8	2700	3600	2700
2022-11-27T12:45:22	1020.5	17.6	41.4	14.1	1021.3	8.4	6.6	2779	3600	2779
2022-11-27T13:45:33	1019.8	18.0	40.9	13.8	1020.7	7.9	6.3	2790	3600	2790
2022-11-27T14:45:36	1019.4	17.0	40.3	13.3	1020.2	6.7	6.0	2772	3600	2772
2022-11-27T15:45:40	1019.0	16.1	39.9	13.1	1019.7	5.7	5.9	2792	3600	2792
2022-11-27T16:45:42	1018.4	15.4	39.8	13.0	1019.1	5.3	6.1	2832	3600	2832
2022-11-27T17:45:47	1017.8	15.1	40.0	13.0	1018.4	5.3	6.1	2749	3600	2749
2022-11-27T18:45:50	1017.1	14.9	40.2	12.9	1017.8	5.1	6.0	2857	3600	2857
2022-11-27T19:45:55	1016.8	14.5	40.1	12.9	1017.4	4.5	5.7	2874	3600	2874
2022-11-27T20:45:56	1016.5	14.2	40.0	12.8	1017.1	3.9	5.5	2825	3600	2825
2022-11-27T21:45:59	1015.9	13.7	39.9	12.8	1016.4	3.5	5.4	2835	3600	2835
2022-11-27T22:46:00	1015.5	13.4	40.2	12.8	1016.1	3.5	5.5	2898	3600	2898
2022-11-27T23:46:02	1015.2	13.2	40.6	12.8	1015.8	3.7	5.6	2765	3600	2765
2022-11-28T00:46:08	1014.6	13.1	41.0	12.8	1015.2	3.6	5.6	2807	3600	2807
2022-11-28T01:46:10	1014.1	12.9	41.4	12.7	1014.6	3.6	5.5	2853	3600	2853
2022-11-28T02:46:11	1013.5	12.7	41.5	12.7	1014.1	3.4	5.4	2896	3600	2896
2022-11-28T03:46:12	1013.1	12.5	41.4	12.7	1013.6	3.1	5.3	2875	3600	2875
2022-11-28T04:46:21	1012.6	12.3	41.4	12.7	1013.1	3.1	5.3	2800	3600	2800
2022-11-28T05:46:23	1012.3	12.1	41.8	12.7	1012.8	3.5	5.4	2989	3600	2989
2022-11-28T06:46:29	1011.8	12.0	42.0	12.7	1012.5	3.4	5.3	2945	3600	2945
2022-11-28T07:46:41	1011.7	12.0	42.1	12.7	1012.2	3.5	5.3	2806	3600	2806
2022-11-28T08:46:51	1011.5	12.1	42.2	12.9	1012.2	3.7	5.4	2941	3600	2941
2022-11-28T09:46:56	1011.7	12.2	42.5	13.1	1012.4	4.1	5.5	2898	3600	2898
2022-11-28T10:47:01	1011.3	12.4	42.8	13.4	1012.0	4.6	5.6	2974	3600	2974
2022-11-28T11:47:04	1011.0	12.8	42.8	13.3	1011.8	4.9	5.6	2876	3600	2876
2022-11-28T12:47:08	1010.6	13.1	42.3	13.3	1011.4	5.1	5.7	2984	3600	2984
2022-11-28T13:47:14	1010.1	13.2	42.1	13.2	1010.9	5.2	5.7	2994	3600	2994
2022-11-28T14:47:22	1010.2	13.1	42.3	13.0	1011.1	5.2	5.7	2899	3600	2899
2022-11-28T15:47:30	1010.4	13.2	42.0	12.9	1011.2	4.9	5.7	3141	3600	3141
2022-11-28T16:47:35	1010.5	13.1	42.0	12.8	1011.3	4.6	5.7	2971	3600	2971
2022-11-28T17:47:37	1010.7	12.9	41.9	12.7	1011.4	4.2	5.6	2960	3600	2960
2022-11-28T18:47:43	1010.5	12.8	41.8	12.7	1011.1	3.8	5.6	2929	3600	2929
2022-11-28T19:47:48	1010.5	12.6	41.7	12.7	1011.2	3.5	5.5	2992	3600	2992
2022-11-28T20:47:51	1010.7	12.4	41.8	12.6	1011.4	3.5	5.5	2996	3600	2996
2022-11-28T21:47:52	1010.7	12.3	41.7	12.6	1011.4	3.5	5.5	2859	3600	2859
2022-11-28T22:48:00	1010.7	12.3	41.6	12.6	1011.4	3.5	5.5	2870	3600	2870
2022-11-28T23:48:03	1010.8	12.2	41.6	12.5	1011.4	3.3	5.5	2975	3600	2975
2022-11-29T00:48:16	1010.9	12.1	41.5	12.6	1011.5	3.2	5.5	2875	3600	2875
2022-11-29T01:48:18	1010.9	12.0	41.5	12.6	1011.5	3.2	5.5	2902	3600	2902
2022-11-29T02:48:29	1010.9	11.9	41.5	12.6	1011.5	3.2	5.5	2976	3600	2976
2022-11-29T03:48:30	1011.2	11.8	41.4	12.6	1011.8	3.2	5.6	2823	3600	2823
2022-11-29T04:48:39	1011.4	11.7	41.5	12.6	1012.0	3.1	5.5	2945	3600	2945
2022-11-29T05:48:40	1011.7	11.6	41.5	12.6	1012.3	3.0	5.5	2966	3600	2966
2022-11-29T06:48:45	1012.3	11.5	41.4	12.5	1012.9	3.0	5.6	2918	3600	2918
2022-11-29T07:48:46	1012.7	11.5	41.4	12.6	1013.3	3.2	5.6	2826	3600	2826
2022-11-29T08:48:51	1013.1	11.6	41.4	12.6	1013.7	3.4	5.7	2872	3600	2872
2022-11-29T09:48:54	1013.4	11.7	41.5	12.6	1014.0	3.7	5.9	2825	3600	2825
2022-11-29T10:49:03	1013.6	11.9	41.6	12.7	1014.3	4.2	6.1	2908	3600	2908
2022-11-29T11:49:08	1013.7	12.0	41.6	12.6	1014.4	4.5	6.1	2871	3600	2871
2022-11-29T12:49:14	1013.9	12.0	42.0	12.6	1014.7	4.7	6.1	2844	3600	2844
2022-11-29T13:49:15	1014.4	12.2	41.9	12.6	1015.1	4.7	6.2	2981	3600	2981
2022-11-29T14:49:18	1014.7	12.3	41.6	12.5	1015.4	4.3	6.2	2829	3600	2829
2022-11-29T15:49:30	1015.0	12.2	41.6	12.5	1015.7	4.2	6.2	2831	3600	2831
2022-11-29T16:49:34	1015.5	12.2	41.6	12.5	1016.1	4.1	6.2	2760	3600	2760
2022-11-29T17:49:35	1015.8	12.2	41.5	12.5	1016.4	4.2	6.2	2702	3600	2702
2022-11-29T18:49:36	1016.2	12.2	41.6	12.5	1016.8	4.2	6.3	2914	3600	2914
2022-11-29T19:49:48	1016.4	12.2	41.7	12.5	1017.0	4.2	6.3	2797	3600	2797
2022-11-29T20:49:51	1016.6	12.2	41.9	12.4	1017.2	4.2	6.2	2836	3600	2836
2022-11-29T21:50:08	1016.9	12.2	41.9	12.4	1017.6	4.3	6.2	2809	3600	2809
2022-11-29T22:50:10	1017.1	12.2	41.8	12.4	1017.8	4.3	6.2	2779	3600	2779
2022-11-29T23:50:20	1017.3	12.2	41.7	12.4	1017.9	4.3	6.1	2777	3600	2777
2022-11-30T00:50:27	1017.3	12.2	41.8	12.4	1017.9	4.2	6.1	2874	3600	2874
2022-11-30T01:50:38	1017.5	12.2	41.7	12.4	1018.2	4.2	6.1	2828	3600	2828
2022-11-30T02:50:41	1017.6	12.2	41.6	12.4	1018.2	4.1	6.0	2764	3600	2764
2022-11-30T03:50:46	1017.8	12.2	41.6	12.4	1018.4	4.1	5.9	2785	3600	2785
2022-11-30T04:50:48	1018.0	12.1	41.7	12.4	1018.6	4.0	5.8	2782	3600	2782
2022-11-30T05:50:57	1018.4	12.1	42.0	12.4	1019.0	3.9	5.7	2859	3600	2859
2022-11-30T06:51:03	1018.8	12.0	42.1	12.3	1019.5	3.9	5.7	2837	3600	2837
2022-11-30T07:51:11	1019.3	12.0	42.1	12.3	1020.0	3.8	5.7	2833	3600	2833
2022-11-30T08:51:18	1019.6	12.0	42.2	12.4	1020.3	4.0	5.6	2725	3600	2725
2022-11-30T09:51:26	1020.0	12.2	42.3	12.5	1020.6	4.4	5.6	2723	3600	2723
2022-11-30T10:51:30	1019.9	12.6	42.2	12.7	1020.6	5.0	5.6	2786	3600	2786
2022-11-30T11:51:35	1019.9	13.1	42.1	12.9	1020.7	5.8	5.8	2762	3600	2762
