# See crns_meta.json and crns_attributes.txt for further details.
datetime	press1	temp1	relhum1	volt	press_ext	temp_ext	abshum_ext	counts1	nsecs1	cph_filtered
2022-05-11T01:03:01	1010.1	30.4	27.9	12.7	nan	nan	nan	3743	3600	3743
2022-05-11T02:03:02	1010.2	29.2	28.7	12.7	nan	nan	nan	3706	3600	3706
2022-05-11T03:03:08	1009.4	28.4	29.3	12.7	nan	nan	nan	3786	3600	3786
2022-05-11T04:03:11	1009.6	27.5	29.8	12.6	nan	nan	nan	3742	3600	3742
2022-05-11T05:03:16	1010.0	26.6	30.4	12.7	nan	nan	nan	3775	3600	3775
2022-05-11T06:03:18	1009.9	26.0	30.9	12.7	nan	nan	nan	3728	3600	3728
2022-05-11T07:03:26	1009.7	25.7	31.4	12.8	nan	nan	nan	3681	3600	3681
2022-05-11T08:03:30	1009.2	25.8	32.3	13.4	nan	nan	nan	3785	3600	3785
2022-05-11T09:03:34	1008.6	26.6	33.5	14.2	nan	nan	nan	3802	3600	3802
2022-05-11T10:03:42	1008.0	28.4	33.4	14.4	nan	nan	nan	3888	3600	3888
2022-05-11T11:03:48	1007.2	31.2	32.4	14.1	nan	nan	nan	3852	3600	3852
2022-05-11T12:03:49	1006.3	33.1	30.9	13.7	nan	nan	nan	3812	3600	3812
2022-05-11T13:04:00	1005.6	34.0	29.5	13.7	nan	nan	nan	3968	3600	3968
2022-05-11T14:04:04	1005.1	35.4	27.6	13.7	nan	nan	nan	4051	3600	4051
2022-05-11T15:04:08	1004.5	37.1	25.8	13.6	nan	nan	nan	3978	3600	3978
2022-05-11T16:04:13	1004.0	37.2	24.6	13.7	nan	nan	nan	4024	3600	4024
2022-05-11T17:04:16	1003.6	38.9	23.1	13.7	nan	nan	nan	3976	3600	3976
2022-05-11T18:04:18	1003.2	39.1	22.5	13.4	nan	nan	nan	4135	3600	4135
2022-05-11T19:04:22	1002.9	36.8	23.6	13.0	nan	nan	nan	3992	3600	3992
2022-05-11T20:04:28	1003.2	34.5	24.8	12.8	nan	nan	nan	3931	3600	3931
2022-05-11T21:04:31	1003.3	32.2	26.3	12.8	nan	nan	nan	3883	3600	3883
2022-05-11T22:04:44	1002.9	30.9	29.1	12.7	nan	nan	nan	3890	3600	3890
2022-05-11T23:04:47	1003.0	29.8	31.6	12.7	nan	nan	nan	3935	3600	3935
2022-05-12T00:04:50	1003.2	28.7	33.2	12.7	nan	nan	nan	3986	3600	3986
2022-05-12T01:04:52	1003.3	27.8	34.4	12.7	nan	nan	nan	3870	3600	3870
2022-05-12T02:04:55	1003.0	27.2	35.1	12.6	nan	nan	nan	3734	3600	3734
2022-05-12T03:04:59	1004.2	26.6	35.6	12.6	nan	nan	nan	3859	3600	3859
2022-05-12T04:05:02	1005.1	25.8	36.5	12.6	nan	nan	nan	3909	3600	3909
2022-05-12T05:05:09	1005.6	25.0	37.3	12.6	nan	nan	nan	3718	3600	3718
2022-05-12T06:05:12	1006.7	24.4	38.4	12.8	nan	nan	nan	3813	3600	3813
2022-05-12T07:05:13	1008.4	24.0	39.1	13.2	nan	nan	nan	3729	3600	3729
2022-05-12T08:05:22	1010.0	24.1	38.3	13.6	nan	nan	nan	3674	3600	3674
2022-05-12T09:05:27	1011.6	24.3	37.6	14.3	nan	nan	nan	3648	3600	3648
2022-05-12T10:05:34	1012.7	24.7	37.0	14.5	nan	nan	nan	3619	3600	3619
2022-05-12T11:05:35	1013.5	25.5	35.8	14.3	nan	nan	nan	3702	3600	3702
2022-05-12T12:05:39	1013.6	26.6	34.4	13.9	nan	nan	nan	3593	3600	3593
2022-05-12T13:05:47	1013.7	27.4	32.9	13.9	nan	nan	nan	3605	3600	3605
2022-05-12T14:05:48	1013.8	28.7	31.3	13.9	nan	nan	nan	3640	3600	3640
2022-05-12T15:05:53	1013.6	31.1	29.1	13.8	nan	nan	nan	3679	3600	3679
2022-05-12T16:05:54	1013.2	34.2	26.7	13.7	nan	nan	nan	3820	3600	3820
2022-05-12T17:05:59	1012.9	34.4	25.9	13.8	nan	nan	nan	3613	3600	3613
2022-05-12T18:06:02	1012.7	33.1	25.9	13.8	nan	nan	nan	3828	3600	3828
2022-05-12T19:06:06	1012.6	31.3	26.6	13.4	nan	nan	nan	3737	3600	3737
2022-05-12T20:06:12	1012.7	29.7	27.6	13.0	nan	nan	nan	3732	3600	3732
2022-05-12T21:06:15	1012.8	28.1	28.4	12.8	nan	nan	nan	3633	3600	3633
2022-05-12T22:06:19	1012.8	26.9	29.1	12.7	nan	nan	nan	3740	3600	3740
2022-05-12T23:06:23	1012.8	25.9	29.7	12.7	nan	nan	nan	3616	3600	3616
2022-05-13T00:06:26	1012.8	24.5	30.2	12.7	nan	nan	nan	3705	3600	3705
2022-05-13T01:06:40	1012.8	23.7	30.5	12.7	nan	nan	nan	3692	3600	3692
2022-05-13T02:06:47	1012.9	22.8	30.8	12.7	nan	nan	nan	3752	3600	3752
2022-05-13T03:06:49	1012.7	21.6	30.9	12.6	nan	nan	nan	3794	3600	3794
2022-05-13T04:06:54	1012.4	20.5	31.1	12.6	nan	nan	nan	3768	3600	3768
2022-05-13T05:06:59	1012.3	19.5	31.4	12.6	nan	nan	nan	3732	3600	3732
2022-05-13T06:07:06	1012.2	19.0	31.9	12.8	nan	nan	nan	3662	3600	3662
2022-05-13T07:07:10	1012.2	19.6	32.6	13.3	nan	nan	nan	3619	3600	3619
2022-05-13T08:07:13	1012.2	20.9	33.1	13.9	nan	nan	nan	3748	3600	3748
2022-05-13T09:07:17	1012.4	22.3	33.3	14.1	nan	nan	nan	3810	3600	3810
2022-05-13T10:07:18	1012.6	22.4	33.5	14.0	nan	nan	nan	3782	3600	3782
2022-05-13T11:07:30	1012.4	23.8	33.1	14.5	nan	nan	nan	3728	3600	3728
2022-05-13T12:07:36	1012.2	24.7	32.3	14.1	nan	nan	nan	3822	3600	3822
2022-05-13T13:07:41	1012.3	25.5	31.0	13.9	nan	nan	nan	3760	3600	3760
2022-05-13T14:07:43	1012.6	25.8	29.6	14.0	nan	nan	nan	3699	3600	3699
2022-05-13T15:07:50	1012.9	26.4	28.7	13.9	nan	nan	nan	3813	3600	3813
2022-05-13T16:07:54	1013.0	27.5	27.1	13.9	nan	nan	nan	3636	3600	3636
2022-05-13T17:07:57	1013.6	26.7	26.8	13.6	nan	nan	nan	3664	3600	3664
2022-05-13T18:08:02	1013.8	27.1	26.9	14.0	nan	nan	nan	3743	3600	3743
2022-05-13T19:08:04	1014.0	27.3	26.9	13.4	nan	nan	nan	3598	3600	3598
2022-05-13T20:08:06	1014.0	25.8	27.3	12.9	nan	nan	nan	3724	3600	3724
2022-05-13T21:08:12	1014.4	24.8	27.8	12.7	nan	nan	nan	3670	3600	3670
2022-05-13T22:08:13	1014.5	24.0	28.0	12.7	nan	nan	nan	3671	3600	3671
2022-05-13T23:08:19	1014.5	23.4	28.3	12.7	nan	nan	nan	3680	3600	3680
2022-05-14T00:08:20	1014.5	22.8	28.7	12.7	nan	nan	nan	3722	3600	3722
2022-05-14T01:08:24	1014.4	22.1	29.0	12.7	nan	nan	nan	3717	3600	3717
2022-05-14T02:08:34	1014.3	21.4	29.4	12.7	nan	nan	nan	3717	3600	3717
2022-05-14T03:08:39	1014.4	21.2	29.9	12.6	nan	nan	nan	3751	3600	3751
2022-05-14T04:08:42	1014.4	21.0	30.4	12.6	nan	nan	nan	3721	3600	3721
2022-05-14T05:08:44	1014.5	20.6	30.6	12.6	nan	nan	nan	3720	3600	3720
2022-05-14T06:08:51	1014.6	20.2	31.0	12.8	nan	nan	nan	3699	3600	3699
2022-05-14T07:08:58	1014.9	20.6	31.6	13.3	nan	nan	nan	3660	3600	3660
2022-05-14T08:09:01	1015.2	21.5	32.2	13.7	nan	nan	nan	3628	3600	3628
2022-05-14T09:09:02	1015.3	22.6	32.8	14.6	nan	nan	nan	3718	3600	3718
2022-05-14T10:09:09	1015.2	23.9	32.9	14.6	nan	nan	nan	3719	3600	3719
2022-05-14T11:09:11	1015.2	25.3	32.5	14.1	nan	nan	nan	3724	3600	3724
2022-05-14T12:09:15	1015.1	26.5	31.2	13.9	nan	nan	nan	3692	3600	3692
2022-05-14T13:09:23	1015.0	27.1	30.1	13.9	nan	nan	nan	3691	3600	3691
2022-05-14T14:09:30	1015.1	27.6	29.2	13.9	nan	nan	nan	3761	3600	3761
2022-05-14T15:09:33	1015.1	28.6	28.4	13.9	nan	nan	nan	3704	3600	3704
2022-05-14T16:09:41	1015.0	29.1	27.6	13.9	nan	nan	nan	3732	3600	3732
2022-05-14T17:09:44	1015.0	30.5	26.6	13.9	nan	nan	nan	3711	3600	3711
2022-05-14T18:09:49	1015.1	31.2	25.6	13.8	nan	nan	nan	3640	3600	3640
2022-05-14T19:09:50	1015.4	31.5	25.0	13.5	nan	nan	nan	3516	3600	3516
2022-05-14T20:09:56	1015.9	29.6	25.4	13.1	nan	nan	nan	3660	3600	3660
2022-05-14T21:10:03	1016.4	27.5	25.9	12.8	nan	nan	nan	3567	3600	3567
2022-05-14T22:10:08	1016.7	25.8	26.4	12.8	nan	nan	nan	3461	3600	3461
2022-05-14T23:10:11	1017.0	24.3	26.9	12.7	nan	nan	nan	3619	3600	3619
2022-05-15T00:10:20	1017.3	23.0	27.4	12.7	nan	nan	nan	3579	3600	3579
2022-05-15T01:10:21	1017.5	21.9	27.9	12.7	nan	nan	nan	3551	3600	3551
2022-05-15T02:10:28	1017.6	20.5	28.3	12.7	nan	nan	nan	3618	3600	3618
2022-05-15T03:10:36	1017.7	19.3	28.7	12.6	nan	nan	nan	3550	3600	3550
2022-05-15T04:10:41	1017.8	18.2	29.1	12.6	nan	nan	nan	3589	3600	3589
2022-05-15T05:10:48	1018.0	17.4	29.6	12.6	nan	nan	nan	3575	3600	3575
2022-05-15T06:10:49	1018.5	16.9	30.2	12.8	nan	nan	nan	3509	3600	3509
2022-05-15T07:10:54	1019.0	17.5	31.1	13.2	nan	nan	nan	3525	3600	3525
2022-05-15T08:10:55	1019.2	18.7	32.0	13.6	nan	nan	nan	3552	3600	3552
2022-05-15T09:10:58	1019.3	20.1	32.7	14.2	nan	nan	nan	3561	3600	3561
2022-05-15T10:11:09	1019.2	21.6	32.6	14.6	nan	nan	nan	3559	3600	3559
2022-05-15T11:11:15	1019.1	23.1	32.1	14.4	nan	nan	nan	3573	3600	3573
2022-05-15T12:11:20	1018.7	25.0	31.0	14.0	nan	nan	nan	3621	3600	3621
2022-05-15T13:11:27	1018.3	26.7	29.8	13.9	nan	nan	nan	3640	3600	3640
2022-05-15T14:11:34	1017.9	29.6	28.3	13.9	nan	nan	nan	3621	3600	3621
2022-05-15T15:11:40	1017.4	33.6	25.7	13.8	nan	nan	nan	3646	3600	3646
2022-05-15T16:11:41	1017.0	36.9	23.0	13.6	nan	nan	nan	3686	3600	3686
2022-05-15T17:11:46	1016.5	39.0	21.3	13.7	nan	nan	nan	3691	3600	3691
2022-05-15T18:11:49	1016.2	40.0	20.6	13.7	nan	nan	nan	3645	3600	3645
2022-05-15T19:11:53	1016.0	38.9	21.3	13.4	nan	nan	nan	3636	3600	3636
2022-05-15T20:11:56	1016.0	35.5	23.2	13.1	nan	nan	nan	3863	3600	3863
2022-05-15T21:12:01	1016.2	32.3	24.3	12.8	nan	nan	nan	3671	3600	3671
2022-05-15T22:12:09	1016.2	29.9	25.0	12.8	nan	nan	nan	3572	3600	3572
2022-05-15T23:12:18	1016.1	27.9	25.8	12.8	nan	nan	nan	3724	3600	3724
2022-05-16T00:12:24	1016.4	26.0	26.6	12.7	nan	nan	nan	3695	3600	3695
2022-05-16T01:12:32	1016.7	24.7	27.3	12.7	nan	nan	nan	3655	3600	3655
2022-05-16T02:12:37	1016.7	23.5	27.9	12.7	nan	nan	nan	3601	3600	3601
2022-05-16T03:12:38	1016.6	22.3	28.5	12.6	nan	nan	nan	3698	3600	3698
2022-05-16T04:12:48	1016.1	21.5	29.1	12.6	nan	nan	nan	3644	3600	3644
2022-05-16T05:12:50	1015.9	20.8	29.7	12.6	nan	nan	nan	3670	3600	3670
2022-05-16T06:12:51	1015.7	20.5	30.4	12.8	nan	nan	nan	3749	3600	3749
2022-05-16T07:12:53	1015.7	21.0	31.3	13.2	nan	nan	nan	3610	3600	3610
2022-05-16T08:12:57	1015.8	22.1	31.9	13.6	nan	nan	nan	3578	3600	3578
2022-05-16T09:13:01	1015.7	23.5	31.8	14.3	nan	nan	nan	3652	3600	3652
2022-05-16T10:13:05	1015.5	25.3	31.2	14.5	nan	nan	nan	3607	3600	3607
2022-05-16T11:13:07	1015.1	27.4	30.1	14.3	nan	nan	nan	3712	3600	3712
2022-05-16T12:13:15	1014.6	29.5	28.5	13.9	nan	nan	nan	3712	3600	3712
2022-05-16T13:13:23	1014.2	31.3	26.9	13.8	nan	nan	nan	3706	3600	3706
2022-05-16T14:13:24	1013.6	34.7	24.6	13.7	nan	nan	nan	3794	3600	3794
2022-05-16T15:13:25	1012.9	38.8	21.9	13.7	nan	nan	nan	3831	3600	3831
2022-05-16T16:13:35	1012.3	39.8	21.0	13.6	nan	nan	nan	3863	3600	3863
2022-05-16T17:13:38	1011.9	38.9	21.2	13.7	nan	nan	nan	3726	3600	3726
2022-05-16T18:13:47	1011.6	36.7	21.9	13.5	nan	nan	nan	3951	3600	3951
2022-05-16T19:13:51	1011.6	35.1	22.6	13.1	nan	nan	nan	3936	3600	3936
2022-05-16T20:13:52	1012.0	33.7	23.0	12.8	nan	nan	nan	3856	3600	3856
2022-05-16T21:13:57	1012.6	32.6	23.3	12.8	nan	nan	nan	3851	3600	3851
2022-05-16T22:14:00	1013.0	31.5	23.7	12.8	nan	nan	nan	3693	3600	3693
2022-05-16T23:14:07	1013.0	30.6	24.3	12.7	nan	nan	nan	3821	3600	3821
2022-05-17T00:14:12	1013.0	29.7	24.9	12.7	nan	nan	nan	3936	3600	3936
2022-05-17T01:14:17	1013.1	28.8	25.4	12.7	nan	nan	nan	3804	3600	3804
2022-05-17T02:14:19	1013.1	27.9	25.9	12.7	nan	nan	nan	3702	3600	3702
2022-05-17T03:14:21	1013.5	26.8	26.6	12.7	nan	nan	nan	3827	3600	3827
2022-05-17T04:14:22	1013.8	25.7	27.3	12.6	nan	nan	nan	3697	3600	3697
2022-05-17T05:14:25	1014.9	24.7	28.0	12.6	nan	nan	nan	3603	3600	3603
2022-05-17T06:14:26	1014.7	23.8	28.8	12.6	nan	nan	nan	3317	3600	3317
2022-05-17T07:14:28	1014.7	23.3	29.4	12.7	nan	nan	nan	3365	3600	3365
2022-05-17T08:14:31	1015.6	23.1	30.4	12.9	nan	nan	nan	3421	3600	3421
2022-05-17T09:14:41	1016.1	23.2	31.5	13.3	nan	nan	nan	3449	3600	3449
2022-05-17T10:14:46	1016.5	23.8	32.5	14.1	nan	nan	nan	3457	3600	3457
2022-05-17T11:14:48	1016.8	25.3	33.0	14.5	nan	nan	nan	3358	3600	3358
2022-05-17T12:14:49	1017.0	26.6	33.1	14.3	nan	nan	nan	3364	3600	3364
2022-05-17T13:14:52	1017.1	27.1	33.3	14.1	nan	nan	nan	3338	3600	3338
2022-05-17T14:14:54	1017.1	27.6	33.6	13.9	nan	nan	nan	3406	3600	3406
2022-05-17T15:14:57	1017.0	28.5	33.4	13.9	nan	nan	nan	3291	3600	3291
2022-05-17T16:14:59	1017.1	28.9	32.9	13.9	nan	nan	nan	3446	3600	3446
2022-05-17T17:15:06	1017.1	29.9	32.4	13.9	nan	nan	nan	3495	3600	3495
2022-05-17T18:15:19	1017.1	34.6	29.8	13.7	nan	nan	nan	3316	3600	3316
2022-05-17T19:15:31	1017.2	33.5	30.0	13.3	nan	nan	nan	3335	3600	3335
2022-05-17T20:15:43	1017.6	30.7	31.2	12.8	nan	nan	nan	3367	3600	3367
2022-05-17T21:15:45	1018.2	28.6	31.6	12.8	nan	nan	nan	3333	3600	3333
2022-05-17T22:15:49	1018.6	27.4	31.8	12.8	nan	nan	nan	3348	3600	3348
2022-05-17T23:15:52	1018.8	26.3	31.9	12.7	nan	nan	nan	3360	3600	3360
2022-05-18T00:16:02	1019.1	25.4	32.2	12.7	nan	nan	nan	3535	3600	3535
2022-05-18T01:16:18	1019.5	24.7	32.5	12.7	nan	nan	nan	3365	3600	3365
2022-05-18T02:16:24	1020.0	23.8	32.6	12.7	nan	nan	nan	3407	3600	3407
2022-05-18T03:16:31	1020.7	23.0	32.7	12.6	nan	nan	nan	3326	3600	3326
2022-05-18T04:16:37	1021.0	22.3	32.5	12.6	nan	nan	nan	3438	3600	3438
2022-05-18T05:16:49	1021.4	21.7	32.1	12.6	nan	nan	nan	3301	3600	3301
2022-05-18T06:16:59	1021.7	21.4	31.6	12.9	nan	nan	nan	3396	3600	3396
2022-05-18T07:17:00	1022.0	21.5	31.2	13.4	nan	nan	nan	3350	3600	3350
2022-05-18T08:17:05	1022.4	22.1	31.2	13.7	nan	nan	nan	3397	3600	3397
2022-05-18T09:17:14	1022.2	23.3	31.1	14.3	nan	nan	nan	3320	3600	3320
2022-05-18T10:17:17	1022.1	24.8	31.0	14.5	nan	nan	nan	3296	3600	3296
2022-05-18T11:17:22	1021.8	26.7	30.8	14.2	nan	nan	nan	3409	3600	3409
2022-05-18T12:17:31	1021.5	28.7	30.5	13.9	nan	nan	nan	3373	3600	3373
2022-05-18T13:17:38	1020.8	30.9	29.9	13.8	nan	nan	nan	3444	3600	3444
2022-05-18T14:17:43	1020.6	34.6	28.2	13.8	nan	nan	nan	3387	3600	3387
2022-05-18T15:17:47	1020.1	38.4	25.9	13.7	nan	nan	nan	3481	3600	3481
2022-05-18T16:17:59	1019.7	41.6	24.2	13.6	nan	nan	nan	3439	3600	3439
2022-05-18T17:18:02	1019.4	43.4	23.3	13.6	nan	nan	nan	3366	3600	3366
2022-05-18T18:18:04	1019.2	42.7	23.9	13.6	nan	nan	nan	3462	3600	3462
2022-05-18T19:18:10	1019.2	40.7	25.3	13.3	nan	nan	nan	3437	3600	3437
2022-05-18T20:18:14	1019.2	37.5	26.5	12.9	nan	nan	nan	3453	3600	3453
2022-05-18T21:18:16	1019.4	34.7	27.4	12.8	nan	nan	nan	3462	3600	3462
2022-05-18T22:18:18	1019.2	32.8	28.1	12.8	nan	nan	nan	3473	3600	3473
2022-05-18T23:18:23	1019.1	31.3	28.6	12.8	nan	nan	nan	3489	3600	3489
2022-05-19T00:18:28	1018.7	30.0	29.1	12.7	nan	nan	nan	3319	3600	3319
2022-05-19T01:18:30	1018.4	28.7	29.6	12.7	nan	nan	nan	3461	3600	3461
2022-05-19T02:18:31	1018.2	27.6	30.1	12.7	nan	nan	nan	3534	3600	3534
2022-05-19T03:18:39	1018.0	26.5	30.5	12.7	nan	nan	nan	3436	3600	3436
2022-05-19T04:18:40	1018.0	25.5	31.0	12.6	nan	nan	nan	3418	3600	3418
2022-05-19T05:18:43	1018.0	24.7	31.4	12.7	nan	nan	nan	3515	3600	3515
2022-05-19T06:18:45	1018.0	24.5	32.0	12.9	nan	nan	nan	3398	3600	3398
2022-05-19T07:18:48	1018.1	25.1	32.7	13.3	nan	nan	nan	3380	3600	3380
2022-05-19T08:18:49	1018.0	26.3	32.8	13.6	nan	nan	nan	3483	3600	3483
2022-05-19T09:18:57	1017.6	27.7	32.6	14.3	nan	nan	nan	3439	3600	3439
2022-05-19T10:19:08	1017.4	29.6	31.8	14.4	nan	nan	nan	3337	3600	3337
2022-05-19T11:19:09	1017.0	31.9	30.8	14.1	nan	nan	nan	3489	3600	3489
2022-05-19T12:19:16	1016.4	34.0	29.8	13.8	nan	nan	nan	3663	3600	3663
2022-05-19T13:19:17	1015.8	35.8	29.0	13.7	nan	nan	nan	3586	3600	3586
2022-05-19T14:19:21	1015.2	38.3	27.9	13.7	nan	nan	nan	3571	3600	3571
2022-05-19T15:19:25	1014.6	42.2	25.8	13.6	nan	nan	nan	3540	3600	3540
2022-05-19T16:19:26	1013.9	43.0	25.4	13.6	nan	nan	nan	3542	3600	3542
2022-05-19T17:19:28	1013.5	43.2	25.8	13.6	nan	nan	nan	3720	3600	3720
2022-05-19T18:19:33	1013.2	43.9	25.7	13.4	nan	nan	nan	3658	3600	3658
2022-05-19T19:19:34	1013.1	40.7	27.4	13.0	nan	nan	nan	3689	3600	3689
2022-05-19T20:19:38	1013.2	38.1	28.4	12.8	nan	nan	nan	3653	3600	3653
2022-05-19T21:19:44	1013.5	36.4	28.6	12.8	nan	nan	nan	3511	3600	3511
2022-05-19T22:19:45	1013.5	34.9	28.8	12.8	nan	nan	nan	3524	3600	3524
2022-05-19T23:19:51	1013.9	33.6	29.3	12.7	nan	nan	nan	3628	3600	3628
2022-05-20T00:19:55	1014.0	32.4	29.9	12.7	nan	nan	nan	3520	3600	3520
2022-05-20T01:19:58	1014.3	31.4	30.5	12.7	nan	nan	nan	3555	3600	3555
2022-05-20T02:20:01	1014.8	30.5	31.3	12.7	nan	nan	nan	3356	3600	3356
2022-05-20T03:20:06	1015.5	29.6	32.3	12.6	nan	nan	nan	3477	3600	3477
2022-05-20T04:20:11	1015.7	28.8	33.4	12.6	nan	nan	nan	3425	3600	3425
2022-05-20T05:20:16	1016.0	28.0	34.3	12.7	nan	nan	nan	3413	3600	3413
2022-05-20T06:20:18	1016.3	27.7	35.0	12.7	nan	nan	nan	3387	3600	3387
2022-05-20T07:20:22	1016.7	27.6	35.6	13.1	nan	nan	nan	3322	3600	3322
2022-05-20T08:20:31	1016.8	27.8	36.0	13.5	nan	nan	nan	3476	3600	3476
2022-05-20T09:20:40	1016.7	28.1	36.0	14.0	nan	nan	nan	3428	3600	3428
2022-05-20T10:20:41	1016.4	28.7	35.4	14.4	nan	nan	nan	3498	3600	3498
2022-05-20T11:20:46	1015.9	29.9	34.3	14.2	nan	nan	nan	3493	3600	3493
2022-05-20T12:20:51	1015.2	30.9	32.9	13.9	nan	nan	nan	3654	3600	3654
2022-05-20T13:20:54	1014.3	32.5	31.3	13.8	nan	nan	nan	3502	3600	3502
2022-05-20T14:20:56	1013.5	34.9	28.9	13.8	nan	nan	nan	3617	3600	3617
2022-05-20T15:20:59	1012.2	35.9	27.1	13.7	nan	nan	nan	3651	3600	3651
2022-05-20T16:21:08	1011.2	37.4	25.4	13.7	nan	nan	nan	3644	3600	3644
2022-05-20T17:21:11	1009.9	37.1	25.2	13.6	nan	nan	nan	3715	3600	3715
2022-05-20T18:21:14	1008.9	35.2	26.3	13.1	nan	nan	nan	3572	3600	3572
2022-05-20T19:21:21	1007.9	33.6	27.1	12.8	nan	nan	nan	3662	3600	3662
2022-05-20T20:21:27	1007.0	31.4	27.8	12.8	nan	nan	nan	3599	3600	3599
2022-05-20T21:21:30	1006.3	30.0	28.6	12.7	nan	nan	nan	3403	3600	3403
2022-05-20T22:21:38	1005.9	29.1	29.5	12.7	nan	nan	nan	3382	3600	3382
2022-05-20T23:21:42	1005.5	28.3	30.6	12.7	nan	nan	nan	3276	3600	3276
2022-05-21T00:21:48	1006.0	27.8	32.5	12.7	nan	nan	nan	3327	3600	3327
2022-05-21T01:21:54	1007.4	27.0	34.2	12.7	nan	nan	nan	3402	3600	3402
2022-05-21T02:21:58	1008.3	26.3	34.6	12.6	nan	nan	nan	3310	3600	3310
2022-05-21T03:22:02	1009.3	25.2	35.4	12.6	nan	nan	nan	3449	3600	3449
2022-05-21T04:22:10	1010.3	24.6	35.7	12.6	nan	nan	nan	3479	3600	3479
2022-05-21T05:22:16	1011.3	23.9	35.7	12.7	nan	nan	nan	3385	3600	3385
2022-05-21T06:22:27	1012.4	23.3	35.8	12.9	nan	nan	nan	3315	3600	3315
2022-05-21T07:22:28	1012.9	23.1	35.7	13.3	nan	nan	nan	3268	3600	3268
2022-05-21T08:22:30	1013.0	23.0	35.8	13.6	nan	nan	nan	3381	3600	3381
2022-05-21T09:22:36	1012.8	23.4	36.0	14.1	nan	nan	nan	3382	3600	3382
2022-05-21T10:22:40	1013.1	23.4	36.0	13.5	nan	nan	nan	3296	3600	3296
2022-05-21T11:22:43	1012.9	22.9	36.5	14.5	nan	nan	nan	3263	3600	3263
2022-05-21T12:22:44	1012.6	24.2	36.6	14.5	nan	nan	nan	3459	3600	3459
2022-05-21T13:22:47	1012.5	24.8	36.0	14.1	nan	nan	nan	3372	3600	3372
2022-05-21T14:22:53	1012.5	24.9	35.5	13.9	nan	nan	nan	3496	3600	3496
2022-05-21T15:23:02	1012.7	27.0	34.5	13.8	nan	nan	nan	3413	3600	3413
2022-05-21T16:23:06	1012.6	29.7	31.9	13.8	nan	nan	nan	3431	3600	3431
2022-05-21T17:23:14	1012.6	28.5	31.6	13.8	nan	nan	nan	3466	3600	3466
2022-05-21T18:23:19	1012.6	28.0	31.6	13.5	nan	nan	nan	3513	3600	3513
2022-05-21T19:23:22	1012.7	26.9	31.9	13.3	nan	nan	nan	3390	3600	3390
2022-05-21T20:23:23	1013.1	26.1	32.0	12.9	nan	nan	nan	3356	3600	3356
2022-05-21T21:23:26	1013.5	25.2	32.0	12.8	nan	nan	nan	3439	3600	3439
2022-05-21T22:23:30	1014.0	24.3	32.1	12.7	nan	nan	nan	3521	3600	3521
2022-05-21T23:23:38	1014.0	23.4	32.2	12.7	nan	nan	nan	3428	3600	3428
2022-05-22T00:23:49	1013.9	22.4	32.1	12.6	nan	nan	nan	3364	3600	3364
2022-05-22T01:23:53	1013.6	21.8	32.2	12.7	nan	nan	nan	3319	3600	3319
2022-05-22T02:23:54	1013.5	21.3	32.5	12.7	nan	nan	nan	3400	3600	3400
2022-05-22T03:23:57	1013.4	20.7	32.8	12.6	nan	nan	nan	3446	3600	3446
2022-05-22T04:24:00	1013.2	20.2	33.2	12.6	nan	nan	nan	3451	3600	3451
2022-05-22T05:24:01	1013.1	19.7	33.6	12.6	nan	nan	nan	3450	3600	3450
2022-05-22T06:24:02	1013.5	19.5	34.1	12.7	nan	nan	nan	3479	3600	3479
2022-05-22T07:24:12	1013.6	19.7	35.0	13.2	nan	nan	nan	3445	3600	3445
2022-05-22T08:24:18	1013.4	20.3	36.1	13.6	nan	nan	nan	3442	3600	3442
2022-05-22T09:24:27	1013.2	21.3	36.6	13.9	nan	nan	nan	3515	3600	3515
2022-05-22T10:24:31	1013.0	22.5	36.3	14.5	nan	nan	nan	3429	3600	3429
2022-05-22T11:24:32	1013.0	23.5	35.7	14.4	nan	nan	nan	3510	3600	3510
2022-05-22T12:24:39	1013.0	24.7	34.9	14.1	nan	nan	nan	3394	3600	3394
2022-05-22T13:24:46	1012.6	25.5	33.8	13.9	nan	nan	nan	3617	3600	3617
2022-05-22T14:24:53	1012.3	26.8	32.4	13.9	nan	nan	nan	3617	3600	3617
2022-05-22T15:24:55	1011.9	29.4	30.6	13.8	nan	nan	nan	3638	3600	3638
2022-05-22T16:25:01	1011.5	33.7	27.2	13.7	nan	nan	nan	3547	3600	3547
2022-05-22T17:25:02	1011.1	34.0	26.0	13.8	nan	nan	nan	3595	3600	3595
2022-05-22T18:25:06	1010.8	35.6	25.6	13.8	nan	nan	nan	3643	3600	3643
2022-05-22T19:25:11	1010.8	35.6	26.3	13.5	nan	nan	nan	3562	3600	3562
2022-05-22T20:25:23	1010.6	32.0	28.0	12.9	nan	nan	nan	3530	3600	3530
2022-05-22T21:25:26	1010.5	28.7	28.7	12.7	nan	nan	nan	3590	3600	3590
2022-05-22T22:25:32	1010.3	26.3	29.2	12.8	nan	nan	nan	3632	3600	3632
2022-05-22T23:25:37	1010.1	24.7	29.8	12.8	nan	nan	nan	3593	3600	3593
2022-05-23T00:25:44	1009.8	23.5	30.3	12.7	nan	nan	nan	3541	3600	3541
2022-05-23T01:25:48	1009.8	22.6	31.0	12.7	nan	nan	nan	3619	3600	3619
2022-05-23T02:25:50	1009.5	21.7	31.6	12.7	nan	nan	nan	3586	3600	3586
2022-05-23T03:25:55	1009.0	21.1	32.3	12.6	nan	nan	nan	3564	3600	3564
2022-05-23T04:25:57	1008.8	20.4	32.9	12.6	nan	nan	nan	3703	3600	3703
2022-05-23T05:26:10	1008.7	20.1	33.5	12.7	nan	nan	nan	3659	3600	3659
2022-05-23T06:26:11	1008.5	20.3	34.3	12.9	nan	nan	nan	3651	3600	3651
2022-05-23T07:26:19	1007.9	21.0	35.1	13.4	nan	nan	nan	3635	3600	3635
2022-05-23T08:26:25	1007.2	22.3	35.5	14.0	nan	nan	nan	3703	3600	3703
2022-05-23T09:26:34	1006.8	23.9	35.1	14.6	nan	nan	nan	3731	3600	3731
2022-05-23T10:26:38	1006.2	25.6	34.2	14.5	nan	nan	nan	3682	3600	3682
2022-05-23T11:26:42	1005.5	27.1	33.0	13.9	nan	nan	nan	3818	3600	3818
2022-05-23T12:26:43	1004.6	28.3	31.7	13.9	nan	nan	nan	3901	3600	3901
2022-05-23T13:26:47	1003.8	29.7	30.5	13.9	nan	nan	nan	3859	3600	3859
2022-05-23T14:26:48	1003.0	33.4	28.3	13.8	nan	nan	nan	3896	3600	3896
2022-05-23T15:26:53	1002.5	35.4	26.4	13.7	nan	nan	nan	3923	3600	3923
2022-05-23T16:27:01	1001.7	38.9	23.9	13.6	nan	nan	nan	3902	3600	3902
2022-05-23T17:27:02	1000.6	38.2	23.3	13.5	nan	nan	nan	4049	3600	4049
2022-05-23T18:27:03	999.6	34.3	24.7	13.3	nan	nan	nan	3939	3600	3939
2022-05-23T19:27:05	999.1	32.9	25.4	13.0	nan	nan	nan	3958	3600	3958
2022-05-23T20:27:06	998.8	31.6	25.8	12.8	nan	nan	nan	3987	3600	3987
2022-05-23T21:27:13	998.5	30.6	26.3	12.8	nan	nan	nan	3909	3600	3909
2022-05-23T22:27:14	998.1	29.8	26.7	12.8	nan	nan	nan	3974	3600	3974
2022-05-23T23:27:23	997.1	29.1	27.1	12.7	nan	nan	nan	4060	3600	4060
2022-05-24T00:27:28	996.4	28.6	27.4	12.7	nan	nan	nan	4070	3600	4070
2022-05-24T01:27:31	996.1	28.0	27.9	12.7	nan	nan	nan	4079	3600	4079
2022-05-24T02:27:35	996.1	27.4	28.4	12.7	nan	nan	nan	3942	3600	3942
2022-05-24T03:27:39	996.2	26.9	28.9	12.6	nan	nan	nan	3998	3600	3998
2022-05-24T04:27:40	996.3	26.1	29.4	12.6	nan	nan	nan	3844	3600	3844
2022-05-24T05:27:41	996.6	25.4	30.0	12.6	nan	nan	nan	3909	3600	3909
2022-05-24T06:27:47	997.5	25.1	31.2	12.6	nan	nan	nan	3911	3600	3911
2022-05-24T07:27:48	998.3	24.8	33.5	12.8	nan	nan	nan	3848	3600	3848
2022-05-24T08:27:54	999.1	25.1	34.7	13.3	nan	nan	nan	3950	3600	3950
2022-05-24T09:27:59	999.9	25.5	35.1	13.4	nan	nan	nan	4040	3600	4040
2022-05-24T10:28:02	1000.4	26.2	34.9	14.3	nan	nan	nan	3860	3600	3860
2022-05-24T11:28:06	1000.4	27.5	34.2	14.5	nan	nan	nan	3833	3600	3833
2022-05-24T12:28:10	1000.5	28.9	33.2	14.1	nan	nan	nan	4077	3600	4077
2022-05-24T13:28:11	1000.8	28.9	32.9	13.6	nan	nan	nan	3844	3600	3844
2022-05-24T14:28:17	1001.4	28.8	32.9	13.7	nan	nan	nan	3897	3600	3897
2022-05-24T15:28:20	1002.4	28.8	32.8	13.9	nan	nan	nan	3961	3600	3961
2022-05-24T16:28:23	1003.2	30.4	31.5	13.8	nan	nan	nan	3931	3600	3931
2022-05-24T17:28:29	1003.4	33.6	28.8	13.7	nan	nan	nan	3980	3600	3980
2022-05-24T18:28:34	1004.0	33.2	27.9	13.5	nan	nan	nan	3774	3600	3774
2022-05-24T19:28:40	1004.6	31.2	28.7	13.3	nan	nan	nan	3880	3600	3880
2022-05-24T20:28:46	1005.2	30.4	29.2	13.0	nan	nan	nan	3832	3600	3832
2022-05-24T21:28:50	1006.0	28.5	29.4	12.8	nan	nan	nan	3875	3600	3875
2022-05-24T22:28:52	1006.7	26.9	29.6	12.8	nan	nan	nan	3840	3600	3840
2022-05-24T23:29:00	1007.1	25.5	29.8	12.7	nan	nan	nan	3916	3600	3916
2022-05-25T00:29:04	1007.3	24.4	30.2	12.7	nan	nan	nan	3766	3600	3766
2022-05-25T01:29:07	1007.9	23.1	30.5	12.7	nan	nan	nan	3758	3600	3758
2022-05-25T02:29:14	1008.2	22.1	30.9	12.7	nan	nan	nan	3747	3600	3747
2022-05-25T03:29:21	1008.3	21.2	31.3	12.6	nan	nan	nan	3801	3600	3801
2022-05-25T04:29:23	1008.6	20.4	31.7	12.6	nan	nan	nan	3778	3600	3778
2022-05-25T05:29:26	1009.1	20.0	32.3	12.6	nan	nan	nan	3736	3600	3736
2022-05-25T06:29:28	1009.6	20.3	33.0	12.8	nan	nan	nan	3741	3600	3741
2022-05-25T07:29:33	1009.9	21.1	33.4	13.4	nan	nan	nan	3608	3600	3608
2022-05-25T08:29:36	1010.3	22.2	33.5	13.6	nan	nan	nan	3707	3600	3707
2022-05-25T09:29:38	1010.7	23.1	33.5	14.1	nan	nan	nan	3680	3600	3680
2022-05-25T10:29:49	1010.8	24.2	33.2	14.5	nan	nan	nan	3719	3600	3719
2022-05-25T11:29:54	1010.7	25.9	32.4	14.5	nan	nan	nan	3795	3600	3795
2022-05-25T12:29:55	1010.3	27.2	31.6	14.0	nan	nan	nan	3736	3600	3736
2022-05-25T13:30:02	1010.2	27.4	31.2	13.9	nan	nan	nan	3775	3600	3775
2022-05-25T14:30:04	1009.9	28.4	30.4	13.8	nan	nan	nan	3656	3600	3656
2022-05-25T15:30:10	1009.7	31.6	28.4	13.7	nan	nan	nan	3860	3600	3860
2022-05-25T16:30:17	1009.6	33.1	26.5	13.8	nan	nan	nan	3837	3600	3837
2022-05-25T17:30:22	1009.7	32.3	25.9	13.8	nan	nan	nan	3841	3600	3841
2022-05-25T18:30:29	1009.9	33.3	25.1	13.6	nan	nan	nan	3804	3600	3804
2022-05-25T19:30:32	1010.3	31.3	25.6	13.1	nan	nan	nan	3891	3600	3891
2022-05-25T20:30:36	1010.6	29.4	26.3	12.8	nan	nan	nan	3809	3600	3809
2022-05-25T21:30:37	1011.1	28.1	26.8	12.8	nan	nan	nan	3878	3600	3878
2022-05-25T22:30:42	1011.3	26.9	27.2	12.8	nan	nan	nan	3656	3600	3656
2022-05-25T23:30:44	1011.3	26.1	27.7	12.7	nan	nan	nan	3846	3600	3846
2022-05-26T00:30:48	1011.2	25.6	28.2	12.7	nan	nan	nan	3830	3600	3830
2022-05-26T01:30:54	1011.0	24.9	28.5	12.7	nan	nan	nan	3699	3600	3699
2022-05-26T02:31:01	1011.0	24.4	28.9	12.7	nan	nan	nan	3760	3600	3760
2022-05-26T03:31:07	1011.0	24.1	29.2	12.6	nan	nan	nan	3787	3600	3787
2022-05-26T04:31:12	1011.0	23.9	29.6	12.6	nan	nan	nan	3846	3600	3846
2022-05-26T05:31:19	1011.2	23.7	30.0	12.7	nan	nan	nan	3719	3600	3719
2022-05-26T06:31:27	1011.6	23.7	30.5	12.9	nan	nan	nan	3747	3600	3747
2022-05-26T07:31:33	1011.9	24.1	31.0	13.3	nan	nan	nan	3678	3600	3678
2022-05-26T08:31:34	1012.5	24.0	31.7	13.3	nan	nan	nan	3693	3600	3693
2022-05-26T09:31:35	1012.9	23.5	33.1	13.9	nan	nan	nan	3588	3600	3588
2022-05-26T10:31:42	1013.3	24.4	34.5	14.5	nan	nan	nan	3617	3600	3617
2022-05-26T11:31:51	1013.3	25.5	34.2	14.1	nan	nan	nan	3678	3600	3678
2022-05-26T12:32:03	1013.3	26.3	33.5	14.1	nan	nan	nan	3599	3600	3599
2022-05-26T13:32:12	1013.3	26.9	32.2	13.9	nan	nan	nan	3757	3600	3757
2022-05-26T14:32:18	1013.2	28.8	30.6	13.9	nan	nan	nan	3757	3600	3757
2022-05-26T15:32:20	1013.2	29.9	28.2	13.9	nan	nan	nan	3726	3600	3726
2022-05-26T16:32:24	1013.2	29.4	27.1	13.8	nan	nan	nan	3796	3600	3796
2022-05-26T17:32:26	1013.3	28.6	26.8	13.4	nan	nan	nan	3812	3600	3812
2022-05-26T18:32:31	1013.1	28.0	26.9	13.3	nan	nan	nan	3826	3600	3826
2022-05-26T19:32:33	1012.9	27.6	27.3	12.9	nan	nan	nan	3687	3600	3687
2022-05-26T20:32:34	1012.8	27.1	27.9	12.8	nan	nan	nan	3713	3600	3713
2022-05-26T21:32:37	1013.0	26.4	28.9	12.8	nan	nan	nan	3602	3600	3602
2022-05-26T22:32:41	1012.5	25.9	29.4	12.7	nan	nan	nan	3649	3600	3649
2022-05-26T23:32:43	1012.0	25.4	29.8	12.7	nan	nan	nan	3677	3600	3677
2022-05-27T00:32:46	1011.8	25.0	30.6	12.7	nan	nan	nan	3734	3600	3734
2022-05-27T01:32:54	1011.4	24.3	31.8	12.7	nan	nan	nan	3756	3600	3756
2022-05-27T02:32:59	1010.8	23.7	32.9	12.6	nan	nan	nan	3620	3600	3620
2022-05-27T03:33:07	1010.4	23.3	34.0	12.6	nan	nan	nan	3662	3600	3662
2022-05-27T04:33:09	1010.1	22.9	35.0	12.6	nan	nan	nan	3715	3600	3715
2022-05-27T05:33:17	1010.1	22.6	35.7	12.6	nan	nan	nan	3677	3600	3677
2022-05-27T06:33:22	1010.2	22.4	36.1	12.6	nan	nan	nan	3558	3600	3558
2022-05-27T07:33:27	1010.1	22.3	36.8	12.7	nan	nan	nan	3680	3600	3680
2022-05-27T08:33:34	1010.4	22.2	37.8	13.4	nan	nan	nan	3646	3600	3646
2022-05-27T09:33:43	1010.5	22.7	38.6	13.8	nan	nan	nan	3606	3600	3606
2022-05-27T10:33:49	1010.5	23.7	37.2	14.5	nan	nan	nan	3624	3600	3624
2022-05-27T11:33:53	1010.4	24.3	35.2	14.6	nan	nan	nan	3648	3600	3648
2022-05-27T12:33:58	1010.2	24.7	33.2	14.3	nan	nan	nan	3766	3600	3766
2022-05-27T13:34:05	1009.9	25.8	31.1	14.1	nan	nan	nan	3738	3600	3738
2022-05-27T14:34:08	1009.6	26.6	28.6	13.8	nan	nan	nan	3744	3600	3744
2022-05-27T15:34:16	1009.6	27.5	26.8	13.8	nan	nan	nan	3807	3600	3807
2022-05-27T16:34:23	1009.9	27.7	25.6	13.8	nan	nan	nan	3781	3600	3781
2022-05-27T17:34:24	1010.4	26.4	25.7	13.7	nan	nan	nan	3811	3600	3811
2022-05-27T18:34:32	1010.9	25.2	27.2	13.4	nan	nan	nan	3699	3600	3699
2022-05-27T19:34:45	1010.8	23.8	28.8	13.4	nan	nan	nan	3639	3600	3639
2022-05-27T20:34:46	1011.1	22.9	30.0	12.9	nan	nan	nan	3615	3600	3615
2022-05-27T21:34:52	1011.1	21.7	30.6	12.8	nan	nan	nan	3719	3600	3719
2022-05-27T22:34:56	1010.9	20.9	31.4	12.7	nan	nan	nan	3717	3600	3717
2022-05-27T23:34:58	1011.0	20.3	32.2	12.7	nan	nan	nan	3674	3600	3674
2022-05-28T00:35:01	1010.5	19.3	32.8	12.7	nan	nan	nan	3701	3600	3701
2022-05-28T01:35:04	1010.0	18.7	33.6	12.7	nan	nan	nan	3623	3600	3623
2022-05-28T02:35:08	1009.5	18.3	34.6	12.7	nan	nan	nan	3620	3600	3620
2022-05-28T03:35:14	1008.9	17.9	35.4	12.6	nan	nan	nan	3700	3600	3700
2022-05-28T04:35:22	1008.5	17.6	36.0	12.6	nan	nan	nan	3627	3600	3627
2022-05-28T05:35:24	1008.3	17.6	36.7	12.6	nan	nan	nan	3651	3600	3651
2022-05-28T06:35:29	1008.6	17.3	37.6	12.9	nan	nan	nan	3584	3600	3584
2022-05-28T07:35:36	1008.8	17.5	38.7	13.3	nan	nan	nan	3688	3600	3688
2022-05-28T08:35:38	1008.9	17.7	39.3	13.7	nan	nan	nan	3614	3600	3614
2022-05-28T09:35:40	1008.9	18.5	39.2	13.8	nan	nan	nan	3698	3600	3698
2022-05-28T10:35:43	1009.2	19.5	38.5	14.2	nan	nan	nan	3730	3600	3730
2022-05-28T11:35:49	1009.2	19.6	38.1	14.4	nan	nan	nan	3685	3600	3685
2022-05-28T12:35:51	1009.2	20.7	37.3	14.6	nan	nan	nan	3632	3600	3632
2022-05-28T13:35:54	1009.3	21.6	36.3	14.0	nan	nan	nan	3717	3600	3717
2022-05-28T14:35:58	1009.5	20.7	36.4	14.1	nan	nan	nan	3753	3600	3753
2022-05-28T15:36:02	1009.3	23.1	35.1	14.0	nan	nan	nan	3771	3600	3771
2022-05-28T16:36:04	1009.7	23.3	33.3	13.8	nan	nan	nan	3759	3600	3759
2022-05-28T17:36:08	1009.9	21.9	34.0	13.8	nan	nan	nan	3749	3600	3749
2022-05-28T18:36:11	1010.0	21.9	33.7	13.6	nan	nan	nan	3652	3600	3652
2022-05-28T19:36:19	1010.3	21.3	33.7	13.1	nan	nan	nan	3674	3600	3674
2022-05-28T20:36:22	1010.3	20.7	33.9	12.8	nan	nan	nan	3557	3600	3557
2022-05-28T21:36:31	1010.3	20.2	34.0	12.7	nan	nan	nan	3586	3600	3586
2022-05-28T22:36:35	1010.2	19.9	34.2	12.7	nan	nan	nan	3744	3600	3744
2022-05-28T23:36:36	1009.9	19.5	34.4	12.7	nan	nan	nan	3552	3600	3552
2022-05-29T00:36:39	1009.4	19.0	34.5	12.7	nan	nan	nan	3657	3600	3657
2022-05-29T01:36:47	1009.1	18.7	34.6	12.7	nan	nan	nan	3618	3600	3618
2022-05-29T02:36:49	1008.7	18.4	34.7	12.6	nan	nan	nan	3740	3600	3740
2022-05-29T03:36:56	1008.4	18.2	34.9	12.6	nan	nan	nan	3688	3600	3688
2022-05-29T04:37:03	1008.1	17.9	35.0	12.6	nan	nan	nan	3730	3600	3730
2022-05-29T05:37:04	1008.1	17.5	35.2	12.6	nan	nan	nan	3513	3600	3513
2022-05-29T06:37:14	1007.9	17.5	35.8	12.8	nan	nan	nan	3624	3600	3624
2022-05-29T07:37:22	1008.0	18.0	36.2	13.3	nan	nan	nan	3738	3600	3738
2022-05-29T08:37:23	1008.1	18.5	36.5	13.5	nan	nan	nan	3637	3600	3637
2022-05-29T09:37:31	1008.1	19.1	36.7	13.8	nan	nan	nan	3616	3600	3616
2022-05-29T10:37:33	1008.2	19.2	36.9	14.0	nan	nan	nan	3624	3600	3624
2022-05-29T11:37:41	1008.0	19.7	37.0	14.2	nan	nan	nan	3787	3600	3787
2022-05-29T12:37:44	1007.9	20.0	37.1	14.4	nan	nan	nan	3760	3600	3760
2022-05-29T13:37:48	1007.7	20.9	36.8	14.3	nan	nan	nan	3703	3600	3703
2022-05-29T14:37:53	1007.4	22.5	36.4	14.2	nan	nan	nan	3740	3600	3740
2022-05-29T15:37:54	1007.3	23.6	35.6	14.0	nan	nan	nan	3758	3600	3758
2022-05-29T16:37:59	1006.8	26.7	33.9	13.9	nan	nan	nan	3905	3600	3905
2022-05-29T17:38:03	1006.5	28.2	32.1	13.9	nan	nan	nan	3735	3600	3735
2022-05-29T18:38:08	1006.2	27.8	32.1	13.9	nan	nan	nan	3750	3600	3750
2022-05-29T19:38:09	1006.3	27.9	31.8	13.3	nan	nan	nan	3684	3600	3684
2022-05-29T20:38:18	1006.5	25.1	32.5	12.9	nan	nan	nan	3793	3600	3793
2022-05-29T21:38:27	1006.8	23.6	32.7	12.8	nan	nan	nan	3738	3600	3738
2022-05-29T22:38:31	1006.7	22.6	32.9	12.7	nan	nan	nan	3703	3600	3703
2022-05-29T23:38:33	1006.7	21.8	33.0	12.7	nan	nan	nan	3768	3600	3768
2022-05-30T00:38:34	1006.7	21.0	33.2	12.7	nan	nan	nan	3694	3600	3694
2022-05-30T01:38:36	1006.4	20.4	33.5	12.7	nan	nan	nan	3670	3600	3670
2022-05-30T02:38:37	1006.4	20.0	33.8	12.6	nan	nan	nan	3703	3600	3703
2022-05-30T03:38:43	1006.5	19.8	33.9	12.6	nan	nan	nan	3692	3600	3692
2022-05-30T04:38:54	1006.6	19.4	34.1	12.6	nan	nan	nan	3818	3600	3818
2022-05-30T05:38:58	1006.9	18.9	34.5	12.6	nan	nan	nan	3751	3600	3751
2022-05-30T06:39:00	1007.2	18.8	35.1	12.7	nan	nan	nan	3649	3600	3649
2022-05-30T07:39:08	1007.4	18.8	35.6	13.0	nan	nan	nan	3660	3600	3660
2022-05-30T08:39:15	1007.6	19.2	35.9	13.4	nan	nan	nan	3691	3600	3691
2022-05-30T09:39:18	1008.0	20.0	36.0	14.3	nan	nan	nan	3731	3600	3731
2022-05-30T10:39:22	1008.1	21.2	35.8	14.6	nan	nan	nan	3709	3600	3709
2022-05-30T11:39:25	1008.1	22.1	35.2	14.5	nan	nan	nan	3736	3600	3736
2022-05-30T12:39:33	1008.2	22.8	34.5	14.0	nan	nan	nan	3732	3600	3732
2022-05-30T13:39:39	1008.3	24.2	33.7	14.0	nan	nan	nan	3729	3600	3729
2022-05-30T14:39:45	1008.4	26.4	31.8	13.9	nan	nan	nan	3728	3600	3728
2022-05-30T15:39:54	1008.9	26.1	30.5	14.0	nan	nan	nan	3775	3600	3775
2022-05-30T16:40:04	1009.4	25.2	30.1	14.0	nan	nan	nan	3805	3600	3805
2022-05-30T17:40:11	1009.6	24.6	30.0	13.8	nan	nan	nan	3737	3600	3737
2022-05-30T18:40:13	1009.8	23.7	30.2	13.4	nan	nan	nan	3779	3600	3779
2022-05-30T19:40:15	1010.1	23.2	30.5	13.1	nan	nan	nan	3685	3600	3685
2022-05-30T20:40:18	1010.5	22.5	30.7	12.8	nan	nan	nan	3637	3600	3637
2022-05-30T21:40:23	1011.1	21.7	30.9	12.7	nan	nan	nan	3685	3600	3685
2022-05-30T22:40:26	1011.5	20.9	31.0	12.7	nan	nan	nan	3703	3600	3703
2022-05-30T23:40:27	1011.5	20.2	31.3	12.7	nan	nan	nan	3587	3600	3587
2022-05-31T00:40:34	1011.8	19.5	31.6	12.6	nan	nan	nan	3652	3600	3652
2022-05-31T01:40:38	1011.8	19.2	31.9	12.7	nan	nan	nan	3627	3600	3627
2022-05-31T02:40:46	1011.8	18.8	32.1	12.6	nan	nan	nan	3526	3600	3526
2022-05-31T03:40:50	1011.8	18.2	32.3	12.6	nan	nan	nan	3564	3600	3564
2022-05-31T04:40:53	1011.8	17.6	32.4	12.6	nan	nan	nan	3655	3600	3655
2022-05-31T05:40:54	1012.0	17.1	32.6	12.6	nan	nan	nan	3701	3600	3701
2022-05-31T06:41:02	1012.0	17.4	33.1	12.9	nan	nan	nan	3720	3600	3720
2022-05-31T07:41:04	1012.2	18.3	33.5	13.3	nan	nan	nan	3648	3600	3648
2022-05-31T08:41:07	1012.2	19.6	33.5	13.7	nan	nan	nan	3658	3600	3658
2022-05-31T09:41:18	1011.9	20.8	33.2	14.4	nan	nan	nan	3788	3600	3788
2022-05-31T10:41:20	1011.6	22.4	32.7	14.6	nan	nan	nan	3696	3600	3696
2022-05-31T11:41:21	1011.1	24.0	32.1	14.4	nan	nan	nan	3742	3600	3742
2022-05-31T12:41:31	1010.6	25.4	31.4	14.0	nan	nan	nan	3751	3600	3751
2022-05-31T13:41:33	1010.2	26.8	31.0	14.0	nan	nan	nan	3799	3600	3799
2022-05-31T14:41:38	1009.8	29.4	29.9	13.9	nan	nan	nan	3736	3600	3736
2022-05-31T15:41:47	1009.5	29.6	29.8	13.8	nan	nan	nan	3845	3600	3845
2022-05-31T16:41:50	1008.9	35.3	27.0	13.8	nan	nan	nan	3692	3600	3692
2022-05-31T17:41:53	1008.7	35.4	26.8	13.8	nan	nan	nan	3860	3600	3860
2022-05-31T18:41:54	1008.3	37.2	26.2	13.7	nan	nan	nan	3859	3600	3859
2022-05-31T19:42:00	1008.1	34.4	27.5	13.1	nan	nan	nan	3759	3600	3759
2022-05-31T20:42:02	1008.5	31.0	29.0	12.8	nan	nan	nan	3644	3600	3644
2022-05-31T21:42:05	1009.5	29.2	29.6	12.8	nan	nan	nan	3762	3600	3762
2022-05-31T22:42:11	1009.5	27.0	30.1	12.7	nan	nan	nan	3709	3600	3709
2022-05-31T23:42:19	1009.4	25.6	30.8	12.7	nan	nan	nan	3692	3600	3692
2022-06-01T00:42:20	1009.0	24.7	31.3	12.7	nan	nan	nan	3841	3600	3841
2022-06-01T01:42:28	1008.9	23.9	31.9	12.7	nan	nan	nan	3725	3600	3725
2022-06-01T02:42:32	1008.9	23.2	32.4	12.7	nan	nan	nan	3728	3600	3728
2022-06-01T03:42:38	1008.7	22.5	32.8	12.7	nan	nan	nan	3687	3600	3687
2022-06-01T04:42:43	1008.6	21.9	33.2	12.6	nan	nan	nan	3796	3600	3796
2022-06-01T05:42:52	1008.7	21.3	33.5	12.6	nan	nan	nan	3715	3600	3715
2022-06-01T06:42:55	1009.0	21.0	34.0	12.8	nan	nan	nan	3657	3600	3657
2022-06-01T07:42:59	1008.9	21.2	34.6	13.3	nan	nan	nan	3660	3600	3660
2022-06-01T08:43:06	1009.2	22.3	34.9	13.8	nan	nan	nan	3512	3600	3512
2022-06-01T09:43:16	1009.3	23.1	35.1	14.2	nan	nan	nan	3722	3600	3722
2022-06-01T10:43:21	1009.4	23.9	35.0	14.5	nan	nan	nan	3592	3600	3592
2022-06-01T11:43:25	1009.0	25.3	34.3	14.4	nan	nan	nan	3763	3600	3763
2022-06-01T12:43:27	1008.6	26.2	33.4	14.0	nan	nan	nan	3782	3600	3782
2022-06-01T13:43:32	1008.6	26.9	32.3	13.9	nan	nan	nan	3785	3600	3785
2022-06-01T14:43:35	1008.9	27.2	31.8	13.9	nan	nan	nan	3693	3600	3693
2022-06-01T15:43:39	1009.1	29.3	30.1	13.8	nan	nan	nan	3780	3600	3780
2022-06-01T16:43:44	1009.3	31.8	26.7	13.8	nan	nan	nan	3857	3600	3857
2022-06-01T17:43:48	1009.6	30.1	26.4	13.8	nan	nan	nan	3732	3600	3732
2022-06-01T18:43:50	1010.0	31.0	26.0	13.6	nan	nan	nan	3680	3600	3680
2022-06-01T19:43:56	1010.4	28.6	26.4	13.0	nan	nan	nan	3661	3600	3661
2022-06-01T20:43:59	1010.7	26.8	27.0	12.8	nan	nan	nan	3741	3600	3741
2022-06-01T21:44:02	1010.9	25.3	27.5	12.8	nan	nan	nan	3734	3600	3734
2022-06-01T22:44:11	1011.2	24.3	28.0	12.7	nan	nan	nan	3746	3600	3746
2022-06-01T23:44:13	1011.6	23.2	28.5	12.7	nan	nan	nan	3647	3600	3647
2022-06-02T00:44:15	1011.9	22.5	29.1	12.7	nan	nan	nan	3653	3600	3653
2022-06-02T01:44:17	1012.4	21.8	29.7	12.7	nan	nan	nan	3640	3600	3640
2022-06-02T02:44:18	1012.9	21.0	30.1	12.7	nan	nan	nan	3583	3600	3583
2022-06-02T03:44:19	1013.4	20.2	30.5	12.6	nan	nan	nan	3636	3600	3636
2022-06-02T04:44:25	1013.8	19.5	30.9	12.6	nan	nan	nan	3562	3600	3562
2022-06-02T05:44:26	1014.4	19.1	31.4	12.6	nan	nan	nan	3620	3600	3620
2022-06-02T06:44:31	1014.9	19.2	32.2	12.9	nan	nan	nan	3506	3600	3506
2022-06-02T07:44:42	1015.5	19.5	33.5	13.4	nan	nan	nan	3667	3600	3667
2022-06-02T08:44:43	1016.1	20.4	34.3	13.7	nan	nan	nan	3575	3600	3575
2022-06-02T09:44:44	1016.5	21.4	34.5	14.5	nan	nan	nan	3606	3600	3606
2022-06-02T10:44:55	1016.7	22.5	34.2	14.3	nan	nan	nan	3590	3600	3590
2022-06-02T11:44:56	1017.0	23.5	33.4	14.4	nan	nan	nan	3625	3600	3625
2022-06-02T12:45:07	1017.1	24.4	32.3	14.0	nan	nan	nan	3579	3600	3579
2022-06-02T13:45:10	1017.1	26.4	30.8	14.0	nan	nan	nan	3619	3600	3619
2022-06-02T14:45:22	1017.2	29.0	28.4	13.9	nan	nan	nan	3759	3600	3759
2022-06-02T15:45:34	1017.3	31.3	26.1	13.9	nan	nan	nan	3664	3600	3664
2022-06-02T16:45:44	1017.3	32.0	24.6	13.9	nan	nan	nan	3695	3600	3695
2022-06-02T17:45:48	1017.3	30.9	24.9	13.8	nan	nan	nan	3561	3600	3561
2022-06-02T18:45:53	1017.4	31.3	24.8	13.8	nan	nan	nan	3642	3600	3642
2022-06-02T19:45:57	1017.4	31.8	25.1	13.5	nan	nan	nan	3700	3600	3700
2022-06-02T20:45:58	1017.7	30.1	25.9	13.0	nan	nan	nan	3548	3600	3548
2022-06-02T21:46:09	1018.2	27.2	26.5	12.8	nan	nan	nan	3690	3600	3690
2022-06-02T22:46:16	1018.3	25.3	27.0	12.8	nan	nan	nan	3487	3600	3487
2022-06-02T23:46:21	1018.4	23.8	27.5	12.7	nan	nan	nan	3614	3600	3614
2022-06-03T00:46:24	1018.5	22.5	28.0	12.7	nan	nan	nan	3558	3600	3558
2022-06-03T01:46:29	1018.5	21.3	28.6	12.7	nan	nan	nan	3577	3600	3577
2022-06-03T02:46:34	1018.4	20.2	29.1	12.7	nan	nan	nan	3624	3600	3624
2022-06-03T03:46:42	1018.4	19.3	29.6	12.6	nan	nan	nan	3595	3600	3595
2022-06-03T04:46:45	1018.3	18.4	30.1	12.6	nan	nan	nan	3566	3600	3566
2022-06-03T05:46:54	1018.4	18.1	30.7	12.7	nan	nan	nan	3558	3600	3558
2022-06-03T06:47:02	1018.7	18.6	31.5	12.9	nan	nan	nan	3578	3600	3578
2022-06-03T07:47:03	1018.4	20.1	32.1	13.3	nan	nan	nan	3370	3600	3370
2022-06-03T08:47:10	1018.2	21.7	32.4	13.6	nan	nan	nan	3618	3600	3618
2022-06-03T09:47:22	1017.8	23.4	32.0	14.3	nan	nan	nan	3662	3600	3662
2022-06-03T10:47:23	1017.6	25.1	31.4	14.5	nan	nan	nan	3570	3600	3570
2022-06-03T11:47:26	1017.1	26.7	30.6	14.3	nan	nan	nan	3665	3600	3665
2022-06-03T12:47:29	1016.6	28.2	29.7	13.9	nan	nan	nan	3547	3600	3547
2022-06-03T13:47:34	1015.7	30.7	28.6	13.9	nan	nan	nan	3728	3600	3728
2022-06-03T14:47:36	1014.9	34.9	26.4	13.7	nan	nan	nan	3664	3600	3664
2022-06-03T15:49:08	1014.4	39.4	23.4	13.6	nan	nan	nan	3756	3600	3756
2022-06-03T16:49:20	1014.0	42.8	21.6	13.6	nan	nan	nan	3613	3600	3613
2022-06-03T17:49:25	1013.5	41.3	22.6	13.6	nan	nan	nan	3683	3600	3683
2022-06-03T18:49:32	1013.3	40.6	23.7	13.5	nan	nan	nan	3788	3600	3788
2022-06-03T19:49:41	1013.2	37.5	25.2	13.1	nan	nan	nan	3715	3600	3715
2022-06-03T20:49:47	1013.5	35.1	26.1	12.8	nan	nan	nan	3798	3600	3798
2022-06-03T21:49:50	1013.8	33.6	26.7	12.8	nan	nan	nan	3648	3600	3648
2022-06-03T22:49:56	1013.8	32.5	26.9	12.8	nan	nan	nan	3616	3600	3616
2022-06-03T23:49:57	1013.9	31.3	27.1	12.8	nan	nan	nan	3741	3600	3741
2022-06-04T00:50:06	1014.0	30.1	27.6	12.7	nan	nan	nan	3659	3600	3659
2022-06-04T01:50:12	1013.9	29.0	28.0	12.7	nan	nan	nan	3723	3600	3723
2022-06-04T02:50:20	1013.9	28.1	28.5	12.7	nan	nan	nan	3719	3600	3719
2022-06-04T03:50:25	1013.8	27.1	29.2	12.7	nan	nan	nan	3698	3600	3698
2022-06-04T04:50:30	1014.1	26.3	29.8	12.6	nan	nan	nan	3703	3600	3703
2022-06-04T05:50:38	1014.3	25.8	30.2	12.7	nan	nan	nan	3687	3600	3687
2022-06-04T06:50:44	1014.4	25.4	30.5	12.7	nan	nan	nan	3731	3600	3731
2022-06-04T07:50:47	1014.8	25.5	30.8	13.0	nan	nan	nan	3736	3600	3736
2022-06-04T08:50:52	1015.3	26.1	30.8	13.3	nan	nan	nan	3821	3600	3821
2022-06-04T09:51:02	1015.6	27.0	30.7	13.6	nan	nan	nan	3698	3600	3698
2022-06-04T10:51:15	1015.8	28.2	30.1	13.9	nan	nan	nan	3711	3600	3711
2022-06-04T11:51:19	1016.0	29.6	29.3	14.4	nan	nan	nan	3696	3600	3696
2022-06-04T12:51:22	1015.8	31.2	28.2	14.3	nan	nan	nan	3632	3600	3632
2022-06-04T13:51:24	1015.9	32.9	27.0	13.8	nan	nan	nan	3667	3600	3667
2022-06-04T14:51:26	1016.1	34.1	26.1	13.8	nan	nan	nan	3606	3600	3606
2022-06-04T15:51:30	1016.0	36.6	24.6	13.7	nan	nan	nan	3610	3600	3610
2022-06-04T16:51:31	1015.9	40.0	22.7	13.6	nan	nan	nan	3688	3600	3688
2022-06-04T17:51:33	1015.9	38.9	22.2	13.7	nan	nan	nan	3659	3600	3659
2022-06-04T18:51:43	1016.0	38.5	22.5	13.7	nan	nan	nan	3596	3600	3596
2022-06-04T19:51:50	1016.6	39.0	22.8	13.3	nan	nan	nan	3609	3600	3609
2022-06-04T20:51:51	1017.0	36.3	24.2	12.9	nan	nan	nan	3679	3600	3679
2022-06-04T21:51:53	1017.6	33.4	25.2	12.8	nan	nan	nan	3556	3600	3556
2022-06-04T22:52:03	1018.0	31.5	25.8	12.8	nan	nan	nan	3685	3600	3685
2022-06-04T23:52:06	1018.2	29.9	26.3	12.7	nan	nan	nan	3620	3600	3620
2022-06-05T00:52:13	1018.2	28.3	26.8	12.7	nan	nan	nan	3634	3600	3634
2022-06-05T01:52:18	1018.0	26.7	27.3	12.7	nan	nan	nan	3629	3600	3629
2022-06-05T02:52:19	1017.9	25.2	27.8	12.7	nan	nan	nan	3667	3600	3667
2022-06-05T03:52:24	1017.7	23.7	28.3	12.6	nan	nan	nan	3653	3600	3653
2022-06-05T04:52:29	1017.5	22.4	28.8	12.6	nan	nan	nan	3636	3600	3636
2022-06-05T05:52:32	1017.5	21.7	29.5	12.7	nan	nan	nan	3612	3600	3612
2022-06-05T06:52:36	1017.0	21.9	30.5	13.0	nan	nan	nan	3752	3600	3752
2022-06-05T07:52:38	1016.8	22.7	31.3	13.3	nan	nan	nan	3715	3600	3715
2022-06-05T08:52:39	1016.4	24.1	31.4	13.6	nan	nan	nan	3792	3600	3792
2022-06-05T09:52:43	1015.9	25.9	31.0	14.3	nan	nan	nan	3721	3600	3721
2022-06-05T10:52:48	1015.4	27.8	30.3	14.4	nan	nan	nan	3649	3600	3649
2022-06-05T11:52:52	1014.7	29.5	29.6	14.1	nan	nan	nan	3706	3600	3706
2022-06-05T12:52:56	1013.8	31.1	28.8	13.8	nan	nan	nan	3722	3600	3722
2022-06-05T13:53:01	1012.6	33.6	27.6	13.8	nan	nan	nan	3671	3600	3671
2022-06-05T14:53:04	1011.8	37.7	25.6	13.7	nan	nan	nan	3713	3600	3713
2022-06-05T15:53:06	1011.2	40.6	23.8	13.6	nan	nan	nan	3897	3600	3897
2022-06-05T16:53:12	1010.4	42.6	22.5	13.6	nan	nan	nan	3809	3600	3809
2022-06-05T17:53:16	1009.9	41.9	22.9	13.6	nan	nan	nan	3831	3600	3831
2022-06-05T18:53:25	1009.6	42.9	22.9	13.5	nan	nan	nan	3915	3600	3915
2022-06-05T19:53:27	1009.3	40.4	24.5	13.1	nan	nan	nan	3876	3600	3876
2022-06-05T20:53:37	1009.3	37.7	25.9	12.8	nan	nan	nan	3873	3600	3873
2022-06-05T21:53:43	1009.4	36.1	26.6	12.8	nan	nan	nan	3779	3600	3779
2022-06-05T22:53:48	1009.2	35.0	27.0	12.8	nan	nan	nan	3849	3600	3849
2022-06-05T23:53:52	1009.1	34.1	27.4	12.7	nan	nan	nan	3745	3600	3745
2022-06-06T00:53:58	1008.9	33.2	27.7	12.7	nan	nan	nan	3912	3600	3912
2022-06-06T01:53:59	1008.5	32.2	28.2	12.7	nan	nan	nan	3901	3600	3901
2022-06-06T02:54:07	1008.2	31.2	28.7	12.7	nan	nan	nan	3708	3600	3708
2022-06-06T03:54:12	1008.3	30.2	29.3	12.7	nan	nan	nan	3803	3600	3803
2022-06-06T04:54:15	1009.0	29.2	29.9	12.6	nan	nan	nan	3718	3600	3718
2022-06-06T05:54:16	1009.6	28.5	30.6	12.7	nan	nan	nan	3574	3600	3574
2022-06-06T06:54:17	1009.9	28.1	31.3	12.8	nan	nan	nan	3699	3600	3699
2022-06-06T07:54:19	1010.6	27.8	32.4	13.0	nan	nan	nan	3493	3600	3493
2022-06-06T08:54:23	1010.6	28.0	33.4	13.5	nan	nan	nan	3664	3600	3664
2022-06-06T09:54:26	1010.6	29.1	33.2	13.9	nan	nan	nan	3688	3600	3688
2022-06-06T10:54:27	1010.5	30.1	32.8	14.3	nan	nan	nan	3712	3600	3712
2022-06-06T11:54:28	1010.5	30.9	32.4	14.4	nan	nan	nan	3709	3600	3709
2022-06-06T12:54:35	1010.3	32.1	31.8	13.9	nan	nan	nan	3748	3600	3748
2022-06-06T13:54:36	1010.1	32.8	31.3	13.9	nan	nan	nan	3700	3600	3700
2022-06-06T14:54:39	1009.7	34.5	30.3	13.5	nan	nan	nan	3621	3600	3621
2022-06-06T15:54:42	1009.5	34.7	30.1	13.6	nan	nan	nan	3795	3600	3795
2022-06-06T16:54:43	1010.0	34.8	29.4	13.2	nan	nan	nan	3613	3600	3613
2022-06-06T17:54:49	1010.3	31.6	30.5	13.0	nan	nan	nan	3431	3600	3431
2022-06-06T18:54:56	1010.0	30.7	31.4	13.1	nan	nan	nan	3575	3600	3575
2022-06-06T19:55:02	1009.9	33.4	31.0	13.4	nan	nan	nan	3564	3600	3564
2022-06-06T20:55:08	1010.1	31.8	31.3	12.8	nan	nan	nan	3393	3600	3393
2022-06-06T21:55:09	1010.0	29.6	31.6	12.7	nan	nan	nan	3549	3600	3549
2022-06-06T22:55:21	1010.1	28.3	31.9	12.7	nan	nan	nan	3514	3600	3514
2022-06-06T23:55:29	1010.2	27.3	32.2	12.7	nan	nan	nan	3573	3600	3573
2022-06-07T00:55:35	1010.2	26.3	32.4	12.7	nan	nan	nan	3560	3600	3560
2022-06-07T01:55:40	1009.9	25.3	32.7	12.7	nan	nan	nan	3569	3600	3569
2022-06-07T02:55:47	1009.6	24.5	33.0	12.7	nan	nan	nan	3520	3600	3520
2022-06-07T03:55:51	1009.5	23.8	33.3	12.6	nan	nan	nan	3453	3600	3453
2022-06-07T04:55:52	1009.6	23.2	33.6	12.6	nan	nan	nan	3585	3600	3585
2022-06-07T05:56:01	1009.5	23.0	34.0	12.6	nan	nan	nan	3502	3600	3502
2022-06-07T06:56:07	1009.6	23.2	34.7	12.9	nan	nan	nan	3585	3600	3585
2022-06-07T07:56:08	1009.8	23.9	35.0	13.3	nan	nan	nan	3585	3600	3585
2022-06-07T08:56:09	1009.8	24.8	34.9	13.6	nan	nan	nan	3622	3600	3622
2022-06-07T09:56:19	1009.5	26.1	34.4	14.2	nan	nan	nan	3556	3600	3556
2022-06-07T10:56:27	1008.9	27.9	33.5	14.2	nan	nan	nan	3730	3600	3730
2022-06-07T11:56:28	1008.3	28.6	32.9	14.2	nan	nan	nan	3772	3600	3772
2022-06-07T12:56:34	1008.2	29.4	32.0	14.2	nan	nan	nan	3757	3600	3757
2022-06-07T13:56:38	1007.8	30.4	31.0	13.9	nan	nan	nan	3687	3600	3687
2022-06-07T14:56:39	1007.6	31.1	30.0	13.9	nan	nan	nan	3843	3600	3843
2022-06-07T15:56:49	1007.3	32.6	29.0	13.8	nan	nan	nan	3806	3600	3806
2022-06-07T16:56:51	1007.0	35.0	27.2	13.8	nan	nan	nan	3837	3600	3837
2022-06-07T17:56:53	1006.9	35.8	26.5	13.7	nan	nan	nan	3732	3600	3732
2022-06-07T18:56:57	1007.0	36.0	26.0	13.7	nan	nan	nan	3785	3600	3785
2022-06-07T19:57:05	1007.0	36.7	26.3	13.4	nan	nan	nan	3833	3600	3833
2022-06-07T20:57:12	1007.5	34.5	27.2	12.9	nan	nan	nan	3799	3600	3799
2022-06-07T21:57:14	1007.8	31.9	27.8	12.8	nan	nan	nan	3821	3600	3821
2022-06-07T22:57:19	1007.6	30.0	28.3	12.8	nan	nan	nan	3779	3600	3779
2022-06-07T23:57:20	1007.3	28.6	28.8	12.7	nan	nan	nan	3886	3600	3886
2022-06-08T00:57:22	1007.1	27.6	29.4	12.7	nan	nan	nan	3761	3600	3761
2022-06-08T01:57:25	1006.9	27.0	29.9	12.7	nan	nan	nan	3773	3600	3773
2022-06-08T02:57:26	1006.7	26.1	30.3	12.7	nan	nan	nan	3878	3600	3878
2022-06-08T03:57:27	1006.5	24.9	30.6	12.6	nan	nan	nan	3781	3600	3781
2022-06-08T04:57:29	1006.4	24.4	31.0	12.6	nan	nan	nan	3711	3600	3711
2022-06-08T05:57:30	1006.4	24.3	31.4	12.6	nan	nan	nan	3737	3600	3737
2022-06-08T06:57:34	1006.3	24.7	31.8	12.9	nan	nan	nan	3815	3600	3815
2022-06-08T07:57:38	1006.4	25.3	32.1	13.2	nan	nan	nan	3779	3600	3779
2022-06-08T08:57:39	1006.3	26.4	32.2	13.5	nan	nan	nan	3817	3600	3817
2022-06-08T09:57:40	1006.0	27.7	31.9	13.8	nan	nan	nan	3882	3600	3882
2022-06-08T10:57:42	1005.5	29.4	31.3	14.3	nan	nan	nan	3863	3600	3863
2022-06-08T11:57:53	1005.0	31.1	30.5	13.8	nan	nan	nan	3877	3600	3877
2022-06-08T12:57:54	1004.5	31.3	30.5	14.0	nan	nan	nan	3870	3600	3870
2022-06-08T13:57:59	1004.0	33.0	29.8	14.2	nan	nan	nan	3884	3600	3884
2022-06-08T14:58:03	1003.6	34.8	29.1	13.8	nan	nan	nan	3883	3600	3883
2022-06-08T15:58:08	1003.1	35.8	28.5	13.7	nan	nan	nan	3827	3600	3827
2022-06-08T16:58:09	1002.6	38.4	27.2	13.7	nan	nan	nan	3994	3600	3994
2022-06-08T17:58:17	1002.2	38.4	26.4	13.5	nan	nan	nan	3993	3600	3993
2022-06-08T18:58:25	1002.1	36.3	27.8	13.2	nan	nan	nan	3987	3600	3987
2022-06-08T19:58:27	1002.2	35.0	28.6	12.9	nan	nan	nan	4021	3600	4021
2022-06-08T20:58:31	1002.4	33.8	29.0	12.8	nan	nan	nan	3989	3600	3989
2022-06-08T21:58:41	1002.6	32.5	29.2	12.8	nan	nan	nan	3942	3600	3942
2022-06-08T22:58:46	1002.7	31.1	29.4	12.7	nan	nan	nan	3898	3600	3898
2022-06-08T23:58:51	1002.7	29.9	29.8	12.7	nan	nan	nan	3909	3600	3909
2022-06-09T00:58:54	1002.8	29.2	30.3	12.7	nan	nan	nan	3938	3600	3938
2022-06-09T01:58:57	1003.1	28.4	31.1	12.6	nan	nan	nan	3989	3600	3989
2022-06-09T02:59:00	1003.3	27.7	31.7	12.7	nan	nan	nan	3900	3600	3900
2022-06-09T03:59:03	1003.4	27.0	32.0	12.6	nan	nan	nan	4002	3600	4002
2022-06-09T04:59:12	1003.7	26.1	32.2	12.6	nan	nan	nan	3931	3600	3931
2022-06-09T05:59:15	1004.1	26.0	32.8	12.7	nan	nan	nan	3858	3600	3858
2022-06-09T06:59:17	1004.6	25.9	33.4	12.6	nan	nan	nan	3860	3600	3860
2022-06-09T07:59:21	1005.2	25.6	33.8	12.8	nan	nan	nan	3815	3600	3815
2022-06-09T08:59:33	1005.8	25.7	34.3	12.9	nan	nan	nan	3892	3600	3892
2022-06-09T09:59:39	1006.4	25.9	34.6	13.0	nan	nan	nan	3854	3600	3854
2022-06-09T10:59:48	1007.0	26.4	35.0	13.3	nan	nan	nan	3893	3600	3893
2022-06-09T11:59:51	1007.5	27.4	34.9	13.6	nan	nan	nan	3867	3600	3867
2022-06-09T12:59:56	1007.8	28.6	34.4	13.4	nan	nan	nan	3797	3600	3797
2022-06-09T14:00:00	1008.3	28.1	34.2	13.3	nan	nan	nan	3832	3600	3832
2022-06-09T15:00:05	1008.8	28.7	34.0	13.6	nan	nan	nan	3748	3600	3748
2022-06-09T16:00:09	1009.1	29.4	33.3	14.0	nan	nan	nan	3906	3600	3906
2022-06-09T17:00:14	1009.2	33.7	30.6	14.3	nan	nan	nan	3879	3600	3879
2022-06-09T18:00:17	1009.6	34.6	28.9	13.6	nan	nan	nan	3819	3600	3819
2022-06-09T19:00:20	1010.5	32.9	29.5	13.5	nan	nan	nan	3803	3600	3803
2022-06-09T20:00:22	1011.3	31.8	30.1	13.1	nan	nan	nan	3837	3600	3837
2022-06-09T21:00:26	1012.1	30.6	30.4	12.8	nan	nan	nan	3826	3600	3826
2022-06-09T22:00:35	1012.9	29.2	30.6	12.8	nan	nan	nan	3719	3600	3719
2022-06-09T23:00:36	1013.4	28.2	30.8	12.7	nan	nan	nan	3639	3600	3639
2022-06-10T00:00:42	1014.0	27.2	30.9	12.7	nan	nan	nan	3695	3600	3695
2022-06-10T01:00:56	1014.8	26.3	31.1	12.7	nan	nan	nan	3663	3600	3663
2022-06-10T02:01:02	1015.4	25.3	31.4	12.7	nan	nan	nan	3655	3600	3655
2022-06-10T03:01:09	1015.9	24.3	31.5	12.6	nan	nan	nan	3715	3600	3715
2022-06-10T04:01:11	1016.4	23.4	31.8	12.6	nan	nan	nan	3611	3600	3611
2022-06-10T05:01:15	1017.1	22.7	32.2	12.6	nan	nan	nan	3612	3600	3612
2022-06-10T06:01:24	1017.6	22.6	32.9	12.7	nan	nan	nan	3627	3600	3627
2022-06-10T07:01:25	1018.2	22.9	33.9	12.9	nan	nan	nan	3552	3600	3552
2022-06-10T08:01:31	1018.4	23.4	35.0	13.2	nan	nan	nan	3639	3600	3639
2022-06-10T09:01:39	1018.7	24.2	35.5	13.5	nan	nan	nan	3562	3600	3562
2022-06-10T10:01:41	1018.6	25.3	35.2	14.1	nan	nan	nan	3649	3600	3649
2022-06-10T11:01:45	1018.6	26.3	34.4	14.0	nan	nan	nan	3746	3600	3746
2022-06-10T12:01:58	1018.5	27.4	33.3	13.9	nan	nan	nan	3549	3600	3549
2022-06-10T13:02:04	1018.2	28.8	31.6	13.9	nan	nan	nan	3707	3600	3707
2022-06-10T14:02:11	1017.8	31.3	29.8	13.8	nan	nan	nan	3769	3600	3769
2022-06-10T15:02:14	1017.5	34.9	27.1	13.7	nan	nan	nan	3794	3600	3794
2022-06-10T16:02:17	1017.2	39.0	24.2	13.6	nan	nan	nan	3775	3600	3775
2022-06-10T17:02:21	1017.0	41.1	22.6	13.6	nan	nan	nan	3805	3600	3805
2022-06-10T18:02:22	1016.9	40.9	22.7	13.5	nan	nan	nan	3735	3600	3735
2022-06-10T19:02:28	1016.9	37.5	24.7	13.2	nan	nan	nan	3824	3600	3824
2022-06-10T20:02:29	1017.0	35.8	26.0	12.9	nan	nan	nan	3754	3600	3754
2022-06-10T21:02:32	1017.4	33.7	26.8	12.7	nan	nan	nan	3668	3600	3668
2022-06-10T22:02:33	1017.6	32.3	27.5	12.8	nan	nan	nan	3647	3600	3647
2022-06-10T23:02:44	1017.7	31.3	28.1	12.8	nan	nan	nan	3660	3600	3660
2022-06-11T00:02:51	1017.7	30.4	28.6	12.7	nan	nan	nan	3628	3600	3628
2022-06-11T01:02:56	1017.5	29.7	29.1	12.7	nan	nan	nan	3650	3600	3650
2022-06-11T02:03:01	1017.5	28.9	29.5	12.7	nan	nan	nan	3610	3600	3610
2022-06-11T03:03:11	1017.2	28.0	29.9	12.7	nan	nan	nan	3652	3600	3652
2022-06-11T04:03:17	1017.2	27.1	30.3	12.6	nan	nan	nan	3737	3600	3737
2022-06-11T05:03:19	1017.4	26.7	30.8	12.6	nan	nan	nan	3717	3600	3717
2022-06-11T06:03:29	1017.6	26.5	31.2	12.7	nan	nan	nan	3721	3600	3721
2022-06-11T07:03:31	1017.7	26.8	31.5	12.8	nan	nan	nan	3720	3600	3720
2022-06-11T08:03:32	1017.7	27.6	31.6	13.1	nan	nan	nan	3740	3600	3740
2022-06-11T09:03:42	1017.6	29.1	31.4	13.5	nan	nan	nan	3649	3600	3649
2022-06-11T10:03:43	1017.4	30.5	30.9	13.9	nan	nan	nan	3723	3600	3723
2022-06-11T11:03:51	1017.3	31.9	30.3	14.4	nan	nan	nan	3797	3600	3797
2022-06-11T12:03:55	1017.2	32.9	29.7	14.2	nan	nan	nan	3749	3600	3749
2022-06-11T13:03:58	1017.1	33.4	29.3	13.8	nan	nan	nan	3684	3600	3684
2022-06-11T14:03:59	1017.1	34.0	28.8	13.8	nan	nan	nan	3697	3600	3697
2022-06-11T15:04:02	1016.9	36.2	27.5	13.7	nan	nan	nan	3712	3600	3712
2022-06-11T16:04:04	1016.5	38.4	25.4	13.6	nan	nan	nan	3693	3600	3693
2022-06-11T17:04:12	1016.6	38.6	24.1	13.7	nan	nan	nan	3849	3600	3849
2022-06-11T18:04:19	1016.6	37.4	24.2	13.5	nan	nan	nan	3718	3600	3718
2022-06-11T19:04:29	1016.6	37.8	24.3	13.5	nan	nan	nan	3771	3600	3771
2022-06-11T20:04:40	1016.7	37.1	24.9	13.2	nan	nan	nan	3577	3600	3577
2022-06-11T21:04:42	1017.1	35.9	25.7	12.9	nan	nan	nan	3597	3600	3597
2022-06-11T22:04:45	1017.2	33.6	26.4	12.8	nan	nan	nan	3704	3600	3704
2022-06-11T23:04:57	1017.3	31.8	26.9	12.8	nan	nan	nan	3612	3600	3612
2022-06-12T00:05:02	1017.4	30.2	27.5	12.8	nan	nan	nan	3649	3600	3649
2022-06-12T01:05:08	1017.3	29.0	28.1	12.7	nan	nan	nan	3648	3600	3648
2022-06-12T02:05:17	1017.3	28.2	28.8	12.7	nan	nan	nan	3604	3600	3604
2022-06-12T03:05:26	1017.1	27.2	29.4	12.7	nan	nan	nan	3622	3600	3622
2022-06-12T04:05:33	1016.8	26.5	29.9	12.7	nan	nan	nan	3630	3600	3630
2022-06-12T05:05:41	1017.0	26.0	30.7	12.7	nan	nan	nan	3616	3600	3616
2022-06-12T06:05:43	1017.2	25.7	31.7	12.7	nan	nan	nan	3521	3600	3521
2022-06-12T07:05:49	1017.1	25.8	32.4	12.8	nan	nan	nan	3614	3600	3614
2022-06-12T08:05:54	1017.1	26.3	32.9	13.0	nan	nan	nan	3641	3600	3641
2022-06-12T09:05:56	1016.8	26.9	33.0	13.2	nan	nan	nan	3659	3600	3659
2022-06-12T10:05:58	1016.8	28.5	32.6	13.6	nan	nan	nan	3596	3600	3596
2022-06-12T11:06:03	1016.7	29.6	32.2	13.9	nan	nan	nan	3582	3600	3582
2022-06-12T12:06:12	1016.3	30.5	31.4	13.9	nan	nan	nan	3813	3600	3813
2022-06-12T13:06:16	1015.8	31.6	30.5	13.9	nan	nan	nan	3701	3600	3701
2022-06-12T14:06:21	1015.2	33.6	29.1	13.8	nan	nan	nan	3823	3600	3823
2022-06-12T15:06:25	1014.6	36.6	26.8	13.6	nan	nan	nan	3891	3600	3891
2022-06-12T16:06:30	1014.1	39.5	24.1	13.5	nan	nan	nan	3831	3600	3831
2022-06-12T17:06:36	1013.6	40.9	22.4	13.6	nan	nan	nan	3980	3600	3980
2022-06-12T18:06:43	1013.3	41.2	21.1	13.6	nan	nan	nan	3828	3600	3828
2022-06-12T19:06:48	1013.3	40.3	20.9	13.6	nan	nan	nan	3894	3600	3894
2022-06-12T20:06:57	1013.2	38.3	21.4	13.1	nan	nan	nan	3881	3600	3881
2022-06-12T21:06:58	1013.2	35.4	22.6	12.8	nan	nan	nan	3797	3600	3797
2022-06-12T22:07:02	1013.1	33.3	23.6	12.8	nan	nan	nan	3802	3600	3802
2022-06-12T23:07:06	1013.2	31.8	24.3	12.7	nan	nan	nan	3770	3600	3770
2022-06-13T00:07:11	1013.4	30.6	25.0	12.7	nan	nan	nan	3765	3600	3765
2022-06-13T01:07:14	1013.3	29.5	25.8	12.7	nan	nan	nan	3861	3600	3861
2022-06-13T02:07:23	1013.0	28.4	26.5	12.7	nan	nan	nan	3902	3600	3902
2022-06-13T03:07:39	1013.1	27.3	27.2	12.7	nan	nan	nan	3821	3600	3821
2022-06-13T04:07:45	1013.2	26.4	27.8	12.6	nan	nan	nan	3700	3600	3700
2022-06-13T05:07:46	1013.4	25.4	28.5	12.6	nan	nan	nan	3832	3600	3832
2022-06-13T06:07:54	1013.6	24.8	29.3	12.8	nan	nan	nan	3818	3600	3818
2022-06-13T07:08:00	1014.0	24.8	30.3	13.0	nan	nan	nan	3839	3600	3839
2022-06-13T08:08:09	1014.0	24.8	30.9	13.3	nan	nan	nan	3814	3600	3814
2022-06-13T09:08:15	1014.1	25.1	30.9	13.5	nan	nan	nan	3844	3600	3844
2022-06-13T10:08:21	1014.2	25.6	30.6	14.2	nan	nan	nan	3778	3600	3778
2022-06-13T11:08:23	1014.1	26.1	29.9	14.5	nan	nan	nan	3927	3600	3927
2022-06-13T12:08:24	1013.7	27.1	29.0	14.3	nan	nan	nan	3806	3600	3806
2022-06-13T13:08:27	1014.0	27.7	27.7	13.9	nan	nan	nan	3853	3600	3853
2022-06-13T14:08:39	1014.5	27.7	27.2	14.0	nan	nan	nan	3763	3600	3763
2022-06-13T15:08:43	1014.4	29.8	26.0	13.8	nan	nan	nan	3912	3600	3912
2022-06-13T16:08:46	1014.2	31.4	24.8	13.8	nan	nan	nan	3840	3600	3840
2022-06-13T17:08:49	1014.5	31.3	24.2	13.8	nan	nan	nan	3878	3600	3878
2022-06-13T18:08:55	1014.8	33.6	23.3	13.7	nan	nan	nan	3798	3600	3798
2022-06-13T19:09:01	1015.1	33.1	23.2	13.7	nan	nan	nan	3687	3600	3687
2022-06-13T20:09:05	1015.5	31.8	23.9	13.2	nan	nan	nan	3782	3600	3782
2022-06-13T21:09:07	1016.2	29.4	24.8	12.8	nan	nan	nan	3784	3600	3784
2022-06-13T22:09:15	1016.6	27.4	25.4	12.7	nan	nan	nan	3693	3600	3693
2022-06-13T23:09:17	1016.7	25.6	25.9	12.7	nan	nan	nan	3759	3600	3759
2022-06-14T00:09:20	1017.1	24.5	26.6	12.7	nan	nan	nan	3765	3600	3765
2022-06-14T01:09:29	1017.4	23.4	27.2	12.7	nan	nan	nan	3690	3600	3690
2022-06-14T02:09:31	1017.6	22.4	27.7	12.7	nan	nan	nan	3812	3600	3812
2022-06-14T03:09:32	1017.8	21.3	28.1	12.6	nan	nan	nan	3751	3600	3751
2022-06-14T04:09:33	1017.9	20.4	28.5	12.6	nan	nan	nan	3612	3600	3612
2022-06-14T05:09:42	1018.1	19.6	28.9	12.6	nan	nan	nan	3643	3600	3643
2022-06-14T06:09:43	1018.3	19.5	29.5	12.9	nan	nan	nan	3592	3600	3592
2022-06-14T07:09:44	1018.4	20.1	30.4	13.4	nan	nan	nan	3778	3600	3778
2022-06-14T08:09:48	1018.8	20.7	31.4	13.6	nan	nan	nan	3614	3600	3614
2022-06-14T09:09:49	1018.8	21.6	31.8	14.2	nan	nan	nan	3729	3600	3729
2022-06-14T10:09:53	1018.7	23.0	31.5	14.6	nan	nan	nan	3818	3600	3818
2022-06-14T11:10:02	1018.7	24.0	30.8	14.3	nan	nan	nan	3685	3600	3685
2022-06-14T13:17:17	1018.5	26.0	27.9	13.8	nan	nan	nan	3782	3600	3782
2022-06-14T14:17:19	1018.2	28.3	26.4	13.8	nan	nan	nan	3782	3600	3782
2022-06-14T15:17:20	1017.8	31.9	24.1	13.7	nan	nan	nan	3736	3600	3736
2022-06-14T16:17:23	1017.5	35.3	22.0	13.6	nan	nan	nan	3749	3600	3749
2022-06-14T17:17:27	1017.1	36.2	20.8	13.7	nan	nan	nan	3599	3600	3599
2022-06-14T18:17:38	1017.0	37.2	19.8	13.7	nan	nan	nan	3787	3600	3787
2022-06-14T19:17:41	1017.2	35.4	20.6	13.4	nan	nan	nan	3684	3600	3684
2022-06-14T20:17:47	1017.2	33.2	22.2	13.1	nan	nan	nan	3810	3600	3810
2022-06-14T21:17:50	1017.4	30.7	23.2	12.8	nan	nan	nan	3711	3600	3711
2022-06-14T22:17:54	1017.4	28.2	23.9	12.7	nan	nan	nan	3722	3600	3722
2022-06-14T23:17:58	1017.5	26.3	24.6	12.7	nan	nan	nan	3680	3600	3680
2022-06-15T00:18:03	1017.4	24.8	25.2	12.7	nan	nan	nan	3733	3600	3733
2022-06-15T01:18:04	1017.2	23.4	25.9	12.7	nan	nan	nan	3729	3600	3729
2022-06-15T02:18:06	1017.1	22.1	26.4	12.6	nan	nan	nan	3723	3600	3723
2022-06-15T03:18:14	1017.0	20.9	26.9	12.6	nan	nan	nan	3629	3600	3629
2022-06-15T04:18:16	1016.9	19.9	27.4	12.6	nan	nan	nan	3604	3600	3604
2022-06-15T05:18:17	1016.9	19.2	28.0	12.7	nan	nan	nan	3744	3600	3744
2022-06-15T06:18:24	1016.9	19.6	28.8	12.8	nan	nan	nan	3813	3600	3813
2022-06-15T07:18:27	1017.0	20.7	29.5	13.2	nan	nan	nan	3686	3600	3686
2022-06-15T08:18:32	1017.0	22.4	29.7	13.5	nan	nan	nan	3714	3600	3714
2022-06-15T09:18:37	1016.9	24.3	29.4	14.3	nan	nan	nan	3756	3600	3756
2022-06-15T10:18:45	1016.6	25.9	28.7	14.4	nan	nan	nan	3637	3600	3637
2022-06-15T11:18:52	1016.4	27.4	28.1	14.2	nan	nan	nan	3680	3600	3680
2022-06-15T12:18:53	1016.0	28.8	27.5	13.9	nan	nan	nan	3805	3600	3805
2022-06-15T13:18:55	1015.5	30.9	26.7	13.8	nan	nan	nan	3880	3600	3880
2022-06-15T14:18:57	1014.9	34.5	24.9	13.7	nan	nan	nan	3731	3600	3731
2022-06-15T15:19:00	1014.5	39.0	22.5	13.5	nan	nan	nan	3712	3600	3712
2022-06-15T16:19:02	1014.0	43.2	20.5	13.5	nan	nan	nan	3840	3600	3840
2022-06-15T17:19:04	1013.5	45.0	19.5	13.5	nan	nan	nan	3950	3600	3950
2022-06-15T18:19:09	1013.1	45.4	19.5	13.5	nan	nan	nan	3898	3600	3898
2022-06-15T19:19:10	1012.9	43.0	20.8	13.2	nan	nan	nan	3875	3600	3875
2022-06-15T20:19:13	1012.9	39.6	22.6	13.0	nan	nan	nan	3823	3600	3823
2022-06-15T21:19:14	1013.2	36.6	23.6	12.8	nan	nan	nan	3843	3600	3843
2022-06-15T22:19:20	1013.1	34.2	24.5	12.7	nan	nan	nan	3712	3600	3712
2022-06-15T23:19:26	1013.1	32.2	25.2	12.7	nan	nan	nan	3799	3600	3799
2022-06-16T00:19:35	1013.0	30.5	25.9	12.7	nan	nan	nan	3657	3600	3657
2022-06-16T01:19:43	1013.0	29.0	26.6	12.7	nan	nan	nan	3829	3600	3829
2022-06-16T02:19:46	1012.9	27.7	27.2	12.6	nan	nan	nan	3732	3600	3732
2022-06-16T03:19:52	1012.7	26.6	28.0	12.6	nan	nan	nan	3752	3600	3752
2022-06-16T04:19:56	1012.6	25.5	28.7	12.6	nan	nan	nan	3669	3600	3669
2022-06-16T05:19:59	1012.6	24.7	29.4	12.7	nan	nan	nan	3765	3600	3765
2022-06-16T06:20:05	1012.8	24.5	30.2	13.0	nan	nan	nan	3679	3600	3679
2022-06-16T07:20:09	1013.1	24.8	31.1	13.3	nan	nan	nan	3649	3600	3649
2022-06-16T08:20:13	1013.6	26.1	31.5	13.8	nan	nan	nan	3750	3600	3750
2022-06-16T09:20:15	1013.9	27.1	31.3	14.5	nan	nan	nan	3678	3600	3678
2022-06-16T10:20:18	1014.4	28.3	30.8	14.4	nan	nan	nan	3689	3600	3689
2022-06-16T11:20:23	1014.7	29.4	30.0	14.0	nan	nan	nan	3704	3600	3704
2022-06-16T12:20:28	1015.1	30.4	28.9	13.8	nan	nan	nan	3858	3600	3858
2022-06-16T13:20:37	1015.4	30.9	27.7	13.8	nan	nan	nan	3766	3600	3766
2022-06-16T14:20:40	1015.4	33.6	25.8	13.7	nan	nan	nan	3778	3600	3778
2022-06-16T15:20:42	1015.5	35.8	23.8	13.6	nan	nan	nan	3815	3600	3815
2022-06-16T16:20:48	1015.6	37.6	21.8	13.6	nan	nan	nan	3642	3600	3642
2022-06-16T17:20:49	1015.9	39.0	19.7	13.7	nan	nan	nan	3741	3600	3741
2022-06-16T18:20:56	1016.0	38.9	18.9	13.6	nan	nan	nan	3702	3600	3702
2022-06-16T19:21:00	1016.3	38.3	19.0	13.4	nan	nan	nan	3728	3600	3728
2022-06-16T20:21:15	1017.0	35.8	19.2	13.0	nan	nan	nan	3738	3600	3738
2022-06-16T21:21:25	1017.5	33.0	20.1	12.7	nan	nan	nan	3640	3600	3640
2022-06-16T22:21:32	1018.1	30.9	21.0	12.7	nan	nan	nan	3704	3600	3704
2022-06-16T23:21:33	1018.8	29.3	21.9	12.7	nan	nan	nan	3590	3600	3590
2022-06-17T00:21:37	1019.1	27.7	22.8	12.7	nan	nan	nan	3703	3600	3703
2022-06-17T01:21:42	1018.9	26.6	23.6	12.7	nan	nan	nan	3645	3600	3645
2022-06-17T02:21:45	1019.2	25.6	24.3	12.6	nan	nan	nan	3603	3600	3603
2022-06-17T03:21:50	1019.2	24.5	24.9	12.6	nan	nan	nan	3589	3600	3589
2022-06-17T04:21:51	1019.4	23.4	25.4	12.6	nan	nan	nan	3598	3600	3598
2022-06-17T05:21:55	1019.6	22.7	26.1	12.6	nan	nan	nan	3475	3600	3475
2022-06-17T06:21:57	1020.0	22.8	27.0	12.8	nan	nan	nan	3643	3600	3643
2022-06-17T07:22:03	1020.1	23.4	28.0	13.2	nan	nan	nan	3566	3600	3566
2022-06-17T08:22:07	1020.5	24.2	29.0	13.4	nan	nan	nan	3545	3600	3545
2022-06-17T09:22:15	1020.8	25.2	29.5	13.6	nan	nan	nan	3666	3600	3666
2022-06-17T10:22:18	1020.7	26.5	29.5	14.2	nan	nan	nan	3450	3600	3450
2022-06-17T11:22:20	1020.4	27.9	28.9	14.4	nan	nan	nan	3713	3600	3713
2022-06-17T12:22:23	1020.0	29.5	27.9	14.2	nan	nan	nan	3586	3600	3586
2022-06-17T13:22:24	1019.5	31.4	26.9	13.8	nan	nan	nan	3590	3600	3590
2022-06-17T14:22:26	1019.2	34.8	25.4	13.7	nan	nan	nan	3726	3600	3726
2022-06-17T15:22:39	1018.9	36.6	24.2	13.7	nan	nan	nan	3707	3600	3707
2022-06-17T16:22:40	1018.7	36.3	24.2	13.7	nan	nan	nan	3697	3600	3697
2022-06-17T17:22:41	1018.1	36.2	24.4	13.7	nan	nan	nan	3675	3600	3675
2022-06-17T18:22:49	1018.0	35.4	24.6	13.5	nan	nan	nan	3621	3600	3621
2022-06-17T19:22:54	1017.9	34.6	24.8	13.2	nan	nan	nan	3673	3600	3673
2022-06-17T20:22:57	1017.8	33.8	25.1	12.8	nan	nan	nan	3615	3600	3615
2022-06-17T21:23:03	1017.8	32.7	25.4	12.7	nan	nan	nan	3702	3600	3702
2022-06-17T22:23:06	1017.4	31.7	25.7	12.7	nan	nan	nan	3676	3600	3676
2022-06-17T23:23:10	1016.9	30.7	26.0	12.7	nan	nan	nan	3636	3600	3636
2022-06-18T00:23:15	1016.6	29.8	26.3	12.7	nan	nan	nan	3605	3600	3605
2022-06-18T01:23:21	1016.1	28.8	26.6	12.6	nan	nan	nan	3627	3600	3627
2022-06-18T02:23:29	1015.6	27.9	27.0	12.6	nan	nan	nan	3765	3600	3765
2022-06-18T03:23:38	1014.9	26.9	27.4	12.5	nan	nan	nan	3842	3600	3842
2022-06-18T04:23:45	1014.2	26.0	28.0	12.6	nan	nan	nan	3704	3600	3704
2022-06-18T05:23:52	1013.7	25.7	28.8	12.6	nan	nan	nan	3759	3600	3759
2022-06-18T06:23:59	1013.2	25.9	29.5	12.8	nan	nan	nan	3772	3600	3772
2022-06-18T07:24:04	1013.0	26.8	29.7	13.1	nan	nan	nan	3682	3600	3682
2022-06-18T08:24:06	1012.7	28.1	29.5	13.3	nan	nan	nan	3776	3600	3776
2022-06-18T09:24:09	1012.1	29.8	29.0	13.5	nan	nan	nan	3695	3600	3695
2022-06-18T10:24:16	1011.6	31.7	28.2	13.9	nan	nan	nan	3828	3600	3828
2022-06-18T11:24:23	1011.3	33.4	27.6	14.3	nan	nan	nan	3737	3600	3737
2022-06-18T12:24:33	1010.9	35.0	26.9	14.3	nan	nan	nan	3793	3600	3793
2022-06-18T13:24:37	1010.5	37.3	25.8	13.6	nan	nan	nan	3839	3600	3839
2022-06-18T14:24:38	1009.9	40.8	23.8	13.5	nan	nan	nan	3672	3600	3672
2022-06-18T15:24:39	1009.5	43.7	21.7	13.4	nan	nan	nan	3789	3600	3789
2022-06-18T16:24:41	1009.1	45.8	20.1	13.4	nan	nan	nan	3718	3600	3718
2022-06-18T17:24:47	1009.0	46.4	19.7	13.5	nan	nan	nan	3780	3600	3780
2022-06-18T18:24:51	1008.9	45.9	20.2	13.5	nan	nan	nan	3740	3600	3740
2022-06-18T19:24:53	1009.0	44.0	21.3	13.1	nan	nan	nan	3727	3600	3727
2022-06-18T20:24:54	1009.1	41.7	22.4	12.8	nan	nan	nan	3756	3600	3756
2022-06-18T21:25:01	1009.3	39.8	23.4	12.7	nan	nan	nan	3680	3600	3680
2022-06-18T22:25:09	1009.4	38.2	24.3	12.7	nan	nan	nan	3689	3600	3689
2022-06-18T23:25:17	1009.0	37.0	25.1	12.7	nan	nan	nan	3754	3600	3754
2022-06-19T00:25:22	1008.9	35.7	25.8	12.7	nan	nan	nan	3717	3600	3717
2022-06-19T01:25:26	1008.5	34.4	26.6	12.6	nan	nan	nan	3779	3600	3779
2022-06-19T02:25:32	1007.4	33.3	27.2	12.7	nan	nan	nan	3767	3600	3767
2022-06-19T03:25:33	1006.4	32.5	28.0	12.6	nan	nan	nan	3818	3600	3818
2022-06-19T04:25:34	1005.3	31.8	29.1	12.6	nan	nan	nan	3858	3600	3858
2022-06-19T05:25:35	1004.4	31.3	30.3	12.7	nan	nan	nan	3920	3600	3920
2022-06-19T06:25:39	1003.7	31.2	31.5	12.9	nan	nan	nan	4003	3600	4003
2022-06-19T07:25:45	1002.9	31.7	32.1	13.2	nan	nan	nan	4045	3600	4045
2022-06-19T08:25:50	1002.1	33.0	31.7	13.4	nan	nan	nan	3961	3600	3961
2022-06-19T09:25:52	1001.9	34.6	30.7	13.8	nan	nan	nan	4084	3600	4084
2022-06-19T10:25:53	1001.6	36.3	28.9	14.2	nan	nan	nan	4047	3600	4047
2022-06-19T11:25:56	1001.2	37.9	26.8	14.0	nan	nan	nan	4016	3600	4016
2022-06-19T12:26:00	1000.9	39.3	25.2	13.5	nan	nan	nan	3966	3600	3966
2022-06-19T13:26:06	1001.6	40.3	24.4	13.5	nan	nan	nan	4076	3600	4076
2022-06-19T14:26:10	1002.1	41.5	23.2	13.5	nan	nan	nan	3966	3600	3966
2022-06-19T15:26:14	1002.4	42.1	21.4	13.5	nan	nan	nan	3951	3600	3951
2022-06-19T16:26:21	1002.7	40.6	21.4	13.6	nan	nan	nan	4011	3600	4011
2022-06-19T17:26:29	1003.2	39.1	22.3	13.5	nan	nan	nan	4051	3600	4051
2022-06-19T18:26:31	1004.3	38.4	23.2	13.7	nan	nan	nan	4046	3600	4046
2022-06-19T19:26:37	1005.2	38.3	23.8	13.4	nan	nan	nan	3959	3600	3959
2022-06-19T20:26:38	1006.1	36.7	24.5	13.0	nan	nan	nan	3925	3600	3925
2022-06-19T21:26:43	1006.8	34.5	25.2	12.7	nan	nan	nan	3708	3600	3708
2022-06-19T22:26:44	1007.2	32.5	26.0	12.7	nan	nan	nan	3874	3600	3874
2022-06-19T23:26:45	1008.3	31.2	26.6	12.7	nan	nan	nan	3913	3600	3913
2022-06-20T00:26:49	1008.8	30.1	27.2	12.7	nan	nan	nan	3826	3600	3826
2022-06-20T01:26:55	1007.3	28.8	28.0	12.6	nan	nan	nan	3783	3600	3783
2022-06-20T02:26:58	1008.2	27.5	28.8	12.6	nan	nan	nan	3758	3600	3758
2022-06-20T03:27:04	1008.3	26.5	29.7	12.6	nan	nan	nan	3708	3600	3708
2022-06-20T04:27:12	1007.5	25.8	30.5	12.6	nan	nan	nan	3883	3600	3883
2022-06-20T05:27:18	1006.4	25.2	31.0	12.6	nan	nan	nan	3869	3600	3869
2022-06-20T06:27:21	1007.0	24.9	31.6	12.6	nan	nan	nan	3804	3600	3804
2022-06-20T07:27:24	1007.6	24.2	32.4	12.6	nan	nan	nan	3720	3600	3720
2022-06-20T08:27:26	1006.7	23.8	32.9	12.8	nan	nan	nan	3594	3600	3594
2022-06-20T09:27:29	1007.3	23.9	33.6	13.0	nan	nan	nan	3626	3600	3626
2022-06-20T10:27:41	1007.3	23.7	34.1	13.0	nan	nan	nan	3527	3600	3527
2022-06-20T11:27:45	1007.6	23.6	34.5	12.9	nan	nan	nan	3490	3600	3490
2022-06-20T12:27:49	1008.1	23.2	35.0	13.0	nan	nan	nan	3486	3600	3486
2022-06-20T13:27:55	1008.4	23.2	35.3	13.4	nan	nan	nan	3475	3600	3475
2022-06-20T14:27:59	1008.5	23.1	35.6	13.6	nan	nan	nan	3339	3600	3339
2022-06-20T15:28:02	1008.5	23.6	35.9	14.1	nan	nan	nan	3491	3600	3491
2022-06-20T16:28:09	1008.1	27.4	34.7	14.2	nan	nan	nan	3514	3600	3514
2022-06-20T17:28:11	1007.4	30.8	32.0	14.2	nan	nan	nan	3532	3600	3532
2022-06-20T18:28:12	1007.1	31.2	31.0	13.7	nan	nan	nan	3566	3600	3566
2022-06-20T19:28:24	1007.1	28.0	32.1	13.3	nan	nan	nan	3544	3600	3544
2022-06-20T20:28:26	1007.7	26.1	33.3	12.9	nan	nan	nan	3538	3600	3538
2022-06-20T21:28:43	1008.4	24.6	33.4	12.8	nan	nan	nan	3514	3600	3514
2022-06-20T22:28:45	1008.7	23.8	33.2	12.7	nan	nan	nan	3505	3600	3505
2022-06-20T23:28:50	1009.2	22.9	33.2	12.7	nan	nan	nan	3447	3600	3447
2022-06-21T00:28:56	1009.4	22.1	33.5	12.7	nan	nan	nan	3482	3600	3482
2022-06-21T01:28:58	1009.5	21.4	33.8	12.7	nan	nan	nan	3485	3600	3485
2022-06-21T02:28:59	1009.6	20.9	34.3	12.6	nan	nan	nan	3496	3600	3496
2022-06-21T03:29:01	1009.7	20.4	35.0	12.6	nan	nan	nan	3537	3600	3537
2022-06-21T04:29:02	1009.8	19.9	35.5	12.6	nan	nan	nan	3558	3600	3558
2022-06-21T05:29:06	1010.0	19.6	36.3	12.6	nan	nan	nan	3544	3600	3544
2022-06-21T06:29:08	1010.5	19.8	37.5	12.9	nan	nan	nan	3544	3600	3544
2022-06-21T07:29:13	1010.9	20.3	38.9	13.4	nan	nan	nan	3502	3600	3502
2022-06-21T08:29:15	1010.9	20.8	39.9	13.5	nan	nan	nan	3407	3600	3407
2022-06-21T09:29:19	1010.8	21.7	39.9	13.6	nan	nan	nan	3517	3600	3517
2022-06-21T10:29:25	1010.8	23.0	38.8	14.0	nan	nan	nan	3513	3600	3513
2022-06-21T11:29:30	1010.7	24.4	37.5	14.0	nan	nan	nan	3546	3600	3546
2022-06-21T12:29:36	1010.7	25.9	35.9	13.9	nan	nan	nan	3570	3600	3570
2022-06-21T13:29:39	1010.6	27.8	34.0	13.8	nan	nan	nan	3580	3600	3580
2022-06-21T14:29:41	1010.3	31.1	31.4	13.8	nan	nan	nan	3640	3600	3640
2022-06-21T15:29:44	1010.0	35.2	28.0	13.6	nan	nan	nan	3626	3600	3626
2022-06-21T16:29:50	1009.4	38.9	24.7	13.6	nan	nan	nan	3668	3600	3668
2022-06-21T17:29:56	1009.2	42.3	22.3	13.5	nan	nan	nan	3570	3600	3570
2022-06-21T18:29:59	1008.9	40.1	23.7	13.6	nan	nan	nan	3658	3600	3658
2022-06-21T19:30:00	1008.8	37.8	25.7	13.3	nan	nan	nan	3577	3600	3577
2022-06-21T20:30:04	1008.9	34.8	27.2	12.9	nan	nan	nan	3585	3600	3585
2022-06-21T21:30:05	1009.0	32.5	28.0	12.8	nan	nan	nan	3664	3600	3664
2022-06-21T22:30:10	1009.1	30.5	28.4	12.7	nan	nan	nan	3651	3600	3651
2022-06-21T23:30:12	1009.1	28.9	28.9	12.7	nan	nan	nan	3794	3600	3794
2022-06-22T00:30:23	1009.0	27.4	29.4	12.7	nan	nan	nan	3814	3600	3814
2022-06-22T01:30:27	1009.4	26.1	29.9	12.7	nan	nan	nan	3713	3600	3713
2022-06-22T02:30:32	1009.4	24.9	30.3	12.6	nan	nan	nan	3707	3600	3707
2022-06-22T03:30:35	1009.0	23.8	30.8	12.6	nan	nan	nan	3745	3600	3745
2022-06-22T04:30:37	1008.8	22.9	31.2	12.6	nan	nan	nan	3632	3600	3632
2022-06-22T05:30:42	1008.4	22.4	31.9	12.7	nan	nan	nan	3767	3600	3767
2022-06-22T06:30:43	1008.6	22.6	32.6	12.8	nan	nan	nan	3776	3600	3776
2022-06-22T07:30:51	1009.1	23.4	33.1	13.2	nan	nan	nan	3692	3600	3692
2022-06-22T08:31:00	1009.1	24.9	33.1	13.4	nan	nan	nan	3648	3600	3648
2022-06-22T09:31:03	1009.0	26.6	32.4	13.6	nan	nan	nan	3666	3600	3666
2022-06-22T10:31:04	1008.8	28.1	31.4	14.2	nan	nan	nan	3724	3600	3724
2022-06-22T11:31:10	1008.9	29.5	30.2	14.4	nan	nan	nan	3733	3600	3733
2022-06-22T12:31:16	1008.9	31.1	29.2	14.1	nan	nan	nan	3849	3600	3849
2022-06-22T13:31:19	1008.6	33.5	27.9	13.7	nan	nan	nan	3689	3600	3689
2022-06-22T14:31:24	1008.2	37.6	25.7	13.6	nan	nan	nan	3854	3600	3854
2022-06-22T15:31:30	1007.8	41.9	23.1	13.4	nan	nan	nan	3772	3600	3772
2022-06-22T16:31:31	1007.4	45.2	21.2	13.4	nan	nan	nan	3742	3600	3742
2022-06-22T17:31:39	1007.3	46.9	20.1	13.5	nan	nan	nan	3837	3600	3837
2022-06-22T18:31:41	1007.3	46.1	20.3	13.5	nan	nan	nan	3867	3600	3867
2022-06-22T19:31:45	1007.6	44.4	21.1	13.3	nan	nan	nan	3761	3600	3761
2022-06-22T20:31:47	1008.0	42.1	22.9	12.9	nan	nan	nan	3744	3600	3744
2022-06-22T21:31:49	1008.4	38.5	24.1	12.8	nan	nan	nan	3716	3600	3716
2022-06-22T22:31:55	1008.9	35.9	24.8	12.7	nan	nan	nan	3755	3600	3755
2022-06-22T23:31:57	1009.4	33.9	25.4	12.7	nan	nan	nan	3721	3600	3721
2022-06-23T00:32:06	1009.6	32.2	26.2	12.7	nan	nan	nan	3671	3600	3671
2022-06-23T01:32:08	1009.9	30.6	27.1	12.7	nan	nan	nan	3662	3600	3662
2022-06-23T02:32:12	1010.0	29.2	27.9	12.7	nan	nan	nan	3599	3600	3599
2022-06-23T03:32:13	1010.2	27.8	28.5	12.6	nan	nan	nan	3629	3600	3629
2022-06-23T04:32:14	1010.6	26.5	29.2	12.6	nan	nan	nan	3634	3600	3634
2022-06-23T05:32:16	1011.1	25.8	30.2	12.7	nan	nan	nan	3681	3600	3681
2022-06-23T06:32:19	1011.4	25.7	31.3	12.9	nan	nan	nan	3677	3600	3677
2022-06-23T07:32:24	1011.7	26.0	32.2	13.2	nan	nan	nan	3560	3600	3560
2022-06-23T08:32:28	1011.8	27.0	32.5	13.3	nan	nan	nan	3615	3600	3615
2022-06-23T09:32:31	1011.8	28.2	32.1	13.5	nan	nan	nan	3645	3600	3645
2022-06-23T10:32:33	1011.5	29.8	31.3	13.8	nan	nan	nan	3683	3600	3683
2022-06-23T11:32:35	1011.2	31.6	30.1	13.8	nan	nan	nan	3779	3600	3779
2022-06-23T12:32:41	1010.9	33.2	28.7	13.8	nan	nan	nan	3731	3600	3731
2022-06-23T13:32:43	1010.4	35.9	27.0	13.7	nan	nan	nan	3730	3600	3730
2022-06-23T14:32:47	1010.0	40.2	24.4	13.6	nan	nan	nan	3790	3600	3790
2022-06-23T15:32:48	1009.5	44.7	21.7	13.4	nan	nan	nan	3704	3600	3704
2022-06-23T16:32:51	1009.0	48.0	19.4	13.4	nan	nan	nan	3836	3600	3836
2022-06-23T17:32:55	1008.7	49.6	18.5	13.4	nan	nan	nan	3687	3600	3687
2022-06-23T18:32:56	1008.4	49.6	18.9	13.4	nan	nan	nan	3807	3600	3807
2022-06-23T19:32:59	1008.4	48.5	20.7	13.2	nan	nan	nan	3713	3600	3713
2022-06-23T20:33:04	1008.4	45.9	23.2	12.9	nan	nan	nan	3717	3600	3717
2022-06-23T21:33:07	1008.5	42.1	24.9	12.8	nan	nan	nan	3889	3600	3889
2022-06-23T22:33:11	1008.5	39.4	25.2	12.7	nan	nan	nan	3787	3600	3787
2022-06-23T23:33:22	1008.2	37.5	25.5	12.7	nan	nan	nan	3756	3600	3756
2022-06-24T00:33:23	1007.9	35.9	26.0	12.7	nan	nan	nan	3779	3600	3779
2022-06-24T01:33:27	1007.7	34.4	26.6	12.7	nan	nan	nan	3706	3600	3706
2022-06-24T02:33:30	1007.5	33.1	27.2	12.7	nan	nan	nan	3856	3600	3856
2022-06-24T03:33:35	1007.3	31.8	27.7	12.6	nan	nan	nan	3926	3600	3926
2022-06-24T04:33:41	1007.2	30.8	28.3	12.6	nan	nan	nan	3845	3600	3845
2022-06-24T05:33:51	1007.0	30.0	29.0	12.7	nan	nan	nan	3858	3600	3858
2022-06-24T06:33:56	1006.9	29.9	29.8	12.9	nan	nan	nan	3874	3600	3874
2022-06-24T07:33:58	1006.6	30.3	30.3	13.2	nan	nan	nan	3807	3600	3807
2022-06-24T08:34:02	1006.1	31.4	30.2	13.3	nan	nan	nan	3932	3600	3932
2022-06-24T09:34:04	1005.6	32.7	29.3	13.5	nan	nan	nan	3842	3600	3842
2022-06-24T10:34:07	1004.9	34.3	27.8	13.7	nan	nan	nan	3796	3600	3796
2022-06-24T11:34:08	1004.5	35.6	26.1	13.7	nan	nan	nan	3854	3600	3854
2022-06-24T12:34:15	1004.0	36.7	24.7	13.6	nan	nan	nan	4011	3600	4011
2022-06-24T13:34:17	1003.3	38.8	22.9	13.6	nan	nan	nan	3964	3600	3964
2022-06-24T14:34:18	1002.7	42.8	20.7	13.5	nan	nan	nan	4115	3600	4115
2022-06-24T15:34:23	1002.4	43.3	20.1	13.5	nan	nan	nan	4019	3600	4019
2022-06-24T16:34:24	1002.0	42.8	20.5	13.5	nan	nan	nan	4061	3600	4061
2022-06-24T17:34:27	1002.6	41.4	21.4	13.3	nan	nan	nan	3942	3600	3942
2022-06-24T18:34:30	1003.1	39.2	22.7	12.9	nan	nan	nan	3971	3600	3971
2022-06-24T19:34:34	1003.2	37.8	23.7	12.8	nan	nan	nan	3944	3600	3944
2022-06-24T20:34:41	1003.3	36.8	24.4	12.8	nan	nan	nan	3852	3600	3852
2022-06-24T21:34:42	1004.1	35.6	25.2	12.7	nan	nan	nan	3840	3600	3840
2022-06-24T22:34:51	1004.4	34.3	26.1	12.7	nan	nan	nan	3812	3600	3812
2022-06-24T23:34:52	1004.6	33.3	27.0	12.7	nan	nan	nan	3943	3600	3943
2022-06-25T00:34:57	1004.7	32.4	27.7	12.7	nan	nan	nan	3905	3600	3905
2022-06-25T01:35:01	1005.2	31.3	28.2	12.7	nan	nan	nan	3771	3600	3771
2022-06-25T02:35:07	1005.0	30.5	28.8	12.6	nan	nan	nan	3898	3600	3898
2022-06-25T03:35:11	1005.1	29.6	29.2	12.6	nan	nan	nan	3807	3600	3807
2022-06-25T04:35:12	1005.6	28.6	29.6	12.6	nan	nan	nan	3863	3600	3863
2022-06-25T05:35:13	1006.1	28.2	30.1	12.7	nan	nan	nan	3806	3600	3806
2022-06-25T06:35:16	1006.8	28.4	30.6	13.0	nan	nan	nan	3855	3600	3855
2022-06-25T07:35:20	1007.1	29.3	30.9	13.4	nan	nan	nan	3770	3600	3770
2022-06-25T08:35:24	1007.4	30.6	30.9	13.7	nan	nan	nan	3659	3600	3659
2022-06-25T09:35:30	1007.5	32.3	30.3	14.3	nan	nan	nan	3884	3600	3884
2022-06-25T10:35:31	1007.8	33.0	30.2	14.3	nan	nan	nan	3803	3600	3803
2022-06-25T11:35:34	1007.8	33.9	30.1	13.7	nan	nan	nan	3897	3600	3897
2022-06-25T12:35:39	1007.8	35.5	29.6	13.7	nan	nan	nan	3719	3600	3719
2022-06-25T13:35:53	1007.7	37.1	28.9	13.7	nan	nan	nan	3764	3600	3764
2022-06-25T14:35:54	1007.5	40.4	27.2	13.5	nan	nan	nan	3844	3600	3844
2022-06-25T15:35:57	1007.4	41.2	26.3	13.6	nan	nan	nan	3904	3600	3904
2022-06-25T16:36:03	1007.2	42.4	25.7	13.5	nan	nan	nan	3848	3600	3848
2022-06-25T17:36:07	1007.5	42.4	25.0	13.2	nan	nan	nan	3870	3600	3870
2022-06-25T18:36:08	1007.9	38.0	27.3	12.9	nan	nan	nan	3838	3600	3838
2022-06-25T19:36:09	1008.2	36.1	28.4	12.8	nan	nan	nan	3807	3600	3807
2022-06-25T20:36:10	1008.3	35.1	28.9	12.7	nan	nan	nan	3723	3600	3723
2022-06-25T21:36:12	1008.7	34.0	29.4	12.7	nan	nan	nan	3760	3600	3760
2022-06-25T22:36:18	1008.8	32.7	29.8	12.7	nan	nan	nan	3693	3600	3693
2022-06-25T23:36:24	1008.9	31.8	30.3	12.7	nan	nan	nan	3709	3600	3709
2022-06-26T00:36:26	1008.8	30.9	30.7	12.7	nan	nan	nan	3686	3600	3686
2022-06-26T01:36:33	1009.0	30.1	31.1	12.6	nan	nan	nan	3677	3600	3677
2022-06-26T02:36:39	1009.2	29.3	31.4	12.6	nan	nan	nan	3826	3600	3826
2022-06-26T03:36:44	1009.2	28.5	31.8	12.6	nan	nan	nan	3716	3600	3716
2022-06-26T04:36:45	1009.5	27.9	32.1	12.6	nan	nan	nan	3703	3600	3703
2022-06-26T05:36:47	1009.9	27.8	32.6	12.6	nan	nan	nan	3707	3600	3707
2022-06-26T06:36:52	1010.2	27.9	33.2	13.0	nan	nan	nan	3721	3600	3721
2022-06-26T07:36:54	1010.3	29.1	33.5	13.4	nan	nan	nan	3606	3600	3606
2022-06-26T08:37:00	1010.6	30.7	33.5	13.4	nan	nan	nan	3773	3600	3773
2022-06-26T09:37:01	1010.5	32.1	33.2	13.8	nan	nan	nan	3667	3600	3667
2022-06-26T10:37:05	1010.6	34.1	32.2	14.3	nan	nan	nan	3680	3600	3680
2022-06-26T11:37:15	1010.6	35.5	31.3	14.2	nan	nan	nan	3866	3600	3866
2022-06-26T12:37:16	1010.4	36.8	30.4	13.7	nan	nan	nan	3823	3600	3823
2022-06-26T13:37:17	1010.3	39.4	28.7	13.6	nan	nan	nan	3741	3600	3741
2022-06-26T14:37:18	1010.2	43.1	26.4	13.5	nan	nan	nan	3737	3600	3737
2022-06-26T15:37:24	1010.0	47.5	23.8	13.3	nan	nan	nan	3868	3600	3868
2022-06-26T16:37:27	1009.8	49.7	22.7	13.4	nan	nan	nan	3825	3600	3825
2022-06-26T17:37:31	1009.6	48.2	23.9	13.3	nan	nan	nan	3833	3600	3833
2022-06-26T18:37:38	1009.4	45.0	26.3	13.3	nan	nan	nan	3829	3600	3829
2022-06-26T19:37:42	1009.5	45.0	26.5	13.2	nan	nan	nan	3729	3600	3729
2022-06-26T20:37:43	1009.6	42.3	27.1	12.8	nan	nan	nan	3836	3600	3836
2022-06-26T21:37:48	1010.1	40.0	27.9	12.7	nan	nan	nan	3665	3600	3665
2022-06-26T22:37:52	1010.0	38.3	28.4	12.7	nan	nan	nan	3829	3600	3829
2022-06-26T23:37:54	1009.9	36.8	28.9	12.7	nan	nan	nan	3731	3600	3731
2022-06-27T00:37:56	1009.5	35.7	29.3	12.7	nan	nan	nan	3795	3600	3795
2022-06-27T01:38:01	1009.2	34.5	29.8	12.7	nan	nan	nan	3817	3600	3817
2022-06-27T02:38:17	1009.3	33.0	30.2	12.7	nan	nan	nan	3780	3600	3780
2022-06-27T03:38:20	1009.3	31.9	30.7	12.6	nan	nan	nan	3872	3600	3872
2022-06-27T04:38:25	1009.7	31.0	31.1	12.6	nan	nan	nan	3681	3600	3681
2022-06-27T05:38:28	1009.5	30.8	31.6	12.7	nan	nan	nan	3693	3600	3693
2022-06-27T06:38:31	1009.4	31.0	32.5	12.9	nan	nan	nan	3713	3600	3713
2022-06-27T07:38:34	1009.4	31.9	33.0	13.2	nan	nan	nan	3751	3600	3751
2022-06-27T08:38:42	1009.3	33.1	32.9	13.3	nan	nan	nan	3659	3600	3659
2022-06-27T09:38:48	1009.0	34.7	32.2	13.5	nan	nan	nan	3837	3600	3837
2022-06-27T10:38:55	1008.8	36.6	30.9	13.7	nan	nan	nan	3766	3600	3766
2022-06-27T11:38:57	1008.5	38.2	29.3	13.7	nan	nan	nan	3955	3600	3955
2022-06-27T12:39:00	1008.2	39.8	27.8	13.6	nan	nan	nan	3887	3600	3887
2022-06-27T13:39:01	1007.9	42.4	26.1	13.5	nan	nan	nan	4029	3600	4029
2022-06-27T14:39:07	1007.7	45.6	24.6	13.4	nan	nan	nan	3884	3600	3884
2022-06-27T15:39:13	1007.6	47.2	24.0	13.4	nan	nan	nan	3786	3600	3786
2022-06-27T16:39:16	1007.6	46.1	24.7	13.5	nan	nan	nan	3909	3600	3909
2022-06-27T17:39:19	1008.2	45.3	24.2	13.3	nan	nan	nan	3728	3600	3728
2022-06-27T18:39:22	1008.9	42.5	24.9	13.0	nan	nan	nan	3747	3600	3747
2022-06-27T19:39:26	1009.5	40.0	26.0	12.8	nan	nan	nan	3688	3600	3688
2022-06-27T20:39:31	1010.0	38.5	27.2	12.7	nan	nan	nan	3777	3600	3777
2022-06-27T21:39:39	1010.9	37.6	27.6	12.7	nan	nan	nan	3638	3600	3638
2022-06-27T22:39:46	1012.1	36.5	28.4	12.7	nan	nan	nan	3588	3600	3588
2022-06-27T23:39:54	1012.7	35.3	29.3	12.7	nan	nan	nan	3613	3600	3613
2022-06-28T00:39:59	1013.1	34.1	30.0	12.7	nan	nan	nan	3698	3600	3698
2022-06-28T01:40:03	1013.8	32.8	30.7	12.6	nan	nan	nan	3431	3600	3431
2022-06-28T02:40:04	1014.0	31.3	31.5	12.6	nan	nan	nan	3369	3600	3369
2022-06-28T03:40:05	1014.2	30.2	32.5	12.6	nan	nan	nan	3519	3600	3519
2022-06-28T04:40:10	1015.3	29.3	33.6	12.6	nan	nan	nan	3536	3600	3536
2022-06-28T05:40:14	1016.2	28.6	34.2	12.6	nan	nan	nan	3394	3600	3394
2022-06-28T06:40:22	1016.2	27.9	34.9	12.6	nan	nan	nan	3538	3600	3538
2022-06-28T07:40:24	1016.1	27.5	36.1	13.1	nan	nan	nan	3609	3600	3609
2022-06-28T08:40:29	1016.5	27.7	37.0	13.3	nan	nan	nan	3569	3600	3569
2022-06-28T09:40:33	1017.2	28.3	37.2	13.6	nan	nan	nan	3546	3600	3546
2022-06-28T10:40:37	1017.6	29.2	36.6	14.4	nan	nan	nan	3543	3600	3543
2022-06-28T11:40:43	1017.6	30.0	35.4	14.3	nan	nan	nan	3464	3600	3464
2022-06-28T12:40:44	1017.4	31.2	34.0	14.1	nan	nan	nan	3620	3600	3620
2022-06-28T13:40:49	1017.2	33.4	32.0	13.8	nan	nan	nan	3554	3600	3554
2022-06-28T14:40:53	1017.0	37.9	28.3	13.6	nan	nan	nan	3657	3600	3657
2022-06-28T15:40:59	1016.3	41.2	25.0	13.5	nan	nan	nan	3652	3600	3652
2022-06-28T16:41:03	1016.0	43.7	22.6	13.5	nan	nan	nan	3575	3600	3575
2022-06-28T17:41:06	1015.6	46.2	21.1	13.5	nan	nan	nan	3764	3600	3764
2022-06-28T18:41:11	1015.3	46.8	20.9	13.5	nan	nan	nan	3661	3600	3661
2022-06-28T19:41:19	1015.0	45.0	22.2	13.3	nan	nan	nan	3706	3600	3706
2022-06-28T20:41:25	1015.4	42.4	23.9	13.0	nan	nan	nan	3701	3600	3701
2022-06-28T21:41:32	1015.8	38.7	25.2	12.8	nan	nan	nan	3645	3600	3645
2022-06-28T22:41:33	1016.1	35.9	26.2	12.7	nan	nan	nan	3585	3600	3585
2022-06-28T23:41:37	1016.0	34.1	27.0	12.7	nan	nan	nan	3673	3600	3673
2022-06-29T00:41:42	1015.6	32.9	27.6	12.7	nan	nan	nan	3575	3600	3575
2022-06-29T01:41:43	1015.3	31.6	28.3	12.7	nan	nan	nan	3683	3600	3683
2022-06-29T02:41:50	1014.8	30.4	28.9	12.7	nan	nan	nan	3667	3600	3667
2022-06-29T03:41:55	1014.7	29.2	29.5	12.6	nan	nan	nan	3603	3600	3603
2022-06-29T04:41:58	1014.7	28.1	30.1	12.6	nan	nan	nan	3664	3600	3664
2022-06-29T05:41:59	1014.8	27.4	30.7	12.7	nan	nan	nan	3606	3600	3606
2022-06-29T06:42:02	1015.0	27.4	31.5	12.9	nan	nan	nan	3602	3600	3602
2022-06-29T07:42:04	1014.7	28.1	32.3	13.3	nan	nan	nan	3652	3600	3652
2022-06-29T08:42:10	1014.5	29.1	32.4	13.6	nan	nan	nan	3664	3600	3664
2022-06-29T09:42:15	1014.3	30.1	31.8	13.9	nan	nan	nan	3780	3600	3780
2022-06-29T10:42:18	1014.1	31.7	30.5	13.8	nan	nan	nan	3726	3600	3726
2022-06-29T11:42:20	1013.8	32.5	29.4	13.8	nan	nan	nan	3767	3600	3767
2022-06-29T12:42:31	1013.3	33.2	28.4	13.8	nan	nan	nan	3833	3600	3833
2022-06-29T13:42:34	1012.9	34.2	27.1	13.8	nan	nan	nan	3770	3600	3770
2022-06-29T14:42:36	1012.6	35.8	26.0	13.7	nan	nan	nan	3775	3600	3775
2022-06-29T15:42:39	1012.2	37.0	24.6	13.7	nan	nan	nan	3809	3600	3809
2022-06-29T16:42:41	1011.9	35.6	24.3	13.7	nan	nan	nan	3920	3600	3920
2022-06-29T17:42:42	1011.3	38.5	23.0	13.7	nan	nan	nan	3944	3600	3944
2022-06-29T18:42:44	1010.9	39.6	21.8	13.6	nan	nan	nan	3860	3600	3860
2022-06-29T19:42:46	1010.9	39.9	21.6	13.4	nan	nan	nan	3827	3600	3827
2022-06-29T20:42:48	1010.9	37.3	22.9	12.9	nan	nan	nan	3715	3600	3715
2022-06-29T21:42:54	1011.0	34.7	24.2	12.8	nan	nan	nan	3820	3600	3820
2022-06-29T22:42:57	1010.9	33.2	24.9	12.7	nan	nan	nan	3800	3600	3800
2022-06-29T23:43:02	1010.7	31.9	25.6	12.7	nan	nan	nan	3696	3600	3696
2022-06-30T00:43:07	1010.4	30.9	26.4	12.7	nan	nan	nan	3855	3600	3855
2022-06-30T01:43:09	1010.2	30.1	27.3	12.7	nan	nan	nan	3918	3600	3918
2022-06-30T02:43:17	1010.0	29.6	27.9	12.7	nan	nan	nan	3825	3600	3825
2022-06-30T03:43:25	1009.8	29.1	28.4	12.6	nan	nan	nan	3808	3600	3808
2022-06-30T04:43:33	1009.4	28.8	29.1	12.6	nan	nan	nan	3870	3600	3870
2022-06-30T05:43:36	1009.1	28.6	29.7	12.7	nan	nan	nan	3822	3600	3822
2022-06-30T06:43:46	1009.0	29.0	30.3	13.1	nan	nan	nan	3932	3600	3932
2022-06-30T07:43:50	1009.1	29.6	30.7	13.2	nan	nan	nan	3733	3600	3733
2022-06-30T08:43:54	1009.3	30.1	30.9	13.5	nan	nan	nan	3953	3600	3953
2022-06-30T09:43:59	1009.1	31.1	30.8	13.9	nan	nan	nan	3777	3600	3777
2022-06-30T10:44:08	1008.7	32.2	30.6	14.3	nan	nan	nan	3873	3600	3873
2022-06-30T11:44:09	1008.7	33.5	30.2	14.3	nan	nan	nan	3825	3600	3825
2022-06-30T12:44:10	1008.5	35.0	29.8	13.7	nan	nan	nan	3841	3600	3841
2022-06-30T13:44:12	1008.2	36.8	28.9	13.7	nan	nan	nan	3811	3600	3811
2022-06-30T14:44:18	1007.9	38.7	27.9	13.6	nan	nan	nan	3899	3600	3899
2022-06-30T15:44:20	1007.8	42.3	25.4	13.5	nan	nan	nan	3778	3600	3778
2022-06-30T16:44:26	1007.6	45.4	23.6	13.5	nan	nan	nan	3922	3600	3922
2022-06-30T17:44:28	1007.1	48.1	22.4	13.4	nan	nan	nan	3786	3600	3786
2022-06-30T18:44:34	1006.9	46.4	23.6	13.4	nan	nan	nan	3834	3600	3834
2022-06-30T19:44:36	1007.0	44.2	25.2	13.2	nan	nan	nan	4067	3600	4067
2022-06-30T20:44:41	1007.2	41.8	26.4	12.8	nan	nan	nan	3711	3600	3711
2022-06-30T21:44:43	1007.5	39.0	27.4	12.7	nan	nan	nan	3903	3600	3903
2022-06-30T22:44:45	1007.4	37.4	28.1	12.7	nan	nan	nan	3776	3600	3776
2022-06-30T23:44:47	1007.3	36.0	28.7	12.7	nan	nan	nan	3671	3600	3671
2022-07-01T00:44:52	1007.4	34.8	29.3	12.7	nan	nan	nan	3822	3600	3822
2022-07-01T01:44:53	1007.3	33.7	29.9	12.7	nan	nan	nan	3777	3600	3777
2022-07-01T02:44:59	1007.1	32.9	30.5	12.7	nan	nan	nan	3809	3600	3809
2022-07-01T03:45:07	1006.8	32.0	31.2	12.6	nan	nan	nan	3804	3600	3804
2022-07-01T04:45:13	1007.1	31.4	32.0	12.6	nan	nan	nan	3897	3600	3897
2022-07-01T05:45:14	1007.3	31.2	33.2	12.8	nan	nan	nan	3679	3600	3679
2022-07-01T06:45:17	1008.2	31.3	33.9	12.8	nan	nan	nan	3787	3600	3787
2022-07-01T07:45:26	1008.5	31.6	34.1	13.2	nan	nan	nan	3721	3600	3721
2022-07-01T08:45:27	1008.6	32.1	34.5	13.6	nan	nan	nan	3881	3600	3881
2022-07-01T09:45:33	1009.0	32.8	34.3	14.1	nan	nan	nan	3754	3600	3754
2022-07-01T10:45:38	1010.2	31.7	34.0	13.1	nan	nan	nan	3796	3600	3796
2022-07-01T11:45:42	1011.1	29.5	34.5	12.9	nan	nan	nan	3428	3600	3428
2022-07-01T12:45:47	1011.7	28.5	35.3	13.2	nan	nan	nan	3415	3600	3415
2022-07-01T13:45:51	1011.2	28.3	36.7	14.3	nan	nan	nan	3406	3600	3406
2022-07-01T14:45:59	1012.1	28.3	37.5	13.5	nan	nan	nan	3315	3600	3315
2022-07-01T15:46:12	1013.0	27.6	37.6	13.1	nan	nan	nan	3357	3600	3357
2022-07-01T16:46:14	1013.4	27.1	37.9	13.3	nan	nan	nan	3421	3600	3421
2022-07-01T17:46:21	1014.0	26.5	38.3	13.1	nan	nan	nan	3308	3600	3308
2022-07-01T18:46:29	1014.5	26.2	38.5	12.9	nan	nan	nan	3299	3600	3299
2022-07-01T19:46:30	1015.0	26.0	38.5	12.7	nan	nan	nan	3200	3600	3200
2022-07-01T20:46:35	1015.6	25.7	38.3	12.7	nan	nan	nan	3299	3600	3299
2022-07-01T21:46:36	1016.9	25.3	38.1	12.6	nan	nan	nan	3209	3600	3209
2022-07-01T22:46:41	1017.2	24.9	37.8	12.6	nan	nan	nan	3183	3600	3183
2022-07-01T23:46:48	1017.5	24.4	37.6	12.6	nan	nan	nan	3206	3600	3206
2022-07-02T00:46:51	1017.8	23.8	37.3	12.6	nan	nan	nan	3253	3600	3253
2022-07-02T01:46:57	1017.9	23.1	37.0	12.6	nan	nan	nan	3183	3600	3183
2022-07-02T02:47:03	1018.0	22.4	36.7	12.5	nan	nan	nan	3229	3600	3229
2022-07-02T03:47:04	1018.3	21.9	36.7	12.5	nan	nan	nan	3298	3600	3298
2022-07-02T04:47:11	1018.8	21.4	36.6	12.5	nan	nan	nan	3162	3600	3162
2022-07-02T05:47:14	1019.2	21.5	37.0	12.6	nan	nan	nan	3208	3600	3208
2022-07-02T06:47:19	1019.5	21.9	37.4	12.9	nan	nan	nan	3179	3600	3179
2022-07-02T07:47:28	1020.0	22.7	37.5	13.2	nan	nan	nan	3243	3600	3243
2022-07-02T08:47:37	1020.3	23.9	37.3	13.4	nan	nan	nan	3337	3600	3337
2022-07-02T09:47:42	1020.7	25.3	36.7	13.6	nan	nan	nan	3259	3600	3259
2022-07-02T10:47:46	1020.5	26.7	35.7	14.1	nan	nan	nan	3230	3600	3230
2022-07-02T11:47:48	1020.3	28.1	34.5	14.0	nan	nan	nan	3279	3600	3279
2022-07-02T12:47:55	1019.9	29.6	33.2	13.8	nan	nan	nan	3380	3600	3380
2022-07-02T13:48:00	1019.6	32.5	31.3	13.7	nan	nan	nan	3230	3600	3230
2022-07-02T14:48:04	1019.1	37.6	28.1	13.6	nan	nan	nan	3404	3600	3404
2022-07-02T15:48:13	1018.6	42.0	25.1	13.5	nan	nan	nan	3285	3600	3285
2022-07-02T16:48:20	1018.0	44.6	23.0	13.5	nan	nan	nan	3257	3600	3257
2022-07-02T17:48:29	1017.5	46.0	22.2	13.5	nan	nan	nan	3387	3600	3387
2022-07-02T18:48:36	1017.0	45.6	22.8	13.4	nan	nan	nan	3437	3600	3437
2022-07-02T19:48:38	1016.8	43.3	24.0	13.2	nan	nan	nan	3341	3600	3341
2022-07-02T20:48:45	1016.7	40.2	25.5	12.9	nan	nan	nan	3503	3600	3503
2022-07-02T21:48:49	1016.6	36.7	26.7	12.8	nan	nan	nan	3392	3600	3392
2022-07-02T22:48:50	1016.6	34.4	27.4	12.7	nan	nan	nan	3424	3600	3424
2022-07-02T23:48:51	1016.5	32.6	28.1	12.7	nan	nan	nan	3425	3600	3425
2022-07-03T00:48:55	1016.4	31.2	28.6	12.7	nan	nan	nan	3328	3600	3328
2022-07-03T01:48:57	1016.3	29.9	29.1	12.7	nan	nan	nan	3357	3600	3357
2022-07-03T02:49:05	1015.8	28.7	29.5	12.7	nan	nan	nan	3262	3600	3262
2022-07-03T03:49:16	1015.6	27.6	29.9	12.6	nan	nan	nan	3364	3600	3364
2022-07-03T04:49:17	1015.5	26.7	30.4	12.6	nan	nan	nan	3406	3600	3406
2022-07-03T05:49:20	1015.4	26.2	31.2	12.7	nan	nan	nan	3477	3600	3477
2022-07-03T06:49:21	1015.1	26.3	32.0	12.9	nan	nan	nan	3372	3600	3372
2022-07-03T07:49:22	1014.8	27.0	32.6	13.2	nan	nan	nan	3559	3600	3559
2022-07-03T08:49:24	1014.5	28.4	32.4	13.3	nan	nan	nan	3462	3600	3462
2022-07-03T09:49:29	1014.1	29.8	31.6	13.5	nan	nan	nan	3555	3600	3555
2022-07-03T10:49:33	1013.8	31.3	30.4	14.0	nan	nan	nan	3444	3600	3444
2022-07-03T11:49:39	1013.6	33.1	28.8	14.3	nan	nan	nan	3497	3600	3497
2022-07-03T12:49:45	1013.0	34.6	27.8	14.1	nan	nan	nan	3549	3600	3549
2022-07-03T13:49:48	1012.5	37.4	26.4	13.7	nan	nan	nan	3543	3600	3543
2022-07-03T14:49:50	1012.1	40.6	24.7	13.6	nan	nan	nan	3565	3600	3565
2022-07-03T15:49:53	1011.7	44.1	22.6	13.5	nan	nan	nan	3570	3600	3570
2022-07-03T16:49:56	1011.4	46.4	21.5	13.5	nan	nan	nan	3586	3600	3586
2022-07-03T17:50:04	1010.9	47.8	21.2	13.4	nan	nan	nan	3652	3600	3652
2022-07-03T18:50:08	1010.6	48.8	21.2	13.4	nan	nan	nan	3569	3600	3569
2022-07-03T19:50:09	1010.2	45.9	23.1	13.1	nan	nan	nan	3634	3600	3634
2022-07-03T20:50:16	1010.1	43.3	24.9	12.8	nan	nan	nan	3636	3600	3636
2022-07-03T21:50:20	1010.0	40.0	26.1	12.8	nan	nan	nan	3798	3600	3798
2022-07-03T22:50:23	1010.4	37.8	26.7	12.7	nan	nan	nan	3517	3600	3517
2022-07-03T23:50:25	1011.1	36.0	26.8	12.7	nan	nan	nan	3588	3600	3588
2022-07-04T00:50:34	1011.7	34.2	27.5	12.7	nan	nan	nan	3652	3600	3652
2022-07-04T01:50:35	1011.6	32.9	28.2	12.7	nan	nan	nan	3512	3600	3512
2022-07-04T02:50:45	1012.3	31.4	29.0	12.6	nan	nan	nan	3568	3600	3568
2022-07-04T03:50:50	1012.6	30.1	29.9	12.6	nan	nan	nan	3476	3600	3476
2022-07-04T04:50:59	1013.1	29.0	30.6	12.6	nan	nan	nan	3473	3600	3473
2022-07-04T05:51:03	1013.7	28.3	31.6	12.7	nan	nan	nan	3536	3600	3536
2022-07-04T06:51:10	1014.2	28.0	32.7	12.9	nan	nan	nan	3508	3600	3508
2022-07-04T07:51:13	1014.7	28.0	33.8	13.3	nan	nan	nan	3534	3600	3534
2022-07-04T08:51:14	1015.0	28.4	34.4	13.8	nan	nan	nan	3432	3600	3432
2022-07-04T09:51:15	1015.1	28.8	34.2	14.4	nan	nan	nan	3643	3600	3643
2022-07-04T10:51:18	1015.1	29.6	33.6	14.4	nan	nan	nan	3627	3600	3627
2022-07-04T11:51:21	1015.1	30.8	32.4	13.9	nan	nan	nan	3548	3600	3548
2022-07-04T12:51:24	1014.7	31.6	31.4	13.8	nan	nan	nan	3677	3600	3677
2022-07-04T13:51:31	1014.5	33.4	29.6	13.7	nan	nan	nan	3748	3600	3748
2022-07-04T14:51:35	1014.3	36.3	27.1	13.6	nan	nan	nan	3617	3600	3617
2022-07-04T15:51:36	1014.2	40.6	23.9	13.5	nan	nan	nan	3555	3600	3555
2022-07-04T16:51:45	1013.8	43.2	21.8	13.5	nan	nan	nan	3599	3600	3599
2022-07-04T17:51:53	1013.5	42.4	21.0	13.5	nan	nan	nan	3737	3600	3737
2022-07-04T18:51:58	1013.5	41.9	21.4	13.4	nan	nan	nan	3674	3600	3674
2022-07-04T19:52:00	1013.6	40.6	22.3	13.2	nan	nan	nan	3703	3600	3703
2022-07-04T20:52:10	1013.9	38.3	23.5	12.8	nan	nan	nan	3583	3600	3583
2022-07-04T21:52:16	1014.2	34.9	24.6	12.7	nan	nan	nan	3645	3600	3645
2022-07-04T22:52:26	1014.5	32.5	25.4	12.7	nan	nan	nan	3579	3600	3579
2022-07-04T23:52:36	1015.0	30.7	26.2	12.7	nan	nan	nan	3575	3600	3575
2022-07-05T00:52:38	1014.9	29.1	26.9	12.7	nan	nan	nan	3630	3600	3630
2022-07-05T01:52:43	1014.9	27.8	27.6	12.7	nan	nan	nan	3609	3600	3609
2022-07-05T02:52:44	1015.2	26.6	28.3	12.6	nan	nan	nan	3529	3600	3529
2022-07-05T03:52:49	1015.3	25.6	28.9	12.6	nan	nan	nan	3618	3600	3618
2022-07-05T04:52:51	1015.5	24.7	29.4	12.6	nan	nan	nan	3661	3600	3661
2022-07-05T05:53:00	1015.9	24.2	30.1	12.7	nan	nan	nan	3539	3600	3539
2022-07-05T06:53:03	1016.5	24.6	30.7	13.0	nan	nan	nan	3511	3600	3511
2022-07-05T07:53:06	1016.8	25.2	31.1	13.3	nan	nan	nan	3546	3600	3546
2022-07-05T08:53:07	1017.1	26.1	31.2	13.5	nan	nan	nan	3617	3600	3617
2022-07-05T09:53:08	1017.0	27.1	31.0	14.0	nan	nan	nan	3576	3600	3576
2022-07-05T10:53:14	1016.8	28.2	30.4	14.5	nan	nan	nan	3630	3600	3630
2022-07-05T13:52:22	1016.0	32.4	26.3	13.6	508.2	12.4	2.1	3555	3600	3555
2022-07-05T14:52:32	1015.7	37.0	23.0	13.6	1016.2	25.0	8.5	3690	3600	3690
2022-07-05T15:52:35	1015.5	38.0	22.0	13.6	1016.0	25.1	8.4	3761	3600	3761
2022-07-05T16:52:38	1015.4	37.6	21.4	13.7	1016.0	24.2	7.8	3750	3600	3750
2022-07-05T17:52:48	1015.4	36.6	21.4	13.7	1016.0	23.7	7.2	3769	3600	3769
2022-07-05T18:52:51	1015.5	36.9	20.7	13.6	1016.2	22.9	7.0	3562	3600	3562
2022-07-05T19:52:53	1015.7	36.1	20.6	13.4	1016.4	22.1	6.8	3658	3600	3658
2022-07-05T20:52:58	1015.9	34.6	21.2	13.0	1016.7	19.4	7.1	3678	3600	3678
2022-07-05T21:53:02	1016.1	32.1	22.1	12.8	1017.0	16.6	7.5	3654	3600	3654
2022-07-05T22:53:04	1016.4	30.6	22.9	12.7	1017.3	16.9	7.6	3684	3600	3684
2022-07-05T23:53:07	1016.8	29.4	23.6	12.7	1017.6	16.2	7.8	3751	3600	3751
2022-07-06T00:53:10	1016.9	28.1	24.3	12.7	1017.8	14.8	8.3	3607	3600	3607
2022-07-06T01:53:11	1017.1	27.0	24.9	12.7	1017.9	13.7	8.6	3501	3600	3501
2022-07-06T02:53:19	1017.2	26.0	25.6	12.7	1017.9	13.9	9.0	3512	3600	3512
2022-07-06T03:53:23	1017.3	25.3	26.3	12.6	1018.0	14.5	9.5	3583	3600	3583
2022-07-06T04:53:24	1017.6	24.8	27.0	12.6	1018.3	14.2	9.4	3637	3600	3637
2022-07-06T05:53:29	1017.7	24.4	27.7	12.7	1018.4	14.7	9.5	3553	3600	3553
2022-07-06T06:53:36	1017.8	24.3	28.7	13.0	1018.5	15.3	9.3	3526	3600	3526
2022-07-06T07:53:44	1017.9	24.5	30.0	13.3	1018.5	16.6	9.3	3592	3600	3592
2022-07-06T08:53:52	1018.0	25.0	30.8	13.6	1018.7	17.2	8.6	3661	3600	3661
2022-07-06T09:53:56	1018.2	25.9	30.7	14.2	1018.8	18.2	8.2	3707	3600	3707
2022-07-06T10:54:00	1018.3	26.5	30.1	14.5	1018.9	18.2	7.7	3646	3600	3646
2022-07-06T11:54:01	1018.2	27.2	29.1	14.2	1018.9	18.8	7.6	3591	3600	3591
2022-07-06T12:54:06	1018.1	28.2	28.2	13.9	1018.7	19.6	7.7	3650	3600	3650
2022-07-06T13:54:10	1017.8	29.3	27.4	13.9	1018.4	20.2	7.6	3592	3600	3592
2022-07-06T14:54:20	1017.7	30.1	26.4	13.8	1018.3	19.7	7.4	3680	3600	3680
2022-07-06T15:54:21	1017.8	28.8	26.4	13.6	1018.5	18.7	7.5	3714	3600	3714
2022-07-06T16:54:31	1017.6	29.0	26.3	13.9	1018.2	19.4	7.8	3659	3600	3659
2022-07-06T17:54:33	1017.2	29.8	25.9	13.8	1017.9	19.2	7.7	3730	3600	3730
2022-07-06T18:54:34	1016.8	29.2	25.9	13.4	1017.5	18.4	7.9	3667	3600	3667
2022-07-06T19:54:42	1016.6	28.3	26.2	13.0	1017.3	17.9	7.9	3749	3600	3749
2022-07-06T20:54:53	1016.4	27.5	26.5	12.8	1017.1	16.2	8.0	3599	3600	3599
2022-07-06T21:54:55	1016.2	26.3	26.6	12.7	1016.9	14.1	8.2	3607	3600	3607
2022-07-06T22:54:58	1015.8	25.3	26.8	12.7	1016.5	14.2	7.9	3708	3600	3708
2022-07-06T23:55:02	1015.4	24.8	27.1	12.7	1016.1	15.1	7.5	3781	3600	3781
2022-07-07T00:55:07	1015.0	24.5	27.5	12.7	1015.6	14.9	7.5	3785	3600	3785
2022-07-07T01:55:13	1014.6	24.2	27.8	12.6	1015.4	14.8	7.8	3588	3600	3588
2022-07-07T02:55:15	1014.4	23.5	28.2	12.6	1015.0	13.7	9.3	3686	3600	3686
2022-07-07T03:55:18	1013.7	22.9	28.5	12.6	1014.3	12.7	10.0	3656	3600	3656
2022-07-07T04:55:19	1013.2	22.4	29.0	12.6	1013.8	12.9	10.4	3675	3600	3675
2022-07-07T05:55:24	1012.7	22.1	29.7	12.6	1013.2	12.8	10.7	3510	3600	3510
2022-07-07T06:55:30	1012.2	21.9	30.4	12.6	1012.7	12.8	10.9	3552	3600	3552
2022-07-07T07:55:38	1012.1	21.8	31.2	12.7	1012.5	13.2	11.2	3521	3600	3521
2022-07-07T08:55:42	1011.9	21.8	32.1	12.8	1012.4	13.9	11.7	3459	3600	3459
2022-07-07T09:55:52	1011.7	22.1	32.9	13.2	1012.2	14.6	12.2	3459	3600	3459
2022-07-07T10:55:59	1011.7	22.6	33.6	13.4	1012.1	15.5	12.6	3512	3600	3512
2022-07-07T11:56:02	1011.8	23.1	34.2	13.5	1012.3	16.2	12.8	3389	3600	3389
2022-07-07T12:56:03	1012.0	23.3	35.0	13.7	1012.4	16.9	13.2	3580	3600	3580
2022-07-07T13:56:09	1011.9	25.4	34.7	14.3	1012.4	18.6	13.7	3441	3600	3441
2022-07-07T14:56:12	1011.9	28.4	33.5	14.3	1012.2	21.0	14.2	3490	3600	3490
2022-07-07T15:56:15	1012.1	30.1	32.0	14.0	1012.5	19.8	13.7	3451	3600	3451
2022-07-07T16:56:22	1012.4	29.2	33.1	14.1	1012.8	19.7	13.0	3455	3600	3455
2022-07-07T17:56:25	1012.9	29.8	32.9	13.3	1013.4	18.1	12.9	3455	3600	3455
2022-07-07T18:56:32	1013.3	27.4	33.9	13.0	1013.9	17.1	13.3	3331	3600	3331
2022-07-07T19:56:37	1014.3	26.4	35.4	12.8	1014.9	15.4	11.7	3391	3600	3391
2022-07-07T20:56:39	1015.2	25.5	36.2	12.8	1015.8	15.2	11.5	3385	3600	3385
2022-07-07T21:56:45	1016.3	24.9	36.3	12.7	1016.9	15.3	11.0	3433	3600	3433
2022-07-07T22:56:50	1016.9	24.4	36.5	12.7	1017.5	15.2	10.3	3341	3600	3341
2022-07-07T23:56:55	1017.6	24.1	36.5	12.7	1018.2	15.0	10.2	3386	3600	3386
2022-07-08T00:56:57	1018.2	23.8	36.5	12.7	1018.8	14.9	10.2	3219	3600	3219
2022-07-08T01:56:59	1018.6	23.5	36.5	12.6	1019.1	14.3	10.3	3341	3600	3341
2022-07-08T02:57:00	1019.0	23.1	36.7	12.6	1019.5	14.7	10.8	3368	3600	3368
2022-07-08T03:57:08	1019.3	22.9	37.1	12.6	1019.9	14.5	11.0	3257	3600	3257
2022-07-08T04:57:14	1020.0	22.8	37.6	12.6	1020.5	14.4	10.9	3356	3600	3356
2022-07-08T05:57:22	1020.7	22.7	38.4	12.6	1021.2	14.4	10.8	3389	3600	3389
2022-07-08T06:57:24	1021.1	22.6	38.9	12.6	1021.6	14.3	10.5	3185	3600	3185
2022-07-08T07:57:30	1021.7	22.7	39.1	12.9	1022.2	14.4	10.0	3349	3600	3349
2022-07-08T08:57:37	1022.0	23.1	39.1	13.4	1022.5	15.8	10.0	3382	3600	3382
2022-07-08T09:58:02	1022.4	24.0	38.7	13.6	1022.9	16.0	9.9	3239	3600	3239
2022-07-08T10:58:06	1022.7	24.0	38.2	13.8	1023.1	16.2	9.7	3225	3600	3225
2022-07-08T11:58:11	1022.6	25.1	37.4	14.5	1023.0	18.6	9.8	3302	3600	3302
2022-07-08T12:58:16	1022.3	26.9	36.0	14.4	1022.8	20.0	9.4	3305	3600	3305
2022-07-08T13:58:18	1022.3	27.4	34.5	13.8	1022.8	19.3	9.2	3252	3600	3252
2022-07-08T14:58:22	1022.3	26.8	34.0	13.7	1022.9	18.9	9.6	3338	3600	3338
2022-07-08T15:58:29	1022.4	26.9	34.1	13.9	1022.9	18.8	10.6	3251	3600	3251
2022-07-08T16:58:35	1022.1	27.5	34.1	13.8	1022.6	19.7	10.8	3336	3600	3336
2022-07-08T17:58:41	1021.8	30.9	32.4	13.9	1022.1	21.3	10.9	3283	3600	3283
2022-07-08T18:58:48	1021.4	32.0	31.2	13.7	1021.8	21.3	10.3	3323	3600	3323
2022-07-08T19:58:52	1021.2	32.4	30.8	13.4	1021.7	20.5	10.3	3321	3600	3321
2022-07-08T20:59:02	1021.2	30.1	31.4	12.9	1021.9	18.3	10.0	3346	3600	3346
2022-07-08T21:59:03	1021.5	28.3	31.7	12.8	1022.0	16.9	9.9	3357	3600	3357
2022-07-08T22:59:06	1021.3	27.2	31.8	12.8	1022.0	15.5	10.1	3398	3600	3398
2022-07-08T23:59:12	1021.2	26.2	31.9	12.7	1021.8	14.7	10.3	3314	3600	3314
2022-07-09T00:59:18	1021.1	25.3	32.1	12.7	1021.7	13.9	10.0	3355	3600	3355
2022-07-09T01:59:19	1021.1	24.4	32.3	12.7	1021.7	12.9	9.7	3387	3600	3387
2022-07-09T02:59:24	1020.9	23.5	32.5	12.7	1021.3	11.9	9.6	3437	3600	3437
2022-07-09T03:59:28	1020.5	22.8	32.9	12.6	1021.0	12.6	9.9	3364	3600	3364
2022-07-09T04:59:34	1020.5	22.6	33.5	12.6	1021.0	13.1	10.1	3362	3600	3362
2022-07-09T05:59:42	1020.5	22.4	34.1	12.6	1021.0	13.5	10.1	3335	3600	3335
2022-07-09T06:59:50	1020.5	22.5	34.4	12.8	1021.0	14.3	10.5	3432	3600	3432
2022-07-09T07:59:57	1020.1	23.3	34.8	13.4	1020.6	15.7	10.7	3657	3600	3657
2022-07-09T09:00:05	1019.9	24.2	35.0	13.6	1020.4	16.4	10.7	3507	3600	3507
2022-07-09T10:00:09	1019.7	24.6	35.1	13.7	1020.2	16.7	11.0	3423	3600	3423
2022-07-09T11:00:12	1019.4	25.1	35.3	14.5	1019.9	18.1	11.5	3414	3600	3414
2022-07-09T12:00:23	1018.8	26.9	35.0	14.4	1019.2	20.1	11.4	3422	3600	3422
2022-07-09T13:00:26	1018.4	28.0	34.5	14.0	1018.8	20.2	11.3	3440	3600	3440
2022-07-09T14:00:31	1017.9	27.6	34.9	13.9	1018.4	18.8	12.5	3456	3600	3456
2022-07-09T15:00:36	1017.4	27.7	35.5	13.8	1017.8	17.8	11.9	3395	3600	3395
2022-07-09T16:00:38	1016.8	27.9	35.5	13.9	1017.2	18.2	12.6	3360	3600	3360
2022-07-09T17:00:39	1016.2	28.3	35.5	13.6	1016.7	18.9	12.0	3434	3600	3434
2022-07-09T18:00:47	1015.8	29.4	35.1	13.9	1016.2	20.2	11.9	3448	3600	3448
2022-07-09T19:00:53	1015.5	33.1	32.5	13.7	1015.9	20.3	11.9	3415	3600	3415
2022-07-09T20:00:56	1015.7	30.7	33.1	13.1	1016.3	17.9	10.9	3387	3600	3387
2022-07-09T21:01:00	1016.2	28.3	33.2	12.8	1017.0	16.2	8.9	3508	3600	3508
2022-07-09T22:01:05	1016.8	26.9	32.9	12.8	1017.4	14.7	8.5	3401	3600	3401
2022-07-09T23:01:11	1017.0	25.7	32.7	12.7	1017.5	13.8	8.2	3482	3600	3482
2022-07-10T00:01:14	1016.8	24.8	32.7	12.7	1017.4	13.8	8.4	3418	3600	3418
2022-07-10T01:01:18	1016.6	24.3	32.9	12.7	1017.2	13.9	8.5	3390	3600	3390
2022-07-10T02:01:23	1016.4	23.8	33.1	12.6	1017.1	13.7	8.7	3276	3600	3276
2022-07-10T03:01:31	1016.1	23.1	33.6	12.7	1016.6	13.4	8.5	3511	3600	3511
2022-07-10T04:01:39	1015.8	22.6	34.0	12.6	1016.4	13.0	8.7	3411	3600	3411
2022-07-10T05:01:43	1015.8	22.1	34.5	12.6	1016.3	12.8	8.8	3416	3600	3416
2022-07-10T06:01:50	1015.6	21.9	35.0	12.8	1016.1	13.2	9.1	3414	3600	3414
2022-07-10T07:01:55	1015.6	22.1	35.5	13.1	1016.1	13.9	9.2	3544	3600	3544
2022-07-10T08:01:59	1015.6	22.5	36.0	13.6	1016.1	14.8	8.9	3325	3600	3325
2022-07-10T09:02:04	1015.6	22.9	36.2	13.7	1016.1	15.2	8.6	3485	3600	3485
2022-07-10T10:02:09	1015.6	23.5	35.8	14.6	1016.2	15.7	8.5	3597	3600	3597
2022-07-10T11:02:10	1015.7	24.1	35.1	14.6	1016.3	16.4	8.4	3472	3600	3472
2022-07-10T12:02:12	1015.7	24.7	34.1	14.4	1016.4	16.7	8.1	3459	3600	3459
2022-07-10T13:02:18	1015.7	25.2	33.5	14.0	1016.3	17.6	8.1	3536	3600	3536
2022-07-10T14:02:19	1015.7	26.1	32.6	13.9	1016.4	18.3	7.7	3554	3600	3554
2022-07-10T15:02:24	1015.6	27.4	31.2	13.9	1016.2	19.1	7.8	3460	3600	3460
2022-07-10T16:02:29	1015.4	28.5	29.6	13.9	1016.0	19.2	7.4	3592	3600	3592
2022-07-10T17:02:30	1015.1	29.5	28.5	13.9	1015.6	20.0	7.3	3518	3600	3518
2022-07-10T18:02:35	1015.0	29.8	27.1	13.9	1015.7	19.4	7.3	3622	3600	3622
2022-07-10T19:02:36	1015.2	28.5	26.9	13.5	1015.9	18.5	7.5	3610	3600	3610
2022-07-10T20:02:52	1015.3	27.8	27.2	13.3	1016.2	17.8	7.7	3525	3600	3525
2022-07-10T21:03:02	1015.8	27.0	27.6	12.9	1016.6	15.8	8.0	3577	3600	3577
2022-07-10T22:03:04	1016.1	25.6	27.9	12.8	1016.9	14.0	8.0	3521	3600	3521
2022-07-10T23:03:07	1016.4	24.6	28.2	12.7	1017.2	13.1	8.2	3493	3600	3493
2022-07-11T00:03:10	1016.5	23.8	28.7	12.7	1017.2	13.0	8.3	3457	3600	3457
2022-07-11T01:03:11	1016.4	23.2	29.0	12.7	1017.0	12.2	8.3	3496	3600	3496
2022-07-11T02:03:18	1016.3	22.4	29.3	12.7	1016.9	11.4	8.3	3524	3600	3524
2022-07-11T03:03:24	1016.2	21.6	29.6	12.7	1016.8	10.7	8.3	3506	3600	3506
2022-07-11T04:03:28	1016.4	20.9	29.9	12.6	1016.9	10.2	8.2	3445	3600	3445
2022-07-11T05:03:33	1016.6	20.2	30.2	12.6	1017.0	10.2	8.3	3417	3600	3417
2022-07-11T06:03:37	1016.5	20.1	30.9	12.7	1017.1	11.7	8.8	3525	3600	3525
2022-07-11T07:03:38	1016.9	20.4	32.2	13.0	1017.4	13.1	9.1	3488	3600	3488
2022-07-11T08:03:43	1017.1	21.1	33.2	13.3	1017.6	15.0	9.5	3495	3600	3495
2022-07-11T09:03:49	1017.3	22.1	33.8	13.5	1017.9	16.6	9.6	3457	3600	3457
2022-07-11T10:03:51	1017.3	23.3	34.0	13.8	1017.8	18.1	9.8	3436	3600	3436
2022-07-11T11:03:53	1017.2	24.7	33.7	14.5	1017.8	19.5	9.7	3597	3600	3597
2022-07-11T12:03:57	1017.2	26.5	33.0	14.4	1017.8	20.1	9.4	3496	3600	3496
2022-07-11T13:04:08	1017.1	27.6	32.3	14.2	1017.6	21.0	8.9	3496	3600	3496
2022-07-11T14:04:09	1016.8	30.0	30.9	13.9	1017.2	22.9	8.6	3693	3600	3693
2022-07-11T15:04:13	1016.7	32.5	28.9	13.8	1017.2	23.1	8.3	3576	3600	3576
2022-07-11T16:04:17	1016.7	34.9	26.7	13.8	1017.3	22.8	8.1	3757	3600	3757
2022-07-11T17:04:23	1016.8	32.3	27.2	13.9	1017.4	22.5	8.1	3624	3600	3624
2022-07-11T18:04:29	1016.7	33.3	26.6	13.8	1017.3	22.6	8.2	3507	3600	3507
2022-07-11T19:04:30	1016.7	35.3	25.4	13.6	1017.4	22.4	7.6	3572	3600	3572
2022-07-11T20:04:31	1017.0	35.2	25.2	13.3	1017.7	21.0	8.4	3610	3600	3610
2022-07-11T21:04:35	1017.4	32.5	26.4	12.8	1018.3	18.0	8.4	3671	3600	3671
2022-07-11T22:04:39	1017.8	29.7	27.1	12.7	1018.6	14.7	8.7	3480	3600	3480
2022-07-11T23:04:43	1018.0	28.1	27.8	12.8	1018.8	16.1	8.8	3440	3600	3440
2022-07-12T00:04:45	1018.2	27.0	28.3	12.7	1018.9	14.4	8.8	3417	3600	3417
2022-07-12T01:04:46	1018.3	25.9	28.8	12.7	1019.0	13.8	8.8	3537	3600	3537
2022-07-12T02:04:49	1018.3	24.8	29.2	12.7	1019.0	11.4	8.7	3520	3600	3520
2022-07-12T03:04:56	1018.5	23.4	29.5	12.7	1019.1	10.6	8.7	3428	3600	3428
2022-07-12T04:04:58	1018.8	22.5	30.0	12.6	1019.4	11.4	8.8	3499	3600	3499
2022-07-12T05:05:00	1019.1	21.8	30.5	12.6	1019.6	10.6	8.4	3524	3600	3524
2022-07-12T06:05:06	1019.3	21.4	31.1	12.7	1019.9	12.7	9.0	3521	3600	3521
2022-07-12T07:05:11	1019.6	21.9	31.8	13.0	1020.2	15.6	9.8	3510	3600	3510
2022-07-12T08:05:14	1019.8	22.9	32.4	13.3	1020.3	18.1	9.7	3456	3600	3456
2022-07-12T09:05:17	1019.7	24.3	32.5	13.4	1020.2	20.4	9.2	3539	3600	3539
2022-07-12T10:05:25	1019.5	25.7	32.1	13.6	1020.1	22.1	8.5	3445	3600	3445
2022-07-12T11:05:28	1019.5	27.1	31.4	14.2	1020.0	23.1	8.8	3498	3600	3498
2022-07-12T12:05:31	1019.3	28.5	30.5	14.4	1019.8	23.7	8.9	3608	3600	3608
2022-07-12T13:05:32	1019.2	29.7	29.8	14.3	1019.7	24.9	8.9	3526	3600	3526
2022-07-12T14:05:37	1018.9	32.6	28.1	13.7	1019.4	25.7	9.0	3410	3600	3410
2022-07-12T15:05:40	1018.7	34.7	26.5	13.7	1019.2	25.7	8.8	3465	3600	3465
2022-07-12T16:05:46	1018.4	38.3	24.1	13.6	1018.8	27.6	8.9	3555	3600	3555
2022-07-12T17:05:50	1018.1	40.9	22.1	13.6	1018.5	27.1	8.9	3481	3600	3481
2022-07-12T18:05:57	1017.6	41.5	21.1	13.6	1018.1	27.1	8.9	3561	3600	3561
2022-07-12T19:06:04	1017.5	41.1	21.0	13.5	1018.1	26.0	9.0	3443	3600	3443
2022-07-12T20:06:38	1017.4	38.2	22.3	13.0	1018.1	23.2	8.9	3475	3600	3475
2022-07-12T21:06:43	1017.5	35.3	23.7	12.8	1018.2	20.2	9.0	3463	3600	3463
2022-07-12T22:06:44	1017.7	33.5	24.5	12.8	1018.5	19.1	8.9	3428	3600	3428
2022-07-12T23:06:46	1017.7	31.9	25.3	12.7	1018.5	17.1	9.1	3433	3600	3433
2022-07-13T00:06:58	1017.8	30.2	25.9	12.7	1018.6	15.0	9.1	3289	3600	3289
2022-07-13T01:07:02	1017.5	28.7	26.6	12.7	1018.2	14.2	9.4	3598	3600	3598
2022-07-13T02:07:09	1017.1	27.6	27.2	12.7	1017.8	14.7	10.1	3455	3600	3455
2022-07-13T03:07:11	1016.8	27.1	27.9	12.7	1017.5	15.8	10.3	3457	3600	3457
2022-07-13T04:07:19	1016.5	26.5	28.5	12.6	1017.1	15.7	10.3	3478	3600	3478
2022-07-13T05:07:23	1016.3	26.1	28.9	12.6	1016.9	16.0	10.5	3483	3600	3483
2022-07-13T06:07:24	1016.2	26.0	29.3	12.7	1016.8	17.1	10.7	3529	3600	3529
2022-07-13T07:07:25	1016.0	26.3	29.6	12.9	1016.6	18.7	11.2	3553	3600	3553
2022-07-13T08:07:33	1015.8	27.1	29.7	13.3	1016.2	20.5	11.6	3432	3600	3432
2022-07-13T09:07:41	1015.3	28.4	29.5	13.8	1015.7	22.8	11.7	3393	3600	3393
2022-07-13T10:07:44	1014.8	30.3	29.1	14.4	1015.2	25.3	11.3	3569	3600	3569
2022-07-13T11:07:46	1014.5	32.2	28.6	14.3	1014.9	26.8	11.3	3526	3600	3526
2022-07-13T12:07:50	1014.3	33.6	28.2	13.8	1014.7	27.2	10.8	3548	3600	3548
2022-07-13T13:07:52	1013.8	34.6	27.9	13.7	1014.2	28.2	10.2	3526	3600	3526
2022-07-13T14:07:54	1013.2	35.4	27.4	13.7	1013.6	28.2	9.7	3669	3600	3669
2022-07-13T15:08:00	1012.4	37.4	26.5	13.6	1012.9	29.7	8.9	3595	3600	3595
2022-07-13T16:08:02	1011.8	38.8	25.5	13.6	1012.2	30.4	8.9	3638	3600	3638
2022-07-13T17:08:03	1011.2	43.1	22.8	13.5	1011.8	31.0	9.5	3453	3600	3453
2022-07-13T18:08:08	1010.8	41.4	23.3	13.6	1011.4	29.7	10.4	3588	3600	3588
2022-07-13T19:08:14	1010.7	40.0	24.4	13.2	1011.3	28.6	10.5	3570	3600	3570
2022-07-13T20:08:15	1011.2	38.3	25.0	12.9	1011.9	27.0	10.7	3651	3600	3651
2022-07-13T21:08:25	1011.9	37.0	25.0	12.8	1012.6	25.3	10.4	3542	3600	3542
2022-07-13T22:08:26	1012.5	35.7	25.1	12.8	1013.2	23.7	10.0	3602	3600	3602
2022-07-13T23:08:33	1013.0	34.6	25.3	12.7	1013.7	22.4	10.0	3505	3600	3505
2022-07-14T00:08:34	1013.2	33.4	25.8	12.7	1014.0	19.5	10.4	3618	3600	3618
2022-07-14T01:08:48	1013.3	32.0	26.4	12.7	1014.0	18.4	10.6	3460	3600	3460
2022-07-14T02:08:56	1013.6	30.8	27.0	12.7	1014.4	17.6	10.7	3523	3600	3523
2022-07-14T03:09:00	1013.9	29.7	27.8	12.7	1014.6	16.8	10.8	3566	3600	3566
2022-07-14T04:09:03	1014.3	28.5	28.6	12.6	1015.0	15.2	10.2	3671	3600	3671
2022-07-14T05:09:04	1014.6	27.3	29.2	12.6	1015.4	13.8	9.9	3567	3600	3567
2022-07-14T06:09:08	1015.0	26.2	29.8	12.7	1015.6	14.0	9.8	3531	3600	3531
2022-07-14T07:09:11	1015.1	25.9	30.7	13.1	1015.8	15.5	9.8	3441	3600	3441
2022-07-14T08:09:13	1015.2	25.9	31.6	13.4	1015.9	16.8	9.3	3586	3600	3586
2022-07-14T09:09:15	1014.8	26.3	31.9	13.5	1015.4	18.1	8.8	3595	3600	3595
2022-07-14T10:09:17	1014.3	26.8	31.6	13.7	1014.9	19.2	8.4	3621	3600	3621
2022-07-14T11:09:21	1013.8	27.8	30.8	14.4	1014.2	20.7	7.7	3646	3600	3646
2022-07-14T12:09:28	1013.5	29.2	29.3	14.4	1014.0	21.8	7.2	3789	3600	3789
2022-07-14T13:09:35	1012.8	30.4	28.1	14.0	1013.3	23.4	7.2	3683	3600	3683
2022-07-14T14:09:36	1012.2	33.4	26.2	13.7	1012.8	24.4	7.0	3836	3600	3836
2022-07-14T15:09:44	1012.0	37.4	23.9	13.6	1012.6	25.5	7.2	3693	3600	3693
2022-07-14T16:09:46	1011.5	39.3	22.3	13.6	1012.1	24.4	7.3	3787	3600	3787
2022-07-14T17:09:49	1011.3	35.9	23.0	13.8	1012.0	22.6	6.8	3842	3600	3842
2022-07-14T18:09:50	1011.3	34.8	22.7	13.8	1012.0	22.3	7.3	3834	3600	3834
2022-07-14T19:09:53	1011.4	35.8	21.3	13.5	1012.1	21.1	7.3	3804	3600	3804
2022-07-14T20:09:58	1011.7	34.1	21.2	13.2	1012.6	19.6	7.2	3641	3600	3641
2022-07-14T21:10:06	1012.4	31.7	21.8	12.8	1013.3	18.2	7.4	3852	3600	3852
2022-07-14T22:10:12	1013.0	30.0	22.7	12.7	1014.0	16.2	7.6	3654	3600	3654
2022-07-14T23:10:18	1013.4	28.4	23.6	12.7	1014.3	14.4	7.8	3590	3600	3590
2022-07-15T00:10:24	1013.6	27.1	24.3	12.7	1014.5	13.8	8.2	3619	3600	3619
2022-07-15T01:10:25	1013.8	25.9	25.1	12.7	1014.6	13.1	8.4	3647	3600	3647
2022-07-15T02:10:27	1014.0	24.8	25.8	12.7	1014.7	12.4	8.4	3594	3600	3594
2022-07-15T03:10:33	1014.1	23.8	26.5	12.6	1014.8	11.8	8.6	3600	3600	3600
2022-07-15T04:10:35	1014.2	22.9	27.2	12.6	1014.9	11.8	8.8	3638	3600	3638
2022-07-15T05:10:39	1014.6	22.3	28.0	12.6	1015.2	11.9	8.9	3666	3600	3666
2022-07-15T06:10:47	1014.8	22.1	29.1	12.8	1015.4	13.0	9.1	3587	3600	3587
2022-07-15T07:10:57	1015.1	22.4	30.3	13.3	1015.8	14.1	9.0	3545	3600	3545
2022-07-15T08:11:02	1015.6	23.0	31.1	13.8	1016.2	15.2	9.0	3679	3600	3679
2022-07-15T09:11:05	1015.7	24.0	31.4	14.4	1016.3	16.3	8.4	3606	3600	3606
2022-07-15T10:11:12	1015.8	24.5	31.3	14.5	1016.5	16.8	7.9	3710	3600	3710
2022-07-15T11:11:13	1016.0	25.2	30.9	14.4	1016.6	17.6	8.1	3544	3600	3544
2022-07-15T12:11:16	1016.0	26.1	30.3	13.9	1016.6	18.2	7.4	3781	3600	3781
2022-07-15T13:11:22	1016.0	27.2	29.4	13.9	1016.6	19.1	7.5	3545	3600	3545
2022-07-15T14:11:26	1016.0	27.8	28.4	13.9	1016.7	19.1	7.4	3609	3600	3609
2022-07-15T15:11:28	1015.9	28.8	27.6	13.8	1016.5	19.9	7.7	3650	3600	3650
2022-07-15T16:11:37	1015.9	29.8	26.7	13.9	1016.5	19.9	7.4	3772	3600	3772
2022-07-15T17:11:40	1015.7	31.6	25.6	13.8	1016.3	20.9	7.5	3707	3600	3707
2022-07-15T18:11:42	1015.4	33.2	24.4	13.8	1016.0	20.4	7.4	3718	3600	3718
2022-07-15T19:11:57	1015.3	31.2	25.0	13.4	1016.0	19.3	7.6	3658	3600	3658
2022-07-15T20:11:58	1015.2	29.5	25.6	13.0	1015.9	18.1	7.9	3734	3600	3734
2022-07-15T21:11:59	1015.2	28.2	26.0	12.7	1016.1	16.4	7.9	3592	3600	3592
2022-07-15T22:12:01	1015.3	27.1	26.3	12.7	1016.1	15.5	8.4	3691	3600	3691
2022-07-15T23:12:06	1015.2	26.4	26.7	12.7	1016.0	15.6	8.7	3578	3600	3578
2022-07-16T00:12:10	1015.1	25.9	27.1	12.7	1015.9	15.5	8.8	3743	3600	3743
2022-07-16T01:12:16	1015.0	25.4	27.4	12.7	1015.7	15.2	8.8	3657	3600	3657
2022-07-16T02:12:19	1014.6	24.9	27.7	12.6	1015.3	14.8	9.1	3625	3600	3625
2022-07-16T03:12:25	1014.0	24.4	28.1	12.6	1014.6	14.4	9.0	3622	3600	3622
2022-07-16T04:12:29	1013.3	23.9	28.4	12.6	1013.9	14.6	8.7	3667	3600	3667
2022-07-16T05:12:31	1012.9	23.7	28.7	12.6	1013.5	14.5	8.8	3632	3600	3632
2022-07-16T06:12:37	1012.4	23.6	29.0	12.6	1013.0	15.4	8.6	3667	3600	3667
2022-07-16T07:12:43	1012.2	23.8	29.7	12.7	1012.9	16.3	8.9	3670	3600	3670
2022-07-16T08:12:44	1012.8	23.6	30.6	12.9	1013.5	14.5	10.8	3772	3600	3772
2022-07-16T09:12:50	1013.1	23.6	32.6	13.7	1013.8	16.4	11.1	3608	3600	3608
2022-07-16T10:12:53	1013.6	24.6	34.5	14.2	1014.2	17.9	9.9	3578	3600	3578
2022-07-16T11:12:57	1014.0	25.9	33.9	14.4	1014.6	19.6	8.7	3660	3600	3660
2022-07-16T12:13:01	1014.6	26.9	32.5	14.5	1015.3	19.4	8.2	3854	3600	3854
2022-07-16T13:13:06	1015.0	27.7	30.6	13.9	1015.6	21.0	7.0	3797	3600	3797
2022-07-16T14:13:07	1015.5	29.4	27.3	13.8	1016.2	21.0	6.6	3698	3600	3698
2022-07-16T15:13:10	1015.9	31.3	24.4	13.8	1016.6	21.5	6.3	3672	3600	3672
2022-07-16T16:13:13	1016.2	32.2	22.5	13.8	1017.0	21.5	6.3	3765	3600	3765
2022-07-16T17:13:23	1016.6	33.4	21.0	13.8	1017.3	21.7	6.5	3753	3600	3753
2022-07-16T18:13:28	1017.2	34.6	20.1	13.8	1017.9	21.3	6.8	3628	3600	3628
2022-07-16T19:13:30	1017.7	34.5	20.0	13.6	1018.5	20.4	6.8	3697	3600	3697
2022-07-16T20:13:32	1018.3	32.8	20.6	13.3	1019.2	18.7	6.9	3640	3600	3640
2022-07-16T21:13:34	1019.2	30.3	21.4	12.8	1020.1	16.6	7.0	3615	3600	3615
2022-07-16T22:13:37	1019.9	28.5	22.3	12.8	1020.9	15.0	7.1	3539	3600	3539
2022-07-16T23:13:41	1020.5	27.1	23.0	12.7	1021.5	13.4	7.3	3633	3600	3633
2022-07-17T00:13:43	1021.0	25.7	23.7	12.7	1021.8	12.3	7.4	3688	3600	3688
2022-07-17T01:13:48	1021.3	24.5	24.3	12.7	1022.0	11.5	7.3	3513	3600	3513
2022-07-17T02:13:49	1021.5	23.4	24.8	12.7	1022.1	10.6	7.5	3538	3600	3538
2022-07-17T03:13:55	1021.5	22.2	25.3	12.6	1022.0	9.1	7.5	3616	3600	3616
2022-07-17T04:13:59	1021.5	21.1	25.7	12.6	1022.0	8.6	7.4	3568	3600	3568
2022-07-17T05:14:00	1021.9	20.1	26.1	12.6	1022.3	7.8	7.7	3530	3600	3530
2022-07-17T06:14:06	1022.4	19.8	26.7	12.7	1022.9	10.8	8.6	3507	3600	3507
2022-07-17T07:14:10	1022.6	20.4	27.6	13.2	1023.2	13.1	8.8	3528	3600	3528
2022-07-17T08:14:15	1023.0	21.8	28.2	13.7	1023.6	14.9	8.8	3388	3600	3388
2022-07-17T09:14:23	1023.2	23.0	28.5	14.6	1023.9	16.3	8.3	3548	3600	3548
2022-07-17T10:14:26	1023.3	24.1	28.7	14.5	1024.0	16.7	8.1	3543	3600	3543
2022-07-17T11:14:29	1023.4	24.9	28.8	14.4	1024.0	17.7	8.4	3437	3600	3437
2022-07-17T12:14:32	1023.1	25.9	28.7	13.9	1023.7	18.8	8.3	3478	3600	3478
2022-07-17T13:14:40	1022.9	27.2	28.4	13.8	1023.5	20.9	8.1	3431	3600	3431
2022-07-17T14:14:47	1022.6	30.3	26.9	13.8	1023.0	22.7	7.9	3507	3600	3507
2022-07-17T15:14:48	1022.1	34.8	24.4	13.6	1022.6	23.9	7.8	3462	3600	3462
2022-07-17T16:14:54	1021.8	38.9	21.7	13.6	1022.3	24.5	7.5	3595	3600	3595
2022-07-17T17:14:58	1021.5	40.9	20.1	13.6	1022.0	24.7	7.0	3648	3600	3648
2022-07-17T18:14:59	1021.1	41.5	19.5	13.6	1021.7	24.3	7.2	3497	3600	3497
2022-07-17T19:15:06	1020.9	40.4	20.0	13.5	1021.6	23.6	7.5	3657	3600	3657
2022-07-17T20:15:11	1021.1	38.1	21.5	13.1	1021.8	20.9	8.0	3483	3600	3483
2022-07-17T21:15:13	1021.4	34.0	23.1	12.8	1022.3	16.4	8.0	3604	3600	3604
2022-07-17T22:15:17	1021.3	31.6	24.0	12.8	1022.2	14.8	8.4	3532	3600	3532
2022-07-17T23:15:22	1021.4	29.9	24.6	12.7	1022.2	14.0	8.8	3497	3600	3497
2022-07-18T00:15:27	1021.2	28.4	25.3	12.7	1022.0	13.6	9.5	3618	3600	3618
2022-07-18T01:15:35	1021.5	27.2	25.9	12.7	1022.2	13.3	9.9	3439	3600	3439
2022-07-18T02:15:43	1021.6	26.2	26.5	12.7	1022.2	12.9	9.7	3503	3600	3503
2022-07-18T03:15:47	1021.5	25.1	27.0	12.6	1022.0	11.9	9.4	3558	3600	3558
2022-07-18T04:15:52	1021.4	24.0	27.4	12.6	1021.8	11.1	9.1	3497	3600	3497
2022-07-18T05:15:57	1021.3	23.1	27.8	12.6	1021.8	10.9	9.3	3520	3600	3520
2022-07-18T06:16:05	1021.2	22.9	28.4	12.7	1021.7	13.9	10.5	3309	3600	3309
2022-07-18T07:16:08	1021.2	23.6	28.8	13.1	1021.7	17.3	10.6	3423	3600	3423
2022-07-18T08:16:12	1021.1	24.9	29.0	13.4	1021.5	20.5	10.3	3499	3600	3499
2022-07-18T09:16:18	1020.9	26.7	28.7	13.6	1021.4	22.8	9.2	3472	3600	3472
2022-07-18T10:16:27	1020.9	28.4	28.1	14.4	1021.3	23.8	8.8	3493	3600	3493
2022-07-18T11:16:33	1020.7	30.5	27.2	14.3	1021.1	25.1	8.1	3716	3600	3716
2022-07-18T12:16:37	1020.5	32.4	26.3	13.9	1020.9	26.4	8.3	3596	3600	3596
2022-07-18T13:16:41	1020.0	34.6	25.2	13.7	1020.4	27.1	8.4	3631	3600	3631
2022-07-18T14:16:45	1019.5	37.1	24.1	13.7	1019.9	28.1	8.2	3640	3600	3640
2022-07-18T15:16:49	1019.0	39.3	23.3	13.6	1019.5	29.0	8.4	3730	3600	3730
2022-07-18T16:16:54	1018.5	40.4	22.9	13.6	1019.0	28.9	8.5	3641	3600	3641
2022-07-18T17:16:55	1018.1	40.4	23.5	13.6	1018.5	29.4	8.5	3723	3600	3723
2022-07-18T18:17:02	1017.5	40.0	23.9	13.6	1018.0	28.1	8.8	3705	3600	3705
2022-07-18T19:17:07	1017.2	41.1	23.8	13.4	1017.7	27.4	9.1	3710	3600	3710
2022-07-18T20:17:11	1016.9	39.6	24.5	13.0	1017.5	24.2	9.5	3815	3600	3815
2022-07-18T21:17:16	1016.8	36.8	25.5	12.8	1017.5	21.6	9.4	3790	3600	3790
2022-07-18T22:17:25	1016.7	34.7	26.0	12.7	1017.4	19.6	9.7	3795	3600	3795
2022-07-18T23:17:33	1016.5	33.1	26.5	12.7	1017.2	18.8	9.7	3660	3600	3660
2022-07-19T00:17:40	1016.4	31.8	26.9	12.7	1017.1	17.4	9.4	3815	3600	3815
2022-07-19T01:17:43	1016.2	30.4	27.2	12.7	1016.9	16.2	9.4	3626	3600	3626
2022-07-19T02:17:45	1016.2	29.2	27.6	12.7	1016.9	15.6	9.5	3680	3600	3680
2022-07-19T03:17:51	1016.1	28.1	28.0	12.6	1016.8	14.4	9.3	3625	3600	3625
2022-07-19T04:18:00	1016.0	26.7	28.5	12.6	1016.6	13.5	9.5	3768	3600	3768
2022-07-19T05:18:09	1016.0	25.7	29.0	12.7	1016.6	14.2	9.9	3651	3600	3651
2022-07-19T06:18:17	1016.2	25.6	29.6	12.8	1016.8	16.8	10.8	3568	3600	3568
2022-07-19T07:18:21	1016.4	26.3	29.9	13.1	1016.9	20.7	10.2	3612	3600	3612
2022-07-19T08:18:25	1016.4	27.8	29.8	13.3	1016.8	23.9	10.3	3581	3600	3581
2022-07-19T09:18:31	1016.4	29.5	29.3	13.5	1016.9	26.9	9.9	3586	3600	3586
2022-07-19T10:18:32	1016.4	31.8	28.2	13.8	1016.8	29.6	9.1	3566	3600	3566
2022-07-19T11:18:36	1016.2	34.3	26.7	14.2	1016.6	31.3	8.7	3703	3600	3703
2022-07-19T12:18:38	1015.7	36.7	25.3	14.2	1016.2	33.7	8.5	3764	3600	3764
2022-07-19T13:18:45	1015.3	39.0	24.2	13.6	1015.8	34.4	7.9	3687	3600	3687
2022-07-19T14:18:48	1015.1	42.6	22.6	13.5	1015.6	34.6	7.3	3686	3600	3686
2022-07-19T15:18:54	1014.7	46.3	20.3	13.4	1015.3	35.5	7.0	3826	3600	3826
2022-07-19T16:19:03	1014.3	49.6	18.4	13.3	1014.9	35.4	6.8	3763	3600	3763
2022-07-19T17:19:05	1014.0	51.9	17.5	13.3	1014.7	35.5	6.9	3773	3600	3773
2022-07-19T18:19:06	1013.8	51.9	17.7	13.4	1014.4	34.5	6.9	3823	3600	3823
2022-07-19T19:19:09	1013.8	49.7	19.0	13.2	1014.5	32.5	7.7	3661	3600	3661
2022-07-19T20:19:14	1013.9	46.3	20.9	12.9	1014.6	28.7	8.4	3748	3600	3748
2022-07-19T21:19:23	1014.1	43.2	22.4	12.8	1014.8	26.5	8.2	3831	3600	3831
2022-07-19T22:19:24	1014.1	40.9	23.3	12.8	1014.9	23.8	8.7	3768	3600	3768
2022-07-19T23:19:29	1014.2	39.1	24.0	12.7	1015.0	24.2	8.8	3773	3600	3773
2022-07-20T00:19:35	1014.6	37.7	24.6	12.7	1015.2	23.4	9.1	3708	3600	3708
2022-07-20T01:19:41	1014.6	36.3	25.2	12.7	1015.3	22.9	9.5	3571	3600	3571
2022-07-20T02:19:43	1014.4	35.0	25.8	12.7	1015.0	22.3	9.8	3626	3600	3626
2022-07-20T03:19:44	1014.2	34.0	26.3	12.7	1014.9	21.4	9.8	3754	3600	3754
2022-07-20T04:19:45	1014.0	32.7	26.8	12.7	1014.8	18.9	10.1	3692	3600	3692
2022-07-20T05:19:51	1014.1	31.5	27.3	12.7	1014.9	19.8	10.0	3708	3600	3708
2022-07-20T06:19:53	1014.4	31.2	27.8	12.8	1015.0	21.6	10.1	3661	3600	3661
2022-07-20T07:19:58	1014.5	31.6	28.1	13.1	1015.0	24.1	10.4	3608	3600	3608
2022-07-20T08:20:03	1014.7	32.4	28.1	13.3	1015.2	27.1	11.0	3673	3600	3673
2022-07-20T09:20:15	1014.7	34.0	27.7	13.4	1015.2	29.8	11.2	3729	3600	3729
2022-07-20T10:20:22	1014.6	36.1	26.8	13.9	1015.1	33.0	11.1	3648	3600	3648
2022-07-20T11:20:38	1014.4	38.5	25.4	14.1	1015.0	35.0	9.9	3674	3600	3674
2022-07-20T12:20:43	1014.0	40.8	23.8	13.9	1014.6	36.9	9.1	3782	3600	3782
2022-07-20T13:20:48	1013.6	42.8	22.1	13.5	1014.2	37.8	8.7	3776	3600	3776
2022-07-20T14:20:49	1013.0	46.4	20.0	13.3	1013.6	38.6	8.7	3711	3600	3711
2022-07-20T15:20:54	1012.4	50.0	18.1	13.3	1013.1	38.0	8.4	3784	3600	3784
2022-07-20T16:21:00	1012.0	51.3	17.1	13.3	1012.6	37.4	8.7	3732	3600	3732
2022-07-20T17:21:02	1011.6	51.1	17.0	13.4	1012.2	36.7	8.6	3929	3600	3929
2022-07-20T18:21:06	1011.2	52.0	16.6	13.3	1011.8	36.1	8.6	3815	3600	3815
2022-07-20T19:21:11	1010.8	50.7	17.5	13.1	1011.5	34.3	8.6	3873	3600	3873
2022-07-20T20:21:17	1010.8	47.8	18.7	12.8	1011.5	30.9	8.8	3923	3600	3923
2022-07-20T21:21:19	1010.7	44.9	20.0	12.8	1011.3	28.2	8.9	3854	3600	3854
2022-07-20T22:21:22	1010.7	42.8	21.0	12.7	1011.4	26.7	9.2	3802	3600	3802
2022-07-20T23:21:26	1010.7	41.2	21.7	12.6	1011.4	24.9	10.0	3690	3600	3690
2022-07-21T00:21:28	1010.9	39.5	22.5	12.7	1011.5	23.8	10.0	3829	3600	3829
2022-07-21T01:21:36	1010.7	38.1	23.2	12.7	1011.2	24.4	9.7	3950	3600	3950
2022-07-21T02:21:44	1010.2	37.1	23.8	12.7	1010.8	24.6	9.9	3849	3600	3849
2022-07-21T03:21:46	1010.0	36.2	24.2	12.7	1010.6	24.0	9.9	3827	3600	3827
2022-07-21T04:21:48	1009.9	35.2	24.6	12.6	1010.5	22.7	10.0	3850	3600	3850
2022-07-21T05:21:51	1010.4	34.2	25.0	12.7	1011.1	22.6	10.1	3704	3600	3704
2022-07-21T06:21:54	1011.4	33.7	25.5	12.8	1012.0	22.2	11.2	3760	3600	3760
2022-07-21T07:21:57	1012.2	33.2	26.2	12.9	1012.8	22.2	11.4	3707	3600	3707
2022-07-21T08:22:07	1012.5	33.1	26.7	13.3	1013.0	23.7	11.8	3727	3600	3727
2022-07-21T09:22:12	1013.2	33.8	27.0	13.9	1013.6	25.4	12.0	3738	3600	3738
2022-07-21T10:22:13	1013.3	34.8	26.8	14.3	1013.8	27.1	11.7	3739	3600	3739
2022-07-21T11:22:17	1013.6	35.8	26.4	13.7	1014.2	26.9	11.6	3777	3600	3777
2022-07-21T12:22:18	1014.0	35.2	26.6	13.7	1014.5	25.2	11.8	3819	3600	3819
2022-07-21T13:22:19	1013.9	34.2	27.2	13.7	1014.2	23.6	13.6	3643	3600	3643
2022-07-21T14:22:26	1013.5	35.7	26.9	13.9	1013.8	26.4	14.7	3568	3600	3568
2022-07-21T15:22:27	1013.0	38.9	25.6	13.6	1013.4	27.5	13.8	3708	3600	3708
2022-07-21T16:22:30	1013.5	38.1	26.0	13.7	1013.9	24.7	14.7	3734	3600	3734
2022-07-21T17:22:38	1013.1	38.9	26.0	13.5	1013.5	24.8	14.7	3805	3600	3805
2022-07-21T18:22:45	1013.2	36.4	27.0	13.0	1013.6	21.9	16.2	3716	3600	3716
2022-07-21T19:22:52	1013.0	34.3	27.9	12.8	1013.6	20.4	16.4	3622	3600	3622
2022-07-21T20:23:01	1013.3	32.9	28.6	12.7	1013.6	19.9	16.5	3308	3600	3308
2022-07-21T21:23:06	1013.3	31.9	29.0	12.7	1013.7	19.2	16.0	3391	3600	3391
2022-07-21T22:23:12	1013.1	31.1	29.4	12.7	1013.5	19.1	16.1	3479	3600	3479
2022-07-21T23:23:16	1013.1	30.4	29.9	12.7	1013.5	19.1	16.3	3376	3600	3376
2022-07-22T00:23:20	1013.2	29.8	30.2	12.7	1013.6	19.1	16.0	3319	3600	3319
2022-07-22T01:23:31	1013.3	29.2	30.6	12.7	1013.7	18.9	15.3	3471	3600	3471
2022-07-22T02:23:39	1013.6	28.6	31.1	12.6	1014.0	18.3	14.7	3417	3600	3417
2022-07-22T03:23:42	1013.6	28.0	31.6	12.6	1014.0	18.0	14.5	3455	3600	3455
2022-07-22T04:23:45	1013.7	27.3	32.1	12.6	1014.1	17.4	14.2	3383	3600	3383
2022-07-22T05:23:50	1013.8	26.9	32.4	12.6	1014.2	17.4	14.2	3450	3600	3450
2022-07-22T06:24:00	1013.9	26.7	32.6	12.8	1014.4	18.1	14.6	3370	3600	3370
2022-07-22T07:24:01	1014.1	27.0	33.0	13.2	1014.4	19.1	14.9	3404	3600	3404
2022-07-22T08:24:04	1014.1	27.8	33.2	13.6	1014.4	20.8	15.0	3388	3600	3388
2022-07-22T09:24:07	1014.2	28.9	33.3	14.2	1014.5	21.6	14.8	3466	3600	3466
2022-07-22T10:24:13	1014.6	29.0	34.0	14.2	1014.9	20.4	15.1	3476	3600	3476
2022-07-22T11:24:15	1014.7	29.4	34.5	14.4	1015.0	21.6	14.9	3471	3600	3471
2022-07-22T12:24:19	1014.8	30.7	34.5	14.0	1015.1	22.3	14.7	3442	3600	3442
2022-07-22T13:24:29	1014.8	31.6	34.3	13.8	1015.1	21.6	14.1	3502	3600	3502
2022-07-22T14:24:32	1014.7	32.0	34.0	13.8	1015.0	22.2	13.5	3472	3600	3472
2022-07-22T15:24:34	1014.6	33.9	32.5	13.7	1014.9	23.8	13.0	3532	3600	3532
2022-07-22T16:24:45	1014.5	37.9	28.6	13.6	1014.8	23.7	12.6	3526	3600	3526
2022-07-22T17:24:52	1014.1	39.7	26.1	13.6	1014.4	23.6	12.4	3482	3600	3482
2022-07-22T18:24:54	1013.9	39.4	25.5	13.5	1014.3	22.5	12.3	3502	3600	3502
2022-07-22T19:25:02	1013.7	36.4	26.8	13.2	1014.1	21.0	12.2	3497	3600	3497
2022-07-22T20:25:03	1013.7	34.0	27.9	12.8	1014.2	19.1	12.2	3524	3600	3524
2022-07-22T21:25:08	1013.8	32.0	28.6	12.8	1014.4	17.7	12.0	3618	3600	3618
2022-07-22T22:25:16	1013.9	30.6	29.0	12.7	1014.5	16.2	11.9	3487	3600	3487
2022-07-22T23:25:21	1014.1	29.2	29.4	12.7	1014.6	15.3	12.1	3510	3600	3510
2022-07-23T00:25:23	1014.1	28.1	29.8	12.7	1014.6	15.3	12.3	3435	3600	3435
2022-07-23T01:25:29	1013.5	27.2	30.2	12.7	1014.0	15.2	11.8	3540	3600	3540
2022-07-23T02:25:35	1013.3	26.4	30.5	12.7	1013.8	14.5	11.4	3684	3600	3684
2022-07-23T03:25:43	1013.0	25.6	30.9	12.6	1013.5	14.6	11.2	3585	3600	3585
2022-07-23T04:25:52	1013.0	25.1	31.2	12.6	1013.6	14.8	10.9	3598	3600	3598
2022-07-23T05:25:56	1013.3	24.8	31.6	12.6	1013.9	14.7	11.2	3465	3600	3465
2022-07-23T06:26:04	1013.3	24.3	31.9	12.6	1013.7	14.3	11.8	3422	3600	3422
2022-07-23T07:26:10	1013.4	24.0	32.1	12.7	1013.9	14.6	12.1	3360	3600	3360
2022-07-23T08:26:16	1013.4	24.1	32.5	13.0	1013.9	15.0	12.1	3318	3600	3318
2022-07-23T09:26:23	1013.4	24.3	33.1	13.6	1013.9	16.1	12.4	3406	3600	3406
2022-07-23T10:26:24	1013.4	25.2	33.6	14.4	1013.9	18.1	12.6	3355	3600	3355
2022-07-23T11:26:29	1013.7	26.9	33.4	14.3	1014.1	19.5	12.1	3378	3600	3378
2022-07-23T12:26:30	1013.7	28.6	32.8	14.1	1014.1	21.6	12.0	3452	3600	3452
2022-07-23T13:26:34	1013.7	30.0	32.0	13.8	1014.1	22.2	11.6	3372	3600	3372
2022-07-23T14:26:36	1013.4	32.9	30.4	13.8	1013.8	23.6	11.0	3493	3600	3493
2022-07-23T15:26:38	1013.3	35.0	28.6	13.7	1013.8	24.5	10.5	3421	3600	3421
2022-07-23T16:26:42	1013.2	36.6	27.0	13.6	1013.6	24.8	9.9	3437	3600	3437
2022-07-23T17:26:46	1013.2	36.9	26.3	13.7	1013.7	24.0	9.1	3498	3600	3498
2022-07-23T18:26:52	1013.4	37.1	25.3	13.7	1014.0	23.5	8.8	3422	3600	3422
2022-07-23T19:26:55	1013.7	36.5	24.0	13.4	1014.5	21.9	8.4	3453	3600	3453
2022-07-23T20:26:59	1014.4	34.0	24.2	13.0	1015.2	19.4	8.5	3311	3600	3311
2022-07-23T21:27:01	1015.1	31.6	24.9	12.8	1016.0	17.2	8.7	3525	3600	3525
2022-07-23T22:27:03	1015.7	29.7	25.6	12.8	1016.6	14.4	8.9	3314	3600	3314
2022-07-23T23:27:06	1016.1	28.1	26.1	12.7	1016.9	13.2	8.9	3358	3600	3358
2022-07-24T00:27:13	1016.2	26.6	26.7	12.7	1016.9	12.0	9.0	3343	3600	3343
2022-07-24T01:27:19	1016.2	25.2	27.2	12.7	1016.9	11.5	9.2	3348	3600	3348
2022-07-24T02:27:23	1016.4	24.1	27.8	12.7	1017.0	10.9	9.2	3437	3600	3437
2022-07-24T03:27:25	1016.6	23.0	28.2	12.6	1017.1	10.7	9.3	3457	3600	3457
2022-07-24T04:27:31	1016.6	22.1	28.7	12.6	1017.1	10.5	9.4	3336	3600	3336
2022-07-24T05:27:36	1017.1	21.4	29.1	12.6	1017.5	10.7	9.6	3382	3600	3382
2022-07-24T06:27:40	1017.2	21.3	29.7	12.8	1017.7	13.2	10.6	3303	3600	3303
2022-07-24T07:27:49	1017.2	21.9	30.3	13.1	1017.7	15.7	10.7	3291	3600	3291
2022-07-24T08:27:50	1017.2	22.9	30.6	13.3	1017.8	17.8	10.6	3443	3600	3443
2022-07-24T09:27:51	1017.1	24.2	30.7	13.5	1017.6	19.6	10.3	3498	3600	3498
2022-07-24T10:27:52	1016.9	25.8	30.4	14.0	1017.4	21.5	10.1	3339	3600	3339
2022-07-24T11:27:55	1016.8	27.8	29.6	14.4	1017.3	22.8	9.9	3474	3600	3474
2022-07-24T12:28:00	1016.5	29.5	28.7	14.2	1016.9	24.5	9.8	3340	3600	3340
2022-07-24T13:28:02	1015.9	32.0	27.6	13.7	1016.4	26.1	9.4	3400	3600	3400
2022-07-24T14:28:07	1015.4	36.7	25.2	13.6	1015.8	27.6	9.2	3502	3600	3502
2022-07-24T15:28:11	1014.8	40.1	23.2	13.5	1015.2	27.8	9.2	3570	3600	3570
2022-07-24T16:28:15	1014.1	43.5	21.5	13.5	1014.6	29.1	9.1	3577	3600	3577
2022-07-24T17:28:25	1013.5	46.6	20.1	13.5	1014.0	29.3	9.0	3522	3600	3522
2022-07-24T18:28:27	1013.0	47.3	20.4	13.5	1013.6	30.1	9.1	3579	3600	3579
2022-07-24T19:28:34	1012.8	46.2	22.2	13.3	1013.4	27.3	9.5	3570	3600	3570
2022-07-24T20:28:35	1012.6	42.7	24.4	12.9	1013.3	24.1	9.9	3544	3600	3544
2022-07-24T21:28:42	1012.7	38.7	26.1	12.8	1013.5	21.1	10.1	3511	3600	3511
2022-07-24T22:28:44	1012.7	36.3	26.9	12.7	1013.5	19.4	10.5	3462	3600	3462
2022-07-24T23:28:49	1012.6	34.5	27.5	12.7	1013.5	19.0	10.2	3444	3600	3444
2022-07-25T00:28:55	1012.3	33.0	27.9	12.7	1013.0	19.4	9.6	3620	3600	3620
2022-07-25T01:29:00	1011.8	31.9	28.2	12.7	1012.5	18.7	9.6	3500	3600	3500
2022-07-25T02:29:08	1011.2	30.9	28.5	12.7	1012.0	18.3	9.4	3660	3600	3660
2022-07-25T03:29:14	1010.8	29.9	28.8	12.7	1011.5	18.1	9.1	3557	3600	3557
2022-07-25T04:29:23	1010.2	29.1	29.0	12.6	1010.9	17.8	8.9	3549	3600	3549
2022-07-25T05:29:33	1009.7	28.4	29.2	12.6	1010.5	17.6	9.0	3596	3600	3596
2022-07-25T06:29:40	1009.0	28.0	29.7	12.8	1009.7	19.1	9.5	3577	3600	3577
2022-07-25T07:29:41	1008.5	28.4	30.1	13.1	1009.0	21.7	9.9	3713	3600	3713
2022-07-25T08:29:48	1007.9	29.6	30.1	13.3	1008.3	25.5	10.8	3783	3600	3783
2022-07-25T09:29:57	1007.3	31.5	29.6	13.5	1007.7	28.5	11.3	3717	3600	3717
2022-07-25T10:30:07	1006.7	33.7	28.6	13.9	1007.2	31.2	11.9	3725	3600	3725
2022-07-25T11:30:11	1005.7	36.6	27.1	14.1	1006.2	33.8	12.3	3582	3600	3582
2022-07-25T12:30:14	1004.9	38.7	25.9	13.9	1005.5	34.8	11.7	3771	3600	3771
2022-07-25T13:30:16	1004.1	41.0	24.7	13.5	1004.6	35.7	11.1	3752	3600	3752
2022-07-25T14:30:17	1003.4	43.5	23.3	13.5	1004.0	35.3	11.3	3772	3600	3772
2022-07-25T15:30:27	1002.7	45.0	22.9	13.5	1003.3	34.7	10.8	3831	3600	3831
2022-07-25T16:30:33	1001.9	43.5	24.0	13.5	1002.5	34.5	11.4	3921	3600	3921
2022-07-25T17:30:38	1001.3	45.5	23.0	13.2	1002.0	32.1	11.7	3800	3600	3800
2022-07-25T18:30:39	1001.7	40.3	24.6	12.8	1002.3	26.8	12.1	3685	3600	3685
2022-07-25T19:30:41	1002.4	38.2	26.2	12.9	1003.0	25.6	12.9	3618	3600	3618
2022-07-25T20:30:44	1002.7	37.7	26.5	12.8	1003.5	24.5	13.0	3775	3600	3775
2022-07-25T21:30:45	1004.1	36.5	27.1	12.7	1004.9	23.0	14.3	3601	3600	3601
2022-07-25T22:30:49	1005.3	35.1	28.4	12.7	1006.0	21.6	14.9	3655	3600	3655
2022-07-25T23:30:50	1005.8	34.0	29.4	12.7	1006.4	20.5	14.6	3568	3600	3568
2022-07-26T00:30:51	1006.1	32.8	30.0	12.7	1006.8	19.7	14.8	3561	3600	3561
2022-07-26T01:30:54	1006.4	31.7	30.4	12.7	1007.0	18.9	14.9	3615	3600	3615
2022-07-26T02:30:59	1006.8	30.8	30.8	12.6	1007.4	18.8	15.0	3610	3600	3610
2022-07-26T03:31:01	1006.9	30.0	31.2	12.6	1007.5	18.4	14.7	3619	3600	3619
2022-07-26T04:31:06	1007.0	29.1	31.5	12.6	1007.5	17.6	13.7	3723	3600	3723
2022-07-26T05:31:07	1007.1	28.3	31.8	12.6	1007.6	17.3	13.4	3658	3600	3658
2022-07-26T06:31:10	1007.2	27.8	32.1	12.8	1007.8	17.8	13.3	3615	3600	3615
2022-07-26T07:31:16	1007.5	27.9	32.6	13.2	1008.1	19.3	12.9	3753	3600	3753
2022-07-26T08:31:18	1007.8	28.2	33.1	13.3	1008.3	20.6	12.7	3724	3600	3724
2022-07-26T09:31:25	1007.9	29.3	33.1	13.9	1008.4	22.5	12.2	3524	3600	3524
2022-07-26T10:31:26	1008.1	30.7	32.3	14.4	1008.6	22.9	12.0	3617	3600	3617
2022-07-26T11:31:30	1008.3	31.4	31.8	14.2	1008.8	23.2	12.1	3714	3600	3714
2022-07-26T12:31:31	1008.3	32.3	31.2	13.9	1008.9	23.9	11.7	3671	3600	3671
2022-07-26T13:31:35	1009.5	31.6	31.3	13.8	1010.2	19.2	12.5	3625	3600	3625
2022-07-26T14:31:49	1009.9	30.6	32.1	13.9	1010.5	19.1	12.8	3722	3600	3722
2022-07-26T15:31:57	1009.9	30.8	32.5	13.9	1010.5	20.7	12.7	3692	3600	3692
2022-07-26T16:32:03	1010.1	32.9	31.5	13.8	1010.6	21.8	12.2	3616	3600	3616
2022-07-26T17:32:05	1010.1	32.4	30.9	13.8	1010.6	21.8	11.1	3718	3600	3718
2022-07-26T18:32:13	1010.2	32.4	30.4	13.6	1010.7	21.6	10.3	3634	3600	3634
2022-07-26T19:32:14	1010.4	32.1	29.6	13.2	1011.1	20.1	9.6	3594	3600	3594
2022-07-26T20:32:20	1010.8	30.7	29.4	12.8	1011.6	18.5	9.2	3706	3600	3706
2022-07-26T21:32:27	1011.3	29.2	29.4	12.7	1012.1	16.7	9.2	3643	3600	3643
2022-07-26T22:32:29	1011.8	28.2	29.6	12.7	1012.6	16.2	8.7	3677	3600	3677
2022-07-26T23:32:32	1012.4	27.5	29.7	12.7	1013.3	16.4	8.1	3642	3600	3642
2022-07-27T00:32:36	1012.8	26.8	29.7	12.7	1013.6	15.4	8.2	3641	3600	3641
2022-07-27T01:32:37	1012.8	25.9	29.8	12.7	1013.6	13.8	8.1	3573	3600	3573
2022-07-27T02:32:41	1012.8	24.7	29.8	12.6	1013.6	12.1	8.1	3696	3600	3696
2022-07-27T03:32:42	1013.0	23.6	29.9	12.6	1013.7	11.1	8.1	3731	3600	3731
2022-07-27T04:32:49	1013.1	22.7	30.1	12.6	1013.8	11.6	8.4	3612	3600	3612
2022-07-27T05:32:54	1013.2	22.1	30.5	12.6	1013.8	11.2	8.5	3599	3600	3599
2022-07-27T06:32:59	1013.2	21.8	30.9	12.8	1013.9	12.7	9.0	3578	3600	3578
2022-07-27T07:33:38	1013.7	22.2	31.7	13.1	1014.4	14.9	9.0	3441	3600	3441
2022-07-27T08:33:47	1013.9	23.1	32.4	13.7	1014.5	16.1	8.7	3549	3600	3549
2022-07-27T09:33:52	1014.0	24.1	32.4	14.1	1014.7	16.7	8.4	3651	3600	3651
2022-07-27T10:33:54	1014.2	25.0	32.1	14.6	1014.9	17.4	8.3	3682	3600	3682
2022-07-27T11:33:55	1014.2	25.8	31.6	14.5	1014.9	18.2	8.2	3636	3600	3636
2022-07-27T12:33:58	1014.0	26.8	31.0	13.9	1014.8	19.0	8.1	3737	3600	3737
2022-07-27T13:34:05	1013.9	27.9	30.1	13.9	1014.5	20.2	7.7	3572	3600	3572
2022-07-27T14:34:12	1013.7	29.8	28.6	13.8	1014.4	21.3	7.6	3653	3600	3653
2022-07-27T15:34:14	1013.8	32.9	26.5	13.8	1014.4	21.8	7.6	3686	3600	3686
2022-07-27T16:34:17	1013.7	32.1	26.1	13.8	1014.4	20.8	7.5	3609	3600	3609
2022-07-27T17:34:22	1013.6	31.8	26.0	13.9	1014.2	21.1	7.4	3724	3600	3724
2022-07-27T18:34:26	1013.3	33.9	25.1	13.7	1014.0	21.3	7.2	3728	3600	3728
2022-07-27T19:34:34	1013.3	33.3	24.8	13.4	1014.1	20.1	7.3	3788	3600	3788
2022-07-27T20:34:38	1013.7	31.1	25.3	12.9	1014.6	17.1	7.5	3727	3600	3727
2022-07-27T21:34:41	1014.3	28.9	25.9	12.7	1015.3	15.2	7.6	3643	3600	3643
2022-07-27T22:34:45	1014.7	27.3	26.2	12.7	1015.6	12.8	7.5	3614	3600	3614
2022-07-27T23:34:50	1015.1	25.6	26.6	12.7	1016.0	10.9	7.7	3623	3600	3623
2022-07-28T00:34:56	1015.4	24.2	26.9	12.7	1016.1	10.0	7.6	3610	3600	3610
2022-07-28T01:35:02	1015.6	23.0	27.3	12.7	1016.2	9.7	7.7	3581	3600	3581
2022-07-28T02:35:04	1015.7	21.8	27.7	12.6	1016.3	8.6	7.6	3619	3600	3619
2022-07-28T03:35:06	1015.8	20.7	28.1	12.6	1016.2	7.8	7.5	3655	3600	3655
2022-07-28T04:35:11	1015.9	19.5	28.5	12.5	1016.4	7.2	7.4	3368	3600	3368
2022-07-28T05:35:13	1016.3	18.6	29.0	12.6	1016.7	7.7	7.8	3613	3600	3613
2022-07-28T06:35:25	1016.5	18.6	29.6	12.8	1017.0	11.3	8.8	3629	3600	3629
2022-07-28T07:35:28	1016.8	19.7	30.4	13.3	1017.5	14.3	8.7	3590	3600	3590
2022-07-28T08:35:31	1016.8	21.4	30.8	13.9	1017.5	16.2	8.4	3605	3600	3605
2022-07-28T09:35:37	1016.8	23.2	30.6	14.5	1017.5	17.4	8.2	3647	3600	3647
2022-07-28T10:35:49	1016.8	25.1	30.1	14.5	1017.5	18.8	8.1	3651	3600	3651
2022-07-28T11:35:56	1016.7	26.5	29.4	14.0	1017.3	20.4	8.3	3770	3600	3770
2022-07-28T12:36:02	1016.4	28.1	28.6	13.8	1017.0	22.2	8.1	3663	3600	3663
2022-07-28T13:36:07	1016.1	30.2	27.6	13.7	1016.6	23.0	7.9	3577	3600	3577
2022-07-28T14:36:09	1015.8	34.2	25.6	13.7	1016.3	23.7	7.5	3598	3600	3598
2022-07-28T15:36:10	1015.4	38.4	23.2	13.6	1015.9	24.2	7.4	3595	3600	3595
2022-07-28T16:36:13	1015.0	41.8	21.2	13.5	1015.5	25.7	7.5	3704	3600	3704
2022-07-28T17:36:22	1014.8	43.3	20.0	13.6	1015.4	23.7	7.3	3660	3600	3660
2022-07-28T18:36:25	1014.7	42.1	20.2	13.6	1015.4	23.2	7.3	3753	3600	3753
2022-07-28T19:36:32	1014.8	39.6	21.1	13.3	1015.6	21.5	7.5	3677	3600	3677
2022-07-28T20:36:37	1014.7	35.8	22.5	12.8	1015.6	19.1	7.6	3658	3600	3658
2022-07-28T21:36:43	1014.9	33.1	23.5	12.8	1015.9	17.4	7.5	3685	3600	3685
2022-07-28T22:36:45	1015.1	31.3	24.3	12.8	1016.1	16.4	7.4	3843	3600	3843
2022-07-28T23:36:50	1015.4	29.6	25.0	12.7	1016.4	15.7	7.5	3613	3600	3613
2022-07-29T00:36:52	1015.8	28.2	25.7	12.7	1016.7	14.6	7.9	3541	3600	3541
2022-07-29T01:36:54	1015.7	27.0	26.3	12.7	1016.6	14.2	8.5	3505	3600	3505
2022-07-29T02:37:02	1015.2	26.1	27.1	12.6	1016.0	13.7	8.8	3654	3600	3654
2022-07-29T03:37:09	1014.7	25.4	27.7	12.6	1015.4	13.5	9.0	3684	3600	3684
2022-07-29T04:37:12	1014.6	24.7	28.4	12.6	1015.3	13.2	9.1	3640	3600	3640
2022-07-29T05:37:15	1014.4	24.0	29.0	12.6	1015.1	13.2	9.2	3672	3600	3672
2022-07-29T06:37:20	1014.5	23.9	29.7	12.7	1015.2	14.3	9.5	3727	3600	3727
2022-07-29T07:37:22	1014.4	24.3	30.2	13.1	1015.1	16.0	9.7	3759	3600	3759
2022-07-29T08:37:24	1014.5	25.3	30.5	13.4	1015.1	18.8	9.6	3605	3600	3605
2022-07-29T09:37:25	1014.2	27.0	30.4	13.7	1014.8	22.6	9.2	3780	3600	3780
2022-07-29T10:37:26	1014.1	29.4	29.2	14.4	1014.6	25.1	8.5	3712	3600	3712
2022-07-29T11:37:30	1013.7	30.9	27.6	14.4	1014.3	25.2	8.1	3637	3600	3637
2022-07-29T12:37:34	1013.5	32.5	26.0	13.7	1014.0	26.9	7.9	3682	3600	3682
2022-07-29T13:37:39	1013.1	34.9	23.8	13.7	1013.7	28.2	8.3	3752	3600	3752
2022-07-29T14:37:42	1012.7	39.0	21.5	13.5	1013.3	29.4	8.8	3703	3600	3703
2022-07-29T15:37:48	1012.3	42.9	19.4	13.4	1012.8	29.2	9.0	3701	3600	3701
2022-07-29T16:37:50	1012.0	45.8	17.8	13.4	1012.5	28.8	8.7	3763	3600	3763
2022-07-29T17:37:53	1011.5	44.9	18.1	13.5	1012.2	28.0	8.5	3779	3600	3779
2022-07-29T18:37:54	1011.3	42.4	18.9	13.3	1012.0	27.0	8.6	3797	3600	3797
2022-07-29T19:37:56	1011.4	40.4	19.9	13.1	1012.2	25.8	8.6	3810	3600	3810
2022-07-29T20:38:01	1011.7	38.3	20.6	12.8	1012.5	23.9	8.3	3791	3600	3791
2022-07-29T21:38:05	1012.0	36.4	21.2	12.7	1012.8	22.6	8.3	3643	3600	3643
2022-07-29T22:38:09	1012.2	35.0	21.9	12.7	1013.0	21.8	8.3	3694	3600	3694
2022-07-29T23:38:10	1012.2	33.9	22.4	12.7	1012.9	21.7	8.2	3699	3600	3699
2022-07-30T00:38:15	1011.9	32.9	23.0	12.6	1012.6	21.3	8.1	3586	3600	3586
2022-07-30T01:38:19	1011.9	32.1	23.5	12.7	1012.7	20.4	8.2	3766	3600	3766
2022-07-30T02:38:28	1011.8	31.4	24.0	12.7	1012.6	19.9	8.4	3799	3600	3799
2022-07-30T03:38:39	1011.8	30.5	24.5	12.6	1012.7	19.2	8.7	3678	3600	3678
2022-07-30T04:38:43	1012.0	29.7	25.1	12.6	1012.8	18.6	8.9	3743	3600	3743
2022-07-30T05:38:47	1012.1	29.1	25.4	12.6	1013.0	18.0	9.0	3561	3600	3561
2022-07-30T06:38:50	1012.2	28.6	25.9	12.7	1013.0	17.7	9.0	3733	3600	3733
2022-07-30T07:38:55	1012.4	28.4	26.4	13.1	1013.2	18.7	9.4	3767	3600	3767
2022-07-30T08:39:02	1012.6	29.2	26.7	13.5	1013.2	20.8	9.6	3739	3600	3739
2022-07-30T09:39:05	1012.6	30.4	26.6	13.8	1013.2	22.6	9.6	3729	3600	3729
2022-07-30T10:39:06	1012.5	31.6	26.2	14.3	1013.0	24.1	9.8	3561	3600	3561
2022-07-30T11:39:13	1012.4	33.0	25.6	14.2	1013.0	25.4	9.7	3571	3600	3571
2022-07-30T12:39:14	1012.3	34.5	24.9	13.7	1012.9	26.6	9.4	3752	3600	3752
2022-07-30T13:39:18	1012.3	36.1	23.9	13.7	1012.9	26.8	8.9	3702	3600	3702
2022-07-30T14:39:28	1012.2	38.4	22.4	13.5	1012.7	27.1	8.6	3700	3600	3700
2022-07-30T15:39:31	1012.0	41.5	20.5	13.4	1012.5	27.6	8.4	3702	3600	3702
2022-07-30T16:39:37	1011.8	44.1	18.8	13.5	1012.5	27.1	8.3	3879	3600	3879
2022-07-30T17:39:44	1011.9	45.5	17.8	13.5	1012.5	26.9	8.4	3723	3600	3723
2022-07-30T18:39:46	1012.2	43.2	18.9	13.2	1012.9	25.4	8.6	3754	3600	3754
2022-07-30T19:39:52	1012.5	40.0	20.8	13.0	1013.2	24.7	9.7	3797	3600	3797
2022-07-30T20:39:53	1012.9	37.7	22.0	12.8	1013.7	21.0	10.2	3782	3600	3782
2022-07-30T21:39:58	1013.1	35.3	23.0	12.7	1013.9	19.0	10.5	3623	3600	3623
2022-07-30T22:40:03	1013.1	33.4	23.8	12.7	1013.9	16.9	11.0	3823	3600	3823
2022-07-30T23:40:06	1013.0	31.7	24.6	12.7	1013.8	16.2	10.9	3649	3600	3649
2022-07-31T00:40:14	1012.8	30.2	25.3	12.7	1013.6	14.8	11.1	3745	3600	3745
2022-07-31T01:40:17	1012.8	28.8	25.9	12.7	1013.5	14.2	10.8	3725	3600	3725
2022-07-31T02:40:24	1012.7	27.6	26.5	12.7	1013.4	13.8	11.0	3774	3600	3774
2022-07-31T03:40:28	1012.6	26.5	27.0	12.6	1013.2	13.2	10.8	3740	3600	3740
2022-07-31T04:40:38	1012.4	25.5	27.5	12.6	1013.0	13.0	11.0	3679	3600	3679
2022-07-31T05:40:49	1012.4	24.9	28.0	12.6	1013.0	13.8	11.6	3643	3600	3643
2022-07-31T06:40:53	1012.6	24.8	28.5	12.8	1013.1	16.1	12.2	3740	3600	3740
2022-07-31T07:40:56	1012.7	25.4	29.2	13.1	1013.3	18.8	12.6	3706	3600	3706
2022-07-31T08:40:58	1012.7	26.6	29.7	13.4	1013.1	21.1	12.7	3675	3600	3675
2022-07-31T09:41:00	1012.3	28.3	29.8	13.8	1012.7	23.1	12.5	3677	3600	3677
2022-07-31T10:41:01	1012.0	29.5	29.8	14.4	1012.4	24.6	12.3	3735	3600	3735
2022-07-31T11:41:04	1011.7	31.5	29.1	14.3	1012.1	25.9	11.6	3756	3600	3756
2022-07-31T12:41:12	1011.4	33.0	28.3	13.9	1011.8	26.4	11.2	3797	3600	3797
2022-07-31T13:41:14	1010.9	34.6	27.5	13.6	1011.3	28.2	10.7	3896	3600	3896
2022-07-31T14:41:16	1010.4	38.8	25.0	13.6	1010.9	29.1	9.9	3806	3600	3806
2022-07-31T15:41:20	1009.8	41.5	22.8	13.5	1010.3	29.5	9.9	3695	3600	3695
2022-07-31T16:41:30	1009.5	44.5	20.9	13.5	1010.0	29.6	9.0	3900	3600	3900
2022-07-31T17:41:41	1009.2	44.4	20.3	13.6	1009.9	28.2	8.5	3847	3600	3847
2022-07-31T18:41:42	1008.9	40.9	22.2	13.3	1009.5	27.2	9.0	4063	3600	4063
2022-07-31T19:41:47	1008.8	38.3	23.7	12.8	1009.5	25.3	9.6	3829	3600	3829
2022-07-31T20:41:52	1008.9	36.6	24.5	12.8	1009.6	23.6	9.8	3912	3600	3912
2022-07-31T21:41:54	1008.9	35.6	24.9	12.7	1009.6	23.3	9.9	3773	3600	3773
2022-07-31T22:41:55	1008.6	34.9	25.3	12.7	1009.3	22.9	10.7	3820	3600	3820
2022-07-31T23:42:01	1008.9	33.9	25.8	12.7	1009.6	21.8	11.7	3800	3600	3800
2022-08-01T00:42:03	1009.0	32.8	26.7	12.7	1009.7	19.8	13.0	3816	3600	3816
2022-08-01T01:42:11	1008.8	31.7	27.6	12.7	1009.5	19.2	13.4	3842	3600	3842
2022-08-01T02:42:18	1008.7	30.9	28.2	12.6	1009.4	18.5	13.4	3791	3600	3791
2022-08-01T03:42:29	1008.5	30.0	28.5	12.6	1009.0	17.9	13.8	3696	3600	3696
2022-08-01T04:42:33	1008.5	29.3	28.9	12.6	1009.1	18.3	14.0	3814	3600	3814
2022-08-01T05:42:42	1008.7	28.8	29.6	12.6	1009.3	18.6	14.5	3709	3600	3709
2022-08-01T06:42:51	1008.9	28.6	30.4	12.7	1009.5	19.3	14.8	3724	3600	3724
2022-08-01T07:43:02	1009.1	28.6	31.3	12.8	1009.7	19.5	15.1	3833	3600	3833
2022-08-01T08:43:10	1009.4	28.7	32.4	13.2	1009.9	19.9	14.6	3686	3600	3686
2022-08-01T09:43:17	1009.7	29.1	33.4	13.4	1010.2	20.7	13.9	3715	3600	3715
2022-08-01T10:43:21	1010.1	29.5	34.5	13.6	1010.6	21.4	13.7	3737	3600	3737
2022-08-01T11:43:22	1010.6	29.9	34.7	13.6	1011.1	21.4	13.5	3796	3600	3796
2022-08-01T12:43:26	1010.9	30.0	34.8	14.2	1011.4	21.9	13.5	3600	3600	3600
2022-08-01T13:43:30	1011.1	31.5	34.0	14.3	1011.5	23.6	13.0	3863	3600	3863
2022-08-01T14:43:32	1011.2	32.6	33.0	14.0	1011.7	24.1	12.8	3836	3600	3836
2022-08-01T15:43:34	1011.4	33.7	31.7	13.7	1011.9	24.2	12.8	3809	3600	3809
2022-08-01T16:43:41	1011.6	35.6	30.0	13.7	1012.0	25.1	11.8	3748	3600	3748
2022-08-01T17:43:46	1011.8	35.5	29.0	13.7	1012.3	24.2	12.1	3685	3600	3685
2022-08-01T18:43:52	1011.9	34.9	28.8	13.4	1012.4	23.6	12.0	3725	3600	3725
2022-08-01T19:43:56	1012.1	33.9	29.2	13.3	1012.7	23.1	11.5	3789	3600	3789
2022-08-01T20:43:59	1012.6	32.8	29.3	12.8	1013.2	21.1	11.0	3768	3600	3768
2022-08-01T21:44:06	1013.1	31.4	29.4	12.8	1013.9	19.8	10.5	3688	3600	3688
2022-08-01T22:44:13	1013.8	30.4	29.6	12.7	1014.5	18.6	10.2	3715	3600	3715
2022-08-01T23:44:16	1014.3	29.5	29.7	12.7	1015.0	17.9	10.1	3733	3600	3733
2022-08-02T00:44:21	1014.4	28.8	29.9	12.7	1015.1	17.6	9.9	3671	3600	3671
2022-08-02T01:44:25	1014.4	28.2	30.1	12.7	1015.1	17.4	9.6	3760	3600	3760
2022-08-02T02:44:31	1014.5	27.5	30.3	12.7	1015.2	16.8	9.6	3789	3600	3789
2022-08-02T03:44:32	1014.6	26.8	30.4	12.6	1015.3	15.0	9.4	3627	3600	3627
2022-08-02T04:44:38	1014.8	26.0	30.5	12.6	1015.5	14.5	9.5	3769	3600	3769
2022-08-02T05:44:42	1015.1	25.1	30.6	12.6	1015.8	13.5	9.7	3760	3600	3760
2022-08-02T06:44:46	1015.4	24.6	30.9	12.9	1016.0	15.3	10.5	3716	3600	3716
2022-08-02T07:44:47	1015.8	24.7	31.6	13.2	1016.4	18.0	10.8	3704	3600	3704
2022-08-02T08:44:49	1015.6	25.8	31.7	13.4	1016.1	19.9	10.1	3790	3600	3790
2022-08-02T09:44:50	1015.3	27.6	31.0	13.6	1015.9	21.8	10.1	3676	3600	3676
2022-08-02T10:44:58	1015.1	29.0	30.2	14.3	1015.6	23.1	9.9	3763	3600	3763
2022-08-02T11:45:06	1015.0	30.5	29.3	14.3	1015.5	24.1	10.1	3729	3600	3729
2022-08-02T12:45:13	1014.4	31.8	28.6	13.9	1014.9	25.4	9.9	3716	3600	3716
2022-08-02T13:45:17	1014.1	34.6	27.2	13.6	1014.5	27.1	9.5	3842	3600	3842
2022-08-02T14:45:25	1013.6	38.8	24.8	13.5	1014.0	28.3	9.4	3664	3600	3664
2022-08-02T15:45:26	1013.1	41.7	23.1	13.5	1013.6	28.4	9.5	3890	3600	3890
2022-08-02T16:45:29	1012.7	40.8	23.5	13.6	1013.2	27.4	9.3	3855	3600	3855
2022-08-02T17:45:39	1012.4	40.2	23.9	13.7	1013.0	27.2	9.1	3787	3600	3787
2022-08-02T18:45:43	1012.2	38.8	24.9	13.5	1012.9	26.6	9.5	3804	3600	3804
2022-08-02T19:45:45	1012.4	37.9	25.4	13.1	1013.0	24.2	10.5	3874	3600	3874
2022-08-02T20:45:53	1012.4	35.8	26.2	12.8	1013.1	21.6	11.0	3848	3600	3848
2022-08-02T21:45:57	1012.5	34.0	26.7	12.8	1013.3	20.1	10.2	3880	3600	3880
2022-08-02T22:45:59	1012.7	32.5	27.1	12.7	1013.5	18.5	10.1	3850	3600	3850
2022-08-02T23:46:08	1013.0	31.3	27.5	12.7	1013.9	17.5	10.2	3721	3600	3721
2022-08-03T00:46:15	1013.1	30.3	28.0	12.7	1013.9	17.4	10.6	3704	3600	3704
2022-08-03T01:46:22	1012.8	29.6	28.4	12.7	1013.5	17.9	10.7	3874	3600	3874
2022-08-03T02:46:26	1012.4	29.0	28.8	12.7	1013.1	18.4	10.8	3811	3600	3811
2022-08-03T03:46:29	1012.3	28.5	29.1	12.6	1013.0	18.2	10.3	3817	3600	3817
2022-08-03T04:46:34	1012.4	28.1	29.5	12.6	1013.1	18.4	9.7	3911	3600	3911
2022-08-03T05:46:40	1012.4	27.6	29.6	12.6	1013.1	18.0	10.0	3777	3600	3777
2022-08-03T06:46:46	1012.6	27.6	29.9	12.8	1013.2	20.8	10.4	3768	3600	3768
2022-08-03T07:46:50	1012.7	28.6	29.9	13.0	1013.2	24.3	10.2	3765	3600	3765
2022-08-03T08:46:51	1012.6	30.3	29.4	13.3	1013.2	27.2	10.3	3819	3600	3819
2022-08-03T09:46:52	1012.7	32.5	28.3	13.4	1013.2	29.7	9.6	3801	3600	3801
2022-08-03T10:46:58	1012.5	34.8	27.0	13.9	1013.1	31.4	9.7	3900	3600	3900
2022-08-03T13:17:40	1011.7	39.2	22.2	13.6	1012.3	33.1	10.3	3846	3600	3846
2022-08-03T14:17:46	1011.4	42.9	20.9	13.4	1012.0	33.6	10.5	3734	3600	3734
2022-08-03T15:17:52	1011.1	46.6	19.5	13.4	1011.8	34.5	10.2	3774	3600	3774
2022-08-03T16:17:55	1010.7	50.2	18.2	13.4	1011.3	34.2	10.1	3850	3600	3850
2022-08-03T17:17:59	1010.4	50.5	18.5	13.4	1011.1	34.1	10.0	3783	3600	3783
2022-08-03T18:18:02	1010.2	51.1	18.9	13.3	1011.0	34.0	10.0	3829	3600	3829
2022-08-03T19:18:06	1010.3	49.2	20.7	13.1	1011.0	32.4	11.3	3881	3600	3881
2022-08-03T20:18:19	1010.4	45.8	22.8	12.8	1011.1	27.1	11.4	3897	3600	3897
2022-08-03T21:18:24	1010.6	42.5	24.3	12.8	1011.3	24.6	11.3	3890	3600	3890
2022-08-03T22:18:31	1010.5	40.3	25.1	12.8	1011.2	23.0	11.7	3879	3600	3879
2022-08-03T23:18:39	1010.5	38.1	25.9	12.7	1011.3	21.3	12.2	3991	3600	3991
2022-08-04T00:18:42	1010.7	36.3	26.6	12.7	1011.4	20.3	12.8	3849	3600	3849
2022-08-04T01:18:44	1010.7	34.8	27.3	12.7	1011.4	19.5	13.3	3914	3600	3914
2022-08-04T02:18:46	1010.7	33.5	27.9	12.7	1011.4	19.1	13.0	3822	3600	3822
2022-08-04T03:18:54	1010.5	32.3	28.4	12.7	1011.2	18.3	12.4	3882	3600	3882
2022-08-04T04:19:01	1010.3	31.2	28.9	12.6	1011.0	17.7	12.5	3866	3600	3866
2022-08-04T05:19:05	1010.3	30.3	29.3	12.7	1010.9	17.8	12.7	3898	3600	3898
2022-08-04T06:19:14	1010.4	30.0	29.8	12.7	1010.9	20.8	13.8	3847	3600	3847
2022-08-04T07:19:16	1010.4	30.5	30.2	12.9	1010.8	24.6	12.5	3866	3600	3866
2022-08-04T08:19:18	1010.4	32.0	30.1	13.2	1010.9	28.2	11.9	3836	3600	3836
2022-08-04T09:19:22	1010.3	34.0	29.1	13.3	1010.7	30.2	11.7	3784	3600	3784
2022-08-04T10:19:27	1010.0	36.3	27.7	13.6	1010.6	33.5	10.8	3849	3600	3849
2022-08-04T11:19:28	1009.8	38.9	25.8	14.1	1010.4	34.7	10.1	3906	3600	3906
2022-08-04T12:19:30	1009.3	40.8	24.4	13.9	1010.0	36.4	10.0	3891	3600	3891
2022-08-04T13:19:33	1009.1	43.0	23.2	13.4	1009.8	37.1	10.6	3982	3600	3982
2022-08-04T14:19:40	1008.7	46.1	21.8	13.3	1009.4	38.0	10.1	3932	3600	3932
2022-08-04T15:19:51	1008.2	49.7	20.2	13.3	1008.9	38.7	9.5	4058	3600	4058
2022-08-04T16:19:59	1007.6	52.5	19.0	13.2	1008.3	38.2	9.8	3936	3600	3936
2022-08-04T17:20:09	1007.2	52.5	19.3	13.3	1008.0	37.2	10.4	3922	3600	3922
2022-08-04T18:20:11	1007.0	52.4	20.0	13.3	1007.7	36.3	10.7	4018	3600	4018
2022-08-04T19:20:14	1006.9	50.5	21.6	12.9	1007.6	32.7	10.8	3976	3600	3976
2022-08-04T20:20:16	1006.9	46.7	23.5	12.8	1007.6	29.3	10.6	3949	3600	3949
2022-08-04T21:20:19	1007.2	44.1	24.5	12.8	1007.9	28.4	10.9	3934	3600	3934
2022-08-04T22:20:27	1007.4	42.5	24.7	12.7	1008.1	27.1	11.3	3879	3600	3879
2022-08-04T23:20:32	1007.4	40.8	25.1	12.7	1008.1	24.1	11.9	3866	3600	3866
2022-08-05T00:20:42	1007.5	39.0	25.8	12.7	1008.2	23.0	12.4	3830	3600	3830
2022-08-05T01:20:46	1007.3	37.5	26.4	12.7	1008.0	21.7	13.1	3894	3600	3894
2022-08-05T02:20:52	1007.6	36.0	27.1	12.7	1008.4	21.8	13.7	3929	3600	3929
2022-08-05T03:20:54	1007.5	35.0	27.8	12.7	1008.1	21.8	14.0	3757	3600	3757
2022-08-05T04:21:03	1007.3	33.9	28.5	12.6	1007.9	20.9	14.0	3918	3600	3918
2022-08-05T05:21:06	1007.4	33.0	28.9	12.7	1007.9	20.8	14.1	3917	3600	3917
2022-08-05T06:21:10	1007.9	32.6	29.4	12.8	1008.4	21.9	14.6	3857	3600	3857
2022-08-05T07:21:11	1009.3	32.5	30.8	12.9	1009.9	21.8	15.2	3852	3600	3852
2022-08-05T08:21:15	1009.6	32.3	33.0	13.0	1010.0	21.4	15.5	3648	3600	3648
2022-08-05T09:21:16	1009.2	31.8	34.1	13.0	1009.6	21.1	16.2	3782	3600	3782
2022-08-05T10:21:18	1009.9	31.8	34.4	13.2	1010.3	21.6	16.4	3861	3600	3861
2022-08-05T11:21:27	1009.8	31.7	34.4	13.5	1010.1	22.0	17.0	3760	3600	3760
2022-08-05T12:21:30	1009.9	32.9	34.0	14.1	1010.2	24.4	16.5	3780	3600	3780
2022-08-05T13:21:32	1009.9	35.3	32.6	14.2	1010.3	26.5	15.5	3862	3600	3862
2022-08-05T14:21:43	1010.2	37.3	31.0	13.7	1010.5	27.4	15.1	3782	3600	3782
2022-08-05T15:21:46	1010.2	37.9	30.1	13.6	1010.7	26.9	15.2	3860	3600	3860
2022-08-05T16:21:53	1010.7	36.5	30.4	13.1	1011.1	24.6	14.8	3878	3600	3878
2022-08-05T17:21:56	1011.4	34.9	31.3	13.3	1012.0	22.7	14.5	3768	3600	3768
2022-08-05T18:21:58	1012.8	33.8	31.6	13.1	1013.5	19.7	12.9	3836	3600	3836
2022-08-05T19:22:00	1013.6	32.1	31.7	12.8	1014.2	18.7	12.3	3848	3600	3848
2022-08-05T20:22:05	1014.3	30.9	31.9	12.7	1015.0	18.0	11.3	3718	3600	3718
2022-08-05T21:22:08	1015.0	29.9	32.0	12.7	1015.7	17.1	11.2	3827	3600	3827
2022-08-05T22:22:09	1015.9	28.9	32.1	12.7	1016.6	16.6	11.3	3771	3600	3771
2022-08-05T23:22:15	1016.5	28.2	32.4	12.7	1017.2	16.7	11.3	3825	3600	3825
2022-08-06T00:22:20	1017.1	27.4	32.8	12.6	1017.8	15.7	10.2	3686	3600	3686
2022-08-06T01:22:26	1017.6	26.4	32.9	12.6	1018.3	14.4	9.4	3659	3600	3659
2022-08-06T02:22:27	1018.2	25.5	32.9	12.6	1018.9	13.5	9.2	3713	3600	3713
2022-08-06T03:22:30	1018.4	24.5	32.9	12.6	1019.0	12.4	9.0	3716	3600	3716
2022-08-06T04:22:32	1018.9	23.6	33.0	12.6	1019.5	11.8	9.0	3644	3600	3644
2022-08-06T05:22:40	1019.5	22.8	33.1	12.6	1020.1	11.5	9.1	3602	3600	3602
2022-08-06T06:23:40	1020.4	22.1	33.5	12.6	1021.0	12.1	9.2	3634	3600	3634
2022-08-06T07:23:41	1021.1	22.1	34.2	12.8	1021.7	14.3	9.6	3747	3600	3747
2022-08-06T08:23:45	1021.5	22.7	35.1	13.1	1022.1	15.9	9.5	3558	3600	3558
2022-08-06T09:23:52	1022.0	23.8	35.3	13.4	1022.6	17.6	8.6	3585	3600	3585
2022-08-06T10:24:01	1022.2	25.2	34.2	13.6	1022.8	19.3	7.6	3703	3600	3703
2022-08-06T11:24:13	1022.3	26.7	32.1	14.3	1022.9	20.2	7.1	3816	3600	3816
2022-08-06T12:24:19	1022.3	28.2	29.9	14.4	1023.0	21.1	7.0	3582	3600	3582
2022-08-06T13:24:20	1022.2	29.2	28.3	13.9	1022.8	21.4	7.0	3707	3600	3707
2022-08-06T14:24:22	1022.1	31.7	26.2	13.8	1022.7	21.6	6.8	3702	3600	3702
2022-08-06T15:24:24	1021.9	32.1	24.6	13.8	1022.6	21.1	6.6	3682	3600	3682
2022-08-06T16:24:27	1021.7	34.0	23.0	13.7	1022.2	23.0	6.8	3696	3600	3696
2022-08-06T17:24:34	1021.4	37.5	20.3	13.6	1022.1	22.0	6.5	3683	3600	3683
2022-08-06T18:24:46	1021.3	37.5	19.7	13.6	1022.0	22.1	6.5	3759	3600	3759
2022-08-06T19:24:53	1021.4	36.9	19.8	13.3	1022.2	20.9	6.8	3699	3600	3699
2022-08-06T20:24:54	1021.8	33.8	21.1	12.9	1022.8	18.2	7.0	3696	3600	3696
2022-08-06T21:24:58	1022.2	30.9	22.2	12.8	1023.2	15.2	7.1	3648	3600	3648
2022-08-06T22:25:03	1022.5	29.0	23.0	12.7	1023.4	15.0	7.2	3642	3600	3642
2022-08-06T23:25:13	1022.6	27.5	23.6	12.7	1023.5	11.9	7.8	3578	3600	3578
2022-08-07T00:25:15	1022.6	25.9	24.2	12.7	1023.3	10.9	7.5	3604	3600	3604
2022-08-07T01:25:16	1022.5	24.5	24.8	12.7	1023.1	10.3	7.5	3613	3600	3613
2022-08-07T02:25:24	1022.4	23.3	25.4	12.7	1023.0	10.0	7.6	3622	3600	3622
2022-08-07T03:25:29	1022.3	22.0	26.0	12.6	1022.9	8.7	7.5	3602	3600	3602
2022-08-07T04:25:30	1022.3	20.7	26.6	12.6	1022.7	7.9	7.4	3657	3600	3657
2022-08-07T05:25:33	1022.4	19.9	26.9	12.6	1022.8	7.9	7.5	3608	3600	3608
2022-08-07T06:25:34	1022.5	19.5	27.4	12.6	1023.0	9.6	8.3	3549	3600	3549
2022-08-07T07:25:39	1022.6	20.2	27.8	12.8	1023.2	14.5	9.1	3598	3600	3598
2022-08-07T08:25:46	1022.7	22.1	28.4	13.2	1023.3	19.1	8.7	3601	3600	3601
2022-08-07T09:25:51	1022.6	24.5	28.3	13.4	1023.1	21.3	7.8	3648	3600	3648
2022-08-07T10:25:56	1022.3	26.6	27.6	13.7	1022.9	21.9	7.6	3689	3600	3689
2022-08-07T11:25:57	1022.0	28.6	26.5	14.4	1022.5	23.4	7.0	3670	3600	3670
2022-08-07T12:26:04	1021.3	30.7	25.3	14.2	1021.9	23.8	7.0	3737	3600	3737
2022-08-07T13:26:09	1020.7	32.3	24.5	13.6	1021.2	25.4	6.9	3751	3600	3751
2022-08-07T14:26:11	1020.2	35.4	23.1	13.6	1020.8	24.9	6.6	3858	3600	3858
2022-08-07T15:26:16	1019.7	39.1	20.9	13.5	1020.2	25.4	6.8	3754	3600	3754
2022-08-07T16:26:22	1019.2	42.3	18.5	13.5	1019.8	25.9	6.6	3734	3600	3734
2022-08-07T17:26:29	1018.9	43.7	17.6	13.5	1019.5	25.7	6.5	3766	3600	3766
2022-08-07T18:26:36	1018.7	43.6	17.7	13.5	1019.5	24.8	6.6	3770	3600	3770
2022-08-07T19:26:40	1018.8	41.3	18.6	13.2	1019.5	22.8	6.9	3866	3600	3866
2022-08-07T20:26:44	1018.9	37.3	20.0	12.8	1019.8	20.3	7.0	3822	3600	3822
2022-08-07T21:26:47	1019.1	34.4	21.2	12.8	1020.2	17.4	7.0	3758	3600	3758
2022-08-07T22:26:55	1019.4	32.4	22.1	12.7	1020.4	16.4	7.1	3779	3600	3779
2022-08-07T23:27:06	1019.5	30.7	22.8	12.7	1020.5	15.4	7.2	3859	3600	3859
2022-08-08T00:27:16	1019.5	29.2	23.5	12.7	1020.4	14.8	7.3	3666	3600	3666
2022-08-08T01:27:17	1019.6	27.7	24.1	12.6	1020.5	13.1	7.4	3647	3600	3647
2022-08-08T02:27:21	1019.6	26.2	24.8	12.7	1020.4	12.0	7.4	3682	3600	3682
2022-08-08T03:27:25	1019.4	24.9	25.3	12.6	1020.2	11.0	7.5	3747	3600	3747
2022-08-08T04:27:26	1019.5	23.7	25.8	12.6	1020.2	10.2	7.6	3731	3600	3731
2022-08-08T05:27:28	1019.7	22.6	26.2	12.6	1020.4	9.8	7.7	3666	3600	3666
2022-08-08T06:27:36	1020.0	22.0	26.7	12.7	1020.7	11.2	8.3	3705	3600	3705
2022-08-08T07:27:44	1020.2	22.3	27.3	12.9	1021.0	15.2	8.9	3770	3600	3770
2022-08-08T08:27:45	1020.5	23.6	27.6	13.2	1021.2	18.7	8.6	3577	3600	3577
2022-08-08T09:27:47	1020.7	25.6	27.4	13.4	1021.4	21.5	8.3	3645	3600	3645
2022-08-08T10:27:55	1020.9	27.7	26.8	13.7	1021.5	23.6	7.5	3762	3600	3762
2022-08-08T11:28:02	1020.7	29.6	25.7	14.2	1021.3	24.5	7.3	3757	3600	3757
2022-08-08T12:28:04	1020.5	31.0	24.9	14.2	1021.0	26.1	7.3	3716	3600	3716
2022-08-08T13:28:11	1020.3	33.9	23.4	13.9	1020.9	25.9	7.1	3698	3600	3698
2022-08-08T14:28:19	1020.0	35.2	22.6	13.6	1020.6	26.6	7.0	3671	3600	3671
2022-08-08T15:28:24	1019.9	39.0	20.7	13.5	1020.5	28.3	7.1	3708	3600	3708
2022-08-08T16:28:33	1019.9	42.3	18.4	13.5	1020.5	27.4	7.1	3642	3600	3642
2022-08-08T17:28:43	1019.8	42.2	17.6	13.6	1020.5	26.0	7.0	3694	3600	3694
2022-08-08T18:28:46	1019.9	41.6	17.7	13.6	1020.5	26.1	7.1	3725	3600	3725
2022-08-08T19:28:54	1020.2	40.2	18.0	13.2	1020.9	24.0	7.6	3724	3600	3724
2022-08-08T20:29:02	1020.8	36.8	19.3	12.8	1021.6	21.6	8.0	3689	3600	3689
2022-08-08T21:29:04	1021.3	34.5	20.4	12.8	1022.2	19.7	7.9	3633	3600	3633
2022-08-08T22:29:10	1021.6	32.8	21.3	12.7	1022.5	18.4	8.2	3446	3600	3446
2022-08-08T23:30:09	1021.9	31.2	22.1	12.7	1022.8	17.0	8.6	3682	3600	3682
2022-08-09T00:30:11	1022.0	29.8	22.9	12.7	1023.0	16.1	8.9	3529	3600	3529
2022-08-09T01:30:15	1022.1	28.7	23.8	12.7	1022.9	15.8	9.0	3652	3600	3652
2022-08-09T02:30:23	1022.0	27.9	24.9	12.6	1022.8	15.7	9.3	3624	3600	3624
2022-08-09T03:30:27	1022.1	27.2	26.1	12.6	1022.9	15.8	9.5	3674	3600	3674
2022-08-09T04:30:35	1022.2	26.6	27.2	12.6	1023.0	15.8	9.6	3495	3600	3495
2022-08-09T05:30:44	1022.4	26.2	28.1	12.6	1023.2	16.1	9.8	3545	3600	3545
2022-08-09T06:30:52	1022.8	26.0	28.8	12.7	1023.6	16.7	10.1	3547	3600	3547
2022-08-09T07:31:00	1023.2	26.4	29.6	13.1	1023.9	18.7	10.3	3553	3600	3553
2022-08-09T08:31:11	1023.5	27.5	30.0	13.4	1024.1	20.9	10.0	3533	3600	3533
2022-08-09T09:31:13	1023.6	29.1	29.5	13.6	1024.2	22.6	9.3	3511	3600	3511
2022-08-09T10:31:17	1023.7	30.6	28.3	14.2	1024.2	24.2	8.8	3583	3600	3583
2022-08-09T11:31:21	1023.5	32.2	26.7	14.2	1024.0	25.4	8.5	3584	3600	3584
2022-08-09T12:31:26	1023.3	33.8	25.3	14.0	1023.8	25.9	8.3	3592	3600	3592
2022-08-09T13:31:35	1023.2	34.7	24.3	13.7	1023.7	25.9	8.3	3645	3600	3645
2022-08-09T14:31:38	1022.8	37.7	22.7	13.5	1023.3	27.8	8.4	3596	3600	3596
2022-08-09T15:31:40	1022.6	41.9	20.1	13.4	1023.1	27.9	8.1	3666	3600	3666
2022-08-09T16:31:41	1022.5	43.3	18.5	13.6	1023.0	27.1	7.8	3667	3600	3667
2022-08-09T17:31:44	1022.2	41.3	19.1	13.6	1022.8	26.4	8.0	3632	3600	3632
2022-08-09T18:31:48	1022.3	40.2	19.2	13.5	1022.9	25.6	8.1	3543	3600	3543
2022-08-09T19:31:54	1022.6	39.3	19.3	13.1	1023.3	24.3	8.3	3525	3600	3525
2022-08-09T20:31:56	1023.0	36.6	20.2	12.7	1023.8	22.5	8.6	3483	3600	3483
2022-08-09T21:32:00	1023.4	34.5	21.2	12.8	1024.2	19.9	8.7	3478	3600	3478
2022-08-09T22:32:03	1023.6	32.8	22.1	12.7	1024.4	19.5	9.2	3490	3600	3490
2022-08-09T23:32:07	1023.8	31.5	22.9	12.7	1024.6	18.1	9.4	3539	3600	3539
2022-08-10T00:32:15	1024.0	30.2	23.7	12.7	1024.8	16.9	9.6	3469	3600	3469
2022-08-10T01:32:21	1023.9	29.0	24.4	12.7	1024.8	15.9	9.8	3375	3600	3375
2022-08-10T02:32:27	1023.7	27.9	25.2	12.7	1024.4	14.9	9.9	3555	3600	3555
2022-08-10T03:32:29	1023.6	26.7	25.9	12.6	1024.3	13.8	9.9	3479	3600	3479
2022-08-10T04:32:30	1023.6	25.5	26.6	12.6	1024.2	12.2	9.5	3544	3600	3544
2022-08-10T05:32:34	1023.7	24.4	27.0	12.6	1024.4	12.1	9.9	3470	3600	3470
2022-08-10T06:32:40	1023.9	24.0	27.7	12.8	1024.6	14.6	10.9	3467	3600	3467
2022-08-10T07:32:41	1024.2	24.5	29.2	13.0	1024.8	17.5	11.4	3500	3600	3500
2022-08-10T08:32:50	1024.1	25.9	30.2	13.3	1024.6	20.6	11.1	3499	3600	3499
2022-08-10T09:32:51	1024.0	27.8	30.2	13.5	1024.5	22.7	10.1	3496	3600	3496
2022-08-10T10:32:55	1023.9	29.6	29.1	13.9	1024.3	24.4	8.7	3445	3600	3445
2022-08-10T11:32:57	1023.6	31.3	27.4	14.3	1024.0	25.1	7.9	3675	3600	3675
2022-08-10T12:32:59	1023.1	32.7	25.9	13.9	1023.6	26.5	7.6	3686	3600	3686
2022-08-10T13:33:06	1022.7	34.8	24.2	13.5	1023.2	27.2	7.4	3587	3600	3587
2022-08-10T14:33:09	1022.2	38.8	21.8	13.4	1022.7	29.7	7.6	3499	3600	3499
2022-08-10T15:33:19	1021.6	43.6	19.6	13.3	1022.0	30.7	7.5	3611	3600	3611
2022-08-10T16:33:25	1021.1	47.1	18.1	13.4	1021.7	30.4	7.3	3591	3600	3591
2022-08-10T17:33:30	1020.8	48.3	17.8	13.5	1021.4	29.8	7.3	3620	3600	3620
2022-08-10T18:33:37	1020.5	47.7	18.7	13.3	1021.1	29.4	7.5	3498	3600	3498
2022-08-10T19:33:45	1020.5	44.6	20.7	13.0	1021.1	25.8	7.7	3640	3600	3640
2022-08-10T20:33:47	1020.7	40.3	22.2	12.8	1021.5	23.0	8.1	3593	3600	3593
2022-08-10T21:33:54	1020.8	37.6	23.0	12.8	1021.6	21.5	8.6	3597	3600	3597
2022-08-10T22:33:55	1021.0	35.8	23.5	12.7	1021.8	21.0	9.5	3593	3600	3593
2022-08-10T23:34:05	1021.0	34.3	24.0	12.7	1021.7	19.6	9.7	3680	3600	3680
2022-08-11T00:34:11	1020.8	32.8	24.6	12.7	1021.5	18.5	9.6	3506	3600	3506
2022-08-11T01:34:14	1020.6	31.4	25.2	12.7	1021.4	17.6	9.4	3500	3600	3500
2022-08-11T02:34:23	1020.6	30.2	25.8	12.7	1021.4	16.6	9.3	3522	3600	3522
2022-08-11T03:34:34	1020.6	28.8	26.2	12.6	1021.3	13.9	9.1	3584	3600	3584
2022-08-11T04:34:38	1020.5	27.3	26.6	12.6	1021.1	12.9	9.1	3545	3600	3545
2022-08-11T05:34:39	1020.5	26.2	27.0	12.6	1021.1	12.6	9.3	3477	3600	3477
2022-08-11T06:34:40	1020.6	25.6	27.5	12.7	1021.3	15.2	10.0	3540	3600	3540
2022-08-11T07:34:46	1020.8	26.0	28.1	12.9	1021.4	19.0	10.1	3674	3600	3674
2022-08-11T08:34:49	1020.8	27.6	28.2	13.2	1021.2	22.6	10.0	3612	3600	3612
2022-08-11T09:34:53	1020.7	29.8	27.6	13.4	1021.1	25.0	9.6	3588	3600	3588
2022-08-11T10:34:56	1020.5	31.9	26.5	13.9	1021.0	27.1	9.3	3682	3600	3682
2022-08-11T11:35:01	1020.1	34.1	25.2	14.2	1020.5	29.1	8.6	3717	3600	3717
2022-08-11T12:35:06	1019.6	35.8	24.0	13.8	1020.0	30.6	8.5	3674	3600	3674
2022-08-11T13:35:07	1019.1	37.9	22.8	13.4	1019.6	30.2	8.1	3643	3600	3643
2022-08-11T14:35:13	1018.6	41.7	20.6	13.4	1019.0	30.7	7.7	3586	3600	3586
2022-08-11T15:35:14	1018.1	45.5	18.3	13.4	1018.5	30.4	7.8	3600	3600	3600
2022-08-11T16:35:16	1017.5	48.1	16.6	13.3	1018.0	30.5	7.7	3712	3600	3712
2022-08-11T17:35:23	1017.2	48.5	16.2	13.4	1017.8	29.7	7.3	3749	3600	3749
2022-08-11T18:35:28	1017.0	46.3	17.1	13.4	1017.7	29.1	7.0	3693	3600	3693
2022-08-11T19:35:30	1017.1	44.4	17.9	13.0	1017.9	27.2	6.5	3701	3600	3701
2022-08-11T20:35:32	1017.5	40.8	19.2	12.8	1018.2	24.6	6.3	3771	3600	3771
2022-08-11T21:35:36	1017.6	38.3	20.2	12.8	1018.5	21.7	6.5	3781	3600	3781
2022-08-11T22:35:41	1017.9	36.2	21.0	12.7	1018.9	19.7	6.8	3757	3600	3757
2022-08-11T23:35:43	1018.1	34.6	21.6	12.7	1019.0	20.6	7.6	3742	3600	3742
2022-08-12T00:35:50	1018.1	33.2	22.2	12.7	1019.1	17.4	8.0	3729	3600	3729
2022-08-12T01:35:53	1018.3	31.4	22.8	12.7	1019.2	15.5	8.2	3602	3600	3602
2022-08-12T02:36:04	1018.2	29.8	23.5	12.7	1019.1	14.8	8.5	3771	3600	3771
2022-08-12T03:36:13	1018.2	28.4	24.1	12.6	1019.0	13.6	8.7	3732	3600	3732
2022-08-12T04:36:14	1018.1	27.1	24.6	12.6	1018.9	12.9	8.9	3643	3600	3643
2022-08-12T05:36:15	1018.3	26.0	25.2	12.6	1019.0	12.8	9.1	3778	3600	3778
2022-08-12T06:36:22	1018.4	25.4	25.7	12.7	1019.1	14.7	9.8	3605	3600	3605
2022-08-12T07:36:33	1018.6	25.9	26.2	12.9	1019.2	19.8	10.1	3680	3600	3680
2022-08-12T08:36:39	1018.7	27.8	26.4	13.2	1019.2	24.0	9.6	3678	3600	3678
2022-08-12T09:36:48	1018.7	30.2	25.8	13.3	1019.1	26.7	9.0	3687	3600	3687
2022-08-12T10:36:51	1018.6	32.4	24.9	13.8	1019.1	28.1	8.6	3678	3600	3678
2022-08-12T11:36:52	1018.2	34.0	23.6	14.2	1018.7	28.4	8.1	3688	3600	3688
2022-08-12T12:36:53	1017.6	35.4	22.5	14.1	1018.1	29.8	8.0	3804	3600	3804
2022-08-12T13:36:57	1017.2	37.8	21.0	13.4	1017.8	29.8	8.0	3668	3600	3668
2022-08-12T14:37:03	1016.8	42.0	18.6	13.4	1017.4	30.5	8.0	3775	3600	3775
2022-08-12T15:37:08	1016.5	44.2	16.9	13.5	1017.1	29.9	8.0	3763	3600	3763
2022-08-12T16:37:09	1016.1	45.4	16.2	13.4	1016.7	29.8	8.0	3728	3600	3728
2022-08-12T17:37:12	1015.8	45.8	15.7	13.5	1016.4	29.6	8.1	3839	3600	3839
2022-08-12T18:37:14	1015.5	46.2	15.8	13.4	1016.0	28.6	8.2	3761	3600	3761
2022-08-12T19:37:16	1015.3	43.8	17.2	13.0	1016.0	27.0	8.4	3805	3600	3805
2022-08-12T20:37:22	1015.6	40.3	18.9	12.8	1016.3	23.8	8.5	3736	3600	3736
2022-08-12T21:37:28	1015.7	37.8	20.0	12.8	1016.5	21.0	8.7	3793	3600	3793
2022-08-12T22:37:36	1015.7	35.9	20.9	12.7	1016.6	19.4	8.8	3859	3600	3859
2022-08-12T23:37:44	1015.8	34.4	21.7	12.7	1016.5	21.2	9.3	3622	3600	3622
2022-08-13T00:37:45	1015.9	33.5	22.4	12.7	1016.6	20.8	9.4	3717	3600	3717
2022-08-13T01:37:54	1015.8	32.5	23.2	12.7	1016.5	20.5	9.6	3694	3600	3694
2022-08-13T02:37:55	1015.5	31.5	23.8	12.7	1016.3	18.6	9.6	3762	3600	3762
2022-08-13T03:37:58	1015.3	30.3	24.3	12.6	1016.1	17.0	9.7	3714	3600	3714
2022-08-13T04:38:04	1015.2	29.2	24.7	12.6	1015.9	16.8	9.9	3758	3600	3758
2022-08-13T05:38:07	1015.1	28.4	25.0	12.6	1015.8	16.0	9.9	3847	3600	3847
2022-08-13T06:38:13	1015.0	27.8	25.4	12.7	1015.7	17.4	10.5	3653	3600	3653
2022-08-13T07:38:16	1015.0	27.9	25.8	12.8	1015.6	19.2	10.7	3758	3600	3758
2022-08-13T08:38:22	1015.2	28.8	25.9	13.2	1015.6	21.7	11.2	3868	3600	3868
2022-08-13T09:38:24	1015.1	30.2	25.9	13.5	1015.6	23.7	11.5	3771	3600	3771
2022-08-13T10:38:28	1015.1	31.5	25.7	13.4	1015.6	25.0	11.7	3628	3600	3628
2022-08-13T11:38:35	1014.8	33.0	25.6	14.2	1015.2	26.7	12.1	3669	3600	3669
2022-08-13T12:38:37	1014.4	34.2	25.5	13.7	1014.9	26.5	12.4	3629	3600	3629
2022-08-13T13:38:39	1014.4	34.0	26.1	14.1	1014.8	26.4	12.5	3825	3600	3825
2022-08-13T14:38:41	1014.0	34.5	26.4	13.8	1014.5	24.9	12.7	3822	3600	3822
2022-08-13T15:38:45	1013.5	35.1	26.4	13.7	1013.9	26.7	12.4	3827	3600	3827
2022-08-13T16:38:47	1013.0	38.1	24.8	13.6	1013.4	28.3	12.4	3844	3600	3844
2022-08-13T17:38:49	1012.4	41.1	23.1	13.6	1012.8	29.2	12.4	3740	3600	3740
2022-08-13T18:38:51	1011.9	42.2	22.5	13.5	1012.3	28.8	12.5	3739	3600	3739
2022-08-13T19:38:52	1011.8	40.4	23.7	13.1	1012.3	27.6	13.3	3759	3600	3759
2022-08-13T20:38:56	1011.9	38.0	24.9	12.8	1012.4	25.4	13.4	3733	3600	3733
2022-08-13T21:38:59	1012.1	36.6	25.5	12.7	1012.6	24.1	14.2	3826	3600	3826
2022-08-13T22:39:04	1012.0	35.2	26.0	12.7	1012.5	21.2	15.7	3798	3600	3798
2022-08-13T23:39:09	1011.5	34.0	26.4	12.7	1012.0	20.2	15.8	3806	3600	3806
2022-08-14T00:39:15	1011.3	32.8	26.8	12.7	1011.8	19.3	15.5	3766	3600	3766
2022-08-14T01:39:24	1011.1	31.8	27.1	12.7	1011.6	18.6	15.0	3725	3600	3725
2022-08-14T02:39:32	1010.8	30.9	27.5	12.6	1011.3	18.0	14.7	3842	3600	3842
2022-08-14T03:39:37	1010.7	30.1	27.8	12.6	1011.2	17.9	14.7	3810	3600	3810
2022-08-14T04:39:45	1010.4	29.4	28.2	12.6	1010.9	18.2	14.8	3872	3600	3872
2022-08-14T05:39:58	1010.1	28.9	28.6	12.6	1010.6	18.2	14.9	3795	3600	3795
2022-08-14T06:40:03	1009.9	28.7	28.8	12.7	1010.3	19.6	15.8	3802	3600	3802
2022-08-14T07:40:09	1009.6	29.6	29.1	13.2	1009.8	22.7	16.3	3827	3600	3827
2022-08-14T08:40:17	1009.2	31.2	29.1	13.4	1009.5	24.9	15.4	3923	3600	3923
2022-08-14T09:40:24	1008.9	32.6	28.9	13.7	1009.3	27.3	14.7	3972	3600	3972
2022-08-14T10:40:29	1008.7	34.4	28.3	14.3	1009.0	28.8	14.2	3899	3600	3899
2022-08-14T11:40:33	1008.0	36.5	27.2	14.1	1008.4	30.3	13.2	3818	3600	3818
2022-08-14T12:40:46	1007.3	38.3	26.1	13.6	1007.7	31.1	12.5	3984	3600	3984
2022-08-14T13:40:47	1006.7	40.0	24.8	13.5	1007.1	31.5	12.0	3985	3600	3985
2022-08-14T14:40:52	1005.9	42.7	22.8	13.4	1006.4	31.8	11.0	4165	3600	4165
2022-08-14T15:40:58	1005.0	46.0	20.1	13.3	1005.5	33.0	10.1	4022	3600	4022
2022-08-14T16:40:59	1004.4	49.5	17.8	13.3	1004.9	33.0	10.2	4072	3600	4072
2022-08-14T17:41:01	1003.8	49.3	17.4	13.4	1004.5	31.9	9.5	4101	3600	4101
2022-08-14T18:41:07	1003.3	48.6	17.7	13.2	1003.9	30.9	9.2	4128	3600	4128
2022-08-14T19:41:14	1003.2	45.5	19.4	12.9	1004.0	28.2	9.6	4290	3600	4290
2022-08-14T20:41:18	1003.5	42.0	21.1	12.8	1004.2	25.3	10.3	4021	3600	4021
2022-08-14T21:41:20	1003.5	39.9	21.9	12.7	1004.1	24.5	11.9	4051	3600	4051
2022-08-14T22:41:23	1003.4	38.4	22.7	12.7	1004.1	24.1	12.4	4107	3600	4107
2022-08-14T23:41:25	1003.1	37.1	23.4	12.7	1003.8	22.8	12.5	4066	3600	4066
2022-08-15T00:41:26	1002.9	35.8	24.1	12.7	1003.6	21.7	12.6	4077	3600	4077
2022-08-15T01:41:28	1002.8	34.5	24.7	12.7	1003.4	20.1	12.8	4119	3600	4119
2022-08-15T02:41:32	1002.5	33.3	25.3	12.7	1003.1	20.6	13.6	4069	3600	4069
2022-08-15T03:41:33	1002.2	32.5	26.0	12.7	1002.8	20.2	13.8	4039	3600	4039
2022-08-15T04:41:37	1001.9	31.6	26.9	12.6	1002.5	20.0	14.1	4011	3600	4011
2022-08-15T05:41:39	1001.9	30.9	27.6	12.6	1002.5	19.4	14.2	4038	3600	4038
2022-08-15T06:41:43	1002.0	30.5	28.1	12.7	1002.5	20.9	15.2	3949	3600	3949
2022-08-15T07:41:48	1001.9	31.0	29.1	12.9	1002.4	22.5	15.4	4104	3600	4104
2022-08-15T08:41:53	1001.6	31.9	30.3	13.2	1002.0	24.8	15.8	4079	3600	4079
2022-08-15T09:41:57	1001.3	33.5	30.4	13.4	1001.7	26.3	15.1	4100	3600	4100
2022-08-15T10:42:00	1001.1	35.0	29.8	14.1	1001.5	28.2	14.6	4089	3600	4089
2022-08-15T11:42:06	1000.7	36.7	28.7	14.1	1001.1	29.0	14.2	4178	3600	4178
2022-08-15T12:42:19	1000.3	38.1	27.6	13.8	1000.7	30.2	13.3	4224	3600	4224
2022-08-15T13:42:22	999.9	39.7	26.4	13.4	1000.4	31.4	13.2	4253	3600	4253
2022-08-15T14:42:27	999.4	44.1	23.5	13.4	999.9	32.1	12.8	4253	3600	4253
2022-08-15T15:42:34	998.7	45.9	21.6	13.5	999.2	30.9	12.4	4283	3600	4283
2022-08-15T16:42:37	998.7	43.6	22.8	13.6	999.4	31.4	12.7	4345	3600	4345
2022-08-15T17:42:47	999.7	44.3	22.2	13.1	1000.5	24.9	15.1	4214	3600	4214
2022-08-15T18:42:53	1000.7	38.2	24.5	12.8	1001.6	20.4	15.6	4038	3600	4038
2022-08-15T19:43:02	1001.1	35.9	26.1	12.7	1001.7	19.9	16.1	3928	3600	3928
2022-08-15T20:43:08	1000.8	34.3	27.5	12.7	1001.5	19.8	16.1	3800	3600	3800
2022-08-15T21:43:09	1001.9	33.1	28.5	12.7	1002.6	19.1	15.8	3731	3600	3731
2022-08-15T22:43:10	1002.4	32.1	29.2	12.7	1003.0	19.1	16.0	3815	3600	3815
2022-08-15T23:43:12	1002.7	31.2	29.8	12.7	1003.2	19.1	16.0	3705	3600	3705
2022-08-16T00:43:18	1002.5	30.6	30.2	12.6	1002.9	19.3	16.4	3805	3600	3805
2022-08-16T01:43:20	1002.5	30.0	30.5	12.6	1003.0	18.9	15.8	3701	3600	3701
2022-08-16T02:43:22	1002.7	29.2	30.7	12.6	1003.3	18.3	15.2	3808	3600	3808
2022-08-16T03:43:26	1002.9	28.5	30.8	12.6	1003.5	17.5	14.6	3686	3600	3686
2022-08-16T04:43:33	1003.0	27.6	31.0	12.5	1003.6	17.0	14.4	3658	3600	3658
2022-08-16T05:43:37	1003.4	26.9	31.3	12.6	1003.9	16.9	14.4	3751	3600	3751
2022-08-16T06:43:40	1003.6	26.7	31.6	12.7	1004.1	18.1	15.5	3758	3600	3758
2022-08-16T07:43:44	1003.9	27.1	32.3	12.9	1004.4	19.9	16.8	3691	3600	3691
2022-08-16T08:43:50	1004.4	28.0	32.8	13.2	1004.8	22.1	17.0	3688	3600	3688
2022-08-16T09:43:53	1004.8	29.5	32.4	13.4	1005.2	23.9	16.5	3775	3600	3775
2022-08-16T10:43:55	1005.0	31.5	31.4	14.2	1005.4	26.4	16.4	3748	3600	3748
2022-08-16T11:43:56	1005.0	33.5	30.3	14.2	1005.4	27.6	15.3	3754	3600	3754
2022-08-16T12:44:02	1005.0	34.3	29.8	13.9	1005.5	28.1	14.0	3662	3600	3662
2022-08-16T13:44:06	1005.1	36.4	28.7	13.5	1005.6	29.4	13.2	3830	3600	3830
2022-08-16T14:44:09	1005.1	40.4	26.2	13.4	1005.6	30.9	12.0	3821	3600	3821
2022-08-16T15:44:17	1005.0	43.3	23.9	13.5	1005.6	30.4	12.1	3789	3600	3789
2022-08-16T16:44:18	1004.9	42.3	24.1	13.5	1005.5	30.4	11.7	3806	3600	3806
2022-08-16T17:44:22	1004.9	45.0	22.7	13.5	1005.5	31.0	11.0	3830	3600	3830
2022-08-16T18:44:30	1005.2	45.3	22.4	13.3	1005.9	30.6	11.3	3921	3600	3921
2022-08-16T19:44:37	1005.6	42.6	24.1	12.9	1006.3	26.9	12.6	3904	3600	3904
2022-08-16T20:44:38	1006.1	38.8	25.9	12.8	1006.9	22.6	12.8	3706	3600	3706
2022-08-16T21:44:39	1006.4	36.6	26.6	12.7	1007.2	21.1	12.5	3847	3600	3847
2022-08-16T22:44:41	1006.5	35.1	27.1	12.7	1007.3	20.1	13.1	3804	3600	3804
2022-08-16T23:44:46	1006.8	33.7	27.6	12.7	1007.5	19.0	13.5	3866	3600	3866
2022-08-17T00:44:48	1006.9	32.5	28.1	12.7	1007.6	19.0	13.8	3866	3600	3866
2022-08-17T01:45:00	1006.8	31.3	28.6	12.7	1007.6	17.8	13.5	3822	3600	3822
2022-08-17T02:45:07	1006.9	30.3	28.9	12.6	1007.6	17.3	13.4	3713	3600	3713
2022-08-17T03:45:13	1007.0	29.5	29.2	12.6	1007.6	17.2	13.7	3843	3600	3843
2022-08-17T04:45:15	1006.8	28.7	29.5	12.6	1007.5	16.7	13.6	3876	3600	3876
2022-08-17T05:45:20	1007.0	28.0	29.8	12.6	1007.6	16.6	13.7	3678	3600	3678
2022-08-17T06:45:27	1007.4	27.8	30.1	12.7	1007.9	18.6	15.4	3807	3600	3807
2022-08-17T07:45:34	1007.6	28.4	30.5	13.1	1008.0	22.5	15.7	3754	3600	3754
2022-08-17T08:45:40	1007.8	30.3	30.3	13.3	1008.2	26.3	14.3	3645	3600	3645
2022-08-17T09:45:45	1007.9	33.0	29.0	13.6	1008.4	29.1	12.6	3794	3600	3794
2022-08-17T10:45:52	1007.9	35.5	27.5	14.2	1008.4	30.5	11.9	3694	3600	3694
2022-08-17T11:45:54	1007.8	37.4	26.3	14.0	1008.4	30.9	11.2	3799	3600	3799
2022-08-17T12:45:58	1007.6	38.8	25.4	13.7	1008.2	31.1	10.9	3823	3600	3823
2022-08-17T13:46:05	1007.4	39.3	25.2	13.6	1008.0	31.5	10.9	3807	3600	3807
2022-08-17T14:46:16	1007.1	41.0	24.4	13.6	1007.8	31.5	10.8	3831	3600	3831
2022-08-17T15:46:19	1006.9	42.9	23.4	13.5	1007.5	32.5	10.8	3853	3600	3853
2022-08-17T16:46:21	1006.7	46.2	21.6	13.5	1007.3	33.2	10.6	3790	3600	3790
2022-08-17T17:46:29	1006.4	44.7	22.6	13.4	1007.1	31.1	11.6	3971	3600	3971
2022-08-17T18:46:35	1006.3	43.2	23.8	13.3	1007.0	30.2	10.9	3940	3600	3940
2022-08-17T19:46:39	1006.4	42.0	24.2	12.9	1007.1	28.1	11.3	3810	3600	3810
2022-08-17T20:46:48	1006.5	39.7	25.0	12.8	1007.2	25.7	11.9	3705	3600	3705
2022-08-17T21:46:49	1006.4	38.2	25.4	12.7	1007.1	24.6	12.3	3778	3600	3778
2022-08-17T22:46:52	1006.5	37.0	25.8	12.7	1007.2	24.4	12.3	3866	3600	3866
2022-08-17T23:46:54	1006.7	36.1	26.2	12.6	1007.4	23.7	12.9	3676	3600	3676
2022-08-18T00:46:59	1006.7	34.9	26.9	12.7	1007.3	23.0	13.6	3857	3600	3857
2022-08-18T01:47:09	1006.4	34.0	27.5	12.7	1007.0	21.8	13.8	3791	3600	3791
2022-08-18T02:47:20	1006.2	32.8	27.9	12.7	1006.9	19.7	13.7	3866	3600	3866
2022-08-18T03:47:24	1005.9	31.7	28.2	12.6	1006.6	18.5	13.6	3845	3600	3845
2022-08-18T04:47:29	1005.9	30.6	28.6	12.6	1006.6	17.7	13.7	3856	3600	3856
2022-08-18T05:47:35	1006.1	29.7	29.0	12.6	1006.8	17.6	13.9	3778	3600	3778
2022-08-18T06:47:37	1006.5	29.4	29.4	12.8	1007.1	19.2	14.8	3744	3600	3744
2022-08-18T07:47:38	1006.8	29.8	29.6	13.0	1007.3	21.4	14.8	3678	3600	3678
2022-08-18T08:47:42	1006.9	30.5	29.7	13.3	1007.4	22.9	15.1	3777	3600	3777
2022-08-18T09:47:47	1007.2	31.6	29.5	13.7	1007.7	24.8	15.4	3862	3600	3862
2022-08-18T10:47:55	1007.0	33.5	29.0	14.3	1007.4	27.5	14.0	3720	3600	3720
2022-08-18T11:47:57	1006.6	35.9	28.0	14.1	1007.1	29.1	12.8	3744	3600	3744
2022-08-18T12:47:59	1006.5	37.7	26.9	13.6	1007.0	30.4	12.8	3833	3600	3833
2022-08-18T13:48:01	1006.4	39.1	26.1	13.6	1006.9	31.1	13.1	3838	3600	3838
2022-08-18T14:48:06	1005.9	39.2	26.2	13.6	1006.5	31.5	12.9	3936	3600	3936
2022-08-18T15:48:09	1005.5	43.2	23.9	13.4	1006.0	32.8	13.4	3901	3600	3901
2022-08-18T16:48:20	1005.6	44.7	22.2	13.5	1006.2	31.1	13.6	3874	3600	3874
2022-08-18T17:48:22	1005.5	41.3	24.0	13.2	1006.1	30.0	13.2	3879	3600	3879
2022-08-18T18:48:29	1005.4	39.8	25.0	13.0	1006.1	28.6	12.3	3999	3600	3999
2022-08-18T19:48:33	1005.7	38.5	25.3	12.8	1006.5	25.7	13.6	3764	3600	3764
2022-08-18T20:48:37	1006.0	37.1	26.0	12.7	1006.6	23.7	14.6	3795	3600	3795
2022-08-18T21:48:45	1006.2	35.8	26.8	12.7	1006.9	22.6	14.9	3700	3600	3700
2022-08-18T22:48:48	1006.1	34.8	27.6	12.7	1006.7	22.1	15.0	3840	3600	3840
2022-08-18T23:48:51	1006.4	33.9	28.5	12.7	1007.0	21.3	15.5	3852	3600	3852
2022-08-19T00:48:56	1006.5	33.0	29.3	12.7	1007.0	21.1	15.7	3798	3600	3798
2022-08-19T01:48:58	1006.2	32.3	30.2	12.7	1006.7	20.6	15.7	3746	3600	3746
2022-08-19T02:49:00	1006.0	31.5	31.1	12.6	1006.7	20.1	16.1	3807	3600	3807
2022-08-19T03:49:07	1006.1	30.7	31.8	12.6	1006.5	19.6	16.2	3281	3600	3281
2022-08-19T04:49:08	1005.1	30.0	33.6	12.6	1005.5	19.6	16.2	3331	3600	3331
2022-08-19T05:49:18	1005.0	29.5	35.1	12.6	1005.5	19.7	16.3	3287	3600	3287
2022-08-19T06:49:22	1005.3	29.2	36.6	12.7	1005.8	20.1	16.6	3363	3600	3363
2022-08-19T07:49:23	1005.5	29.2	37.9	13.1	1006.0	20.8	17.0	3270	3600	3270
2022-08-19T08:49:26	1005.9	29.7	39.1	13.4	1006.3	21.7	17.3	3249	3600	3249
2022-08-19T09:49:35	1006.3	30.3	39.8	13.4	1006.7	22.1	17.5	3314	3600	3314
2022-08-19T10:49:37	1006.6	30.4	40.1	13.2	1007.0	21.9	17.4	3381	3600	3381
2022-08-19T11:49:44	1006.7	30.0	40.2	13.0	1007.0	21.5	17.3	3216	3600	3216
2022-08-19T12:49:51	1006.6	29.8	40.6	13.0	1007.0	21.2	17.1	3307	3600	3307
2022-08-19T13:49:54	1006.9	29.7	40.9	13.2	1007.4	21.4	17.0	3311	3600	3311
2022-08-19T14:49:55	1007.1	30.0	41.1	13.3	1007.5	21.9	17.1	3337	3600	3337
2022-08-19T15:50:05	1007.1	29.8	41.1	12.9	1007.5	21.4	17.0	3290	3600	3290
2022-08-19T16:50:10	1007.4	29.6	41.2	12.9	1007.9	21.4	16.9	3287	3600	3287
2022-08-19T17:50:17	1007.7	29.4	41.3	12.8	1008.1	20.9	16.6	3325	3600	3325
2022-08-19T18:50:19	1007.7	29.0	41.2	12.7	1008.2	20.2	16.7	3314	3600	3314
2022-08-19T19:50:27	1008.0	28.7	41.1	12.6	1008.5	19.8	16.6	3341	3600	3341
2022-08-19T20:50:32	1008.6	28.5	40.6	12.6	1009.2	20.0	16.9	3280	3600	3280
2022-08-19T21:50:37	1008.6	28.3	40.3	12.6	1009.0	19.7	16.5	3200	3600	3200
2022-08-19T22:50:41	1008.5	28.0	40.0	12.6	1009.0	19.6	16.4	3166	3600	3166
2022-08-19T23:50:45	1008.8	27.9	39.8	12.6	1009.2	19.8	16.6	3214	3600	3214
2022-08-20T00:50:48	1008.5	27.7	39.6	12.6	1009.0	19.6	16.4	3210	3600	3210
2022-08-20T01:50:54	1008.5	27.5	39.6	12.6	1009.0	19.3	16.3	3165	3600	3165
2022-08-20T02:50:57	1008.7	27.4	39.5	12.5	1009.2	19.4	16.4	3148	3600	3148
2022-08-20T03:51:08	1008.8	27.2	39.3	12.5	1009.3	19.2	16.3	3330	3600	3330
2022-08-20T04:51:10	1008.8	27.1	39.1	12.5	1009.2	19.1	16.2	3235	3600	3235
2022-08-20T05:51:19	1008.9	27.0	39.1	12.5	1009.4	19.1	16.1	3245	3600	3245
2022-08-20T06:51:23	1009.1	26.9	39.3	12.6	1009.6	19.1	16.0	3239	3600	3239
2022-08-20T07:51:30	1009.5	26.9	39.3	12.6	1010.0	19.2	16.1	3207	3600	3207
2022-08-20T08:51:35	1009.9	27.0	39.4	12.8	1010.4	19.7	16.2	3272	3600	3272
2022-08-20T09:51:40	1010.2	27.4	39.9	13.1	1010.7	20.2	16.0	3355	3600	3355
2022-08-20T10:51:48	1010.5	28.0	40.2	13.2	1011.0	20.5	15.7	3270	3600	3270
2022-08-20T11:51:56	1010.6	28.5	40.1	13.3	1011.1	20.8	14.7	3257	3600	3257
2022-08-20T12:52:02	1011.0	28.7	39.7	13.4	1011.5	20.8	14.2	3224	3600	3224
2022-08-20T13:52:07	1011.0	28.9	39.3	13.3	1011.5	20.9	14.3	3313	3600	3313
2022-08-20T14:52:09	1011.0	28.9	39.1	13.4	1011.5	21.1	14.8	3270	3600	3270
2022-08-20T15:52:12	1011.0	29.5	38.6	13.4	1011.5	21.9	15.2	3323	3600	3323
2022-08-20T16:52:18	1010.9	29.6	38.1	13.2	1011.5	21.9	15.6	3256	3600	3256
2022-08-20T17:52:21	1011.0	29.3	38.0	13.0	1011.5	21.7	15.9	3234	3600	3234
2022-08-20T18:52:24	1011.3	29.0	38.1	12.9	1011.9	21.4	15.5	3303	3600	3303
2022-08-20T19:52:35	1011.7	28.7	38.3	12.8	1012.2	20.9	14.8	3263	3600	3263
2022-08-20T20:52:36	1011.8	28.3	38.0	12.7	1012.4	19.8	15.1	3184	3600	3184
2022-08-20T21:52:43	1011.9	27.9	37.8	12.7	1012.5	19.3	15.1	3183	3600	3183
2022-08-20T22:52:48	1012.0	27.6	37.5	12.7	1012.5	19.2	15.3	3227	3600	3227
2022-08-20T23:52:53	1011.7	27.5	37.3	12.6	1012.2	19.4	15.3	3193	3600	3193
2022-08-21T00:52:56	1011.7	27.2	37.2	12.6	1012.3	18.6	14.2	3239	3600	3239
2022-08-21T01:53:02	1011.8	26.6	37.0	12.6	1012.5	17.3	13.3	3183	3600	3183
2022-08-21T02:53:08	1011.8	26.1	37.0	12.6	1012.4	17.1	12.4	3201	3600	3201
2022-08-21T03:53:12	1011.8	25.5	36.8	12.6	1012.5	15.7	12.1	3321	3600	3321
2022-08-21T04:53:14	1011.8	24.9	36.6	12.6	1012.4	15.1	11.9	3230	3600	3230
2022-08-21T05:53:19	1011.9	24.3	36.5	12.5	1012.6	14.6	11.6	3222	3600	3222
2022-08-21T06:53:26	1012.2	24.1	36.5	12.7	1012.9	15.3	11.9	3202	3600	3202
2022-08-21T07:53:34	1012.4	24.4	36.6	13.0	1013.0	16.6	12.3	3269	3600	3269
2022-08-21T08:53:40	1012.3	25.4	36.7	13.4	1013.0	18.6	12.3	3288	3600	3288
2022-08-21T09:53:49	1012.2	26.9	36.2	13.9	1012.8	20.6	11.0	3284	3600	3284
2022-08-21T10:53:52	1012.2	27.8	35.4	14.5	1012.8	21.0	10.5	3352	3600	3352
2022-08-21T11:53:59	1012.1	28.8	34.6	14.3	1012.8	22.1	10.1	3358	3600	3358
2022-08-21T12:54:00	1012.0	30.1	33.4	13.6	1012.6	23.4	10.2	3308	3600	3308
2022-08-21T13:54:07	1011.9	33.3	31.1	13.6	1012.5	23.6	9.9	3378	3600	3378
2022-08-21T14:54:28	1011.7	33.5	30.1	13.7	1012.5	22.7	10.2	3263	3600	3263
2022-08-21T15:54:36	1011.6	32.5	30.4	13.8	1012.3	22.9	10.3	3493	3600	3493
2022-08-21T16:54:38	1011.4	33.0	30.2	13.8	1012.1	22.9	10.1	3526	3600	3526
2022-08-21T17:54:40	1011.2	35.0	29.1	13.8	1012.0	23.4	10.2	3312	3600	3312
2022-08-21T18:54:44	1011.2	37.2	27.7	13.4	1012.0	23.0	10.4	3440	3600	3440
2022-08-21T19:54:45	1011.5	33.7	29.2	12.9	1012.4	19.7	11.0	3347	3600	3347
2022-08-21T20:54:51	1011.6	31.1	30.1	12.8	1012.5	17.2	11.2	3319	3600	3319
2022-08-21T21:54:58	1011.7	29.6	30.5	12.8	1012.6	16.1	11.3	3418	3600	3418
2022-08-21T22:55:12	1011.9	28.4	30.8	12.7	1012.8	15.7	11.6	3268	3600	3268
2022-08-21T23:55:23	1012.1	27.5	31.2	12.7	1012.9	15.0	11.7	3291	3600	3291
2022-08-22T00:55:29	1012.1	26.4	31.5	12.7	1012.9	13.9	11.2	3371	3600	3371
2022-08-22T01:55:33	1012.1	25.4	31.8	12.7	1012.9	13.4	11.1	3330	3600	3330
2022-08-22T02:55:39	1012.2	24.6	32.1	12.6	1012.9	13.1	11.1	3228	3600	3228
2022-08-22T03:55:40	1012.3	23.8	32.3	12.6	1012.9	12.7	10.9	3366	3600	3366
2022-08-22T04:55:48	1012.2	23.1	32.6	12.6	1012.9	12.5	10.8	3403	3600	3403
2022-08-22T05:55:52	1012.5	22.5	32.9	12.6	1013.2	12.3	10.8	3350	3600	3350
2022-08-22T06:55:59	1012.9	22.3	33.2	12.8	1013.6	13.5	11.6	3250	3600	3250
2022-08-22T07:56:01	1013.3	22.9	33.6	13.1	1013.9	15.8	12.8	3261	3600	3261
2022-08-22T08:56:04	1013.5	24.1	33.7	13.4	1014.1	18.4	13.2	3381	3600	3381
2022-08-22T09:56:10	1013.6	25.9	33.4	13.9	1014.2	20.5	12.5	3347	3600	3347
2022-08-22T10:56:13	1013.6	27.7	32.9	14.4	1014.2	22.0	10.8	3221	3600	3221
2022-08-22T11:56:17	1013.6	29.2	32.2	14.3	1014.2	23.0	11.0	3326	3600	3326
2022-08-22T12:56:22	1013.4	31.0	31.4	13.7	1014.1	23.8	10.5	3426	3600	3426
2022-08-22T13:56:33	1013.1	33.3	29.8	13.7	1013.8	24.5	9.3	3422	3600	3422
2022-08-22T14:56:36	1012.8	33.9	28.8	13.8	1013.5	24.0	9.4	3379	3600	3379
2022-08-22T15:56:45	1012.7	33.4	28.7	13.8	1013.5	23.9	9.7	3351	3600	3351
2022-08-22T16:56:46	1012.8	34.4	28.1	13.8	1013.5	24.1	9.9	3311	3600	3311
2022-08-22T17:56:48	1012.7	34.8	27.2	13.5	1013.5	22.8	10.0	3397	3600	3397
2022-08-22T18:56:56	1012.8	33.0	28.1	13.1	1013.7	22.2	10.6	3455	3600	3455
2022-08-22T19:57:05	1013.2	32.0	28.5	12.8	1014.1	21.0	10.9	3344	3600	3344
2022-08-22T20:57:11	1013.5	30.9	28.9	12.7	1014.4	20.0	11.1	3510	3600	3510
2022-08-22T21:57:12	1013.7	30.1	29.3	12.7	1014.6	19.2	11.0	3281	3600	3281
2022-08-22T22:57:13	1013.9	29.4	29.5	12.7	1014.8	18.4	11.2	3433	3600	3433
2022-08-22T23:57:19	1014.0	28.7	29.8	12.7	1014.8	17.7	11.2	3349	3600	3349
2022-08-23T00:57:20	1013.9	28.0	30.1	12.7	1014.8	17.3	11.5	3323	3600	3323
2022-08-23T01:57:26	1013.8	27.4	30.6	12.7	1014.5	16.7	11.8	3324	3600	3324
2022-08-23T02:57:33	1013.5	26.9	31.1	12.6	1014.3	17.1	12.2	3335	3600	3335
2022-08-23T03:57:34	1013.4	26.6	31.7	12.6	1014.2	16.8	12.3	3352	3600	3352
2022-08-23T04:57:45	1013.7	26.1	32.0	12.6	1014.5	16.0	12.2	3335	3600	3335
2022-08-23T05:57:46	1014.0	25.5	32.2	12.6	1014.8	15.8	12.1	3267	3600	3267
2022-08-23T06:57:51	1014.3	25.1	32.5	12.6	1015.0	16.0	12.1	3281	3600	3281
2022-08-23T07:57:55	1014.5	25.0	32.8	12.7	1015.2	16.4	12.4	3371	3600	3371
2022-08-23T08:57:58	1014.8	25.3	33.5	13.1	1015.5	17.9	13.0	3382	3600	3382
2022-08-23T09:57:59	1014.9	26.9	34.2	13.4	1015.5	21.2	13.7	3132	3600	3132
2022-08-23T10:58:04	1014.8	29.1	33.7	14.1	1015.3	23.2	12.2	3347	3600	3347
2022-08-23T11:58:07	1014.6	30.5	33.1	14.2	1015.2	24.1	11.6	3362	3600	3362
2022-08-23T12:58:19	1014.6	31.7	32.0	14.0	1015.3	24.2	11.4	3413	3600	3413
2022-08-23T13:58:32	1014.6	32.8	31.2	13.6	1015.2	25.1	10.8	3407	3600	3407
2022-08-23T14:58:37	1014.4	36.4	28.3	13.6	1015.0	26.0	10.3	3400	3600	3400
2022-08-23T15:58:41	1014.2	38.7	25.9	13.5	1014.8	26.1	10.7	3385	3600	3385
2022-08-23T16:58:51	1014.1	39.7	24.6	13.6	1014.7	25.6	10.9	3446	3600	3446
2022-08-23T17:58:52	1014.0	41.8	23.4	13.5	1014.7	25.6	10.8	3420	3600	3420
2022-08-23T18:58:53	1014.2	41.3	23.6	13.2	1015.0	24.7	11.1	3342	3600	3342
2022-08-23T19:58:55	1014.9	38.0	25.6	12.8	1015.8	21.9	11.5	3396	3600	3396
2022-08-23T20:59:00	1015.5	34.8	27.0	12.8	1016.4	20.1	11.7	3269	3600	3269
2022-08-23T21:59:06	1015.9	33.1	27.9	12.7	1016.7	19.5	12.2	3335	3600	3335
2022-08-23T22:59:10	1016.0	31.8	28.6	12.7	1016.8	19.0	12.6	3334	3600	3334
2022-08-23T23:59:14	1015.9	30.7	29.2	12.7	1016.7	17.8	12.6	3311	3600	3311
2022-08-24T00:59:20	1015.9	29.5	29.8	12.7	1016.7	16.0	12.3	3242	3600	3242
2022-08-24T01:59:22	1015.9	28.3	30.4	12.7	1016.7	15.8	12.3	3301	3600	3301
2022-08-24T02:59:28	1015.9	27.3	31.0	12.7	1016.7	14.8	11.9	3289	3600	3289
2022-08-24T03:59:33	1016.1	26.3	31.3	12.6	1016.8	13.8	11.4	3367	3600	3367
2022-08-24T04:59:43	1016.1	25.4	31.7	12.6	1016.8	13.8	11.7	3218	3600	3218
2022-08-24T05:59:49	1016.3	25.1	32.1	12.6	1017.0	14.8	12.6	3268	3600	3268
2022-08-24T06:59:57	1016.8	24.9	32.6	12.7	1017.5	15.5	13.2	3224	3600	3224
2022-08-24T08:00:00	1017.1	25.1	33.2	12.9	1017.8	16.1	13.7	3141	3600	3141
2022-08-24T09:00:03	1017.5	25.8	33.7	13.3	1018.1	16.7	14.2	3160	3600	3160
2022-08-24T10:00:08	1017.8	26.7	33.7	13.7	1018.3	17.9	15.1	3255	3600	3255
2022-08-24T11:00:09	1017.7	28.3	33.4	14.4	1018.2	20.9	15.6	3284	3600	3284
2022-08-24T12:00:12	1017.4	30.0	33.2	14.3	1017.8	23.1	15.4	3226	3600	3226
2022-08-24T13:00:17	1017.1	32.7	32.2	13.6	1017.5	24.6	14.9	3283	3600	3283
2022-08-24T14:00:28	1016.9	35.3	30.7	13.5	1017.3	25.9	14.2	3192	3600	3192
2022-08-24T15:00:31	1016.7	39.4	27.9	13.5	1017.2	26.9	13.7	3338	3600	3338
2022-08-24T16:00:39	1016.5	42.7	25.2	13.4	1017.0	27.8	13.6	3342	3600	3342
2022-08-24T17:00:41	1016.2	46.1	22.9	13.4	1016.7	28.1	13.5	3304	3600	3304
2022-08-24T18:00:49	1016.1	45.2	23.4	13.4	1016.7	27.0	13.7	3354	3600	3354
2022-08-24T19:00:53	1016.2	42.3	25.5	13.1	1017.0	25.5	14.1	3272	3600	3272
2022-08-24T20:00:57	1016.8	39.0	27.1	12.8	1017.5	23.6	14.2	3200	3600	3200
2022-08-24T21:01:01	1017.1	36.6	28.2	12.7	1017.8	22.3	14.4	3326	3600	3326
2022-08-24T22:01:06	1017.2	35.1	28.9	12.7	1018.0	21.2	14.8	3173	3600	3173
2022-08-24T23:01:10	1017.3	33.9	29.8	12.7	1018.0	20.5	15.1	3226	3600	3226
2022-08-25T00:01:11	1017.4	32.8	30.5	12.7	1018.1	19.8	15.2	3332	3600	3332
2022-08-25T01:01:14	1017.2	31.7	31.2	12.7	1017.8	19.2	15.2	3288	3600	3288
2022-08-25T02:01:21	1016.9	30.9	31.9	12.7	1017.6	18.7	15.1	3341	3600	3341
2022-08-25T03:01:30	1016.9	30.0	32.6	12.6	1017.5	18.2	14.8	3327	3600	3327
2022-08-25T04:01:38	1016.6	29.2	33.0	12.6	1017.2	17.5	14.5	3291	3600	3291
2022-08-25T05:01:46	1016.3	28.5	33.4	12.6	1016.9	16.9	14.0	3297	3600	3297
2022-08-25T06:01:47	1016.3	27.7	33.7	12.6	1017.0	16.9	14.2	3297	3600	3297
2022-08-25T07:01:53	1016.5	27.4	34.4	12.7	1017.1	17.5	14.8	3221	3600	3221
2022-08-25T08:01:54	1016.6	27.6	35.4	12.9	1017.2	18.2	15.4	3288	3600	3288
2022-08-25T09:01:57	1016.6	28.1	36.4	13.2	1017.1	19.4	15.9	3258	3600	3258
2022-08-25T10:02:03	1016.4	28.8	37.1	13.5	1016.8	20.8	16.4	3349	3600	3349
2022-08-25T11:02:05	1016.0	30.3	37.3	14.3	1016.4	22.8	16.6	3339	3600	3339
2022-08-25T12:02:12	1015.5	32.2	36.7	14.2	1015.9	24.8	16.9	3396	3600	3396
2022-08-25T13:02:17	1015.0	33.7	35.9	13.7	1015.4	25.8	16.6	3325	3600	3325
2022-08-25T14:02:22	1014.4	36.5	33.9	13.5	1014.8	27.1	16.5	3408	3600	3408
2022-08-25T15:02:27	1013.8	40.1	30.5	13.4	1014.2	27.7	15.8	3294	3600	3294
2022-08-25T16:02:28	1013.3	43.1	27.4	13.4	1013.7	28.1	15.1	3425	3600	3425
2022-08-25T17:02:36	1012.7	43.5	26.2	13.6	1013.2	27.9	15.1	3531	3600	3531
2022-08-25T18:02:38	1012.2	42.8	26.2	13.5	1012.7	27.4	15.0	3445	3600	3445
2022-08-25T19:02:42	1012.1	41.1	27.1	13.0	1012.7	26.2	14.9	3469	3600	3469
2022-08-25T20:02:47	1012.3	38.2	28.5	12.8	1013.0	24.4	14.9	3554	3600	3554
2022-08-25T21:02:54	1012.5	36.2	29.5	12.7	1013.2	22.5	15.0	3481	3600	3481
2022-08-25T22:03:02	1012.4	34.9	30.1	12.7	1013.0	21.8	15.2	3430	3600	3430
2022-08-25T23:03:04	1012.1	33.8	30.6	12.7	1012.8	21.0	15.1	3378	3600	3378
2022-08-26T00:03:06	1012.0	32.7	31.1	12.7	1012.6	20.2	15.2	3506	3600	3506
2022-08-26T01:03:13	1011.6	31.9	31.7	12.7	1012.2	20.4	15.4	3534	3600	3534
2022-08-26T02:03:14	1011.3	31.1	32.3	12.7	1011.9	20.0	15.4	3494	3600	3494
2022-08-26T03:03:27	1011.0	30.5	32.8	12.6	1011.6	19.8	15.6	3363	3600	3363
2022-08-26T04:04:38	1010.8	29.9	33.1	12.6	1011.5	19.0	15.4	3438	3600	3438
2022-08-26T05:04:42	1010.5	29.4	33.2	12.6	1011.2	18.9	15.6	3351	3600	3351
2022-08-26T06:04:47	1010.4	29.0	33.4	12.6	1011.1	18.8	15.5	3395	3600	3395
2022-08-26T07:04:48	1010.7	29.1	33.7	12.8	1011.3	19.9	16.2	3565	3600	3565
2022-08-26T08:04:49	1010.6	29.7	34.2	13.1	1011.1	21.8	16.8	3403	3600	3403
2022-08-26T09:04:52	1010.4	31.1	34.4	13.3	1010.8	24.7	17.5	3423	3600	3423
2022-08-26T10:04:59	1010.1	33.2	33.7	13.9	1010.6	27.1	18.0	3492	3600	3492
2022-08-26T11:05:04	1009.8	35.1	32.8	14.2	1010.2	28.2	17.3	3476	3600	3476
2022-08-26T12:05:08	1009.2	34.9	33.2	13.2	1009.8	25.1	15.9	3501	3600	3501
2022-08-26T13:05:09	1009.1	32.4	34.2	12.9	1009.6	20.2	15.8	3260	3600	3260
2022-08-26T14:05:12	1008.8	30.9	35.2	12.8	1009.6	19.5	16.0	2722	3600	2722
2022-08-26T15:05:13	1009.4	30.0	36.2	12.7	1010.1	19.0	15.7	2769	3600	2769
2022-08-26T16:05:16	1009.0	29.4	36.8	12.7	1009.3	19.1	16.1	2798	3600	2798
2022-08-26T17:05:20	1007.3	29.1	37.2	13.0	1007.9	19.5	16.3	2988	3600	2988
2022-08-26T18:05:25	1007.6	29.0	37.8	13.0	1008.3	19.8	16.5	2876	3600	2876
2022-08-26T19:05:29	1007.8	28.7	38.0	12.7	1008.3	19.6	16.5	2893	3600	2893
2022-08-26T20:05:32	1007.5	28.3	37.9	12.6	1008.1	19.1	16.2	2953	3600	2953
2022-08-26T21:05:42	1008.0	27.9	38.0	12.6	1008.8	18.9	16.0	2892	3600	2892
2022-08-26T22:05:49	1008.2	27.5	38.0	12.6	1008.9	18.6	15.8	2996	3600	2996
2022-08-26T23:05:55	1008.4	27.3	38.1	12.6	1009.0	18.6	15.9	3027	3600	3027
2022-08-27T00:05:59	1008.1	27.1	38.1	12.6	1008.7	18.5	15.8	2927	3600	2927
2022-08-27T01:06:02	1007.4	26.9	38.2	12.5	1008.1	18.6	15.9	2843	3600	2843
2022-08-27T02:06:05	1007.6	26.4	38.6	12.6	1008.3	18.4	15.7	2945	3600	2945
2022-08-27T03:06:07	1007.5	26.2	38.7	12.6	1008.2	18.2	15.6	2944	3600	2944
2022-08-27T04:06:09	1007.7	26.0	38.8	12.6	1008.4	18.3	15.6	2955	3600	2955
2022-08-27T05:06:13	1007.7	26.0	39.0	12.5	1008.3	18.4	15.8	2909	3600	2909
2022-08-27T06:06:15	1007.6	25.9	39.1	12.5	1008.2	18.6	15.9	2854	3600	2854
2022-08-27T07:06:18	1007.6	26.0	39.6	12.6	1008.2	19.0	16.3	2951	3600	2951
2022-08-27T08:06:26	1007.8	26.1	40.9	12.7	1008.5	19.4	16.6	2957	3600	2957
2022-08-27T09:06:32	1008.1	26.4	41.6	12.9	1008.8	19.8	16.9	2878	3600	2878
2022-08-27T10:06:36	1008.3	26.8	42.6	13.1	1008.9	20.3	17.0	2960	3600	2960
2022-08-27T11:06:39	1008.2	27.1	43.6	13.2	1008.8	20.7	17.0	2950	3600	2950
2022-08-27T12:06:47	1008.3	27.4	44.5	13.9	1008.9	21.3	17.5	2961	3600	2961
2022-08-27T13:06:53	1008.6	28.3	45.0	14.1	1009.1	22.1	17.3	2842	3600	2842
2022-08-27T14:06:55	1008.5	29.3	45.0	14.1	1008.9	22.7	17.4	2975	3600	2975
2022-08-27T15:06:57	1008.3	31.3	43.8	13.7	1008.8	22.9	17.1	2937	3600	2937
2022-08-27T16:07:02	1008.5	30.1	44.2	13.3	1009.0	21.7	16.7	2824	3600	2824
2022-08-27T17:07:06	1008.8	29.4	44.7	12.9	1009.4	20.8	15.8	3005	3600	3005
2022-08-27T18:07:10	1009.0	28.8	44.8	12.8	1009.6	19.8	15.5	2894	3600	2894
2022-08-27T19:07:14	1009.5	28.1	44.8	12.8	1010.2	19.3	15.5	2934	3600	2934
2022-08-27T20:07:19	1009.9	27.7	45.0	12.7	1010.6	19.2	15.4	2931	3600	2931
2022-08-27T21:07:25	1010.1	27.4	45.2	12.7	1010.8	19.2	15.7	2887	3600	2887
2022-08-27T22:07:31	1010.4	27.2	45.8	12.7	1011.0	19.4	15.4	2927	3600	2927
2022-08-27T23:07:32	1010.5	27.1	46.1	12.6	1011.1	19.1	14.9	2882	3600	2882
2022-08-28T00:07:35	1010.5	27.0	45.8	12.7	1011.1	18.7	14.9	3015	3600	3015
2022-08-28T01:07:38	1010.4	26.8	45.6	12.6	1011.1	18.4	14.9	2988	3600	2988
2022-08-28T02:07:46	1010.7	26.5	45.7	12.6	1011.4	17.9	14.5	2970	3600	2970
2022-08-28T03:07:52	1010.8	26.1	45.5	12.6	1011.5	16.6	13.0	3049	3600	3049
2022-08-28T04:07:56	1010.8	25.5	45.0	12.6	1011.5	15.9	12.6	2920	3600	2920
2022-08-28T05:08:04	1010.9	25.1	44.8	12.5	1011.7	15.5	12.4	3018	3600	3018
2022-08-28T06:08:11	1011.3	24.6	44.5	12.6	1012.1	14.6	12.0	2894	3600	2894
2022-08-28T07:08:20	1011.6	24.1	44.4	12.6	1012.4	14.5	12.0	2954	3600	2954
2022-08-28T08:08:21	1011.8	24.0	44.7	12.8	1012.6	14.8	12.1	2943	3600	2943
2022-08-28T09:08:23	1012.5	24.2	45.0	13.0	1013.2	15.3	12.3	2934	3600	2934
2022-08-28T10:08:32	1012.9	24.4	45.2	13.2	1013.6	15.8	12.5	3029	3600	3029
2022-08-28T11:08:42	1013.1	24.7	45.3	13.3	1013.9	16.3	12.7	2971	3600	2971
2022-08-28T12:08:53	1013.4	25.0	45.3	13.5	1014.1	16.9	12.9	3011	3600	3011
2022-08-28T14:08:58	1013.3	28.1	44.7	14.2	1013.9	19.7	13.4	3067	3600	3067
2022-08-28T15:09:06	1013.0	31.6	41.3	13.9	1013.5	21.1	13.5	2860	3600	2860
2022-08-28T16:09:14	1012.8	35.2	37.3	13.7	1013.4	22.6	12.6	3087	3600	3087
2022-08-28T17:09:23	1012.8	36.8	33.7	13.7	1013.4	22.5	11.0	2975	3600	2975
2022-08-28T18:09:25	1012.8	36.2	31.7	13.6	1013.5	22.0	10.7	3028	3600	3028
2022-08-28T19:09:29	1012.9	34.5	31.8	13.1	1013.9	20.2	10.9	3083	3600	3083
2022-08-28T20:09:32	1013.5	31.5	33.0	12.8	1014.5	18.0	10.7	2965	3600	2965
2022-08-28T21:09:40	1014.1	29.7	33.5	12.8	1015.1	17.0	10.0	2999	3600	2999
2022-08-28T22:09:51	1014.5	28.3	33.9	12.7	1015.4	15.1	10.0	2969	3600	2969
2022-08-28T23:10:00	1014.6	27.0	34.3	12.7	1015.5	14.1	9.9	2941	3600	2941
2022-08-29T00:10:01	1014.9	25.9	34.7	12.7	1015.8	14.0	9.7	2950	3600	2950
2022-08-29T01:10:06	1014.9	25.0	35.1	12.7	1015.7	13.5	9.6	2790	3600	2790
2022-08-29T02:10:18	1014.8	24.2	35.5	12.7	1015.6	13.5	9.7	2937	3600	2937
2022-08-29T03:10:34	1014.9	23.6	35.9	12.6	1015.8	12.9	9.5	2943	3600	2943
2022-08-29T04:10:37	1015.1	22.8	36.2	12.6	1016.0	12.4	9.4	2883	3600	2883
2022-08-29T05:10:43	1015.0	22.1	36.5	12.6	1015.8	11.8	9.4	2954	3600	2954
2022-08-29T06:10:49	1015.1	21.6	36.7	12.6	1015.9	11.9	9.7	2906	3600	2906
2022-08-29T07:11:01	1015.3	21.6	37.3	12.7	1016.1	13.1	10.3	2969	3600	2969
2022-08-29T08:11:03	1015.7	22.0	37.9	12.8	1016.5	13.8	10.6	2955	3600	2955
2022-08-29T09:11:08	1016.1	22.3	38.5	13.0	1016.9	14.6	11.0	2968	3600	2968
2022-08-29T10:11:12	1016.3	23.0	38.9	13.4	1017.1	16.1	11.8	2884	3600	2884
2022-08-29T11:11:19	1016.5	23.9	39.1	13.4	1017.4	17.5	12.4	2833	3600	2833
2022-08-29T12:11:21	1016.7	24.6	39.3	13.5	1017.5	18.0	12.4	2883	3600	2883
2022-08-29T13:11:26	1016.6	25.5	39.3	14.2	1017.3	19.5	12.9	2876	3600	2876
2022-08-29T14:11:38	1016.4	28.0	38.3	14.3	1017.0	21.2	13.0	2998	3600	2998
2022-08-29T15:11:43	1016.1	31.1	36.3	13.9	1016.7	22.6	13.0	2938	3600	2938
2022-08-29T16:11:48	1015.8	34.9	33.3	13.7	1016.4	23.4	12.5	2899	3600	2899
2022-08-29T17:11:49	1015.6	37.8	30.4	13.7	1016.2	23.7	11.7	2903	3600	2903
2022-08-29T18:11:52	1015.4	37.6	29.7	13.6	1016.1	22.2	11.7	3016	3600	3016
2022-08-29T19:11:56	1015.5	34.5	31.4	13.0	1016.3	20.4	12.3	2925	3600	2925
2022-08-29T20:11:59	1015.8	31.7	32.9	12.8	1016.8	17.7	12.3	2915	3600	2915
2022-08-29T21:12:01	1016.3	29.8	33.5	12.8	1017.2	16.4	12.3	2936	3600	2936
2022-08-29T22:12:11	1016.8	28.6	34.0	12.7	1017.6	16.3	12.0	2860	3600	2860
2022-08-29T23:12:12	1017.0	27.6	34.5	12.7	1017.8	15.5	12.0	2826	3600	2826
2022-08-30T00:12:15	1017.2	26.7	34.8	12.7	1018.0	14.8	12.0	2929	3600	2929
2022-08-30T01:12:21	1017.2	25.8	35.3	12.7	1018.0	14.6	12.1	2816	3600	2816
2022-08-30T02:12:24	1017.3	25.0	35.9	12.6	1018.0	14.3	12.0	2961	3600	2961
2022-08-30T03:12:25	1017.4	24.5	36.3	12.6	1018.1	14.2	12.0	2824	3600	2824
2022-08-30T04:12:32	1017.2	23.9	36.8	12.6	1018.0	13.8	11.8	2841	3600	2841
2022-08-30T05:12:39	1017.3	23.4	37.3	12.6	1018.1	13.4	11.6	2967	3600	2967
2022-08-30T06:12:45	1017.6	22.9	37.8	12.6	1018.4	13.2	11.5	2782	3600	2782
2022-08-30T07:12:50	1018.0	22.9	38.3	12.8	1018.7	13.6	11.8	2759	3600	2759
2022-08-30T08:13:00	1018.2	23.2	38.8	13.1	1018.9	14.6	12.5	2871	3600	2871
2022-08-30T09:13:04	1018.4	24.0	38.9	13.2	1019.2	15.7	13.4	2731	3600	2731
2022-08-30T10:13:07	1018.7	25.1	38.8	13.9	1019.4	17.0	13.9	2898	3600	2898
2022-08-30T11:13:10	1018.8	26.4	38.6	14.3	1019.5	18.4	13.5	2818	3600	2818
2022-08-30T12:13:23	1018.6	27.9	38.1	14.4	1019.2	20.5	12.9	2928	3600	2928
2022-08-30T13:13:34	1018.3	30.0	36.7	13.8	1019.0	21.2	12.3	2900	3600	2900
2022-08-30T14:13:38	1018.0	31.5	35.2	13.8	1018.7	21.1	11.9	3024	3600	3024
2022-08-30T15:13:44	1017.6	31.9	34.5	13.8	1018.3	21.8	11.4	2943	3600	2943
2022-08-30T16:13:48	1017.5	34.5	32.1	13.7	1018.2	21.6	11.9	2940	3600	2940
2022-08-30T17:13:52	1017.6	34.8	30.9	13.8	1018.3	21.0	12.1	2930	3600	2930
2022-08-30T18:13:55	1017.4	34.4	30.3	13.7	1018.2	20.2	11.9	3084	3600	3084
2022-08-30T19:14:03	1017.6	32.3	31.5	13.1	1018.5	19.0	11.5	2904	3600	2904
2022-08-30T20:14:15	1018.1	30.1	32.2	12.8	1019.0	17.6	11.2	2905	3600	2905
2022-08-30T21:14:24	1018.3	28.8	32.8	12.7	1019.3	16.4	11.3	2914	3600	2914
2022-08-30T22:14:38	1018.5	27.7	33.3	12.7	1019.4	15.9	11.2	2866	3600	2866
2022-08-30T23:14:39	1018.6	26.9	33.9	12.7	1019.5	15.1	10.9	2901	3600	2901
2022-08-31T00:14:40	1018.9	25.9	34.2	12.7	1019.8	14.3	10.5	2908	3600	2908
2022-08-31T01:14:59	1019.0	25.0	34.6	12.7	1019.9	13.5	10.2	2813	3600	2813
2022-08-31T02:15:18	1019.0	24.0	35.1	12.6	1019.8	12.7	10.0	2868	3600	2868
2022-08-31T03:15:20	1019.1	23.2	35.6	12.6	1019.9	12.4	10.1	3009	3600	3009
2022-08-31T04:15:23	1018.9	22.7	36.3	12.6	1019.6	12.7	10.3	2982	3600	2982
2022-08-31T05:15:27	1019.0	22.2	36.9	12.6	1019.8	12.1	10.2	2873	3600	2873
2022-08-31T06:15:31	1019.3	21.7	37.2	12.6	1020.0	11.9	10.1	2852	3600	2852
2022-08-31T07:15:40	1019.5	21.6	38.2	12.7	1020.3	12.9	10.5	2954	3600	2954
2022-08-31T08:15:45	1019.8	22.4	39.1	13.0	1020.6	15.2	10.9	2930	3600	2930
2022-08-31T09:15:49	1020.0	24.4	38.8	13.3	1020.8	17.7	10.6	2864	3600	2864
2022-08-31T10:15:52	1020.2	26.1	37.5	13.8	1021.0	19.1	10.0	2872	3600	2872
2022-08-31T11:15:59	1020.2	27.5	35.9	14.4	1020.9	20.1	9.5	3001	3600	3001
2022-08-31T14:14:29	1019.2	33.8	25.6	13.7	1020.0	21.3	8.3	3002	3600	3002
2022-08-31T15:14:31	1019.0	35.1	24.8	13.7	1019.8	21.5	8.3	3029	3600	3029
2022-08-31T16:14:41	1018.9	35.5	24.5	13.7	1019.7	21.4	8.1	3121	3600	3121
2022-08-31T17:14:42	1018.6	36.4	24.4	13.7	1019.5	21.4	8.1	3085	3600	3085
2022-08-31T18:14:48	1018.3	37.0	24.5	13.6	1019.3	20.7	8.5	3068	3600	3068
2022-08-31T19:14:54	1018.6	34.4	25.9	13.0	1019.6	18.7	8.8	3124	3600	3124
2022-08-31T20:14:55	1019.0	31.3	27.3	12.8	1020.1	17.0	9.5	2997	3600	2997
2022-08-31T21:14:56	1019.1	29.3	28.3	12.8	1020.2	15.7	9.4	3017	3600	3017
2022-08-31T22:15:00	1019.3	28.0	29.2	12.7	1020.3	15.4	9.2	2987	3600	2987
2022-08-31T23:15:10	1019.5	26.9	30.1	12.7	1020.5	15.1	9.4	3029	3600	3029
2022-09-01T00:15:20	1019.7	26.2	30.8	12.7	1020.6	15.1	9.6	3050	3600	3050
2022-09-01T01:15:21	1019.5	25.7	31.4	12.7	1020.4	14.8	9.6	2991	3600	2991
2022-09-01T02:15:24	1019.4	25.1	32.1	12.7	1020.3	14.7	9.5	2989	3600	2989
2022-09-01T03:15:28	1019.4	24.6	32.7	12.6	1020.3	14.3	9.4	2979	3600	2979
2022-09-01T04:15:36	1019.3	24.0	33.2	12.6	1020.1	13.7	9.5	2861	3600	2861
2022-09-01T05:15:47	1019.2	23.3	33.5	12.6	1020.0	12.5	9.4	2989	3600	2989
2022-09-01T06:15:48	1019.2	22.5	33.8	12.6	1020.0	11.8	9.4	3063	3600	3063
2022-09-01T07:15:56	1019.3	22.1	34.7	12.7	1020.1	13.0	9.7	3104	3600	3104
2022-09-01T08:15:57	1019.6	22.9	35.5	13.0	1020.4	15.2	10.0	3036	3600	3036
2022-09-01T09:16:06	1019.6	24.7	35.2	13.3	1020.5	17.1	9.9	2987	3600	2987
2022-09-01T10:16:15	1019.7	26.1	34.4	13.5	1020.5	18.4	9.3	3010	3600	3010
2022-09-01T11:16:19	1019.5	26.8	33.5	14.3	1020.3	19.2	9.0	2969	3600	2969
2022-09-01T12:16:20	1019.4	27.4	33.0	14.5	1020.2	19.7	8.7	3032	3600	3032
2022-09-01T13:16:29	1019.2	28.1	32.2	14.1	1020.0	20.0	8.0	3024	3600	3024
2022-09-01T14:16:38	1019.0	28.6	31.5	13.9	1019.9	19.9	8.7	3087	3600	3087
2022-09-01T15:16:43	1018.7	31.0	30.0	13.8	1019.5	21.0	8.2	3107	3600	3107
2022-09-01T16:16:47	1018.2	35.6	26.7	13.7	1019.0	21.0	8.6	3104	3600	3104
2022-09-01T17:16:50	1018.0	34.3	26.6	13.5	1018.9	20.0	8.6	3036	3600	3036
2022-09-01T18:16:55	1017.8	31.5	27.8	13.3	1018.7	19.4	8.8	3104	3600	3104
2022-09-01T19:16:56	1018.1	30.3	28.7	12.9	1019.1	17.5	9.0	3023	3600	3023
2022-09-01T20:17:00	1018.5	28.3	29.3	12.8	1019.5	15.9	9.0	3034	3600	3034
2022-09-01T21:17:05	1018.6	27.0	29.9	12.8	1019.6	14.9	9.1	3178	3600	3178
2022-09-01T22:17:06	1018.7	25.9	30.5	12.7	1019.6	14.1	9.1	3086	3600	3086
2022-09-01T23:17:08	1018.7	24.9	31.1	12.7	1019.6	13.2	9.0	3105	3600	3105
2022-09-02T00:17:10	1018.6	23.9	31.6	12.7	1019.4	12.3	8.9	3001	3600	3001
2022-09-02T01:17:15	1018.4	22.8	32.0	12.7	1019.2	11.1	8.8	3120	3600	3120
2022-09-02T02:17:16	1018.2	21.9	32.4	12.7	1018.8	10.8	8.8	3016	3600	3016
2022-09-02T03:17:27	1017.9	21.1	32.8	12.6	1018.6	10.4	8.8	3089	3600	3089
2022-09-02T04:17:28	1017.7	20.5	33.3	12.6	1018.4	10.9	8.9	3020	3600	3020
2022-09-02T05:17:38	1017.6	20.1	33.8	12.6	1018.3	10.6	8.8	3109	3600	3109
2022-09-02T06:17:40	1017.7	19.6	34.1	12.6	1018.4	10.3	8.9	3049	3600	3049
2022-09-02T07:17:41	1017.8	19.6	34.6	12.7	1018.5	12.1	9.4	3176	3600	3176
2022-09-02T08:17:45	1017.7	20.3	35.3	13.0	1018.5	13.8	9.9	3200	3600	3200
2022-09-02T09:17:53	1017.8	22.7	35.5	13.3	1018.6	17.5	10.5	3053	3600	3053
2022-09-02T10:17:55	1017.8	25.2	34.6	13.7	1018.5	19.6	10.3	3002	3600	3002
2022-09-02T11:17:59	1017.4	26.5	33.9	14.3	1018.0	20.4	9.5	3088	3600	3088
2022-09-02T12:18:02	1017.0	27.6	33.1	14.4	1017.8	20.4	9.1	3189	3600	3189
2022-09-02T13:18:12	1016.7	28.5	32.3	13.9	1017.4	20.5	8.5	3092	3600	3092
2022-09-02T14:18:19	1016.2	30.3	30.9	13.7	1016.9	21.1	8.4	3222	3600	3222
2022-09-02T15:18:22	1015.7	33.6	28.6	13.7	1016.4	21.3	8.2	3079	3600	3079
2022-09-02T16:18:29	1015.3	35.0	26.8	13.7	1016.0	21.0	8.1	3171	3600	3171
2022-09-02T17:18:30	1015.0	34.8	26.4	13.6	1015.8	21.1	7.8	3174	3600	3174
2022-09-02T18:18:34	1014.8	33.8	26.2	13.1	1015.7	19.2	7.5	3205	3600	3205
2022-09-02T19:18:36	1014.7	30.9	27.7	12.8	1015.7	18.0	7.7	3171	3600	3171
2022-09-02T20:18:40	1015.0	29.3	28.4	12.7	1016.1	17.4	7.7	3212	3600	3212
2022-09-02T21:18:42	1015.3	28.3	28.8	12.7	1016.3	16.9	7.7	3155	3600	3155
2022-09-02T22:18:45	1015.5	27.2	29.1	12.7	1016.6	15.5	7.7	3153	3600	3153
2022-09-02T23:18:51	1015.6	26.1	29.5	12.7	1016.6	14.6	7.7	3232	3600	3232
2022-09-03T00:19:00	1015.6	25.1	29.9	12.7	1016.5	13.7	7.7	3230	3600	3230
2022-09-03T01:19:09	1015.2	24.1	30.4	12.7	1016.2	13.2	7.6	3191	3600	3191
2022-09-03T02:19:13	1015.0	23.4	30.8	12.6	1015.9	13.3	7.6	3183	3600	3183
2022-09-03T03:19:17	1014.8	22.8	31.3	12.6	1015.8	13.0	7.6	3179	3600	3179
2022-09-03T04:19:28	1014.8	22.2	31.7	12.6	1015.8	12.3	7.6	3194	3600	3194
2022-09-03T05:19:40	1014.9	21.5	32.0	12.6	1015.9	11.6	7.5	3223	3600	3223
2022-09-03T06:19:44	1014.9	21.0	32.4	12.6	1015.8	11.9	7.6	3155	3600	3155
2022-09-03T07:19:49	1015.0	21.2	33.0	12.7	1015.9	12.9	7.8	3137	3600	3137
2022-09-03T08:19:57	1015.1	21.8	33.5	13.2	1016.0	14.1	8.2	3079	3600	3079
2022-09-03T09:20:00	1015.3	22.8	33.8	13.6	1016.1	15.5	8.5	3153	3600	3153
2022-09-03T10:20:07	1015.2	24.4	33.7	14.1	1016.0	18.3	8.9	3180	3600	3180
2022-09-03T11:20:12	1014.8	26.0	32.8	14.4	1015.5	20.4	8.4	3207	3600	3207
2022-09-03T12:20:17	1014.4	27.1	31.7	14.5	1015.1	20.5	7.7	3300	3600	3300
2022-09-03T13:20:22	1013.9	28.8	30.2	13.7	1014.6	22.1	7.6	3266	3600	3266
2022-09-03T14:20:36	1013.5	33.0	27.0	13.6	1014.2	22.4	7.6	3284	3600	3284
2022-09-03T15:20:40	1013.1	34.7	25.0	13.7	1013.9	22.1	7.3	3188	3600	3188
2022-09-03T16:20:44	1012.9	36.2	23.4	13.7	1013.7	21.5	7.1	3292	3600	3292
2022-09-03T17:20:50	1012.8	35.0	23.1	13.8	1013.7	21.3	7.3	3256	3600	3256
2022-09-03T18:20:52	1012.9	35.7	22.7	13.4	1013.8	20.4	7.5	3213	3600	3213
2022-09-03T19:21:07	1013.2	32.6	23.9	12.8	1014.2	19.1	7.6	3302	3600	3302
2022-09-03T20:21:14	1013.5	30.6	25.1	12.8	1014.5	18.3	7.5	3276	3600	3276
2022-09-03T21:21:15	1013.7	29.4	26.0	12.7	1014.8	17.6	7.6	3300	3600	3300
2022-09-03T22:21:19	1014.0	28.6	26.7	12.7	1015.0	17.5	7.5	3224	3600	3224
2022-09-03T23:21:20	1014.2	27.8	27.2	12.7	1015.3	16.9	7.4	3260	3600	3260
2022-09-04T00:21:21	1014.5	26.9	27.8	12.7	1015.6	16.3	7.3	3132	3600	3132
2022-09-04T01:21:26	1014.7	26.2	28.2	12.7	1015.7	15.9	7.2	3194	3600	3194
2022-09-04T02:21:30	1015.0	25.5	28.6	12.6	1016.0	15.4	7.3	3269	3600	3269
2022-09-04T03:21:33	1015.2	24.8	29.0	12.6	1016.1	14.7	7.5	3088	3600	3088
2022-09-04T04:21:39	1015.3	24.2	29.4	12.5	1016.2	14.1	7.6	3031	3600	3031
2022-09-04T05:21:50	1015.5	23.5	29.8	12.6	1016.4	13.6	7.5	3234	3600	3234
2022-09-04T06:21:55	1015.9	23.0	30.3	12.6	1016.9	13.8	7.6	3189	3600	3189
2022-09-04T07:22:03	1016.7	23.1	30.8	12.8	1017.7	14.6	7.8	3054	3600	3054
2022-09-04T08:22:09	1017.1	23.5	31.4	13.2	1018.0	15.7	8.2	3104	3600	3104
2022-09-04T09:22:10	1017.6	25.0	31.4	13.6	1018.5	17.9	9.1	3148	3600	3148
2022-09-04T10:22:15	1017.8	26.4	31.1	14.3	1018.6	19.8	9.5	3196	3600	3196
2022-09-04T11:22:20	1017.8	27.9	30.9	14.4	1018.5	21.4	9.5	3174	3600	3174
2022-09-04T12:22:24	1017.9	29.2	30.4	14.0	1018.5	22.5	9.5	3119	3600	3119
2022-09-04T13:22:46	1017.7	31.2	29.3	13.6	1018.3	23.2	9.3	3149	3600	3149
2022-09-04T14:22:51	1017.5	34.6	27.1	13.5	1018.2	24.0	9.0	3159	3600	3159
2022-09-04T15:22:53	1017.7	38.4	24.4	13.5	1018.4	24.3	9.0	3295	3600	3295
2022-09-04T16:23:02	1017.7	40.9	22.7	13.6	1018.4	24.1	8.8	3222	3600	3222
2022-09-04T17:23:10	1017.9	40.5	22.6	13.6	1018.7	23.1	8.6	3185	3600	3185
2022-09-04T18:23:19	1018.2	38.4	23.8	13.3	1019.1	22.0	8.8	3208	3600	3208
2022-09-04T19:23:26	1018.7	35.3	25.4	12.8	1019.7	19.5	8.7	3182	3600	3182
2022-09-04T20:23:27	1019.2	32.7	26.6	12.8	1020.1	19.0	8.4	3137	3600	3137
2022-09-04T21:23:33	1019.3	31.4	27.4	12.7	1020.2	18.4	8.2	3283	3600	3283
2022-09-04T22:23:34	1019.7	30.0	28.0	12.7	1020.7	17.0	8.4	3195	3600	3195
2022-09-04T23:23:39	1020.1	28.9	28.6	12.7	1021.0	16.4	8.6	3212	3600	3212
2022-09-05T00:23:48	1020.2	28.1	29.0	12.7	1021.1	17.1	8.6	3034	3600	3034
2022-09-05T01:23:50	1020.2	27.7	29.6	12.7	1021.0	17.2	8.6	3126	3600	3126
2022-09-05T02:23:53	1020.3	27.1	30.0	12.6	1021.2	17.1	8.6	3030	3600	3030
2022-09-05T03:24:00	1020.7	26.5	30.5	12.6	1021.6	16.4	8.4	2950	3600	2950
2022-09-05T04:24:01	1020.8	25.8	30.8	12.6	1021.6	15.2	8.4	3139	3600	3139
2022-09-05T05:24:05	1020.6	24.9	31.0	12.6	1021.4	14.2	8.4	2978	3600	2978
2022-09-05T06:24:10	1020.8	24.2	31.4	12.6	1021.6	14.1	8.5	3004	3600	3004
2022-09-05T07:24:19	1021.1	24.1	31.9	12.8	1022.0	14.9	9.0	3099	3600	3099
2022-09-05T08:24:28	1021.4	24.6	32.5	13.3	1022.1	16.8	9.6	3107	3600	3107
2022-09-05T09:24:34	1021.5	26.1	32.6	13.5	1022.2	18.6	10.0	3084	3600	3084
2022-09-05T10:24:41	1021.3	27.7	32.2	14.3	1021.9	20.5	10.3	3063	3600	3063
2022-09-05T11:24:45	1021.0	28.9	31.7	14.4	1021.5	21.9	10.5	3137	3600	3137
2022-09-05T12:24:55	1020.5	29.8	31.3	13.9	1021.0	22.7	10.3	3200	3600	3200
2022-09-05T13:25:01	1020.2	31.5	30.3	13.7	1020.8	23.2	10.4	3062	3600	3062
2022-09-05T14:25:04	1019.8	33.8	28.8	13.6	1020.3	24.0	10.6	3139	3600	3139
2022-09-05T15:25:08	1019.5	37.5	26.2	13.5	1020.0	24.4	10.5	3064	3600	3064
2022-09-05T16:25:29	1019.0	39.8	24.1	13.6	1019.6	23.9	10.2	3185	3600	3185
2022-09-05T17:25:33	1018.8	39.3	23.9	13.7	1019.4	23.4	10.4	3201	3600	3201
2022-09-05T18:25:37	1018.7	38.2	24.1	13.3	1019.4	22.4	10.1	3132	3600	3132
2022-09-05T19:25:39	1018.8	35.1	25.4	12.8	1019.6	20.7	9.6	3155	3600	3155
2022-09-05T20:25:46	1019.0	32.7	26.3	12.8	1019.9	19.5	9.5	3095	3600	3095
2022-09-05T21:25:56	1019.0	31.2	27.0	12.7	1019.8	18.5	9.2	3075	3600	3075
2022-09-05T22:26:01	1018.8	30.1	27.6	12.7	1019.7	17.9	8.8	3147	3600	3147
2022-09-05T23:26:11	1018.7	29.1	28.0	12.7	1019.5	17.6	8.3	3161	3600	3161
2022-09-06T00:26:17	1018.5	28.2	28.3	12.6	1019.4	17.1	7.8	3135	3600	3135
2022-09-06T01:26:22	1018.2	27.4	28.4	12.7	1019.0	16.4	7.3	3199	3600	3199
2022-09-06T02:26:23	1018.0	26.7	28.4	12.6	1018.9	15.8	6.9	3199	3600	3199
2022-09-06T03:26:30	1018.0	26.0	28.3	12.6	1018.8	15.3	6.6	3160	3600	3160
2022-09-06T04:26:34	1017.8	25.4	28.3	12.6	1018.7	14.8	6.6	3245	3600	3245
2022-09-06T05:26:39	1017.6	24.6	28.4	12.6	1018.5	14.1	6.8	3255	3600	3255
2022-09-06T06:26:44	1017.3	24.1	28.6	12.6	1018.2	14.0	7.1	3253	3600	3253
2022-09-06T07:26:52	1017.3	23.9	29.1	12.9	1018.2	14.6	7.5	3252	3600	3252
2022-09-06T08:26:53	1017.2	24.5	29.5	13.4	1018.0	16.1	7.8	3279	3600	3279
2022-09-06T09:26:58	1017.1	25.5	29.6	13.7	1018.0	17.0	8.2	3240	3600	3240
2022-09-06T10:26:59	1017.0	26.4	29.6	14.5	1017.8	18.1	8.8	3180	3600	3180
2022-09-06T11:27:03	1016.5	27.2	29.6	14.5	1017.2	18.6	9.0	3275	3600	3275
2022-09-06T12:27:04	1016.0	27.9	29.6	14.1	1016.8	19.7	9.5	3260	3600	3260
2022-09-06T13:27:09	1015.7	28.4	29.7	13.9	1016.4	20.6	9.6	3288	3600	3288
2022-09-06T14:27:13	1015.2	30.2	29.2	13.7	1015.8	22.1	10.0	3217	3600	3217
2022-09-06T15:27:17	1014.7	33.3	27.4	13.7	1015.3	22.7	10.1	3242	3600	3242
2022-09-06T16:27:22	1014.6	35.4	25.8	13.7	1015.2	22.1	9.9	3249	3600	3249
2022-09-06T17:27:29	1014.2	33.2	26.4	13.7	1014.8	21.6	9.9	3283	3600	3283
2022-09-06T18:27:33	1013.8	31.4	27.4	13.0	1014.6	21.0	9.8	3325	3600	3325
2022-09-06T19:27:39	1013.9	30.4	27.9	12.8	1014.7	20.4	9.6	3318	3600	3318
2022-09-06T20:27:41	1014.0	29.7	28.3	12.7	1014.8	20.0	9.2	3184	3600	3184
2022-09-06T21:27:42	1014.0	29.1	28.5	12.7	1014.8	19.5	8.8	3239	3600	3239
2022-09-06T22:27:45	1013.4	28.3	28.8	12.7	1014.1	18.6	8.9	3285	3600	3285
2022-09-06T23:27:46	1013.0	27.8	29.0	12.7	1013.8	18.4	8.6	3379	3600	3379
2022-09-07T00:27:49	1012.8	27.4	29.2	12.7	1013.6	17.7	8.6	3436	3600	3436
2022-09-07T01:27:54	1012.6	26.6	29.4	12.7	1013.4	16.3	8.5	3340	3600	3340
2022-09-07T02:28:00	1012.2	25.8	29.6	12.6	1013.0	15.8	8.2	3292	3600	3292
2022-09-07T03:28:01	1012.0	25.2	29.9	12.6	1012.8	15.1	8.0	3382	3600	3382
2022-09-07T04:28:07	1011.8	24.5	30.0	12.6	1012.7	14.5	8.0	3381	3600	3381
2022-09-07T05:28:11	1011.4	23.8	30.2	12.6	1012.2	13.8	8.0	3418	3600	3418
2022-09-07T06:28:12	1011.2	23.2	30.4	12.6	1011.9	13.6	8.3	3362	3600	3362
2022-09-07T07:28:17	1011.0	23.2	31.1	12.8	1011.8	15.2	8.6	3403	3600	3403
2022-09-07T08:28:21	1010.9	23.6	32.1	13.2	1011.6	16.3	9.1	3327	3600	3327
2022-09-07T09:28:22	1010.8	25.1	32.4	13.5	1011.5	18.2	9.9	3410	3600	3410
2022-09-07T10:28:28	1010.7	27.0	31.9	14.2	1011.3	20.4	10.7	3389	3600	3389
2022-09-07T11:28:33	1010.4	28.4	31.4	14.4	1011.0	21.5	11.2	3405	3600	3405
2022-09-07T12:28:35	1010.0	29.1	31.4	14.3	1010.6	22.1	11.9	3412	3600	3412
2022-09-07T13:28:41	1010.0	29.6	31.6	13.9	1010.6	22.6	12.1	3431	3600	3431
2022-09-07T14:28:44	1009.6	30.5	33.0	13.8	1010.1	23.0	12.6	3291	3600	3291
2022-09-07T15:28:46	1009.2	30.7	33.9	13.9	1009.7	23.3	12.9	3357	3600	3357
2022-09-07T16:28:48	1008.9	34.4	31.8	13.6	1009.3	24.6	13.1	3374	3600	3374
2022-09-07T17:28:52	1008.7	36.8	28.8	13.4	1009.2	23.8	12.9	3368	3600	3368
2022-09-07T18:28:53	1008.1	33.4	30.8	13.2	1008.6	23.2	12.8	3436	3600	3436
2022-09-07T19:29:00	1008.1	32.0	31.6	12.8	1008.7	22.0	12.6	3481	3600	3481
2022-09-07T20:29:07	1008.6	31.0	31.9	12.8	1009.2	20.6	12.1	3430	3600	3430
2022-09-07T21:29:20	1008.4	29.9	32.0	12.7	1009.0	19.2	11.9	3429	3600	3429
2022-09-07T22:29:28	1007.9	29.0	32.2	12.7	1008.6	18.7	11.9	3509	3600	3509
2022-09-07T23:29:31	1007.8	28.4	32.3	12.7	1008.5	18.6	11.5	3507	3600	3507
2022-09-08T00:29:33	1007.5	27.9	32.5	12.7	1008.2	18.2	10.8	3425	3600	3425
2022-09-08T01:29:36	1007.1	27.3	32.7	12.7	1007.9	17.7	10.3	3392	3600	3392
2022-09-08T02:29:44	1006.9	26.6	32.9	12.6	1007.7	17.1	10.1	3537	3600	3537
2022-09-08T03:29:50	1006.6	26.2	33.0	12.6	1007.4	16.7	9.7	3454	3600	3454
2022-09-08T04:29:56	1006.2	25.7	33.1	12.6	1007.0	16.5	9.2	3498	3600	3498
2022-09-08T05:30:02	1005.8	25.2	33.2	12.6	1006.5	16.0	8.8	3492	3600	3492
2022-09-08T06:30:08	1005.7	24.9	33.2	12.6	1006.5	15.9	8.7	3393	3600	3393
2022-09-08T07:30:10	1005.6	24.8	33.3	12.7	1006.4	16.0	8.7	3620	3600	3620
2022-09-08T08:30:11	1005.7	24.9	33.3	13.0	1006.5	16.5	9.2	3470	3600	3470
2022-09-08T09:30:20	1005.4	25.6	33.2	13.2	1006.2	16.9	9.6	3534	3600	3534
2022-09-08T10:30:23	1005.1	25.5	33.4	13.1	1005.9	16.1	10.0	3507	3600	3507
2022-09-08T11:30:31	1005.5	24.8	33.7	12.8	1006.2	14.6	11.1	3532	3600	3532
2022-09-08T12:30:36	1004.6	24.2	33.7	12.9	1005.2	14.3	11.7	3398	3600	3398
2022-09-08T13:30:45	1004.2	24.3	34.1	13.4	1004.9	15.6	12.8	3274	3600	3274
2022-09-08T14:30:48	1003.8	24.9	34.9	13.5	1004.5	16.8	13.5	3210	3600	3210
2022-09-08T15:30:52	1003.6	25.1	36.2	13.1	1004.2	16.9	13.9	3271	3600	3271
2022-09-08T16:30:58	1003.5	24.8	37.6	12.9	1004.1	17.1	14.3	3270	3600	3270
2022-09-08T17:31:00	1003.5	24.8	38.2	12.8	1004.0	17.4	14.5	3367	3600	3367
2022-09-08T18:31:13	1004.0	24.8	38.8	12.8	1004.7	17.0	13.8	3193	3600	3193
2022-09-08T19:31:15	1004.6	24.4	38.7	12.7	1005.1	16.2	13.3	3298	3600	3298
2022-09-08T20:31:22	1004.9	24.1	38.5	12.6	1005.6	16.1	13.3	3196	3600	3196
2022-09-08T21:31:27	1005.3	24.0	38.6	12.6	1006.0	16.3	13.4	3250	3600	3250
2022-09-08T22:31:33	1005.9	23.9	38.9	12.5	1006.5	16.0	13.1	3258	3600	3258
2022-09-08T23:31:39	1006.2	23.5	38.8	12.5	1006.8	15.2	12.6	3318	3600	3318
2022-09-09T00:31:40	1006.3	23.1	38.5	12.5	1006.9	14.2	12.0	3262	3600	3262
2022-09-09T01:31:45	1006.3	22.5	38.1	12.5	1006.9	13.5	11.6	3294	3600	3294
2022-09-09T02:31:51	1006.2	22.1	38.1	12.5	1006.8	13.3	11.6	3276	3600	3276
2022-09-09T03:31:59	1006.2	21.8	38.2	12.5	1006.8	13.0	11.3	3252	3600	3252
2022-09-09T04:32:05	1006.4	21.4	38.1	12.5	1007.0	12.7	11.1	3308	3600	3308
2022-09-09T05:32:07	1006.5	21.0	38.2	12.5	1007.1	12.6	11.0	3162	3600	3162
2022-09-09T06:32:12	1006.7	20.8	38.3	12.6	1007.2	13.1	11.3	3240	3600	3240
2022-09-09T07:32:14	1007.0	21.0	38.6	12.7	1007.6	14.5	12.0	3228	3600	3228
2022-09-09T08:32:15	1007.1	22.1	39.0	13.1	1007.8	16.7	12.9	3268	3600	3268
2022-09-09T09:32:16	1007.4	23.6	38.8	13.5	1008.0	18.1	13.3	3243	3600	3243
2022-09-09T10:32:24	1007.7	25.2	38.0	14.1	1008.2	19.0	13.5	3212	3600	3212
2022-09-09T11:32:30	1007.6	26.8	37.3	14.3	1008.1	21.1	13.7	3239	3600	3239
2022-09-09T12:32:33	1007.6	28.7	36.3	14.1	1008.1	22.5	14.0	3228	3600	3228
2022-09-09T13:32:39	1007.3	31.5	34.6	13.7	1007.7	23.7	13.3	3368	3600	3368
2022-09-09T14:32:44	1007.1	32.2	33.7	13.5	1007.8	20.8	13.5	3356	3600	3356
2022-09-09T15:32:55	1007.0	30.4	34.9	13.8	1007.6	21.2	13.6	3287	3600	3287
2022-09-09T16:33:03	1006.8	31.1	34.6	13.6	1007.4	21.0	13.7	3314	3600	3314
2022-09-09T17:33:14	1006.8	30.2	34.9	13.1	1007.5	19.2	13.1	3235	3600	3235
2022-09-09T18:33:19	1007.0	28.9	35.1	12.8	1007.6	18.0	13.3	3313	3600	3313
2022-09-09T19:33:29	1006.9	27.6	35.0	12.8	1007.7	16.0	12.6	3223	3600	3223
2022-09-09T20:33:35	1007.6	26.5	35.0	12.7	1008.4	15.8	12.5	3271	3600	3271
2022-09-09T21:33:42	1007.9	26.0	35.5	12.7	1008.6	16.0	12.4	3180	3600	3180
2022-09-09T22:33:48	1007.5	25.4	36.1	12.7	1008.1	15.2	11.9	3156	3600	3156
2022-09-09T23:33:52	1007.6	24.7	36.5	12.7	1008.3	14.6	11.5	3277	3600	3277
2022-09-10T00:34:01	1007.7	24.0	36.8	12.7	1008.3	13.9	11.2	3206	3600	3206
2022-09-10T01:34:06	1007.4	23.4	37.0	12.7	1008.0	13.6	11.0	3224	3600	3224
2022-09-10T02:34:13	1007.3	22.8	37.4	12.6	1008.0	13.1	10.7	3285	3600	3285
2022-09-10T03:34:16	1007.5	22.2	37.5	12.6	1008.1	12.3	10.4	3261	3600	3261
2022-09-10T04:34:19	1007.7	21.6	37.6	12.6	1008.3	12.2	10.4	3252	3600	3252
2022-09-10T05:34:22	1007.5	21.2	37.7	12.6	1008.1	12.0	10.3	3275	3600	3275
2022-09-10T06:34:27	1007.7	20.7	37.7	12.6	1008.3	12.1	10.5	3168	3600	3168
2022-09-10T07:34:30	1007.9	20.9	38.1	12.7	1008.6	14.2	11.0	3189	3600	3189
2022-09-10T08:34:31	1008.1	22.3	38.5	13.1	1008.8	16.3	11.6	3293	3600	3293
2022-09-10T09:34:45	1008.3	24.6	37.6	13.6	1009.0	18.2	12.2	3351	3600	3351
2022-09-10T10:34:50	1008.5	26.0	36.9	14.4	1009.2	19.3	12.1	3199	3600	3199
2022-09-10T11:34:54	1008.4	26.7	36.7	14.3	1009.0	20.2	12.3	3325	3600	3325
2022-09-10T12:35:01	1008.2	28.0	36.1	13.9	1008.8	21.1	12.2	3413	3600	3413
2022-09-10T13:35:07	1007.9	30.2	34.9	13.7	1008.5	21.3	12.0	3289	3600	3289
2022-09-10T14:35:12	1007.8	31.7	33.8	13.7	1008.4	22.0	11.9	3253	3600	3253
2022-09-10T15:35:20	1007.6	31.4	33.4	13.9	1008.3	20.5	12.0	3367	3600	3367
2022-09-10T16:35:25	1007.6	32.3	33.1	13.8	1008.2	21.0	12.1	3334	3600	3334
2022-09-10T17:35:29	1007.7	32.2	32.5	13.4	1008.5	19.9	12.2	3340	3600	3340
2022-09-10T18:35:35	1008.0	29.9	33.4	12.9	1008.9	17.6	12.4	3363	3600	3363
2022-09-10T19:35:39	1008.4	28.5	33.7	12.8	1009.2	16.7	12.5	3187	3600	3187
2022-09-10T20:35:40	1008.6	27.5	33.9	12.7	1009.3	15.9	12.4	3283	3600	3283
2022-09-10T21:35:42	1008.5	26.6	34.0	12.7	1009.2	15.1	12.1	3396	3600	3396
2022-09-10T22:35:54	1008.7	25.8	34.1	12.7	1009.5	15.0	11.8	3319	3600	3319
2022-09-10T23:35:59	1008.8	25.1	34.5	12.7	1009.6	14.9	11.6	3286	3600	3286
2022-09-11T00:36:03	1009.1	24.5	34.9	12.7	1009.8	14.2	11.5	3318	3600	3318
2022-09-11T01:36:06	1009.3	23.9	35.2	12.7	1010.1	13.8	11.4	3390	3600	3390
2022-09-11T02:36:07	1009.5	23.2	35.4	12.7	1010.2	12.7	10.8	3218	3600	3218
2022-09-11T03:36:12	1009.6	22.5	35.5	12.6	1010.2	12.6	10.9	3257	3600	3257
2022-09-11T04:36:15	1009.9	22.1	35.9	12.6	1010.6	12.7	11.0	3272	3600	3272
2022-09-11T05:36:24	1010.6	21.8	37.5	12.5	1011.2	12.7	11.1	3082	3600	3082
2022-09-11T06:36:33	1010.9	21.7	38.6	12.6	1011.5	13.1	11.3	3191	3600	3191
2022-09-11T07:36:43	1011.5	21.8	39.3	12.7	1012.2	13.9	12.0	3103	3600	3103
2022-09-11T08:36:47	1011.9	22.4	40.0	13.1	1012.5	15.2	12.3	3177	3600	3177
2022-09-11T09:36:50	1012.3	23.1	40.4	13.3	1013.0	16.1	12.3	3223	3600	3223
2022-09-11T10:36:52	1012.7	23.6	41.4	13.5	1013.3	16.6	12.4	3052	3600	3052
2022-09-11T11:36:56	1012.8	24.7	41.4	14.3	1013.5	17.8	12.5	3172	3600	3172
2022-09-11T12:37:03	1012.9	25.9	41.0	14.3	1013.5	19.2	12.2	3219	3600	3219
2022-09-11T13:37:09	1012.8	28.2	39.4	13.9	1013.4	20.8	11.9	3239	3600	3239
2022-09-11T14:37:10	1012.9	28.7	37.7	13.5	1013.7	18.4	12.0	3204	3600	3204
2022-09-11T15:37:12	1013.0	26.5	38.3	13.7	1013.8	17.0	13.2	3185	3600	3185
2022-09-11T16:37:19	1013.0	28.0	38.3	13.9	1013.7	19.0	13.3	3186	3600	3186
2022-09-11T17:37:27	1013.0	28.6	37.6	13.3	1013.7	17.4	12.6	3154	3600	3154
2022-09-11T18:37:29	1012.9	26.9	38.0	12.8	1013.6	17.0	13.1	3127	3600	3127
2022-09-11T19:37:35	1013.1	25.9	38.0	12.8	1013.8	15.5	12.4	3137	3600	3137
2022-09-11T20:37:38	1013.5	25.0	37.7	12.7	1014.2	14.7	12.1	3195	3600	3195
2022-09-11T21:37:40	1013.8	24.3	37.6	12.7	1014.5	14.5	11.2	3048	3600	3048
2022-09-11T22:37:46	1014.0	23.8	37.5	12.7	1014.6	13.9	11.4	3132	3600	3132
2022-09-11T23:37:47	1013.9	23.5	37.6	12.7	1014.6	14.2	11.6	3240	3600	3240
2022-09-12T00:37:55	1013.9	23.1	37.7	12.7	1014.5	13.6	11.1	3167	3600	3167
2022-09-12T01:38:07	1013.7	22.3	37.5	12.6	1014.3	12.3	10.5	3091	3600	3091
2022-09-12T02:38:14	1013.5	21.6	37.4	12.5	1014.1	11.8	10.3	3024	3600	3024
2022-09-12T03:38:18	1013.5	20.9	37.3	12.6	1014.1	11.0	9.9	3145	3600	3145
2022-09-12T04:38:23	1013.4	20.3	37.3	12.6	1014.0	10.4	9.6	3272	3600	3272
2022-09-12T05:38:29	1013.5	19.7	37.3	12.6	1014.1	9.8	9.2	3211	3600	3211
2022-09-12T06:38:31	1013.6	19.2	37.3	12.6	1014.1	9.8	9.3	3202	3600	3202
2022-09-12T07:38:44	1013.9	19.2	37.6	12.8	1014.5	11.4	10.3	3198	3600	3198
2022-09-12T08:38:49	1013.9	20.6	38.0	13.1	1014.6	14.2	11.8	3117	3600	3117
2022-09-12T09:38:57	1014.1	23.1	37.1	13.4	1014.8	16.6	11.8	3109	3600	3109
2022-09-12T10:39:08	1014.0	24.3	36.5	13.7	1014.6	17.3	11.3	3230	3600	3230
2022-09-12T11:39:10	1013.8	24.9	36.4	14.4	1014.5	18.4	11.1	3073	3600	3073
2022-09-12T12:39:16	1013.5	26.6	36.0	14.2	1014.2	20.2	11.3	3244	3600	3244
2022-09-12T13:39:18	1013.2	30.1	34.1	13.7	1013.8	21.0	10.7	3274	3600	3274
2022-09-12T14:39:22	1012.9	31.9	33.0	13.8	1013.5	21.3	10.5	3180	3600	3180
2022-09-12T15:39:29	1012.4	31.2	33.3	13.9	1013.2	20.7	10.3	3170	3600	3170
2022-09-12T16:39:30	1012.0	30.2	33.9	13.9	1012.9	19.6	10.7	3281	3600	3281
2022-09-12T17:39:34	1011.7	29.4	34.3	13.4	1012.5	18.7	11.3	3258	3600	3258
2022-09-12T18:39:39	1011.2	28.6	34.5	13.0	1012.1	17.6	11.6	3339	3600	3339
2022-09-12T19:39:40	1011.1	27.4	34.5	12.8	1012.0	15.4	11.2	3269	3600	3269
2022-09-12T20:39:45	1010.8	26.1	34.4	12.7	1011.6	14.1	10.8	3279	3600	3279
2022-09-12T21:39:47	1010.4	25.0	34.4	12.7	1011.2	13.3	10.6	3265	3600	3265
2022-09-12T22:39:52	1010.1	24.2	34.5	12.7	1010.9	12.8	10.4	3236	3600	3236
2022-09-12T23:39:55	1009.6	23.4	34.7	12.7	1010.2	12.7	10.2	3246	3600	3246
2022-09-13T00:40:01	1008.8	22.8	35.3	12.6	1009.5	13.3	10.2	3314	3600	3314
2022-09-13T01:40:07	1008.1	22.4	36.2	12.7	1008.7	13.1	10.2	3348	3600	3348
2022-09-13T02:40:08	1007.4	22.0	36.9	12.6	1008.1	13.0	10.1	3396	3600	3396
2022-09-13T03:40:12	1006.8	21.6	37.4	12.6	1007.5	12.5	10.0	3298	3600	3298
2022-09-13T04:40:16	1006.0	21.1	37.8	12.6	1006.7	12.3	9.9	3331	3600	3331
2022-09-13T05:40:20	1005.5	20.9	38.4	12.6	1006.1	12.4	10.1	3454	3600	3454
2022-09-13T06:40:21	1005.0	20.9	38.9	12.6	1005.8	13.1	10.6	3431	3600	3431
2022-09-13T07:40:25	1005.2	20.9	39.1	12.6	1006.0	13.6	10.9	3351	3600	3351
2022-09-13T08:40:31	1004.7	21.2	39.2	12.8	1005.5	14.6	11.6	3426	3600	3426
2022-09-13T09:40:32	1004.8	21.9	40.1	13.2	1005.6	15.7	11.9	3313	3600	3313
2022-09-13T10:40:38	1004.7	23.1	41.9	14.3	1005.4	17.8	12.9	3439	3600	3439
2022-09-13T11:40:51	1004.5	25.0	41.3	14.2	1005.1	19.5	13.1	3411	3600	3411
2022-09-13T12:40:59	1004.3	24.9	41.2	13.3	1005.1	18.1	13.1	3318	3600	3318
2022-09-13T13:41:08	1004.2	24.4	41.7	13.5	1004.9	18.2	13.4	3343	3600	3343
2022-09-13T14:41:15	1004.0	24.9	42.0	14.0	1004.7	18.9	13.8	3356	3600	3356
2022-09-13T15:41:21	1003.7	26.9	41.1	14.3	1004.4	20.1	14.1	3411	3600	3411
2022-09-13T16:41:25	1003.4	28.3	40.0	13.9	1004.0	20.6	14.2	3424	3600	3424
2022-09-13T17:41:31	1003.3	30.3	38.0	13.7	1003.9	19.8	13.7	3483	3600	3483
2022-09-13T18:41:35	1003.1	28.4	38.6	13.2	1003.9	18.7	13.3	3261	3600	3261
2022-09-13T19:41:44	1003.3	27.0	39.0	12.8	1004.1	17.5	13.0	3407	3600	3407
2022-09-13T20:41:46	1003.5	26.1	38.8	12.8	1004.3	16.6	12.8	3482	3600	3482
2022-09-13T21:41:52	1003.6	25.4	38.6	12.7	1004.4	15.6	12.4	3536	3600	3536
2022-09-13T22:41:56	1003.6	24.6	38.6	12.7	1004.4	14.5	11.0	3428	3600	3428
2022-09-13T23:41:59	1003.8	23.9	38.4	12.7	1004.6	13.4	10.3	3486	3600	3486
2022-09-14T00:42:04	1003.8	23.2	38.2	12.7	1004.6	12.7	10.2	3456	3600	3456
2022-09-14T01:42:08	1003.7	22.5	38.2	12.7	1004.4	12.2	10.2	3470	3600	3470
2022-09-14T02:42:14	1003.2	21.9	38.2	12.6	1003.9	12.2	10.1	3477	3600	3477
2022-09-14T03:42:16	1003.1	21.4	38.3	12.6	1003.8	12.0	10.0	3442	3600	3442
2022-09-14T04:42:20	1002.9	20.9	38.3	12.6	1003.6	11.7	10.0	3413	3600	3413
2022-09-14T05:42:25	1002.8	20.5	38.4	12.6	1003.5	11.4	9.9	3504	3600	3504
2022-09-14T06:42:30	1002.6	20.1	38.5	12.6	1003.3	11.4	9.9	3533	3600	3533
2022-09-14T07:42:31	1002.4	20.2	38.7	12.7	1003.1	12.4	10.4	3488	3600	3488
2022-09-14T08:42:39	1002.3	20.9	39.0	13.2	1003.1	13.7	10.8	3546	3600	3546
2022-09-14T09:42:47	1002.4	21.9	39.1	13.7	1003.1	15.6	11.3	3367	3600	3367
2022-09-14T10:42:50	1002.2	23.5	38.8	14.3	1003.0	16.8	11.0	3522	3600	3522
2022-09-14T11:42:58	1001.9	24.3	38.4	14.5	1002.6	17.5	10.2	3576	3600	3576
2022-09-14T12:43:01	1001.6	25.8	37.7	14.1	1002.5	18.6	10.2	3555	3600	3555
2022-09-14T13:43:06	1001.4	26.4	37.1	14.0	1002.3	18.4	10.2	3615	3600	3615
2022-09-14T14:43:12	1001.0	27.1	36.5	13.9	1001.8	18.6	10.1	3604	3600	3604
2022-09-14T15:43:17	1000.4	26.8	36.2	13.8	1001.3	18.2	10.1	3609	3600	3609
2022-09-14T16:43:21	1000.1	26.1	36.4	13.3	1001.0	17.6	10.7	3637	3600	3637
2022-09-14T17:43:27	999.9	25.8	36.5	13.1	1000.9	17.1	11.1	3649	3600	3649
2022-09-14T18:43:29	999.7	25.3	36.5	12.8	1000.6	15.9	10.9	3582	3600	3582
2022-09-14T19:43:33	999.4	24.6	36.3	12.7	1000.3	14.9	10.8	3544	3600	3544
2022-09-14T20:43:37	999.4	24.0	36.1	12.7	1000.3	14.2	10.8	3582	3600	3582
2022-09-14T21:43:41	999.4	23.5	36.0	12.7	1000.3	13.7	10.7	3630	3600	3630
2022-09-14T22:43:44	999.5	23.1	36.0	12.7	1000.3	13.5	10.7	3525	3600	3525
2022-09-14T23:43:50	999.4	22.6	36.1	12.7	1000.3	13.5	10.7	3565	3600	3565
2022-09-15T00:43:52	999.3	22.2	36.2	12.7	1000.1	13.3	10.8	3695	3600	3695
2022-09-15T01:43:56	999.1	21.8	36.4	12.6	999.9	12.7	10.6	3621	3600	3621
2022-09-15T02:43:57	999.1	21.3	36.5	12.6	999.9	12.4	10.5	3729	3600	3729
2022-09-15T03:44:00	999.1	21.1	36.8	12.6	999.9	12.4	10.4	3667	3600	3667
2022-09-15T04:44:02	999.1	20.7	37.0	12.6	999.9	11.6	10.0	3571	3600	3571
2022-09-15T05:44:06	999.1	20.1	37.0	12.5	999.8	11.2	9.9	3653	3600	3653
2022-09-15T06:44:09	999.0	19.8	37.1	12.5	999.7	11.3	10.0	3499	3600	3499
2022-09-15T07:44:14	999.2	19.9	37.6	12.8	1000.0	12.5	10.4	3597	3600	3597
2022-09-15T08:44:24	999.4	20.5	38.4	13.2	1000.2	13.7	10.6	3566	3600	3566
2022-09-15T09:44:31	999.8	21.3	39.0	13.5	1000.7	14.4	10.7	3513	3600	3513
2022-09-15T10:44:34	999.9	22.0	39.4	14.2	1000.8	15.5	10.7	3718	3600	3718
2022-09-15T11:44:35	999.8	23.3	39.3	14.4	1000.7	17.2	10.4	3596	3600	3596
2022-09-15T12:44:36	999.7	24.4	38.6	14.2	1000.6	17.4	9.4	3532	3600	3532
2022-09-15T13:44:37	999.8	24.9	37.8	14.0	1000.7	17.7	9.3	3707	3600	3707
2022-09-15T14:44:42	999.7	26.0	36.5	13.8	1000.6	18.1	9.2	3714	3600	3714
2022-09-15T15:44:50	999.4	26.7	35.3	13.8	1000.4	18.2	9.0	3703	3600	3703
2022-09-15T16:44:55	999.6	27.3	33.8	13.6	1000.7	16.7	8.7	3507	3600	3507
2022-09-15T17:45:03	999.9	25.5	33.8	13.1	1001.0	15.2	9.2	3641	3600	3641
2022-09-15T18:45:07	1000.0	23.9	34.2	12.8	1001.0	13.6	9.7	3777	3600	3777
2022-09-15T19:45:12	1000.3	22.9	34.9	12.8	1001.2	13.2	9.9	3554	3600	3554
2022-09-15T20:45:14	1000.4	22.4	35.5	12.7	1001.3	13.2	9.8	3545	3600	3545
2022-09-15T21:45:16	1000.6	22.0	35.9	12.7	1001.5	13.0	9.6	3645	3600	3645
2022-09-15T22:45:19	1000.7	21.6	36.2	12.7	1001.6	12.7	9.4	3654	3600	3654
2022-09-15T23:45:21	1001.1	21.2	36.5	12.7	1002.0	12.4	9.2	3592	3600	3592
2022-09-16T00:45:22	1001.2	20.8	36.8	12.7	1002.1	12.0	8.9	3576	3600	3576
2022-09-16T01:45:25	1001.3	20.3	37.1	12.7	1002.1	11.5	9.0	3639	3600	3639
2022-09-16T02:45:32	1001.4	19.8	37.5	12.6	1002.1	11.0	9.0	3578	3600	3578
2022-09-16T03:45:34	1001.3	19.4	37.7	12.6	1002.1	10.5	9.0	3646	3600	3646
2022-09-16T04:45:36	1001.2	18.9	37.9	12.6	1002.0	10.1	8.9	3611	3600	3611
2022-09-16T05:45:39	1001.1	18.5	38.3	12.6	1001.8	9.9	8.8	3634	3600	3634
2022-09-16T06:45:40	1001.0	18.2	38.7	12.6	1001.7	9.9	8.8	3600	3600	3600
2022-09-16T07:45:43	1000.9	18.2	39.5	12.8	1001.7	11.0	9.2	3532	3600	3532
2022-09-16T08:45:45	1000.9	19.1	40.6	13.4	1001.8	12.6	9.4	3469	3600	3469
2022-09-16T09:45:46	1001.2	20.2	40.8	13.9	1002.0	13.9	9.4	3563	3600	3563
2022-09-16T10:45:47	1001.1	21.3	40.4	14.6	1002.0	15.2	8.7	3614	3600	3614
2022-09-16T11:45:50	1000.8	22.0	39.5	14.3	1001.7	16.0	7.9	3587	3600	3587
2022-09-16T12:46:00	1000.6	23.1	38.1	14.1	1001.5	16.8	7.6	3659	3600	3659
2022-09-16T13:46:01	1000.2	23.9	36.2	14.0	1001.1	16.9	7.2	3584	3600	3584
2022-09-16T14:46:08	999.6	25.3	34.3	13.8	1000.6	17.5	6.9	3609	3600	3609
2022-09-16T15:46:13	999.4	27.8	31.0	13.7	1000.4	18.1	6.4	3549	3600	3549
2022-09-16T16:46:16	999.0	29.1	28.6	13.8	1000.1	17.8	6.4	3765	3600	3765
2022-09-16T17:46:21	999.1	27.9	27.9	13.7	1000.2	16.5	6.5	3708	3600	3708
2022-09-16T18:46:24	999.1	26.1	27.9	12.9	1000.2	14.1	6.9	3724	3600	3724
2022-09-16T19:46:28	999.0	24.4	28.3	12.8	1000.1	13.5	7.1	3661	3600	3661
2022-09-16T20:46:35	999.1	23.3	29.1	12.7	1000.1	11.9	8.2	3620	3600	3620
2022-09-16T21:46:37	998.2	22.0	30.0	12.7	999.1	10.4	8.9	3579	3600	3579
2022-09-16T22:46:41	998.3	21.2	31.6	12.7	999.2	10.9	9.1	3525	3600	3525
2022-09-16T23:46:45	998.8	20.7	33.6	12.7	999.8	11.1	9.2	3408	3600	3408
2022-09-17T00:46:54	999.0	20.3	35.4	12.7	999.9	11.2	9.3	3441	3600	3441
2022-09-17T01:46:58	999.4	20.1	36.7	12.6	1000.2	11.4	9.4	3490	3600	3490
2022-09-17T02:47:00	999.7	19.9	37.8	12.6	1000.5	11.7	9.6	3426	3600	3426
2022-09-17T03:47:04	999.8	19.8	38.6	12.6	1000.6	11.9	9.6	3325	3600	3325
2022-09-17T04:47:05	999.8	19.6	39.2	12.6	1000.6	11.8	9.7	3431	3600	3431
2022-09-17T05:47:08	1000.0	19.5	39.6	12.5	1000.8	11.8	9.7	3343	3600	3343
2022-09-17T06:47:16	1000.2	19.4	40.0	12.5	1001.0	11.8	10.0	3367	3600	3367
2022-09-17T07:47:20	1000.8	19.4	41.1	12.8	1001.5	12.0	9.8	3427	3600	3427
2022-09-17T08:47:29	1001.0	19.6	41.9	13.2	1001.8	12.6	9.6	3393	3600	3393
2022-09-17T09:47:33	1001.2	20.2	42.5	13.6	1002.0	13.2	9.5	3407	3600	3407
2022-09-17T10:47:36	1001.3	21.0	42.2	14.5	1002.1	13.8	9.3	3535	3600	3535
2022-09-17T11:47:40	1001.6	21.7	41.6	14.4	1002.5	14.7	9.4	3353	3600	3353
2022-09-17T12:47:50	1001.8	22.8	40.6	14.2	1002.6	15.4	8.9	3439	3600	3439
2022-09-17T13:47:52	1001.5	23.5	39.3	13.8	1002.3	15.3	8.6	3497	3600	3497
2022-09-17T14:47:59	1001.1	25.1	37.0	13.8	1002.0	16.4	7.8	3551	3600	3551
2022-09-17T15:48:04	1001.4	26.9	33.9	13.8	1002.4	15.0	7.9	3605	3600	3605
2022-09-17T16:48:10	1001.4	27.3	31.5	13.9	1002.4	13.6	7.3	3433	3600	3433
2022-09-17T17:48:16	1001.3	25.2	30.6	13.4	1002.2	12.2	7.3	3386	3600	3386
2022-09-17T18:48:21	1001.3	23.0	31.0	12.8	1002.1	10.7	7.9	3582	3600	3582
2022-09-17T19:48:26	1001.2	21.6	31.7	12.7	1002.0	9.6	8.5	3387	3600	3387
2022-09-17T20:48:27	1001.3	20.8	32.4	12.7	1002.0	9.9	8.9	3460	3600	3460
2022-09-17T21:48:32	1001.3	20.3	33.0	12.7	1002.1	10.1	9.0	3379	3600	3379
2022-09-17T22:48:34	1001.4	19.9	33.8	12.7	1002.1	10.3	9.1	3464	3600	3464
2022-09-17T23:48:43	1001.3	19.6	34.8	12.7	1002.1	10.7	9.3	3442	3600	3442
2022-09-18T00:48:48	1001.3	19.3	36.2	12.7	1002.1	10.6	9.4	3403	3600	3403
2022-09-18T01:48:58	1001.5	19.0	37.8	12.6	1002.2	10.4	9.3	3410	3600	3410
2022-09-18T02:48:59	1001.8	18.7	39.2	12.6	1002.5	10.2	9.1	3443	3600	3443
2022-09-18T03:49:01	1002.2	18.4	40.6	12.6	1002.9	10.2	9.1	3448	3600	3448
2022-09-18T04:49:08	1002.4	18.2	41.7	12.6	1003.1	10.0	8.8	3378	3600	3378
2022-09-18T05:49:17	1002.7	17.9	42.2	12.5	1003.4	9.4	8.4	3356	3600	3356
2022-09-18T06:49:18	1003.1	17.6	42.4	12.5	1003.8	9.1	8.1	3454	3600	3454
2022-09-18T07:49:19	1003.5	17.3	42.4	12.8	1004.1	9.3	8.2	3437	3600	3437
2022-09-18T08:49:29	1003.8	17.9	43.0	13.4	1004.5	10.6	8.3	3414	3600	3414
2022-09-18T09:49:34	1003.8	19.0	42.7	14.2	1004.6	12.0	8.4	3435	3600	3435
2022-09-18T10:49:38	1003.6	19.9	42.1	14.5	1004.4	12.6	8.3	3343	3600	3343
2022-09-18T11:49:39	1003.5	20.3	41.4	14.4	1004.4	13.5	8.2	3396	3600	3396
2022-09-18T12:49:40	1003.2	20.6	40.8	14.1	1004.0	12.8	8.6	3420	3600	3420
2022-09-18T13:49:46	1002.8	21.6	40.3	14.0	1003.7	13.2	7.7	3368	3600	3368
2022-09-18T14:49:51	1002.8	21.5	38.9	14.0	1003.5	10.6	8.0	3470	3600	3470
2022-09-18T15:49:55	1002.5	20.1	38.9	14.1	1003.4	11.4	8.1	3371	3600	3371
2022-09-18T16:50:00	1002.4	23.1	38.3	14.0	1003.2	12.7	8.0	3459	3600	3459
2022-09-18T17:50:01	1002.3	24.8	36.0	13.7	1003.1	12.1	7.9	3390	3600	3390
2022-09-18T18:50:05	1002.3	22.1	36.0	12.9	1003.1	10.4	7.9	3393	3600	3393
2022-09-18T19:50:10	1002.5	20.3	36.3	12.7	1003.3	10.1	7.8	3445	3600	3445
2022-09-18T20:50:12	1002.7	19.6	36.6	12.7	1003.4	9.4	8.0	3430	3600	3430
2022-09-18T21:50:19	1002.7	19.0	36.9	12.7	1003.4	8.9	7.9	3388	3600	3388
2022-09-18T22:50:24	1002.8	18.4	37.2	12.7	1003.5	8.9	8.3	3253	3600	3253
2022-09-18T23:50:28	1002.9	18.1	37.6	12.7	1003.5	8.8	8.3	3350	3600	3350
2022-09-19T00:50:29	1003.1	17.6	38.0	12.7	1003.7	8.2	8.1	3298	3600	3298
2022-09-19T01:50:31	1003.4	17.1	38.2	12.6	1003.9	8.0	8.1	3228	3600	3228
2022-09-19T02:50:36	1003.7	16.8	38.6	12.6	1004.3	8.4	8.2	3316	3600	3316
2022-09-19T03:50:38	1004.2	16.7	39.3	12.6	1004.9	8.9	8.4	3255	3600	3255
2022-09-19T04:50:51	1004.6	16.7	40.2	12.6	1005.2	9.2	8.6	3134	3600	3134
2022-09-19T05:50:55	1005.2	16.7	41.1	12.5	1005.8	9.4	8.8	3227	3600	3227
2022-09-19T06:51:02	1005.7	16.7	42.1	12.5	1006.4	9.8	8.9	3266	3600	3266
2022-09-19T07:51:08	1006.4	16.9	43.2	12.6	1007.0	10.7	9.4	3272	3600	3272
2022-09-19T08:51:15	1007.2	17.3	44.4	12.6	1008.0	11.2	9.6	3146	3600	3146
2022-09-19T09:51:20	1008.0	17.8	45.3	13.3	1008.7	12.2	9.8	3244	3600	3244
2022-09-19T10:51:25	1008.4	19.0	45.5	14.3	1009.1	13.9	10.2	3220	3600	3220
2022-09-19T11:51:35	1008.6	20.3	45.3	14.5	1009.4	14.5	10.2	3188	3600	3188
2022-09-19T12:51:36	1008.7	21.4	44.7	14.1	1009.5	15.9	10.0	3276	3600	3276
2022-09-19T13:51:42	1008.6	23.4	43.1	13.9	1009.4	15.7	9.0	3245	3600	3245
2022-09-19T14:51:52	1009.1	21.7	41.7	13.3	1010.0	10.8	8.9	3151	3600	3151
2022-09-19T15:51:55	1009.7	20.1	41.4	13.0	1010.4	10.5	9.1	3123	3600	3123
2022-09-19T16:52:01	1009.8	19.5	41.3	13.0	1010.5	10.9	9.4	3066	3600	3066
2022-09-19T17:52:02	1010.1	19.4	41.6	12.8	1010.9	11.3	9.5	3041	3600	3041
2022-09-19T18:52:05	1010.5	19.0	41.9	12.8	1011.2	11.0	9.2	3152	3600	3152
2022-09-19T19:52:13	1010.9	18.6	41.8	12.7	1011.6	10.4	9.0	3046	3600	3046
2022-09-19T20:52:15	1011.3	18.2	41.6	12.7	1011.9	9.6	8.7	2995	3600	2995
2022-09-19T21:52:22	1011.5	17.6	41.3	12.7	1012.1	9.2	8.6	3060	3600	3060
2022-09-19T22:52:31	1011.7	17.4	41.4	12.7	1012.4	9.2	8.5	2969	3600	2969
2022-09-19T23:52:35	1012.0	17.0	41.5	12.7	1012.6	8.9	8.3	3009	3600	3009
2022-09-20T00:52:41	1012.3	16.7	41.7	12.6	1012.9	8.8	8.3	3114	3600	3114
2022-09-20T01:52:48	1012.5	16.6	42.0	12.6	1013.1	8.8	8.3	3111	3600	3111
2022-09-20T02:52:59	1012.6	16.4	42.2	12.6	1013.2	9.0	8.4	3012	3600	3012
2022-09-20T03:53:04	1012.8	16.3	42.6	12.5	1013.5	9.4	8.6	2878	3600	2878
2022-09-20T04:53:15	1013.1	16.3	43.0	12.5	1013.8	9.4	8.6	3004	3600	3004
2022-09-20T05:53:19	1013.3	16.3	43.4	12.5	1013.9	9.3	8.6	2884	3600	2884
2022-09-20T06:53:27	1013.8	16.2	43.4	12.5	1014.4	8.8	8.4	2761	3600	2761
2022-09-20T07:53:31	1014.3	16.1	43.2	12.6	1014.9	8.8	8.5	2903	3600	2903
2022-09-20T08:53:35	1014.8	16.5	43.5	13.2	1015.4	10.0	8.9	2945	3600	2945
2022-09-20T09:53:40	1015.4	17.4	43.7	13.6	1016.1	10.4	9.0	2890	3600	2890
2022-09-20T10:53:44	1015.8	18.2	43.8	14.2	1016.5	11.5	9.4	2983	3600	2983
2022-09-20T11:53:49	1015.9	19.2	43.8	14.6	1016.6	12.3	9.5	2943	3600	2943
2022-09-20T12:54:02	1016.1	20.1	43.4	14.4	1016.8	13.2	9.5	2970	3600	2970
2022-09-20T13:54:07	1016.0	21.8	42.7	13.9	1016.8	14.8	9.5	2790	3600	2790
2022-09-20T14:54:11	1016.6	22.0	41.2	13.2	1017.5	10.7	8.4	2926	3600	2926
2022-09-20T15:54:14	1016.7	19.7	41.1	13.5	1017.4	10.8	8.9	2955	3600	2955
2022-09-20T16:54:15	1016.8	20.4	41.5	14.1	1017.6	12.3	9.3	2792	3600	2792
2022-09-20T17:54:16	1017.1	21.3	41.2	13.3	1017.9	11.7	8.9	2797	3600	2797
2022-09-20T18:54:22	1017.6	19.9	41.2	12.8	1018.4	10.0	8.5	2871	3600	2871
2022-09-20T19:54:27	1018.3	18.6	40.6	12.8	1018.9	8.6	8.2	2741	3600	2741
2022-09-20T20:54:33	1018.7	17.9	40.2	12.7	1019.3	8.3	8.2	2828	3600	2828
2022-09-20T21:54:39	1019.1	17.4	40.0	12.7	1019.6	7.7	7.9	2768	3600	2768
2022-09-20T22:54:42	1019.5	16.7	39.9	12.7	1020.0	7.5	7.9	2856	3600	2856
2022-09-20T23:54:43	1019.9	16.1	39.8	12.7	1020.3	6.8	7.6	2774	3600	2774
2022-09-21T00:54:45	1020.0	15.6	39.8	12.7	1020.5	7.1	7.8	2885	3600	2885
2022-09-21T01:54:53	1020.3	15.2	40.0	12.6	1020.7	6.6	7.6	2831	3600	2831
2022-09-21T02:54:54	1020.5	14.7	40.0	12.6	1020.9	6.0	7.3	2773	3600	2773
2022-09-21T03:55:05	1020.6	14.3	40.1	12.5	1021.0	5.7	7.1	2675	3600	2675
2022-09-21T04:55:10	1020.9	13.8	40.0	12.6	1021.2	4.9	6.8	2752	3600	2752
2022-09-21T05:55:21	1021.1	13.4	40.0	12.5	1021.4	5.2	6.9	2703	3600	2703
2022-09-21T06:55:30	1021.3	13.1	40.1	12.5	1021.7	5.1	6.9	2794	3600	2794
2022-09-21T07:55:36	1021.8	13.4	40.3	12.7	1022.2	6.9	7.7	2758	3600	2758
2022-09-21T08:55:44	1022.1	14.3	40.8	13.3	1022.6	8.4	8.5	2702	3600	2702
2022-09-21T09:55:45	1022.3	16.1	41.2	13.5	1022.9	11.0	9.7	2822	3600	2822
2022-09-21T10:55:50	1022.3	17.5	41.2	14.1	1023.0	13.3	10.4	2712	3600	2712
2022-09-21T11:55:53	1022.4	18.9	42.0	14.4	1023.0	14.7	10.2	2796	3600	2796
2022-09-21T12:55:58	1022.1	21.1	41.6	14.3	1022.8	16.1	9.7	2855	3600	2855
2022-09-21T13:56:00	1021.8	24.0	40.0	13.8	1022.5	16.7	9.0	2893	3600	2893
2022-09-21T14:56:06	1021.5	25.5	38.2	13.7	1022.3	16.7	8.3	2890	3600	2890
2022-09-21T15:56:18	1021.3	28.4	34.8	13.8	1022.0	17.1	8.1	2817	3600	2817
2022-09-21T16:56:21	1021.0	29.9	32.1	13.8	1021.9	16.7	7.9	2888	3600	2888
2022-09-21T17:56:29	1021.0	30.1	30.8	13.6	1021.9	15.9	7.8	2979	3600	2979
2022-09-21T18:56:35	1021.1	26.8	31.5	12.9	1022.0	12.6	7.9	2824	3600	2824
2022-09-21T19:56:36	1021.3	23.6	32.3	12.8	1022.1	10.0	7.7	2830	3600	2830
2022-09-21T20:56:40	1021.4	21.9	32.7	12.7	1022.2	8.9	7.7	2905	3600	2905
2022-09-21T21:56:45	1021.6	20.7	33.1	12.7	1022.3	8.9	7.6	2938	3600	2938
2022-09-21T22:56:52	1021.6	19.9	33.7	12.7	1022.3	9.0	7.5	2758	3600	2758
2022-09-21T23:57:02	1021.7	19.0	34.1	12.7	1022.3	8.3	7.6	2896	3600	2896
2022-09-22T00:57:05	1021.6	18.4	34.7	12.7	1022.2	8.3	7.7	2807	3600	2807
2022-09-22T01:57:18	1021.3	17.6	35.1	12.6	1021.8	6.6	7.2	2719	3600	2719
2022-09-22T02:57:21	1021.2	16.5	35.2	12.6	1021.5	5.4	6.8	2850	3600	2850
2022-09-22T03:57:32	1021.1	15.8	35.3	12.6	1021.5	4.9	6.6	2893	3600	2893
2022-09-22T04:57:35	1021.1	14.9	35.4	12.6	1021.3	4.3	6.4	2827	3600	2827
2022-09-22T05:57:45	1021.0	14.2	35.6	12.6	1021.2	4.0	6.3	2951	3600	2951
2022-09-22T06:57:52	1021.0	13.6	35.7	12.6	1021.3	4.1	6.3	2880	3600	2880
2022-09-22T07:57:59	1021.2	13.6	36.2	12.7	1021.6	6.2	7.3	2785	3600	2785
2022-09-22T08:58:01	1021.3	15.5	36.9	13.3	1021.8	9.1	8.5	2890	3600	2890
2022-09-22T09:58:11	1021.3	18.4	36.3	13.5	1022.0	12.0	8.9	2856	3600	2856
2022-09-22T10:58:12	1021.4	19.3	36.1	14.1	1022.1	13.8	8.6	2832	3600	2832
2022-09-22T11:58:21	1021.2	20.0	36.4	14.6	1022.0	14.2	8.5	2831	3600	2831
2022-09-22T12:58:22	1020.9	21.5	36.2	14.2	1021.7	15.2	8.0	2896	3600	2896
2022-09-22T13:58:32	1020.4	24.5	35.1	13.7	1021.2	16.6	8.0	2910	3600	2910
2022-09-22T14:58:35	1020.0	29.3	32.4	13.7	1020.9	17.5	7.1	2996	3600	2996
2022-09-22T15:58:43	1019.6	30.6	31.0	13.8	1020.6	15.8	6.9	2993	3600	2993
2022-09-22T16:58:51	1019.3	27.8	31.8	13.8	1020.3	14.5	8.1	2909	3600	2909
2022-09-22T17:58:57	1019.1	26.3	33.0	13.3	1020.0	13.7	8.2	2960	3600	2960
2022-09-22T18:59:13	1018.9	25.2	33.1	12.8	1019.8	10.8	7.7	2941	3600	2941
2022-09-22T19:59:14	1018.9	22.4	33.2	12.8	1019.6	8.6	7.6	2916	3600	2916
2022-09-22T20:59:18	1018.9	20.9	33.3	12.7	1019.5	7.7	7.5	2874	3600	2874
2022-09-22T21:59:29	1018.8	19.7	33.5	12.7	1019.4	7.1	7.5	2897	3600	2897
2022-09-22T22:59:34	1018.6	18.6	33.8	12.7	1019.2	6.7	7.4	3013	3600	3013
2022-09-22T23:59:43	1018.6	17.6	34.2	12.6	1019.0	6.3	7.3	2806	3600	2806
2022-09-23T00:59:48	1018.2	16.9	34.4	12.7	1018.6	6.0	7.2	2900	3600	2900
2022-09-23T01:59:49	1017.8	16.3	34.7	12.6	1018.2	6.0	7.1	2869	3600	2869
2022-09-23T02:59:56	1017.5	15.6	35.0	12.6	1017.8	5.2	6.7	2875	3600	2875
2022-09-23T04:00:10	1017.0	14.8	35.2	12.6	1017.3	5.2	6.8	3000	3600	3000
2022-09-23T05:00:11	1016.5	14.3	35.6	12.5	1016.8	5.1	6.7	2930	3600	2930
2022-09-23T06:00:32	1016.1	13.8	35.8	12.5	1016.4	4.7	6.5	3051	3600	3051
2022-09-23T07:00:37	1016.0	13.4	36.0	12.5	1016.3	4.8	6.6	2972	3600	2972
2022-09-23T08:00:43	1016.0	13.8	36.6	12.9	1016.5	7.5	7.6	2989	3600	2989
2022-09-23T09:00:50	1016.1	16.1	37.4	13.6	1016.7	10.9	8.6	2942	3600	2942
2022-09-23T10:00:51	1015.9	18.4	37.3	14.0	1016.7	13.4	9.1	2992	3600	2992
2022-09-23T11:00:57	1015.5	19.7	37.2	14.6	1016.3	14.8	8.8	3067	3600	3067
2022-09-23T12:01:10	1015.1	21.4	37.1	14.4	1015.9	16.5	8.3	3077	3600	3077
2022-09-23T13:01:11	1014.5	23.5	36.0	13.8	1015.3	17.2	7.9	3057	3600	3057
2022-09-23T14:01:14	1013.9	25.7	34.7	13.9	1014.8	17.2	8.0	3073	3600	3073
2022-09-23T15:01:17	1013.2	29.1	32.9	13.7	1014.0	18.5	7.7	3014	3600	3014
2022-09-23T16:01:19	1012.6	31.7	30.6	13.8	1013.5	17.2	7.7	2975	3600	2975
2022-09-23T17:01:25	1012.2	28.7	31.8	13.9	1013.2	15.9	8.4	3167	3600	3167
2022-09-23T18:01:35	1012.0	27.4	32.6	13.2	1012.9	14.4	8.3	3186	3600	3186
2022-09-23T19:01:39	1011.7	25.0	33.0	12.8	1012.7	12.1	8.2	3099	3600	3099
2022-09-23T20:01:47	1011.7	23.6	33.2	12.8	1012.6	11.3	8.1	3000	3600	3000
2022-09-23T21:01:54	1011.5	22.5	33.4	12.7	1012.4	10.3	7.9	3129	3600	3129
2022-09-23T22:02:41	1011.2	21.4	33.9	12.7	1012.1	10.7	7.8	3103	3600	3103
2022-09-23T23:02:43	1010.9	20.9	34.3	12.7	1011.7	10.6	7.8	3260	3600	3260
2022-09-24T00:02:44	1010.7	20.5	34.5	12.7	1011.5	10.4	7.9	3137	3600	3137
2022-09-24T01:02:46	1010.4	19.9	34.8	12.7	1011.2	9.8	7.9	3156	3600	3156
2022-09-24T02:02:48	1010.1	19.4	35.0	12.7	1010.8	9.7	7.9	3132	3600	3132
2022-09-24T03:02:55	1009.6	19.1	35.2	12.6	1010.4	10.0	8.0	3169	3600	3169
2022-09-24T04:03:02	1009.3	18.9	35.6	12.6	1010.0	10.1	8.2	3134	3600	3134
2022-09-24T05:03:13	1009.1	18.6	35.9	12.6	1009.8	9.8	8.1	3090	3600	3090
2022-09-24T06:03:19	1008.9	18.4	36.0	12.5	1009.7	9.4	8.1	3183	3600	3183
2022-09-24T07:03:24	1009.0	18.0	36.0	12.6	1009.7	9.1	8.0	3121	3600	3121
2022-09-24T08:03:39	1009.0	18.1	36.3	12.9	1009.8	10.5	8.5	3097	3600	3097
2022-09-24T09:03:47	1009.3	18.9	36.8	13.3	1010.1	11.6	8.8	3165	3600	3165
2022-09-24T10:03:52	1009.5	20.0	37.0	13.9	1010.4	13.1	9.1	3028	3600	3028
2022-09-24T11:03:55	1009.5	21.2	36.9	13.5	1010.4	13.8	9.0	3106	3600	3106
2022-09-24T12:03:59	1009.6	21.6	36.8	14.0	1010.4	13.8	9.1	3135	3600	3135
2022-09-24T13:04:09	1009.4	23.0	36.4	14.5	1010.3	15.5	9.7	3163	3600	3163
2022-09-24T14:04:17	1009.3	24.4	35.8	14.3	1010.2	16.3	9.5	3270	3600	3270
2022-09-24T15:04:25	1009.2	24.7	35.7	14.0	1010.0	16.0	9.6	3220	3600	3220
2022-09-24T16:04:28	1009.1	24.4	35.7	13.8	1010.0	15.6	9.7	3252	3600	3252
2022-09-24T17:04:32	1009.0	23.6	36.0	13.1	1009.9	14.7	9.4	3267	3600	3267
2022-09-24T18:04:41	1009.1	23.0	36.1	12.8	1010.1	14.0	9.5	3168	3600	3168
2022-09-24T19:04:44	1009.3	22.5	36.2	12.7	1010.3	13.6	9.4	3221	3600	3221
2022-09-24T20:04:51	1009.5	22.1	36.3	12.7	1010.4	13.2	9.2	3181	3600	3181
2022-09-24T21:05:01	1009.6	21.8	36.5	12.7	1010.5	13.0	9.3	3276	3600	3276
2022-09-24T22:05:02	1009.5	21.5	36.8	12.7	1010.3	12.6	9.4	3256	3600	3256
2022-09-24T23:05:04	1009.4	21.2	37.1	12.7	1010.2	12.6	9.4	3185	3600	3185
2022-09-25T00:05:12	1009.3	20.9	37.2	12.7	1010.1	12.0	9.4	3129	3600	3129
2022-09-25T01:05:16	1009.1	20.6	37.2	12.6	1009.8	11.8	9.5	3108	3600	3108
2022-09-25T02:05:26	1008.8	20.3	37.3	12.6	1009.6	11.7	9.4	3191	3600	3191
2022-09-25T03:05:31	1008.6	19.9	37.3	12.6	1009.3	11.5	9.2	3167	3600	3167
2022-09-25T04:05:38	1008.4	19.5	37.2	12.6	1009.1	10.2	8.9	3168	3600	3168
2022-09-25T05:05:42	1008.2	19.0	37.2	12.5	1009.0	10.0	9.0	3180	3600	3180
2022-09-25T06:05:49	1008.3	18.9	37.2	12.5	1009.0	10.2	9.2	3109	3600	3109
2022-09-25T07:05:57	1008.3	18.8	37.3	12.5	1009.0	10.7	9.6	3161	3600	3161
2022-09-25T08:06:04	1008.3	18.9	37.5	12.6	1009.0	11.4	9.9	3122	3600	3122
2022-09-25T09:06:11	1008.3	19.6	37.6	13.1	1009.1	12.5	9.5	3167	3600	3167
2022-09-25T10:06:15	1008.2	20.5	37.5	13.6	1009.0	13.4	9.8	3143	3600	3143
2022-09-25T11:06:18	1008.0	21.7	37.2	14.5	1008.8	14.9	10.3	3194	3600	3194
2022-09-25T12:06:26	1007.7	23.3	36.6	14.4	1008.5	16.2	10.0	3239	3600	3239
2022-09-25T13:06:39	1007.3	25.4	35.7	13.8	1008.1	18.2	10.4	3218	3600	3218
2022-09-25T14:06:40	1006.9	27.9	34.4	13.8	1007.8	18.4	10.1	3258	3600	3258
2022-09-25T15:06:49	1006.6	26.8	34.6	13.9	1007.5	17.6	10.2	3209	3600	3209
2022-09-25T16:06:51	1006.3	26.9	34.8	13.8	1007.1	17.4	10.2	3226	3600	3226
2022-09-25T17:07:01	1006.0	26.2	35.0	13.6	1006.9	16.7	10.2	3171	3600	3171
2022-09-25T18:07:05	1005.9	25.3	35.4	13.1	1006.8	15.2	10.0	3277	3600	3277
2022-09-25T19:07:09	1005.9	24.1	35.6	12.8	1006.9	14.0	9.7	3340	3600	3340
2022-09-25T20:07:13	1005.9	23.3	35.8	12.8	1006.8	13.4	9.8	3264	3600	3264
2022-09-25T21:07:15	1005.8	22.7	35.9	12.7	1006.6	13.0	9.9	3251	3600	3251
2022-09-25T22:07:17	1005.6	22.2	36.1	12.7	1006.4	12.4	9.9	3317	3600	3317
2022-09-25T23:07:27	1005.3	21.7	36.5	12.7	1006.0	12.2	9.8	3232	3600	3232
2022-09-26T00:07:32	1005.0	21.3	37.0	12.7	1005.8	11.9	9.5	3356	3600	3356
2022-09-26T01:07:40	1004.7	20.8	37.4	12.7	1005.5	11.5	9.5	3253	3600	3253
2022-09-26T02:07:41	1004.2	20.1	37.5	12.7	1004.9	10.6	9.1	3304	3600	3304
2022-09-26T03:07:47	1003.6	19.7	37.5	12.6	1004.2	10.6	9.1	3353	3600	3353
2022-09-26T04:07:51	1003.0	19.4	37.6	12.6	1003.7	10.2	9.0	3335	3600	3335
2022-09-26T05:08:00	1002.6	18.8	37.6	12.6	1003.3	9.8	8.8	3379	3600	3379
2022-09-26T06:08:06	1002.2	18.3	37.5	12.6	1002.8	9.0	8.5	3310	3600	3310
2022-09-26T07:08:13	1001.9	17.8	37.6	12.7	1002.5	9.4	8.8	3361	3600	3361
2022-09-26T08:08:26	1001.6	18.2	38.2	13.2	1002.3	11.7	9.6	3379	3600	3379
