# See crns_meta.json and crns_attributes.txt for further details.
datetime	press1	temp1	relhum1	volt	press4	counts_labc	nsecs_labc	cph_filtered
2020-07-14T13:12:00	1007.7	31.5	46.1	13.4	1009.5	1307	1200	3921.0
2020-07-14T13:32:00	1007.5	32.0	47.5	13.3	1009.4	1256	1200	3768.0
2020-07-14T13:52:00	1007.3	32.4	48.0	13.3	1009.2	1278	1200	3834.0
2020-07-14T14:12:00	1007.1	32.7	48.4	13.3	1008.9	1330	1200	3990.0
2020-07-14T14:32:00	1007.0	32.8	48.6	13.3	1008.8	1256	1200	3768.0
2020-07-14T14:52:00	1006.8	32.5	49.1	13.3	1008.6	1357	1200	4071.0
2020-07-14T15:12:00	1006.6	32.1	49.1	13.3	1008.5	1307	1200	3921.0
2020-07-14T15:32:00	1006.5	31.5	49.8	13.3	1008.4	1295	1200	3885.0
2020-07-14T15:52:00	1006.3	31.2	50.7	13.3	1008.1	1335	1200	4005.0
2020-07-14T16:12:00	1006.2	31.2	50.8	13.4	1008.1	1293	1200	3879.0
2020-07-14T16:32:00	1006.0	30.9	50.8	13.4	1007.9	1340	1200	4020.0
2020-07-14T16:52:00	1005.9	30.7	51.2	13.4	1007.7	1328	1200	3984.0
2020-07-14T17:12:00	1005.8	30.4	51.4	13.4	1007.7	1316	1200	3948.0
2020-07-14T17:32:00	1005.7	29.9	51.5	13.4	1007.5	1405	1200	4215.0
2020-07-14T17:52:00	1005.6	29.3	51.9	13.4	1007.6	1367	1200	4101.0
2020-07-14T18:12:00	1005.6	28.8	52.4	13.4	1007.5	1341	1200	4023.0
2020-07-14T18:32:00	1005.6	28.3	52.5	13.4	1007.5	1367	1200	4101.0
2020-07-14T18:52:00	1005.5	27.8	52.7	12.9	1007.5	1362	1200	4086.0
2020-07-14T19:12:00	1005.4	27.1	52.9	12.9	1007.3	1345	1200	4035.0
2020-07-14T19:32:00	1005.6	26.5	53.5	12.9	1007.5	1372	1200	4116.0
2020-07-14T19:52:00	1005.7	26.1	53.7	12.8	1007.5	1371	1200	4113.0
2020-07-14T20:12:00	1005.8	25.5	53.8	12.8	1007.4	1305	1200	3915.0
2020-07-14T20:32:00	1006.1	24.9	54.1	12.8	1008.0	1306	1200	3918.0
2020-07-14T20:52:00	1006.3	24.4	54.4	12.8	1008.2	1335	1200	4005.0
2020-07-14T21:12:00	1006.7	24.0	54.6	12.8	1008.6	1286	1200	3858.0
2020-07-14T21:32:00	1006.6	23.7	54.7	12.8	1008.5	1312	1200	3936.0
2020-07-14T21:52:00	1006.7	23.3	54.7	12.8	1008.6	1290	1200	3870.0
2020-07-14T22:12:00	1006.8	23.0	54.7	12.8	1008.6	1335	1200	4005.0
2020-07-14T22:32:00	1006.9	22.6	54.7	12.7	1008.7	1318	1200	3954.0
2020-07-14T22:52:00	1007.1	22.3	54.7	12.7	1009.0	1356	1200	4068.0
2020-07-14T23:12:00	1007.1	21.9	54.7	12.7	1009.0	1307	1200	3921.0
2020-07-14T23:32:00	1006.9	21.6	54.7	12.7	1008.8	1303	1200	3909.0
2020-07-14T23:52:00	1006.9	21.3	54.7	12.7	1008.8	1322	1200	3966.0
2020-07-15T00:12:00	1006.9	20.9	54.7	12.7	1008.7	1356	1200	4068.0
2020-07-15T00:32:00	1006.9	20.5	54.7	12.7	1008.7	1283	1200	3849.0
2020-07-15T00:52:00	1006.9	20.2	54.7	12.7	1008.8	1251	1200	3753.0
2020-07-15T01:12:00	1006.6	19.9	54.7	12.7	1008.6	1387	1200	4161.0
2020-07-15T01:32:00	1006.4	19.5	54.7	12.7	1008.4	1245	1200	3735.0
2020-07-15T01:52:00	1006.5	19.2	54.8	12.7	1008.5	1317	1200	3951.0
2020-07-15T02:12:00	1006.5	18.8	54.9	12.7	1008.5	1301	1200	3903.0
2020-07-15T02:32:00	1006.4	18.5	55.0	12.7	1008.3	1366	1200	4098.0
2020-07-15T02:52:00	1006.2	18.4	55.2	12.7	1008.1	1255	1200	3765.0
2020-07-15T03:12:00	1006.0	18.3	55.1	12.7	1007.9	1279	1200	3837.0
2020-07-15T03:32:00	1006.0	18.2	55.0	12.7	1007.8	1325	1200	3975.0
2020-07-15T03:52:00	1006.1	18.1	54.9	12.7	1008.0	1297	1200	3891.0
2020-07-15T04:12:00	1006.2	18.0	54.9	12.8	1008.0	1297	1200	3891.0
2020-07-15T04:32:00	1006.3	17.9	54.8	12.9	1008.2	1336	1200	4008.0
2020-07-15T04:52:00	1006.4	17.8	54.7	12.9	1008.5	1314	1200	3942.0
2020-07-15T05:12:00	1006.6	17.8	54.7	13.0	1008.6	1313	1200	3939.0
2020-07-15T05:32:00	1006.6	17.7	54.6	13.2	1008.6	1270	1200	3810.0
2020-07-15T05:52:00	1006.6	17.7	54.6	13.3	1008.6	1298	1200	3894.0
2020-07-15T06:12:00	1006.6	17.7	54.6	13.3	1008.6	1300	1200	3900.0
2020-07-15T06:32:00	1006.7	17.7	54.6	13.5	1008.7	1261	1200	3783.0
2020-07-15T06:52:00	1006.5	17.6	54.5	13.4	1008.6	1356	1200	4068.0
2020-07-15T07:12:00	1006.7	17.6	54.5	13.3	1008.7	1280	1200	3840.0
2020-07-15T07:32:00	1006.8	17.5	54.6	13.4	1008.8	1277	1200	3831.0
2020-07-15T07:52:00	1007.0	17.4	54.7	13.6	1009.0	1314	1200	3942.0
2020-07-15T08:12:00	1006.9	17.4	54.8	13.9	1008.9	1261	1200	3783.0
2020-07-15T08:32:00	1007.1	17.3	54.9	14.2	1009.1	1292	1200	3876.0
2020-07-15T08:52:00	1007.4	17.4	55.0	14.2	1009.3	1228	1200	3684.0
2020-07-15T09:12:00	1007.3	17.4	55.2	14.2	1009.2	1219	1200	3657.0
2020-07-15T09:32:00	1007.3	17.5	55.0	14.2	1009.2	1256	1200	3768.0
2020-07-15T09:52:00	1007.2	17.7	54.6	14.2	1009.3	1262	1200	3786.0
2020-07-15T10:12:00	1007.3	17.8	54.7	14.2	1009.4	1218	1200	3654.0
2020-07-15T10:32:00	1007.3	17.9	55.0	14.2	1009.4	1279	1200	3837.0
2020-07-15T10:52:00	1007.4	18.0	54.6	13.8	1009.5	1257	1200	3771.0
2020-07-15T11:12:00	1007.6	18.1	54.5	13.8	1009.6	1231	1200	3693.0
2020-07-15T11:32:00	1007.5	18.2	54.8	13.8	1009.5	1280	1200	3840.0
2020-07-15T11:52:00	1007.4	18.1	55.0	13.8	1009.5	1179	1200	3537.0
2020-07-15T12:12:00	1007.6	18.1	55.2	13.8	1009.7	1225	1200	3675.0
2020-07-15T12:32:00	1007.7	18.1	55.4	13.8	1009.8	1172	1200	3516.0
2020-07-15T12:52:00	1007.8	18.2	55.2	13.8	1009.9	1265	1200	3795.0
2020-07-15T13:12:00	1007.8	18.2	55.4	13.8	1009.9	1236	1200	3708.0
2020-07-15T13:32:00	1007.7	18.2	55.4	13.8	1009.7	1216	1200	3648.0
2020-07-15T13:52:00	1007.4	18.3	55.2	13.8	1009.4	1236	1200	3708.0
2020-07-15T14:12:00	1007.4	18.4	55.4	13.8	1009.3	1158	1200	3474.0
2020-07-15T14:32:00	1007.4	18.4	55.3	13.8	1009.4	1138	1200	3414.0
2020-07-15T14:52:00	1007.3	18.5	54.9	13.7	1009.2	1216	1200	3648.0
2020-07-15T15:12:00	1007.3	18.6	54.8	13.7	1009.2	1184	1200	3552.0
2020-07-15T15:32:00	1007.2	18.7	54.7	13.7	1009.2	1149	1200	3447.0
2020-07-15T15:52:00	1007.2	18.9	54.6	13.7	1009.2	1238	1200	3714.0
2020-07-15T16:12:00	1007.1	19.2	54.6	13.7	1009.2	1139	1200	3417.0
2020-07-15T16:32:00	1007.3	19.5	54.5	13.7	1009.4	1212	1200	3636.0
2020-07-15T16:52:00	1007.3	19.5	54.4	13.7	1009.5	1196	1200	3588.0
2020-07-15T17:12:00	1007.3	19.5	54.7	13.7	1009.5	1221	1200	3663.0
2020-07-15T17:32:00	1007.5	19.4	54.9	13.7	1009.6	1180	1200	3540.0
2020-07-15T17:52:00	1007.6	19.4	55.1	13.7	1009.8	1158	1200	3474.0
2020-07-15T18:12:00	1007.7	19.3	55.1	13.7	1009.7	1141	1200	3423.0
2020-07-15T18:32:00	1007.7	19.2	55.0	13.1	1009.7	1229	1200	3687.0
2020-07-15T18:52:00	1007.8	19.1	55.1	13.2	1009.8	1207	1200	3621.0
2020-07-15T19:12:00	1007.9	19.0	55.1	12.9	1009.9	1196	1200	3588.0
2020-07-15T19:32:00	1008.1	18.8	55.2	12.9	1010.0	1187	1200	3561.0
2020-07-15T19:52:00	1008.2	18.6	55.1	12.9	1010.4	1154	1200	3462.0
2020-07-15T20:12:00	1008.4	18.3	55.1	12.8	1010.5	1207	1200	3621.0
2020-07-15T20:32:00	1008.4	18.0	55.1	12.8	1010.4	1133	1200	3399.0
2020-07-15T20:52:00	1008.4	17.8	55.4	12.8	1010.4	1192	1200	3576.0
2020-07-15T21:12:00	1008.4	17.7	55.5	12.8	1010.3	1153	1200	3459.0
2020-07-15T21:32:00	1008.4	17.6	55.6	12.8	1010.4	1132	1200	3396.0
2020-07-15T21:52:00	1008.5	17.4	55.5	12.8	1010.5	1150	1200	3450.0
2020-07-15T22:12:00	1008.5	17.3	55.5	12.8	1010.5	1217	1200	3651.0
2020-07-15T22:32:00	1008.6	17.1	55.4	12.8	1010.5	1163	1200	3489.0
2020-07-15T22:52:00	1008.6	17.0	55.6	12.8	1010.4	1178	1200	3534.0
2020-07-15T23:12:00	1008.6	17.0	55.7	12.7	1010.5	1176	1200	3528.0
2020-07-15T23:32:00	1008.6	17.0	55.7	12.7	1010.5	1185	1200	3555.0
2020-07-15T23:52:00	1008.6	17.0	55.6	12.7	1010.5	1180	1200	3540.0
2020-07-16T00:12:00	1008.7	17.0	55.5	12.7	1010.7	1160	1200	3480.0
2020-07-16T00:32:00	1008.7	16.9	55.5	12.7	1010.6	1281	1200	3843.0
2020-07-16T00:52:00	1008.6	16.8	55.3	12.7	1010.6	1197	1200	3591.0
2020-07-16T01:12:00	1008.6	16.7	55.3	12.7	1010.6	1236	1200	3708.0
2020-07-16T01:32:00	1008.7	16.5	55.3	12.7	1010.8	1262	1200	3786.0
2020-07-16T01:52:00	1008.8	16.3	55.4	12.7	1010.9	1137	1200	3411.0
2020-07-16T02:12:00	1008.8	16.2	55.4	12.7	1010.9	1223	1200	3669.0
2020-07-16T02:32:00	1008.9	16.0	55.4	12.7	1010.9	1195	1200	3585.0
2020-07-16T02:52:00	1009.0	15.9	55.4	12.7	1011.0	1215	1200	3645.0
2020-07-16T03:12:00	1009.1	15.8	55.5	12.7	1011.1	1146	1200	3438.0
2020-07-16T03:32:00	1009.2	15.7	55.6	12.6	1011.1	1203	1200	3609.0
2020-07-16T03:52:00	1009.3	15.7	55.7	12.7	1011.2	1163	1200	3489.0
2020-07-16T04:12:00	1009.2	15.6	55.6	12.7	1011.2	1203	1200	3609.0
2020-07-16T04:32:00	1009.3	15.6	55.7	12.8	1011.3	1152	1200	3456.0
2020-07-16T04:52:00	1009.5	15.7	55.7	13.1	1011.4	1162	1200	3486.0
2020-07-16T05:12:00	1009.5	15.8	55.7	13.2	1011.5	1220	1200	3660.0
2020-07-16T05:32:00	1009.6	15.9	55.7	13.2	1011.6	1199	1200	3597.0
2020-07-16T05:52:00	1009.8	16.0	55.6	13.2	1011.7	1124	1200	3372.0
2020-07-16T06:12:00	1009.8	16.2	55.4	13.6	1011.8	1140	1200	3420.0
2020-07-16T06:32:00	1009.9	16.5	55.9	14.2	1011.9	1119	1200	3357.0
2020-07-16T06:52:00	1010.0	17.3	56.4	14.2	1012.0	1137	1200	3411.0
2020-07-16T07:12:00	1010.0	17.9	55.0	14.2	1012.0	1134	1200	3402.0
2020-07-16T07:32:00	1010.0	18.4	54.8	14.1	1011.9	1178	1200	3534.0
2020-07-16T07:52:00	1010.1	18.8	54.4	14.1	1012.1	1142	1200	3426.0
2020-07-16T08:12:00	1010.0	19.4	54.4	14.1	1012.1	1151	1200	3453.0
2020-07-16T08:32:00	1010.1	20.0	54.2	14.1	1012.0	1212	1200	3636.0
2020-07-16T08:52:00	1009.9	20.1	53.4	13.7	1012.0	1175	1200	3525.0
2020-07-16T09:12:00	1010.0	20.3	53.1	13.7	1012.1	1179	1200	3537.0
2020-07-16T09:32:00	1010.0	20.8	53.7	13.7	1012.1	1205	1200	3615.0
2020-07-16T09:52:00	1010.1	21.7	53.8	13.6	1012.1	1189	1200	3567.0
2020-07-16T10:12:00	1010.1	22.3	52.8	13.6	1012.0	1170	1200	3510.0
2020-07-16T10:32:00	1010.1	23.0	52.2	13.6	1012.1	1200	1200	3600.0
2020-07-16T10:52:00	1010.1	22.5	51.1	13.6	1012.0	1189	1200	3567.0
2020-07-16T11:12:00	1010.0	22.0	52.0	13.7	1011.9	1165	1200	3495.0
2020-07-16T11:32:00	1009.9	22.1	53.1	13.6	1011.9	1229	1200	3687.0
2020-07-16T11:52:00	1009.8	22.7	53.3	13.6	1011.8	1202	1200	3606.0
2020-07-16T12:12:00	1009.8	23.4	52.8	13.6	1011.8	1188	1200	3564.0
2020-07-16T12:32:00	1009.6	23.5	52.4	13.6	1011.8	1219	1200	3657.0
2020-07-16T12:52:00	1009.9	23.6	52.1	13.6	1012.1	1225	1200	3675.0
2020-07-16T13:12:00	1010.0	23.2	52.3	13.6	1012.0	1228	1200	3684.0
2020-07-16T13:32:00	1010.1	23.6	53.1	13.6	1012.2	1239	1200	3717.0
2020-07-16T13:52:00	1010.0	23.8	52.7	13.6	1012.1	1205	1200	3615.0
2020-07-16T14:12:00	1010.1	23.8	52.5	13.6	1012.3	1198	1200	3594.0
2020-07-16T14:32:00	1010.2	23.6	52.6	13.6	1012.3	1232	1200	3696.0
2020-07-16T14:52:00	1010.2	23.5	52.8	13.6	1012.3	1208	1200	3624.0
2020-07-16T15:12:00	1010.2	23.3	52.7	13.6	1012.2	1148	1200	3444.0
2020-07-16T15:32:00	1010.1	23.2	53.2	13.6	1012.2	1207	1200	3621.0
2020-07-16T15:52:00	1010.2	23.5	53.4	13.6	1012.2	1213	1200	3639.0
2020-07-16T16:12:00	1010.3	23.6	53.0	13.6	1012.4	1174	1200	3522.0
2020-07-16T16:32:00	1010.3	23.4	52.7	13.6	1012.3	1236	1200	3708.0
2020-07-16T16:52:00	1010.5	23.2	52.9	13.6	1012.4	1179	1200	3537.0
2020-07-16T17:12:00	1010.6	23.0	53.1	13.6	1012.6	1281	1200	3843.0
2020-07-16T17:32:00	1010.6	22.8	53.1	13.6	1012.5	1175	1200	3525.0
2020-07-16T17:52:00	1010.9	22.7	53.2	13.6	1012.8	1260	1200	3780.0
2020-07-16T18:12:00	1011.0	22.3	53.2	13.6	1012.9	1247	1200	3741.0
2020-07-16T18:32:00	1011.0	21.8	53.4	13.6	1013.1	1193	1200	3579.0
2020-07-16T18:52:00	1011.1	21.4	53.6	13.0	1013.2	1215	1200	3645.0
2020-07-16T19:12:00	1011.2	21.0	53.9	12.9	1013.4	1153	1200	3459.0
2020-07-16T19:32:00	1011.4	20.5	54.1	12.9	1013.4	1235	1200	3705.0
2020-07-16T19:52:00	1011.6	20.1	54.3	12.9	1013.6	1162	1200	3486.0
2020-07-16T20:12:00	1011.6	19.6	54.5	12.8	1013.6	1225	1200	3675.0
2020-07-16T20:32:00	1011.7	19.2	54.8	12.8	1013.7	1198	1200	3594.0
2020-07-16T20:52:00	1011.7	18.8	55.0	12.8	1013.7	1204	1200	3612.0
2020-07-16T21:12:00	1011.9	18.6	55.3	12.8	1013.7	1185	1200	3555.0
2020-07-16T21:32:00	1011.9	18.3	55.2	12.8	1013.8	1166	1200	3498.0
2020-07-16T21:52:00	1012.0	17.9	55.0	12.8	1014.0	1262	1200	3786.0
2020-07-16T22:12:00	1012.1	17.4	54.9	12.8	1014.1	1248	1200	3744.0
2020-07-16T22:32:00	1012.0	16.8	55.0	12.8	1013.9	1208	1200	3624.0
2020-07-16T22:52:00	1011.9	16.4	55.3	12.8	1013.9	1233	1200	3699.0
2020-07-16T23:12:00	1011.9	15.9	55.4	12.7	1013.8	1173	1200	3519.0
2020-07-16T23:32:00	1012.0	15.5	55.7	12.7	1013.9	1207	1200	3621.0
2020-07-16T23:52:00	1012.1	15.2	55.8	12.7	1014.2	1209	1200	3627.0
2020-07-17T00:12:00	1012.1	14.9	55.8	12.7	1014.3	1161	1200	3483.0
2020-07-17T00:32:00	1012.2	14.7	55.8	12.7	1014.3	1196	1200	3588.0
2020-07-17T00:52:00	1012.1	14.4	55.7	12.7	1014.2	1195	1200	3585.0
2020-07-17T01:12:00	1012.1	14.1	55.7	12.7	1014.2	1220	1200	3660.0
2020-07-17T01:32:00	1012.1	13.9	55.7	12.7	1014.1	1238	1200	3714.0
2020-07-17T01:52:00	1012.1	13.7	55.8	12.7	1014.3	1232	1200	3696.0
2020-07-17T02:12:00	1012.1	13.5	55.7	12.6	1014.2	1174	1200	3522.0
2020-07-17T02:32:00	1012.1	13.3	55.6	12.6	1014.1	1146	1200	3438.0
2020-07-17T02:52:00	1012.2	13.0	55.6	12.6	1014.2	1248	1200	3744.0
2020-07-17T03:12:00	1012.2	12.8	55.6	12.6	1014.2	1206	1200	3618.0
2020-07-17T03:32:00	1012.3	12.7	55.6	12.7	1014.2	1216	1200	3648.0
2020-07-17T03:52:00	1012.4	12.6	55.6	12.7	1014.4	1178	1200	3534.0
2020-07-17T04:12:00	1012.4	12.6	55.8	12.8	1014.5	1217	1200	3651.0
2020-07-17T04:32:00	1012.5	12.7	55.8	12.9	1014.4	1201	1200	3603.0
2020-07-17T04:52:00	1012.5	12.9	55.8	13.1	1014.5	1161	1200	3483.0
2020-07-17T05:12:00	1012.6	13.2	55.6	13.2	1014.6	1167	1200	3501.0
2020-07-17T05:32:00	1012.8	13.5	55.4	13.4	1014.9	1189	1200	3567.0
2020-07-17T05:52:00	1012.9	14.2	56.1	13.6	1015.0	1193	1200	3579.0
2020-07-17T06:12:00	1013.1	15.0	55.4	14.3	1015.3	1196	1200	3588.0
2020-07-17T06:32:00	1013.1	15.8	55.1	14.2	1015.1	1147	1200	3441.0
2020-07-17T06:52:00	1013.2	17.0	54.8	14.2	1015.2	1191	1200	3573.0
2020-07-17T07:12:00	1013.3	17.8	53.4	14.2	1015.3	1150	1200	3450.0
2020-07-17T07:32:00	1013.3	18.5	52.8	14.1	1015.5	1195	1200	3585.0
2020-07-17T07:52:00	1013.4	19.1	52.4	14.1	1015.4	1163	1200	3489.0
2020-07-17T08:12:00	1013.5	19.4	51.8	14.1	1015.5	1223	1200	3669.0
2020-07-17T08:32:00	1013.5	19.7	52.0	13.7	1015.5	1178	1200	3534.0
2020-07-17T08:52:00	1013.5	20.1	51.8	13.7	1015.5	1159	1200	3477.0
2020-07-17T09:12:00	1013.5	20.2	51.6	13.7	1015.6	1177	1200	3531.0
2020-07-17T09:32:00	1013.5	20.2	51.7	13.7	1015.5	1176	1200	3528.0
2020-07-17T09:52:00	1013.5	19.8	51.5	13.7	1015.5	1160	1200	3480.0
2020-07-17T10:12:00	1013.7	19.3	52.0	13.7	1015.6	1136	1200	3408.0
2020-07-17T10:32:00	1013.8	18.8	52.6	13.8	1015.9	1161	1200	3483.0
2020-07-17T10:52:00	1013.8	18.5	53.4	13.8	1015.9	1161	1200	3483.0
2020-07-17T11:12:00	1013.7	18.5	54.1	13.8	1015.8	1166	1200	3498.0
2020-07-17T11:32:00	1013.7	18.5	54.1	13.8	1015.9	1141	1200	3423.0
2020-07-17T11:52:00	1013.5	18.7	54.2	13.8	1015.6	1177	1200	3531.0
2020-07-17T12:12:00	1013.5	19.4	55.1	13.7	1015.5	1124	1200	3372.0
2020-07-17T12:32:00	1013.5	20.3	54.5	13.7	1015.6	1164	1200	3492.0
2020-07-17T12:52:00	1013.4	21.4	53.5	13.6	1015.4	1089	1200	3267.0
2020-07-17T13:12:00	1013.4	22.5	53.0	13.6	1015.6	1100	1200	3300.0
2020-07-17T13:32:00	1013.4	22.8	52.0	13.6	1015.5	1064	1200	3192.0
2020-07-17T13:52:00	1013.3	22.9	52.1	13.6	1015.4	1123	1200	3369.0
2020-07-17T14:12:00	1013.3	23.3	52.1	13.6	1015.3	1157	1200	3471.0
2020-07-17T14:32:00	1013.4	23.0	51.7	13.1	1015.4	1165	1200	3495.0
2020-07-17T14:52:00	1013.5	22.3	52.1	13.6	1015.7	1129	1200	3387.0
2020-07-17T15:12:00	1013.4	21.9	52.9	13.7	1015.5	1129	1200	3387.0
2020-07-17T15:32:00	1013.5	21.8	53.5	13.7	1015.5	1224	1200	3672.0
2020-07-17T15:52:00	1013.5	21.9	53.6	13.6	1015.6	1160	1200	3480.0
2020-07-17T16:12:00	1013.6	22.0	53.6	13.6	1015.7	1145	1200	3435.0
2020-07-17T16:32:00	1013.5	21.9	53.7	13.7	1015.6	1203	1200	3609.0
2020-07-17T16:52:00	1013.5	21.9	53.8	13.7	1015.6	1214	1200	3642.0
2020-07-17T17:12:00	1013.5	22.0	53.9	13.6	1015.6	1133	1200	3399.0
2020-07-17T17:32:00	1013.4	22.0	53.9	13.6	1015.5	1195	1200	3585.0
2020-07-17T17:52:00	1013.4	21.9	53.9	13.6	1015.6	1168	1200	3504.0
2020-07-17T18:12:00	1013.5	21.9	54.0	13.0	1015.6	1127	1200	3381.0
2020-07-17T18:32:00	1013.6	21.9	54.1	13.0	1015.7	1165	1200	3495.0
2020-07-17T18:52:00	1013.7	21.9	54.0	12.9	1015.8	1185	1200	3555.0
2020-07-17T19:12:00	1013.8	21.7	53.8	12.9	1015.8	1156	1200	3468.0
2020-07-17T19:32:00	1013.9	21.2	53.6	12.9	1016.0	1133	1200	3399.0
2020-07-17T19:52:00	1014.1	20.8	54.0	12.9	1016.2	1144	1200	3432.0
2020-07-17T20:12:00	1014.1	20.4	54.2	12.8	1016.1	1138	1200	3414.0
2020-07-17T20:32:00	1014.2	20.0	54.4	12.8	1016.1	1167	1200	3501.0
2020-07-17T20:52:00	1014.3	19.6	54.6	12.8	1016.2	1165	1200	3495.0
2020-07-17T21:12:00	1014.3	19.2	54.8	12.8	1016.3	1135	1200	3405.0
2020-07-17T21:32:00	1014.3	18.9	55.0	12.8	1016.5	1198	1200	3594.0
2020-07-17T21:52:00	1014.4	18.5	55.2	12.8	1016.5	1174	1200	3522.0
2020-07-17T22:12:00	1014.6	18.3	55.3	12.8	1016.5	1130	1200	3390.0
2020-07-17T22:32:00	1014.7	18.0	55.3	12.7	1016.6	1145	1200	3435.0
2020-07-17T22:52:00	1014.7	17.7	55.4	12.7	1016.7	1119	1200	3357.0
2020-07-17T23:12:00	1014.8	17.5	55.5	12.7	1016.8	1152	1200	3456.0
2020-07-17T23:32:00	1014.9	17.2	55.5	12.7	1016.8	1133	1200	3399.0
2020-07-17T23:52:00	1014.9	17.0	55.6	12.7	1016.9	1105	1200	3315.0
2020-07-18T00:12:00	1014.9	16.8	55.5	12.7	1016.8	1142	1200	3426.0
2020-07-18T00:32:00	1014.9	16.6	55.5	12.7	1016.8	1075	1200	3225.0
2020-07-18T00:52:00	1014.8	16.4	55.5	12.7	1016.9	1137	1200	3411.0
2020-07-18T01:12:00	1014.8	16.1	55.4	12.7	1017.1	1139	1200	3417.0
2020-07-18T01:32:00	1014.9	15.8	55.5	12.7	1017.1	1099	1200	3297.0
2020-07-18T01:52:00	1014.8	15.5	55.7	12.7	1017.0	1197	1200	3591.0
2020-07-18T02:12:00	1014.7	15.3	55.7	12.6	1016.9	1146	1200	3438.0
2020-07-18T02:32:00	1014.6	15.1	55.7	12.6	1016.8	1190	1200	3570.0
2020-07-18T02:52:00	1014.7	14.9	55.7	12.6	1016.8	1168	1200	3504.0
2020-07-18T03:12:00	1014.7	14.7	55.7	12.7	1016.9	1140	1200	3420.0
2020-07-18T03:32:00	1014.6	14.6	55.8	12.7	1016.8	1149	1200	3447.0
2020-07-18T03:52:00	1014.6	14.6	55.8	12.8	1016.8	1156	1200	3468.0
2020-07-18T04:12:00	1014.7	14.6	55.8	12.9	1016.9	1151	1200	3453.0
2020-07-18T04:32:00	1014.8	14.7	55.8	13.2	1017.0	1179	1200	3537.0
2020-07-18T04:52:00	1014.8	15.1	55.6	13.3	1017.0	1071	1200	3213.0
2020-07-18T05:12:00	1014.7	15.5	55.2	13.3	1017.0	1152	1200	3456.0
2020-07-18T05:32:00	1014.9	15.8	55.2	13.4	1017.1	1130	1200	3390.0
2020-07-18T05:52:00	1014.9	16.5	56.4	13.5	1017.0	1163	1200	3489.0
2020-07-18T06:12:00	1014.9	17.5	56.0	13.5	1016.9	1138	1200	3414.0
2020-07-18T06:32:00	1014.9	18.6	55.6	13.6	1016.9	1152	1200	3456.0
2020-07-18T06:52:00	1015.1	20.0	54.4	14.1	1017.0	1131	1200	3393.0
2020-07-18T07:12:00	1015.2	21.2	53.3	14.0	1017.3	1128	1200	3384.0
2020-07-18T07:32:00	1015.3	22.4	52.1	14.0	1017.4	1023	1200	3069.0
2020-07-18T07:52:00	1015.3	23.5	51.2	14.0	1017.4	1155	1200	3465.0
2020-07-18T08:12:00	1015.2	24.5	50.5	13.9	1017.2	1181	1200	3543.0
2020-07-18T08:32:00	1015.2	25.4	50.0	13.9	1017.2	1148	1200	3444.0
2020-07-18T08:52:00	1015.1	26.2	49.7	13.9	1017.2	1094	1200	3282.0
2020-07-18T09:12:00	1015.1	26.9	49.5	13.5	1017.1	1249	1200	3747.0
2020-07-18T09:32:00	1015.0	27.6	49.3	13.4	1017.1	1196	1200	3588.0
2020-07-18T09:52:00	1014.9	28.3	49.3	13.4	1017.0	1133	1200	3399.0
2020-07-18T10:12:00	1014.9	29.1	49.3	13.4	1016.9	1168	1200	3504.0
2020-07-18T10:32:00	1014.9	29.8	49.3	13.4	1016.6	1208	1200	3624.0
2020-07-18T10:52:00	1014.8	30.2	49.3	13.4	1016.6	1191	1200	3573.0
2020-07-18T11:12:00	1014.7	30.6	49.5	13.4	1016.5	1107	1200	3321.0
2020-07-18T11:32:00	1014.6	30.8	49.7	13.3	1016.4	1188	1200	3564.0
2020-07-18T11:52:00	1014.5	31.3	49.9	13.3	1016.3	1187	1200	3561.0
2020-07-18T12:12:00	1014.3	31.5	50.1	13.4	1016.1	1100	1200	3300.0
2020-07-18T12:32:00	1014.2	31.8	50.4	13.3	1016.0	1127	1200	3381.0
2020-07-18T12:52:00	1014.0	32.0	50.5	13.3	1015.8	1159	1200	3477.0
2020-07-18T13:12:00	1013.9	32.0	50.5	13.3	1015.7	1179	1200	3537.0
2020-07-18T13:32:00	1013.8	32.0	51.1	13.3	1015.5	1153	1200	3459.0
2020-07-18T13:52:00	1013.6	32.2	51.2	13.3	1015.4	1143	1200	3429.0
2020-07-18T14:12:00	1013.6	32.3	51.5	13.3	1015.4	1185	1200	3555.0
2020-07-18T14:32:00	1013.5	32.4	51.6	13.3	1015.3	1257	1200	3771.0
2020-07-18T14:52:00	1013.5	32.2	51.4	13.3	1015.2	1169	1200	3507.0
2020-07-18T15:12:00	1013.3	32.0	52.1	13.3	1015.1	1130	1200	3390.0
2020-07-18T15:32:00	1013.2	32.0	52.2	13.3	1015.0	1190	1200	3570.0
2020-07-18T15:52:00	1013.1	31.8	52.1	13.3	1014.8	1200	1200	3600.0
2020-07-18T16:12:00	1013.0	31.6	52.2	13.3	1014.8	1200	1200	3600.0
2020-07-18T16:32:00	1012.9	31.1	52.5	13.3	1014.7	1262	1200	3786.0
2020-07-18T16:52:00	1012.8	30.8	52.9	13.4	1014.6	1192	1200	3576.0
2020-07-18T17:12:00	1012.7	30.6	53.2	13.4	1014.5	1151	1200	3453.0
2020-07-18T17:32:00	1012.6	30.5	53.2	13.4	1014.4	1204	1200	3612.0
2020-07-18T17:52:00	1012.6	30.3	53.1	13.4	1014.4	1231	1200	3693.0
2020-07-18T18:12:00	1012.6	30.1	53.2	13.4	1014.5	1276	1200	3828.0
2020-07-18T18:32:00	1012.5	29.8	53.1	13.4	1014.4	1200	1200	3600.0
2020-07-18T18:52:00	1012.6	29.3	53.1	13.0	1014.5	1264	1200	3792.0
2020-07-18T19:12:00	1012.7	28.3	53.4	12.9	1014.6	1305	1200	3915.0
2020-07-18T19:32:00	1012.9	27.3	54.0	12.9	1014.9	1234	1200	3702.0
2020-07-18T19:52:00	1013.1	26.4	54.7	12.8	1015.0	1244	1200	3732.0
2020-07-18T20:12:00	1013.1	25.6	55.2	12.8	1015.1	1172	1200	3516.0
2020-07-18T20:32:00	1013.2	24.8	55.7	12.8	1015.2	1198	1200	3594.0
2020-07-18T20:52:00	1013.2	24.1	56.0	12.8	1015.1	1184	1200	3552.0
2020-07-18T21:12:00	1013.1	23.4	56.2	12.8	1015.0	1194	1200	3582.0
2020-07-18T21:32:00	1013.2	22.8	56.5	12.8	1015.3	1192	1200	3576.0
2020-07-18T21:52:00	1013.1	22.3	56.6	12.8	1015.3	1178	1200	3534.0
2020-07-18T22:12:00	1013.1	21.8	56.7	12.8	1015.3	1187	1200	3561.0
2020-07-18T22:32:00	1013.1	21.3	56.8	12.8	1015.2	1190	1200	3570.0
2020-07-18T22:52:00	1013.0	20.9	56.8	12.7	1015.1	1235	1200	3705.0
2020-07-18T23:12:00	1012.9	20.5	56.8	12.7	1015.1	1183	1200	3549.0
2020-07-18T23:32:00	1012.8	20.2	56.8	12.7	1015.0	1191	1200	3573.0
2020-07-18T23:52:00	1012.8	19.8	56.8	12.7	1014.9	1142	1200	3426.0
2020-07-19T00:12:00	1012.7	19.5	56.8	12.7	1014.9	1218	1200	3654.0
2020-07-19T00:32:00	1012.6	19.1	56.7	12.7	1014.6	1191	1200	3573.0
2020-07-19T00:52:00	1012.4	18.8	56.6	12.7	1014.4	1229	1200	3687.0
2020-07-19T01:12:00	1012.3	18.5	56.7	12.7	1014.4	1185	1200	3555.0
2020-07-19T01:32:00	1012.2	18.3	56.7	12.7	1014.4	1265	1200	3795.0
2020-07-19T01:52:00	1012.0	18.0	56.6	12.7	1014.3	1218	1200	3654.0
2020-07-19T02:12:00	1011.9	17.9	56.6	12.7	1014.2	1247	1200	3741.0
2020-07-19T02:32:00	1011.9	17.7	56.5	12.7	1014.2	1250	1200	3750.0
2020-07-19T02:52:00	1011.8	17.4	56.4	12.7	1014.0	1251	1200	3753.0
2020-07-19T03:12:00	1011.8	17.3	56.4	12.7	1013.9	1218	1200	3654.0
2020-07-19T03:32:00	1011.8	17.1	56.3	12.7	1013.9	1166	1200	3498.0
2020-07-19T03:52:00	1011.8	17.0	56.2	12.7	1013.9	1191	1200	3573.0
2020-07-19T04:12:00	1011.7	16.8	56.3	12.8	1013.8	1250	1200	3750.0
2020-07-19T04:32:00	1011.6	16.9	56.3	12.9	1013.7	1191	1200	3573.0
2020-07-19T04:52:00	1011.5	17.0	56.2	13.0	1013.7	1176	1200	3528.0
2020-07-19T05:12:00	1011.4	17.2	56.2	13.2	1013.6	1176	1200	3528.0
2020-07-19T05:32:00	1011.4	17.5	56.5	13.3	1013.7	1207	1200	3621.0
2020-07-19T05:52:00	1011.4	18.3	57.3	13.4	1013.5	1236	1200	3708.0
2020-07-19T06:12:00	1011.4	19.6	57.0	13.5	1013.6	1193	1200	3579.0
2020-07-19T06:32:00	1011.5	21.0	55.7	13.6	1013.8	1187	1200	3561.0
2020-07-19T06:52:00	1011.6	22.5	54.2	14.0	1013.7	1284	1200	3852.0
2020-07-19T07:12:00	1011.6	24.0	52.7	13.9	1013.8	1201	1200	3603.0
2020-07-19T07:32:00	1011.6	25.4	51.4	13.9	1013.7	1272	1200	3816.0
2020-07-19T07:52:00	1011.6	26.5	50.4	13.9	1013.7	1207	1200	3621.0
2020-07-19T08:12:00	1011.6	27.5	49.8	13.8	1013.6	1274	1200	3822.0
2020-07-19T08:32:00	1011.7	28.5	49.4	13.8	1013.4	1220	1200	3660.0
2020-07-19T08:52:00	1011.6	29.4	49.1	13.4	1013.4	1250	1200	3750.0
2020-07-19T09:12:00	1011.6	30.3	48.8	13.3	1013.4	1231	1200	3693.0
2020-07-19T09:32:00	1011.5	31.1	48.7	13.4	1013.3	1121	1200	3363.0
2020-07-19T09:52:00	1011.4	31.7	48.7	13.3	1013.2	1217	1200	3651.0
2020-07-19T10:12:00	1011.3	32.5	48.8	13.3	1012.9	1245	1200	3735.0
2020-07-19T10:32:00	1011.2	33.0	48.8	13.3	1012.9	1211	1200	3633.0
2020-07-19T10:52:00	1011.1	33.5	48.9	13.2	1012.8	1270	1200	3810.0
2020-07-19T11:12:00	1011.0	34.0	49.0	13.2	1012.7	1242	1200	3726.0
2020-07-19T11:32:00	1010.8	34.1	49.3	13.3	1012.5	1238	1200	3714.0
2020-07-19T11:52:00	1010.5	33.8	49.7	13.3	1012.3	1255	1200	3765.0
2020-07-19T12:12:00	1010.3	33.3	50.5	13.3	1012.0	1238	1200	3714.0
2020-07-19T12:32:00	1010.2	33.6	51.1	13.2	1011.9	1329	1200	3987.0
2020-07-19T12:52:00	1010.0	33.9	51.1	13.3	1011.6	1251	1200	3753.0
2020-07-19T13:12:00	1009.8	34.1	51.3	13.2	1011.5	1241	1200	3723.0
2020-07-19T13:32:00	1009.8	34.3	51.2	13.3	1011.4	1282	1200	3846.0
2020-07-19T13:52:00	1009.6	34.4	51.4	13.2	1011.1	1224	1200	3672.0
2020-07-19T14:12:00	1009.4	34.5	51.5	13.2	1010.9	1302	1200	3906.0
2020-07-19T14:32:00	1009.3	34.3	51.3	13.3	1010.8	1266	1200	3798.0
2020-07-19T14:52:00	1009.1	33.8	51.6	13.3	1010.8	1243	1200	3729.0
2020-07-19T15:12:00	1009.0	33.5	52.2	13.3	1010.7	1250	1200	3750.0
2020-07-19T15:32:00	1008.8	33.3	52.6	13.3	1010.6	1265	1200	3795.0
2020-07-19T15:52:00	1008.6	33.0	52.7	13.3	1010.3	1263	1200	3789.0
2020-07-19T16:12:00	1008.4	33.0	53.2	13.3	1010.3	1252	1200	3756.0
2020-07-19T16:32:00	1008.5	32.9	52.8	13.3	1010.3	1319	1200	3957.0
2020-07-19T16:52:00	1008.4	32.8	52.7	13.3	1010.2	1298	1200	3894.0
2020-07-19T17:12:00	1008.5	32.5	52.8	13.3	1010.3	1311	1200	3933.0
2020-07-19T17:32:00	1008.5	32.2	52.9	13.3	1010.3	1299	1200	3897.0
2020-07-19T17:52:00	1008.6	31.6	53.2	13.3	1010.4	1270	1200	3810.0
2020-07-19T18:12:00	1008.6	31.1	53.5	13.4	1010.3	1249	1200	3747.0
2020-07-19T18:32:00	1008.6	30.5	53.8	13.0	1010.5	1243	1200	3729.0
2020-07-19T18:52:00	1008.8	29.9	54.1	12.9	1010.6	1253	1200	3759.0
2020-07-19T19:12:00	1008.9	29.3	54.5	12.9	1010.9	1323	1200	3969.0
2020-07-19T19:32:00	1009.1	28.8	54.8	12.8	1011.0	1220	1200	3660.0
2020-07-19T19:52:00	1009.0	28.4	55.0	12.8	1011.0	1331	1200	3993.0
2020-07-19T20:12:00	1009.0	28.0	55.1	12.8	1011.0	1307	1200	3921.0
2020-07-19T20:32:00	1009.1	27.5	55.2	12.8	1011.0	1294	1200	3882.0
2020-07-19T20:52:00	1009.2	27.0	55.3	12.8	1011.0	1219	1200	3657.0
2020-07-19T21:12:00	1009.3	26.4	55.4	12.8	1011.3	1281	1200	3843.0
2020-07-19T21:32:00	1009.1	25.9	55.6	12.8	1011.2	1279	1200	3837.0
2020-07-19T21:52:00	1009.0	25.3	55.8	12.8	1011.1	1234	1200	3702.0
2020-07-19T22:12:00	1009.0	24.8	56.0	12.8	1011.2	1234	1200	3702.0
2020-07-19T22:32:00	1009.0	24.4	56.0	12.7	1011.1	1267	1200	3801.0
2020-07-19T22:52:00	1008.8	23.9	56.1	12.7	1010.9	1224	1200	3672.0
2020-07-19T23:12:00	1008.7	23.5	56.2	12.7	1010.8	1300	1200	3900.0
2020-07-19T23:32:00	1008.6	23.2	56.3	12.7	1010.8	1215	1200	3645.0
2020-07-19T23:52:00	1008.5	22.9	56.3	12.7	1010.7	1337	1200	4011.0
2020-07-20T00:12:00	1008.4	22.5	56.2	12.7	1010.5	1262	1200	3786.0
2020-07-20T00:32:00	1008.4	22.3	56.3	12.7	1010.5	1283	1200	3849.0
2020-07-20T00:52:00	1008.5	22.0	56.2	12.7	1010.6	1249	1200	3747.0
2020-07-20T01:12:00	1008.4	21.7	56.2	12.7	1010.4	1238	1200	3714.0
2020-07-20T01:32:00	1008.2	21.5	56.2	12.7	1010.3	1251	1200	3753.0
2020-07-20T01:52:00	1008.2	21.2	56.2	12.7	1010.2	1265	1200	3795.0
2020-07-20T02:12:00	1008.1	21.0	56.1	12.7	1010.2	1251	1200	3753.0
2020-07-20T02:32:00	1008.0	20.6	56.1	12.7	1010.2	1283	1200	3849.0
2020-07-20T02:52:00	1007.9	20.4	56.1	12.7	1010.1	1315	1200	3945.0
2020-07-20T03:12:00	1007.8	20.2	56.1	12.7	1010.0	1251	1200	3753.0
2020-07-20T03:32:00	1007.9	19.8	56.0	12.7	1010.1	1283	1200	3849.0
2020-07-20T03:52:00	1007.9	19.6	56.1	12.7	1010.1	1309	1200	3927.0
2020-07-20T04:12:00	1007.9	19.5	56.2	12.8	1010.1	1348	1200	4044.0
2020-07-20T04:32:00	1007.9	19.3	56.2	13.0	1010.0	1301	1200	3903.0
2020-07-20T04:52:00	1007.7	19.4	56.2	13.3	1010.0	1289	1200	3867.0
2020-07-20T05:12:00	1007.7	19.7	56.3	13.4	1009.9	1270	1200	3810.0
2020-07-20T05:32:00	1007.8	20.1	56.5	13.5	1010.0	1323	1200	3969.0
2020-07-20T05:52:00	1008.0	20.8	56.9	14.0	1010.1	1294	1200	3882.0
2020-07-20T06:12:00	1008.4	21.8	56.3	14.0	1010.4	1318	1200	3954.0
2020-07-20T06:32:00	1008.3	22.4	54.9	14.0	1010.3	1280	1200	3840.0
2020-07-20T06:52:00	1008.4	23.2	54.4	14.0	1010.5	1286	1200	3858.0
2020-07-20T07:12:00	1008.9	23.6	53.3	14.0	1010.9	1256	1200	3768.0
2020-07-20T07:32:00	1009.1	24.0	53.0	14.0	1011.2	1263	1200	3789.0
2020-07-20T07:52:00	1009.4	24.2	52.6	14.0	1011.4	1264	1200	3792.0
2020-07-20T08:12:00	1009.8	24.1	52.6	13.6	1011.9	1286	1200	3858.0
2020-07-20T08:32:00	1009.8	24.2	53.1	13.6	1011.9	1232	1200	3696.0
2020-07-20T08:52:00	1009.7	24.8	53.7	13.5	1011.7	1274	1200	3822.0
2020-07-20T09:12:00	1010.0	25.6	52.9	13.5	1012.0	1287	1200	3861.0
2020-07-20T09:32:00	1010.1	26.2	52.7	13.5	1012.2	1278	1200	3834.0
2020-07-20T09:52:00	1010.3	27.1	51.9	13.5	1012.2	1321	1200	3963.0
2020-07-20T10:12:00	1010.6	27.3	51.2	13.5	1012.5	1237	1200	3711.0
2020-07-20T10:32:00	1010.6	27.5	51.5	13.5	1012.4	1248	1200	3744.0
2020-07-20T10:52:00	1010.8	27.8	51.6	13.4	1012.4	1270	1200	3810.0
2020-07-20T11:12:00	1010.9	27.7	51.3	13.5	1012.6	1221	1200	3663.0
2020-07-20T11:32:00	1011.3	27.0	51.3	13.5	1013.2	1227	1200	3681.0
2020-07-20T11:52:00	1011.4	26.3	52.1	13.5	1013.4	1177	1200	3531.0
2020-07-20T12:12:00	1011.3	25.7	53.1	13.5	1013.3	1250	1200	3750.0
2020-07-20T12:32:00	1011.7	25.8	53.6	13.5	1013.7	1185	1200	3555.0
2020-07-20T12:52:00	1012.0	25.0	53.0	13.6	1014.0	1169	1200	3507.0
2020-07-20T13:12:00	1011.9	24.3	54.4	13.6	1014.0	1241	1200	3723.0
2020-07-20T13:32:00	1012.0	24.2	55.0	13.6	1014.1	1232	1200	3696.0
2020-07-20T13:52:00	1012.1	24.1	54.9	13.6	1014.1	1266	1200	3798.0
2020-07-20T14:12:00	1012.3	24.0	54.9	13.6	1014.4	1236	1200	3708.0
2020-07-20T14:32:00	1012.4	23.8	54.9	13.6	1014.4	1253	1200	3759.0
2020-07-20T14:52:00	1012.6	23.8	55.1	13.6	1014.5	1248	1200	3744.0
2020-07-20T15:12:00	1012.4	23.8	55.0	13.6	1014.4	1298	1200	3894.0
2020-07-20T15:32:00	1012.6	23.9	54.9	13.6	1014.6	1220	1200	3660.0
2020-07-20T15:52:00	1012.5	23.8	54.8	13.6	1014.5	1248	1200	3744.0
2020-07-20T16:12:00	1012.6	23.9	54.6	13.6	1014.6	1194	1200	3582.0
2020-07-20T16:32:00	1012.7	23.8	54.2	13.6	1014.7	1247	1200	3741.0
2020-07-20T16:52:00	1012.7	23.8	54.3	13.6	1014.7	1254	1200	3762.0
2020-07-20T17:12:00	1012.8	23.9	54.4	13.6	1014.9	1292	1200	3876.0
2020-07-20T17:32:00	1012.9	23.9	53.9	13.6	1014.9	1282	1200	3846.0
2020-07-20T17:52:00	1012.9	23.6	53.6	13.6	1014.9	1247	1200	3741.0
2020-07-20T18:12:00	1013.1	23.4	53.9	13.6	1015.1	1283	1200	3849.0
2020-07-20T18:32:00	1013.3	23.2	53.7	13.6	1015.3	1263	1200	3789.0
2020-07-20T18:52:00	1013.3	22.7	53.6	13.2	1015.4	1242	1200	3726.0
2020-07-20T19:12:00	1013.4	22.0	53.6	12.9	1015.6	1250	1200	3750.0
2020-07-20T19:32:00	1013.6	21.2	54.0	12.9	1015.7	1313	1200	3939.0
2020-07-20T19:52:00	1013.7	20.4	54.5	12.9	1015.8	1205	1200	3615.0
2020-07-20T20:12:00	1013.8	19.7	55.0	12.8	1015.8	1219	1200	3657.0
2020-07-20T20:32:00	1013.8	19.1	55.5	12.8	1015.8	1292	1200	3876.0
2020-07-20T20:52:00	1013.9	18.6	55.6	12.8	1016.1	1258	1200	3774.0
2020-07-20T21:12:00	1013.9	18.1	55.7	12.8	1016.0	1246	1200	3738.0
2020-07-20T21:32:00	1014.1	17.6	55.9	12.8	1016.1	1260	1200	3780.0
2020-07-20T21:52:00	1014.0	17.2	56.1	12.8	1016.1	1248	1200	3744.0
2020-07-20T22:12:00	1014.2	16.8	56.1	12.8	1016.2	1284	1200	3852.0
2020-07-20T22:32:00	1014.3	16.4	56.2	12.8	1016.4	1236	1200	3708.0
2020-07-20T22:52:00	1014.4	16.2	56.4	12.8	1016.7	1244	1200	3732.0
2020-07-20T23:12:00	1014.5	16.0	56.3	12.7	1016.9	1243	1200	3729.0
2020-07-20T23:32:00	1014.6	15.8	56.2	12.7	1017.0	1211	1200	3633.0
2020-07-20T23:52:00	1014.7	15.6	55.9	12.7	1017.1	1185	1200	3555.0
2020-07-21T00:12:00	1014.8	15.3	55.8	12.7	1017.1	1214	1200	3642.0
2020-07-21T00:32:00	1014.9	15.0	55.8	12.7	1017.1	1190	1200	3570.0
2020-07-21T00:52:00	1014.9	14.7	55.9	12.7	1017.2	1220	1200	3660.0
2020-07-21T01:12:00	1015.0	14.6	55.9	12.7	1017.3	1282	1200	3846.0
2020-07-21T01:32:00	1015.1	14.3	55.8	12.7	1017.3	1273	1200	3819.0
2020-07-21T01:52:00	1015.0	14.1	55.8	12.7	1017.2	1263	1200	3789.0
2020-07-21T02:12:00	1015.1	13.8	55.7	12.7	1017.3	1273	1200	3819.0
2020-07-21T02:32:00	1015.1	13.5	55.6	12.6	1017.5	1187	1200	3561.0
2020-07-21T02:52:00	1015.2	13.2	55.7	12.6	1017.5	1245	1200	3735.0
2020-07-21T03:12:00	1015.2	13.0	55.9	12.6	1017.4	1313	1200	3939.0
2020-07-21T03:32:00	1015.3	12.8	55.8	12.7	1017.4	1253	1200	3759.0
2020-07-21T03:52:00	1015.4	12.7	56.0	12.8	1017.6	1222	1200	3666.0
2020-07-21T04:12:00	1015.4	12.8	56.2	12.9	1017.6	1201	1200	3603.0
2020-07-21T04:32:00	1015.6	13.1	56.3	13.0	1017.8	1249	1200	3747.0
2020-07-21T04:52:00	1015.7	13.4	55.8	13.3	1018.0	1222	1200	3666.0
2020-07-21T05:12:00	1015.8	13.7	55.5	13.3	1018.2	1287	1200	3861.0
2020-07-21T05:32:00	1015.9	13.9	55.6	13.4	1018.3	1190	1200	3570.0
2020-07-21T05:52:00	1016.1	14.6	56.7	13.5	1018.2	1166	1200	3498.0
2020-07-21T06:12:00	1016.2	15.6	56.2	13.6	1018.5	1240	1200	3720.0
2020-07-21T06:32:00	1016.4	16.5	55.4	13.7	1018.7	1215	1200	3645.0
2020-07-21T06:52:00	1016.5	17.4	54.3	14.2	1018.5	1254	1200	3762.0
2020-07-21T07:12:00	1016.5	18.4	53.4	14.1	1018.6	1268	1200	3804.0
2020-07-21T07:32:00	1016.4	19.1	52.5	14.1	1018.5	1219	1200	3657.0
2020-07-21T07:52:00	1016.5	19.8	51.9	14.1	1018.7	1234	1200	3702.0
2020-07-21T08:12:00	1016.6	20.4	51.3	14.1	1018.5	1212	1200	3636.0
2020-07-21T08:32:00	1016.6	20.8	50.8	14.1	1018.5	1216	1200	3648.0
2020-07-21T08:52:00	1016.6	21.2	50.9	14.1	1018.6	1225	1200	3675.0
2020-07-21T09:12:00	1016.5	21.6	51.0	13.6	1018.5	1194	1200	3582.0
2020-07-21T09:32:00	1016.7	22.3	50.9	13.6	1018.8	1252	1200	3756.0
2020-07-21T09:52:00	1016.6	22.8	50.7	13.6	1018.6	1200	1200	3600.0
2020-07-21T10:12:00	1016.6	23.6	50.4	13.6	1018.7	1219	1200	3657.0
2020-07-21T10:32:00	1016.7	24.3	50.0	13.5	1018.8	1250	1200	3750.0
2020-07-21T10:52:00	1016.8	24.6	49.7	13.5	1018.7	1253	1200	3759.0
2020-07-21T11:12:00	1016.6	24.6	50.2	13.5	1018.6	1142	1200	3426.0
2020-07-21T11:32:00	1016.6	25.0	50.4	13.5	1018.5	1315	1200	3945.0
2020-07-21T11:52:00	1016.6	25.2	50.4	13.5	1018.4	1274	1200	3822.0
2020-07-21T12:12:00	1016.5	25.2	50.7	13.5	1018.3	1251	1200	3753.0
2020-07-21T12:32:00	1016.5	25.7	50.8	13.5	1018.4	1226	1200	3678.0
2020-07-21T12:52:00	1016.4	25.9	50.9	13.5	1018.3	1249	1200	3747.0
2020-07-21T13:12:00	1016.3	26.3	50.9	13.5	1018.3	1324	1200	3972.0
2020-07-21T13:32:00	1016.3	26.3	50.8	13.5	1018.3	1255	1200	3765.0
2020-07-21T13:52:00	1016.2	26.0	50.6	13.5	1018.2	1230	1200	3690.0
2020-07-21T14:12:00	1016.0	26.0	51.6	13.5	1018.0	1259	1200	3777.0
2020-07-21T14:32:00	1016.0	26.1	51.3	13.5	1018.0	1272	1200	3816.0
2020-07-21T14:52:00	1015.9	26.0	51.6	13.5	1017.9	1229	1200	3687.0
2020-07-21T15:12:00	1015.8	25.7	52.0	13.5	1017.8	1262	1200	3786.0
2020-07-21T15:32:00	1015.7	25.5	51.7	13.5	1017.6	1312	1200	3936.0
2020-07-21T15:52:00	1015.6	25.4	52.4	13.5	1017.5	1332	1200	3996.0
2020-07-21T16:12:00	1015.5	25.3	52.1	13.5	1017.5	1284	1200	3852.0
2020-07-21T16:32:00	1015.2	24.9	52.2	13.5	1017.2	1282	1200	3846.0
2020-07-21T16:52:00	1015.2	24.9	52.6	13.5	1017.1	1257	1200	3771.0
2020-07-21T17:12:00	1015.2	24.5	52.3	13.6	1017.1	1275	1200	3825.0
2020-07-21T17:32:00	1015.3	24.2	52.9	13.6	1017.2	1289	1200	3867.0
2020-07-21T17:52:00	1015.4	24.1	53.0	13.6	1017.3	1190	1200	3570.0
2020-07-21T18:12:00	1015.5	23.8	52.8	13.6	1017.5	1296	1200	3888.0
2020-07-21T18:32:00	1015.5	23.5	52.8	13.6	1017.6	1272	1200	3816.0
2020-07-21T18:52:00	1015.7	22.9	53.0	13.0	1017.8	1267	1200	3801.0
2020-07-21T19:12:00	1015.9	22.2	53.2	12.9	1017.8	1235	1200	3705.0
2020-07-21T19:32:00	1016.1	21.5	53.6	12.9	1018.1	1356	1200	4068.0
2020-07-21T19:52:00	1016.3	20.7	54.0	12.9	1018.3	1258	1200	3774.0
2020-07-21T20:12:00	1016.4	19.9	54.3	12.8	1018.6	1309	1200	3927.0
2020-07-21T20:32:00	1016.5	19.2	54.6	12.8	1018.6	1319	1200	3957.0
2020-07-21T20:52:00	1016.6	18.4	54.9	12.8	1018.7	1323	1200	3969.0
2020-07-21T21:12:00	1016.6	17.7	55.2	12.8	1018.7	1272	1200	3816.0
2020-07-21T21:32:00	1016.8	17.1	55.5	12.8	1019.1	1227	1200	3681.0
2020-07-21T21:52:00	1016.8	16.5	55.7	12.8	1019.2	1236	1200	3708.0
2020-07-21T22:12:00	1017.0	16.1	55.9	12.8	1019.3	1281	1200	3843.0
2020-07-21T22:32:00	1016.9	15.7	56.0	12.7	1019.3	1298	1200	3894.0
2020-07-21T22:52:00	1017.0	15.4	56.1	12.7	1019.3	1197	1200	3591.0
2020-07-21T23:12:00	1017.2	15.2	56.0	12.7	1019.4	1187	1200	3561.0
2020-07-21T23:32:00	1017.3	14.8	55.7	12.7	1019.5	1321	1200	3963.0
2020-07-21T23:52:00	1017.3	14.5	55.7	12.7	1019.6	1302	1200	3906.0
2020-07-22T00:12:00	1017.2	14.2	55.6	12.7	1019.6	1265	1200	3795.0
2020-07-22T00:32:00	1017.2	14.0	55.6	12.7	1019.5	1274	1200	3822.0
2020-07-22T00:52:00	1017.2	13.8	55.6	12.7	1019.5	1255	1200	3765.0
2020-07-22T01:12:00	1017.2	13.6	55.5	12.7	1019.4	1268	1200	3804.0
2020-07-22T01:32:00	1017.2	13.4	55.4	12.6	1019.4	1211	1200	3633.0
2020-07-22T01:52:00	1017.2	13.1	55.4	12.6	1019.5	1298	1200	3894.0
2020-07-22T02:12:00	1017.2	12.9	55.4	12.6	1019.3	1237	1200	3711.0
2020-07-22T02:32:00	1017.1	12.7	55.3	12.6	1019.2	1230	1200	3690.0
2020-07-22T02:52:00	1017.2	12.4	55.3	12.6	1019.3	1289	1200	3867.0
2020-07-22T03:12:00	1017.3	12.2	55.2	12.6	1019.5	1251	1200	3753.0
2020-07-22T03:32:00	1017.3	11.9	55.3	12.7	1019.5	1191	1200	3573.0
2020-07-22T03:52:00	1017.4	11.7	55.4	12.7	1019.6	1207	1200	3621.0
2020-07-22T04:12:00	1017.4	11.6	55.4	12.8	1019.6	1279	1200	3837.0
2020-07-22T04:32:00	1017.6	11.7	55.5	12.9	1019.7	1231	1200	3693.0
2020-07-22T04:52:00	1017.6	11.8	55.7	13.0	1019.8	1218	1200	3654.0
2020-07-22T05:12:00	1017.6	12.1	55.7	13.2	1019.8	1288	1200	3864.0
2020-07-22T05:32:00	1017.6	12.5	55.7	13.4	1019.7	1292	1200	3876.0
2020-07-22T05:52:00	1017.7	13.5	56.8	13.5	1019.9	1189	1200	3567.0
2020-07-22T06:12:00	1017.7	14.7	56.4	13.6	1020.1	1280	1200	3840.0
2020-07-22T06:32:00	1017.7	15.9	55.0	13.6	1020.1	1264	1200	3792.0
2020-07-22T06:52:00	1017.7	17.0	53.7	13.7	1020.0	1289	1200	3867.0
2020-07-22T07:12:00	1017.8	17.9	52.7	14.2	1019.8	1221	1200	3663.0
2020-07-22T07:32:00	1017.8	18.8	51.8	14.1	1019.8	1210	1200	3630.0
2020-07-22T07:52:00	1017.8	19.5	51.1	14.1	1019.8	1194	1200	3582.0
2020-07-22T08:12:00	1017.7	20.1	50.6	14.1	1019.9	1235	1200	3705.0
2020-07-22T08:32:00	1017.8	20.7	50.6	14.1	1019.8	1244	1200	3732.0
2020-07-22T08:52:00	1017.7	21.2	50.0	14.1	1019.6	1236	1200	3708.0
2020-07-22T09:12:00	1017.6	21.3	50.3	13.7	1019.6	1206	1200	3618.0
2020-07-22T09:32:00	1017.6	21.8	50.5	13.6	1019.5	1254	1200	3762.0
2020-07-22T09:52:00	1017.4	22.1	50.4	13.6	1019.4	1238	1200	3714.0
2020-07-22T10:12:00	1017.3	22.2	50.4	13.6	1019.4	1199	1200	3597.0
2020-07-22T10:32:00	1017.2	22.8	50.6	13.6	1019.1	1292	1200	3876.0
2020-07-22T10:52:00	1017.2	22.8	50.4	13.6	1019.1	1185	1200	3555.0
2020-07-22T11:12:00	1017.0	23.0	50.7	13.6	1019.0	1204	1200	3612.0
2020-07-22T11:32:00	1016.8	23.5	51.1	13.6	1018.9	1120	1200	3360.0
2020-07-22T11:52:00	1016.7	23.9	50.7	13.6	1018.7	1240	1200	3720.0
2020-07-22T12:12:00	1016.6	23.9	50.7	13.6	1018.7	1221	1200	3663.0
2020-07-22T12:32:00	1016.5	24.0	51.0	13.6	1018.6	1188	1200	3564.0
2020-07-22T12:52:00	1016.4	24.4	51.2	13.5	1018.4	1317	1200	3951.0
2020-07-22T13:12:00	1016.3	24.7	51.0	13.5	1018.1	1218	1200	3654.0
2020-07-22T13:32:00	1016.0	24.7	51.1	13.5	1017.9	1131	1200	3393.0
2020-07-22T13:52:00	1015.9	24.9	51.2	13.5	1017.8	1196	1200	3588.0
2020-07-22T14:12:00	1015.8	24.8	51.2	13.5	1017.6	1247	1200	3741.0
2020-07-22T14:32:00	1015.6	24.6	51.5	13.6	1017.5	1245	1200	3735.0
2020-07-22T14:52:00	1015.4	24.7	51.8	13.5	1017.2	1245	1200	3735.0
2020-07-22T15:12:00	1015.1	24.8	51.8	13.5	1017.0	1240	1200	3720.0
2020-07-22T15:32:00	1014.9	24.7	51.9	13.5	1016.9	1277	1200	3831.0
2020-07-22T15:52:00	1014.7	24.7	51.9	13.5	1016.6	1226	1200	3678.0
2020-07-22T16:12:00	1014.5	24.4	51.6	13.6	1016.4	1243	1200	3729.0
2020-07-22T16:32:00	1014.4	24.1	52.1	13.6	1016.3	1231	1200	3693.0
2020-07-22T16:52:00	1014.1	24.0	52.3	13.6	1016.0	1227	1200	3681.0
2020-07-22T17:12:00	1014.0	23.7	52.3	13.6	1015.9	1265	1200	3795.0
2020-07-22T17:32:00	1013.8	23.5	52.6	13.6	1015.7	1282	1200	3846.0
2020-07-22T17:52:00	1013.8	23.5	52.7	13.6	1015.7	1274	1200	3822.0
2020-07-22T18:12:00	1013.7	23.2	52.6	13.6	1015.8	1290	1200	3870.0
2020-07-22T18:32:00	1013.8	22.8	52.6	13.2	1015.9	1245	1200	3735.0
2020-07-22T18:52:00	1013.8	22.2	52.8	12.9	1015.9	1250	1200	3750.0
2020-07-22T19:12:00	1013.8	21.6	53.1	12.9	1015.8	1197	1200	3591.0
2020-07-22T19:32:00	1013.9	21.0	53.6	12.9	1016.1	1231	1200	3693.0
2020-07-22T19:52:00	1013.9	20.5	53.8	12.9	1016.0	1219	1200	3657.0
2020-07-22T20:12:00	1013.8	20.0	54.1	12.8	1015.8	1277	1200	3831.0
2020-07-22T20:32:00	1013.7	19.5	54.4	12.8	1015.8	1212	1200	3636.0
2020-07-22T20:52:00	1013.8	19.2	54.6	12.8	1015.7	1220	1200	3660.0
2020-07-22T21:12:00	1013.8	18.9	54.7	12.8	1015.9	1222	1200	3666.0
2020-07-22T21:32:00	1013.9	18.7	54.8	12.8	1016.1	1207	1200	3621.0
2020-07-22T21:52:00	1013.9	18.5	54.8	12.8	1016.0	1258	1200	3774.0
2020-07-22T22:12:00	1013.9	18.3	54.9	12.8	1016.0	1259	1200	3777.0
2020-07-22T22:32:00	1013.8	18.2	54.9	12.8	1016.0	1253	1200	3759.0
2020-07-22T22:52:00	1013.9	18.1	54.8	12.7	1016.0	1288	1200	3864.0
2020-07-22T23:12:00	1014.0	18.0	54.7	12.7	1016.0	1197	1200	3591.0
2020-07-22T23:32:00	1014.0	17.9	54.6	12.7	1016.0	1264	1200	3792.0
2020-07-22T23:52:00	1014.2	17.7	54.5	12.7	1016.3	1279	1200	3837.0
2020-07-23T00:12:00	1014.1	17.4	54.4	12.7	1016.2	1297	1200	3891.0
2020-07-23T00:32:00	1014.1	17.1	54.5	12.7	1016.2	1261	1200	3783.0
2020-07-23T00:52:00	1013.8	16.8	54.7	12.7	1015.8	1162	1200	3486.0
2020-07-23T01:12:00	1013.6	16.6	54.8	12.7	1015.7	1210	1200	3630.0
2020-07-23T01:32:00	1013.6	16.4	54.9	12.7	1015.6	1235	1200	3705.0
2020-07-23T01:52:00	1013.5	16.3	55.0	12.7	1015.5	1206	1200	3618.0
2020-07-23T02:12:00	1013.5	16.1	55.0	12.7	1015.5	1212	1200	3636.0
2020-07-23T02:32:00	1013.5	16.0	55.1	12.7	1015.6	1255	1200	3765.0
2020-07-23T02:52:00	1013.4	15.9	55.1	12.6	1015.4	1233	1200	3699.0
2020-07-23T03:12:00	1013.4	15.8	55.1	12.6	1015.5	1343	1200	4029.0
2020-07-23T03:32:00	1013.1	15.7	55.2	12.6	1015.3	1189	1200	3567.0
2020-07-23T03:52:00	1013.0	15.6	55.2	12.7	1015.2	1175	1200	3525.0
2020-07-23T04:12:00	1013.1	15.6	55.3	12.7	1015.4	1290	1200	3870.0
2020-07-23T04:32:00	1013.1	15.7	55.4	12.8	1015.3	1192	1200	3576.0
2020-07-23T04:52:00	1013.0	15.7	55.4	12.8	1015.1	1195	1200	3585.0
2020-07-23T05:12:00	1013.0	15.8	55.3	12.9	1014.9	1260	1200	3780.0
2020-07-23T05:32:00	1013.0	16.0	55.3	13.2	1015.0	1266	1200	3798.0
2020-07-23T05:52:00	1013.0	16.1	55.2	13.5	1015.0	1241	1200	3723.0
2020-07-23T06:12:00	1013.0	16.4	54.8	13.7	1015.0	1213	1200	3639.0
2020-07-23T06:32:00	1012.9	16.8	54.6	14.2	1015.0	1205	1200	3615.0
2020-07-23T06:52:00	1012.9	17.2	55.1	14.2	1014.9	1256	1200	3768.0
2020-07-23T07:12:00	1012.8	17.7	54.8	14.2	1014.9	1263	1200	3789.0
2020-07-23T07:32:00	1012.9	18.4	55.3	14.1	1015.1	1189	1200	3567.0
2020-07-23T07:52:00	1013.0	19.1	54.3	14.1	1014.9	1211	1200	3633.0
2020-07-23T08:12:00	1012.8	19.7	54.2	14.1	1014.8	1219	1200	3657.0
2020-07-23T08:32:00	1012.9	20.4	53.5	13.7	1015.0	1203	1200	3609.0
2020-07-23T08:52:00	1012.8	21.3	53.2	13.6	1014.9	1192	1200	3576.0
2020-07-23T09:12:00	1012.8	21.9	52.0	13.6	1014.9	1207	1200	3621.0
2020-07-23T09:32:00	1012.7	22.2	51.9	13.6	1014.7	1256	1200	3768.0
2020-07-23T09:52:00	1012.6	23.0	51.7	13.6	1014.5	1261	1200	3783.0
2020-07-23T10:12:00	1012.5	23.5	50.9	13.6	1014.3	1286	1200	3858.0
2020-07-23T10:32:00	1012.4	24.3	50.8	13.5	1014.4	1249	1200	3747.0
2020-07-23T10:52:00	1012.3	24.2	50.1	13.6	1014.3	1184	1200	3552.0
2020-07-23T11:12:00	1012.1	24.3	51.1	13.5	1014.1	1261	1200	3783.0
2020-07-23T11:32:00	1012.0	25.2	50.9	13.5	1014.0	1270	1200	3810.0
2020-07-23T11:52:00	1011.9	25.8	50.6	13.5	1013.9	1263	1200	3789.0
2020-07-23T12:12:00	1011.9	26.1	50.6	13.5	1013.8	1311	1200	3933.0
2020-07-23T12:32:00	1011.6	26.3	50.5	13.5	1013.6	1231	1200	3693.0
2020-07-23T12:52:00	1011.3	26.3	50.7	13.5	1013.3	1251	1200	3753.0
2020-07-23T13:12:00	1011.3	26.5	51.0	13.5	1013.2	1283	1200	3849.0
2020-07-23T13:32:00	1011.2	26.6	51.2	13.5	1013.1	1291	1200	3873.0
2020-07-23T13:52:00	1011.0	26.8	51.2	13.5	1012.9	1231	1200	3693.0
2020-07-23T14:12:00	1010.8	26.9	51.4	13.5	1012.7	1264	1200	3792.0
2020-07-23T14:32:00	1010.6	27.0	51.5	13.5	1012.5	1277	1200	3831.0
2020-07-23T14:52:00	1010.5	26.9	51.4	13.5	1012.4	1270	1200	3810.0
2020-07-23T15:12:00	1010.3	26.7	51.8	13.5	1012.2	1302	1200	3906.0
2020-07-23T15:32:00	1010.1	26.7	52.1	13.5	1012.0	1270	1200	3810.0
2020-07-23T15:52:00	1010.1	26.7	52.0	13.5	1012.0	1228	1200	3684.0
2020-07-23T16:12:00	1010.0	26.4	51.9	13.5	1011.9	1257	1200	3771.0
2020-07-23T16:32:00	1009.9	26.2	52.1	13.5	1011.8	1244	1200	3732.0
2020-07-23T16:52:00	1009.8	26.1	52.2	13.5	1011.7	1309	1200	3927.0
2020-07-23T17:12:00	1009.7	25.9	52.3	13.5	1011.7	1330	1200	3990.0
2020-07-23T17:32:00	1009.5	25.7	52.4	13.5	1011.6	1347	1200	4041.0
2020-07-23T17:52:00	1009.3	25.6	52.5	13.5	1011.3	1292	1200	3876.0
2020-07-23T18:12:00	1009.0	25.5	52.4	13.5	1011.1	1280	1200	3840.0
2020-07-23T18:32:00	1008.9	25.2	52.3	13.5	1010.9	1273	1200	3819.0
2020-07-23T18:52:00	1008.9	24.8	52.2	13.0	1010.9	1314	1200	3942.0
2020-07-23T19:12:00	1009.0	23.9	52.4	12.9	1011.0	1233	1200	3699.0
2020-07-23T19:32:00	1008.9	22.9	53.0	12.9	1011.0	1258	1200	3774.0
2020-07-23T19:52:00	1008.8	21.9	53.7	12.9	1010.8	1258	1200	3774.0
2020-07-23T20:12:00	1008.7	21.1	54.3	12.9	1010.9	1341	1200	4023.0
2020-07-23T20:32:00	1008.7	20.3	54.8	12.8	1010.9	1304	1200	3912.0
2020-07-23T20:52:00	1008.6	19.6	55.1	12.8	1010.7	1346	1200	4038.0
2020-07-23T21:12:00	1008.5	19.0	55.3	12.8	1010.5	1309	1200	3927.0
2020-07-23T21:32:00	1008.4	18.4	55.6	12.8	1010.6	1351	1200	4053.0
2020-07-23T21:52:00	1008.3	17.9	55.8	12.8	1010.4	1314	1200	3942.0
2020-07-23T22:12:00	1008.2	17.5	55.9	12.8	1010.3	1303	1200	3909.0
2020-07-23T22:32:00	1008.1	17.0	55.8	12.8	1010.1	1326	1200	3978.0
2020-07-23T22:52:00	1008.0	16.7	55.8	12.7	1010.1	1357	1200	4071.0
2020-07-23T23:12:00	1007.9	16.3	55.9	12.7	1010.1	1334	1200	4002.0
2020-07-23T23:32:00	1007.7	16.0	55.8	12.7	1009.9	1337	1200	4011.0
2020-07-23T23:52:00	1007.6	15.6	55.8	12.7	1009.7	1297	1200	3891.0
2020-07-24T00:12:00	1007.5	15.4	55.9	12.7	1009.6	1300	1200	3900.0
2020-07-24T00:32:00	1007.2	15.3	55.9	12.7	1009.2	1255	1200	3765.0
2020-07-24T00:52:00	1007.0	15.1	55.8	12.7	1009.1	1333	1200	3999.0
2020-07-24T01:12:00	1006.8	15.0	55.6	12.7	1008.9	1280	1200	3840.0
2020-07-24T01:32:00	1006.6	14.9	55.5	12.7	1008.7	1273	1200	3819.0
2020-07-24T01:52:00	1006.5	14.8	55.4	12.7	1008.5	1263	1200	3789.0
2020-07-24T02:12:00	1006.4	14.7	55.3	12.7	1008.4	1346	1200	4038.0
2020-07-24T02:32:00	1006.3	14.5	55.3	12.6	1008.2	1292	1200	3876.0
2020-07-24T02:52:00	1006.2	14.5	55.2	12.6	1008.1	1323	1200	3969.0
2020-07-24T03:12:00	1006.1	14.4	55.1	12.6	1008.0	1261	1200	3783.0
2020-07-24T03:32:00	1006.0	14.4	55.0	12.7	1008.0	1348	1200	4044.0
2020-07-24T03:52:00	1006.0	14.3	54.9	12.7	1008.0	1303	1200	3909.0
2020-07-24T04:12:00	1005.9	14.3	54.9	12.8	1007.8	1347	1200	4041.0
2020-07-24T04:32:00	1005.8	14.3	54.9	12.9	1007.8	1301	1200	3903.0
2020-07-24T04:52:00	1005.7	14.5	55.0	13.2	1007.6	1334	1200	4002.0
2020-07-24T05:12:00	1005.5	14.8	55.1	13.4	1007.6	1364	1200	4092.0
2020-07-24T05:32:00	1005.4	15.7	56.0	13.8	1007.4	1314	1200	3942.0
2020-07-24T05:52:00	1005.5	16.9	55.3	13.7	1007.5	1279	1200	3837.0
2020-07-24T06:12:00	1005.3	17.9	54.0	14.1	1007.3	1338	1200	4014.0
2020-07-24T06:32:00	1005.2	18.7	53.1	14.1	1007.4	1309	1200	3927.0
2020-07-24T06:52:00	1005.2	20.0	52.7	14.1	1007.2	1280	1200	3840.0
2020-07-24T07:12:00	1005.2	20.9	51.4	14.1	1007.1	1277	1200	3831.0
2020-07-24T07:32:00	1005.0	21.8	50.8	14.0	1007.1	1357	1200	4071.0
2020-07-24T07:52:00	1004.9	22.5	50.6	14.0	1006.9	1316	1200	3948.0
2020-07-24T08:12:00	1004.8	23.6	50.5	13.6	1006.9	1328	1200	3984.0
2020-07-24T08:32:00	1004.8	24.6	49.6	13.5	1006.7	1392	1200	4176.0
2020-07-24T08:52:00	1004.7	25.4	49.4	13.5	1006.4	1335	1200	4005.0
2020-07-24T09:12:00	1004.5	26.5	49.3	13.5	1006.3	1382	1200	4146.0
2020-07-24T09:32:00	1004.4	27.2	48.4	13.5	1006.2	1316	1200	3948.0
2020-07-24T09:52:00	1004.3	27.6	48.6	13.4	1006.1	1357	1200	4071.0
2020-07-24T10:12:00	1004.4	27.7	48.8	13.4	1006.1	1336	1200	4008.0
2020-07-24T10:32:00	1004.2	27.9	49.3	13.4	1006.0	1382	1200	4146.0
2020-07-24T10:52:00	1004.2	28.6	49.5	13.4	1006.0	1313	1200	3939.0
2020-07-24T11:12:00	1004.1	29.1	49.4	13.4	1005.8	1345	1200	4035.0
2020-07-24T11:32:00	1004.0	29.4	49.5	13.4	1005.7	1224	1200	3672.0
2020-07-24T11:52:00	1003.9	29.4	49.4	13.4	1005.6	1355	1200	4065.0
2020-07-24T12:12:00	1003.8	29.0	50.1	13.4	1005.5	1334	1200	4002.0
2020-07-24T12:32:00	1003.7	29.3	50.7	13.4	1005.3	1377	1200	4131.0
2020-07-24T12:52:00	1003.7	29.5	50.7	13.4	1005.5	1351	1200	4053.0
2020-07-24T13:12:00	1003.6	29.5	50.9	13.4	1005.5	1349	1200	4047.0
2020-07-24T13:32:00	1003.4	29.5	51.1	13.4	1005.2	1307	1200	3921.0
2020-07-24T13:52:00	1003.3	29.7	51.3	13.4	1005.1	1334	1200	4002.0
2020-07-24T14:12:00	1003.4	29.9	51.3	13.4	1005.2	1372	1200	4116.0
2020-07-24T14:32:00	1003.3	30.1	51.2	13.4	1005.2	1329	1200	3987.0
2020-07-24T14:52:00	1003.5	30.0	51.0	13.4	1005.4	1343	1200	4029.0
2020-07-24T15:12:00	1003.6	29.8	51.1	13.4	1005.4	1250	1200	3750.0
2020-07-24T15:32:00	1003.8	29.4	51.3	13.4	1005.5	1348	1200	4044.0
2020-07-24T15:52:00	1003.9	29.0	51.7	13.4	1005.6	1339	1200	4017.0
2020-07-24T16:12:00	1004.0	28.5	52.3	13.4	1005.9	1375	1200	4125.0
2020-07-24T16:32:00	1004.1	28.1	52.6	13.5	1006.0	1412	1200	4236.0
2020-07-24T16:52:00	1004.1	27.7	53.2	13.5	1006.0	1309	1200	3927.0
2020-07-24T17:12:00	1004.2	27.4	53.4	13.5	1006.1	1381	1200	4143.0
2020-07-24T17:32:00	1004.3	27.2	53.5	13.5	1006.2	1388	1200	4164.0
2020-07-24T17:52:00	1004.4	27.0	53.7	13.5	1006.2	1281	1200	3843.0
2020-07-24T18:12:00	1004.6	26.9	53.4	13.5	1006.4	1323	1200	3969.0
2020-07-24T18:32:00	1004.7	26.5	53.3	13.5	1006.5	1340	1200	4020.0
2020-07-24T18:52:00	1004.8	26.0	53.4	12.9	1006.7	1326	1200	3978.0
2020-07-24T19:12:00	1005.0	25.3	53.5	12.9	1006.8	1364	1200	4092.0
2020-07-24T19:32:00	1005.3	24.5	53.9	12.9	1007.3	1313	1200	3939.0
2020-07-24T19:52:00	1005.4	23.8	54.4	12.9	1007.5	1339	1200	4017.0
2020-07-24T20:12:00	1005.6	23.2	54.7	12.8	1007.6	1308	1200	3924.0
2020-07-24T20:32:00	1005.7	22.6	54.9	12.8	1007.8	1335	1200	4005.0
2020-07-24T20:52:00	1005.8	21.9	55.1	12.8	1008.0	1329	1200	3987.0
2020-07-24T21:12:00	1005.7	21.5	55.5	12.8	1007.9	1307	1200	3921.0
2020-07-24T21:32:00	1005.8	21.0	55.6	12.8	1007.9	1300	1200	3900.0
2020-07-24T21:52:00	1006.0	20.5	55.7	12.8	1008.0	1274	1200	3822.0
2020-07-24T22:12:00	1006.0	20.2	55.7	12.8	1008.0	1343	1200	4029.0
2020-07-24T22:32:00	1006.1	19.8	55.7	12.7	1008.2	1391	1200	4173.0
2020-07-24T22:52:00	1006.1	19.3	55.7	12.7	1008.2	1301	1200	3903.0
2020-07-24T23:12:00	1006.0	19.0	55.8	12.7	1008.2	1277	1200	3831.0
2020-07-24T23:32:00	1006.0	18.6	55.9	12.7	1008.1	1343	1200	4029.0
2020-07-24T23:52:00	1006.0	18.2	55.9	12.7	1008.1	1294	1200	3882.0
2020-07-25T00:12:00	1006.1	17.9	55.9	12.7	1008.2	1349	1200	4047.0
2020-07-25T00:32:00	1006.1	17.6	56.0	12.7	1008.3	1376	1200	4128.0
2020-07-25T00:52:00	1006.2	17.4	56.0	12.7	1008.4	1277	1200	3831.0
2020-07-25T01:12:00	1006.2	17.2	55.9	12.7	1008.4	1283	1200	3849.0
2020-07-25T01:32:00	1006.5	17.0	55.8	12.7	1008.6	1242	1200	3726.0
2020-07-25T01:52:00	1006.7	16.8	55.8	12.7	1008.8	1381	1200	4143.0
2020-07-25T02:12:00	1006.8	16.6	55.8	12.7	1008.8	1316	1200	3948.0
2020-07-25T02:32:00	1006.7	16.5	55.8	12.6	1008.7	1281	1200	3843.0
2020-07-25T02:52:00	1006.7	16.5	55.9	12.6	1008.6	1300	1200	3900.0
2020-07-25T03:12:00	1006.8	16.6	55.8	12.6	1008.8	1298	1200	3894.0
2020-07-25T03:32:00	1006.9	16.7	55.6	12.6	1008.9	1346	1200	4038.0
2020-07-25T03:52:00	1006.9	16.7	55.5	12.7	1008.9	1293	1200	3879.0
2020-07-25T04:12:00	1007.0	16.8	55.4	12.7	1009.0	1286	1200	3858.0
2020-07-25T04:32:00	1007.2	16.9	55.3	12.8	1009.2	1267	1200	3801.0
2020-07-25T04:52:00	1007.3	17.1	55.3	12.9	1009.4	1314	1200	3942.0
2020-07-25T05:12:00	1007.4	17.3	55.1	13.1	1009.5	1293	1200	3879.0
2020-07-25T05:32:00	1007.4	17.5	54.6	13.5	1009.4	1372	1200	4116.0
2020-07-25T05:52:00	1007.6	17.9	55.1	13.6	1009.7	1254	1200	3762.0
2020-07-25T06:12:00	1007.7	18.5	54.9	13.7	1009.8	1334	1200	4002.0
2020-07-25T06:32:00	1007.8	18.9	54.7	14.1	1009.8	1328	1200	3984.0
2020-07-25T06:52:00	1007.9	19.4	54.3	14.1	1010.0	1221	1200	3663.0
2020-07-25T07:12:00	1008.0	20.0	53.9	14.1	1010.2	1250	1200	3750.0
2020-07-25T07:32:00	1008.0	20.4	53.5	14.1	1010.1	1281	1200	3843.0
2020-07-25T07:52:00	1008.0	20.9	53.5	14.1	1010.0	1312	1200	3936.0
2020-07-25T08:12:00	1008.0	21.5	53.1	14.0	1010.0	1345	1200	4035.0
2020-07-25T08:32:00	1008.1	22.1	52.6	14.0	1010.0	1352	1200	4056.0
2020-07-25T08:52:00	1008.0	22.3	52.2	13.6	1010.1	1312	1200	3936.0
2020-07-25T09:12:00	1008.0	22.8	52.2	13.6	1010.1	1305	1200	3915.0
2020-07-25T09:32:00	1008.2	23.2	52.2	13.6	1010.1	1254	1200	3762.0
2020-07-25T09:52:00	1008.1	23.9	52.2	13.6	1010.1	1301	1200	3903.0
2020-07-25T10:12:00	1008.1	24.3	51.5	13.5	1010.0	1275	1200	3825.0
2020-07-25T10:32:00	1008.0	25.2	51.8	13.5	1010.0	1306	1200	3918.0
2020-07-25T10:52:00	1008.1	25.5	50.9	13.5	1010.0	1297	1200	3891.0
2020-07-25T11:12:00	1007.9	25.2	50.8	13.5	1009.9	1241	1200	3723.0
2020-07-25T11:32:00	1007.8	25.3	51.7	13.5	1009.8	1328	1200	3984.0
2020-07-25T11:52:00	1007.7	26.0	51.9	13.5	1009.6	1301	1200	3903.0
2020-07-25T12:12:00	1007.6	26.5	51.5	13.5	1009.2	1307	1200	3921.0
2020-07-25T12:32:00	1007.6	27.1	51.3	13.5	1009.4	1356	1200	4068.0
2020-07-25T12:52:00	1007.6	27.2	51.1	13.5	1009.4	1294	1200	3882.0
2020-07-25T13:12:00	1007.5	27.4	51.5	13.5	1009.2	1292	1200	3876.0
2020-07-25T13:32:00	1007.4	28.0	51.5	13.4	1009.2	1356	1200	4068.0
2020-07-25T13:52:00	1007.2	28.5	51.3	13.4	1009.0	1298	1200	3894.0
2020-07-25T14:12:00	1007.1	28.8	51.2	13.4	1008.9	1368	1200	4104.0
2020-07-25T14:32:00	1007.0	29.0	51.1	13.4	1008.8	1281	1200	3843.0
2020-07-25T14:52:00	1006.9	29.1	51.4	13.4	1008.6	1267	1200	3801.0
2020-07-25T15:12:00	1006.7	29.0	51.3	13.4	1008.4	1313	1200	3939.0
2020-07-25T15:32:00	1006.6	28.8	51.6	13.4	1008.4	1287	1200	3861.0
2020-07-25T15:52:00	1006.5	28.7	52.1	13.4	1008.2	1321	1200	3963.0
2020-07-25T16:12:00	1006.3	28.9	52.3	13.4	1008.0	1342	1200	4026.0
2020-07-25T16:32:00	1006.1	28.9	52.0	13.4	1007.9	1236	1200	3708.0
2020-07-25T16:52:00	1006.1	28.8	52.2	13.4	1007.8	1297	1200	3891.0
2020-07-25T17:12:00	1005.9	28.8	52.2	13.4	1007.8	1340	1200	4020.0
2020-07-25T17:32:00	1005.9	28.8	52.1	13.4	1007.7	1340	1200	4020.0
2020-07-25T17:52:00	1005.9	28.6	52.2	13.4	1007.7	1288	1200	3864.0
2020-07-25T18:12:00	1005.9	28.2	52.2	13.4	1007.7	1320	1200	3960.0
2020-07-25T18:32:00	1005.8	27.8	52.4	13.1	1007.7	1361	1200	4083.0
2020-07-25T18:52:00	1005.9	27.2	52.6	12.9	1007.7	1342	1200	4026.0
2020-07-25T19:12:00	1005.8	26.3	53.1	12.9	1007.7	1321	1200	3963.0
2020-07-25T19:32:00	1005.9	25.4	53.8	12.9	1007.7	1358	1200	4074.0
2020-07-25T19:52:00	1005.9	24.6	54.4	12.8	1007.9	1395	1200	4185.0
2020-07-25T20:12:00	1005.8	23.9	54.9	12.8	1007.9	1327	1200	3981.0
2020-07-25T20:32:00	1005.8	23.2	55.2	12.8	1007.9	1300	1200	3900.0
2020-07-25T20:52:00	1005.7	22.7	55.5	12.8	1007.8	1331	1200	3993.0
2020-07-25T21:12:00	1005.6	22.3	55.6	12.8	1007.7	1276	1200	3828.0
2020-07-25T21:32:00	1005.6	21.8	55.8	12.8	1007.8	1319	1200	3957.0
2020-07-25T21:52:00	1005.5	21.4	55.8	12.8	1007.6	1351	1200	4053.0
2020-07-25T22:12:00	1005.5	21.1	55.9	12.8	1007.5	1342	1200	4026.0
2020-07-25T22:32:00	1005.5	20.8	55.9	12.8	1007.5	1288	1200	3864.0
2020-07-25T22:52:00	1005.3	20.5	55.9	12.7	1007.3	1336	1200	4008.0
2020-07-25T23:12:00	1005.2	20.2	55.8	12.7	1007.2	1299	1200	3897.0
2020-07-25T23:32:00	1005.0	19.9	55.8	12.7	1007.0	1344	1200	4032.0
2020-07-25T23:52:00	1004.8	19.8	55.8	12.7	1006.8	1309	1200	3927.0
2020-07-26T00:12:00	1004.7	19.6	55.8	12.7	1006.8	1342	1200	4026.0
2020-07-26T00:32:00	1004.7	19.4	55.5	12.7	1006.8	1365	1200	4095.0
2020-07-26T00:52:00	1004.5	19.0	55.5	12.7	1006.6	1335	1200	4005.0
2020-07-26T01:12:00	1004.2	18.7	55.5	12.7	1006.3	1340	1200	4020.0
2020-07-26T01:32:00	1003.9	18.5	55.7	12.7	1006.0	1362	1200	4086.0
2020-07-26T01:52:00	1003.7	18.4	55.8	12.7	1005.8	1380	1200	4140.0
2020-07-26T02:12:00	1003.3	18.4	55.8	12.7	1005.5	1324	1200	3972.0
2020-07-26T02:32:00	1003.2	18.5	55.8	12.7	1005.3	1371	1200	4113.0
2020-07-26T02:52:00	1003.1	18.5	55.6	12.6	1005.2	1334	1200	4002.0
2020-07-26T03:12:00	1003.0	18.6	55.4	12.7	1005.1	1355	1200	4065.0
2020-07-26T03:32:00	1002.9	18.5	55.2	12.7	1005.0	1384	1200	4152.0
2020-07-26T03:52:00	1002.7	18.4	55.0	12.7	1004.9	1293	1200	3879.0
2020-07-26T04:12:00	1002.6	18.3	55.2	12.8	1004.8	1403	1200	4209.0
2020-07-26T04:32:00	1002.5	18.4	55.4	12.8	1004.6	1447	1200	4341.0
2020-07-26T04:52:00	1002.5	18.5	55.3	12.9	1004.6	1363	1200	4089.0
2020-07-26T05:12:00	1002.4	18.9	55.5	13.1	1004.4	1351	1200	4053.0
2020-07-26T05:32:00	1002.4	19.3	55.3	13.1	1004.4	1350	1200	4050.0
2020-07-26T05:52:00	1002.4	19.6	54.5	12.9	1004.5	1360	1200	4080.0
2020-07-26T06:12:00	1002.8	19.8	54.1	12.9	1004.8	1379	1200	4137.0
2020-07-26T06:32:00	1003.9	19.8	54.0	13.3	1005.9	1377	1200	4131.0
2020-07-26T06:52:00	1004.1	19.8	54.0	13.4	1006.0	1402	1200	4206.0
2020-07-26T07:12:00	1004.3	19.9	54.1	13.9	1006.3	1348	1200	4044.0
2020-07-26T07:32:00	1004.3	20.1	53.9	13.6	1006.3	1309	1200	3927.0
2020-07-26T07:52:00	1004.4	20.2	53.8	13.4	1006.3	1314	1200	3942.0
2020-07-26T08:12:00	1004.2	20.0	53.8	13.9	1006.1	1339	1200	4017.0
2020-07-26T08:32:00	1004.3	19.8	54.0	14.1	1006.2	1263	1200	3789.0
2020-07-26T08:52:00	1004.4	19.9	54.3	14.1	1006.4	1276	1200	3828.0
2020-07-26T09:12:00	1004.6	20.3	54.8	14.1	1006.6	1260	1200	3780.0
2020-07-26T09:32:00	1004.7	20.8	54.6	14.1	1006.7	1287	1200	3861.0
2020-07-26T09:52:00	1004.9	21.3	54.2	13.7	1007.0	1328	1200	3984.0
2020-07-26T10:12:00	1004.9	21.6	53.4	13.7	1007.0	1282	1200	3846.0
2020-07-26T10:32:00	1004.9	21.8	53.9	13.6	1006.9	1320	1200	3960.0
2020-07-26T10:52:00	1004.8	22.3	53.5	13.6	1006.8	1304	1200	3912.0
2020-07-26T11:12:00	1004.8	22.3	53.1	13.6	1006.9	1268	1200	3804.0
2020-07-26T11:32:00	1005.5	22.4	53.3	13.6	1007.5	1279	1200	3837.0
2020-07-26T11:52:00	1005.9	22.0	52.7	13.6	1008.0	1302	1200	3906.0
2020-07-26T12:12:00	1005.6	21.2	53.4	13.7	1007.6	1252	1200	3756.0
2020-07-26T12:32:00	1005.6	20.7	54.6	13.7	1007.5	1226	1200	3678.0
2020-07-26T12:52:00	1006.0	20.7	55.2	13.7	1007.9	1251	1200	3753.0
2020-07-26T13:12:00	1005.7	21.5	56.2	13.7	1007.8	1195	1200	3585.0
2020-07-26T13:32:00	1005.7	22.3	55.9	13.6	1007.7	1208	1200	3624.0
2020-07-26T13:52:00	1005.8	23.3	54.9	13.6	1007.8	1221	1200	3663.0
2020-07-26T14:12:00	1005.8	23.9	54.4	13.6	1007.8	1217	1200	3651.0
2020-07-26T14:32:00	1005.9	24.5	54.0	13.5	1007.8	1259	1200	3777.0
2020-07-26T14:52:00	1006.1	25.1	53.5	13.5	1008.1	1231	1200	3693.0
2020-07-26T15:12:00	1006.3	25.3	52.9	13.5	1008.2	1234	1200	3702.0
2020-07-26T15:32:00	1006.4	25.5	52.8	13.5	1008.2	1250	1200	3750.0
2020-07-26T15:52:00	1006.5	25.5	52.8	13.5	1008.3	1216	1200	3648.0
2020-07-26T16:12:00	1007.1	25.5	52.9	13.5	1009.0	1236	1200	3708.0
2020-07-26T16:32:00	1007.1	25.2	53.0	13.5	1009.1	1205	1200	3615.0
2020-07-26T16:52:00	1007.2	24.8	53.4	13.6	1009.2	1261	1200	3783.0
2020-07-26T17:12:00	1007.4	24.5	53.6	13.6	1009.5	1248	1200	3744.0
2020-07-26T17:32:00	1007.6	24.3	53.6	13.6	1009.6	1268	1200	3804.0
2020-07-26T17:52:00	1007.9	24.1	53.8	13.6	1009.9	1286	1200	3858.0
2020-07-26T18:12:00	1008.2	23.9	53.9	13.6	1010.2	1358	1200	4074.0
2020-07-26T18:32:00	1008.2	23.6	53.8	13.6	1010.2	1280	1200	3840.0
2020-07-26T18:52:00	1008.4	23.1	53.8	13.0	1010.4	1240	1200	3720.0
2020-07-26T19:12:00	1008.6	22.4	54.0	12.9	1010.6	1302	1200	3906.0
2020-07-26T19:32:00	1009.0	21.7	54.5	12.9	1010.9	1337	1200	4011.0
2020-07-26T19:52:00	1009.1	21.2	55.0	12.9	1011.1	1221	1200	3663.0
2020-07-26T20:12:00	1009.4	20.7	55.3	12.8	1011.5	1294	1200	3882.0
2020-07-26T20:32:00	1009.7	20.3	55.6	12.8	1011.9	1298	1200	3894.0
2020-07-26T20:52:00	1009.8	20.0	55.9	12.8	1011.9	1198	1200	3594.0
2020-07-26T21:12:00	1009.9	20.0	56.1	12.8	1011.9	1232	1200	3696.0
2020-07-26T21:32:00	1010.0	19.9	56.0	12.8	1012.1	1253	1200	3759.0
2020-07-26T21:52:00	1010.2	19.9	55.9	12.8	1012.1	1254	1200	3762.0
2020-07-26T22:12:00	1010.4	19.8	55.8	12.8	1012.5	1246	1200	3738.0
2020-07-26T22:32:00	1010.6	19.7	55.6	12.8	1012.7	1229	1200	3687.0
2020-07-26T22:52:00	1010.8	19.4	55.4	12.8	1013.0	1181	1200	3543.0
2020-07-26T23:12:00	1010.9	19.0	55.4	12.7	1013.0	1236	1200	3708.0
2020-07-26T23:32:00	1011.1	18.7	55.6	12.7	1013.1	1234	1200	3702.0
2020-07-26T23:52:00	1011.1	18.5	55.7	12.7	1013.1	1223	1200	3669.0
2020-07-27T00:12:00	1011.2	18.2	55.7	12.7	1013.2	1197	1200	3591.0
2020-07-27T00:32:00	1011.4	18.0	55.7	12.7	1013.5	1232	1200	3696.0
2020-07-27T00:52:00	1011.4	17.7	55.6	12.7	1013.6	1255	1200	3765.0
2020-07-27T01:12:00	1011.4	17.3	55.5	12.7	1013.6	1231	1200	3693.0
2020-07-27T01:32:00	1011.4	16.9	55.6	12.7	1013.4	1226	1200	3678.0
2020-07-27T01:52:00	1011.4	16.6	55.9	12.7	1013.3	1288	1200	3864.0
2020-07-27T02:12:00	1011.5	16.3	56.0	12.7	1013.5	1179	1200	3537.0
2020-07-27T02:32:00	1011.6	16.0	56.1	12.7	1013.6	1186	1200	3558.0
2020-07-27T02:52:00	1011.5	15.8	56.2	12.6	1013.5	1168	1200	3504.0
2020-07-27T03:12:00	1011.9	15.6	56.0	12.7	1013.9	1274	1200	3822.0
2020-07-27T03:32:00	1011.9	15.4	56.1	12.7	1013.9	1201	1200	3603.0
2020-07-27T03:52:00	1012.0	15.4	56.2	12.7	1014.0	1203	1200	3609.0
2020-07-27T04:12:00	1012.0	15.4	56.1	12.8	1014.1	1258	1200	3774.0
2020-07-27T04:32:00	1012.0	15.4	56.1	12.9	1014.0	1241	1200	3723.0
2020-07-27T04:52:00	1012.1	15.6	56.1	13.0	1014.1	1199	1200	3597.0
2020-07-27T05:12:00	1012.3	15.9	56.1	13.1	1014.3	1248	1200	3744.0
2020-07-27T05:32:00	1012.3	16.2	56.7	13.3	1014.4	1262	1200	3786.0
2020-07-27T05:52:00	1012.4	17.1	57.0	13.4	1014.4	1130	1200	3390.0
2020-07-27T06:12:00	1012.6	17.9	56.2	13.7	1014.7	1197	1200	3591.0
2020-07-27T06:32:00	1012.5	18.9	55.8	13.6	1014.5	1224	1200	3672.0
2020-07-27T06:52:00	1012.5	19.9	55.1	13.6	1014.5	1257	1200	3771.0
2020-07-27T07:12:00	1012.6	21.1	54.0	14.1	1014.6	1230	1200	3690.0
2020-07-27T07:32:00	1012.7	22.2	52.9	14.0	1014.8	1217	1200	3651.0
2020-07-27T07:52:00	1012.7	23.3	52.0	14.0	1014.6	1269	1200	3807.0
2020-07-27T08:12:00	1012.8	24.3	51.1	13.9	1014.7	1274	1200	3822.0
2020-07-27T08:32:00	1012.6	25.2	50.6	13.9	1014.5	1232	1200	3696.0
2020-07-27T08:52:00	1012.6	26.0	50.0	13.9	1014.6	1243	1200	3729.0
2020-07-27T09:12:00	1012.6	26.4	49.9	13.5	1014.5	1160	1200	3480.0
2020-07-27T09:32:00	1012.4	27.2	50.1	13.5	1014.3	1244	1200	3732.0
2020-07-27T09:52:00	1012.3	27.4	49.8	13.5	1014.1	1154	1200	3462.0
2020-07-27T10:12:00	1012.1	27.5	50.2	13.5	1014.0	1206	1200	3618.0
2020-07-27T10:32:00	1012.1	28.1	50.9	13.4	1013.9	1233	1200	3699.0
2020-07-27T10:52:00	1011.9	28.5	50.5	13.4	1013.6	1245	1200	3735.0
2020-07-27T11:12:00	1011.5	28.5	50.6	13.4	1013.2	1212	1200	3636.0
2020-07-27T11:32:00	1011.6	28.6	50.8	13.4	1013.2	1192	1200	3576.0
2020-07-27T11:52:00	1011.5	28.5	51.3	13.4	1013.1	1237	1200	3711.0
2020-07-27T12:12:00	1011.2	28.7	51.6	13.4	1012.9	1213	1200	3639.0
2020-07-27T12:32:00	1011.0	29.2	51.8	13.4	1012.7	1179	1200	3537.0
2020-07-27T12:52:00	1010.8	29.3	51.3	13.4	1012.5	1216	1200	3648.0
2020-07-27T13:12:00	1010.5	29.3	51.6	13.4	1012.3	1245	1200	3735.0
2020-07-27T13:32:00	1010.4	29.3	51.8	13.4	1012.1	1350	1200	4050.0
2020-07-27T13:52:00	1010.1	29.4	52.0	13.4	1011.9	1250	1200	3750.0
2020-07-27T14:12:00	1009.9	29.3	51.8	13.4	1011.6	1337	1200	4011.0
2020-07-27T14:32:00	1009.7	29.1	51.9	13.4	1011.5	1273	1200	3819.0
2020-07-27T14:52:00	1009.8	28.6	52.3	13.4	1011.5	1272	1200	3816.0
2020-07-27T15:12:00	1009.5	28.3	52.8	13.4	1011.3	1275	1200	3825.0
2020-07-27T15:32:00	1009.3	27.9	53.2	13.5	1011.1	1315	1200	3945.0
2020-07-27T15:52:00	1009.3	27.7	53.4	13.5	1011.0	1278	1200	3834.0
2020-07-27T16:12:00	1009.5	27.3	53.4	13.5	1011.2	1314	1200	3942.0
2020-07-27T16:32:00	1008.9	26.6	53.8	13.5	1010.8	1270	1200	3810.0
2020-07-27T16:52:00	1009.0	26.1	54.2	13.5	1011.0	1261	1200	3783.0
2020-07-27T17:12:00	1008.8	25.6	54.7	13.5	1010.8	1294	1200	3882.0
2020-07-27T17:32:00	1008.6	25.3	54.8	13.0	1010.7	1261	1200	3783.0
2020-07-27T17:52:00	1008.0	24.8	54.7	13.0	1010.1	1222	1200	3666.0
2020-07-27T18:12:00	1007.8	24.3	55.1	13.6	1009.9	1302	1200	3906.0
2020-07-27T18:32:00	1007.6	23.8	55.3	13.6	1009.8	1284	1200	3852.0
2020-07-27T18:52:00	1007.8	23.4	55.6	12.9	1009.8	1264	1200	3792.0
2020-07-27T19:12:00	1007.6	23.1	55.7	12.9	1009.7	1279	1200	3837.0
2020-07-27T19:32:00	1007.5	22.8	55.8	12.9	1009.6	1273	1200	3819.0
2020-07-27T19:52:00	1007.3	22.5	56.0	12.8	1009.5	1292	1200	3876.0
2020-07-27T20:12:00	1007.2	22.3	56.1	12.8	1009.3	1273	1200	3819.0
2020-07-27T20:32:00	1006.8	22.1	56.1	12.8	1008.9	1282	1200	3846.0
2020-07-27T20:52:00	1006.5	21.9	56.1	12.8	1008.7	1251	1200	3753.0
2020-07-27T21:12:00	1006.3	21.8	56.2	12.8	1008.4	1235	1200	3705.0
2020-07-27T21:32:00	1006.0	21.6	56.1	12.8	1008.1	1302	1200	3906.0
2020-07-27T21:52:00	1005.9	21.5	56.0	12.8	1008.0	1357	1200	4071.0
2020-07-27T22:12:00	1005.7	21.3	55.9	12.8	1007.8	1370	1200	4110.0
2020-07-27T22:32:00	1005.5	21.2	55.8	12.8	1007.6	1285	1200	3855.0
2020-07-27T22:52:00	1005.1	20.9	55.8	12.8	1007.1	1307	1200	3921.0
2020-07-27T23:12:00	1004.9	20.8	55.8	12.7	1006.9	1385	1200	4155.0
2020-07-27T23:32:00	1004.4	20.7	55.8	12.7	1006.5	1339	1200	4017.0
2020-07-27T23:52:00	1004.0	20.6	55.6	12.7	1006.0	1335	1200	4005.0
2020-07-28T00:12:00	1003.7	20.4	55.5	12.7	1005.7	1348	1200	4044.0
2020-07-28T00:32:00	1003.5	20.2	55.8	12.7	1005.5	1277	1200	3831.0
2020-07-28T00:52:00	1003.2	20.4	55.9	12.7	1005.3	1298	1200	3894.0
2020-07-28T01:12:00	1002.9	20.4	55.7	12.7	1005.1	1287	1200	3861.0
2020-07-28T01:32:00	1002.7	20.5	55.6	12.7	1004.8	1380	1200	4140.0
2020-07-28T01:52:00	1002.4	20.5	55.5	12.7	1004.6	1287	1200	3861.0
2020-07-28T02:12:00	1002.1	20.6	55.4	12.7	1004.1	1259	1200	3777.0
2020-07-28T02:32:00	1001.8	20.7	55.3	12.7	1003.9	1309	1200	3927.0
2020-07-28T02:52:00	1001.6	20.6	55.1	12.7	1003.7	1328	1200	3984.0
2020-07-28T03:12:00	1001.5	20.7	55.2	12.7	1003.5	1311	1200	3933.0
2020-07-28T03:32:00	1001.4	20.8	55.2	12.7	1003.4	1350	1200	4050.0
2020-07-28T03:52:00	1001.4	20.9	55.1	12.7	1003.4	1345	1200	4035.0
2020-07-28T04:12:00	1001.4	21.1	54.7	12.7	1003.5	1275	1200	3825.0
2020-07-28T04:32:00	1001.4	21.3	54.5	12.8	1003.5	1297	1200	3891.0
2020-07-28T04:52:00	1001.5	21.6	54.3	12.9	1003.5	1324	1200	3972.0
2020-07-28T05:12:00	1001.7	21.8	54.1	13.1	1003.8	1304	1200	3912.0
2020-07-28T05:32:00	1001.7	22.1	54.1	13.4	1003.8	1367	1200	4101.0
2020-07-28T05:52:00	1001.8	22.4	54.1	13.5	1003.9	1353	1200	4059.0
2020-07-28T06:12:00	1002.0	22.8	54.0	13.5	1004.0	1300	1200	3900.0
2020-07-28T06:32:00	1002.1	23.4	54.1	14.0	1004.1	1292	1200	3876.0
2020-07-28T06:52:00	1002.2	24.0	53.3	14.0	1003.9	1331	1200	3993.0
2020-07-28T07:12:00	1002.4	24.4	52.9	13.9	1004.2	1283	1200	3849.0
2020-07-28T07:32:00	1002.6	24.9	52.8	13.9	1004.4	1285	1200	3855.0
2020-07-28T07:52:00	1002.8	25.2	52.6	13.9	1004.7	1319	1200	3957.0
2020-07-28T08:12:00	1002.9	25.8	52.8	13.9	1004.7	1267	1200	3801.0
2020-07-28T08:32:00	1003.1	26.5	52.2	13.5	1004.9	1314	1200	3942.0
2020-07-28T08:52:00	1003.2	26.8	51.9	13.5	1005.0	1304	1200	3912.0
2020-07-28T09:12:00	1003.3	27.3	51.8	13.5	1005.0	1327	1200	3981.0
2020-07-28T09:32:00	1003.5	28.0	51.7	13.4	1005.3	1311	1200	3933.0
2020-07-28T09:52:00	1003.6	28.6	51.3	13.4	1005.4	1378	1200	4134.0
2020-07-28T10:12:00	1003.7	29.0	51.2	13.4	1005.3	1252	1200	3756.0
2020-07-28T10:32:00	1003.8	29.4	51.3	13.4	1005.6	1368	1200	4104.0
2020-07-28T10:52:00	1004.0	29.4	51.0	13.4	1005.7	1274	1200	3822.0
2020-07-28T11:12:00	1004.0	29.1	51.5	13.4	1005.7	1342	1200	4026.0
2020-07-28T11:32:00	1004.1	29.2	52.0	13.4	1005.8	1268	1200	3804.0
2020-07-28T11:52:00	1004.1	29.4	52.2	13.4	1005.9	1341	1200	4023.0
2020-07-28T12:12:00	1004.2	29.6	52.3	13.4	1006.0	1336	1200	4008.0
2020-07-28T12:32:00	1004.3	29.9	52.3	13.4	1006.1	1314	1200	3942.0
2020-07-28T12:52:00	1004.4	29.8	52.1	13.4	1006.2	1311	1200	3933.0
2020-07-28T13:12:00	1004.5	29.8	52.4	13.4	1006.3	1327	1200	3981.0
2020-07-28T13:32:00	1004.7	29.9	52.7	13.4	1006.5	1335	1200	4005.0
2020-07-28T13:52:00	1004.7	30.0	52.6	13.4	1006.5	1366	1200	4098.0
2020-07-28T14:12:00	1004.7	30.1	52.7	13.4	1006.5	1376	1200	4128.0
2020-07-28T14:32:00	1004.8	30.0	52.7	13.4	1006.5	1382	1200	4146.0
2020-07-28T14:52:00	1004.8	30.0	52.7	13.4	1006.6	1335	1200	4005.0
2020-07-28T15:12:00	1005.1	29.7	52.6	13.4	1006.9	1320	1200	3960.0
2020-07-28T15:32:00	1005.2	29.5	52.8	13.4	1006.9	1368	1200	4104.0
2020-07-28T15:52:00	1005.3	29.1	53.2	13.4	1007.2	1350	1200	4050.0
2020-07-28T16:12:00	1005.4	28.8	53.5	13.4	1007.3	1325	1200	3975.0
2020-07-28T16:32:00	1005.7	28.7	53.7	13.4	1007.5	1357	1200	4071.0
2020-07-28T16:52:00	1005.6	28.3	53.6	13.4	1007.5	1310	1200	3930.0
2020-07-28T17:12:00	1005.5	28.1	53.9	13.4	1007.3	1314	1200	3942.0
2020-07-28T17:32:00	1005.7	27.8	53.9	13.5	1007.6	1340	1200	4020.0
2020-07-28T17:52:00	1006.0	27.4	53.9	13.5	1007.9	1339	1200	4017.0
2020-07-28T18:12:00	1006.1	26.8	54.1	13.3	1008.0	1340	1200	4020.0
2020-07-28T18:32:00	1006.3	26.2	54.5	12.9	1008.0	1381	1200	4143.0
2020-07-28T18:52:00	1006.6	25.6	54.8	12.9	1008.6	1294	1200	3882.0
2020-07-28T19:12:00	1006.9	25.0	55.0	12.9	1008.9	1314	1200	3942.0
2020-07-28T19:32:00	1007.1	24.5	55.2	12.9	1009.1	1279	1200	3837.0
2020-07-28T19:52:00	1007.1	24.0	55.5	12.8	1009.2	1256	1200	3768.0
2020-07-28T20:12:00	1007.1	23.4	55.6	12.8	1009.2	1317	1200	3951.0
2020-07-28T20:32:00	1007.2	23.0	55.8	12.8	1009.3	1301	1200	3903.0
2020-07-28T20:52:00	1007.5	22.5	55.9	12.8	1009.7	1343	1200	4029.0
2020-07-28T21:12:00	1007.8	22.2	56.1	12.8	1009.8	1305	1200	3915.0
2020-07-28T21:32:00	1008.1	21.9	56.1	12.8	1010.1	1305	1200	3915.0
2020-07-28T21:52:00	1008.3	21.6	56.0	12.8	1010.3	1347	1200	4041.0
2020-07-28T22:12:00	1008.6	21.2	55.7	12.8	1010.7	1370	1200	4110.0
2020-07-28T22:32:00	1008.8	20.6	55.6	12.8	1010.9	1307	1200	3921.0
2020-07-28T22:52:00	1009.0	20.0	55.7	12.7	1011.2	1280	1200	3840.0
2020-07-28T23:12:00	1009.2	19.4	56.0	12.7	1011.2	1293	1200	3879.0
2020-07-28T23:32:00	1009.4	19.0	56.2	12.7	1011.5	1269	1200	3807.0
2020-07-28T23:52:00	1009.5	18.6	56.3	12.7	1011.6	1351	1200	4053.0
2020-07-29T00:12:00	1009.5	18.3	56.3	12.7	1011.5	1346	1200	4038.0
2020-07-29T00:32:00	1009.5	17.9	56.3	12.7	1011.5	1299	1200	3897.0
2020-07-29T00:52:00	1009.5	17.4	56.3	12.7	1011.5	1250	1200	3750.0
2020-07-29T01:12:00	1009.5	17.0	56.3	12.7	1011.7	1290	1200	3870.0
2020-07-29T01:32:00	1009.7	16.7	56.4	12.7	1011.8	1363	1200	4089.0
2020-07-29T01:52:00	1009.8	16.4	56.5	12.7	1011.8	1350	1200	4050.0
2020-07-29T02:12:00	1010.0	16.2	56.5	12.7	1012.0	1307	1200	3921.0
2020-07-29T02:32:00	1010.2	16.1	56.5	12.7	1012.2	1265	1200	3795.0
2020-07-29T02:52:00	1010.3	16.1	56.5	12.6	1012.4	1214	1200	3642.0
2020-07-29T03:12:00	1010.4	16.0	56.2	12.6	1012.4	1252	1200	3756.0
2020-07-29T03:32:00	1010.4	15.9	55.9	12.7	1012.5	1297	1200	3891.0
2020-07-29T03:52:00	1010.5	15.8	56.0	12.7	1012.5	1262	1200	3786.0
2020-07-29T04:12:00	1010.6	15.8	56.1	12.8	1012.7	1267	1200	3801.0
2020-07-29T04:32:00	1010.7	15.9	56.1	12.9	1012.8	1282	1200	3846.0
2020-07-29T04:52:00	1010.9	16.0	56.0	13.1	1013.0	1280	1200	3840.0
2020-07-29T05:12:00	1011.0	16.3	55.7	13.4	1013.0	1259	1200	3777.0
2020-07-29T05:32:00	1011.1	16.7	55.7	13.5	1013.1	1318	1200	3954.0
2020-07-29T05:52:00	1011.2	17.0	55.6	13.5	1013.2	1330	1200	3990.0
2020-07-29T06:12:00	1011.3	17.3	55.6	13.6	1013.5	1295	1200	3885.0
2020-07-29T06:32:00	1011.5	17.9	55.6	13.9	1013.5	1331	1200	3993.0
2020-07-29T06:52:00	1011.5	18.7	55.3	14.1	1013.6	1281	1200	3843.0
2020-07-29T07:12:00	1011.6	19.7	54.3	14.1	1013.7	1339	1200	4017.0
2020-07-29T07:32:00	1011.7	20.6	53.0	14.1	1013.7	1243	1200	3729.0
2020-07-29T07:52:00	1011.8	21.2	52.3	14.1	1013.9	1312	1200	3936.0
2020-07-29T08:12:00	1011.9	21.4	51.5	14.1	1014.1	1341	1200	4023.0
2020-07-29T08:32:00	1012.0	21.8	52.1	14.0	1014.1	1367	1200	4101.0
2020-07-29T08:52:00	1012.0	22.4	51.8	13.6	1014.1	1276	1200	3828.0
2020-07-29T09:12:00	1012.1	23.0	51.5	13.6	1014.0	1324	1200	3972.0
2020-07-29T09:32:00	1012.1	23.5	51.1	13.6	1014.0	1216	1200	3648.0
2020-07-29T09:52:00	1012.2	23.5	51.0	13.6	1014.1	1257	1200	3771.0
2020-07-29T10:12:00	1012.4	23.3	51.1	13.6	1014.3	1304	1200	3912.0
2020-07-29T10:32:00	1012.4	23.2	51.6	13.6	1014.4	1275	1200	3825.0
2020-07-29T10:52:00	1012.4	23.5	52.1	13.6	1014.3	1309	1200	3927.0
2020-07-29T11:12:00	1012.6	23.7	51.9	13.6	1014.5	1354	1200	4062.0
2020-07-29T11:32:00	1012.5	24.0	52.2	13.6	1014.5	1292	1200	3876.0
2020-07-29T11:52:00	1012.6	24.1	51.9	13.6	1014.5	1246	1200	3738.0
2020-07-29T12:12:00	1012.6	24.5	52.2	13.5	1014.6	1358	1200	4074.0
2020-07-29T12:32:00	1012.7	25.0	51.8	13.5	1014.8	1325	1200	3975.0
2020-07-29T12:52:00	1012.7	24.9	51.7	13.5	1014.8	1283	1200	3849.0
2020-07-29T13:12:00	1012.7	25.0	51.9	13.5	1014.8	1243	1200	3729.0
2020-07-29T13:32:00	1012.6	24.8	51.4	13.6	1014.7	1291	1200	3873.0
2020-07-29T13:52:00	1012.6	24.7	52.4	13.5	1014.8	1298	1200	3894.0
2020-07-29T14:12:00	1012.8	25.0	52.2	13.5	1014.8	1309	1200	3927.0
2020-07-29T14:32:00	1012.7	24.8	51.9	13.5	1014.8	1314	1200	3942.0
2020-07-29T14:52:00	1012.6	24.8	52.5	13.5	1014.6	1232	1200	3696.0
2020-07-29T15:12:00	1012.6	25.1	52.5	13.5	1014.5	1306	1200	3918.0
2020-07-29T15:32:00	1012.7	25.2	52.5	13.5	1014.7	1304	1200	3912.0
2020-07-29T15:52:00	1012.7	25.1	52.2	13.5	1014.7	1274	1200	3822.0
2020-07-29T16:12:00	1012.7	24.9	52.4	13.5	1014.7	1269	1200	3807.0
2020-07-29T16:32:00	1012.8	24.8	52.6	13.5	1014.9	1320	1200	3960.0
2020-07-29T16:52:00	1012.9	24.7	52.5	13.5	1014.9	1328	1200	3984.0
2020-07-29T17:12:00	1012.9	24.5	52.6	13.6	1014.8	1325	1200	3975.0
2020-07-29T17:32:00	1012.8	24.3	52.7	13.5	1014.9	1269	1200	3807.0
2020-07-29T17:52:00	1012.9	24.2	52.8	13.6	1014.8	1235	1200	3705.0
2020-07-29T18:12:00	1012.9	24.0	52.7	13.6	1014.9	1274	1200	3822.0
2020-07-29T18:32:00	1012.9	23.6	52.7	13.5	1014.8	1303	1200	3909.0
2020-07-29T18:52:00	1013.1	22.9	53.0	12.9	1015.1	1312	1200	3936.0
2020-07-29T19:12:00	1013.2	22.2	53.4	12.9	1015.4	1284	1200	3852.0
2020-07-29T19:32:00	1013.5	21.4	53.8	12.9	1015.5	1227	1200	3681.0
2020-07-29T19:52:00	1013.6	20.7	54.1	12.9	1015.7	1259	1200	3777.0
2020-07-29T20:12:00	1013.6	20.0	54.5	12.8	1015.6	1294	1200	3882.0
2020-07-29T20:32:00	1013.7	19.4	54.8	12.8	1015.6	1244	1200	3732.0
2020-07-29T20:52:00	1013.6	18.8	54.9	12.8	1015.7	1316	1200	3948.0
2020-07-29T21:12:00	1013.7	18.2	55.2	12.8	1015.8	1236	1200	3708.0
2020-07-29T21:32:00	1013.7	17.6	55.4	12.8	1015.8	1234	1200	3702.0
2020-07-29T21:52:00	1013.8	17.0	55.5	12.8	1015.8	1310	1200	3930.0
2020-07-29T22:12:00	1013.8	16.5	55.7	12.8	1015.8	1260	1200	3780.0
2020-07-29T22:32:00	1013.8	16.0	55.8	12.8	1016.0	1282	1200	3846.0
2020-07-29T22:52:00	1013.9	15.6	55.9	12.7	1016.2	1209	1200	3627.0
2020-07-29T23:12:00	1013.9	15.2	56.1	12.7	1016.2	1277	1200	3831.0
2020-07-29T23:32:00	1014.2	14.9	56.0	12.7	1016.5	1286	1200	3858.0
2020-07-29T23:52:00	1014.2	14.5	55.9	12.7	1016.5	1304	1200	3912.0
2020-07-30T00:12:00	1014.3	14.2	55.9	12.7	1016.6	1300	1200	3900.0
2020-07-30T00:32:00	1014.3	13.9	55.9	12.7	1016.5	1244	1200	3732.0
2020-07-30T00:52:00	1014.5	13.6	55.9	12.7	1016.6	1255	1200	3765.0
2020-07-30T01:12:00	1014.6	13.3	55.8	12.7	1016.9	1213	1200	3639.0
2020-07-30T01:32:00	1014.6	13.1	55.9	12.6	1017.0	1273	1200	3819.0
2020-07-30T01:52:00	1014.7	12.9	55.8	12.6	1017.0	1217	1200	3651.0
2020-07-30T02:12:00	1014.8	12.8	55.8	12.6	1017.0	1272	1200	3816.0
2020-07-30T02:32:00	1014.9	12.6	55.7	12.6	1017.0	1233	1200	3699.0
2020-07-30T02:52:00	1015.0	12.4	55.7	12.6	1017.2	1289	1200	3867.0
2020-07-30T03:12:00	1015.1	12.3	55.6	12.6	1017.3	1281	1200	3843.0
2020-07-30T03:32:00	1015.2	12.1	55.5	12.6	1017.3	1296	1200	3888.0
2020-07-30T03:52:00	1015.3	12.0	55.5	12.7	1017.4	1288	1200	3864.0
2020-07-30T04:12:00	1015.4	11.9	55.6	12.7	1017.4	1309	1200	3927.0
2020-07-30T04:32:00	1015.4	11.9	55.6	12.8	1017.5	1245	1200	3735.0
2020-07-30T04:52:00	1015.5	12.0	55.7	13.0	1017.6	1178	1200	3534.0
2020-07-30T05:12:00	1015.4	12.2	55.8	13.2	1017.6	1287	1200	3861.0
2020-07-30T05:32:00	1015.6	12.7	56.4	13.4	1017.8	1191	1200	3573.0
2020-07-30T05:52:00	1015.7	13.6	56.9	13.6	1018.1	1222	1200	3666.0
2020-07-30T06:12:00	1016.0	14.4	55.5	13.7	1018.1	1235	1200	3705.0
2020-07-30T06:32:00	1016.1	15.1	54.7	14.3	1018.4	1265	1200	3795.0
2020-07-30T06:52:00	1016.2	16.1	54.3	14.2	1018.5	1317	1200	3951.0
2020-07-30T07:12:00	1016.2	16.9	53.8	14.2	1018.5	1262	1200	3786.0
2020-07-30T07:32:00	1016.3	17.7	52.8	14.2	1018.3	1278	1200	3834.0
2020-07-30T07:52:00	1016.2	18.6	52.3	14.1	1018.2	1308	1200	3924.0
2020-07-30T08:12:00	1016.3	19.4	51.7	14.1	1018.4	1280	1200	3840.0
2020-07-30T08:32:00	1016.3	20.0	51.1	14.1	1018.4	1284	1200	3852.0
2020-07-30T08:52:00	1016.4	20.7	50.7	14.1	1018.4	1259	1200	3777.0
2020-07-30T09:12:00	1016.3	21.3	50.5	13.7	1018.3	1251	1200	3753.0
2020-07-30T09:32:00	1016.3	21.8	50.3	13.6	1018.4	1253	1200	3759.0
2020-07-30T09:52:00	1016.3	22.4	50.1	13.6	1018.2	1308	1200	3924.0
2020-07-30T10:12:00	1016.2	22.9	50.1	13.6	1018.1	1326	1200	3978.0
2020-07-30T10:32:00	1016.0	23.4	50.0	13.6	1018.1	1234	1200	3702.0
2020-07-30T10:52:00	1016.0	23.9	50.1	13.6	1018.0	1264	1200	3792.0
2020-07-30T11:12:00	1015.9	24.4	50.0	13.5	1017.8	1227	1200	3681.0
2020-07-30T11:32:00	1015.7	24.8	50.1	13.5	1017.6	1201	1200	3603.0
2020-07-30T11:52:00	1015.7	25.2	50.1	13.5	1017.6	1231	1200	3693.0
2020-07-30T12:12:00	1015.6	25.6	50.2	13.5	1017.5	1316	1200	3948.0
2020-07-30T12:32:00	1015.5	25.9	50.3	13.5	1017.5	1294	1200	3882.0
2020-07-30T12:52:00	1015.4	25.7	50.3	13.5	1017.4	1284	1200	3852.0
2020-07-30T13:12:00	1015.4	25.5	50.8	13.5	1017.3	1274	1200	3822.0
2020-07-30T13:32:00	1015.3	25.3	51.2	13.5	1017.3	1328	1200	3984.0
2020-07-30T13:52:00	1015.3	25.4	51.6	13.5	1017.3	1279	1200	3837.0
2020-07-30T14:12:00	1015.1	25.7	51.9	13.5	1017.1	1261	1200	3783.0
2020-07-30T14:32:00	1015.1	26.0	51.7	13.5	1017.0	1348	1200	4044.0
2020-07-30T14:52:00	1014.9	26.1	51.6	13.5	1016.8	1233	1200	3699.0
2020-07-30T15:12:00	1014.8	26.2	51.6	13.5	1016.7	1280	1200	3840.0
2020-07-30T15:32:00	1014.7	26.2	51.7	13.5	1016.6	1325	1200	3975.0
2020-07-30T15:52:00	1014.6	26.1	51.6	13.5	1016.5	1251	1200	3753.0
2020-07-30T16:12:00	1014.5	25.9	51.5	13.5	1016.4	1297	1200	3891.0
2020-07-30T16:32:00	1014.3	25.6	51.8	13.5	1016.2	1314	1200	3942.0
2020-07-30T16:52:00	1014.3	25.3	52.1	13.5	1016.3	1334	1200	4002.0
2020-07-30T17:12:00	1014.1	25.0	52.3	13.6	1016.1	1289	1200	3867.0
2020-07-30T17:32:00	1014.1	24.7	52.7	13.6	1016.1	1305	1200	3915.0
2020-07-30T17:52:00	1014.0	24.5	52.9	13.6	1016.0	1250	1200	3750.0
2020-07-30T18:12:00	1013.9	24.4	53.1	13.6	1016.0	1328	1200	3984.0
2020-07-30T18:32:00	1014.0	24.3	52.7	13.0	1016.0	1277	1200	3831.0
2020-07-30T18:52:00	1014.0	23.8	52.6	12.9	1015.9	1285	1200	3855.0
2020-07-30T19:12:00	1013.9	23.0	53.0	12.9	1016.0	1293	1200	3879.0
2020-07-30T19:32:00	1013.8	22.3	53.5	12.9	1015.9	1311	1200	3933.0
2020-07-30T19:52:00	1013.9	21.7	53.8	12.9	1016.0	1279	1200	3837.0
2020-07-30T20:12:00	1014.0	21.1	54.2	12.8	1016.1	1322	1200	3966.0
2020-07-30T20:32:00	1014.2	20.6	54.5	12.8	1016.3	1273	1200	3819.0
2020-07-30T20:52:00	1014.2	20.1	54.7	12.8	1016.2	1307	1200	3921.0
2020-07-30T21:12:00	1014.1	19.7	55.0	12.8	1016.1	1287	1200	3861.0
2020-07-30T21:32:00	1014.2	19.3	55.1	12.8	1016.2	1328	1200	3984.0
2020-07-30T21:52:00	1014.3	19.0	55.0	12.8	1016.5	1334	1200	4002.0
2020-07-30T22:12:00	1014.3	18.5	54.9	12.7	1016.4	1254	1200	3762.0
2020-07-30T22:32:00	1014.5	18.0	55.1	12.8	1016.5	1309	1200	3927.0
2020-07-30T22:52:00	1014.4	17.6	55.1	12.7	1016.4	1274	1200	3822.0
2020-07-30T23:12:00	1014.3	17.1	55.3	12.7	1016.4	1303	1200	3909.0
2020-07-30T23:32:00	1014.3	16.7	55.5	12.7	1016.4	1305	1200	3915.0
2020-07-30T23:52:00	1014.4	16.4	55.6	12.7	1016.4	1299	1200	3897.0
2020-07-31T00:12:00	1014.3	16.1	55.5	12.7	1016.5	1265	1200	3795.0
2020-07-31T00:32:00	1014.3	15.8	55.5	12.7	1016.6	1270	1200	3810.0
2020-07-31T00:52:00	1014.5	15.5	55.5	12.7	1016.9	1297	1200	3891.0
2020-07-31T01:12:00	1014.5	15.2	55.6	12.7	1016.8	1239	1200	3717.0
2020-07-31T01:32:00	1014.4	15.1	55.6	12.6	1016.6	1264	1200	3792.0
2020-07-31T01:52:00	1014.3	14.9	55.6	12.7	1016.5	1277	1200	3831.0
2020-07-31T02:12:00	1014.1	14.8	55.6	12.6	1016.3	1312	1200	3936.0
2020-07-31T02:32:00	1014.0	14.8	55.5	12.6	1016.2	1332	1200	3996.0
2020-07-31T02:52:00	1013.9	14.6	55.3	12.6	1016.1	1258	1200	3774.0
2020-07-31T03:12:00	1014.0	14.4	55.2	12.6	1016.3	1299	1200	3897.0
2020-07-31T03:32:00	1014.1	14.2	55.2	12.6	1016.2	1255	1200	3765.0
2020-07-31T03:52:00	1014.1	14.1	55.2	12.7	1016.3	1274	1200	3822.0
2020-07-31T04:12:00	1014.1	13.9	55.1	12.7	1016.3	1309	1200	3927.0
2020-07-31T04:32:00	1014.3	13.8	55.1	12.8	1016.4	1288	1200	3864.0
2020-07-31T04:52:00	1014.3	13.7	55.4	12.9	1016.4	1355	1200	4065.0
2020-07-31T05:12:00	1014.4	13.8	55.5	13.1	1016.5	1182	1200	3546.0
2020-07-31T05:32:00	1014.3	14.3	56.8	13.2	1016.5	1247	1200	3741.0
2020-07-31T05:52:00	1014.4	15.5	57.2	13.4	1016.7	1369	1200	4107.0
2020-07-31T06:12:00	1014.4	16.9	56.0	13.5	1016.4	1235	1200	3705.0
2020-07-31T06:32:00	1014.3	18.0	54.5	13.5	1016.4	1211	1200	3633.0
2020-07-31T06:52:00	1014.3	19.1	53.2	13.5	1016.5	1271	1200	3813.0
2020-07-31T07:12:00	1014.4	20.1	52.1	13.6	1016.4	1258	1200	3774.0
2020-07-31T07:32:00	1014.3	20.9	51.3	14.1	1016.4	1247	1200	3741.0
2020-07-31T07:52:00	1014.3	21.7	50.9	14.0	1016.2	1235	1200	3705.0
2020-07-31T08:12:00	1014.3	22.5	50.4	14.0	1016.4	1272	1200	3816.0
2020-07-31T08:32:00	1014.3	23.2	50.1	14.0	1016.4	1278	1200	3834.0
2020-07-31T08:52:00	1014.3	23.8	49.9	14.0	1016.2	1336	1200	4008.0
2020-07-31T09:12:00	1014.5	24.3	49.9	13.5	1016.4	1312	1200	3936.0
2020-07-31T09:32:00	1014.4	24.8	49.8	13.5	1016.3	1254	1200	3762.0
2020-07-31T09:52:00	1014.4	25.3	49.9	13.5	1016.4	1306	1200	3918.0
2020-07-31T10:12:00	1014.4	25.8	49.9	13.5	1016.3	1287	1200	3861.0
2020-07-31T10:32:00	1014.3	26.3	49.9	13.5	1016.1	1257	1200	3771.0
2020-07-31T10:52:00	1014.1	26.9	50.0	13.5	1016.0	1321	1200	3963.0
2020-07-31T11:12:00	1013.9	27.4	50.0	13.5	1015.8	1281	1200	3843.0
2020-07-31T11:32:00	1013.8	27.8	49.8	13.4	1015.7	1279	1200	3837.0
2020-07-31T11:52:00	1013.7	28.2	50.1	13.4	1015.6	1273	1200	3819.0
2020-07-31T12:12:00	1013.7	28.5	50.3	13.4	1015.5	1332	1200	3996.0
2020-07-31T12:32:00	1013.7	28.8	50.4	13.4	1015.3	1239	1200	3717.0
2020-07-31T12:52:00	1013.5	29.3	50.5	13.4	1015.1	1251	1200	3753.0
2020-07-31T13:12:00	1013.4	29.6	50.5	13.4	1015.1	1307	1200	3921.0
2020-07-31T13:32:00	1013.3	29.8	50.6	13.4	1015.0	1272	1200	3816.0
2020-07-31T13:52:00	1013.2	29.8	50.8	13.4	1014.9	1371	1200	4113.0
2020-07-31T14:12:00	1013.1	30.0	51.2	13.4	1014.9	1372	1200	4116.0
2020-07-31T14:32:00	1013.2	30.1	51.2	13.4	1014.9	1348	1200	4044.0
2020-07-31T14:52:00	1013.1	30.4	51.2	13.4	1014.8	1326	1200	3978.0
2020-07-31T15:12:00	1012.9	30.4	51.3	13.4	1014.7	1257	1200	3771.0
2020-07-31T15:32:00	1012.8	30.2	51.6	13.4	1014.6	1324	1200	3972.0
2020-07-31T15:52:00	1012.8	30.2	51.7	13.4	1014.6	1326	1200	3978.0
2020-07-31T16:12:00	1012.7	30.0	51.8	13.4	1014.5	1338	1200	4014.0
2020-07-31T16:32:00	1012.6	29.8	52.0	13.4	1014.4	1286	1200	3858.0
2020-07-31T16:52:00	1012.7	29.7	52.0	13.4	1014.4	1290	1200	3870.0
2020-07-31T17:12:00	1012.6	29.4	52.1	13.4	1014.4	1333	1200	3999.0
2020-07-31T17:32:00	1012.6	29.2	52.3	13.4	1014.3	1291	1200	3873.0
2020-07-31T17:52:00	1012.6	29.0	52.4	13.4	1014.3	1313	1200	3939.0
2020-07-31T18:12:00	1012.5	28.8	52.4	13.4	1014.2	1353	1200	4059.0
2020-07-31T18:32:00	1012.5	28.4	52.4	13.4	1014.1	1278	1200	3834.0
2020-07-31T18:52:00	1012.5	27.7	52.6	12.9	1014.4	1341	1200	4023.0
2020-07-31T19:12:00	1012.5	26.7	53.0	12.9	1014.5	1302	1200	3906.0
2020-07-31T19:32:00	1012.6	25.8	53.7	12.9	1014.5	1378	1200	4134.0
2020-07-31T19:52:00	1012.5	24.8	54.2	12.9	1014.6	1356	1200	4068.0
2020-07-31T20:12:00	1012.6	24.0	54.7	12.8	1014.6	1292	1200	3876.0
2020-07-31T20:32:00	1012.5	23.3	55.1	12.8	1014.5	1293	1200	3879.0
2020-07-31T20:52:00	1012.6	22.6	55.5	12.8	1014.7	1314	1200	3942.0
2020-07-31T21:12:00	1012.7	22.0	55.5	12.8	1014.8	1281	1200	3843.0
2020-07-31T21:32:00	1012.8	21.4	55.8	12.8	1014.9	1322	1200	3966.0
2020-07-31T21:52:00	1012.7	21.0	56.0	12.8	1014.7	1330	1200	3990.0
2020-07-31T22:12:00	1012.8	20.6	56.1	12.8	1014.9	1232	1200	3696.0
2020-07-31T22:32:00	1012.7	20.3	56.2	12.8	1014.8	1344	1200	4032.0
2020-07-31T22:52:00	1012.8	20.0	56.0	12.7	1014.9	1342	1200	4026.0
2020-07-31T23:12:00	1012.8	19.6	55.8	12.7	1014.8	1338	1200	4014.0
2020-07-31T23:32:00	1012.6	19.2	55.7	12.7	1014.7	1262	1200	3786.0
2020-07-31T23:52:00	1012.5	18.8	55.8	12.7	1014.5	1321	1200	3963.0
2020-08-01T00:12:05	1012.6	18.3	55.8	12.7	1014.8	1331	1205	3976.4
2020-08-01T00:32:00	1012.6	17.9	55.8	12.7	1014.7	1312	1195	3952.5
2020-08-01T00:52:00	1012.5	17.5	55.8	12.7	1014.5	1294	1200	3882.0
2020-08-01T01:12:00	1012.4	17.0	55.9	12.7	1014.5	1240	1200	3720.0
2020-08-01T01:32:00	1012.2	16.6	56.0	12.7	1014.3	1337	1200	4011.0
2020-08-01T01:52:00	1012.1	16.3	56.2	12.7	1014.2	1257	1200	3771.0
2020-08-01T02:12:00	1011.9	16.0	56.2	12.7	1013.9	1308	1200	3924.0
2020-08-01T02:32:00	1011.8	15.9	56.0	12.6	1013.9	1313	1200	3939.0
2020-08-01T02:52:00	1011.9	15.7	55.9	12.6	1013.9	1316	1200	3948.0
2020-08-01T03:12:00	1012.0	15.4	55.8	12.6	1014.1	1305	1200	3915.0
2020-08-01T03:32:00	1011.8	15.1	55.9	12.7	1014.1	1333	1200	3999.0
2020-08-01T03:52:00	1011.8	14.8	55.9	12.7	1014.1	1314	1200	3942.0
2020-08-01T04:12:00	1011.7	14.7	55.8	12.7	1014.0	1268	1200	3804.0
2020-08-01T04:32:00	1011.7	14.5	55.9	12.8	1014.0	1314	1200	3942.0
2020-08-01T04:52:00	1011.7	14.4	56.0	12.9	1014.0	1319	1200	3957.0
2020-08-01T05:12:00	1011.7	14.7	56.2	13.1	1014.0	1290	1200	3870.0
2020-08-01T05:32:00	1011.7	15.3	57.3	13.2	1013.7	1304	1200	3912.0
2020-08-01T05:52:00	1011.7	16.5	57.8	13.4	1013.7	1296	1200	3888.0
2020-08-01T06:12:00	1011.8	18.0	56.4	13.4	1014.0	1315	1200	3945.0
2020-08-01T06:32:00	1011.6	19.5	54.7	13.5	1013.7	1286	1200	3858.0
2020-08-01T06:52:00	1011.5	20.8	53.1	13.5	1013.5	1311	1200	3933.0
2020-08-01T07:12:00	1011.4	22.1	51.7	13.6	1013.4	1329	1200	3987.0
2020-08-01T07:32:00	1011.3	23.2	50.8	14.0	1013.2	1283	1200	3849.0
2020-08-01T07:52:00	1011.3	24.3	50.1	13.9	1013.5	1379	1200	4137.0
2020-08-01T08:12:00	1011.4	25.4	49.4	13.9	1013.4	1345	1200	4035.0
2020-08-01T08:32:00	1011.4	26.3	49.0	13.9	1013.3	1363	1200	4089.0
2020-08-01T08:52:00	1011.5	27.3	48.8	13.8	1013.4	1354	1200	4062.0
2020-08-01T09:12:00	1011.6	28.2	48.6	13.4	1013.2	1277	1200	3831.0
2020-08-01T09:32:00	1011.6	29.1	48.5	13.4	1013.3	1318	1200	3954.0
2020-08-01T09:52:00	1011.5	30.0	48.2	13.4	1013.2	1436	1200	4308.0
2020-08-01T10:12:00	1011.4	30.7	48.2	13.3	1013.1	1355	1200	4065.0
2020-08-01T10:32:00	1011.4	31.4	48.2	13.3	1013.0	1299	1200	3897.0
2020-08-01T10:52:00	1011.3	32.0	48.4	13.3	1012.8	1343	1200	4029.0
2020-08-01T11:12:00	1011.1	32.6	48.4	13.3	1012.7	1372	1200	4116.0
2020-08-01T11:32:00	1010.9	33.1	48.6	13.3	1012.5	1307	1200	3921.0
2020-08-01T11:52:00	1010.8	33.4	48.8	13.3	1012.4	1318	1200	3954.0
2020-08-01T12:12:00	1010.6	33.6	49.1	13.2	1012.2	1362	1200	4086.0
2020-08-01T12:32:00	1010.4	33.9	49.4	13.3	1012.0	1394	1200	4182.0
2020-08-01T12:52:00	1010.2	34.1	49.7	13.2	1011.8	1367	1200	4101.0
2020-08-01T13:12:00	1010.0	34.4	49.9	13.2	1011.5	1401	1200	4203.0
2020-08-01T13:32:00	1009.8	34.5	49.9	13.2	1011.2	1352	1200	4056.0
2020-08-01T13:52:00	1009.6	34.5	50.4	13.2	1011.0	1361	1200	4083.0
2020-08-01T14:12:00	1009.7	34.7	50.6	13.2	1011.0	1392	1200	4176.0
2020-08-01T14:32:00	1009.6	34.7	50.6	13.2	1011.0	1418	1200	4254.0
2020-08-01T14:52:00	1009.5	34.6	51.0	13.2	1010.9	1421	1200	4263.0
2020-08-01T15:12:00	1009.5	34.6	51.3	13.2	1010.9	1341	1200	4023.0
2020-08-01T15:32:00	1009.4	34.6	51.3	13.2	1010.7	1333	1200	3999.0
2020-08-01T15:52:00	1009.2	34.6	51.4	13.2	1010.6	1293	1200	3879.0
2020-08-01T16:12:00	1009.2	34.4	51.4	13.2	1010.5	1405	1200	4215.0
2020-08-01T16:32:00	1009.1	33.9	51.1	13.3	1010.6	1378	1200	4134.0
2020-08-01T16:52:00	1008.8	33.3	51.8	13.3	1010.5	1335	1200	4005.0
2020-08-01T17:12:00	1008.7	32.7	52.4	13.3	1010.5	1401	1200	4203.0
2020-08-01T17:32:00	1008.6	32.2	52.6	13.3	1010.4	1362	1200	4086.0
2020-08-01T17:52:00	1008.5	31.5	52.9	13.3	1010.2	1325	1200	3975.0
2020-08-01T18:12:00	1008.4	30.9	53.4	12.9	1010.0	1402	1200	4206.0
2020-08-01T18:32:00	1008.3	30.2	53.8	12.9	1010.1	1366	1200	4098.0
2020-08-01T18:52:00	1008.4	29.7	54.0	12.9	1010.2	1421	1200	4263.0
2020-08-01T19:12:00	1008.6	29.1	54.3	12.9	1010.4	1359	1200	4077.0
2020-08-01T19:32:00	1008.5	28.7	54.5	12.8	1010.3	1395	1200	4185.0
2020-08-01T19:52:00	1008.3	28.2	54.7	12.8	1010.2	1378	1200	4134.0
2020-08-01T20:12:00	1008.4	27.8	54.8	12.8	1010.2	1345	1200	4035.0
2020-08-01T20:32:00	1008.3	27.5	54.8	12.8	1010.2	1356	1200	4068.0
2020-08-01T20:52:00	1008.3	27.2	54.8	12.8	1010.1	1385	1200	4155.0
2020-08-01T21:12:00	1008.4	26.8	54.9	12.8	1010.1	1416	1200	4248.0
2020-08-01T21:32:00	1008.3	26.6	54.9	12.8	1010.0	1398	1200	4194.0
2020-08-01T21:52:00	1008.3	26.4	54.9	12.8	1010.3	1379	1200	4137.0
2020-08-01T22:12:00	1008.2	26.1	54.8	12.8	1010.2	1376	1200	4128.0
2020-08-01T22:32:00	1008.2	25.9	54.8	12.7	1010.2	1370	1200	4110.0
2020-08-01T22:52:00	1008.0	25.7	54.7	12.7	1010.0	1364	1200	4092.0
2020-08-01T23:12:00	1007.9	25.5	54.6	12.7	1009.9	1398	1200	4194.0
2020-08-01T23:32:00	1007.9	25.3	54.6	12.7	1009.9	1367	1200	4101.0
2020-08-01T23:52:00	1007.8	25.1	54.6	12.7	1009.9	1408	1200	4224.0
2020-08-02T00:12:00	1007.7	24.9	54.5	12.7	1009.8	1386	1200	4158.0
2020-08-02T00:32:00	1007.7	24.8	54.5	12.7	1009.8	1433	1200	4299.0
2020-08-02T00:52:00	1007.5	24.6	54.5	12.7	1009.5	1370	1200	4110.0
2020-08-02T01:12:00	1007.2	24.5	54.3	12.7	1009.2	1344	1200	4032.0
2020-08-02T01:32:00	1007.1	24.3	54.3	12.7	1009.1	1310	1200	3930.0
2020-08-02T01:52:00	1007.1	24.1	54.2	12.7	1009.2	1378	1200	4134.0
2020-08-02T02:12:00	1007.0	23.8	54.2	12.7	1009.1	1385	1200	4155.0
2020-08-02T02:32:00	1006.7	23.5	54.2	12.7	1008.8	1393	1200	4179.0
2020-08-02T02:52:00	1006.7	23.3	54.3	12.7	1008.8	1405	1200	4215.0
2020-08-02T03:12:00	1006.5	23.1	54.3	12.7	1008.5	1340	1200	4020.0
2020-08-02T03:32:00	1006.6	22.8	54.4	12.7	1008.6	1377	1200	4131.0
2020-08-02T03:52:00	1006.4	22.7	54.5	12.7	1008.5	1327	1200	3981.0
2020-08-02T04:12:00	1006.4	22.6	54.5	12.7	1008.5	1354	1200	4062.0
2020-08-02T04:32:00	1006.4	22.4	54.3	12.7	1008.4	1396	1200	4188.0
2020-08-02T04:52:00	1006.4	22.3	54.4	12.9	1008.5	1424	1200	4272.0
2020-08-02T05:12:00	1006.4	22.3	54.5	13.0	1008.6	1338	1200	4014.0
2020-08-02T05:32:00	1006.6	22.3	54.5	13.3	1008.7	1393	1200	4179.0
2020-08-02T05:52:00	1006.5	22.5	54.6	13.4	1008.6	1382	1200	4146.0
2020-08-02T06:12:00	1006.6	23.0	54.6	13.6	1008.6	1439	1200	4317.0
2020-08-02T06:32:00	1006.4	23.7	54.5	13.8	1008.5	1404	1200	4212.0
2020-08-02T06:52:00	1006.6	24.4	53.7	13.9	1008.7	1357	1200	4071.0
2020-08-02T07:12:00	1006.8	25.0	52.6	13.9	1008.8	1388	1200	4164.0
2020-08-02T07:32:00	1006.9	25.3	52.0	13.9	1008.9	1362	1200	4086.0
2020-08-02T07:52:00	1007.4	25.2	51.7	13.9	1009.4	1356	1200	4068.0
2020-08-02T08:12:00	1007.9	24.9	51.8	13.6	1010.0	1356	1200	4068.0
2020-08-02T08:32:00	1008.3	24.5	51.9	14.0	1010.4	1323	1200	3969.0
2020-08-02T08:52:00	1008.3	23.7	52.1	13.6	1010.3	1291	1200	3873.0
2020-08-02T09:12:00	1008.2	22.7	53.1	14.1	1010.3	1312	1200	3936.0
2020-08-02T09:32:00	1007.8	22.1	54.4	14.1	1009.9	1336	1200	4008.0
2020-08-02T09:52:00	1007.8	21.8	55.2	13.7	1009.8	1284	1200	3852.0
2020-08-02T10:12:00	1008.2	21.7	55.6	13.7	1010.2	1303	1200	3909.0
2020-08-02T10:32:00	1008.0	21.6	56.0	13.7	1009.9	1302	1200	3906.0
2020-08-02T10:52:00	1007.9	21.9	56.5	13.7	1009.9	1304	1200	3912.0
2020-08-02T11:12:00	1008.0	22.2	56.2	13.6	1010.0	1331	1200	3993.0
2020-08-02T11:32:00	1007.6	22.3	56.1	13.6	1009.7	1192	1200	3576.0
2020-08-02T11:52:00	1007.4	22.3	55.9	13.6	1009.5	1272	1200	3816.0
2020-08-02T12:12:00	1007.6	22.4	56.0	13.6	1009.7	1279	1200	3837.0
2020-08-02T12:32:00	1007.5	22.5	55.9	13.6	1009.6	1234	1200	3702.0
2020-08-02T12:52:00	1007.4	22.7	56.5	13.6	1009.5	1278	1200	3834.0
2020-08-02T13:12:00	1007.6	23.2	56.4	13.6	1009.6	1339	1200	4017.0
2020-08-02T13:32:00	1007.6	23.7	55.4	13.6	1009.7	1232	1200	3696.0
2020-08-02T13:52:00	1007.6	23.8	55.1	13.6	1009.7	1276	1200	3828.0
2020-08-02T14:12:00	1007.4	23.7	54.9	13.6	1009.5	1276	1200	3828.0
2020-08-02T14:32:00	1007.3	23.7	55.0	13.6	1009.4	1320	1200	3960.0
2020-08-02T14:52:00	1006.8	23.7	55.3	13.6	1008.8	1344	1200	4032.0
2020-08-02T15:12:00	1007.0	23.7	55.0	13.6	1009.0	1277	1200	3831.0
2020-08-02T15:32:00	1007.0	23.8	55.4	13.6	1009.1	1314	1200	3942.0
2020-08-02T15:52:00	1007.1	23.8	55.4	13.6	1009.2	1224	1200	3672.0
2020-08-02T16:12:00	1007.0	23.6	55.2	13.6	1009.0	1200	1200	3600.0
2020-08-02T16:32:00	1007.0	23.6	55.3	13.6	1009.1	1283	1200	3849.0
2020-08-02T16:52:00	1006.9	23.5	55.3	13.6	1009.0	1285	1200	3855.0
2020-08-02T17:12:00	1006.9	23.4	55.3	13.6	1009.0	1338	1200	4014.0
2020-08-02T17:32:00	1007.1	23.3	55.2	13.3	1009.1	1327	1200	3981.0
2020-08-02T17:52:00	1007.0	23.2	55.2	12.9	1009.0	1277	1200	3831.0
2020-08-02T18:12:00	1007.0	23.0	55.2	12.9	1009.0	1276	1200	3828.0
2020-08-02T18:32:00	1007.0	22.8	55.3	12.9	1009.0	1288	1200	3864.0
2020-08-02T18:52:00	1007.1	22.6	55.2	12.9	1009.1	1326	1200	3978.0
2020-08-02T19:12:00	1007.0	22.4	55.3	12.9	1009.2	1264	1200	3792.0
2020-08-02T19:32:00	1007.1	22.3	55.3	12.8	1009.2	1265	1200	3795.0
2020-08-02T19:52:00	1007.2	22.0	55.3	12.8	1009.3	1314	1200	3942.0
2020-08-02T20:12:00	1007.3	21.7	55.3	12.8	1009.3	1251	1200	3753.0
2020-08-02T20:32:00	1007.3	21.4	55.2	12.8	1009.3	1321	1200	3963.0
2020-08-02T20:52:00	1007.3	21.0	55.3	12.8	1009.3	1260	1200	3780.0
2020-08-02T21:12:00	1007.3	20.8	55.5	12.8	1009.2	1329	1200	3987.0
2020-08-02T21:32:00	1007.2	20.5	55.7	12.8	1009.3	1241	1200	3723.0
2020-08-02T21:52:00	1007.3	20.4	55.8	12.8	1009.3	1279	1200	3837.0
2020-08-02T22:12:00	1007.2	20.2	55.6	12.8	1009.3	1335	1200	4005.0
2020-08-02T22:32:00	1007.2	19.9	55.5	12.8	1009.3	1302	1200	3906.0
2020-08-02T22:52:00	1007.1	19.6	55.6	12.8	1009.3	1288	1200	3864.0
2020-08-02T23:12:00	1007.3	19.5	55.8	12.7	1009.5	1273	1200	3819.0
2020-08-02T23:32:00	1007.3	19.3	55.8	12.7	1009.5	1280	1200	3840.0
2020-08-02T23:52:00	1007.4	19.2	55.7	12.7	1009.5	1322	1200	3966.0
2020-08-03T00:12:00	1007.3	19.1	55.9	12.7	1009.3	1297	1200	3891.0
2020-08-03T00:32:00	1007.3	19.0	55.9	12.7	1009.4	1239	1200	3717.0
2020-08-03T00:52:00	1007.1	19.1	55.9	12.7	1009.2	1322	1200	3966.0
2020-08-03T01:12:00	1006.9	19.1	55.8	12.7	1009.1	1338	1200	4014.0
2020-08-03T01:32:00	1006.9	19.1	55.8	12.7	1009.0	1369	1200	4107.0
2020-08-03T01:52:00	1007.0	19.2	55.7	12.7	1009.1	1314	1200	3942.0
2020-08-03T02:12:00	1006.9	19.1	55.6	12.7	1009.1	1316	1200	3948.0
2020-08-03T02:32:00	1007.0	19.1	55.4	12.7	1009.2	1345	1200	4035.0
2020-08-03T02:52:00	1006.9	19.0	55.3	12.7	1008.9	1314	1200	3942.0
2020-08-03T03:12:00	1007.0	18.8	55.2	12.7	1009.0	1369	1200	4107.0
2020-08-03T03:32:00	1007.1	18.6	55.4	12.7	1009.1	1328	1200	3984.0
2020-08-03T03:52:00	1007.0	18.4	55.3	12.7	1009.0	1379	1200	4137.0
2020-08-03T04:12:00	1007.0	18.2	55.4	12.7	1009.2	1277	1200	3831.0
2020-08-03T04:32:00	1006.9	18.1	55.5	12.8	1009.1	1272	1200	3816.0
2020-08-03T04:52:00	1007.1	18.1	55.6	12.8	1009.2	1370	1200	4110.0
2020-08-03T05:12:00	1007.2	18.0	55.6	12.9	1009.3	1329	1200	3987.0
2020-08-03T05:32:00	1007.1	18.0	55.6	13.0	1009.3	1284	1200	3852.0
2020-08-03T05:52:00	1007.2	18.1	55.6	13.3	1009.4	1305	1200	3915.0
2020-08-03T06:12:00	1007.2	18.1	55.5	13.3	1009.4	1311	1200	3933.0
2020-08-03T06:32:00	1007.3	18.2	55.4	13.5	1009.4	1293	1200	3879.0
2020-08-03T06:52:00	1007.4	18.3	55.1	13.9	1009.5	1389	1200	4167.0
2020-08-03T07:12:00	1007.5	18.6	54.9	13.6	1009.5	1327	1200	3981.0
2020-08-03T07:32:00	1007.5	18.8	54.7	14.2	1009.5	1274	1200	3822.0
2020-08-03T07:52:00	1007.5	18.9	54.5	14.1	1009.6	1321	1200	3963.0
2020-08-03T08:12:00	1007.4	19.0	54.4	14.1	1009.4	1242	1200	3726.0
2020-08-03T08:32:00	1007.4	19.2	54.1	14.1	1009.5	1347	1200	4041.0
2020-08-03T08:52:00	1007.2	19.4	54.0	14.1	1009.4	1339	1200	4017.0
2020-08-03T09:12:00	1007.2	19.6	53.9	14.1	1009.4	1298	1200	3894.0
2020-08-03T09:32:00	1007.1	20.0	54.9	14.1	1009.2	1378	1200	4134.0
2020-08-03T09:52:00	1007.2	20.6	54.5	14.1	1009.2	1401	1200	4203.0
2020-08-03T10:12:00	1007.1	21.1	54.1	13.7	1009.1	1315	1200	3945.0
2020-08-03T10:32:00	1007.0	21.9	53.9	13.6	1009.0	1308	1200	3924.0
2020-08-03T10:52:00	1007.0	22.9	53.0	13.6	1009.0	1328	1200	3984.0
2020-08-03T11:12:00	1006.9	23.4	52.4	13.6	1008.9	1311	1200	3933.0
2020-08-03T11:32:00	1006.8	24.1	51.8	13.6	1008.9	1315	1200	3945.0
2020-08-03T11:52:00	1006.8	24.7	51.7	13.5	1008.8	1330	1200	3990.0
2020-08-03T12:12:00	1006.7	25.1	51.6	13.5	1008.7	1338	1200	4014.0
2020-08-03T12:32:00	1006.6	25.8	51.3	13.5	1008.4	1349	1200	4047.0
2020-08-03T12:52:00	1006.5	25.9	51.3	13.5	1008.1	1364	1200	4092.0
2020-08-03T13:12:00	1006.3	26.1	51.3	13.5	1008.0	1412	1200	4236.0
2020-08-03T13:32:00	1006.1	26.3	51.5	13.5	1007.9	1328	1200	3984.0
2020-08-03T13:52:00	1006.0	26.2	51.5	13.5	1007.8	1421	1200	4263.0
2020-08-03T14:12:00	1006.0	26.0	51.9	13.5	1007.8	1424	1200	4272.0
2020-08-03T14:32:00	1005.9	25.9	52.1	13.5	1007.7	1443	1200	4329.0
2020-08-03T14:52:00	1005.7	26.1	52.4	13.5	1007.5	1365	1200	4095.0
2020-08-03T15:12:00	1005.5	26.3	52.5	13.5	1007.3	1349	1200	4047.0
2020-08-03T15:32:00	1005.5	26.4	52.3	13.5	1007.3	1333	1200	3999.0
2020-08-03T15:52:00	1005.4	26.1	52.2	13.5	1007.2	1355	1200	4065.0
2020-08-03T16:12:00	1005.3	25.8	52.4	13.5	1007.1	1374	1200	4122.0
2020-08-03T16:32:00	1005.3	25.5	52.5	13.5	1007.1	1388	1200	4164.0
2020-08-03T16:52:00	1005.4	25.4	52.8	13.5	1007.1	1404	1200	4212.0
2020-08-03T17:12:00	1005.3	25.1	53.0	13.5	1007.1	1365	1200	4095.0
2020-08-03T17:32:00	1005.4	25.0	53.1	13.5	1007.4	1378	1200	4134.0
2020-08-03T17:52:00	1005.4	24.7	53.1	13.5	1007.4	1373	1200	4119.0
2020-08-03T18:12:00	1005.6	24.5	53.1	13.6	1007.6	1340	1200	4020.0
2020-08-03T18:32:00	1005.5	24.0	53.1	13.0	1007.6	1309	1200	3927.0
2020-08-03T18:52:00	1005.4	23.3	53.3	12.9	1007.5	1307	1200	3921.0
2020-08-03T19:12:00	1005.5	22.5	53.7	12.9	1007.5	1370	1200	4110.0
2020-08-03T19:32:00	1005.5	21.7	54.2	12.9	1007.6	1392	1200	4176.0
2020-08-03T19:52:00	1005.5	21.0	54.7	12.9	1007.5	1406	1200	4218.0
2020-08-03T20:12:00	1005.6	20.4	55.1	12.8	1007.6	1345	1200	4035.0
2020-08-03T20:32:00	1005.8	19.9	55.2	12.8	1007.8	1334	1200	4002.0
2020-08-03T20:52:00	1006.0	19.3	55.3	12.8	1008.1	1372	1200	4116.0
2020-08-03T21:12:00	1006.2	18.7	55.6	12.8	1008.3	1325	1200	3975.0
2020-08-03T21:32:00	1006.3	18.3	56.0	12.8	1008.4	1294	1200	3882.0
2020-08-03T21:52:00	1006.3	18.1	56.0	12.8	1008.4	1395	1200	4185.0
2020-08-03T22:12:00	1006.5	17.8	55.9	12.8	1008.7	1370	1200	4110.0
2020-08-03T22:32:00	1006.5	17.6	56.0	12.8	1008.6	1341	1200	4023.0
2020-08-03T22:52:00	1006.4	17.3	56.0	12.8	1008.5	1407	1200	4221.0
2020-08-03T23:12:00	1006.5	17.3	55.8	12.7	1008.5	1323	1200	3969.0
2020-08-03T23:32:00	1006.5	17.0	55.7	12.7	1008.5	1375	1200	4125.0
2020-08-03T23:52:00	1006.4	16.8	55.5	12.7	1008.5	1357	1200	4071.0
2020-08-04T00:12:00	1006.6	16.5	55.5	12.7	1008.6	1342	1200	4026.0
2020-08-04T00:32:00	1006.6	16.2	55.5	12.7	1008.6	1370	1200	4110.0
2020-08-04T00:52:00	1006.7	15.9	55.5	12.7	1008.8	1381	1200	4143.0
2020-08-04T01:12:00	1006.7	15.6	55.4	12.7	1008.8	1342	1200	4026.0
2020-08-04T01:32:00	1006.6	15.2	55.5	12.7	1008.7	1383	1200	4149.0
2020-08-04T01:52:00	1006.6	14.8	55.5	12.7	1008.5	1326	1200	3978.0
2020-08-04T02:12:00	1006.8	14.5	55.5	12.7	1008.8	1370	1200	4110.0
2020-08-04T02:32:00	1006.6	14.1	55.6	12.7	1008.6	1272	1200	3816.0
2020-08-04T02:52:00	1006.5	13.9	55.7	12.6	1008.5	1348	1200	4044.0
2020-08-04T03:12:00	1006.5	13.6	55.7	12.6	1008.5	1387	1200	4161.0
2020-08-04T03:32:00	1006.7	13.3	55.7	12.6	1008.7	1395	1200	4185.0
2020-08-04T03:52:00	1006.8	13.0	55.7	12.7	1008.9	1434	1200	4302.0
2020-08-04T04:12:00	1006.9	12.8	55.8	12.7	1009.3	1476	1200	4428.0
2020-08-04T04:32:00	1007.2	12.7	55.8	12.8	1009.5	1372	1200	4116.0
2020-08-04T04:52:00	1007.4	12.6	55.9	12.9	1009.6	1319	1200	3957.0
2020-08-04T05:12:00	1007.4	12.7	56.0	13.1	1009.7	1383	1200	4149.0
2020-08-04T05:32:00	1007.5	13.1	57.4	13.4	1009.9	1346	1200	4038.0
2020-08-04T05:52:00	1007.6	14.0	57.8	13.6	1009.7	1297	1200	3891.0
2020-08-04T06:12:00	1007.8	15.3	57.3	13.6	1009.9	1330	1200	3990.0
2020-08-04T06:32:00	1007.9	16.6	55.7	13.7	1010.0	1325	1200	3975.0
2020-08-04T06:52:00	1007.9	17.7	54.3	13.7	1009.9	1364	1200	4092.0
2020-08-04T07:12:00	1008.0	18.7	53.1	14.1	1010.1	1386	1200	4158.0
2020-08-04T07:32:00	1008.1	19.6	52.4	14.1	1010.2	1366	1200	4098.0
2020-08-04T07:52:00	1008.1	20.5	51.7	14.1	1010.2	1379	1200	4137.0
2020-08-04T08:12:00	1008.2	21.5	51.1	14.0	1010.1	1361	1200	4083.0
2020-08-04T08:32:00	1008.3	22.2	50.2	14.0	1010.2	1310	1200	3930.0
2020-08-04T08:52:00	1008.4	23.0	50.4	14.0	1010.4	1341	1200	4023.0
2020-08-04T09:12:00	1008.5	23.7	49.8	13.6	1010.4	1300	1200	3900.0
2020-08-04T09:32:00	1008.5	24.4	49.9	13.5	1010.5	1311	1200	3933.0
2020-08-04T09:52:00	1008.7	24.9	49.2	13.5	1010.6	1424	1200	4272.0
2020-08-04T10:12:00	1008.7	24.5	49.6	13.6	1010.6	1321	1200	3963.0
2020-08-04T10:32:00	1008.7	24.4	50.5	13.6	1010.6	1306	1200	3918.0
2020-08-04T10:52:00	1008.8	24.4	50.9	13.6	1010.7	1302	1200	3906.0
2020-08-04T11:12:00	1008.9	24.2	51.0	13.6	1010.9	1411	1200	4233.0
2020-08-04T11:32:00	1009.0	24.7	51.7	13.5	1011.0	1355	1200	4065.0
2020-08-04T11:52:00	1009.0	24.7	51.3	13.5	1011.0	1375	1200	4125.0
2020-08-04T12:12:00	1009.0	25.4	51.8	13.5	1011.0	1368	1200	4104.0
2020-08-04T12:32:00	1009.1	25.7	51.4	13.5	1011.1	1357	1200	4071.0
2020-08-04T12:52:00	1009.2	25.9	51.1	13.5	1011.1	1348	1200	4044.0
2020-08-04T13:12:00	1009.4	25.8	51.2	13.5	1011.3	1404	1200	4212.0
2020-08-04T13:32:00	1009.4	25.7	51.7	13.5	1011.4	1346	1200	4038.0
2020-08-04T13:52:00	1009.5	26.3	51.8	13.5	1011.4	1347	1200	4041.0
2020-08-04T14:12:00	1009.6	26.2	51.5	13.5	1011.5	1368	1200	4104.0
2020-08-04T14:32:00	1009.7	25.9	51.5	13.5	1011.7	1307	1200	3921.0
2020-08-04T14:52:00	1009.7	25.6	51.7	13.5	1011.7	1294	1200	3882.0
2020-08-04T15:12:00	1009.8	25.3	52.2	13.5	1011.8	1405	1200	4215.0
2020-08-04T15:32:00	1009.8	25.0	52.5	13.5	1011.8	1335	1200	4005.0
2020-08-04T15:52:00	1009.9	24.9	52.7	13.6	1011.9	1306	1200	3918.0
2020-08-04T16:12:00	1010.0	24.6	52.9	13.6	1012.0	1297	1200	3891.0
2020-08-04T16:32:00	1010.2	24.4	53.1	13.6	1012.2	1315	1200	3945.0
2020-08-04T16:52:00	1010.4	24.2	53.3	13.6	1012.4	1342	1200	4026.0
2020-08-04T17:12:00	1010.6	24.0	53.5	13.6	1012.6	1326	1200	3978.0
2020-08-04T17:32:00	1010.6	23.9	53.5	13.6	1012.7	1313	1200	3939.0
2020-08-04T17:52:00	1010.6	23.7	53.5	13.6	1012.8	1328	1200	3984.0
2020-08-04T18:12:00	1010.7	23.3	53.3	13.6	1012.7	1332	1200	3996.0
2020-08-04T18:32:00	1010.8	22.8	53.4	13.1	1012.7	1329	1200	3987.0
2020-08-04T18:52:00	1011.1	22.2	53.6	12.9	1013.0	1281	1200	3843.0
2020-08-04T19:12:00	1011.3	21.5	54.0	12.9	1013.4	1299	1200	3897.0
2020-08-04T19:32:00	1011.4	20.8	54.3	12.9	1013.5	1353	1200	4059.0
2020-08-04T19:52:00	1011.6	20.1	54.6	12.9	1013.8	1341	1200	4023.0
2020-08-04T20:12:00	1011.7	19.4	55.0	12.8	1013.7	1295	1200	3885.0
2020-08-04T20:32:00	1011.8	18.9	55.3	12.8	1013.8	1323	1200	3969.0
2020-08-04T20:52:00	1011.9	18.3	55.5	12.8	1014.0	1299	1200	3897.0
2020-08-04T21:12:00	1011.9	17.9	55.6	12.8	1014.1	1319	1200	3957.0
2020-08-04T21:32:00	1011.9	17.3	55.7	12.8	1014.0	1352	1200	4056.0
2020-08-04T21:52:00	1012.0	16.8	55.8	12.8	1014.0	1335	1200	4005.0
2020-08-04T22:12:00	1011.8	16.4	56.0	12.8	1014.0	1372	1200	4116.0
2020-08-04T22:32:00	1011.9	16.1	56.1	12.8	1014.0	1288	1200	3864.0
2020-08-04T22:52:00	1011.9	15.8	56.1	12.8	1013.9	1361	1200	4083.0
2020-08-04T23:12:00	1011.9	15.5	56.0	12.7	1013.9	1297	1200	3891.0
2020-08-04T23:32:00	1011.9	15.3	56.1	12.7	1014.1	1305	1200	3915.0
2020-08-04T23:52:00	1012.0	15.0	56.0	12.7	1014.4	1368	1200	4104.0
2020-08-05T00:12:00	1012.0	14.8	55.9	12.7	1014.4	1289	1200	3867.0
2020-08-05T00:32:00	1012.2	14.5	55.9	12.7	1014.5	1332	1200	3996.0
2020-08-05T00:52:00	1012.4	14.2	55.8	12.7	1014.7	1298	1200	3894.0
2020-08-05T01:12:00	1012.3	14.0	55.8	12.7	1014.5	1317	1200	3951.0
2020-08-05T01:32:00	1012.4	13.8	55.8	12.7	1014.6	1256	1200	3768.0
2020-08-05T01:52:00	1012.4	13.7	55.8	12.7	1014.7	1236	1200	3708.0
2020-08-05T02:12:00	1012.4	13.6	55.8	12.6	1014.7	1206	1200	3618.0
2020-08-05T02:32:00	1012.5	13.5	55.5	12.6	1014.8	1302	1200	3906.0
2020-08-05T02:52:00	1012.6	13.3	55.5	12.6	1014.8	1364	1200	4092.0
2020-08-05T03:12:00	1012.8	13.2	55.5	12.6	1014.9	1286	1200	3858.0
2020-08-05T03:32:00	1012.8	13.1	55.4	12.6	1014.9	1295	1200	3885.0
2020-08-05T03:52:00	1013.0	13.0	55.3	12.7	1015.1	1276	1200	3828.0
2020-08-05T04:12:00	1013.2	12.8	55.3	12.7	1015.5	1316	1200	3948.0
2020-08-05T04:32:00	1013.2	12.8	55.4	12.8	1015.4	1337	1200	4011.0
2020-08-05T04:52:00	1013.2	13.0	55.5	12.9	1015.3	1331	1200	3993.0
2020-08-05T05:12:00	1013.3	13.1	55.4	13.1	1015.4	1280	1200	3840.0
2020-08-05T05:32:00	1013.2	13.8	56.8	13.3	1015.4	1243	1200	3729.0
2020-08-05T05:52:00	1013.5	14.7	56.5	13.5	1015.7	1291	1200	3873.0
2020-08-05T06:12:00	1013.7	15.7	55.9	13.6	1016.0	1311	1200	3933.0
2020-08-05T06:32:00	1013.8	16.8	55.1	13.6	1015.8	1272	1200	3816.0
2020-08-05T06:52:00	1013.9	18.0	54.3	13.7	1015.9	1310	1200	3930.0
2020-08-05T07:12:00	1013.8	19.5	53.0	14.1	1015.8	1307	1200	3921.0
2020-08-05T07:32:00	1013.9	21.0	51.6	14.1	1016.1	1278	1200	3834.0
2020-08-05T07:52:00	1013.9	22.2	50.4	14.0	1016.0	1299	1200	3897.0
2020-08-05T08:12:00	1013.9	23.0	49.7	14.0	1015.9	1358	1200	4074.0
2020-08-05T08:32:00	1013.8	24.0	49.3	13.9	1015.7	1217	1200	3651.0
2020-08-05T08:52:00	1013.8	24.8	49.1	13.9	1015.8	1303	1200	3909.0
2020-08-05T09:12:00	1013.8	25.7	49.1	13.5	1015.6	1265	1200	3795.0
2020-08-05T09:32:00	1013.8	26.7	48.7	13.5	1015.6	1301	1200	3903.0
2020-08-05T09:52:00	1013.7	27.7	48.3	13.4	1015.7	1238	1200	3714.0
2020-08-05T10:12:00	1013.7	28.3	48.3	13.4	1015.6	1239	1200	3717.0
2020-08-05T10:32:00	1013.6	28.7	48.3	13.4	1015.4	1343	1200	4029.0
2020-08-05T10:52:00	1013.5	29.3	48.8	13.4	1015.1	1318	1200	3954.0
2020-08-05T11:12:00	1013.5	29.8	48.9	13.4	1015.2	1322	1200	3966.0
2020-08-05T11:32:00	1013.5	30.4	48.9	13.4	1015.2	1277	1200	3831.0
2020-08-05T11:52:00	1013.3	30.8	48.9	13.3	1015.0	1247	1200	3741.0
2020-08-05T12:12:00	1013.1	31.1	49.3	13.3	1014.8	1360	1200	4080.0
2020-08-05T12:32:00	1013.1	31.4	49.5	13.3	1014.8	1259	1200	3777.0
2020-08-05T12:52:00	1013.0	31.6	49.8	13.3	1014.7	1338	1200	4014.0
2020-08-05T13:12:00	1012.9	31.7	50.1	13.3	1014.6	1300	1200	3900.0
2020-08-05T13:32:00	1012.8	31.8	50.3	13.3	1014.5	1366	1200	4098.0
2020-08-05T13:52:00	1012.7	32.0	50.5	13.3	1014.4	1312	1200	3936.0
2020-08-05T14:12:00	1012.7	32.0	50.8	13.3	1014.4	1282	1200	3846.0
2020-08-05T14:32:00	1012.7	32.1	50.9	13.3	1014.5	1349	1200	4047.0
2020-08-05T14:52:00	1012.7	32.2	51.0	13.3	1014.4	1220	1200	3660.0
2020-08-05T15:12:00	1012.7	32.2	51.2	13.3	1014.4	1285	1200	3855.0
2020-08-05T15:32:00	1012.8	32.1	51.2	13.3	1014.5	1293	1200	3879.0
2020-08-05T15:52:00	1012.7	31.9	51.4	13.3	1014.4	1325	1200	3975.0
2020-08-05T16:12:00	1012.7	31.7	51.5	13.3	1014.4	1294	1200	3882.0
2020-08-05T16:32:00	1012.7	31.5	51.6	13.3	1014.4	1361	1200	4083.0
2020-08-05T16:52:00	1012.7	31.3	51.8	13.4	1014.4	1339	1200	4017.0
2020-08-05T17:12:00	1012.7	31.0	52.1	13.3	1014.5	1335	1200	4005.0
2020-08-05T17:32:00	1012.8	30.8	52.2	13.3	1014.5	1311	1200	3933.0
2020-08-05T17:52:00	1012.9	30.4	52.2	13.4	1014.6	1355	1200	4065.0
2020-08-05T18:12:00	1013.0	30.0	52.3	13.4	1014.7	1351	1200	4053.0
2020-08-05T18:32:00	1013.1	29.3	52.4	13.1	1014.8	1294	1200	3882.0
2020-08-05T18:52:00	1013.2	28.4	52.9	12.9	1015.0	1274	1200	3822.0
2020-08-05T19:12:00	1013.3	27.3	53.5	12.9	1015.3	1365	1200	4095.0
2020-08-05T19:32:00	1013.4	26.3	54.2	12.9	1015.4	1297	1200	3891.0
2020-08-05T19:52:00	1013.5	25.3	54.7	12.9	1015.6	1288	1200	3864.0
2020-08-05T20:12:00	1013.6	24.3	55.2	12.8	1015.6	1268	1200	3804.0
2020-08-05T20:32:00	1013.7	23.6	55.8	12.8	1015.7	1323	1200	3969.0
2020-08-05T20:52:00	1013.8	23.0	56.1	12.8	1016.0	1260	1200	3780.0
2020-08-05T21:12:00	1013.9	22.6	56.1	12.8	1016.0	1291	1200	3873.0
2020-08-05T21:32:00	1014.0	22.1	56.1	12.8	1016.1	1295	1200	3885.0
2020-08-05T21:52:00	1014.1	21.7	56.2	12.8	1016.1	1306	1200	3918.0
2020-08-05T22:12:00	1014.1	21.2	56.2	12.8	1016.2	1282	1200	3846.0
2020-08-05T22:32:00	1014.2	20.8	56.1	12.8	1016.3	1227	1200	3681.0
2020-08-05T22:52:00	1014.2	20.4	56.1	12.7	1016.3	1271	1200	3813.0
2020-08-05T23:12:00	1014.3	20.0	56.1	12.7	1016.3	1340	1200	4020.0
2020-08-05T23:32:00	1014.3	19.7	55.9	12.7	1016.3	1297	1200	3891.0
2020-08-05T23:52:00	1014.3	19.2	55.8	12.7	1016.4	1271	1200	3813.0
2020-08-06T00:12:00	1014.4	18.8	56.0	12.7	1016.6	1283	1200	3849.0
2020-08-06T00:32:00	1014.5	18.5	56.1	12.7	1016.7	1252	1200	3756.0
2020-08-06T00:52:00	1014.6	18.4	56.1	12.7	1016.7	1277	1200	3831.0
2020-08-06T01:12:00	1014.7	18.2	55.8	12.7	1016.8	1303	1200	3909.0
2020-08-06T01:32:00	1014.8	17.9	55.6	12.7	1016.9	1269	1200	3807.0
2020-08-06T01:52:00	1014.9	17.7	55.7	12.7	1017.1	1259	1200	3777.0
2020-08-06T02:12:00	1014.9	17.6	55.6	12.7	1017.1	1281	1200	3843.0
2020-08-06T02:32:00	1015.0	17.4	55.4	12.7	1017.1	1310	1200	3930.0
2020-08-06T02:52:00	1015.1	17.2	55.3	12.6	1017.2	1342	1200	4026.0
2020-08-06T03:12:00	1015.3	16.9	55.3	12.6	1017.3	1220	1200	3660.0
2020-08-06T03:32:00	1015.3	16.7	55.2	12.7	1017.4	1310	1200	3930.0
2020-08-06T03:52:00	1015.4	16.4	55.2	12.7	1017.8	1274	1200	3822.0
2020-08-06T04:12:00	1015.4	16.3	55.3	12.7	1017.9	1265	1200	3795.0
2020-08-06T04:32:00	1015.5	16.3	55.4	12.8	1017.9	1239	1200	3717.0
2020-08-06T04:52:00	1015.8	16.3	55.3	12.9	1018.1	1292	1200	3876.0
2020-08-06T05:12:00	1016.0	16.4	55.5	13.0	1018.4	1335	1200	4005.0
2020-08-06T05:32:00	1016.1	17.1	56.7	13.2	1018.2	1293	1200	3879.0
2020-08-06T05:52:00	1016.3	18.2	56.5	13.3	1018.5	1287	1200	3861.0
2020-08-06T06:12:00	1016.4	19.5	55.2	13.4	1018.5	1260	1200	3780.0
2020-08-06T06:32:00	1016.7	20.7	53.7	13.4	1018.6	1297	1200	3891.0
2020-08-06T06:52:00	1016.9	22.0	52.5	13.5	1019.0	1216	1200	3648.0
2020-08-06T07:12:00	1017.0	23.2	51.3	13.5	1019.0	1272	1200	3816.0
2020-08-06T07:32:00	1017.2	24.3	50.4	13.9	1019.2	1259	1200	3777.0
2020-08-06T07:52:00	1017.2	25.4	49.8	13.9	1019.1	1231	1200	3693.0
2020-08-06T08:12:00	1017.3	26.5	49.2	13.9	1019.3	1288	1200	3864.0
2020-08-06T08:32:00	1017.3	27.5	48.7	13.8	1019.2	1358	1200	4074.0
2020-08-06T08:52:00	1017.4	28.5	48.5	13.8	1019.2	1229	1200	3687.0
2020-08-06T09:12:00	1017.3	29.3	48.3	13.4	1019.2	1260	1200	3780.0
2020-08-06T09:32:00	1017.3	30.1	48.2	13.4	1019.1	1252	1200	3756.0
2020-08-06T09:52:00	1017.4	30.8	48.2	13.3	1018.9	1244	1200	3732.0
2020-08-06T10:12:00	1017.3	31.5	48.2	13.3	1019.0	1319	1200	3957.0
2020-08-06T10:32:00	1017.4	32.2	48.2	13.3	1019.0	1292	1200	3876.0
2020-08-06T10:52:00	1017.3	32.7	48.3	13.3	1018.9	1301	1200	3903.0
2020-08-06T11:12:00	1017.3	33.0	48.5	13.3	1018.9	1235	1200	3705.0
2020-08-06T11:32:00	1017.3	33.5	48.8	13.2	1018.9	1241	1200	3723.0
2020-08-06T11:52:00	1017.1	33.9	49.0	13.2	1018.7	1234	1200	3702.0
2020-08-06T12:12:00	1017.0	34.2	49.2	13.3	1018.6	1285	1200	3855.0
2020-08-06T12:32:00	1016.9	34.5	49.4	13.2	1018.3	1270	1200	3810.0
2020-08-06T12:52:00	1016.9	34.6	49.6	13.2	1018.4	1266	1200	3798.0
2020-08-06T13:12:00	1016.8	34.7	49.9	13.2	1018.3	1269	1200	3807.0
2020-08-06T13:32:00	1016.6	34.9	50.2	13.2	1018.1	1285	1200	3855.0
2020-08-06T13:52:00	1016.5	35.0	50.4	13.2	1018.1	1304	1200	3912.0
2020-08-06T14:12:00	1016.5	35.0	50.7	13.2	1018.1	1271	1200	3813.0
2020-08-06T14:32:00	1016.4	35.1	50.8	13.2	1018.0	1260	1200	3780.0
2020-08-06T14:52:00	1016.3	35.0	50.9	13.2	1017.9	1322	1200	3966.0
2020-08-06T15:12:00	1016.3	34.9	51.2	13.2	1017.9	1241	1200	3723.0
2020-08-06T15:32:00	1016.3	34.7	51.4	13.2	1017.9	1348	1200	4044.0
2020-08-06T15:52:00	1016.2	34.6	51.6	13.2	1017.8	1275	1200	3825.0
2020-08-06T16:12:00	1016.1	34.3	51.6	13.3	1017.6	1328	1200	3984.0
2020-08-06T16:32:00	1016.1	34.0	51.8	13.3	1017.6	1258	1200	3774.0
2020-08-06T16:52:00	1016.0	33.8	51.9	13.3	1017.7	1288	1200	3864.0
2020-08-06T17:12:00	1016.0	33.4	52.1	13.3	1017.7	1286	1200	3858.0
2020-08-06T17:32:00	1016.1	33.2	52.2	13.3	1017.7	1286	1200	3858.0
2020-08-06T17:52:00	1016.1	32.9	52.3	13.3	1017.8	1272	1200	3816.0
2020-08-06T18:12:00	1016.3	32.5	52.4	13.3	1018.1	1294	1200	3882.0
2020-08-06T18:32:00	1016.3	31.9	52.4	13.0	1018.0	1227	1200	3681.0
2020-08-06T18:52:00	1016.5	30.9	52.8	12.9	1018.2	1281	1200	3843.0
2020-08-06T19:12:00	1016.7	30.0	53.3	12.9	1018.3	1341	1200	4023.0
2020-08-06T19:32:00	1016.7	29.0	53.9	12.8	1018.6	1256	1200	3768.0
2020-08-06T19:52:00	1016.8	28.0	54.4	12.8	1018.8	1310	1200	3930.0
2020-08-06T20:12:00	1016.8	27.1	55.0	12.8	1018.8	1293	1200	3879.0
2020-08-06T20:32:00	1016.8	26.4	55.4	12.8	1018.9	1371	1200	4113.0
2020-08-06T20:52:00	1016.9	25.7	55.6	12.8	1018.9	1387	1200	4161.0
2020-08-06T21:12:00	1017.0	25.1	55.9	12.8	1018.9	1273	1200	3819.0
2020-08-06T21:32:00	1017.1	24.6	56.0	12.8	1019.0	1204	1200	3612.0
2020-08-06T21:52:00	1017.1	24.1	56.0	12.8	1019.1	1242	1200	3726.0
2020-08-06T22:12:00	1017.0	23.7	56.1	12.8	1019.2	1284	1200	3852.0
2020-08-06T22:32:00	1017.1	23.3	56.0	12.8	1019.1	1300	1200	3900.0
2020-08-06T22:52:00	1017.0	22.9	56.0	12.7	1019.0	1261	1200	3783.0
2020-08-06T23:12:00	1017.1	22.6	56.0	12.7	1019.2	1199	1200	3597.0
2020-08-06T23:32:00	1017.1	22.2	55.9	12.7	1019.3	1288	1200	3864.0
2020-08-06T23:52:00	1017.2	21.9	55.8	12.7	1019.2	1199	1200	3597.0
2020-08-07T00:12:00	1017.2	21.5	55.8	12.7	1019.2	1275	1200	3825.0
2020-08-07T00:32:00	1017.2	21.2	55.6	12.7	1019.2	1299	1200	3897.0
2020-08-07T00:52:00	1017.1	20.8	55.6	12.7	1019.1	1234	1200	3702.0
2020-08-07T01:12:00	1017.1	20.4	55.6	12.7	1019.3	1287	1200	3861.0
2020-08-07T01:32:00	1017.1	20.0	55.6	12.7	1019.3	1222	1200	3666.0
2020-08-07T01:52:00	1017.0	19.6	55.7	12.7	1019.2	1248	1200	3744.0
2020-08-07T02:12:00	1017.0	19.3	55.7	12.7	1019.0	1224	1200	3672.0
2020-08-07T02:32:00	1016.9	19.1	55.7	12.7	1019.0	1282	1200	3846.0
2020-08-07T02:52:00	1016.9	18.8	55.7	12.7	1018.9	1196	1200	3588.0
2020-08-07T03:12:00	1016.9	18.6	55.7	12.7	1019.1	1291	1200	3873.0
2020-08-07T03:32:00	1017.1	18.3	55.6	12.7	1019.2	1191	1200	3573.0
2020-08-07T03:52:00	1017.1	18.1	55.7	12.7	1019.1	1241	1200	3723.0
2020-08-07T04:12:00	1017.2	18.0	55.6	12.7	1019.3	1230	1200	3690.0
2020-08-07T04:32:00	1017.3	18.0	55.6	12.8	1019.4	1182	1200	3546.0
2020-08-07T04:52:00	1017.4	18.0	55.6	12.9	1019.4	1225	1200	3675.0
2020-08-07T05:12:00	1017.4	18.2	55.7	13.0	1019.5	1272	1200	3816.0
2020-08-07T05:32:00	1017.5	19.0	57.0	13.2	1019.6	1274	1200	3822.0
2020-08-07T05:52:00	1017.5	20.3	56.4	13.3	1019.8	1207	1200	3621.0
2020-08-07T06:12:00	1017.6	21.7	54.9	13.4	1019.6	1235	1200	3705.0
2020-08-07T06:32:00	1017.7	23.1	53.4	13.4	1019.7	1265	1200	3795.0
2020-08-07T06:52:00	1017.7	24.3	52.1	13.5	1019.8	1275	1200	3825.0
2020-08-07T07:12:00	1017.6	25.6	50.9	13.6	1019.6	1296	1200	3888.0
2020-08-07T07:32:00	1017.6	26.8	50.2	13.9	1019.6	1299	1200	3897.0
2020-08-07T07:52:00	1017.7	27.9	49.5	13.8	1019.6	1265	1200	3795.0
2020-08-07T08:12:00	1017.7	29.1	49.0	13.8	1019.6	1239	1200	3717.0
2020-08-07T08:32:00	1017.7	30.2	48.5	13.8	1019.6	1174	1200	3522.0
2020-08-07T08:52:00	1017.7	31.0	48.2	13.8	1019.2	1259	1200	3777.0
2020-08-07T09:12:00	1017.6	31.8	48.3	13.3	1019.3	1257	1200	3771.0
2020-08-07T09:32:00	1017.6	32.7	48.1	13.3	1019.2	1287	1200	3861.0
2020-08-07T09:52:00	1017.5	33.0	48.3	13.3	1019.1	1203	1200	3609.0
2020-08-07T10:12:00	1017.4	33.8	48.6	13.2	1019.0	1267	1200	3801.0
2020-08-07T10:32:00	1017.4	34.9	48.4	13.2	1018.8	1295	1200	3885.0
2020-08-07T10:52:00	1017.3	35.8	48.2	13.2	1018.8	1264	1200	3792.0
2020-08-07T11:12:00	1017.2	36.6	48.1	13.2	1018.8	1262	1200	3786.0
2020-08-07T11:32:00	1017.1	37.3	48.2	13.1	1018.5	1254	1200	3762.0
2020-08-07T11:52:00	1017.0	37.9	48.3	13.1	1018.2	1230	1200	3690.0
2020-08-07T12:12:00	1016.8	38.3	48.4	13.1	1018.2	1235	1200	3705.0
2020-08-07T12:32:00	1016.6	38.1	49.0	13.1	1018.0	1237	1200	3711.0
2020-08-07T12:52:00	1016.5	38.1	49.5	13.1	1017.9	1254	1200	3762.0
2020-08-07T13:12:00	1016.4	38.3	49.9	13.1	1017.8	1264	1200	3792.0
2020-08-07T13:32:00	1016.2	38.5	50.1	13.1	1017.8	1255	1200	3765.0
2020-08-07T13:52:00	1016.2	38.5	50.4	13.1	1017.7	1281	1200	3843.0
2020-08-07T14:12:00	1016.0	38.6	50.7	13.1	1017.5	1250	1200	3750.0
2020-08-07T14:32:00	1015.9	38.6	50.8	13.1	1017.4	1291	1200	3873.0
2020-08-07T14:52:00	1015.8	38.3	51.1	13.1	1017.4	1341	1200	4023.0
2020-08-07T15:12:00	1015.7	38.1	51.5	13.1	1017.2	1254	1200	3762.0
2020-08-07T15:32:00	1015.6	37.9	51.4	13.2	1017.1	1277	1200	3831.0
2020-08-07T15:52:00	1015.4	37.5	51.7	13.2	1016.8	1257	1200	3771.0
2020-08-07T16:12:00	1015.4	37.1	52.1	13.2	1016.8	1322	1200	3966.0
2020-08-07T16:32:00	1015.2	36.9	52.4	13.2	1016.7	1299	1200	3897.0
2020-08-07T16:52:00	1015.1	36.7	52.5	13.2	1016.7	1311	1200	3933.0
2020-08-07T17:12:00	1015.1	36.3	52.6	13.2	1016.7	1241	1200	3723.0
2020-08-07T17:32:00	1015.1	36.0	52.7	13.2	1016.7	1279	1200	3837.0
2020-08-07T17:52:00	1015.1	35.7	52.8	13.2	1016.9	1206	1200	3618.0
2020-08-07T18:12:00	1015.1	35.1	53.0	13.2	1016.8	1211	1200	3633.0
2020-08-07T18:32:00	1015.1	34.5	53.3	12.9	1016.8	1191	1200	3573.0
2020-08-07T18:52:00	1015.0	33.6	53.6	12.9	1016.7	1284	1200	3852.0
2020-08-07T19:12:00	1015.1	32.6	54.1	12.9	1017.0	1196	1200	3588.0
2020-08-07T19:32:00	1015.2	31.7	54.6	12.8	1016.9	1311	1200	3933.0
2020-08-07T19:52:00	1015.2	30.9	55.2	12.8	1017.0	1240	1200	3720.0
2020-08-07T20:12:00	1015.2	30.1	55.5	12.8	1017.0	1317	1200	3951.0
2020-08-07T20:32:00	1015.1	29.4	55.7	12.8	1016.9	1298	1200	3894.0
2020-08-07T20:52:00	1015.1	28.8	55.9	12.8	1017.1	1253	1200	3759.0
2020-08-07T21:12:00	1015.2	28.2	56.1	12.8	1017.3	1280	1200	3840.0
2020-08-07T21:32:00	1015.1	27.5	56.2	12.8	1017.2	1268	1200	3804.0
2020-08-07T21:52:00	1015.1	27.1	56.3	12.8	1017.2	1284	1200	3852.0
2020-08-07T22:12:00	1015.1	26.6	56.4	12.8	1017.2	1282	1200	3846.0
2020-08-07T22:32:00	1015.1	26.2	56.4	12.8	1017.2	1233	1200	3699.0
2020-08-07T22:52:00	1015.2	25.7	56.4	12.7	1017.4	1286	1200	3858.0
2020-08-07T23:12:00	1015.2	25.4	56.4	12.7	1017.5	1269	1200	3807.0
2020-08-07T23:32:00	1015.1	25.0	56.3	12.7	1017.5	1251	1200	3753.0
2020-08-07T23:52:00	1015.1	24.7	56.4	12.7	1017.4	1353	1200	4059.0
2020-08-08T00:12:00	1015.0	24.4	56.4	12.7	1017.3	1258	1200	3774.0
2020-08-08T00:32:00	1015.0	24.1	56.2	12.7	1017.3	1278	1200	3834.0
2020-08-08T00:52:00	1015.0	23.8	56.1	12.7	1017.3	1243	1200	3729.0
2020-08-08T01:12:00	1014.9	23.5	56.1	12.7	1017.3	1291	1200	3873.0
2020-08-08T01:32:00	1014.9	23.2	56.0	12.7	1017.3	1224	1200	3672.0
2020-08-08T01:52:00	1014.9	22.9	56.0	12.7	1017.3	1270	1200	3810.0
2020-08-08T02:12:00	1014.8	22.5	55.9	12.7	1017.2	1310	1200	3930.0
2020-08-08T02:32:00	1014.8	22.2	55.9	12.7	1017.1	1308	1200	3924.0
2020-08-08T02:52:00	1014.9	22.0	56.0	12.7	1017.1	1303	1200	3909.0
2020-08-08T03:12:00	1015.0	21.9	56.2	12.7	1017.1	1267	1200	3801.0
2020-08-08T03:32:00	1015.1	21.8	56.1	12.7	1017.3	1248	1200	3744.0
2020-08-08T03:52:00	1015.2	21.8	55.9	12.7	1017.5	1239	1200	3717.0
2020-08-08T04:12:00	1015.3	21.8	55.8	12.7	1017.6	1277	1200	3831.0
2020-08-08T04:32:00	1015.3	22.0	55.8	12.8	1017.6	1210	1200	3630.0
2020-08-08T04:52:00	1015.4	22.3	55.6	12.9	1017.5	1195	1200	3585.0
2020-08-08T05:12:00	1015.5	22.5	55.4	13.0	1017.7	1291	1200	3873.0
2020-08-08T05:32:00	1015.5	23.0	56.0	13.2	1017.7	1314	1200	3942.0
2020-08-08T05:52:00	1015.5	23.8	55.7	13.3	1017.8	1227	1200	3681.0
2020-08-08T06:12:00	1015.6	24.9	54.8	13.4	1017.6	1295	1200	3885.0
2020-08-08T06:32:00	1015.7	25.9	53.6	13.4	1017.8	1292	1200	3876.0
2020-08-08T06:52:00	1015.8	27.1	52.5	13.5	1017.8	1279	1200	3837.0
2020-08-08T07:12:00	1015.8	28.2	51.5	13.7	1017.9	1229	1200	3687.0
2020-08-08T07:32:00	1015.7	29.3	50.7	13.8	1017.6	1230	1200	3690.0
2020-08-08T07:52:00	1015.7	30.4	50.1	13.8	1017.3	1266	1200	3798.0
2020-08-08T08:12:00	1015.7	31.4	49.6	13.7	1017.3	1328	1200	3984.0
2020-08-08T08:32:00	1015.7	32.5	49.0	13.7	1017.3	1250	1200	3750.0
2020-08-08T08:52:00	1015.7	33.6	48.7	13.7	1017.3	1256	1200	3768.0
2020-08-08T09:12:00	1015.6	34.5	48.4	13.2	1017.1	1294	1200	3882.0
2020-08-08T09:32:00	1015.5	35.4	48.2	13.2	1017.1	1257	1200	3771.0
2020-08-08T09:52:00	1015.5	36.2	48.0	13.2	1017.1	1354	1200	4062.0
2020-08-08T10:12:00	1015.4	37.0	48.0	13.2	1016.8	1288	1200	3864.0
2020-08-08T10:32:00	1015.4	37.8	48.0	13.1	1016.8	1348	1200	4044.0
2020-08-08T10:52:00	1015.3	38.4	48.1	13.1	1016.8	1270	1200	3810.0
2020-08-08T11:12:00	1015.2	38.9	48.2	13.1	1016.5	1299	1200	3897.0
2020-08-08T11:32:00	1015.2	39.0	48.5	13.1	1016.5	1259	1200	3777.0
2020-08-08T11:52:00	1014.9	39.3	48.9	13.1	1016.4	1336	1200	4008.0
2020-08-08T12:12:00	1014.8	39.6	49.2	13.1	1016.2	1307	1200	3921.0
2020-08-08T12:32:00	1014.7	39.8	49.5	13.1	1016.0	1257	1200	3771.0
2020-08-08T12:52:00	1014.6	40.0	49.7	13.1	1015.9	1265	1200	3795.0
2020-08-08T13:12:00	1014.5	40.1	49.9	13.1	1015.9	1268	1200	3804.0
2020-08-08T13:32:00	1014.4	40.1	50.2	13.1	1015.9	1284	1200	3852.0
2020-08-08T13:52:00	1014.3	39.8	50.6	13.1	1015.7	1330	1200	3990.0
2020-08-08T14:12:00	1014.2	39.7	51.0	13.1	1015.6	1322	1200	3966.0
2020-08-08T14:32:00	1014.1	39.5	51.2	13.1	1015.5	1362	1200	4086.0
2020-08-08T14:52:00	1014.0	39.5	51.4	13.1	1015.4	1322	1200	3966.0
2020-08-08T15:12:00	1013.9	39.3	51.5	13.1	1015.3	1303	1200	3909.0
2020-08-08T15:32:00	1013.7	39.1	51.5	13.1	1015.1	1324	1200	3972.0
2020-08-08T15:52:00	1013.7	38.8	51.6	13.1	1015.1	1374	1200	4122.0
2020-08-08T16:12:00	1013.5	38.5	51.9	13.1	1015.0	1339	1200	4017.0
2020-08-08T16:32:00	1013.4	38.2	52.0	13.1	1014.8	1335	1200	4005.0
2020-08-08T16:52:00	1013.3	38.0	52.2	13.1	1014.7	1373	1200	4119.0
2020-08-08T17:12:00	1013.3	37.7	52.3	13.1	1014.8	1280	1200	3840.0
2020-08-08T17:32:00	1013.3	37.4	52.3	13.2	1014.9	1289	1200	3867.0
2020-08-08T17:52:00	1013.4	36.9	52.4	13.2	1014.9	1307	1200	3921.0
2020-08-08T18:12:00	1013.4	36.2	52.7	13.2	1014.8	1302	1200	3906.0
2020-08-08T18:32:00	1013.3	35.3	53.1	12.9	1015.0	1258	1200	3774.0
2020-08-08T18:52:00	1013.3	34.4	53.5	12.9	1015.1	1286	1200	3858.0
2020-08-08T19:12:00	1013.2	33.4	54.0	12.8	1014.9	1295	1200	3885.0
2020-08-08T19:32:00	1013.2	32.4	54.5	12.8	1015.1	1275	1200	3825.0
2020-08-08T19:52:00	1013.2	31.5	55.0	12.8	1015.0	1296	1200	3888.0
2020-08-08T20:12:00	1013.1	30.7	55.4	12.8	1014.9	1327	1200	3981.0
2020-08-08T20:32:00	1013.1	30.0	55.5	12.8	1014.9	1277	1200	3831.0
2020-08-08T20:52:00	1013.2	29.3	55.9	12.8	1015.0	1347	1200	4041.0
2020-08-08T21:12:00	1013.0	28.8	56.1	12.8	1014.7	1301	1200	3903.0
2020-08-08T21:32:00	1012.9	28.3	56.2	12.8	1014.9	1339	1200	4017.0
2020-08-08T21:52:00	1013.0	28.1	56.3	12.8	1015.1	1330	1200	3990.0
2020-08-08T22:12:00	1012.9	27.8	55.9	12.8	1014.9	1294	1200	3882.0
2020-08-08T22:32:00	1013.0	27.4	55.7	12.8	1015.0	1277	1200	3831.0
2020-08-08T22:52:00	1013.0	27.0	55.5	12.7	1015.0	1291	1200	3873.0
2020-08-08T23:12:00	1013.0	26.4	55.5	12.7	1015.0	1328	1200	3984.0
2020-08-08T23:32:00	1012.9	25.9	55.7	12.7	1014.9	1344	1200	4032.0
2020-08-08T23:52:00	1012.8	25.4	55.8	12.7	1014.9	1383	1200	4149.0
2020-08-09T00:12:00	1012.7	25.0	55.8	12.7	1014.8	1321	1200	3963.0
2020-08-09T00:32:00	1012.6	24.5	55.8	12.7	1014.7	1339	1200	4017.0
2020-08-09T00:52:00	1012.5	24.1	55.8	12.7	1014.6	1317	1200	3951.0
2020-08-09T01:12:00	1012.5	23.7	55.8	12.7	1014.6	1329	1200	3987.0
2020-08-09T01:32:00	1012.5	23.4	55.9	12.7	1014.5	1360	1200	4080.0
2020-08-09T01:52:00	1012.5	23.1	55.8	12.7	1014.5	1383	1200	4149.0
2020-08-09T02:12:00	1012.6	22.8	55.8	12.7	1014.7	1232	1200	3696.0
2020-08-09T02:32:00	1012.6	22.6	55.7	12.7	1014.8	1334	1200	4002.0
2020-08-09T02:52:00	1012.6	22.3	55.6	12.7	1014.8	1302	1200	3906.0
2020-08-09T03:12:00	1012.7	22.0	55.6	12.7	1014.9	1290	1200	3870.0
2020-08-09T03:32:00	1012.6	21.7	55.5	12.7	1014.9	1311	1200	3933.0
2020-08-09T03:52:00	1012.6	21.5	55.6	12.7	1014.8	1320	1200	3960.0
2020-08-09T04:12:00	1012.7	21.3	55.6	12.7	1014.8	1306	1200	3918.0
2020-08-09T04:32:00	1012.8	21.2	55.6	12.8	1014.9	1324	1200	3972.0
2020-08-09T04:52:00	1012.8	21.1	55.5	12.9	1014.9	1332	1200	3996.0
2020-08-09T05:12:00	1013.0	21.2	55.6	13.2	1015.1	1296	1200	3888.0
2020-08-09T05:32:00	1013.1	21.6	56.5	13.3	1015.2	1264	1200	3792.0
2020-08-09T05:52:00	1013.2	22.2	55.8	13.4	1015.5	1329	1200	3987.0
2020-08-09T06:12:00	1013.2	22.8	55.2	13.5	1015.4	1315	1200	3945.0
2020-08-09T06:32:00	1013.3	23.9	55.1	13.4	1015.2	1301	1200	3903.0
2020-08-09T06:52:00	1013.3	24.7	53.4	13.5	1015.4	1324	1200	3972.0
2020-08-09T07:12:00	1013.2	25.0	52.6	13.9	1015.4	1301	1200	3903.0
2020-08-09T07:32:00	1013.2	25.4	52.7	13.9	1015.2	1326	1200	3978.0
2020-08-09T07:52:00	1013.3	26.6	53.0	13.9	1015.2	1324	1200	3972.0
2020-08-09T08:12:00	1013.3	28.4	51.7	13.8	1015.2	1315	1200	3945.0
2020-08-09T08:32:00	1013.4	30.0	49.9	13.8	1015.2	1276	1200	3828.0
2020-08-09T08:52:00	1013.5	31.5	48.9	13.3	1015.3	1319	1200	3957.0
2020-08-09T09:12:00	1013.5	32.5	48.3	13.3	1015.2	1396	1200	4188.0
2020-08-09T09:32:00	1013.5	33.5	48.0	13.2	1015.1	1340	1200	4020.0
2020-08-09T09:52:00	1013.4	34.2	48.0	13.2	1015.0	1339	1200	4017.0
2020-08-09T10:12:00	1013.3	35.1	48.0	13.2	1014.9	1286	1200	3858.0
2020-08-09T10:32:00	1013.2	36.1	47.8	13.2	1014.6	1303	1200	3909.0
2020-08-09T10:52:00	1013.1	36.9	47.8	13.2	1014.5	1333	1200	3999.0
2020-08-09T11:12:00	1012.9	37.5	47.8	13.1	1014.3	1297	1200	3891.0
2020-08-09T11:32:00	1012.8	38.1	47.9	13.1	1014.1	1320	1200	3960.0
2020-08-09T11:52:00	1012.6	38.4	48.1	13.1	1014.0	1305	1200	3915.0
2020-08-09T12:12:00	1012.4	38.5	48.5	13.1	1013.8	1327	1200	3981.0
2020-08-09T12:32:00	1012.2	38.8	48.9	13.1	1013.7	1331	1200	3993.0
2020-08-09T12:52:00	1012.1	39.3	49.1	13.1	1013.7	1362	1200	4086.0
2020-08-09T13:12:00	1012.1	39.8	49.1	13.1	1013.5	1359	1200	4077.0
2020-08-09T13:32:00	1011.9	40.0	49.2	13.1	1013.2	1295	1200	3885.0
2020-08-09T13:52:00	1011.7	39.9	49.6	13.1	1013.0	1353	1200	4059.0
2020-08-09T14:12:00	1011.6	39.8	49.9	13.0	1012.9	1326	1200	3978.0
2020-08-09T14:32:00	1011.4	39.8	50.1	13.1	1012.7	1325	1200	3975.0
2020-08-09T14:52:00	1011.3	39.9	50.4	13.1	1012.6	1369	1200	4107.0
2020-08-09T15:12:00	1011.4	39.6	50.7	13.1	1012.8	1352	1200	4056.0
2020-08-09T15:32:00	1011.5	39.6	50.9	13.1	1012.9	1342	1200	4026.0
2020-08-09T15:52:00	1011.4	39.1	50.4	13.1	1012.9	1364	1200	4092.0
2020-08-09T16:12:00	1011.4	38.2	51.1	13.1	1012.9	1285	1200	3855.0
2020-08-09T16:32:00	1011.7	37.1	51.6	13.2	1013.1	1368	1200	4104.0
2020-08-09T16:52:00	1011.1	35.3	52.2	13.2	1012.6	1336	1200	4008.0
2020-08-09T17:12:00	1011.2	33.7	53.7	13.3	1013.0	1288	1200	3864.0
2020-08-09T17:32:00	1011.8	32.6	55.1	13.2	1013.5	1319	1200	3957.0
2020-08-09T17:52:00	1012.0	32.2	55.8	12.9	1013.8	1317	1200	3951.0
2020-08-09T18:12:00	1012.2	31.9	55.9	12.9	1014.1	1339	1200	4017.0
2020-08-09T18:32:00	1012.1	31.6	55.7	12.9	1014.0	1328	1200	3984.0
2020-08-09T18:52:00	1012.3	31.0	55.3	12.8	1014.1	1281	1200	3843.0
2020-08-09T19:12:00	1012.1	30.6	55.6	12.8	1014.0	1293	1200	3879.0
2020-08-09T19:32:00	1012.5	30.2	55.4	12.8	1014.4	1251	1200	3753.0
2020-08-09T19:52:00	1012.0	29.7	55.2	12.8	1013.9	1260	1200	3780.0
2020-08-09T20:12:00	1011.9	29.3	55.2	12.8	1013.8	1341	1200	4023.0
2020-08-09T20:32:00	1011.8	28.7	55.2	12.8	1013.7	1322	1200	3966.0
2020-08-09T20:52:00	1012.1	28.1	55.3	12.8	1013.8	1346	1200	4038.0
2020-08-09T21:12:00	1011.9	27.7	55.5	12.8	1014.0	1267	1200	3801.0
2020-08-09T21:32:00	1011.9	27.3	55.7	12.8	1013.9	1317	1200	3951.0
2020-08-09T21:52:00	1011.8	27.0	55.8	12.8	1013.9	1366	1200	4098.0
2020-08-09T22:12:00	1011.9	26.9	55.8	12.8	1014.0	1247	1200	3741.0
2020-08-09T22:32:00	1011.8	26.7	55.5	12.7	1014.0	1328	1200	3984.0
2020-08-09T22:52:00	1011.8	26.4	55.3	12.7	1014.0	1319	1200	3957.0
2020-08-09T23:12:00	1011.7	26.1	55.2	12.7	1013.8	1277	1200	3831.0
2020-08-09T23:32:00	1011.8	25.7	55.1	12.7	1013.8	1254	1200	3762.0
2020-08-09T23:52:00	1011.9	25.4	55.3	12.7	1013.8	1352	1200	4056.0
2020-08-10T00:12:00	1011.8	25.1	55.3	12.7	1013.7	1283	1200	3849.0
2020-08-10T00:32:00	1011.8	24.9	55.4	12.7	1013.8	1332	1200	3996.0
2020-08-10T00:52:00	1011.7	24.7	55.4	12.7	1013.7	1311	1200	3933.0
2020-08-10T01:12:00	1011.7	24.6	55.3	12.7	1013.8	1264	1200	3792.0
2020-08-10T01:32:00	1011.8	24.5	55.1	12.7	1014.0	1261	1200	3783.0
2020-08-10T01:52:00	1011.8	24.4	55.0	12.7	1014.0	1309	1200	3927.0
2020-08-10T02:12:00	1011.9	24.3	55.0	12.7	1014.0	1304	1200	3912.0
2020-08-10T02:32:00	1012.0	24.3	54.8	12.7	1014.2	1295	1200	3885.0
2020-08-10T02:52:00	1011.9	24.0	54.6	12.7	1014.1	1328	1200	3984.0
2020-08-10T03:12:00	1012.0	23.8	54.6	12.7	1014.1	1269	1200	3807.0
2020-08-10T03:32:00	1012.1	23.5	54.5	12.7	1014.1	1323	1200	3969.0
2020-08-10T03:52:00	1012.0	23.1	54.7	12.7	1014.1	1362	1200	4086.0
2020-08-10T04:12:00	1012.0	23.0	54.8	12.7	1014.1	1299	1200	3897.0
2020-08-10T04:32:00	1012.0	22.9	54.8	12.8	1014.1	1271	1200	3813.0
2020-08-10T04:52:00	1012.1	22.9	54.9	12.9	1014.2	1236	1200	3708.0
2020-08-10T05:12:00	1012.1	22.9	54.9	13.1	1014.1	1314	1200	3942.0
2020-08-10T05:32:00	1012.3	23.3	55.8	13.3	1014.4	1362	1200	4086.0
2020-08-10T05:52:00	1012.5	23.9	55.1	13.2	1014.6	1353	1200	4059.0
2020-08-10T06:12:00	1012.7	24.2	54.4	13.5	1014.8	1270	1200	3810.0
2020-08-10T06:32:00	1012.8	24.7	54.3	13.5	1015.0	1285	1200	3855.0
2020-08-10T06:52:00	1013.0	25.7	54.2	13.9	1015.0	1286	1200	3858.0
2020-08-10T07:12:00	1013.0	26.9	53.1	13.9	1015.0	1308	1200	3924.0
2020-08-10T07:32:00	1013.1	27.8	52.0	13.8	1015.1	1263	1200	3789.0
2020-08-10T07:52:00	1013.1	28.7	51.1	13.8	1014.8	1296	1200	3888.0
2020-08-10T08:12:00	1013.1	29.5	50.6	13.8	1014.9	1346	1200	4038.0
2020-08-10T08:32:00	1013.1	30.3	50.2	13.8	1014.9	1338	1200	4014.0
2020-08-10T08:52:00	1013.2	31.2	49.9	13.3	1015.0	1321	1200	3963.0
2020-08-10T09:12:00	1013.2	32.1	49.3	13.3	1014.9	1288	1200	3864.0
2020-08-10T09:32:00	1013.2	32.9	49.1	13.3	1014.9	1268	1200	3804.0
2020-08-10T09:52:00	1013.3	33.6	48.7	13.2	1015.1	1379	1200	4137.0
2020-08-10T10:12:00	1013.4	33.8	48.9	13.2	1015.3	1352	1200	4056.0
2020-08-10T10:32:00	1013.4	34.0	49.2	13.2	1015.2	1294	1200	3882.0
2020-08-10T10:52:00	1013.5	34.5	49.4	13.2	1015.2	1287	1200	3861.0
2020-08-10T11:12:00	1013.5	34.3	49.4	13.2	1015.2	1310	1200	3930.0
2020-08-10T11:32:00	1013.4	34.4	50.4	13.2	1015.1	1295	1200	3885.0
2020-08-10T11:52:00	1013.4	34.7	50.2	13.2	1015.1	1349	1200	4047.0
2020-08-10T12:12:00	1013.2	34.7	50.3	13.2	1015.0	1286	1200	3858.0
2020-08-10T12:32:00	1012.9	35.1	50.7	13.2	1014.5	1328	1200	3984.0
2020-08-10T12:52:00	1012.9	35.5	50.4	13.2	1014.5	1402	1200	4206.0
2020-08-10T13:12:00	1012.8	35.4	50.2	13.2	1014.3	1248	1200	3744.0
2020-08-10T13:32:00	1012.3	35.5	50.8	13.2	1013.8	1270	1200	3810.0
2020-08-10T13:52:00	1012.5	35.9	50.9	13.2	1013.9	1272	1200	3816.0
2020-08-10T14:12:00	1012.7	36.5	50.7	13.2	1014.1	1241	1200	3723.0
2020-08-10T14:32:00	1013.2	37.0	50.5	13.2	1014.7	1335	1200	4005.0
2020-08-10T14:52:00	1012.9	36.7	49.6	13.2	1014.5	1324	1200	3972.0
2020-08-10T15:12:00	1012.8	35.6	50.3	13.2	1014.3	1316	1200	3948.0
2020-08-10T15:32:00	1012.7	34.6	51.5	13.2	1014.5	1319	1200	3957.0
2020-08-10T15:52:00	1012.4	33.7	52.4	13.3	1014.2	1335	1200	4005.0
2020-08-10T16:12:00	1012.3	32.8	52.9	13.3	1013.9	1339	1200	4017.0
2020-08-10T16:32:00	1012.3	32.0	53.8	13.3	1014.0	1310	1200	3930.0
2020-08-10T16:52:00	1012.3	31.8	54.4	13.3	1014.1	1330	1200	3990.0
2020-08-10T17:12:00	1012.3	31.8	54.1	13.3	1014.1	1336	1200	4008.0
2020-08-10T17:32:00	1012.4	31.4	53.8	13.3	1014.2	1303	1200	3909.0
2020-08-10T17:52:00	1012.5	30.8	53.9	13.4	1014.3	1380	1200	4140.0
2020-08-10T18:12:00	1012.6	30.3	54.1	13.0	1014.4	1281	1200	3843.0
2020-08-10T18:32:00	1012.4	29.6	54.3	12.9	1014.3	1273	1200	3819.0
2020-08-10T18:52:00	1012.6	29.0	54.4	12.9	1014.5	1389	1200	4167.0
2020-08-10T19:12:00	1012.8	28.3	54.6	12.9	1014.6	1318	1200	3954.0
2020-08-10T19:32:00	1013.0	27.6	54.8	12.8	1015.0	1301	1200	3903.0
2020-08-10T19:52:00	1013.2	27.0	55.3	12.8	1015.3	1260	1200	3780.0
2020-08-10T20:12:00	1013.1	26.6	55.5	12.8	1015.2	1296	1200	3888.0
2020-08-10T20:32:00	1013.1	26.2	55.4	12.8	1015.2	1319	1200	3957.0
2020-08-10T20:52:00	1013.1	25.8	55.6	12.8	1015.2	1340	1200	4020.0
2020-08-10T21:12:00	1013.2	25.6	55.6	12.8	1015.3	1375	1200	4125.0
2020-08-10T21:32:00	1013.3	25.2	55.4	12.8	1015.5	1299	1200	3897.0
2020-08-10T21:52:00	1013.3	24.7	55.3	12.8	1015.5	1299	1200	3897.0
2020-08-10T22:12:00	1013.3	24.2	55.3	12.8	1015.4	1324	1200	3972.0
2020-08-10T22:32:00	1013.5	23.7	55.5	12.8	1015.5	1304	1200	3912.0
2020-08-10T22:52:00	1013.6	23.4	55.6	12.8	1015.7	1340	1200	4020.0
2020-08-10T23:12:00	1013.5	23.0	55.6	12.7	1015.7	1378	1200	4134.0
2020-08-10T23:32:00	1013.6	22.7	55.7	12.7	1015.7	1276	1200	3828.0
2020-08-10T23:52:00	1013.6	22.5	55.6	12.7	1015.9	1293	1200	3879.0
2020-08-11T00:12:00	1013.6	22.2	55.5	12.7	1015.9	1329	1200	3987.0
2020-08-11T00:32:00	1013.6	21.9	55.6	12.7	1015.9	1307	1200	3921.0
2020-08-11T00:52:00	1013.7	21.7	55.5	12.7	1015.9	1349	1200	4047.0
2020-08-11T01:12:00	1013.9	21.5	55.4	12.7	1016.0	1289	1200	3867.0
2020-08-11T01:32:00	1013.9	21.3	55.3	12.7	1016.0	1316	1200	3948.0
2020-08-11T01:52:00	1013.8	21.0	55.2	12.7	1016.1	1347	1200	4041.0
2020-08-11T02:12:00	1013.8	20.8	55.1	12.7	1016.1	1317	1200	3951.0
2020-08-11T02:32:00	1013.8	20.5	55.1	12.7	1016.0	1299	1200	3897.0
2020-08-11T02:52:00	1013.7	20.4	55.2	12.7	1015.9	1294	1200	3882.0
2020-08-11T03:12:00	1013.7	20.2	55.1	12.7	1015.9	1290	1200	3870.0
2020-08-11T03:32:00	1013.8	19.9	54.9	12.7	1016.0	1282	1200	3846.0
2020-08-11T03:52:00	1014.0	19.6	55.0	12.7	1016.1	1306	1200	3918.0
2020-08-11T04:12:00	1014.0	19.4	55.1	12.7	1016.1	1374	1200	4122.0
2020-08-11T04:32:00	1014.2	19.3	55.2	12.8	1016.3	1255	1200	3765.0
2020-08-11T04:52:00	1014.0	19.4	55.2	12.8	1016.0	1317	1200	3951.0
2020-08-11T05:12:00	1014.0	19.5	55.3	13.0	1016.1	1239	1200	3717.0
2020-08-11T05:32:00	1014.2	20.0	56.5	13.1	1016.4	1310	1200	3930.0
2020-08-11T05:52:00	1014.2	21.0	56.2	13.3	1016.5	1268	1200	3804.0
2020-08-11T06:12:00	1014.3	22.1	55.2	13.4	1016.5	1244	1200	3732.0
2020-08-11T06:32:00	1014.5	23.2	53.9	13.4	1016.6	1308	1200	3924.0
2020-08-11T06:52:00	1014.6	24.3	52.9	13.5	1016.7	1320	1200	3960.0
2020-08-11T07:12:00	1014.8	25.5	51.8	13.5	1016.9	1248	1200	3744.0
2020-08-11T07:32:00	1014.9	26.7	50.8	13.9	1016.9	1266	1200	3798.0
2020-08-11T07:52:00	1014.9	27.8	50.0	13.8	1016.9	1312	1200	3936.0
2020-08-11T08:12:00	1014.9	29.0	49.4	13.8	1016.8	1305	1200	3915.0
2020-08-11T08:32:00	1015.0	30.0	49.0	13.8	1016.6	1272	1200	3816.0
2020-08-11T08:52:00	1015.1	30.9	48.6	13.8	1016.7	1259	1200	3777.0
2020-08-11T09:12:00	1015.0	31.9	48.3	13.3	1016.7	1312	1200	3936.0
2020-08-11T09:32:00	1015.0	32.7	48.2	13.3	1016.7	1250	1200	3750.0
2020-08-11T09:52:00	1015.1	33.5	48.2	13.2	1016.8	1231	1200	3693.0
2020-08-11T10:12:00	1015.2	34.3	48.1	13.2	1016.8	1316	1200	3948.0
2020-08-11T10:32:00	1015.2	34.9	48.1	13.2	1016.8	1287	1200	3861.0
2020-08-11T10:52:00	1015.2	35.6	48.3	13.2	1016.8	1307	1200	3921.0
2020-08-11T11:12:00	1015.0	36.3	48.3	13.2	1016.6	1282	1200	3846.0
2020-08-11T11:32:00	1015.0	36.8	48.3	13.2	1016.4	1317	1200	3951.0
2020-08-11T11:52:00	1014.9	37.1	48.5	13.2	1016.2	1277	1200	3831.0
2020-08-11T12:12:00	1014.8	37.5	48.7	13.1	1016.2	1324	1200	3972.0
2020-08-11T12:32:00	1014.6	37.9	48.8	13.1	1016.2	1297	1200	3891.0
2020-08-11T12:52:00	1014.6	38.1	49.1	13.1	1016.1	1292	1200	3876.0
2020-08-11T13:12:00	1014.3	38.1	49.3	13.1	1015.8	1310	1200	3930.0
2020-08-11T13:32:00	1014.2	38.1	49.7	13.1	1015.6	1352	1200	4056.0
2020-08-11T13:52:00	1014.1	38.1	50.0	13.1	1015.5	1322	1200	3966.0
2020-08-11T14:12:00	1014.0	38.1	50.3	13.1	1015.4	1339	1200	4017.0
2020-08-11T14:32:00	1013.9	38.1	50.4	13.1	1015.4	1293	1200	3879.0
2020-08-11T14:52:00	1013.9	37.6	50.0	13.2	1015.4	1338	1200	4014.0
2020-08-11T15:12:00	1013.7	37.1	51.1	13.1	1015.2	1373	1200	4119.0
2020-08-11T15:32:00	1013.6	37.0	51.4	13.2	1015.1	1369	1200	4107.0
2020-08-11T15:52:00	1013.6	36.8	51.3	13.2	1015.1	1331	1200	3993.0
2020-08-11T16:12:00	1013.4	36.6	51.5	13.2	1014.8	1330	1200	3990.0
2020-08-11T16:32:00	1013.3	36.3	51.5	13.2	1014.7	1321	1200	3963.0
2020-08-11T16:52:00	1013.3	35.9	51.7	13.2	1014.8	1306	1200	3918.0
2020-08-11T17:12:00	1013.4	35.5	51.9	13.2	1015.0	1365	1200	4095.0
2020-08-11T17:32:00	1013.6	35.0	52.2	13.2	1015.3	1316	1200	3948.0
2020-08-11T17:52:00	1013.6	34.6	52.4	13.3	1015.3	1319	1200	3957.0
2020-08-11T18:12:00	1013.6	33.9	52.5	13.3	1015.3	1372	1200	4116.0
2020-08-11T18:32:00	1013.7	33.2	52.8	12.9	1015.4	1301	1200	3903.0
2020-08-11T18:52:00	1013.7	32.3	53.2	12.9	1015.5	1327	1200	3981.0
2020-08-11T19:12:00	1014.1	31.5	53.7	12.9	1015.9	1323	1200	3969.0
2020-08-11T19:32:00	1014.2	30.8	54.1	12.8	1016.0	1341	1200	4023.0
2020-08-11T19:52:00	1014.3	30.1	54.4	12.8	1016.1	1313	1200	3939.0
2020-08-11T20:12:00	1014.3	29.4	54.6	12.8	1016.1	1261	1200	3783.0
2020-08-11T20:32:00	1014.4	28.8	54.7	12.8	1016.5	1353	1200	4059.0
2020-08-11T20:52:00	1014.5	28.3	54.9	12.8	1016.5	1295	1200	3885.0
2020-08-11T21:12:00	1014.5	27.7	54.9	12.8	1016.6	1369	1200	4107.0
2020-08-11T21:32:00	1014.5	27.2	55.0	12.8	1016.6	1347	1200	4041.0
2020-08-11T21:52:00	1014.6	26.7	55.0	12.8	1016.6	1307	1200	3921.0
2020-08-11T22:12:00	1014.5	26.2	55.1	12.8	1016.6	1384	1200	4152.0
2020-08-11T22:32:00	1014.6	25.6	55.1	12.8	1016.8	1335	1200	4005.0
2020-08-11T22:52:00	1014.7	25.2	55.3	12.8	1016.7	1282	1200	3846.0
2020-08-11T23:12:00	1014.6	24.8	55.3	12.7	1016.5	1310	1200	3930.0
2020-08-11T23:32:00	1014.7	24.4	55.3	12.7	1016.5	1293	1200	3879.0
2020-08-11T23:52:00	1014.6	24.1	55.3	12.7	1016.6	1259	1200	3777.0
2020-08-12T00:12:00	1014.6	23.8	55.2	12.7	1016.5	1260	1200	3780.0
2020-08-12T00:32:00	1014.4	23.5	55.2	12.7	1016.4	1302	1200	3906.0
2020-08-12T00:52:00	1014.4	23.3	55.1	12.7	1016.4	1254	1200	3762.0
2020-08-12T01:12:00	1014.4	22.9	55.0	12.7	1016.4	1303	1200	3909.0
2020-08-12T01:32:00	1014.4	22.7	55.0	12.7	1016.5	1326	1200	3978.0
2020-08-12T01:52:00	1014.4	22.3	54.9	12.7	1016.5	1318	1200	3954.0
2020-08-12T02:12:00	1014.4	21.9	54.8	12.7	1016.4	1324	1200	3972.0
2020-08-12T02:32:00	1014.2	21.6	54.9	12.7	1016.2	1368	1200	4104.0
2020-08-12T02:52:00	1014.3	21.4	54.9	12.7	1016.3	1314	1200	3942.0
2020-08-12T03:12:00	1014.2	21.1	54.9	12.7	1016.4	1260	1200	3780.0
2020-08-12T03:32:00	1014.2	21.0	55.0	12.7	1016.4	1323	1200	3969.0
2020-08-12T03:52:00	1014.3	20.9	54.7	12.7	1016.5	1289	1200	3867.0
2020-08-12T04:12:00	1014.5	20.7	54.7	12.7	1016.6	1353	1200	4059.0
2020-08-12T04:32:00	1014.5	20.5	54.6	12.8	1016.5	1348	1200	4044.0
2020-08-12T04:52:00	1014.6	20.4	54.7	12.8	1016.7	1352	1200	4056.0
2020-08-12T05:12:00	1014.8	20.4	54.8	13.0	1016.8	1305	1200	3915.0
2020-08-12T05:32:00	1014.7	21.0	55.8	13.1	1016.8	1273	1200	3819.0
2020-08-12T05:52:00	1014.8	21.8	55.5	13.2	1016.8	1293	1200	3879.0
2020-08-12T06:12:00	1014.9	22.7	54.4	13.3	1017.1	1260	1200	3780.0
2020-08-12T06:32:00	1014.8	23.5	53.3	13.4	1017.0	1338	1200	4014.0
2020-08-12T06:52:00	1014.9	24.6	52.3	13.4	1016.8	1318	1200	3954.0
2020-08-12T07:12:00	1015.0	25.5	51.4	13.5	1017.0	1360	1200	4080.0
2020-08-12T07:32:00	1014.9	26.5	50.6	13.9	1016.9	1282	1200	3846.0
2020-08-12T07:52:00	1015.0	27.4	50.0	13.9	1017.0	1334	1200	4002.0
2020-08-12T08:12:00	1015.0	28.3	49.4	13.8	1017.0	1305	1200	3915.0
2020-08-12T08:32:00	1014.9	29.3	48.9	13.8	1016.6	1277	1200	3831.0
2020-08-12T08:52:00	1014.8	30.1	48.5	13.8	1016.5	1278	1200	3834.0
2020-08-12T09:12:00	1015.0	31.0	48.4	13.3	1016.6	1265	1200	3795.0
2020-08-12T09:32:00	1015.0	31.8	48.0	13.3	1016.6	1286	1200	3858.0
2020-08-12T09:52:00	1015.0	32.7	47.9	13.3	1016.7	1289	1200	3867.0
2020-08-12T10:12:00	1014.9	33.3	47.8	13.3	1016.6	1263	1200	3789.0
2020-08-12T10:32:00	1014.9	34.1	47.8	13.2	1016.5	1326	1200	3978.0
2020-08-12T10:52:00	1014.6	34.6	47.9	13.2	1016.2	1283	1200	3849.0
2020-08-12T11:12:00	1014.6	35.1	48.0	13.2	1016.2	1305	1200	3915.0
2020-08-12T11:32:00	1014.5	35.5	48.1	13.2	1016.2	1364	1200	4092.0
2020-08-12T11:52:00	1014.5	35.9	48.3	13.2	1016.0	1317	1200	3951.0
2020-08-12T12:12:00	1014.3	36.2	48.4	13.2	1015.8	1338	1200	4014.0
2020-08-12T12:32:00	1014.2	36.5	48.7	13.2	1015.5	1362	1200	4086.0
2020-08-12T12:52:00	1014.0	36.7	48.9	13.2	1015.4	1315	1200	3945.0
2020-08-12T13:12:00	1013.8	36.8	49.1	13.2	1015.3	1392	1200	4176.0
2020-08-12T13:32:00	1013.6	36.9	49.3	13.2	1015.0	1361	1200	4083.0
2020-08-12T13:52:00	1013.5	36.8	49.6	13.2	1014.9	1373	1200	4119.0
2020-08-12T14:12:00	1013.3	36.8	49.8	13.2	1014.8	1334	1200	4002.0
2020-08-12T14:32:00	1013.1	36.8	50.0	13.2	1014.6	1318	1200	3954.0
2020-08-12T14:52:00	1013.0	36.7	50.2	13.2	1014.5	1281	1200	3843.0
2020-08-12T15:12:00	1012.9	36.4	50.3	13.2	1014.4	1340	1200	4020.0
2020-08-12T15:32:00	1012.8	36.2	50.4	13.2	1014.3	1305	1200	3915.0
2020-08-12T15:52:00	1012.6	36.0	50.6	13.2	1014.0	1387	1200	4161.0
2020-08-12T16:12:00	1012.2	35.6	50.8	13.2	1013.6	1355	1200	4065.0
2020-08-12T16:32:00	1012.1	35.4	50.8	13.2	1013.5	1428	1200	4284.0
2020-08-12T16:52:00	1011.9	35.1	50.9	13.2	1013.5	1350	1200	4050.0
2020-08-12T17:12:00	1012.0	34.6	51.1	13.2	1013.6	1380	1200	4140.0
2020-08-12T17:32:00	1011.9	34.3	51.3	13.2	1013.7	1362	1200	4086.0
2020-08-12T17:52:00	1012.0	33.8	51.4	13.3	1013.7	1344	1200	4032.0
2020-08-12T18:12:00	1011.9	33.1	51.5	13.3	1013.7	1408	1200	4224.0
2020-08-12T18:32:00	1011.8	32.3	51.8	12.9	1013.5	1395	1200	4185.0
2020-08-12T18:52:00	1011.8	31.1	52.3	12.9	1013.6	1414	1200	4242.0
2020-08-12T19:12:00	1011.8	30.2	52.9	12.9	1013.6	1338	1200	4014.0
2020-08-12T19:32:00	1011.9	29.1	53.5	12.8	1013.7	1403	1200	4209.0
2020-08-12T19:52:00	1011.9	28.4	54.0	12.8	1013.6	1333	1200	3999.0
2020-08-12T20:12:00	1011.9	27.8	54.3	12.8	1014.0	1394	1200	4182.0
2020-08-12T20:32:00	1011.9	27.1	54.2	12.8	1013.9	1317	1200	3951.0
2020-08-12T20:52:00	1011.8	26.4	54.2	12.8	1013.9	1427	1200	4281.0
2020-08-12T21:12:00	1011.8	25.9	54.5	12.8	1013.8	1338	1200	4014.0
2020-08-12T21:32:00	1011.6	25.4	54.6	12.8	1013.7	1359	1200	4077.0
2020-08-12T21:52:00	1011.7	24.9	54.6	12.8	1013.9	1329	1200	3987.0
2020-08-12T22:12:00	1011.7	24.5	54.4	12.8	1013.9	1329	1200	3987.0
2020-08-12T22:32:00	1011.6	24.0	54.5	12.7	1013.8	1420	1200	4260.0
2020-08-12T22:52:00	1011.6	23.7	54.5	12.7	1013.7	1400	1200	4200.0
2020-08-12T23:12:00	1011.6	23.3	54.3	12.7	1013.7	1314	1200	3942.0
2020-08-12T23:32:00	1011.5	23.0	54.3	12.7	1013.5	1352	1200	4056.0
2020-08-12T23:52:00	1011.4	22.6	54.2	12.7	1013.4	1340	1200	4020.0
2020-08-13T00:12:00	1011.1	22.3	54.2	12.7	1013.2	1406	1200	4218.0
2020-08-13T00:32:00	1011.0	22.1	54.3	12.7	1013.1	1312	1200	3936.0
2020-08-13T00:52:00	1010.9	21.9	54.1	12.7	1013.1	1279	1200	3837.0
2020-08-13T01:12:00	1010.7	21.7	54.0	12.7	1012.9	1405	1200	4215.0
2020-08-13T01:32:00	1010.5	21.5	53.9	12.7	1012.8	1342	1200	4026.0
2020-08-13T01:52:00	1010.4	21.3	53.7	12.7	1012.6	1385	1200	4155.0
2020-08-13T02:12:00	1010.4	21.0	53.4	12.7	1012.7	1386	1200	4158.0
2020-08-13T02:32:00	1010.4	20.7	53.4	12.7	1012.6	1384	1200	4152.0
2020-08-13T02:52:00	1010.2	20.3	53.6	12.7	1012.4	1421	1200	4263.0
2020-08-13T03:12:00	1010.5	20.1	53.7	12.7	1012.6	1427	1200	4281.0
2020-08-13T03:32:00	1010.3	19.9	53.7	12.7	1012.4	1265	1200	3795.0
2020-08-13T03:52:00	1010.2	19.8	53.7	12.7	1012.2	1389	1200	4167.0
2020-08-13T04:12:00	1010.2	19.6	53.6	12.7	1012.3	1394	1200	4182.0
2020-08-13T04:32:00	1009.9	19.5	53.6	12.7	1012.1	1358	1200	4074.0
2020-08-13T04:52:00	1009.8	19.5	53.6	12.9	1012.0	1379	1200	4137.0
2020-08-13T05:12:00	1009.8	19.7	54.0	13.3	1011.9	1346	1200	4038.0
2020-08-13T05:32:00	1009.6	20.5	54.6	13.4	1011.9	1334	1200	4002.0
2020-08-13T05:52:00	1009.5	21.6	53.7	13.5	1011.6	1344	1200	4032.0
2020-08-13T06:12:00	1009.6	22.6	52.2	13.6	1011.6	1311	1200	3933.0
2020-08-13T06:32:00	1009.8	23.4	51.1	13.9	1011.9	1380	1200	4140.0
2020-08-13T06:52:00	1009.8	24.0	50.6	14.0	1011.9	1300	1200	3900.0
2020-08-13T07:12:00	1009.8	24.6	50.1	13.9	1011.8	1317	1200	3951.0
2020-08-13T07:32:00	1009.8	25.8	50.4	13.9	1011.8	1377	1200	4131.0
2020-08-13T07:52:00	1009.9	27.2	49.0	13.9	1011.8	1359	1200	4077.0
2020-08-13T08:12:00	1009.9	27.6	48.1	13.8	1011.6	1364	1200	4092.0
2020-08-13T08:32:00	1009.9	27.9	48.2	13.4	1011.7	1339	1200	4017.0
2020-08-13T08:52:00	1010.1	28.4	48.8	13.4	1011.9	1328	1200	3984.0
2020-08-13T09:12:00	1010.0	29.0	48.9	13.4	1011.8	1342	1200	4026.0
2020-08-13T09:32:00	1010.0	30.2	48.5	13.3	1011.9	1373	1200	4119.0
2020-08-13T09:52:00	1009.9	30.8	48.0	13.3	1011.7	1319	1200	3957.0
2020-08-13T10:12:00	1009.9	31.5	48.3	13.3	1011.5	1347	1200	4041.0
2020-08-13T10:32:00	1009.8	31.8	48.0	13.3	1011.4	1387	1200	4161.0
2020-08-13T10:52:00	1009.7	32.1	48.5	13.3	1011.4	1345	1200	4035.0
2020-08-13T11:12:00	1009.6	32.8	48.4	13.3	1011.4	1338	1200	4014.0
2020-08-13T11:32:00	1009.6	33.3	48.5	13.3	1011.4	1406	1200	4218.0
2020-08-13T11:52:00	1009.6	34.4	48.5	13.2	1011.1	1398	1200	4194.0
2020-08-13T12:12:00	1009.6	35.3	47.7	13.2	1011.0	1390	1200	4170.0
2020-08-13T12:32:00	1009.5	34.9	47.4	13.2	1010.9	1419	1200	4257.0
2020-08-13T12:52:00	1009.2	34.1	48.2	13.2	1010.7	1364	1200	4092.0
2020-08-13T13:12:00	1009.1	33.4	49.2	13.3	1010.8	1332	1200	3996.0
2020-08-13T13:32:00	1009.0	32.7	50.0	13.3	1010.7	1351	1200	4053.0
2020-08-13T13:52:00	1008.8	32.1	50.7	13.3	1010.6	1398	1200	4194.0
2020-08-13T14:12:00	1008.6	31.7	51.2	13.3	1010.4	1346	1200	4038.0
2020-08-13T14:32:00	1008.5	31.4	51.5	13.3	1010.3	1369	1200	4107.0
2020-08-13T14:52:00	1008.5	31.0	51.8	13.4	1010.1	1359	1200	4077.0
2020-08-13T15:12:00	1008.4	30.6	51.9	13.4	1010.2	1381	1200	4143.0
2020-08-13T15:32:00	1008.3	30.2	52.2	13.4	1010.2	1388	1200	4164.0
2020-08-13T15:52:00	1008.3	30.1	52.5	13.4	1010.2	1356	1200	4068.0
2020-08-13T16:12:00	1008.1	29.8	52.5	13.4	1009.9	1400	1200	4200.0
2020-08-13T16:32:00	1007.9	29.6	52.6	13.4	1009.8	1328	1200	3984.0
2020-08-13T16:52:00	1007.8	29.4	52.7	13.4	1009.7	1308	1200	3924.0
2020-08-13T17:12:00	1007.8	29.2	52.7	13.4	1009.6	1377	1200	4131.0
2020-08-13T17:32:00	1007.7	29.0	52.7	13.2	1009.6	1387	1200	4161.0
2020-08-13T17:52:00	1007.7	28.8	52.7	13.0	1009.6	1411	1200	4233.0
2020-08-13T18:12:00	1007.8	28.5	52.7	12.9	1009.6	1394	1200	4182.0
2020-08-13T18:32:00	1007.8	28.2	52.8	12.9	1009.7	1381	1200	4143.0
2020-08-13T18:52:00	1007.9	27.9	53.0	12.9	1009.8	1365	1200	4095.0
2020-08-13T19:12:00	1008.1	27.4	53.1	12.9	1010.0	1328	1200	3984.0
2020-08-13T19:32:00	1008.1	27.1	53.3	12.8	1010.0	1396	1200	4188.0
2020-08-13T19:52:00	1008.2	26.8	53.4	12.8	1010.0	1360	1200	4080.0
2020-08-13T20:12:00	1008.3	26.6	53.6	12.8	1010.0	1397	1200	4191.0
2020-08-13T20:32:00	1008.4	26.4	53.6	12.8	1010.4	1363	1200	4089.0
2020-08-13T20:52:00	1008.5	26.2	53.6	12.8	1010.6	1352	1200	4056.0
2020-08-13T21:12:00	1008.7	26.0	53.7	12.8	1010.8	1304	1200	3912.0
2020-08-13T21:32:00	1008.6	25.9	53.6	12.8	1010.6	1410	1200	4230.0
2020-08-13T21:52:00	1008.5	25.7	53.6	12.8	1010.5	1370	1200	4110.0
2020-08-13T22:12:00	1008.3	25.6	53.5	12.8	1010.3	1324	1200	3972.0
2020-08-13T22:32:00	1008.2	25.3	53.5	12.8	1010.3	1279	1200	3837.0
2020-08-13T22:52:00	1008.1	25.0	53.7	12.7	1010.3	1459	1200	4377.0
2020-08-13T23:12:00	1008.0	24.8	53.6	12.7	1010.1	1367	1200	4101.0
2020-08-13T23:32:00	1007.8	24.5	53.6	12.7	1009.9	1399	1200	4197.0
2020-08-13T23:52:00	1007.8	24.2	53.7	12.7	1009.9	1357	1200	4071.0
2020-08-14T00:12:00	1007.8	24.0	53.9	12.7	1009.9	1378	1200	4134.0
2020-08-14T00:32:00	1007.6	23.9	54.0	12.7	1009.7	1343	1200	4029.0
2020-08-14T00:52:00	1007.9	23.9	53.9	12.7	1010.1	1340	1200	4020.0
2020-08-14T01:12:00	1007.9	23.8	53.8	12.7	1010.0	1380	1200	4140.0
2020-08-14T01:32:00	1008.0	23.6	53.8	12.7	1010.1	1365	1200	4095.0
2020-08-14T01:52:00	1007.9	23.5	53.7	12.7	1009.9	1361	1200	4083.0
2020-08-14T02:12:00	1007.8	23.5	53.7	12.7	1009.9	1374	1200	4122.0
2020-08-14T02:32:00	1007.7	23.2	53.3	12.7	1009.7	1383	1200	4149.0
2020-08-14T02:52:00	1007.5	22.8	53.3	12.7	1009.5	1352	1200	4056.0
2020-08-14T03:12:00	1007.5	22.3	53.5	12.7	1009.6	1351	1200	4053.0
2020-08-14T03:32:00	1007.2	22.0	53.8	12.7	1009.3	1370	1200	4110.0
2020-08-14T03:52:00	1007.0	21.7	54.1	12.7	1009.1	1335	1200	4005.0
2020-08-14T04:12:00	1007.1	21.6	54.3	12.7	1009.2	1337	1200	4011.0
2020-08-14T04:32:00	1007.2	21.6	54.4	12.7	1009.3	1381	1200	4143.0
2020-08-14T04:52:00	1007.0	21.6	54.5	12.7	1009.1	1366	1200	4098.0
2020-08-14T05:12:00	1007.0	21.8	54.5	12.8	1009.1	1448	1200	4344.0
2020-08-14T05:32:00	1007.2	22.0	54.5	13.0	1009.3	1324	1200	3972.0
2020-08-14T05:52:00	1007.5	22.2	54.4	13.3	1009.6	1331	1200	3993.0
2020-08-14T06:12:00	1007.5	22.7	54.5	13.4	1009.6	1392	1200	4176.0
2020-08-14T06:32:00	1007.6	23.1	53.8	13.5	1009.7	1362	1200	4086.0
2020-08-14T06:52:00	1007.6	23.5	53.4	13.7	1009.7	1330	1200	3990.0
2020-08-14T07:12:00	1007.7	24.0	53.1	14.0	1009.8	1325	1200	3975.0
2020-08-14T07:32:00	1007.7	24.5	52.7	13.9	1009.8	1292	1200	3876.0
2020-08-14T07:52:00	1007.9	25.4	52.6	13.9	1009.9	1380	1200	4140.0
2020-08-14T08:12:00	1007.9	26.5	51.9	13.9	1009.6	1335	1200	4005.0
2020-08-14T08:32:00	1007.9	27.8	50.8	13.9	1009.8	1390	1200	4170.0
2020-08-14T08:52:00	1008.1	28.6	49.7	13.4	1009.9	1427	1200	4281.0
2020-08-14T09:12:00	1008.2	29.1	49.4	13.4	1010.0	1370	1200	4110.0
2020-08-14T09:32:00	1008.1	29.9	49.6	13.4	1009.9	1392	1200	4176.0
2020-08-14T09:52:00	1008.1	30.8	49.0	13.4	1009.7	1328	1200	3984.0
2020-08-14T10:12:00	1008.0	31.4	49.0	13.3	1009.7	1273	1200	3819.0
2020-08-14T10:32:00	1008.0	32.3	48.8	13.3	1009.8	1331	1200	3993.0
2020-08-14T10:52:00	1008.0	33.3	48.5	13.2	1009.7	1361	1200	4083.0
2020-08-14T11:12:00	1008.0	34.1	48.2	13.2	1009.4	1335	1200	4005.0
2020-08-14T11:32:00	1008.1	34.6	48.1	13.2	1009.6	1274	1200	3822.0
2020-08-14T11:52:00	1008.1	34.9	48.3	13.2	1009.7	1291	1200	3873.0
2020-08-14T12:12:00	1007.9	34.9	48.6	13.2	1009.5	1334	1200	4002.0
2020-08-14T12:32:00	1007.7	34.8	49.1	13.2	1009.3	1351	1200	4053.0
2020-08-14T12:52:00	1007.6	34.8	49.5	13.2	1009.2	1430	1200	4290.0
2020-08-14T13:12:00	1007.4	34.8	49.8	13.2	1009.0	1425	1200	4275.0
2020-08-14T13:32:00	1007.4	34.4	49.8	13.2	1009.0	1296	1200	3888.0
2020-08-14T13:52:00	1007.2	34.1	49.9	13.2	1008.7	1430	1200	4290.0
2020-08-14T14:12:00	1007.1	33.5	50.3	13.3	1008.5	1389	1200	4167.0
2020-08-14T14:32:00	1007.1	33.0	50.7	13.3	1008.7	1393	1200	4179.0
2020-08-14T14:52:00	1007.0	32.5	51.3	13.3	1008.7	1300	1200	3900.0
2020-08-14T15:12:00	1007.2	32.1	51.7	13.3	1009.0	1362	1200	4086.0
2020-08-14T15:32:00	1007.2	31.8	51.9	13.3	1009.1	1351	1200	4053.0
2020-08-14T15:52:00	1007.1	31.5	52.2	13.3	1009.0	1350	1200	4050.0
2020-08-14T16:12:00	1007.1	31.3	52.3	13.3	1009.0	1350	1200	4050.0
2020-08-14T16:32:00	1007.1	31.1	52.3	13.3	1008.9	1358	1200	4074.0
2020-08-14T16:52:00	1007.1	30.8	52.3	13.4	1008.9	1404	1200	4212.0
2020-08-14T17:12:00	1007.2	30.5	52.4	13.0	1008.9	1389	1200	4167.0
2020-08-14T17:32:00	1007.4	30.1	52.5	12.9	1009.3	1382	1200	4146.0
2020-08-14T17:52:00	1007.5	29.7	52.7	12.9	1009.4	1367	1200	4101.0
2020-08-14T18:12:00	1007.6	29.3	52.8	12.9	1009.5	1377	1200	4131.0
2020-08-14T18:32:00	1007.7	28.9	53.0	12.9	1009.7	1333	1200	3999.0
2020-08-14T18:52:00	1007.8	28.4	53.0	12.9	1009.7	1400	1200	4200.0
2020-08-14T19:12:00	1007.9	27.9	53.2	12.9	1009.8	1354	1200	4062.0
2020-08-14T19:32:00	1008.1	27.4	53.4	12.8	1010.0	1326	1200	3978.0
2020-08-14T19:52:00	1008.1	27.1	53.6	12.8	1010.0	1385	1200	4155.0
2020-08-14T20:12:00	1008.1	26.6	53.6	12.8	1009.9	1367	1200	4101.0
2020-08-14T20:32:00	1008.1	26.3	53.6	12.8	1009.9	1389	1200	4167.0
2020-08-14T20:52:00	1008.1	25.9	53.6	12.8	1010.2	1396	1200	4188.0
2020-08-14T21:12:00	1008.1	25.4	53.7	12.8	1010.2	1371	1200	4113.0
2020-08-14T21:32:00	1008.1	25.0	53.8	12.8	1010.2	1325	1200	3975.0
2020-08-14T21:52:00	1008.1	24.5	53.8	12.8	1010.3	1282	1200	3846.0
2020-08-14T22:12:00	1008.2	24.1	53.9	12.8	1010.3	1345	1200	4035.0
2020-08-14T22:32:00	1008.1	23.6	54.0	12.8	1010.2	1365	1200	4095.0
2020-08-14T22:52:00	1008.2	23.2	54.1	12.7	1010.2	1372	1200	4116.0
2020-08-14T23:12:00	1008.2	22.9	54.3	12.7	1010.4	1377	1200	4131.0
2020-08-14T23:32:00	1008.3	22.7	54.4	12.7	1010.5	1287	1200	3861.0
2020-08-14T23:52:00	1008.3	22.6	54.3	12.7	1010.5	1346	1200	4038.0
2020-08-15T00:12:00	1008.3	22.4	54.1	12.7	1010.5	1346	1200	4038.0
2020-08-15T00:32:00	1008.2	22.3	53.9	12.7	1010.3	1341	1200	4023.0
2020-08-15T00:52:00	1008.2	21.9	53.7	12.7	1010.3	1353	1200	4059.0
2020-08-15T01:12:00	1008.2	21.4	53.7	12.7	1010.3	1373	1200	4119.0
2020-08-15T01:32:00	1008.3	21.0	53.8	12.7	1010.4	1293	1200	3879.0
2020-08-15T01:52:00	1008.2	20.6	54.1	12.7	1010.3	1361	1200	4083.0
2020-08-15T02:12:00	1008.2	20.4	54.2	12.7	1010.3	1317	1200	3951.0
2020-08-15T02:32:00	1008.2	20.1	53.9	12.7	1010.4	1415	1200	4245.0
2020-08-15T02:52:00	1008.0	19.8	54.0	12.7	1010.3	1358	1200	4074.0
2020-08-15T03:12:00	1008.0	19.4	54.1	12.7	1010.2	1363	1200	4089.0
2020-08-15T03:32:00	1008.1	19.1	54.0	12.7	1010.2	1330	1200	3990.0
2020-08-15T03:52:00	1008.2	18.8	54.1	12.7	1010.3	1316	1200	3948.0
2020-08-15T04:12:00	1008.3	18.5	54.2	12.7	1010.5	1342	1200	4026.0
2020-08-15T04:32:00	1008.4	18.3	54.3	12.7	1010.6	1308	1200	3924.0
2020-08-15T04:52:00	1008.4	18.2	54.3	12.8	1010.5	1307	1200	3921.0
2020-08-15T05:12:00	1008.4	18.3	54.4	13.0	1010.6	1343	1200	4029.0
2020-08-15T05:32:00	1008.5	18.7	55.5	13.2	1010.8	1318	1200	3954.0
2020-08-15T05:52:00	1008.6	19.5	55.7	13.3	1010.8	1354	1200	4062.0
2020-08-15T06:12:00	1008.7	20.7	55.0	13.5	1010.9	1316	1200	3948.0
2020-08-15T06:32:00	1008.8	22.1	53.7	13.5	1010.8	1309	1200	3927.0
2020-08-15T06:52:00	1009.0	23.5	52.2	13.5	1011.1	1318	1200	3954.0
2020-08-15T07:12:00	1009.2	24.8	50.8	13.7	1011.2	1364	1200	4092.0
2020-08-15T07:32:00	1009.3	25.9	49.8	13.9	1011.4	1319	1200	3957.0
2020-08-15T07:52:00	1009.5	26.9	49.2	13.9	1011.4	1349	1200	4047.0
2020-08-15T08:12:00	1009.6	27.8	48.7	13.9	1011.4	1331	1200	3993.0
2020-08-15T08:32:00	1009.8	28.8	48.4	13.8	1011.6	1300	1200	3900.0
2020-08-15T08:52:00	1009.9	29.9	48.0	13.8	1011.7	1408	1200	4224.0
2020-08-15T09:12:00	1009.9	30.7	47.6	13.3	1011.6	1407	1200	4221.0
2020-08-15T09:32:00	1009.9	31.5	47.6	13.3	1011.5	1362	1200	4086.0
2020-08-15T09:52:00	1009.9	32.4	47.5	13.3	1011.6	1346	1200	4038.0
2020-08-15T10:12:00	1009.9	32.9	47.3	13.3	1011.6	1332	1200	3996.0
2020-08-15T10:32:00	1009.9	33.6	47.5	13.2	1011.6	1385	1200	4155.0
2020-08-15T10:52:00	1009.9	34.6	47.7	13.2	1011.4	1403	1200	4209.0
2020-08-15T11:12:00	1009.8	35.4	47.3	13.2	1011.2	1284	1200	3852.0
2020-08-15T11:32:00	1009.8	35.8	47.5	13.2	1011.3	1370	1200	4110.0
2020-08-15T11:52:00	1009.8	36.3	47.6	13.2	1011.2	1321	1200	3963.0
2020-08-15T12:12:00	1009.7	36.8	47.8	13.2	1011.2	1328	1200	3984.0
2020-08-15T12:32:00	1009.6	36.4	48.1	13.2	1011.0	1371	1200	4113.0
2020-08-15T12:52:00	1009.4	36.6	48.7	13.2	1010.8	1348	1200	4044.0
2020-08-15T13:12:00	1009.4	37.0	49.0	13.1	1010.9	1369	1200	4107.0
2020-08-15T13:32:00	1009.4	37.3	48.9	13.1	1010.9	1338	1200	4014.0
2020-08-15T13:52:00	1009.2	36.9	48.9	13.2	1010.6	1398	1200	4194.0
2020-08-15T14:12:00	1009.1	36.7	49.6	13.2	1010.6	1404	1200	4212.0
2020-08-15T14:32:00	1009.0	36.8	49.8	13.2	1010.4	1305	1200	3915.0
2020-08-15T14:52:00	1008.9	36.7	49.9	13.2	1010.4	1314	1200	3942.0
2020-08-15T15:12:00	1008.8	36.5	50.1	13.2	1010.3	1355	1200	4065.0
2020-08-15T15:32:00	1008.7	36.3	50.3	13.2	1010.2	1326	1200	3978.0
2020-08-15T15:52:00	1008.7	36.3	50.3	13.2	1010.2	1376	1200	4128.0
2020-08-15T16:12:00	1008.6	35.9	50.1	13.2	1010.1	1420	1200	4260.0
2020-08-15T16:32:00	1008.6	35.1	50.5	13.2	1010.2	1347	1200	4041.0
2020-08-15T16:52:00	1008.6	34.6	51.4	13.2	1010.2	1323	1200	3969.0
2020-08-15T17:12:00	1008.8	34.4	51.5	13.2	1010.3	1432	1200	4296.0
2020-08-15T17:32:00	1008.8	34.1	51.5	13.3	1010.3	1389	1200	4167.0
2020-08-15T17:52:00	1008.9	33.6	51.6	13.0	1010.6	1355	1200	4065.0
2020-08-15T18:12:00	1009.3	32.9	51.7	12.9	1011.2	1375	1200	4125.0
2020-08-15T18:32:00	1009.6	32.1	52.1	12.9	1011.4	1334	1200	4002.0
2020-08-15T18:52:00	1009.5	31.3	52.5	12.8	1011.2	1379	1200	4137.0
2020-08-15T19:12:00	1009.5	30.5	53.0	12.8	1011.3	1357	1200	4071.0
2020-08-15T19:32:00	1009.5	29.9	53.6	12.8	1011.4	1314	1200	3942.0
2020-08-15T19:52:00	1009.6	29.4	53.8	12.8	1011.5	1336	1200	4008.0
2020-08-15T20:12:00	1009.7	29.0	53.8	12.8	1011.6	1301	1200	3903.0
2020-08-15T20:32:00	1009.7	28.7	53.7	12.8	1011.5	1432	1200	4296.0
2020-08-15T20:52:00	1009.7	28.3	53.7	12.8	1011.6	1365	1200	4095.0
2020-08-15T21:12:00	1009.7	27.8	53.6	12.8	1011.6	1382	1200	4146.0
2020-08-15T21:32:00	1009.7	27.1	53.5	12.8	1011.4	1338	1200	4014.0
2020-08-15T21:52:00	1009.7	26.5	53.6	12.8	1011.8	1345	1200	4035.0
2020-08-15T22:12:00	1009.7	25.8	53.9	12.8	1011.9	1388	1200	4164.0
2020-08-15T22:32:00	1009.8	25.2	54.1	12.7	1011.9	1404	1200	4212.0
2020-08-15T22:52:00	1009.8	24.7	54.2	12.7	1011.6	1356	1200	4068.0
2020-08-15T23:12:00	1009.7	24.2	54.4	12.7	1011.3	1316	1200	3948.0
2020-08-15T23:32:00	1009.5	23.7	54.3	12.7	1011.2	1392	1200	4176.0
2020-08-15T23:52:00	1009.4	23.1	54.3	12.7	1011.2	1301	1200	3903.0
2020-08-16T00:12:00	1009.4	22.6	54.5	12.7	1011.1	1344	1200	4032.0
2020-08-16T00:32:00	1009.5	22.3	54.5	12.7	1011.2	1358	1200	4074.0
2020-08-16T00:52:00	1009.5	21.9	54.5	12.7	1011.2	1378	1200	4134.0
2020-08-16T01:12:00	1009.4	21.5	54.5	12.7	1011.2	1262	1200	3786.0
2020-08-16T01:32:00	1009.4	21.2	54.5	12.7	1011.3	1356	1200	4068.0
2020-08-16T01:52:00	1009.3	20.9	54.5	12.7	1011.3	1397	1200	4191.0
2020-08-16T02:12:00	1009.3	20.7	54.5	12.7	1011.3	1368	1200	4104.0
2020-08-16T02:32:00	1009.4	20.5	54.3	12.7	1011.4	1343	1200	4029.0
2020-08-16T02:52:00	1009.4	20.2	54.2	12.6	1011.4	1397	1200	4191.0
2020-08-16T03:12:00	1009.5	20.0	54.2	12.7	1011.5	1377	1200	4131.0
2020-08-16T03:32:00	1009.4	19.7	54.2	12.7	1011.4	1378	1200	4134.0
2020-08-16T03:52:00	1009.6	19.6	54.3	12.6	1011.5	1405	1200	4215.0
2020-08-16T04:12:00	1009.5	19.5	54.3	12.7	1011.4	1349	1200	4047.0
2020-08-16T04:32:00	1009.7	19.5	54.3	12.7	1011.5	1377	1200	4131.0
2020-08-16T04:52:00	1009.7	19.5	54.2	12.8	1011.6	1321	1200	3963.0
2020-08-16T05:12:00	1009.9	19.7	54.3	12.9	1011.8	1295	1200	3885.0
2020-08-16T05:32:00	1009.9	20.3	55.2	13.1	1011.9	1367	1200	4101.0
2020-08-16T05:52:00	1009.9	21.1	55.0	13.3	1012.0	1344	1200	4032.0
2020-08-16T06:12:00	1010.0	22.2	54.1	13.3	1011.9	1363	1200	4089.0
2020-08-16T06:32:00	1010.2	23.1	52.9	13.4	1012.1	1344	1200	4032.0
2020-08-16T06:52:00	1010.2	24.2	51.9	13.4	1012.1	1404	1200	4212.0
2020-08-16T07:12:00	1010.2	25.1	50.9	13.5	1012.1	1379	1200	4137.0
2020-08-16T07:32:00	1010.2	26.2	50.1	13.9	1012.2	1304	1200	3912.0
2020-08-16T07:52:00	1010.2	27.2	49.3	13.9	1012.0	1403	1200	4209.0
2020-08-16T08:12:00	1010.2	28.3	48.7	13.8	1012.0	1384	1200	4152.0
2020-08-16T08:32:00	1010.3	29.2	48.2	13.8	1012.2	1400	1200	4200.0
2020-08-16T08:52:00	1010.2	30.2	47.8	13.7	1012.1	1361	1200	4083.0
2020-08-16T09:12:00	1010.2	30.9	47.5	13.3	1012.0	1419	1200	4257.0
2020-08-16T09:32:00	1010.2	31.7	47.4	13.3	1011.8	1325	1200	3975.0
2020-08-16T09:52:00	1010.1	32.4	47.2	13.3	1011.9	1386	1200	4158.0
2020-08-16T10:12:00	1009.9	33.2	47.1	13.2	1011.7	1324	1200	3972.0
2020-08-16T10:32:00	1009.8	33.8	47.2	13.2	1011.5	1404	1200	4212.0
2020-08-16T10:52:00	1009.7	34.3	47.3	13.2	1011.3	1421	1200	4263.0
2020-08-16T11:12:00	1009.6	34.8	47.4	13.2	1011.0	1379	1200	4137.0
2020-08-16T11:32:00	1009.6	35.3	47.6	13.2	1011.1	1382	1200	4146.0
2020-08-16T11:52:00	1009.5	35.6	47.8	13.2	1011.0	1370	1200	4110.0
2020-08-16T12:12:00	1009.3	36.0	48.0	13.2	1010.9	1455	1200	4365.0
2020-08-16T12:32:00	1009.2	36.3	48.1	13.2	1010.6	1378	1200	4134.0
2020-08-16T12:52:00	1008.9	36.3	48.3	13.2	1010.3	1384	1200	4152.0
2020-08-16T13:12:00	1008.9	36.4	48.7	13.2	1010.4	1473	1200	4419.0
2020-08-16T13:32:00	1008.7	36.5	48.9	13.2	1010.2	1389	1200	4167.0
2020-08-16T13:52:00	1008.7	36.5	49.1	13.2	1010.2	1404	1200	4212.0
2020-08-16T14:12:00	1008.5	36.4	49.2	13.2	1010.0	1453	1200	4359.0
2020-08-16T14:32:00	1008.4	36.3	49.4	13.2	1009.9	1451	1200	4353.0
2020-08-16T14:52:00	1008.3	36.1	49.6	13.2	1009.8	1342	1200	4026.0
2020-08-16T15:12:00	1008.1	35.8	49.8	13.2	1009.6	1462	1200	4386.0
2020-08-16T15:32:00	1008.0	35.6	50.0	13.2	1009.4	1468	1200	4404.0
2020-08-16T15:52:00	1007.8	35.3	50.2	13.2	1009.3	1420	1200	4260.0
2020-08-16T16:12:00	1007.6	34.9	50.2	13.2	1009.2	1384	1200	4152.0
2020-08-16T16:32:00	1007.5	34.6	50.4	13.2	1009.1	1444	1200	4332.0
2020-08-16T16:52:00	1007.3	34.2	50.6	13.2	1008.9	1439	1200	4317.0
2020-08-16T17:12:00	1007.2	33.7	50.8	13.3	1008.8	1392	1200	4176.0
2020-08-16T17:32:00	1007.3	33.3	50.8	13.3	1008.8	1417	1200	4251.0
2020-08-16T17:52:00	1007.3	32.7	51.0	13.3	1009.0	1438	1200	4314.0
2020-08-16T18:12:00	1007.1	32.0	51.1	12.9	1008.9	1420	1200	4260.0
2020-08-16T18:32:00	1007.2	31.0	51.4	12.9	1009.0	1437	1200	4311.0
2020-08-16T18:52:00	1007.1	29.8	51.9	12.8	1009.0	1440	1200	4320.0
2020-08-16T19:12:00	1007.2	28.8	52.5	12.8	1009.0	1505	1200	4515.0
2020-08-16T19:32:00	1007.1	27.8	53.0	12.8	1009.1	1435	1200	4305.0
2020-08-16T19:52:00	1007.1	26.9	53.5	12.8	1009.0	1455	1200	4365.0
2020-08-16T20:12:00	1007.1	26.1	53.8	12.8	1008.9	1449	1200	4347.0
2020-08-16T20:32:00	1007.0	25.5	54.0	12.8	1009.1	1382	1200	4146.0
2020-08-16T20:52:00	1007.0	24.9	54.3	12.8	1009.1	1394	1200	4182.0
2020-08-16T21:12:00	1007.0	24.5	54.2	12.8	1009.1	1361	1200	4083.0
2020-08-16T21:32:00	1006.9	24.1	54.1	12.8	1009.0	1373	1200	4119.0
2020-08-16T21:52:00	1006.9	23.7	53.9	12.8	1009.0	1422	1200	4266.0
2020-08-16T22:12:00	1006.8	23.4	54.1	12.8	1009.0	1458	1200	4374.0
2020-08-16T22:32:00	1006.8	23.2	54.0	12.8	1008.9	1403	1200	4209.0
2020-08-16T22:52:00	1006.7	23.1	53.9	12.8	1008.8	1450	1200	4350.0
2020-08-16T23:12:00	1006.5	23.1	53.7	12.7	1008.7	1444	1200	4332.0
2020-08-16T23:32:00	1006.3	23.0	53.4	12.7	1008.5	1481	1200	4443.0
2020-08-16T23:52:00	1006.2	22.9	53.1	12.7	1008.3	1431	1200	4293.0
2020-08-17T00:12:00	1006.1	22.7	52.8	12.7	1008.2	1377	1200	4131.0
2020-08-17T00:32:00	1006.0	22.4	52.7	12.7	1008.1	1424	1200	4272.0
2020-08-17T00:52:00	1005.9	22.0	52.9	12.7	1008.1	1419	1200	4257.0
2020-08-17T01:12:00	1005.9	21.7	52.9	12.7	1008.1	1450	1200	4350.0
2020-08-17T01:32:00	1005.9	21.3	52.8	12.7	1008.0	1402	1200	4206.0
2020-08-17T01:52:00	1005.9	20.9	52.9	12.7	1007.9	1420	1200	4260.0
2020-08-17T02:12:00	1005.6	20.5	53.1	12.7	1007.7	1496	1200	4488.0
2020-08-17T02:32:00	1005.5	20.2	53.2	12.7	1007.5	1458	1200	4374.0
2020-08-17T02:52:00	1005.4	19.9	53.3	12.7	1007.5	1380	1200	4140.0
2020-08-17T03:12:00	1005.4	19.7	53.3	12.7	1007.5	1486	1200	4458.0
2020-08-17T03:32:00	1005.3	19.5	53.2	12.7	1007.5	1475	1200	4425.0
2020-08-17T03:52:00	1005.3	19.3	53.1	12.6	1007.6	1339	1200	4017.0
2020-08-17T04:12:00	1005.3	19.0	53.1	12.7	1007.5	1363	1200	4089.0
2020-08-17T04:32:00	1005.3	18.8	53.0	12.7	1007.6	1452	1200	4356.0
2020-08-17T04:52:00	1005.2	18.7	53.2	12.8	1007.5	1388	1200	4164.0
2020-08-17T05:12:00	1005.2	18.7	53.7	12.9	1007.5	1440	1200	4320.0
2020-08-17T05:32:00	1005.1	19.2	54.6	13.1	1007.4	1363	1200	4089.0
2020-08-17T05:52:00	1005.1	20.3	54.5	13.2	1007.2	1466	1200	4398.0
2020-08-17T06:12:00	1005.1	21.5	53.3	13.3	1007.3	1408	1200	4224.0
2020-08-17T06:32:00	1005.1	22.7	51.9	13.4	1007.2	1413	1200	4239.0
2020-08-17T06:52:00	1005.0	23.9	50.6	13.4	1007.2	1473	1200	4419.0
2020-08-17T07:12:00	1005.0	25.0	49.7	13.5	1006.9	1443	1200	4329.0
2020-08-17T07:32:00	1004.9	26.1	48.9	13.9	1006.8	1431	1200	4293.0
2020-08-17T07:52:00	1005.0	27.2	48.2	13.9	1006.8	1379	1200	4137.0
2020-08-17T08:12:00	1005.0	28.3	47.6	13.8	1006.9	1377	1200	4131.0
2020-08-17T08:32:00	1005.0	29.3	47.2	13.8	1006.8	1440	1200	4320.0
2020-08-17T08:52:00	1004.9	30.1	47.1	13.8	1006.8	1454	1200	4362.0
2020-08-17T09:12:00	1004.9	31.1	46.9	13.3	1006.7	1482	1200	4446.0
2020-08-17T09:32:00	1004.9	31.9	46.6	13.3	1006.6	1473	1200	4419.0
2020-08-17T09:52:00	1004.9	32.7	46.5	13.3	1006.4	1390	1200	4170.0
2020-08-17T10:12:00	1005.0	33.6	46.5	13.2	1006.6	1360	1200	4080.0
2020-08-17T10:32:00	1004.9	34.2	46.5	13.2	1006.4	1434	1200	4302.0
2020-08-17T10:52:00	1004.9	34.8	46.8	13.2	1006.5	1440	1200	4320.0
2020-08-17T11:12:00	1004.8	35.1	46.6	13.2	1006.3	1413	1200	4239.0
2020-08-17T11:32:00	1004.8	35.4	47.3	13.2	1006.3	1408	1200	4224.0
2020-08-17T11:52:00	1004.6	36.0	47.3	13.2	1006.3	1341	1200	4023.0
2020-08-17T12:12:00	1004.4	36.5	47.4	13.2	1005.9	1423	1200	4269.0
2020-08-17T12:32:00	1004.4	36.8	47.5	13.2	1005.9	1445	1200	4335.0
2020-08-17T12:52:00	1004.3	36.8	47.8	13.1	1005.7	1427	1200	4281.0
2020-08-17T13:12:00	1004.1	36.9	48.2	13.1	1005.5	1463	1200	4389.0
2020-08-17T13:32:00	1003.7	37.1	48.3	13.2	1005.2	1444	1200	4332.0
2020-08-17T13:52:00	1003.5	37.3	48.6	13.2	1005.0	1459	1200	4377.0
2020-08-17T14:12:00	1003.5	37.2	48.6	13.2	1005.0	1471	1200	4413.0
2020-08-17T14:32:00	1003.4	36.9	49.0	13.2	1004.9	1486	1200	4458.0
2020-08-17T14:52:00	1003.5	36.4	48.8	13.2	1004.9	1422	1200	4266.0
2020-08-17T15:12:00	1003.4	35.6	49.4	13.2	1005.0	1443	1200	4329.0
2020-08-17T15:32:00	1003.2	34.9	50.1	13.2	1004.9	1478	1200	4434.0
2020-08-17T15:52:00	1003.1	34.5	50.6	13.2	1004.7	1409	1200	4227.0
2020-08-17T16:12:00	1003.0	34.1	51.0	13.2	1004.7	1468	1200	4404.0
2020-08-17T16:32:00	1003.0	33.9	51.0	13.3	1004.7	1448	1200	4344.0
2020-08-17T16:52:00	1002.9	33.6	51.0	13.3	1004.6	1396	1200	4188.0
2020-08-17T17:12:00	1002.9	33.4	50.9	13.3	1004.5	1514	1200	4542.0
2020-08-17T17:32:00	1003.0	32.6	50.9	13.3	1004.8	1350	1200	4050.0
2020-08-17T17:52:00	1003.0	31.7	51.4	13.3	1004.6	1444	1200	4332.0
2020-08-17T18:12:00	1003.1	30.8	52.0	12.9	1004.9	1476	1200	4428.0
2020-08-17T18:32:00	1003.3	30.1	52.5	12.9	1005.2	1418	1200	4254.0
2020-08-17T18:52:00	1003.4	29.5	52.8	12.8	1005.3	1465	1200	4395.0
2020-08-17T19:12:00	1003.4	28.8	53.0	12.8	1005.2	1433	1200	4299.0
2020-08-17T19:32:00	1003.5	28.2	53.2	12.8	1005.5	1412	1200	4236.0
2020-08-17T19:52:00	1003.7	27.6	53.5	12.8	1005.7	1456	1200	4368.0
2020-08-17T20:12:00	1004.1	27.2	53.7	12.8	1006.1	1371	1200	4113.0
2020-08-17T20:32:00	1004.2	26.8	53.5	12.8	1006.1	1446	1200	4338.0
2020-08-17T20:52:00	1004.3	26.2	53.5	12.8	1006.2	1379	1200	4137.0
2020-08-17T21:12:00	1004.2	25.7	53.6	12.8	1006.2	1459	1200	4377.0
2020-08-17T21:32:00	1004.2	25.3	53.8	12.8	1006.1	1423	1200	4269.0
2020-08-17T21:52:00	1004.1	24.8	53.7	12.8	1005.9	1378	1200	4134.0
2020-08-17T22:12:00	1004.0	24.4	53.8	12.8	1006.1	1402	1200	4206.0
2020-08-17T22:32:00	1003.8	24.2	54.1	12.8	1006.0	1433	1200	4299.0
2020-08-17T22:52:00	1003.8	24.1	54.0	12.7	1005.9	1431	1200	4293.0
2020-08-17T23:12:00	1003.7	24.0	53.8	12.7	1005.9	1437	1200	4311.0
2020-08-17T23:32:00	1003.6	23.8	53.6	12.7	1005.8	1457	1200	4371.0
2020-08-17T23:52:00	1003.6	23.6	53.5	12.7	1005.7	1377	1200	4131.0
2020-08-18T00:12:00	1003.6	23.3	53.5	12.7	1005.8	1491	1200	4473.0
2020-08-18T00:32:00	1003.6	23.2	53.5	12.7	1005.8	1399	1200	4197.0
2020-08-18T00:52:00	1003.9	23.0	53.5	12.7	1006.1	1362	1200	4086.0
2020-08-18T01:12:00	1004.1	23.0	53.5	12.7	1006.3	1444	1200	4332.0
2020-08-18T01:32:00	1004.2	22.9	53.4	12.7	1006.4	1412	1200	4236.0
2020-08-18T01:52:00	1004.2	22.9	53.3	12.7	1006.4	1401	1200	4203.0
2020-08-18T02:12:00	1004.0	22.9	53.2	12.7	1006.2	1502	1200	4506.0
2020-08-18T02:32:00	1004.0	22.8	53.0	12.7	1006.1	1455	1200	4365.0
2020-08-18T02:52:00	1003.8	22.7	53.0	12.7	1006.0	1359	1200	4077.0
2020-08-18T03:12:00	1003.9	22.6	53.1	12.7	1006.0	1452	1200	4356.0
2020-08-18T03:32:00	1004.0	22.6	53.0	12.7	1006.1	1486	1200	4458.0
2020-08-18T03:52:00	1003.9	22.4	52.9	12.7	1006.0	1428	1200	4284.0
2020-08-18T04:12:00	1003.8	22.3	52.9	12.7	1006.0	1401	1200	4203.0
2020-08-18T04:32:00	1003.9	22.1	52.9	12.7	1006.1	1406	1200	4218.0
2020-08-18T04:52:00	1003.9	22.0	53.0	12.7	1005.9	1336	1200	4008.0
2020-08-18T05:12:00	1003.9	21.9	53.1	12.7	1006.0	1452	1200	4356.0
2020-08-18T05:32:00	1004.1	21.8	53.1	12.8	1006.2	1336	1200	4008.0
2020-08-18T05:52:00	1004.0	21.7	53.1	12.9	1006.1	1440	1200	4320.0
2020-08-18T06:12:00	1004.2	21.6	53.1	12.9	1006.3	1412	1200	4236.0
2020-08-18T06:32:00	1004.3	21.5	53.2	13.0	1006.4	1331	1200	3993.0
2020-08-18T06:52:00	1004.2	21.4	53.2	13.1	1006.4	1431	1200	4293.0
2020-08-18T07:12:00	1004.3	21.4	53.3	13.3	1006.5	1408	1200	4224.0
2020-08-18T07:32:00	1004.4	21.5	53.3	13.4	1006.5	1443	1200	4329.0
2020-08-18T07:52:00	1004.4	21.6	53.3	13.6	1006.5	1339	1200	4017.0
2020-08-18T08:12:00	1004.7	21.8	53.2	14.0	1006.8	1430	1200	4290.0
2020-08-18T08:32:00	1004.9	22.0	52.7	14.0	1007.0	1417	1200	4251.0
2020-08-18T08:52:00	1005.0	22.3	52.8	14.0	1007.0	1401	1200	4203.0
2020-08-18T09:12:00	1005.0	22.8	53.1	14.0	1007.1	1418	1200	4254.0
2020-08-18T09:32:00	1004.9	23.5	53.1	14.0	1007.1	1346	1200	4038.0
2020-08-18T09:52:00	1004.9	24.4	52.6	13.9	1007.0	1420	1200	4260.0
2020-08-18T10:12:00	1005.0	25.3	51.7	13.5	1006.8	1350	1200	4050.0
2020-08-18T10:32:00	1004.9	25.9	50.9	13.5	1006.7	1444	1200	4332.0
2020-08-18T10:52:00	1004.7	26.5	50.5	13.5	1006.6	1390	1200	4170.0
2020-08-18T11:12:00	1004.5	27.1	50.1	13.5	1006.4	1329	1200	3987.0
2020-08-18T11:32:00	1004.5	27.7	49.7	13.4	1006.4	1400	1200	4200.0
2020-08-18T11:52:00	1004.4	28.2	49.7	13.4	1006.3	1402	1200	4206.0
2020-08-18T12:12:00	1004.3	28.7	49.4	13.4	1006.2	1475	1200	4425.0
2020-08-18T12:32:00	1004.1	29.3	49.5	13.4	1005.8	1441	1200	4323.0
2020-08-18T12:52:00	1003.7	29.8	49.2	13.4	1005.6	1407	1200	4221.0
2020-08-18T13:12:00	1003.6	29.8	48.9	13.4	1005.4	1440	1200	4320.0
2020-08-18T13:32:00	1003.5	29.3	49.2	13.4	1005.3	1424	1200	4272.0
2020-08-18T13:52:00	1003.5	29.3	50.1	13.4	1005.4	1413	1200	4239.0
2020-08-18T14:12:00	1003.6	29.5	50.2	13.4	1005.5	1368	1200	4104.0
2020-08-18T14:32:00	1003.5	29.3	49.7	13.4	1005.4	1407	1200	4221.0
2020-08-18T14:52:00	1003.6	28.7	50.1	13.4	1005.3	1405	1200	4215.0
2020-08-18T15:12:00	1003.5	28.3	50.7	13.4	1005.4	1446	1200	4338.0
2020-08-18T15:32:00	1003.3	28.2	51.1	13.4	1005.3	1411	1200	4233.0
2020-08-18T15:52:00	1003.5	28.1	51.4	13.4	1005.5	1481	1200	4443.0
2020-08-18T16:12:00	1003.7	27.9	51.3	13.5	1005.7	1417	1200	4251.0
2020-08-18T16:32:00	1003.9	27.7	51.2	13.5	1005.8	1463	1200	4389.0
2020-08-18T16:52:00	1003.7	27.3	51.5	13.4	1005.6	1383	1200	4149.0
2020-08-18T17:12:00	1003.7	27.2	51.6	13.5	1005.7	1341	1200	4023.0
2020-08-18T17:32:00	1003.9	26.9	51.6	13.5	1005.8	1371	1200	4113.0
2020-08-18T17:52:00	1004.0	26.4	51.7	13.0	1005.9	1436	1200	4308.0
2020-08-18T18:12:00	1004.2	25.9	51.9	12.9	1006.1	1457	1200	4371.0
2020-08-18T18:32:00	1004.5	25.3	52.3	12.9	1006.4	1336	1200	4008.0
2020-08-18T18:52:00	1004.8	24.9	52.6	12.9	1006.7	1487	1200	4461.0
2020-08-18T19:12:00	1004.8	24.6	52.8	12.8	1006.9	1368	1200	4104.0
2020-08-18T19:32:00	1004.9	24.3	52.8	12.8	1007.1	1448	1200	4344.0
2020-08-18T19:52:00	1004.9	23.9	52.8	12.8	1007.1	1430	1200	4290.0
2020-08-18T20:12:00	1005.0	23.5	53.0	12.8	1007.1	1400	1200	4200.0
2020-08-18T20:32:00	1005.0	23.2	53.0	12.8	1007.2	1366	1200	4098.0
2020-08-18T20:52:00	1005.0	23.0	53.2	12.8	1007.2	1398	1200	4194.0
2020-08-18T21:12:00	1005.1	22.8	53.2	12.8	1007.2	1348	1200	4044.0
2020-08-18T21:32:00	1005.2	22.6	53.3	12.8	1007.4	1454	1200	4362.0
2020-08-18T21:52:00	1005.3	22.4	53.2	12.8	1007.4	1382	1200	4146.0
2020-08-18T22:12:00	1005.2	22.2	53.2	12.8	1007.3	1379	1200	4137.0
2020-08-18T22:32:00	1005.1	22.1	53.2	12.8	1007.2	1431	1200	4293.0
2020-08-18T22:52:00	1005.0	21.9	53.2	12.8	1007.1	1427	1200	4281.0
2020-08-18T23:12:00	1004.9	21.6	53.1	12.8	1007.1	1413	1200	4239.0
2020-08-18T23:32:00	1004.8	21.3	53.1	12.7	1007.0	1424	1200	4272.0
2020-08-18T23:52:00	1004.6	21.0	53.2	12.7	1006.9	1439	1200	4317.0
2020-08-19T00:12:00	1004.5	20.6	53.2	12.7	1006.6	1433	1200	4299.0
2020-08-19T00:32:00	1004.6	20.3	53.2	12.7	1006.7	1468	1200	4404.0
2020-08-19T00:52:00	1004.7	19.9	53.4	12.7	1006.9	1389	1200	4167.0
2020-08-19T01:12:00	1004.8	19.6	53.5	12.7	1007.0	1485	1200	4455.0
2020-08-19T01:32:00	1004.9	19.3	53.7	12.7	1007.1	1414	1200	4242.0
2020-08-19T01:52:00	1005.0	19.1	53.6	12.7	1007.3	1374	1200	4122.0
2020-08-19T02:12:00	1004.9	18.9	53.6	12.7	1007.1	1435	1200	4305.0
2020-08-19T02:32:00	1005.0	18.6	53.7	12.7	1007.2	1467	1200	4401.0
2020-08-19T02:52:00	1004.9	18.4	53.6	12.7	1007.2	1454	1200	4362.0
2020-08-19T03:12:00	1005.0	18.3	53.8	12.7	1007.2	1384	1200	4152.0
2020-08-19T03:32:00	1005.0	18.2	53.8	12.6	1007.2	1434	1200	4302.0
2020-08-19T03:52:00	1005.1	18.2	53.7	12.6	1007.4	1407	1200	4221.0
2020-08-19T04:12:00	1005.2	18.1	53.6	12.7	1007.4	1432	1200	4296.0
2020-08-19T04:32:00	1005.4	18.0	53.6	12.7	1007.5	1412	1200	4236.0
2020-08-19T04:52:00	1005.4	17.9	53.7	12.8	1007.5	1473	1200	4419.0
2020-08-19T05:12:00	1005.6	18.0	53.7	12.8	1007.7	1396	1200	4188.0
2020-08-19T05:32:00	1005.7	18.0	53.5	12.9	1007.8	1456	1200	4368.0
2020-08-19T05:52:00	1005.8	18.2	53.9	13.1	1007.9	1397	1200	4191.0
2020-08-19T06:12:00	1005.8	18.4	54.0	13.3	1007.9	1370	1200	4110.0
2020-08-19T06:32:00	1005.8	18.7	53.4	13.5	1008.1	1406	1200	4218.0
2020-08-19T06:52:00	1005.9	19.3	54.5	13.6	1008.0	1377	1200	4131.0
2020-08-19T07:12:00	1005.9	20.2	54.1	13.6	1007.9	1413	1200	4239.0
2020-08-19T07:32:00	1005.9	21.0	52.9	14.1	1008.0	1416	1200	nan
2020-08-19T07:52:00	1006.0	22.2	52.5	14.0	1008.1	1423	1200	nan
2020-08-19T08:12:00	1006.0	23.3	51.4	14.0	1008.1	1466	1200	nan
2020-08-19T08:32:00	1006.1	24.5	50.2	13.9	1008.2	1424	1200	nan
2020-08-19T08:52:00	1006.0	25.6	49.3	13.9	1007.8	1399	1200	nan
2020-08-19T09:12:00	1006.0	26.4	48.5	13.5	1007.8	1465	1200	nan
2020-08-19T09:32:00	1006.0	26.7	48.5	13.5	1007.8	1433	1200	nan
2020-08-19T09:52:00	1005.7	26.7	48.4	13.5	1007.5	nan	nan	nan
2020-08-19T10:12:00	1005.7	27.5	49.4	13.5	1007.5	nan	nan	nan
2020-08-19T10:32:00	1005.7	27.9	48.5	13.5	1007.6	nan	nan	nan
