# See crns_meta.json and crns_attributes.txt for further details.
datetime	press1	temp1	relhum1	volt	press_ext	temp_ext	abshum_ext	counts1	nsecs1	cph_filtered
2022-05-11T01:37:15	1011.2	27.3	41.2	12.7	nan	nan	nan	4094	3600	4094
2022-05-11T02:37:18	1010.7	26.6	42.3	12.7	nan	nan	nan	4052	3600	4052
2022-05-11T03:37:21	1010.5	26.0	42.6	12.7	nan	nan	nan	3923	3600	3923
2022-05-11T04:37:27	1010.8	25.7	42.4	12.7	nan	nan	nan	4130	3600	4130
2022-05-11T05:37:34	1011.1	25.1	42.3	12.6	nan	nan	nan	3815	3600	3815
2022-05-11T06:37:38	1010.8	24.2	42.9	12.7	nan	nan	nan	3978	3600	3978
2022-05-11T07:37:45	1010.6	24.3	43.1	12.9	nan	nan	nan	3912	3600	3912
2022-05-11T08:37:49	1010.0	24.3	44.8	13.5	nan	nan	nan	3957	3600	3957
2022-05-11T09:37:54	1009.3	25.4	45.8	14.3	nan	nan	nan	4062	3600	4062
2022-05-11T10:38:02	1008.7	27.5	45.7	14.6	nan	nan	nan	4007	3600	4007
2022-05-11T11:38:04	1007.8	32.1	43.7	14.5	nan	nan	nan	4119	3600	4119
2022-05-11T12:38:08	1007.0	35.0	41.4	14.0	nan	nan	nan	4185	3600	4185
2022-05-11T13:38:09	1006.3	35.3	38.3	13.9	nan	nan	nan	4638	3600	4638
2022-05-11T14:38:10	1005.8	34.8	37.7	13.9	nan	nan	nan	3636	3600	3636
2022-05-11T15:38:13	1005.2	35.0	37.6	13.9	nan	nan	nan	4154	3600	4154
2022-05-11T16:38:18	1004.8	34.7	37.7	13.9	nan	nan	nan	4199	3600	4199
2022-05-11T17:38:29	1004.4	34.8	37.7	13.9	nan	nan	nan	4232	3600	4232
2022-05-11T18:38:32	1004.0	34.4	37.7	13.1	nan	nan	nan	4279	3600	4279
2022-05-11T19:38:41	1004.0	33.5	38.0	12.9	nan	nan	nan	4152	3600	4152
2022-05-11T20:38:45	1004.0	31.4	38.6	12.8	nan	nan	nan	4185	3600	4185
2022-05-11T21:38:48	1004.2	29.7	39.2	12.8	nan	nan	nan	4072	3600	4072
2022-05-11T22:38:54	1004.1	28.4	40.2	12.8	nan	nan	nan	4082	3600	4082
2022-05-11T23:38:56	1004.0	27.4	41.0	12.8	nan	nan	nan	4093	3600	4093
2022-05-12T00:38:59	1004.4	26.4	41.5	12.7	nan	nan	nan	4106	3600	4106
2022-05-12T01:39:05	1004.1	25.7	41.8	12.7	nan	nan	nan	4213	3600	4213
2022-05-12T02:39:06	1004.6	25.1	42.5	12.6	nan	nan	nan	4051	3600	4051
2022-05-12T03:39:07	1005.9	24.4	44.6	12.7	nan	nan	nan	4081	3600	4081
2022-05-12T04:39:12	1006.4	23.7	45.1	12.7	nan	nan	nan	4048	3600	4048
2022-05-12T05:39:13	1007.3	23.0	45.2	12.7	nan	nan	nan	3848	3600	3848
2022-05-12T06:39:22	1008.7	22.6	45.9	12.9	nan	nan	nan	3988	3600	3988
2022-05-12T07:39:27	1010.5	22.3	46.5	13.3	nan	nan	nan	3866	3600	3866
2022-05-12T08:39:28	1012.1	22.6	46.5	13.5	nan	nan	nan	3874	3600	3874
2022-05-12T09:39:33	1013.4	23.1	46.2	13.8	nan	nan	nan	3947	3600	3947
2022-05-12T10:39:42	1014.3	24.2	45.6	14.6	nan	nan	nan	3828	3600	3828
2022-05-12T11:39:47	1014.7	28.7	43.5	14.6	nan	nan	nan	3931	3600	3931
2022-05-12T12:39:57	1014.7	31.6	40.8	14.3	nan	nan	nan	3891	3600	3891
2022-05-12T13:40:00	1014.9	29.9	39.8	14.0	nan	nan	nan	3884	3600	3884
2022-05-12T14:40:05	1014.7	29.0	39.1	14.0	nan	nan	nan	3969	3600	3969
2022-05-12T15:40:07	1014.4	28.9	38.4	14.0	nan	nan	nan	3885	3600	3885
2022-05-12T16:40:13	1014.1	28.7	38.1	14.1	nan	nan	nan	3988	3600	3988
2022-05-12T17:40:18	1013.8	28.3	38.0	14.1	nan	nan	nan	3991	3600	3991
2022-05-12T18:40:24	1013.7	27.8	37.7	13.9	nan	nan	nan	3914	3600	3914
2022-05-12T19:40:29	1013.7	26.9	37.9	13.0	nan	nan	nan	3976	3600	3976
2022-05-12T20:40:36	1013.8	25.8	38.0	12.8	nan	nan	nan	3937	3600	3937
2022-05-12T21:40:37	1013.9	24.7	38.1	12.8	nan	nan	nan	3851	3600	3851
2022-05-12T22:40:41	1013.9	23.9	38.4	12.8	nan	nan	nan	3913	3600	3913
2022-05-12T23:40:42	1013.9	23.1	38.6	12.8	nan	nan	nan	3992	3600	3992
2022-05-13T00:40:46	1014.0	22.0	38.8	12.7	nan	nan	nan	3776	3600	3776
2022-05-13T01:40:50	1014.0	21.1	39.0	12.7	nan	nan	nan	3942	3600	3942
2022-05-13T02:40:57	1014.0	20.1	39.2	12.7	nan	nan	nan	3897	3600	3897
2022-05-13T03:41:00	1013.8	19.1	39.3	12.7	nan	nan	nan	3835	3600	3835
2022-05-13T04:41:02	1013.6	18.1	39.4	12.7	nan	nan	nan	3939	3600	3939
2022-05-13T05:41:10	1013.5	17.4	39.6	12.7	nan	nan	nan	4014	3600	4014
2022-05-13T06:41:13	1013.4	17.6	40.1	12.9	nan	nan	nan	3965	3600	3965
2022-05-13T07:41:15	1013.4	18.6	40.7	13.4	nan	nan	nan	3905	3600	3905
2022-05-13T08:41:22	1013.5	20.1	41.1	13.8	nan	nan	nan	3972	3600	3972
2022-05-13T09:41:26	1013.7	21.0	41.5	13.4	nan	nan	nan	4039	3600	4039
2022-05-13T10:41:30	1013.6	21.5	41.7	14.5	nan	nan	nan	3901	3600	3901
2022-05-13T11:41:31	1013.3	24.5	41.2	14.5	nan	nan	nan	3912	3600	3912
2022-05-13T12:41:35	1013.3	26.0	40.7	14.5	nan	nan	nan	3966	3600	3966
2022-05-13T13:41:44	1013.6	26.0	39.9	14.1	nan	nan	nan	3839	3600	3839
2022-05-13T14:41:50	1014.0	25.1	39.5	14.1	nan	nan	nan	4011	3600	4011
2022-05-13T15:41:54	1013.9	25.3	39.3	14.1	nan	nan	nan	3958	3600	3958
2022-05-13T16:41:55	1014.2	25.5	39.0	14.1	nan	nan	nan	3952	3600	3952
2022-05-13T17:41:56	1014.8	24.9	38.8	13.6	nan	nan	nan	3891	3600	3891
2022-05-13T18:41:57	1015.0	24.7	38.9	13.7	nan	nan	nan	3919	3600	3919
2022-05-13T19:42:02	1015.1	24.1	39.0	12.9	nan	nan	nan	3838	3600	3838
2022-05-13T20:42:04	1015.3	23.4	39.0	12.8	nan	nan	nan	3933	3600	3933
2022-05-13T21:42:09	1015.7	22.6	39.0	12.8	nan	nan	nan	3904	3600	3904
2022-05-13T22:42:10	1015.6	21.7	39.0	12.7	nan	nan	nan	3953	3600	3953
2022-05-13T23:42:13	1015.7	21.1	39.2	12.8	nan	nan	nan	3938	3600	3938
2022-05-14T00:42:18	1015.6	20.7	39.3	12.7	nan	nan	nan	3939	3600	3939
2022-05-14T01:42:19	1015.6	19.9	39.5	12.7	nan	nan	nan	3951	3600	3951
2022-05-14T02:42:27	1015.6	19.3	39.7	12.7	nan	nan	nan	3981	3600	3981
2022-05-14T03:42:31	1015.6	19.2	40.0	12.7	nan	nan	nan	3908	3600	3908
2022-05-14T04:42:33	1015.8	19.0	40.3	12.7	nan	nan	nan	3807	3600	3807
2022-05-14T05:42:36	1015.7	18.5	40.4	12.7	nan	nan	nan	3904	3600	3904
2022-05-14T06:42:43	1016.0	18.7	40.7	12.9	nan	nan	nan	3772	3600	3772
2022-05-14T07:42:44	1016.3	19.4	41.0	13.3	nan	nan	nan	3913	3600	3913
2022-05-14T08:42:49	1016.5	20.5	41.5	13.7	nan	nan	nan	3907	3600	3907
2022-05-14T09:42:50	1016.4	22.2	42.2	14.3	nan	nan	nan	3885	3600	3885
2022-05-14T10:42:53	1016.3	24.2	42.3	14.7	nan	nan	nan	3851	3600	3851
2022-05-14T11:42:57	1016.2	29.4	40.9	14.6	nan	nan	nan	3905	3600	3905
2022-05-14T12:43:05	1016.1	29.1	39.5	14.1	nan	nan	nan	3954	3600	3954
2022-05-14T13:43:06	1016.2	28.1	38.6	14.1	nan	nan	nan	3915	3600	3915
2022-05-14T14:43:11	1016.2	27.3	38.5	14.1	nan	nan	nan	3947	3600	3947
2022-05-14T15:43:15	1016.1	27.3	38.5	14.1	nan	nan	nan	3785	3600	3785
2022-05-14T16:43:19	1016.1	27.2	38.4	14.1	nan	nan	nan	3970	3600	3970
2022-05-14T17:43:22	1016.1	27.0	38.3	14.1	nan	nan	nan	4010	3600	4010
2022-05-14T18:43:25	1016.3	26.7	38.2	13.9	nan	nan	nan	3908	3600	3908
2022-05-14T19:43:27	1016.7	25.9	38.2	12.9	nan	nan	nan	3798	3600	3798
2022-05-14T20:43:35	1017.4	24.8	38.5	12.8	nan	nan	nan	3896	3600	3896
2022-05-14T21:43:41	1017.8	23.8	38.6	12.8	nan	nan	nan	3726	3600	3726
2022-05-14T22:43:44	1018.0	22.5	38.6	12.8	nan	nan	nan	3868	3600	3868
2022-05-14T23:43:45	1018.4	21.3	38.6	12.8	nan	nan	nan	3839	3600	3839
2022-05-15T00:43:55	1018.7	20.2	38.7	12.7	nan	nan	nan	3864	3600	3864
2022-05-15T01:44:03	1018.8	19.1	38.9	12.7	nan	nan	nan	3844	3600	3844
2022-05-15T02:44:05	1018.9	18.1	39.0	12.7	nan	nan	nan	3833	3600	3833
2022-05-15T03:44:06	1019.1	17.1	39.2	12.7	nan	nan	nan	3813	3600	3813
2022-05-15T04:44:11	1019.2	16.2	39.3	12.7	nan	nan	nan	3812	3600	3812
2022-05-15T05:44:12	1019.5	15.5	39.6	12.7	nan	nan	nan	3849	3600	3849
2022-05-15T06:44:16	1020.0	15.8	40.1	12.9	nan	nan	nan	3808	3600	3808
2022-05-15T07:44:19	1020.4	16.6	41.4	13.2	nan	nan	nan	3766	3600	3766
2022-05-15T08:44:21	1020.5	17.9	44.0	13.6	nan	nan	nan	3867	3600	3867
2022-05-15T09:44:25	1020.5	19.2	45.1	14.0	nan	nan	nan	3790	3600	3790
2022-05-15T10:44:29	1020.4	21.3	45.2	14.3	nan	nan	nan	3838	3600	3838
2022-05-15T11:44:34	1020.0	26.4	43.2	14.6	nan	nan	nan	3788	3600	3788
2022-05-15T12:44:40	1019.6	29.1	40.0	14.6	nan	nan	nan	3734	3600	3734
2022-05-15T13:44:43	1019.1	28.2	38.2	14.3	nan	nan	nan	3870	3600	3870
2022-05-15T14:44:46	1018.6	27.6	37.5	14.1	nan	nan	nan	3887	3600	3887
2022-05-15T15:44:57	1018.2	27.4	36.4	14.1	nan	nan	nan	3858	3600	3858
2022-05-15T16:44:59	1017.7	27.4	35.8	14.1	nan	nan	nan	3867	3600	3867
2022-05-15T17:45:03	1017.3	27.2	35.2	14.1	nan	nan	nan	3881	3600	3881
2022-05-15T18:45:05	1017.1	27.0	35.1	13.6	nan	nan	nan	3838	3600	3838
2022-05-15T19:45:07	1017.0	26.1	35.1	12.9	nan	nan	nan	3897	3600	3897
2022-05-15T20:45:10	1017.3	25.0	35.4	12.8	nan	nan	nan	3921	3600	3921
2022-05-15T21:45:13	1017.4	23.5	35.6	12.8	nan	nan	nan	4007	3600	4007
2022-05-15T22:45:20	1017.3	22.3	36.0	12.8	nan	nan	nan	3839	3600	3839
2022-05-15T23:45:28	1017.5	21.5	36.3	12.8	nan	nan	nan	3917	3600	3917
2022-05-16T00:45:31	1017.9	20.6	36.7	12.7	nan	nan	nan	3822	3600	3822
2022-05-16T01:45:38	1018.0	19.8	37.0	12.7	nan	nan	nan	3739	3600	3739
2022-05-16T02:45:45	1017.9	19.0	37.3	12.7	nan	nan	nan	3923	3600	3923
2022-05-16T03:45:52	1017.5	18.4	37.7	12.7	nan	nan	nan	3872	3600	3872
2022-05-16T04:46:00	1017.2	18.0	38.1	12.7	nan	nan	nan	3996	3600	3996
2022-05-16T05:46:05	1017.0	17.9	38.4	12.8	nan	nan	nan	3804	3600	3804
2022-05-16T06:46:10	1017.0	18.5	39.1	13.0	nan	nan	nan	3838	3600	3838
2022-05-16T07:46:12	1017.0	19.5	40.2	13.4	nan	nan	nan	3883	3600	3883
2022-05-16T08:46:17	1017.0	20.8	41.2	13.7	nan	nan	nan	3923	3600	3923
2022-05-16T09:46:19	1016.8	22.5	41.5	14.0	nan	nan	nan	3926	3600	3926
2022-05-16T10:46:24	1016.4	25.2	41.1	14.5	nan	nan	nan	4095	3600	4095
2022-05-16T11:46:25	1015.9	30.8	39.1	14.6	nan	nan	nan	4004	3600	4004
2022-05-16T12:46:27	1015.4	33.3	37.2	14.4	nan	nan	nan	3885	3600	3885
2022-05-16T13:46:35	1014.9	32.4	36.6	14.0	nan	nan	nan	4097	3600	4097
2022-05-16T14:46:40	1014.2	32.1	36.2	13.9	nan	nan	nan	3918	3600	3918
2022-05-16T15:46:42	1013.5	32.3	35.9	14.0	nan	nan	nan	4165	3600	4165
2022-05-16T16:46:51	1013.0	32.1	36.0	14.0	nan	nan	nan	4061	3600	4061
2022-05-16T17:46:54	1012.7	31.8	35.7	14.0	nan	nan	nan	4125	3600	4125
2022-05-16T18:46:57	1012.6	31.3	35.5	13.3	nan	nan	nan	4068	3600	4068
2022-05-16T19:47:04	1013.0	30.7	35.4	12.9	nan	nan	nan	3984	3600	3984
2022-05-16T20:47:05	1013.6	30.1	35.3	12.8	nan	nan	nan	4104	3600	4104
2022-05-16T21:47:10	1014.0	29.3	35.4	12.8	nan	nan	nan	4052	3600	4052
2022-05-16T22:47:11	1014.1	28.7	35.7	12.8	nan	nan	nan	3891	3600	3891
2022-05-16T23:47:17	1014.1	27.9	36.0	12.8	nan	nan	nan	4025	3600	4025
2022-05-17T00:47:19	1014.3	27.1	36.4	12.7	nan	nan	nan	4041	3600	4041
2022-05-17T01:47:26	1014.2	26.2	36.8	12.7	nan	nan	nan	3864	3600	3864
2022-05-17T02:47:34	1014.6	25.4	37.3	12.7	nan	nan	nan	3925	3600	3925
2022-05-17T03:47:35	1014.9	24.4	37.8	12.7	nan	nan	nan	3890	3600	3890
2022-05-17T04:47:38	1015.8	23.4	38.2	12.7	nan	nan	nan	3874	3600	3874
2022-05-17T05:47:41	1016.1	22.5	39.4	12.7	nan	nan	nan	3676	3600	3676
2022-05-17T06:47:48	1016.0	21.9	40.0	12.7	nan	nan	nan	3538	3600	3538
2022-05-17T07:47:49	1016.5	21.5	41.0	12.8	nan	nan	nan	3551	3600	3551
2022-05-17T08:47:52	1017.2	21.5	41.8	13.0	nan	nan	nan	3548	3600	3548
2022-05-17T09:47:54	1017.6	21.8	42.4	13.4	nan	nan	nan	3619	3600	3619
2022-05-17T10:47:55	1017.9	23.1	43.4	13.9	nan	nan	nan	3583	3600	3583
2022-05-17T11:47:57	1018.1	24.3	44.5	14.3	nan	nan	nan	3441	3600	3441
2022-05-17T12:48:10	1018.3	25.1	45.2	13.8	nan	nan	nan	3480	3600	3480
2022-05-17T13:48:18	1018.4	25.0	46.2	14.4	nan	nan	nan	3569	3600	3569
2022-05-17T14:48:22	1018.3	25.6	46.9	14.6	nan	nan	nan	3598	3600	3598
2022-05-17T15:48:23	1018.2	25.9	47.0	14.5	nan	nan	nan	3526	3600	3526
2022-05-17T16:48:28	1018.3	26.0	46.8	14.1	nan	nan	nan	3517	3600	3517
2022-05-17T17:48:30	1018.2	26.2	46.6	14.1	nan	nan	nan	3552	3600	3552
2022-05-17T18:48:33	1018.3	26.2	46.4	13.5	nan	nan	nan	3620	3600	3620
2022-05-17T19:48:36	1018.6	25.5	46.2	12.9	nan	nan	nan	3479	3600	3479
2022-05-17T20:48:37	1019.3	24.6	45.7	12.8	nan	nan	nan	3634	3600	3634
2022-05-17T21:48:42	1019.8	23.8	45.4	12.8	nan	nan	nan	3539	3600	3539
2022-05-17T22:48:45	1020.0	23.1	45.2	12.8	nan	nan	nan	3512	3600	3512
2022-05-17T23:48:52	1020.3	22.4	45.2	12.8	nan	nan	nan	3493	3600	3493
2022-05-18T00:48:55	1020.7	22.0	45.3	12.8	nan	nan	nan	3610	3600	3610
2022-05-18T01:48:56	1021.1	21.3	45.1	12.7	nan	nan	nan	3575	3600	3575
2022-05-18T02:49:02	1021.8	20.8	45.0	12.7	nan	nan	nan	3543	3600	3543
2022-05-18T03:49:11	1022.1	20.4	44.9	12.7	nan	nan	nan	3535	3600	3535
2022-05-18T04:49:23	1022.5	19.9	44.3	12.7	nan	nan	nan	3542	3600	3542
2022-05-18T05:49:25	1022.8	19.5	43.5	12.8	nan	nan	nan	3625	3600	3625
2022-05-18T06:49:33	1023.2	19.3	42.8	13.1	nan	nan	nan	3574	3600	3574
2022-05-18T07:49:38	1023.5	19.7	42.6	13.5	nan	nan	nan	3449	3600	3449
2022-05-18T08:49:42	1023.6	20.4	42.8	13.7	nan	nan	nan	3509	3600	3509
2022-05-18T09:49:49	1023.4	21.7	43.1	14.2	nan	nan	nan	3347	3600	3347
2022-05-18T10:49:54	1023.2	24.2	43.3	14.6	nan	nan	nan	3387	3600	3387
2022-05-18T11:49:55	1022.9	29.1	42.2	14.6	nan	nan	nan	3510	3600	3510
2022-05-18T12:49:57	1022.2	31.3	40.8	14.3	nan	nan	nan	3479	3600	3479
2022-05-18T13:50:03	1021.8	30.6	40.5	14.0	nan	nan	nan	3534	3600	3534
2022-05-18T14:50:10	1021.5	30.5	40.2	14.0	nan	nan	nan	3633	3600	3633
2022-05-18T15:50:16	1021.0	30.7	40.0	14.0	nan	nan	nan	3549	3600	3549
2022-05-18T16:50:20	1020.7	30.7	40.0	14.0	nan	nan	nan	3542	3600	3542
2022-05-18T17:50:21	1020.4	30.7	39.9	14.0	nan	nan	nan	3624	3600	3624
2022-05-18T18:50:26	1020.2	30.4	39.8	13.6	nan	nan	nan	3697	3600	3697
2022-05-18T19:50:29	1020.3	29.9	39.8	12.9	nan	nan	nan	3609	3600	3609
2022-05-18T20:50:35	1020.4	28.9	39.8	12.8	nan	nan	nan	3594	3600	3594
2022-05-18T21:50:48	1020.5	27.8	39.9	12.8	nan	nan	nan	3590	3600	3590
2022-05-18T22:50:53	1020.3	26.8	40.0	12.8	nan	nan	nan	3595	3600	3595
2022-05-18T23:50:55	1020.1	25.8	40.2	12.8	nan	nan	nan	3653	3600	3653
2022-05-19T00:51:01	1019.7	25.0	40.5	12.7	nan	nan	nan	3561	3600	3561
2022-05-19T01:51:08	1019.5	24.2	40.7	12.7	nan	nan	nan	3701	3600	3701
2022-05-19T02:51:15	1019.3	23.4	40.9	12.7	nan	nan	nan	3699	3600	3699
2022-05-19T03:51:18	1019.2	22.6	41.2	12.7	nan	nan	nan	3605	3600	3605
2022-05-19T04:51:27	1019.3	21.9	41.4	12.7	nan	nan	nan	3686	3600	3686
2022-05-19T05:51:33	1019.2	21.5	41.9	12.8	nan	nan	nan	3646	3600	3646
2022-05-19T06:51:34	1019.3	21.8	42.5	13.0	nan	nan	nan	3546	3600	3546
2022-05-19T07:51:35	1019.3	22.8	43.3	13.4	nan	nan	nan	3613	3600	3613
2022-05-19T08:51:38	1018.9	24.1	43.7	13.7	nan	nan	nan	3607	3600	3607
2022-05-19T09:51:42	1018.7	25.4	43.9	14.1	nan	nan	nan	3752	3600	3752
2022-05-19T10:51:44	1018.4	27.7	43.7	14.6	nan	nan	nan	3710	3600	3710
2022-05-19T11:51:52	1017.9	31.9	42.4	14.5	nan	nan	nan	3673	3600	3673
2022-05-19T12:51:55	1017.1	33.5	41.2	14.1	nan	nan	nan	3724	3600	3724
2022-05-19T13:51:58	1016.7	33.7	40.5	13.9	nan	nan	nan	3718	3600	3718
2022-05-19T14:52:00	1015.9	33.6	40.1	13.9	nan	nan	nan	3694	3600	3694
2022-05-19T15:52:04	1015.3	33.6	39.5	13.9	nan	nan	nan	3810	3600	3810
2022-05-19T16:52:11	1014.7	33.5	39.4	13.9	nan	nan	nan	3879	3600	3879
2022-05-19T17:52:13	1014.4	33.5	39.3	14.0	nan	nan	nan	3917	3600	3917
2022-05-19T18:52:17	1014.1	33.1	39.2	13.6	nan	nan	nan	3827	3600	3827
2022-05-19T19:52:18	1014.2	32.3	39.3	12.9	nan	nan	nan	3768	3600	3768
2022-05-19T20:52:25	1014.6	31.3	39.4	12.8	nan	nan	nan	3910	3600	3910
2022-05-19T21:52:31	1014.4	30.4	39.7	12.8	nan	nan	nan	3675	3600	3675
2022-05-19T22:52:41	1014.9	29.7	40.1	12.8	nan	nan	nan	3728	3600	3728
2022-05-19T23:52:46	1015.1	28.8	40.4	12.8	nan	nan	nan	3888	3600	3888
2022-05-20T00:52:47	1015.3	28.1	40.7	12.7	nan	nan	nan	3603	3600	3603
2022-05-20T01:52:50	1015.9	27.4	41.2	12.7	nan	nan	nan	3712	3600	3712
2022-05-20T02:52:53	1016.4	26.8	42.3	12.7	nan	nan	nan	3545	3600	3545
2022-05-20T03:52:54	1016.8	26.2	44.2	12.7	nan	nan	nan	3745	3600	3745
2022-05-20T04:52:56	1017.1	25.8	44.9	12.7	nan	nan	nan	3660	3600	3660
2022-05-20T05:52:58	1017.4	25.5	45.2	12.7	nan	nan	nan	3506	3600	3506
2022-05-20T06:52:59	1017.8	25.5	45.4	12.9	nan	nan	nan	3529	3600	3529
2022-05-20T07:53:01	1018.0	25.8	45.7	13.3	nan	nan	nan	3551	3600	3551
2022-05-20T08:53:06	1017.9	26.4	45.8	13.6	nan	nan	nan	3666	3600	3666
2022-05-20T09:53:11	1017.7	27.3	45.7	14.2	nan	nan	nan	3506	3600	3506
2022-05-20T10:53:15	1017.3	29.2	45.1	14.6	nan	nan	nan	3721	3600	3721
2022-05-20T11:53:26	1016.6	33.3	42.8	14.5	nan	nan	nan	3753	3600	3753
2022-05-20T12:53:29	1015.9	34.8	40.8	13.9	nan	nan	nan	3679	3600	3679
2022-05-20T13:53:31	1015.0	33.7	40.1	13.9	nan	nan	nan	3764	3600	3764
2022-05-20T14:53:34	1014.1	33.2	39.3	13.9	nan	nan	nan	3820	3600	3820
2022-05-20T15:53:40	1012.7	32.8	38.2	13.9	nan	nan	nan	3725	3600	3725
2022-05-20T16:53:44	1011.7	32.4	37.5	13.9	nan	nan	nan	3818	3600	3818
2022-05-20T17:53:53	1010.5	32.0	37.5	13.5	nan	nan	nan	3946	3600	3946
2022-05-20T18:53:55	1009.3	31.4	37.7	12.9	nan	nan	nan	3948	3600	3948
2022-05-20T19:53:56	1008.9	30.1	38.0	12.8	nan	nan	nan	3650	3600	3650
2022-05-20T20:54:00	1007.6	28.4	38.6	12.8	nan	nan	nan	3531	3600	3531
2022-05-20T21:54:03	1007.5	27.5	39.2	12.8	nan	nan	nan	3605	3600	3605
2022-05-20T22:54:09	1006.8	26.8	40.2	12.8	nan	nan	nan	3698	3600	3698
2022-05-20T23:54:12	1006.6	26.2	42.0	12.8	nan	nan	nan	3557	3600	3557
2022-05-21T00:54:17	1007.9	25.7	43.3	12.7	nan	nan	nan	3594	3600	3594
2022-05-21T01:54:21	1008.8	24.9	44.2	12.7	nan	nan	nan	3649	3600	3649
2022-05-21T02:54:31	1009.9	24.3	45.0	12.7	nan	nan	nan	3513	3600	3513
2022-05-21T03:54:40	1010.9	23.6	45.6	12.6	nan	nan	nan	3428	3600	3428
2022-05-21T04:54:42	1011.9	22.9	45.8	12.7	nan	nan	nan	3533	3600	3533
2022-05-21T05:54:46	1013.0	22.3	46.2	12.8	nan	nan	nan	3522	3600	3522
2022-05-21T06:54:54	1013.8	22.0	46.2	13.0	nan	nan	nan	3587	3600	3587
2022-05-21T07:54:58	1014.2	21.9	46.2	13.2	nan	nan	nan	3585	3600	3585
2022-05-21T08:55:02	1014.2	22.0	46.2	13.6	nan	nan	nan	3488	3600	3488
2022-05-21T09:55:06	1014.0	22.9	46.3	13.7	nan	nan	nan	3513	3600	3513
2022-05-21T10:55:07	1014.3	22.3	46.3	13.4	nan	nan	nan	3562	3600	3562
2022-05-21T11:55:11	1014.0	23.1	46.3	14.5	nan	nan	nan	3528	3600	3528
2022-05-21T12:55:16	1013.7	25.1	45.6	14.2	nan	nan	nan	3649	3600	3649
2022-05-21T13:55:17	1013.7	24.4	45.4	14.3	nan	nan	nan	3638	3600	3638
2022-05-21T14:55:18	1013.8	24.6	45.2	14.6	nan	nan	nan	3626	3600	3626
2022-05-21T15:55:22	1013.8	25.2	45.1	14.1	nan	nan	nan	3559	3600	3559
2022-05-21T16:55:29	1013.9	25.2	45.0	14.2	nan	nan	nan	3572	3600	3572
2022-05-21T17:55:31	1013.7	24.8	45.2	14.1	nan	nan	nan	3557	3600	3557
2022-05-21T18:55:37	1013.8	24.4	45.0	13.2	nan	nan	nan	3492	3600	3492
2022-05-21T19:55:41	1014.1	24.0	44.8	12.9	nan	nan	nan	3619	3600	3619
2022-05-21T20:55:46	1014.5	23.4	44.5	12.8	nan	nan	nan	3691	3600	3691
2022-05-21T21:55:52	1015.1	22.8	44.4	12.8	nan	nan	nan	3656	3600	3656
2022-05-21T22:56:01	1015.2	22.1	44.3	12.8	nan	nan	nan	3560	3600	3560
2022-05-21T23:56:03	1015.2	21.2	44.1	12.8	nan	nan	nan	3481	3600	3481
2022-05-22T00:56:05	1015.0	20.3	43.9	12.7	nan	nan	nan	3483	3600	3483
2022-05-22T01:56:14	1014.8	19.8	44.0	12.7	nan	nan	nan	3559	3600	3559
2022-05-22T02:56:20	1014.8	19.2	44.2	12.7	nan	nan	nan	3498	3600	3498
2022-05-22T03:56:26	1014.7	18.7	44.5	12.7	nan	nan	nan	3560	3600	3560
2022-05-22T04:56:29	1014.5	18.2	44.9	12.7	nan	nan	nan	3606	3600	3606
2022-05-22T05:56:31	1014.7	18.0	45.3	12.7	nan	nan	nan	3664	3600	3664
2022-05-22T06:56:34	1014.9	18.0	46.2	12.9	nan	nan	nan	3581	3600	3581
2022-05-22T07:56:39	1014.8	18.5	47.8	13.4	nan	nan	nan	3556	3600	3556
2022-05-22T08:56:43	1014.7	19.4	48.9	13.7	nan	nan	nan	3611	3600	3611
2022-05-22T09:56:44	1014.4	20.4	49.1	14.4	nan	nan	nan	3585	3600	3585
2022-05-22T10:56:47	1014.2	22.0	48.6	14.5	nan	nan	nan	3697	3600	3697
2022-05-22T11:56:53	1014.3	23.9	47.4	14.8	nan	nan	nan	3636	3600	3636
2022-05-22T12:56:55	1014.0	24.9	45.4	14.6	nan	nan	nan	3720	3600	3720
2022-05-22T13:57:03	1013.7	24.7	44.2	14.2	nan	nan	nan	3739	3600	3739
2022-05-22T14:57:06	1013.2	24.5	43.4	14.2	nan	nan	nan	3761	3600	3761
2022-05-22T15:57:13	1012.9	25.1	42.8	14.2	nan	nan	nan	3686	3600	3686
2022-05-22T16:57:24	1012.5	25.0	42.2	14.2	nan	nan	nan	3715	3600	3715
2022-05-22T17:57:29	1012.1	24.6	42.0	14.2	nan	nan	nan	3794	3600	3794
2022-05-22T18:57:30	1012.0	24.5	41.9	13.7	nan	nan	nan	3899	3600	3899
2022-05-22T19:57:32	1011.9	24.0	41.9	13.0	nan	nan	nan	3677	3600	3677
2022-05-22T20:57:34	1011.9	23.0	41.7	12.8	nan	nan	nan	3733	3600	3733
2022-05-22T21:57:37	1011.7	21.9	41.6	12.8	nan	nan	nan	3834	3600	3834
2022-05-22T22:57:41	1011.5	20.8	41.5	12.7	nan	nan	nan	3671	3600	3671
2022-05-22T23:57:45	1011.3	19.8	41.5	12.8	nan	nan	nan	3735	3600	3735
2022-05-23T00:57:51	1011.1	19.2	41.6	12.8	nan	nan	nan	3749	3600	3749
2022-05-23T01:57:58	1011.1	18.7	41.8	12.7	nan	nan	nan	3762	3600	3762
2022-05-23T02:58:03	1010.5	18.2	42.1	12.7	nan	nan	nan	3732	3600	3732
2022-05-23T03:58:04	1010.2	18.0	42.5	12.7	nan	nan	nan	3730	3600	3730
2022-05-23T04:58:08	1010.1	17.7	42.8	12.7	nan	nan	nan	3766	3600	3766
2022-05-23T05:58:13	1010.0	17.8	43.4	12.8	nan	nan	nan	3908	3600	3908
2022-05-23T06:58:18	1009.7	18.3	44.6	13.0	nan	nan	nan	3838	3600	3838
2022-05-23T07:58:25	1009.0	19.2	45.4	13.5	nan	nan	nan	3920	3600	3920
2022-05-23T08:58:28	1008.4	20.6	46.4	14.2	nan	nan	nan	3941	3600	3941
2022-05-23T09:58:30	1008.0	22.2	46.5	14.7	nan	nan	nan	3915	3600	3915
2022-05-23T10:58:31	1007.3	24.0	45.8	14.8	nan	nan	nan	4008	3600	4008
2022-05-23T11:58:34	1006.5	26.4	44.2	14.4	nan	nan	nan	4003	3600	4003
2022-05-23T12:58:45	1005.6	27.4	42.6	14.1	nan	nan	nan	3981	3600	3981
2022-05-23T13:58:49	1004.6	28.3	41.4	14.1	nan	nan	nan	4035	3600	4035
2022-05-23T14:58:57	1003.8	28.9	40.5	14.1	nan	nan	nan	4084	3600	4084
2022-05-23T15:59:02	1003.2	28.9	40.0	14.1	nan	nan	nan	4031	3600	4031
2022-05-23T16:59:05	1002.2	28.8	39.8	14.1	nan	nan	nan	4107	3600	4107
2022-05-23T17:59:12	1001.2	28.4	39.5	14.1	nan	nan	nan	4190	3600	4190
2022-05-23T18:59:16	1000.4	28.1	39.3	13.4	nan	nan	nan	4103	3600	4103
2022-05-23T19:59:19	1000.2	27.8	39.2	12.8	nan	nan	nan	3912	3600	3912
2022-05-23T20:59:21	999.9	27.3	39.2	12.8	nan	nan	nan	4158	3600	4158
2022-05-23T21:59:26	999.6	26.9	39.5	12.8	nan	nan	nan	4124	3600	4124
2022-05-23T22:59:31	998.9	26.4	39.7	12.8	nan	nan	nan	4229	3600	4229
2022-05-23T23:59:41	997.8	26.0	40.0	12.8	nan	nan	nan	4176	3600	4176
2022-05-24T00:59:47	997.4	25.7	40.3	12.7	nan	nan	nan	4175	3600	4175
2022-05-24T01:59:51	997.3	25.3	40.6	12.7	nan	nan	nan	4355	3600	4355
2022-05-24T02:59:57	997.4	25.0	41.0	12.7	nan	nan	nan	4189	3600	4189
2022-05-24T04:00:00	997.5	24.2	41.5	12.7	nan	nan	nan	4242	3600	4242
2022-05-24T05:00:04	997.8	23.4	41.9	12.7	nan	nan	nan	4075	3600	4075
2022-05-24T06:00:11	998.6	23.3	42.6	12.7	nan	nan	nan	4061	3600	4061
2022-05-24T07:00:20	999.5	23.1	44.3	12.8	nan	nan	nan	3985	3600	3985
2022-05-24T08:00:21	1000.2	23.3	45.0	13.1	nan	nan	nan	4201	3600	4201
2022-05-24T09:00:31	1001.1	23.8	45.3	13.2	nan	nan	nan	4044	3600	4044
2022-05-24T10:00:37	1001.6	24.6	45.4	13.8	nan	nan	nan	4097	3600	4097
2022-05-24T11:00:38	1001.7	26.8	45.0	14.2	nan	nan	nan	4030	3600	4030
2022-05-24T12:00:40	1001.6	30.5	43.3	14.2	nan	nan	nan	3986	3600	3986
2022-05-24T13:00:46	1001.9	29.6	42.9	13.5	nan	nan	nan	4168	3600	4168
2022-05-24T14:00:51	1002.4	28.2	43.3	13.9	nan	nan	nan	4096	3600	4096
2022-05-24T15:00:52	1003.4	27.9	43.5	14.3	nan	nan	nan	4081	3600	4081
2022-05-24T16:00:57	1004.3	27.7	43.6	14.5	nan	nan	nan	4151	3600	4151
2022-05-24T17:01:01	1004.5	27.6	43.5	14.1	nan	nan	nan	3990	3600	3990
2022-05-24T18:01:04	1005.0	27.5	43.2	13.6	nan	nan	nan	3879	3600	3879
2022-05-24T19:01:08	1005.7	26.8	43.0	13.1	nan	nan	nan	4127	3600	4127
2022-05-24T20:01:10	1006.3	26.1	43.0	12.9	nan	nan	nan	4078	3600	4078
2022-05-24T21:01:14	1007.1	24.9	42.8	12.8	nan	nan	nan	4068	3600	4068
2022-05-24T22:01:15	1007.9	23.7	42.6	12.8	nan	nan	nan	4017	3600	4017
2022-05-24T23:01:16	1008.3	22.5	42.5	12.8	nan	nan	nan	4151	3600	4151
2022-05-25T00:01:19	1008.6	21.5	42.5	12.8	nan	nan	nan	4075	3600	4075
2022-05-25T01:01:25	1009.1	20.5	42.6	12.8	nan	nan	nan	4033	3600	4033
2022-05-25T02:01:30	1009.5	19.6	42.7	12.7	nan	nan	nan	3965	3600	3965
2022-05-25T03:01:31	1009.6	18.8	42.8	12.7	nan	nan	nan	3969	3600	3969
2022-05-25T04:01:35	1009.9	18.2	43.0	12.7	nan	nan	nan	4100	3600	4100
2022-05-25T05:01:38	1010.4	17.8	43.3	12.7	nan	nan	nan	3942	3600	3942
2022-05-25T06:01:41	1010.7	17.7	43.6	12.8	nan	nan	nan	3974	3600	3974
2022-05-25T07:01:45	1011.1	18.3	44.1	13.1	nan	nan	nan	3777	3600	3777
2022-05-25T08:01:46	1011.4	19.4	44.4	13.5	nan	nan	nan	3887	3600	3887
2022-05-25T09:01:51	1011.9	20.5	44.6	13.8	nan	nan	nan	3834	3600	3834
2022-05-25T10:01:53	1012.1	21.8	44.6	14.4	nan	nan	nan	3953	3600	3953
2022-05-25T11:01:57	1012.0	23.7	44.5	14.4	nan	nan	nan	3896	3600	3896
2022-05-25T12:02:06	1011.7	27.3	43.4	14.6	nan	nan	nan	4033	3600	4033
2022-05-25T13:02:08	1011.4	28.1	42.1	14.2	nan	nan	nan	3954	3600	3954
2022-05-25T14:02:11	1011.2	26.8	42.3	14.1	nan	nan	nan	3942	3600	3942
2022-05-25T15:02:14	1010.9	27.0	42.1	14.1	nan	nan	nan	3926	3600	3926
2022-05-25T16:02:17	1010.8	27.3	41.6	14.1	nan	nan	nan	4025	3600	4025
2022-05-25T17:02:21	1010.8	27.4	41.0	14.1	nan	nan	nan	3943	3600	3943
2022-05-25T18:02:28	1010.8	27.2	40.8	14.1	nan	nan	nan	3982	3600	3982
2022-05-25T19:02:31	1011.2	26.9	40.5	13.3	nan	nan	nan	4100	3600	4100
2022-05-25T20:02:34	1011.6	26.1	40.4	12.9	nan	nan	nan	4066	3600	4066
2022-05-25T21:02:41	1012.1	25.1	40.4	12.8	nan	nan	nan	4062	3600	4062
2022-05-25T22:02:42	1012.4	24.0	40.4	12.8	nan	nan	nan	3923	3600	3923
2022-05-25T23:02:44	1012.5	23.1	40.4	12.8	nan	nan	nan	4081	3600	4081
2022-05-26T00:02:46	1012.5	22.8	40.7	12.8	nan	nan	nan	3885	3600	3885
2022-05-26T01:02:52	1012.4	22.4	40.9	12.7	nan	nan	nan	3867	3600	3867
2022-05-26T02:02:56	1012.2	22.0	41.1	12.7	nan	nan	nan	4019	3600	4019
2022-05-26T03:03:02	1012.3	21.8	41.4	12.7	nan	nan	nan	3982	3600	3982
2022-05-26T04:03:04	1012.2	21.6	41.6	12.7	nan	nan	nan	4005	3600	4005
2022-05-26T05:03:08	1012.3	21.8	41.8	12.7	nan	nan	nan	3926	3600	3926
2022-05-26T06:03:13	1012.6	22.2	41.7	12.7	nan	nan	nan	3875	3600	3875
2022-05-26T07:03:19	1013.0	22.6	41.7	13.0	nan	nan	nan	3806	3600	3806
2022-05-26T08:03:24	1013.3	22.9	41.9	13.2	nan	nan	nan	3802	3600	3802
2022-05-26T09:03:26	1014.0	22.2	42.6	13.3	nan	nan	nan	3793	3600	3793
2022-05-26T10:03:31	1014.3	23.1	43.3	14.1	nan	nan	nan	3877	3600	3877
2022-05-26T11:03:33	1014.5	25.5	43.5	14.1	nan	nan	nan	3777	3600	3777
2022-05-26T12:03:37	1014.5	25.8	43.4	14.2	nan	nan	nan	3929	3600	3929
2022-05-26T13:03:41	1014.5	26.8	42.9	14.1	nan	nan	nan	3862	3600	3862
2022-05-26T14:03:45	1014.4	26.7	42.6	14.6	nan	nan	nan	3872	3600	3872
2022-05-26T15:03:50	1014.3	27.3	41.9	14.2	nan	nan	nan	3937	3600	3937
2022-05-26T16:03:55	1014.3	27.1	40.9	14.1	nan	nan	nan	4008	3600	4008
2022-05-26T17:03:56	1014.4	26.9	40.2	13.6	nan	nan	nan	3957	3600	3957
2022-05-26T18:04:07	1014.4	26.4	39.9	13.1	nan	nan	nan	3946	3600	3946
2022-05-26T19:04:08	1014.1	26.2	39.9	12.9	nan	nan	nan	3986	3600	3986
2022-05-26T20:04:09	1013.9	26.0	39.8	12.8	nan	nan	nan	3941	3600	3941
2022-05-26T21:04:13	1014.2	25.1	40.8	12.8	nan	nan	nan	3882	3600	3882
2022-05-26T22:04:14	1013.9	24.4	41.9	12.8	nan	nan	nan	3874	3600	3874
2022-05-26T23:04:17	1013.4	24.0	42.2	12.8	nan	nan	nan	3880	3600	3880
2022-05-27T00:04:20	1013.2	23.6	42.7	12.7	nan	nan	nan	3914	3600	3914
2022-05-27T01:04:21	1012.8	23.1	44.0	12.7	nan	nan	nan	3929	3600	3929
2022-05-27T02:04:30	1012.3	22.4	44.6	12.7	nan	nan	nan	3881	3600	3881
2022-05-27T03:04:36	1011.8	22.0	44.9	12.7	nan	nan	nan	3859	3600	3859
2022-05-27T04:04:37	1011.5	21.6	45.2	12.7	nan	nan	nan	3861	3600	3861
2022-05-27T05:04:45	1011.4	21.3	45.5	12.7	nan	nan	nan	3875	3600	3875
2022-05-27T06:04:52	1011.3	21.1	45.6	12.7	nan	nan	nan	3815	3600	3815
2022-05-27T07:04:59	1011.4	20.9	45.9	12.7	nan	nan	nan	3769	3600	3769
2022-05-27T08:05:04	1011.6	20.7	46.8	12.9	nan	nan	nan	3811	3600	3811
2022-05-27T09:05:06	1011.8	20.9	47.9	13.5	nan	nan	nan	3891	3600	3891
2022-05-27T10:05:07	1011.9	21.6	48.6	13.9	nan	nan	nan	3924	3600	3924
2022-05-27T11:05:08	1011.7	23.4	47.5	14.2	nan	nan	nan	3863	3600	3863
2022-05-27T12:05:14	1011.6	25.1	44.6	14.2	nan	nan	nan	3916	3600	3916
2022-05-27T13:05:15	1011.3	25.1	42.2	14.5	nan	nan	nan	3815	3600	3815
2022-05-27T14:05:16	1010.9	25.5	40.7	14.7	nan	nan	nan	4011	3600	4011
2022-05-27T15:05:17	1010.7	24.9	39.5	14.4	nan	nan	nan	3899	3600	3899
2022-05-27T16:05:22	1010.8	24.7	38.8	14.2	nan	nan	nan	3774	3600	3774
2022-05-27T17:05:28	1011.3	24.1	38.5	13.9	nan	nan	nan	3974	3600	3974
2022-05-27T18:05:30	1011.7	23.0	40.0	13.7	nan	nan	nan	3949	3600	3949
2022-05-27T19:05:32	1012.2	21.8	41.5	13.1	nan	nan	nan	3877	3600	3877
2022-05-27T20:05:42	1012.2	20.6	43.2	12.9	nan	nan	nan	3849	3600	3849
2022-05-27T21:05:51	1012.4	19.9	44.2	12.8	nan	nan	nan	3796	3600	3796
2022-05-27T22:06:03	1012.3	19.2	44.6	12.8	nan	nan	nan	3939	3600	3939
2022-05-27T23:06:08	1012.3	18.7	45.2	12.8	nan	nan	nan	3769	3600	3769
2022-05-28T00:06:13	1012.1	18.0	45.9	12.8	nan	nan	nan	3913	3600	3913
2022-05-28T01:06:15	1011.6	17.3	45.9	12.8	nan	nan	nan	3851	3600	3851
2022-05-28T02:06:16	1011.1	16.9	46.1	12.7	nan	nan	nan	3818	3600	3818
2022-05-28T03:06:19	1010.5	16.5	46.2	12.7	nan	nan	nan	3898	3600	3898
2022-05-28T04:06:26	1010.0	16.1	46.4	12.7	nan	nan	nan	3857	3600	3857
2022-05-28T05:06:27	1009.7	15.9	46.6	12.7	nan	nan	nan	4079	3600	4079
2022-05-28T06:06:34	1009.9	15.9	47.1	12.7	nan	nan	nan	3897	3600	3897
2022-05-28T07:06:35	1010.1	15.9	48.2	13.1	nan	nan	nan	3800	3600	3800
2022-05-28T08:06:44	1010.3	16.4	49.0	13.3	nan	nan	nan	3661	3600	3661
2022-05-28T09:06:56	1010.2	17.1	49.5	13.6	nan	nan	nan	3682	3600	3682
2022-05-28T10:07:03	1010.4	17.9	49.2	14.0	nan	nan	nan	3888	3600	3888
2022-05-28T11:07:04	1010.7	18.9	48.5	14.2	nan	nan	nan	3874	3600	3874
2022-05-28T12:07:09	1010.4	20.2	47.8	14.5	nan	nan	nan	3923	3600	3923
2022-05-28T13:07:10	1010.5	21.7	46.4	14.6	nan	nan	nan	3876	3600	3876
2022-05-28T14:07:13	1010.8	20.9	46.0	14.6	nan	nan	nan	3883	3600	3883
2022-05-28T15:07:20	1010.7	20.5	46.3	14.3	nan	nan	nan	3828	3600	3828
2022-05-28T16:07:23	1010.7	21.1	45.3	14.3	nan	nan	nan	3825	3600	3825
2022-05-28T17:07:30	1011.2	20.5	45.6	14.3	nan	nan	nan	3861	3600	3861
2022-05-28T18:07:34	1011.2	20.1	45.7	14.3	nan	nan	nan	3771	3600	3771
2022-05-28T19:07:40	1011.5	19.9	45.5	13.2	nan	nan	nan	3908	3600	3908
2022-05-28T20:07:43	1011.6	19.5	45.7	12.9	nan	nan	nan	3807	3600	3807
2022-05-28T21:07:53	1011.6	19.1	45.8	12.8	nan	nan	nan	3926	3600	3926
2022-05-28T22:07:56	1011.7	18.7	46.0	12.8	nan	nan	nan	3695	3600	3695
2022-05-28T23:08:03	1011.5	18.4	46.1	12.8	nan	nan	nan	3908	3600	3908
2022-05-29T00:08:05	1011.1	17.9	46.1	12.8	nan	nan	nan	3916	3600	3916
2022-05-29T01:08:17	1010.6	17.5	46.0	12.8	nan	nan	nan	3881	3600	3881
2022-05-29T02:08:18	1010.3	17.2	45.9	12.7	nan	nan	nan	4025	3600	4025
2022-05-29T03:08:20	1009.9	17.0	45.9	12.7	nan	nan	nan	3846	3600	3846
2022-05-29T04:08:25	1009.7	16.7	45.9	12.7	nan	nan	nan	3975	3600	3975
2022-05-29T05:08:27	1009.5	16.4	45.9	12.7	nan	nan	nan	3821	3600	3821
2022-05-29T06:08:31	1009.4	16.3	45.9	12.7	nan	nan	nan	3722	3600	3722
2022-05-29T07:08:36	1009.3	16.6	46.1	13.0	nan	nan	nan	3879	3600	3879
2022-05-29T08:08:41	1009.4	17.2	46.3	13.2	nan	nan	nan	3845	3600	3845
2022-05-29T09:08:43	1009.4	17.7	46.4	13.5	nan	nan	nan	3944	3600	3944
2022-05-29T10:08:44	1009.5	18.5	46.4	13.6	nan	nan	nan	3945	3600	3945
2022-05-29T11:08:46	1009.4	18.7	46.5	14.1	nan	nan	nan	4001	3600	4001
2022-05-29T12:08:50	1009.4	19.4	46.5	14.0	nan	nan	nan	3872	3600	3872
2022-05-29T13:08:52	1009.1	20.2	46.5	14.3	nan	nan	nan	3896	3600	3896
2022-05-29T14:08:55	1008.9	20.1	46.4	14.6	nan	nan	nan	4031	3600	4031
2022-05-29T15:08:58	1008.7	20.5	46.7	14.7	nan	nan	nan	4017	3600	4017
2022-05-29T16:09:01	1008.3	21.3	46.4	14.3	nan	nan	nan	3946	3600	3946
2022-05-29T17:09:02	1007.9	21.7	46.1	14.3	nan	nan	nan	3875	3600	3875
2022-05-29T18:09:05	1007.6	21.6	45.9	14.3	nan	nan	nan	3919	3600	3919
2022-05-29T19:09:08	1007.6	21.4	45.7	13.5	nan	nan	nan	3944	3600	3944
2022-05-29T20:09:11	1007.8	20.8	45.6	12.9	nan	nan	nan	3942	3600	3942
2022-05-29T21:09:14	1008.1	20.2	45.4	12.8	nan	nan	nan	3961	3600	3961
2022-05-29T22:09:20	1008.0	19.7	45.3	12.8	nan	nan	nan	3775	3600	3775
2022-05-29T23:09:28	1008.0	19.3	45.2	12.8	nan	nan	nan	3923	3600	3923
2022-05-30T00:09:33	1008.1	18.7	45.1	12.8	nan	nan	nan	3855	3600	3855
2022-05-30T01:09:38	1008.0	18.3	45.1	12.8	nan	nan	nan	3923	3600	3923
2022-05-30T02:09:46	1007.8	18.0	45.1	12.7	nan	nan	nan	3886	3600	3886
2022-05-30T03:09:51	1007.9	17.7	45.2	12.7	nan	nan	nan	3944	3600	3944
2022-05-30T04:10:01	1007.9	17.4	45.4	12.6	nan	nan	nan	3887	3600	3887
2022-05-30T05:10:03	1008.2	17.1	45.6	12.7	nan	nan	nan	3961	3600	3961
2022-05-30T06:10:04	1008.4	17.0	45.9	12.7	nan	nan	nan	4046	3600	4046
2022-05-30T07:10:05	1008.7	17.1	46.2	12.8	nan	nan	nan	4006	3600	4006
2022-05-30T08:10:08	1008.9	17.3	46.6	13.1	nan	nan	nan	3820	3600	3820
2022-05-30T09:10:11	1009.1	17.8	47.0	13.6	nan	nan	nan	3966	3600	3966
2022-05-30T10:10:17	1009.4	19.4	47.1	14.4	nan	nan	nan	3865	3600	3865
2022-05-30T11:10:22	1009.4	20.3	46.9	14.4	nan	nan	nan	3961	3600	3961
2022-05-30T12:10:23	1009.4	21.1	46.3	14.7	nan	nan	nan	3935	3600	3935
2022-05-30T13:10:26	1009.6	21.9	45.7	14.7	nan	nan	nan	3917	3600	3917
2022-05-30T14:10:34	1009.6	23.0	44.7	14.3	nan	nan	nan	3936	3600	3936
2022-05-30T15:10:37	1009.8	23.4	43.9	14.2	nan	nan	nan	4025	3600	4025
2022-05-30T16:10:45	1010.3	22.6	43.3	14.2	nan	nan	nan	3943	3600	3943
2022-05-30T17:10:51	1010.7	22.0	43.0	14.3	nan	nan	nan	3895	3600	3895
2022-05-30T18:10:52	1011.0	21.6	43.0	13.9	nan	nan	nan	3965	3600	3965
2022-05-30T19:10:58	1011.2	21.1	43.3	13.1	nan	nan	nan	3895	3600	3895
2022-05-30T20:11:04	1011.6	20.7	43.5	12.9	nan	nan	nan	3865	3600	3865
2022-05-30T21:11:09	1012.1	20.1	43.5	12.8	nan	nan	nan	3803	3600	3803
2022-05-30T22:11:14	1012.6	19.4	43.5	12.8	nan	nan	nan	3832	3600	3832
2022-05-30T23:11:21	1012.8	18.8	43.5	12.8	nan	nan	nan	3880	3600	3880
2022-05-31T00:11:25	1012.9	18.2	43.5	12.8	nan	nan	nan	3806	3600	3806
2022-05-31T01:11:26	1013.2	17.7	43.5	12.7	nan	nan	nan	3821	3600	3821
2022-05-31T02:11:27	1013.2	17.4	43.7	12.7	nan	nan	nan	3814	3600	3814
2022-05-31T03:11:28	1013.1	17.0	43.8	12.7	nan	nan	nan	3697	3600	3697
2022-05-31T04:11:33	1013.1	16.4	43.8	12.7	nan	nan	nan	3794	3600	3794
2022-05-31T05:11:34	1013.2	15.8	43.8	12.7	nan	nan	nan	3815	3600	3815
2022-05-31T06:11:42	1013.4	15.8	44.0	12.8	nan	nan	nan	3867	3600	3867
2022-05-31T07:11:44	1013.4	16.4	44.3	13.2	nan	nan	nan	3887	3600	3887
2022-05-31T08:11:46	1013.5	17.2	44.8	13.6	nan	nan	nan	3766	3600	3766
2022-05-31T09:11:51	1013.4	18.4	45.1	13.8	nan	nan	nan	3977	3600	3977
2022-05-31T10:11:52	1013.1	19.6	45.1	14.4	nan	nan	nan	3857	3600	3857
2022-05-31T11:12:01	1012.6	21.7	44.7	14.4	nan	nan	nan	3860	3600	3860
2022-05-31T12:12:03	1012.0	25.6	43.2	14.7	nan	nan	nan	4004	3600	4004
2022-05-31T13:12:06	1011.5	25.0	42.9	14.3	nan	nan	nan	4054	3600	4054
2022-05-31T14:12:08	1011.1	25.3	42.6	14.2	nan	nan	nan	3915	3600	3915
2022-05-31T15:12:17	1010.9	25.0	42.4	14.2	nan	nan	nan	3794	3600	3794
2022-05-31T16:12:18	1010.2	25.0	42.3	14.2	nan	nan	nan	3902	3600	3902
2022-05-31T17:12:20	1009.9	25.2	42.1	14.2	nan	nan	nan	3928	3600	3928
2022-05-31T18:12:24	1009.6	25.3	42.0	14.2	nan	nan	nan	4043	3600	4043
2022-05-31T19:12:31	1009.3	25.1	41.9	13.1	nan	nan	nan	3971	3600	3971
2022-05-31T20:12:37	1009.5	24.3	41.9	12.9	nan	nan	nan	3922	3600	3922
2022-05-31T21:12:42	1010.5	23.6	41.9	12.8	nan	nan	nan	3889	3600	3889
2022-05-31T22:12:49	1010.8	22.8	42.0	12.8	nan	nan	nan	3903	3600	3903
2022-05-31T23:12:52	1010.7	21.9	42.1	12.7	nan	nan	nan	3802	3600	3802
2022-06-01T00:12:58	1010.3	21.2	42.2	12.8	nan	nan	nan	3890	3600	3890
2022-06-01T01:13:02	1010.2	20.7	42.5	12.7	nan	nan	nan	3851	3600	3851
2022-06-01T02:13:06	1010.2	20.3	42.7	12.7	nan	nan	nan	3803	3600	3803
2022-06-01T03:13:08	1010.1	19.9	43.0	12.7	nan	nan	nan	3931	3600	3931
2022-06-01T04:13:09	1009.9	19.5	43.2	12.7	nan	nan	nan	3972	3600	3972
2022-06-01T05:13:12	1010.0	19.0	43.4	12.7	nan	nan	nan	3888	3600	3888
2022-06-01T06:13:19	1010.2	18.9	43.7	12.8	nan	nan	nan	3897	3600	3897
2022-06-01T07:13:20	1010.3	19.1	44.0	13.1	nan	nan	nan	3813	3600	3813
2022-06-01T08:13:22	1010.3	19.7	44.4	13.5	nan	nan	nan	3878	3600	3878
2022-06-01T09:13:25	1010.5	21.0	44.6	13.8	nan	nan	nan	3977	3600	3977
2022-06-01T10:13:26	1010.6	21.9	45.0	14.2	nan	nan	nan	3895	3600	3895
2022-06-01T11:13:30	1010.5	23.9	45.0	14.4	nan	nan	nan	3985	3600	3985
2022-06-01T12:13:36	1010.0	27.5	43.5	14.7	nan	nan	nan	3947	3600	3947
2022-06-01T13:13:39	1009.7	28.0	42.6	14.4	nan	nan	nan	4088	3600	4088
2022-06-01T14:13:45	1010.0	26.4	42.1	14.1	nan	nan	nan	4023	3600	4023
2022-06-01T15:13:51	1010.2	25.9	42.1	14.1	nan	nan	nan	3993	3600	3993
2022-06-01T16:13:52	1010.4	26.1	41.2	14.1	nan	nan	nan	3944	3600	3944
2022-06-01T17:13:54	1010.5	26.0	40.3	14.1	nan	nan	nan	4017	3600	4017
2022-06-01T18:14:02	1010.9	25.5	40.1	14.1	nan	nan	nan	3855	3600	3855
2022-06-01T19:14:08	1011.5	25.2	40.1	13.1	nan	nan	nan	3860	3600	3860
2022-06-01T20:14:16	1011.7	24.4	40.1	12.8	nan	nan	nan	3866	3600	3866
2022-06-01T21:14:18	1012.0	23.5	40.2	12.8	nan	nan	nan	3888	3600	3888
2022-06-01T22:14:24	1012.3	22.5	40.2	12.8	nan	nan	nan	3944	3600	3944
2022-06-01T23:14:29	1012.6	21.5	40.4	12.8	nan	nan	nan	3938	3600	3938
2022-06-02T00:14:35	1012.9	20.6	40.6	12.8	nan	nan	nan	3838	3600	3838
2022-06-02T01:14:38	1013.5	20.0	40.9	12.7	nan	nan	nan	3904	3600	3904
2022-06-02T02:14:42	1013.9	19.4	41.2	12.7	nan	nan	nan	3864	3600	3864
2022-06-02T03:14:45	1014.4	18.7	41.4	12.7	nan	nan	nan	3865	3600	3865
2022-06-02T04:14:51	1014.8	18.0	41.6	12.7	nan	nan	nan	3800	3600	3800
2022-06-02T05:15:00	1015.4	17.4	41.8	12.7	nan	nan	nan	3953	3600	3953
2022-06-02T06:15:07	1015.9	17.4	42.2	12.8	nan	nan	nan	3818	3600	3818
2022-06-02T07:15:10	1016.5	17.7	42.9	13.1	nan	nan	nan	3730	3600	3730
2022-06-02T08:15:13	1017.1	18.5	43.9	13.5	nan	nan	nan	3834	3600	3834
2022-06-02T09:15:16	1017.6	19.8	44.5	13.8	nan	nan	nan	3764	3600	3764
2022-06-02T10:15:22	1017.9	21.2	44.7	14.3	nan	nan	nan	3812	3600	3812
2022-06-02T11:15:26	1018.1	23.8	44.1	14.4	nan	nan	nan	3859	3600	3859
2022-06-02T12:15:27	1018.2	26.3	42.6	14.7	nan	nan	nan	3852	3600	3852
2022-06-02T13:15:33	1018.2	27.1	41.1	14.5	nan	nan	nan	3895	3600	3895
2022-06-02T14:15:39	1018.3	26.4	40.2	14.1	nan	nan	nan	3865	3600	3865
2022-06-02T15:15:40	1018.4	26.2	39.2	14.1	nan	nan	nan	3803	3600	3803
2022-06-02T16:15:43	1018.5	26.0	38.6	14.1	nan	nan	nan	3815	3600	3815
2022-06-02T17:15:46	1018.4	25.7	38.4	14.2	nan	nan	nan	3880	3600	3880
2022-06-02T18:15:48	1018.5	25.4	38.4	13.6	nan	nan	nan	3739	3600	3739
2022-06-02T19:15:50	1018.6	25.0	38.5	13.1	nan	nan	nan	3918	3600	3918
2022-06-02T20:15:58	1018.7	24.2	38.7	12.9	nan	nan	nan	3708	3600	3708
2022-06-02T21:16:00	1019.2	23.0	38.8	12.8	nan	nan	nan	3816	3600	3816
2022-06-02T22:16:05	1019.4	21.7	38.8	12.8	nan	nan	nan	3741	3600	3741
2022-06-02T23:16:11	1019.6	20.6	39.0	12.8	nan	nan	nan	3704	3600	3704
2022-06-03T00:16:17	1019.7	19.6	39.2	12.8	nan	nan	nan	3749	3600	3749
2022-06-03T01:16:21	1019.8	18.5	39.4	12.8	nan	nan	nan	3768	3600	3768
2022-06-03T02:16:27	1019.8	17.6	39.6	12.7	nan	nan	nan	3864	3600	3864
2022-06-03T03:16:32	1019.7	16.8	39.9	12.7	nan	nan	nan	3796	3600	3796
2022-06-03T04:16:35	1019.7	16.0	40.1	12.7	nan	nan	nan	3829	3600	3829
2022-06-03T05:16:45	1019.7	15.7	40.5	12.7	nan	nan	nan	3875	3600	3875
2022-06-03T06:16:46	1019.9	16.5	41.1	12.8	nan	nan	nan	3741	3600	3741
2022-06-03T07:16:52	1019.9	17.3	41.7	13.1	nan	nan	nan	3810	3600	3810
2022-06-03T08:16:58	1019.5	18.8	42.4	13.4	nan	nan	nan	3772	3600	3772
2022-06-03T09:17:02	1019.2	20.4	42.8	13.7	nan	nan	nan	3755	3600	3755
2022-06-03T10:17:09	1018.9	22.1	42.9	13.9	nan	nan	nan	3921	3600	3921
2022-06-03T11:17:16	1018.5	25.3	42.4	14.4	nan	nan	nan	3864	3600	3864
2022-06-03T12:17:26	1018.0	29.8	40.6	14.6	nan	nan	nan	3861	3600	3861
2022-06-03T13:17:32	1017.1	30.2	39.6	14.6	nan	nan	nan	3763	3600	3763
2022-06-03T14:17:36	1016.3	29.7	39.4	14.1	nan	nan	nan	3873	3600	3873
2022-06-03T15:17:41	1015.7	29.9	39.1	14.1	nan	nan	nan	3850	3600	3850
2022-06-03T16:17:47	1015.2	30.1	38.5	14.0	nan	nan	nan	3722	3600	3722
2022-06-03T17:17:53	1014.8	30.2	38.3	14.0	nan	nan	nan	3892	3600	3892
2022-06-03T18:17:58	1014.4	30.0	38.3	13.9	nan	nan	nan	3847	3600	3847
2022-06-03T19:18:00	1014.3	29.8	38.0	13.1	nan	nan	nan	3917	3600	3917
2022-06-03T20:18:02	1014.4	29.1	37.8	12.9	nan	nan	nan	3921	3600	3921
2022-06-03T21:18:07	1014.7	28.4	37.9	12.8	nan	nan	nan	3909	3600	3909
2022-06-03T22:18:12	1014.9	28.0	38.0	12.8	nan	nan	nan	3981	3600	3981
2022-06-03T23:18:21	1014.9	27.5	38.2	12.8	nan	nan	nan	3933	3600	3933
2022-06-04T00:18:27	1015.2	26.7	38.5	12.8	nan	nan	nan	3945	3600	3945
2022-06-04T01:18:30	1015.1	25.9	38.9	12.8	nan	nan	nan	3847	3600	3847
2022-06-04T02:18:34	1015.0	25.2	39.6	12.7	nan	nan	nan	3923	3600	3923
2022-06-04T03:18:38	1015.0	24.6	40.4	12.7	nan	nan	nan	3849	3600	3849
2022-06-04T04:18:45	1015.1	24.1	41.2	12.7	nan	nan	nan	3775	3600	3775
2022-06-04T05:18:48	1015.4	23.6	41.9	12.7	nan	nan	nan	3845	3600	3845
2022-06-04T06:18:52	1015.6	23.1	42.4	12.7	nan	nan	nan	3775	3600	3775
2022-06-04T07:18:54	1015.8	22.9	42.7	12.8	nan	nan	nan	3928	3600	3928
2022-06-04T08:18:55	1016.3	23.3	42.9	13.2	nan	nan	nan	3914	3600	3914
2022-06-04T09:19:02	1016.8	24.0	42.8	13.4	nan	nan	nan	3972	3600	3972
2022-06-04T10:19:03	1016.8	25.2	42.6	13.7	nan	nan	nan	3787	3600	3787
2022-06-04T11:19:09	1017.1	26.8	41.8	14.2	nan	nan	nan	3910	3600	3910
2022-06-04T12:19:12	1016.9	30.1	40.0	14.6	nan	nan	nan	3872	3600	3872
2022-06-04T13:19:15	1016.9	30.5	38.8	14.5	nan	nan	nan	3904	3600	3904
2022-06-04T14:19:16	1017.1	30.3	38.3	14.0	nan	nan	nan	3843	3600	3843
2022-06-04T15:19:18	1017.1	30.5	38.1	14.0	nan	nan	nan	3809	3600	3809
2022-06-04T16:19:19	1017.0	30.8	38.0	14.0	nan	nan	nan	3774	3600	3774
2022-06-04T17:19:20	1016.9	30.7	37.6	14.0	nan	nan	nan	3862	3600	3862
2022-06-04T18:19:28	1016.9	30.0	37.1	14.0	nan	nan	nan	3699	3600	3699
2022-06-04T19:19:34	1017.3	29.9	37.1	13.1	nan	nan	nan	3773	3600	3773
2022-06-04T20:19:36	1017.8	29.2	37.4	12.9	nan	nan	nan	3782	3600	3782
2022-06-04T21:19:37	1018.4	28.2	37.7	12.8	nan	nan	nan	3966	3600	3966
2022-06-04T22:19:38	1018.9	27.2	38.0	12.8	nan	nan	nan	3754	3600	3754
2022-06-04T23:19:40	1019.2	26.3	38.2	12.8	nan	nan	nan	3812	3600	3812
2022-06-05T00:19:43	1019.4	25.2	38.4	12.8	nan	nan	nan	3927	3600	3927
2022-06-05T01:19:46	1019.2	23.9	38.6	12.8	nan	nan	nan	3783	3600	3783
2022-06-05T02:19:52	1019.2	22.6	38.8	12.7	nan	nan	nan	3811	3600	3811
2022-06-05T03:19:55	1019.1	21.3	38.9	12.7	nan	nan	nan	3799	3600	3799
2022-06-05T04:20:00	1018.8	20.0	39.1	12.7	nan	nan	nan	3918	3600	3918
2022-06-05T05:20:02	1018.8	19.3	39.6	12.7	nan	nan	nan	3813	3600	3813
2022-06-05T06:20:13	1018.5	19.6	40.4	12.8	nan	nan	nan	3841	3600	3841
2022-06-05T07:20:26	1018.1	20.0	41.3	13.1	nan	nan	nan	3976	3600	3976
2022-06-05T08:20:31	1017.9	21.0	41.9	13.4	nan	nan	nan	3904	3600	3904
2022-06-05T09:20:39	1017.3	22.5	42.1	13.6	nan	nan	nan	3951	3600	3951
2022-06-05T10:20:46	1016.8	24.4	42.1	13.9	nan	nan	nan	3945	3600	3945
2022-06-05T11:20:50	1016.3	28.0	41.5	14.4	nan	nan	nan	3840	3600	3840
2022-06-05T12:20:53	1015.4	32.3	39.7	14.5	nan	nan	nan	3910	3600	3910
2022-06-05T13:20:59	1014.3	33.2	38.8	14.4	nan	nan	nan	3948	3600	3948
2022-06-05T14:21:00	1013.2	32.8	38.7	14.0	nan	nan	nan	3983	3600	3983
2022-06-05T15:21:02	1012.5	33.1	38.5	14.0	nan	nan	nan	4076	3600	4076
2022-06-05T16:21:12	1011.9	33.3	38.5	13.9	nan	nan	nan	4004	3600	4004
2022-06-05T17:21:19	1011.1	33.4	38.5	13.9	nan	nan	nan	4072	3600	4072
2022-06-05T18:21:24	1010.7	33.2	38.5	13.9	nan	nan	nan	4046	3600	4046
2022-06-05T19:21:30	1010.5	32.9	38.3	13.1	nan	nan	nan	4124	3600	4124
2022-06-05T20:21:33	1010.3	32.3	38.4	12.9	nan	nan	nan	4058	3600	4058
2022-06-05T21:21:34	1010.4	31.6	38.5	12.8	nan	nan	nan	4160	3600	4160
2022-06-05T22:21:41	1010.3	31.1	38.7	12.8	nan	nan	nan	4045	3600	4045
2022-06-05T23:21:45	1010.2	30.6	38.9	12.8	nan	nan	nan	3959	3600	3959
2022-06-06T00:21:47	1010.1	30.1	39.1	12.8	nan	nan	nan	4001	3600	4001
2022-06-06T01:21:52	1009.7	29.5	39.4	12.8	nan	nan	nan	3994	3600	3994
2022-06-06T02:21:58	1009.5	28.8	39.8	12.7	nan	nan	nan	4065	3600	4065
2022-06-06T03:22:02	1009.3	27.9	40.2	12.7	nan	nan	nan	3982	3600	3982
2022-06-06T04:22:04	1009.7	27.1	40.6	12.7	nan	nan	nan	4008	3600	4008
2022-06-06T05:22:07	1010.5	26.4	41.1	12.7	nan	nan	nan	3731	3600	3731
2022-06-06T06:22:14	1010.9	26.0	41.6	12.8	nan	nan	nan	3784	3600	3784
2022-06-06T07:22:27	1011.6	25.8	42.2	12.8	nan	nan	nan	3989	3600	3989
2022-06-06T08:22:30	1011.8	25.9	42.9	13.2	nan	nan	nan	3810	3600	3810
2022-06-06T09:22:32	1011.7	26.8	43.3	13.5	nan	nan	nan	3874	3600	3874
2022-06-06T10:22:36	1011.7	27.9	43.4	13.7	nan	nan	nan	4026	3600	4026
2022-06-06T11:22:40	1011.6	29.4	43.3	14.0	nan	nan	nan	3897	3600	3897
2022-06-06T12:22:41	1011.5	32.5	42.0	14.3	nan	nan	nan	4007	3600	4007
2022-06-06T13:22:47	1011.3	31.8	41.9	14.4	nan	nan	nan	3923	3600	3923
2022-06-06T14:22:50	1010.8	31.9	42.0	14.0	nan	nan	nan	3883	3600	3883
2022-06-06T15:22:54	1010.7	31.2	42.2	14.0	nan	nan	nan	3901	3600	3901
2022-06-06T16:22:57	1010.7	31.1	42.3	13.4	nan	nan	nan	3903	3600	3903
2022-06-06T17:23:00	1011.4	29.2	42.4	12.9	nan	nan	nan	3742	3600	3742
2022-06-06T18:23:03	1011.2	28.2	42.7	12.9	nan	nan	nan	3841	3600	3841
2022-06-06T19:23:06	1011.0	27.7	43.2	12.9	nan	nan	nan	3818	3600	3818
2022-06-06T20:23:08	1011.0	27.1	43.4	12.8	nan	nan	nan	3761	3600	3761
2022-06-06T21:23:14	1011.3	26.2	43.4	12.8	nan	nan	nan	3763	3600	3763
2022-06-06T22:23:24	1011.1	25.3	43.5	12.8	nan	nan	nan	3723	3600	3723
2022-06-06T23:23:25	1011.4	24.6	43.6	12.8	nan	nan	nan	3643	3600	3643
2022-06-07T00:23:30	1011.5	23.9	43.8	12.7	nan	nan	nan	3766	3600	3766
2022-06-07T01:23:35	1011.3	23.1	43.9	12.7	nan	nan	nan	3719	3600	3719
2022-06-07T02:23:36	1011.0	22.4	44.0	12.7	nan	nan	nan	3842	3600	3842
2022-06-07T03:23:40	1010.8	21.7	44.2	12.7	nan	nan	nan	3712	3600	3712
2022-06-07T04:23:41	1010.7	21.1	44.3	12.7	nan	nan	nan	3806	3600	3806
2022-06-07T05:23:44	1010.9	20.8	44.5	12.7	nan	nan	nan	3726	3600	3726
2022-06-07T06:23:46	1010.8	21.4	44.8	12.8	nan	nan	nan	3869	3600	3869
2022-06-07T07:23:51	1011.0	21.7	45.2	13.1	nan	nan	nan	3772	3600	3772
2022-06-07T08:23:56	1011.1	22.5	45.6	13.4	nan	nan	nan	3837	3600	3837
2022-06-07T09:23:59	1011.0	23.5	45.7	13.6	nan	nan	nan	3850	3600	3850
2022-06-07T10:24:03	1010.5	25.2	45.5	14.1	nan	nan	nan	3810	3600	3810
2022-06-07T11:24:05	1009.8	26.9	45.0	14.4	nan	nan	nan	3919	3600	3919
2022-06-07T12:24:06	1009.3	29.9	43.5	14.4	nan	nan	nan	3858	3600	3858
2022-06-07T13:24:07	1009.2	29.7	42.9	14.6	nan	nan	nan	3945	3600	3945
2022-06-07T14:24:14	1008.8	29.4	42.7	14.0	nan	nan	nan	4019	3600	4019
2022-06-07T15:24:16	1008.6	29.4	42.3	14.1	nan	nan	nan	4098	3600	4098
2022-06-07T16:24:19	1008.3	29.5	42.0	14.0	nan	nan	nan	4073	3600	4073
2022-06-07T17:24:24	1008.0	29.6	41.8	14.1	nan	nan	nan	3998	3600	3998
2022-06-07T18:24:27	1008.1	29.6	41.5	13.8	nan	nan	nan	3943	3600	3943
2022-06-07T19:24:30	1008.1	29.3	41.2	13.3	nan	nan	nan	3809	3600	3809
2022-06-07T20:24:31	1008.2	28.6	41.1	12.9	nan	nan	nan	4020	3600	4020
2022-06-07T21:24:32	1008.9	27.5	41.1	12.8	nan	nan	nan	3880	3600	3880
2022-06-07T22:24:37	1008.9	26.4	41.2	12.8	nan	nan	nan	3873	3600	3873
2022-06-07T23:24:47	1008.7	25.3	41.3	12.8	nan	nan	nan	3933	3600	3933
2022-06-08T00:24:52	1008.4	24.5	41.5	12.8	nan	nan	nan	4125	3600	4125
2022-06-08T01:24:53	1008.2	24.0	41.8	12.8	nan	nan	nan	4022	3600	4022
2022-06-08T02:24:55	1008.1	23.6	42.1	12.7	nan	nan	nan	3991	3600	3991
2022-06-08T03:25:03	1007.8	22.8	42.3	12.7	nan	nan	nan	4037	3600	4037
2022-06-08T04:25:10	1007.7	21.9	42.5	12.6	nan	nan	nan	3978	3600	3978
2022-06-08T05:25:11	1007.7	21.7	42.7	12.7	nan	nan	nan	4049	3600	4049
2022-06-08T06:25:19	1007.6	21.8	43.1	12.8	nan	nan	nan	3863	3600	3863
2022-06-08T07:25:23	1007.6	22.4	43.6	13.1	nan	nan	nan	4007	3600	4007
2022-06-08T08:25:32	1007.6	23.2	43.9	13.4	nan	nan	nan	3863	3600	3863
2022-06-08T09:25:37	1007.4	24.8	44.0	13.6	nan	nan	nan	3983	3600	3983
2022-06-08T10:25:40	1006.9	26.3	43.9	14.0	nan	nan	nan	4102	3600	4102
2022-06-08T11:25:46	1006.3	28.4	43.5	14.2	nan	nan	nan	4115	3600	4115
2022-06-08T12:25:49	1005.8	29.0	43.2	14.1	nan	nan	nan	4207	3600	4207
2022-06-08T13:25:52	1005.3	29.3	43.2	14.6	nan	nan	nan	4090	3600	4090
2022-06-08T14:25:56	1004.9	29.9	42.9	14.1	nan	nan	nan	4030	3600	4030
2022-06-08T15:25:58	1004.3	30.3	42.6	14.0	nan	nan	nan	4129	3600	4129
2022-06-08T16:26:07	1003.8	30.5	42.4	14.0	nan	nan	nan	4204	3600	4204
2022-06-08T17:26:10	1003.3	30.9	42.0	14.0	nan	nan	nan	4208	3600	4208
2022-06-08T18:26:16	1003.2	30.6	41.9	13.6	nan	nan	nan	4221	3600	4221
2022-06-08T19:26:19	1003.2	30.2	42.0	13.0	nan	nan	nan	4141	3600	4141
2022-06-08T20:26:27	1003.4	29.6	42.0	12.8	nan	nan	nan	4259	3600	4259
2022-06-08T21:26:29	1003.7	28.8	42.1	12.8	nan	nan	nan	4201	3600	4201
2022-06-08T22:26:30	1003.8	27.7	42.0	12.8	nan	nan	nan	4164	3600	4164
2022-06-08T23:26:33	1003.8	26.7	42.1	12.8	nan	nan	nan	4197	3600	4197
2022-06-09T00:26:36	1003.9	26.1	42.4	12.8	nan	nan	nan	4162	3600	4162
2022-06-09T01:26:42	1004.2	25.6	43.0	12.7	nan	nan	nan	4171	3600	4171
2022-06-09T02:26:44	1004.5	25.1	43.8	12.7	nan	nan	nan	4218	3600	4218
2022-06-09T03:26:52	1004.6	24.6	44.1	12.7	nan	nan	nan	4074	3600	4074
2022-06-09T04:26:56	1004.8	23.9	44.2	12.7	nan	nan	nan	4053	3600	4053
2022-06-09T05:27:03	1005.1	23.5	44.5	12.8	nan	nan	nan	4137	3600	4137
2022-06-09T06:27:06	1005.5	24.1	45.1	12.7	nan	nan	nan	4263	3600	4263
2022-06-09T07:27:07	1006.2	23.9	45.4	12.8	nan	nan	nan	4082	3600	4082
2022-06-09T08:27:10	1006.8	23.9	45.8	12.8	nan	nan	nan	4128	3600	4128
2022-06-09T09:27:13	1007.4	24.0	46.1	12.9	nan	nan	nan	4020	3600	4020
2022-06-09T10:27:15	1007.9	24.2	46.4	13.1	nan	nan	nan	4053	3600	4053
2022-06-09T11:27:22	1008.3	24.8	46.7	13.4	nan	nan	nan	4025	3600	4025
2022-06-09T12:27:24	1008.8	25.9	46.9	13.6	nan	nan	nan	4100	3600	4100
2022-06-09T13:27:30	1009.1	26.6	46.6	13.2	nan	nan	nan	3982	3600	3982
2022-06-09T14:27:33	1009.6	25.9	46.7	13.2	nan	nan	nan	3973	3600	3973
2022-06-09T15:27:34	1009.9	26.2	46.7	13.5	nan	nan	nan	4095	3600	4095
2022-06-09T16:27:38	1010.3	26.6	46.6	13.7	nan	nan	nan	4132	3600	4132
2022-06-09T17:27:48	1010.3	27.4	46.0	13.7	nan	nan	nan	4099	3600	4099
2022-06-09T18:27:49	1010.8	27.5	45.4	13.4	nan	nan	nan	4074	3600	4074
2022-06-09T19:27:54	1011.7	27.4	45.0	13.2	nan	nan	nan	4128	3600	4128
2022-06-09T20:27:58	1012.4	27.0	44.7	12.9	nan	nan	nan	4045	3600	4045
2022-06-09T21:28:01	1013.3	26.3	44.5	12.8	nan	nan	nan	3962	3600	3962
2022-06-09T22:28:07	1014.1	25.5	44.4	12.8	nan	nan	nan	3880	3600	3880
2022-06-09T23:28:08	1014.6	24.8	44.3	12.7	nan	nan	nan	3833	3600	3833
2022-06-10T00:28:11	1015.2	24.0	44.3	12.8	nan	nan	nan	3820	3600	3820
2022-06-10T01:28:14	1016.0	23.1	44.3	12.7	nan	nan	nan	4009	3600	4009
2022-06-10T02:28:28	1016.6	22.3	44.2	12.7	nan	nan	nan	3926	3600	3926
2022-06-10T03:28:32	1017.2	21.4	44.1	12.7	nan	nan	nan	3846	3600	3846
2022-06-10T04:28:42	1017.7	20.5	44.1	12.7	nan	nan	nan	3855	3600	3855
2022-06-10T05:28:44	1018.4	20.1	44.4	12.7	nan	nan	nan	3897	3600	3897
2022-06-10T06:28:54	1019.0	20.9	45.0	12.8	nan	nan	nan	3880	3600	3880
2022-06-10T07:28:55	1019.5	21.1	46.5	13.1	nan	nan	nan	3769	3600	3769
2022-06-10T08:28:56	1019.7	21.7	48.1	13.4	nan	nan	nan	3806	3600	3806
2022-06-10T09:28:58	1019.8	22.6	48.6	13.6	nan	nan	nan	3835	3600	3835
2022-06-10T10:29:05	1019.8	24.0	48.1	13.9	nan	nan	nan	3795	3600	3795
2022-06-10T11:29:08	1019.7	25.9	46.9	14.3	nan	nan	nan	3846	3600	3846
2022-06-10T12:29:14	1019.5	29.7	43.9	14.6	nan	nan	nan	3914	3600	3914
2022-06-10T13:29:17	1019.1	30.3	42.0	14.6	nan	nan	nan	3841	3600	3841
2022-06-10T14:29:21	1018.7	29.8	41.0	14.2	nan	nan	nan	3956	3600	3956
2022-06-10T15:29:26	1018.4	29.8	39.9	14.0	nan	nan	nan	3928	3600	3928
2022-06-10T16:29:29	1018.1	30.1	39.3	14.0	nan	nan	nan	4070	3600	4070
2022-06-10T17:29:35	1017.9	30.2	38.9	14.0	nan	nan	nan	3923	3600	3923
2022-06-10T18:29:37	1017.9	30.0	38.8	13.4	nan	nan	nan	3967	3600	3967
2022-06-10T19:29:38	1018.0	29.4	39.1	12.9	nan	nan	nan	3950	3600	3950
2022-06-10T20:29:42	1018.2	28.7	39.4	12.8	nan	nan	nan	3940	3600	3940
2022-06-10T21:29:53	1018.7	27.8	39.6	12.8	nan	nan	nan	3967	3600	3967
2022-06-10T22:29:54	1018.7	27.2	40.0	12.8	nan	nan	nan	3792	3600	3792
2022-06-10T23:30:02	1018.8	26.8	40.3	12.8	nan	nan	nan	3795	3600	3795
2022-06-11T00:30:09	1018.6	26.3	40.7	12.8	nan	nan	nan	3926	3600	3926
2022-06-11T01:30:19	1018.6	25.8	41.0	12.7	nan	nan	nan	3825	3600	3825
2022-06-11T02:30:24	1018.5	25.3	41.3	12.7	nan	nan	nan	3796	3600	3796
2022-06-11T03:30:26	1018.4	24.5	41.5	12.7	nan	nan	nan	3835	3600	3835
2022-06-11T04:30:29	1018.5	24.0	41.7	12.7	nan	nan	nan	3777	3600	3777
2022-06-11T05:30:34	1018.7	23.9	42.1	12.7	nan	nan	nan	3818	3600	3818
2022-06-11T06:30:38	1018.8	24.0	42.5	12.7	nan	nan	nan	3773	3600	3773
2022-06-11T07:30:39	1018.9	24.5	42.8	12.9	nan	nan	nan	3802	3600	3802
2022-06-11T08:30:47	1018.8	25.5	43.0	13.3	nan	nan	nan	3834	3600	3834
2022-06-11T09:30:56	1018.6	27.2	43.0	13.6	nan	nan	nan	3913	3600	3913
2022-06-11T10:30:58	1018.4	29.1	42.6	13.9	nan	nan	nan	3883	3600	3883
2022-06-11T11:31:01	1018.3	31.7	41.8	14.0	nan	nan	nan	3923	3600	3923
2022-06-11T12:31:02	1018.1	32.8	41.2	14.0	nan	nan	nan	3934	3600	3934
2022-06-11T13:31:08	1018.1	31.8	41.4	14.5	nan	nan	nan	3986	3600	3986
2022-06-11T14:31:09	1018.0	32.4	41.2	14.3	nan	nan	nan	4008	3600	4008
2022-06-11T15:31:12	1017.6	33.0	40.6	13.9	nan	nan	nan	3975	3600	3975
2022-06-11T16:31:15	1017.4	33.1	40.1	13.9	nan	nan	nan	3930	3600	3930
2022-06-11T17:31:18	1017.6	32.7	39.4	14.0	nan	nan	nan	3902	3600	3902
2022-06-11T18:31:21	1017.7	32.4	39.2	13.6	nan	nan	nan	3855	3600	3855
2022-06-11T19:31:29	1017.7	32.0	39.1	13.0	nan	nan	nan	3870	3600	3870
2022-06-11T20:31:38	1017.9	31.3	39.3	12.9	nan	nan	nan	3906	3600	3906
2022-06-11T21:31:40	1018.2	30.0	39.5	12.8	nan	nan	nan	3835	3600	3835
2022-06-11T22:31:46	1018.3	28.6	39.7	12.8	nan	nan	nan	3804	3600	3804
2022-06-11T23:31:47	1018.5	27.2	40.0	12.8	nan	nan	nan	3806	3600	3806
2022-06-12T00:31:49	1018.4	26.0	40.3	12.8	nan	nan	nan	3793	3600	3793
2022-06-12T01:31:51	1018.4	25.1	40.7	12.7	nan	nan	nan	3862	3600	3862
2022-06-12T02:31:57	1018.3	24.6	41.2	12.7	nan	nan	nan	3867	3600	3867
2022-06-12T03:31:59	1018.0	23.7	41.7	12.7	nan	nan	nan	3672	3600	3672
2022-06-12T04:32:03	1017.9	23.3	42.4	12.7	nan	nan	nan	3902	3600	3902
2022-06-12T05:32:05	1018.4	23.3	44.1	12.7	nan	nan	nan	3759	3600	3759
2022-06-12T06:32:08	1018.3	23.2	45.2	12.8	nan	nan	nan	3676	3600	3676
2022-06-12T07:32:18	1018.2	23.6	46.0	13.0	nan	nan	nan	3833	3600	3833
2022-06-12T08:32:23	1018.1	24.2	46.5	13.0	nan	nan	nan	3734	3600	3734
2022-06-12T09:32:26	1018.0	24.9	46.5	13.3	nan	nan	nan	3928	3600	3928
2022-06-12T10:32:28	1017.9	26.5	46.4	13.7	nan	nan	nan	3946	3600	3946
2022-06-12T11:32:36	1017.6	29.0	45.5	14.4	nan	nan	nan	3772	3600	3772
2022-06-12T12:32:44	1017.2	31.6	43.0	14.5	nan	nan	nan	3953	3600	3953
2022-06-12T13:32:47	1016.6	32.0	41.8	14.5	nan	nan	nan	3922	3600	3922
2022-06-12T14:32:49	1016.0	31.9	40.8	14.1	nan	nan	nan	4115	3600	4115
2022-06-12T15:32:55	1015.4	32.0	39.9	14.0	nan	nan	nan	4044	3600	4044
2022-06-12T16:33:00	1014.8	31.9	38.7	13.9	nan	nan	nan	4101	3600	4101
2022-06-12T17:33:05	1014.4	31.8	37.6	14.0	nan	nan	nan	4069	3600	4069
2022-06-12T18:33:07	1014.2	31.4	36.4	13.8	nan	nan	nan	3904	3600	3904
2022-06-12T19:33:11	1014.3	30.9	35.7	13.0	nan	nan	nan	4069	3600	4069
2022-06-12T20:33:13	1014.2	29.9	35.7	12.8	nan	nan	nan	4072	3600	4072
2022-06-12T21:33:17	1014.3	28.6	36.0	12.8	nan	nan	nan	3969	3600	3969
2022-06-12T22:33:22	1014.1	27.4	36.5	12.8	nan	nan	nan	4009	3600	4009
2022-06-12T23:33:26	1014.5	26.6	37.4	12.8	nan	nan	nan	4013	3600	4013
2022-06-13T00:33:28	1014.5	25.9	38.2	12.8	nan	nan	nan	3870	3600	3870
2022-06-13T01:33:31	1014.3	25.2	39.1	12.7	nan	nan	nan	4088	3600	4088
2022-06-13T02:33:38	1014.2	24.5	39.9	12.7	nan	nan	nan	4054	3600	4054
2022-06-13T03:33:44	1014.3	23.7	40.3	12.7	nan	nan	nan	3965	3600	3965
2022-06-13T04:33:48	1014.4	23.1	40.9	12.7	nan	nan	nan	3971	3600	3971
2022-06-13T05:33:56	1014.7	22.6	41.8	12.8	nan	nan	nan	3976	3600	3976
2022-06-13T06:34:04	1015.0	22.8	42.9	12.9	nan	nan	nan	4023	3600	4023
2022-06-13T07:34:08	1015.4	22.5	44.0	13.1	nan	nan	nan	4019	3600	4019
2022-06-13T08:34:10	1015.2	22.8	44.3	13.4	nan	nan	nan	3977	3600	3977
2022-06-13T09:34:17	1015.4	23.2	44.1	13.7	nan	nan	nan	4091	3600	4091
2022-06-13T10:34:23	1015.4	24.1	43.3	14.0	nan	nan	nan	4002	3600	4002
2022-06-13T11:34:27	1015.0	26.4	42.0	14.5	nan	nan	nan	4095	3600	4095
2022-06-13T12:34:29	1014.8	28.9	39.5	14.6	nan	nan	nan	4114	3600	4114
2022-06-13T13:34:32	1015.4	27.0	38.2	14.4	nan	nan	nan	4040	3600	4040
2022-06-13T14:34:33	1015.6	26.4	38.4	14.2	nan	nan	nan	4101	3600	4101
2022-06-13T15:34:36	1015.4	26.6	38.5	14.1	nan	nan	nan	3984	3600	3984
2022-06-13T16:34:37	1015.5	26.4	38.4	13.9	nan	nan	nan	4063	3600	4063
2022-06-13T17:34:41	1015.7	26.2	38.5	14.1	nan	nan	nan	4032	3600	4032
2022-06-13T18:34:45	1016.0	26.1	38.6	13.9	nan	nan	nan	4057	3600	4057
2022-06-13T19:34:52	1016.4	25.6	38.6	13.1	nan	nan	nan	3929	3600	3929
2022-06-13T20:34:58	1016.9	24.9	38.9	12.9	nan	nan	nan	3873	3600	3873
2022-06-13T21:34:59	1017.6	24.0	39.3	12.8	nan	nan	nan	3978	3600	3978
2022-06-13T22:35:08	1017.8	22.8	39.5	12.8	nan	nan	nan	3923	3600	3923
2022-06-13T23:35:12	1018.0	21.6	39.5	12.8	nan	nan	nan	3857	3600	3857
2022-06-14T00:35:16	1018.5	20.8	40.1	12.8	nan	nan	nan	3900	3600	3900
2022-06-14T01:35:18	1018.8	20.0	40.8	12.7	nan	nan	nan	3987	3600	3987
2022-06-14T02:35:20	1019.0	19.1	41.1	12.7	nan	nan	nan	3959	3600	3959
2022-06-14T03:35:26	1019.1	18.2	41.2	12.7	nan	nan	nan	3920	3600	3920
2022-06-14T04:35:27	1019.4	17.4	41.3	12.7	nan	nan	nan	3914	3600	3914
2022-06-14T05:35:29	1019.6	17.1	41.6	12.7	nan	nan	nan	3901	3600	3901
2022-06-14T06:35:36	1019.6	17.8	42.1	13.0	nan	nan	nan	3909	3600	3909
2022-06-14T07:35:38	1019.9	18.5	43.2	13.4	nan	nan	nan	3894	3600	3894
2022-06-14T08:35:44	1020.1	19.4	44.2	13.7	nan	nan	nan	3929	3600	3929
2022-06-14T09:35:48	1020.0	20.8	44.2	14.0	nan	nan	nan	3951	3600	3951
2022-06-14T10:35:49	1020.0	21.8	43.9	14.2	nan	nan	nan	3832	3600	3832
2022-06-14T13:27:35	1019.7	25.1	40.4	14.6	nan	nan	nan	3975	3600	3975
2022-06-14T14:27:39	1019.3	25.6	39.3	14.3	nan	nan	nan	4088	3600	4088
2022-06-14T15:27:42	1018.8	25.7	38.5	14.1	nan	nan	nan	4118	3600	4118
2022-06-14T16:27:43	1018.5	26.1	38.2	14.1	nan	nan	nan	4018	3600	4018
2022-06-14T17:27:49	1018.1	26.1	38.0	14.2	nan	nan	nan	4014	3600	4014
2022-06-14T18:27:56	1018.1	26.0	37.9	13.8	nan	nan	nan	3937	3600	3937
2022-06-14T19:27:57	1018.3	25.6	38.3	13.0	nan	nan	nan	3892	3600	3892
2022-06-14T20:27:58	1018.4	25.1	38.7	12.9	nan	nan	nan	4006	3600	4006
2022-06-14T21:28:07	1018.6	24.2	38.8	12.8	nan	nan	nan	4081	3600	4081
2022-06-14T22:28:11	1018.6	22.9	38.7	12.8	nan	nan	nan	3875	3600	3875
2022-06-14T23:28:16	1018.7	21.9	38.6	12.8	nan	nan	nan	3881	3600	3881
2022-06-15T00:28:21	1018.7	20.8	38.7	12.7	nan	nan	nan	3974	3600	3974
2022-06-15T01:28:24	1018.5	19.8	38.9	12.7	nan	nan	nan	3997	3600	3997
2022-06-15T02:28:26	1018.4	18.9	39.1	12.7	nan	nan	nan	3945	3600	3945
2022-06-15T03:28:27	1018.3	18.1	39.4	12.7	nan	nan	nan	3936	3600	3936
2022-06-15T04:28:37	1018.2	17.4	39.6	12.6	nan	nan	nan	3955	3600	3955
2022-06-15T05:28:43	1018.2	16.9	40.0	12.7	nan	nan	nan	3845	3600	3845
2022-06-15T06:28:48	1018.2	17.7	40.6	12.8	nan	nan	nan	3880	3600	3880
2022-06-15T07:28:53	1018.2	18.6	41.2	13.1	nan	nan	nan	3992	3600	3992
2022-06-15T08:29:00	1018.3	20.0	41.6	13.3	nan	nan	nan	4077	3600	4077
2022-06-15T09:29:06	1018.1	21.7	41.8	13.6	nan	nan	nan	3922	3600	3922
2022-06-15T10:29:12	1017.8	23.9	41.5	13.9	nan	nan	nan	3803	3600	3803
2022-06-15T11:29:16	1017.5	26.1	41.3	14.2	nan	nan	nan	3958	3600	3958
2022-06-15T12:29:17	1017.1	29.3	40.1	14.5	nan	nan	nan	3908	3600	3908
2022-06-15T13:29:22	1016.6	30.3	39.3	14.6	nan	nan	nan	3884	3600	3884
2022-06-15T14:29:26	1016.0	29.7	38.9	14.2	nan	nan	nan	3972	3600	3972
2022-06-15T15:29:32	1015.5	29.8	38.5	14.1	nan	nan	nan	4023	3600	4023
2022-06-15T16:29:35	1015.0	30.2	38.4	14.0	nan	nan	nan	3963	3600	3963
2022-06-15T17:29:37	1014.6	30.3	38.1	14.0	nan	nan	nan	4054	3600	4054
2022-06-15T18:29:40	1014.1	30.4	38.0	13.9	nan	nan	nan	4090	3600	4090
2022-06-15T19:29:41	1013.9	30.2	37.7	13.0	nan	nan	nan	4013	3600	4013
2022-06-15T20:29:43	1014.0	29.5	37.7	12.9	nan	nan	nan	4050	3600	4050
2022-06-15T21:29:45	1014.3	28.6	37.8	12.8	nan	nan	nan	3942	3600	3942
2022-06-15T22:29:47	1014.2	27.5	37.9	12.8	nan	nan	nan	3995	3600	3995
2022-06-15T23:29:50	1014.2	26.2	38.1	12.8	nan	nan	nan	3996	3600	3996
2022-06-16T00:29:53	1014.2	24.9	38.5	12.8	nan	nan	nan	4022	3600	4022
2022-06-16T01:29:55	1014.1	23.9	40.0	12.7	nan	nan	nan	3889	3600	3889
2022-06-16T02:29:57	1014.0	23.2	41.3	12.7	nan	nan	nan	3981	3600	3981
2022-06-16T03:30:03	1013.9	22.5	42.4	12.7	nan	nan	nan	3971	3600	3971
2022-06-16T04:30:05	1013.8	21.8	43.1	12.7	nan	nan	nan	3876	3600	3876
2022-06-16T05:30:06	1014.0	21.6	43.9	12.8	nan	nan	nan	4002	3600	4002
2022-06-16T06:30:13	1014.2	21.7	45.1	12.9	nan	nan	nan	4045	3600	4045
2022-06-16T07:30:18	1014.5	22.2	45.9	13.3	nan	nan	nan	3965	3600	3965
2022-06-16T08:30:23	1014.9	23.3	46.3	13.4	nan	nan	nan	3743	3600	3743
2022-06-16T09:30:28	1015.2	24.4	46.2	13.8	nan	nan	nan	3899	3600	3899
2022-06-16T10:30:30	1015.7	25.9	45.4	14.5	nan	nan	nan	3987	3600	3987
2022-06-16T11:30:32	1016.0	28.0	43.4	14.6	nan	nan	nan	3875	3600	3875
2022-06-16T12:30:36	1016.4	29.0	41.2	14.5	nan	nan	nan	3953	3600	3953
2022-06-16T13:30:42	1016.5	29.1	39.5	14.1	nan	nan	nan	3907	3600	3907
2022-06-16T14:30:46	1016.6	29.1	39.0	14.1	nan	nan	nan	3910	3600	3910
2022-06-16T15:30:49	1016.6	29.2	38.6	14.1	nan	nan	nan	3986	3600	3986
2022-06-16T16:30:55	1016.8	29.3	37.9	14.0	nan	nan	nan	3886	3600	3886
2022-06-16T17:30:59	1017.0	29.2	37.1	13.8	nan	nan	nan	3910	3600	3910
2022-06-16T18:31:00	1017.0	28.9	36.8	13.9	nan	nan	nan	3927	3600	3927
2022-06-16T19:31:05	1017.5	28.5	36.4	13.1	nan	nan	nan	3858	3600	3858
2022-06-16T20:31:09	1018.1	27.8	35.5	12.8	nan	nan	nan	4041	3600	4041
2022-06-16T21:31:10	1018.7	26.7	35.5	12.8	nan	nan	nan	3902	3600	3902
2022-06-16T22:31:16	1019.3	25.6	35.8	12.8	nan	nan	nan	3862	3600	3862
2022-06-16T23:31:20	1020.0	24.4	36.2	12.8	nan	nan	nan	3852	3600	3852
2022-06-17T00:31:24	1020.1	23.4	36.6	12.8	nan	nan	nan	3663	3600	3663
2022-06-17T01:31:28	1020.1	22.6	37.1	12.7	nan	nan	nan	3823	3600	3823
2022-06-17T02:31:39	1020.4	21.9	37.6	12.7	nan	nan	nan	3791	3600	3791
2022-06-17T03:31:48	1020.5	21.0	37.9	12.7	nan	nan	nan	3811	3600	3811
2022-06-17T04:31:49	1020.5	20.1	38.2	12.7	nan	nan	nan	3880	3600	3880
2022-06-17T05:31:53	1020.9	20.0	38.6	12.7	nan	nan	nan	3705	3600	3705
2022-06-17T06:32:03	1021.2	20.8	39.1	12.8	nan	nan	nan	3762	3600	3762
2022-06-17T07:32:19	1021.2	21.3	40.2	13.1	nan	nan	nan	3763	3600	3763
2022-06-17T08:32:21	1021.7	22.1	41.6	13.4	nan	nan	nan	3815	3600	3815
2022-06-17T09:32:24	1021.9	23.1	42.9	13.6	nan	nan	nan	3673	3600	3673
2022-06-17T10:32:27	1021.7	24.7	43.2	13.9	nan	nan	nan	3725	3600	3725
2022-06-17T11:32:31	1021.4	27.5	42.4	14.2	nan	nan	nan	3856	3600	3856
2022-06-17T12:32:32	1021.0	30.8	40.5	14.6	nan	nan	nan	3790	3600	3790
2022-06-17T13:32:35	1020.5	31.0	39.5	14.5	nan	nan	nan	3787	3600	3787
2022-06-17T14:32:36	1020.2	31.1	39.2	14.0	nan	nan	nan	3925	3600	3925
2022-06-17T15:32:43	1019.9	31.4	39.0	14.0	nan	nan	nan	3795	3600	3795
2022-06-17T16:32:46	1019.5	31.4	38.9	14.0	nan	nan	nan	3862	3600	3862
2022-06-17T17:32:59	1019.0	31.4	38.8	14.0	nan	nan	nan	3806	3600	3806
2022-06-17T18:33:01	1018.9	31.1	38.6	13.2	nan	nan	nan	3861	3600	3861
2022-06-17T19:33:04	1018.9	30.7	38.2	12.9	nan	nan	nan	3920	3600	3920
2022-06-17T20:33:10	1018.8	30.2	38.2	12.8	nan	nan	nan	3830	3600	3830
2022-06-17T21:33:14	1018.7	29.4	38.4	12.8	nan	nan	nan	3768	3600	3768
2022-06-17T22:33:19	1018.2	28.5	38.7	12.8	nan	nan	nan	3862	3600	3862
2022-06-17T23:33:21	1017.8	27.6	39.0	12.8	nan	nan	nan	3926	3600	3926
2022-06-18T00:33:25	1017.4	26.8	39.2	12.7	nan	nan	nan	3863	3600	3863
2022-06-18T01:33:26	1017.0	25.9	39.5	12.7	nan	nan	nan	3935	3600	3935
2022-06-18T02:33:31	1016.4	24.9	39.7	12.7	nan	nan	nan	3909	3600	3909
2022-06-18T03:33:36	1015.7	24.1	40.0	12.6	nan	nan	nan	3823	3600	3823
2022-06-18T04:33:37	1015.2	23.9	40.4	12.7	nan	nan	nan	3958	3600	3958
2022-06-18T05:33:38	1014.6	24.2	40.9	12.8	nan	nan	nan	3889	3600	3889
2022-06-18T06:33:46	1014.2	24.9	41.2	12.9	nan	nan	nan	3953	3600	3953
2022-06-18T07:33:47	1014.0	25.7	41.5	13.1	nan	nan	nan	3990	3600	3990
2022-06-18T08:33:52	1013.5	27.1	41.5	13.3	nan	nan	nan	3919	3600	3919
2022-06-18T09:33:53	1012.9	28.9	41.3	13.5	nan	nan	nan	3995	3600	3995
2022-06-18T10:33:54	1012.4	30.9	41.0	13.7	nan	nan	nan	4014	3600	4014
2022-06-18T11:33:57	1012.1	34.5	40.2	14.0	nan	nan	nan	4020	3600	4020
2022-06-18T12:34:00	1011.7	37.8	38.8	14.4	nan	nan	nan	3941	3600	3941
2022-06-18T13:34:05	1011.3	37.9	38.4	14.3	nan	nan	nan	4048	3600	4048
2022-06-18T14:34:13	1010.7	37.9	38.1	13.8	nan	nan	nan	4149	3600	4149
2022-06-18T15:34:17	1010.3	38.0	37.2	13.8	nan	nan	nan	3982	3600	3982
2022-06-18T16:34:19	1010.0	38.1	36.8	13.8	nan	nan	nan	4036	3600	4036
2022-06-18T17:34:23	1009.8	38.0	36.7	13.8	nan	nan	nan	4011	3600	4011
2022-06-18T18:34:27	1009.8	37.8	36.9	13.5	nan	nan	nan	3984	3600	3984
2022-06-18T19:34:34	1010.0	37.3	37.0	12.9	nan	nan	nan	4119	3600	4119
2022-06-18T20:34:35	1010.1	36.5	37.2	12.8	nan	nan	nan	3929	3600	3929
2022-06-18T21:34:45	1010.3	35.4	37.7	12.8	nan	nan	nan	4011	3600	4011
2022-06-18T22:34:49	1010.3	34.2	38.3	12.8	nan	nan	nan	3873	3600	3873
2022-06-18T23:34:56	1009.8	33.4	38.9	12.8	nan	nan	nan	3957	3600	3957
2022-06-19T00:34:58	1010.0	32.3	39.7	12.8	nan	nan	nan	3925	3600	3925
2022-06-19T01:35:02	1009.4	31.4	40.4	12.7	nan	nan	nan	3950	3600	3950
2022-06-19T02:35:06	1008.3	30.5	40.8	12.7	nan	nan	nan	4051	3600	4051
2022-06-19T03:35:11	1007.2	29.9	41.3	12.7	nan	nan	nan	4207	3600	4207
2022-06-19T04:35:19	1006.2	29.5	42.0	12.7	nan	nan	nan	4054	3600	4054
2022-06-19T05:35:21	1005.3	29.2	42.7	12.7	nan	nan	nan	4070	3600	4070
2022-06-19T06:35:22	1004.6	29.2	43.5	12.8	nan	nan	nan	4230	3600	4230
2022-06-19T07:35:26	1003.8	29.7	44.0	13.1	nan	nan	nan	4187	3600	4187
2022-06-19T08:35:36	1003.1	30.8	44.1	13.3	nan	nan	nan	4251	3600	4251
2022-06-19T09:35:44	1002.9	32.5	43.6	13.5	nan	nan	nan	4237	3600	4237
2022-06-19T10:35:55	1002.5	34.6	42.1	13.8	nan	nan	nan	4320	3600	4320
2022-06-19T11:35:57	1002.0	37.4	40.1	14.2	nan	nan	nan	4182	3600	4182
2022-06-19T12:36:02	1001.8	40.5	38.1	14.3	nan	nan	nan	4218	3600	4218
2022-06-19T13:36:03	1002.5	39.7	36.7	14.0	nan	nan	nan	4261	3600	4261
2022-06-19T14:36:06	1003.1	38.6	36.1	13.8	nan	nan	nan	4136	3600	4136
2022-06-19T15:36:09	1003.4	37.7	35.6	13.8	nan	nan	nan	4160	3600	4160
2022-06-19T16:36:12	1003.6	36.8	35.7	13.8	nan	nan	nan	4227	3600	4227
2022-06-19T17:36:15	1004.3	35.9	36.5	13.7	nan	nan	nan	4262	3600	4262
2022-06-19T18:36:21	1005.4	35.1	37.6	13.7	nan	nan	nan	4128	3600	4128
2022-06-19T19:36:22	1006.5	33.9	38.9	13.0	nan	nan	nan	4145	3600	4145
2022-06-19T20:36:25	1007.4	32.3	39.6	12.8	nan	nan	nan	4168	3600	4168
2022-06-19T21:36:29	1007.9	30.9	39.6	12.8	nan	nan	nan	4238	3600	4238
2022-06-19T22:36:32	1008.5	29.6	39.9	12.7	nan	nan	nan	4069	3600	4069
2022-06-19T23:36:36	1009.7	28.6	40.3	12.8	nan	nan	nan	4134	3600	4134
2022-06-20T00:36:39	1009.7	27.6	40.8	12.8	nan	nan	nan	4035	3600	4035
2022-06-20T01:36:45	1008.7	26.2	41.5	12.7	nan	nan	nan	4031	3600	4031
2022-06-20T02:36:50	1009.4	25.0	42.4	12.7	nan	nan	nan	4118	3600	4118
2022-06-20T03:36:53	1009.2	24.2	43.5	12.7	nan	nan	nan	3983	3600	3983
2022-06-20T04:36:56	1008.1	23.6	44.1	12.7	nan	nan	nan	3953	3600	3953
2022-06-20T05:37:07	1007.6	23.1	44.6	12.7	nan	nan	nan	4162	3600	4162
2022-06-20T06:37:11	1009.1	22.7	45.2	12.7	nan	nan	nan	3997	3600	3997
2022-06-20T07:37:18	1008.3	22.1	46.0	12.7	nan	nan	nan	3677	3600	3677
2022-06-20T08:37:20	1007.7	21.9	46.4	12.8	nan	nan	nan	3767	3600	3767
2022-06-20T09:37:28	1008.7	21.8	47.5	12.7	nan	nan	nan	3758	3600	3758
2022-06-20T10:37:34	1008.7	21.6	48.0	12.7	nan	nan	nan	3697	3600	3697
2022-06-20T11:37:38	1009.1	21.4	48.4	12.7	nan	nan	nan	3652	3600	3652
2022-06-20T12:37:42	1009.4	21.2	49.4	12.7	nan	nan	nan	3591	3600	3591
2022-06-20T13:37:46	1009.8	21.2	49.8	12.8	nan	nan	nan	3663	3600	3663
2022-06-20T14:37:52	1009.8	21.0	49.8	13.0	nan	nan	nan	3749	3600	3749
2022-06-20T15:37:57	1009.7	21.2	49.9	13.3	nan	nan	nan	3646	3600	3646
2022-06-20T16:37:59	1009.2	22.1	49.8	13.6	nan	nan	nan	3702	3600	3702
2022-06-20T17:38:06	1008.6	22.8	49.5	13.5	nan	nan	nan	3776	3600	3776
2022-06-20T18:38:11	1008.3	22.8	49.2	13.2	nan	nan	nan	3712	3600	3712
2022-06-20T19:38:13	1008.5	22.3	49.2	13.0	nan	nan	nan	3672	3600	3672
2022-06-20T20:38:14	1009.0	21.6	49.3	12.8	nan	nan	nan	3704	3600	3704
2022-06-20T21:38:20	1009.6	21.0	48.9	12.8	nan	nan	nan	3714	3600	3714
2022-06-20T22:38:23	1010.1	20.6	48.4	12.7	nan	nan	nan	3728	3600	3728
2022-06-20T23:38:25	1010.6	20.1	48.1	12.7	nan	nan	nan	3738	3600	3738
2022-06-21T00:38:28	1010.8	19.5	48.1	12.6	nan	nan	nan	3616	3600	3616
2022-06-21T01:38:35	1010.9	19.1	48.1	12.6	nan	nan	nan	3750	3600	3750
2022-06-21T02:38:36	1011.0	18.7	48.2	12.6	nan	nan	nan	3717	3600	3717
2022-06-21T03:38:38	1011.0	18.3	48.6	12.6	nan	nan	nan	3714	3600	3714
2022-06-21T04:38:45	1011.2	18.0	48.8	12.6	nan	nan	nan	3801	3600	3801
2022-06-21T05:38:48	1011.5	18.0	49.2	12.7	nan	nan	nan	3735	3600	3735
2022-06-21T06:38:49	1012.0	18.4	50.5	12.8	nan	nan	nan	3646	3600	3646
2022-06-21T07:38:50	1012.3	18.7	52.1	13.1	nan	nan	nan	3730	3600	3730
2022-06-21T08:38:51	1012.2	19.3	53.0	13.4	nan	nan	nan	3824	3600	3824
2022-06-21T09:38:56	1012.2	20.3	52.8	13.6	nan	nan	nan	3678	3600	3678
2022-06-21T10:38:58	1012.1	21.6	51.5	13.7	nan	nan	nan	3799	3600	3799
2022-06-21T11:39:07	1012.0	24.3	49.8	13.8	nan	nan	nan	3827	3600	3827
2022-06-21T12:39:12	1011.9	27.9	46.6	14.2	nan	nan	nan	3751	3600	3751
2022-06-21T13:39:15	1011.8	28.4	44.6	14.1	nan	nan	nan	3836	3600	3836
2022-06-21T14:39:20	1011.4	27.9	43.9	14.1	nan	nan	nan	3695	3600	3695
2022-06-21T15:39:25	1011.1	28.2	43.2	13.9	nan	nan	nan	3770	3600	3770
2022-06-21T16:39:30	1010.4	28.4	41.8	13.8	nan	nan	nan	3914	3600	3914
2022-06-21T17:39:34	1010.2	28.7	41.1	13.7	nan	nan	nan	3756	3600	3756
2022-06-21T18:39:36	1010.0	28.7	40.8	13.4	nan	nan	nan	3920	3600	3920
2022-06-21T19:39:46	1009.9	28.4	40.8	13.1	nan	nan	nan	3877	3600	3877
2022-06-21T20:39:51	1010.0	27.7	40.9	12.9	nan	nan	nan	3886	3600	3886
2022-06-21T21:39:52	1010.1	26.6	40.9	12.8	nan	nan	nan	3859	3600	3859
2022-06-21T22:39:55	1010.2	25.5	41.0	12.8	nan	nan	nan	3823	3600	3823
2022-06-21T23:40:00	1010.3	24.4	41.1	12.8	nan	nan	nan	3854	3600	3854
2022-06-22T00:40:01	1010.2	23.4	41.3	12.8	nan	nan	nan	3824	3600	3824
2022-06-22T01:40:03	1010.7	22.5	41.6	12.8	nan	nan	nan	3936	3600	3936
2022-06-22T02:40:06	1010.5	21.6	41.9	12.8	nan	nan	nan	3785	3600	3785
2022-06-22T03:40:10	1010.2	20.9	42.1	12.8	nan	nan	nan	3806	3600	3806
2022-06-22T04:40:17	1010.0	20.2	42.3	12.8	nan	nan	nan	3971	3600	3971
2022-06-22T05:40:24	1009.7	20.4	42.7	12.8	nan	nan	nan	3808	3600	3808
2022-06-22T06:40:30	1009.9	21.2	43.1	12.9	nan	nan	nan	3896	3600	3896
2022-06-22T07:40:36	1010.3	21.8	43.5	13.1	nan	nan	nan	3973	3600	3973
2022-06-22T08:40:38	1010.3	22.9	43.8	13.4	nan	nan	nan	3769	3600	3769
2022-06-22T09:40:44	1010.2	24.4	43.9	13.6	nan	nan	nan	3847	3600	3847
2022-06-22T10:40:45	1009.9	25.9	43.6	13.8	nan	nan	nan	4016	3600	4016
2022-06-22T11:40:53	1010.0	28.9	42.7	14.2	nan	nan	nan	3934	3600	3934
2022-06-22T12:40:58	1009.9	31.9	41.1	14.5	nan	nan	nan	3960	3600	3960
2022-06-22T13:41:07	1009.6	32.2	40.3	14.5	nan	nan	nan	3900	3600	3900
2022-06-22T14:41:10	1009.3	31.9	40.1	14.3	nan	nan	nan	4052	3600	4052
2022-06-22T15:41:17	1008.8	31.8	39.6	14.0	nan	nan	nan	3951	3600	3951
2022-06-22T16:41:21	1008.3	32.0	39.4	14.0	nan	nan	nan	4068	3600	4068
2022-06-22T17:41:26	1008.3	32.0	39.0	14.0	nan	nan	nan	4026	3600	4026
2022-06-22T18:41:32	1008.4	31.9	38.1	13.8	nan	nan	nan	4026	3600	4026
2022-06-22T19:41:33	1008.6	31.6	37.0	13.0	nan	nan	nan	4086	3600	4086
2022-06-22T20:41:37	1008.9	30.7	37.0	12.8	nan	nan	nan	4042	3600	4042
2022-06-22T21:41:39	1009.4	29.4	37.3	12.8	nan	nan	nan	4028	3600	4028
2022-06-22T22:41:45	1009.9	28.5	37.8	12.8	nan	nan	nan	3992	3600	3992
2022-06-22T23:41:47	1010.5	27.6	38.6	12.8	nan	nan	nan	3947	3600	3947
2022-06-23T00:41:53	1010.7	26.9	39.5	12.8	nan	nan	nan	3912	3600	3912
2022-06-23T01:42:04	1011.0	26.2	40.3	12.7	nan	nan	nan	3972	3600	3972
2022-06-23T02:42:09	1011.2	25.2	40.8	12.7	nan	nan	nan	3893	3600	3893
2022-06-23T03:42:11	1011.3	24.2	41.2	12.7	nan	nan	nan	3884	3600	3884
2022-06-23T04:42:18	1011.7	23.3	42.0	12.7	nan	nan	nan	3904	3600	3904
2022-06-23T05:42:19	1012.3	22.9	43.3	12.8	nan	nan	nan	3842	3600	3842
2022-06-23T06:42:20	1012.5	23.2	44.6	12.8	nan	nan	nan	3900	3600	3900
2022-06-23T07:42:23	1012.8	23.4	45.8	13.1	nan	nan	nan	3745	3600	3745
2022-06-23T08:42:24	1012.9	24.3	46.0	13.3	nan	nan	nan	3899	3600	3899
2022-06-23T09:42:30	1013.0	25.4	46.0	13.5	nan	nan	nan	3865	3600	3865
2022-06-23T10:42:34	1012.7	27.0	45.5	13.7	nan	nan	nan	3911	3600	3911
2022-06-23T11:42:37	1012.3	29.9	44.4	14.1	nan	nan	nan	3883	3600	3883
2022-06-23T12:42:39	1012.0	33.6	42.2	14.3	nan	nan	nan	3999	3600	3999
2022-06-23T13:42:41	1011.5	33.9	41.0	14.4	nan	nan	nan	3907	3600	3907
2022-06-23T14:42:44	1011.0	33.8	40.5	14.2	nan	nan	nan	4012	3600	4012
2022-06-23T15:42:52	1010.5	34.0	40.1	13.9	nan	nan	nan	4024	3600	4024
2022-06-23T16:42:57	1010.0	34.3	39.7	13.9	nan	nan	nan	3996	3600	3996
2022-06-23T17:42:59	1009.7	34.5	39.5	14.0	nan	nan	nan	4040	3600	4040
2022-06-23T18:43:02	1009.4	34.5	39.3	13.8	nan	nan	nan	3941	3600	3941
2022-06-23T19:43:05	1009.4	34.2	39.0	13.0	nan	nan	nan	3993	3600	3993
2022-06-23T20:43:06	1009.4	33.3	39.2	12.8	nan	nan	nan	3977	3600	3977
2022-06-23T21:43:13	1009.5	32.3	39.3	12.8	nan	nan	nan	3958	3600	3958
2022-06-23T22:43:21	1009.5	31.7	39.4	12.8	nan	nan	nan	4026	3600	4026
2022-06-23T23:43:26	1009.3	31.0	39.6	12.8	nan	nan	nan	3987	3600	3987
2022-06-24T00:43:28	1009.0	30.2	39.9	12.7	nan	nan	nan	4022	3600	4022
2022-06-24T01:43:31	1008.7	29.4	40.1	12.7	nan	nan	nan	3925	3600	3925
2022-06-24T02:43:34	1008.5	28.6	40.4	12.7	nan	nan	nan	3948	3600	3948
2022-06-24T03:43:44	1008.4	27.8	40.7	12.7	nan	nan	nan	3963	3600	3963
2022-06-24T04:43:45	1008.3	27.2	41.0	12.7	nan	nan	nan	4030	3600	4030
2022-06-24T05:43:49	1008.1	27.1	41.4	12.8	nan	nan	nan	4053	3600	4053
2022-06-24T06:43:51	1008.0	27.3	41.8	12.8	nan	nan	nan	3971	3600	3971
2022-06-24T07:43:58	1007.7	27.6	42.3	13.1	nan	nan	nan	4091	3600	4091
2022-06-24T08:44:02	1007.3	28.5	42.6	13.3	nan	nan	nan	4096	3600	4096
2022-06-24T09:44:03	1006.7	29.8	42.5	13.5	nan	nan	nan	4166	3600	4166
2022-06-24T10:44:06	1006.0	31.6	41.5	13.8	nan	nan	nan	3999	3600	3999
2022-06-24T11:44:08	1005.5	34.3	39.6	14.1	nan	nan	nan	4142	3600	4142
2022-06-24T12:44:09	1004.9	36.9	37.8	14.4	nan	nan	nan	4143	3600	4143
2022-06-24T13:44:11	1004.3	37.0	36.9	14.4	nan	nan	nan	4200	3600	4200
2022-06-24T14:44:13	1003.7	37.0	36.3	13.8	nan	nan	nan	4396	3600	4396
2022-06-24T15:44:14	1003.4	36.9	35.8	13.8	nan	nan	nan	4307	3600	4307
2022-06-24T16:44:20	1003.0	36.6	35.5	13.7	nan	nan	nan	4279	3600	4279
2022-06-24T17:44:23	1003.6	36.0	35.6	13.1	nan	nan	nan	4164	3600	4164
2022-06-24T18:44:25	1004.0	35.1	36.1	12.9	nan	nan	nan	4222	3600	4222
2022-06-24T19:44:31	1004.3	34.3	36.7	12.8	nan	nan	nan	4040	3600	4040
2022-06-24T20:44:42	1004.4	33.6	37.3	12.8	nan	nan	nan	4069	3600	4069
2022-06-24T21:44:46	1005.2	32.7	37.9	12.8	nan	nan	nan	4100	3600	4100
2022-06-24T22:44:51	1005.5	31.8	38.5	12.8	nan	nan	nan	4084	3600	4084
2022-06-24T23:44:52	1005.6	30.9	39.1	12.7	nan	nan	nan	4107	3600	4107
2022-06-25T00:44:58	1005.9	30.1	39.6	12.7	nan	nan	nan	4069	3600	4069
2022-06-25T01:45:03	1006.2	29.1	40.0	12.7	nan	nan	nan	4077	3600	4077
2022-06-25T02:45:06	1006.1	28.4	40.4	12.7	nan	nan	nan	3948	3600	3948
2022-06-25T03:45:09	1006.2	27.6	40.8	12.7	nan	nan	nan	4031	3600	4031
2022-06-25T04:45:14	1006.9	26.7	41.1	12.7	nan	nan	nan	4051	3600	4051
2022-06-25T05:45:19	1007.4	26.3	41.6	12.8	nan	nan	nan	3984	3600	3984
2022-06-25T06:45:23	1007.9	26.6	42.1	12.8	nan	nan	nan	3893	3600	3893
2022-06-25T07:45:27	1008.3	27.3	42.4	13.2	nan	nan	nan	3956	3600	3956
2022-06-25T08:45:32	1008.5	28.4	42.7	13.4	nan	nan	nan	3883	3600	3883
2022-06-25T09:45:33	1008.6	29.6	42.9	13.4	nan	nan	nan	4004	3600	4004
2022-06-25T10:45:39	1008.9	30.0	43.0	13.5	nan	nan	nan	3987	3600	3987
2022-06-25T11:45:46	1008.9	31.2	42.9	13.9	nan	nan	nan	4023	3600	4023
2022-06-25T12:45:49	1008.8	33.1	42.5	14.3	nan	nan	nan	4034	3600	4034
2022-06-25T13:45:53	1008.6	34.6	42.0	14.4	nan	nan	nan	3999	3600	3999
2022-06-25T14:45:56	1008.5	35.2	41.8	14.2	nan	nan	nan	3994	3600	3994
2022-06-25T15:46:02	1008.3	34.8	41.9	13.9	nan	nan	nan	4050	3600	4050
2022-06-25T16:46:06	1008.2	34.8	42.0	13.9	nan	nan	nan	4131	3600	4131
2022-06-25T17:46:11	1008.6	33.9	42.0	13.0	nan	nan	nan	4056	3600	4056
2022-06-25T18:46:15	1009.1	32.0	42.7	12.8	nan	nan	nan	4014	3600	4014
2022-06-25T19:46:21	1009.3	31.1	43.6	12.8	nan	nan	nan	4022	3600	4022
2022-06-25T20:46:25	1009.5	30.8	43.8	12.8	nan	nan	nan	4164	3600	4164
2022-06-25T21:46:28	1009.9	30.0	43.9	12.8	nan	nan	nan	3941	3600	3941
2022-06-25T22:46:30	1009.9	29.2	44.0	12.8	nan	nan	nan	3914	3600	3914
2022-06-25T23:46:34	1010.0	28.5	44.1	12.7	nan	nan	nan	3968	3600	3968
2022-06-26T00:46:39	1010.0	27.8	44.2	12.7	nan	nan	nan	3892	3600	3892
2022-06-26T01:46:43	1010.3	27.1	44.4	12.7	nan	nan	nan	3824	3600	3824
2022-06-26T02:46:50	1010.4	26.6	44.5	12.7	nan	nan	nan	3910	3600	3910
2022-06-26T03:46:51	1010.4	26.0	44.7	12.7	nan	nan	nan	3873	3600	3873
2022-06-26T04:46:55	1010.8	25.7	44.9	12.7	nan	nan	nan	3847	3600	3847
2022-06-26T05:46:57	1011.1	25.8	45.3	12.6	nan	nan	nan	3765	3600	3765
2022-06-26T06:47:02	1011.3	26.1	45.6	12.9	nan	nan	nan	3892	3600	3892
2022-06-26T07:47:04	1011.5	27.4	45.8	13.3	nan	nan	nan	3890	3600	3890
2022-06-26T08:47:13	1011.7	28.6	45.8	13.3	nan	nan	nan	3847	3600	3847
2022-06-26T09:47:17	1011.6	29.9	45.9	13.5	nan	nan	nan	3958	3600	3958
2022-06-26T10:47:23	1011.6	31.6	45.5	13.7	nan	nan	nan	3963	3600	3963
2022-06-26T11:47:27	1011.6	33.9	44.6	13.9	nan	nan	nan	3976	3600	3976
2022-06-26T12:47:33	1011.3	36.7	42.8	14.3	nan	nan	nan	3933	3600	3933
2022-06-26T13:47:45	1011.2	37.1	42.0	14.4	nan	nan	nan	3995	3600	3995
2022-06-26T14:47:53	1011.1	36.9	41.8	14.1	nan	nan	nan	4017	3600	4017
2022-06-26T15:47:59	1010.9	36.9	41.8	13.7	nan	nan	nan	3858	3600	3858
2022-06-26T16:48:01	1010.7	37.0	41.8	13.8	nan	nan	nan	4053	3600	4053
2022-06-26T17:48:09	1010.6	36.7	41.8	13.2	nan	nan	nan	3913	3600	3913
2022-06-26T18:48:16	1010.4	36.0	41.9	13.0	nan	nan	nan	4082	3600	4082
2022-06-26T19:48:17	1010.5	35.8	41.9	12.9	nan	nan	nan	3927	3600	3927
2022-06-26T20:48:24	1010.7	35.0	41.7	12.8	nan	nan	nan	4028	3600	4028
2022-06-26T21:48:26	1011.1	33.8	41.8	12.8	nan	nan	nan	4084	3600	4084
2022-06-26T22:48:37	1011.1	32.8	42.0	12.8	nan	nan	nan	3938	3600	3938
2022-06-26T23:48:42	1010.9	31.9	42.5	12.8	nan	nan	nan	3969	3600	3969
2022-06-27T00:48:46	1010.5	31.4	43.1	12.8	nan	nan	nan	3941	3600	3941
2022-06-27T01:48:48	1010.3	30.4	43.4	12.7	nan	nan	nan	4064	3600	4064
2022-06-27T02:48:55	1010.3	29.4	43.5	12.7	nan	nan	nan	3980	3600	3980
2022-06-27T03:48:57	1010.5	28.5	43.7	12.6	nan	nan	nan	3866	3600	3866
2022-06-27T04:49:02	1010.8	27.7	43.9	12.7	nan	nan	nan	3992	3600	3992
2022-06-27T05:49:07	1010.6	27.9	44.3	12.8	nan	nan	nan	4015	3600	4015
2022-06-27T06:49:10	1010.5	28.5	44.7	12.9	nan	nan	nan	3993	3600	3993
2022-06-27T07:49:19	1010.5	29.2	45.1	13.1	nan	nan	nan	3988	3600	3988
2022-06-27T08:49:20	1010.3	30.5	45.3	13.3	nan	nan	nan	3790	3600	3790
2022-06-27T09:49:21	1010.0	32.0	45.1	13.4	nan	nan	nan	4002	3600	4002
2022-06-27T10:49:22	1009.7	33.8	44.5	13.7	nan	nan	nan	3949	3600	3949
2022-06-27T11:49:23	1009.4	36.6	43.2	13.8	nan	nan	nan	4060	3600	4060
2022-06-27T12:49:31	1009.1	39.0	41.4	14.3	nan	nan	nan	4046	3600	4046
2022-06-27T13:49:34	1008.8	39.1	40.5	14.3	nan	nan	nan	4040	3600	4040
2022-06-27T14:49:35	1008.6	39.3	40.1	13.8	nan	nan	nan	3991	3600	3991
2022-06-27T15:49:37	1008.5	39.2	39.9	13.8	nan	nan	nan	4010	3600	4010
2022-06-27T16:49:42	1008.8	39.1	40.0	13.6	nan	nan	nan	3978	3600	3978
2022-06-27T17:49:47	1009.3	38.4	40.1	13.0	nan	nan	nan	4010	3600	4010
2022-06-27T18:49:52	1010.2	37.3	40.3	12.8	nan	nan	nan	3935	3600	3935
2022-06-27T19:49:55	1010.6	36.0	41.0	12.8	nan	nan	nan	3908	3600	3908
2022-06-27T20:49:56	1011.4	35.1	41.5	12.8	nan	nan	nan	3964	3600	3964
2022-06-27T21:50:02	1012.4	34.2	42.1	12.8	nan	nan	nan	3926	3600	3926
2022-06-27T22:50:05	1013.4	33.2	43.3	12.8	nan	nan	nan	3854	3600	3854
2022-06-27T23:50:07	1013.8	32.3	43.9	12.7	nan	nan	nan	3787	3600	3787
2022-06-28T00:50:12	1014.5	31.4	44.4	12.7	nan	nan	nan	3873	3600	3873
2022-06-28T01:50:14	1015.0	30.1	44.7	12.6	nan	nan	nan	3557	3600	3557
2022-06-28T02:50:16	1015.0	29.1	45.2	12.7	nan	nan	nan	3749	3600	3749
2022-06-28T03:50:19	1015.7	28.2	45.9	12.7	nan	nan	nan	3662	3600	3662
2022-06-28T04:50:21	1016.9	27.4	46.8	12.7	nan	nan	nan	3685	3600	3685
2022-06-28T05:50:26	1017.4	26.8	47.4	12.7	nan	nan	nan	3605	3600	3605
2022-06-28T06:50:30	1017.3	26.1	48.4	12.7	nan	nan	nan	3676	3600	3676
2022-06-28T07:50:34	1017.3	26.0	49.7	13.1	nan	nan	nan	3805	3600	3805
2022-06-28T08:50:36	1017.7	26.3	50.5	13.3	nan	nan	nan	3711	3600	3711
2022-06-28T09:50:38	1018.4	26.9	50.4	13.5	nan	nan	nan	3814	3600	3814
2022-06-28T10:50:39	1018.8	27.8	49.6	13.6	nan	nan	nan	3714	3600	3714
2022-06-28T11:50:40	1018.7	28.9	48.0	14.2	nan	nan	nan	3755	3600	3755
2022-06-28T12:50:45	1018.4	31.7	45.2	14.3	nan	nan	nan	3712	3600	3712
2022-06-28T13:50:54	1018.2	32.0	43.5	14.5	nan	nan	nan	3778	3600	3778
2022-06-28T14:50:57	1017.9	31.9	42.4	14.3	nan	nan	nan	3892	3600	3892
2022-06-28T15:51:03	1017.3	31.9	41.1	13.8	nan	nan	nan	3875	3600	3875
2022-06-28T16:51:05	1016.9	31.9	40.2	13.9	nan	nan	nan	3841	3600	3841
2022-06-28T17:51:06	1016.6	31.9	39.5	14.0	nan	nan	nan	3860	3600	3860
2022-06-28T18:51:17	1016.3	31.9	39.1	13.6	nan	nan	nan	3883	3600	3883
2022-06-28T19:51:23	1016.0	31.5	39.0	13.0	nan	nan	nan	3941	3600	3941
2022-06-28T20:51:26	1016.5	30.8	39.2	12.8	nan	nan	nan	3842	3600	3842
2022-06-28T21:51:28	1016.8	30.0	39.4	12.8	nan	nan	nan	3848	3600	3848
2022-06-28T22:51:30	1017.2	29.0	39.7	12.7	nan	nan	nan	3873	3600	3873
2022-06-28T23:51:37	1017.0	28.1	40.0	12.8	nan	nan	nan	3761	3600	3761
2022-06-29T00:51:38	1016.7	27.5	40.5	12.8	nan	nan	nan	3804	3600	3804
2022-06-29T01:51:40	1016.4	26.9	41.0	12.7	nan	nan	nan	3867	3600	3867
2022-06-29T02:51:44	1015.9	26.2	41.4	12.7	nan	nan	nan	4001	3600	4001
2022-06-29T03:51:48	1015.8	25.4	41.9	12.7	nan	nan	nan	3786	3600	3786
2022-06-29T04:51:49	1015.9	24.7	42.2	12.7	nan	nan	nan	3807	3600	3807
2022-06-29T05:51:52	1016.0	24.5	42.6	12.8	nan	nan	nan	3657	3600	3657
2022-06-29T06:51:53	1016.1	24.8	43.3	12.9	nan	nan	nan	3940	3600	3940
2022-06-29T07:51:59	1015.8	25.7	43.8	13.2	nan	nan	nan	3966	3600	3966
2022-06-29T08:52:02	1015.6	26.7	44.0	13.3	nan	nan	nan	3894	3600	3894
2022-06-29T09:52:04	1015.4	27.5	43.9	13.6	nan	nan	nan	3948	3600	3948
2022-06-29T10:52:08	1015.1	28.8	43.3	13.8	nan	nan	nan	3823	3600	3823
2022-06-29T11:52:10	1014.7	29.5	42.7	13.8	nan	nan	nan	3989	3600	3989
2022-06-29T12:52:19	1014.2	30.6	41.9	14.5	nan	nan	nan	3983	3600	3983
2022-06-29T13:52:20	1013.8	31.1	41.3	14.5	nan	nan	nan	4076	3600	4076
2022-06-29T14:52:25	1013.5	31.7	40.7	14.1	nan	nan	nan	4043	3600	4043
2022-06-29T15:52:30	1013.1	31.5	40.3	14.0	nan	nan	nan	4095	3600	4095
2022-06-29T16:52:32	1012.7	31.1	39.9	14.0	nan	nan	nan	4075	3600	4075
2022-06-29T17:52:37	1012.2	31.4	39.6	14.0	nan	nan	nan	4152	3600	4152
2022-06-29T18:52:42	1011.9	31.1	39.2	13.6	nan	nan	nan	4044	3600	4044
2022-06-29T19:52:43	1011.9	30.7	39.0	13.0	nan	nan	nan	3997	3600	3997
2022-06-29T20:52:45	1012.0	30.1	39.2	12.8	nan	nan	nan	3912	3600	3912
2022-06-29T21:52:53	1012.1	29.2	39.4	12.8	nan	nan	nan	4035	3600	4035
2022-06-29T22:52:58	1011.8	28.4	39.7	12.8	nan	nan	nan	4096	3600	4096
2022-06-29T23:52:59	1011.7	27.6	40.1	12.8	nan	nan	nan	3966	3600	3966
2022-06-30T00:53:06	1011.4	26.9	41.3	12.7	nan	nan	nan	3975	3600	3975
2022-06-30T01:53:10	1011.2	26.7	42.2	12.7	nan	nan	nan	3980	3600	3980
2022-06-30T02:53:13	1011.0	26.3	42.8	12.7	nan	nan	nan	3964	3600	3964
2022-06-30T03:53:16	1010.8	26.1	43.5	12.7	nan	nan	nan	4009	3600	4009
2022-06-30T04:53:25	1010.4	25.9	44.5	12.7	nan	nan	nan	3965	3600	3965
2022-06-30T05:53:31	1010.2	25.9	45.2	12.7	nan	nan	nan	3978	3600	3978
2022-06-30T06:53:40	1010.1	26.4	45.5	12.9	nan	nan	nan	3954	3600	3954
2022-06-30T07:53:41	1010.3	26.9	45.7	13.0	nan	nan	nan	3982	3600	3982
2022-06-30T08:53:44	1010.4	27.6	45.8	13.3	nan	nan	nan	4086	3600	4086
2022-06-30T09:53:52	1010.1	28.6	45.6	13.5	nan	nan	nan	4017	3600	4017
2022-06-30T10:53:54	1009.8	30.2	45.3	13.8	nan	nan	nan	4021	3600	4021
2022-06-30T11:54:00	1009.7	31.9	44.8	13.9	nan	nan	nan	4086	3600	4086
2022-06-30T12:54:05	1009.4	34.4	43.6	14.4	nan	nan	nan	3983	3600	3983
2022-06-30T13:54:09	1009.1	34.4	43.0	14.4	nan	nan	nan	4036	3600	4036
2022-06-30T14:54:11	1008.9	33.9	43.2	13.9	nan	nan	nan	4064	3600	4064
2022-06-30T15:54:12	1008.8	34.4	43.1	14.0	nan	nan	nan	3935	3600	3935
2022-06-30T16:54:17	1008.6	34.6	43.1	13.9	nan	nan	nan	4156	3600	4156
2022-06-30T17:54:24	1008.0	34.6	43.1	13.9	nan	nan	nan	4064	3600	4064
2022-06-30T18:54:26	1007.9	34.5	43.0	13.2	nan	nan	nan	4142	3600	4142
2022-06-30T19:54:33	1008.0	34.1	43.1	12.9	nan	nan	nan	4167	3600	4167
2022-06-30T20:54:35	1008.3	33.6	43.1	12.8	nan	nan	nan	3977	3600	3977
2022-06-30T21:54:41	1008.5	32.8	43.2	12.8	nan	nan	nan	4009	3600	4009
2022-06-30T22:54:52	1008.5	32.0	43.3	12.8	nan	nan	nan	3942	3600	3942
2022-06-30T23:54:58	1008.4	31.3	43.4	12.8	nan	nan	nan	3915	3600	3915
2022-07-01T00:55:03	1008.5	30.6	43.6	12.8	nan	nan	nan	4135	3600	4135
2022-07-01T01:55:04	1008.4	30.0	43.8	12.7	nan	nan	nan	4009	3600	4009
2022-07-01T02:55:09	1008.2	29.5	44.0	12.7	nan	nan	nan	4121	3600	4121
2022-07-01T03:55:14	1007.9	29.1	44.4	12.7	nan	nan	nan	3981	3600	3981
2022-07-01T04:55:15	1008.1	28.6	44.7	12.7	nan	nan	nan	4113	3600	4113
2022-07-01T05:55:17	1008.3	28.6	45.2	12.8	nan	nan	nan	3986	3600	3986
2022-07-01T06:55:19	1009.2	28.8	45.8	12.7	nan	nan	nan	4138	3600	4138
2022-07-01T07:55:24	1009.6	28.9	46.4	13.0	nan	nan	nan	4064	3600	4064
2022-07-01T08:55:27	1009.6	29.6	47.8	13.3	nan	nan	nan	4129	3600	4129
2022-07-01T09:55:30	1010.2	30.5	48.0	13.4	nan	nan	nan	3896	3600	3896
2022-07-01T10:55:31	1011.5	29.3	47.6	12.9	nan	nan	nan	3885	3600	3885
2022-07-01T11:55:36	1012.5	27.5	47.4	12.8	nan	nan	nan	3523	3600	3523
2022-07-01T12:55:39	1012.8	26.6	47.9	12.9	nan	nan	nan	3432	3600	3432
2022-07-01T13:55:42	1012.3	26.3	49.7	13.3	nan	nan	nan	3544	3600	3544
2022-07-01T14:55:43	1013.5	25.9	51.0	13.1	nan	nan	nan	3492	3600	3492
2022-07-01T15:55:49	1014.2	25.4	51.2	12.8	nan	nan	nan	3318	3600	3318
2022-07-01T16:55:55	1014.7	25.0	51.8	12.8	nan	nan	nan	3543	3600	3543
2022-07-01T17:55:59	1015.3	24.6	51.9	12.8	nan	nan	nan	3490	3600	3490
2022-07-01T18:56:00	1015.8	24.4	51.9	12.7	nan	nan	nan	3438	3600	3438
2022-07-01T19:56:08	1016.2	24.2	51.9	12.7	nan	nan	nan	3377	3600	3377
2022-07-01T20:56:12	1017.1	23.9	51.6	12.7	nan	nan	nan	3479	3600	3479
2022-07-01T21:56:20	1018.2	23.5	51.4	12.7	nan	nan	nan	3345	3600	3345
2022-07-01T22:56:22	1018.5	23.1	51.1	12.7	nan	nan	nan	3336	3600	3336
2022-07-01T23:56:23	1018.8	22.8	50.8	12.6	nan	nan	nan	3333	3600	3333
2022-07-02T00:56:29	1019.0	22.2	50.4	12.6	nan	nan	nan	3373	3600	3373
2022-07-02T01:56:32	1019.1	21.6	50.0	12.6	nan	nan	nan	3438	3600	3438
2022-07-02T02:56:38	1019.3	21.1	49.7	12.6	nan	nan	nan	3489	3600	3489
2022-07-02T03:56:44	1019.5	20.7	49.6	12.6	nan	nan	nan	3403	3600	3403
2022-07-02T04:56:47	1020.0	20.2	49.4	12.7	nan	nan	nan	3457	3600	3457
2022-07-02T05:56:55	1020.4	20.4	49.5	12.7	nan	nan	nan	3388	3600	3388
2022-07-02T06:56:58	1020.7	20.9	49.7	12.8	nan	nan	nan	3448	3600	3448
2022-07-02T07:57:02	1021.2	21.3	49.8	13.2	nan	nan	nan	3297	3600	3297
2022-07-02T08:57:08	1021.5	22.2	50.0	13.4	nan	nan	nan	3349	3600	3349
2022-07-02T09:57:16	1021.9	23.5	49.9	13.5	nan	nan	nan	3427	3600	3427
2022-07-02T10:57:23	1021.7	25.1	49.4	13.7	nan	nan	nan	3479	3600	3479
2022-07-02T11:57:33	1021.4	28.4	48.0	14.0	nan	nan	nan	3403	3600	3403
2022-07-02T12:57:35	1021.1	31.2	45.2	14.3	nan	nan	nan	3510	3600	3510
2022-07-02T13:57:38	1020.6	31.2	43.9	14.3	nan	nan	nan	3404	3600	3404
2022-07-02T14:57:41	1020.1	30.7	43.6	14.0	nan	nan	nan	3501	3600	3501
2022-07-02T15:57:44	1019.6	30.8	43.2	13.9	nan	nan	nan	3485	3600	3485
2022-07-02T16:57:52	1019.0	30.9	42.8	13.8	nan	nan	nan	3519	3600	3519
2022-07-02T17:57:54	1018.5	30.9	42.2	13.6	nan	nan	nan	3441	3600	3441
2022-07-02T18:58:03	1018.0	30.9	41.9	13.3	nan	nan	nan	3577	3600	3577
2022-07-02T19:58:11	1017.8	30.6	41.6	13.0	nan	nan	nan	3575	3600	3575
2022-07-02T20:58:18	1017.7	29.8	41.7	12.8	nan	nan	nan	3548	3600	3548
2022-07-02T21:58:22	1017.7	28.5	41.7	12.8	nan	nan	nan	3489	3600	3489
2022-07-02T22:58:28	1017.7	27.4	41.9	12.8	nan	nan	nan	3585	3600	3585
2022-07-02T23:58:33	1017.7	26.5	42.0	12.8	nan	nan	nan	3580	3600	3580
2022-07-03T00:58:37	1017.5	25.8	42.3	12.8	nan	nan	nan	3529	3600	3529
2022-07-03T01:58:43	1017.4	25.2	42.6	12.8	nan	nan	nan	3564	3600	3564
2022-07-03T02:58:44	1017.0	24.5	42.9	12.8	nan	nan	nan	3591	3600	3591
2022-07-03T03:58:47	1016.8	23.9	43.1	12.8	nan	nan	nan	3520	3600	3520
2022-07-03T04:58:55	1016.7	23.3	43.4	12.8	nan	nan	nan	3550	3600	3550
2022-07-03T05:59:04	1016.6	23.2	43.7	12.8	nan	nan	nan	3674	3600	3674
2022-07-03T06:59:10	1016.2	23.6	44.2	12.9	nan	nan	nan	3568	3600	3568
2022-07-03T07:59:11	1015.9	24.3	44.8	13.2	nan	nan	nan	3515	3600	3515
2022-07-03T08:59:14	1015.5	25.6	45.2	13.4	nan	nan	nan	3561	3600	3561
2022-07-03T09:59:16	1015.1	27.0	45.1	13.5	nan	nan	nan	3613	3600	3613
2022-07-03T10:59:19	1015.0	28.2	44.8	13.8	nan	nan	nan	3609	3600	3609
2022-07-03T11:59:20	1014.7	31.1	43.8	14.0	nan	nan	nan	3632	3600	3632
2022-07-03T12:59:28	1014.0	34.2	42.0	14.4	nan	nan	nan	3716	3600	3716
2022-07-03T13:59:31	1013.4	34.4	41.5	14.3	nan	nan	nan	3679	3600	3679
2022-07-03T14:59:34	1013.0	34.1	41.5	13.9	nan	nan	nan	3705	3600	3705
2022-07-03T15:59:37	1012.6	34.2	41.4	13.9	nan	nan	nan	3739	3600	3739
2022-07-03T16:59:44	1012.3	34.4	41.2	13.9	nan	nan	nan	3700	3600	3700
2022-07-03T17:59:51	1011.8	34.4	41.2	13.9	nan	nan	nan	3694	3600	3694
2022-07-03T19:00:02	1011.4	34.5	41.0	13.4	nan	nan	nan	3721	3600	3721
2022-07-03T20:00:05	1011.2	33.8	41.0	12.9	nan	nan	nan	3718	3600	3718
2022-07-03T21:00:09	1011.0	32.5	41.2	12.8	nan	nan	nan	3740	3600	3740
2022-07-03T22:00:14	1011.1	31.3	41.4	12.8	nan	nan	nan	3742	3600	3742
2022-07-03T23:00:21	1011.6	30.6	41.8	12.8	nan	nan	nan	3733	3600	3733
2022-07-04T00:00:25	1012.5	30.1	42.6	12.8	nan	nan	nan	3682	3600	3682
2022-07-04T01:00:33	1012.8	29.2	43.4	12.7	nan	nan	nan	3765	3600	3765
2022-07-04T02:00:35	1012.8	28.4	44.2	12.7	nan	nan	nan	3742	3600	3742
2022-07-04T03:00:39	1013.5	27.4	45.0	12.7	nan	nan	nan	3797	3600	3797
2022-07-04T04:00:42	1013.8	26.6	45.8	12.7	nan	nan	nan	3656	3600	3656
2022-07-04T05:00:46	1014.3	25.8	46.3	12.7	nan	nan	nan	3634	3600	3634
2022-07-04T06:00:53	1014.9	25.6	47.2	12.8	nan	nan	nan	3677	3600	3677
2022-07-04T07:00:58	1015.4	25.5	48.2	12.9	nan	nan	nan	3721	3600	3721
2022-07-04T08:01:03	1015.9	25.6	49.3	13.2	nan	nan	nan	3738	3600	3738
2022-07-04T09:01:08	1016.2	26.1	49.5	13.4	nan	nan	nan	3567	3600	3567
2022-07-04T10:01:11	1016.2	26.8	48.8	13.8	nan	nan	nan	3719	3600	3719
2022-07-04T11:01:21	1016.2	28.1	47.9	14.3	nan	nan	nan	3730	3600	3730
2022-07-04T12:01:23	1016.1	30.3	46.2	14.2	nan	nan	nan	3770	3600	3770
2022-07-04T13:01:26	1015.7	31.6	44.5	14.5	nan	nan	nan	3762	3600	3762
2022-07-04T14:01:28	1015.5	31.4	42.9	14.3	nan	nan	nan	3707	3600	3707
2022-07-04T15:01:31	1015.3	31.1	41.5	14.0	nan	nan	nan	3746	3600	3746
2022-07-04T16:01:37	1015.1	31.4	40.9	14.0	nan	nan	nan	3789	3600	3789
2022-07-04T17:01:40	1014.7	31.2	40.1	13.8	nan	nan	nan	3935	3600	3935
2022-07-04T18:01:49	1014.4	30.8	39.0	13.8	nan	nan	nan	3818	3600	3818
2022-07-04T19:01:51	1014.5	30.6	38.6	13.3	nan	nan	nan	3825	3600	3825
2022-07-04T20:01:52	1014.6	30.1	38.7	12.9	nan	nan	nan	4064	3600	4064
2022-07-04T21:01:58	1015.0	28.9	38.9	12.8	nan	nan	nan	3859	3600	3859
2022-07-04T22:01:59	1015.3	27.6	39.2	12.8	nan	nan	nan	3889	3600	3889
2022-07-04T23:02:02	1015.7	26.3	39.5	12.8	nan	nan	nan	3780	3600	3780
2022-07-05T00:02:05	1016.1	25.2	39.9	12.8	nan	nan	nan	3789	3600	3789
2022-07-05T01:02:13	1016.0	24.3	40.3	12.7	nan	nan	nan	3841	3600	3841
2022-07-05T02:02:17	1016.1	23.3	40.7	12.7	nan	nan	nan	3754	3600	3754
2022-07-05T03:02:24	1016.4	22.6	41.1	12.7	nan	nan	nan	3837	3600	3837
2022-07-05T04:02:33	1016.4	21.9	41.5	12.7	nan	nan	nan	3725	3600	3725
2022-07-05T05:02:38	1016.7	21.2	42.0	12.7	nan	nan	nan	3768	3600	3768
2022-07-05T06:02:46	1017.2	21.4	42.5	12.7	nan	nan	nan	3618	3600	3618
2022-07-05T07:02:48	1017.6	21.8	42.9	12.9	nan	nan	nan	3739	3600	3739
2022-07-05T08:02:53	1018.0	22.5	43.9	13.2	nan	nan	nan	3744	3600	3744
2022-07-05T09:03:01	1018.2	23.5	44.5	13.5	nan	nan	nan	3635	3600	3635
2022-07-05T10:03:02	1018.1	24.7	44.6	13.8	nan	nan	nan	3773	3600	3773
2022-07-05T11:03:09	1017.9	26.7	44.2	14.1	nan	nan	nan	3806	3600	3806
2022-07-05T12:03:12	1017.7	30.1	42.9	14.5	nan	nan	nan	3851	3600	3851
2022-07-05T13:03:19	1017.4	30.7	41.3	14.5	nan	nan	nan	3690	3600	3690
2022-07-11T14:21:32	1017.8	27.9	42.3	14.1	1018.2	21.8	8.5	3734	3600	3734
2022-07-11T15:21:35	1017.7	28.0	41.6	14.1	1018.1	22.5	8.4	3888	3600	3888
2022-07-11T16:21:48	1017.8	28.2	41.1	14.1	1018.2	21.8	8.2	3795	3600	3795
2022-07-11T17:21:55	1017.9	28.0	40.7	14.1	1018.4	22.1	8.1	3883	3600	3883
2022-07-11T18:21:56	1017.8	28.0	40.4	13.8	1018.3	21.9	8.0	3808	3600	3808
2022-07-11T19:22:00	1017.8	27.8	39.9	13.1	1018.4	21.3	7.8	3713	3600	3713
2022-07-11T20:22:04	1018.1	27.3	39.7	12.9	1018.8	18.8	9.3	3760	3600	3760
2022-07-11T21:22:05	1018.5	26.3	39.7	12.8	1019.4	15.8	9.0	3803	3600	3803
2022-07-11T22:22:09	1018.9	25.1	39.9	12.8	1019.6	13.3	9.1	3546	3600	3546
2022-07-11T23:22:14	1019.1	24.1	40.1	12.8	1019.8	12.6	9.1	3815	3600	3815
2022-07-12T00:22:26	1019.3	23.2	40.4	12.7	1019.8	11.8	9.0	3580	3600	3580
2022-07-12T01:22:31	1019.4	22.3	40.7	12.7	1019.9	11.2	8.8	3747	3600	3747
2022-07-12T02:22:42	1019.5	21.4	41.0	12.7	1019.9	10.2	8.3	3788	3600	3788
2022-07-12T03:22:44	1019.7	20.5	41.3	12.7	1020.1	9.5	8.2	3753	3600	3753
2022-07-12T04:22:46	1020.0	19.8	41.6	12.7	1020.3	9.6	8.4	3702	3600	3702
2022-07-12T05:22:47	1020.3	19.2	41.9	12.7	1020.5	9.8	8.4	3568	3600	3568
2022-07-12T06:22:51	1020.5	19.3	42.4	12.8	1020.8	13.8	9.3	3702	3600	3702
2022-07-12T07:22:55	1020.8	19.9	43.1	13.0	1021.1	15.6	9.8	3761	3600	3761
2022-07-12T08:22:57	1020.9	21.0	44.3	13.3	1021.2	18.1	9.6	3757	3600	3757
2022-07-12T09:22:58	1020.7	22.5	45.1	13.6	1021.0	20.5	8.7	3703	3600	3703
2022-07-12T10:23:00	1020.6	24.4	44.9	13.8	1020.9	22.2	8.3	3614	3600	3614
2022-07-12T11:23:05	1020.5	27.0	43.9	14.0	1020.8	23.0	8.2	3430	3600	3430
2022-07-12T12:23:10	1020.3	29.7	41.9	13.9	1020.7	23.7	8.8	3798	3600	3798
2022-07-12T13:23:17	1020.1	30.2	40.7	14.5	1020.5	25.0	9.2	3684	3600	3684
2022-07-12T14:23:23	1019.9	30.3	40.1	14.6	1020.2	24.9	8.7	3675	3600	3675
2022-07-12T15:23:28	1019.6	30.1	39.7	14.1	1020.1	25.1	8.8	3753	3600	3753
2022-07-12T16:23:29	1019.2	30.3	39.4	13.9	1019.7	25.9	8.8	3682	3600	3682
2022-07-12T17:23:36	1018.9	30.6	39.2	13.8	1019.3	26.3	9.0	3830	3600	3830
2022-07-12T18:23:39	1018.6	30.8	38.9	14.0	1019.1	26.0	9.1	3576	3600	3576
2022-07-12T19:23:45	1018.5	30.7	38.8	13.1	1019.0	24.8	9.0	3691	3600	3691
2022-07-12T20:23:53	1018.4	30.1	38.8	12.9	1019.0	22.4	9.2	3735	3600	3735
2022-07-12T21:23:54	1018.5	29.0	39.0	12.8	1019.3	17.6	10.0	3683	3600	3683
2022-07-12T22:23:59	1018.7	27.5	39.2	12.8	1019.5	16.4	9.5	3612	3600	3612
2022-07-12T23:24:02	1018.8	26.5	39.5	12.8	1019.6	14.7	9.5	3596	3600	3596
2022-07-13T00:24:04	1018.7	25.4	39.8	12.8	1019.4	13.3	9.3	3581	3600	3581
2022-07-13T01:24:05	1018.4	24.3	40.1	12.7	1019.0	12.9	9.3	3618	3600	3618
2022-07-13T02:24:08	1018.1	23.6	40.6	12.7	1018.6	13.8	10.4	3533	3600	3533
2022-07-13T03:24:09	1017.7	23.3	41.2	12.7	1018.1	14.7	10.9	3657	3600	3657
2022-07-13T04:24:14	1017.5	23.0	41.7	12.7	1017.9	14.8	11.0	3593	3600	3593
2022-07-13T05:24:15	1017.3	22.8	42.1	12.7	1017.7	15.4	11.4	3614	3600	3614
2022-07-13T06:24:23	1017.2	22.8	42.6	12.7	1017.5	16.7	11.4	3662	3600	3662
2022-07-13T07:24:25	1017.1	23.4	42.9	12.8	1017.4	18.2	11.9	3737	3600	3737
2022-07-13T08:24:27	1016.7	24.3	43.1	13.1	1016.8	20.1	12.1	3792	3600	3792
2022-07-13T09:24:31	1016.1	26.0	43.2	13.4	1016.3	22.8	12.2	3639	3600	3639
2022-07-13T10:24:36	1015.7	28.4	42.9	13.8	1015.8	25.4	11.9	3731	3600	3731
2022-07-13T11:24:39	1015.4	30.6	42.4	14.1	1015.6	26.6	11.8	3745	3600	3745
2022-07-13T12:24:44	1015.1	31.9	42.1	14.0	1015.4	26.8	11.3	3761	3600	3761
2022-07-13T13:24:52	1014.5	32.7	42.0	14.5	1014.8	27.4	10.5	3795	3600	3795
2022-07-13T14:24:54	1013.8	33.0	41.9	14.3	1014.2	27.8	10.1	3802	3600	3802
2022-07-13T15:25:01	1013.1	33.6	41.7	13.9	1013.5	28.3	9.6	3881	3600	3881
2022-07-13T16:25:06	1012.5	33.9	41.6	13.9	1012.9	29.5	9.6	3879	3600	3879
2022-07-13T17:25:10	1012.0	34.2	41.4	13.7	1012.5	28.9	10.3	3857	3600	3857
2022-07-13T18:25:14	1011.6	33.9	41.5	13.4	1012.1	27.8	11.0	3857	3600	3857
2022-07-13T19:25:16	1011.8	33.6	41.4	12.9	1012.4	27.4	10.7	3898	3600	3898
2022-07-13T20:25:20	1012.4	33.2	40.2	12.8	1013.1	26.0	10.8	3735	3600	3735
2022-07-13T21:25:25	1013.1	32.6	39.8	12.8	1013.8	24.3	10.1	3827	3600	3827
2022-07-13T22:25:28	1013.7	31.8	39.6	12.8	1014.4	22.9	10.0	3866	3600	3866
2022-07-13T23:25:31	1014.1	31.1	39.7	12.8	1014.8	21.2	10.4	3770	3600	3770
2022-07-14T00:25:35	1014.2	30.1	39.9	12.8	1015.0	18.0	10.7	3790	3600	3790
2022-07-14T01:25:39	1014.4	29.0	40.3	12.7	1015.1	17.9	10.6	3729	3600	3729
2022-07-14T02:25:50	1014.7	28.1	41.0	12.7	1015.5	17.2	10.7	3772	3600	3772
2022-07-14T03:25:53	1015.1	27.2	41.9	12.7	1015.8	16.2	10.6	3757	3600	3757
2022-07-14T04:25:54	1015.4	26.2	42.7	12.7	1016.1	14.8	9.9	3728	3600	3728
2022-07-14T05:25:58	1015.9	25.2	43.2	12.7	1016.5	13.8	9.7	3608	3600	3608
2022-07-14T06:26:01	1016.1	24.6	43.9	12.8	1016.6	14.9	9.8	3674	3600	3674
2022-07-14T07:26:10	1016.4	24.4	44.9	13.2	1016.9	15.9	9.4	3795	3600	3795
2022-07-14T08:26:14	1016.3	24.4	45.3	13.4	1016.8	16.9	9.0	3879	3600	3879
2022-07-14T09:26:18	1015.9	24.8	45.2	13.6	1016.3	17.9	8.5	3834	3600	3834
2022-07-14T10:26:20	1015.3	25.3	44.4	13.8	1015.8	19.1	7.8	3817	3600	3817
2022-07-14T11:26:28	1014.8	27.2	43.5	14.2	1015.2	20.5	7.7	3905	3600	3905
2022-07-14T12:26:31	1014.4	30.8	40.4	14.6	1014.9	21.6	7.5	3887	3600	3887
2022-07-14T13:26:32	1013.7	31.4	38.5	14.5	1014.2	22.7	7.2	4038	3600	4038
2022-07-14T14:26:34	1013.2	30.6	37.7	14.1	1013.7	23.1	7.3	4025	3600	4025
2022-07-14T15:26:38	1012.9	30.5	37.5	14.0	1013.4	23.5	7.5	4009	3600	4009
2022-07-14T16:26:39	1012.4	30.4	37.0	14.0	1013.0	22.9	7.3	4090	3600	4090
2022-07-14T17:26:48	1012.2	30.0	36.1	14.0	1013.0	21.9	6.9	4053	3600	4053
2022-07-14T18:26:53	1012.3	29.5	35.6	13.7	1013.0	21.5	7.4	3934	3600	3934
2022-07-14T19:26:56	1012.4	28.9	35.6	13.1	1013.2	20.1	7.2	4068	3600	4068
2022-07-14T20:27:02	1012.9	28.1	35.8	12.8	1013.9	18.8	7.2	3947	3600	3947
2022-07-14T21:27:09	1013.5	27.4	36.3	12.8	1014.5	18.0	7.5	3816	3600	3816
2022-07-14T22:27:17	1014.1	26.5	37.0	12.8	1015.0	16.0	7.6	3869	3600	3869
2022-07-14T23:27:19	1014.5	25.5	37.8	12.8	1015.4	14.3	7.8	3797	3600	3797
2022-07-15T00:27:20	1014.7	24.4	38.3	12.8	1015.6	13.1	8.2	3826	3600	3826
2022-07-15T01:27:23	1014.9	23.4	39.0	12.7	1015.6	12.4	8.3	3753	3600	3753
2022-07-15T02:27:29	1015.1	22.5	39.7	12.7	1015.8	11.9	8.4	3871	3600	3871
2022-07-15T03:27:35	1015.2	21.7	40.4	12.7	1015.8	11.5	8.4	3795	3600	3795
2022-07-15T04:27:40	1015.4	20.9	41.1	12.6	1016.0	11.5	8.7	3771	3600	3771
2022-07-15T05:27:47	1015.8	20.4	41.7	12.7	1016.3	12.1	8.9	3813	3600	3813
2022-07-15T06:27:51	1016.0	20.4	42.6	12.8	1016.5	13.1	9.0	3842	3600	3842
2022-07-15T07:28:05	1016.4	20.7	43.9	13.1	1016.9	14.1	9.0	3878	3600	3878
2022-07-15T08:28:07	1016.8	21.4	44.6	13.4	1017.2	15.3	9.0	3730	3600	3730
2022-07-15T09:28:10	1016.9	22.3	44.9	13.5	1017.3	16.1	8.5	3871	3600	3871
2022-07-15T10:28:12	1017.0	22.8	44.8	13.6	1017.5	16.6	8.0	3861	3600	3861
2022-07-15T11:28:19	1017.1	23.4	44.5	14.0	1017.5	17.6	8.3	3849	3600	3849
2022-07-15T12:28:20	1017.1	24.4	43.5	14.2	1017.6	18.1	7.3	3919	3600	3919
2022-07-15T13:28:26	1017.1	25.0	42.5	14.3	1017.6	18.6	7.5	3926	3600	3926
2022-07-15T14:28:29	1017.1	25.4	41.8	14.7	1017.7	18.9	7.6	3907	3600	3907
2022-07-15T15:28:32	1017.0	26.0	41.2	14.5	1017.5	19.7	7.8	3899	3600	3899
2022-07-15T16:28:34	1016.9	26.3	40.8	14.1	1017.5	19.6	7.5	3860	3600	3860
2022-07-15T17:28:36	1016.7	26.4	40.5	14.1	1017.2	20.1	7.5	3859	3600	3859
2022-07-15T18:28:38	1016.5	26.4	40.3	13.8	1017.0	19.6	7.7	3873	3600	3873
2022-07-15T19:28:39	1016.4	25.9	40.3	13.1	1017.0	18.8	7.9	3879	3600	3879
2022-07-15T20:28:40	1016.2	25.5	40.4	12.8	1016.9	17.6	8.0	3867	3600	3867
2022-07-15T21:28:43	1016.4	24.7	40.3	12.8	1017.1	15.1	8.6	3794	3600	3794
2022-07-15T22:28:45	1016.4	23.7	40.3	12.8	1017.0	14.2	9.0	3888	3600	3888
2022-07-15T23:28:50	1016.4	23.2	40.6	12.8	1017.0	14.9	9.0	3796	3600	3796
2022-07-16T00:28:57	1016.3	22.9	40.9	12.7	1016.8	14.9	9.0	3791	3600	3791
2022-07-16T01:29:03	1016.1	22.6	41.2	12.7	1016.5	14.6	9.1	3863	3600	3863
2022-07-16T02:29:08	1015.6	22.2	41.4	12.6	1016.0	14.6	9.1	3733	3600	3733
2022-07-16T03:29:09	1015.0	21.9	41.6	12.7	1015.4	14.3	8.9	3873	3600	3873
2022-07-16T04:29:13	1014.4	21.7	41.8	12.7	1014.8	14.5	8.6	3878	3600	3878
2022-07-16T05:29:16	1014.0	21.5	42.1	12.7	1014.5	14.3	8.9	3854	3600	3854
2022-07-16T06:29:20	1013.6	21.4	42.4	12.7	1014.0	15.3	8.7	4035	3600	4035
2022-07-16T07:29:22	1013.5	21.6	42.9	12.7	1014.0	15.6	9.4	3978	3600	3978
2022-07-16T08:29:27	1014.0	21.4	44.4	12.9	1014.5	15.0	11.1	3891	3600	3891
2022-07-16T09:29:37	1014.5	22.0	46.8	13.5	1014.8	16.8	10.8	3789	3600	3789
2022-07-16T10:29:39	1015.0	23.1	48.2	13.8	1015.3	18.0	9.5	3836	3600	3836
2022-07-16T11:29:42	1015.3	25.1	46.6	14.0	1015.8	19.2	8.4	3923	3600	3923
2022-07-16T12:29:45	1015.9	26.0	44.1	14.3	1016.4	19.6	7.7	3890	3600	3890
2022-07-16T13:29:53	1016.4	26.8	40.2	14.3	1016.9	20.6	6.5	4015	3600	4015
2022-07-16T14:30:02	1016.8	26.7	38.0	14.5	1017.5	20.9	6.4	3973	3600	3973
2022-07-16T15:30:03	1017.2	26.9	37.0	14.2	1017.9	20.6	6.3	3996	3600	3996
2022-07-16T16:30:04	1017.5	26.9	36.4	14.1	1018.2	21.1	6.3	3834	3600	3834
2022-07-16T17:30:07	1017.9	26.9	36.1	14.1	1018.6	21.0	6.8	3891	3600	3891
2022-07-16T18:30:08	1018.5	26.8	36.2	13.9	1019.2	20.4	6.7	3862	3600	3862
2022-07-16T19:30:14	1019.1	26.4	36.4	13.1	1019.9	18.9	6.8	3888	3600	3888
2022-07-16T20:30:19	1019.8	25.8	36.8	12.8	1020.8	17.3	6.9	3855	3600	3855
2022-07-16T21:30:24	1020.7	25.0	37.2	12.8	1021.6	15.7	7.1	3761	3600	3761
2022-07-16T22:30:26	1021.3	24.1	37.7	12.8	1022.2	14.0	7.4	3731	3600	3731
2022-07-16T23:30:33	1021.9	23.2	38.0	12.7	1022.7	12.4	7.4	3766	3600	3766
2022-07-17T00:30:39	1022.3	22.2	38.4	12.8	1023.1	11.6	7.4	3781	3600	3781
2022-07-17T01:30:42	1022.6	21.2	38.7	12.8	1023.2	10.0	7.1	3819	3600	3819
2022-07-17T02:30:48	1022.6	20.1	38.9	12.7	1023.1	8.3	6.7	3649	3600	3649
2022-07-17T03:30:54	1022.7	19.0	39.0	12.7	1023.0	7.5	6.7	3746	3600	3746
2022-07-17T04:30:58	1022.8	18.0	39.3	12.7	1023.2	6.9	6.3	3761	3600	3761
2022-07-17T05:31:03	1023.4	17.4	39.6	12.7	1023.8	8.7	7.5	3793	3600	3793
2022-07-17T06:31:09	1023.7	17.7	40.4	12.8	1024.1	12.1	8.6	3701	3600	3701
2022-07-17T07:31:14	1024.0	18.6	41.8	13.2	1024.4	13.8	8.8	3695	3600	3695
2022-07-17T08:31:15	1024.3	19.8	42.6	13.5	1024.7	15.1	8.6	3658	3600	3658
2022-07-17T09:31:21	1024.4	21.0	43.4	13.7	1024.9	16.4	8.3	3683	3600	3683
2022-07-17T10:31:22	1024.5	21.8	43.9	13.9	1025.0	16.8	8.4	3813	3600	3813
2022-07-17T11:31:29	1024.4	23.5	43.7	14.6	1024.8	18.0	8.6	3739	3600	3739
2022-07-17T12:31:36	1024.1	26.4	42.6	14.6	1024.5	19.8	8.3	3706	3600	3706
2022-07-17T13:31:42	1023.9	27.6	41.1	14.5	1024.3	21.0	8.1	3894	3600	3894
2022-07-17T14:31:44	1023.4	27.3	40.7	14.1	1023.8	22.1	8.0	3865	3600	3865
2022-07-17T15:31:48	1023.0	27.7	40.4	14.1	1023.5	22.7	7.7	3816	3600	3816
2022-07-17T16:31:53	1022.7	27.9	39.7	14.1	1023.2	23.2	7.2	3766	3600	3766
2022-07-17T17:31:57	1022.3	28.1	38.8	14.1	1022.8	23.4	7.3	3788	3600	3788
2022-07-17T18:32:02	1022.0	28.2	38.3	13.8	1022.6	22.7	7.3	3676	3600	3676
2022-07-17T19:32:07	1022.0	27.8	38.2	13.0	1022.7	21.3	7.9	3811	3600	3811
2022-07-17T20:32:13	1022.2	27.1	38.2	12.8	1023.0	17.9	9.0	3723	3600	3723
2022-07-17T21:32:20	1022.4	25.8	38.3	12.8	1023.3	14.8	8.5	3631	3600	3631
2022-07-17T22:32:24	1022.4	24.6	38.4	12.8	1023.2	13.6	8.5	3793	3600	3793
2022-07-17T23:32:27	1022.4	23.7	38.7	12.8	1023.1	13.1	8.5	3760	3600	3760
2022-07-18T00:32:39	1022.4	22.8	39.0	12.8	1023.0	12.2	8.9	3789	3600	3789
2022-07-18T01:32:43	1022.7	22.1	39.4	12.7	1023.2	12.4	9.4	3599	3600	3599
2022-07-18T02:32:44	1022.7	21.6	39.8	12.7	1023.2	11.9	8.9	3748	3600	3748
2022-07-18T03:32:46	1022.6	20.8	40.0	12.7	1023.0	10.8	8.5	3696	3600	3696
2022-07-18T04:32:50	1022.5	20.1	40.3	12.7	1022.8	10.1	8.3	3650	3600	3650
2022-07-18T05:32:54	1022.5	19.5	40.6	12.7	1022.8	11.1	9.0	3666	3600	3666
2022-07-18T06:32:55	1022.3	19.8	41.0	12.8	1022.6	14.4	10.3	3717	3600	3717
2022-07-18T07:33:00	1022.3	20.7	41.5	13.1	1022.7	16.9	10.6	3843	3600	3843
2022-07-18T08:33:05	1022.1	22.1	41.9	13.4	1022.4	19.9	10.2	3803	3600	3803
2022-07-18T09:33:12	1022.0	23.8	42.1	13.6	1022.2	22.1	9.5	3770	3600	3770
2022-07-18T10:33:13	1021.9	26.1	41.9	14.1	1022.2	23.6	9.1	3800	3600	3800
2022-07-18T11:33:15	1021.7	29.0	41.2	14.4	1022.0	24.8	8.2	3817	3600	3817
2022-07-18T12:33:16	1021.3	32.8	39.6	14.5	1021.7	25.6	8.2	3823	3600	3823
2022-07-18T13:33:23	1020.8	33.0	39.2	14.3	1021.2	26.6	8.4	3908	3600	3908
2022-07-18T14:33:30	1020.3	33.1	39.2	13.9	1020.7	26.9	8.4	3835	3600	3835
2022-07-18T15:33:37	1019.8	33.5	39.2	13.9	1020.3	27.4	8.9	3826	3600	3826
2022-07-18T16:33:42	1019.3	33.5	39.3	13.9	1019.9	27.5	8.7	3863	3600	3863
2022-07-18T17:33:44	1018.8	33.3	39.5	13.9	1019.3	27.5	9.6	3899	3600	3899
2022-07-18T18:33:53	1018.3	33.1	39.7	13.7	1018.9	27.3	9.8	4012	3600	4012
2022-07-18T19:33:56	1018.1	32.8	39.9	12.9	1018.7	25.8	10.3	3894	3600	3894
2022-07-18T20:33:59	1017.8	31.9	39.9	12.8	1018.5	22.6	10.7	3970	3600	3970
2022-07-18T21:34:09	1017.8	30.6	40.0	12.8	1018.6	19.3	9.9	4010	3600	4010
2022-07-18T22:34:16	1017.6	29.3	40.1	12.8	1018.4	17.2	9.8	4023	3600	4023
2022-07-18T23:34:19	1017.5	28.1	40.3	12.8	1018.2	16.2	9.7	3933	3600	3933
2022-07-19T00:34:21	1017.4	27.0	40.5	12.8	1018.1	15.2	9.5	3934	3600	3934
2022-07-19T01:34:26	1017.2	26.0	40.8	12.7	1017.8	14.5	9.4	3924	3600	3924
2022-07-19T02:34:32	1017.2	25.0	41.1	12.7	1017.9	13.7	9.4	3900	3600	3900
2022-07-19T03:34:33	1017.2	24.1	41.4	12.7	1017.7	13.0	9.2	3931	3600	3931
2022-07-19T04:34:37	1017.1	23.3	41.7	12.7	1017.6	12.7	9.0	3962	3600	3962
2022-07-19T05:34:40	1017.1	22.6	42.0	12.7	1017.6	13.2	9.7	3773	3600	3773
2022-07-19T06:34:43	1017.3	22.7	42.6	12.8	1017.7	16.6	10.9	3800	3600	3800
2022-07-19T07:34:47	1017.5	23.6	43.0	13.1	1017.8	19.8	10.5	3843	3600	3843
2022-07-19T08:34:51	1017.5	25.0	43.2	13.4	1017.8	22.7	10.6	3955	3600	3955
2022-07-19T09:34:54	1017.5	27.2	43.0	13.6	1017.7	26.6	10.0	3819	3600	3819
2022-07-19T10:34:58	1017.3	29.9	42.3	13.8	1017.6	29.6	8.7	3885	3600	3885
2022-07-19T11:35:00	1016.9	34.5	40.7	14.2	1017.3	32.0	8.6	3835	3600	3835
2022-07-19T12:35:02	1016.4	38.3	39.0	14.4	1016.9	33.4	8.5	3971	3600	3971
2022-07-19T13:35:10	1016.0	38.2	38.6	14.2	1016.6	33.3	7.8	3840	3600	3840
2022-07-19T14:35:12	1015.8	38.0	38.1	13.8	1016.4	33.7	7.1	3957	3600	3957
2022-07-19T15:35:17	1015.4	38.2	36.4	13.8	1016.1	34.0	6.8	3972	3600	3972
2022-07-19T16:35:19	1015.0	38.5	35.7	13.7	1015.8	34.1	6.7	4034	3600	4034
2022-07-19T17:35:22	1014.8	38.5	35.3	13.8	1015.5	34.1	6.6	4178	3600	4178
2022-07-19T18:35:28	1014.6	38.5	35.0	13.7	1015.4	33.6	7.1	4145	3600	4145
2022-07-19T19:35:38	1014.7	38.0	34.8	12.9	1015.5	30.2	8.9	4109	3600	4109
2022-07-19T20:35:42	1014.9	36.6	35.3	12.8	1015.8	24.9	9.5	4030	3600	4030
2022-07-19T21:35:48	1015.0	35.2	35.9	12.8	1015.9	22.3	10.0	3999	3600	3999
2022-07-19T22:35:53	1015.1	33.8	36.5	12.8	1016.0	21.0	9.9	3948	3600	3948
2022-07-19T23:35:56	1015.4	32.8	37.1	12.8	1016.2	21.1	9.6	3909	3600	3909
2022-07-20T00:35:58	1015.6	31.9	37.7	12.8	1016.4	20.7	9.7	4028	3600	4028
2022-07-20T01:36:03	1015.6	31.0	38.2	12.7	1016.4	20.0	9.9	4025	3600	4025
2022-07-20T02:36:04	1015.3	30.1	38.7	12.7	1016.0	19.8	10.0	4057	3600	4057
2022-07-20T03:36:12	1015.2	29.4	39.1	12.7	1015.9	18.9	10.1	3963	3600	3963
2022-07-20T04:36:13	1015.0	28.3	39.5	12.7	1015.8	16.6	10.1	4078	3600	4078
2022-07-20T05:36:15	1015.4	27.7	39.9	12.7	1016.0	19.0	10.2	3975	3600	3975
2022-07-20T06:36:17	1015.5	27.9	40.5	12.8	1016.0	22.0	10.2	3947	3600	3947
2022-07-20T07:36:19	1015.5	28.6	41.0	13.1	1016.0	24.2	10.4	4003	3600	4003
2022-07-20T08:36:23	1015.8	29.8	41.1	13.3	1016.1	27.1	11.1	3943	3600	3943
2022-07-20T09:36:27	1015.7	31.6	41.0	13.5	1016.0	30.1	11.2	3830	3600	3830
2022-07-20T10:36:30	1015.5	33.9	40.6	13.8	1015.9	33.2	10.8	3941	3600	3941
2022-07-20T11:36:36	1015.2	37.8	39.5	14.0	1015.7	35.7	9.8	3990	3600	3990
2022-07-20T12:36:44	1014.7	41.6	37.8	14.2	1015.3	37.2	9.1	3929	3600	3929
2022-07-20T13:36:49	1014.2	41.9	36.9	14.1	1014.9	37.6	8.5	3941	3600	3941
2022-07-20T14:36:51	1013.6	42.0	36.5	13.6	1014.3	37.6	8.3	3932	3600	3932
2022-07-20T15:36:54	1013.1	42.0	36.0	13.7	1013.8	37.4	8.2	4061	3600	4061
2022-07-20T16:36:59	1012.7	42.0	36.0	13.7	1013.5	36.9	8.5	4020	3600	4020
2022-07-20T17:37:04	1012.3	41.8	36.0	13.7	1013.1	36.3	8.4	3886	3600	3886
2022-07-20T18:37:09	1011.9	41.6	35.7	13.4	1012.8	35.5	8.8	4035	3600	4035
2022-07-20T19:37:10	1011.6	41.2	35.6	12.9	1012.4	33.6	8.6	4091	3600	4091
2022-07-20T20:37:18	1011.7	40.3	35.9	12.8	1012.5	29.9	10.0	4023	3600	4023
2022-07-20T21:37:21	1011.6	38.6	36.4	12.8	1012.4	25.9	9.9	4149	3600	4149
2022-07-20T22:37:24	1011.6	37.1	37.0	12.8	1012.5	23.9	9.8	4106	3600	4106
2022-07-20T23:37:25	1011.7	35.7	37.6	12.8	1012.6	22.2	10.4	4007	3600	4007
2022-07-21T00:37:26	1011.9	34.3	38.2	12.8	1012.7	20.9	10.4	4008	3600	4008
2022-07-21T01:37:27	1011.5	33.2	38.8	12.7	1012.1	22.0	10.2	4158	3600	4158
2022-07-21T02:37:32	1011.1	32.8	39.4	12.7	1011.7	23.6	9.9	4151	3600	4151
2022-07-21T03:37:34	1010.9	32.4	39.8	12.7	1011.5	23.4	9.9	4092	3600	4092
2022-07-21T04:37:36	1011.0	31.7	40.0	12.7	1011.7	22.6	9.8	4146	3600	4146
2022-07-21T05:37:43	1011.8	31.2	40.3	12.7	1012.5	22.6	10.6	4055	3600	4055
2022-07-21T06:37:51	1012.7	30.9	40.6	12.8	1013.4	22.1	11.3	3990	3600	3990
2022-07-21T07:37:56	1013.3	30.6	40.9	13.0	1013.9	22.5	11.5	4080	3600	4080
2022-07-21T08:37:58	1013.7	30.9	41.2	13.3	1014.2	24.0	11.9	3994	3600	3994
2022-07-21T09:37:59	1014.2	31.7	41.4	13.4	1014.7	25.5	12.2	3993	3600	3993
2022-07-21T10:38:03	1014.3	32.8	41.3	13.8	1014.7	27.4	12.0	3998	3600	3998
2022-07-21T11:38:07	1014.7	34.1	41.0	13.4	1015.2	26.6	11.8	3926	3600	3926
2022-07-21T12:38:12	1015.0	33.0	41.3	13.2	1015.5	24.6	12.4	3817	3600	3817
2022-07-21T13:38:16	1014.7	32.2	41.5	13.2	1015.2	22.9	14.7	3971	3600	3971
2022-07-21T14:38:17	1014.4	32.4	41.9	14.2	1014.7	25.4	14.4	3882	3600	3882
2022-07-21T15:38:19	1014.0	33.0	42.4	14.0	1014.4	26.1	13.6	3947	3600	3947
2022-07-21T16:38:21	1014.5	32.7	43.0	14.2	1014.9	24.2	14.7	3964	3600	3964
2022-07-21T17:38:26	1014.1	32.7	43.9	13.5	1014.5	24.1	14.8	3906	3600	3906
2022-07-21T18:38:28	1014.2	31.7	44.0	12.9	1014.5	21.4	16.2	3882	3600	3882
2022-07-21T19:38:29	1014.2	30.5	43.9	12.8	1014.6	20.2	16.0	3788	3600	3788
2022-07-21T20:38:30	1014.2	29.7	44.0	12.8	1014.5	19.8	16.2	3646	3600	3646
2022-07-21T21:38:33	1014.3	29.0	44.1	12.8	1014.5	19.1	15.6	3733	3600	3733
2022-07-21T22:38:40	1014.2	28.4	44.3	12.7	1014.4	19.1	15.7	3594	3600	3594
2022-07-21T23:38:49	1014.2	27.9	44.5	12.7	1014.4	18.9	15.7	3604	3600	3604
2022-07-22T00:38:51	1014.3	27.4	44.8	12.7	1014.5	18.8	15.5	3704	3600	3704
2022-07-22T01:38:53	1014.5	26.9	45.0	12.7	1014.6	18.3	14.9	3798	3600	3798
2022-07-22T02:39:03	1014.7	26.4	45.2	12.7	1014.8	18.1	14.5	3667	3600	3667
2022-07-22T03:39:06	1014.7	26.0	45.4	12.7	1014.8	17.9	14.3	3636	3600	3636
2022-07-22T04:39:09	1014.8	25.6	45.6	12.7	1014.9	17.4	14.0	3689	3600	3689
2022-07-22T05:39:14	1015.0	25.2	45.7	12.7	1015.1	17.3	14.0	3611	3600	3611
2022-07-22T06:39:24	1015.1	25.1	46.0	12.7	1015.2	18.0	14.4	3531	3600	3531
2022-07-22T07:39:35	1015.2	25.3	46.4	12.8	1015.2	18.9	14.9	3653	3600	3653
2022-07-22T08:39:38	1015.2	26.0	46.4	13.3	1015.2	20.4	15.0	3776	3600	3776
2022-07-22T09:39:42	1015.4	27.3	46.5	13.4	1015.4	21.1	15.0	3669	3600	3669
2022-07-22T10:39:49	1015.7	27.3	47.1	13.5	1015.7	20.6	15.0	3691	3600	3691
2022-07-22T11:39:50	1015.8	28.2	47.8	13.9	1015.9	21.7	14.8	3645	3600	3645
2022-07-22T12:39:51	1015.9	29.4	48.2	14.0	1016.0	21.9	14.5	3728	3600	3728
2022-07-22T13:39:59	1015.8	29.7	48.2	14.2	1015.9	21.8	13.9	3756	3600	3756
2022-07-22T14:40:03	1015.8	29.4	48.4	14.2	1015.9	21.7	13.3	3719	3600	3719
2022-07-22T15:40:10	1015.7	29.6	47.8	14.5	1015.8	22.8	12.6	3805	3600	3805
2022-07-22T16:40:16	1015.5	29.7	47.0	14.4	1015.7	22.9	12.3	3817	3600	3817
2022-07-22T17:40:20	1015.1	29.6	46.6	14.0	1015.3	22.6	12.1	3830	3600	3830
2022-07-22T18:40:26	1015.0	29.4	46.3	13.6	1015.1	21.8	12.0	3751	3600	3751
2022-07-22T19:40:33	1014.7	28.8	46.2	13.0	1015.0	20.5	12.3	3814	3600	3814
2022-07-22T20:40:34	1014.8	28.1	46.0	12.8	1015.1	18.9	12.6	3802	3600	3802
2022-07-22T21:40:45	1015.0	27.1	45.7	12.8	1015.3	16.8	12.1	3760	3600	3760
2022-07-22T22:40:56	1015.0	26.1	45.5	12.8	1015.4	15.6	11.6	3734	3600	3734
2022-07-22T23:41:03	1015.3	25.3	45.4	12.8	1015.5	14.9	11.4	3811	3600	3811
2022-07-23T00:41:06	1015.2	24.5	45.4	12.8	1015.4	14.6	11.5	3959	3600	3959
2022-07-23T01:41:09	1014.6	23.9	45.5	12.7	1014.8	14.5	11.5	3830	3600	3830
2022-07-23T02:41:15	1014.5	23.4	45.6	12.7	1014.6	14.0	11.1	3875	3600	3875
2022-07-23T03:41:18	1014.2	22.9	45.8	12.7	1014.4	14.3	11.1	3865	3600	3865
2022-07-23T04:41:23	1014.5	22.6	46.5	12.7	1014.7	14.6	11.0	3861	3600	3861
2022-07-23T05:41:31	1014.5	22.3	47.1	12.7	1014.6	14.5	11.2	3867	3600	3867
2022-07-23T06:41:45	1014.6	21.9	47.3	12.7	1014.6	14.3	11.7	3673	3600	3673
2022-07-23T07:41:46	1014.6	21.7	47.3	12.6	1014.6	14.4	11.8	3407	3600	3407
2022-07-23T08:41:56	1014.7	21.7	48.2	12.8	1014.7	14.9	12.0	3527	3600	3527
2022-07-23T09:42:00	1014.6	22.2	49.0	13.4	1014.6	16.0	12.3	3557	3600	3557
2022-07-23T10:42:05	1014.7	23.5	50.1	13.6	1014.8	18.0	12.5	3671	3600	3671
2022-07-23T11:42:12	1014.9	25.4	50.0	13.9	1015.0	19.8	11.9	3590	3600	3590
2022-07-23T12:42:13	1014.8	28.5	48.4	14.1	1014.9	21.2	11.6	3599	3600	3599
2022-07-23T13:42:18	1014.7	28.3	47.5	14.4	1014.8	22.0	11.6	3699	3600	3699
2022-07-23T14:42:33	1014.5	28.9	46.6	14.4	1014.6	23.0	10.8	3632	3600	3632
2022-07-23T15:42:35	1014.4	29.2	45.7	14.4	1014.6	23.6	10.5	3670	3600	3670
2022-07-23T16:42:45	1014.2	29.5	45.0	14.0	1014.5	23.6	10.1	3606	3600	3606
2022-07-23T17:42:47	1014.3	29.3	44.3	14.0	1014.6	23.2	9.4	3652	3600	3652
2022-07-23T18:42:48	1014.6	29.1	42.6	13.7	1015.1	22.5	8.7	3825	3600	3825
2022-07-23T19:42:57	1014.9	28.5	41.2	13.0	1015.5	20.8	8.4	3663	3600	3663
2022-07-23T20:43:00	1015.7	27.7	40.7	12.8	1016.4	18.3	8.8	3555	3600	3555
2022-07-23T21:43:09	1016.3	26.7	40.6	12.8	1017.1	15.4	9.7	3637	3600	3637
2022-07-23T22:43:10	1016.9	25.4	40.7	12.8	1017.6	13.5	9.5	3632	3600	3632
2022-07-23T23:43:14	1017.3	24.2	40.9	12.8	1017.8	12.5	9.2	3533	3600	3533
2022-07-24T00:43:17	1017.4	23.2	41.1	12.8	1017.8	11.6	9.0	3679	3600	3679
2022-07-24T01:43:18	1017.4	22.2	41.4	12.7	1017.9	11.0	8.8	3686	3600	3686
2022-07-24T02:43:20	1017.7	21.3	41.7	12.7	1018.0	10.6	8.6	3666	3600	3666
2022-07-24T03:43:29	1017.8	20.5	42.0	12.7	1018.0	10.1	8.5	3632	3600	3632
2022-07-24T04:43:32	1017.9	19.7	42.2	12.7	1018.2	9.9	8.4	3643	3600	3643
2022-07-24T05:43:37	1018.3	19.2	42.6	12.7	1018.5	10.7	9.1	3499	3600	3499
2022-07-24T06:43:43	1018.4	19.4	43.1	12.8	1018.6	13.3	10.5	3526	3600	3526
2022-07-24T07:43:52	1018.4	20.1	43.6	13.0	1018.6	15.4	10.6	3536	3600	3536
2022-07-24T08:43:54	1018.4	21.1	44.0	13.3	1018.6	17.6	10.3	3727	3600	3727
2022-07-24T09:44:02	1018.2	22.3	44.4	13.5	1018.4	19.6	10.3	3660	3600	3660
2022-07-24T10:44:11	1018.1	23.9	44.5	13.8	1018.3	21.4	10.0	3590	3600	3590
2022-07-24T11:44:15	1017.8	27.7	43.9	13.9	1018.0	23.1	10.1	3646	3600	3646
2022-07-24T12:44:17	1017.4	32.0	41.9	14.3	1017.7	24.1	9.9	3538	3600	3538
2022-07-24T13:44:19	1016.9	31.9	41.2	14.5	1017.2	25.1	9.6	3739	3600	3739
2022-07-24T14:44:25	1016.4	31.4	41.2	14.3	1016.7	26.0	9.2	3704	3600	3704
2022-07-24T15:44:31	1015.7	31.6	40.9	14.0	1016.1	26.2	9.0	3631	3600	3631
2022-07-24T16:44:34	1014.9	31.8	40.8	14.0	1015.4	27.0	9.0	3715	3600	3715
2022-07-24T17:44:38	1014.3	31.9	40.9	14.0	1014.9	26.8	8.9	3711	3600	3711
2022-07-24T18:44:46	1013.9	31.9	41.0	13.6	1014.4	26.4	9.6	3863	3600	3863
2022-07-24T19:44:53	1013.6	31.4	41.1	12.9	1014.1	24.6	10.9	3707	3600	3707
2022-07-24T20:44:58	1013.7	30.4	41.1	12.8	1014.4	20.8	11.8	3812	3600	3812
2022-07-24T21:45:09	1013.7	29.2	41.1	12.8	1014.4	18.8	11.2	3759	3600	3759
2022-07-24T22:45:11	1013.7	28.2	41.2	12.8	1014.5	17.5	11.2	3817	3600	3817
2022-07-24T23:45:19	1013.6	27.4	41.5	12.8	1014.2	17.2	10.6	3704	3600	3704
2022-07-25T00:45:22	1013.2	26.9	41.8	12.7	1013.8	17.6	10.0	3776	3600	3776
2022-07-25T01:45:31	1012.6	26.4	42.0	12.7	1013.1	17.8	9.8	3803	3600	3803
2022-07-25T02:45:32	1012.1	25.9	42.3	12.7	1012.7	17.4	9.5	3668	3600	3668
2022-07-25T03:45:38	1011.6	25.5	42.5	12.7	1012.1	17.7	9.1	3862	3600	3862
2022-07-25T04:45:39	1011.0	25.1	42.8	12.7	1011.5	17.5	9.0	3852	3600	3852
2022-07-25T05:45:40	1010.6	24.9	43.0	12.7	1011.1	17.9	9.1	3786	3600	3786
2022-07-25T06:45:44	1009.9	25.0	43.3	12.8	1010.3	19.5	9.6	3837	3600	3837
2022-07-25T07:45:45	1009.4	25.8	43.5	13.1	1009.7	22.2	10.2	3985	3600	3985
2022-07-25T08:45:49	1008.7	27.1	43.7	13.3	1009.0	24.9	11.1	3991	3600	3991
2022-07-25T09:45:52	1008.1	28.8	43.7	13.5	1008.5	27.7	11.7	3927	3600	3927
2022-07-25T10:45:58	1007.5	31.0	43.4	13.7	1007.7	30.5	12.0	3927	3600	3927
2022-07-25T11:46:01	1006.5	34.8	42.2	14.2	1006.9	32.9	12.0	3934	3600	3934
2022-07-25T12:46:04	1005.7	38.2	40.2	14.4	1006.1	33.7	11.2	4012	3600	4012
2022-07-25T13:46:09	1004.9	38.2	39.6	14.3	1005.4	34.2	10.8	4070	3600	4070
2022-07-25T14:46:15	1004.1	38.0	39.4	13.8	1004.7	33.7	10.9	3991	3600	3991
2022-07-25T15:46:20	1003.5	38.2	39.4	13.8	1004.1	33.1	10.7	4140	3600	4140
2022-07-25T16:46:24	1002.6	37.8	39.6	13.8	1003.2	33.0	11.0	4181	3600	4181
2022-07-25T17:46:28	1002.3	38.0	39.4	13.0	1003.0	30.1	12.1	4112	3600	4112
2022-07-25T18:46:31	1002.7	35.3	39.9	12.8	1003.5	25.8	12.4	4006	3600	4006
2022-07-25T19:46:32	1003.3	34.5	40.4	12.8	1004.0	25.4	12.7	4028	3600	4028
2022-07-25T20:46:34	1003.9	34.2	40.5	12.8	1004.7	24.0	13.1	3984	3600	3984
2022-07-25T21:46:39	1005.2	33.3	42.0	12.8	1006.0	22.6	14.3	4059	3600	4059
2022-07-25T22:46:42	1006.4	32.3	44.1	12.8	1007.0	21.5	14.7	3902	3600	3902
2022-07-25T23:46:43	1006.8	31.3	45.1	12.7	1007.4	20.3	14.3	3910	3600	3910
2022-07-26T00:46:46	1007.3	30.4	45.5	12.6	1007.9	19.3	14.7	3642	3600	3642
2022-07-26T01:46:50	1007.5	29.5	45.7	12.7	1008.0	18.6	14.6	3934	3600	3934
2022-07-26T02:46:55	1007.9	28.7	45.8	12.7	1008.3	18.5	14.7	3819	3600	3819
2022-07-26T03:47:04	1008.0	28.0	46.0	12.7	1008.4	18.2	14.2	3891	3600	3891
2022-07-26T04:47:12	1008.1	27.2	46.1	12.7	1008.4	17.1	13.3	3965	3600	3965
2022-07-26T05:47:20	1008.2	26.5	46.2	12.7	1008.5	17.1	13.1	3891	3600	3891
2022-07-26T06:47:22	1008.4	26.2	46.4	12.8	1008.6	17.9	13.2	3939	3600	3939
2022-07-26T07:47:24	1008.7	26.4	46.7	13.1	1009.0	19.3	13.0	3913	3600	3913
2022-07-26T08:47:26	1009.0	26.9	46.9	13.3	1009.1	20.8	12.6	3934	3600	3934
2022-07-26T09:47:29	1009.0	27.9	47.0	13.6	1009.2	22.6	12.1	3915	3600	3915
2022-07-26T10:47:33	1009.2	29.2	46.6	13.6	1009.5	22.8	12.0	3853	3600	3853
2022-07-26T11:47:37	1009.3	30.2	46.1	13.9	1009.6	23.5	12.2	3874	3600	3874
2022-07-26T12:47:40	1009.4	32.1	44.8	13.7	1009.9	23.4	12.0	3848	3600	3848
2022-07-26T13:47:45	1010.8	29.9	45.2	13.6	1011.3	18.9	12.4	3964	3600	3964
2022-07-26T14:47:49	1010.9	28.9	46.3	14.2	1011.3	19.3	12.7	3929	3600	3929
2022-07-26T15:47:53	1011.1	29.1	46.7	14.5	1011.4	20.9	12.6	3853	3600	3853
2022-07-26T16:48:00	1011.2	29.2	46.6	14.2	1011.5	21.2	11.8	3811	3600	3811
2022-07-26T17:48:02	1011.2	28.9	45.9	13.9	1011.5	21.4	10.6	3890	3600	3890
2022-07-26T18:48:09	1011.3	28.6	44.8	13.2	1011.8	20.8	9.9	3789	3600	3789
2022-07-26T19:48:16	1011.6	28.0	43.8	12.9	1012.1	19.0	9.7	4067	3600	4067
2022-07-26T20:48:19	1012.1	27.3	43.4	12.8	1012.7	17.4	9.5	4068	3600	4068
2022-07-26T21:48:25	1012.6	26.3	43.3	12.8	1013.2	16.1	9.3	3964	3600	3964
2022-07-26T22:48:26	1013.2	25.6	43.3	12.7	1013.9	16.2	8.4	3791	3600	3791
2022-07-26T23:48:38	1013.7	25.1	43.2	12.8	1014.4	16.0	8.2	3905	3600	3905
2022-07-27T00:48:40	1014.0	24.5	43.1	12.7	1014.6	14.9	8.3	3903	3600	3903
2022-07-27T01:48:41	1013.9	23.6	43.1	12.7	1014.5	12.5	8.1	3877	3600	3877
2022-07-27T02:48:45	1014.1	22.5	43.1	12.7	1014.6	11.0	7.9	3950	3600	3950
2022-07-27T03:48:50	1014.3	21.4	43.1	12.7	1014.7	10.1	8.0	3864	3600	3864
2022-07-27T04:48:52	1014.4	20.6	43.3	12.7	1014.8	10.4	8.3	3957	3600	3957
2022-07-27T05:49:02	1014.4	20.0	43.6	12.7	1014.8	11.3	8.8	3850	3600	3850
2022-07-27T06:49:04	1014.6	20.1	44.9	12.8	1015.0	13.4	9.1	3848	3600	3848
2022-07-27T07:49:15	1014.9	20.7	46.5	13.3	1015.3	15.3	8.9	3795	3600	3795
2022-07-27T08:49:21	1015.1	21.6	47.1	13.4	1015.5	16.2	8.8	3882	3600	3882
2022-07-27T09:49:27	1015.2	22.5	47.0	13.7	1015.7	16.8	8.6	3792	3600	3792
2022-07-27T10:49:30	1015.3	23.3	46.5	13.6	1015.8	17.4	8.5	3987	3600	3987
2022-07-27T11:49:33	1015.3	23.9	45.9	14.1	1015.8	18.2	8.2	3862	3600	3862
2022-07-27T12:49:39	1015.1	25.1	44.9	14.3	1015.6	18.9	8.1	3898	3600	3898
2022-07-27T13:49:46	1014.9	26.0	43.5	14.5	1015.4	20.0	7.6	3990	3600	3990
2022-07-27T14:49:49	1014.8	26.7	42.3	14.6	1015.3	20.8	7.6	3868	3600	3868
2022-07-27T15:49:52	1014.8	27.2	41.3	14.3	1015.4	20.2	7.7	3939	3600	3939
2022-07-27T16:49:55	1014.7	26.9	40.8	14.1	1015.3	20.4	7.8	3888	3600	3888
2022-07-27T17:50:05	1014.5	26.8	40.6	14.1	1015.1	20.5	7.6	3844	3600	3844
2022-07-27T18:50:10	1014.3	26.8	40.2	13.4	1015.0	19.9	7.4	3936	3600	3936
2022-07-27T19:50:13	1014.5	26.2	40.0	12.9	1015.2	18.2	7.7	3873	3600	3873
2022-07-27T20:50:20	1015.0	25.2	39.9	12.8	1015.9	14.7	8.1	3955	3600	3955
2022-07-27T21:50:23	1015.6	24.1	39.8	12.8	1016.4	12.8	7.9	3863	3600	3863
2022-07-27T22:50:27	1016.0	22.9	39.9	12.8	1016.7	11.0	7.5	3866	3600	3866
2022-07-27T23:50:28	1016.4	21.7	40.0	12.8	1017.0	9.9	7.3	3827	3600	3827
2022-07-28T00:50:32	1016.7	20.6	40.1	12.8	1017.2	8.9	7.2	3841	3600	3841
2022-07-28T01:50:34	1016.8	19.6	40.3	12.7	1017.2	8.2	7.0	3990	3600	3990
2022-07-28T02:50:40	1017.0	18.7	40.6	12.7	1017.4	7.7	6.9	3777	3600	3777
2022-07-28T03:50:43	1016.9	17.8	40.8	12.7	1017.2	7.1	6.8	3834	3600	3834
2022-07-28T04:50:48	1017.2	17.0	41.1	12.7	1017.5	6.9	7.0	3772	3600	3772
2022-07-28T05:50:49	1017.6	16.5	41.5	12.7	1017.9	8.1	7.6	3858	3600	3858
2022-07-28T06:50:58	1017.8	16.8	42.2	12.9	1018.1	12.1	8.8	3814	3600	3814
2022-07-28T07:51:04	1018.1	18.1	43.7	13.4	1018.4	14.7	8.4	3860	3600	3860
2022-07-28T08:51:09	1018.0	19.7	44.8	13.6	1018.4	16.0	8.1	3903	3600	3903
2022-07-28T09:51:12	1018.0	21.3	45.0	14.1	1018.4	17.4	8.2	3735	3600	3735
2022-07-28T10:51:17	1017.9	23.0	44.7	14.3	1018.4	18.8	8.0	3946	3600	3946
2022-07-28T11:51:22	1017.7	26.4	43.6	14.4	1018.1	20.2	8.2	3852	3600	3852
2022-07-28T12:51:26	1017.4	29.7	41.6	14.6	1017.9	21.9	8.0	3916	3600	3916
2022-07-28T13:51:31	1017.0	29.4	41.0	14.5	1017.5	22.4	7.8	3959	3600	3959
2022-07-28T14:51:32	1016.7	28.9	40.8	14.1	1017.1	22.2	7.6	3970	3600	3970
2022-07-28T15:51:39	1016.3	29.0	40.4	14.1	1016.8	22.5	7.4	3882	3600	3882
2022-07-28T16:51:43	1015.9	29.0	40.1	14.1	1016.5	23.1	7.3	3878	3600	3878
2022-07-28T17:51:45	1015.7	28.9	39.2	14.0	1016.4	22.7	7.3	3695	3600	3695
2022-07-28T18:51:50	1015.7	28.7	38.6	13.6	1016.5	22.1	7.2	3792	3600	3792
2022-07-28T19:52:00	1015.8	28.2	38.0	13.0	1016.6	20.2	7.6	3899	3600	3899
2022-07-28T20:52:04	1015.8	27.3	38.0	12.8	1016.7	17.3	7.9	3937	3600	3937
2022-07-28T21:52:05	1016.1	26.2	38.1	12.8	1017.0	15.4	7.7	3898	3600	3898
2022-07-28T22:52:09	1016.3	25.3	38.4	12.8	1017.1	15.0	7.6	3889	3600	3889
2022-07-28T23:52:12	1016.6	24.5	38.8	12.8	1017.5	14.5	7.6	3887	3600	3887
2022-07-29T00:52:13	1016.9	23.7	39.5	12.8	1017.7	13.2	7.8	3923	3600	3923
2022-07-29T01:52:17	1016.9	22.9	40.4	12.7	1017.5	13.9	8.5	3803	3600	3803
2022-07-29T02:52:26	1016.3	22.4	41.2	12.7	1016.9	13.6	8.7	3856	3600	3856
2022-07-29T03:52:32	1015.8	21.9	41.9	12.7	1016.4	13.0	8.9	3849	3600	3849
2022-07-29T04:52:33	1015.7	21.4	42.4	12.7	1016.2	13.2	9.0	3888	3600	3888
2022-07-29T05:52:38	1015.6	21.1	42.8	12.7	1016.2	13.4	9.2	3869	3600	3869
2022-07-29T06:52:40	1015.6	21.1	43.3	12.7	1016.1	14.7	9.4	3916	3600	3916
2022-07-29T07:52:41	1015.6	21.6	43.8	12.9	1016.0	16.4	9.6	3860	3600	3860
2022-07-29T08:52:52	1015.6	22.7	44.1	13.4	1016.0	19.4	9.5	3980	3600	3980
2022-07-29T09:52:57	1015.3	24.5	44.0	13.7	1015.6	22.9	9.0	3902	3600	3902
2022-07-29T10:53:04	1015.1	27.0	43.4	13.9	1015.4	25.0	8.3	3963	3600	3963
2022-07-29T11:53:12	1014.7	28.7	42.6	14.1	1015.2	25.7	8.0	4014	3600	4014
2022-07-29T12:53:21	1014.4	31.9	40.9	14.5	1014.9	27.0	7.8	3969	3600	3969
2022-07-29T13:53:23	1014.0	33.2	39.2	14.4	1014.5	28.2	8.4	3983	3600	3983
2022-07-29T14:53:27	1013.6	33.5	38.6	13.9	1014.1	28.9	8.7	3975	3600	3975
2022-07-29T15:53:31	1013.1	33.7	38.5	13.9	1013.7	28.7	8.8	3877	3600	3877
2022-07-29T16:53:38	1012.8	33.9	38.4	13.9	1013.4	28.2	8.4	3993	3600	3993
2022-07-29T17:53:43	1012.5	33.6	38.5	14.0	1013.1	27.6	8.5	3918	3600	3918
2022-07-29T18:53:48	1012.3	33.2	38.1	13.2	1013.0	26.7	8.6	3995	3600	3995
2022-07-29T19:53:56	1012.4	32.7	38.0	12.9	1013.2	25.4	8.4	4016	3600	4016
2022-07-29T20:54:01	1012.7	32.1	38.0	12.8	1013.5	23.9	8.3	3955	3600	3955
2022-07-29T21:54:05	1013.0	31.4	38.0	12.8	1013.9	22.6	8.2	3927	3600	3927
2022-07-29T22:54:07	1013.2	30.7	38.2	12.8	1014.0	21.8	8.3	4122	3600	4122
2022-07-29T23:54:13	1013.2	30.1	38.4	12.8	1013.9	21.5	8.1	3927	3600	3927
2022-07-30T00:54:16	1012.9	29.5	38.7	12.8	1013.7	21.0	8.0	4007	3600	4007
2022-07-30T01:54:17	1012.9	28.9	39.0	12.7	1013.6	20.0	8.2	3984	3600	3984
2022-07-30T02:54:23	1012.8	28.4	39.3	12.7	1013.6	19.5	8.6	4029	3600	4029
2022-07-30T03:54:24	1012.9	27.8	39.5	12.7	1013.8	18.6	9.1	4131	3600	4131
2022-07-30T04:54:29	1013.0	27.2	39.8	12.7	1013.8	18.0	9.4	3955	3600	3955
2022-07-30T05:54:32	1013.2	26.7	40.2	12.7	1014.0	17.6	9.0	3924	3600	3924
2022-07-30T06:54:39	1013.3	26.2	40.6	12.7	1014.0	17.6	9.0	3949	3600	3949
2022-07-30T07:54:41	1013.5	26.2	41.2	13.0	1014.2	18.9	9.3	3959	3600	3959
2022-07-30T08:54:42	1013.7	26.9	41.6	13.4	1014.2	20.8	9.4	3942	3600	3942
2022-07-30T09:54:43	1013.6	28.1	41.7	13.6	1014.1	22.4	9.4	3999	3600	3999
2022-07-30T10:54:46	1013.5	29.6	41.4	13.8	1014.0	23.9	9.5	3857	3600	3857
2022-07-30T11:54:48	1013.4	33.4	40.0	14.0	1013.9	25.2	9.7	3947	3600	3947
2022-07-30T12:54:54	1013.2	36.0	38.1	14.2	1013.8	26.0	9.2	3870	3600	3870
2022-07-30T13:54:59	1013.2	34.4	38.0	14.4	1013.8	26.2	8.8	3993	3600	3993
2022-07-30T14:55:07	1013.0	34.1	37.7	14.1	1013.6	26.4	8.3	4100	3600	4100
2022-07-30T15:55:09	1012.8	34.2	37.4	13.9	1013.5	26.5	8.3	4002	3600	4002
2022-07-30T16:55:11	1012.8	34.0	36.9	13.8	1013.5	26.7	8.1	3962	3600	3962
2022-07-30T17:55:22	1012.9	33.7	36.6	13.7	1013.6	26.2	8.4	4017	3600	4017
2022-07-30T18:55:30	1013.1	33.1	36.8	13.0	1014.0	24.8	8.7	3927	3600	3927
2022-07-30T19:55:36	1013.5	32.5	37.1	12.9	1014.4	23.0	10.5	3979	3600	3979
2022-07-30T20:55:44	1014.0	31.4	37.5	12.8	1014.9	19.7	10.3	3865	3600	3865
2022-07-30T21:55:47	1014.1	30.0	37.8	12.8	1014.9	17.8	10.1	3947	3600	3947
2022-07-30T22:55:50	1014.0	28.7	38.2	12.8	1014.9	15.7	10.4	3933	3600	3933
2022-07-30T23:55:54	1014.0	27.5	38.6	12.8	1014.8	14.9	10.2	3881	3600	3881
2022-07-31T00:55:57	1013.9	26.3	39.0	12.8	1014.6	13.9	9.8	3943	3600	3943
2022-07-31T01:56:00	1013.8	25.2	39.5	12.7	1014.4	13.1	9.8	4009	3600	4009
2022-07-31T02:56:12	1013.8	24.2	39.8	12.7	1014.4	12.7	9.5	3953	3600	3953
2022-07-31T03:56:21	1013.7	23.4	40.2	12.7	1014.1	12.4	9.7	3991	3600	3991
2022-07-31T04:56:23	1013.5	22.6	40.6	12.7	1013.9	12.1	9.6	3886	3600	3886
2022-07-31T05:56:24	1013.6	22.1	41.0	12.7	1014.0	13.3	10.6	3935	3600	3935
2022-07-31T06:56:29	1013.8	22.2	41.7	12.8	1014.1	16.0	12.1	3939	3600	3939
2022-07-31T07:56:33	1013.9	23.1	42.9	13.1	1014.1	18.9	12.4	3903	3600	3903
2022-07-31T08:56:34	1013.7	24.3	44.3	13.4	1013.8	21.2	12.6	3998	3600	3998
2022-07-31T09:56:36	1013.3	26.1	45.2	13.5	1013.5	22.6	12.3	3962	3600	3962
2022-07-31T10:56:38	1013.0	28.1	45.3	13.8	1013.2	24.6	12.3	3965	3600	3965
2022-07-31T11:56:39	1012.6	32.3	43.6	14.2	1012.9	25.6	11.5	3954	3600	3954
2022-07-31T12:56:44	1012.3	33.8	41.8	14.2	1012.6	25.7	11.1	3909	3600	3909
2022-07-31T13:56:45	1011.8	33.5	41.3	14.5	1012.0	27.4	10.7	4155	3600	4155
2022-07-31T14:56:49	1011.2	33.9	40.5	14.2	1011.6	27.4	9.9	4147	3600	4147
2022-07-31T15:56:56	1010.6	33.8	39.6	13.9	1011.0	27.8	9.7	4129	3600	4129
2022-07-31T16:57:09	1010.3	33.8	39.0	13.9	1010.9	27.7	8.8	4048	3600	4048
2022-07-31T17:57:10	1010.1	33.5	38.4	13.6	1010.6	26.5	9.8	4048	3600	4048
2022-07-31T18:57:12	1009.8	33.0	38.5	13.0	1010.4	25.5	10.6	4158	3600	4158
2022-07-31T19:57:15	1009.8	32.4	38.7	12.8	1010.4	23.8	11.8	4195	3600	4195
2022-07-31T20:57:20	1009.9	31.6	39.0	12.8	1010.5	22.3	11.6	4061	3600	4061
2022-07-31T21:57:25	1009.9	31.0	39.3	12.8	1010.4	21.9	11.4	4112	3600	4112
2022-07-31T22:57:29	1009.6	30.5	39.6	12.8	1010.2	21.7	11.6	4165	3600	4165
2022-07-31T23:57:31	1009.9	30.1	40.5	12.8	1010.5	21.2	11.9	4112	3600	4112
2022-08-01T00:57:34	1009.9	29.4	42.2	12.7	1010.5	19.5	12.9	4097	3600	4097
2022-08-01T01:57:42	1009.9	28.7	43.4	12.7	1010.4	19.1	13.3	4009	3600	4009
2022-08-01T02:57:49	1009.7	28.1	44.0	12.7	1010.2	18.2	12.9	3947	3600	3947
2022-08-01T03:57:53	1009.5	27.4	44.1	12.7	1009.9	17.5	13.1	4053	3600	4053
2022-08-01T04:57:58	1009.6	26.9	44.3	12.7	1010.0	18.1	13.6	4069	3600	4069
2022-08-01T05:57:59	1009.8	26.6	44.7	12.7	1010.1	18.6	14.2	3991	3600	3991
2022-08-01T06:58:03	1010.0	26.5	45.6	12.7	1010.3	19.2	14.6	4133	3600	4133
2022-08-01T07:58:07	1010.3	26.5	47.2	12.8	1010.5	19.4	14.7	4008	3600	4008
2022-08-01T08:58:14	1010.6	26.6	49.4	12.8	1010.8	19.9	14.3	4060	3600	4060
2022-08-01T09:58:17	1010.9	26.9	50.7	13.1	1011.1	20.6	13.7	4078	3600	4078
2022-08-01T10:58:22	1011.3	27.2	51.2	13.3	1011.5	21.2	13.5	4152	3600	4152
2022-08-01T11:58:27	1011.8	27.6	51.0	13.2	1012.0	21.1	13.3	3944	3600	3944
2022-08-01T12:58:30	1012.1	27.7	51.0	13.4	1012.2	21.9	13.4	4092	3600	4092
2022-08-01T13:58:36	1012.2	29.0	50.1	13.8	1012.3	23.4	13.0	4109	3600	4109
2022-08-01T14:58:42	1012.3	29.7	48.9	13.8	1012.5	23.4	12.8	4040	3600	4040
2022-08-01T15:58:43	1012.5	30.1	47.8	13.8	1012.8	23.7	12.8	4046	3600	4046
2022-08-01T16:58:45	1012.7	30.2	47.0	13.7	1013.0	24.2	11.6	3966	3600	3966
2022-08-01T17:58:50	1012.9	30.2	46.1	13.6	1013.2	23.9	12.1	3947	3600	3947
2022-08-01T18:58:51	1013.0	29.9	45.8	13.2	1013.3	23.0	12.0	4079	3600	4079
2022-08-01T19:58:53	1013.2	29.6	45.6	12.9	1013.6	22.4	11.5	4012	3600	4012
2022-08-01T20:58:57	1013.7	29.1	45.3	12.8	1014.2	20.7	11.0	4041	3600	4041
2022-08-01T21:59:02	1014.3	28.4	44.9	12.8	1014.9	19.3	10.5	4014	3600	4014
2022-08-01T22:59:07	1014.9	27.6	44.7	12.8	1015.6	17.2	10.1	4073	3600	4073
2022-08-01T23:59:15	1015.4	26.7	44.5	12.8	1016.0	16.6	10.7	3966	3600	3966
2022-08-02T00:59:23	1015.5	26.1	44.7	12.8	1016.0	17.3	9.9	4100	3600	4100
2022-08-02T01:59:28	1015.4	25.7	44.9	12.7	1016.0	17.1	9.8	3951	3600	3951
2022-08-02T02:59:34	1015.6	25.3	45.0	12.7	1016.2	16.6	9.7	4034	3600	4034
2022-08-02T03:59:44	1015.7	24.5	44.9	12.7	1016.3	14.4	9.4	3886	3600	3886
2022-08-02T04:59:56	1016.0	23.7	44.9	12.7	1016.5	14.0	9.5	3975	3600	3975
2022-08-02T06:00:01	1016.3	23.2	44.9	12.7	1016.8	13.8	9.7	3881	3600	3881
2022-08-02T07:00:04	1016.5	23.2	45.1	12.8	1017.0	15.8	10.0	3957	3600	3957
2022-08-02T08:00:06	1016.8	23.7	45.4	13.2	1017.2	17.8	10.5	3962	3600	3962
2022-08-02T09:00:09	1016.6	24.7	45.5	13.4	1017.0	19.9	10.0	3980	3600	3980
2022-08-02T10:00:10	1016.3	25.8	45.5	13.6	1016.6	21.8	10.0	4011	3600	4011
2022-08-02T11:00:15	1016.1	28.1	45.0	13.9	1016.5	22.9	10.0	4103	3600	4103
2022-08-02T12:00:21	1015.8	32.8	42.7	14.4	1016.1	23.9	10.3	4039	3600	4039
2022-08-02T13:00:26	1015.2	34.5	41.0	14.5	1015.6	25.7	9.8	3946	3600	3946
2022-08-02T14:00:30	1014.8	33.2	40.8	14.3	1015.2	26.1	9.5	4113	3600	4113
2022-08-02T15:00:34	1014.3	33.1	40.6	13.9	1014.7	26.6	9.6	4074	3600	4074
2022-08-02T16:00:39	1013.8	33.2	40.4	14.0	1014.3	26.3	9.8	4129	3600	4129
2022-08-02T17:00:46	1013.5	33.2	40.3	14.0	1014.1	26.2	9.3	3991	3600	3991
2022-08-02T18:00:52	1013.2	33.0	40.2	13.8	1013.8	25.7	10.2	4190	3600	4190
2022-08-02T19:00:53	1013.1	32.5	40.4	13.1	1013.8	24.7	11.3	4248	3600	4248
2022-08-02T20:00:55	1013.3	31.7	40.5	12.8	1014.0	22.6	11.2	4063	3600	4063
2022-08-02T21:00:59	1013.4	30.6	40.6	12.8	1014.1	20.0	10.6	4146	3600	4146
2022-08-02T22:01:04	1013.6	29.4	40.7	12.8	1014.3	18.2	10.3	4064	3600	4064
2022-08-02T23:01:07	1013.7	28.3	40.9	12.8	1014.5	16.7	10.2	4018	3600	4018
2022-08-03T00:01:17	1014.1	27.3	41.2	12.8	1014.9	16.2	10.5	3997	3600	3997
2022-08-03T01:01:18	1014.0	26.6	41.6	12.7	1014.6	16.7	10.6	4067	3600	4067
2022-08-03T02:01:25	1013.7	26.1	42.0	12.7	1014.2	17.1	10.9	4086	3600	4086
2022-08-03T03:01:27	1013.4	25.8	42.4	12.7	1013.9	17.6	10.9	4093	3600	4093
2022-08-03T04:01:30	1013.4	25.5	42.7	12.6	1013.9	17.6	10.9	4036	3600	4036
2022-08-03T05:01:37	1013.4	25.2	43.0	12.7	1013.9	17.6	10.1	3981	3600	3981
2022-08-03T06:01:38	1013.5	24.9	43.2	12.7	1014.0	17.6	10.4	4068	3600	4068
2022-08-03T07:01:39	1013.6	25.4	43.4	12.8	1014.0	20.9	10.2	4067	3600	4067
2022-08-03T08:01:46	1013.7	26.5	43.6	13.1	1014.0	23.8	10.4	4058	3600	4058
2022-08-03T09:01:48	1013.6	28.1	43.5	13.3	1014.0	26.5	10.2	4005	3600	4005
2022-08-03T10:01:50	1013.6	29.9	43.1	13.5	1014.0	28.9	9.5	4153	3600	4153
2022-08-03T11:01:55	1013.4	32.6	42.3	13.7	1013.8	31.2	9.8	4083	3600	4083
2022-08-03T13:25:37	1012.5	38.6	34.6	14.2	1013.1	32.5	10.1	4048	3600	4048
2022-08-03T14:25:39	1012.2	38.5	35.1	14.2	1012.8	32.5	10.6	4123	3600	4123
2022-08-03T15:25:40	1011.8	38.7	35.6	13.8	1012.5	32.6	10.3	4103	3600	4103
2022-08-03T16:25:43	1011.5	38.9	35.9	13.8	1012.1	32.7	10.0	4095	3600	4095
2022-08-03T17:25:46	1011.2	38.5	36.2	13.8	1011.9	32.3	10.7	4196	3600	4196
2022-08-03T18:25:50	1011.0	38.2	36.6	13.4	1011.8	31.4	12.0	4144	3600	4144
2022-08-03T19:25:52	1011.2	37.4	37.1	12.9	1011.9	28.4	13.7	4141	3600	4141
2022-08-03T20:25:58	1011.3	36.2	37.7	12.8	1012.1	24.9	13.0	4153	3600	4153
2022-08-03T21:26:01	1011.5	34.8	38.1	12.8	1012.2	22.5	11.9	4134	3600	4134
2022-08-03T22:26:09	1011.5	33.5	38.6	12.8	1012.2	20.8	11.9	4148	3600	4148
2022-08-03T23:26:22	1011.5	32.3	39.1	12.8	1012.2	19.6	11.6	4131	3600	4131
2022-08-04T00:26:30	1011.6	31.1	39.6	12.8	1012.4	18.9	11.6	4097	3600	4097
2022-08-04T01:26:34	1011.7	30.0	40.1	12.7	1012.4	18.2	12.0	4176	3600	4176
2022-08-04T02:26:35	1011.7	29.1	40.5	12.7	1012.3	17.8	12.2	4098	3600	4098
2022-08-04T03:26:38	1011.6	28.3	41.0	12.7	1012.1	17.4	11.9	4137	3600	4137
2022-08-04T04:26:39	1011.4	27.4	41.4	12.7	1011.9	16.5	11.6	4042	3600	4042
2022-08-04T05:26:43	1011.3	26.6	41.8	12.7	1011.8	16.4	11.9	4139	3600	4139
2022-08-04T06:26:53	1011.4	26.3	42.2	12.8	1011.8	18.6	13.2	4218	3600	4218
2022-08-04T07:27:01	1011.4	27.1	42.7	12.9	1011.7	22.8	12.6	4099	3600	4099
2022-08-04T08:27:04	1011.5	28.4	43.0	13.2	1011.7	26.1	11.7	4021	3600	4021
2022-08-04T09:27:06	1011.3	30.1	42.8	13.3	1011.5	28.6	12.0	4161	3600	4161
2022-08-04T10:27:08	1010.9	33.0	42.1	13.5	1011.3	32.2	10.6	3954	3600	3954
2022-08-04T11:27:14	1010.7	36.9	40.8	13.8	1011.2	34.9	10.1	4192	3600	4192
2022-08-04T12:27:15	1010.2	41.8	38.7	14.1	1010.8	35.5	10.2	4320	3600	4320
2022-08-04T13:27:18	1009.9	42.7	37.9	14.2	1010.6	36.0	10.8	4266	3600	4266
2022-08-04T14:27:21	1009.5	41.7	38.2	14.1	1010.3	36.0	10.2	4237	3600	4237
2022-08-04T15:27:25	1009.0	41.5	38.0	13.7	1009.8	36.1	9.7	4212	3600	4212
2022-08-04T16:27:32	1008.4	41.5	37.6	13.7	1009.2	36.1	9.8	4305	3600	4305
2022-08-04T17:27:35	1008.0	41.4	37.4	13.6	1008.9	35.2	10.0	4201	3600	4201
2022-08-04T18:27:36	1007.8	41.2	37.4	13.3	1008.6	34.9	11.1	4287	3600	4287
2022-08-04T19:27:39	1007.7	40.5	37.7	12.9	1008.5	32.7	11.6	4260	3600	4260
2022-08-04T20:27:45	1007.7	39.3	38.2	12.8	1008.5	28.4	12.4	4322	3600	4322
2022-08-04T21:27:48	1008.0	37.8	38.6	12.8	1008.9	26.2	11.6	4297	3600	4297
2022-08-04T22:27:51	1008.3	36.9	38.5	12.8	1009.0	26.2	11.8	4160	3600	4160
2022-08-04T23:28:00	1008.4	35.7	38.8	12.8	1009.1	22.8	12.2	4273	3600	4273
2022-08-05T00:28:05	1008.4	34.3	39.3	12.8	1009.2	20.9	12.4	4158	3600	4158
2022-08-05T01:28:11	1008.3	33.1	39.8	12.7	1009.1	20.1	12.6	4176	3600	4176
2022-08-05T02:28:15	1008.6	32.0	40.5	12.7	1009.2	21.2	13.6	4174	3600	4174
2022-08-05T03:28:21	1008.6	31.4	42.1	12.7	1009.0	21.7	14.0	4128	3600	4128
2022-08-05T04:28:23	1008.3	30.7	43.3	12.7	1008.8	20.3	13.7	4148	3600	4148
2022-08-05T05:28:25	1008.3	30.0	43.7	12.7	1008.9	20.1	13.9	4000	3600	4000
2022-08-05T06:28:31	1008.8	29.6	44.2	12.8	1009.3	21.2	14.7	4191	3600	4191
2022-08-05T07:28:37	1010.2	29.6	46.5	12.8	1010.6	21.8	14.9	4008	3600	4008
2022-08-05T08:28:38	1010.6	29.3	50.2	12.8	1010.9	21.4	15.3	4168	3600	4168
2022-08-05T09:28:40	1010.2	28.9	51.8	12.8	1010.6	20.9	15.7	4077	3600	4077
2022-08-05T10:28:49	1011.0	28.9	52.5	12.8	1011.2	21.4	16.1	4108	3600	4108
2022-08-05T11:28:52	1010.9	28.8	52.5	12.8	1011.0	21.5	16.7	4084	3600	4084
2022-08-05T12:28:53	1011.0	30.9	51.8	13.5	1011.0	23.6	16.4	4192	3600	4192
2022-08-05T13:28:54	1010.9	34.6	48.7	14.0	1011.0	25.6	15.5	4160	3600	4160
2022-08-05T14:29:01	1011.1	34.4	47.4	14.1	1011.3	26.6	15.0	3992	3600	3992
2022-08-05T15:29:04	1011.2	33.9	46.7	13.8	1011.4	26.3	15.2	4011	3600	4011
2022-08-05T16:29:06	1011.6	33.1	46.8	13.1	1011.9	24.6	14.8	4116	3600	4116
2022-08-05T17:29:11	1012.4	31.9	47.3	13.0	1012.9	22.6	14.4	4049	3600	4049
2022-08-05T18:29:18	1014.0	30.7	47.1	12.9	1014.5	19.5	12.6	3942	3600	3942
2022-08-05T19:29:21	1014.7	29.5	46.6	12.8	1015.2	18.6	12.0	3969	3600	3969
2022-08-05T20:29:23	1015.4	28.6	46.3	12.8	1016.0	17.9	11.1	4095	3600	4095
2022-08-05T21:29:31	1016.1	27.8	46.0	12.8	1016.6	17.0	11.1	4081	3600	4081
2022-08-05T22:29:40	1017.1	26.8	46.1	12.7	1017.7	16.4	11.2	4003	3600	4003
2022-08-05T23:29:43	1017.7	26.1	46.5	12.7	1018.2	16.5	11.0	4035	3600	4035
2022-08-06T00:29:47	1018.3	25.4	47.0	12.7	1018.8	15.4	9.8	3992	3600	3992
2022-08-06T01:29:53	1018.8	24.5	46.5	12.7	1019.4	14.3	9.3	4048	3600	4048
2022-08-06T02:29:58	1019.4	23.6	46.5	12.7	1019.9	13.2	9.0	3975	3600	3975
2022-08-06T03:30:02	1019.6	22.7	46.5	12.7	1020.1	12.3	8.9	3921	3600	3921
2022-08-06T04:30:05	1020.3	21.8	46.6	12.7	1020.6	11.6	8.9	3927	3600	3927
2022-08-06T05:30:08	1020.9	21.1	46.9	12.6	1021.3	11.4	8.9	3961	3600	3961
2022-08-06T06:30:11	1021.8	20.6	47.5	12.7	1022.1	12.4	9.3	3921	3600	3921
2022-08-06T07:30:15	1022.4	20.8	49.0	13.0	1022.7	14.6	9.5	3936	3600	3936
2022-08-06T08:30:17	1022.9	21.3	50.1	13.4	1023.2	16.2	9.2	3929	3600	3929
2022-08-06T09:30:18	1023.2	22.2	49.2	13.5	1023.5	17.9	8.2	3923	3600	3923
2022-08-06T10:30:23	1023.4	23.6	47.2	13.8	1023.8	19.2	7.2	4010	3600	4010
2022-08-06T11:30:27	1023.4	26.4	43.6	14.2	1023.9	19.8	7.0	4053	3600	4053
2022-08-06T12:30:34	1023.3	29.4	39.6	14.1	1023.9	20.3	6.7	3969	3600	3969
2022-08-06T13:30:40	1023.1	28.4	37.9	14.2	1023.8	21.1	6.8	3861	3600	3861
2022-08-06T14:30:42	1023.0	28.2	36.9	14.0	1023.6	21.4	6.6	3996	3600	3996
2022-08-06T15:30:44	1022.9	27.7	36.1	14.1	1023.5	21.1	6.6	3994	3600	3994
2022-08-06T16:30:51	1022.5	27.9	36.0	14.2	1023.2	22.6	6.6	3953	3600	3953
2022-08-06T17:30:53	1022.3	28.0	35.4	13.8	1023.0	21.5	6.5	4063	3600	4063
2022-08-06T18:30:57	1022.2	27.7	35.0	13.4	1023.1	20.9	6.3	4139	3600	4139
2022-08-06T19:31:03	1022.5	27.2	35.1	12.9	1023.4	19.2	7.2	3995	3600	3995
2022-08-06T20:31:08	1022.9	26.3	35.5	12.8	1024.0	15.8	7.2	4075	3600	4075
2022-08-06T21:31:13	1023.3	25.0	35.8	12.8	1024.3	13.2	7.2	4041	3600	4041
2022-08-06T22:31:22	1023.5	23.8	36.1	12.8	1024.5	11.8	7.1	3983	3600	3983
2022-08-06T23:31:28	1023.7	22.6	36.5	12.8	1024.5	10.7	7.3	3932	3600	3932
2022-08-07T00:31:31	1023.6	21.6	36.9	12.8	1024.3	10.0	7.3	4012	3600	4012
2022-08-07T01:31:34	1023.5	20.6	37.3	12.8	1024.2	9.0	7.1	3923	3600	3923
2022-08-07T02:31:38	1023.5	19.6	37.8	12.7	1024.0	8.4	7.0	3953	3600	3953
2022-08-07T03:31:43	1023.4	18.7	38.2	12.7	1023.9	8.0	7.1	3832	3600	3832
2022-08-07T04:31:45	1023.4	17.9	38.7	12.7	1023.8	7.6	7.1	3947	3600	3947
2022-08-07T05:31:49	1023.5	17.2	39.1	12.7	1023.9	7.8	7.3	3917	3600	3917
2022-08-07T06:31:55	1023.7	17.1	39.9	12.8	1024.0	10.7	8.4	3902	3600	3902
2022-08-07T07:31:56	1023.8	18.0	40.5	13.0	1024.2	15.2	9.0	3865	3600	3865
2022-08-07T08:31:57	1023.8	19.9	41.1	13.3	1024.2	18.9	8.2	3907	3600	3907
2022-08-07T09:32:00	1023.5	21.8	41.4	13.6	1024.0	20.6	7.8	3965	3600	3965
2022-08-07T10:32:07	1023.3	23.8	41.4	13.8	1023.7	21.8	7.4	4003	3600	4003
2022-08-07T11:32:09	1022.8	27.9	40.8	14.4	1023.2	23.4	6.9	3949	3600	3949
2022-08-07T12:32:14	1022.0	32.6	38.7	14.4	1022.6	23.4	7.0	3999	3600	3999
2022-08-07T13:32:19	1021.5	32.3	38.0	14.3	1022.0	24.1	6.7	4048	3600	4048
2022-08-07T14:32:25	1021.0	30.9	37.8	14.2	1021.6	24.1	6.5	3956	3600	3956
2022-08-07T15:32:28	1020.4	31.2	36.3	14.0	1021.1	24.2	6.5	4027	3600	4027
2022-08-07T16:32:31	1020.1	30.9	34.9	14.0	1020.8	24.4	6.5	4023	3600	4023
2022-08-07T17:32:33	1019.8	30.8	34.3	14.0	1020.5	24.1	6.8	3969	3600	3969
2022-08-07T18:32:36	1019.7	30.4	34.1	13.5	1020.5	23.0	6.6	3991	3600	3991
2022-08-07T19:32:37	1019.7	29.7	34.0	12.9	1020.6	21.2	7.0	4029	3600	4029
2022-08-07T20:32:43	1019.9	28.7	34.2	12.8	1021.0	17.7	7.4	3904	3600	3904
2022-08-07T21:32:47	1020.2	27.4	34.6	12.8	1021.3	15.4	7.3	4047	3600	4047
2022-08-07T22:32:53	1020.4	26.2	35.2	12.8	1021.5	14.4	7.4	4058	3600	4058
2022-08-07T23:33:00	1020.5	25.2	35.8	12.8	1021.5	13.6	7.4	3953	3600	3953
2022-08-08T00:33:02	1020.6	24.1	36.2	12.8	1021.5	12.3	7.3	4025	3600	4025
2022-08-08T01:33:09	1020.6	23.1	36.8	12.7	1021.5	12.4	7.5	3810	3600	3810
2022-08-08T02:33:12	1020.7	22.2	37.4	12.7	1021.4	11.3	7.5	4066	3600	4066
2022-08-08T03:33:20	1020.5	21.3	37.8	12.7	1021.1	10.3	7.5	3959	3600	3959
2022-08-08T04:33:26	1020.7	20.4	38.1	12.7	1021.2	9.5	7.5	3946	3600	3946
2022-08-08T05:33:34	1020.9	19.6	38.4	12.7	1021.5	9.4	7.7	3889	3600	3889
2022-08-08T06:33:39	1021.2	19.3	39.0	12.8	1021.8	11.9	8.5	4084	3600	4084
2022-08-08T07:33:45	1021.5	19.9	39.8	12.9	1022.0	16.1	8.9	4024	3600	4024
2022-08-08T08:33:49	1021.7	21.3	41.0	13.3	1022.1	19.1	8.3	4038	3600	4038
2022-08-08T09:33:51	1021.9	23.1	41.8	13.5	1022.4	21.8	7.9	3926	3600	3926
2022-08-08T10:33:54	1021.9	25.2	41.5	13.7	1022.4	23.7	7.4	3887	3600	3887
2022-08-08T11:33:55	1021.7	28.3	40.4	13.9	1022.2	24.7	7.3	3867	3600	3867
2022-08-08T12:33:57	1021.4	32.6	38.1	14.5	1022.0	25.3	7.3	3914	3600	3914
2022-08-08T13:34:00	1021.2	34.1	36.4	14.3	1021.9	25.5	7.1	3843	3600	3843
2022-08-08T14:34:02	1020.9	32.4	36.0	14.3	1021.6	26.2	7.4	4048	3600	4048
2022-08-08T15:34:05	1020.8	32.5	35.3	13.9	1021.5	26.9	7.2	3901	3600	3901
2022-08-08T16:34:09	1020.8	32.6	34.3	13.9	1021.5	26.7	7.0	3892	3600	3892
2022-08-08T17:34:12	1020.7	32.2	33.4	13.8	1021.4	25.9	6.9	3971	3600	3971
2022-08-08T18:34:16	1020.7	31.9	32.9	13.6	1021.5	25.4	7.0	3896	3600	3896
2022-08-08T19:34:17	1021.2	31.3	33.1	12.9	1022.1	23.2	7.7	4022	3600	4022
2022-08-08T20:34:23	1021.9	30.3	33.8	12.8	1022.9	20.1	7.9	3881	3600	3881
2022-08-08T21:34:25	1022.4	29.2	34.4	12.8	1023.4	17.6	8.0	3916	3600	3916
2022-08-08T22:34:28	1022.6	28.1	34.9	12.7	1023.7	16.7	8.2	3834	3600	3834
2022-08-08T23:34:39	1022.9	27.2	35.6	12.8	1023.8	16.0	8.5	3819	3600	3819
2022-08-09T00:34:47	1023.0	26.4	36.4	12.8	1024.0	15.3	8.7	3796	3600	3796
2022-08-09T01:34:51	1023.1	25.4	38.0	12.7	1023.9	15.3	8.9	3815	3600	3815
2022-08-09T02:34:52	1023.1	24.9	40.1	12.7	1023.9	15.6	9.1	3793	3600	3793
2022-08-09T03:34:57	1023.1	24.3	41.9	12.7	1023.9	15.6	9.3	3859	3600	3859
2022-08-09T04:35:01	1023.2	23.9	43.5	12.7	1023.9	15.8	9.5	3839	3600	3839
2022-08-09T05:35:04	1023.5	23.6	44.8	12.7	1024.2	16.0	9.7	3811	3600	3811
2022-08-09T06:35:06	1024.0	23.4	46.0	12.7	1024.5	16.6	9.9	3907	3600	3907
2022-08-09T07:35:10	1024.3	23.7	46.9	12.9	1024.8	18.6	10.2	3826	3600	3826
2022-08-09T08:35:13	1024.7	24.7	46.8	13.3	1025.0	20.5	9.8	3826	3600	3826
2022-08-09T09:35:17	1024.7	26.1	46.0	13.5	1025.0	22.2	9.2	3759	3600	3759
2022-08-09T10:35:18	1024.7	27.8	44.6	13.7	1025.1	23.9	8.7	3818	3600	3818
2022-08-09T11:35:28	1024.5	31.8	41.8	14.0	1024.9	25.0	8.3	3921	3600	3921
2022-08-09T12:35:34	1024.2	35.8	37.9	14.2	1024.8	25.5	8.3	3813	3600	3813
2022-08-09T13:35:35	1024.1	33.6	36.4	14.5	1024.7	25.4	8.2	3860	3600	3860
2022-08-09T14:35:37	1023.7	33.3	35.8	14.2	1024.2	26.7	8.5	3867	3600	3867
2022-08-09T15:35:39	1023.5	33.8	35.3	13.9	1024.1	27.1	8.1	3914	3600	3914
2022-08-09T16:35:48	1023.3	33.5	34.7	14.0	1024.0	26.1	7.9	3793	3600	3793
2022-08-09T17:35:57	1023.1	32.9	34.4	13.8	1023.8	26.0	7.9	4043	3600	4043
2022-08-09T18:36:04	1023.2	32.6	34.4	13.1	1023.9	25.2	8.0	3814	3600	3814
2022-08-09T19:36:09	1023.5	32.1	34.6	12.9	1024.3	24.1	8.2	3818	3600	3818
2022-08-09T20:36:13	1023.9	31.4	34.9	12.8	1024.8	22.4	8.5	3629	3600	3629
2022-08-09T21:36:20	1024.3	30.4	35.4	12.8	1025.3	18.9	8.6	3705	3600	3705
2022-08-09T22:36:23	1024.6	29.3	35.8	12.8	1025.5	19.4	9.1	3850	3600	3850
2022-08-09T23:36:26	1024.8	28.5	36.4	12.8	1025.7	17.9	9.2	3680	3600	3680
2022-08-10T00:36:34	1024.9	27.6	37.0	12.8	1025.8	16.1	9.4	3775	3600	3775
2022-08-10T01:36:37	1025.0	26.5	37.7	12.7	1025.8	14.8	9.4	3942	3600	3942
2022-08-10T02:36:38	1024.7	25.4	38.8	12.7	1025.4	13.7	9.3	3625	3600	3625
2022-08-10T03:36:41	1024.7	24.3	39.8	12.7	1025.3	12.7	9.3	3658	3600	3658
2022-08-10T04:36:42	1024.6	23.3	40.6	12.7	1025.2	11.9	9.0	3780	3600	3780
2022-08-10T05:36:49	1024.8	22.4	41.0	12.7	1025.4	11.8	9.6	3862	3600	3862
2022-08-10T06:36:53	1025.1	22.0	42.4	12.8	1025.5	14.3	10.7	3800	3600	3800
2022-08-10T07:36:58	1025.3	22.4	44.6	13.0	1025.7	17.3	11.2	3753	3600	3753
2022-08-10T08:37:00	1025.2	23.5	45.6	13.3	1025.5	20.3	11.0	3747	3600	3747
2022-08-10T09:37:03	1025.1	25.0	45.9	13.5	1025.4	22.2	9.9	3733	3600	3733
2022-08-10T10:37:07	1024.9	26.6	45.0	13.6	1025.2	23.7	8.5	3773	3600	3773
2022-08-10T11:37:17	1024.6	30.8	42.2	13.8	1024.9	24.9	7.8	3885	3600	3885
2022-08-10T12:37:22	1024.0	35.6	38.0	14.3	1024.5	25.8	7.4	3854	3600	3854
2022-08-10T13:37:23	1023.6	34.9	35.8	14.5	1024.2	26.6	7.4	3928	3600	3928
2022-08-10T14:37:24	1023.1	33.8	34.9	14.3	1023.6	27.7	7.5	3877	3600	3877
2022-08-10T15:37:30	1022.4	33.8	35.0	13.9	1023.0	28.2	7.4	3883	3600	3883
2022-08-10T16:37:31	1022.0	33.8	35.4	13.9	1022.6	28.1	7.2	3943	3600	3943
2022-08-10T17:37:34	1021.7	33.6	35.6	14.0	1022.4	27.9	7.3	3887	3600	3887
2022-08-10T18:37:40	1021.4	33.4	35.9	13.2	1022.1	26.2	8.6	3927	3600	3927
2022-08-10T19:37:47	1021.3	32.5	36.1	12.9	1022.2	22.6	9.1	3922	3600	3922
2022-08-10T20:37:54	1021.6	31.3	36.4	12.8	1022.5	20.0	8.3	3987	3600	3987
2022-08-10T21:37:55	1021.8	30.2	36.6	12.8	1022.7	19.6	8.6	3979	3600	3979
2022-08-10T22:37:57	1022.0	29.5	37.1	12.8	1022.8	21.0	9.4	3907	3600	3907
2022-08-10T23:38:02	1021.9	29.0	37.6	12.8	1022.7	19.2	9.6	3888	3600	3888
2022-08-11T00:38:08	1021.8	28.1	38.1	12.8	1022.6	17.6	9.5	3817	3600	3817
2022-08-11T01:38:09	1021.6	27.2	38.7	12.7	1022.4	17.0	9.3	4005	3600	4005
2022-08-11T02:38:10	1021.6	26.4	39.1	12.7	1022.4	16.2	9.2	3844	3600	3844
2022-08-11T03:38:11	1021.7	25.4	39.4	12.7	1022.4	13.7	9.1	3800	3600	3800
2022-08-11T04:38:16	1021.5	24.4	39.6	12.7	1022.2	12.4	9.0	3892	3600	3892
2022-08-11T05:38:24	1021.5	23.4	39.9	12.7	1022.1	12.1	9.1	3755	3600	3755
2022-08-11T06:38:28	1021.7	22.9	40.5	12.8	1022.2	14.0	9.8	3852	3600	3852
2022-08-11T07:38:32	1021.9	23.2	41.3	12.9	1022.3	18.0	10.2	3916	3600	3916
2022-08-11T08:38:36	1021.9	24.4	41.6	13.2	1022.2	21.7	10.0	3954	3600	3954
2022-08-11T09:38:42	1021.7	26.3	41.7	13.4	1022.0	24.4	9.6	3916	3600	3916
2022-08-11T10:38:48	1021.5	28.5	41.3	13.6	1021.9	26.3	9.3	3921	3600	3921
2022-08-11T11:38:54	1021.1	33.1	39.2	13.9	1021.4	29.2	8.5	3903	3600	3903
2022-08-11T12:38:57	1020.5	37.2	36.9	14.4	1021.0	30.0	8.5	3873	3600	3873
2022-08-11T13:39:00	1020.0	37.2	36.1	14.3	1020.5	29.6	8.0	3968	3600	3968
2022-08-11T14:39:02	1019.4	36.2	36.0	14.1	1020.0	30.0	7.7	3971	3600	3971
2022-08-11T15:39:04	1018.8	36.2	35.8	13.8	1019.5	29.4	7.6	3906	3600	3906
2022-08-11T16:39:13	1018.3	36.3	35.4	13.9	1019.0	29.8	7.6	4005	3600	4005
2022-08-11T17:39:24	1018.0	35.8	35.0	13.7	1018.8	29.1	7.2	4027	3600	4027
2022-08-11T18:39:26	1017.9	35.4	35.0	13.2	1018.7	28.6	6.8	4145	3600	4145
2022-08-11T19:39:33	1018.0	34.9	35.0	12.9	1018.8	27.0	6.6	4139	3600	4139
2022-08-11T20:39:37	1018.3	34.0	35.3	12.8	1019.3	24.1	6.4	3943	3600	3943
2022-08-11T21:39:47	1018.5	32.7	35.6	12.8	1019.5	21.2	6.7	3987	3600	3987
2022-08-11T22:39:56	1018.8	31.3	35.9	12.8	1020.0	17.6	6.9	3993	3600	3993
2022-08-11T23:40:05	1019.1	30.1	36.1	12.8	1020.0	20.5	7.5	3924	3600	3924
2022-08-12T00:40:11	1019.1	29.3	36.6	12.7	1020.2	17.0	7.7	3886	3600	3886
2022-08-12T01:40:13	1019.3	27.9	36.9	12.7	1020.3	14.3	7.9	3916	3600	3916
2022-08-12T02:40:16	1019.3	26.5	37.2	12.7	1020.2	13.7	8.1	3828	3600	3828
2022-08-12T03:40:18	1019.2	25.3	37.6	12.7	1020.1	12.4	8.2	3991	3600	3991
2022-08-12T04:40:19	1019.2	24.2	38.0	12.7	1020.0	11.9	7.8	3946	3600	3946
2022-08-12T05:40:21	1019.3	23.2	38.3	12.7	1020.0	11.9	8.6	3968	3600	3968
2022-08-12T06:40:24	1019.5	22.7	38.9	12.7	1020.1	14.0	9.4	4045	3600	4045
2022-08-12T07:40:31	1019.7	23.3	39.7	12.9	1020.2	18.9	9.9	4005	3600	4005
2022-08-12T08:40:33	1019.8	25.1	40.1	13.3	1020.1	23.6	9.5	4049	3600	4049
2022-08-12T09:40:34	1019.6	27.2	40.1	13.4	1020.0	26.4	8.8	3894	3600	3894
2022-08-12T10:40:38	1019.5	29.4	39.8	13.6	1019.9	28.3	8.3	3996	3600	3996
2022-08-12T11:40:41	1019.1	34.0	38.5	13.8	1019.5	28.9	7.9	3886	3600	3886
2022-08-12T12:40:46	1018.4	38.4	36.0	14.2	1019.0	30.4	7.9	4019	3600	4019
2022-08-12T13:40:47	1018.0	37.6	35.0	14.2	1018.6	30.1	7.8	4025	3600	4025
2022-08-12T14:40:50	1017.7	36.8	35.0	14.1	1018.3	30.4	7.9	3992	3600	3992
2022-08-12T15:40:51	1017.4	36.7	34.8	13.8	1018.1	29.7	7.8	4049	3600	4049
2022-08-12T16:40:56	1017.1	36.2	34.8	13.8	1017.7	29.7	7.9	4107	3600	4107
2022-08-12T17:41:00	1016.7	35.9	34.5	13.8	1017.4	29.1	7.8	4169	3600	4169
2022-08-12T18:41:01	1016.3	35.6	34.6	13.2	1017.0	28.2	8.0	4163	3600	4163
2022-08-12T19:41:06	1016.2	34.9	35.0	12.9	1017.1	26.0	8.7	4125	3600	4125
2022-08-12T20:41:12	1016.5	33.7	35.4	12.8	1017.5	21.7	8.6	4096	3600	4096
2022-08-12T21:41:18	1016.6	32.2	35.7	12.8	1017.6	19.3	8.8	4045	3600	4045
2022-08-12T22:41:23	1016.7	31.0	36.1	12.8	1017.7	18.3	9.0	3980	3600	3980
2022-08-12T23:41:28	1016.8	30.1	36.8	12.8	1017.5	20.8	9.2	4037	3600	4037
2022-08-13T00:41:32	1016.8	29.6	37.5	12.8	1017.6	19.7	9.3	3974	3600	3974
2022-08-13T01:41:36	1016.8	29.0	38.3	12.7	1017.5	20.4	9.5	4036	3600	4036
2022-08-13T02:41:41	1016.5	28.4	38.7	12.7	1017.3	18.2	9.6	4043	3600	4043
2022-08-13T03:41:43	1016.4	27.4	38.9	12.7	1017.1	16.1	9.6	4021	3600	4021
2022-08-13T04:41:45	1016.2	26.5	39.2	12.7	1016.9	15.7	9.8	4031	3600	4031
2022-08-13T05:41:47	1016.1	25.8	39.6	12.7	1016.8	15.3	9.9	4179	3600	4179
2022-08-13T06:41:51	1016.1	25.3	40.1	12.7	1016.6	16.7	10.6	3995	3600	3995
2022-08-13T07:41:53	1016.0	25.4	40.7	12.8	1016.5	18.7	11.1	4050	3600	4050
2022-08-13T08:41:57	1016.2	26.2	41.1	13.0	1016.5	21.5	11.3	4076	3600	4076
2022-08-13T09:42:05	1016.2	27.4	41.2	13.2	1016.5	23.4	11.4	4086	3600	4086
2022-08-13T10:42:11	1016.2	28.4	41.3	13.1	1016.4	24.7	11.9	3981	3600	3981
2022-08-13T11:42:12	1015.8	29.6	41.1	13.3	1016.0	26.1	12.1	3991	3600	3991
2022-08-13T12:42:15	1015.4	30.8	41.3	13.2	1015.7	26.6	12.2	4076	3600	4076
2022-08-13T13:42:17	1015.3	30.6	41.7	13.3	1015.8	26.0	12.2	4109	3600	4109
2022-08-13T14:42:18	1015.0	31.0	41.8	13.2	1015.2	24.9	12.7	4125	3600	4125
2022-08-13T15:42:20	1014.4	31.4	41.9	13.5	1014.7	26.4	12.2	4133	3600	4133
2022-08-13T16:42:23	1013.9	32.2	41.7	13.5	1014.1	28.0	12.2	4165	3600	4165
2022-08-13T17:42:24	1013.3	32.6	41.6	13.4	1013.5	28.4	12.4	4002	3600	4002
2022-08-13T18:42:28	1012.8	32.8	41.5	13.2	1013.1	28.0	12.4	4087	3600	4087
2022-08-13T19:42:30	1012.7	32.5	41.5	12.9	1013.2	26.2	14.1	4133	3600	4133
2022-08-13T20:42:34	1012.9	31.8	41.5	12.8	1013.3	23.9	14.3	3983	3600	3983
2022-08-13T21:42:37	1013.1	31.3	41.9	12.8	1013.5	23.7	14.3	4033	3600	4033
2022-08-13T22:42:40	1012.9	30.5	42.1	12.7	1013.3	21.0	15.4	4076	3600	4076
2022-08-13T23:42:41	1012.5	29.8	42.2	12.7	1012.9	19.9	15.2	4096	3600	4096
2022-08-14T00:42:45	1012.4	29.0	42.4	12.7	1012.7	18.6	14.8	4060	3600	4060
2022-08-14T01:42:52	1012.1	28.3	42.6	12.7	1012.4	18.1	14.1	4171	3600	4171
2022-08-14T02:42:55	1011.9	27.6	42.7	12.7	1012.1	17.7	14.1	4103	3600	4103
2022-08-14T03:42:56	1011.8	27.0	42.9	12.7	1012.0	17.4	13.8	4102	3600	4102
2022-08-14T04:42:58	1011.5	26.5	43.4	12.7	1011.6	17.7	14.3	4062	3600	4062
2022-08-14T05:43:04	1011.3	26.2	43.7	12.6	1011.4	18.0	14.5	4057	3600	4057
2022-08-14T06:43:07	1011.1	26.0	44.0	12.7	1011.1	18.6	15.1	4268	3600	4268
2022-08-14T07:43:09	1010.7	26.5	44.4	13.0	1010.6	21.4	16.1	4086	3600	4086
2022-08-14T08:43:11	1010.3	28.2	44.5	13.3	1010.2	24.3	15.3	4123	3600	4123
2022-08-14T09:43:13	1010.0	30.0	44.4	13.5	1010.0	27.0	14.2	4141	3600	4141
2022-08-14T10:43:15	1009.6	32.0	43.9	13.7	1009.7	28.6	13.7	4296	3600	4296
2022-08-14T11:43:18	1008.9	36.1	42.5	13.9	1009.0	30.5	12.9	4147	3600	4147
2022-08-14T12:43:19	1008.1	40.7	39.6	14.0	1008.5	31.2	12.2	4243	3600	4243
2022-08-14T13:43:22	1007.5	40.2	38.7	14.2	1007.9	31.4	11.6	4304	3600	4304
2022-08-14T14:43:29	1006.7	39.2	38.4	14.3	1007.1	31.5	10.8	4370	3600	4370
2022-08-14T15:43:35	1005.8	39.1	37.8	14.0	1006.3	32.1	9.9	4475	3600	4475
2022-08-14T16:43:40	1005.2	39.3	37.5	13.7	1005.8	32.2	10.0	4343	3600	4343
2022-08-14T17:43:48	1004.7	38.6	37.2	13.8	1005.3	31.6	9.2	4506	3600	4506
2022-08-14T18:43:52	1004.2	38.0	37.2	13.1	1004.9	30.8	9.0	4604	3600	4604
2022-08-14T19:43:56	1004.1	37.2	37.4	12.9	1004.9	26.9	10.6	4461	3600	4461
2022-08-14T20:43:57	1004.4	35.8	37.7	12.8	1005.2	23.9	10.4	4385	3600	4385
2022-08-14T21:43:59	1004.4	34.9	38.1	12.8	1005.1	24.7	11.5	4507	3600	4507
2022-08-14T22:44:01	1004.3	34.0	38.5	12.8	1005.0	23.2	12.2	4485	3600	4485
2022-08-14T23:44:14	1004.1	33.2	38.9	12.8	1004.8	21.6	12.2	4514	3600	4514
2022-08-15T00:44:19	1003.9	32.2	39.3	12.8	1004.5	21.1	12.1	4439	3600	4439
2022-08-15T01:44:22	1003.7	31.2	39.7	12.7	1004.4	19.2	11.7	4424	3600	4424
2022-08-15T02:44:24	1003.5	30.2	40.0	12.7	1004.2	18.8	11.7	4199	3600	4199
2022-08-15T03:44:26	1003.2	29.4	40.4	12.7	1003.8	19.6	13.1	4354	3600	4354
2022-08-15T04:44:34	1003.0	28.9	40.9	12.7	1003.4	20.1	13.7	4307	3600	4307
2022-08-15T05:44:36	1002.9	28.4	41.4	12.7	1003.3	19.5	13.5	4389	3600	4389
2022-08-15T06:44:39	1003.0	28.2	41.8	12.7	1003.3	20.5	14.6	4259	3600	4259
2022-08-15T07:44:44	1003.0	28.3	42.8	12.9	1003.2	22.2	15.0	4260	3600	4260
2022-08-15T08:44:46	1002.7	29.0	43.6	13.2	1002.8	24.3	15.4	4428	3600	4428
2022-08-15T09:44:48	1002.3	30.1	44.1	13.4	1002.4	26.1	14.8	4553	3600	4553
2022-08-15T10:44:49	1002.1	31.9	44.0	13.6	1002.3	28.1	14.4	4319	3600	4319
2022-08-15T11:44:53	1001.6	35.8	42.8	13.9	1001.8	29.4	13.7	4423	3600	4423
2022-08-15T12:44:56	1001.1	39.4	40.1	14.1	1001.5	30.4	13.1	4630	3600	4630
2022-08-15T13:44:58	1000.8	37.7	40.1	14.3	1001.2	31.1	12.8	4636	3600	4636
2022-08-15T14:45:03	1000.2	37.8	40.0	14.1	1000.6	31.4	12.6	4552	3600	4552
2022-08-15T15:45:09	999.6	38.1	39.7	13.8	1000.1	30.5	12.7	4601	3600	4601
2022-08-15T16:45:13	999.6	37.0	40.1	13.8	1000.2	29.4	12.9	4606	3600	4606
2022-08-15T17:45:19	1000.7	35.8	40.0	12.9	1001.6	23.5	15.0	4459	3600	4459
2022-08-15T18:45:20	1001.9	33.0	40.5	12.8	1002.7	20.0	15.6	4232	3600	4232
2022-08-15T19:45:25	1001.8	31.7	41.6	12.8	1002.3	19.7	15.9	4144	3600	4144
2022-08-15T20:45:30	1002.0	30.6	43.4	12.8	1002.6	19.4	15.7	4133	3600	4133
2022-08-15T21:45:34	1003.1	29.8	44.2	12.8	1003.6	19.3	15.6	4094	3600	4094
2022-08-15T22:45:41	1003.5	29.1	44.7	12.7	1003.9	19.4	15.8	4041	3600	4041
2022-08-15T23:45:43	1003.7	28.5	45.0	12.7	1003.9	19.4	15.9	4011	3600	4011
2022-08-16T00:45:47	1003.4	28.1	45.3	12.7	1003.7	19.4	15.9	4084	3600	4084
2022-08-16T01:45:48	1003.6	27.6	45.5	12.7	1003.9	18.4	15.0	4093	3600	4093
2022-08-16T02:45:54	1003.9	26.9	45.7	12.7	1004.1	17.4	14.3	4019	3600	4019
2022-08-16T03:45:57	1004.0	26.3	45.8	12.7	1004.3	17.0	14.0	4111	3600	4111
2022-08-16T04:46:01	1004.2	25.7	45.8	12.6	1004.5	16.7	13.7	3882	3600	3882
2022-08-16T05:46:07	1004.5	25.2	45.8	12.7	1004.7	16.8	13.8	4083	3600	4083
2022-08-16T06:46:09	1004.8	25.1	46.2	12.7	1004.8	18.4	15.2	4084	3600	4084
2022-08-16T07:46:12	1005.1	25.5	46.9	12.9	1005.2	19.9	16.2	4027	3600	4027
2022-08-16T08:46:19	1005.6	26.4	47.1	13.3	1005.6	21.8	16.7	4137	3600	4137
2022-08-16T09:46:24	1006.0	27.9	47.1	13.4	1005.9	24.0	16.6	4099	3600	4099
2022-08-16T10:46:26	1006.1	30.0	47.0	13.6	1006.0	26.4	16.1	3947	3600	3947
2022-08-16T11:46:31	1006.0	34.2	45.3	13.7	1006.1	27.4	14.5	4124	3600	4124
2022-08-16T12:46:39	1006.0	35.3	44.1	13.9	1006.2	28.1	14.2	4003	3600	4003
2022-08-16T13:46:41	1006.0	36.3	43.0	14.3	1006.3	28.6	12.8	4090	3600	4090
2022-08-16T14:46:47	1005.9	36.2	42.5	14.3	1006.3	29.4	12.0	4191	3600	4191
2022-08-16T15:46:48	1005.9	36.0	42.0	14.0	1006.4	28.8	12.1	4042	3600	4042
2022-08-16T16:46:52	1005.8	35.4	42.2	13.9	1006.3	28.5	12.0	4247	3600	4247
2022-08-16T17:46:57	1005.8	35.1	42.2	13.6	1006.4	28.4	11.9	4048	3600	4048
2022-08-16T18:47:07	1006.2	34.6	42.3	13.0	1006.8	26.2	14.0	4095	3600	4095
2022-08-16T19:47:10	1006.6	33.7	42.3	12.8	1007.2	23.8	14.5	4235	3600	4235
2022-08-16T20:47:13	1007.1	32.6	42.4	12.8	1007.7	21.4	14.2	4078	3600	4078
2022-08-16T21:47:17	1007.4	31.5	42.5	12.8	1008.0	20.1	13.8	4096	3600	4096
2022-08-16T22:47:20	1007.6	30.5	42.7	12.8	1008.0	19.2	13.5	4037	3600	4037
2022-08-16T23:47:25	1007.8	29.6	42.9	12.8	1008.4	18.8	13.8	4126	3600	4126
2022-08-17T00:47:26	1007.9	28.8	43.3	12.8	1008.4	18.2	13.5	4112	3600	4112
2022-08-17T01:47:28	1007.9	28.1	43.7	12.7	1008.3	17.4	13.4	4097	3600	4097
2022-08-17T02:47:32	1008.0	27.3	44.0	12.7	1008.4	17.1	13.2	4137	3600	4137
2022-08-17T03:47:33	1008.1	26.6	44.2	12.7	1008.4	16.8	13.1	4126	3600	4126
2022-08-17T04:47:34	1007.9	25.9	44.5	12.7	1008.2	16.0	12.7	3974	3600	3974
2022-08-17T05:47:36	1008.0	25.4	44.8	12.7	1008.3	16.2	13.0	4015	3600	4015
2022-08-17T06:47:41	1008.4	25.3	45.2	12.8	1008.7	18.0	14.6	4120	3600	4120
2022-08-17T07:47:43	1008.7	26.0	45.5	13.0	1008.8	21.2	15.6	4004	3600	4004
2022-08-17T08:47:45	1008.9	27.6	45.5	13.3	1008.9	25.0	14.1	4052	3600	4052
2022-08-17T09:47:49	1008.9	29.6	45.2	13.4	1009.1	27.9	12.5	4036	3600	4036
2022-08-17T10:47:55	1008.8	32.5	44.3	13.7	1009.1	30.2	11.8	4029	3600	4029
2022-08-17T11:47:59	1008.7	37.2	42.1	14.0	1009.1	31.0	11.1	4119	3600	4119
2022-08-17T12:48:08	1008.4	39.3	40.3	13.6	1009.0	30.7	11.5	4101	3600	4101
2022-08-17T13:48:13	1008.2	36.8	41.2	14.2	1008.9	30.5	11.3	4085	3600	4085
2022-08-17T14:48:15	1007.9	36.9	41.4	14.4	1008.5	30.9	10.7	4067	3600	4067
2022-08-17T15:48:17	1007.7	37.2	41.0	13.9	1008.4	31.2	11.0	4145	3600	4145
2022-08-17T16:48:23	1007.5	37.2	40.9	13.8	1008.1	31.2	11.8	4051	3600	4051
2022-08-17T17:48:30	1007.3	36.7	41.0	13.2	1008.0	28.6	13.8	4076	3600	4076
2022-08-17T18:48:33	1007.1	36.0	41.3	13.0	1007.8	28.6	11.7	4245	3600	4245
2022-08-17T19:48:39	1007.3	35.7	41.2	12.8	1008.0	27.4	11.9	4159	3600	4159
2022-08-17T20:48:45	1007.4	34.8	41.1	12.8	1008.1	24.2	12.5	4206	3600	4206
2022-08-17T21:48:50	1007.3	33.8	41.2	12.8	1008.0	23.1	12.6	4124	3600	4124
2022-08-17T22:48:53	1007.4	33.0	41.5	12.8	1008.0	23.6	12.4	4128	3600	4128
2022-08-17T23:48:57	1007.6	32.4	41.9	12.7	1008.3	22.9	12.9	4090	3600	4090
2022-08-18T00:49:00	1007.6	31.7	42.2	12.7	1008.1	22.2	13.5	4162	3600	4162
2022-08-18T01:49:04	1007.3	31.1	42.5	12.7	1007.8	21.7	13.8	4158	3600	4158
2022-08-18T02:49:14	1007.2	30.2	42.7	12.7	1007.8	19.2	13.5	3994	3600	3994
2022-08-18T03:49:16	1006.9	29.2	42.9	12.7	1007.5	17.9	13.2	4181	3600	4181
2022-08-18T04:49:20	1006.9	28.3	43.1	12.7	1007.4	17.3	13.2	4144	3600	4144
2022-08-18T05:49:25	1007.1	27.6	43.4	12.7	1007.5	17.3	13.3	4162	3600	4162
2022-08-18T06:49:26	1007.5	27.2	43.8	12.7	1008.0	18.5	14.5	4049	3600	4049
2022-08-18T07:49:31	1007.8	27.5	44.4	12.8	1008.1	20.6	15.0	4176	3600	4176
2022-08-18T08:49:34	1007.9	28.0	44.8	13.0	1008.1	21.9	15.3	4059	3600	4059
2022-08-18T09:49:35	1008.2	28.9	44.9	13.2	1008.4	23.8	15.4	4090	3600	4090
2022-08-18T10:49:40	1007.9	30.8	45.1	13.5	1008.1	26.7	14.2	4120	3600	4120
2022-08-18T11:49:43	1007.6	35.2	43.5	13.8	1007.8	28.6	12.9	4150	3600	4150
2022-08-18T12:49:46	1007.3	37.9	41.0	14.0	1007.8	29.5	12.8	3991	3600	3991
2022-08-18T13:49:49	1007.2	37.7	40.2	13.8	1007.7	30.0	13.2	4153	3600	4153
2022-08-18T14:49:50	1006.8	36.8	40.5	14.0	1007.3	29.8	13.2	4322	3600	4322
2022-08-18T15:49:51	1006.3	36.8	40.5	14.4	1006.8	31.1	13.2	4217	3600	4217
2022-08-18T16:49:52	1006.4	37.0	40.3	13.8	1007.0	30.2	14.0	4219	3600	4219
2022-08-18T17:49:57	1006.4	36.2	40.6	13.0	1006.9	28.8	14.1	4128	3600	4128
2022-08-18T18:50:03	1006.3	35.7	40.8	12.9	1007.0	28.2	12.7	4112	3600	4112
2022-08-18T19:50:08	1006.7	35.0	40.6	12.8	1007.3	25.6	13.5	4080	3600	4080
2022-08-18T20:50:12	1006.9	33.9	41.0	12.8	1007.6	23.3	14.6	4130	3600	4130
2022-08-18T21:50:16	1007.2	32.9	41.6	12.7	1007.8	22.2	15.0	3893	3600	3893
2022-08-18T22:50:17	1007.0	32.2	43.3	12.8	1007.6	21.9	14.9	4058	3600	4058
2022-08-18T23:50:18	1007.3	31.5	45.3	12.8	1007.8	21.3	15.3	4035	3600	4035
2022-08-19T00:50:19	1007.5	30.9	46.6	12.7	1008.0	21.0	15.4	4075	3600	4075
2022-08-19T01:50:26	1007.2	30.2	48.8	12.7	1007.5	20.6	15.5	4061	3600	4061
2022-08-19T02:50:35	1007.0	29.5	50.2	12.7	1007.4	20.1	15.7	4105	3600	4105
2022-08-19T03:50:37	1007.2	28.8	51.0	12.7	1007.4	19.7	15.9	3628	3600	3628
2022-08-19T04:50:44	1006.2	28.1	53.3	12.7	1006.4	19.5	15.9	3657	3600	3657
2022-08-19T05:50:50	1006.1	27.6	55.2	12.7	1006.4	19.7	16.0	3603	3600	3603
2022-08-19T06:50:56	1006.5	27.4	56.8	12.7	1006.6	20.2	16.4	3540	3600	3540
2022-08-19T07:50:57	1006.7	27.4	58.3	12.9	1006.8	21.0	16.9	3557	3600	3557
2022-08-19T08:50:58	1007.1	27.7	59.5	13.2	1007.1	21.7	17.1	3595	3600	3595
2022-08-19T09:51:00	1007.5	28.0	59.6	13.2	1007.5	22.0	17.2	3536	3600	3536
2022-08-19T10:51:02	1007.8	28.1	59.7	12.9	1007.8	21.7	17.1	3560	3600	3560
2022-08-19T11:51:07	1007.8	27.9	59.9	12.8	1007.8	21.4	16.9	3581	3600	3581
2022-08-19T12:51:08	1007.8	27.7	60.2	12.8	1007.9	21.1	16.7	3609	3600	3609
2022-08-19T13:51:13	1008.1	27.7	60.3	12.8	1008.1	21.4	16.8	3586	3600	3586
2022-08-19T14:51:15	1008.3	27.9	60.2	12.8	1008.3	21.8	16.8	3521	3600	3521
2022-08-19T15:51:17	1008.3	27.7	60.2	12.7	1008.3	21.2	16.6	3606	3600	3606
2022-08-19T16:51:18	1008.7	27.6	60.1	12.7	1008.7	21.2	16.5	3577	3600	3577
2022-08-19T17:51:25	1008.9	27.5	59.8	12.7	1008.8	20.8	16.3	3605	3600	3605
2022-08-19T18:51:29	1008.9	27.2	59.7	12.6	1008.9	20.1	16.3	3373	3600	3373
2022-08-19T19:51:32	1009.2	26.9	59.5	12.6	1009.3	19.8	16.2	3529	3600	3529
2022-08-19T20:51:37	1009.8	26.7	59.1	12.6	1009.8	19.9	16.5	3611	3600	3611
2022-08-19T21:51:46	1009.8	26.5	58.9	12.6	1009.8	19.6	16.1	3427	3600	3427
2022-08-19T22:51:53	1009.8	26.3	58.6	12.6	1009.7	19.5	16.1	3571	3600	3571
2022-08-19T23:51:58	1009.9	26.2	58.4	12.6	1009.9	19.6	16.2	3433	3600	3433
2022-08-20T00:52:03	1009.7	26.0	58.5	12.6	1009.5	19.6	16.1	3553	3600	3553
2022-08-20T01:52:08	1009.7	25.9	58.7	12.6	1009.6	19.3	15.9	3469	3600	3469
2022-08-20T02:52:10	1009.9	25.8	58.6	12.6	1009.9	19.3	16.0	3494	3600	3494
2022-08-20T03:52:13	1010.0	25.6	58.5	12.6	1010.0	19.2	16.0	3448	3600	3448
2022-08-20T04:52:15	1009.9	25.5	58.5	12.6	1009.9	19.1	15.9	3482	3600	3482
2022-08-20T05:52:28	1010.1	25.4	58.7	12.6	1010.1	19.0	15.7	3474	3600	3474
2022-08-20T06:52:30	1010.4	25.4	59.0	12.7	1010.3	19.1	15.7	3502	3600	3502
2022-08-20T07:52:38	1010.8	25.4	58.9	12.7	1010.7	19.2	15.8	3472	3600	3472
2022-08-20T08:52:40	1011.2	25.4	59.0	12.7	1011.1	19.6	15.9	3476	3600	3476
2022-08-20T09:52:48	1011.4	25.7	59.5	12.8	1011.4	20.1	15.6	3486	3600	3486
2022-08-20T10:52:50	1011.7	26.1	59.5	13.0	1011.6	20.3	15.5	3481	3600	3481
2022-08-20T11:52:52	1011.8	26.3	59.2	13.1	1011.8	20.5	14.6	3472	3600	3472
2022-08-20T12:52:56	1012.1	26.4	58.3	13.0	1012.2	20.4	14.1	3446	3600	3446
2022-08-20T13:53:01	1012.2	26.5	57.5	13.1	1012.2	20.6	14.2	3479	3600	3479
2022-08-20T14:53:04	1012.2	26.5	57.0	12.9	1012.2	20.9	14.7	3501	3600	3501
2022-08-20T15:53:05	1012.1	26.9	56.6	13.0	1012.2	21.4	15.0	3613	3600	3613
2022-08-20T16:53:09	1012.1	27.1	56.0	12.8	1012.1	21.4	15.6	3451	3600	3451
2022-08-20T17:53:22	1012.1	27.0	55.6	12.7	1012.2	21.2	15.8	3387	3600	3387
2022-08-20T18:53:24	1012.5	26.9	55.5	12.7	1012.5	21.1	15.0	3445	3600	3445
2022-08-20T19:53:25	1012.8	26.8	55.6	12.6	1013.0	20.7	14.7	3353	3600	3353
2022-08-20T20:53:28	1012.9	26.5	55.1	12.6	1013.1	19.7	15.0	3406	3600	3406
2022-08-20T21:53:32	1013.0	26.3	54.7	12.6	1013.2	19.2	15.0	3369	3600	3369
2022-08-20T22:53:38	1013.1	26.1	54.3	12.6	1013.2	19.0	15.1	3363	3600	3363
2022-08-20T23:53:43	1012.8	25.8	54.0	12.6	1012.9	18.9	15.1	3404	3600	3404
2022-08-21T00:53:48	1012.9	25.6	53.9	12.6	1013.0	18.4	13.9	3424	3600	3424
2022-08-21T01:53:50	1013.0	25.2	53.5	12.6	1013.2	17.2	13.3	3380	3600	3380
2022-08-21T02:53:54	1012.9	24.8	53.2	12.6	1013.1	16.8	12.4	3486	3600	3486
2022-08-21T03:53:56	1013.0	24.3	52.8	12.6	1013.2	15.8	12.2	3546	3600	3546
2022-08-21T04:53:57	1012.9	23.8	52.4	12.6	1013.1	15.2	12.1	3574	3600	3574
2022-08-21T05:54:03	1013.0	23.3	52.1	12.6	1013.2	14.7	11.6	3403	3600	3403
2022-08-21T06:54:05	1013.3	22.9	52.0	12.7	1013.5	15.1	11.8	3618	3600	3618
2022-08-21T07:54:10	1013.5	23.0	52.2	12.8	1013.7	16.2	12.1	3544	3600	3544
2022-08-21T08:54:15	1013.5	23.6	52.7	13.1	1013.6	17.8	12.5	3377	3600	3377
2022-08-21T09:54:19	1013.3	24.8	52.5	13.3	1013.5	20.1	11.0	3506	3600	3506
2022-08-21T10:54:20	1013.3	25.8	50.8	13.3	1013.5	20.8	10.5	3596	3600	3596
2022-08-21T11:54:26	1013.2	27.2	49.2	13.4	1013.5	21.6	10.0	3498	3600	3498
2022-08-21T12:54:35	1013.1	29.3	46.6	13.6	1013.5	22.4	9.9	3672	3600	3672
2022-08-21T13:54:42	1012.9	30.8	44.1	13.7	1013.3	23.1	9.8	3595	3600	3595
2022-08-21T14:54:50	1012.7	29.6	43.5	13.3	1013.3	22.1	10.3	3491	3600	3491
2022-08-21T15:54:51	1012.6	29.0	43.7	13.3	1013.1	22.4	10.3	3623	3600	3623
2022-08-21T16:54:55	1012.4	29.1	43.9	13.3	1012.9	22.5	10.1	3529	3600	3529
2022-08-21T17:54:58	1012.2	29.2	44.0	13.3	1012.8	22.9	10.5	3596	3600	3596
2022-08-21T18:55:00	1012.2	29.1	44.1	13.1	1012.8	22.5	10.6	3583	3600	3583
2022-08-21T19:55:06	1012.4	28.5	44.2	12.9	1013.1	20.1	12.1	3475	3600	3475
2022-08-21T20:55:07	1012.6	27.4	44.1	12.8	1013.4	17.1	11.7	3575	3600	3575
2022-08-21T21:55:09	1012.7	26.4	44.1	12.8	1013.4	15.8	11.6	3526	3600	3526
2022-08-21T22:55:13	1012.9	25.6	44.2	12.8	1013.5	15.0	11.4	3687	3600	3687
2022-08-21T23:55:14	1013.1	24.9	44.5	12.8	1013.7	14.9	11.5	3537	3600	3537
2022-08-22T00:55:18	1013.2	24.2	44.7	12.8	1013.7	13.8	10.9	3576	3600	3576
2022-08-22T01:55:26	1013.2	23.4	44.9	12.8	1013.7	13.2	10.7	3617	3600	3617
2022-08-22T02:55:30	1013.2	22.7	45.1	12.8	1013.7	13.1	10.7	3514	3600	3514
2022-08-22T03:55:37	1013.4	22.1	45.3	12.7	1013.8	12.8	10.5	3702	3600	3702
2022-08-22T04:55:39	1013.3	21.6	45.5	12.7	1013.6	12.2	10.2	3671	3600	3671
2022-08-22T05:55:44	1013.5	21.0	45.7	12.7	1013.9	11.9	10.1	3537	3600	3537
2022-08-22T06:55:45	1014.0	20.7	46.1	12.7	1014.3	13.0	10.9	3518	3600	3518
2022-08-22T07:55:46	1014.3	21.1	46.8	12.8	1014.6	15.3	12.2	3703	3600	3703
2022-08-22T08:55:48	1014.6	22.2	47.3	13.1	1014.9	17.8	13.1	3613	3600	3613
2022-08-22T09:55:50	1014.6	23.8	47.4	13.3	1014.9	20.1	12.5	3661	3600	3661
2022-08-22T10:56:01	1014.6	25.7	47.2	13.4	1014.9	21.6	10.7	3585	3600	3585
2022-08-22T11:56:03	1014.6	27.1	46.9	13.4	1015.0	22.6	11.1	3626	3600	3626
2022-08-22T12:56:09	1014.4	28.7	46.4	13.6	1014.8	23.5	10.4	3581	3600	3581
2022-08-22T13:56:11	1014.2	30.2	45.2	13.8	1014.6	23.8	9.4	3683	3600	3683
2022-08-22T14:56:13	1013.8	30.1	44.5	13.5	1014.4	23.8	9.3	3575	3600	3575
2022-08-22T15:56:14	1013.7	29.8	44.3	13.4	1014.2	23.7	9.9	3547	3600	3547
2022-08-22T16:56:15	1013.8	29.7	44.3	13.4	1014.4	23.8	10.2	3611	3600	3611
2022-08-22T17:56:20	1013.7	29.5	44.1	13.1	1014.4	22.7	10.2	3665	3600	3665
2022-08-22T18:56:24	1013.8	29.0	44.1	12.9	1014.5	21.8	10.6	3677	3600	3677
2022-08-22T19:56:26	1014.2	28.5	44.0	12.8	1015.0	20.8	11.0	3649	3600	3649
2022-08-22T20:56:28	1014.5	28.0	44.0	12.8	1015.3	20.1	11.1	3502	3600	3502
2022-08-22T21:56:30	1014.7	27.5	44.1	12.8	1015.5	19.1	11.1	3749	3600	3749
2022-08-22T22:56:35	1014.9	26.9	44.1	12.8	1015.7	18.2	11.7	3489	3600	3489
2022-08-22T23:56:42	1014.9	26.3	44.3	12.8	1015.6	17.2	11.3	3520	3600	3520
2022-08-23T00:56:48	1015.0	25.8	44.8	12.8	1015.6	16.9	11.5	3549	3600	3549
2022-08-23T01:56:49	1014.8	25.3	45.9	12.7	1015.4	16.5	11.7	3625	3600	3625
2022-08-23T02:56:51	1014.6	24.9	46.8	12.7	1015.1	16.9	12.0	3601	3600	3601
2022-08-23T03:56:53	1014.5	24.6	47.2	12.7	1015.1	16.6	12.1	3668	3600	3668
2022-08-23T04:56:56	1014.8	24.2	47.4	12.7	1015.3	15.8	12.1	3579	3600	3579
2022-08-23T05:56:57	1015.0	23.7	47.6	12.7	1015.5	15.1	11.9	3543	3600	3543
2022-08-23T06:57:02	1015.3	23.4	48.0	12.7	1015.8	15.8	12.0	3477	3600	3477
2022-08-23T07:57:08	1015.6	23.3	49.1	12.7	1016.0	16.4	12.3	3450	3600	3450
2022-08-23T08:57:10	1015.9	23.6	51.1	12.9	1016.2	17.9	12.9	3566	3600	3566
2022-08-23T09:57:15	1016.0	24.7	52.6	13.2	1016.2	20.6	13.4	3484	3600	3484
2022-08-23T10:57:20	1015.9	27.6	52.4	13.4	1016.1	22.8	12.1	3627	3600	3627
2022-08-23T11:57:34	1015.6	33.8	48.4	13.6	1016.0	23.8	11.5	3612	3600	3612
2022-08-23T12:57:39	1015.6	34.4	44.5	13.8	1016.0	23.8	11.3	3581	3600	3581
2022-08-23T13:57:44	1015.5	32.3	44.1	13.9	1016.0	24.6	10.6	3626	3600	3626
2022-08-23T14:57:49	1015.3	32.4	43.2	13.9	1015.8	25.4	10.4	3629	3600	3629
2022-08-23T15:57:58	1015.1	32.3	42.4	13.7	1015.7	25.4	10.6	3758	3600	3758
2022-08-23T16:58:03	1014.9	32.1	42.0	13.4	1015.6	25.0	10.7	3694	3600	3694
2022-08-23T17:58:04	1014.9	31.8	42.0	13.2	1015.5	25.0	10.8	3725	3600	3725
2022-08-23T18:58:09	1015.1	31.4	42.1	12.9	1015.9	23.9	11.2	3568	3600	3568
2022-08-23T19:58:17	1015.8	30.6	42.2	12.9	1016.7	20.3	12.0	3646	3600	3646
2022-08-23T20:58:20	1016.4	29.4	42.3	12.8	1017.3	18.0	11.7	3579	3600	3579
2022-08-23T21:58:23	1016.8	28.4	42.6	12.8	1017.6	17.6	12.1	3566	3600	3566
2022-08-23T22:58:30	1017.0	27.8	43.0	12.8	1017.6	18.2	12.4	3562	3600	3562
2022-08-23T23:58:35	1016.9	27.1	43.5	12.8	1017.5	16.8	12.2	3501	3600	3501
2022-08-24T00:58:36	1016.9	26.2	44.1	12.8	1017.6	15.4	11.8	3516	3600	3516
2022-08-24T01:58:39	1016.9	25.3	44.8	12.8	1017.5	14.9	11.7	3536	3600	3536
2022-08-24T02:58:41	1016.9	24.6	45.8	12.7	1017.5	14.1	11.3	3641	3600	3641
2022-08-24T03:58:47	1017.1	23.8	46.0	12.7	1017.6	13.4	10.9	3493	3600	3493
2022-08-24T04:58:48	1017.1	23.1	46.1	12.7	1017.6	13.8	11.2	3539	3600	3539
2022-08-24T05:58:50	1017.4	22.8	46.6	12.7	1017.8	14.8	12.2	3562	3600	3562
2022-08-24T06:58:51	1017.8	22.7	47.2	12.7	1018.2	15.4	12.8	3440	3600	3440
2022-08-24T07:58:55	1018.2	22.8	48.7	12.8	1018.6	16.0	13.2	3477	3600	3477
2022-08-24T08:59:01	1018.5	23.1	50.1	12.9	1018.9	16.6	13.7	3538	3600	3538
2022-08-24T09:59:03	1018.8	23.5	50.8	13.0	1019.1	17.4	14.3	3506	3600	3506
2022-08-24T10:59:08	1018.8	25.0	51.3	13.4	1018.9	19.4	15.6	3446	3600	3446
2022-08-24T11:59:12	1018.5	27.2	51.5	13.7	1018.5	22.3	15.5	3495	3600	3495
2022-08-24T12:59:23	1018.2	31.5	49.6	13.9	1018.3	23.7	14.8	3501	3600	3501
2022-08-24T13:59:31	1017.9	32.2	48.3	13.9	1018.1	25.1	14.4	3495	3600	3495
2022-08-24T14:59:34	1017.7	31.8	48.1	13.9	1017.9	26.0	13.7	3542	3600	3542
2022-08-24T15:59:35	1017.5	32.0	47.8	13.8	1017.8	26.6	13.4	3496	3600	3496
2022-08-24T16:59:41	1017.2	32.1	47.5	13.6	1017.5	27.5	13.5	3580	3600	3580
2022-08-24T17:59:44	1017.1	32.1	47.2	13.3	1017.5	26.4	13.6	3709	3600	3709
2022-08-24T18:59:54	1017.1	31.6	47.1	12.9	1017.6	25.5	13.9	3595	3600	3595
2022-08-24T19:59:59	1017.7	31.1	47.0	12.8	1018.3	23.6	14.1	3464	3600	3464
2022-08-24T21:00:02	1018.1	30.5	46.9	12.8	1018.6	22.4	14.1	3518	3600	3518
2022-08-24T22:00:03	1018.2	29.9	46.9	12.8	1018.8	21.4	14.5	3538	3600	3538
2022-08-24T23:00:06	1018.4	29.3	47.0	12.8	1018.9	20.4	14.7	3488	3600	3488
2022-08-25T00:00:09	1018.5	28.7	47.2	12.8	1019.0	19.7	14.9	3483	3600	3483
2022-08-25T01:00:10	1018.2	28.1	47.5	12.8	1018.6	19.2	14.9	3417	3600	3417
2022-08-25T02:00:15	1018.0	27.6	48.0	12.7	1018.4	18.8	14.7	3617	3600	3617
2022-08-25T03:00:20	1017.9	27.1	48.4	12.7	1018.3	17.9	14.2	3546	3600	3546
2022-08-25T04:00:21	1017.7	26.5	48.6	12.7	1018.0	17.1	13.8	3451	3600	3451
2022-08-25T05:00:24	1017.3	25.9	49.0	12.6	1017.7	16.6	13.5	3523	3600	3523
2022-08-25T06:00:28	1017.4	25.3	49.3	12.7	1017.7	16.8	13.8	3397	3600	3397
2022-08-25T07:00:31	1017.6	25.2	50.0	12.7	1017.8	17.5	14.4	3526	3600	3526
2022-08-25T08:00:36	1017.7	25.2	50.8	12.8	1017.9	18.1	15.0	3556	3600	3556
2022-08-25T09:00:41	1017.7	25.5	51.4	12.8	1017.9	19.2	15.6	3575	3600	3575
2022-08-25T10:00:42	1017.5	26.0	52.0	13.1	1017.6	20.4	15.9	3510	3600	3510
2022-08-25T11:00:44	1017.1	27.6	52.4	13.4	1017.1	22.5	16.4	3499	3600	3499
2022-08-25T12:00:49	1016.5	31.7	51.1	13.7	1016.5	24.4	16.6	3569	3600	3569
2022-08-25T13:00:55	1016.0	32.9	49.8	14.1	1016.1	25.1	16.5	3588	3600	3588
2022-08-25T14:01:09	1015.4	33.2	49.3	14.2	1015.5	26.1	16.0	3692	3600	3692
2022-08-25T15:01:11	1014.8	33.3	48.9	13.9	1015.0	26.8	15.5	3574	3600	3574
2022-08-25T16:01:17	1014.2	33.6	48.4	13.7	1014.5	27.2	15.0	3687	3600	3687
2022-08-25T17:01:19	1013.6	33.5	48.1	13.5	1014.0	27.3	15.0	3743	3600	3743
2022-08-25T18:01:24	1013.2	33.2	47.9	13.2	1013.5	26.9	14.8	3739	3600	3739
2022-08-25T19:01:30	1013.0	32.8	47.8	12.9	1013.5	25.9	14.8	3769	3600	3769
2022-08-25T20:01:38	1013.2	32.3	47.5	12.8	1013.8	24.1	14.9	3751	3600	3751
2022-08-25T21:01:46	1013.5	31.4	47.3	12.8	1014.1	21.2	14.8	3661	3600	3661
2022-08-25T22:01:49	1013.4	30.4	47.1	12.8	1013.9	20.1	14.7	3738	3600	3738
2022-08-25T23:02:00	1013.2	29.7	47.2	12.8	1013.6	19.6	14.6	3676	3600	3676
2022-08-26T00:02:02	1013.0	29.0	47.4	12.8	1013.3	19.9	15.0	3806	3600	3806
2022-08-26T01:02:07	1012.6	28.7	47.9	12.7	1013.0	20.2	15.1	3711	3600	3711
2022-08-26T02:02:12	1012.2	28.2	48.1	12.7	1012.6	19.5	15.0	3726	3600	3726
2022-08-26T03:02:22	1012.0	27.8	48.2	12.6	1012.4	19.6	15.2	3642	3600	3642
2022-08-26T04:02:26	1011.9	27.4	48.3	12.7	1012.3	18.9	14.8	3581	3600	3581
2022-08-26T05:02:29	1011.6	26.9	48.6	12.7	1012.0	18.3	14.8	3806	3600	3806
2022-08-26T06:02:31	1011.5	26.5	48.9	12.7	1011.9	18.4	15.0	3648	3600	3648
2022-08-26T07:02:33	1011.8	26.5	49.7	12.8	1012.0	19.9	16.2	3632	3600	3632
2022-08-26T08:02:34	1011.6	27.1	51.0	13.0	1011.7	22.0	16.7	3770	3600	3770
2022-08-26T09:02:35	1011.4	28.4	51.1	13.3	1011.5	24.5	17.5	3659	3600	3659
2022-08-26T10:02:40	1011.1	30.6	50.6	13.5	1011.2	27.1	17.8	3777	3600	3777
2022-08-26T11:02:44	1010.6	32.3	50.0	13.3	1010.7	27.6	16.9	3724	3600	3724
2022-08-26T12:02:47	1010.2	31.5	50.2	12.9	1010.6	23.9	15.7	3731	3600	3731
2022-08-26T13:02:58	1010.1	29.4	50.3	12.8	1010.5	19.9	15.5	3149	3600	3149
2022-08-26T14:03:10	1010.0	28.4	51.3	12.8	1010.5	19.4	15.8	2973	3600	2973
2022-08-26T15:03:19	1010.5	27.7	52.7	12.8	1010.9	19.0	15.5	2828	3600	2828
2022-08-26T16:03:25	1009.7	27.2	53.7	12.7	1009.8	19.1	15.7	2914	3600	2914
2022-08-26T17:03:46	1008.3	26.9	54.3	12.8	1008.5	19.5	16.0	3035	3600	3035
2022-08-26T18:03:54	1008.8	26.8	55.2	12.7	1009.1	19.6	16.2	2974	3600	2974
2022-08-26T19:04:02	1008.9	26.6	55.5	12.7	1009.0	19.4	16.1	2973	3600	2973
2022-08-26T20:04:03	1008.6	26.3	55.5	12.7	1008.8	18.9	15.7	3016	3600	3016
2022-08-26T21:04:07	1009.3	25.9	55.5	12.7	1009.5	18.5	15.3	2991	3600	2991
2022-08-26T22:04:14	1009.3	25.6	55.6	12.7	1009.5	18.4	15.3	2937	3600	2937
2022-08-26T23:04:18	1009.5	25.4	55.8	12.7	1009.7	18.5	15.3	2845	3600	2845
2022-08-27T00:04:20	1009.2	25.3	55.9	12.7	1009.3	18.4	15.2	3094	3600	3094
2022-08-27T01:04:25	1008.5	25.1	56.1	12.6	1008.7	18.4	15.2	2920	3600	2920
2022-08-27T02:04:30	1008.8	24.9	56.3	12.7	1009.0	18.3	15.2	3045	3600	3045
2022-08-27T03:04:36	1008.7	24.8	56.3	12.7	1008.9	18.1	15.0	2991	3600	2991
2022-08-27T04:04:42	1008.9	24.6	56.3	12.7	1009.1	18.2	15.1	3050	3600	3050
2022-08-27T05:04:48	1008.8	24.6	56.6	12.6	1008.9	18.4	15.2	3033	3600	3033
2022-08-27T06:04:51	1008.8	24.5	56.7	12.7	1008.9	18.6	15.4	3018	3600	3018
2022-08-27T07:04:55	1008.8	24.6	57.7	12.7	1008.9	19.0	15.8	3109	3600	3109
2022-08-27T08:05:00	1009.1	24.7	59.3	12.7	1009.1	19.4	16.1	3079	3600	3079
2022-08-27T09:05:01	1009.4	25.0	59.6	12.7	1009.4	19.7	16.4	3037	3600	3037
2022-08-27T10:05:06	1009.5	25.2	60.9	12.8	1009.5	20.4	16.8	3056	3600	3056
2022-08-27T11:05:14	1009.4	25.4	62.1	12.8	1009.4	20.7	16.9	3079	3600	3079
2022-08-27T12:05:15	1009.5	25.9	62.8	13.1	1009.5	21.4	17.3	3113	3600	3113
2022-08-27T13:05:23	1009.8	26.8	62.9	13.2	1009.8	22.1	17.0	3027	3600	3027
2022-08-27T14:05:25	1009.6	27.3	62.5	13.4	1009.5	22.6	17.0	3069	3600	3069
2022-08-27T15:05:40	1009.4	28.0	61.8	13.2	1009.5	22.6	16.8	3120	3600	3120
2022-08-27T16:05:43	1009.6	27.6	61.2	13.0	1009.6	21.7	16.6	3124	3600	3124
2022-08-27T17:05:50	1009.9	27.2	61.1	12.9	1010.0	20.8	15.6	3098	3600	3098
2022-08-27T18:05:58	1010.1	26.8	60.4	12.8	1010.2	19.9	15.3	3056	3600	3056
2022-08-27T19:06:04	1010.6	26.3	60.4	12.8	1010.8	19.2	15.1	3081	3600	3081
2022-08-27T20:06:08	1011.0	26.0	60.4	12.7	1011.2	19.1	15.1	3119	3600	3119
2022-08-27T21:06:14	1011.2	25.8	60.3	12.7	1011.4	19.0	15.3	3074	3600	3074
2022-08-27T22:06:15	1011.5	25.7	60.6	12.6	1011.6	19.4	15.3	2994	3600	2994
2022-08-27T23:06:17	1011.6	25.5	60.9	12.6	1011.8	18.9	14.7	3088	3600	3088
2022-08-28T00:06:23	1011.6	25.3	60.6	12.6	1011.8	18.5	14.6	3093	3600	3093
2022-08-28T01:06:29	1011.6	25.1	60.3	12.6	1011.8	18.3	14.6	3116	3600	3116
2022-08-28T02:06:31	1011.9	24.9	60.4	12.6	1012.0	17.9	14.2	2966	3600	2966
2022-08-28T03:06:36	1011.9	24.5	59.8	12.6	1012.1	16.5	12.8	2954	3600	2954
2022-08-28T04:06:43	1012.0	24.0	58.8	12.6	1012.2	15.8	12.4	3035	3600	3035
2022-08-28T05:06:50	1012.1	23.6	58.2	12.6	1012.4	15.3	12.1	3047	3600	3047
2022-08-28T06:06:52	1012.5	23.1	57.7	12.6	1012.8	14.4	11.7	3136	3600	3136
2022-08-28T07:06:59	1012.8	22.6	57.4	12.6	1013.1	14.4	11.8	3135	3600	3135
2022-08-28T08:07:08	1013.1	22.5	57.7	12.7	1013.3	14.8	11.9	2973	3600	2973
2022-08-28T09:07:12	1013.7	22.4	58.1	12.8	1013.9	15.2	12.1	3081	3600	3081
2022-08-28T10:07:19	1014.0	22.5	58.5	12.8	1014.2	15.7	12.3	3046	3600	3046
2022-08-28T11:07:26	1014.2	22.7	58.7	13.0	1014.5	16.1	12.5	2982	3600	2982
2022-08-28T12:07:34	1014.6	22.8	58.8	13.1	1014.8	16.5	12.5	3078	3600	3078
2022-08-28T13:07:36	1014.7	23.5	59.0	13.4	1014.9	17.9	12.9	3063	3600	3063
2022-08-28T14:07:43	1014.5	24.8	58.3	13.5	1014.7	19.0	13.2	3130	3600	3130
2022-08-28T15:07:51	1014.2	25.4	57.6	13.6	1014.3	20.1	13.1	3015	3600	3015
2022-08-28T16:07:54	1013.9	26.0	56.7	13.5	1014.1	21.2	12.3	3030	3600	3030
2022-08-28T17:07:57	1013.8	26.1	55.0	13.3	1014.1	21.5	11.0	3130	3600	3130
2022-08-28T18:07:59	1013.8	26.0	53.1	13.1	1014.3	20.6	10.5	3062	3600	3062
2022-08-28T19:08:11	1014.0	25.6	52.0	12.9	1014.6	19.0	11.3	2988	3600	2988
2022-08-28T20:08:19	1014.6	24.8	51.5	12.8	1015.3	17.0	10.8	3021	3600	3021
2022-08-28T21:08:24	1015.2	24.1	51.2	12.8	1015.9	15.5	10.6	2998	3600	2998
2022-08-28T22:08:33	1015.6	23.4	50.9	12.8	1016.1	13.8	10.4	3159	3600	3159
2022-08-28T23:08:34	1015.8	22.7	50.6	12.8	1016.3	13.2	10.1	3112	3600	3112
2022-08-29T00:08:41	1016.0	22.0	50.5	12.7	1016.5	12.9	9.8	3023	3600	3023
2022-08-29T01:08:49	1016.0	21.5	50.5	12.7	1016.4	12.6	9.7	3030	3600	3030
2022-08-29T02:08:55	1015.9	20.9	50.6	12.7	1016.3	12.3	9.7	3113	3600	3113
2022-08-29T03:08:57	1016.0	20.4	50.7	12.7	1016.5	12.1	9.6	3079	3600	3079
2022-08-29T04:08:58	1016.3	19.9	50.8	12.7	1016.7	11.7	9.4	3070	3600	3070
2022-08-29T05:09:01	1016.2	19.5	50.9	12.7	1016.5	11.4	9.4	3054	3600	3054
2022-08-29T06:09:06	1016.3	19.1	50.9	12.6	1016.6	11.6	9.7	3082	3600	3082
2022-08-29T07:09:08	1016.5	19.1	51.3	12.7	1016.9	13.0	10.4	3091	3600	3091
2022-08-29T08:09:10	1017.0	19.5	51.7	12.7	1017.4	13.9	10.8	3109	3600	3109
2022-08-29T09:09:20	1017.3	19.8	52.0	12.7	1017.6	14.8	11.3	3165	3600	3165
2022-08-29T10:09:31	1017.5	20.5	52.2	13.0	1017.9	16.2	12.1	3065	3600	3065
2022-08-29T11:09:32	1017.7	21.4	52.3	13.0	1018.0	17.2	12.5	2957	3600	2957
2022-08-29T12:09:37	1017.8	22.0	52.4	13.1	1018.1	17.8	12.4	3064	3600	3064
2022-08-29T13:09:45	1017.6	23.3	52.3	13.4	1017.9	19.5	13.1	3099	3600	3099
2022-08-29T14:09:51	1017.4	25.5	51.7	13.6	1017.6	20.8	13.4	2929	3600	2929
2022-08-29T15:09:58	1017.1	26.4	51.4	13.7	1017.4	21.8	13.2	3121	3600	3121
2022-08-29T16:10:06	1016.8	26.8	51.3	13.5	1017.1	22.1	12.4	2953	3600	2953
2022-08-29T17:10:10	1016.5	26.7	51.2	13.4	1017.0	22.3	12.1	3155	3600	3155
2022-08-29T18:10:14	1016.4	26.6	50.9	13.0	1017.0	21.3	11.9	3061	3600	3061
2022-08-29T19:10:24	1016.5	26.0	50.8	12.9	1017.1	19.3	12.4	3086	3600	3086
2022-08-29T20:10:28	1017.0	25.2	50.6	12.8	1017.7	16.8	12.3	3133	3600	3133
2022-08-29T21:10:35	1017.5	24.5	50.2	12.8	1018.1	15.6	12.0	3074	3600	3074
2022-08-29T22:10:40	1017.9	23.9	50.1	12.8	1018.5	15.7	11.9	3016	3600	3016
2022-08-29T23:10:46	1018.1	23.5	50.1	12.8	1018.6	15.1	11.7	3034	3600	3034
2022-08-30T00:10:55	1018.3	23.0	50.1	12.8	1018.8	14.0	11.3	2970	3600	2970
2022-08-30T01:11:01	1018.3	22.4	50.2	12.7	1018.8	13.6	11.3	2944	3600	2944
2022-08-30T02:11:02	1018.3	21.9	50.3	12.7	1018.8	13.5	11.3	3065	3600	3065
2022-08-30T03:11:07	1018.5	21.5	50.7	12.7	1018.9	13.6	11.4	2970	3600	2970
2022-08-30T04:11:14	1018.4	21.2	51.8	12.7	1018.7	13.6	11.4	3075	3600	3075
2022-08-30T05:11:19	1018.5	20.9	52.6	12.7	1018.9	13.0	11.0	2982	3600	2982
2022-08-30T06:11:31	1018.7	20.6	53.6	12.7	1019.0	13.2	11.1	2884	3600	2884
2022-08-30T07:11:38	1019.1	20.5	54.3	12.7	1019.4	13.6	11.4	2989	3600	2989
2022-08-30T08:11:40	1019.4	20.6	55.0	12.8	1019.6	14.3	11.9	2814	3600	2814
2022-08-30T09:11:50	1019.6	21.2	55.3	12.9	1019.9	15.5	12.8	3026	3600	3026
2022-08-30T10:11:59	1019.8	22.4	55.4	13.2	1020.1	16.8	13.8	3012	3600	3012
2022-08-30T11:12:08	1019.9	24.3	55.6	13.4	1020.2	18.1	13.0	3087	3600	3087
2022-08-30T12:12:12	1019.6	29.6	53.2	13.6	1019.9	19.8	12.4	3033	3600	3033
2022-08-30T13:12:17	1019.3	30.8	51.0	14.0	1019.6	20.6	12.4	3068	3600	3068
2022-08-30T14:12:20	1019.0	29.6	49.9	13.6	1019.4	20.8	11.6	3007	3600	3007
2022-08-30T15:12:24	1018.6	28.5	49.3	13.8	1019.0	21.2	11.0	2973	3600	2973
2022-08-30T16:12:29	1018.5	28.5	48.3	13.7	1019.1	21.0	12.1	3059	3600	3059
2022-08-30T17:12:30	1018.5	28.1	48.4	13.5	1019.0	20.6	12.0	3030	3600	3030
2022-08-30T18:12:32	1018.4	27.5	48.4	13.1	1019.0	19.8	11.9	3037	3600	3037
2022-08-30T19:12:35	1018.6	27.0	48.5	12.9	1019.3	18.9	11.4	3051	3600	3051
2022-08-30T20:12:39	1019.0	26.3	48.4	12.8	1019.8	17.7	11.1	3130	3600	3130
2022-08-30T21:12:44	1019.3	25.6	48.3	12.8	1020.0	16.1	11.1	3014	3600	3014
2022-08-30T22:12:46	1019.6	24.8	48.3	12.8	1020.2	15.5	11.1	3109	3600	3109
2022-08-30T23:12:47	1019.6	24.2	48.5	12.8	1020.3	15.3	10.8	3033	3600	3033
2022-08-31T00:13:00	1019.9	23.6	48.7	12.8	1020.6	14.1	10.3	2972	3600	2972
2022-08-31T01:13:05	1020.1	22.8	48.9	12.8	1020.7	13.3	10.1	2918	3600	2918
2022-08-31T02:13:10	1020.0	22.1	49.2	12.8	1020.6	12.7	9.8	3086	3600	3086
2022-08-31T03:13:21	1020.3	21.5	49.7	12.7	1020.8	12.4	9.9	3082	3600	3082
2022-08-31T04:13:28	1020.2	21.0	50.4	12.7	1020.6	12.6	10.0	2986	3600	2986
2022-08-31T05:13:29	1020.0	20.6	51.0	12.7	1020.5	12.3	10.0	3089	3600	3089
2022-08-31T06:13:37	1020.4	20.1	51.4	12.7	1020.8	11.8	9.9	2972	3600	2972
2022-08-31T07:13:39	1020.6	19.9	52.3	12.8	1021.0	12.6	10.3	2951	3600	2951
2022-08-31T08:13:44	1020.9	20.0	53.5	13.0	1021.3	14.7	10.7	3062	3600	3062
2022-08-31T09:13:47	1021.1	21.0	53.8	13.3	1021.5	17.0	10.8	2975	3600	2975
2022-08-31T10:13:55	1021.3	22.7	53.6	13.6	1021.7	18.3	9.8	2981	3600	2981
2022-08-31T11:14:00	1021.2	26.2	52.1	14.0	1021.8	19.4	9.2	3039	3600	3039
2022-08-31T14:00:13	1020.3	29.7	41.1	14.4	1021.0	20.8	8.4	3068	3600	3068
2022-08-31T15:00:17	1019.9	29.6	40.6	13.9	1020.7	21.1	8.2	3161	3600	3161
2022-08-31T16:00:22	1019.8	29.2	40.2	13.7	1020.6	20.8	8.2	3073	3600	3073
2022-08-31T17:00:23	1019.5	28.7	40.3	13.5	1020.4	20.8	8.0	3145	3600	3145
2022-08-31T18:00:27	1019.2	28.4	40.6	13.2	1020.1	20.4	8.5	3297	3600	3297
2022-08-31T19:00:34	1019.4	27.7	40.8	12.9	1020.4	19.1	8.8	3191	3600	3191
2022-08-31T20:00:37	1019.9	26.8	41.1	12.9	1020.9	16.8	9.5	3108	3600	3108
2022-08-31T21:00:39	1020.1	25.8	41.5	12.8	1021.0	15.0	9.8	3088	3600	3088
2022-08-31T22:00:49	1020.2	24.9	41.9	12.8	1021.1	15.1	9.3	3155	3600	3155
2022-08-31T23:00:50	1020.4	24.2	42.4	12.8	1021.3	15.1	9.2	3151	3600	3151
2022-09-01T00:00:53	1020.6	23.7	43.0	12.8	1021.5	15.0	9.4	3047	3600	3047
2022-09-01T01:00:59	1020.6	23.3	43.5	12.8	1021.4	14.9	9.5	3156	3600	3156
2022-09-01T02:01:03	1020.5	22.9	44.0	12.8	1021.2	14.8	9.5	3096	3600	3096
2022-09-01T03:01:08	1020.4	22.5	44.6	12.8	1021.2	14.4	9.3	3125	3600	3125
2022-09-01T04:01:14	1020.4	22.1	45.0	12.7	1021.1	14.1	9.3	3064	3600	3064
2022-09-01T05:01:21	1020.3	21.6	45.5	12.7	1021.0	13.1	9.3	3117	3600	3117
2022-09-01T06:01:28	1020.3	21.0	46.0	12.7	1020.9	11.6	9.1	3135	3600	3135
2022-09-01T07:01:32	1020.4	20.4	46.9	12.8	1021.0	12.2	9.4	3064	3600	3064
2022-09-01T08:01:35	1020.5	20.4	47.8	12.9	1021.1	14.3	9.8	3116	3600	3116
2022-09-01T09:01:42	1020.7	21.1	48.4	13.3	1021.3	16.3	9.8	3089	3600	3089
2022-09-01T10:01:46	1020.8	22.5	48.9	13.6	1021.3	17.8	9.4	3245	3600	3245
2022-09-01T11:01:47	1020.6	25.9	48.1	13.8	1021.2	18.6	9.0	3117	3600	3117
2022-09-01T12:01:50	1020.4	29.0	45.3	13.9	1021.1	18.9	8.8	3294	3600	3294
2022-09-01T13:01:56	1020.2	28.0	43.8	13.7	1021.0	19.6	8.3	3142	3600	3142
2022-09-01T14:01:57	1020.1	27.0	43.7	13.8	1020.8	19.6	8.5	3177	3600	3177
2022-09-01T15:02:03	1019.8	27.0	43.2	14.3	1020.5	19.9	8.3	3152	3600	3152
2022-09-01T16:02:06	1019.3	27.4	42.7	14.0	1020.0	20.6	8.5	3296	3600	3296
2022-09-01T17:02:20	1019.0	27.2	42.3	13.5	1019.8	20.0	8.4	3271	3600	3271
2022-09-01T18:02:23	1018.8	26.6	42.1	13.1	1019.7	19.3	8.7	3178	3600	3178
2022-09-01T19:02:24	1018.9	26.1	42.3	12.9	1019.9	18.2	8.9	3288	3600	3288
2022-09-01T20:02:32	1019.3	25.4	42.4	12.8	1020.3	16.3	9.0	3286	3600	3286
2022-09-01T21:02:37	1019.6	24.6	42.6	12.8	1020.5	15.1	9.0	3156	3600	3156
2022-09-01T22:02:52	1019.7	23.8	42.8	12.8	1020.6	14.1	9.0	3255	3600	3255
2022-09-01T23:02:54	1019.7	23.0	43.1	12.8	1020.5	12.9	8.9	3245	3600	3245
2022-09-02T00:03:08	1019.6	22.2	43.4	12.8	1020.4	12.2	8.9	3175	3600	3175
2022-09-02T01:03:16	1019.6	21.4	43.6	12.7	1020.2	10.9	8.6	3178	3600	3178
2022-09-02T02:03:22	1019.3	20.5	43.8	12.7	1019.9	10.2	8.5	3323	3600	3323
2022-09-02T03:03:29	1019.1	19.8	44.1	12.7	1019.6	9.5	8.4	3245	3600	3245
2022-09-02T04:03:30	1018.9	19.1	44.4	12.7	1019.4	9.6	8.5	3225	3600	3225
2022-09-02T05:03:33	1018.7	18.7	44.8	12.7	1019.1	10.6	8.8	3132	3600	3132
2022-09-02T06:03:41	1018.8	18.3	45.2	12.7	1019.2	9.8	8.6	3150	3600	3150
2022-09-02T07:03:44	1018.9	17.9	45.7	12.7	1019.3	10.7	9.0	3170	3600	3170
2022-09-02T08:03:45	1018.9	18.3	46.2	12.8	1019.3	12.9	9.6	3220	3600	3220
2022-09-02T09:03:50	1018.9	19.3	46.7	13.2	1019.4	15.7	10.6	3246	3600	3246
2022-09-02T10:03:58	1018.9	21.3	47.1	13.6	1019.3	18.7	10.8	3224	3600	3224
2022-09-02T11:04:03	1018.6	26.2	46.7	13.9	1019.0	20.3	10.1	3125	3600	3125
2022-09-02T12:04:05	1018.1	32.7	44.0	14.1	1018.6	22.1	9.7	3172	3600	3172
2022-09-02T13:04:15	1017.8	31.2	43.2	14.0	1018.4	20.7	9.2	3251	3600	3251
2022-09-02T14:04:18	1017.3	29.3	44.1	14.2	1018.0	20.8	9.0	3220	3600	3220
2022-09-02T15:04:20	1016.8	28.7	44.2	14.0	1017.5	21.5	8.8	3274	3600	3274
2022-09-02T16:04:21	1016.3	28.6	44.0	13.8	1017.0	21.3	8.7	3339	3600	3339
2022-09-02T17:04:26	1016.0	28.1	43.9	13.5	1016.8	20.6	8.3	3286	3600	3286
2022-09-02T18:04:30	1015.9	27.8	43.7	13.2	1016.7	19.7	8.2	3328	3600	3328
2022-09-02T19:04:32	1015.7	26.9	43.5	12.9	1016.6	17.8	8.0	3349	3600	3349
2022-09-02T20:04:41	1015.9	25.9	43.5	12.8	1017.0	16.6	8.0	3298	3600	3298
2022-09-02T21:04:43	1016.2	25.3	43.5	12.8	1017.2	16.6	8.0	3379	3600	3379
2022-09-02T22:04:49	1016.5	24.7	43.6	12.8	1017.4	15.2	7.8	3308	3600	3308
2022-09-02T23:04:56	1016.7	23.8	43.7	12.8	1017.5	14.1	7.8	3314	3600	3314
2022-09-03T00:04:59	1016.7	23.0	43.8	12.8	1017.5	13.5	7.8	3426	3600	3426
2022-09-03T01:05:00	1016.4	22.3	43.9	12.8	1017.1	13.0	7.7	3409	3600	3409
2022-09-03T02:05:07	1016.1	21.7	44.1	12.7	1016.9	12.7	7.7	3390	3600	3390
2022-09-03T03:05:12	1016.0	21.2	44.3	12.7	1016.7	12.7	7.7	3292	3600	3292
2022-09-03T04:05:15	1016.0	20.6	44.5	12.7	1016.7	12.1	7.7	3352	3600	3352
2022-09-03T05:05:17	1016.1	20.1	44.6	12.7	1016.8	11.8	7.6	3413	3600	3413
2022-09-03T06:05:21	1016.1	19.7	44.8	12.6	1016.7	11.8	7.7	3283	3600	3283
2022-09-03T07:05:30	1016.2	19.6	45.1	12.7	1016.8	12.6	7.9	3266	3600	3266
2022-09-03T08:05:31	1016.3	19.8	45.4	12.8	1016.9	13.8	8.3	3326	3600	3326
2022-09-03T09:05:41	1016.4	20.7	45.7	13.2	1017.0	15.2	8.7	3333	3600	3333
2022-09-03T10:05:46	1016.3	22.5	45.9	13.5	1016.9	17.8	9.2	3342	3600	3342
2022-09-03T11:05:49	1015.9	27.5	45.1	13.8	1016.4	21.1	9.0	3363	3600	3363
2022-09-03T12:05:50	1015.4	31.8	42.7	13.7	1016.0	21.1	8.1	3408	3600	3408
2022-09-03T13:05:57	1015.0	29.4	43.0	14.3	1015.5	21.6	7.9	3487	3600	3487
2022-09-03T14:06:01	1014.5	30.3	42.2	14.5	1015.1	22.9	7.9	3414	3600	3414
2022-09-03T15:06:02	1014.2	29.7	41.7	14.3	1014.9	21.8	7.6	3430	3600	3430
2022-09-03T16:06:09	1013.9	29.3	41.4	13.9	1014.7	21.5	7.3	3491	3600	3491
2022-09-03T17:06:15	1013.8	28.7	40.9	13.5	1014.7	21.1	7.6	3408	3600	3408
2022-09-03T18:06:20	1013.9	28.2	40.6	13.1	1014.8	20.5	7.5	3454	3600	3454
2022-09-03T19:06:32	1014.0	27.6	40.6	12.9	1015.0	18.9	8.1	3445	3600	3445
2022-09-03T20:06:35	1014.4	26.9	40.8	12.8	1015.5	17.9	7.7	3436	3600	3436
2022-09-03T21:06:40	1014.7	26.2	41.0	12.8	1015.7	17.4	7.8	3341	3600	3341
2022-09-03T22:06:47	1015.0	25.7	41.3	12.8	1016.0	17.1	7.8	3334	3600	3334
2022-09-03T23:06:53	1015.2	25.2	41.6	12.8	1016.2	16.9	7.5	3446	3600	3446
2022-09-04T00:06:59	1015.5	24.6	41.8	12.8	1016.5	16.0	7.5	3356	3600	3356
2022-09-04T01:07:03	1015.7	24.0	42.0	12.8	1016.6	16.0	7.2	3394	3600	3394
2022-09-04T02:07:06	1016.0	23.6	42.2	12.7	1016.9	15.5	7.4	3372	3600	3372
2022-09-04T03:07:16	1016.2	23.0	42.4	12.7	1017.1	14.8	7.5	3324	3600	3324
2022-09-04T04:07:21	1016.3	22.5	42.6	12.6	1017.2	14.0	7.7	3313	3600	3313
2022-09-04T05:07:23	1016.5	21.9	42.8	12.7	1017.4	13.4	7.7	3253	3600	3253
2022-09-04T06:07:31	1016.8	21.4	43.0	12.7	1017.6	13.5	7.7	3286	3600	3286
2022-09-04T07:07:40	1017.7	21.4	43.3	12.8	1018.5	14.4	8.0	3409	3600	3409
2022-09-04T08:07:43	1018.1	21.6	43.7	13.0	1018.9	15.2	8.2	3386	3600	3386
2022-09-04T09:07:46	1018.5	22.4	44.0	13.4	1019.2	17.4	9.1	3318	3600	3318
2022-09-04T10:07:53	1018.9	24.3	44.1	13.7	1019.5	19.3	9.6	3270	3600	3270
2022-09-04T11:07:55	1018.8	28.9	43.4	14.1	1019.4	21.9	9.8	3341	3600	3341
2022-09-04T12:08:02	1018.8	33.5	41.2	14.2	1019.4	23.2	9.8	3274	3600	3274
2022-09-04T13:08:12	1018.6	35.0	39.9	13.9	1019.2	23.9	9.6	3320	3600	3320
2022-09-04T14:08:19	1018.4	33.4	40.4	13.9	1019.0	24.1	9.4	3309	3600	3309
2022-09-04T15:08:23	1018.5	32.3	40.9	13.9	1019.2	24.3	9.2	3404	3600	3404
2022-09-04T16:08:26	1018.6	31.9	41.0	13.9	1019.2	24.0	8.9	3410	3600	3410
2022-09-04T17:08:32	1018.7	31.3	40.9	13.6	1019.5	23.3	8.9	3358	3600	3358
2022-09-04T18:08:33	1019.0	30.6	41.0	13.1	1019.9	22.0	9.3	3323	3600	3323
2022-09-04T19:08:37	1019.4	29.8	41.1	12.9	1020.4	19.6	9.8	3439	3600	3439
2022-09-04T20:08:39	1020.1	28.5	41.3	12.8	1021.0	16.8	9.7	3391	3600	3391
2022-09-04T21:08:45	1020.2	27.6	41.6	12.8	1021.1	17.8	8.6	3345	3600	3345
2022-09-04T22:08:51	1020.5	26.9	41.9	12.8	1021.5	16.8	8.9	3344	3600	3344
2022-09-04T23:08:56	1021.0	26.0	42.1	12.8	1021.9	15.7	8.9	3293	3600	3293
2022-09-05T00:08:57	1021.1	25.2	42.4	12.8	1021.9	15.8	9.1	3347	3600	3347
2022-09-05T01:09:01	1021.2	24.9	42.9	12.8	1022.0	16.8	8.9	3291	3600	3291
2022-09-05T02:09:07	1021.2	24.6	43.3	12.7	1022.0	17.0	8.7	3183	3600	3183
2022-09-05T03:09:18	1021.7	24.3	43.5	12.7	1022.4	16.6	8.6	3216	3600	3216
2022-09-05T04:09:24	1021.9	23.9	43.7	12.7	1022.6	15.6	8.5	3177	3600	3177
2022-09-05T05:09:31	1021.6	23.3	43.8	12.7	1022.4	14.6	8.4	3237	3600	3237
2022-09-05T06:09:37	1021.8	22.7	43.8	12.7	1022.5	14.0	8.6	3131	3600	3131
2022-09-05T07:09:43	1022.1	22.4	44.0	12.7	1022.8	14.6	9.0	3085	3600	3085
2022-09-05T08:09:50	1022.4	22.6	44.3	13.0	1023.0	16.1	9.6	3346	3600	3346
2022-09-05T09:09:57	1022.5	23.5	44.7	13.3	1023.0	18.1	10.0	3189	3600	3189
2022-09-05T10:10:00	1022.4	25.1	44.9	13.6	1022.8	20.4	10.5	3216	3600	3216
2022-09-05T11:10:05	1022.1	29.7	44.2	13.9	1022.5	22.4	10.7	3247	3600	3247
2022-09-05T12:10:08	1021.6	34.7	41.9	14.3	1022.0	23.6	10.7	3249	3600	3249
2022-09-05T13:10:11	1021.1	35.9	40.4	14.4	1021.6	23.9	10.6	3240	3600	3240
2022-09-05T14:10:14	1020.8	33.6	41.0	14.5	1021.3	24.0	10.6	3159	3600	3159
2022-09-05T15:10:20	1020.4	32.9	41.4	13.9	1021.0	24.4	10.6	3267	3600	3267
2022-09-05T16:10:22	1020.0	32.4	41.5	13.9	1020.6	24.2	10.6	3250	3600	3250
2022-09-05T17:10:29	1019.7	31.7	41.6	13.8	1020.3	23.4	10.3	3298	3600	3298
2022-09-05T18:10:35	1019.6	31.2	41.6	13.1	1020.3	22.4	10.1	3226	3600	3226
2022-09-05T19:10:38	1019.7	30.4	41.7	12.8	1020.4	20.8	9.8	3240	3600	3240
2022-09-05T20:10:43	1019.9	29.4	41.9	12.8	1020.8	19.2	9.7	3431	3600	3431
2022-09-05T21:10:50	1019.9	28.5	42.1	12.8	1020.8	18.1	9.4	3229	3600	3229
2022-09-05T22:10:56	1019.8	27.6	42.3	12.8	1020.6	17.4	9.1	3350	3600	3350
2022-09-05T23:10:59	1019.7	26.8	42.6	12.7	1020.5	17.2	8.6	3281	3600	3281
2022-09-06T00:11:00	1019.5	26.1	42.9	12.8	1020.3	16.8	8.1	3258	3600	3258
2022-09-06T01:11:03	1019.3	25.5	43.0	12.8	1020.0	16.3	7.6	3344	3600	3344
2022-09-06T02:11:10	1019.1	24.9	43.1	12.7	1019.9	15.8	7.1	3308	3600	3308
2022-09-06T03:11:20	1019.0	24.3	43.1	12.7	1019.8	15.4	6.8	3348	3600	3348
2022-09-06T04:11:21	1018.9	23.7	43.1	12.7	1019.7	14.9	6.7	3330	3600	3330
2022-09-06T05:11:25	1018.8	23.1	43.2	12.7	1019.6	14.2	6.8	3347	3600	3347
2022-09-06T06:11:29	1018.5	22.6	43.3	12.7	1019.2	13.9	7.1	3324	3600	3324
2022-09-06T07:11:31	1018.4	22.3	43.4	12.8	1019.1	14.3	7.6	3371	3600	3371
2022-09-06T08:11:39	1018.3	22.5	43.7	13.1	1019.0	15.8	7.9	3351	3600	3351
2022-09-06T09:11:47	1018.1	23.2	43.9	13.3	1018.8	16.9	8.2	3317	3600	3317
2022-09-06T10:11:49	1018.2	24.1	44.1	13.5	1018.8	18.2	8.8	3438	3600	3438
2022-09-06T11:12:05	1017.8	25.2	43.9	13.5	1018.3	18.4	9.0	3371	3600	3371
2022-09-06T12:12:08	1017.2	25.4	44.0	13.6	1017.7	19.4	9.4	3353	3600	3353
2022-09-06T13:12:12	1016.8	25.8	43.9	13.5	1017.4	20.0	9.7	3450	3600	3450
2022-09-06T14:12:20	1016.4	26.5	43.9	14.2	1016.9	21.5	10.1	3421	3600	3421
2022-09-06T15:12:22	1015.8	28.0	43.6	14.5	1016.3	22.5	10.2	3436	3600	3436
2022-09-06T16:12:23	1015.7	28.4	43.4	14.2	1016.2	22.7	10.2	3530	3600	3530
2022-09-06T17:12:30	1015.3	28.1	43.4	13.4	1015.8	21.8	10.1	3474	3600	3474
2022-09-06T18:12:35	1014.9	27.7	43.5	13.0	1015.5	21.1	9.9	3606	3600	3606
2022-09-06T19:12:39	1014.9	27.2	43.6	12.8	1015.5	20.4	9.8	3454	3600	3454
2022-09-06T20:12:43	1015.0	26.9	43.5	12.8	1015.7	19.8	9.5	3516	3600	3516
2022-09-06T21:12:44	1015.1	26.6	43.5	12.7	1015.8	19.6	8.9	3498	3600	3498
2022-09-06T22:12:51	1014.8	26.3	43.5	12.8	1015.5	19.0	9.0	3570	3600	3570
2022-09-06T23:12:52	1014.2	25.9	43.5	12.8	1014.8	18.4	8.7	3541	3600	3541
2022-09-07T00:12:55	1013.9	25.6	43.5	12.8	1014.5	18.0	8.6	3528	3600	3528
2022-09-07T01:13:00	1013.8	25.1	43.5	12.7	1014.5	17.0	8.6	3533	3600	3533
2022-09-07T02:13:13	1013.4	24.5	43.5	12.7	1014.1	15.7	8.5	3515	3600	3515
2022-09-07T03:13:18	1013.1	23.9	43.6	12.7	1013.8	15.1	8.3	3549	3600	3549
2022-09-07T04:13:25	1013.0	23.3	43.6	12.7	1013.6	14.2	8.2	3423	3600	3423
2022-09-07T05:13:30	1012.7	22.6	43.7	12.7	1013.3	13.6	8.1	3591	3600	3591
2022-09-07T06:13:32	1012.4	22.0	43.8	12.7	1013.0	13.2	8.2	3682	3600	3682
2022-09-07T07:13:36	1012.1	21.8	44.1	12.8	1012.7	14.7	8.7	3638	3600	3638
2022-09-07T08:13:39	1012.0	22.1	44.6	13.0	1012.5	16.2	9.1	3628	3600	3628
2022-09-07T09:13:45	1011.9	23.0	45.0	13.4	1012.3	18.1	9.8	3542	3600	3542
2022-09-07T10:13:49	1011.7	25.3	45.1	13.7	1012.1	20.4	10.7	3663	3600	3663
2022-09-07T11:13:52	1011.4	29.0	44.2	13.6	1011.8	21.6	11.1	3509	3600	3509
2022-09-07T12:13:59	1011.1	27.8	44.5	13.3	1011.5	21.9	11.9	3667	3600	3667
2022-09-07T13:14:03	1011.1	27.6	45.0	13.4	1011.4	22.4	12.1	3600	3600	3600
2022-09-07T14:14:07	1010.6	28.2	45.6	13.3	1011.0	22.8	12.8	3490	3600	3490
2022-09-07T15:14:15	1010.3	28.5	46.5	13.3	1010.6	22.9	12.8	3571	3600	3571
2022-09-07T16:14:17	1009.9	29.0	46.4	13.9	1010.2	23.5	12.7	3575	3600	3575
2022-09-07T17:14:24	1009.7	29.4	46.1	13.3	1010.0	23.6	12.7	3557	3600	3557
2022-09-07T18:14:29	1009.1	29.1	46.2	12.9	1009.4	23.2	12.7	3635	3600	3635
2022-09-07T19:14:35	1009.0	28.7	46.2	12.8	1009.5	21.8	12.7	3700	3600	3700
2022-09-07T20:14:36	1009.5	28.2	46.0	12.8	1010.0	20.6	12.2	3715	3600	3715
2022-09-07T21:14:48	1009.5	27.7	45.8	12.8	1010.0	18.9	11.8	3630	3600	3630
2022-09-07T22:14:49	1009.1	27.0	45.6	12.8	1009.5	17.7	11.8	3572	3600	3572
2022-09-07T23:14:50	1008.9	26.4	45.6	12.7	1009.3	17.2	11.7	3733	3600	3733
2022-09-08T00:14:56	1008.7	25.9	45.7	12.7	1009.1	17.3	11.2	3769	3600	3769
2022-09-08T01:15:00	1008.2	25.5	45.8	12.7	1008.6	17.3	10.5	3621	3600	3621
2022-09-08T02:15:01	1008.1	25.1	45.8	12.7	1008.5	16.9	10.2	3738	3600	3738
2022-09-08T03:15:08	1007.9	24.7	45.9	12.7	1008.3	16.7	9.9	3679	3600	3679
2022-09-08T04:15:10	1007.5	24.4	45.9	12.7	1007.9	16.6	9.4	3702	3600	3702
2022-09-08T05:15:16	1007.1	24.0	45.9	12.7	1007.5	16.1	9.1	3728	3600	3728
2022-09-08T06:15:23	1006.8	23.6	45.9	12.7	1007.3	15.7	9.0	3640	3600	3640
2022-09-08T07:15:28	1006.7	23.4	45.9	12.7	1007.2	15.8	8.8	3862	3600	3862
2022-09-08T08:15:35	1006.8	23.3	46.0	12.7	1007.4	16.1	9.0	3832	3600	3832
2022-09-08T09:15:38	1006.6	23.6	46.0	12.9	1007.1	17.0	9.6	3759	3600	3759
2022-09-08T10:15:40	1006.4	23.8	46.0	12.8	1006.8	16.8	9.9	3708	3600	3708
2022-09-08T11:15:46	1006.4	23.3	46.1	12.7	1007.0	15.4	10.5	3825	3600	3825
2022-09-08T13:33:47	1005.4	21.8	47.7	12.8	1005.8	15.2	12.3	3537	3600	3537
2022-09-08T14:33:53	1005.1	22.6	47.5	13.0	1005.3	16.4	13.3	3521	3600	3521
2022-09-08T15:33:54	1004.8	22.9	47.8	12.8	1005.0	16.9	13.6	3481	3600	3481
2022-09-08T16:34:00	1004.6	22.8	48.5	12.7	1004.8	17.0	13.9	3459	3600	3459
2022-09-08T17:34:03	1004.5	22.8	49.3	12.7	1004.7	17.3	14.1	3467	3600	3467
2022-09-08T18:34:12	1005.0	22.8	49.7	12.7	1005.2	17.0	13.7	3450	3600	3450
2022-09-08T19:34:15	1005.6	22.6	49.6	12.6	1005.8	16.2	13.1	3403	3600	3403
2022-09-08T20:34:21	1006.0	22.5	49.4	12.6	1006.2	15.9	13.0	3464	3600	3464
2022-09-08T21:34:24	1006.4	22.5	49.4	12.6	1006.6	16.1	13.2	3457	3600	3457
2022-09-08T22:34:30	1006.9	22.4	49.5	12.6	1007.1	16.0	13.0	3539	3600	3539
2022-09-08T23:34:33	1007.3	22.4	49.3	12.6	1007.4	15.2	12.3	3447	3600	3447
2022-09-09T00:34:34	1007.5	22.1	48.8	12.6	1007.6	14.3	11.8	3459	3600	3459
2022-09-09T01:34:36	1007.5	21.5	48.7	12.6	1007.6	13.5	11.2	3501	3600	3501
2022-09-09T02:34:38	1007.3	21.7	48.2	12.6	1007.5	13.7	11.5	3486	3600	3486
2022-09-09T03:34:41	1007.4	21.5	48.0	12.6	1007.5	13.6	11.3	3379	3600	3379
2022-09-09T04:34:46	1007.6	21.1	48.0	12.6	1007.7	13.3	11.2	3447	3600	3447
2022-09-09T05:34:48	1007.7	20.9	48.1	12.6	1007.9	12.6	10.5	3475	3600	3475
2022-09-09T06:34:55	1007.9	20.7	48.0	12.6	1008.0	13.3	11.2	3581	3600	3581
2022-09-09T07:34:59	1008.2	20.9	48.4	12.7	1008.3	14.5	11.7	3443	3600	3443
2022-09-09T08:35:09	1008.3	21.5	48.9	13.0	1008.4	16.1	12.2	3321	3600	3321
2022-09-09T09:35:10	1008.6	22.5	49.3	13.3	1008.7	17.5	12.6	3506	3600	3506
2022-09-09T10:35:15	1008.8	23.7	49.9	13.3	1008.9	18.6	12.9	3380	3600	3380
2022-09-09T11:35:21	1008.7	26.8	49.6	13.5	1008.8	20.8	13.6	3481	3600	3481
2022-09-09T12:35:23	1008.6	32.0	46.9	13.6	1008.8	22.4	13.3	3481	3600	3481
2022-09-09T13:35:27	1008.3	31.4	46.2	13.7	1008.5	22.8	12.6	3455	3600	3455
2022-09-09T14:35:28	1008.1	29.4	46.8	13.1	1008.5	20.4	13.1	3406	3600	3406
2022-09-09T15:35:29	1008.1	27.3	47.6	13.3	1008.4	20.3	12.9	3420	3600	3420
2022-09-09T16:35:31	1007.8	27.4	47.9	13.1	1008.1	20.2	13.0	3438	3600	3438
2022-09-09T17:35:36	1007.9	27.0	47.9	12.9	1008.3	18.2	13.4	3439	3600	3439
2022-09-09T18:35:44	1008.0	26.4	47.8	12.9	1008.3	17.4	13.2	3479	3600	3479
2022-09-09T19:35:50	1008.0	25.5	47.7	12.8	1008.4	15.7	12.3	3499	3600	3499
2022-09-09T20:36:01	1008.7	24.6	47.6	12.8	1009.1	15.6	12.2	3444	3600	3444
2022-09-09T21:36:03	1008.9	24.1	47.8	12.8	1009.2	15.9	12.3	3502	3600	3502
2022-09-09T22:36:04	1008.6	23.6	48.0	12.8	1008.8	15.4	11.7	3486	3600	3486
2022-09-09T23:36:11	1008.7	23.1	48.2	12.8	1009.0	14.8	11.3	3342	3600	3342
2022-09-10T00:36:15	1008.8	22.6	48.2	12.8	1009.0	14.1	11.0	3345	3600	3345
2022-09-10T01:36:17	1008.5	22.1	48.4	12.7	1008.7	13.9	10.9	3380	3600	3380
2022-09-10T02:36:21	1008.5	22.1	48.3	12.7	1008.7	13.5	10.5	3382	3600	3382
2022-09-10T03:36:23	1008.6	21.7	48.0	12.7	1008.9	12.8	10.4	3409	3600	3409
2022-09-10T04:36:33	1008.8	21.2	48.0	12.7	1009.0	12.5	10.2	3429	3600	3429
2022-09-10T05:36:35	1008.7	20.7	47.9	12.7	1008.8	11.8	9.8	3461	3600	3461
2022-09-10T06:36:40	1008.9	20.2	47.9	12.7	1009.0	11.8	10.0	3532	3600	3532
2022-09-10T07:36:43	1009.0	20.3	48.2	12.7	1009.2	13.9	10.8	3426	3600	3426
2022-09-10T08:36:45	1009.2	21.0	48.7	13.0	1009.4	15.8	11.5	3383	3600	3383
2022-09-10T09:36:49	1009.4	22.8	48.9	13.4	1009.6	18.0	12.3	3483	3600	3483
2022-09-10T10:36:59	1009.6	26.7	48.5	13.4	1009.8	19.3	12.2	3411	3600	3411
2022-09-10T11:37:01	1009.4	30.6	46.9	13.6	1009.6	20.7	12.6	3493	3600	3493
2022-09-10T12:37:07	1009.1	34.3	44.6	14.0	1009.5	21.1	12.1	3377	3600	3377
2022-09-10T13:37:09	1008.8	34.1	43.6	13.8	1009.2	20.6	12.0	3512	3600	3512
2022-09-10T14:37:14	1008.7	31.3	44.6	13.6	1009.1	20.9	12.2	3356	3600	3356
2022-09-10T15:37:20	1008.5	29.9	45.3	13.2	1009.0	19.9	12.1	3481	3600	3481
2022-09-10T16:37:28	1008.5	29.0	45.7	13.4	1009.0	19.9	12.3	3412	3600	3412
2022-09-10T17:37:29	1008.6	28.5	45.8	13.1	1009.2	18.9	12.2	3492	3600	3492
2022-09-10T18:37:36	1009.0	27.6	45.8	12.9	1009.5	17.7	12.5	3392	3600	3392
2022-09-10T19:37:41	1009.4	26.8	45.8	12.8	1009.9	16.6	12.4	3465	3600	3465
2022-09-10T20:37:52	1009.6	26.0	45.9	12.8	1010.0	15.8	12.2	3424	3600	3424
2022-09-10T21:37:58	1009.5	25.2	46.0	12.8	1010.0	14.7	11.5	3435	3600	3435
2022-09-10T22:38:09	1009.7	24.4	46.1	12.8	1010.1	13.9	11.2	3414	3600	3414
2022-09-10T23:38:18	1009.9	23.6	46.3	12.8	1010.3	13.3	11.0	3303	3600	3303
2022-09-11T00:38:20	1010.1	22.9	46.6	12.8	1010.5	13.0	10.8	3456	3600	3456
2022-09-11T01:38:22	1010.4	22.3	46.9	12.8	1010.7	12.9	10.8	3348	3600	3348
2022-09-11T02:38:23	1010.6	21.7	47.1	12.7	1010.9	12.2	10.2	3246	3600	3246
2022-09-11T03:38:29	1010.7	21.3	47.1	12.7	1011.0	11.9	10.1	3439	3600	3439
2022-09-11T04:38:33	1011.0	21.0	47.3	12.7	1011.3	12.2	10.5	3382	3600	3382
2022-09-11T05:38:39	1011.6	20.7	50.1	12.7	1011.9	12.8	10.9	3342	3600	3342
2022-09-11T06:39:47	1012.1	20.5	52.9	12.7	1012.3	13.2	11.1	3344	3600	3344
2022-09-11T07:39:57	1012.7	20.6	53.9	12.7	1013.0	13.8	11.6	3449	3600	3449
2022-09-11T08:40:05	1013.0	21.0	54.9	12.8	1013.1	14.9	12.1	3441	3600	3441
2022-09-11T09:40:09	1013.4	21.5	56.0	12.9	1013.6	15.9	12.2	3332	3600	3332
2022-09-11T10:40:19	1013.8	22.0	56.7	13.1	1014.0	16.3	12.2	3321	3600	3321
2022-09-11T11:40:23	1013.9	23.3	56.8	13.4	1014.1	17.6	12.3	3333	3600	3333
2022-09-11T12:40:30	1014.0	25.0	55.6	13.7	1014.2	18.6	12.1	3338	3600	3338
2022-09-11T13:40:33	1013.9	27.0	53.3	14.3	1014.0	20.1	11.9	3358	3600	3358
2022-09-11T14:40:36	1014.0	26.7	51.2	13.3	1014.3	18.4	11.8	3435	3600	3435
2022-09-11T15:40:38	1014.2	24.6	51.4	13.0	1014.5	16.5	12.8	3425	3600	3425
2022-09-11T16:40:41	1014.1	24.3	52.0	13.4	1014.3	17.7	13.1	3299	3600	3299
2022-09-11T17:40:46	1014.1	24.2	53.1	13.1	1014.4	17.4	12.7	3334	3600	3334
2022-09-11T18:40:49	1014.0	23.9	53.1	12.9	1014.2	16.6	12.8	3375	3600	3375
2022-09-11T19:40:53	1014.2	23.5	52.7	12.8	1014.5	15.5	12.2	3314	3600	3314
2022-09-11T20:40:58	1014.6	22.9	52.2	12.8	1014.9	14.3	11.5	3356	3600	3356
2022-09-11T21:40:59	1015.0	22.3	51.8	12.8	1015.2	13.5	11.0	3337	3600	3337
2022-09-11T22:41:04	1015.1	22.1	51.4	12.8	1015.3	13.3	11.1	3296	3600	3296
2022-09-11T23:41:06	1015.1	22.0	51.0	12.7	1015.2	13.9	11.5	3330	3600	3330
2022-09-12T00:41:11	1015.0	21.8	50.8	12.7	1015.2	13.5	11.1	3231	3600	3231
2022-09-12T01:41:14	1014.9	21.2	50.5	12.7	1015.0	11.9	10.0	3240	3600	3240
2022-09-12T02:41:23	1014.7	20.5	50.2	12.7	1014.9	11.2	9.6	3306	3600	3306
2022-09-12T03:41:26	1014.6	19.8	49.9	12.6	1014.8	10.4	9.2	3305	3600	3305
2022-09-12T04:41:29	1014.6	19.1	49.6	12.7	1014.8	9.9	8.9	3331	3600	3331
2022-09-12T05:41:30	1014.8	18.3	49.6	12.6	1014.9	9.6	8.8	3333	3600	3333
2022-09-12T06:41:31	1014.8	17.8	49.9	12.7	1014.8	9.5	8.8	3418	3600	3418
2022-09-12T07:41:34	1015.1	17.8	50.2	12.7	1015.2	11.3	9.9	3309	3600	3309
2022-09-12T08:41:37	1015.1	18.4	50.8	13.1	1015.2	13.4	11.2	3406	3600	3406
2022-09-12T09:41:44	1015.2	20.4	51.2	13.4	1015.4	15.9	11.7	3388	3600	3388
2022-09-12T10:41:45	1015.1	24.7	50.7	13.5	1015.3	16.9	11.1	3361	3600	3361
2022-09-12T11:41:52	1014.8	31.0	47.9	13.8	1015.1	18.2	11.1	3397	3600	3397
2022-09-12T12:41:57	1014.5	32.7	45.7	14.3	1014.9	19.9	11.3	3439	3600	3439
2022-09-12T13:42:02	1014.1	32.3	45.3	14.2	1014.5	20.5	11.0	3439	3600	3439
2022-09-12T14:42:06	1013.9	30.2	46.1	13.8	1014.3	19.9	10.9	3450	3600	3450
2022-09-12T15:42:15	1013.4	29.1	46.5	13.6	1013.9	19.6	10.8	3430	3600	3430
2022-09-12T16:42:23	1013.0	28.3	46.7	13.2	1013.5	19.2	10.9	3385	3600	3385
2022-09-12T17:42:37	1012.7	27.7	46.7	13.0	1013.2	18.8	11.9	3323	3600	3323
2022-09-12T18:42:41	1012.2	27.0	46.7	12.9	1012.8	17.6	12.1	3450	3600	3450
2022-09-12T19:42:47	1012.1	26.1	46.5	12.8	1012.7	15.9	11.5	3386	3600	3386
2022-09-12T20:42:51	1011.9	25.0	46.4	12.8	1012.4	14.5	10.7	3534	3600	3534
2022-09-12T21:42:52	1011.5	24.0	46.4	12.8	1012.0	13.4	10.3	3486	3600	3486
2022-09-12T22:42:55	1011.2	23.2	46.5	12.8	1011.6	13.0	10.2	3513	3600	3513
2022-09-12T23:42:58	1010.7	22.4	46.6	12.8	1011.0	12.6	9.9	3479	3600	3479
2022-09-13T00:43:03	1010.0	21.9	46.8	12.8	1010.4	12.9	10.0	3567	3600	3567
2022-09-13T01:43:11	1009.3	21.7	47.1	12.7	1009.6	13.2	10.0	3420	3600	3420
2022-09-13T02:43:12	1008.5	21.4	47.2	12.7	1008.8	13.1	9.9	3538	3600	3538
2022-09-13T03:43:21	1007.9	21.0	47.3	12.7	1008.1	12.5	9.7	3449	3600	3449
2022-09-13T04:43:23	1007.2	20.6	47.4	12.7	1007.5	12.4	9.8	3549	3600	3549
2022-09-13T05:43:24	1006.7	20.3	47.7	12.7	1006.9	12.5	9.9	3498	3600	3498
2022-09-13T06:43:28	1006.2	20.2	48.2	12.7	1006.5	13.2	10.2	3557	3600	3557
2022-09-13T07:43:30	1006.4	19.9	48.7	12.7	1006.7	13.4	10.7	3631	3600	3631
2022-09-13T08:43:33	1005.9	19.7	49.3	12.7	1006.2	14.0	11.2	3707	3600	3707
2022-09-13T09:43:36	1005.9	20.4	49.6	12.8	1006.2	15.2	11.7	3552	3600	3552
2022-09-13T10:43:37	1005.8	22.0	49.6	13.3	1006.0	17.4	12.7	3687	3600	3687
2022-09-13T11:43:38	1005.6	24.7	49.1	13.3	1005.8	19.3	13.2	3592	3600	3592
2022-09-13T12:43:41	1005.4	24.0	49.5	13.0	1005.7	18.1	13.1	3580	3600	3580
2022-09-13T13:43:42	1005.3	23.1	50.1	12.9	1005.6	17.9	13.4	3594	3600	3594
2022-09-13T14:43:49	1005.1	23.2	51.4	13.0	1005.4	18.4	13.7	3463	3600	3463
2022-09-13T15:43:56	1004.8	24.1	51.9	13.2	1005.0	19.4	14.0	3612	3600	3612
2022-09-13T16:44:01	1004.5	24.7	51.7	13.2	1004.7	19.7	14.0	3656	3600	3656
2022-09-13T17:44:03	1004.3	24.6	51.5	13.0	1004.5	18.9	13.5	3694	3600	3694
2022-09-13T18:44:08	1004.2	24.2	51.5	12.8	1004.6	18.1	13.0	3633	3600	3633
2022-09-13T19:44:11	1004.4	23.8	51.2	12.8	1004.8	16.8	12.6	3663	3600	3663
2022-09-13T20:44:17	1004.6	23.3	50.8	12.7	1005.0	15.2	11.9	3601	3600	3601
2022-09-13T21:44:25	1004.7	22.7	50.5	12.7	1005.1	14.4	11.8	3707	3600	3707
2022-09-13T22:44:30	1004.7	22.2	50.6	12.7	1005.0	14.3	11.1	3691	3600	3691
2022-09-13T23:45:47	1004.9	21.8	50.6	12.6	1005.2	12.8	10.1	3747	3600	3747
2022-09-14T00:45:49	1004.9	21.6	50.0	12.6	1005.2	11.9	9.8	3654	3600	3654
2022-09-14T01:45:53	1004.8	21.0	49.4	12.6	1005.0	11.3	9.4	3789	3600	3789
2022-09-14T02:45:54	1004.4	20.4	49.1	12.6	1004.6	10.9	9.4	3608	3600	3608
2022-09-14T03:46:00	1004.3	19.8	49.0	12.6	1004.5	10.8	9.3	3589	3600	3589
2022-09-14T04:46:02	1004.0	19.2	48.9	12.6	1004.2	10.7	9.3	3567	3600	3567
2022-09-14T05:46:06	1003.9	18.5	49.2	12.6	1004.0	10.5	9.2	3636	3600	3636
2022-09-14T06:46:15	1003.8	18.1	49.6	12.6	1004.0	11.1	9.7	3731	3600	3731
2022-09-14T07:46:18	1003.5	18.4	50.0	12.7	1003.6	12.6	10.7	3751	3600	3751
2022-09-14T08:46:20	1003.5	19.1	50.5	12.9	1003.7	13.9	11.0	3654	3600	3654
2022-09-14T09:46:22	1003.5	21.2	50.5	13.3	1003.7	15.8	11.4	3685	3600	3685
2022-09-14T10:46:27	1003.2	22.9	50.1	13.2	1003.5	16.6	10.7	3721	3600	3721
2022-09-14T11:46:31	1002.8	24.2	49.7	13.4	1003.2	17.5	10.2	3774	3600	3774
2022-09-14T12:46:42	1002.6	27.4	48.0	13.4	1003.0	18.2	10.4	3654	3600	3654
2022-09-14T13:46:46	1002.4	25.5	48.2	13.4	1002.9	18.0	10.1	3761	3600	3761
2022-09-14T14:46:48	1001.8	25.1	48.2	13.2	1002.3	17.9	10.5	3790	3600	3790
2022-09-14T15:46:53	1001.4	24.5	48.2	13.0	1001.9	17.6	10.6	3734	3600	3734
2022-09-14T16:46:56	1001.1	24.0	48.3	12.9	1001.5	17.1	11.3	3758	3600	3758
2022-09-14T17:47:04	1001.0	23.7	48.2	12.9	1001.5	16.5	11.4	3784	3600	3784
2022-09-14T18:47:10	1000.7	23.3	48.1	12.8	1001.2	15.4	11.4	3813	3600	3813
2022-09-14T19:47:16	1000.5	22.8	47.9	12.8	1001.0	14.7	11.1	3866	3600	3866
2022-09-14T20:47:17	1000.6	22.4	47.9	12.7	1001.0	14.1	11.0	3769	3600	3769
2022-09-14T21:47:25	1000.6	21.9	47.8	12.7	1001.0	13.3	10.6	3863	3600	3863
2022-09-14T22:47:36	1000.6	21.4	47.8	12.7	1001.0	12.7	10.4	3747	3600	3747
2022-09-14T23:47:44	1000.6	20.9	47.9	12.7	1000.9	12.7	10.5	3875	3600	3875
2022-09-15T00:47:49	1000.4	20.5	48.0	12.7	1000.8	12.6	10.4	3791	3600	3791
2022-09-15T01:47:52	1000.2	20.1	48.1	12.6	1000.5	12.3	10.3	3846	3600	3846
2022-09-15T02:47:57	1000.3	19.8	48.2	12.6	1000.5	12.2	10.2	3885	3600	3885
2022-09-15T03:48:01	1000.3	19.5	48.5	12.6	1000.6	12.2	10.2	3867	3600	3867
2022-09-15T04:48:04	1000.3	19.1	48.6	12.6	1000.5	10.8	9.2	3802	3600	3802
2022-09-15T05:48:09	1000.2	18.6	48.5	12.6	1000.5	10.8	9.5	3850	3600	3850
2022-09-15T06:48:16	1000.3	18.4	48.7	12.7	1000.5	11.5	9.9	3772	3600	3772
2022-09-15T07:48:22	1000.4	18.6	49.0	12.7	1000.6	12.7	10.4	3817	3600	3817
2022-09-15T08:48:26	1000.7	19.2	49.5	12.8	1001.0	13.8	10.6	3785	3600	3785
2022-09-15T09:48:28	1001.1	20.3	49.9	13.0	1001.4	14.5	10.8	3811	3600	3811
2022-09-15T10:48:34	1001.0	21.7	49.8	13.3	1001.3	15.9	10.7	3805	3600	3805
2022-09-15T11:48:39	1000.8	25.9	48.5	13.4	1001.2	17.4	10.0	3862	3600	3862
2022-09-15T12:48:40	1000.8	26.6	47.3	13.4	1001.3	17.3	9.7	3834	3600	3834
2022-09-15T13:48:41	1000.8	25.4	47.2	13.4	1001.4	17.3	9.4	3862	3600	3862
2022-09-15T14:48:47	1000.8	25.1	46.9	13.4	1001.3	17.7	9.5	3960	3600	3960
2022-09-15T15:48:55	1000.5	24.9	46.6	13.4	1001.1	17.5	9.2	3902	3600	3902
2022-09-15T16:49:00	1000.7	24.4	46.2	13.1	1001.5	16.1	8.8	3843	3600	3843
2022-09-15T17:49:02	1001.0	23.5	45.9	12.9	1001.7	14.8	9.2	3944	3600	3944
2022-09-15T18:49:07	1001.1	22.8	46.0	12.8	1001.8	13.5	9.7	3869	3600	3869
2022-09-15T19:49:19	1001.4	22.1	46.1	12.8	1002.0	12.9	9.7	3817	3600	3817
2022-09-15T20:49:21	1001.5	21.5	46.2	12.8	1002.1	13.1	9.8	3673	3600	3673
2022-09-15T21:49:28	1001.7	21.1	46.4	12.8	1002.3	12.8	9.5	3940	3600	3940
2022-09-15T22:49:30	1001.8	20.7	46.6	12.7	1002.4	12.4	9.3	3801	3600	3801
2022-09-15T23:49:34	1002.2	20.2	46.7	12.7	1002.8	12.1	9.1	3770	3600	3770
2022-09-16T00:49:37	1002.4	19.8	46.9	12.7	1002.8	11.6	8.8	3780	3600	3780
2022-09-16T01:49:40	1002.4	19.3	47.0	12.7	1002.9	11.3	8.9	3830	3600	3830
2022-09-16T02:49:41	1002.5	18.8	47.2	12.7	1002.9	10.9	8.9	3709	3600	3709
2022-09-16T03:49:44	1002.5	18.4	47.3	12.6	1002.9	10.5	8.8	3663	3600	3663
2022-09-16T04:49:47	1002.5	17.9	47.4	12.6	1002.8	10.2	8.8	3711	3600	3711
2022-09-16T05:49:51	1002.3	17.6	47.5	12.6	1002.6	10.0	8.7	3828	3600	3828
2022-09-16T06:49:55	1002.2	17.2	47.7	12.7	1002.5	9.9	8.6	3874	3600	3874
2022-09-16T07:50:00	1002.2	17.3	48.1	12.7	1002.4	11.0	9.1	3692	3600	3692
2022-09-16T08:50:07	1002.1	18.0	48.7	13.1	1002.5	12.7	9.5	3803	3600	3803
2022-09-16T09:50:10	1002.3	19.6	49.2	13.4	1002.7	14.3	9.6	3839	3600	3839
2022-09-16T10:50:12	1002.2	24.2	48.3	13.5	1002.6	16.1	9.1	3808	3600	3808
2022-09-16T11:50:13	1001.9	26.2	46.9	13.4	1002.4	16.1	8.0	3775	3600	3775
2022-09-16T12:50:14	1001.6	28.1	45.2	13.8	1002.2	16.9	7.6	3884	3600	3884
2022-09-16T13:50:18	1001.2	26.8	43.7	13.6	1001.8	16.3	7.5	3845	3600	3845
2022-09-16T14:50:22	1000.7	25.5	42.5	13.6	1001.4	16.9	7.1	3732	3600	3732
2022-09-16T15:50:28	1000.4	25.1	41.5	13.6	1001.1	17.2	6.7	3891	3600	3891
2022-09-16T16:51:44	1000.0	24.8	41.0	13.3	1000.8	16.9	6.7	3964	3600	3964
2022-09-16T17:51:46	1000.0	24.2	40.9	13.0	1001.0	15.6	6.7	3975	3600	3975
2022-09-16T18:51:50	1000.1	23.3	40.8	12.9	1001.0	14.0	7.0	3941	3600	3941
2022-09-16T19:51:52	1000.1	22.4	40.9	12.8	1000.9	13.3	7.1	3945	3600	3945
2022-09-16T20:51:54	1000.2	21.7	41.3	12.8	1000.9	11.8	8.3	4019	3600	4019
2022-09-16T21:51:56	999.3	20.5	41.6	12.8	999.9	10.5	8.8	3834	3600	3834
2022-09-16T22:52:06	999.4	19.7	42.4	12.8	1000.0	10.6	9.1	3623	3600	3623
2022-09-16T23:52:12	999.9	19.3	43.4	12.8	1000.5	10.9	9.2	3725	3600	3725
2022-09-17T00:52:15	1000.1	18.9	45.1	12.8	1000.6	11.1	9.2	3687	3600	3687
2022-09-17T01:52:19	1000.5	18.6	46.7	12.7	1001.0	11.3	9.4	3683	3600	3683
2022-09-17T02:52:23	1000.8	18.4	47.5	12.7	1001.2	11.6	9.5	3612	3600	3612
2022-09-17T03:52:28	1000.9	18.3	48.0	12.7	1001.3	11.8	9.6	3746	3600	3746
2022-09-17T04:52:30	1001.0	18.2	48.4	12.7	1001.4	11.7	9.6	3517	3600	3517
2022-09-17T05:52:31	1001.1	18.0	48.6	12.7	1001.5	11.7	9.7	3547	3600	3547
2022-09-17T06:52:34	1001.4	18.0	49.0	12.7	1001.7	11.8	9.9	3584	3600	3584
2022-09-17T07:52:41	1001.9	17.9	50.1	12.7	1002.2	11.9	9.7	3564	3600	3564
2022-09-17T08:52:48	1002.1	18.1	51.2	12.8	1002.5	12.5	9.6	3700	3600	3700
2022-09-17T09:52:49	1002.3	18.4	52.4	13.1	1002.7	13.1	9.5	3573	3600	3573
2022-09-17T10:52:58	1002.4	20.2	52.5	13.3	1002.8	13.8	9.3	3516	3600	3516
2022-09-17T11:53:01	1002.7	23.2	51.2	13.6	1003.2	14.9	9.6	3649	3600	3649
2022-09-17T12:53:07	1002.9	26.6	48.6	14.0	1003.4	15.5	9.0	3672	3600	3672
2022-09-17T13:53:12	1002.5	25.8	46.9	14.2	1003.0	15.0	8.3	3808	3600	3808
2022-09-17T14:53:22	1002.1	24.4	45.3	14.4	1002.8	15.9	7.9	3658	3600	3658
2022-09-17T15:53:27	1002.4	24.0	44.5	13.9	1003.2	14.3	7.7	3706	3600	3706
2022-09-17T16:53:32	1002.5	23.0	43.9	13.6	1003.2	13.0	7.2	3675	3600	3675
2022-09-17T17:53:38	1002.4	22.1	43.4	13.1	1003.0	12.1	7.4	3710	3600	3710
2022-09-17T18:53:51	1002.4	21.4	43.4	12.9	1003.0	10.8	7.8	3698	3600	3698
2022-09-17T19:53:57	1002.4	20.6	43.2	12.9	1002.9	10.0	8.4	3701	3600	3701
2022-09-17T20:54:03	1002.4	19.6	43.5	12.8	1002.9	10.1	8.8	3582	3600	3582
2022-09-17T21:54:04	1002.5	19.0	44.0	12.8	1002.9	10.2	8.9	3717	3600	3717
2022-09-17T22:54:05	1002.5	18.6	44.6	12.8	1002.9	10.3	9.0	3661	3600	3661
2022-09-17T23:54:07	1002.5	18.3	45.7	12.8	1002.9	10.7	9.2	3704	3600	3704
2022-09-18T00:54:12	1002.5	18.0	47.8	12.8	1002.9	10.6	9.3	3656	3600	3656
2022-09-18T01:54:17	1002.7	17.7	49.8	12.8	1003.0	10.5	9.2	3702	3600	3702
2022-09-18T02:54:18	1003.0	17.4	51.6	12.7	1003.3	10.2	8.9	3751	3600	3751
2022-09-18T03:54:20	1003.4	17.1	53.0	12.7	1003.7	10.2	9.0	3590	3600	3590
2022-09-18T04:54:31	1003.6	16.9	54.2	12.7	1003.9	10.0	8.7	3563	3600	3563
2022-09-18T05:54:34	1004.0	16.5	54.7	12.7	1004.2	9.5	8.3	3627	3600	3627
2022-09-18T06:54:37	1004.5	16.2	54.6	12.7	1004.7	9.0	8.0	3549	3600	3549
2022-09-18T07:54:48	1004.8	16.1	54.5	12.8	1005.0	9.6	8.2	3534	3600	3534
2022-09-18T08:54:52	1005.1	16.6	54.9	13.2	1005.3	10.8	8.4	3531	3600	3531
2022-09-18T09:54:54	1005.0	18.5	55.0	13.4	1005.3	12.3	8.6	3578	3600	3578
2022-09-18T10:54:58	1004.8	20.7	53.6	13.4	1005.1	12.8	8.3	3535	3600	3535
2022-09-18T11:55:11	1004.7	22.4	51.8	13.6	1005.0	13.2	8.0	3669	3600	3669
2022-09-18T12:55:16	1004.4	23.4	48.9	14.3	1004.6	12.3	8.7	3660	3600	3660
2022-09-18T13:55:17	1004.0	23.2	47.3	13.9	1004.4	12.7	7.8	3659	3600	3659
2022-09-18T14:55:21	1004.0	21.2	46.4	13.3	1004.3	10.4	8.0	3515	3600	3515
2022-09-18T15:55:24	1003.7	19.6	46.7	13.3	1004.1	11.1	8.2	3571	3600	3571
2022-09-18T16:55:27	1003.6	19.6	47.0	13.5	1004.0	11.7	8.0	3648	3600	3648
2022-09-18T17:55:29	1003.4	19.7	46.8	13.0	1003.8	11.1	7.9	3640	3600	3640
2022-09-18T18:55:32	1003.5	19.0	46.4	12.8	1003.9	10.2	8.0	3688	3600	3688
2022-09-18T19:55:34	1003.8	18.1	46.5	12.8	1004.1	9.9	7.9	3624	3600	3624
2022-09-18T20:55:45	1003.9	17.7	46.7	12.8	1004.2	9.4	7.9	3565	3600	3565
2022-09-18T21:55:53	1003.9	17.1	46.8	12.8	1004.2	9.0	7.9	3540	3600	3540
2022-09-18T22:55:59	1004.0	16.7	47.0	12.8	1004.2	8.9	8.2	3558	3600	3558
2022-09-18T23:56:04	1004.1	16.4	47.3	12.7	1004.4	8.7	8.2	3511	3600	3511
2022-09-19T00:56:05	1004.4	16.0	47.8	12.7	1004.6	7.9	7.8	3548	3600	3548
2022-09-19T01:56:16	1004.6	15.6	48.4	12.7	1004.8	8.1	8.0	3540	3600	3540
2022-09-19T02:56:22	1005.0	15.3	48.9	12.7	1005.2	8.4	8.2	3574	3600	3574
2022-09-19T03:56:26	1005.5	15.3	49.8	12.6	1005.6	9.0	8.4	3543	3600	3543
2022-09-19T04:56:27	1005.9	15.2	50.8	12.6	1006.1	9.3	8.6	3495	3600	3495
2022-09-19T05:56:33	1006.5	15.2	52.4	12.6	1006.7	9.4	8.7	3379	3600	3379
2022-09-19T06:56:46	1007.1	15.2	53.8	12.6	1007.3	9.9	8.8	3390	3600	3390
2022-09-19T07:56:52	1007.7	15.4	54.9	12.7	1008.0	10.7	9.2	3490	3600	3490
2022-09-19T08:56:55	1008.6	15.8	55.9	12.7	1008.9	11.2	9.4	3358	3600	3358
2022-09-19T09:57:44	1009.3	16.5	57.2	12.8	1009.5	12.2	9.8	3454	3600	3454
2022-09-19T10:57:46	1009.7	18.1	57.8	13.4	1009.9	13.7	9.9	3322	3600	3322
2022-09-19T11:57:47	1009.8	20.4	57.2	13.5	1010.1	14.4	9.9	3457	3600	3457
2022-09-19T12:57:54	1009.8	23.8	54.4	14.1	1010.1	15.7	9.8	3501	3600	3501
2022-09-19T13:57:59	1009.8	24.6	52.0	13.8	1010.2	14.6	8.7	3350	3600	3350
2022-09-19T14:58:01	1010.4	20.9	50.8	13.0	1010.8	10.4	8.8	3322	3600	3322
2022-09-19T15:58:03	1011.0	19.4	50.6	12.9	1011.4	10.3	9.1	3243	3600	3243
2022-09-19T16:58:08	1011.1	18.9	50.6	12.9	1011.3	10.8	9.5	3204	3600	3204
2022-09-19T17:58:15	1011.4	18.6	50.8	12.8	1011.6	10.8	9.5	3270	3600	3270
2022-09-19T18:58:20	1011.8	18.2	50.9	12.8	1012.0	10.5	9.2	3163	3600	3163
2022-09-19T19:58:25	1012.2	17.8	50.8	12.8	1012.3	9.6	8.7	3130	3600	3130
2022-09-19T20:58:27	1012.6	17.2	50.8	12.7	1012.7	8.8	8.4	3187	3600	3187
2022-09-19T21:58:35	1012.8	16.6	50.6	12.7	1012.8	8.4	8.2	3161	3600	3161
2022-09-19T22:58:37	1013.0	16.3	50.9	12.7	1013.1	8.6	8.3	3168	3600	3168
2022-09-19T23:58:41	1013.2	15.9	51.1	12.6	1013.3	8.1	8.0	3300	3600	3300
2022-09-20T00:58:50	1013.6	15.5	51.3	12.6	1013.7	8.4	8.2	3092	3600	3092
2022-09-20T01:58:52	1013.8	15.4	51.7	12.6	1013.9	8.4	8.1	3188	3600	3188
2022-09-20T02:58:53	1013.9	15.2	52.1	12.6	1014.0	8.7	8.3	3104	3600	3104
2022-09-20T03:58:55	1014.1	15.1	52.5	12.6	1014.2	9.2	8.5	3184	3600	3184
2022-09-20T04:59:00	1014.4	15.1	53.0	12.6	1014.5	9.4	8.6	3010	3600	3010
2022-09-20T05:59:03	1014.6	15.1	53.5	12.6	1014.7	9.1	8.4	3170	3600	3170
2022-09-20T06:59:14	1015.1	15.0	53.6	12.6	1015.2	8.6	8.2	3063	3600	3063
2022-09-20T07:59:20	1015.7	14.9	53.6	12.6	1015.8	8.7	8.3	3001	3600	3001
2022-09-20T08:59:30	1016.1	15.4	53.9	12.9	1016.2	9.9	8.9	3074	3600	3074
2022-09-20T09:59:42	1016.7	16.4	54.4	13.1	1016.9	10.3	9.0	3088	3600	3088
2022-09-20T10:59:57	1017.0	17.8	54.6	13.3	1017.2	11.4	9.3	3046	3600	3046
2022-09-20T11:59:58	1017.2	20.4	53.8	13.4	1017.4	12.5	9.6	3175	3600	3175
2022-09-20T13:00:01	1017.2	21.8	52.5	13.6	1017.5	13.6	9.7	3118	3600	3118
2022-09-20T14:00:09	1017.3	23.0	51.6	13.6	1017.6	13.5	9.0	3039	3600	3039
2022-09-20T15:00:11	1018.0	20.4	50.2	13.0	1018.2	9.8	8.5	3077	3600	3077
2022-09-20T16:00:16	1017.9	19.0	50.4	13.0	1018.1	10.3	9.0	2987	3600	2987
2022-09-20T17:00:32	1018.2	18.9	50.4	13.0	1018.4	11.0	9.4	3054	3600	3054
2022-09-20T18:00:38	1018.4	18.7	50.5	12.8	1018.7	10.3	9.0	3051	3600	3051
2022-09-20T19:00:45	1019.0	18.0	50.1	12.8	1019.2	8.9	8.3	2992	3600	2992
2022-09-20T20:00:47	1019.7	17.3	49.8	12.8	1019.8	8.2	8.0	3058	3600	3058
2022-09-20T21:00:51	1020.1	16.8	49.6	12.7	1020.2	7.8	7.9	3016	3600	3016
2022-09-20T22:00:57	1020.5	16.2	49.4	12.7	1020.5	7.4	7.7	2975	3600	2975
2022-09-20T23:01:01	1020.9	15.7	49.3	12.7	1021.0	6.8	7.3	2925	3600	2925
2022-09-21T00:01:03	1021.2	14.8	49.4	12.7	1021.1	6.4	7.1	2993	3600	2993
2022-09-21T01:01:05	1021.4	14.3	49.6	12.6	1021.3	6.1	7.0	2969	3600	2969
2022-09-21T02:01:12	1021.6	13.8	49.7	12.6	1021.5	5.8	6.9	2950	3600	2950
2022-09-21T03:01:29	1021.8	13.4	49.8	12.6	1021.7	5.8	6.9	2920	3600	2920
2022-09-21T04:01:37	1022.0	13.1	49.9	12.6	1021.8	5.5	6.8	2902	3600	2902
2022-09-21T05:01:39	1022.3	12.7	49.9	12.5	1022.1	4.8	6.5	2931	3600	2931
2022-09-21T06:01:45	1022.4	12.2	49.8	12.6	1022.3	4.6	6.4	2952	3600	2952
2022-09-21T07:01:47	1022.8	12.0	49.9	12.6	1022.7	5.3	6.7	2968	3600	2968
2022-09-21T08:01:54	1023.1	12.4	50.3	12.7	1023.1	7.5	7.7	2871	3600	2871
2022-09-21T09:02:03	1023.5	13.4	51.1	13.0	1023.5	9.1	8.6	2796	3600	2796
2022-09-21T10:02:06	1023.5	16.9	52.0	13.5	1023.6	11.5	9.7	2833	3600	2833
2022-09-21T11:02:14	1023.5	22.6	50.4	13.5	1023.7	13.5	10.2	2887	3600	2887
2022-09-21T12:02:24	1023.4	24.2	49.5	13.4	1023.6	14.6	9.9	2886	3600	2886
2022-09-21T13:02:28	1023.0	27.2	47.9	13.8	1023.4	15.8	9.4	2958	3600	2958
2022-09-21T14:02:32	1022.7	27.0	46.7	13.9	1023.2	15.9	8.5	2994	3600	2994
2022-09-21T15:02:38	1022.5	24.7	45.8	13.7	1023.0	16.2	8.1	2986	3600	2986
2022-09-21T16:02:47	1022.2	23.8	45.0	13.6	1022.8	16.2	7.9	2986	3600	2986
2022-09-21T17:02:53	1022.0	23.1	44.5	13.3	1022.6	15.4	7.7	2932	3600	2932
2022-09-21T18:02:55	1022.1	22.4	44.2	13.0	1022.8	13.6	7.9	2984	3600	2984
2022-09-21T19:03:00	1022.2	21.7	43.9	12.9	1022.8	10.6	8.1	3116	3600	3116
2022-09-21T20:03:11	1022.4	20.6	43.6	12.8	1023.0	8.9	7.8	3066	3600	3066
2022-09-21T21:03:16	1022.6	19.4	43.5	12.8	1023.0	8.1	7.5	2961	3600	2961
2022-09-21T22:03:21	1022.7	18.2	43.9	12.8	1023.0	7.6	7.4	2898	3600	2898
2022-09-21T23:03:32	1022.8	17.5	44.4	12.8	1023.1	7.4	7.4	2908	3600	2908
2022-09-22T00:03:35	1022.8	16.8	44.8	12.8	1023.0	7.2	7.4	2940	3600	2940
2022-09-22T01:03:38	1022.7	16.4	45.3	12.8	1022.9	7.4	7.6	2931	3600	2931
2022-09-22T02:03:44	1022.5	15.8	45.5	12.8	1022.6	6.3	7.0	2908	3600	2908
2022-09-22T03:03:45	1022.4	15.0	45.6	12.7	1022.4	5.3	6.6	2909	3600	2909
2022-09-22T04:03:55	1022.4	14.3	45.7	12.7	1022.4	4.8	6.4	2977	3600	2977
2022-09-22T05:03:56	1022.2	13.6	45.8	12.7	1022.1	4.2	6.2	2967	3600	2967
2022-09-22T06:04:00	1022.2	13.0	45.9	12.7	1022.1	4.0	6.1	2937	3600	2937
2022-09-22T07:04:05	1022.3	12.5	46.1	12.7	1022.2	4.3	6.3	2940	3600	2940
2022-09-22T08:04:06	1022.5	12.6	46.8	12.8	1022.5	6.8	7.4	2882	3600	2882
2022-09-22T09:04:08	1022.5	13.8	47.6	13.3	1022.6	9.6	8.4	2913	3600	2913
2022-09-22T10:04:10	1022.5	17.9	48.3	13.5	1022.8	12.6	8.9	2971	3600	2971
2022-09-22T11:04:14	1022.4	24.7	46.5	13.7	1022.8	14.5	8.6	2989	3600	2989
2022-09-22T12:04:22	1022.1	27.7	44.1	14.2	1022.6	14.3	8.3	3028	3600	3028
2022-09-22T13:04:32	1021.8	28.8	42.6	14.3	1022.4	14.7	7.7	2983	3600	2983
2022-09-22T14:04:36	1021.2	28.3	42.4	14.0	1021.9	16.1	7.7	3029	3600	3029
2022-09-22T15:04:43	1020.9	27.3	42.5	13.8	1021.5	16.1	7.1	3072	3600	3072
2022-09-22T16:04:51	1020.6	25.4	42.8	13.5	1021.3	15.2	7.3	3149	3600	3149
2022-09-22T17:04:57	1020.3	24.0	43.0	13.0	1021.0	14.1	8.8	3033	3600	3033
2022-09-22T18:05:06	1020.0	22.8	43.1	12.9	1020.7	12.1	8.3	3067	3600	3067
2022-09-22T19:05:07	1019.9	21.6	43.0	12.9	1020.5	9.4	7.7	3159	3600	3159
2022-09-22T20:05:17	1020.0	20.4	43.0	12.8	1020.5	8.2	7.5	3039	3600	3039
2022-09-22T21:05:18	1020.0	19.3	42.9	12.8	1020.4	7.3	7.2	3081	3600	3081
2022-09-22T22:05:19	1019.8	18.1	43.2	12.8	1020.1	6.7	7.0	3081	3600	3081
2022-09-22T23:05:20	1019.8	17.1	43.5	12.8	1020.0	6.7	6.9	3122	3600	3122
2022-09-23T00:05:22	1019.7	16.3	43.8	12.7	1019.9	6.4	6.8	3072	3600	3072
2022-09-23T01:05:29	1019.3	15.7	44.1	12.8	1019.4	6.2	6.8	3108	3600	3108
2022-09-23T02:05:32	1019.0	15.1	44.3	12.7	1019.1	5.8	6.6	3141	3600	3141
2022-09-23T03:05:43	1018.6	14.3	44.6	12.7	1018.6	5.3	6.4	3136	3600	3136
2022-09-23T04:05:44	1018.1	13.6	44.8	12.7	1018.1	5.0	6.2	3071	3600	3071
2022-09-23T05:05:48	1017.7	13.1	45.0	12.7	1017.6	4.7	6.1	3101	3600	3101
2022-09-23T06:05:55	1017.3	12.6	45.2	12.7	1017.3	4.5	6.1	3109	3600	3109
2022-09-23T07:06:06	1017.3	12.3	45.4	12.7	1017.3	5.2	6.5	3206	3600	3206
2022-09-23T08:06:11	1017.3	12.8	46.0	12.9	1017.4	7.8	7.7	3088	3600	3088
2022-09-23T09:06:21	1017.3	14.3	46.9	13.3	1017.5	10.9	8.4	3157	3600	3157
2022-09-23T10:06:26	1017.0	18.0	47.6	13.6	1017.3	14.2	9.0	3135	3600	3135
2022-09-23T11:06:31	1016.5	23.8	46.1	14.0	1016.9	16.2	8.8	3201	3600	3201
2022-09-23T12:06:41	1016.1	26.8	44.5	14.3	1016.6	16.8	7.7	3157	3600	3157
2022-09-23T13:06:43	1015.4	26.8	43.9	14.4	1016.0	17.4	7.5	3205	3600	3205
2022-09-23T14:06:48	1014.8	25.9	43.9	14.2	1015.4	17.1	7.7	3168	3600	3168
2022-09-23T15:06:52	1014.1	25.6	44.1	14.3	1014.7	17.7	7.6	3163	3600	3163
2022-09-23T16:06:56	1013.5	24.6	44.1	13.5	1014.2	16.8	8.0	3234	3600	3234
2022-09-23T17:07:01	1013.2	23.8	44.2	13.2	1014.0	15.9	8.7	3208	3600	3208
2022-09-23T18:07:08	1012.9	23.2	44.3	12.9	1013.7	14.4	8.7	3264	3600	3264
2022-09-23T19:07:11	1012.8	22.2	44.1	12.9	1013.5	12.2	8.4	3278	3600	3278
2022-09-23T20:07:17	1012.8	21.5	43.8	12.8	1013.4	10.9	8.2	3291	3600	3291
2022-09-23T21:07:23	1012.6	20.7	43.6	12.8	1013.2	10.3	7.9	3317	3600	3317
2022-09-23T22:07:26	1012.4	20.0	43.6	12.7	1012.9	10.2	7.9	3263	3600	3263
2022-09-23T23:07:27	1012.1	19.4	43.9	12.8	1012.5	10.2	8.0	3335	3600	3335
2022-09-24T00:07:29	1011.8	19.0	44.1	12.8	1012.3	10.1	8.0	3322	3600	3322
2022-09-24T01:07:38	1011.5	18.5	44.4	12.7	1012.0	10.0	7.9	3304	3600	3304
2022-09-24T02:07:42	1011.2	17.9	44.6	12.7	1011.5	9.8	7.9	3350	3600	3350
2022-09-24T03:07:44	1010.7	17.4	45.1	12.7	1011.1	9.9	8.1	3200	3600	3200
2022-09-24T04:07:56	1010.5	17.2	45.5	12.7	1010.8	10.1	8.2	3282	3600	3282
2022-09-24T05:08:04	1010.2	17.0	45.8	12.7	1010.5	9.9	8.2	3340	3600	3340
2022-09-24T06:08:10	1010.2	16.7	46.0	12.7	1010.5	9.4	7.9	3383	3600	3383
2022-09-24T07:08:13	1010.2	16.4	46.1	12.7	1010.5	9.1	8.0	3371	3600	3371
2022-09-24T08:08:29	1010.3	16.6	46.4	12.7	1010.6	10.6	8.5	3317	3600	3317
2022-09-24T09:08:33	1010.6	17.1	46.8	12.8	1011.0	11.6	8.6	3359	3600	3359
2022-09-24T10:08:37	1010.7	18.3	47.2	13.1	1011.1	13.2	9.0	3321	3600	3321
2022-09-24T11:08:47	1010.7	19.7	46.9	13.1	1011.1	13.6	9.1	3336	3600	3336
2022-09-24T12:08:56	1010.7	19.7	46.8	13.1	1011.1	13.9	9.1	3416	3600	3416
2022-09-24T13:08:57	1010.6	20.4	46.8	13.3	1011.0	15.1	9.5	3376	3600	3376
2022-09-24T14:09:02	1010.4	21.5	46.6	13.3	1010.9	15.6	9.5	3354	3600	3354
2022-09-24T15:09:03	1010.3	21.8	46.8	13.2	1010.8	15.7	9.5	3371	3600	3371
2022-09-24T16:09:05	1010.2	21.7	47.0	13.0	1010.7	15.5	9.5	3420	3600	3420
2022-09-24T17:09:09	1010.2	21.4	47.4	12.9	1010.7	14.8	9.5	3393	3600	3393
2022-09-24T18:09:12	1010.2	21.0	47.5	12.8	1010.8	14.1	9.4	3421	3600	3421
2022-09-24T19:09:16	1010.5	20.7	47.4	12.7	1011.0	13.7	9.3	3293	3600	3293
2022-09-24T20:09:47	1010.8	20.4	47.4	12.6	1011.3	13.1	9.1	3319	3600	3319
2022-09-24T21:09:51	1010.8	20.2	47.5	12.6	1011.2	13.0	9.2	3337	3600	3337
2022-09-24T22:09:57	1010.6	20.0	47.6	12.6	1011.0	12.6	9.2	3438	3600	3438
2022-09-24T23:10:03	1010.6	19.8	47.8	12.6	1011.0	12.6	9.2	3273	3600	3273
2022-09-25T00:10:10	1010.5	19.6	47.8	12.6	1010.8	12.1	9.3	3427	3600	3427
2022-09-25T01:10:12	1010.2	19.3	47.8	12.6	1010.6	11.9	9.4	3338	3600	3338
2022-09-25T02:10:13	1010.0	19.1	47.7	12.6	1010.3	11.6	9.3	3387	3600	3387
2022-09-25T03:10:15	1009.8	18.9	47.7	12.6	1010.1	11.2	9.2	3329	3600	3329
2022-09-25T04:10:19	1009.7	18.6	47.6	12.6	1009.9	10.2	8.8	3391	3600	3391
2022-09-25T05:10:23	1009.5	18.1	47.5	12.6	1009.7	9.8	8.8	3424	3600	3424
2022-09-25T06:10:24	1009.5	17.8	47.4	12.6	1009.7	10.1	9.0	3271	3600	3271
2022-09-25T07:10:31	1009.6	17.4	47.7	12.6	1009.8	10.5	9.3	3470	3600	3470
2022-09-25T08:10:39	1009.5	17.4	48.1	12.6	1009.7	11.2	9.7	3314	3600	3314
2022-09-25T09:10:45	1009.6	17.9	48.5	12.7	1009.8	12.2	9.6	3375	3600	3375
2022-09-25T10:10:51	1009.4	19.2	48.4	13.0	1009.6	13.3	9.7	3423	3600	3423
2022-09-25T11:10:57	1009.2	21.1	48.0	13.3	1009.5	14.7	10.1	3379	3600	3379
2022-09-25T12:11:01	1008.8	24.6	47.0	13.4	1009.2	16.1	10.1	3378	3600	3378
2022-09-25T13:11:03	1008.5	29.2	45.0	13.6	1008.9	17.6	10.4	3473	3600	3473
2022-09-25T14:11:10	1008.0	29.8	44.4	13.5	1008.5	17.7	10.4	3472	3600	3472
2022-09-25T15:11:17	1007.7	26.7	45.3	13.2	1008.3	16.9	10.2	3477	3600	3477
2022-09-25T16:11:24	1007.4	25.5	46.0	13.2	1007.9	16.9	10.4	3448	3600	3448
2022-09-25T17:11:26	1007.1	24.8	46.3	12.9	1007.7	16.2	10.3	3330	3600	3330
2022-09-25T18:11:29	1006.9	24.1	46.4	12.9	1007.5	14.3	10.0	3286	3600	3286
2022-09-25T19:11:32	1007.0	23.2	46.3	12.8	1007.5	13.2	9.7	3382	3600	3382
2022-09-25T20:11:50	1007.0	22.4	46.4	12.8	1007.5	12.8	9.7	3477	3600	3477
2022-09-25T21:11:54	1006.9	21.9	46.5	12.8	1007.3	12.4	9.7	3465	3600	3465
2022-09-25T22:12:00	1006.7	21.2	46.7	12.8	1007.1	12.1	9.7	3451	3600	3451
2022-09-25T23:12:04	1006.4	20.8	47.1	12.8	1006.8	12.1	9.7	3381	3600	3381
2022-09-26T00:12:08	1006.1	20.4	47.9	12.7	1006.5	11.7	9.3	3547	3600	3547
2022-09-26T01:12:12	1005.9	19.9	48.1	12.7	1006.1	11.4	9.3	3459	3600	3459
2022-09-26T02:12:13	1005.4	19.4	48.2	12.7	1005.7	10.6	9.0	3414	3600	3414
2022-09-26T03:12:26	1004.8	18.9	48.2	12.7	1005.1	10.6	9.0	3547	3600	3547
2022-09-26T04:12:30	1004.3	18.5	48.3	12.7	1004.5	10.6	9.0	3582	3600	3582
2022-09-26T05:12:32	1004.0	18.1	48.4	12.7	1004.1	10.1	8.6	3552	3600	3552
2022-09-26T06:12:34	1003.5	17.5	48.3	12.6	1003.7	8.8	8.0	3498	3600	3498
2022-09-26T07:12:42	1003.2	17.0	48.2	12.7	1003.3	9.0	8.3	3515	3600	3515
2022-09-26T08:12:48	1002.9	17.1	48.7	12.8	1003.1	11.0	9.3	3561	3600	3561
